# https://github.com/mikedh/trimesh
v -0.00876500 -0.00134800 0.00850000
v -0.00800000 -0.00150000 0.00850000
v -0.00984800 -0.00026500 0.00850000
v -0.00941400 -0.00091400 0.00850000
v -0.01000000 0.00050000 0.00850000
v -0.00883300 -0.00012500 0.00850000
v -0.00900000 0.00050000 0.00850000
v -0.00883300 0.00112500 0.00850000
v -0.00837500 -0.00058300 0.00850000
v -0.00775000 -0.00075000 0.00850000
v -0.00837500 0.00158300 0.00850000
v -0.00775000 0.00175000 0.00850000
v -0.00712500 -0.00058300 0.00850000
v -0.00666700 -0.00012500 0.00850000
v -0.00650000 0.00050000 0.00850000
v -0.00712500 0.00158300 0.00850000
v -0.00666700 0.00112500 0.00850000
v -0.00534800 0.00033500 0.00850000
v -0.00550000 0.00110000 0.00850000
v -0.00966300 0.00381100 0.00050000
v -0.00953700 0.00402100 0.00050000
v -0.00927300 0.00322700 0.00050000
v -0.00905800 0.00319200 0.00050000
v -0.00935200 0.00357500 0.00050000
v -0.00918100 0.00390600 0.00065000
v -0.00908900 0.00394400 0.00055000
v -0.00902700 0.00362100 0.00065000
v -0.00894400 0.00367800 0.00055000
v -0.00881600 0.00337500 0.00065000
v -0.00941400 0.00308600 0.00070000
v -0.00941400 0.00308600 0.00230000
v -0.00941400 0.00308600 0.00250000
v -0.00984800 0.00373500 0.00070000
v -0.00984800 0.00373500 0.00230000
v -0.00984800 0.00373500 0.00250000
v -0.00966300 0.00381100 0.00250000
v -0.00927300 0.00322700 0.00250000
v -0.00876500 0.00265200 0.00070000
v -0.00876500 0.00265200 0.00230000
v -0.00876500 0.00265200 0.00250000
v -0.00925358 0.00414795 0.00080000
v -0.00918100 0.00390600 0.00078713
v -0.00912154 0.00379596 0.00080000
v -0.00921711 0.00402635 0.00080000
v -0.00920374 0.00403059 0.00081408
v -0.00905083 0.00366510 0.00079618
v -0.00902700 0.00362100 0.00078817
v -0.00906212 0.00368600 0.00080000
v -0.00883189 0.00339352 0.00080000
v -0.00888613 0.00345676 0.00080000
v -0.00881600 0.00337500 0.00079496
v -0.00879157 0.00335627 0.00079500
v -0.00882584 0.00383487 0.00108042
v -0.00883199 0.00414841 0.00120583
v -0.00980000 0.00450000 0.00050000
v -0.00960000 0.00450000 0.00050000
v -0.00953700 0.00497900 0.00050000
v -0.00927400 0.00421600 0.00065000
v -0.00930000 0.00453900 0.00065000
v -0.00917500 0.00423500 0.00055000
v -0.00920000 0.00453700 0.00055000
v -0.00925700 0.00486100 0.00065000
v -0.00916000 0.00483700 0.00055000
v -0.00935200 0.00542500 0.00050000
v -0.00915000 0.00516600 0.00065000
v -0.00905900 0.00512300 0.00055000
v -0.00898100 0.00544300 0.00065000
v -0.00890100 0.00538200 0.00055000
v -0.00905800 0.00580800 0.00050000
v -0.00875800 0.00567800 0.00065000
v -0.01000000 0.00450000 0.00070000
v -0.01000000 0.00450000 0.00230000
v -0.01000000 0.00450000 0.00250000
v -0.00980000 0.00450000 0.00250000
v -0.00927400 0.00421600 0.00078854
v -0.00929805 0.00451481 0.00080000
v -0.00930000 0.00453900 0.00079487
v -0.00929095 0.00442660 0.00079928
v -0.00929205 0.00444026 0.00080000
v -0.00926114 0.00483003 0.00079546
v -0.00925700 0.00486100 0.00079547
v -0.00924970 0.00488180 0.00080000
v -0.00921956 0.00496773 0.00080000
v -0.00916005 0.00485890 0.00089262
v -0.00885226 0.00485223 0.00118670
v -0.00915000 0.00516600 0.00078819
v -0.00912356 0.00520934 0.00079607
v -0.00911038 0.00523094 0.00080000
v -0.00905016 0.00532964 0.00080000
v -0.00898100 0.00544300 0.00078572
v -0.00888752 0.00554151 0.00080000
v -0.00889126 0.00553757 0.00079943
v -0.00880979 0.00562342 0.00080000
v -0.00875800 0.00567800 0.00078815
v -0.00868900 0.00283700 0.00050000
v -0.00867500 0.00289800 0.00050000
v -0.00855900 0.00317800 0.00065000
v -0.00850700 0.00326300 0.00055000
v -0.00824000 0.00271600 0.00050000
v -0.00826600 0.00303800 0.00065000
v -0.00823300 0.00313300 0.00055000
v -0.00874700 0.00344700 0.00055000
v -0.00845200 0.00388900 0.00055000
v -0.00845200 0.00395800 0.00055000
v -0.00835100 0.00371500 0.00055000
v -0.00829200 0.00368100 0.00055000
v -0.00822500 0.00366300 0.00055000
v -0.00815700 0.00366300 0.00055000
v -0.00840000 0.00376400 0.00055000
v -0.00843400 0.00382300 0.00055000
v -0.00832000 0.00382500 0.00065000
v -0.00829000 0.00379500 0.00065000
v -0.00834200 0.00386100 0.00065000
v -0.00835300 0.00390200 0.00065000
v -0.00835300 0.00394500 0.00065000
v -0.00825300 0.00377300 0.00065000
v -0.00821200 0.00376200 0.00065000
v -0.00817000 0.00376200 0.00065000
v -0.00812900 0.00377400 0.00065000
v -0.00800000 0.00268400 0.00051600
v -0.00795100 0.00296300 0.00065000
v -0.00793800 0.00306200 0.00055000
v -0.00775000 0.00267500 0.00052500
v -0.00762700 0.00295500 0.00065000
v -0.00763500 0.00305500 0.00055000
v -0.00809100 0.00368100 0.00055000
v -0.00791500 0.00386200 0.00065000
v -0.00787700 0.00377000 0.00055000
v -0.00784500 0.00377400 0.00055000
v -0.00781500 0.00376200 0.00055000
v -0.00783200 0.00387300 0.00065000
v -0.00763100 0.00362100 0.00055000
v -0.00757200 0.00358700 0.00055000
v -0.00750600 0.00356900 0.00055000
v -0.00757100 0.00370100 0.00065000
v -0.00753400 0.00367900 0.00065000
v -0.00775400 0.00384100 0.00065000
v -0.00868900 0.00283700 0.00250000
v -0.00855900 0.00317800 0.00079521
v -0.00853832 0.00316812 0.00080000
v -0.00846005 0.00313072 0.00080000
v -0.00826600 0.00303800 0.00078928
v -0.00822755 0.00302884 0.00079572
v -0.00820152 0.00302265 0.00080000
v -0.00812531 0.00326644 0.00105610
v -0.00863335 0.00403953 0.00134877
v -0.00861709 0.00404747 0.00136698
v -0.00845390 0.00384369 0.00138322
v -0.00855792 0.00411973 0.00145392
v -0.00854295 0.00408364 0.00145000
v -0.00852900 0.00405000 0.00145000
v -0.00848549 0.00399340 0.00145718
v -0.00851531 0.00403219 0.00145000
v -0.00849362 0.00400398 0.00145579
v -0.00852900 0.00405000 0.00250000
v -0.00820414 0.00361711 0.00135179
v -0.00821938 0.00370905 0.00142854
v -0.00818845 0.00364898 0.00138748
v -0.00820000 0.00372100 0.00145000
v -0.00816985 0.00370850 0.00145000
v -0.00820000 0.00372100 0.00250000
v -0.00842929 0.00386600 0.00141662
v -0.00840465 0.00388825 0.00145000
v -0.00838600 0.00386400 0.00145000
v -0.00837965 0.00385912 0.00145000
v -0.00836644 0.00384896 0.00145344
v -0.00829000 0.00379500 0.00125000
v -0.00833484 0.00382467 0.00145613
v -0.00830270 0.00379995 0.00145607
v -0.00834200 0.00386100 0.00125000
v -0.00830000 0.00391900 0.00155000
v -0.00840900 0.00404600 0.00155000
v -0.00841700 0.00405900 0.00155000
v -0.00835300 0.00394500 0.00125000
v -0.00821200 0.00376200 0.00125000
v -0.00821796 0.00373481 0.00145251
v -0.00820846 0.00372750 0.00145000
v -0.00826600 0.00388900 0.00155000
v -0.00812900 0.00377400 0.00125000
v -0.00816700 0.00381800 0.00155000
v -0.00829152 0.00391152 0.00250000
v -0.00837334 0.00400685 0.00250000
v -0.00841099 0.00404924 0.00250000
v -0.00841700 0.00405900 0.00250000
v -0.00826600 0.00388900 0.00250000
v -0.00814357 0.00380554 0.00250000
v -0.00819168 0.00383570 0.00250000
v -0.00800000 0.00250000 0.00070000
v -0.00800000 0.00250000 0.00230000
v -0.00800000 0.00250000 0.00250000
v -0.00800000 0.00270000 0.00250000
v -0.00798071 0.00297007 0.00080000
v -0.00795100 0.00296300 0.00079693
v -0.00791989 0.00296223 0.00080000
v -0.00792404 0.00296233 0.00079980
v -0.00791752 0.00298623 0.00082416
v -0.00788697 0.00314248 0.00098190
v -0.00769332 0.00295664 0.00080000
v -0.00762700 0.00295500 0.00079060
v -0.00809675 0.00367818 0.00145772
v -0.00804720 0.00365763 0.00145639
v -0.00800961 0.00364204 0.00145000
v -0.00798300 0.00363100 0.00145000
v -0.00794479 0.00355957 0.00138472
v -0.00794000 0.00362528 0.00145000
v -0.00790703 0.00362089 0.00145347
v -0.00786594 0.00361543 0.00145769
v -0.00785400 0.00370700 0.00155000
v -0.00785400 0.00370700 0.00250000
v -0.00807300 0.00376800 0.00155000
v -0.00801600 0.00374600 0.00155000
v -0.00791500 0.00386200 0.00125000
v -0.00783200 0.00387300 0.00125000
v -0.00807300 0.00376800 0.00250000
v -0.00803021 0.00375148 0.00250000
v -0.00797561 0.00373628 0.00250000
v -0.00779582 0.00360610 0.00145000
v -0.00775000 0.00360000 0.00145000
v -0.00771182 0.00351952 0.00136505
v -0.00771818 0.00360423 0.00145000
v -0.00767949 0.00360938 0.00145613
v -0.00768700 0.00370300 0.00155000
v -0.00762612 0.00361648 0.00145710
v -0.00762600 0.00371000 0.00155000
v -0.00758573 0.00362186 0.00145502
v -0.00757100 0.00370100 0.00125000
v -0.00752754 0.00362960 0.00145000
v -0.00751700 0.00363100 0.00145000
v -0.00751220 0.00363299 0.00145000
v -0.00775000 0.00360000 0.00250000
v -0.00772864 0.00370400 0.00250000
v -0.00767179 0.00370475 0.00250000
v -0.00762600 0.00371000 0.00250000
v -0.00775400 0.00384100 0.00125000
v -0.00752200 0.00373300 0.00155000
v -0.00754792 0.00372727 0.00250000
v -0.00867800 0.00443400 0.00055000
v -0.00871200 0.00449300 0.00055000
v -0.00873000 0.00456000 0.00055000
v -0.00862900 0.00438600 0.00055000
v -0.00862000 0.00453200 0.00065000
v -0.00859900 0.00449500 0.00065000
v -0.00863100 0.00457300 0.00065000
v -0.00844600 0.00424500 0.00055000
v -0.00856900 0.00446500 0.00065000
v -0.00873000 0.00462800 0.00055000
v -0.00871200 0.00469400 0.00055000
v -0.00867800 0.00475400 0.00055000
v -0.00863100 0.00461500 0.00065000
v -0.00862000 0.00465600 0.00065000
v -0.00859900 0.00469300 0.00065000
v -0.00863000 0.00480200 0.00055000
v -0.00856900 0.00472300 0.00065000
v -0.00853200 0.00474400 0.00065000
v -0.00857000 0.00483700 0.00055000
v -0.00842200 0.00418700 0.00055000
v -0.00842600 0.00421900 0.00055000
v -0.00838500 0.00432400 0.00065000
v -0.00832300 0.00417400 0.00065000
v -0.00833400 0.00425800 0.00065000
v -0.00831900 0.00483300 0.00065000
v -0.00835700 0.00492500 0.00055000
v -0.00833100 0.00494500 0.00055000
v -0.00831900 0.00497500 0.00055000
v -0.00825200 0.00488400 0.00065000
v -0.00822000 0.00496200 0.00065000
v -0.00869300 0.00560200 0.00055000
v -0.00844300 0.00577400 0.00055000
v -0.00849100 0.00586200 0.00065000
v -0.00828900 0.00520400 0.00055000
v -0.00819000 0.00519100 0.00065000
v -0.00817900 0.00523200 0.00065000
v -0.00827100 0.00527100 0.00055000
v -0.00823700 0.00533000 0.00055000
v -0.00815800 0.00526900 0.00065000
v -0.00812800 0.00529900 0.00065000
v -0.00818800 0.00537900 0.00055000
v -0.00812900 0.00541300 0.00055000
v -0.00809100 0.00532100 0.00065000
v -0.00805000 0.00533200 0.00065000
v -0.00806300 0.00543100 0.00055000
v -0.00800700 0.00533200 0.00065000
v -0.00799400 0.00543100 0.00055000
v -0.00796600 0.00532100 0.00065000
v -0.00792900 0.00529900 0.00065000
v -0.00792800 0.00541300 0.00055000
v -0.00786900 0.00537900 0.00055000
v -0.00774600 0.00515900 0.00065000
v -0.00766800 0.00512700 0.00065000
v -0.00768500 0.00523800 0.00055000
v -0.00765500 0.00522600 0.00055000
v -0.00762300 0.00523000 0.00055000
v -0.00758500 0.00513800 0.00065000
v -0.00868574 0.00428285 0.00138537
v -0.00859932 0.00421955 0.00145505
v -0.00861103 0.00424780 0.00145000
v -0.00861900 0.00426700 0.00145000
v -0.00862313 0.00429803 0.00145000
v -0.00862828 0.00433674 0.00145622
v -0.00870308 0.00450000 0.00139692
v -0.00864394 0.00445445 0.00145269
v -0.00862000 0.00453200 0.00125000
v -0.00864953 0.00449650 0.00145047
v -0.00865000 0.00450000 0.00145000
v -0.00864701 0.00452246 0.00145299
v -0.00864147 0.00456412 0.00145297
v -0.00857373 0.00415786 0.00145816
v -0.00853600 0.00435400 0.00155000
v -0.00848900 0.00419300 0.00155000
v -0.00851500 0.00426500 0.00155000
v -0.00856900 0.00446500 0.00125000
v -0.00855000 0.00449000 0.00155000
v -0.00855000 0.00452000 0.00155000
v -0.00865000 0.00450000 0.00250000
v -0.00853076 0.00433181 0.00250000
v -0.00849548 0.00421095 0.00250000
v -0.00847105 0.00415959 0.00250000
v -0.00851500 0.00426500 0.00250000
v -0.00853949 0.00438790 0.00250000
v -0.00855000 0.00449000 0.00250000
v -0.00855000 0.00451252 0.00250000
v -0.00854252 0.00456887 0.00250000
v -0.00867285 0.00474607 0.00139446
v -0.00863100 0.00461500 0.00125000
v -0.00859900 0.00469300 0.00125000
v -0.00863944 0.00473950 0.00142845
v -0.00862224 0.00470862 0.00145304
v -0.00861900 0.00473300 0.00145000
v -0.00861805 0.00473529 0.00145022
v -0.00862026 0.00473419 0.00144837
v -0.00861911 0.00473217 0.00145000
v -0.00861869 0.00473375 0.00145000
v -0.00861437 0.00498647 0.00135640
v -0.00852800 0.00468600 0.00155000
v -0.00853200 0.00474400 0.00125000
v -0.00852000 0.00471600 0.00155000
v -0.00857206 0.00484617 0.00145440
v -0.00855635 0.00488406 0.00145669
v -0.00853881 0.00496591 0.00143239
v -0.00853295 0.00494049 0.00145000
v -0.00852900 0.00495000 0.00145000
v -0.00852628 0.00495694 0.00144791
v -0.00852420 0.00495624 0.00145007
v -0.00852448 0.00495588 0.00145000
v -0.00847200 0.00484400 0.00155000
v -0.00849828 0.00498996 0.00145468
v -0.00852600 0.00469348 0.00250000
v -0.00852000 0.00471600 0.00250000
v -0.00852900 0.00495000 0.00250000
v -0.00848397 0.00481208 0.00250000
v -0.00846103 0.00486395 0.00250000
v -0.00838500 0.00432400 0.00125000
v -0.00832300 0.00417400 0.00125000
v -0.00833400 0.00425800 0.00125000
v -0.00842800 0.00492400 0.00155000
v -0.00838500 0.00498600 0.00155000
v -0.00831900 0.00483300 0.00125000
v -0.00825200 0.00488400 0.00125000
v -0.00822000 0.00496200 0.00125000
v -0.00842800 0.00492400 0.00250000
v -0.00839572 0.00497054 0.00250000
v -0.00835932 0.00501392 0.00250000
v -0.00845818 0.00504211 0.00145791
v -0.00850098 0.00520608 0.00131504
v -0.00858402 0.00579790 0.00079907
v -0.00856938 0.00580799 0.00080000
v -0.00845931 0.00575386 0.00090756
v -0.00851211 0.00584745 0.00080000
v -0.00849100 0.00586200 0.00079461
v -0.00840355 0.00511317 0.00145000
v -0.00838600 0.00513600 0.00145000
v -0.00839582 0.00516883 0.00141772
v -0.00837414 0.00514512 0.00145000
v -0.00828200 0.00509800 0.00155000
v -0.00834136 0.00517032 0.00145648
v -0.00833050 0.00517867 0.00145702
v -0.00829803 0.00520363 0.00145487
v -0.00827000 0.00510800 0.00155000
v -0.00819000 0.00519100 0.00125000
v -0.00813200 0.00520300 0.00155000
v -0.00822479 0.00525994 0.00145000
v -0.00815800 0.00526900 0.00125000
v -0.00820000 0.00527900 0.00145000
v -0.00819272 0.00528202 0.00145000
v -0.00817830 0.00528800 0.00145326
v -0.00820048 0.00529577 0.00143420
v -0.00814199 0.00530306 0.00145603
v -0.00828200 0.00509800 0.00250000
v -0.00823464 0.00512916 0.00250000
v -0.00822563 0.00513667 0.00250000
v -0.00820000 0.00527900 0.00250000
v -0.00839336 0.00552887 0.00113136
v -0.00809200 0.00522300 0.00155000
v -0.00809100 0.00532100 0.00125000
v -0.00800700 0.00533200 0.00125000
v -0.00804410 0.00534366 0.00145337
v -0.00797800 0.00526700 0.00155000
v -0.00800557 0.00535964 0.00145337
v -0.00798300 0.00536900 0.00145000
v -0.00798780 0.00536701 0.00145000
v -0.00797245 0.00537040 0.00145000
v -0.00797775 0.00539112 0.00142858
v -0.00792900 0.00529900 0.00125000
v -0.00791427 0.00537814 0.00145502
v -0.00787400 0.00529000 0.00155000
v -0.00781300 0.00529700 0.00155000
v -0.00787388 0.00538352 0.00145710
v -0.00782051 0.00539062 0.00145613
v -0.00812203 0.00520799 0.00250000
v -0.00809200 0.00522300 0.00250000
v -0.00800642 0.00525603 0.00250000
v -0.00795207 0.00527273 0.00250000
v -0.00787400 0.00529000 0.00250000
v -0.00782821 0.00529526 0.00250000
v -0.00804508 0.00566444 0.00114651
v -0.00811085 0.00580839 0.00099139
v -0.00774600 0.00515900 0.00125000
v -0.00766800 0.00512700 0.00125000
v -0.00778182 0.00539577 0.00145000
v -0.00775000 0.00540000 0.00145000
v -0.00770418 0.00539390 0.00145000
v -0.00758500 0.00513800 0.00125000
v -0.00764600 0.00529300 0.00155000
v -0.00763406 0.00538457 0.00145769
v -0.00759297 0.00537911 0.00145347
v -0.00756000 0.00537472 0.00145000
v -0.00751700 0.00536900 0.00145000
v -0.00777136 0.00529600 0.00250000
v -0.00775000 0.00540000 0.00250000
v -0.00764600 0.00529300 0.00250000
v -0.00752439 0.00526372 0.00250000
v -0.00769891 0.00549461 0.00134867
v -0.00769248 0.00563482 0.00120762
v -0.00753956 0.00546584 0.00135623
v -0.00941400 0.00308600 0.00850000
v -0.00984800 0.00373500 0.00850000
v -0.00876500 0.00265200 0.00850000
v -0.01000000 0.00450000 0.00850000
v -0.00812516 0.00402216 0.00555000
v -0.00820150 0.00409850 0.00555000
v -0.00806200 0.00395900 0.00552988
v -0.00799664 0.00394140 0.00555000
v -0.00782448 0.00389505 0.00555000
v -0.00775000 0.00387500 0.00552884
v -0.00766888 0.00389684 0.00555000
v -0.00756086 0.00392592 0.00555000
v -0.00800000 0.00250000 0.00850000
v -0.00829100 0.00418800 0.00553167
v -0.00831738 0.00428599 0.00555000
v -0.00837281 0.00449187 0.00553726
v -0.00837500 0.00450000 0.00553396
v -0.00836000 0.00449200 0.00555000
v -0.00837246 0.00450945 0.00553520
v -0.00834333 0.00438238 0.00555000
v -0.00826322 0.00416022 0.00554492
v -0.00827064 0.00416764 0.00554141
v -0.00825900 0.00416300 0.00555000
v -0.00834456 0.00461344 0.00555000
v -0.00831953 0.00470668 0.00555000
v -0.00829100 0.00481300 0.00553277
v -0.00827593 0.00482801 0.00554058
v -0.00826800 0.00482300 0.00555000
v -0.00826862 0.00483528 0.00554156
v -0.00820077 0.00490284 0.00555000
v -0.00813025 0.00497305 0.00555000
v -0.00775000 0.00450000 0.00555000
v -0.00806200 0.00504100 0.00553084
v -0.00801215 0.00505442 0.00554732
v -0.00800914 0.00505523 0.00554743
v -0.00801100 0.00505200 0.00555000
v -0.00793913 0.00507408 0.00555000
v -0.00783112 0.00510316 0.00555000
v -0.00775000 0.00512500 0.00552884
v -0.00767552 0.00510495 0.00555000
v -0.00750336 0.00505860 0.00555000
v -0.00867500 0.00610200 0.00050000
v -0.00819200 0.00598600 0.00065000
v -0.00816300 0.00589000 0.00055000
v -0.00822900 0.00628700 0.00050000
v -0.00786500 0.00594500 0.00055000
v -0.00787300 0.00604500 0.00065000
v -0.00756200 0.00593800 0.00055000
v -0.00754900 0.00603700 0.00065000
v -0.00775000 0.00635000 0.00050000
v -0.00822001 0.00597439 0.00079463
v -0.00819200 0.00598600 0.00079463
v -0.00816690 0.00599064 0.00080000
v -0.00808430 0.00600592 0.00080000
v -0.00787300 0.00604500 0.00078871
v -0.00782274 0.00604376 0.00079656
v -0.00780095 0.00604322 0.00080000
v -0.00767477 0.00604011 0.00080000
v -0.00754900 0.00603700 0.00078656
v -0.00758200 0.00694300 0.00250000
v -0.00758200 0.00694300 0.00350000
v -0.00861300 0.00873500 0.00250000
v -0.00861300 0.00873500 0.00350000
v -0.00732300 0.00270000 0.00050000
v -0.00727100 0.00271300 0.00050000
v -0.00730800 0.00301400 0.00065000
v -0.00733700 0.00311000 0.00055000
v -0.00705700 0.00322600 0.00055000
v -0.00700900 0.00313800 0.00065000
v -0.00743700 0.00356900 0.00055000
v -0.00749300 0.00366800 0.00065000
v -0.00745000 0.00366800 0.00065000
v -0.00737100 0.00358700 0.00055000
v -0.00740900 0.00367900 0.00065000
v -0.00737200 0.00370100 0.00065000
v -0.00731200 0.00362100 0.00055000
v -0.00726300 0.00367000 0.00055000
v -0.00734200 0.00373100 0.00065000
v -0.00732100 0.00376800 0.00065000
v -0.00731000 0.00380900 0.00065000
v -0.00722900 0.00372900 0.00055000
v -0.00721100 0.00379600 0.00055000
v -0.00728000 0.00403800 0.00065000
v -0.00726300 0.00409200 0.00065000
v -0.00722900 0.00413700 0.00065000
v -0.00718100 0.00402500 0.00055000
v -0.00717500 0.00404600 0.00055000
v -0.00716100 0.00406300 0.00055000
v -0.00714300 0.00407500 0.00055000
v -0.00682500 0.00289800 0.00050000
v -0.00644200 0.00319200 0.00050000
v -0.00680700 0.00339800 0.00055000
v -0.00674200 0.00332200 0.00065000
v -0.00659900 0.00361800 0.00055000
v -0.00651900 0.00355700 0.00065000
v -0.00644100 0.00387700 0.00055000
v -0.00635000 0.00383400 0.00065000
v -0.00748843 0.00298063 0.00080000
v -0.00749659 0.00306587 0.00088620
v -0.00738915 0.00319162 0.00099140
v -0.00733310 0.00300936 0.00080000
v -0.00730800 0.00301400 0.00079463
v -0.00727999 0.00302561 0.00079463
v -0.00704069 0.00324613 0.00090756
v -0.00700900 0.00313800 0.00079461
v -0.00698789 0.00315255 0.00080000
v -0.00693062 0.00319201 0.00080000
v -0.00691598 0.00320210 0.00079907
v -0.00749158 0.00341580 0.00123297
v -0.00749300 0.00366800 0.00125000
v -0.00749443 0.00364036 0.00145337
v -0.00745590 0.00365634 0.00145337
v -0.00740900 0.00367900 0.00125000
v -0.00735801 0.00369694 0.00145603
v -0.00732170 0.00371200 0.00145326
v -0.00730728 0.00371798 0.00145000
v -0.00729952 0.00370423 0.00143419
v -0.00730000 0.00372100 0.00145000
v -0.00730000 0.00372100 0.00250000
v -0.00740800 0.00377700 0.00155000
v -0.00736800 0.00379700 0.00155000
v -0.00734200 0.00373100 0.00125000
v -0.00731000 0.00380900 0.00125000
v -0.00727521 0.00374006 0.00145000
v -0.00720197 0.00379637 0.00145487
v -0.00723000 0.00389200 0.00155000
v -0.00721800 0.00390200 0.00155000
v -0.00728000 0.00403800 0.00125000
v -0.00726300 0.00409200 0.00125000
v -0.00722900 0.00413700 0.00125000
v -0.00749357 0.00374397 0.00250000
v -0.00740800 0.00377700 0.00250000
v -0.00737797 0.00379201 0.00250000
v -0.00727438 0.00386333 0.00250000
v -0.00726538 0.00387083 0.00250000
v -0.00721800 0.00390200 0.00250000
v -0.00710664 0.00347113 0.00113137
v -0.00716950 0.00382133 0.00145702
v -0.00715864 0.00382968 0.00145648
v -0.00712586 0.00385488 0.00145000
v -0.00711400 0.00386400 0.00145000
v -0.00710418 0.00383118 0.00141772
v -0.00709645 0.00388682 0.00145000
v -0.00711500 0.00401400 0.00155000
v -0.00704182 0.00395789 0.00145791
v -0.00707200 0.00407600 0.00155000
v -0.00699902 0.00379392 0.00131505
v -0.00700172 0.00401004 0.00145468
v -0.00697371 0.00404305 0.00144789
v -0.00697580 0.00404376 0.00145007
v -0.00697552 0.00404412 0.00145000
v -0.00696120 0.00403410 0.00143240
v -0.00702800 0.00415600 0.00155000
v -0.00697100 0.00405000 0.00145000
v -0.00696706 0.00405951 0.00145000
v -0.00688565 0.00401354 0.00135642
v -0.00694365 0.00411594 0.00145669
v -0.00692794 0.00415383 0.00145440
v -0.00714068 0.00398607 0.00250000
v -0.00710428 0.00402946 0.00250000
v -0.00707200 0.00407600 0.00250000
v -0.00703897 0.00413606 0.00250000
v -0.00697100 0.00405000 0.00250000
v -0.00674200 0.00332200 0.00078815
v -0.00669021 0.00337658 0.00080000
v -0.00661248 0.00345849 0.00080000
v -0.00660874 0.00346243 0.00079943
v -0.00664773 0.00414776 0.00118668
v -0.00651900 0.00355700 0.00078572
v -0.00644984 0.00367036 0.00080000
v -0.00638962 0.00376906 0.00080000
v -0.00637644 0.00379066 0.00079607
v -0.00635000 0.00383400 0.00078819
v -0.00633995 0.00414110 0.00089263
v -0.00628044 0.00403228 0.00080000
v -0.00625030 0.00411819 0.00080000
v -0.00718100 0.00416700 0.00065000
v -0.00696800 0.00425600 0.00065000
v -0.00693000 0.00416300 0.00055000
v -0.00691200 0.00429400 0.00065000
v -0.00687700 0.00435200 0.00065000
v -0.00693100 0.00453500 0.00065000
v -0.00688700 0.00448400 0.00065000
v -0.00711500 0.00467600 0.00065000
v -0.00715300 0.00471700 0.00065000
v -0.00717500 0.00476900 0.00065000
v -0.00707700 0.00479100 0.00055000
v -0.00706900 0.00477100 0.00055000
v -0.00705400 0.00475500 0.00055000
v -0.00717700 0.00482600 0.00065000
v -0.00707800 0.00481300 0.00055000
v -0.00737100 0.00522600 0.00065000
v -0.00740900 0.00531900 0.00055000
v -0.00723900 0.00522300 0.00065000
v -0.00730500 0.00523900 0.00065000
v -0.00730200 0.00533900 0.00055000
v -0.00719600 0.00531300 0.00055000
v -0.00726700 0.00586700 0.00055000
v -0.00715300 0.00512300 0.00065000
v -0.00714700 0.00505500 0.00065000
v -0.00718500 0.00518200 0.00065000
v -0.00704800 0.00504200 0.00055000
v -0.00705700 0.00515100 0.00055000
v -0.00710900 0.00524700 0.00055000
v -0.00699300 0.00573700 0.00055000
v -0.00694100 0.00582200 0.00065000
v -0.00684000 0.00422500 0.00055000
v -0.00678300 0.00431800 0.00055000
v -0.00686800 0.00441900 0.00065000
v -0.00680000 0.00453100 0.00055000
v -0.00676800 0.00442700 0.00055000
v -0.00687100 0.00461400 0.00055000
v -0.00634000 0.00416300 0.00055000
v -0.00630000 0.00446300 0.00055000
v -0.00632500 0.00476500 0.00055000
v -0.00675300 0.00555300 0.00055000
v -0.00668400 0.00562500 0.00065000
v -0.00641100 0.00505600 0.00055000
v -0.00655600 0.00532200 0.00055000
v -0.00647300 0.00537900 0.00065000
v -0.00631900 0.00509400 0.00065000
v -0.00644200 0.00580800 0.00050000
v -0.00718100 0.00416700 0.00125000
v -0.00696800 0.00425600 0.00125000
v -0.00698000 0.00428400 0.00155000
v -0.00697200 0.00431400 0.00155000
v -0.00691200 0.00429400 0.00125000
v -0.00687700 0.00435200 0.00125000
v -0.00688100 0.00426700 0.00145000
v -0.00688195 0.00426471 0.00145022
v -0.00688131 0.00426625 0.00145000
v -0.00688089 0.00426783 0.00145000
v -0.00687975 0.00426582 0.00144838
v -0.00687776 0.00429138 0.00145304
v -0.00695000 0.00448000 0.00155000
v -0.00693100 0.00453500 0.00125000
v -0.00688700 0.00448400 0.00125000
v -0.00695000 0.00451000 0.00155000
v -0.00701603 0.00418792 0.00250000
v -0.00698000 0.00428400 0.00250000
v -0.00697399 0.00430652 0.00250000
v -0.00696652 0.00436286 0.00250000
v -0.00695000 0.00448748 0.00250000
v -0.00695000 0.00451000 0.00250000
v -0.00711500 0.00467600 0.00125000
v -0.00715300 0.00471700 0.00125000
v -0.00717500 0.00476900 0.00125000
v -0.00717700 0.00482600 0.00125000
v -0.00709100 0.00495400 0.00155000
v -0.00708300 0.00494100 0.00155000
v -0.00696400 0.00464600 0.00155000
v -0.00698500 0.00473500 0.00155000
v -0.00687687 0.00470197 0.00145000
v -0.00688100 0.00473300 0.00145000
v -0.00690068 0.00478045 0.00145505
v -0.00688896 0.00475220 0.00145000
v -0.00701100 0.00480700 0.00155000
v -0.00701451 0.00500660 0.00145718
v -0.00700638 0.00499602 0.00145579
v -0.00695705 0.00491636 0.00145000
v -0.00697100 0.00495000 0.00145000
v -0.00698469 0.00496781 0.00145000
v -0.00692627 0.00484214 0.00145816
v -0.00694208 0.00488027 0.00145392
v -0.00688292 0.00495253 0.00136699
v -0.00708300 0.00494100 0.00250000
v -0.00708901 0.00495076 0.00250000
v -0.00696051 0.00461210 0.00250000
v -0.00696924 0.00466819 0.00250000
v -0.00700452 0.00478905 0.00250000
v -0.00698500 0.00473500 0.00250000
v -0.00702895 0.00484041 0.00250000
v -0.00697100 0.00495000 0.00250000
v -0.00742700 0.00523200 0.00155000
v -0.00737100 0.00522600 0.00125000
v -0.00748400 0.00525400 0.00155000
v -0.00745280 0.00534237 0.00145639
v -0.00749039 0.00535796 0.00145000
v -0.00747337 0.00541522 0.00139010
v -0.00740325 0.00532182 0.00145772
v -0.00733300 0.00518200 0.00155000
v -0.00723400 0.00511100 0.00155000
v -0.00720000 0.00508100 0.00155000
v -0.00723900 0.00522300 0.00125000
v -0.00719730 0.00520005 0.00145607
v -0.00730500 0.00523900 0.00125000
v -0.00733014 0.00529150 0.00145000
v -0.00731220 0.00534586 0.00139245
v -0.00730000 0.00527900 0.00145000
v -0.00729154 0.00527250 0.00145000
v -0.00728204 0.00526519 0.00145251
v -0.00728062 0.00529095 0.00142854
v -0.00742700 0.00523200 0.00250000
v -0.00735644 0.00519447 0.00250000
v -0.00746979 0.00524851 0.00250000
v -0.00730832 0.00516430 0.00250000
v -0.00723400 0.00511100 0.00250000
v -0.00720848 0.00508848 0.00250000
v -0.00730000 0.00527900 0.00250000
v -0.00738243 0.00572099 0.00107019
v -0.00715300 0.00512300 0.00125000
v -0.00714700 0.00505500 0.00125000
v -0.00718500 0.00518200 0.00125000
v -0.00716516 0.00517533 0.00145613
v -0.00713356 0.00515104 0.00145344
v -0.00711400 0.00513600 0.00145000
v -0.00712035 0.00514088 0.00145000
v -0.00709535 0.00511175 0.00145000
v -0.00707072 0.00513399 0.00141663
v -0.00704610 0.00515631 0.00138323
v -0.00717083 0.00504609 0.00250000
v -0.00703619 0.00586748 0.00080000
v -0.00704323 0.00587085 0.00079959
v -0.00696168 0.00583188 0.00080000
v -0.00694100 0.00582200 0.00079521
v -0.00686052 0.00426049 0.00142841
v -0.00682721 0.00425394 0.00139452
v -0.00686800 0.00441900 0.00125000
v -0.00685853 0.00443588 0.00145297
v -0.00685299 0.00447754 0.00145299
v -0.00685000 0.00450000 0.00145000
v -0.00685047 0.00450350 0.00145047
v -0.00685606 0.00454555 0.00145269
v -0.00679691 0.00450000 0.00139691
v -0.00685000 0.00450000 0.00250000
v -0.00687172 0.00466326 0.00145622
v -0.00681426 0.00471715 0.00138537
v -0.00686664 0.00496048 0.00134876
v -0.00666802 0.00485158 0.00120584
v -0.00629626 0.00496941 0.00081408
v -0.00628289 0.00497365 0.00080000
v -0.00667416 0.00516512 0.00108043
v -0.00670843 0.00564373 0.00079500
v -0.00668400 0.00562500 0.00079496
v -0.00666811 0.00560648 0.00080000
v -0.00661387 0.00554324 0.00080000
v -0.00644917 0.00533490 0.00079618
v -0.00643787 0.00531399 0.00080000
v -0.00647300 0.00537900 0.00078817
v -0.00637846 0.00520404 0.00080000
v -0.00631900 0.00509400 0.00078713
v -0.00614800 0.00357500 0.00050000
v -0.00624300 0.00413900 0.00065000
v -0.00596300 0.00402100 0.00050000
v -0.00624300 0.00413900 0.00079547
v -0.00550000 0.00250000 0.00250000
v -0.00550000 0.00270000 0.00250000
v -0.00550000 0.00391500 0.00250000
v -0.00620000 0.00446100 0.00065000
v -0.00622600 0.00478400 0.00065000
v -0.00596300 0.00497900 0.00050000
v -0.00590000 0.00450000 0.00050000
v -0.00614800 0.00542500 0.00050000
v -0.00623886 0.00416997 0.00079546
v -0.00620000 0.00446100 0.00079487
v -0.00620195 0.00448519 0.00080000
v -0.00620795 0.00455974 0.00080000
v -0.00620905 0.00457340 0.00079928
v -0.00622600 0.00478400 0.00078854
v -0.00624642 0.00485205 0.00080000
v -0.00567900 0.00474200 0.00250000
v -0.00567900 0.00474200 0.00350000
v -0.00618400 0.00542100 0.00250000
v -0.00618400 0.00542100 0.00350000
v -0.00553600 0.00429300 0.00350000
v -0.00749086 0.00394477 0.00554743
v -0.00748785 0.00394558 0.00554731
v -0.00748900 0.00394800 0.00555000
v -0.00743800 0.00395900 0.00553074
v -0.00737063 0.00402637 0.00555000
v -0.00729600 0.00410100 0.00555000
v -0.00723142 0.00416558 0.00554211
v -0.00723200 0.00417700 0.00555000
v -0.00722464 0.00417236 0.00554131
v -0.00720900 0.00418800 0.00553327
v -0.00737409 0.00497736 0.00555000
v -0.00730333 0.00490692 0.00555000
v -0.00722784 0.00483176 0.00554023
v -0.00723625 0.00484013 0.00554428
v -0.00724100 0.00483700 0.00555000
v -0.00720900 0.00481300 0.00553114
v -0.00718092 0.00429229 0.00555000
v -0.00715536 0.00438725 0.00555000
v -0.00714000 0.00450800 0.00555000
v -0.00712754 0.00449056 0.00553521
v -0.00712500 0.00450000 0.00553396
v -0.00712718 0.00450813 0.00553725
v -0.00715680 0.00461849 0.00555000
v -0.00718219 0.00471312 0.00555000
v -0.00743800 0.00504100 0.00552999
v -0.00550000 0.00250000 0.00850000
v -0.00723400 0.00596200 0.00065000
v -0.00727100 0.00628700 0.00050000
v -0.00682500 0.00610200 0.00050000
v -0.00742292 0.00600698 0.00080000
v -0.00742341 0.00600478 0.00080227
v -0.00730455 0.00597880 0.00080000
v -0.00723400 0.00596200 0.00078839
v -0.00574100 0.00904600 0.00050000
v -0.00533400 0.00844500 0.00050000
v -0.00574100 0.00904600 0.00250000
v -0.00533400 0.00844500 0.00250000
v -0.00557000 0.00914900 0.00070000
v -0.00557000 0.00914900 0.00230000
v -0.00517500 0.00856600 0.00070000
v -0.00517500 0.00856600 0.00230000
v -0.00380000 -0.00230000 -0.00277800
v -0.00380000 -0.00230000 0.00000000
v -0.00380000 -0.00119600 -0.00297200
v -0.00380000 -0.00120400 -0.00133800
v -0.00380000 -0.00176100 -0.00037400
v -0.00380000 -0.00164400 -0.00073200
v -0.00380000 -0.00180000 0.00000000
v -0.00380000 -0.00176100 0.00037400
v -0.00380000 -0.00145600 -0.00105800
v -0.00380000 -0.00218700 0.00071100
v -0.00380000 -0.00186100 0.00135200
v -0.00380000 -0.00164400 0.00073200
v -0.00380000 -0.00145600 0.00105800
v -0.00380000 -0.00120400 0.00133800
v -0.00380000 -0.00135200 0.00186100
v -0.00360000 -0.00250000 -0.00269900
v -0.00360000 -0.00230300 -0.00298000
v -0.00360000 -0.00250000 0.00000000
v -0.00360000 -0.00129200 -0.00315800
v -0.00369100 -0.00113100 -0.00309400
v -0.00360000 -0.00156500 -0.00033300
v -0.00360000 -0.00160000 0.00000000
v -0.00360000 -0.00156500 0.00033300
v -0.00360000 -0.00129400 -0.00094000
v -0.00360000 -0.00146200 -0.00065100
v -0.00360000 -0.00107100 -0.00118900
v -0.00360000 -0.00146200 0.00065100
v -0.00320000 -0.00160000 0.00000000
v -0.00320000 -0.00146200 -0.00065100
v -0.00320000 -0.00107100 -0.00118900
v -0.00320000 -0.00121400 -0.00029900
v -0.00320000 -0.00146200 0.00065100
v -0.00320000 -0.00125000 0.00000000
v -0.00320000 -0.00121400 0.00029900
v -0.00360000 -0.00237800 0.00077300
v -0.00360000 -0.00202300 0.00146900
v -0.00360000 -0.00129400 0.00094000
v -0.00360000 -0.00107100 0.00118900
v -0.00360000 -0.00146900 0.00202300
v -0.00320000 -0.00107100 0.00118900
v -0.00380000 -0.00091200 -0.00259900
v -0.00380000 -0.00090000 -0.00155900
v -0.00380000 -0.00052300 -0.00236900
v -0.00380000 -0.00055600 -0.00171200
v -0.00380000 -0.00018800 -0.00179000
v -0.00380000 -0.00007700 -0.00229900
v -0.00380000 0.00018800 -0.00179000
v -0.00380000 0.00065200 -0.00220600
v -0.00380000 0.00055600 -0.00171200
v -0.00380000 -0.00090000 0.00155900
v -0.00380000 -0.00071100 0.00218700
v -0.00380000 -0.00055600 0.00171200
v -0.00380000 -0.00018800 0.00179000
v -0.00380000 0.00000000 0.00230000
v -0.00380000 0.00018800 0.00179000
v -0.00380000 0.00055600 0.00171200
v -0.00380000 0.00090000 -0.00155900
v -0.00380000 0.00131400 -0.00188800
v -0.00380000 0.00120400 -0.00133800
v -0.00380000 0.00145600 -0.00105800
v -0.00380000 0.00184200 -0.00137700
v -0.00380000 0.00164400 -0.00073200
v -0.00380000 0.00176100 -0.00037400
v -0.00380000 0.00176100 0.00037400
v -0.00380000 0.00180000 0.00000000
v -0.00380000 0.00218300 -0.00072500
v -0.00380000 0.00199500 0.00050000
v -0.00380000 0.00230000 0.00000000
v -0.00380000 0.00230000 0.00050000
v -0.00380000 0.00090000 0.00155900
v -0.00380000 0.00120400 0.00133800
v -0.00380000 0.00145600 0.00105800
v -0.00380000 0.00164400 0.00073200
v -0.00380000 0.00199500 0.00230000
v -0.00360000 -0.00101000 -0.00304600
v -0.00360000 -0.00078000 -0.00274900
v -0.00360000 -0.00080000 -0.00138600
v -0.00360000 -0.00045600 -0.00255700
v -0.00360000 -0.00049400 -0.00152200
v -0.00320000 -0.00049400 -0.00152200
v -0.00320000 -0.00093600 -0.00082900
v -0.00320000 -0.00044300 -0.00116900
v -0.00360000 -0.00008400 -0.00249900
v -0.00360000 -0.00016700 -0.00159100
v -0.00360000 0.00016700 -0.00159100
v -0.00360000 0.00049400 -0.00152200
v -0.00320000 0.00016700 -0.00159100
v -0.00320000 0.00015100 -0.00124100
v -0.00360000 -0.00080000 0.00138600
v -0.00360000 -0.00077300 0.00237800
v -0.00360000 -0.00049400 0.00152200
v -0.00320000 -0.00093600 0.00082900
v -0.00320000 -0.00044300 0.00116900
v -0.00320000 -0.00049400 0.00152200
v -0.00360000 -0.00016700 0.00159100
v -0.00360000 0.00016700 0.00159100
v -0.00360000 0.00000000 0.00250000
v -0.00360000 0.00049400 0.00152200
v -0.00320000 0.00015100 0.00124100
v -0.00320000 0.00016700 0.00159100
v -0.00360000 0.00070800 -0.00239800
v -0.00360000 0.00080000 -0.00138600
v -0.00360000 0.00142800 -0.00205200
v -0.00320000 0.00080000 -0.00138600
v -0.00360000 0.00107100 -0.00118900
v -0.00360000 0.00129400 -0.00094000
v -0.00360000 0.00146200 -0.00065100
v -0.00360000 0.00146200 0.00065100
v -0.00320000 0.00071000 -0.00102900
v -0.00320000 0.00110700 -0.00058100
v -0.00320000 0.00110700 0.00058100
v -0.00320000 0.00129400 -0.00094000
v -0.00320000 0.00125000 0.00000000
v -0.00360000 0.00200300 -0.00149700
v -0.00360000 0.00156500 -0.00033300
v -0.00360000 0.00160000 0.00000000
v -0.00360000 0.00156500 0.00033300
v -0.00360000 0.00237200 -0.00078900
v -0.00320000 0.00156500 -0.00033300
v -0.00320000 0.00156500 0.00033300
v -0.00360000 0.00080000 0.00138600
v -0.00360000 0.00107100 0.00118900
v -0.00360000 0.00129400 0.00094000
v -0.00320000 0.00071000 0.00102900
v -0.00320000 0.00080000 0.00138600
v -0.00320000 0.00129400 0.00094000
v -0.00360000 0.00199500 0.00250000
v -0.00491400 -0.00031400 0.00850000
v -0.00426500 -0.00074800 0.00850000
v -0.00350000 -0.00090000 0.00850000
v -0.00130000 -0.00250000 -0.00269900
v -0.00130000 -0.00230300 -0.00298000
v -0.00130000 -0.00250000 0.00000000
v -0.00130000 -0.00129200 -0.00315800
v -0.00130000 -0.00237800 0.00077300
v -0.00130000 -0.00202300 0.00146900
v -0.00130000 -0.00146900 0.00202300
v -0.00110000 -0.00230000 -0.00277800
v -0.00110000 -0.00230000 0.00000000
v -0.00120900 -0.00113100 -0.00309400
v -0.00110000 -0.00119600 -0.00297200
v -0.00110000 -0.00121400 -0.00029900
v -0.00110000 -0.00125000 0.00000000
v -0.00110000 -0.00121400 0.00029900
v -0.00110000 -0.00218700 0.00071100
v -0.00110000 -0.00186100 0.00135200
v -0.00110000 -0.00135200 0.00186100
v -0.00130000 -0.00101000 -0.00304600
v -0.00130000 -0.00078000 -0.00274900
v -0.00130000 -0.00045600 -0.00255700
v -0.00130000 -0.00008400 -0.00249900
v -0.00130000 -0.00077300 0.00237800
v -0.00130000 0.00000000 0.00250000
v -0.00130000 0.00070800 -0.00239800
v -0.00130000 0.00142800 -0.00205200
v -0.00130000 0.00200300 -0.00149700
v -0.00130000 0.00237200 -0.00078900
v -0.00110000 -0.00091200 -0.00259900
v -0.00110000 -0.00052300 -0.00236900
v -0.00110000 -0.00093600 -0.00082900
v -0.00110000 -0.00044300 -0.00116900
v -0.00110000 -0.00007700 -0.00229900
v -0.00110000 0.00065200 -0.00220600
v -0.00110000 0.00015100 -0.00124100
v -0.00110000 -0.00093600 0.00082900
v -0.00110000 -0.00071100 0.00218700
v -0.00110000 -0.00044300 0.00116900
v -0.00110000 0.00015100 0.00124100
v -0.00110000 0.00000000 0.00230000
v -0.00110000 0.00131400 -0.00188800
v -0.00110000 0.00071000 -0.00102900
v -0.00110000 0.00110700 -0.00058100
v -0.00110000 0.00110700 0.00058100
v -0.00110000 0.00125000 0.00000000
v -0.00110000 0.00184200 -0.00137700
v -0.00110000 0.00218300 -0.00072500
v -0.00110000 0.00230000 0.00000000
v -0.00110000 0.00071000 0.00102900
v -0.00110000 0.00230000 0.00070000
v -0.00392800 0.00270000 0.00050000
v -0.00386500 0.00250000 0.00070000
v -0.00386500 0.00250000 0.00230000
v -0.00381500 0.00336500 0.00350000
v -0.00360000 0.00250000 0.00000000
v -0.00360000 0.00250000 0.00050000
v -0.00371600 0.00270000 0.00250000
v -0.00433700 0.00739400 0.00050000
v -0.00376000 0.00695400 0.00050000
v -0.00420800 0.00754600 0.00070000
v -0.00433700 0.00739400 0.00250000
v -0.00420800 0.00754600 0.00230000
v -0.00376000 0.00695400 0.00250000
v -0.00486400 0.00789200 0.00050000
v -0.00471900 0.00803000 0.00070000
v -0.00486400 0.00789200 0.00250000
v -0.00471900 0.00803000 0.00230000
v -0.00496300 0.00931000 0.00350000
v -0.00386400 0.00804100 0.00350000
v -0.00313800 0.00658000 0.00050000
v -0.00313800 0.00658000 0.00250000
v -0.00364800 0.00712000 0.00070000
v -0.00364800 0.00712000 0.00230000
v -0.00304500 0.00675700 0.00070000
v -0.00304500 0.00675700 0.00230000
v -0.00130000 0.00250000 0.00000000
v -0.00130000 0.00250000 0.00050000
v -0.00130000 0.00306100 0.00050000
v -0.00125900 0.00337100 0.00050000
v -0.00194600 0.00279300 0.00350000
v -0.00130000 0.00306100 0.00250000
v -0.00125900 0.00337100 0.00250000
v -0.00113900 0.00366100 0.00050000
v -0.00094900 0.00390900 0.00050000
v -0.00070000 0.00410000 0.00050000
v -0.00110000 0.00306100 0.00070000
v -0.00110000 0.00306100 0.00230000
v -0.00106600 0.00332000 0.00070000
v -0.00096600 0.00356100 0.00070000
v -0.00113900 0.00366100 0.00250000
v -0.00106600 0.00332000 0.00230000
v -0.00096600 0.00356100 0.00230000
v -0.00094900 0.00390900 0.00250000
v -0.00080700 0.00376800 0.00070000
v -0.00080700 0.00376800 0.00230000
v -0.00070000 0.00410000 0.00250000
v -0.00060000 0.00392700 0.00070000
v -0.00035900 0.00402700 0.00070000
v -0.00060000 0.00392700 0.00230000
v -0.00035900 0.00402700 0.00230000
v -0.00010000 0.00406100 0.00070000
v -0.00010000 0.00406100 0.00230000
v -0.00041100 0.00422000 0.00050000
v -0.00010000 0.00426100 0.00050000
v -0.00036300 0.00581000 0.00050000
v -0.00041100 0.00422000 0.00250000
v -0.00010000 0.00426100 0.00250000
v -0.00036300 0.00581000 0.00250000
v -0.00248000 0.00627600 0.00050000
v -0.00179200 0.00604400 0.00050000
v -0.00248000 0.00627600 0.00250000
v -0.00240600 0.00646200 0.00070000
v -0.00240600 0.00646200 0.00230000
v -0.00245100 0.00713300 0.00350000
v -0.00173900 0.00623700 0.00070000
v -0.00179200 0.00604400 0.00250000
v -0.00173900 0.00623700 0.00230000
v -0.00108400 0.00588800 0.00050000
v -0.00105200 0.00608600 0.00070000
v -0.00108400 0.00588800 0.00250000
v -0.00105200 0.00608600 0.00230000
v -0.00084000 0.00666000 0.00350000
v -0.00035200 0.00601000 0.00070000
v -0.00035200 0.00601000 0.00230000
v -0.00449600 0.00891500 0.01721600
v -0.00358500 0.00800400 0.01721600
v -0.00249500 0.00731900 0.01721600
v -0.00127900 0.00689400 0.01721600
v -0.00876500 -0.00134800 0.03200000
v -0.00900000 -0.00123200 0.03500000
v -0.00876500 -0.00134800 0.03500000
v -0.00851800 -0.00143200 0.03500000
v -0.00800000 -0.00150000 0.03200000
v -0.00800000 -0.00150000 0.03500000
v -0.00896600 -0.00117300 0.03551800
v -0.00850000 -0.00136600 0.03551800
v -0.00844800 -0.00117300 0.03600000
v -0.00800000 -0.00143200 0.03551800
v -0.00800000 -0.00134800 0.03576500
v -0.00800000 -0.00123200 0.03600000
v -0.00984800 -0.00026500 0.03200000
v -0.00941400 -0.00091400 0.03200000
v -0.00984800 -0.00026500 0.03500000
v -0.00973200 -0.00050000 0.03500000
v -0.00941400 -0.00091400 0.03500000
v -0.01000000 0.00050000 0.03200000
v -0.00940000 0.00050000 0.03200000
v -0.00993200 -0.00001800 0.03500000
v -0.01000000 0.00050000 0.03500000
v -0.00940000 0.00050000 0.03500000
v -0.00899000 -0.00049000 0.03200000
v -0.00913300 -0.00032300 0.03500000
v -0.00882300 -0.00063300 0.03500000
v -0.00899000 -0.00049000 0.03500000
v -0.00929300 -0.00003600 0.03200000
v -0.00883300 -0.00012500 0.03200000
v -0.00900000 0.00050000 0.03200000
v -0.00933100 0.00006700 0.03500000
v -0.00883300 0.00112500 0.03200000
v -0.00853600 -0.00079300 0.03200000
v -0.00837500 -0.00058300 0.03200000
v -0.00843300 -0.00083100 0.03500000
v -0.00800000 -0.00090000 0.03200000
v -0.00775000 -0.00075000 0.03200000
v -0.00800000 -0.00090000 0.03500000
v -0.00837500 0.00158300 0.03200000
v -0.00775000 0.00175000 0.03200000
v -0.00967300 -0.00046600 0.03551800
v -0.00950000 -0.00036600 0.03600000
v -0.00986600 0.00000000 0.03551800
v -0.00993200 0.00050000 0.03551800
v -0.00984800 0.00050000 0.03576500
v -0.00973200 0.00050000 0.03600000
v -0.00967300 0.00005200 0.03600000
v -0.00941400 0.00050000 0.03641400
v -0.00936600 -0.00086600 0.03551800
v -0.00922500 -0.00072500 0.03600000
v -0.00907700 -0.00028300 0.03543300
v -0.00922500 -0.00020700 0.03641400
v -0.00886600 -0.00100000 0.03600000
v -0.00878300 -0.00057700 0.03543300
v -0.00900000 -0.00050000 0.03641400
v -0.00926600 0.00008900 0.03543300
v -0.00907700 0.00015000 0.03582300
v -0.00936600 0.00013400 0.03641400
v -0.00933100 0.00050000 0.03543300
v -0.00913300 0.00050000 0.03582300
v -0.00891600 -0.00016600 0.03582300
v -0.00896600 0.00024100 0.03673200
v -0.00886600 0.00000000 0.03673200
v -0.00878300 0.00024600 0.03613300
v -0.00899000 0.00050000 0.03599000
v -0.00900000 0.00050000 0.03673200
v -0.00882300 0.00050000 0.03613300
v -0.00876500 0.00050000 0.03684800
v -0.00870700 -0.00072500 0.03641400
v -0.00866600 -0.00041600 0.03582300
v -0.00870700 -0.00020700 0.03673200
v -0.00850000 -0.00036600 0.03673200
v -0.00841100 -0.00076600 0.03543300
v -0.00836600 -0.00086600 0.03641400
v -0.00835000 -0.00057700 0.03582300
v -0.00825900 -0.00046600 0.03673200
v -0.00825400 -0.00028300 0.03613300
v -0.00866600 0.00001600 0.03613300
v -0.00848400 -0.00016600 0.03613300
v -0.00844800 0.00024100 0.03693200
v -0.00850000 0.00036600 0.03693200
v -0.00851800 0.00050000 0.03693200
v -0.00835000 0.00024600 0.03633100
v -0.00836600 0.00013400 0.03693200
v -0.00813400 0.00000000 0.03693200
v -0.00825400 0.00015000 0.03633100
v -0.00813400 0.00008900 0.03633100
v -0.00825900 0.00005200 0.03693200
v -0.00841100 0.00036600 0.03633100
v -0.00843300 0.00050000 0.03633100
v -0.00800000 -0.00083100 0.03543300
v -0.00800000 -0.00079300 0.03553600
v -0.00800000 -0.00063300 0.03582300
v -0.00800000 -0.00091400 0.03641400
v -0.00800000 -0.00049000 0.03599000
v -0.00800000 -0.00050000 0.03673200
v -0.00800000 -0.00032300 0.03613300
v -0.00800000 -0.00026500 0.03684800
v -0.00800000 -0.00003600 0.03629300
v -0.00800000 -0.00001800 0.03693200
v -0.00800000 0.00006700 0.03633100
v -0.00800000 0.00050000 0.03640000
v -0.00800000 0.00050000 0.03700000
v -0.00518866 -0.00150000 0.03500000
v -0.00533711 -0.00123200 0.03600000
v -0.00522942 -0.00143200 0.03551800
v -0.00527977 -0.00134800 0.03576500
v -0.00529153 -0.00132838 0.03580474
v -0.00712500 -0.00058300 0.03200000
v -0.00666700 -0.00012500 0.03200000
v -0.00650000 0.00050000 0.03200000
v -0.00712500 0.00158300 0.03200000
v -0.00666700 0.00112500 0.03200000
v -0.00574164 -0.00024171 0.03500000
v -0.00588471 0.00032946 0.03500000
v -0.00549414 -0.00090000 0.03500000
v -0.00554328 -0.00079610 0.03500000
v -0.00534800 0.00033500 0.03200000
v -0.00597111 0.00091190 0.03500000
v -0.00600000 0.00150000 0.03500000
v -0.00597111 0.00208810 0.03500000
v -0.00550000 0.00110000 0.03200000
v -0.00565280 -0.00049000 0.03599000
v -0.00564922 -0.00050000 0.03673200
v -0.00571256 -0.00032300 0.03613300
v -0.00574164 -0.00024171 0.03617832
v -0.00573331 -0.00026500 0.03684800
v -0.00574164 -0.00024171 0.03685592
v -0.00579317 -0.00003600 0.03629300
v -0.00579768 -0.00001800 0.03693200
v -0.00581897 0.00006700 0.03633100
v -0.00588471 0.00032946 0.03637283
v -0.00591001 0.00050000 0.03640000
v -0.00588471 0.00032946 0.03697761
v -0.00591001 0.00050000 0.03700000
v -0.00552677 -0.00083100 0.03543300
v -0.00554328 -0.00079610 0.03552759
v -0.00554439 -0.00079300 0.03553600
v -0.00560164 -0.00063300 0.03582300
v -0.00548752 -0.00091400 0.03641400
v -0.00554328 -0.00079610 0.03650456
v -0.00597111 0.00091190 0.03640000
v -0.00600000 0.00150000 0.03640000
v -0.00597111 0.00091190 0.03700000
v -0.00600000 0.00150000 0.03700000
v -0.00597111 0.00208810 0.03640000
v -0.00597111 0.00208810 0.03700000
v -0.00529153 -0.00132838 0.05200000
v -0.00526605 -0.00131476 0.05258810
v -0.00518985 -0.00127403 0.05317054
v -0.00506368 -0.00120659 0.05374171
v -0.00574164 -0.00024171 0.05200000
v -0.00571399 -0.00023332 0.05258810
v -0.00563132 -0.00020824 0.05317054
v -0.00588471 0.00032946 0.05200000
v -0.00585638 0.00033509 0.05258810
v -0.00577164 0.00035195 0.05317054
v -0.00563132 0.00037986 0.05374171
v -0.00554328 -0.00079610 0.05200000
v -0.00551658 -0.00078504 0.05258810
v -0.00543676 -0.00075198 0.05317054
v -0.00530459 -0.00069723 0.05374171
v -0.00549441 -0.00016671 0.05374171
v -0.00512132 -0.00062132 0.05429610
v -0.00543676 0.00041856 0.05429610
v -0.00530459 -0.00010913 0.05429610
v -0.00506368 -0.00003605 0.05482838
v -0.00518985 0.00046767 0.05482838
v -0.00597111 0.00091190 0.05200000
v -0.00600000 0.00150000 0.05200000
v -0.00594236 0.00091473 0.05258810
v -0.00597111 0.00150000 0.05258810
v -0.00585638 0.00092320 0.05317054
v -0.00571399 0.00093722 0.05374171
v -0.00588471 0.00150000 0.05317054
v -0.00574164 0.00150000 0.05374171
v -0.00597111 0.00208810 0.05200000
v -0.00594236 0.00208527 0.05258810
v -0.00585638 0.00207680 0.05317054
v -0.00571399 0.00206278 0.05374171
v -0.00551658 0.00095666 0.05429610
v -0.00554328 0.00150000 0.05429610
v -0.00526605 0.00098134 0.05482838
v -0.00529153 0.00150000 0.05482838
v -0.00551658 0.00204334 0.05429610
v -0.00526605 0.00201866 0.05482838
v -0.01000000 0.00271300 0.03200000
v -0.01000000 0.00300000 0.03200000
v -0.00940000 0.00300000 0.03200000
v -0.01000000 0.00300000 0.03410000
v -0.00940000 0.00300000 0.03410000
v -0.00990200 0.00388200 0.03200000
v -0.00961800 0.00332400 0.03200000
v -0.00990200 0.00388200 0.03400000
v -0.00961800 0.00332400 0.03400000
v -0.00953700 0.00402100 0.03400000
v -0.00917600 0.00288200 0.03200000
v -0.00917600 0.00288200 0.03400000
v -0.00905800 0.00319200 0.03400000
v -0.00935200 0.00357500 0.03400000
v -0.00925372 0.00414839 0.03370000
v -0.00918100 0.00390600 0.03371287
v -0.00918100 0.00390600 0.03385000
v -0.00912152 0.00379592 0.03370000
v -0.00911413 0.00379956 0.03369171
v -0.00921712 0.00402639 0.03370000
v -0.00908900 0.00394400 0.03395000
v -0.00902700 0.00362100 0.03371178
v -0.00902700 0.00362100 0.03385000
v -0.00906202 0.00368580 0.03370000
v -0.00894400 0.00367800 0.03395000
v -0.00875943 0.00346826 0.03359576
v -0.00883193 0.00339357 0.03370000
v -0.00888672 0.00345745 0.03370000
v -0.00889115 0.00346262 0.03370037
v -0.00881600 0.00337500 0.03370507
v -0.00881600 0.00337500 0.03385000
v -0.01000000 0.00450000 0.03200000
v -0.01000000 0.00450000 0.03400000
v -0.00960000 0.00450000 0.03400000
v -0.00953700 0.00497900 0.03400000
v -0.00991300 0.00508500 0.03200000
v -0.00965800 0.00561800 0.03200000
v -0.00991300 0.00508500 0.03400000
v -0.00965800 0.00561800 0.03400000
v -0.00926032 0.00417041 0.03370367
v -0.00927400 0.00421600 0.03371136
v -0.00927400 0.00421600 0.03385000
v -0.00929804 0.00451470 0.03370000
v -0.00930000 0.00453900 0.03370519
v -0.00930000 0.00453900 0.03385000
v -0.00929191 0.00443849 0.03370000
v -0.00929555 0.00457231 0.03370517
v -0.00917500 0.00423500 0.03395000
v -0.00919732 0.00451414 0.03359920
v -0.00920000 0.00453700 0.03395000
v -0.00925700 0.00486100 0.03370459
v -0.00924965 0.00488194 0.03370000
v -0.00925700 0.00486100 0.03385000
v -0.00921954 0.00496776 0.03370000
v -0.00921881 0.00496985 0.03370012
v -0.00916000 0.00483700 0.03395000
v -0.00892077 0.00444717 0.03332772
v -0.00935200 0.00542500 0.03400000
v -0.00915000 0.00516600 0.03371181
v -0.00915000 0.00516600 0.03385000
v -0.00911038 0.00523094 0.03370000
v -0.00905900 0.00512300 0.03395000
v -0.00905041 0.00532923 0.03370000
v -0.00904755 0.00533392 0.03370060
v -0.00898100 0.00544300 0.03371434
v -0.00898100 0.00544300 0.03385000
v -0.00890100 0.00538200 0.03395000
v -0.00905800 0.00580800 0.03400000
v -0.00888718 0.00554187 0.03370000
v -0.00880964 0.00562358 0.03370000
v -0.00879091 0.00564332 0.03370427
v -0.00875800 0.00567800 0.03371180
v -0.00875800 0.00567800 0.03385000
v -0.00825917 0.00415618 0.02895473
v -0.00820150 0.00409850 0.02895000
v -0.00812494 0.00402194 0.02895000
v -0.00806200 0.00395900 0.02896987
v -0.00799838 0.00394187 0.02895000
v -0.00782448 0.00389505 0.02895000
v -0.00775000 0.00387500 0.02897121
v -0.00766888 0.00389684 0.02895000
v -0.00756086 0.00392592 0.02895000
v -0.00861800 0.00259800 0.03200000
v -0.00861800 0.00259800 0.03400000
v -0.00867500 0.00289800 0.03400000
v -0.00855900 0.00317800 0.03370482
v -0.00855900 0.00317800 0.03385000
v -0.00853826 0.00316809 0.03370000
v -0.00858522 0.00319810 0.03370487
v -0.00846377 0.00313250 0.03370000
v -0.00850700 0.00326300 0.03395000
v -0.00822900 0.00271300 0.03400000
v -0.00826600 0.00303800 0.03371161
v -0.00826600 0.00303800 0.03385000
v -0.00821996 0.00302704 0.03370403
v -0.00819546 0.00302121 0.03370000
v -0.00823300 0.00313300 0.03395000
v -0.00852900 0.00405000 0.03200000
v -0.00846400 0.00408800 0.03200000
v -0.00844003 0.00410186 0.03197229
v -0.00845499 0.00412971 0.03197975
v -0.00855532 0.00400732 0.03309726
v -0.00851564 0.00403262 0.03305000
v -0.00854256 0.00408269 0.03305000
v -0.00852900 0.00405000 0.03305000
v -0.00848549 0.00399340 0.03304282
v -0.00849362 0.00400398 0.03304420
v -0.00846057 0.00396099 0.03304502
v -0.00820000 0.00372100 0.03200000
v -0.00820080 0.00369319 0.03307621
v -0.00820000 0.00372100 0.03305000
v -0.00818791 0.00371598 0.03305000
v -0.00813420 0.00369371 0.03304444
v -0.00831271 0.00393621 0.03200000
v -0.00829152 0.00391152 0.03200000
v -0.00837896 0.00401617 0.03199014
v -0.00837308 0.00400656 0.03199285
v -0.00841700 0.00405900 0.03198673
v -0.00826600 0.00388900 0.03200000
v -0.00826481 0.00388814 0.03200000
v -0.00817564 0.00382569 0.03198026
v -0.00816300 0.00378600 0.03200000
v -0.00814942 0.00380927 0.03197310
v -0.00814295 0.00380521 0.03197542
v -0.00819208 0.00383599 0.03198479
v -0.00840448 0.00388803 0.03305000
v -0.00839090 0.00384764 0.03306609
v -0.00838600 0.00386400 0.03305000
v -0.00837968 0.00385914 0.03305000
v -0.00836644 0.00384896 0.03304656
v -0.00833484 0.00382467 0.03304387
v -0.00830000 0.00391900 0.03295000
v -0.00840900 0.00404600 0.03295000
v -0.00841700 0.00405900 0.03295000
v -0.00825131 0.00376045 0.03304743
v -0.00821796 0.00373481 0.03304749
v -0.00820598 0.00372560 0.03305000
v -0.00826600 0.00388900 0.03295000
v -0.00816700 0.00381800 0.03295000
v -0.00874700 0.00344700 0.03395000
v -0.00862387 0.00369176 0.03334595
v -0.00844442 0.00331710 0.03352318
v -0.00870492 0.00400134 0.03323264
v -0.00844300 0.00384900 0.03395000
v -0.00845200 0.00395800 0.03395000
v -0.00834603 0.00343654 0.03337135
v -0.00830400 0.00368700 0.03395000
v -0.00819800 0.00366100 0.03395000
v -0.00831500 0.00381800 0.03325000
v -0.00834700 0.00387700 0.03325000
v -0.00839100 0.00375300 0.03395000
v -0.00831500 0.00381800 0.03385000
v -0.00834700 0.00387700 0.03385000
v -0.00835300 0.00394500 0.03325000
v -0.00835300 0.00394500 0.03385000
v -0.00826100 0.00377700 0.03325000
v -0.00819500 0.00376100 0.03325000
v -0.00812900 0.00377400 0.03325000
v -0.00826100 0.00377700 0.03385000
v -0.00819500 0.00376100 0.03385000
v -0.00812900 0.00377400 0.03385000
v -0.00800000 0.00250000 0.03200000
v -0.00800000 0.00250000 0.03400000
v -0.00807814 0.00299327 0.03370000
v -0.00795100 0.00296300 0.03371355
v -0.00795100 0.00296300 0.03385000
v -0.00793800 0.00306200 0.03395000
v -0.00782417 0.00295987 0.03370000
v -0.00782407 0.00296187 0.03369798
v -0.00775000 0.00265000 0.03400000
v -0.00769856 0.00295677 0.03370000
v -0.00770666 0.00321888 0.03343682
v -0.00762700 0.00295500 0.03371118
v -0.00762700 0.00295500 0.03385000
v -0.00763500 0.00305500 0.03395000
v -0.00785400 0.00370700 0.03199596
v -0.00809675 0.00367818 0.03304228
v -0.00804720 0.00365763 0.03304361
v -0.00801020 0.00364228 0.03305000
v -0.00798300 0.00363100 0.03305000
v -0.00795953 0.00353220 0.03314568
v -0.00793898 0.00362514 0.03305000
v -0.00782470 0.00360994 0.03304680
v -0.00786594 0.00361543 0.03304231
v -0.00785400 0.00370700 0.03295000
v -0.00807300 0.00376800 0.03199382
v -0.00803023 0.00375149 0.03199882
v -0.00797558 0.00373627 0.03199936
v -0.00807300 0.00376800 0.03295000
v -0.00801600 0.00374600 0.03295000
v -0.00775000 0.00360000 0.03200000
v -0.00778329 0.00370531 0.03197866
v -0.00775000 0.00367500 0.03200000
v -0.00775000 0.00370451 0.03197049
v -0.00772967 0.00370402 0.03197646
v -0.00767165 0.00370476 0.03199135
v -0.00762600 0.00371000 0.03199841
v -0.00759301 0.00371730 0.03200000
v -0.00779896 0.00352466 0.03313186
v -0.00779552 0.00360606 0.03305000
v -0.00775000 0.00360000 0.03305000
v -0.00771608 0.00353718 0.03311728
v -0.00771837 0.00360421 0.03305000
v -0.00767949 0.00360938 0.03304387
v -0.00768700 0.00370300 0.03295000
v -0.00762612 0.00361648 0.03304290
v -0.00762600 0.00371000 0.03295000
v -0.00754219 0.00358340 0.03309421
v -0.00754500 0.00362727 0.03305000
v -0.00750467 0.00361794 0.03306692
v -0.00751700 0.00363100 0.03305000
v -0.00750926 0.00363421 0.03305000
v -0.00754793 0.00372727 0.03200000
v -0.00752200 0.00373300 0.03295000
v -0.00798744 0.00340194 0.03327956
v -0.00809100 0.00368100 0.03395000
v -0.00791500 0.00386200 0.03325000
v -0.00786000 0.00387400 0.03325000
v -0.00791500 0.00386200 0.03385000
v -0.00787700 0.00377000 0.03395000
v -0.00785600 0.00377500 0.03395000
v -0.00783400 0.00377200 0.03395000
v -0.00781500 0.00376200 0.03395000
v -0.00786000 0.00387400 0.03385000
v -0.00757100 0.00370100 0.03325000
v -0.00751000 0.00367100 0.03325000
v -0.00763100 0.00362100 0.03395000
v -0.00753300 0.00357400 0.03395000
v -0.00757100 0.00370100 0.03385000
v -0.00751000 0.00367100 0.03385000
v -0.00780400 0.00386700 0.03325000
v -0.00775400 0.00384100 0.03325000
v -0.00780400 0.00386700 0.03385000
v -0.00775400 0.00384100 0.03385000
v -0.00829100 0.00418800 0.02896845
v -0.00831738 0.00428599 0.02895000
v -0.00836921 0.00447851 0.02896123
v -0.00836000 0.00449200 0.02895000
v -0.00837281 0.00449187 0.02896274
v -0.00837500 0.00450000 0.02896595
v -0.00834333 0.00438238 0.02895000
v -0.00826322 0.00416022 0.02895508
v -0.00825900 0.00416300 0.02895000
v -0.00834456 0.00461344 0.02895000
v -0.00831953 0.00470668 0.02895000
v -0.00829059 0.00481341 0.02896703
v -0.00829100 0.00481300 0.02896724
v -0.00826800 0.00482300 0.02895000
v -0.00827593 0.00482801 0.02895942
v -0.00820077 0.00490284 0.02895000
v -0.00813025 0.00497305 0.02895000
v -0.00775000 0.00450000 0.02895000
v -0.00806200 0.00504100 0.02896909
v -0.00801100 0.00505200 0.02895000
v -0.00801722 0.00505306 0.02895434
v -0.00801215 0.00505442 0.02895268
v -0.00793913 0.00507408 0.02895000
v -0.00783112 0.00510316 0.02895000
v -0.00775000 0.00512500 0.02897109
v -0.00767552 0.00510495 0.02895000
v -0.00750336 0.00505860 0.02895000
v -0.00865000 0.00450000 0.03200000
v -0.00853076 0.00433181 0.03200000
v -0.00853224 0.00434127 0.03200000
v -0.00850195 0.00422887 0.03200000
v -0.00849549 0.00421098 0.03199836
v -0.00847081 0.00415915 0.03198764
v -0.00851500 0.00426500 0.03200000
v -0.00853951 0.00438809 0.03199466
v -0.00857500 0.00450000 0.03200000
v -0.00855000 0.00449000 0.03197769
v -0.00855000 0.00450000 0.03197500
v -0.00855000 0.00451235 0.03197832
v -0.00854764 0.00453015 0.03198073
v -0.00854241 0.00456959 0.03198611
v -0.00870067 0.00425301 0.03313347
v -0.00863787 0.00425707 0.03307141
v -0.00861548 0.00425851 0.03304929
v -0.00862621 0.00426019 0.03305935
v -0.00861718 0.00426261 0.03305000
v -0.00859932 0.00421955 0.03304495
v -0.00861900 0.00426700 0.03305000
v -0.00862002 0.00427463 0.03305000
v -0.00862828 0.00433674 0.03304378
v -0.00870328 0.00450000 0.03310328
v -0.00863372 0.00437766 0.03304593
v -0.00864953 0.00449650 0.03304954
v -0.00865000 0.00450000 0.03305000
v -0.00864701 0.00452246 0.03304701
v -0.00857373 0.00415786 0.03304183
v -0.00853600 0.00435400 0.03295000
v -0.00848900 0.00419300 0.03295000
v -0.00851500 0.00426500 0.03295000
v -0.00855000 0.00449000 0.03295000
v -0.00855000 0.00452000 0.03295000
v -0.00852893 0.00467142 0.03200000
v -0.00852600 0.00469348 0.03200000
v -0.00852000 0.00471600 0.03200000
v -0.00850922 0.00474474 0.03200000
v -0.00852900 0.00495000 0.03200000
v -0.00848406 0.00481184 0.03199287
v -0.00846084 0.00486429 0.03198374
v -0.00846400 0.00491300 0.03200000
v -0.00844127 0.00489986 0.03197373
v -0.00867241 0.00474599 0.03310510
v -0.00862778 0.00466700 0.03304694
v -0.00863958 0.00473953 0.03307169
v -0.00862224 0.00470862 0.03304696
v -0.00861900 0.00473300 0.03305000
v -0.00861805 0.00473529 0.03304978
v -0.00862070 0.00473260 0.03305164
v -0.00861911 0.00473218 0.03305000
v -0.00861869 0.00473374 0.03305000
v -0.00860181 0.00477444 0.03304740
v -0.00852800 0.00468600 0.03295000
v -0.00852000 0.00471600 0.03295000
v -0.00855635 0.00488406 0.03304331
v -0.00859143 0.00495180 0.03310884
v -0.00854018 0.00492424 0.03305047
v -0.00853985 0.00492384 0.03304997
v -0.00853975 0.00492409 0.03305000
v -0.00852900 0.00495000 0.03305000
v -0.00851669 0.00496602 0.03305000
v -0.00847200 0.00484400 0.03295000
v -0.00849828 0.00498996 0.03304531
v -0.00842800 0.00492400 0.03198175
v -0.00842759 0.00492459 0.03198189
v -0.00839581 0.00497041 0.03199213
v -0.00835925 0.00501400 0.03199726
v -0.00842800 0.00492400 0.03295000
v -0.00838500 0.00498600 0.03295000
v -0.00861300 0.00451600 0.03325000
v -0.00863200 0.00458100 0.03325000
v -0.00870000 0.00446900 0.03395000
v -0.00873200 0.00457300 0.03395000
v -0.00862900 0.00438600 0.03395000
v -0.00861300 0.00451600 0.03385000
v -0.00863200 0.00458100 0.03385000
v -0.00844600 0.00424500 0.03395000
v -0.00856900 0.00446500 0.03325000
v -0.00856900 0.00446500 0.03385000
v -0.00862300 0.00464800 0.03325000
v -0.00871700 0.00468200 0.03395000
v -0.00862300 0.00464800 0.03385000
v -0.00866000 0.00477500 0.03395000
v -0.00858800 0.00470600 0.03325000
v -0.00853200 0.00474400 0.03325000
v -0.00858800 0.00470600 0.03385000
v -0.00853200 0.00474400 0.03385000
v -0.00857000 0.00483700 0.03395000
v -0.00838500 0.00432400 0.03325000
v -0.00832300 0.00417400 0.03325000
v -0.00833400 0.00425800 0.03325000
v -0.00842200 0.00418700 0.03395000
v -0.00842600 0.00421900 0.03395000
v -0.00838500 0.00432400 0.03385000
v -0.00832300 0.00417400 0.03385000
v -0.00833400 0.00425800 0.03385000
v -0.00831900 0.00483300 0.03325000
v -0.00831900 0.00483300 0.03385000
v -0.00835700 0.00492500 0.03395000
v -0.00833900 0.00493700 0.03395000
v -0.00832500 0.00495400 0.03395000
v -0.00831900 0.00497500 0.03395000
v -0.00827100 0.00486300 0.03325000
v -0.00823700 0.00490800 0.03325000
v -0.00822000 0.00496200 0.03325000
v -0.00827100 0.00486300 0.03385000
v -0.00823700 0.00490800 0.03385000
v -0.00822000 0.00496200 0.03385000
v -0.00845818 0.00504211 0.03304209
v -0.00848381 0.00516931 0.03314867
v -0.00847600 0.00516293 0.03313851
v -0.00831633 0.00506067 0.03200000
v -0.00828200 0.00509800 0.03200000
v -0.00827299 0.00510551 0.03200000
v -0.00826818 0.00510882 0.03200000
v -0.00817027 0.00517621 0.03197772
v -0.00814907 0.00519015 0.03197243
v -0.00816300 0.00521400 0.03200000
v -0.00812522 0.00520586 0.03198170
v -0.00820000 0.00527900 0.03200000
v -0.00843294 0.00507494 0.03304640
v -0.00840822 0.00510710 0.03305000
v -0.00838600 0.00513600 0.03305000
v -0.00837112 0.00514744 0.03305000
v -0.00828200 0.00509800 0.03295000
v -0.00834136 0.00517032 0.03304352
v -0.00833050 0.00517867 0.03304298
v -0.00827000 0.00510800 0.03295000
v -0.00813200 0.00520300 0.03295000
v -0.00824256 0.00528689 0.03308246
v -0.00826185 0.00531714 0.03311849
v -0.00822509 0.00525971 0.03305000
v -0.00820000 0.00527900 0.03305000
v -0.00819269 0.00528203 0.03305000
v -0.00817830 0.00528800 0.03304673
v -0.00814199 0.00530306 0.03304397
v -0.00868901 0.00509938 0.03326976
v -0.00862200 0.00542568 0.03342653
v -0.00869300 0.00560200 0.03395000
v -0.00857003 0.00580753 0.03370000
v -0.00844300 0.00577400 0.03395000
v -0.00851212 0.00584745 0.03370000
v -0.00849100 0.00586200 0.03370540
v -0.00849100 0.00586200 0.03385000
v -0.00846040 0.00587469 0.03370539
v -0.00828900 0.00520400 0.03395000
v -0.00819000 0.00519100 0.03325000
v -0.00819000 0.00519100 0.03385000
v -0.00816700 0.00525500 0.03325000
v -0.00825200 0.00530700 0.03395000
v -0.00816700 0.00525500 0.03385000
v -0.00817700 0.00538700 0.03395000
v -0.00812185 0.00520807 0.03198302
v -0.00809200 0.00522300 0.03198992
v -0.00800642 0.00525603 0.03199995
v -0.00800506 0.00525645 0.03200000
v -0.00795207 0.00527273 0.03200000
v -0.00790915 0.00528223 0.03200000
v -0.00787400 0.00529000 0.03199833
v -0.00782835 0.00529524 0.03199130
v -0.00809200 0.00522300 0.03295000
v -0.00810453 0.00531860 0.03304397
v -0.00797800 0.00526700 0.03295000
v -0.00800557 0.00535964 0.03304663
v -0.00799074 0.00536579 0.03305000
v -0.00799533 0.00538206 0.03306693
v -0.00798300 0.00536900 0.03305000
v -0.00795500 0.00537273 0.03305000
v -0.00795781 0.00541661 0.03309423
v -0.00787400 0.00529000 0.03295000
v -0.00781300 0.00529700 0.03295000
v -0.00787388 0.00538352 0.03304290
v -0.00782051 0.00539062 0.03304387
v -0.00777034 0.00529598 0.03197645
v -0.00775000 0.00529549 0.03197049
v -0.00775000 0.00532500 0.03200000
v -0.00775000 0.00540000 0.03200000
v -0.00771671 0.00529469 0.03197866
v -0.00764600 0.00529300 0.03199602
v -0.00752440 0.00526373 0.03199951
v -0.00778163 0.00539579 0.03305000
v -0.00775000 0.00540000 0.03305000
v -0.00770448 0.00539394 0.03305000
v -0.00767530 0.00539006 0.03304680
v -0.00764600 0.00529300 0.03295000
v -0.00763406 0.00538457 0.03304231
v -0.00756102 0.00537486 0.03305000
v -0.00751700 0.00536900 0.03305000
v -0.00778392 0.00546282 0.03311728
v -0.00770104 0.00547534 0.03313186
v -0.00754047 0.00546780 0.03314568
v -0.00812100 0.00530400 0.03325000
v -0.00805800 0.00533000 0.03325000
v -0.00799000 0.00532900 0.03325000
v -0.00812100 0.00530400 0.03385000
v -0.00805800 0.00533000 0.03385000
v -0.00807600 0.00542900 0.03395000
v -0.00799000 0.00532900 0.03385000
v -0.00792900 0.00529900 0.03325000
v -0.00792900 0.00529900 0.03385000
v -0.00796700 0.00542600 0.03395000
v -0.00786900 0.00537900 0.03395000
v -0.00774600 0.00515900 0.03325000
v -0.00766800 0.00512700 0.03325000
v -0.00774600 0.00515900 0.03385000
v -0.00766800 0.00512700 0.03385000
v -0.00768500 0.00523800 0.03395000
v -0.00758500 0.00513800 0.03325000
v -0.00758500 0.00513800 0.03385000
v -0.00765500 0.00522600 0.03395000
v -0.00762300 0.00523000 0.03395000
v -0.00779334 0.00578111 0.03343682
v -0.00751256 0.00559807 0.03327956
v -0.01000000 0.00600000 0.03200000
v -0.00940000 0.00600000 0.03200000
v -0.01000000 0.00600000 0.03410000
v -0.00940000 0.00600000 0.03410000
v -0.00925900 0.00605400 0.03200000
v -0.00925900 0.00605400 0.03400000
v -0.00875000 0.00635400 0.03400000
v -0.00758200 0.00694300 0.03100000
v -0.00824100 0.00665400 0.03200000
v -0.00867500 0.00610200 0.03400000
v -0.00819200 0.00598600 0.03370538
v -0.00816689 0.00599064 0.03370000
v -0.00819200 0.00598600 0.03385000
v -0.00816300 0.00589000 0.03395000
v -0.00822900 0.00628700 0.03400000
v -0.00824100 0.00665400 0.03400000
v -0.00808235 0.00600628 0.03370000
v -0.00807785 0.00600711 0.03370024
v -0.00786500 0.00594500 0.03395000
v -0.00787300 0.00604500 0.03371118
v -0.00787300 0.00604500 0.03385000
v -0.00780144 0.00604323 0.03370000
v -0.00767583 0.00604013 0.03370000
v -0.00767593 0.00603813 0.03369799
v -0.00756200 0.00593800 0.03395000
v -0.00754900 0.00603700 0.03371355
v -0.00754900 0.00603700 0.03385000
v -0.00775000 0.00635000 0.03400000
v -0.00784200 0.00709000 0.03200000
v -0.00758200 0.00694300 0.03200000
v -0.00776243 0.00725662 0.03200000
v -0.00784200 0.00709000 0.03400000
v -0.00861300 0.00873500 0.03100000
v -0.00861300 0.00873500 0.03200000
v -0.00758700 0.00762400 0.03200000
v -0.00758700 0.00762400 0.03400000
v -0.00748900 0.00394800 0.02895000
v -0.00748785 0.00394558 0.02895269
v -0.00748278 0.00394694 0.02895436
v -0.00743800 0.00395900 0.02896919
v -0.00737063 0.00402637 0.02895000
v -0.00729600 0.00410100 0.02895000
v -0.00716000 0.00250000 0.03200000
v -0.00727100 0.00271300 0.03400000
v -0.00742215 0.00299289 0.03370024
v -0.00741765 0.00299372 0.03370000
v -0.00733311 0.00300936 0.03370000
v -0.00730800 0.00301400 0.03370538
v -0.00730800 0.00301400 0.03385000
v -0.00733700 0.00311000 0.03395000
v -0.00716000 0.00250000 0.03400000
v -0.00703960 0.00312531 0.03370539
v -0.00705700 0.00322600 0.03395000
v -0.00700900 0.00313800 0.03370540
v -0.00700900 0.00313800 0.03385000
v -0.00698788 0.00315255 0.03370000
v -0.00692996 0.00319247 0.03370000
v -0.00730000 0.00372100 0.03200000
v -0.00749443 0.00364036 0.03304663
v -0.00739547 0.00368140 0.03304397
v -0.00735801 0.00369694 0.03304397
v -0.00732170 0.00371200 0.03304673
v -0.00730731 0.00371797 0.03305000
v -0.00730000 0.00372100 0.03305000
v -0.00725743 0.00371310 0.03308247
v -0.00723814 0.00368286 0.03311850
v -0.00749358 0.00374397 0.03200000
v -0.00749259 0.00374435 0.03200000
v -0.00740800 0.00377700 0.03199014
v -0.00737815 0.00379193 0.03198326
v -0.00737511 0.00379402 0.03198199
v -0.00735189 0.00381003 0.03197223
v -0.00733800 0.00378600 0.03200000
v -0.00727486 0.00386302 0.03198984
v -0.00722701 0.00389449 0.03200000
v -0.00723431 0.00388969 0.03200000
v -0.00721800 0.00390200 0.03200000
v -0.00740800 0.00377700 0.03295000
v -0.00736800 0.00379700 0.03295000
v -0.00727491 0.00374029 0.03305000
v -0.00723000 0.00389200 0.03295000
v -0.00721800 0.00390200 0.03295000
v -0.00717222 0.00395178 0.03200000
v -0.00714074 0.00398601 0.03199799
v -0.00710420 0.00402957 0.03199284
v -0.00707200 0.00407600 0.03198242
v -0.00705831 0.00410089 0.03197421
v -0.00703600 0.00408800 0.03200000
v -0.00703915 0.00413572 0.03198399
v -0.00697100 0.00405000 0.03200000
v -0.00716950 0.00382133 0.03304298
v -0.00715864 0.00382968 0.03304352
v -0.00712888 0.00385256 0.03305000
v -0.00711400 0.00386400 0.03305000
v -0.00709178 0.00389290 0.03305000
v -0.00706706 0.00392506 0.03304640
v -0.00711500 0.00401400 0.03295000
v -0.00704182 0.00395789 0.03304209
v -0.00707200 0.00407600 0.03295000
v -0.00701619 0.00383068 0.03314869
v -0.00702401 0.00383708 0.03313850
v -0.00700172 0.00401004 0.03304531
v -0.00698331 0.00403398 0.03305000
v -0.00702800 0.00415600 0.03295000
v -0.00697100 0.00405000 0.03305000
v -0.00696015 0.00407616 0.03304997
v -0.00695982 0.00407576 0.03305047
v -0.00696025 0.00407591 0.03305000
v -0.00694365 0.00411594 0.03304331
v -0.00690857 0.00404820 0.03310884
v -0.00744200 0.00367000 0.03325000
v -0.00737900 0.00369600 0.03325000
v -0.00742400 0.00357100 0.03395000
v -0.00744200 0.00367000 0.03385000
v -0.00737900 0.00369600 0.03385000
v -0.00732300 0.00361300 0.03395000
v -0.00724800 0.00369300 0.03395000
v -0.00733300 0.00374500 0.03325000
v -0.00731000 0.00380900 0.03325000
v -0.00733300 0.00374500 0.03385000
v -0.00731000 0.00380900 0.03385000
v -0.00721100 0.00379600 0.03395000
v -0.00728000 0.00403800 0.03325000
v -0.00726300 0.00409200 0.03325000
v -0.00722900 0.00413700 0.03325000
v -0.00728000 0.00403800 0.03385000
v -0.00726300 0.00409200 0.03385000
v -0.00722900 0.00413700 0.03385000
v -0.00687801 0.00357432 0.03342653
v -0.00718100 0.00402500 0.03395000
v -0.00717500 0.00404600 0.03395000
v -0.00716100 0.00406300 0.03395000
v -0.00714300 0.00407500 0.03395000
v -0.00681200 0.00256200 0.03200000
v -0.00650800 0.00274200 0.03200000
v -0.00681200 0.00256200 0.03400000
v -0.00682500 0.00289800 0.03400000
v -0.00650800 0.00274200 0.03400000
v -0.00644200 0.00319200 0.03400000
v -0.00680700 0.00339800 0.03395000
v -0.00674200 0.00332200 0.03371180
v -0.00674200 0.00332200 0.03385000
v -0.00670909 0.00335668 0.03370427
v -0.00669036 0.00337642 0.03370000
v -0.00661282 0.00345813 0.03370000
v -0.00659900 0.00361800 0.03395000
v -0.00681099 0.00390062 0.03326976
v -0.00651900 0.00355700 0.03371434
v -0.00651900 0.00355700 0.03385000
v -0.00645245 0.00366608 0.03370060
v -0.00644958 0.00367078 0.03370000
v -0.00644100 0.00387700 0.03395000
v -0.00638962 0.00376906 0.03370000
v -0.00635000 0.00383400 0.03371181
v -0.00635000 0.00383400 0.03385000
v -0.00628045 0.00403224 0.03370000
v -0.00628118 0.00403015 0.03370012
v -0.00625035 0.00411805 0.03370000
v -0.00723200 0.00417700 0.02895000
v -0.00722464 0.00417236 0.02895869
v -0.00721115 0.00418585 0.02896572
v -0.00720900 0.00418800 0.02896683
v -0.00737409 0.00497736 0.02895000
v -0.00730333 0.00490692 0.02895000
v -0.00724100 0.00483700 0.02895000
v -0.00723625 0.00484013 0.02895571
v -0.00724080 0.00484467 0.02895529
v -0.00720900 0.00481300 0.02896888
v -0.00718092 0.00429229 0.02895000
v -0.00715536 0.00438725 0.02895000
v -0.00714000 0.00450800 0.02895000
v -0.00713077 0.00452151 0.02896131
v -0.00712500 0.00450000 0.02896595
v -0.00712718 0.00450813 0.02896275
v -0.00715680 0.00461849 0.02895000
v -0.00718219 0.00471312 0.02895000
v -0.00743800 0.00504100 0.02897014
v -0.00701594 0.00418815 0.03199307
v -0.00699134 0.00425375 0.03200000
v -0.00698000 0.00428400 0.03200000
v -0.00697399 0.00430652 0.03200000
v -0.00697095 0.00432944 0.03200000
v -0.00696649 0.00436310 0.03199540
v -0.00695234 0.00446996 0.03198075
v -0.00695000 0.00448765 0.03197833
v -0.00695000 0.00450000 0.03197500
v -0.00695000 0.00451000 0.03197769
v -0.00692500 0.00450000 0.03200000
v -0.00698000 0.00428400 0.03295000
v -0.00697200 0.00431400 0.03295000
v -0.00689819 0.00422556 0.03304740
v -0.00688100 0.00426700 0.03305000
v -0.00688195 0.00426471 0.03304978
v -0.00688131 0.00426626 0.03305000
v -0.00688089 0.00426782 0.03305000
v -0.00687931 0.00426740 0.03305164
v -0.00687776 0.00429138 0.03304696
v -0.00695000 0.00448000 0.03295000
v -0.00695000 0.00451000 0.03295000
v -0.00712105 0.00498383 0.03198978
v -0.00712693 0.00499344 0.03199252
v -0.00706038 0.00489891 0.03197181
v -0.00704515 0.00487055 0.03197945
v -0.00703600 0.00491300 0.03200000
v -0.00708300 0.00494100 0.03198617
v -0.00696049 0.00461190 0.03199459
v -0.00696924 0.00466819 0.03200000
v -0.00696791 0.00465964 0.03200000
v -0.00699736 0.00476922 0.03200000
v -0.00700450 0.00478901 0.03199817
v -0.00698500 0.00473500 0.03200000
v -0.00702919 0.00484085 0.03198742
v -0.00697100 0.00495000 0.03200000
v -0.00709100 0.00495400 0.03295000
v -0.00708300 0.00494100 0.03295000
v -0.00696400 0.00464600 0.03295000
v -0.00698500 0.00473500 0.03295000
v -0.00687999 0.00472537 0.03305000
v -0.00688100 0.00473300 0.03305000
v -0.00688452 0.00474149 0.03304929
v -0.00688282 0.00473739 0.03305000
v -0.00690068 0.00478045 0.03304495
v -0.00701100 0.00480700 0.03295000
v -0.00701451 0.00500660 0.03304282
v -0.00700638 0.00499602 0.03304420
v -0.00698436 0.00496738 0.03305000
v -0.00695744 0.00491731 0.03305000
v -0.00697100 0.00495000 0.03305000
v -0.00692627 0.00484214 0.03304183
v -0.00694468 0.00499268 0.03309726
v -0.00718100 0.00416700 0.03325000
v -0.00718100 0.00416700 0.03385000
v -0.00696800 0.00425600 0.03325000
v -0.00691200 0.00429400 0.03325000
v -0.00687700 0.00435200 0.03325000
v -0.00696800 0.00425600 0.03385000
v -0.00693000 0.00416300 0.03395000
v -0.00691200 0.00429400 0.03385000
v -0.00687700 0.00435200 0.03385000
v -0.00693100 0.00453500 0.03325000
v -0.00688700 0.00448400 0.03325000
v -0.00693100 0.00453500 0.03385000
v -0.00688700 0.00448400 0.03385000
v -0.00711500 0.00467600 0.03325000
v -0.00716600 0.00474200 0.03325000
v -0.00711500 0.00467600 0.03385000
v -0.00716600 0.00474200 0.03385000
v -0.00707400 0.00478100 0.03395000
v -0.00705400 0.00475500 0.03395000
v -0.00717700 0.00482600 0.03325000
v -0.00717700 0.00482600 0.03385000
v -0.00707800 0.00481300 0.03395000
v -0.00742700 0.00523200 0.03199402
v -0.00735704 0.00519479 0.03197565
v -0.00735122 0.00519113 0.03197356
v -0.00746977 0.00524851 0.03199901
v -0.00732545 0.00517500 0.03198055
v -0.00730794 0.00516403 0.03198531
v -0.00733800 0.00521400 0.03200000
v -0.00723400 0.00511100 0.03200000
v -0.00723635 0.00511268 0.03200000
v -0.00720848 0.00508848 0.03200000
v -0.00730000 0.00527900 0.03200000
v -0.00742700 0.00523200 0.03295000
v -0.00748400 0.00525400 0.03295000
v -0.00745280 0.00534237 0.03304361
v -0.00748980 0.00535772 0.03305000
v -0.00740325 0.00532182 0.03304228
v -0.00736580 0.00530629 0.03304444
v -0.00733300 0.00518200 0.03295000
v -0.00723400 0.00511100 0.03295000
v -0.00720000 0.00508100 0.03295000
v -0.00731209 0.00528402 0.03305000
v -0.00730000 0.00527900 0.03305000
v -0.00729402 0.00527440 0.03305000
v -0.00728204 0.00526519 0.03304749
v -0.00729920 0.00530681 0.03307621
v -0.00724869 0.00523955 0.03304743
v -0.00718726 0.00506376 0.03200000
v -0.00716516 0.00517533 0.03304387
v -0.00713356 0.00515104 0.03304656
v -0.00711400 0.00513600 0.03305000
v -0.00712032 0.00514086 0.03305000
v -0.00709552 0.00511197 0.03305000
v -0.00703943 0.00503901 0.03304502
v -0.00710911 0.00515236 0.03306609
v -0.00737100 0.00522600 0.03325000
v -0.00737100 0.00522600 0.03385000
v -0.00740900 0.00531900 0.03395000
v -0.00723900 0.00522300 0.03325000
v -0.00723900 0.00522300 0.03385000
v -0.00730500 0.00523900 0.03325000
v -0.00730500 0.00523900 0.03385000
v -0.00730200 0.00533900 0.03395000
v -0.00719600 0.00531300 0.03395000
v -0.00726700 0.00586700 0.03395000
v -0.00715300 0.00512300 0.03325000
v -0.00714700 0.00505500 0.03325000
v -0.00718500 0.00518200 0.03325000
v -0.00715300 0.00512300 0.03385000
v -0.00714700 0.00505500 0.03385000
v -0.00718500 0.00518200 0.03385000
v -0.00704800 0.00504200 0.03395000
v -0.00705700 0.00515100 0.03395000
v -0.00710900 0.00524700 0.03395000
v -0.00687613 0.00530824 0.03334595
v -0.00715396 0.00556347 0.03337136
v -0.00705558 0.00568290 0.03352317
v -0.00703622 0.00586750 0.03370000
v -0.00699300 0.00573700 0.03395000
v -0.00696174 0.00583191 0.03370000
v -0.00694100 0.00582200 0.03370482
v -0.00691478 0.00580190 0.03370487
v -0.00694100 0.00582200 0.03385000
v -0.00685000 0.00450000 0.03200000
v -0.00686038 0.00426047 0.03307173
v -0.00682765 0.00425402 0.03310504
v -0.00687222 0.00433300 0.03304694
v -0.00685299 0.00447754 0.03304701
v -0.00685000 0.00450000 0.03305000
v -0.00685047 0.00450350 0.03304954
v -0.00679671 0.00450000 0.03310329
v -0.00686628 0.00462234 0.03304593
v -0.00687172 0.00466326 0.03304378
v -0.00687379 0.00473981 0.03305935
v -0.00686213 0.00474293 0.03307141
v -0.00679933 0.00474699 0.03313347
v -0.00684000 0.00422500 0.03395000
v -0.00678300 0.00431800 0.03395000
v -0.00686800 0.00441900 0.03325000
v -0.00686800 0.00441900 0.03385000
v -0.00680000 0.00453100 0.03395000
v -0.00676800 0.00442700 0.03395000
v -0.00657920 0.00455282 0.03332775
v -0.00687100 0.00461400 0.03395000
v -0.00679508 0.00499866 0.03323264
v -0.00634000 0.00416300 0.03395000
v -0.00630268 0.00448587 0.03359920
v -0.00630000 0.00446300 0.03395000
v -0.00632500 0.00476500 0.03395000
v -0.00628288 0.00497361 0.03370000
v -0.00674057 0.00553174 0.03359576
v -0.00675300 0.00555300 0.03395000
v -0.00668400 0.00562500 0.03370507
v -0.00668400 0.00562500 0.03385000
v -0.00666807 0.00560643 0.03370000
v -0.00661328 0.00554255 0.03370000
v -0.00660885 0.00553738 0.03370037
v -0.00641100 0.00505600 0.03395000
v -0.00655600 0.00532200 0.03395000
v -0.00643798 0.00531419 0.03370000
v -0.00647300 0.00537900 0.03371178
v -0.00647300 0.00537900 0.03385000
v -0.00638586 0.00520044 0.03369172
v -0.00637848 0.00520408 0.03370000
v -0.00631900 0.00509400 0.03371287
v -0.00631900 0.00509400 0.03385000
v -0.00644200 0.00580800 0.03400000
v -0.00620600 0.00306700 0.03200000
v -0.00613300 0.00315900 0.03200000
v -0.00620600 0.00306700 0.03400000
v -0.00613300 0.00315900 0.03400000
v -0.00588471 0.00267054 0.03500000
v -0.00574164 0.00324171 0.03500000
v -0.00614800 0.00357500 0.03400000
v -0.00624300 0.00413900 0.03370459
v -0.00624300 0.00413900 0.03385000
v -0.00596300 0.00402100 0.03400000
v -0.00550000 0.00271300 0.03200000
v -0.00550000 0.00391500 0.03200000
v -0.00550031 0.00391644 0.03200000
v -0.00554328 0.00379610 0.03500000
v -0.00567900 0.00474200 0.03100000
v -0.00618400 0.00542100 0.03100000
v -0.00553600 0.00429300 0.03100000
v -0.00567900 0.00474200 0.03200000
v -0.00620445 0.00442769 0.03370517
v -0.00620000 0.00446100 0.03370519
v -0.00620000 0.00446100 0.03385000
v -0.00620196 0.00448530 0.03370000
v -0.00620809 0.00456150 0.03370000
v -0.00622600 0.00478400 0.03371136
v -0.00622600 0.00478400 0.03385000
v -0.00623968 0.00482959 0.03370367
v -0.00624628 0.00485161 0.03370000
v -0.00596300 0.00497900 0.03400000
v -0.00590000 0.00450000 0.03400000
v -0.00618400 0.00542100 0.03200000
v -0.00614800 0.00542500 0.03400000
v -0.00529153 0.00432838 0.03500000
v -0.00506000 0.00575200 0.03400000
v -0.00506000 0.00575200 0.03500000
v -0.00588471 0.00267054 0.03640000
v -0.00574164 0.00324171 0.03640000
v -0.00588471 0.00267054 0.03700000
v -0.00574164 0.00324171 0.03700000
v -0.00554328 0.00379610 0.03640000
v -0.00554328 0.00379610 0.03700000
v -0.00529153 0.00432838 0.03640000
v -0.00529153 0.00432838 0.03700000
v -0.00742186 0.00600673 0.03370000
v -0.00730454 0.00597880 0.03370000
v -0.00728003 0.00597296 0.03370403
v -0.00723400 0.00596200 0.03371161
v -0.00723400 0.00596200 0.03385000
v -0.00727100 0.00628700 0.03400000
v -0.00682500 0.00610200 0.03400000
v -0.00750000 0.00820800 0.03200000
v -0.00750000 0.00820800 0.03400000
v -0.00625700 0.00836500 0.03400000
v -0.00625700 0.00836500 0.03500000
v -0.00520700 0.00610700 0.03400000
v -0.00520700 0.00610700 0.03500000
v -0.00520900 0.00649100 0.03400000
v -0.00520900 0.00649100 0.03500000
v -0.00546300 0.00736200 0.03400000
v -0.00546300 0.00736200 0.03500000
v -0.00523200 0.00695700 0.03400000
v -0.00523200 0.00695700 0.03500000
v -0.00533500 0.00878700 0.03200000
v -0.00533500 0.00878700 0.03500000
v -0.00588471 0.00267054 0.05200000
v -0.00574164 0.00324171 0.05200000
v -0.00585638 0.00266491 0.05258810
v -0.00577164 0.00264805 0.05317054
v -0.00563132 0.00262014 0.05374171
v -0.00571399 0.00323332 0.05258810
v -0.00563132 0.00320824 0.05317054
v -0.00549441 0.00316671 0.05374171
v -0.00554328 0.00379610 0.05200000
v -0.00551658 0.00378504 0.05258810
v -0.00543676 0.00375198 0.05317054
v -0.00530459 0.00369723 0.05374171
v -0.00543676 0.00258144 0.05429610
v -0.00518985 0.00253233 0.05482838
v -0.00530459 0.00310913 0.05429610
v -0.00506368 0.00303605 0.05482838
v -0.00512132 0.00362132 0.05429610
v -0.00529153 0.00432838 0.05200000
v -0.00526605 0.00431476 0.05258810
v -0.00518985 0.00427403 0.05317054
v -0.00506368 0.00420659 0.05374171
v -0.00380636 -0.00313806 0.03500000
v -0.00463806 -0.00230636 0.03500000
v -0.00498882 -0.00183342 0.03500000
v -0.00424264 -0.00274264 0.03500000
v -0.00333342 -0.00348882 0.03500000
v -0.00282838 -0.00379153 0.03500000
v -0.00491400 -0.00031400 0.03200000
v -0.00426500 -0.00074800 0.03200000
v -0.00350000 -0.00090000 0.03200000
v -0.00229610 -0.00404328 0.03500000
v -0.00174171 -0.00424164 0.03500000
v -0.00117054 -0.00438471 0.03500000
v -0.00058810 -0.00447111 0.03500000
v -0.00000000 -0.00450000 0.03500000
v -0.00070000 0.00210000 0.03200000
v -0.00070000 0.00210000 0.03500000
v -0.00380636 -0.00313806 0.05200000
v -0.00378803 -0.00311573 0.05258810
v -0.00463806 -0.00230636 0.05200000
v -0.00461573 -0.00228803 0.05258810
v -0.00454894 -0.00223322 0.05317054
v -0.00443835 -0.00214246 0.05374171
v -0.00498882 -0.00183342 0.05200000
v -0.00496479 -0.00181737 0.05258810
v -0.00489296 -0.00176937 0.05317054
v -0.00477400 -0.00168989 0.05374171
v -0.00424264 -0.00274264 0.05200000
v -0.00422221 -0.00272221 0.05258810
v -0.00416112 -0.00266112 0.05317054
v -0.00405995 -0.00255995 0.05374171
v -0.00488873 -0.00111308 0.05429610
v -0.00460907 -0.00157968 0.05429610
v -0.00439974 -0.00143982 0.05482838
v -0.00428501 -0.00201662 0.05429610
v -0.00391969 -0.00241969 0.05429610
v -0.00409041 -0.00185691 0.05482838
v -0.00414805 -0.00127164 0.05533342
v -0.00385641 -0.00166487 0.05533342
v -0.00385641 -0.00107677 0.05580636
v -0.00333342 -0.00348882 0.05200000
v -0.00373322 -0.00304894 0.05317054
v -0.00364246 -0.00293835 0.05374171
v -0.00331737 -0.00346480 0.05258810
v -0.00326937 -0.00339296 0.05317054
v -0.00318989 -0.00327400 0.05374171
v -0.00282838 -0.00379153 0.05200000
v -0.00281476 -0.00376605 0.05258810
v -0.00277403 -0.00368985 0.05317054
v -0.00270659 -0.00356368 0.05374171
v -0.00351662 -0.00278501 0.05429610
v -0.00307968 -0.00310907 0.05429610
v -0.00293982 -0.00289974 0.05482838
v -0.00261308 -0.00338873 0.05429610
v -0.00374168 -0.00224168 0.05482838
v -0.00352763 -0.00202763 0.05533342
v -0.00335691 -0.00259041 0.05482838
v -0.00316487 -0.00235641 0.05533342
v -0.00358527 -0.00144236 0.05580636
v -0.00327961 -0.00177961 0.05580636
v -0.00327961 -0.00119150 0.05624264
v -0.00294236 -0.00208527 0.05580636
v -0.00277164 -0.00264805 0.05533342
v -0.00257677 -0.00235641 0.05580636
v -0.00300000 -0.00150000 0.05624264
v -0.00269150 -0.00177961 0.05624264
v -0.00269150 -0.00119150 0.05663806
v -0.00488873 -0.00052498 0.05482838
v -0.00466671 -0.00099441 0.05482838
v -0.00439974 -0.00085171 0.05533342
v -0.00460907 -0.00040914 0.05533342
v -0.00477400 0.00005182 0.05533342
v -0.00489296 0.00052673 0.05533342
v -0.00443835 0.00015364 0.05580636
v -0.00454894 0.00059516 0.05580636
v -0.00409041 -0.00068637 0.05580636
v -0.00428501 -0.00027491 0.05580636
v -0.00416112 0.00067230 0.05624264
v -0.00391969 -0.00012359 0.05624264
v -0.00405995 0.00026843 0.05624264
v -0.00496479 0.00101101 0.05533342
v -0.00498882 0.00150000 0.05533342
v -0.00461573 0.00104539 0.05580636
v -0.00463806 0.00150000 0.05580636
v -0.00496479 0.00198899 0.05533342
v -0.00461573 0.00195461 0.05580636
v -0.00454894 0.00240484 0.05580636
v -0.00422221 0.00108415 0.05624264
v -0.00424264 0.00150000 0.05624264
v -0.00378803 0.00112691 0.05663806
v -0.00380636 0.00150000 0.05663806
v -0.00422221 0.00191585 0.05624264
v -0.00416112 0.00232770 0.05624264
v -0.00378803 0.00187309 0.05663806
v -0.00352763 -0.00085708 0.05624264
v -0.00374168 -0.00049997 0.05624264
v -0.00316487 -0.00061470 0.05663806
v -0.00335691 -0.00029431 0.05663806
v -0.00351662 0.00004337 0.05663806
v -0.00364246 0.00039507 0.05663806
v -0.00318989 0.00053236 0.05698882
v -0.00294236 -0.00091473 0.05663806
v -0.00257677 -0.00061470 0.05698882
v -0.00277164 -0.00035195 0.05698882
v -0.00307968 0.00022435 0.05698882
v -0.00293982 -0.00007136 0.05698882
v -0.00270659 0.00067896 0.05729153
v -0.00261308 0.00041763 0.05729153
v -0.00373322 0.00075742 0.05663806
v -0.00326937 0.00084968 0.05698882
v -0.00331737 0.00117327 0.05698882
v -0.00333342 0.00150000 0.05698882
v -0.00373322 0.00224258 0.05663806
v -0.00331737 0.00182673 0.05698882
v -0.00326937 0.00215032 0.05698882
v -0.00281476 0.00122277 0.05729153
v -0.00282838 0.00150000 0.05729153
v -0.00277403 0.00094821 0.05729153
v -0.00281476 0.00177723 0.05729153
v -0.00277403 0.00205179 0.05729153
v -0.00270659 0.00232104 0.05729153
v -0.00229610 -0.00404328 0.05200000
v -0.00228504 -0.00401658 0.05258810
v -0.00225198 -0.00393676 0.05317054
v -0.00219723 -0.00380459 0.05374171
v -0.00174171 -0.00424164 0.05200000
v -0.00173332 -0.00421399 0.05258810
v -0.00170824 -0.00413132 0.05317054
v -0.00166671 -0.00399441 0.05374171
v -0.00249441 -0.00316671 0.05482838
v -0.00235171 -0.00289974 0.05533342
v -0.00212132 -0.00362132 0.05429610
v -0.00202498 -0.00338873 0.05482838
v -0.00190914 -0.00310907 0.05533342
v -0.00160913 -0.00380459 0.05429610
v -0.00177491 -0.00278501 0.05580636
v -0.00153605 -0.00356368 0.05482838
v -0.00144818 -0.00327400 0.05533342
v -0.00134636 -0.00293835 0.05580636
v -0.00218637 -0.00259041 0.05580636
v -0.00235708 -0.00202763 0.05624264
v -0.00199997 -0.00224168 0.05624264
v -0.00241473 -0.00144236 0.05663806
v -0.00211470 -0.00166487 0.05663806
v -0.00211470 -0.00107677 0.05698882
v -0.00162359 -0.00241969 0.05624264
v -0.00145663 -0.00201662 0.05663806
v -0.00179431 -0.00185691 0.05663806
v -0.00185195 -0.00127164 0.05698882
v -0.00157136 -0.00143982 0.05698882
v -0.00127565 -0.00157968 0.05698882
v -0.00117054 -0.00438471 0.05200000
v -0.00116491 -0.00435637 0.05258810
v -0.00114805 -0.00427164 0.05317054
v -0.00112014 -0.00413132 0.05374171
v -0.00058810 -0.00447111 0.05200000
v -0.00000000 -0.00450000 0.05200000
v -0.00058527 -0.00444236 0.05258810
v -0.00057680 -0.00435637 0.05317054
v -0.00056278 -0.00421399 0.05374171
v -0.00000000 -0.00447111 0.05258810
v -0.00000000 -0.00438471 0.05317054
v -0.00000000 -0.00424164 0.05374171
v -0.00108144 -0.00393676 0.05429610
v -0.00103233 -0.00368985 0.05482838
v -0.00097327 -0.00339296 0.05533342
v -0.00090484 -0.00304894 0.05580636
v -0.00054334 -0.00401658 0.05429610
v -0.00051866 -0.00376605 0.05482838
v -0.00000000 -0.00404328 0.05429610
v -0.00000000 -0.00379153 0.05482838
v -0.00048899 -0.00346480 0.05533342
v -0.00045461 -0.00311573 0.05580636
v -0.00000000 -0.00348882 0.05533342
v -0.00123157 -0.00255995 0.05624264
v -0.00110493 -0.00214246 0.05663806
v -0.00082770 -0.00266112 0.05624264
v -0.00074258 -0.00223322 0.05663806
v -0.00096764 -0.00168989 0.05698882
v -0.00108237 -0.00111308 0.05729153
v -0.00065032 -0.00176937 0.05698882
v -0.00082104 -0.00120659 0.05729153
v -0.00041585 -0.00272221 0.05624264
v -0.00037309 -0.00228803 0.05663806
v -0.00032673 -0.00181737 0.05698882
v -0.00055179 -0.00127403 0.05729153
v -0.00027723 -0.00131476 0.05729153
v -0.00235708 -0.00085708 0.05698882
v -0.00218637 -0.00029431 0.05729153
v -0.00199997 -0.00049997 0.05729153
v -0.00235171 -0.00007136 0.05729153
v -0.00249441 0.00016671 0.05729153
v -0.00190914 0.00022435 0.05754328
v -0.00212132 0.00062132 0.05754328
v -0.00202498 0.00041763 0.05754328
v -0.00179431 -0.00068637 0.05729153
v -0.00157136 -0.00085171 0.05729153
v -0.00133329 -0.00099441 0.05729153
v -0.00145663 -0.00027491 0.05754328
v -0.00127565 -0.00040914 0.05754328
v -0.00177491 0.00004337 0.05754328
v -0.00162359 -0.00012359 0.05754328
v -0.00153605 0.00067896 0.05774164
v -0.00144818 0.00053236 0.05774164
v -0.00134636 0.00039507 0.05774164
v -0.00219723 0.00083348 0.05754328
v -0.00225198 0.00105205 0.05754328
v -0.00228504 0.00127494 0.05754328
v -0.00229610 0.00150000 0.05754328
v -0.00228504 0.00172506 0.05754328
v -0.00225198 0.00194795 0.05754328
v -0.00219723 0.00216652 0.05754328
v -0.00212132 0.00237868 0.05754328
v -0.00160913 0.00083348 0.05774164
v -0.00166671 0.00099441 0.05774164
v -0.00173332 0.00132928 0.05774164
v -0.00174171 0.00150000 0.05774164
v -0.00170824 0.00116021 0.05774164
v -0.00173332 0.00167072 0.05774164
v -0.00170824 0.00183979 0.05774164
v -0.00166671 0.00200559 0.05774164
v -0.00160913 0.00216652 0.05774164
v -0.00153605 0.00232104 0.05774164
v -0.00108237 -0.00052498 0.05754328
v -0.00087868 -0.00062132 0.05754328
v -0.00066652 -0.00069723 0.05754328
v -0.00110493 0.00015364 0.05774164
v -0.00096764 0.00005182 0.05774164
v -0.00123157 0.00026843 0.05774164
v -0.00082104 -0.00003605 0.05774164
v -0.00066652 -0.00010913 0.05774164
v -0.00082770 0.00067230 0.05788471
v -0.00074258 0.00059516 0.05788471
v -0.00065032 0.00052673 0.05788471
v -0.00044795 -0.00075198 0.05754328
v -0.00033979 -0.00020824 0.05774164
v -0.00022506 -0.00078504 0.05754328
v -0.00017072 -0.00023332 0.05774164
v -0.00050559 -0.00016671 0.05774164
v -0.00055179 0.00046767 0.05788471
v -0.00044795 0.00041856 0.05788471
v -0.00033979 0.00037986 0.05788471
v -0.00022836 0.00035195 0.05788471
v -0.00011473 0.00033509 0.05788471
v -0.00097327 0.00084968 0.05788471
v -0.00103233 0.00094821 0.05788471
v -0.00108144 0.00105205 0.05788471
v -0.00112014 0.00116021 0.05788471
v -0.00114805 0.00127164 0.05788471
v -0.00116491 0.00138527 0.05788471
v -0.00117054 0.00150000 0.05788471
v -0.00090484 0.00075742 0.05788471
v -0.00116491 0.00161473 0.05788471
v -0.00114805 0.00172836 0.05788471
v -0.00112014 0.00183979 0.05788471
v -0.00108144 0.00194795 0.05788471
v -0.00103233 0.00205179 0.05788471
v -0.00097327 0.00215032 0.05788471
v -0.00090484 0.00224258 0.05788471
v -0.00082770 0.00232770 0.05788471
v -0.00074258 0.00240484 0.05788471
v -0.00041585 0.00108415 0.05797111
v -0.00032673 0.00101101 0.05797111
v -0.00037309 0.00104539 0.05797111
v -0.00056278 0.00132928 0.05797111
v -0.00051866 0.00122277 0.05797111
v -0.00048899 0.00117327 0.05797111
v -0.00054334 0.00127494 0.05797111
v -0.00057680 0.00138527 0.05797111
v -0.00058527 0.00144236 0.05797111
v -0.00058810 0.00150000 0.05797111
v -0.00058527 0.00155764 0.05797111
v -0.00045461 0.00112691 0.05797111
v -0.00027723 0.00098134 0.05797111
v -0.00022506 0.00095666 0.05797111
v -0.00017072 0.00093722 0.05797111
v -0.00011473 0.00092320 0.05797111
v -0.00005764 0.00091473 0.05797111
v -0.00057680 0.00161473 0.05797111
v -0.00056278 0.00167072 0.05797111
v -0.00054334 0.00172506 0.05797111
v -0.00051866 0.00177723 0.05797111
v -0.00048899 0.00182673 0.05797111
v -0.00045461 0.00187309 0.05797111
v -0.00041585 0.00191585 0.05797111
v -0.00037309 0.00195461 0.05797111
v -0.00032673 0.00198899 0.05797111
v -0.00027723 0.00201866 0.05797111
v -0.00022506 0.00204334 0.05797111
v -0.00017072 0.00206278 0.05797111
v -0.00011473 0.00207680 0.05797111
v -0.00005764 0.00208527 0.05797111
v -0.00381500 0.00336500 0.03100000
v -0.00498882 0.00483342 0.03500000
v -0.00479000 0.00547800 0.03400000
v -0.00479000 0.00547800 0.03500000
v -0.00440400 0.00523000 0.03400000
v -0.00463806 0.00530636 0.03500000
v -0.00458647 0.00536328 0.03500000
v -0.00424264 0.00574264 0.03500000
v -0.00352500 0.00476500 0.03400000
v -0.00352500 0.00476500 0.03500000
v -0.00498882 0.00483342 0.03640000
v -0.00498882 0.00483342 0.03700000
v -0.00463806 0.00530636 0.03640000
v -0.00463806 0.00530636 0.03700000
v -0.00424264 0.00574264 0.03640000
v -0.00424264 0.00574264 0.03700000
v -0.00380636 0.00613806 0.03500000
v -0.00496300 0.00931000 0.03100000
v -0.00386400 0.00804100 0.03100000
v -0.00447800 0.00778900 0.03200000
v -0.00447800 0.00778900 0.03500000
v -0.00449600 0.00891500 0.03371600
v -0.00337400 0.00646200 0.03200000
v -0.00337400 0.00646200 0.03400000
v -0.00333342 0.00648882 0.03500000
v -0.00354900 0.00705500 0.03200000
v -0.00354900 0.00705500 0.03400000
v -0.00343800 0.00698400 0.03400000
v -0.00343800 0.00698400 0.03500000
v -0.00292603 0.00673300 0.03500000
v -0.00282838 0.00679153 0.03500000
v -0.00358500 0.00800400 0.03371600
v -0.00380636 0.00613806 0.03640000
v -0.00380636 0.00613806 0.03700000
v -0.00333342 0.00648882 0.03640000
v -0.00333342 0.00648882 0.03700000
v -0.00282838 0.00679153 0.03640000
v -0.00282838 0.00679153 0.03700000
v -0.00194600 0.00279300 0.03100000
v -0.00215700 0.00427800 0.03400000
v -0.00215700 0.00427800 0.03500000
v -0.00070000 0.00312600 0.03200000
v -0.00070000 0.00360000 0.03390000
v -0.00070000 0.00360000 0.03500000
v -0.00072600 0.00403100 0.03400000
v -0.00072600 0.00403100 0.03500000
v -0.00070000 0.00463100 0.03350000
v -0.00070000 0.00463100 0.03390000
v -0.00245100 0.00713300 0.03100000
v -0.00225700 0.00640500 0.03400000
v -0.00225700 0.00640500 0.03500000
v -0.00229610 0.00704328 0.03500000
v -0.00249500 0.00731900 0.03371600
v -0.00174171 0.00724164 0.03500000
v -0.00127900 0.00689400 0.03371600
v -0.00084000 0.00666000 0.03100000
v -0.00098400 0.00607500 0.03400000
v -0.00098400 0.00607500 0.03500000
v -0.00117054 0.00738471 0.03500000
v -0.00058810 0.00747111 0.03500000
v -0.00229610 0.00704328 0.03640000
v -0.00229610 0.00704328 0.03700000
v -0.00174171 0.00724164 0.03640000
v -0.00174171 0.00724164 0.03700000
v -0.00117054 0.00738471 0.03640000
v -0.00117054 0.00738471 0.03700000
v -0.00058810 0.00747111 0.03640000
v -0.00058810 0.00747111 0.03700000
v -0.00489296 0.00247327 0.05533342
v -0.00477400 0.00294818 0.05533342
v -0.00443835 0.00284636 0.05580636
v -0.00488873 0.00352498 0.05482838
v -0.00488873 0.00411308 0.05429610
v -0.00460907 0.00340914 0.05533342
v -0.00466671 0.00399441 0.05482838
v -0.00439974 0.00385171 0.05533342
v -0.00428501 0.00327491 0.05580636
v -0.00405995 0.00273157 0.05624264
v -0.00391969 0.00312359 0.05624264
v -0.00409041 0.00368637 0.05580636
v -0.00385641 0.00407677 0.05580636
v -0.00498882 0.00483342 0.05200000
v -0.00489296 0.00476937 0.05317054
v -0.00496479 0.00481737 0.05258810
v -0.00477400 0.00468989 0.05374171
v -0.00463806 0.00530636 0.05200000
v -0.00454894 0.00523322 0.05317054
v -0.00461573 0.00528803 0.05258810
v -0.00443835 0.00514246 0.05374171
v -0.00424264 0.00574264 0.05200000
v -0.00422221 0.00572221 0.05258810
v -0.00416112 0.00566112 0.05317054
v -0.00405995 0.00555995 0.05374171
v -0.00460907 0.00457968 0.05429610
v -0.00439974 0.00443982 0.05482838
v -0.00414805 0.00427164 0.05533342
v -0.00428501 0.00501662 0.05429610
v -0.00409041 0.00485691 0.05482838
v -0.00385641 0.00466487 0.05533342
v -0.00391969 0.00541969 0.05429610
v -0.00364246 0.00260493 0.05663806
v -0.00351662 0.00295663 0.05663806
v -0.00318989 0.00246764 0.05698882
v -0.00374168 0.00349997 0.05624264
v -0.00352763 0.00385708 0.05624264
v -0.00335691 0.00329431 0.05663806
v -0.00316487 0.00361470 0.05663806
v -0.00307968 0.00277565 0.05698882
v -0.00293982 0.00307136 0.05698882
v -0.00261308 0.00258237 0.05729153
v -0.00294236 0.00391473 0.05663806
v -0.00277164 0.00335195 0.05698882
v -0.00257677 0.00361470 0.05698882
v -0.00358527 0.00444236 0.05580636
v -0.00327961 0.00477961 0.05580636
v -0.00327961 0.00419150 0.05624264
v -0.00374168 0.00524167 0.05482838
v -0.00352763 0.00502763 0.05533342
v -0.00351662 0.00578501 0.05429610
v -0.00316487 0.00535641 0.05533342
v -0.00335691 0.00559041 0.05482838
v -0.00300000 0.00450000 0.05624264
v -0.00269150 0.00419150 0.05663806
v -0.00269150 0.00477961 0.05624264
v -0.00294236 0.00508527 0.05580636
v -0.00257677 0.00535641 0.05580636
v -0.00277164 0.00564805 0.05533342
v -0.00380636 0.00613806 0.05200000
v -0.00378803 0.00611573 0.05258810
v -0.00333342 0.00648882 0.05200000
v -0.00373322 0.00604894 0.05317054
v -0.00364246 0.00593835 0.05374171
v -0.00318989 0.00627400 0.05374171
v -0.00331737 0.00646480 0.05258810
v -0.00326937 0.00639296 0.05317054
v -0.00277403 0.00668985 0.05317054
v -0.00270659 0.00656368 0.05374171
v -0.00282838 0.00679153 0.05200000
v -0.00281476 0.00676605 0.05258810
v -0.00307968 0.00610907 0.05429610
v -0.00293982 0.00589974 0.05482838
v -0.00261308 0.00638873 0.05429610
v -0.00249441 0.00283329 0.05729153
v -0.00235171 0.00307136 0.05729153
v -0.00202498 0.00258237 0.05754328
v -0.00190914 0.00277565 0.05754328
v -0.00235708 0.00385708 0.05698882
v -0.00218637 0.00329431 0.05729153
v -0.00199997 0.00349997 0.05729153
v -0.00211470 0.00407677 0.05698882
v -0.00177491 0.00295663 0.05754328
v -0.00162359 0.00312359 0.05754328
v -0.00144818 0.00246764 0.05774164
v -0.00134636 0.00260493 0.05774164
v -0.00145663 0.00327491 0.05754328
v -0.00179431 0.00368637 0.05729153
v -0.00157136 0.00385171 0.05729153
v -0.00127565 0.00340914 0.05754328
v -0.00133329 0.00399441 0.05729153
v -0.00241473 0.00444236 0.05663806
v -0.00211470 0.00466487 0.05663806
v -0.00218637 0.00559041 0.05580636
v -0.00235708 0.00502763 0.05624264
v -0.00199997 0.00524167 0.05624264
v -0.00185195 0.00427164 0.05698882
v -0.00157136 0.00443982 0.05698882
v -0.00179431 0.00485691 0.05663806
v -0.00127565 0.00457968 0.05698882
v -0.00145663 0.00501662 0.05663806
v -0.00177491 0.00578501 0.05580636
v -0.00162359 0.00541969 0.05624264
v -0.00123157 0.00273157 0.05774164
v -0.00110493 0.00284636 0.05774164
v -0.00096764 0.00294818 0.05774164
v -0.00065032 0.00247327 0.05788471
v -0.00082104 0.00303605 0.05774164
v -0.00066652 0.00310913 0.05774164
v -0.00108237 0.00352498 0.05754328
v -0.00108237 0.00411308 0.05729153
v -0.00087868 0.00362132 0.05754328
v -0.00066652 0.00369723 0.05754328
v -0.00055179 0.00253233 0.05788471
v -0.00044795 0.00258144 0.05788471
v -0.00033979 0.00262014 0.05788471
v -0.00050559 0.00316671 0.05774164
v -0.00033979 0.00320824 0.05774164
v -0.00022836 0.00264805 0.05788471
v -0.00011473 0.00266491 0.05788471
v -0.00017072 0.00323332 0.05774164
v -0.00044795 0.00375198 0.05754328
v -0.00022506 0.00378504 0.05754328
v -0.00096764 0.00468989 0.05698882
v -0.00082104 0.00420659 0.05729153
v -0.00065032 0.00476937 0.05698882
v -0.00110493 0.00514246 0.05663806
v -0.00123157 0.00555995 0.05624264
v -0.00074258 0.00523322 0.05663806
v -0.00082770 0.00566112 0.05624264
v -0.00055179 0.00427403 0.05729153
v -0.00032673 0.00481737 0.05698882
v -0.00027723 0.00431476 0.05729153
v -0.00037309 0.00528803 0.05663806
v -0.00041585 0.00572221 0.05624264
v -0.00229610 0.00704328 0.05200000
v -0.00225198 0.00693676 0.05317054
v -0.00228504 0.00701658 0.05258810
v -0.00219723 0.00680459 0.05374171
v -0.00174171 0.00724164 0.05200000
v -0.00170824 0.00713132 0.05317054
v -0.00166671 0.00699441 0.05374171
v -0.00173332 0.00721399 0.05258810
v -0.00249441 0.00616671 0.05482838
v -0.00235171 0.00589974 0.05533342
v -0.00190914 0.00610907 0.05533342
v -0.00212132 0.00662132 0.05429610
v -0.00202498 0.00638873 0.05482838
v -0.00144818 0.00627400 0.05533342
v -0.00134636 0.00593835 0.05580636
v -0.00153605 0.00656368 0.05482838
v -0.00160913 0.00680459 0.05429610
v -0.00117054 0.00738471 0.05200000
v -0.00112014 0.00713132 0.05374171
v -0.00116491 0.00735637 0.05258810
v -0.00114805 0.00727164 0.05317054
v -0.00058810 0.00747111 0.05200000
v -0.00057680 0.00735637 0.05317054
v -0.00058527 0.00744236 0.05258810
v -0.00056278 0.00721399 0.05374171
v -0.00103233 0.00668985 0.05482838
v -0.00097327 0.00639296 0.05533342
v -0.00090484 0.00604894 0.05580636
v -0.00108144 0.00693676 0.05429610
v -0.00045461 0.00611573 0.05580636
v -0.00048899 0.00646480 0.05533342
v -0.00051866 0.00676605 0.05482838
v -0.00054334 0.00701658 0.05429610
v -0.00922800 0.01070800 0.00250000
v -0.00922800 0.01070800 0.00350000
v -0.00980000 0.01250000 0.00050000
v -0.01000000 0.01250000 0.00070000
v -0.01000000 0.01250000 0.00230000
v -0.01000000 0.01250000 0.00250000
v -0.00980000 0.01250000 0.00250000
v -0.00939600 0.01276800 0.00250000
v -0.00939600 0.01276800 0.00350000
v -0.00965800 0.01416300 0.00050000
v -0.00985500 0.01419700 0.00070000
v -0.00985500 0.01419700 0.00230000
v -0.00965800 0.01416300 0.00250000
v -0.00923500 0.01577800 0.00050000
v -0.00978100 0.01457900 0.00250000
v -0.00942400 0.01584500 0.00070000
v -0.00942400 0.01584500 0.00230000
v -0.00911000 0.01481500 0.00250000
v -0.00911000 0.01481500 0.00350000
v -0.00923500 0.01577800 0.00250000
v -0.00634900 0.01036100 0.00050000
v -0.00654300 0.01106000 0.00050000
v -0.00634900 0.01036100 0.00250000
v -0.00654300 0.01106000 0.00250000
v -0.00666100 0.01177600 0.00050000
v -0.00670000 0.01250000 0.00050000
v -0.00666100 0.01177600 0.00250000
v -0.00634800 0.01110300 0.00070000
v -0.00634800 0.01110300 0.00230000
v -0.00646200 0.01179700 0.00070000
v -0.00646200 0.01179700 0.00230000
v -0.00670000 0.01250000 0.00250000
v -0.00650000 0.01250000 0.00070000
v -0.00650000 0.01250000 0.00230000
v -0.00608100 0.00968700 0.00050000
v -0.00608100 0.00968700 0.00250000
v -0.00589900 0.00977100 0.00070000
v -0.00589900 0.00977100 0.00230000
v -0.00616000 0.01042500 0.00070000
v -0.00616000 0.01042500 0.00230000
v -0.00566100 0.01083800 0.00350000
v -0.00590000 0.01250000 0.00350000
v -0.00666100 0.01322400 0.00050000
v -0.00654300 0.01394000 0.00050000
v -0.00666100 0.01322400 0.00250000
v -0.00646200 0.01320300 0.00070000
v -0.00646200 0.01320300 0.00230000
v -0.00634800 0.01389700 0.00070000
v -0.00654300 0.01394000 0.00250000
v -0.00634800 0.01389700 0.00230000
v -0.00634900 0.01463900 0.00050000
v -0.00634900 0.01463900 0.00250000
v -0.00566100 0.01416200 0.00350000
v -0.00608100 0.01531300 0.00050000
v -0.00574100 0.01595400 0.00050000
v -0.00616000 0.01457500 0.00070000
v -0.00616000 0.01457500 0.00230000
v -0.00608100 0.01531300 0.00250000
v -0.00589900 0.01522900 0.00070000
v -0.00589900 0.01522900 0.00230000
v -0.00574100 0.01595400 0.00250000
v -0.00557000 0.01585100 0.00070000
v -0.00557000 0.01585100 0.00230000
v -0.00518100 0.01000500 0.01721600
v -0.00575000 0.01250000 0.01721600
v -0.00560600 0.01122100 0.01721600
v -0.00560600 0.01377900 0.01721600
v -0.00518100 0.01499500 0.01721600
v -0.00913500 0.01656700 0.00250000
v -0.00854500 0.01729800 0.00050000
v -0.00838400 0.01675000 0.00250000
v -0.00838400 0.01675000 0.00350000
v -0.00872000 0.01739600 0.00070000
v -0.00872000 0.01739600 0.00230000
v -0.00854500 0.01729800 0.00250000
v -0.00760700 0.01867900 0.00050000
v -0.00809000 0.01837800 0.00250000
v -0.00776200 0.01880500 0.00070000
v -0.00776200 0.01880500 0.00230000
v -0.00760700 0.01867900 0.00250000
v -0.00725300 0.01848000 0.00250000
v -0.00725300 0.01848000 0.00350000
v -0.00533400 0.01655500 0.00050000
v -0.00533400 0.01655500 0.00250000
v -0.00517500 0.01643400 0.00070000
v -0.00517500 0.01643400 0.00230000
v -0.00644800 0.01988000 0.00050000
v -0.00657900 0.02003100 0.00070000
v -0.00669100 0.01993100 0.00250000
v -0.00657900 0.02003100 0.00230000
v -0.00644800 0.01988000 0.00250000
v -0.00510200 0.02086700 0.00050000
v -0.00577100 0.01992000 0.00250000
v -0.00577100 0.01992000 0.00350000
v -0.00510200 0.02086700 0.00250000
v -0.00520600 0.02103800 0.00070000
v -0.00520600 0.02103800 0.00230000
v -0.00300000 0.01215700 0.00022700
v -0.00300000 0.01244900 -0.00026200
v -0.00300000 0.01201300 0.00077800
v -0.00300000 0.01089000 0.01081500
v -0.00260000 0.01101100 0.01123100
v -0.00496300 0.01569000 0.00350000
v -0.00300000 0.01286700 -0.00064800
v -0.00300000 0.01337800 -0.00090000
v -0.00300000 0.01335700 0.00052500
v -0.00300000 0.01350200 0.00037500
v -0.00282500 0.01349800 0.00062900
v -0.00282500 0.01361100 0.00051200
v -0.00300000 0.01393800 -0.00099900
v -0.00300000 0.01368100 0.00026700
v -0.00300000 0.01388100 0.00020900
v -0.00300000 0.01409000 0.00020500
v -0.00282500 0.01375100 0.00042700
v -0.00282500 0.01390700 0.00038200
v -0.00282500 0.01407000 0.00037900
v -0.00300000 0.01450400 -0.00093600
v -0.00300000 0.01429300 0.00025500
v -0.00300000 0.01447600 0.00035600
v -0.00282500 0.01422900 0.00041800
v -0.00282500 0.01437200 0.00049700
v -0.00282500 0.01448900 0.00061000
v -0.00300000 0.01320600 0.00091100
v -0.00300000 0.01321000 0.00112000
v -0.00300000 0.01325600 0.00070800
v -0.00300000 0.01326800 0.00132000
v -0.00300000 0.01337600 0.00149900
v -0.00282500 0.01341900 0.00077200
v -0.00282500 0.01338000 0.00093100
v -0.00282500 0.01338300 0.00109400
v -0.00282500 0.01342800 0.00125000
v -0.00282500 0.01351300 0.00139000
v -0.00282500 0.01363000 0.00150300
v -0.00300000 0.01352600 0.00164400
v -0.00282500 0.01377300 0.00158200
v -0.00282500 0.01409500 0.00161800
v -0.00300000 0.01370900 0.00174500
v -0.00300000 0.01391200 0.00179500
v -0.00282500 0.01393200 0.00162100
v -0.00282500 0.01425100 0.00157300
v -0.00282500 0.01439100 0.00148800
v -0.00282500 0.01450400 0.00137100
v -0.00300000 0.01412100 0.00179100
v -0.00300000 0.01432100 0.00173300
v -0.00300000 0.01450000 0.00162500
v -0.00300000 0.01462600 0.00050100
v -0.00300000 0.01502900 -0.00071600
v -0.00300000 0.01547100 -0.00035700
v -0.00300000 0.01579300 0.00011200
v -0.00300000 0.01597100 0.00065300
v -0.00300000 0.01473400 0.00068000
v -0.00300000 0.01464500 0.00147500
v -0.00300000 0.01474600 0.00129200
v -0.00300000 0.01479200 0.00088000
v -0.00300000 0.01479600 0.00108900
v -0.00282500 0.01457400 0.00075000
v -0.00282500 0.01461900 0.00090600
v -0.00282500 0.01462200 0.00106900
v -0.00282500 0.01458300 0.00122800
v -0.00300000 0.01598900 0.00122200
v -0.00300000 0.01486600 0.01126000
v -0.00260000 0.01465600 0.01163900
v -0.00250000 0.01169500 0.00003300
v -0.00250000 0.01206100 -0.00057700
v -0.00250000 0.01258400 -0.00106000
v -0.00130000 0.01169500 0.00003300
v -0.00130000 0.01206100 -0.00057700
v -0.00130000 0.01258400 -0.00106000
v -0.00250000 0.01151700 0.00072200
v -0.00130000 0.01151700 0.00072200
v -0.00130000 0.01110800 0.00437200
v -0.00110000 0.01188000 0.00011100
v -0.00110000 0.01221600 -0.00045100
v -0.00110000 0.01269700 -0.00089500
v -0.00110000 0.01171500 0.00074400
v -0.00110000 0.01133300 0.00415700
v -0.00110000 0.01212200 0.00340600
v -0.00110000 0.01255200 0.00345400
v -0.00250000 0.01039400 0.01075900
v -0.00233400 0.01074700 0.01120100
v -0.00100000 0.01057000 0.01098000
v -0.00100000 0.01074700 0.01120100
v -0.00080000 0.01039400 0.01075900
v -0.00250000 0.01322200 -0.00137500
v -0.00250000 0.01392300 -0.00149900
v -0.00130000 0.01322200 -0.00137500
v -0.00130000 0.01392300 -0.00149900
v -0.00250000 0.01463000 -0.00142000
v -0.00250000 0.01528600 -0.00114500
v -0.00250000 0.01583800 -0.00069600
v -0.00250000 0.01624100 -0.00010900
v -0.00130000 0.01463000 -0.00142000
v -0.00130000 0.01528600 -0.00114500
v -0.00130000 0.01583800 -0.00069600
v -0.00130000 0.01624100 -0.00010900
v -0.00110000 0.01328400 -0.00118500
v -0.00110000 0.01349800 0.00062900
v -0.00110000 0.01392900 -0.00129900
v -0.00110000 0.01375100 0.00042700
v -0.00110000 0.01407000 0.00037900
v -0.00110000 0.01437200 0.00049700
v -0.00110000 0.01338000 0.00093100
v -0.00110000 0.01342800 0.00125000
v -0.00110000 0.01363000 0.00150300
v -0.00110000 0.01309800 0.00370300
v -0.00110000 0.01393200 0.00162100
v -0.00110000 0.01425100 0.00157300
v -0.00110000 0.01450400 0.00137100
v -0.00110000 0.01368400 0.00383200
v -0.00110000 0.01428400 0.00383600
v -0.00110000 0.01457900 -0.00122600
v -0.00110000 0.01518300 -0.00097300
v -0.00110000 0.01569100 -0.00056000
v -0.00110000 0.01606200 -0.00002100
v -0.00110000 0.01626600 0.00060100
v -0.00110000 0.01457400 0.00075000
v -0.00110000 0.01462200 0.00106900
v -0.00110000 0.01487200 0.00371400
v -0.00110000 0.01530200 0.00376200
v -0.00130000 0.01607700 0.00492800
v -0.00233400 0.01492100 0.01166800
v -0.00250000 0.01536300 0.01131500
v -0.00110000 0.01590500 0.00466900
v -0.00100000 0.01492100 0.01166800
v -0.00100000 0.01514200 0.01149200
v -0.00080000 0.01536300 0.01131500
v -0.00350000 0.01012200 0.01394400
v -0.00350000 0.01000000 0.01471600
v -0.00350000 0.01047700 0.01324700
v -0.00350000 0.01103100 0.01269400
v -0.00350000 0.01000000 0.01721600
v -0.00350000 0.01172700 0.01233900
v -0.00350000 0.01193600 0.01418300
v -0.00350000 0.01193908 0.01417797
v -0.00350000 0.01192066 0.01424641
v -0.00350000 0.01189100 0.01436900
v -0.00349683 0.01188882 0.01436466
v -0.00349671 0.01188772 0.01436874
v -0.00350000 0.01187500 0.01441600
v -0.00348006 0.01187500 0.01441600
v -0.00350000 0.01190293 0.01452006
v -0.00350000 0.01190600 0.01455900
v -0.00350000 0.01192639 0.01460750
v -0.00350000 0.01202489 0.01403811
v -0.00350000 0.01203600 0.01402000
v -0.00350000 0.01208433 0.01397867
v -0.00350000 0.01218100 0.01389600
v -0.00350000 0.01218800 0.01387500
v -0.00348986 0.01217569 0.01388731
v -0.00348310 0.01218800 0.01387500
v -0.00348367 0.01219234 0.01387383
v -0.00350000 0.01231234 0.01384152
v -0.00350000 0.01235700 0.01382300
v -0.00350000 0.01250000 0.01221600
v -0.00350000 0.01239108 0.01382032
v -0.00350000 0.01250000 0.01379100
v -0.00347900 0.01250000 0.01379100
v -0.00350000 0.01254800 0.01380800
v -0.00349611 0.01255331 0.01380531
v -0.00349594 0.01254830 0.01380396
v -0.00350000 0.01268289 0.01384008
v -0.00350000 0.01273300 0.01385200
v -0.00350000 0.01273743 0.01385472
v -0.00350000 0.01195900 0.01410400
v -0.00347805 0.01195900 0.01410400
v -0.00350000 0.01195900 0.01472900
v -0.00350000 0.01198000 0.01473500
v -0.00348354 0.01195752 0.01472350
v -0.00348279 0.01195900 0.01472900
v -0.00348918 0.01197072 0.01474073
v -0.00350000 0.01206455 0.01483455
v -0.00350000 0.01210400 0.01488100
v -0.00350000 0.01212183 0.01489183
v -0.00350000 0.01218800 0.01495800
v -0.00347743 0.01218800 0.01495800
v -0.00350000 0.01226700 0.01498000
v -0.00350000 0.01226412 0.01497825
v -0.00350000 0.01231021 0.01499051
v -0.00350000 0.01250000 0.01441600
v -0.00350000 0.01268926 0.01499081
v -0.00348348 0.01280746 0.01495947
v -0.00350000 0.01245200 0.01502500
v -0.00349694 0.01244782 0.01502712
v -0.00349681 0.01245177 0.01502817
v -0.00350000 0.01250000 0.01504100
v -0.00348001 0.01250000 0.01504100
v -0.00350000 0.01260592 0.01501291
v -0.00350000 0.01264300 0.01501000
v -0.00449600 0.01608500 0.01721600
v -0.00350000 0.01281300 0.01387500
v -0.00347742 0.01281300 0.01387500
v -0.00350000 0.01287972 0.01394201
v -0.00350000 0.01289600 0.01395200
v -0.00350000 0.01293458 0.01399712
v -0.00350000 0.01327300 0.01233900
v -0.00350000 0.01302000 0.01409700
v -0.00348982 0.01302872 0.01409167
v -0.00350000 0.01281900 0.01493700
v -0.00350000 0.01281300 0.01495800
v -0.00348913 0.01282469 0.01494626
v -0.00348270 0.01281300 0.01495800
v -0.00350000 0.01291935 0.01485119
v -0.00350000 0.01297465 0.01479564
v -0.00350000 0.01296400 0.01481300
v -0.00350000 0.01304100 0.01410400
v -0.00348317 0.01304100 0.01410400
v -0.00348376 0.01304217 0.01410834
v -0.00350000 0.01307369 0.01422542
v -0.00350000 0.01309400 0.01427400
v -0.00350000 0.01309700 0.01431200
v -0.00350000 0.01310900 0.01446400
v -0.00350000 0.01312500 0.01441600
v -0.00349695 0.01311205 0.01446424
v -0.00349704 0.01311103 0.01446804
v -0.00348009 0.01312500 0.01441600
v -0.00350000 0.01308047 0.01458194
v -0.00350000 0.01304100 0.01472900
v -0.00350000 0.01306400 0.01465000
v -0.00350000 0.01306080 0.01465521
v -0.00347805 0.01304100 0.01472900
v -0.00350000 0.01396900 0.01269400
v -0.00350000 0.01452300 0.01324700
v -0.00350000 0.01487800 0.01394400
v -0.00350000 0.01500000 0.01471600
v -0.00350000 0.01500000 0.01721600
v -0.00130000 0.01012200 0.01394400
v -0.00130000 0.01000000 0.01471600
v -0.00130000 0.01047700 0.01324700
v -0.00130000 0.01103100 0.01269400
v -0.00130000 0.01000000 0.01721600
v -0.00150000 0.01139300 0.01383500
v -0.00150000 0.01138155 0.01388152
v -0.00150000 0.01141172 0.01381392
v -0.00130000 0.01139300 0.01383500
v -0.00130000 0.01138155 0.01388152
v -0.00130000 0.01143400 0.01376400
v -0.00130000 0.01141172 0.01381392
v -0.00130000 0.01172700 0.01233900
v -0.00150000 0.01175944 0.01342240
v -0.00150000 0.01179000 0.01338800
v -0.00150000 0.01182518 0.01337459
v -0.00150638 0.01180948 0.01403057
v -0.00150967 0.01181540 0.01402086
v -0.00150000 0.01180700 0.01401600
v -0.00150000 0.01183618 0.01398682
v -0.00130000 0.01163900 0.01351000
v -0.00130000 0.01175944 0.01342240
v -0.00130000 0.01179000 0.01338800
v -0.00130000 0.01182518 0.01337459
v -0.00130000 0.01190300 0.01331800
v -0.00150000 0.01125240 0.01440626
v -0.00150000 0.01125000 0.01441600
v -0.00150000 0.01125613 0.01444089
v -0.00150000 0.01138796 0.01497652
v -0.00150000 0.01139300 0.01499700
v -0.00130000 0.01125000 0.01438400
v -0.00130000 0.01125240 0.01440626
v -0.00130000 0.01125000 0.01441600
v -0.00130000 0.01125613 0.01444089
v -0.00130000 0.01128500 0.01470900
v -0.00130000 0.01130100 0.01406200
v -0.00130000 0.01138796 0.01497652
v -0.00130000 0.01139300 0.01499700
v -0.00150000 0.01139802 0.01500267
v -0.00130000 0.01139802 0.01500267
v -0.00130000 0.01140200 0.01501300
v -0.00150000 0.01170537 0.01439593
v -0.00150698 0.01170698 0.01441600
v -0.00150522 0.01170773 0.01442534
v -0.00150000 0.01170000 0.01441600
v -0.00150000 0.01170998 0.01445329
v -0.00150000 0.01179813 0.01404917
v -0.00150000 0.01180126 0.01479455
v -0.00150292 0.01180954 0.01481455
v -0.00150000 0.01180700 0.01481600
v -0.00150000 0.01181235 0.01482135
v -0.00150000 0.01176113 0.01541242
v -0.00150000 0.01179000 0.01544500
v -0.00150000 0.01181131 0.01545308
v -0.00130000 0.01159400 0.01527700
v -0.00130000 0.01176113 0.01541242
v -0.00130000 0.01179000 0.01544500
v -0.00130000 0.01181131 0.01545308
v -0.00130000 0.01184700 0.01548200
v -0.00150327 0.01210164 0.01372584
v -0.00150000 0.01210000 0.01372300
v -0.00150000 0.01209398 0.01372902
v -0.00150000 0.01212377 0.01371664
v -0.00150000 0.01230842 0.01319046
v -0.00150000 0.01234900 0.01317500
v -0.00130000 0.01220800 0.01320100
v -0.00130000 0.01230842 0.01319046
v -0.00130000 0.01234900 0.01317500
v -0.00130000 0.01250000 0.01221600
v -0.00150000 0.01239817 0.01318104
v -0.00150000 0.01245957 0.01362682
v -0.00150575 0.01248974 0.01362451
v -0.00150773 0.01250000 0.01362373
v -0.00150000 0.01250000 0.01361600
v -0.00150000 0.01252249 0.01362201
v -0.00130000 0.01239817 0.01318104
v -0.00130000 0.01253200 0.01316700
v -0.00150922 0.01210464 0.01510104
v -0.00150000 0.01207191 0.01508091
v -0.00150000 0.01210000 0.01510900
v -0.00150603 0.01211377 0.01510666
v -0.00150000 0.01213111 0.01511732
v -0.00150000 0.01230478 0.01564023
v -0.00150000 0.01234900 0.01565700
v -0.00130000 0.01214500 0.01561500
v -0.00130000 0.01230478 0.01564023
v -0.00130000 0.01234900 0.01565700
v -0.00150000 0.01247993 0.01521063
v -0.00150698 0.01250000 0.01520902
v -0.00150525 0.01250938 0.01520827
v -0.00150000 0.01250000 0.01521600
v -0.00150000 0.01253729 0.01520602
v -0.00150000 0.01238407 0.01565275
v -0.00130000 0.01238407 0.01565275
v -0.00130000 0.01246800 0.01566600
v -0.00130000 0.01279200 0.01563200
v -0.00100000 0.01021400 0.01416100
v -0.00080000 0.01001600 0.01413800
v -0.00080000 0.01003800 0.01485000
v -0.00100000 0.01023500 0.01481500
v -0.00100000 0.01043900 0.01543700
v -0.00080000 0.01026000 0.01552600
v -0.00100000 0.01081000 0.01597600
v -0.00080000 0.01066300 0.01611200
v -0.00100000 0.01140500 0.01381300
v -0.00100000 0.01138756 0.01386806
v -0.00100000 0.01142012 0.01379509
v -0.00100000 0.01143400 0.01376400
v -0.00100000 0.01163900 0.01351000
v -0.00100000 0.01172000 0.01344000
v -0.00100000 0.01169572 0.01346875
v -0.00100000 0.01177341 0.01341224
v -0.00100000 0.01190300 0.01331800
v -0.00100000 0.01125800 0.01427700
v -0.00100000 0.01127589 0.01422052
v -0.00100000 0.01126111 0.01431386
v -0.00100000 0.01125000 0.01438400
v -0.00100000 0.01128500 0.01470900
v -0.00100000 0.01129710 0.01474043
v -0.00100000 0.01130100 0.01406200
v -0.00100000 0.01129900 0.01476300
v -0.00100000 0.01132549 0.01481421
v -0.00100000 0.01140200 0.01501300
v -0.00100000 0.01149321 0.01513841
v -0.00100000 0.01152300 0.01519600
v -0.00100000 0.01155434 0.01522247
v -0.00100000 0.01159400 0.01527700
v -0.00100000 0.01184700 0.01548200
v -0.00100000 0.01187809 0.01549588
v -0.00100000 0.01189600 0.01551100
v -0.00100000 0.01210081 0.01324212
v -0.00100000 0.01215300 0.01321500
v -0.00100000 0.01220800 0.01320100
v -0.00100000 0.01217672 0.01321300
v -0.00100000 0.01253200 0.01316700
v -0.00100000 0.01259816 0.01317745
v -0.00100000 0.01263900 0.01317400
v -0.00100000 0.01270069 0.01319364
v -0.00100000 0.01195169 0.01552873
v -0.00100000 0.01214500 0.01561500
v -0.00100000 0.01229931 0.01563936
v -0.00100000 0.01236100 0.01565900
v -0.00100000 0.01240150 0.01565550
v -0.00100000 0.01246800 0.01566600
v -0.00100000 0.01279200 0.01563200
v -0.00100000 0.01131800 0.01638900
v -0.00100000 0.01192200 0.01664200
v -0.00080000 0.01121500 0.01656100
v -0.00080000 0.01187100 0.01683600
v -0.00100000 0.01257200 0.01671500
v -0.00080000 0.01257800 0.01691500
v -0.00150000 0.01291495 0.01324455
v -0.00150000 0.01294300 0.01324800
v -0.00150000 0.01297970 0.01327324
v -0.00150000 0.01286601 0.01371391
v -0.00150658 0.01288495 0.01372556
v -0.00151006 0.01289500 0.01373174
v -0.00150000 0.01290000 0.01372300
v -0.00150000 0.01293068 0.01375368
v -0.00150192 0.01318884 0.01401446
v -0.00150327 0.01319016 0.01401764
v -0.00150000 0.01318698 0.01400998
v -0.00150000 0.01319300 0.01401600
v -0.00150000 0.01319936 0.01403977
v -0.00130000 0.01285500 0.01321800
v -0.00130000 0.01291495 0.01324455
v -0.00130000 0.01294300 0.01324800
v -0.00130000 0.01297970 0.01327324
v -0.00130000 0.01315300 0.01335000
v -0.00130000 0.01327300 0.01233900
v -0.00150000 0.01342120 0.01357683
v -0.00150000 0.01343600 0.01358700
v -0.00150000 0.01345455 0.01362250
v -0.00148647 0.01345481 0.01362286
v -0.00130000 0.01340600 0.01355600
v -0.00130000 0.01342120 0.01357683
v -0.00130000 0.01343600 0.01358700
v -0.00130000 0.01345481 0.01362286
v -0.00130000 0.01359800 0.01381900
v -0.00150625 0.01319057 0.01480172
v -0.00150948 0.01318476 0.01481128
v -0.00150000 0.01316471 0.01484429
v -0.00150000 0.01320174 0.01478334
v -0.00150000 0.01319300 0.01481600
v -0.00150000 0.01287623 0.01511536
v -0.00150329 0.01289836 0.01510616
v -0.00150000 0.01290000 0.01510900
v -0.00150192 0.01290154 0.01510484
v -0.00150000 0.01290602 0.01510298
v -0.00150000 0.01290137 0.01559005
v -0.00150000 0.01294300 0.01558500
v -0.00150000 0.01297869 0.01556038
v -0.00130000 0.01290137 0.01559005
v -0.00130000 0.01294300 0.01558500
v -0.00130000 0.01297869 0.01556038
v -0.00130000 0.01309700 0.01551500
v -0.00150000 0.01328996 0.01437846
v -0.00150526 0.01329221 0.01440661
v -0.00150704 0.01329296 0.01441600
v -0.00150000 0.01329458 0.01443626
v -0.00150000 0.01330000 0.01441600
v -0.00150000 0.01345836 0.01520237
v -0.00150000 0.01340883 0.01526374
v -0.00150000 0.01343600 0.01524500
v -0.00130000 0.01345836 0.01520237
v -0.00130000 0.01336100 0.01532300
v -0.00130000 0.01340883 0.01526374
v -0.00130000 0.01343600 0.01524500
v -0.00130000 0.01356600 0.01506900
v -0.00130000 0.01396900 0.01269400
v -0.00130000 0.01452300 0.01324700
v -0.00150000 0.01371500 0.01412100
v -0.00150000 0.01371500 0.01412100
v -0.00150000 0.01375000 0.01441600
v -0.00150000 0.01374813 0.01443151
v -0.00150000 0.01371400 0.01471500
v -0.00150000 0.01370522 0.01473174
v -0.00150000 0.01373343 0.01455361
v -0.00130000 0.01371190 0.01411299
v -0.00130151 0.01371190 0.01411299
v -0.00130000 0.01371400 0.01411700
v -0.00130000 0.01371425 0.01411906
v -0.00130000 0.01371500 0.01412100
v -0.00130000 0.01371904 0.01415887
v -0.00130000 0.01375000 0.01441600
v -0.00130000 0.01374813 0.01443151
v -0.00130000 0.01375000 0.01444900
v -0.00130000 0.01371400 0.01471500
v -0.00130000 0.01370522 0.01473174
v -0.00130000 0.01373343 0.01455361
v -0.00130000 0.01369900 0.01477100
v -0.00130000 0.01487800 0.01394400
v -0.00130000 0.01500000 0.01471600
v -0.00130000 0.01500000 0.01721600
v -0.00100000 0.01285500 0.01321800
v -0.00100000 0.01305351 0.01330593
v -0.00100000 0.01310400 0.01332200
v -0.00100000 0.01311978 0.01333529
v -0.00100000 0.01315300 0.01335000
v -0.00100000 0.01340600 0.01355600
v -0.00100000 0.01344432 0.01360849
v -0.00100000 0.01347700 0.01363600
v -0.00100000 0.01350764 0.01369522
v -0.00100000 0.01359800 0.01381900
v -0.00100000 0.01367653 0.01402169
v -0.00100000 0.01282648 0.01561877
v -0.00100000 0.01284700 0.01561700
v -0.00100000 0.01289261 0.01559341
v -0.00100000 0.01322717 0.01542033
v -0.00100000 0.01309700 0.01551500
v -0.00100000 0.01361232 0.01496523
v -0.00100000 0.01328000 0.01539300
v -0.00100000 0.01330428 0.01536425
v -0.00100000 0.01336100 0.01532300
v -0.00100000 0.01356600 0.01506900
v -0.00100000 0.01357988 0.01503791
v -0.00100000 0.01359500 0.01502000
v -0.00100000 0.01370100 0.01406900
v -0.00100000 0.01370271 0.01408928
v -0.00100000 0.01371500 0.01412100
v -0.00100000 0.01375000 0.01444900
v -0.00100000 0.01373895 0.01451879
v -0.00100000 0.01372439 0.01461072
v -0.00100000 0.01374200 0.01455500
v -0.00100000 0.01369900 0.01477100
v -0.00100000 0.01428500 0.01586700
v -0.00100000 0.01321700 0.01660200
v -0.00080000 0.01327900 0.01679200
v -0.00100000 0.01380400 0.01631100
v -0.00080000 0.01391700 0.01647600
v -0.00080000 0.01444000 0.01599300
v -0.00100000 0.01478600 0.01467200
v -0.00100000 0.01462100 0.01530600
v -0.00080000 0.01480600 0.01538300
v -0.00080000 0.01498500 0.01469400
v -0.00486400 0.01710800 0.00050000
v -0.00433700 0.01760600 0.00050000
v -0.00471900 0.01697000 0.00070000
v -0.00486400 0.01710800 0.00250000
v -0.00471900 0.01697000 0.00230000
v -0.00386400 0.01695900 0.00350000
v -0.00420800 0.01745400 0.00070000
v -0.00420800 0.01745400 0.00230000
v -0.00433700 0.01760600 0.00250000
v -0.00376000 0.01804600 0.00050000
v -0.00376000 0.01804600 0.00250000
v -0.00364800 0.01788000 0.00070000
v -0.00364800 0.01788000 0.00230000
v -0.00313800 0.01842000 0.00050000
v -0.00313800 0.01842000 0.00250000
v -0.00304500 0.01824300 0.00070000
v -0.00304500 0.01824300 0.00230000
v -0.00500000 0.02116000 0.00250000
v -0.00400900 0.02100200 0.00250000
v -0.00400900 0.02100200 0.00350000
v -0.00360800 0.02161200 0.00050000
v -0.00368100 0.02179800 0.00070000
v -0.00360800 0.02161200 0.00250000
v -0.00368100 0.02179800 0.00230000
v -0.00309000 0.02201100 0.00250000
v -0.00250000 0.01646300 0.00056700
v -0.00130000 0.01646300 0.00056700
v -0.00250000 0.01648500 0.00127800
v -0.00245100 0.01786700 0.00350000
v -0.00130000 0.01648500 0.00127800
v -0.00248000 0.01872400 0.00050000
v -0.00130200 0.01886800 -0.00030000
v -0.00150000 0.01899100 -0.00030000
v -0.00130000 0.01907300 -0.00050000
v -0.00150000 0.01899100 0.00053800
v -0.00150000 0.01903000 0.00050000
v -0.00240600 0.01853800 0.00070000
v -0.00240600 0.01853800 0.00230000
v -0.00248000 0.01872400 0.00250000
v -0.00173900 0.01876300 0.00230000
v -0.00130200 0.01886800 0.00070000
v -0.00179200 0.01895600 0.00250000
v -0.00110000 0.01628700 0.00125600
v -0.00105200 0.01891400 -0.00030000
v -0.00035200 0.01899000 -0.00030000
v -0.00036300 0.01919000 -0.00050000
v -0.00084000 0.01834000 0.00350000
v -0.00105200 0.01891400 0.00230000
v -0.00108400 0.01911200 0.00250000
v -0.00044200 0.01898500 0.00155800
v -0.00031300 0.01899200 0.00145900
v -0.00060400 0.01897200 0.00183800
v -0.00062500 0.01897000 0.00200000
v -0.00054100 0.01897700 0.00168800
v -0.00054800 0.01897700 0.00230000
v -0.00037500 0.01918900 0.00250000
v -0.00016200 0.01899800 0.00139600
v -0.00150000 0.01974600 0.00250000
v -0.00150000 0.01974600 0.00330000
v -0.00130000 0.01978500 0.00350000
v -0.00205000 0.02167400 0.00050000
v -0.00200000 0.02168500 0.00050000
v -0.00197059 0.02168816 0.00050000
v -0.00195842 0.02169041 0.00052017
v -0.00193970 0.02169387 0.00055128
v -0.00193160 0.02169547 0.00058922
v -0.00193238 0.02169527 0.00057341
v -0.00205000 0.02208300 0.00050000
v -0.00200000 0.02229800 0.00050000
v -0.00150000 0.02158000 -0.00030000
v -0.00130000 0.02160800 -0.00050000
v -0.00126500 0.02181400 -0.00030000
v -0.00150000 0.02158000 0.00050000
v -0.00132128 0.02175796 0.00050000
v -0.00126500 0.02181400 0.00050000
v -0.00196562 0.02169026 0.00080685
v -0.00205200 0.02167300 0.00250000
v -0.00200000 0.02168500 0.00250000
v -0.00195435 0.02169193 0.00248916
v -0.00196270 0.02169031 0.00250000
v -0.00195886 0.02169105 0.00249756
v -0.00195306 0.02169218 0.00247959
v -0.00205000 0.02228800 0.00070000
v -0.00205000 0.02208300 0.00250000
v -0.00205000 0.02228800 0.00230000
v -0.00200000 0.02229800 0.00250000
v -0.00205400 0.02167300 0.00350000
v -0.00150000 0.02175617 0.00250000
v -0.00150000 0.02175008 0.00257492
v -0.00150000 0.02173875 0.00275000
v -0.00150000 0.02173543 0.00330000
v -0.00130000 0.02175633 0.00350000
v -0.00141100 0.02250000 0.00149000
v -0.00135900 0.02250000 0.00136500
v -0.00129700 0.02250000 0.00124600
v -0.00150000 0.02250000 0.00201800
v -0.00147900 0.02250000 0.00175000
v -0.00147300 0.02250000 0.00228500
v -0.00139800 0.02250000 0.00254400
v -0.00141100 0.02320000 0.00149000
v -0.00135900 0.02320000 0.00136500
v -0.00129700 0.02320000 0.00124600
v -0.00150000 0.02320000 0.00201800
v -0.00147900 0.02320000 0.00175000
v -0.00147300 0.02320000 0.00228500
v -0.00139800 0.02320000 0.00254400
v -0.00127800 0.02250000 0.00278500
v -0.00127800 0.02320000 0.00278500
v -0.00047200 0.02000000 0.00161200
v -0.00047879 0.02000879 0.00160642
v -0.00047899 0.02000888 0.00160658
v -0.00048509 0.02000978 0.00161459
v -0.00039709 0.02000000 0.00154346
v -0.00040708 0.02000000 0.00155113
v -0.00037187 0.02000000 0.00151813
v -0.00036000 0.02000000 0.00150700
v -0.00036075 0.02000055 0.00150696
v -0.00036033 0.02000056 0.00150654
v -0.00031300 0.02001939 0.00145900
v -0.00055300 0.02000000 0.00174200
v -0.00056193 0.02000982 0.00173784
v -0.00058016 0.02001383 0.00178123
v -0.00056632 0.02001080 0.00174829
v -0.00060000 0.02000000 0.00188700
v -0.00060900 0.02000000 0.00204000
v -0.00061463 0.02000563 0.00204039
v -0.00061323 0.02000530 0.00204586
v -0.00061118 0.02001068 0.00189638
v -0.00060826 0.02000839 0.00188545
v -0.00061193 0.02001126 0.00189916
v -0.00062500 0.02001843 0.00200000
v -0.00054100 0.02001844 0.00168800
v -0.00059150 0.02000000 0.00213053
v -0.00057666 0.02000000 0.00218832
v -0.00057129 0.02000000 0.00220834
v -0.00051400 0.02000000 0.00232900
v -0.00052064 0.02000785 0.00233323
v -0.00054535 0.02001806 0.00230492
v -0.00051530 0.02000765 0.00233936
v -0.00037500 0.01989000 0.00250000
v -0.00031300 0.01989300 0.00254100
v -0.00041700 0.02000000 0.00244600
v -0.00041972 0.02000399 0.00244893
v -0.00041605 0.02000527 0.00245314
v -0.00038635 0.02001550 0.00248721
v -0.00037064 0.02001898 0.00250288
v -0.00031300 0.02001595 0.00254100
v -0.00023995 0.02001072 0.00142852
v -0.00022600 0.02000000 0.00143300
v -0.00022956 0.02000947 0.00142419
v -0.00021811 0.02001125 0.00141941
v -0.00012558 0.02000000 0.00140722
v -0.00011486 0.02000000 0.00140583
v -0.00007444 0.02000000 0.00139498
v -0.00029300 0.02000000 0.00253600
v -0.00029890 0.02001239 0.00254688
v -0.00028656 0.02001268 0.00255203
v -0.00016200 0.01989800 0.00260400
v -0.00017171 0.02001544 0.00259995
v -0.00015000 0.02000000 0.00259200
v -0.00015332 0.02001333 0.00260491
v -0.00015175 0.02001356 0.00260533
v -0.00013906 0.02001361 0.00260697
v -0.00067400 0.02167500 -0.00050000
v -0.00068800 0.02187500 -0.00030000
v -0.00068800 0.02187500 0.00050000
v -0.00062611 0.02187913 0.00050000
v -0.00104500 0.02244500 0.00050000
v -0.00054327 0.02188343 0.00050000
v -0.00043581 0.02188703 0.00050000
v -0.00032107 0.02188833 0.00050000
v -0.00022024 0.02188703 0.00050000
v -0.00012062 0.02188703 0.00050000
v -0.00015400 0.02188874 0.00061330
v -0.00048100 0.02250000 0.00057900
v -0.00048100 0.02320000 0.00057900
v -0.00021900 0.02250000 0.00051600
v -0.00021900 0.02320000 0.00051600
v -0.00097591 0.02184173 0.00183577
v -0.00098742 0.02183997 0.00195965
v -0.00094614 0.02184629 0.00199770
v -0.00076750 0.02186637 0.00154821
v -0.00073449 0.02187008 0.00155182
v -0.00073600 0.02187100 0.00157500
v -0.00071190 0.02187247 0.00155090
v -0.00068800 0.02187500 0.00152700
v -0.00068800 0.02187500 0.00160321
v -0.00092728 0.02184786 0.00166462
v -0.00093201 0.02184845 0.00203566
v -0.00089628 0.02185350 0.00208706
v -0.00082100 0.02186400 0.00178000
v -0.00078600 0.02186544 0.00185200
v -0.00078603 0.02186545 0.00185249
v -0.00085000 0.02186100 0.00200000
v -0.00079594 0.02186572 0.00201842
v -0.00079800 0.02186521 0.00205300
v -0.00089946 0.02185187 0.00224685
v -0.00090394 0.02185141 0.00223970
v -0.00082100 0.02186400 0.00222000
v -0.00083131 0.02185753 0.00240955
v -0.00080872 0.02186030 0.00242932
v -0.00072500 0.02187075 0.00166200
v -0.00073519 0.02186948 0.00169375
v -0.00069942 0.02187379 0.00162136
v -0.00077092 0.02186726 0.00219266
v -0.00076000 0.02186777 0.00224900
v -0.00073600 0.02187100 0.00242500
v -0.00071129 0.02187187 0.00245758
v -0.00069298 0.02187357 0.00239084
v -0.00068415 0.02187472 0.00240952
v -0.00067400 0.02187581 0.00243100
v -0.00067264 0.02187596 0.00243263
v -0.00069721 0.02187337 0.00246379
v -0.00067343 0.02187591 0.00248757
v -0.00114100 0.02250000 0.00102700
v -0.00094900 0.02250000 0.00083900
v -0.00114100 0.02320000 0.00102700
v -0.00094900 0.02320000 0.00083900
v -0.00072700 0.02250000 0.00068800
v -0.00073600 0.02247300 0.00157500
v -0.00082100 0.02246600 0.00178000
v -0.00078600 0.02250000 0.00185200
v -0.00085000 0.02246400 0.00200000
v -0.00079800 0.02250000 0.00205300
v -0.00082100 0.02246600 0.00222000
v -0.00088300 0.02260000 0.00201800
v -0.00089600 0.02260000 0.00205700
v -0.00085400 0.02260000 0.00198700
v -0.00089300 0.02260000 0.00209900
v -0.00087200 0.02260000 0.00213500
v -0.00083900 0.02260000 0.00216000
v -0.00072500 0.02250000 0.00166200
v -0.00076000 0.02250000 0.00224900
v -0.00073600 0.02247300 0.00242500
v -0.00067400 0.02250000 0.00243100
v -0.00072700 0.02320000 0.00068800
v -0.00088300 0.02320000 0.00201800
v -0.00089600 0.02320000 0.00205700
v -0.00085400 0.02320000 0.00198700
v -0.00089300 0.02320000 0.00209900
v -0.00087200 0.02320000 0.00213500
v -0.00083900 0.02320000 0.00216000
v -0.00111800 0.02250000 0.00300000
v -0.00111800 0.02320000 0.00300000
v -0.00092100 0.02250000 0.00318400
v -0.00069500 0.02250000 0.00332900
v -0.00092100 0.02320000 0.00318400
v -0.00069500 0.02320000 0.00332900
v -0.00061800 0.02187967 0.00149200
v -0.00055681 0.02188375 0.00139581
v -0.00055404 0.02188393 0.00143155
v -0.00047200 0.02188810 0.00135400
v -0.00040644 0.02189139 0.00125630
v -0.00042500 0.02189044 0.00126400
v -0.00039635 0.02189198 0.00131207
v -0.00055647 0.02188383 0.00257241
v -0.00024463 0.02189424 0.00093975
v -0.00018900 0.02189313 0.00078794
v -0.00029700 0.02189507 0.00125700
v -0.00022156 0.02189726 0.00117965
v -0.00022000 0.02189727 0.00117900
v -0.00022997 0.02189724 0.00123973
v -0.00021289 0.02189710 0.00115707
v -0.00020840 0.02189411 0.00123417
v -0.00020130 0.02189405 0.00123233
v -0.00020600 0.02189800 0.00122900
v -0.00016713 0.02189838 0.00122353
v -0.00014993 0.02189795 0.00116976
v -0.00010300 0.02189891 0.00120700
v -0.00004777 0.02189954 0.00120673
v -0.00056046 0.02188357 0.00260054
v -0.00054600 0.02188436 0.00258500
v -0.00039790 0.02189189 0.00269130
v -0.00041537 0.02189087 0.00274001
v -0.00042500 0.02189038 0.00273600
v -0.00038300 0.02189233 0.00270200
v -0.00031155 0.02189267 0.00293995
v -0.00023516 0.02189661 0.00281510
v -0.00019700 0.02189794 0.00277500
v -0.00020625 0.02189799 0.00277137
v -0.00020489 0.02189797 0.00277190
v -0.00022100 0.02189700 0.00282100
v -0.00023316 0.02189658 0.00281593
v -0.00020280 0.02187820 0.00339860
v -0.00022621 0.02187500 0.00350000
v -0.00001659 0.02189984 0.00279767
v -0.00061800 0.02250000 0.00149200
v -0.00047200 0.02250000 0.00135400
v -0.00055300 0.02260000 0.00131200
v -0.00055800 0.02260000 0.00135300
v -0.00053200 0.02260000 0.00127600
v -0.00049800 0.02260000 0.00125200
v -0.00042500 0.02249100 0.00126400
v -0.00045700 0.02260000 0.00124400
v -0.00041600 0.02260000 0.00125400
v -0.00061800 0.02260000 0.00182200
v -0.00056900 0.02260000 0.00177300
v -0.00053300 0.02260000 0.00164100
v -0.00053900 0.02260000 0.00171000
v -0.00057800 0.02260000 0.00228200
v -0.00052100 0.02260000 0.00232200
v -0.00048100 0.02260000 0.00237900
v -0.00046300 0.02260000 0.00244600
v -0.00055300 0.02320000 0.00131200
v -0.00055800 0.02320000 0.00135300
v -0.00053200 0.02320000 0.00127600
v -0.00049800 0.02320000 0.00125200
v -0.00045700 0.02320000 0.00124400
v -0.00041600 0.02320000 0.00125400
v -0.00061800 0.02320000 0.00182200
v -0.00056900 0.02320000 0.00177300
v -0.00053300 0.02320000 0.00164100
v -0.00053900 0.02320000 0.00171000
v -0.00057800 0.02320000 0.00228200
v -0.00052100 0.02320000 0.00232200
v -0.00048100 0.02320000 0.00237900
v -0.00046300 0.02320000 0.00244600
v -0.00029700 0.02250000 0.00125700
v -0.00022000 0.02249800 0.00117900
v -0.00010300 0.02250000 0.00120700
v -0.00015500 0.02260000 0.00137600
v -0.00008800 0.02260000 0.00139400
v -0.00001800 0.02260000 0.00138800
v -0.00015500 0.02320000 0.00137600
v -0.00008800 0.02320000 0.00139400
v -0.00001800 0.02320000 0.00138800
v -0.00054600 0.02250000 0.00258500
v -0.00042500 0.02249100 0.00273600
v -0.00038300 0.02250000 0.00270200
v -0.00044600 0.02250000 0.00343200
v -0.00043800 0.02260000 0.00273400
v -0.00042600 0.02260000 0.00277300
v -0.00039900 0.02260000 0.00280500
v -0.00036100 0.02260000 0.00282200
v -0.00031900 0.02260000 0.00282300
v -0.00043800 0.02320000 0.00273400
v -0.00042600 0.02320000 0.00277300
v -0.00039900 0.02320000 0.00280500
v -0.00036100 0.02320000 0.00282200
v -0.00031900 0.02320000 0.00282300
v -0.00044600 0.02320000 0.00343200
v -0.00019700 0.02250000 0.00277500
v -0.00022100 0.02249800 0.00282100
v -0.00018400 0.02250000 0.00348900
v -0.00028100 0.02260000 0.00280700
v -0.00004500 0.02260000 0.00264100
v -0.00028100 0.02320000 0.00280700
v -0.00018400 0.02320000 0.00348900
v -0.00004500 0.02320000 0.00264100
v -0.00358500 0.01699600 0.01721600
v -0.00249500 0.01768100 0.01721600
v -0.00127900 0.01810600 0.01721600
v -0.00922800 0.01070800 0.03100000
v -0.00922800 0.01070800 0.03200000
v -0.00939600 0.01276800 0.03100000
v -0.00940000 0.01130000 0.03200000
v -0.00940000 0.01130000 0.03500000
v -0.01000000 0.01250000 0.03200000
v -0.00939600 0.01276800 0.03200000
v -0.01000000 0.01250000 0.03500000
v -0.00933300 0.01155000 0.03200000
v -0.00929941 0.01158359 0.03200000
v -0.00915000 0.01173300 0.03200000
v -0.00890000 0.01180000 0.03200000
v -0.00880000 0.01180000 0.03200000
v -0.00933300 0.01155000 0.03500000
v -0.00915000 0.01173300 0.03500000
v -0.00890000 0.01180000 0.03500000
v -0.00860200 0.01070000 0.03200000
v -0.00860200 0.01070000 0.03500000
v -0.00860200 0.01170000 0.03200000
v -0.00860200 0.01170000 0.03500000
v -0.00780000 0.01180000 0.03300000
v -0.00993200 0.01250000 0.03551800
v -0.00984800 0.01250000 0.03576500
v -0.00973200 0.01250000 0.03600000
v -0.00941400 0.01250000 0.03641400
v -0.00937300 0.01130000 0.03527300
v -0.00929300 0.01130000 0.03553600
v -0.00916400 0.01130000 0.03577800
v -0.00930700 0.01155000 0.03526000
v -0.00923200 0.01155000 0.03551000
v -0.00910800 0.01155000 0.03574100
v -0.00912800 0.01173300 0.03522400
v -0.00899000 0.01130000 0.03599000
v -0.00877800 0.01130000 0.03616400
v -0.00894300 0.01155000 0.03594300
v -0.00906200 0.01173300 0.03544000
v -0.00895600 0.01173300 0.03563900
v -0.00888300 0.01180000 0.03517600
v -0.00883100 0.01180000 0.03534400
v -0.00881300 0.01173300 0.03581300
v -0.00900000 0.01250000 0.03673200
v -0.00876500 0.01250000 0.03684800
v -0.00853600 0.01130000 0.03629300
v -0.00874800 0.01180000 0.03550000
v -0.00863600 0.01180000 0.03563600
v -0.00863900 0.01173300 0.03595600
v -0.00850000 0.01180000 0.03574800
v -0.00874100 0.01155000 0.03610800
v -0.00851000 0.01155000 0.03623200
v -0.00844000 0.01173300 0.03606200
v -0.00827300 0.01130000 0.03637300
v -0.00834400 0.01180000 0.03583100
v -0.00817600 0.01180000 0.03588300
v -0.00826000 0.01155000 0.03630700
v -0.00822400 0.01173300 0.03612800
v -0.00851800 0.01250000 0.03693200
v -0.00800000 0.01130000 0.03640000
v -0.00800000 0.01180000 0.03590000
v -0.00800000 0.01155000 0.03633300
v -0.00800000 0.01173300 0.03615000
v -0.00780000 0.01180000 0.03590000
v -0.00778300 0.01178300 0.03602900
v -0.00773300 0.01173300 0.03615000
v -0.00755000 0.01155000 0.03633300
v -0.00800000 0.01250000 0.03700000
v -0.00984800 0.01423600 0.03200000
v -0.00979712 0.01442599 0.03200000
v -0.00992700 0.01370500 0.03500000
v -0.00984800 0.01423600 0.03500000
v -0.00929800 0.01355600 0.03200000
v -0.00928833 0.01353863 0.03200000
v -0.00919500 0.01337100 0.03200000
v -0.00902600 0.01324500 0.03200000
v -0.00881900 0.01320000 0.03200000
v -0.00880000 0.01320000 0.03200000
v -0.00929800 0.01355600 0.03500000
v -0.00919500 0.01337100 0.03500000
v -0.00902600 0.01324500 0.03500000
v -0.00881900 0.01320000 0.03500000
v -0.00931400 0.01376700 0.03200000
v -0.00916631 0.01441196 0.03200000
v -0.00931400 0.01376700 0.03500000
v -0.00911000 0.01481500 0.03100000
v -0.00978100 0.01457900 0.03200000
v -0.00963961 0.01501412 0.03200000
v -0.00970900 0.01489300 0.03500000
v -0.00939700 0.01592000 0.03200000
v -0.00939700 0.01592000 0.03500000
v -0.00911000 0.01481500 0.03200000
v -0.00901766 0.01506110 0.03200000
v -0.00893800 0.01540900 0.03200000
v -0.00911500 0.01479800 0.03500000
v -0.00893800 0.01540900 0.03500000
v -0.00935000 0.01604600 0.03500000
v -0.00877300 0.01587600 0.03500000
v -0.00860200 0.01330000 0.03200000
v -0.00860200 0.01330000 0.03500000
v -0.00860200 0.01430000 0.03200000
v -0.00860200 0.01430000 0.03500000
v -0.00780000 0.01320000 0.03300000
v -0.00966100 0.01367300 0.03600000
v -0.00985900 0.01369700 0.03551800
v -0.00926600 0.01355500 0.03529000
v -0.00921900 0.01355400 0.03545600
v -0.00916600 0.01337100 0.03526900
v -0.00912200 0.01337000 0.03542200
v -0.00909100 0.01355000 0.03572100
v -0.00934600 0.01363500 0.03641400
v -0.00900000 0.01324500 0.03523300
v -0.00896200 0.01324400 0.03536600
v -0.00879800 0.01320000 0.03518900
v -0.00876800 0.01320000 0.03529700
v -0.00885900 0.01324400 0.03557800
v -0.00877700 0.01324300 0.03569100
v -0.00900300 0.01336800 0.03566600
v -0.00890800 0.01336600 0.03579700
v -0.00898900 0.01354700 0.03586300
v -0.00893400 0.01358500 0.03673200
v -0.00877900 0.01354000 0.03606900
v -0.00928300 0.01376600 0.03529400
v -0.00923500 0.01376400 0.03546200
v -0.00910700 0.01375800 0.03573100
v -0.00900500 0.01375400 0.03587600
v -0.00879400 0.01374400 0.03608800
v -0.00964300 0.01487700 0.03551800
v -0.00944900 0.01482900 0.03600000
v -0.00914100 0.01475300 0.03641400
v -0.00904800 0.01478100 0.03543300
v -0.00885600 0.01473300 0.03582300
v -0.00928600 0.01602200 0.03551800
v -0.00910000 0.01595100 0.03600000
v -0.00880200 0.01583800 0.03641400
v -0.00868500 0.01320000 0.03547000
v -0.00861900 0.01320000 0.03556300
v -0.00860800 0.01324200 0.03585600
v -0.00848200 0.01320000 0.03569900
v -0.00849300 0.01324200 0.03593600
v -0.00871300 0.01336200 0.03598700
v -0.00863500 0.01353500 0.03616800
v -0.00858000 0.01336000 0.03607800
v -0.00845600 0.01352700 0.03693200
v -0.00838800 0.01320000 0.03576500
v -0.00821300 0.01320000 0.03584800
v -0.00827800 0.01324000 0.03603400
v -0.00814500 0.01324000 0.03607000
v -0.00833300 0.01335500 0.03619000
v -0.00836800 0.01352500 0.03629100
v -0.00817900 0.01335200 0.03623000
v -0.00820200 0.01352000 0.03633500
v -0.00864900 0.01373700 0.03619000
v -0.00837800 0.01372400 0.03632000
v -0.00820900 0.01371600 0.03636800
v -0.00827000 0.01453800 0.03693200
v -0.00810400 0.01320000 0.03587900
v -0.00790900 0.01320000 0.03590000
v -0.00790900 0.01323800 0.03609100
v -0.00790900 0.01326700 0.03615000
v -0.00790900 0.01334600 0.03625400
v -0.00790900 0.01345000 0.03633300
v -0.00790900 0.01350900 0.03636200
v -0.00780000 0.01320000 0.03590000
v -0.00778300 0.01321700 0.03602900
v -0.00773300 0.01326700 0.03615000
v -0.00755000 0.01345000 0.03633300
v -0.00794200 0.01346400 0.03700000
v -0.00790900 0.01370000 0.03640000
v -0.00775700 0.01445600 0.03640000
v -0.00776800 0.01441500 0.03700000
v -0.00873800 0.01465400 0.03673200
v -0.00855500 0.01465700 0.03613300
v -0.00817700 0.01456200 0.03633100
v -0.00852300 0.01578000 0.03582300
v -0.00870900 0.01585100 0.03543300
v -0.00841500 0.01569100 0.03673200
v -0.00823400 0.01566800 0.03613300
v -0.00787000 0.01552800 0.03633100
v -0.00796400 0.01552000 0.03693200
v -0.00750000 0.01070000 0.03200000
v -0.00750000 0.01070000 0.03400000
v -0.00728100 0.01070000 0.03400000
v -0.00728100 0.01070000 0.03500000
v -0.00686900 0.00948900 0.03400000
v -0.00686900 0.00948900 0.03500000
v -0.00745700 0.01170000 0.03200000
v -0.00745700 0.01170000 0.03500000
v -0.00750000 0.01250000 0.03200000
v -0.00750000 0.01250000 0.03500000
v -0.00636700 0.01119200 0.03200000
v -0.00636700 0.01119200 0.03500000
v -0.00650000 0.01250000 0.03200000
v -0.00650000 0.01250000 0.03500000
v -0.00566100 0.01083800 0.03100000
v -0.00597300 0.00993700 0.03200000
v -0.00597300 0.00993700 0.03500000
v -0.00518100 0.01000500 0.03371600
v -0.00590000 0.01250000 0.03100000
v -0.00575000 0.01250000 0.03371600
v -0.00560600 0.01122100 0.03371600
v -0.00730000 0.01130000 0.03640000
v -0.00745700 0.01330000 0.03200000
v -0.00745700 0.01330000 0.03500000
v -0.00728100 0.01430000 0.03200000
v -0.00728100 0.01430000 0.03500000
v -0.00636700 0.01380800 0.03200000
v -0.00636700 0.01380800 0.03500000
v -0.00698300 0.01523500 0.03200000
v -0.00698300 0.01523500 0.03300000
v -0.00691700 0.01567100 0.03200000
v -0.00691700 0.01567100 0.03300000
v -0.00704400 0.01609300 0.03200000
v -0.00704400 0.01609300 0.03300000
v -0.00687000 0.01550900 0.03300000
v -0.00687000 0.01550900 0.03500000
v -0.00566100 0.01416200 0.03100000
v -0.00560600 0.01377900 0.03371600
v -0.00597300 0.01506300 0.03200000
v -0.00597300 0.01506300 0.03500000
v -0.00518100 0.01499500 0.03371600
v -0.00533500 0.01621300 0.03200000
v -0.00533500 0.01621300 0.03500000
v -0.00730000 0.01370000 0.03640000
v -0.00746600 0.01537300 0.03640000
v -0.00748000 0.01533700 0.03700000
v -0.00706700 0.01624900 0.03640000
v -0.00708400 0.01621800 0.03700000
v -0.00921305 0.01632682 0.03200000
v -0.00913500 0.01656700 0.03200000
v -0.00899378 0.01681173 0.03200000
v -0.00877300 0.01730000 0.03200000
v -0.00877300 0.01730000 0.03320000
v -0.00885500 0.01714700 0.03500000
v -0.00838400 0.01675000 0.03100000
v -0.00852006 0.01638735 0.03200000
v -0.00838400 0.01675000 0.03200000
v -0.00832960 0.01683322 0.03200000
v -0.00827800 0.01695400 0.03200000
v -0.00820475 0.01702419 0.03200000
v -0.00827700 0.01695600 0.03320000
v -0.00830400 0.01690500 0.03500000
v -0.00827600 0.01695800 0.03500000
v -0.00872956 0.01726964 0.03200000
v -0.00867932 0.01735670 0.03200000
v -0.00872400 0.01738800 0.03200000
v -0.00872400 0.01738800 0.03300000
v -0.00866000 0.01750000 0.03320000
v -0.00866000 0.01750000 0.03500000
v -0.00771500 0.01787000 0.03500000
v -0.00819200 0.01823600 0.03200000
v -0.00819200 0.01823600 0.03300000
v -0.00823000 0.01818100 0.03500000
v -0.00811447 0.01833559 0.03200000
v -0.00809000 0.01837800 0.03200000
v -0.00802709 0.01844783 0.03200000
v -0.00757700 0.01902600 0.03200000
v -0.00753361 0.01899563 0.03200000
v -0.00751100 0.01910200 0.03200000
v -0.00757700 0.01902600 0.03300000
v -0.00766000 0.01892800 0.03320000
v -0.00751100 0.01910200 0.03320000
v -0.00766000 0.01892800 0.03500000
v -0.00879400 0.01711600 0.03551800
v -0.00861700 0.01702300 0.03600000
v -0.00824400 0.01687200 0.03543300
v -0.00833600 0.01687500 0.03641400
v -0.00796900 0.01668300 0.03673200
v -0.00806800 0.01677900 0.03582300
v -0.00779400 0.01663400 0.03613300
v -0.00754200 0.01645800 0.03693200
v -0.00765900 0.01783100 0.03543300
v -0.00774800 0.01784800 0.03641400
v -0.00817400 0.01814200 0.03551800
v -0.00800900 0.01802800 0.03600000
v -0.00734100 0.01641900 0.03200000
v -0.00734100 0.01641900 0.03300000
v -0.00626000 0.01663100 0.03300000
v -0.00626000 0.01663100 0.03500000
v -0.00725300 0.01848000 0.03100000
v -0.00725300 0.01848000 0.03200000
v -0.00706203 0.01866556 0.03200000
v -0.00701600 0.01875600 0.03200000
v -0.00734700 0.01836400 0.03320000
v -0.00734700 0.01836400 0.03500000
v -0.00701600 0.01875600 0.03320000
v -0.00701500 0.01875700 0.03500000
v -0.00746608 0.01907060 0.03200000
v -0.00690073 0.01969818 0.03200000
v -0.00748500 0.01913100 0.03500000
v -0.00578600 0.01789100 0.03200000
v -0.00578600 0.01789100 0.03300000
v -0.00534600 0.01791500 0.03200000
v -0.00546900 0.01763300 0.03300000
v -0.00534600 0.01791500 0.03300000
v -0.00546900 0.01763300 0.03500000
v -0.00619400 0.01805800 0.03200000
v -0.00619400 0.01805800 0.03300000
v -0.00618200 0.01958100 0.03200000
v -0.00621300 0.01955400 0.03500000
v -0.00618200 0.01958100 0.03500000
v -0.00745000 0.01645100 0.03633100
v -0.00724200 0.01754000 0.03613300
v -0.00749600 0.01771700 0.03582300
v -0.00740700 0.01761300 0.03673200
v -0.00692100 0.01731700 0.03633100
v -0.00701000 0.01733900 0.03693200
v -0.00656600 0.01707000 0.03640000
v -0.00658400 0.01704500 0.03700000
v -0.00696400 0.01871200 0.03543300
v -0.00704700 0.01874300 0.03641400
v -0.00743400 0.01908600 0.03551800
v -0.00728500 0.01895400 0.03600000
v -0.00658400 0.01837300 0.03613300
v -0.00681500 0.01857900 0.03582300
v -0.00673700 0.01846800 0.03673200
v -0.00629300 0.01811300 0.03633100
v -0.00637600 0.01814800 0.03693200
v -0.00597000 0.01782500 0.03640000
v -0.00598800 0.01780500 0.03700000
v -0.00596800 0.01923700 0.03673200
v -0.00616800 0.01950300 0.03543300
v -0.00603600 0.01935300 0.03582300
v -0.00624300 0.01954700 0.03641400
v -0.00583100 0.01912100 0.03613300
v -0.00564800 0.01887600 0.03693200
v -0.00557400 0.01882800 0.03633100
v -0.00528800 0.01850300 0.03640000
v -0.00530500 0.01848800 0.03700000
v -0.00669100 0.01993100 0.03200000
v -0.00657935 0.02001215 0.03200000
v -0.00642800 0.02016000 0.03200000
v -0.00663100 0.01998500 0.03500000
v -0.00642800 0.02016000 0.03500000
v -0.00577100 0.01992000 0.03100000
v -0.00593599 0.01975969 0.03200000
v -0.00577100 0.01992000 0.03200000
v -0.00568100 0.02073000 0.03500000
v -0.00541047 0.02014140 0.03200000
v -0.00532100 0.02024900 0.03500000
v -0.00658600 0.01993400 0.03551800
v -0.00645400 0.01978500 0.03600000
v -0.00564200 0.02067400 0.03551800
v -0.00552800 0.02050900 0.03600000
v -0.00534800 0.02024800 0.03641400
v -0.00517000 0.02002900 0.03582300
v -0.00511300 0.01990700 0.03673200
v -0.00528200 0.02019200 0.03543300
v -0.00496300 0.01569000 0.03100000
v -0.00449600 0.01608500 0.03371600
v -0.00386400 0.01695900 0.03100000
v -0.00447800 0.01721100 0.03200000
v -0.00447800 0.01721100 0.03500000
v -0.00495900 0.01812700 0.03200000
v -0.00495900 0.01812700 0.03300000
v -0.00451900 0.01848600 0.03200000
v -0.00448800 0.01850900 0.03400000
v -0.00451900 0.01848600 0.03500000
v -0.00448800 0.01850900 0.03500000
v -0.00419000 0.01886800 0.03400000
v -0.00419000 0.01886800 0.03500000
v -0.00408700 0.01932300 0.03400000
v -0.00408700 0.01932300 0.03500000
v -0.00401800 0.01970100 0.03400000
v -0.00401800 0.01970100 0.03500000
v -0.00358500 0.01699600 0.03371600
v -0.00343800 0.01801600 0.03200000
v -0.00343800 0.01801600 0.03500000
v -0.00343800 0.01916600 0.03200000
v -0.00343800 0.01916600 0.03400000
v -0.00300000 0.01826600 0.03200000
v -0.00300000 0.01826600 0.03400000
v -0.00300000 0.01899400 0.03200000
v -0.00300000 0.01899400 0.03400000
v -0.00477300 0.01945100 0.03633100
v -0.00483900 0.01951000 0.03693200
v -0.00452900 0.01909500 0.03640000
v -0.00454500 0.01908400 0.03700000
v -0.00370400 0.01959100 0.03640000
v -0.00371800 0.01958400 0.03700000
v -0.00400900 0.02100200 0.03100000
v -0.00481900 0.02057100 0.03200000
v -0.00481900 0.02057100 0.03500000
v -0.00500000 0.02116000 0.03200000
v -0.00500000 0.02116000 0.03500000
v -0.00464700 0.02135500 0.03500000
v -0.00381100 0.02002400 0.03400000
v -0.00381100 0.02002400 0.03500000
v -0.00431923 0.02081150 0.03200000
v -0.00400900 0.02100200 0.03200000
v -0.00435200 0.02083200 0.03500000
v -0.00349800 0.02024700 0.03400000
v -0.00349800 0.02024700 0.03500000
v -0.00371030 0.02110452 0.03200000
v -0.00330200 0.02130100 0.03200000
v -0.00332100 0.02129400 0.03500000
v -0.00342000 0.02189700 0.03200000
v -0.00323416 0.02194677 0.03200000
v -0.00354600 0.02185000 0.03500000
v -0.00342000 0.02189700 0.03500000
v -0.00309000 0.02201100 0.03200000
v -0.00262908 0.02210882 0.03200000
v -0.00499400 0.01977300 0.03613300
v -0.00437500 0.02083600 0.03641400
v -0.00461600 0.02129400 0.03551800
v -0.00452300 0.02111700 0.03600000
v -0.00422900 0.02059500 0.03582300
v -0.00408500 0.02032000 0.03613300
v -0.00418300 0.02046900 0.03673200
v -0.00395800 0.02004200 0.03693200
v -0.00390400 0.01997400 0.03633100
v -0.00432100 0.02077100 0.03543300
v -0.00319100 0.02091500 0.03673200
v -0.00329600 0.02123000 0.03543300
v -0.00322600 0.02104400 0.03582300
v -0.00333800 0.02130200 0.03641400
v -0.00282600 0.01998400 0.03640000
v -0.00297900 0.02038900 0.03633100
v -0.00302000 0.02046400 0.03693200
v -0.00283700 0.01998000 0.03700000
v -0.00311700 0.02075400 0.03613300
v -0.00345100 0.02160000 0.03600000
v -0.00352200 0.02178600 0.03551800
v -0.00245100 0.01786700 0.03100000
v -0.00249500 0.01768100 0.03371600
v -0.00225700 0.01859500 0.03400000
v -0.00225700 0.01859500 0.03500000
v -0.00127900 0.01810600 0.03371600
v -0.00084000 0.01834000 0.03100000
v -0.00098400 0.01892500 0.03400000
v -0.00098400 0.01892500 0.03500000
v -0.00214000 0.02072600 0.03400000
v -0.00214000 0.02072600 0.03500000
v -0.00205400 0.02167300 0.03100000
v -0.00246558 0.02153173 0.03200000
v -0.00205400 0.02167300 0.03200000
v -0.00188632 0.02169153 0.03200000
v -0.00224100 0.02162900 0.03500000
v -0.00239300 0.02220900 0.03500000
v -0.00167800 0.02174900 0.03200000
v -0.00126700 0.02181400 0.03200000
v -0.00167800 0.02174900 0.03500000
v -0.00126700 0.02181400 0.03390000
v -0.00173600 0.02234800 0.03200000
v -0.00133777 0.02238287 0.03200000
v -0.00173600 0.02234800 0.03500000
v -0.00070000 0.02036900 0.03350000
v -0.00070000 0.02036900 0.03390000
v -0.00070000 0.02131900 0.03255400
v -0.00072000 0.02096900 0.03400000
v -0.00072000 0.02096900 0.03500000
v -0.00070000 0.02131900 0.03390000
v -0.00115900 0.02181700 0.03201100
v -0.00105600 0.02179800 0.03204300
v -0.00087100 0.02169500 0.03216300
v -0.00083300 0.02186300 0.03200000
v -0.00074500 0.02152600 0.03234400
v -0.00105600 0.02179800 0.03390000
v -0.00112900 0.02183200 0.03500000
v -0.00087100 0.02169500 0.03390000
v -0.00074500 0.02152600 0.03390000
v -0.00104500 0.02244500 0.03200000
v -0.00120500 0.02242700 0.03500000
v -0.00033479 0.02186300 0.03200000
v -0.00190700 0.02026900 0.03640000
v -0.00191500 0.02026800 0.03700000
v -0.00203800 0.02077000 0.03693200
v -0.00201000 0.02069000 0.03633100
v -0.00217700 0.02136900 0.03582300
v -0.00210300 0.02106900 0.03613300
v -0.00215400 0.02123800 0.03673200
v -0.00222400 0.02156200 0.03543300
v -0.00225300 0.02164100 0.03641400
v -0.00237700 0.02214300 0.03551800
v -0.00232900 0.02194900 0.03600000
v -0.00096000 0.02044200 0.03640000
v -0.00096400 0.02044200 0.03700000
v -0.00101200 0.02087200 0.03633100
v -0.00102700 0.02095600 0.03693200
v -0.00105900 0.02125900 0.03613300
v -0.00108500 0.02143400 0.03673200
v -0.00109600 0.02156700 0.03582300
v -0.00112000 0.02176400 0.03543300
v -0.00113500 0.02184600 0.03641400
v -0.00117300 0.02216100 0.03600000
v -0.00119700 0.02235900 0.03551800
v 0.00110000 -0.00230000 -0.00277800
v 0.00110000 -0.00230000 0.00000000
v 0.00110000 -0.00119600 -0.00297200
v 0.00120900 -0.00113100 -0.00309400
v 0.00110000 -0.00140800 -0.00034700
v 0.00110000 -0.00128400 -0.00067400
v 0.00110000 -0.00108500 -0.00096200
v 0.00110000 -0.00145000 0.00000000
v 0.00110000 -0.00140800 0.00034700
v 0.00110000 -0.00218700 0.00071100
v 0.00110000 -0.00186100 0.00135200
v 0.00110000 -0.00128400 0.00067400
v 0.00110000 -0.00108500 0.00096200
v 0.00110000 -0.00135200 0.00186100
v 0.00130000 -0.00250000 -0.00269900
v 0.00130000 -0.00230300 -0.00298000
v 0.00130000 -0.00250000 0.00000000
v 0.00130000 -0.00129200 -0.00315800
v 0.00130000 -0.00121400 -0.00029900
v 0.00130000 -0.00110700 -0.00058100
v 0.00130000 -0.00125000 0.00000000
v 0.00130000 -0.00121400 0.00029900
v 0.00130000 -0.00110700 0.00058100
v 0.00180000 -0.00110700 -0.00058100
v 0.00180000 -0.00125000 0.00000000
v 0.00180000 -0.00110700 0.00058100
v 0.00130000 -0.00237800 0.00077300
v 0.00130000 -0.00202300 0.00146900
v 0.00130000 -0.00146900 0.00202300
v 0.00110000 -0.00091200 -0.00259900
v 0.00110000 -0.00052300 -0.00236900
v 0.00110000 -0.00051400 -0.00135600
v 0.00110000 -0.00017500 -0.00143900
v 0.00110000 -0.00082400 -0.00119300
v 0.00110000 -0.00007700 -0.00229900
v 0.00110000 0.00017500 -0.00143900
v 0.00110000 0.00061200 -0.00221700
v 0.00110000 0.00051400 -0.00135600
v 0.00110000 -0.00082400 0.00119300
v 0.00110000 -0.00071100 0.00218700
v 0.00110000 -0.00051400 0.00135600
v 0.00110000 -0.00017500 0.00143900
v 0.00110000 0.00017500 0.00143900
v 0.00110000 0.00000000 0.00230000
v 0.00110000 0.00051400 0.00135600
v 0.00110000 0.00124500 -0.00193400
v 0.00110000 0.00082400 -0.00119300
v 0.00110000 0.00108500 -0.00096200
v 0.00110000 0.00128400 -0.00067400
v 0.00110000 0.00140800 -0.00034700
v 0.00110000 0.00145000 0.00000000
v 0.00110000 0.00140800 0.00034700
v 0.00110000 0.00176500 -0.00147500
v 0.00110000 0.00212400 -0.00088200
v 0.00110000 0.00229100 -0.00020800
v 0.00110000 0.00224800 0.00048400
v 0.00110000 0.00082400 0.00119300
v 0.00110000 0.00108500 0.00096200
v 0.00110000 0.00128400 0.00067400
v 0.00110000 0.00219100 0.00070000
v 0.00130000 -0.00101000 -0.00304600
v 0.00130000 -0.00078000 -0.00274900
v 0.00130000 -0.00045600 -0.00255700
v 0.00130000 -0.00093600 -0.00082900
v 0.00130000 -0.00071000 -0.00102900
v 0.00130000 -0.00044300 -0.00116900
v 0.00180000 -0.00071000 -0.00102900
v 0.00180000 -0.00069300 -0.00040000
v 0.00180000 -0.00080000 0.00000000
v 0.00180000 -0.00069300 0.00040000
v 0.00180000 -0.00040000 -0.00069300
v 0.00130000 -0.00008400 -0.00249900
v 0.00130000 0.00066500 -0.00241000
v 0.00130000 -0.00015100 -0.00124100
v 0.00130000 0.00015100 -0.00124100
v 0.00130000 0.00044300 -0.00116900
v 0.00180000 -0.00015100 -0.00124100
v 0.00180000 0.00000000 -0.00080000
v 0.00180000 0.00044300 -0.00116900
v 0.00180000 0.00040000 -0.00069300
v 0.00180000 0.00069300 -0.00040000
v 0.00180000 0.00069300 0.00040000
v 0.00197500 -0.00062500 0.00000000
v 0.00197500 -0.00054100 -0.00031200
v 0.00197500 -0.00031200 -0.00054100
v 0.00197500 -0.00054100 0.00031300
v 0.00197500 -0.00031200 0.00054100
v 0.00197500 0.00000000 -0.00062500
v 0.00197500 0.00000000 0.00062500
v 0.00197500 0.00031200 -0.00054100
v 0.00197500 0.00054100 -0.00031200
v 0.00197500 0.00031200 0.00054100
v 0.00197500 0.00062500 0.00000000
v 0.00197500 0.00054100 0.00031300
v 0.00130000 -0.00093600 0.00082900
v 0.00130000 -0.00071000 0.00102900
v 0.00130000 -0.00077300 0.00237800
v 0.00130000 -0.00044300 0.00116900
v 0.00180000 -0.00071000 0.00102900
v 0.00180000 -0.00040000 0.00069300
v 0.00130000 -0.00015100 0.00124100
v 0.00130000 0.00015100 0.00124100
v 0.00130000 0.00000000 0.00250000
v 0.00130000 0.00044300 0.00116900
v 0.00180000 0.00000000 0.00080000
v 0.00180000 -0.00015100 0.00124100
v 0.00180000 0.00040000 0.00069300
v 0.00180000 0.00044300 0.00116900
v 0.00130000 0.00135300 -0.00210200
v 0.00130000 0.00071000 -0.00102900
v 0.00130000 0.00093600 -0.00082900
v 0.00130000 0.00110700 -0.00058100
v 0.00130000 0.00110700 0.00058100
v 0.00130000 0.00121400 -0.00029900
v 0.00130000 0.00125000 0.00000000
v 0.00130000 0.00121400 0.00029900
v 0.00180000 0.00093600 -0.00082900
v 0.00180000 0.00080000 0.00000000
v 0.00180000 0.00121400 -0.00029900
v 0.00180000 0.00125000 0.00000000
v 0.00180000 0.00121400 0.00029900
v 0.00130000 0.00191800 -0.00160300
v 0.00130000 0.00230900 -0.00095800
v 0.00130000 0.00071000 0.00102900
v 0.00130000 0.00093600 0.00082900
v 0.00180000 0.00093600 0.00082900
v 0.00360000 -0.00250000 -0.00269900
v 0.00360000 -0.00230300 -0.00298000
v 0.00360000 -0.00250000 0.00000000
v 0.00360000 -0.00129200 -0.00315800
v 0.00369100 -0.00113100 -0.00309400
v 0.00360000 -0.00237800 0.00077300
v 0.00360000 -0.00202300 0.00146900
v 0.00360000 -0.00146900 0.00202300
v 0.00380000 -0.00230000 -0.00277800
v 0.00380000 -0.00230000 0.00000000
v 0.00380000 -0.00119600 -0.00297200
v 0.00380000 -0.00218700 0.00071100
v 0.00380000 -0.00186100 0.00135200
v 0.00380000 -0.00135200 0.00186100
v 0.00360000 -0.00101000 -0.00304600
v 0.00360000 -0.00078000 -0.00274900
v 0.00360000 -0.00045600 -0.00255700
v 0.00360000 -0.00062500 0.00000000
v 0.00360000 -0.00054100 -0.00031300
v 0.00360000 -0.00031200 -0.00054100
v 0.00360000 -0.00054100 0.00031200
v 0.00360000 -0.00031200 0.00054100
v 0.00360000 -0.00008400 -0.00249900
v 0.00360000 0.00066500 -0.00241000
v 0.00360000 0.00000000 -0.00062500
v 0.00360000 0.00000000 0.00062500
v 0.00360000 0.00031200 -0.00054100
v 0.00360000 0.00054100 -0.00031300
v 0.00360000 0.00031200 0.00054100
v 0.00360000 0.00062500 0.00000000
v 0.00360000 0.00054100 0.00031200
v 0.00360000 -0.00077300 0.00237800
v 0.00360000 0.00000000 0.00250000
v 0.00360000 0.00135300 -0.00210200
v 0.00360000 0.00191800 -0.00160300
v 0.00360000 0.00230900 -0.00095800
v 0.00360000 0.00199500 0.00250000
v 0.00380000 -0.00091200 -0.00259900
v 0.00380000 -0.00052300 -0.00236900
v 0.00380000 -0.00071400 -0.00041200
v 0.00380000 -0.00082500 0.00000000
v 0.00380000 -0.00071400 0.00041300
v 0.00380000 -0.00041200 -0.00071400
v 0.00380000 -0.00007700 -0.00229900
v 0.00380000 0.00061200 -0.00221700
v 0.00380000 0.00000000 -0.00082500
v 0.00380000 0.00041300 -0.00071400
v 0.00380000 -0.00071100 0.00218700
v 0.00380000 -0.00041200 0.00071400
v 0.00380000 0.00000000 0.00082500
v 0.00380000 0.00000000 0.00230000
v 0.00380000 0.00041300 0.00071400
v 0.00380000 0.00124500 -0.00193400
v 0.00380000 0.00071400 -0.00041200
v 0.00380000 0.00082500 0.00000000
v 0.00380000 0.00071400 0.00041300
v 0.00380000 0.00176500 -0.00147500
v 0.00380000 0.00212400 -0.00088200
v 0.00380000 0.00199500 0.00050000
v 0.00380000 0.00229100 -0.00020800
v 0.00380000 0.00230000 0.00000000
v 0.00380000 0.00230000 0.00050000
v 0.00380000 0.00199500 0.00230000
v 0.00350000 -0.00090000 0.00850000
v 0.00426500 -0.00074800 0.00850000
v 0.00491400 -0.00031400 0.00850000
v 0.00120900 0.00352000 0.00050000
v 0.00094900 0.00390900 0.00050000
v 0.00000000 0.00260000 0.00350000
v 0.00010000 0.00406100 0.00070000
v 0.00010000 0.00406100 0.00230000
v 0.00060000 0.00392700 0.00070000
v 0.00048300 0.00398500 0.00070000
v 0.00060000 0.00392700 0.00230000
v 0.00048300 0.00398500 0.00230000
v 0.00110000 0.00306100 0.00070000
v 0.00110000 0.00306100 0.00230000
v 0.00080700 0.00376800 0.00070000
v 0.00080700 0.00376800 0.00230000
v 0.00102400 0.00344300 0.00070000
v 0.00096600 0.00356100 0.00070000
v 0.00102400 0.00344300 0.00230000
v 0.00096600 0.00356100 0.00230000
v 0.00120900 0.00352000 0.00250000
v 0.00094900 0.00390900 0.00250000
v 0.00010000 0.00426100 0.00050000
v 0.00055900 0.00416900 0.00050000
v 0.00036300 0.00581000 0.00050000
v 0.00010000 0.00426100 0.00250000
v 0.00055900 0.00416900 0.00250000
v 0.00036300 0.00581000 0.00250000
v 0.00130000 0.00249000 -0.00022600
v 0.00130000 0.00244900 0.00050000
v 0.00130000 0.00250000 0.00050000
v 0.00130000 0.00306100 0.00050000
v 0.00180000 0.00250000 0.00000000
v 0.00130000 0.00306100 0.00250000
v 0.00194600 0.00279300 0.00350000
v 0.00108400 0.00588800 0.00050000
v 0.00035200 0.00601000 0.00070000
v 0.00035200 0.00601000 0.00230000
v 0.00105200 0.00608600 0.00070000
v 0.00108400 0.00588800 0.00250000
v 0.00105200 0.00608600 0.00230000
v 0.00084000 0.00666000 0.00350000
v 0.00179200 0.00604400 0.00050000
v 0.00248000 0.00627600 0.00050000
v 0.00173900 0.00623700 0.00070000
v 0.00179200 0.00604400 0.00250000
v 0.00173900 0.00623700 0.00230000
v 0.00248000 0.00627600 0.00250000
v 0.00240600 0.00646200 0.00070000
v 0.00240600 0.00646200 0.00230000
v 0.00245100 0.00713300 0.00350000
v 0.00360000 0.00249000 -0.00022600
v 0.00360000 0.00250000 0.00000000
v 0.00360000 0.00250000 0.00050000
v 0.00371600 0.00270000 0.00250000
v 0.00392800 0.00270000 0.00050000
v 0.00386500 0.00250000 0.00070000
v 0.00386500 0.00250000 0.00230000
v 0.00381500 0.00336500 0.00350000
v 0.00313800 0.00658000 0.00050000
v 0.00304500 0.00675700 0.00070000
v 0.00304500 0.00675700 0.00230000
v 0.00313800 0.00658000 0.00250000
v 0.00364800 0.00712000 0.00070000
v 0.00364800 0.00712000 0.00230000
v 0.00376000 0.00695400 0.00050000
v 0.00433700 0.00739400 0.00050000
v 0.00376000 0.00695400 0.00250000
v 0.00420800 0.00754600 0.00070000
v 0.00420800 0.00754600 0.00230000
v 0.00433700 0.00739400 0.00250000
v 0.00486400 0.00789200 0.00050000
v 0.00386400 0.00804100 0.00350000
v 0.00471900 0.00803000 0.00070000
v 0.00471900 0.00803000 0.00230000
v 0.00486400 0.00789200 0.00250000
v 0.00496300 0.00931000 0.00350000
v 0.00000000 0.00675000 0.01721600
v 0.00127900 0.00689400 0.01721600
v 0.00249500 0.00731900 0.01721600
v 0.00358500 0.00800400 0.01721600
v 0.00449600 0.00891500 0.01721600
v 0.00534800 0.00033500 0.00850000
v 0.00550000 0.00110000 0.00850000
v 0.00650000 0.00050000 0.00850000
v 0.00666700 -0.00012500 0.00850000
v 0.00712500 -0.00058300 0.00850000
v 0.00666700 0.00112500 0.00850000
v 0.00712500 0.00158300 0.00850000
v 0.00800000 -0.00150000 0.00850000
v 0.00876500 -0.00134800 0.00850000
v 0.00775000 -0.00075000 0.00850000
v 0.00837500 -0.00058300 0.00850000
v 0.00775000 0.00175000 0.00850000
v 0.00837500 0.00158300 0.00850000
v 0.00883300 -0.00012500 0.00850000
v 0.00900000 0.00050000 0.00850000
v 0.00941400 -0.00091400 0.00850000
v 0.00984800 -0.00026500 0.00850000
v 0.01000000 0.00050000 0.00850000
v 0.00883300 0.00112500 0.00850000
v 0.00614800 0.00357500 0.00050000
v 0.00596300 0.00402100 0.00050000
v 0.00550000 0.00250000 0.00250000
v 0.00550000 0.00270000 0.00250000
v 0.00550000 0.00391500 0.00250000
v 0.00624642 0.00414795 0.00080000
v 0.00590000 0.00450000 0.00050000
v 0.00622600 0.00421600 0.00065000
v 0.00620000 0.00453900 0.00065000
v 0.00596300 0.00497900 0.00050000
v 0.00624300 0.00486100 0.00065000
v 0.00614800 0.00542500 0.00050000
v 0.00553600 0.00429300 0.00350000
v 0.00567900 0.00474200 0.00250000
v 0.00622600 0.00421600 0.00078854
v 0.00620905 0.00442660 0.00079928
v 0.00620795 0.00444026 0.00080000
v 0.00620195 0.00451481 0.00080000
v 0.00620000 0.00453900 0.00079487
v 0.00623886 0.00483003 0.00079546
v 0.00624300 0.00486100 0.00079547
v 0.00567900 0.00474200 0.00350000
v 0.00618400 0.00542100 0.00250000
v 0.00618400 0.00542100 0.00350000
v 0.00644200 0.00319200 0.00050000
v 0.00682500 0.00289800 0.00050000
v 0.00647300 0.00362100 0.00065000
v 0.00655600 0.00367800 0.00055000
v 0.00631900 0.00390600 0.00065000
v 0.00641100 0.00394400 0.00055000
v 0.00668400 0.00337500 0.00065000
v 0.00675300 0.00344700 0.00055000
v 0.00694100 0.00317800 0.00065000
v 0.00699300 0.00326300 0.00055000
v 0.00727100 0.00271300 0.00050000
v 0.00732300 0.00270000 0.00050000
v 0.00723400 0.00303800 0.00065000
v 0.00726700 0.00313300 0.00055000
v 0.00710900 0.00375300 0.00055000
v 0.00705700 0.00384900 0.00055000
v 0.00718500 0.00381800 0.00065000
v 0.00715300 0.00387700 0.00065000
v 0.00704800 0.00395800 0.00055000
v 0.00714700 0.00394500 0.00065000
v 0.00719600 0.00368700 0.00055000
v 0.00730200 0.00366100 0.00055000
v 0.00740900 0.00368100 0.00055000
v 0.00723900 0.00377700 0.00065000
v 0.00730500 0.00376100 0.00065000
v 0.00737100 0.00377400 0.00065000
v 0.00643787 0.00368601 0.00080000
v 0.00644917 0.00366510 0.00079618
v 0.00647300 0.00362100 0.00078817
v 0.00631900 0.00390600 0.00078713
v 0.00637846 0.00379596 0.00080000
v 0.00628289 0.00402635 0.00080000
v 0.00629626 0.00403059 0.00081408
v 0.00661387 0.00345676 0.00080000
v 0.00666811 0.00339352 0.00080000
v 0.00668400 0.00337500 0.00079496
v 0.00670843 0.00335627 0.00079500
v 0.00667416 0.00383487 0.00108043
v 0.00666802 0.00414842 0.00120584
v 0.00686664 0.00403952 0.00134876
v 0.00694100 0.00317800 0.00079521
v 0.00696168 0.00316812 0.00080000
v 0.00703620 0.00313251 0.00080000
v 0.00704323 0.00312916 0.00079959
v 0.00723400 0.00303800 0.00078839
v 0.00730454 0.00302120 0.00080000
v 0.00746192 0.00298373 0.00080000
v 0.00746487 0.00299902 0.00081563
v 0.00738242 0.00327901 0.00107019
v 0.00688292 0.00404747 0.00136699
v 0.00694208 0.00411973 0.00145392
v 0.00698469 0.00403219 0.00145000
v 0.00701451 0.00399340 0.00145718
v 0.00700638 0.00400398 0.00145579
v 0.00697100 0.00405000 0.00145000
v 0.00695705 0.00408364 0.00145000
v 0.00704611 0.00384369 0.00138324
v 0.00707073 0.00386601 0.00141664
v 0.00709536 0.00388825 0.00145000
v 0.00718500 0.00381800 0.00125000
v 0.00716516 0.00382467 0.00145613
v 0.00715300 0.00387700 0.00125000
v 0.00711400 0.00386400 0.00145000
v 0.00712034 0.00385912 0.00145000
v 0.00713356 0.00384896 0.00145344
v 0.00709100 0.00404600 0.00155000
v 0.00708300 0.00405900 0.00155000
v 0.00714700 0.00394500 0.00125000
v 0.00697100 0.00405000 0.00250000
v 0.00708901 0.00404924 0.00250000
v 0.00708300 0.00405900 0.00250000
v 0.00717083 0.00395391 0.00250000
v 0.00728062 0.00370905 0.00142854
v 0.00730000 0.00372100 0.00145000
v 0.00731220 0.00365414 0.00139244
v 0.00733014 0.00370850 0.00145000
v 0.00740325 0.00367818 0.00145772
v 0.00747337 0.00358478 0.00139010
v 0.00745280 0.00365763 0.00145639
v 0.00749039 0.00364204 0.00145000
v 0.00730000 0.00372100 0.00250000
v 0.00723900 0.00377700 0.00125000
v 0.00719730 0.00379995 0.00145607
v 0.00720000 0.00391900 0.00155000
v 0.00723400 0.00388900 0.00155000
v 0.00730500 0.00376100 0.00125000
v 0.00728204 0.00373481 0.00145251
v 0.00729154 0.00372750 0.00145000
v 0.00733300 0.00381800 0.00155000
v 0.00737100 0.00377400 0.00125000
v 0.00742700 0.00376800 0.00155000
v 0.00748400 0.00374600 0.00155000
v 0.00720848 0.00391152 0.00250000
v 0.00723400 0.00388900 0.00250000
v 0.00730832 0.00383570 0.00250000
v 0.00735644 0.00380553 0.00250000
v 0.00742700 0.00376800 0.00250000
v 0.00746979 0.00375149 0.00250000
v 0.00632500 0.00423500 0.00055000
v 0.00630000 0.00453700 0.00055000
v 0.00634000 0.00483700 0.00055000
v 0.00678800 0.00449300 0.00055000
v 0.00677000 0.00456000 0.00055000
v 0.00682200 0.00443400 0.00055000
v 0.00687100 0.00438600 0.00055000
v 0.00686900 0.00457300 0.00065000
v 0.00677000 0.00462800 0.00055000
v 0.00678800 0.00469400 0.00055000
v 0.00686900 0.00461500 0.00065000
v 0.00682200 0.00475400 0.00055000
v 0.00687000 0.00480200 0.00055000
v 0.00635000 0.00516600 0.00065000
v 0.00644100 0.00512300 0.00055000
v 0.00651900 0.00544300 0.00065000
v 0.00644200 0.00580800 0.00050000
v 0.00659900 0.00538200 0.00055000
v 0.00680700 0.00560200 0.00055000
v 0.00674200 0.00567800 0.00065000
v 0.00693100 0.00446500 0.00065000
v 0.00688000 0.00453200 0.00065000
v 0.00690100 0.00449500 0.00065000
v 0.00706900 0.00422900 0.00055000
v 0.00705400 0.00424500 0.00055000
v 0.00707800 0.00418700 0.00055000
v 0.00707700 0.00420900 0.00055000
v 0.00717700 0.00417400 0.00065000
v 0.00717500 0.00423100 0.00065000
v 0.00711500 0.00432400 0.00065000
v 0.00715300 0.00428300 0.00065000
v 0.00688000 0.00465600 0.00065000
v 0.00690100 0.00469300 0.00065000
v 0.00693100 0.00472300 0.00065000
v 0.00696800 0.00474400 0.00065000
v 0.00693000 0.00483700 0.00055000
v 0.00718100 0.00483300 0.00065000
v 0.00714300 0.00492500 0.00055000
v 0.00716100 0.00493700 0.00055000
v 0.00717500 0.00495400 0.00055000
v 0.00718100 0.00497500 0.00055000
v 0.00722900 0.00486300 0.00065000
v 0.00726300 0.00490800 0.00065000
v 0.00728000 0.00496200 0.00065000
v 0.00700900 0.00586200 0.00065000
v 0.00705700 0.00577400 0.00055000
v 0.00721100 0.00520400 0.00055000
v 0.00731000 0.00519100 0.00065000
v 0.00732100 0.00523200 0.00065000
v 0.00722900 0.00527100 0.00055000
v 0.00726300 0.00533000 0.00055000
v 0.00734200 0.00526900 0.00065000
v 0.00731200 0.00537900 0.00055000
v 0.00737200 0.00529900 0.00065000
v 0.00740900 0.00532100 0.00065000
v 0.00737100 0.00541300 0.00055000
v 0.00745000 0.00533200 0.00065000
v 0.00749300 0.00533200 0.00065000
v 0.00743700 0.00543100 0.00055000
v 0.00625030 0.00488181 0.00080000
v 0.00628044 0.00496772 0.00080000
v 0.00633995 0.00485890 0.00089263
v 0.00681426 0.00428285 0.00138537
v 0.00687172 0.00433674 0.00145622
v 0.00685606 0.00445445 0.00145269
v 0.00679691 0.00450000 0.00139691
v 0.00685047 0.00449650 0.00145047
v 0.00685000 0.00450000 0.00145000
v 0.00685299 0.00452246 0.00145299
v 0.00685853 0.00456412 0.00145297
v 0.00685000 0.00450000 0.00250000
v 0.00664773 0.00485224 0.00118668
v 0.00686900 0.00461500 0.00125000
v 0.00682721 0.00474606 0.00139452
v 0.00686052 0.00473951 0.00142841
v 0.00635000 0.00516600 0.00078819
v 0.00637644 0.00520934 0.00079607
v 0.00638962 0.00523094 0.00080000
v 0.00644984 0.00532964 0.00080000
v 0.00651900 0.00544300 0.00078572
v 0.00661248 0.00554151 0.00080000
v 0.00660874 0.00553757 0.00079943
v 0.00669021 0.00562342 0.00080000
v 0.00674200 0.00567800 0.00078815
v 0.00688896 0.00424780 0.00145000
v 0.00690068 0.00421955 0.00145505
v 0.00692627 0.00415786 0.00145816
v 0.00688100 0.00426700 0.00145000
v 0.00687687 0.00429803 0.00145000
v 0.00701100 0.00419300 0.00155000
v 0.00698500 0.00426500 0.00155000
v 0.00696400 0.00435400 0.00155000
v 0.00693100 0.00446500 0.00125000
v 0.00688000 0.00453200 0.00125000
v 0.00695000 0.00449000 0.00155000
v 0.00695000 0.00452000 0.00155000
v 0.00717700 0.00417400 0.00125000
v 0.00717500 0.00423100 0.00125000
v 0.00711500 0.00432400 0.00125000
v 0.00715300 0.00428300 0.00125000
v 0.00702895 0.00415959 0.00250000
v 0.00700452 0.00421095 0.00250000
v 0.00698500 0.00426500 0.00250000
v 0.00696924 0.00433181 0.00250000
v 0.00695000 0.00449000 0.00250000
v 0.00695000 0.00451252 0.00250000
v 0.00696051 0.00438790 0.00250000
v 0.00695748 0.00456886 0.00250000
v 0.00690100 0.00469300 0.00125000
v 0.00687776 0.00470862 0.00145304
v 0.00688100 0.00473300 0.00145000
v 0.00688195 0.00473529 0.00145022
v 0.00687975 0.00473418 0.00144838
v 0.00688089 0.00473217 0.00145000
v 0.00688131 0.00473375 0.00145000
v 0.00697200 0.00468600 0.00155000
v 0.00696800 0.00474400 0.00125000
v 0.00698000 0.00471600 0.00155000
v 0.00692794 0.00484617 0.00145440
v 0.00694365 0.00488406 0.00145669
v 0.00688564 0.00498646 0.00135642
v 0.00702800 0.00484400 0.00155000
v 0.00696706 0.00494049 0.00145000
v 0.00696120 0.00496590 0.00143239
v 0.00697100 0.00495000 0.00145000
v 0.00697371 0.00495694 0.00144790
v 0.00697580 0.00495624 0.00145007
v 0.00697552 0.00495588 0.00145000
v 0.00700172 0.00498996 0.00145468
v 0.00707200 0.00492400 0.00155000
v 0.00718100 0.00483300 0.00125000
v 0.00711500 0.00498600 0.00155000
v 0.00697399 0.00469348 0.00250000
v 0.00698000 0.00471600 0.00250000
v 0.00701603 0.00481209 0.00250000
v 0.00697100 0.00495000 0.00250000
v 0.00703897 0.00486394 0.00250000
v 0.00707200 0.00492400 0.00250000
v 0.00710428 0.00497054 0.00250000
v 0.00714068 0.00501393 0.00250000
v 0.00722900 0.00486300 0.00125000
v 0.00726300 0.00490800 0.00125000
v 0.00728000 0.00496200 0.00125000
v 0.00699902 0.00520608 0.00131505
v 0.00704182 0.00504211 0.00145791
v 0.00709645 0.00511318 0.00145000
v 0.00710418 0.00516883 0.00141772
v 0.00711400 0.00513600 0.00145000
v 0.00712586 0.00514512 0.00145000
v 0.00715864 0.00517032 0.00145648
v 0.00716950 0.00517867 0.00145702
v 0.00691598 0.00579790 0.00079907
v 0.00693062 0.00580799 0.00080000
v 0.00698789 0.00584745 0.00080000
v 0.00700900 0.00586200 0.00079461
v 0.00710664 0.00552886 0.00113137
v 0.00704069 0.00575387 0.00090756
v 0.00721800 0.00509800 0.00155000
v 0.00723000 0.00510800 0.00155000
v 0.00720197 0.00520363 0.00145487
v 0.00731000 0.00519100 0.00125000
v 0.00734200 0.00526900 0.00125000
v 0.00727521 0.00525994 0.00145000
v 0.00730000 0.00527900 0.00145000
v 0.00729952 0.00529577 0.00143419
v 0.00732170 0.00528800 0.00145326
v 0.00730728 0.00528202 0.00145000
v 0.00736800 0.00520300 0.00155000
v 0.00740800 0.00522300 0.00155000
v 0.00740900 0.00532100 0.00125000
v 0.00735801 0.00530306 0.00145603
v 0.00749300 0.00533200 0.00125000
v 0.00745590 0.00534366 0.00145337
v 0.00749443 0.00535964 0.00145337
v 0.00721800 0.00509800 0.00250000
v 0.00726538 0.00512917 0.00250000
v 0.00727438 0.00513667 0.00250000
v 0.00730000 0.00527900 0.00250000
v 0.00737797 0.00520799 0.00250000
v 0.00740800 0.00522300 0.00250000
v 0.00749357 0.00525603 0.00250000
v 0.00745492 0.00566444 0.00114650
v 0.00738915 0.00580839 0.00099139
v 0.00550000 0.00250000 0.00850000
v 0.00730095 0.00409575 0.00555000
v 0.00737318 0.00402320 0.00555000
v 0.00743710 0.00395900 0.00552951
v 0.00746947 0.00395029 0.00553942
v 0.00718262 0.00428599 0.00555000
v 0.00715667 0.00438238 0.00555000
v 0.00712719 0.00449187 0.00553726
v 0.00712500 0.00450000 0.00553400
v 0.00712754 0.00450945 0.00553528
v 0.00714000 0.00449200 0.00555000
v 0.00715544 0.00461343 0.00555000
v 0.00718047 0.00470669 0.00555000
v 0.00720900 0.00418800 0.00553157
v 0.00723677 0.00416021 0.00554491
v 0.00722936 0.00416764 0.00554136
v 0.00723278 0.00416422 0.00554301
v 0.00724100 0.00416300 0.00555000
v 0.00722403 0.00482803 0.00554059
v 0.00720900 0.00481300 0.00553286
v 0.00723200 0.00482300 0.00555000
v 0.00723137 0.00483537 0.00554145
v 0.00730133 0.00490533 0.00555000
v 0.00736767 0.00497167 0.00555000
v 0.00741337 0.00501737 0.00553694
v 0.00743710 0.00504100 0.00553024
v 0.00748777 0.00505460 0.00554711
v 0.00749099 0.00505546 0.00554724
v 0.00748900 0.00505200 0.00555000
v 0.00533400 0.00844500 0.00050000
v 0.00574100 0.00904600 0.00050000
v 0.00533400 0.00844500 0.00250000
v 0.00517500 0.00856600 0.00070000
v 0.00517500 0.00856600 0.00230000
v 0.00557000 0.00914900 0.00070000
v 0.00557000 0.00914900 0.00230000
v 0.00574100 0.00904600 0.00250000
v 0.00682500 0.00610200 0.00050000
v 0.00733700 0.00589000 0.00055000
v 0.00730800 0.00598600 0.00065000
v 0.00727100 0.00628700 0.00050000
v 0.00727999 0.00597439 0.00079463
v 0.00730800 0.00598600 0.00079463
v 0.00733310 0.00599064 0.00080000
v 0.00741570 0.00600592 0.00080000
v 0.00775000 0.00267500 0.00052500
v 0.00754900 0.00296300 0.00065000
v 0.00756200 0.00306200 0.00055000
v 0.00800000 0.00268400 0.00051600
v 0.00787300 0.00295500 0.00065000
v 0.00786500 0.00305500 0.00055000
v 0.00762300 0.00377000 0.00055000
v 0.00765500 0.00377400 0.00055000
v 0.00758500 0.00386200 0.00065000
v 0.00768500 0.00376200 0.00055000
v 0.00766800 0.00387300 0.00065000
v 0.00774600 0.00384100 0.00065000
v 0.00786900 0.00362100 0.00055000
v 0.00792800 0.00358700 0.00055000
v 0.00792900 0.00370100 0.00065000
v 0.00796600 0.00367900 0.00065000
v 0.00799400 0.00356900 0.00055000
v 0.00800700 0.00366800 0.00065000
v 0.00806300 0.00356900 0.00055000
v 0.00805000 0.00366800 0.00065000
v 0.00809100 0.00367900 0.00065000
v 0.00824000 0.00271600 0.00050000
v 0.00819200 0.00301400 0.00065000
v 0.00816300 0.00311000 0.00055000
v 0.00868900 0.00283700 0.00050000
v 0.00849100 0.00313800 0.00065000
v 0.00844300 0.00322600 0.00055000
v 0.00867500 0.00289800 0.00050000
v 0.00812900 0.00358700 0.00055000
v 0.00812800 0.00370100 0.00065000
v 0.00818800 0.00362100 0.00055000
v 0.00823700 0.00367000 0.00055000
v 0.00815800 0.00373100 0.00065000
v 0.00817900 0.00376800 0.00065000
v 0.00819000 0.00380900 0.00065000
v 0.00827100 0.00372900 0.00055000
v 0.00822000 0.00403800 0.00065000
v 0.00825200 0.00411600 0.00065000
v 0.00828900 0.00379600 0.00055000
v 0.00831900 0.00402500 0.00055000
v 0.00833100 0.00405500 0.00055000
v 0.00835700 0.00407500 0.00055000
v 0.00869300 0.00339800 0.00055000
v 0.00754900 0.00296300 0.00078946
v 0.00766302 0.00296018 0.00080000
v 0.00800000 0.00250000 0.00070000
v 0.00800000 0.00250000 0.00230000
v 0.00800000 0.00250000 0.00250000
v 0.00800000 0.00270000 0.00250000
v 0.00783312 0.00295598 0.00080000
v 0.00787300 0.00295500 0.00079614
v 0.00790714 0.00296131 0.00080000
v 0.00790260 0.00304089 0.00087990
v 0.00812207 0.00316705 0.00096492
v 0.00754739 0.00354689 0.00137050
v 0.00751700 0.00363100 0.00145000
v 0.00756000 0.00362528 0.00145000
v 0.00759297 0.00362089 0.00145347
v 0.00763406 0.00361543 0.00145769
v 0.00764600 0.00370700 0.00155000
v 0.00768200 0.00333582 0.00117786
v 0.00768921 0.00347187 0.00131475
v 0.00770418 0.00360610 0.00145000
v 0.00775000 0.00360000 0.00145000
v 0.00778182 0.00360423 0.00145000
v 0.00764600 0.00370700 0.00250000
v 0.00775000 0.00360000 0.00250000
v 0.00777137 0.00370400 0.00250000
v 0.00758500 0.00386200 0.00125000
v 0.00766800 0.00387300 0.00125000
v 0.00774600 0.00384100 0.00125000
v 0.00752438 0.00373628 0.00250000
v 0.00781326 0.00336821 0.00121365
v 0.00782051 0.00360938 0.00145613
v 0.00781300 0.00370300 0.00155000
v 0.00787388 0.00361648 0.00145710
v 0.00787400 0.00371000 0.00155000
v 0.00792900 0.00370100 0.00125000
v 0.00791427 0.00362186 0.00145502
v 0.00798199 0.00347365 0.00129531
v 0.00800700 0.00366800 0.00125000
v 0.00798300 0.00363100 0.00145000
v 0.00797246 0.00362960 0.00145000
v 0.00798780 0.00363299 0.00145000
v 0.00800557 0.00364036 0.00145337
v 0.00804410 0.00365634 0.00145337
v 0.00809100 0.00367900 0.00125000
v 0.00782821 0.00370475 0.00250000
v 0.00787400 0.00371000 0.00250000
v 0.00797800 0.00373300 0.00155000
v 0.00809200 0.00377700 0.00155000
v 0.00795207 0.00372727 0.00250000
v 0.00800642 0.00374397 0.00250000
v 0.00809200 0.00377700 0.00250000
v 0.00812203 0.00379201 0.00250000
v 0.00817155 0.00301022 0.00080000
v 0.00819200 0.00301400 0.00079563
v 0.00822755 0.00302874 0.00079563
v 0.00868900 0.00283700 0.00250000
v 0.00849100 0.00313800 0.00079473
v 0.00851194 0.00315243 0.00080000
v 0.00845954 0.00324532 0.00090676
v 0.00856937 0.00319201 0.00080000
v 0.00858402 0.00320210 0.00079907
v 0.00814199 0.00369694 0.00145603
v 0.00817830 0.00371200 0.00145326
v 0.00820069 0.00370362 0.00143357
v 0.00820000 0.00372100 0.00145000
v 0.00819272 0.00371798 0.00145000
v 0.00839336 0.00347113 0.00113136
v 0.00820000 0.00372100 0.00250000
v 0.00815800 0.00373100 0.00125000
v 0.00819000 0.00380900 0.00125000
v 0.00813200 0.00379700 0.00155000
v 0.00822479 0.00374006 0.00145000
v 0.00827000 0.00389200 0.00155000
v 0.00822000 0.00403800 0.00125000
v 0.00825200 0.00411600 0.00125000
v 0.00829803 0.00379637 0.00145487
v 0.00833050 0.00382133 0.00145702
v 0.00834136 0.00382968 0.00145648
v 0.00828200 0.00390200 0.00155000
v 0.00839582 0.00383117 0.00141772
v 0.00837414 0.00385488 0.00145000
v 0.00838600 0.00386400 0.00145000
v 0.00840355 0.00388683 0.00145000
v 0.00838500 0.00401400 0.00155000
v 0.00842800 0.00407600 0.00155000
v 0.00822563 0.00386333 0.00250000
v 0.00823464 0.00387084 0.00250000
v 0.00828200 0.00390200 0.00250000
v 0.00835932 0.00398608 0.00250000
v 0.00839572 0.00402946 0.00250000
v 0.00842800 0.00407600 0.00250000
v 0.00850098 0.00379392 0.00131505
v 0.00845818 0.00395789 0.00145791
v 0.00849828 0.00401004 0.00145468
v 0.00847200 0.00415600 0.00155000
v 0.00852628 0.00404306 0.00144790
v 0.00852420 0.00404376 0.00145007
v 0.00852448 0.00404412 0.00145000
v 0.00853881 0.00403409 0.00143239
v 0.00852900 0.00405000 0.00145000
v 0.00853295 0.00405951 0.00145000
v 0.00855635 0.00411594 0.00145669
v 0.00857206 0.00415383 0.00145440
v 0.00861437 0.00401353 0.00135641
v 0.00846103 0.00413605 0.00250000
v 0.00852900 0.00405000 0.00250000
v 0.00753400 0.00532100 0.00065000
v 0.00757100 0.00529900 0.00065000
v 0.00750600 0.00543100 0.00055000
v 0.00757200 0.00541300 0.00055000
v 0.00763100 0.00537900 0.00055000
v 0.00775400 0.00515900 0.00065000
v 0.00783200 0.00512700 0.00065000
v 0.00781500 0.00523800 0.00055000
v 0.00784500 0.00522600 0.00055000
v 0.00787700 0.00523000 0.00055000
v 0.00791500 0.00513800 0.00065000
v 0.00809100 0.00531900 0.00055000
v 0.00831900 0.00416700 0.00065000
v 0.00834700 0.00471700 0.00065000
v 0.00832500 0.00476900 0.00065000
v 0.00838500 0.00467600 0.00065000
v 0.00843100 0.00477100 0.00055000
v 0.00842300 0.00479100 0.00055000
v 0.00832300 0.00482600 0.00065000
v 0.00842200 0.00481300 0.00055000
v 0.00853200 0.00425600 0.00065000
v 0.00857000 0.00416300 0.00055000
v 0.00858800 0.00429400 0.00065000
v 0.00856900 0.00453500 0.00065000
v 0.00866000 0.00422500 0.00055000
v 0.00862300 0.00435200 0.00065000
v 0.00871700 0.00431800 0.00055000
v 0.00863200 0.00441900 0.00065000
v 0.00861300 0.00448400 0.00065000
v 0.00873200 0.00442700 0.00055000
v 0.00870000 0.00453100 0.00055000
v 0.00844600 0.00475500 0.00055000
v 0.00862900 0.00461400 0.00055000
v 0.00812900 0.00522600 0.00065000
v 0.00817000 0.00523800 0.00065000
v 0.00821200 0.00523800 0.00065000
v 0.00825300 0.00522700 0.00065000
v 0.00815700 0.00533700 0.00055000
v 0.00822500 0.00533700 0.00055000
v 0.00835300 0.00505500 0.00065000
v 0.00835300 0.00509800 0.00065000
v 0.00832000 0.00517500 0.00065000
v 0.00829000 0.00520500 0.00065000
v 0.00834200 0.00513900 0.00065000
v 0.00843400 0.00517700 0.00055000
v 0.00840000 0.00523600 0.00055000
v 0.00829200 0.00531900 0.00055000
v 0.00835100 0.00528500 0.00055000
v 0.00823300 0.00586700 0.00055000
v 0.00845200 0.00504200 0.00055000
v 0.00845200 0.00511100 0.00055000
v 0.00850700 0.00573700 0.00055000
v 0.00855900 0.00582200 0.00065000
v 0.00874700 0.00555300 0.00055000
v 0.00757100 0.00529900 0.00125000
v 0.00752200 0.00526700 0.00155000
v 0.00751700 0.00536900 0.00145000
v 0.00751220 0.00536701 0.00145000
v 0.00752754 0.00537040 0.00145000
v 0.00752225 0.00539112 0.00142858
v 0.00762600 0.00529000 0.00155000
v 0.00758573 0.00537814 0.00145502
v 0.00762612 0.00538352 0.00145710
v 0.00775400 0.00515900 0.00125000
v 0.00768700 0.00529700 0.00155000
v 0.00767949 0.00539062 0.00145613
v 0.00771818 0.00539577 0.00145000
v 0.00775000 0.00540000 0.00145000
v 0.00779582 0.00539390 0.00145000
v 0.00754793 0.00527273 0.00250000
v 0.00762600 0.00529000 0.00250000
v 0.00767179 0.00529525 0.00250000
v 0.00772864 0.00529600 0.00250000
v 0.00775000 0.00540000 0.00250000
v 0.00780109 0.00549461 0.00134867
v 0.00780752 0.00563482 0.00120762
v 0.00783200 0.00512700 0.00125000
v 0.00791500 0.00513800 0.00125000
v 0.00785400 0.00529300 0.00155000
v 0.00786594 0.00538457 0.00145769
v 0.00790703 0.00537911 0.00145347
v 0.00794000 0.00537472 0.00145000
v 0.00807300 0.00523200 0.00155000
v 0.00801600 0.00525400 0.00155000
v 0.00798300 0.00536900 0.00145000
v 0.00800961 0.00535796 0.00145000
v 0.00802664 0.00541522 0.00139010
v 0.00804720 0.00534237 0.00145639
v 0.00809675 0.00532182 0.00145772
v 0.00785400 0.00529300 0.00250000
v 0.00807300 0.00523200 0.00250000
v 0.00797561 0.00526372 0.00250000
v 0.00803021 0.00524852 0.00250000
v 0.00796044 0.00546584 0.00135624
v 0.00811757 0.00572099 0.00107019
v 0.00831900 0.00416700 0.00125000
v 0.00834700 0.00471700 0.00125000
v 0.00832500 0.00476900 0.00125000
v 0.00838500 0.00467600 0.00125000
v 0.00832300 0.00482600 0.00125000
v 0.00840900 0.00495400 0.00155000
v 0.00841700 0.00494100 0.00155000
v 0.00837334 0.00499315 0.00250000
v 0.00841099 0.00495076 0.00250000
v 0.00841700 0.00494100 0.00250000
v 0.00853200 0.00425600 0.00125000
v 0.00858800 0.00429400 0.00125000
v 0.00852000 0.00428400 0.00155000
v 0.00852800 0.00431400 0.00155000
v 0.00855000 0.00448000 0.00155000
v 0.00856900 0.00453500 0.00125000
v 0.00855000 0.00451000 0.00155000
v 0.00863944 0.00426050 0.00142845
v 0.00862300 0.00435200 0.00125000
v 0.00861900 0.00426700 0.00145000
v 0.00861805 0.00426471 0.00145022
v 0.00861869 0.00426625 0.00145000
v 0.00861911 0.00426783 0.00145000
v 0.00862026 0.00426581 0.00144837
v 0.00862224 0.00429138 0.00145304
v 0.00867285 0.00425393 0.00139446
v 0.00863200 0.00441900 0.00125000
v 0.00864147 0.00443588 0.00145297
v 0.00864701 0.00447754 0.00145299
v 0.00861300 0.00448400 0.00125000
v 0.00865000 0.00450000 0.00145000
v 0.00864953 0.00450350 0.00145047
v 0.00864394 0.00454555 0.00145269
v 0.00870309 0.00450000 0.00139691
v 0.00848397 0.00418792 0.00250000
v 0.00852000 0.00428400 0.00250000
v 0.00852600 0.00430652 0.00250000
v 0.00853348 0.00436286 0.00250000
v 0.00855000 0.00448748 0.00250000
v 0.00855000 0.00451000 0.00250000
v 0.00865000 0.00450000 0.00250000
v 0.00851500 0.00473500 0.00155000
v 0.00853600 0.00464600 0.00155000
v 0.00848900 0.00480700 0.00155000
v 0.00849362 0.00499602 0.00145579
v 0.00848549 0.00500660 0.00145718
v 0.00851531 0.00496781 0.00145000
v 0.00857373 0.00484214 0.00145816
v 0.00855792 0.00488027 0.00145392
v 0.00852900 0.00495000 0.00145000
v 0.00854295 0.00491636 0.00145000
v 0.00862828 0.00466326 0.00145622
v 0.00862313 0.00470197 0.00145000
v 0.00861900 0.00473300 0.00145000
v 0.00861103 0.00475220 0.00145000
v 0.00859932 0.00478045 0.00145505
v 0.00868574 0.00471715 0.00138537
v 0.00861709 0.00495253 0.00136698
v 0.00863335 0.00496047 0.00134877
v 0.00851500 0.00473500 0.00250000
v 0.00849548 0.00478905 0.00250000
v 0.00853949 0.00461210 0.00250000
v 0.00853076 0.00466819 0.00250000
v 0.00847105 0.00484040 0.00250000
v 0.00852900 0.00495000 0.00250000
v 0.00812900 0.00522600 0.00125000
v 0.00816700 0.00518200 0.00155000
v 0.00826600 0.00511100 0.00155000
v 0.00821200 0.00523800 0.00125000
v 0.00816985 0.00529150 0.00145000
v 0.00820000 0.00527900 0.00145000
v 0.00818780 0.00534586 0.00139244
v 0.00821796 0.00526519 0.00145251
v 0.00821938 0.00529095 0.00142854
v 0.00820846 0.00527250 0.00145000
v 0.00835300 0.00505500 0.00125000
v 0.00830000 0.00508100 0.00155000
v 0.00829000 0.00520500 0.00125000
v 0.00834200 0.00513900 0.00125000
v 0.00830270 0.00520005 0.00145607
v 0.00833484 0.00517533 0.00145613
v 0.00840465 0.00511174 0.00145000
v 0.00836644 0.00515104 0.00145344
v 0.00838600 0.00513600 0.00145000
v 0.00837965 0.00514088 0.00145000
v 0.00842930 0.00513400 0.00141661
v 0.00814357 0.00519446 0.00250000
v 0.00819168 0.00516430 0.00250000
v 0.00826600 0.00511100 0.00250000
v 0.00820000 0.00527900 0.00250000
v 0.00829152 0.00508848 0.00250000
v 0.00845391 0.00515632 0.00138321
v 0.00845677 0.00587085 0.00079959
v 0.00846381 0.00586748 0.00080000
v 0.00853832 0.00583188 0.00080000
v 0.00855900 0.00582200 0.00079521
v 0.00905800 0.00319200 0.00050000
v 0.00927300 0.00322700 0.00050000
v 0.00875800 0.00332200 0.00065000
v 0.00890100 0.00361800 0.00055000
v 0.00898100 0.00355700 0.00065000
v 0.00905900 0.00387700 0.00055000
v 0.00935200 0.00357500 0.00050000
v 0.00915000 0.00383400 0.00065000
v 0.00925700 0.00413900 0.00065000
v 0.00966300 0.00381100 0.00050000
v 0.00953700 0.00402100 0.00050000
v 0.00876500 0.00265200 0.00070000
v 0.00876500 0.00265200 0.00230000
v 0.00876500 0.00265200 0.00250000
v 0.00927300 0.00322700 0.00250000
v 0.00875800 0.00332200 0.00078815
v 0.00880979 0.00337658 0.00080000
v 0.00888752 0.00345849 0.00080000
v 0.00889126 0.00346243 0.00079943
v 0.00898100 0.00355700 0.00078572
v 0.00905016 0.00367036 0.00080000
v 0.00885226 0.00414777 0.00118670
v 0.00911038 0.00376906 0.00080000
v 0.00912356 0.00379066 0.00079607
v 0.00915000 0.00383400 0.00078819
v 0.00916005 0.00414110 0.00089262
v 0.00921956 0.00403227 0.00080000
v 0.00924970 0.00411820 0.00080000
v 0.00925700 0.00413900 0.00079547
v 0.00941400 0.00308600 0.00070000
v 0.00941400 0.00308600 0.00230000
v 0.00941400 0.00308600 0.00250000
v 0.00966300 0.00381100 0.00250000
v 0.00984800 0.00373500 0.00070000
v 0.00984800 0.00373500 0.00230000
v 0.00984800 0.00373500 0.00250000
v 0.00916000 0.00416300 0.00055000
v 0.00920000 0.00446300 0.00055000
v 0.00930000 0.00446100 0.00065000
v 0.00917500 0.00476500 0.00055000
v 0.00927400 0.00478400 0.00065000
v 0.00894400 0.00532200 0.00055000
v 0.00902700 0.00537900 0.00065000
v 0.00881600 0.00562500 0.00065000
v 0.00905800 0.00580800 0.00050000
v 0.00908900 0.00505600 0.00055000
v 0.00918100 0.00509400 0.00065000
v 0.00935200 0.00542500 0.00050000
v 0.00960000 0.00450000 0.00050000
v 0.00953700 0.00497900 0.00050000
v 0.00980000 0.00450000 0.00050000
v 0.00883199 0.00485159 0.00120583
v 0.00926114 0.00416997 0.00079546
v 0.00929205 0.00455974 0.00080000
v 0.00929095 0.00457340 0.00079928
v 0.00930000 0.00446100 0.00079487
v 0.00929805 0.00448519 0.00080000
v 0.00921711 0.00497365 0.00080000
v 0.00920374 0.00496941 0.00081408
v 0.00927400 0.00478400 0.00078854
v 0.00925358 0.00485205 0.00080000
v 0.00882584 0.00516513 0.00108042
v 0.00906212 0.00531400 0.00080000
v 0.00905083 0.00533490 0.00079618
v 0.00902700 0.00537900 0.00078817
v 0.00879157 0.00564373 0.00079500
v 0.00881600 0.00562500 0.00079496
v 0.00888613 0.00554324 0.00080000
v 0.00883189 0.00560648 0.00080000
v 0.00912154 0.00520404 0.00080000
v 0.00918100 0.00509400 0.00078713
v 0.01000000 0.00450000 0.00070000
v 0.00980000 0.00450000 0.00250000
v 0.01000000 0.00450000 0.00230000
v 0.01000000 0.00450000 0.00250000
v 0.00750395 0.00394103 0.00555000
v 0.00767529 0.00389505 0.00555000
v 0.00775000 0.00387500 0.00552895
v 0.00778234 0.00388371 0.00553734
v 0.00783128 0.00389684 0.00555000
v 0.00793567 0.00392486 0.00555000
v 0.00800901 0.00394454 0.00554725
v 0.00801223 0.00394540 0.00554713
v 0.00801100 0.00394800 0.00555000
v 0.00806290 0.00395900 0.00553035
v 0.00808663 0.00398274 0.00553710
v 0.00813144 0.00402774 0.00555000
v 0.00820192 0.00409853 0.00555000
v 0.00800000 0.00250000 0.00850000
v 0.00775000 0.00450000 0.00555000
v 0.00756434 0.00507515 0.00555000
v 0.00766871 0.00510316 0.00555000
v 0.00771766 0.00511629 0.00553727
v 0.00775000 0.00512500 0.00552884
v 0.00782471 0.00510495 0.00555000
v 0.00799779 0.00505850 0.00555000
v 0.00803053 0.00504971 0.00553980
v 0.00806290 0.00504100 0.00552974
v 0.00826859 0.00416549 0.00554209
v 0.00827540 0.00417233 0.00554121
v 0.00826800 0.00417700 0.00555000
v 0.00829100 0.00418800 0.00553318
v 0.00831908 0.00429229 0.00555000
v 0.00834464 0.00438725 0.00555000
v 0.00837246 0.00449056 0.00553521
v 0.00837500 0.00450000 0.00553396
v 0.00837282 0.00450813 0.00553725
v 0.00836000 0.00450800 0.00555000
v 0.00819414 0.00490975 0.00555000
v 0.00812738 0.00497651 0.00555000
v 0.00825900 0.00483700 0.00555000
v 0.00827216 0.00483176 0.00554028
v 0.00826376 0.00484013 0.00554430
v 0.00826722 0.00483668 0.00554265
v 0.00834320 0.00461849 0.00555000
v 0.00831781 0.00471311 0.00555000
v 0.00829100 0.00481300 0.00553124
v 0.00876500 0.00265200 0.00850000
v 0.00941400 0.00308600 0.00850000
v 0.00984800 0.00373500 0.00850000
v 0.01000000 0.00450000 0.00850000
v 0.00763500 0.00594500 0.00055000
v 0.00762700 0.00604500 0.00065000
v 0.00775000 0.00635000 0.00050000
v 0.00793800 0.00593800 0.00055000
v 0.00795100 0.00603700 0.00065000
v 0.00826600 0.00596200 0.00065000
v 0.00822900 0.00628700 0.00050000
v 0.00867500 0.00610200 0.00050000
v 0.00762700 0.00604500 0.00078871
v 0.00767726 0.00604376 0.00079656
v 0.00769905 0.00604322 0.00080000
v 0.00782523 0.00604011 0.00080000
v 0.00795100 0.00603700 0.00078656
v 0.00807708 0.00600698 0.00080000
v 0.00807659 0.00600478 0.00080227
v 0.00758200 0.00694300 0.00250000
v 0.00758200 0.00694300 0.00350000
v 0.00819545 0.00597880 0.00080000
v 0.00826600 0.00596200 0.00078839
v 0.00861300 0.00873500 0.00250000
v 0.00861300 0.00873500 0.00350000
v 0.00058810 -0.00447111 0.03500000
v 0.00117054 -0.00438471 0.03500000
v 0.00174171 -0.00424164 0.03500000
v 0.00229610 -0.00404328 0.03500000
v 0.00000000 0.00150000 0.03500000
v 0.00070000 0.00210000 0.03200000
v 0.00070000 0.00210000 0.03500000
v 0.00282838 -0.00379153 0.03500000
v 0.00333342 -0.00348882 0.03500000
v 0.00380636 -0.00313806 0.03500000
v 0.00424264 -0.00274264 0.03500000
v 0.00463806 -0.00230636 0.03500000
v 0.00498882 -0.00183342 0.03500000
v 0.00350000 -0.00090000 0.03200000
v 0.00426500 -0.00074800 0.03200000
v 0.00491400 -0.00031400 0.03200000
v 0.00058810 -0.00447111 0.05200000
v 0.00058527 -0.00444236 0.05258810
v 0.00057680 -0.00435637 0.05317054
v 0.00056278 -0.00421399 0.05374171
v 0.00117054 -0.00438471 0.05200000
v 0.00116491 -0.00435637 0.05258810
v 0.00114805 -0.00427164 0.05317054
v 0.00112014 -0.00413132 0.05374171
v 0.00054334 -0.00401658 0.05429610
v 0.00051866 -0.00376605 0.05482838
v -0.00000000 -0.00313806 0.05580636
v 0.00048899 -0.00346480 0.05533342
v 0.00045461 -0.00311573 0.05580636
v 0.00108144 -0.00393676 0.05429610
v 0.00103233 -0.00368985 0.05482838
v 0.00090484 -0.00304894 0.05580636
v 0.00097327 -0.00339296 0.05533342
v -0.00000000 -0.00274264 0.05624264
v -0.00000000 -0.00230636 0.05663806
v 0.00041585 -0.00272221 0.05624264
v 0.00037309 -0.00228803 0.05663806
v -0.00000000 -0.00183342 0.05698882
v -0.00000000 -0.00132838 0.05729153
v 0.00027723 -0.00131476 0.05729153
v 0.00032673 -0.00181737 0.05698882
v 0.00055179 -0.00127403 0.05729153
v 0.00082770 -0.00266112 0.05624264
v 0.00074258 -0.00223322 0.05663806
v 0.00123157 -0.00255995 0.05624264
v 0.00110493 -0.00214246 0.05663806
v 0.00065032 -0.00176937 0.05698882
v 0.00082104 -0.00120659 0.05729153
v 0.00096764 -0.00168989 0.05698882
v 0.00108237 -0.00111308 0.05729153
v 0.00174171 -0.00424164 0.05200000
v 0.00170824 -0.00413132 0.05317054
v 0.00173332 -0.00421399 0.05258810
v 0.00166671 -0.00399441 0.05374171
v 0.00229610 -0.00404328 0.05200000
v 0.00228504 -0.00401658 0.05258810
v 0.00225198 -0.00393676 0.05317054
v 0.00219723 -0.00380459 0.05374171
v 0.00160913 -0.00380459 0.05429610
v 0.00153605 -0.00356368 0.05482838
v 0.00144818 -0.00327400 0.05533342
v 0.00134636 -0.00293835 0.05580636
v 0.00177491 -0.00278501 0.05580636
v 0.00202498 -0.00338873 0.05482838
v 0.00212132 -0.00362132 0.05429610
v 0.00190914 -0.00310907 0.05533342
v 0.00249441 -0.00316671 0.05482838
v 0.00235171 -0.00289974 0.05533342
v 0.00145663 -0.00201662 0.05663806
v 0.00162359 -0.00241969 0.05624264
v 0.00127565 -0.00157968 0.05698882
v 0.00179431 -0.00185691 0.05663806
v 0.00157136 -0.00143982 0.05698882
v 0.00185195 -0.00127164 0.05698882
v 0.00218637 -0.00259041 0.05580636
v 0.00199997 -0.00224168 0.05624264
v 0.00235708 -0.00202763 0.05624264
v 0.00211470 -0.00166487 0.05663806
v 0.00211470 -0.00107677 0.05698882
v 0.00241473 -0.00144236 0.05663806
v -0.00000000 -0.00079610 0.05754328
v 0.00022506 -0.00078504 0.05754328
v -0.00000000 -0.00024171 0.05774164
v 0.00017072 -0.00023332 0.05774164
v 0.00044795 -0.00075198 0.05754328
v 0.00033979 -0.00020824 0.05774164
v -0.00000000 0.00032946 0.05788471
v 0.00011473 0.00033509 0.05788471
v 0.00022836 0.00035195 0.05788471
v 0.00050559 -0.00016671 0.05774164
v 0.00033979 0.00037986 0.05788471
v 0.00044795 0.00041856 0.05788471
v 0.00055179 0.00046767 0.05788471
v 0.00066652 -0.00069723 0.05754328
v 0.00087868 -0.00062132 0.05754328
v 0.00108237 -0.00052498 0.05754328
v 0.00066652 -0.00010913 0.05774164
v 0.00082104 -0.00003605 0.05774164
v 0.00065032 0.00052673 0.05788471
v 0.00074258 0.00059516 0.05788471
v 0.00082770 0.00067230 0.05788471
v 0.00096764 0.00005182 0.05774164
v 0.00110493 0.00015364 0.05774164
v 0.00123157 0.00026843 0.05774164
v -0.00000000 0.00091190 0.05797111
v 0.00005764 0.00091473 0.05797111
v 0.00011473 0.00092320 0.05797111
v 0.00017072 0.00093722 0.05797111
v 0.00022506 0.00095666 0.05797111
v 0.00027723 0.00098134 0.05797111
v 0.00000000 0.00150000 0.05800000
v 0.00032673 0.00101101 0.05797111
v 0.00037309 0.00104539 0.05797111
v 0.00041585 0.00108415 0.05797111
v 0.00045461 0.00112691 0.05797111
v 0.00048899 0.00117327 0.05797111
v 0.00051866 0.00122277 0.05797111
v 0.00054334 0.00127494 0.05797111
v 0.00056278 0.00132928 0.05797111
v 0.00057680 0.00138527 0.05797111
v 0.00058527 0.00144236 0.05797111
v 0.00058527 0.00155764 0.05797111
v 0.00058810 0.00150000 0.05797111
v 0.00000000 0.00208810 0.05797111
v 0.00005764 0.00208527 0.05797111
v 0.00011473 0.00207680 0.05797111
v 0.00017072 0.00206278 0.05797111
v 0.00022506 0.00204334 0.05797111
v 0.00027723 0.00201866 0.05797111
v 0.00032673 0.00198899 0.05797111
v 0.00037309 0.00195461 0.05797111
v 0.00045461 0.00187309 0.05797111
v 0.00041585 0.00191585 0.05797111
v 0.00054334 0.00172506 0.05797111
v 0.00057680 0.00161473 0.05797111
v 0.00056278 0.00167072 0.05797111
v 0.00048899 0.00182673 0.05797111
v 0.00051866 0.00177723 0.05797111
v 0.00090484 0.00075742 0.05788471
v 0.00097327 0.00084968 0.05788471
v 0.00103233 0.00094821 0.05788471
v 0.00108144 0.00105205 0.05788471
v 0.00112014 0.00116021 0.05788471
v 0.00114805 0.00127164 0.05788471
v 0.00116491 0.00138527 0.05788471
v 0.00117054 0.00150000 0.05788471
v 0.00074258 0.00240484 0.05788471
v 0.00082770 0.00232770 0.05788471
v 0.00090484 0.00224258 0.05788471
v 0.00108144 0.00194795 0.05788471
v 0.00116491 0.00161473 0.05788471
v 0.00114805 0.00172836 0.05788471
v 0.00112014 0.00183979 0.05788471
v 0.00097327 0.00215032 0.05788471
v 0.00103233 0.00205179 0.05788471
v 0.00133329 -0.00099441 0.05729153
v 0.00127565 -0.00040914 0.05754328
v 0.00145663 -0.00027491 0.05754328
v 0.00157136 -0.00085171 0.05729153
v 0.00179431 -0.00068637 0.05729153
v 0.00134636 0.00039507 0.05774164
v 0.00144818 0.00053236 0.05774164
v 0.00153605 0.00067896 0.05774164
v 0.00162359 -0.00012359 0.05754328
v 0.00177491 0.00004337 0.05754328
v 0.00199997 -0.00049997 0.05729153
v 0.00218637 -0.00029431 0.05729153
v 0.00235708 -0.00085708 0.05698882
v 0.00190914 0.00022435 0.05754328
v 0.00202498 0.00041763 0.05754328
v 0.00212132 0.00062132 0.05754328
v 0.00235171 -0.00007136 0.05729153
v 0.00249441 0.00016671 0.05729153
v 0.00160913 0.00083348 0.05774164
v 0.00166671 0.00099441 0.05774164
v 0.00170824 0.00116021 0.05774164
v 0.00173332 0.00132928 0.05774164
v 0.00174171 0.00150000 0.05774164
v 0.00153605 0.00232104 0.05774164
v 0.00170824 0.00183979 0.05774164
v 0.00173332 0.00167072 0.05774164
v 0.00160913 0.00216652 0.05774164
v 0.00166671 0.00200559 0.05774164
v 0.00219723 0.00083348 0.05754328
v 0.00225198 0.00105205 0.05754328
v 0.00228504 0.00127494 0.05754328
v 0.00229610 0.00150000 0.05754328
v 0.00212132 0.00237868 0.05754328
v 0.00228504 0.00172506 0.05754328
v 0.00225198 0.00194795 0.05754328
v 0.00219723 0.00216652 0.05754328
v 0.00282838 -0.00379153 0.05200000
v 0.00277403 -0.00368985 0.05317054
v 0.00281476 -0.00376605 0.05258810
v 0.00270659 -0.00356368 0.05374171
v 0.00333342 -0.00348882 0.05200000
v 0.00326937 -0.00339296 0.05317054
v 0.00331737 -0.00346480 0.05258810
v 0.00318989 -0.00327400 0.05374171
v 0.00373322 -0.00304894 0.05317054
v 0.00364246 -0.00293835 0.05374171
v 0.00261308 -0.00338873 0.05429610
v 0.00293982 -0.00289974 0.05482838
v 0.00307968 -0.00310907 0.05429610
v 0.00351662 -0.00278501 0.05429610
v 0.00257677 -0.00235641 0.05580636
v 0.00277164 -0.00264805 0.05533342
v 0.00294236 -0.00208527 0.05580636
v 0.00269150 -0.00177961 0.05624264
v 0.00269150 -0.00119150 0.05663806
v 0.00300000 -0.00150000 0.05624264
v 0.00335691 -0.00259041 0.05482838
v 0.00316487 -0.00235641 0.05533342
v 0.00374168 -0.00224168 0.05482838
v 0.00352763 -0.00202763 0.05533342
v 0.00327961 -0.00177961 0.05580636
v 0.00358527 -0.00144236 0.05580636
v 0.00327961 -0.00119150 0.05624264
v 0.00380636 -0.00313806 0.05200000
v 0.00378803 -0.00311573 0.05258810
v 0.00424264 -0.00274264 0.05200000
v 0.00405995 -0.00255995 0.05374171
v 0.00416112 -0.00266112 0.05317054
v 0.00422221 -0.00272221 0.05258810
v 0.00463806 -0.00230636 0.05200000
v 0.00461573 -0.00228803 0.05258810
v 0.00454894 -0.00223322 0.05317054
v 0.00443835 -0.00214246 0.05374171
v 0.00498882 -0.00183342 0.05200000
v 0.00496479 -0.00181737 0.05258810
v 0.00489296 -0.00176937 0.05317054
v 0.00477400 -0.00168989 0.05374171
v 0.00391969 -0.00241969 0.05429610
v 0.00428501 -0.00201662 0.05429610
v 0.00385641 -0.00166487 0.05533342
v 0.00385641 -0.00107677 0.05580636
v 0.00409041 -0.00185691 0.05482838
v 0.00414805 -0.00127164 0.05533342
v 0.00460907 -0.00157968 0.05429610
v 0.00439974 -0.00143982 0.05482838
v 0.00488873 -0.00111308 0.05429610
v 0.00257677 -0.00061470 0.05698882
v 0.00277164 -0.00035195 0.05698882
v 0.00294236 -0.00091473 0.05663806
v 0.00261308 0.00041763 0.05729153
v 0.00270659 0.00067896 0.05729153
v 0.00293982 -0.00007136 0.05698882
v 0.00307968 0.00022435 0.05698882
v 0.00316487 -0.00061470 0.05663806
v 0.00335691 -0.00029431 0.05663806
v 0.00352763 -0.00085708 0.05624264
v 0.00374168 -0.00049997 0.05624264
v 0.00318989 0.00053236 0.05698882
v 0.00351662 0.00004337 0.05663806
v 0.00364246 0.00039507 0.05663806
v 0.00277403 0.00094821 0.05729153
v 0.00281476 0.00122277 0.05729153
v 0.00282838 0.00150000 0.05729153
v 0.00277403 0.00205179 0.05729153
v 0.00270659 0.00232104 0.05729153
v 0.00281476 0.00177723 0.05729153
v 0.00326937 0.00084968 0.05698882
v 0.00331737 0.00117327 0.05698882
v 0.00333342 0.00150000 0.05698882
v 0.00373322 0.00075742 0.05663806
v 0.00331737 0.00182673 0.05698882
v 0.00326937 0.00215032 0.05698882
v 0.00373322 0.00224258 0.05663806
v 0.00409041 -0.00068637 0.05580636
v 0.00428501 -0.00027491 0.05580636
v 0.00391969 -0.00012359 0.05624264
v 0.00405995 0.00026843 0.05624264
v 0.00416112 0.00067230 0.05624264
v 0.00466671 -0.00099441 0.05482838
v 0.00439974 -0.00085171 0.05533342
v 0.00460907 -0.00040914 0.05533342
v 0.00488873 -0.00052498 0.05482838
v 0.00443835 0.00015364 0.05580636
v 0.00454894 0.00059516 0.05580636
v 0.00477400 0.00005182 0.05533342
v 0.00489296 0.00052673 0.05533342
v 0.00378803 0.00112691 0.05663806
v 0.00380636 0.00150000 0.05663806
v 0.00422221 0.00108415 0.05624264
v 0.00424264 0.00150000 0.05624264
v 0.00378803 0.00187309 0.05663806
v 0.00422221 0.00191585 0.05624264
v 0.00416112 0.00232770 0.05624264
v 0.00461573 0.00104539 0.05580636
v 0.00463806 0.00150000 0.05580636
v 0.00496479 0.00101101 0.05533342
v 0.00498882 0.00150000 0.05533342
v 0.00461573 0.00195461 0.05580636
v 0.00454894 0.00240484 0.05580636
v 0.00496479 0.00198899 0.05533342
v 0.00000000 0.00260000 0.03100000
v 0.00070000 0.00312600 0.03200000
v 0.00070000 0.00360000 0.03390000
v 0.00070000 0.00360000 0.03500000
v 0.00072600 0.00403100 0.03400000
v 0.00072600 0.00403100 0.03500000
v 0.00070000 0.00463100 0.03350000
v 0.00070000 0.00463100 0.03390000
v 0.00194600 0.00279300 0.03100000
v 0.00215700 0.00427800 0.03400000
v 0.00215700 0.00427800 0.03500000
v 0.00084000 0.00666000 0.03100000
v 0.00000000 0.00675000 0.03371600
v 0.00032900 0.00600800 0.03400000
v 0.00032900 0.00600800 0.03500000
v 0.00000000 0.00750000 0.03500000
v 0.00058810 0.00747111 0.03500000
v 0.00117054 0.00738471 0.03500000
v 0.00245100 0.00713300 0.03100000
v 0.00162900 0.00620700 0.03400000
v 0.00162900 0.00620700 0.03500000
v 0.00127900 0.00689400 0.03371600
v 0.00174171 0.00724164 0.03500000
v 0.00229610 0.00704328 0.03500000
v 0.00249500 0.00731900 0.03371600
v 0.00000000 0.00750000 0.03640000
v 0.00058810 0.00747111 0.03640000
v 0.00000000 0.00750000 0.03700000
v 0.00058810 0.00747111 0.03700000
v 0.00117054 0.00738471 0.03640000
v 0.00117054 0.00738471 0.03700000
v 0.00174171 0.00724164 0.03640000
v 0.00174171 0.00724164 0.03700000
v 0.00229610 0.00704328 0.03640000
v 0.00229610 0.00704328 0.03700000
v 0.00352500 0.00476500 0.03400000
v 0.00352500 0.00476500 0.03500000
v 0.00381500 0.00336500 0.03100000
v 0.00424264 0.00574264 0.03500000
v 0.00498882 0.00483342 0.03500000
v 0.00440400 0.00523000 0.03400000
v 0.00458647 0.00536328 0.03500000
v 0.00463806 0.00530636 0.03500000
v 0.00479000 0.00547800 0.03400000
v 0.00479000 0.00547800 0.03500000
v 0.00424264 0.00574264 0.03640000
v 0.00424264 0.00574264 0.03700000
v 0.00498882 0.00483342 0.03640000
v 0.00498882 0.00483342 0.03700000
v 0.00463806 0.00530636 0.03640000
v 0.00463806 0.00530636 0.03700000
v 0.00286300 0.00666400 0.03400000
v 0.00286300 0.00666400 0.03500000
v 0.00295031 0.00671845 0.03500000
v 0.00282838 0.00679153 0.03500000
v 0.00337400 0.00646200 0.03200000
v 0.00337400 0.00646200 0.03400000
v 0.00333342 0.00648882 0.03500000
v 0.00354900 0.00705500 0.03200000
v 0.00354900 0.00705500 0.03400000
v 0.00358500 0.00800400 0.03371600
v 0.00380636 0.00613806 0.03500000
v 0.00397900 0.00736000 0.03200000
v 0.00397900 0.00736000 0.03500000
v 0.00386400 0.00804100 0.03100000
v 0.00496300 0.00931000 0.03100000
v 0.00493200 0.00826600 0.03200000
v 0.00493200 0.00826600 0.03500000
v 0.00449600 0.00891500 0.03371600
v 0.00282838 0.00679153 0.03640000
v 0.00282838 0.00679153 0.03700000
v 0.00333342 0.00648882 0.03640000
v 0.00333342 0.00648882 0.03700000
v 0.00380636 0.00613806 0.03640000
v 0.00380636 0.00613806 0.03700000
v 0.00000000 0.00267054 0.05788471
v 0.00011473 0.00266491 0.05788471
v 0.00022836 0.00264805 0.05788471
v 0.00000000 0.00324171 0.05774164
v 0.00017072 0.00323332 0.05774164
v 0.00033979 0.00262014 0.05788471
v 0.00044795 0.00258144 0.05788471
v 0.00055179 0.00253233 0.05788471
v 0.00033979 0.00320824 0.05774164
v 0.00050559 0.00316671 0.05774164
v 0.00000000 0.00379610 0.05754328
v 0.00022506 0.00378504 0.05754328
v 0.00044795 0.00375198 0.05754328
v 0.00065032 0.00247327 0.05788471
v 0.00066652 0.00310913 0.05774164
v 0.00082104 0.00303605 0.05774164
v 0.00110493 0.00284636 0.05774164
v 0.00123157 0.00273157 0.05774164
v 0.00096764 0.00294818 0.05774164
v 0.00066652 0.00369723 0.05754328
v 0.00087868 0.00362132 0.05754328
v 0.00108237 0.00352498 0.05754328
v 0.00108237 0.00411308 0.05729153
v 0.00000000 0.00432838 0.05729153
v 0.00027723 0.00431476 0.05729153
v 0.00000000 0.00483342 0.05698882
v 0.00055179 0.00427403 0.05729153
v 0.00032673 0.00481737 0.05698882
v 0.00000000 0.00530636 0.05663806
v 0.00000000 0.00574264 0.05624264
v 0.00037309 0.00528803 0.05663806
v 0.00041585 0.00572221 0.05624264
v 0.00082104 0.00420659 0.05729153
v 0.00065032 0.00476937 0.05698882
v 0.00096764 0.00468989 0.05698882
v 0.00074258 0.00523322 0.05663806
v 0.00082770 0.00566112 0.05624264
v 0.00110493 0.00514246 0.05663806
v 0.00123157 0.00555995 0.05624264
v 0.00134636 0.00260493 0.05774164
v 0.00144818 0.00246764 0.05774164
v 0.00145663 0.00327491 0.05754328
v 0.00162359 0.00312359 0.05754328
v 0.00177491 0.00295663 0.05754328
v 0.00127565 0.00340914 0.05754328
v 0.00133329 0.00399441 0.05729153
v 0.00179431 0.00368637 0.05729153
v 0.00157136 0.00385171 0.05729153
v 0.00202498 0.00258237 0.05754328
v 0.00190914 0.00277565 0.05754328
v 0.00249441 0.00283329 0.05729153
v 0.00235171 0.00307136 0.05729153
v 0.00199997 0.00349997 0.05729153
v 0.00218637 0.00329431 0.05729153
v 0.00211470 0.00407677 0.05698882
v 0.00235708 0.00385708 0.05698882
v 0.00127565 0.00457968 0.05698882
v 0.00145663 0.00501662 0.05663806
v 0.00157136 0.00443982 0.05698882
v 0.00185195 0.00427164 0.05698882
v 0.00179431 0.00485691 0.05663806
v 0.00177491 0.00578501 0.05580636
v 0.00162359 0.00541969 0.05624264
v 0.00211470 0.00466487 0.05663806
v 0.00241473 0.00444236 0.05663806
v 0.00218637 0.00559041 0.05580636
v 0.00199997 0.00524167 0.05624264
v 0.00235708 0.00502763 0.05624264
v 0.00000000 0.00750000 0.05200000
v 0.00058810 0.00747111 0.05200000
v 0.00000000 0.00738471 0.05317054
v 0.00000000 0.00747111 0.05258810
v 0.00000000 0.00724164 0.05374171
v 0.00057680 0.00735637 0.05317054
v 0.00058527 0.00744236 0.05258810
v 0.00056278 0.00721399 0.05374171
v 0.00117054 0.00738471 0.05200000
v 0.00112014 0.00713132 0.05374171
v 0.00116491 0.00735637 0.05258810
v 0.00114805 0.00727164 0.05317054
v 0.00000000 0.00613806 0.05580636
v 0.00000000 0.00648882 0.05533342
v 0.00045461 0.00611573 0.05580636
v 0.00048899 0.00646480 0.05533342
v 0.00000000 0.00679153 0.05482838
v 0.00000000 0.00704328 0.05429610
v 0.00051866 0.00676605 0.05482838
v 0.00054334 0.00701658 0.05429610
v 0.00090484 0.00604894 0.05580636
v 0.00103233 0.00668985 0.05482838
v 0.00097327 0.00639296 0.05533342
v 0.00108144 0.00693676 0.05429610
v 0.00174171 0.00724164 0.05200000
v 0.00170824 0.00713132 0.05317054
v 0.00166671 0.00699441 0.05374171
v 0.00173332 0.00721399 0.05258810
v 0.00229610 0.00704328 0.05200000
v 0.00225198 0.00693676 0.05317054
v 0.00228504 0.00701658 0.05258810
v 0.00219723 0.00680459 0.05374171
v 0.00134636 0.00593835 0.05580636
v 0.00144818 0.00627400 0.05533342
v 0.00153605 0.00656368 0.05482838
v 0.00160913 0.00680459 0.05429610
v 0.00190914 0.00610907 0.05533342
v 0.00202498 0.00638873 0.05482838
v 0.00212132 0.00662132 0.05429610
v 0.00249441 0.00616671 0.05482838
v 0.00235171 0.00589974 0.05533342
v 0.00261308 0.00258237 0.05729153
v 0.00307968 0.00277565 0.05698882
v 0.00293982 0.00307136 0.05698882
v 0.00257677 0.00361470 0.05698882
v 0.00277164 0.00335195 0.05698882
v 0.00294236 0.00391473 0.05663806
v 0.00318989 0.00246764 0.05698882
v 0.00364246 0.00260493 0.05663806
v 0.00351662 0.00295663 0.05663806
v 0.00316487 0.00361470 0.05663806
v 0.00335691 0.00329431 0.05663806
v 0.00374168 0.00349997 0.05624264
v 0.00352763 0.00385708 0.05624264
v 0.00269150 0.00419150 0.05663806
v 0.00269150 0.00477961 0.05624264
v 0.00300000 0.00450000 0.05624264
v 0.00257677 0.00535641 0.05580636
v 0.00277164 0.00564805 0.05533342
v 0.00294236 0.00508527 0.05580636
v 0.00327961 0.00477961 0.05580636
v 0.00358527 0.00444236 0.05580636
v 0.00327961 0.00419150 0.05624264
v 0.00316487 0.00535641 0.05533342
v 0.00335691 0.00559041 0.05482838
v 0.00374168 0.00524167 0.05482838
v 0.00352763 0.00502763 0.05533342
v 0.00351662 0.00578501 0.05429610
v 0.00428501 0.00327491 0.05580636
v 0.00405995 0.00273157 0.05624264
v 0.00391969 0.00312359 0.05624264
v 0.00385641 0.00407677 0.05580636
v 0.00409041 0.00368637 0.05580636
v 0.00443835 0.00284636 0.05580636
v 0.00489296 0.00247327 0.05533342
v 0.00477400 0.00294818 0.05533342
v 0.00460907 0.00340914 0.05533342
v 0.00466671 0.00399441 0.05482838
v 0.00439974 0.00385171 0.05533342
v 0.00488873 0.00352498 0.05482838
v 0.00488873 0.00411308 0.05429610
v 0.00424264 0.00574264 0.05200000
v 0.00405995 0.00555995 0.05374171
v 0.00416112 0.00566112 0.05317054
v 0.00422221 0.00572221 0.05258810
v 0.00498882 0.00483342 0.05200000
v 0.00489296 0.00476937 0.05317054
v 0.00496479 0.00481737 0.05258810
v 0.00477400 0.00468989 0.05374171
v 0.00463806 0.00530636 0.05200000
v 0.00454894 0.00523322 0.05317054
v 0.00461573 0.00528803 0.05258810
v 0.00443835 0.00514246 0.05374171
v 0.00385641 0.00466487 0.05533342
v 0.00414805 0.00427164 0.05533342
v 0.00409041 0.00485691 0.05482838
v 0.00428501 0.00501662 0.05429610
v 0.00391969 0.00541969 0.05429610
v 0.00439974 0.00443982 0.05482838
v 0.00460907 0.00457968 0.05429610
v 0.00277403 0.00668985 0.05317054
v 0.00270659 0.00656368 0.05374171
v 0.00282838 0.00679153 0.05200000
v 0.00281476 0.00676605 0.05258810
v 0.00333342 0.00648882 0.05200000
v 0.00318989 0.00627400 0.05374171
v 0.00326937 0.00639296 0.05317054
v 0.00331737 0.00646480 0.05258810
v 0.00373322 0.00604894 0.05317054
v 0.00364246 0.00593835 0.05374171
v 0.00261308 0.00638873 0.05429610
v 0.00293982 0.00589974 0.05482838
v 0.00307968 0.00610907 0.05429610
v 0.00380636 0.00613806 0.05200000
v 0.00378803 0.00611573 0.05258810
v 0.00518866 -0.00150000 0.03500000
v 0.00522942 -0.00143200 0.03551800
v 0.00527977 -0.00134800 0.03576500
v 0.00529153 -0.00132838 0.03580474
v 0.00533711 -0.00123200 0.03600000
v 0.00549414 -0.00090000 0.03500000
v 0.00554328 -0.00079610 0.03500000
v 0.00534800 0.00033500 0.03200000
v 0.00574164 -0.00024171 0.03500000
v 0.00588471 0.00032946 0.03500000
v 0.00550000 0.00110000 0.03200000
v 0.00597111 0.00091190 0.03500000
v 0.00600000 0.00150000 0.03500000
v 0.00597111 0.00208810 0.03500000
v 0.00650000 0.00050000 0.03200000
v 0.00666700 -0.00012500 0.03200000
v 0.00712500 -0.00058300 0.03200000
v 0.00666700 0.00112500 0.03200000
v 0.00712500 0.00158300 0.03200000
v 0.00552677 -0.00083100 0.03543300
v 0.00554328 -0.00079610 0.03552759
v 0.00554439 -0.00079300 0.03553600
v 0.00560164 -0.00063300 0.03582300
v 0.00548752 -0.00091400 0.03641400
v 0.00554328 -0.00079610 0.03650456
v 0.00565280 -0.00049000 0.03599000
v 0.00564922 -0.00050000 0.03673200
v 0.00571256 -0.00032300 0.03613300
v 0.00574164 -0.00024171 0.03617832
v 0.00573331 -0.00026500 0.03684800
v 0.00574164 -0.00024171 0.03685592
v 0.00579317 -0.00003600 0.03629300
v 0.00579768 -0.00001800 0.03693200
v 0.00581897 0.00006700 0.03633100
v 0.00588471 0.00032946 0.03637283
v 0.00591001 0.00050000 0.03640000
v 0.00588471 0.00032946 0.03697761
v 0.00591001 0.00050000 0.03700000
v 0.00597111 0.00091190 0.03640000
v 0.00600000 0.00150000 0.03640000
v 0.00597111 0.00091190 0.03700000
v 0.00600000 0.00150000 0.03700000
v 0.00597111 0.00208810 0.03640000
v 0.00597111 0.00208810 0.03700000
v 0.00800000 -0.00150000 0.03200000
v 0.00800000 -0.00150000 0.03500000
v 0.00851800 -0.00143200 0.03500000
v 0.00876500 -0.00134800 0.03200000
v 0.00876500 -0.00134800 0.03500000
v 0.00900000 -0.00123200 0.03500000
v 0.00800000 -0.00143200 0.03551800
v 0.00800000 -0.00134800 0.03576500
v 0.00800000 -0.00123200 0.03600000
v 0.00850000 -0.00136600 0.03551800
v 0.00844800 -0.00117300 0.03600000
v 0.00896600 -0.00117300 0.03551800
v 0.00775000 -0.00075000 0.03200000
v 0.00800000 -0.00090000 0.03200000
v 0.00800000 -0.00090000 0.03500000
v 0.00837500 -0.00058300 0.03200000
v 0.00853600 -0.00079300 0.03200000
v 0.00843300 -0.00083100 0.03500000
v 0.00775000 0.00175000 0.03200000
v 0.00837500 0.00158300 0.03200000
v 0.00899000 -0.00049000 0.03200000
v 0.00882300 -0.00063300 0.03500000
v 0.00899000 -0.00049000 0.03500000
v 0.00913300 -0.00032300 0.03500000
v 0.00883300 -0.00012500 0.03200000
v 0.00900000 0.00050000 0.03200000
v 0.00929300 -0.00003600 0.03200000
v 0.00933100 0.00006700 0.03500000
v 0.00941400 -0.00091400 0.03200000
v 0.00984800 -0.00026500 0.03200000
v 0.00941400 -0.00091400 0.03500000
v 0.00973200 -0.00050000 0.03500000
v 0.00984800 -0.00026500 0.03500000
v 0.00940000 0.00050000 0.03200000
v 0.01000000 0.00050000 0.03200000
v 0.00940000 0.00050000 0.03500000
v 0.00993200 -0.00001800 0.03500000
v 0.01000000 0.00050000 0.03500000
v 0.00883300 0.00112500 0.03200000
v 0.00800000 -0.00083100 0.03543300
v 0.00800000 -0.00079300 0.03553600
v 0.00800000 -0.00063300 0.03582300
v 0.00800000 -0.00091400 0.03641400
v 0.00800000 -0.00049000 0.03599000
v 0.00800000 -0.00050000 0.03673200
v 0.00800000 -0.00032300 0.03613300
v 0.00800000 -0.00026500 0.03684800
v 0.00800000 -0.00003600 0.03629300
v 0.00800000 -0.00001800 0.03693200
v 0.00800000 0.00006700 0.03633100
v 0.00800000 0.00050000 0.03640000
v 0.00800000 0.00050000 0.03700000
v 0.00841100 -0.00076600 0.03543300
v 0.00836600 -0.00086600 0.03641400
v 0.00835000 -0.00057700 0.03582300
v 0.00825900 -0.00046600 0.03673200
v 0.00825400 -0.00028300 0.03613300
v 0.00870700 -0.00072500 0.03641400
v 0.00866600 -0.00041600 0.03582300
v 0.00850000 -0.00036600 0.03673200
v 0.00870700 -0.00020700 0.03673200
v 0.00813400 0.00000000 0.03693200
v 0.00813400 0.00008900 0.03633100
v 0.00825400 0.00015000 0.03633100
v 0.00825900 0.00005200 0.03693200
v 0.00835000 0.00024600 0.03633100
v 0.00836600 0.00013400 0.03693200
v 0.00841100 0.00036600 0.03633100
v 0.00843300 0.00050000 0.03633100
v 0.00848400 -0.00016600 0.03613300
v 0.00844800 0.00024100 0.03693200
v 0.00866600 0.00001600 0.03613300
v 0.00850000 0.00036600 0.03693200
v 0.00853600 0.00050000 0.03629300
v 0.00851800 0.00050000 0.03693200
v 0.00886600 -0.00100000 0.03600000
v 0.00878300 -0.00057700 0.03543300
v 0.00900000 -0.00050000 0.03641400
v 0.00936600 -0.00086600 0.03551800
v 0.00922500 -0.00072500 0.03600000
v 0.00907700 -0.00028300 0.03543300
v 0.00922500 -0.00020700 0.03641400
v 0.00891600 -0.00016600 0.03582300
v 0.00886600 0.00000000 0.03673200
v 0.00878300 0.00024600 0.03613300
v 0.00896600 0.00024100 0.03673200
v 0.00899000 0.00050000 0.03599000
v 0.00882300 0.00050000 0.03613300
v 0.00876500 0.00050000 0.03684800
v 0.00900000 0.00050000 0.03673200
v 0.00907700 0.00015000 0.03582300
v 0.00926600 0.00008900 0.03543300
v 0.00936600 0.00013400 0.03641400
v 0.00913300 0.00050000 0.03582300
v 0.00929300 0.00050000 0.03553600
v 0.00933100 0.00050000 0.03543300
v 0.00950000 -0.00036600 0.03600000
v 0.00967300 -0.00046600 0.03551800
v 0.00967300 0.00005200 0.03600000
v 0.00941400 0.00050000 0.03641400
v 0.00986600 0.00000000 0.03551800
v 0.00973200 0.00050000 0.03600000
v 0.00993200 0.00050000 0.03551800
v 0.00984800 0.00050000 0.03576500
v 0.00529153 -0.00132838 0.05200000
v 0.00526605 -0.00131476 0.05258810
v 0.00518985 -0.00127403 0.05317054
v 0.00506368 -0.00120659 0.05374171
v 0.00554328 -0.00079610 0.05200000
v 0.00530459 -0.00069723 0.05374171
v 0.00543676 -0.00075198 0.05317054
v 0.00551658 -0.00078504 0.05258810
v 0.00549441 -0.00016671 0.05374171
v 0.00574164 -0.00024171 0.05200000
v 0.00571399 -0.00023332 0.05258810
v 0.00563132 -0.00020824 0.05317054
v 0.00588471 0.00032946 0.05200000
v 0.00577164 0.00035195 0.05317054
v 0.00585638 0.00033509 0.05258810
v 0.00563132 0.00037986 0.05374171
v 0.00512132 -0.00062132 0.05429610
v 0.00506368 -0.00003605 0.05482838
v 0.00530459 -0.00010913 0.05429610
v 0.00518985 0.00046767 0.05482838
v 0.00543676 0.00041856 0.05429610
v 0.00597111 0.00091190 0.05200000
v 0.00600000 0.00150000 0.05200000
v 0.00585638 0.00092320 0.05317054
v 0.00571399 0.00093722 0.05374171
v 0.00588471 0.00150000 0.05317054
v 0.00574164 0.00150000 0.05374171
v 0.00594236 0.00091473 0.05258810
v 0.00597111 0.00150000 0.05258810
v 0.00597111 0.00208810 0.05200000
v 0.00585638 0.00207680 0.05317054
v 0.00571399 0.00206278 0.05374171
v 0.00594236 0.00208527 0.05258810
v 0.00526605 0.00098134 0.05482838
v 0.00529153 0.00150000 0.05482838
v 0.00551658 0.00095666 0.05429610
v 0.00554328 0.00150000 0.05429610
v 0.00526605 0.00201866 0.05482838
v 0.00551658 0.00204334 0.05429610
v 0.00550000 0.00271300 0.03200000
v 0.00550000 0.00391500 0.03200000
v 0.00550031 0.00391644 0.03200000
v 0.00554328 0.00379610 0.03500000
v 0.00620600 0.00306700 0.03200000
v 0.00613300 0.00315900 0.03200000
v 0.00588471 0.00267054 0.03500000
v 0.00574164 0.00324171 0.03500000
v 0.00620600 0.00306700 0.03400000
v 0.00613300 0.00315900 0.03400000
v 0.00614800 0.00357500 0.03400000
v 0.00596300 0.00402100 0.03400000
v 0.00624628 0.00414839 0.03370000
v 0.00553600 0.00429300 0.03100000
v 0.00567900 0.00474200 0.03100000
v 0.00618400 0.00542100 0.03100000
v 0.00529153 0.00432838 0.03500000
v 0.00506000 0.00575200 0.03400000
v 0.00506000 0.00575200 0.03500000
v 0.00567900 0.00474200 0.03200000
v 0.00590000 0.00450000 0.03400000
v 0.00623968 0.00417041 0.03370367
v 0.00622600 0.00421600 0.03371136
v 0.00622600 0.00421600 0.03385000
v 0.00620809 0.00443850 0.03370000
v 0.00620196 0.00451470 0.03370000
v 0.00620000 0.00453900 0.03370519
v 0.00620445 0.00457231 0.03370517
v 0.00620000 0.00453900 0.03385000
v 0.00596300 0.00497900 0.03400000
v 0.00624300 0.00486100 0.03370459
v 0.00624300 0.00486100 0.03385000
v 0.00618400 0.00542100 0.03200000
v 0.00614800 0.00542500 0.03400000
v 0.00724083 0.00415617 0.02895471
v 0.00729850 0.00409850 0.02895000
v 0.00737484 0.00402216 0.02895000
v 0.00741583 0.00398117 0.02896307
v 0.00743790 0.00395900 0.02897020
v 0.00650800 0.00274200 0.03200000
v 0.00681200 0.00256200 0.03200000
v 0.00650800 0.00274200 0.03400000
v 0.00644200 0.00319200 0.03400000
v 0.00681200 0.00256200 0.03400000
v 0.00682500 0.00289800 0.03400000
v 0.00643798 0.00368581 0.03370000
v 0.00647300 0.00362100 0.03371178
v 0.00647300 0.00362100 0.03385000
v 0.00655600 0.00367800 0.03395000
v 0.00631900 0.00390600 0.03371287
v 0.00631900 0.00390600 0.03385000
v 0.00638587 0.00379956 0.03369172
v 0.00637848 0.00379592 0.03370000
v 0.00628288 0.00402639 0.03370000
v 0.00641100 0.00394400 0.03395000
v 0.00661328 0.00345745 0.03370000
v 0.00660885 0.00346262 0.03370037
v 0.00666807 0.00339357 0.03370000
v 0.00668400 0.00337500 0.03370507
v 0.00668400 0.00337500 0.03385000
v 0.00674057 0.00346826 0.03359576
v 0.00675300 0.00344700 0.03395000
v 0.00679508 0.00400134 0.03323264
v 0.00716000 0.00250000 0.03200000
v 0.00716000 0.00250000 0.03400000
v 0.00694100 0.00317800 0.03370482
v 0.00694100 0.00317800 0.03385000
v 0.00691478 0.00319810 0.03370487
v 0.00696174 0.00316809 0.03370000
v 0.00699300 0.00326300 0.03395000
v 0.00703623 0.00313250 0.03370000
v 0.00727100 0.00271300 0.03400000
v 0.00723400 0.00303800 0.03371161
v 0.00723400 0.00303800 0.03385000
v 0.00728003 0.00302704 0.03370403
v 0.00730454 0.00302121 0.03370000
v 0.00726700 0.00313300 0.03395000
v 0.00742186 0.00299327 0.03370000
v 0.00697100 0.00405000 0.03200000
v 0.00718424 0.00393976 0.03200000
v 0.00703600 0.00408800 0.03200000
v 0.00705997 0.00410186 0.03197229
v 0.00704501 0.00412971 0.03197975
v 0.00708300 0.00405900 0.03198681
v 0.00712102 0.00401619 0.03199032
v 0.00712691 0.00400658 0.03199305
v 0.00694468 0.00400732 0.03309726
v 0.00698436 0.00403262 0.03305000
v 0.00701451 0.00399340 0.03304282
v 0.00700638 0.00400398 0.03304420
v 0.00697100 0.00405000 0.03305000
v 0.00695744 0.00408269 0.03305000
v 0.00710911 0.00384764 0.03306609
v 0.00709553 0.00388803 0.03305000
v 0.00716516 0.00382467 0.03304387
v 0.00711400 0.00386400 0.03305000
v 0.00712032 0.00385914 0.03305000
v 0.00713356 0.00384896 0.03304656
v 0.00703943 0.00396099 0.03304502
v 0.00709100 0.00404600 0.03295000
v 0.00708300 0.00405900 0.03295000
v 0.00730000 0.00372100 0.03200000
v 0.00729920 0.00369319 0.03307621
v 0.00730000 0.00372100 0.03305000
v 0.00731209 0.00371598 0.03305000
v 0.00736580 0.00369371 0.03304444
v 0.00740325 0.00367818 0.03304228
v 0.00745280 0.00365763 0.03304361
v 0.00748980 0.00364228 0.03305000
v 0.00720848 0.00391152 0.03200000
v 0.00723400 0.00388900 0.03200000
v 0.00723753 0.00388646 0.03200000
v 0.00733800 0.00378600 0.03200000
v 0.00732549 0.00382498 0.03198061
v 0.00730794 0.00383597 0.03198541
v 0.00735704 0.00380521 0.03197565
v 0.00735122 0.00380887 0.03197357
v 0.00742700 0.00376800 0.03199402
v 0.00746977 0.00375149 0.03199901
v 0.00724869 0.00376045 0.03304743
v 0.00720000 0.00391900 0.03295000
v 0.00723400 0.00388900 0.03295000
v 0.00728204 0.00373481 0.03304749
v 0.00729402 0.00372560 0.03305000
v 0.00733300 0.00381800 0.03295000
v 0.00742700 0.00376800 0.03295000
v 0.00748400 0.00374600 0.03295000
v 0.00687614 0.00369177 0.03334594
v 0.00705558 0.00331710 0.03352318
v 0.00715397 0.00343654 0.03337135
v 0.00714900 0.00371500 0.03395000
v 0.00715800 0.00386100 0.03325000
v 0.00706600 0.00382300 0.03395000
v 0.00710000 0.00376400 0.03395000
v 0.00704800 0.00388900 0.03395000
v 0.00718000 0.00382500 0.03385000
v 0.00714700 0.00390200 0.03385000
v 0.00715800 0.00386100 0.03385000
v 0.00714700 0.00394500 0.03325000
v 0.00704800 0.00395800 0.03395000
v 0.00714700 0.00394500 0.03385000
v 0.00720800 0.00368100 0.03395000
v 0.00727500 0.00366300 0.03395000
v 0.00734300 0.00366300 0.03395000
v 0.00740900 0.00368100 0.03395000
v 0.00721000 0.00379500 0.03325000
v 0.00728800 0.00376200 0.03325000
v 0.00721000 0.00379500 0.03385000
v 0.00724700 0.00377300 0.03385000
v 0.00728800 0.00376200 0.03385000
v 0.00733000 0.00376200 0.03385000
v 0.00737100 0.00377400 0.03325000
v 0.00737100 0.00377400 0.03385000
v 0.00718262 0.00428599 0.02895000
v 0.00713079 0.00447851 0.02896129
v 0.00715667 0.00438238 0.02895000
v 0.00712719 0.00449187 0.02896274
v 0.00712500 0.00450000 0.02896595
v 0.00714000 0.00449200 0.02895000
v 0.00715544 0.00461343 0.02895000
v 0.00718047 0.00470669 0.02895000
v 0.00720900 0.00418800 0.02896845
v 0.00724100 0.00416300 0.02895000
v 0.00723678 0.00416022 0.02895508
v 0.00722403 0.00482803 0.02895941
v 0.00720941 0.00481341 0.02896703
v 0.00720900 0.00481300 0.02896724
v 0.00723200 0.00482300 0.02895000
v 0.00723111 0.00483511 0.02895855
v 0.00729974 0.00490344 0.02895000
v 0.00736946 0.00497286 0.02895000
v 0.00743790 0.00504100 0.02896924
v 0.00746825 0.00504914 0.02895917
v 0.00748900 0.00505200 0.02895000
v 0.00748278 0.00505306 0.02895436
v 0.00748785 0.00505442 0.02895269
v 0.00685000 0.00450000 0.03200000
v 0.00679933 0.00425301 0.03313347
v 0.00687379 0.00426019 0.03305935
v 0.00686213 0.00425707 0.03307141
v 0.00687172 0.00433674 0.03304378
v 0.00679671 0.00450000 0.03310329
v 0.00686628 0.00437766 0.03304593
v 0.00685047 0.00449650 0.03304954
v 0.00685000 0.00450000 0.03305000
v 0.00685299 0.00452246 0.03304701
v 0.00687222 0.00466700 0.03304694
v 0.00682765 0.00474598 0.03310504
v 0.00686038 0.00473953 0.03307173
v 0.00632500 0.00423500 0.03395000
v 0.00630269 0.00451413 0.03359920
v 0.00630000 0.00453700 0.03395000
v 0.00625035 0.00488195 0.03370000
v 0.00628045 0.00496776 0.03370000
v 0.00628118 0.00496985 0.03370012
v 0.00634000 0.00483700 0.03395000
v 0.00657921 0.00444718 0.03332774
v 0.00686800 0.00458100 0.03325000
v 0.00676800 0.00457300 0.03395000
v 0.00680000 0.00446900 0.03395000
v 0.00687100 0.00438600 0.03395000
v 0.00686800 0.00458100 0.03385000
v 0.00678300 0.00468200 0.03395000
v 0.00684000 0.00477500 0.03395000
v 0.00635000 0.00516600 0.03371181
v 0.00635000 0.00516600 0.03385000
v 0.00638962 0.00523094 0.03370000
v 0.00644100 0.00512300 0.03395000
v 0.00644958 0.00532923 0.03370000
v 0.00645245 0.00533392 0.03370060
v 0.00651900 0.00544300 0.03371434
v 0.00651900 0.00544300 0.03385000
v 0.00644200 0.00580800 0.03400000
v 0.00659900 0.00538200 0.03395000
v 0.00681099 0.00509938 0.03326976
v 0.00661282 0.00554187 0.03370000
v 0.00669036 0.00562358 0.03370000
v 0.00670909 0.00564332 0.03370427
v 0.00680700 0.00560200 0.03395000
v 0.00674200 0.00567800 0.03371180
v 0.00674200 0.00567800 0.03385000
v 0.00702919 0.00415915 0.03198764
v 0.00700451 0.00421098 0.03199836
v 0.00699805 0.00422887 0.03200000
v 0.00698500 0.00426500 0.03200000
v 0.00696924 0.00433181 0.03200000
v 0.00696776 0.00434127 0.03200000
v 0.00692500 0.00450000 0.03200000
v 0.00695000 0.00449000 0.03197769
v 0.00695000 0.00450000 0.03197500
v 0.00695000 0.00451235 0.03197832
v 0.00695236 0.00453015 0.03198073
v 0.00696049 0.00438809 0.03199466
v 0.00695759 0.00456959 0.03198611
v 0.00688452 0.00425851 0.03304929
v 0.00688282 0.00426261 0.03305000
v 0.00690068 0.00421955 0.03304495
v 0.00692627 0.00415786 0.03304183
v 0.00688100 0.00426700 0.03305000
v 0.00687999 0.00427463 0.03305000
v 0.00701100 0.00419300 0.03295000
v 0.00698500 0.00426500 0.03295000
v 0.00696400 0.00435400 0.03295000
v 0.00695000 0.00449000 0.03295000
v 0.00695000 0.00452000 0.03295000
v 0.00697107 0.00467142 0.03200000
v 0.00697399 0.00469348 0.03200000
v 0.00698000 0.00471600 0.03200000
v 0.00699078 0.00474474 0.03200000
v 0.00701594 0.00481184 0.03199287
v 0.00697100 0.00495000 0.03200000
v 0.00703916 0.00486428 0.03198374
v 0.00703600 0.00491300 0.03200000
v 0.00705873 0.00489986 0.03197373
v 0.00707200 0.00492400 0.03198175
v 0.00707241 0.00492459 0.03198189
v 0.00710419 0.00497042 0.03199226
v 0.00714075 0.00501400 0.03199751
v 0.00687776 0.00470862 0.03304696
v 0.00688100 0.00473300 0.03305000
v 0.00688195 0.00473529 0.03304978
v 0.00687931 0.00473260 0.03305164
v 0.00688089 0.00473218 0.03305000
v 0.00688131 0.00473374 0.03305000
v 0.00689819 0.00477444 0.03304740
v 0.00697200 0.00468600 0.03295000
v 0.00698000 0.00471600 0.03295000
v 0.00694365 0.00488406 0.03304331
v 0.00690857 0.00495180 0.03310884
v 0.00702800 0.00484400 0.03295000
v 0.00695982 0.00492424 0.03305047
v 0.00696015 0.00492384 0.03304997
v 0.00696025 0.00492409 0.03305000
v 0.00697100 0.00495000 0.03305000
v 0.00698331 0.00496602 0.03305000
v 0.00700172 0.00498996 0.03304531
v 0.00707200 0.00492400 0.03295000
v 0.00711500 0.00498600 0.03295000
v 0.00693100 0.00446500 0.03325000
v 0.00688700 0.00451600 0.03325000
v 0.00693100 0.00446500 0.03385000
v 0.00688700 0.00451600 0.03385000
v 0.00717700 0.00417400 0.03325000
v 0.00716600 0.00425800 0.03325000
v 0.00711500 0.00432400 0.03325000
v 0.00705400 0.00424500 0.03395000
v 0.00707800 0.00418700 0.03395000
v 0.00707400 0.00421900 0.03395000
v 0.00717700 0.00417400 0.03385000
v 0.00716600 0.00425800 0.03385000
v 0.00711500 0.00432400 0.03385000
v 0.00687700 0.00464800 0.03325000
v 0.00691200 0.00470600 0.03325000
v 0.00696800 0.00474400 0.03325000
v 0.00687700 0.00464800 0.03385000
v 0.00691200 0.00470600 0.03385000
v 0.00696800 0.00474400 0.03385000
v 0.00693000 0.00483700 0.03395000
v 0.00718100 0.00483300 0.03325000
v 0.00718100 0.00483300 0.03385000
v 0.00714300 0.00492500 0.03395000
v 0.00716100 0.00493700 0.03395000
v 0.00717500 0.00495400 0.03395000
v 0.00718100 0.00497500 0.03395000
v 0.00722900 0.00486300 0.03325000
v 0.00726300 0.00490800 0.03325000
v 0.00728000 0.00496200 0.03325000
v 0.00722900 0.00486300 0.03385000
v 0.00726300 0.00490800 0.03385000
v 0.00728000 0.00496200 0.03385000
v 0.00717827 0.00505480 0.03200000
v 0.00701619 0.00516932 0.03314868
v 0.00702401 0.00516292 0.03313851
v 0.00704182 0.00504211 0.03304209
v 0.00706706 0.00507494 0.03304640
v 0.00709178 0.00510710 0.03305000
v 0.00711400 0.00513600 0.03305000
v 0.00712888 0.00514744 0.03305000
v 0.00715864 0.00517032 0.03304352
v 0.00716950 0.00517867 0.03304298
v 0.00721800 0.00509800 0.03200000
v 0.00722701 0.00510551 0.03200000
v 0.00723392 0.00511026 0.03200000
v 0.00732975 0.00517622 0.03197833
v 0.00733800 0.00521400 0.03200000
v 0.00730000 0.00527900 0.03200000
v 0.00735155 0.00519056 0.03197290
v 0.00737815 0.00520807 0.03198326
v 0.00737501 0.00520601 0.03198204
v 0.00740800 0.00522300 0.03199014
v 0.00749358 0.00525603 0.03200000
v 0.00749260 0.00525565 0.03200000
v 0.00721800 0.00509800 0.03295000
v 0.00723000 0.00510800 0.03295000
v 0.00725743 0.00528690 0.03308247
v 0.00723814 0.00531714 0.03311850
v 0.00727491 0.00525971 0.03305000
v 0.00730000 0.00527900 0.03305000
v 0.00732170 0.00528800 0.03304673
v 0.00730731 0.00528203 0.03305000
v 0.00736800 0.00520300 0.03295000
v 0.00740800 0.00522300 0.03295000
v 0.00735801 0.00530306 0.03304397
v 0.00739547 0.00531860 0.03304397
v 0.00749443 0.00535964 0.03304663
v 0.00687800 0.00542568 0.03342653
v 0.00692996 0.00580753 0.03370000
v 0.00698788 0.00584745 0.03370000
v 0.00700900 0.00586200 0.03370540
v 0.00700900 0.00586200 0.03385000
v 0.00705700 0.00577400 0.03395000
v 0.00703960 0.00587469 0.03370539
v 0.00731000 0.00519100 0.03325000
v 0.00721100 0.00520400 0.03395000
v 0.00731000 0.00519100 0.03385000
v 0.00733300 0.00525500 0.03325000
v 0.00724800 0.00530700 0.03395000
v 0.00733300 0.00525500 0.03385000
v 0.00732300 0.00538700 0.03395000
v 0.00737900 0.00530400 0.03325000
v 0.00744200 0.00533000 0.03325000
v 0.00737900 0.00530400 0.03385000
v 0.00744200 0.00533000 0.03385000
v 0.00742400 0.00542900 0.03395000
v 0.00554328 0.00379610 0.03640000
v 0.00554328 0.00379610 0.03700000
v 0.00588471 0.00267054 0.03640000
v 0.00574164 0.00324171 0.03640000
v 0.00588471 0.00267054 0.03700000
v 0.00574164 0.00324171 0.03700000
v 0.00529153 0.00432838 0.03640000
v 0.00529153 0.00432838 0.03700000
v 0.00520700 0.00610700 0.03400000
v 0.00520700 0.00610700 0.03500000
v 0.00520900 0.00649100 0.03400000
v 0.00520900 0.00649100 0.03500000
v 0.00523200 0.00695700 0.03400000
v 0.00523200 0.00695700 0.03500000
v 0.00546300 0.00736200 0.03400000
v 0.00546300 0.00736200 0.03500000
v 0.00568300 0.00934600 0.03200000
v 0.00568300 0.00934600 0.03500000
v 0.00682500 0.00610200 0.03400000
v 0.00730800 0.00598600 0.03370538
v 0.00733311 0.00599064 0.03370000
v 0.00730800 0.00598600 0.03385000
v 0.00733700 0.00589000 0.03395000
v 0.00727100 0.00628700 0.03400000
v 0.00741765 0.00600628 0.03370000
v 0.00742215 0.00600711 0.03370024
v 0.00625700 0.00836500 0.03400000
v 0.00625700 0.00836500 0.03500000
v 0.00750343 0.00394136 0.02895000
v 0.00767543 0.00389505 0.02895000
v 0.00771969 0.00388313 0.02896254
v 0.00775000 0.00387500 0.02897109
v 0.00783112 0.00389684 0.02895000
v 0.00793914 0.00392592 0.02895000
v 0.00801100 0.00394800 0.02895000
v 0.00801215 0.00394558 0.02895268
v 0.00801722 0.00394694 0.02895434
v 0.00803175 0.00395086 0.02895912
v 0.00806210 0.00395900 0.02896914
v 0.00812966 0.00402656 0.02895000
v 0.00820348 0.00410038 0.02895000
v 0.00800000 0.00250000 0.03200000
v 0.00775000 0.00265000 0.03400000
v 0.00754900 0.00296300 0.03371355
v 0.00754900 0.00296300 0.03385000
v 0.00756200 0.00306200 0.03395000
v 0.00767583 0.00295987 0.03370000
v 0.00767593 0.00296187 0.03369798
v 0.00780144 0.00295677 0.03370000
v 0.00779334 0.00321888 0.03343682
v 0.00800000 0.00250000 0.03400000
v 0.00787300 0.00295500 0.03371118
v 0.00787300 0.00295500 0.03385000
v 0.00786500 0.00305500 0.03395000
v 0.00807785 0.00299289 0.03370024
v 0.00808235 0.00299372 0.03370000
v 0.00764600 0.00370700 0.03199602
v 0.00771671 0.00370531 0.03197866
v 0.00775000 0.00360000 0.03200000
v 0.00775000 0.00367500 0.03200000
v 0.00775000 0.00370451 0.03197049
v 0.00777033 0.00370402 0.03197646
v 0.00754047 0.00353220 0.03314567
v 0.00751700 0.00363100 0.03305000
v 0.00756102 0.00362514 0.03305000
v 0.00763406 0.00361543 0.03304231
v 0.00764600 0.00370700 0.03295000
v 0.00767530 0.00360994 0.03304680
v 0.00770104 0.00352466 0.03313186
v 0.00770448 0.00360606 0.03305000
v 0.00775000 0.00360000 0.03305000
v 0.00778392 0.00353718 0.03311728
v 0.00778163 0.00360421 0.03305000
v 0.00752441 0.00373627 0.03199951
v 0.00782834 0.00370476 0.03199135
v 0.00787400 0.00371000 0.03199841
v 0.00790699 0.00371730 0.03200000
v 0.00782051 0.00360938 0.03304387
v 0.00781300 0.00370300 0.03295000
v 0.00787388 0.00361648 0.03304290
v 0.00787400 0.00371000 0.03295000
v 0.00795781 0.00358340 0.03309422
v 0.00795500 0.00362727 0.03305000
v 0.00798300 0.00363100 0.03305000
v 0.00799533 0.00361794 0.03306692
v 0.00800557 0.00364036 0.03304663
v 0.00799074 0.00363421 0.03305000
v 0.00810453 0.00368140 0.03304397
v 0.00795207 0.00372727 0.03200000
v 0.00800642 0.00374397 0.03200000
v 0.00800741 0.00374435 0.03200000
v 0.00809200 0.00377700 0.03199014
v 0.00812185 0.00379193 0.03198326
v 0.00812489 0.00379402 0.03198199
v 0.00797800 0.00373300 0.03295000
v 0.00809200 0.00377700 0.03295000
v 0.00751256 0.00340194 0.03327956
v 0.00758500 0.00386200 0.03325000
v 0.00764000 0.00387400 0.03325000
v 0.00762300 0.00377000 0.03395000
v 0.00764400 0.00377500 0.03395000
v 0.00758500 0.00386200 0.03385000
v 0.00764000 0.00387400 0.03385000
v 0.00769600 0.00386700 0.03325000
v 0.00774600 0.00384100 0.03325000
v 0.00766600 0.00377200 0.03395000
v 0.00768500 0.00376200 0.03395000
v 0.00769600 0.00386700 0.03385000
v 0.00774600 0.00384100 0.03385000
v 0.00792900 0.00370100 0.03325000
v 0.00786900 0.00362100 0.03395000
v 0.00792800 0.00358700 0.03395000
v 0.00792900 0.00370100 0.03385000
v 0.00796600 0.00367900 0.03385000
v 0.00800700 0.00366800 0.03325000
v 0.00809100 0.00367900 0.03325000
v 0.00799400 0.00356900 0.03395000
v 0.00800700 0.00366800 0.03385000
v 0.00806300 0.00356900 0.03395000
v 0.00805000 0.00366800 0.03385000
v 0.00809100 0.00367900 0.03385000
v 0.00861800 0.00259800 0.03200000
v 0.00822900 0.00271300 0.03400000
v 0.00816689 0.00300936 0.03370000
v 0.00819200 0.00301400 0.03370538
v 0.00819200 0.00301400 0.03385000
v 0.00816300 0.00311000 0.03395000
v 0.00861800 0.00259800 0.03400000
v 0.00846040 0.00312531 0.03370539
v 0.00849100 0.00313800 0.03370540
v 0.00851212 0.00315255 0.03370000
v 0.00849100 0.00313800 0.03385000
v 0.00844300 0.00322600 0.03395000
v 0.00857003 0.00319246 0.03370000
v 0.00867500 0.00289800 0.03400000
v 0.00820000 0.00372100 0.03200000
v 0.00814199 0.00369694 0.03304397
v 0.00817830 0.00371200 0.03304673
v 0.00820000 0.00372100 0.03305000
v 0.00819269 0.00371797 0.03305000
v 0.00824256 0.00371311 0.03308246
v 0.00826185 0.00368286 0.03311849
v 0.00816200 0.00378600 0.03200000
v 0.00814811 0.00381003 0.03197223
v 0.00822515 0.00386303 0.03198984
v 0.00827299 0.00389449 0.03200000
v 0.00826569 0.00388969 0.03200000
v 0.00828200 0.00390200 0.03200000
v 0.00832778 0.00395178 0.03200000
v 0.00835927 0.00398602 0.03199799
v 0.00839580 0.00402958 0.03199284
v 0.00842800 0.00407600 0.03198242
v 0.00813200 0.00379700 0.03295000
v 0.00822509 0.00374029 0.03305000
v 0.00827000 0.00389200 0.03295000
v 0.00833050 0.00382133 0.03304298
v 0.00834136 0.00382968 0.03304352
v 0.00828200 0.00390200 0.03295000
v 0.00837112 0.00385256 0.03305000
v 0.00838600 0.00386400 0.03305000
v 0.00840822 0.00389290 0.03305000
v 0.00843294 0.00392506 0.03304640
v 0.00838500 0.00401400 0.03295000
v 0.00842800 0.00407600 0.03295000
v 0.00844169 0.00410089 0.03197421
v 0.00846400 0.00408800 0.03200000
v 0.00846084 0.00413572 0.03198399
v 0.00852900 0.00405000 0.03200000
v 0.00848381 0.00383069 0.03314868
v 0.00847599 0.00383708 0.03313850
v 0.00845818 0.00395789 0.03304209
v 0.00849828 0.00401004 0.03304531
v 0.00847200 0.00415600 0.03295000
v 0.00851669 0.00403398 0.03305000
v 0.00852900 0.00405000 0.03305000
v 0.00853985 0.00407616 0.03304997
v 0.00854018 0.00407576 0.03305047
v 0.00853975 0.00407591 0.03305000
v 0.00859143 0.00404820 0.03310884
v 0.00855635 0.00411594 0.03304331
v 0.00812900 0.00358700 0.03395000
v 0.00812800 0.00370100 0.03385000
v 0.00818800 0.00362100 0.03395000
v 0.00823700 0.00367000 0.03395000
v 0.00815800 0.00373100 0.03325000
v 0.00819000 0.00380900 0.03325000
v 0.00815800 0.00373100 0.03385000
v 0.00817900 0.00376800 0.03385000
v 0.00819000 0.00380900 0.03385000
v 0.00827100 0.00372900 0.03395000
v 0.00822000 0.00403800 0.03325000
v 0.00825200 0.00411600 0.03325000
v 0.00822000 0.00403800 0.03385000
v 0.00825200 0.00411600 0.03385000
v 0.00828900 0.00379600 0.03395000
v 0.00831900 0.00402500 0.03395000
v 0.00833100 0.00405500 0.03395000
v 0.00835700 0.00407500 0.03395000
v 0.00869300 0.00339800 0.03395000
v 0.00862199 0.00357432 0.03342653
v 0.00868901 0.00390062 0.03326976
v 0.00775000 0.00450000 0.02895000
v 0.00808417 0.00501892 0.02896316
v 0.00756087 0.00507408 0.02895000
v 0.00766888 0.00510316 0.02895000
v 0.00775000 0.00512500 0.02897121
v 0.00778031 0.00511687 0.02896260
v 0.00782457 0.00510495 0.02895000
v 0.00799657 0.00505864 0.02895000
v 0.00806210 0.00504100 0.02897020
v 0.00827540 0.00417233 0.02895878
v 0.00826888 0.00416579 0.02895801
v 0.00826800 0.00417700 0.02895000
v 0.00828887 0.00418586 0.02896574
v 0.00829100 0.00418800 0.02896683
v 0.00831908 0.00429229 0.02895000
v 0.00834464 0.00438725 0.02895000
v 0.00837500 0.00450000 0.02896604
v 0.00836000 0.00450800 0.02895000
v 0.00837282 0.00450813 0.02896282
v 0.00836923 0.00452151 0.02896125
v 0.00819667 0.00490692 0.02895000
v 0.00812592 0.00497736 0.02895000
v 0.00825900 0.00483700 0.02895000
v 0.00825920 0.00484466 0.02895532
v 0.00826375 0.00484013 0.02895571
v 0.00834320 0.00461849 0.02895000
v 0.00831781 0.00471311 0.02895000
v 0.00829100 0.00481300 0.02896888
v 0.00754793 0.00527273 0.03200000
v 0.00759301 0.00528270 0.03200000
v 0.00762600 0.00529000 0.03199841
v 0.00767165 0.00529524 0.03199135
v 0.00772967 0.00529598 0.03197646
v 0.00775000 0.00529549 0.03197049
v 0.00775000 0.00532500 0.03200000
v 0.00778329 0.00529469 0.03197866
v 0.00775000 0.00540000 0.03200000
v 0.00752200 0.00526700 0.03295000
v 0.00751700 0.00536900 0.03305000
v 0.00750926 0.00536579 0.03305000
v 0.00750467 0.00538206 0.03306692
v 0.00754500 0.00537273 0.03305000
v 0.00754219 0.00541661 0.03309422
v 0.00762600 0.00529000 0.03295000
v 0.00762612 0.00538352 0.03304290
v 0.00768700 0.00529700 0.03295000
v 0.00767949 0.00539062 0.03304387
v 0.00771837 0.00539579 0.03305000
v 0.00775000 0.00540000 0.03305000
v 0.00779552 0.00539394 0.03305000
v 0.00771608 0.00546282 0.03311728
v 0.00779896 0.00547534 0.03313186
v 0.00785400 0.00529300 0.03199602
v 0.00807300 0.00523200 0.03199402
v 0.00797558 0.00526373 0.03199951
v 0.00803023 0.00524851 0.03199901
v 0.00785400 0.00529300 0.03295000
v 0.00782470 0.00539006 0.03304680
v 0.00786594 0.00538457 0.03304231
v 0.00793898 0.00537486 0.03305000
v 0.00807300 0.00523200 0.03295000
v 0.00801600 0.00525400 0.03295000
v 0.00798300 0.00536900 0.03305000
v 0.00801020 0.00535772 0.03305000
v 0.00804720 0.00534237 0.03304361
v 0.00809675 0.00532182 0.03304228
v 0.00795953 0.00546780 0.03314568
v 0.00751000 0.00532900 0.03325000
v 0.00757100 0.00529900 0.03325000
v 0.00751000 0.00532900 0.03385000
v 0.00757100 0.00529900 0.03385000
v 0.00753300 0.00542600 0.03395000
v 0.00763100 0.00537900 0.03395000
v 0.00775400 0.00515900 0.03325000
v 0.00780400 0.00513300 0.03325000
v 0.00775400 0.00515900 0.03385000
v 0.00780400 0.00513300 0.03385000
v 0.00770666 0.00578111 0.03343682
v 0.00786000 0.00512600 0.03325000
v 0.00791500 0.00513800 0.03325000
v 0.00786000 0.00512600 0.03385000
v 0.00781500 0.00523800 0.03395000
v 0.00783400 0.00522800 0.03395000
v 0.00785600 0.00522500 0.03395000
v 0.00787700 0.00523000 0.03395000
v 0.00791500 0.00513800 0.03385000
v 0.00809100 0.00531900 0.03395000
v 0.00798744 0.00559807 0.03327957
v 0.00837306 0.00499346 0.03199253
v 0.00837894 0.00498384 0.03198978
v 0.00841700 0.00494100 0.03198617
v 0.00840900 0.00495400 0.03295000
v 0.00841700 0.00494100 0.03295000
v 0.00848406 0.00418815 0.03199307
v 0.00850866 0.00425375 0.03200000
v 0.00852000 0.00428400 0.03200000
v 0.00852600 0.00430652 0.03200000
v 0.00852905 0.00432944 0.03200000
v 0.00853351 0.00436311 0.03199539
v 0.00854766 0.00446996 0.03198075
v 0.00855000 0.00448765 0.03197833
v 0.00855000 0.00450000 0.03197500
v 0.00855000 0.00451000 0.03197769
v 0.00857500 0.00450000 0.03200000
v 0.00865000 0.00450000 0.03200000
v 0.00852000 0.00428400 0.03295000
v 0.00852800 0.00431400 0.03295000
v 0.00855000 0.00448000 0.03295000
v 0.00855000 0.00451000 0.03295000
v 0.00860181 0.00422556 0.03304740
v 0.00863958 0.00426047 0.03307169
v 0.00861900 0.00426700 0.03305000
v 0.00861805 0.00426471 0.03304978
v 0.00861869 0.00426626 0.03305000
v 0.00861911 0.00426782 0.03305000
v 0.00862070 0.00426740 0.03305164
v 0.00862224 0.00429138 0.03304696
v 0.00862778 0.00433300 0.03304694
v 0.00867241 0.00425401 0.03310510
v 0.00864701 0.00447754 0.03304701
v 0.00865000 0.00450000 0.03305000
v 0.00864953 0.00450350 0.03304954
v 0.00870329 0.00450000 0.03310329
v 0.00851500 0.00473500 0.03200000
v 0.00849549 0.00478902 0.03199817
v 0.00850264 0.00476922 0.03200000
v 0.00853951 0.00461190 0.03199458
v 0.00853076 0.00466819 0.03200000
v 0.00853209 0.00465964 0.03200000
v 0.00847081 0.00484085 0.03198742
v 0.00845485 0.00487055 0.03197945
v 0.00843962 0.00489891 0.03197181
v 0.00846400 0.00491300 0.03200000
v 0.00852900 0.00495000 0.03200000
v 0.00851500 0.00473500 0.03295000
v 0.00853600 0.00464600 0.03295000
v 0.00848900 0.00480700 0.03295000
v 0.00849362 0.00499602 0.03304420
v 0.00848549 0.00500660 0.03304282
v 0.00857373 0.00484214 0.03304183
v 0.00852900 0.00495000 0.03305000
v 0.00851564 0.00496738 0.03305000
v 0.00854256 0.00491731 0.03305000
v 0.00855532 0.00499268 0.03309726
v 0.00862828 0.00466326 0.03304378
v 0.00863372 0.00462234 0.03304593
v 0.00862002 0.00472537 0.03305000
v 0.00861900 0.00473300 0.03305000
v 0.00861548 0.00474149 0.03304929
v 0.00861718 0.00473739 0.03305000
v 0.00862621 0.00473981 0.03305935
v 0.00859932 0.00478045 0.03304495
v 0.00863787 0.00474293 0.03307141
v 0.00870067 0.00474699 0.03313347
v 0.00831900 0.00416700 0.03325000
v 0.00831900 0.00416700 0.03385000
v 0.00834700 0.00471700 0.03325000
v 0.00832500 0.00476900 0.03325000
v 0.00838500 0.00467600 0.03325000
v 0.00834700 0.00471700 0.03385000
v 0.00832500 0.00476900 0.03385000
v 0.00838500 0.00467600 0.03385000
v 0.00843100 0.00477100 0.03395000
v 0.00842300 0.00479100 0.03395000
v 0.00832300 0.00482600 0.03325000
v 0.00832300 0.00482600 0.03385000
v 0.00842200 0.00481300 0.03395000
v 0.00853200 0.00425600 0.03325000
v 0.00853200 0.00425600 0.03385000
v 0.00857000 0.00416300 0.03395000
v 0.00856900 0.00427700 0.03385000
v 0.00856900 0.00453500 0.03325000
v 0.00856900 0.00453500 0.03385000
v 0.00859900 0.00430700 0.03325000
v 0.00863000 0.00419800 0.03395000
v 0.00859900 0.00430700 0.03385000
v 0.00862000 0.00434400 0.03385000
v 0.00867800 0.00424600 0.03395000
v 0.00871200 0.00430600 0.03395000
v 0.00873000 0.00437200 0.03395000
v 0.00863100 0.00438500 0.03325000
v 0.00862000 0.00446800 0.03325000
v 0.00863100 0.00438500 0.03385000
v 0.00863100 0.00442700 0.03385000
v 0.00862000 0.00446800 0.03385000
v 0.00859900 0.00450500 0.03385000
v 0.00873000 0.00444000 0.03395000
v 0.00867800 0.00456600 0.03395000
v 0.00871200 0.00450700 0.03395000
v 0.00844600 0.00475500 0.03395000
v 0.00862900 0.00461400 0.03395000
v 0.00870492 0.00499866 0.03323264
v 0.00814296 0.00519479 0.03197565
v 0.00814878 0.00519113 0.03197356
v 0.00816200 0.00521400 0.03200000
v 0.00817455 0.00517499 0.03198055
v 0.00819207 0.00516402 0.03198531
v 0.00826600 0.00511100 0.03200000
v 0.00826366 0.00511268 0.03200000
v 0.00820000 0.00527900 0.03200000
v 0.00831274 0.00506376 0.03200000
v 0.00829152 0.00508848 0.03200000
v 0.00816700 0.00518200 0.03295000
v 0.00826600 0.00511100 0.03295000
v 0.00813420 0.00530629 0.03304444
v 0.00820000 0.00527900 0.03305000
v 0.00818791 0.00528402 0.03305000
v 0.00820080 0.00530681 0.03307621
v 0.00821796 0.00526519 0.03304749
v 0.00820598 0.00527440 0.03305000
v 0.00825131 0.00523955 0.03304743
v 0.00830000 0.00508100 0.03295000
v 0.00833484 0.00517533 0.03304387
v 0.00840448 0.00511197 0.03305000
v 0.00836644 0.00515104 0.03304656
v 0.00838600 0.00513600 0.03305000
v 0.00837968 0.00514086 0.03305000
v 0.00839090 0.00515236 0.03306609
v 0.00846057 0.00503901 0.03304502
v 0.00812900 0.00522600 0.03325000
v 0.00821200 0.00523800 0.03325000
v 0.00812900 0.00522600 0.03385000
v 0.00817000 0.00523800 0.03385000
v 0.00821200 0.00523800 0.03385000
v 0.00825300 0.00522700 0.03385000
v 0.00815700 0.00533700 0.03395000
v 0.00822500 0.00533700 0.03395000
v 0.00835300 0.00505500 0.03325000
v 0.00829000 0.00520500 0.03325000
v 0.00834200 0.00513900 0.03325000
v 0.00835300 0.00505500 0.03385000
v 0.00835300 0.00509800 0.03385000
v 0.00832000 0.00517500 0.03385000
v 0.00829000 0.00520500 0.03385000
v 0.00834200 0.00513900 0.03385000
v 0.00843400 0.00517700 0.03395000
v 0.00840000 0.00523600 0.03395000
v 0.00829200 0.00531900 0.03395000
v 0.00835100 0.00528500 0.03395000
v 0.00823300 0.00586700 0.03395000
v 0.00834604 0.00556347 0.03337136
v 0.00845200 0.00504200 0.03395000
v 0.00845200 0.00511100 0.03395000
v 0.00862387 0.00530824 0.03334595
v 0.00844442 0.00568290 0.03352318
v 0.00850700 0.00573700 0.03395000
v 0.00846377 0.00586750 0.03370000
v 0.00853826 0.00583191 0.03370000
v 0.00855900 0.00582200 0.03370482
v 0.00858522 0.00580190 0.03370487
v 0.00855900 0.00582200 0.03385000
v 0.00874700 0.00555300 0.03395000
v 0.00917600 0.00288200 0.03200000
v 0.00905800 0.00319200 0.03400000
v 0.00917600 0.00288200 0.03400000
v 0.00875800 0.00332200 0.03371180
v 0.00875800 0.00332200 0.03385000
v 0.00879091 0.00335668 0.03370427
v 0.00880964 0.00337642 0.03370000
v 0.00888718 0.00345813 0.03370000
v 0.00890100 0.00361800 0.03395000
v 0.00898100 0.00355700 0.03371434
v 0.00898100 0.00355700 0.03385000
v 0.00904755 0.00366608 0.03370060
v 0.00905041 0.00367077 0.03370000
v 0.00905900 0.00387700 0.03395000
v 0.00935200 0.00357500 0.03400000
v 0.00911038 0.00376906 0.03370000
v 0.00915000 0.00383400 0.03371181
v 0.00915000 0.00383400 0.03385000
v 0.00921954 0.00403224 0.03370000
v 0.00921881 0.00403015 0.03370012
v 0.00924965 0.00411806 0.03370000
v 0.00925700 0.00413900 0.03370459
v 0.00925700 0.00413900 0.03385000
v 0.00940000 0.00300000 0.03200000
v 0.01000000 0.00300000 0.03200000
v 0.00940000 0.00300000 0.03410000
v 0.01000000 0.00300000 0.03410000
v 0.00961800 0.00332400 0.03200000
v 0.00990200 0.00388200 0.03200000
v 0.00961800 0.00332400 0.03400000
v 0.00953700 0.00402100 0.03400000
v 0.00990200 0.00388200 0.03400000
v 0.00892077 0.00455283 0.03332772
v 0.00916000 0.00416300 0.03395000
v 0.00919732 0.00448586 0.03359921
v 0.00920000 0.00446300 0.03395000
v 0.00929555 0.00442769 0.03370517
v 0.00929191 0.00456151 0.03370000
v 0.00930000 0.00446100 0.03370519
v 0.00930000 0.00446100 0.03385000
v 0.00929804 0.00448530 0.03370000
v 0.00917500 0.00476500 0.03395000
v 0.00921712 0.00497361 0.03370000
v 0.00927400 0.00478400 0.03371136
v 0.00927400 0.00478400 0.03385000
v 0.00925372 0.00485161 0.03370000
v 0.00926032 0.00482959 0.03370367
v 0.00894400 0.00532200 0.03395000
v 0.00906202 0.00531420 0.03370000
v 0.00902700 0.00537900 0.03371178
v 0.00902700 0.00537900 0.03385000
v 0.00875943 0.00553174 0.03359576
v 0.00881600 0.00562500 0.03370507
v 0.00881600 0.00562500 0.03385000
v 0.00888672 0.00554255 0.03370000
v 0.00889115 0.00553738 0.03370037
v 0.00883193 0.00560642 0.03370000
v 0.00905800 0.00580800 0.03400000
v 0.00908900 0.00505600 0.03395000
v 0.00911413 0.00520044 0.03369171
v 0.00912152 0.00520408 0.03370000
v 0.00918100 0.00509400 0.03371287
v 0.00918100 0.00509400 0.03385000
v 0.00935200 0.00542500 0.03400000
v 0.01000000 0.00450000 0.03200000
v 0.00960000 0.00450000 0.03400000
v 0.00953700 0.00497900 0.03400000
v 0.01000000 0.00450000 0.03400000
v 0.00965800 0.00561800 0.03200000
v 0.00991300 0.00508500 0.03200000
v 0.00965800 0.00561800 0.03400000
v 0.00991300 0.00508500 0.03400000
v 0.00758200 0.00694300 0.03100000
v 0.00763500 0.00594500 0.03395000
v 0.00762700 0.00604500 0.03371118
v 0.00762700 0.00604500 0.03385000
v 0.00769856 0.00604323 0.03370000
v 0.00775000 0.00635000 0.03400000
v 0.00782417 0.00604013 0.03370000
v 0.00782407 0.00603813 0.03369799
v 0.00793800 0.00593800 0.03395000
v 0.00795100 0.00603700 0.03371355
v 0.00795100 0.00603700 0.03385000
v 0.00807814 0.00600673 0.03370000
v 0.00758200 0.00694300 0.03200000
v 0.00776243 0.00725662 0.03200000
v 0.00784200 0.00709000 0.03200000
v 0.00784200 0.00709000 0.03400000
v 0.00824100 0.00665400 0.03200000
v 0.00819546 0.00597880 0.03370000
v 0.00821996 0.00597296 0.03370403
v 0.00826600 0.00596200 0.03371161
v 0.00826600 0.00596200 0.03385000
v 0.00822900 0.00628700 0.03400000
v 0.00824100 0.00665400 0.03400000
v 0.00867500 0.00610200 0.03400000
v 0.00861300 0.00873500 0.03100000
v 0.00758700 0.00762400 0.03200000
v 0.00750000 0.00820800 0.03200000
v 0.00758700 0.00762400 0.03400000
v 0.00750000 0.00820800 0.03400000
v 0.00861300 0.00873500 0.03200000
v 0.00925900 0.00605400 0.03200000
v 0.00875000 0.00635400 0.03400000
v 0.00925900 0.00605400 0.03400000
v 0.00940000 0.00600000 0.03200000
v 0.01000000 0.00600000 0.03200000
v 0.00940000 0.00600000 0.03410000
v 0.01000000 0.00600000 0.03410000
v 0.00549441 0.00316671 0.05374171
v 0.00554328 0.00379610 0.05200000
v 0.00530459 0.00369723 0.05374171
v 0.00543676 0.00375198 0.05317054
v 0.00551658 0.00378504 0.05258810
v 0.00588471 0.00267054 0.05200000
v 0.00574164 0.00324171 0.05200000
v 0.00577164 0.00264805 0.05317054
v 0.00585638 0.00266491 0.05258810
v 0.00563132 0.00262014 0.05374171
v 0.00571399 0.00323332 0.05258810
v 0.00563132 0.00320824 0.05317054
v 0.00518985 0.00253233 0.05482838
v 0.00506368 0.00303605 0.05482838
v 0.00530459 0.00310913 0.05429610
v 0.00543676 0.00258144 0.05429610
v 0.00512132 0.00362132 0.05429610
v 0.00529153 0.00432838 0.05200000
v 0.00526605 0.00431476 0.05258810
v 0.00518985 0.00427403 0.05317054
v 0.00506368 0.00420659 0.05374171
v 0.00110000 0.01188000 0.00011100
v 0.00110000 0.01221600 -0.00045100
v 0.00110000 0.01269700 -0.00089500
v 0.00110000 0.01171500 0.00074400
v 0.00110000 0.01133300 0.00415700
v 0.00110000 0.01275900 0.00086100
v 0.00110000 0.01280000 0.00134700
v 0.00110000 0.01212200 0.00340600
v 0.00110000 0.01255200 0.00345400
v 0.00130000 0.01169500 0.00003300
v 0.00130000 0.01206100 -0.00057700
v 0.00130000 0.01258400 -0.00106000
v 0.00200000 0.01251400 0.00056300
v 0.00200000 0.01275300 0.00008100
v 0.00130000 0.01151700 0.00072200
v 0.00130000 0.01110800 0.00437200
v 0.00200000 0.01245400 0.00109800
v 0.00200000 0.01275900 0.00086100
v 0.00200000 0.01280000 0.00134700
v 0.00200000 0.01258100 0.00162100
v 0.00080000 0.01040500 0.01066000
v 0.00100000 0.01058100 0.01088100
v 0.00100000 0.01084600 0.01121300
v 0.00229300 0.01084600 0.01121300
v 0.00110000 0.01290600 0.00039600
v 0.00110000 0.01322100 0.00002300
v 0.00110000 0.01328400 -0.00118500
v 0.00110000 0.01365400 -0.00020100
v 0.00110000 0.01392900 -0.00129900
v 0.00110000 0.01414000 -0.00024200
v 0.00110000 0.01302400 0.00178000
v 0.00110000 0.01339700 0.00209500
v 0.00110000 0.01309800 0.00370300
v 0.00110000 0.01386200 0.00224200
v 0.00110000 0.01434800 0.00220100
v 0.00110000 0.01368400 0.00383200
v 0.00110000 0.01428400 0.00383600
v 0.00110000 0.01457900 -0.00122600
v 0.00110000 0.01460500 -0.00009500
v 0.00110000 0.01518300 -0.00097300
v 0.00110000 0.01497800 0.00022000
v 0.00110000 0.01520200 0.00065300
v 0.00110000 0.01569100 -0.00056000
v 0.00110000 0.01606200 -0.00002100
v 0.00110000 0.01626600 0.00060100
v 0.00110000 0.01478100 0.00197700
v 0.00110000 0.01509600 0.00160400
v 0.00110000 0.01524300 0.00113900
v 0.00110000 0.01487200 0.00371400
v 0.00110000 0.01530200 0.00376200
v 0.00130000 0.01322200 -0.00137500
v 0.00130000 0.01392300 -0.00149900
v 0.00200000 0.01290600 0.00039600
v 0.00200000 0.01314300 -0.00029100
v 0.00200000 0.01322100 0.00002300
v 0.00200000 0.01363600 -0.00050600
v 0.00200000 0.01365400 -0.00020100
v 0.00200000 0.01417300 -0.00054000
v 0.00200000 0.01414000 -0.00024200
v 0.00200000 0.01287900 0.00206900
v 0.00200000 0.01302400 0.00178000
v 0.00200000 0.01339700 0.00209500
v 0.00200000 0.01331200 0.00238900
v 0.00200000 0.01386200 0.00224200
v 0.00200000 0.01382900 0.00254000
v 0.00200000 0.01434800 0.00220100
v 0.00200000 0.01436600 0.00250600
v 0.00130000 0.01463000 -0.00142000
v 0.00130000 0.01528600 -0.00114500
v 0.00130000 0.01583800 -0.00069600
v 0.00130000 0.01624100 -0.00010900
v 0.00200000 0.01469000 -0.00038900
v 0.00200000 0.01460500 -0.00009500
v 0.00200000 0.01512300 -0.00006900
v 0.00200000 0.01497800 0.00022000
v 0.00200000 0.01520200 0.00065300
v 0.00200000 0.01542100 0.00037900
v 0.00200000 0.01478100 0.00197700
v 0.00200000 0.01485900 0.00229100
v 0.00200000 0.01509600 0.00160400
v 0.00200000 0.01524300 0.00113900
v 0.00200000 0.01524900 0.00191900
v 0.00200000 0.01554800 0.00090200
v 0.00200000 0.01548800 0.00143700
v 0.00110000 0.01590500 0.00466900
v 0.00080000 0.01537400 0.01121600
v 0.00100000 0.01482100 0.01165700
v 0.00100000 0.01515300 0.01139200
v 0.00130000 0.01607700 0.00492800
v 0.00229300 0.01482100 0.01165700
v 0.00250000 0.01169500 0.00003300
v 0.00250000 0.01206100 -0.00057700
v 0.00250000 0.01258400 -0.00106000
v 0.00300000 0.01215700 0.00022700
v 0.00300000 0.01244900 -0.00026200
v 0.00300000 0.01251400 0.00056300
v 0.00300000 0.01275300 0.00008100
v 0.00250000 0.01151700 0.00072200
v 0.00300000 0.01201300 0.00077800
v 0.00300000 0.01245400 0.00109800
v 0.00300000 0.01258100 0.00162100
v 0.00250000 0.01040500 0.01066000
v 0.00250000 0.01105200 0.01123600
v 0.00300000 0.01090200 0.01071600
v 0.00250000 0.01322200 -0.00137500
v 0.00300000 0.01286700 -0.00064800
v 0.00300000 0.01314300 -0.00029100
v 0.00300000 0.01337800 -0.00090000
v 0.00300000 0.01363600 -0.00050600
v 0.00250000 0.01392300 -0.00149900
v 0.00300000 0.01393800 -0.00099900
v 0.00300000 0.01417300 -0.00054000
v 0.00300000 0.01450400 -0.00093600
v 0.00300000 0.01287900 0.00206900
v 0.00300000 0.01331200 0.00238900
v 0.00300000 0.01382900 0.00254000
v 0.00300000 0.01436600 0.00250600
v 0.00250000 0.01463000 -0.00142000
v 0.00250000 0.01528600 -0.00114500
v 0.00300000 0.01469000 -0.00038900
v 0.00300000 0.01502900 -0.00071600
v 0.00300000 0.01512300 -0.00006900
v 0.00250000 0.01583800 -0.00069600
v 0.00250000 0.01624100 -0.00010900
v 0.00300000 0.01547100 -0.00035700
v 0.00300000 0.01542100 0.00037900
v 0.00300000 0.01579300 0.00011200
v 0.00300000 0.01597100 0.00065300
v 0.00300000 0.01485900 0.00229100
v 0.00300000 0.01524900 0.00191900
v 0.00300000 0.01554800 0.00090200
v 0.00300000 0.01548800 0.00143700
v 0.00300000 0.01598900 0.00122200
v 0.00496300 0.01569000 0.00350000
v 0.00250000 0.01461500 0.01163400
v 0.00250000 0.01537400 0.01121600
v 0.00300000 0.01487700 0.01116000
v 0.00080000 0.01001600 0.01413800
v 0.00080000 0.01003800 0.01485000
v 0.00100000 0.01021400 0.01416100
v 0.00080000 0.01026000 0.01552600
v 0.00100000 0.01023500 0.01481500
v 0.00100000 0.01043900 0.01543700
v 0.00080000 0.01066300 0.01611200
v 0.00100000 0.01081000 0.01597600
v 0.00100000 0.01140500 0.01381300
v 0.00100000 0.01138756 0.01386806
v 0.00100000 0.01142012 0.01379509
v 0.00100000 0.01143400 0.01376400
v 0.00100000 0.01163900 0.01351000
v 0.00100000 0.01172000 0.01344000
v 0.00100000 0.01169572 0.01346875
v 0.00100000 0.01177341 0.01341224
v 0.00100000 0.01190300 0.01331800
v 0.00100000 0.01125800 0.01427700
v 0.00100000 0.01127589 0.01422052
v 0.00100000 0.01126111 0.01431386
v 0.00100000 0.01125000 0.01438400
v 0.00100000 0.01128500 0.01470900
v 0.00100000 0.01129710 0.01474043
v 0.00100000 0.01130100 0.01406200
v 0.00100000 0.01129900 0.01476300
v 0.00100000 0.01132549 0.01481421
v 0.00100000 0.01140200 0.01501300
v 0.00100000 0.01149321 0.01513841
v 0.00100000 0.01152300 0.01519600
v 0.00100000 0.01155434 0.01522247
v 0.00100000 0.01159400 0.01527700
v 0.00100000 0.01184700 0.01548200
v 0.00100000 0.01187809 0.01549588
v 0.00100000 0.01189600 0.01551100
v 0.00100000 0.01210081 0.01324212
v 0.00100000 0.01215300 0.01321500
v 0.00100000 0.01220800 0.01320100
v 0.00100000 0.01217672 0.01321300
v 0.00100000 0.01253200 0.01316700
v 0.00100000 0.01259816 0.01317745
v 0.00100000 0.01263900 0.01317400
v 0.00100000 0.01270069 0.01319364
v 0.00100000 0.01195169 0.01552873
v 0.00100000 0.01214500 0.01561500
v 0.00100000 0.01229931 0.01563936
v 0.00100000 0.01236100 0.01565900
v 0.00100000 0.01240150 0.01565550
v 0.00100000 0.01246800 0.01566600
v 0.00100000 0.01279200 0.01563200
v 0.00080000 0.01121500 0.01656100
v 0.00080000 0.01187100 0.01683600
v 0.00100000 0.01131800 0.01638900
v 0.00100000 0.01192200 0.01664200
v 0.00080000 0.01257800 0.01691500
v 0.00100000 0.01257200 0.01671500
v 0.00130000 0.01012200 0.01394400
v 0.00130000 0.01000000 0.01471600
v 0.00130000 0.01047700 0.01324700
v 0.00130000 0.01103100 0.01269400
v 0.00130000 0.01000000 0.01721600
v 0.00130000 0.01139300 0.01383500
v 0.00130000 0.01138155 0.01388152
v 0.00130000 0.01143400 0.01376400
v 0.00130000 0.01141172 0.01381392
v 0.00130000 0.01172700 0.01233900
v 0.00130000 0.01163900 0.01351000
v 0.00130000 0.01175944 0.01342240
v 0.00130000 0.01179000 0.01338800
v 0.00130000 0.01182518 0.01337459
v 0.00130000 0.01190300 0.01331800
v 0.00130000 0.01125000 0.01438400
v 0.00130000 0.01125240 0.01440626
v 0.00130000 0.01125000 0.01441600
v 0.00130000 0.01125613 0.01444089
v 0.00130000 0.01128500 0.01470900
v 0.00130000 0.01130100 0.01406200
v 0.00130000 0.01138796 0.01497652
v 0.00130000 0.01139300 0.01499700
v 0.00130000 0.01139802 0.01500267
v 0.00130000 0.01140200 0.01501300
v 0.00130000 0.01159400 0.01527700
v 0.00130000 0.01176113 0.01541242
v 0.00130000 0.01179000 0.01544500
v 0.00130000 0.01181131 0.01545308
v 0.00130000 0.01184700 0.01548200
v 0.00130000 0.01220800 0.01320100
v 0.00130000 0.01230842 0.01319046
v 0.00130000 0.01234900 0.01317500
v 0.00130000 0.01250000 0.01221600
v 0.00130000 0.01239817 0.01318104
v 0.00130000 0.01253200 0.01316700
v 0.00130000 0.01214500 0.01561500
v 0.00130000 0.01230478 0.01564023
v 0.00130000 0.01234900 0.01565700
v 0.00130000 0.01238407 0.01565275
v 0.00130000 0.01246800 0.01566600
v 0.00130000 0.01279200 0.01563200
v 0.00100000 0.01285500 0.01321800
v 0.00100000 0.01305351 0.01330593
v 0.00100000 0.01310400 0.01332200
v 0.00100000 0.01311978 0.01333529
v 0.00100000 0.01315300 0.01335000
v 0.00100000 0.01340600 0.01355600
v 0.00100000 0.01344432 0.01360849
v 0.00100000 0.01347700 0.01363600
v 0.00100000 0.01350764 0.01369522
v 0.00100000 0.01359800 0.01381900
v 0.00100000 0.01367653 0.01402169
v 0.00100000 0.01282648 0.01561877
v 0.00100000 0.01284700 0.01561700
v 0.00100000 0.01289261 0.01559341
v 0.00100000 0.01322717 0.01542033
v 0.00100000 0.01309700 0.01551500
v 0.00100000 0.01361232 0.01496523
v 0.00100000 0.01328000 0.01539300
v 0.00100000 0.01330428 0.01536425
v 0.00100000 0.01336100 0.01532300
v 0.00100000 0.01356600 0.01506900
v 0.00100000 0.01357988 0.01503791
v 0.00100000 0.01359500 0.01502000
v 0.00100000 0.01370100 0.01406900
v 0.00100000 0.01370271 0.01408928
v 0.00100000 0.01371500 0.01412100
v 0.00100000 0.01375000 0.01444900
v 0.00100000 0.01373895 0.01451879
v 0.00100000 0.01372439 0.01461072
v 0.00100000 0.01374200 0.01455500
v 0.00100000 0.01369900 0.01477100
v 0.00100000 0.01428500 0.01586700
v 0.00080000 0.01327900 0.01679200
v 0.00100000 0.01321700 0.01660200
v 0.00080000 0.01391700 0.01647600
v 0.00080000 0.01444000 0.01599300
v 0.00100000 0.01380400 0.01631100
v 0.00080000 0.01480600 0.01538300
v 0.00080000 0.01498500 0.01469400
v 0.00100000 0.01478600 0.01467200
v 0.00100000 0.01462100 0.01530600
v 0.00130000 0.01285500 0.01321800
v 0.00130000 0.01291495 0.01324455
v 0.00130000 0.01294300 0.01324800
v 0.00130000 0.01297970 0.01327324
v 0.00130000 0.01315300 0.01335000
v 0.00130000 0.01327300 0.01233900
v 0.00130000 0.01340600 0.01355600
v 0.00130000 0.01342120 0.01357683
v 0.00130000 0.01343600 0.01358700
v 0.00130000 0.01345481 0.01362286
v 0.00137978 0.01345455 0.01362250
v 0.00130000 0.01359800 0.01381900
v 0.00130000 0.01290137 0.01559005
v 0.00130000 0.01294300 0.01558500
v 0.00130000 0.01297869 0.01556038
v 0.00130000 0.01309700 0.01551500
v 0.00130000 0.01345836 0.01520237
v 0.00130000 0.01336100 0.01532300
v 0.00130000 0.01340883 0.01526374
v 0.00130000 0.01343600 0.01524500
v 0.00130000 0.01356600 0.01506900
v 0.00130000 0.01396900 0.01269400
v 0.00130000 0.01452300 0.01324700
v 0.00130000 0.01371190 0.01411299
v 0.00130000 0.01371400 0.01411700
v 0.00130000 0.01371400 0.01411842
v 0.00130285 0.01371400 0.01411842
v 0.00130000 0.01371500 0.01412100
v 0.00130000 0.01375000 0.01444900
v 0.00130000 0.01371400 0.01467630
v 0.00130000 0.01371400 0.01471500
v 0.00130000 0.01370522 0.01473174
v 0.00130000 0.01369900 0.01477100
v 0.00242233 0.01371400 0.01467630
v 0.00130000 0.01487800 0.01394400
v 0.00130000 0.01500000 0.01471600
v 0.00130000 0.01500000 0.01721600
v 0.00250000 0.01095000 0.01441600
v 0.00260000 0.01102200 0.01416100
v 0.00260000 0.01100300 0.01450800
v 0.00260000 0.01106400 0.01485100
v 0.00350000 0.01012200 0.01394400
v 0.00350000 0.01000000 0.01471600
v 0.00350000 0.01047700 0.01324700
v 0.00350000 0.01103100 0.01269400
v 0.00340000 0.01102200 0.01416100
v 0.00340000 0.01100300 0.01450800
v 0.00340000 0.01106400 0.01485100
v 0.00350000 0.01095000 0.01441600
v 0.00350000 0.01000000 0.01721600
v 0.00260000 0.01129400 0.01352400
v 0.00250000 0.01108400 0.01378600
v 0.00250000 0.01121300 0.01386600
v 0.00260000 0.01112100 0.01382700
v 0.00250000 0.01146300 0.01326400
v 0.00250000 0.01137400 0.01358400
v 0.00250000 0.01139300 0.01383500
v 0.00250000 0.01138155 0.01388152
v 0.00250000 0.01141172 0.01381392
v 0.00260000 0.01182200 0.01307800
v 0.00250000 0.01159700 0.01334700
v 0.00260000 0.01153200 0.01327000
v 0.00250000 0.01175944 0.01342240
v 0.00250000 0.01179000 0.01338800
v 0.00250000 0.01182518 0.01337459
v 0.00250000 0.01186800 0.01316700
v 0.00300000 0.01191100 0.01303700
v 0.00250000 0.01112000 0.01417800
v 0.00250000 0.01110300 0.01450200
v 0.00250000 0.01125240 0.01440626
v 0.00250000 0.01125000 0.01441600
v 0.00250000 0.01125613 0.01444089
v 0.00250000 0.01116000 0.01482200
v 0.00250000 0.01138796 0.01497652
v 0.00250000 0.01139300 0.01499700
v 0.00250000 0.01108400 0.01504700
v 0.00250000 0.01129000 0.01512000
v 0.00260000 0.01120300 0.01517100
v 0.00250000 0.01139802 0.01500267
v 0.00250000 0.01148500 0.01538000
v 0.00260000 0.01141200 0.01544900
v 0.00250000 0.01146300 0.01556800
v 0.00260000 0.01168000 0.01567200
v 0.00250000 0.01176113 0.01541242
v 0.00250000 0.01179000 0.01544500
v 0.00250000 0.01181131 0.01545308
v 0.00250000 0.01173400 0.01558800
v 0.00250000 0.01202100 0.01294200
v 0.00260000 0.01214900 0.01295800
v 0.00250000 0.01217300 0.01305500
v 0.00250000 0.01230842 0.01319046
v 0.00250000 0.01234900 0.01317500
v 0.00250000 0.01249500 0.01301600
v 0.00260000 0.01249500 0.01291600
v 0.00250000 0.01266200 0.01287500
v 0.00250000 0.01239817 0.01318104
v 0.00300000 0.01214900 0.01295800
v 0.00300000 0.01239700 0.01292000
v 0.00250000 0.01202500 0.01573300
v 0.00250000 0.01202100 0.01589000
v 0.00260000 0.01199200 0.01582800
v 0.00250000 0.01230478 0.01564023
v 0.00250000 0.01234900 0.01565700
v 0.00250000 0.01234200 0.01580700
v 0.00260000 0.01233100 0.01590700
v 0.00250000 0.01238407 0.01565275
v 0.00250000 0.01266700 0.01580600
v 0.00260000 0.01267900 0.01590600
v 0.00300000 0.01260300 0.01591300
v 0.00300000 0.01267900 0.01590600
v 0.00340000 0.01129400 0.01352400
v 0.00340000 0.01112100 0.01382700
v 0.00340000 0.01182200 0.01307800
v 0.00340000 0.01191100 0.01303700
v 0.00340000 0.01153200 0.01327000
v 0.00350000 0.01108400 0.01378600
v 0.00350000 0.01121300 0.01386600
v 0.00350000 0.01146300 0.01326400
v 0.00350000 0.01137400 0.01358400
v 0.00350000 0.01172700 0.01233900
v 0.00350000 0.01159700 0.01334700
v 0.00350000 0.01186800 0.01316700
v 0.00350000 0.01193500 0.01313500
v 0.00340000 0.01120300 0.01517100
v 0.00340000 0.01141200 0.01544900
v 0.00340000 0.01168000 0.01567200
v 0.00350000 0.01112000 0.01417800
v 0.00350000 0.01110300 0.01450200
v 0.00350000 0.01116000 0.01482200
v 0.00350000 0.01108400 0.01504700
v 0.00350000 0.01129000 0.01512000
v 0.00350000 0.01148500 0.01538000
v 0.00350000 0.01146300 0.01556800
v 0.00350000 0.01173400 0.01558800
v 0.00340000 0.01239700 0.01292000
v 0.00340000 0.01249500 0.01291600
v 0.00350000 0.01202100 0.01294200
v 0.00350000 0.01250000 0.01221600
v 0.00350000 0.01242100 0.01301900
v 0.00350000 0.01249500 0.01301600
v 0.00350000 0.01266200 0.01287500
v 0.00340000 0.01199200 0.01582700
v 0.00340000 0.01233100 0.01590700
v 0.00340000 0.01260300 0.01591300
v 0.00350000 0.01202500 0.01573300
v 0.00350000 0.01202100 0.01589000
v 0.00350000 0.01234200 0.01580700
v 0.00350000 0.01257900 0.01581400
v 0.00250000 0.01266200 0.01595800
v 0.00350000 0.01266200 0.01595800
v 0.00250000 0.01281800 0.01305300
v 0.00260000 0.01284100 0.01295600
v 0.00260000 0.01316900 0.01307400
v 0.00250000 0.01291495 0.01324455
v 0.00250000 0.01294300 0.01324800
v 0.00250000 0.01297970 0.01327324
v 0.00250000 0.01312400 0.01316300
v 0.00250000 0.01327500 0.01307400
v 0.00250000 0.01339600 0.01334100
v 0.00260000 0.01346000 0.01326400
v 0.00250000 0.01342120 0.01357683
v 0.00250000 0.01343600 0.01358700
v 0.00250000 0.01345455 0.01362250
v 0.00250000 0.01362000 0.01357700
v 0.00250000 0.01290137 0.01559005
v 0.00250000 0.01282700 0.01577800
v 0.00250000 0.01294300 0.01558500
v 0.00250000 0.01297869 0.01556038
v 0.00250000 0.01298300 0.01573000
v 0.00260000 0.01285100 0.01587500
v 0.00260000 0.01301800 0.01582400
v 0.00250000 0.01345836 0.01520237
v 0.00250000 0.01340883 0.01526374
v 0.00250000 0.01343600 0.01524500
v 0.00250000 0.01327300 0.01558300
v 0.00250000 0.01327500 0.01575900
v 0.00260000 0.01332800 0.01566700
v 0.00250000 0.01352100 0.01537400
v 0.00260000 0.01359400 0.01544200
v 0.00300000 0.01301800 0.01582400
v 0.00300000 0.01308900 0.01579600
v 0.00250000 0.01375400 0.01350500
v 0.00260000 0.01370000 0.01351700
v 0.00250000 0.01378400 0.01385800
v 0.00260000 0.01387500 0.01381800
v 0.00250000 0.01371500 0.01412100
v 0.00250000 0.01387800 0.01416900
v 0.00250000 0.01371407 0.01467588
v 0.00250000 0.01371400 0.01471500
v 0.00250000 0.01370522 0.01473174
v 0.00250000 0.01384200 0.01481300
v 0.00250000 0.01389800 0.01449300
v 0.00250000 0.01401600 0.01409400
v 0.00260000 0.01397600 0.01415100
v 0.00260000 0.01399800 0.01449900
v 0.00250000 0.01401600 0.01473900
v 0.00260000 0.01393800 0.01484200
v 0.00250000 0.01371500 0.01511200
v 0.00250000 0.01375400 0.01532700
v 0.00260000 0.01380100 0.01516200
v 0.00340000 0.01284100 0.01295600
v 0.00340000 0.01316900 0.01307400
v 0.00340000 0.01346000 0.01326400
v 0.00350000 0.01281800 0.01305300
v 0.00350000 0.01312400 0.01316300
v 0.00350000 0.01327300 0.01233900
v 0.00350000 0.01327500 0.01307400
v 0.00350000 0.01339600 0.01334100
v 0.00350000 0.01362000 0.01357700
v 0.00340000 0.01308900 0.01579600
v 0.00340000 0.01332800 0.01566700
v 0.00340000 0.01359400 0.01544200
v 0.00350000 0.01306500 0.01569700
v 0.00350000 0.01327300 0.01558300
v 0.00350000 0.01327500 0.01575900
v 0.00350000 0.01352100 0.01537400
v 0.00340000 0.01370000 0.01351700
v 0.00340000 0.01387500 0.01381800
v 0.00350000 0.01396900 0.01269400
v 0.00350000 0.01375400 0.01350500
v 0.00350000 0.01378400 0.01385800
v 0.00350000 0.01452300 0.01324700
v 0.00340000 0.01397600 0.01415100
v 0.00340000 0.01399800 0.01449900
v 0.00340000 0.01393800 0.01484200
v 0.00340000 0.01380100 0.01516200
v 0.00350000 0.01387800 0.01416900
v 0.00350000 0.01384200 0.01481300
v 0.00350000 0.01389800 0.01449300
v 0.00350000 0.01401600 0.01409400
v 0.00350000 0.01401600 0.01473900
v 0.00350000 0.01371500 0.01511200
v 0.00350000 0.01375400 0.01532700
v 0.00350000 0.01487800 0.01394400
v 0.00350000 0.01500000 0.01471600
v 0.00350000 0.01500000 0.01721600
v 0.00449600 0.01608500 0.01721600
v 0.00110000 0.01628700 0.00125600
v 0.00035200 0.01899000 -0.00030000
v 0.00036300 0.01919000 -0.00050000
v 0.00000000 0.01900000 0.00137500
v 0.00016200 0.01899800 0.00139600
v 0.00031300 0.01899200 0.00145900
v 0.00035200 0.01899000 0.00148300
v 0.00037500 0.01918900 0.00250000
v 0.00054100 0.01897700 0.00168700
v 0.00060400 0.01897200 0.00183800
v 0.00054800 0.01897700 0.00230000
v 0.00084000 0.01834000 0.00350000
v 0.00062500 0.01897000 0.00200000
v 0.00105200 0.01891400 0.00230000
v 0.00108400 0.01911200 0.00250000
v 0.00130000 0.01646300 0.00056700
v 0.00130000 0.01648500 0.00127800
v 0.00245100 0.01786700 0.00350000
v 0.00133700 0.01886100 -0.00030000
v 0.00130000 0.01907300 -0.00050000
v 0.00150000 0.01902500 -0.00030000
v 0.00150000 0.01902700 0.00050300
v 0.00248000 0.01872400 0.00050000
v 0.00133700 0.01886100 0.00070000
v 0.00173900 0.01876300 0.00070000
v 0.00173900 0.01876300 0.00230000
v 0.00179200 0.01895600 0.00250000
v 0.00240600 0.01853800 0.00070000
v 0.00240600 0.01853800 0.00230000
v 0.00248000 0.01872400 0.00250000
v 0.00000000 0.02001958 0.00137500
v 0.00007500 0.02000000 0.00139400
v 0.00006493 0.02001070 0.00138342
v 0.00007612 0.02000918 0.00138487
v 0.00010174 0.02001236 0.00138819
v 0.00022300 0.02000000 0.00143200
v 0.00021567 0.02001108 0.00141875
v 0.00022654 0.02000969 0.00142293
v 0.00021809 0.02001104 0.00141940
v 0.00000000 0.02000000 0.00200000
v 0.00029600 0.02000000 0.00253400
v 0.00030229 0.02001306 0.00254547
v 0.00031300 0.02001940 0.00145900
v 0.00033734 0.02001789 0.00147398
v 0.00035700 0.02000000 0.00150500
v 0.00036178 0.02000814 0.00149837
v 0.00035300 0.02001164 0.00148960
v 0.00042214 0.02000498 0.00155871
v 0.00046711 0.02000000 0.00160724
v 0.00046960 0.02000000 0.00160994
v 0.00031300 0.01989300 0.00254100
v 0.00037500 0.01989000 0.00250000
v 0.00032787 0.02001247 0.00252607
v 0.00031616 0.02001506 0.00253782
v 0.00031300 0.02001577 0.00254100
v 0.00038636 0.02001561 0.00248713
v 0.00041900 0.02000000 0.00244400
v 0.00042155 0.02000370 0.00244671
v 0.00042420 0.02000381 0.00244366
v 0.00054100 0.02001842 0.00168700
v 0.00055200 0.02000000 0.00173800
v 0.00055587 0.02001161 0.00172264
v 0.00056058 0.02000948 0.00173393
v 0.00058016 0.02001377 0.00178086
v 0.00059900 0.02000000 0.00188400
v 0.00060900 0.02000000 0.00203700
v 0.00061541 0.02000637 0.00203737
v 0.00060495 0.02000907 0.00187310
v 0.00060744 0.02000858 0.00188237
v 0.00061193 0.02001198 0.00189920
v 0.00061798 0.02000964 0.00202736
v 0.00051600 0.02000000 0.00232600
v 0.00052289 0.02000809 0.00233032
v 0.00053094 0.02001148 0.00232108
v 0.00054535 0.02001754 0.00230454
v 0.00057162 0.02000000 0.00220706
v 0.00057666 0.02000000 0.00218832
v 0.00059166 0.02000000 0.00212991
v 0.00000000 0.01990000 0.00262500
v 0.00000000 0.01990000 0.00350000
v 0.00000200 0.02000000 0.00261000
v 0.00001524 0.02001257 0.00262091
v 0.00001921 0.02001200 0.00261984
v 0.00000200 0.02001439 0.00262446
v 0.00000000 0.02001516 0.00262500
v 0.00015400 0.02000000 0.00259100
v 0.00016200 0.01989800 0.00260400
v 0.00015682 0.02001134 0.00260198
v 0.00017246 0.02001497 0.00259964
v 0.00017167 0.02001499 0.00259997
v 0.00062500 0.02001848 0.00200000
v 0.00000000 0.02190000 0.00050000
v 0.00012062 0.02188703 0.00050000
v 0.00043581 0.02188703 0.00050000
v 0.00054327 0.02188343 0.00050000
v 0.00004900 0.02250000 0.00050100
v 0.00004900 0.02320000 0.00050100
v 0.00031600 0.02250000 0.00053400
v 0.00057300 0.02250000 0.00061400
v 0.00031600 0.02320000 0.00053400
v 0.00057300 0.02320000 0.00061400
v 0.00067400 0.02167500 -0.00050000
v 0.00068800 0.02187500 -0.00030000
v 0.00062611 0.02187913 0.00050000
v 0.00068131 0.02187542 0.00050000
v 0.00103956 0.02183703 0.00050000
v 0.00104500 0.02244500 0.00050000
v 0.00000000 0.02190000 0.00115000
v 0.00000000 0.02190000 0.00120000
v 0.00000000 0.02189351 0.00120649
v 0.00004451 0.02189957 0.00120627
v 0.00009800 0.02189887 0.00120600
v 0.00016773 0.02189837 0.00122361
v 0.00020412 0.02189722 0.00117691
v 0.00020155 0.02189426 0.00123215
v 0.00020826 0.02189435 0.00123385
v 0.00020600 0.02189800 0.00122900
v 0.00022156 0.02189726 0.00117965
v 0.00021587 0.02189706 0.00116625
v 0.00022000 0.02189725 0.00117900
v 0.00022796 0.02189731 0.00123883
v 0.00029200 0.02189523 0.00125500
v 0.00040644 0.02189139 0.00125630
v 0.00039637 0.02189198 0.00131193
v 0.00042500 0.02189044 0.00126400
v 0.00046800 0.02188830 0.00135100
v 0.00055681 0.02188375 0.00139581
v 0.00055407 0.02188393 0.00143121
v 0.00061500 0.02187983 0.00148800
v 0.00055665 0.02188382 0.00257273
v 0.00000000 0.02190000 0.00280000
v 0.00000200 0.02189997 0.00280000
v 0.00000094 0.02189999 0.00279987
v 0.00000000 0.02189975 0.00279975
v 0.00000000 0.02190000 0.00285000
v 0.00000000 0.02190000 0.00350000
v 0.00020100 0.02189800 0.00277400
v 0.00020653 0.02189797 0.00277180
v 0.00022000 0.02189700 0.00282100
v 0.00023075 0.02189663 0.00281654
v 0.00023496 0.02189662 0.00281480
v 0.00031001 0.02189271 0.00294271
v 0.00020280 0.02187820 0.00339860
v 0.00019842 0.02187805 0.00340331
v 0.00022621 0.02187500 0.00350000
v 0.00026746 0.02189028 0.00307213
v 0.00026126 0.02188598 0.00315202
v 0.00038700 0.02189220 0.00270000
v 0.00039812 0.02189188 0.00269190
v 0.00041537 0.02189087 0.00273999
v 0.00042500 0.02189038 0.00273600
v 0.00054900 0.02188420 0.00258200
v 0.00056058 0.02188356 0.00260042
v 0.00000000 0.02250000 0.00115000
v 0.00009800 0.02250000 0.00120600
v 0.00004500 0.02260000 0.00135900
v 0.00022000 0.02249800 0.00117900
v 0.00029200 0.02250000 0.00125500
v 0.00028100 0.02260000 0.00119300
v 0.00004500 0.02320000 0.00135900
v 0.00028100 0.02320000 0.00119300
v 0.00042500 0.02249100 0.00126400
v 0.00046800 0.02250000 0.00135100
v 0.00031900 0.02260000 0.00117700
v 0.00036100 0.02260000 0.00117800
v 0.00039900 0.02260000 0.00119500
v 0.00042600 0.02260000 0.00122700
v 0.00043800 0.02260000 0.00126600
v 0.00046300 0.02260000 0.00155400
v 0.00061500 0.02250000 0.00148800
v 0.00048100 0.02260000 0.00162100
v 0.00052100 0.02260000 0.00167800
v 0.00057800 0.02260000 0.00171800
v 0.00053900 0.02260000 0.00229000
v 0.00053300 0.02260000 0.00235900
v 0.00056900 0.02260000 0.00222700
v 0.00061800 0.02260000 0.00217800
v 0.00031900 0.02320000 0.00117700
v 0.00036100 0.02320000 0.00117800
v 0.00039900 0.02320000 0.00119500
v 0.00042600 0.02320000 0.00122700
v 0.00043800 0.02320000 0.00126600
v 0.00046300 0.02320000 0.00155400
v 0.00048100 0.02320000 0.00162100
v 0.00052100 0.02320000 0.00167800
v 0.00057800 0.02320000 0.00171800
v 0.00053900 0.02320000 0.00229000
v 0.00053300 0.02320000 0.00235900
v 0.00056900 0.02320000 0.00222700
v 0.00061800 0.02320000 0.00217800
v 0.00000200 0.02250000 0.00280000
v 0.00000000 0.02250000 0.00285000
v 0.00008500 0.02250000 0.00349800
v 0.00001800 0.02260000 0.00261200
v 0.00008800 0.02260000 0.00260600
v 0.00015500 0.02260000 0.00262400
v 0.00020100 0.02250000 0.00277400
v 0.00022000 0.02249800 0.00282100
v 0.00001800 0.02320000 0.00261200
v 0.00008800 0.02320000 0.00260600
v 0.00015500 0.02320000 0.00262400
v 0.00008500 0.02320000 0.00349800
v 0.00038700 0.02250000 0.00270000
v 0.00042500 0.02249100 0.00273600
v 0.00035100 0.02250000 0.00345800
v 0.00041600 0.02260000 0.00274600
v 0.00045700 0.02260000 0.00275600
v 0.00054900 0.02250000 0.00258200
v 0.00060600 0.02250000 0.00337200
v 0.00049800 0.02260000 0.00274800
v 0.00053200 0.02260000 0.00272400
v 0.00055800 0.02260000 0.00264700
v 0.00055300 0.02260000 0.00268800
v 0.00041600 0.02320000 0.00274600
v 0.00045700 0.02320000 0.00275600
v 0.00035100 0.02320000 0.00345800
v 0.00049800 0.02320000 0.00274800
v 0.00053200 0.02320000 0.00272400
v 0.00055800 0.02320000 0.00264700
v 0.00055300 0.02320000 0.00268800
v 0.00060600 0.02320000 0.00337200
v 0.00067284 0.02187595 0.00151184
v 0.00067229 0.02187598 0.00157764
v 0.00067958 0.02187520 0.00158906
v 0.00068247 0.02187489 0.00159358
v 0.00069736 0.02187331 0.00153529
v 0.00069628 0.02187343 0.00153528
v 0.00071525 0.02187141 0.00153590
v 0.00073600 0.02187100 0.00157500
v 0.00079003 0.02186305 0.00152905
v 0.00072783 0.02186953 0.00167187
v 0.00072300 0.02187012 0.00165700
v 0.00067700 0.02187574 0.00242700
v 0.00070159 0.02187356 0.00238140
v 0.00068800 0.02187500 0.00240660
v 0.00068800 0.02187500 0.00247300
v 0.00073509 0.02187006 0.00231265
v 0.00077176 0.02186716 0.00219302
v 0.00076200 0.02186771 0.00224500
v 0.00071196 0.02187220 0.00236218
v 0.00071279 0.02187210 0.00236040
v 0.00070477 0.02187304 0.00237550
v 0.00071164 0.02187249 0.00244936
v 0.00073600 0.02187100 0.00242500
v 0.00073289 0.02187023 0.00243991
v 0.00075845 0.02186676 0.00243790
v 0.00078500 0.02186551 0.00184800
v 0.00078519 0.02186555 0.00185078
v 0.00082100 0.02186400 0.00178000
v 0.00079698 0.02186559 0.00201914
v 0.00079900 0.02186513 0.00204800
v 0.00085000 0.02186100 0.00200000
v 0.00089628 0.02185350 0.00208706
v 0.00093581 0.02184752 0.00198757
v 0.00093186 0.02184847 0.00203559
v 0.00082100 0.02186400 0.00222000
v 0.00078961 0.02186311 0.00242818
v 0.00083233 0.02185811 0.00238159
v 0.00089946 0.02185187 0.00224685
v 0.00090394 0.02185141 0.00223970
v 0.00094310 0.02184546 0.00164744
v 0.00096247 0.02184252 0.00186639
v 0.00098071 0.02184021 0.00194309
v 0.00073600 0.02247300 0.00157500
v 0.00081100 0.02250000 0.00073800
v 0.00072300 0.02250000 0.00165700
v 0.00067700 0.02250000 0.00242700
v 0.00076200 0.02250000 0.00224500
v 0.00073600 0.02247300 0.00242500
v 0.00072500 0.02250000 0.00233800
v 0.00078500 0.02250000 0.00184800
v 0.00082100 0.02246600 0.00178000
v 0.00079900 0.02250000 0.00204800
v 0.00085000 0.02246400 0.00200000
v 0.00082100 0.02246600 0.00222000
v 0.00083900 0.02260000 0.00184000
v 0.00085400 0.02260000 0.00201300
v 0.00087200 0.02260000 0.00186500
v 0.00089300 0.02260000 0.00190100
v 0.00089600 0.02260000 0.00194300
v 0.00088300 0.02260000 0.00198200
v 0.00081100 0.02320000 0.00073800
v 0.00083900 0.02320000 0.00184000
v 0.00085400 0.02320000 0.00201300
v 0.00087200 0.02320000 0.00186500
v 0.00089300 0.02320000 0.00190100
v 0.00089600 0.02320000 0.00194300
v 0.00088300 0.02320000 0.00198200
v 0.00102400 0.02250000 0.00090300
v 0.00120300 0.02250000 0.00110400
v 0.00102400 0.02320000 0.00090300
v 0.00120300 0.02320000 0.00110400
v 0.00084100 0.02250000 0.00324200
v 0.00084100 0.02320000 0.00324200
v 0.00104900 0.02250000 0.00307200
v 0.00122400 0.02250000 0.00286700
v 0.00104900 0.02320000 0.00307200
v 0.00122400 0.02320000 0.00286700
v 0.00150000 0.01974600 0.00250000
v 0.00130000 0.01978500 0.00350000
v 0.00150000 0.01974600 0.00330000
v 0.00130000 0.02160800 -0.00050000
v 0.00130400 0.02180900 -0.00030000
v 0.00150000 0.02153800 -0.00030000
v 0.00130400 0.02180900 0.00050000
v 0.00134257 0.02175567 0.00050000
v 0.00150000 0.02153800 0.00050000
v 0.00200000 0.02168500 0.00050000
v 0.00194660 0.02169286 0.00054541
v 0.00194021 0.02169408 0.00056492
v 0.00196906 0.02168869 0.00051180
v 0.00196272 0.02168985 0.00051808
v 0.00197342 0.02168786 0.00050000
v 0.00205000 0.02167400 0.00050000
v 0.00200000 0.02229800 0.00050000
v 0.00205000 0.02208300 0.00050000
v 0.00150000 0.02175617 0.00250000
v 0.00150000 0.02175008 0.00257492
v 0.00130000 0.02175633 0.00350000
v 0.00150000 0.02173875 0.00275000
v 0.00150000 0.02173406 0.00276901
v 0.00150000 0.02173418 0.00330000
v 0.00134400 0.02250000 0.00133300
v 0.00144100 0.02250000 0.00158400
v 0.00149200 0.02250000 0.00184800
v 0.00145100 0.02250000 0.00238200
v 0.00149500 0.02250000 0.00211700
v 0.00134400 0.02320000 0.00133300
v 0.00144100 0.02320000 0.00158400
v 0.00149200 0.02320000 0.00184800
v 0.00145100 0.02320000 0.00238200
v 0.00149500 0.02320000 0.00211700
v 0.00135900 0.02250000 0.00263500
v 0.00135900 0.02320000 0.00263500
v 0.00196664 0.02169007 0.00080313
v 0.00200000 0.02168500 0.00250000
v 0.00195306 0.02169218 0.00247959
v 0.00195447 0.02169191 0.00247220
v 0.00195435 0.02169193 0.00248916
v 0.00196270 0.02169031 0.00250000
v 0.00195886 0.02169105 0.00249756
v 0.00205200 0.02167300 0.00250000
v 0.00205000 0.02228800 0.00070000
v 0.00200000 0.02229800 0.00250000
v 0.00205000 0.02208300 0.00250000
v 0.00205000 0.02228800 0.00230000
v 0.00205400 0.02167300 0.00350000
v 0.00250000 0.01646300 0.00056700
v 0.00250000 0.01648500 0.00127800
v 0.00364800 0.01788000 0.00070000
v 0.00364800 0.01788000 0.00230000
v 0.00313800 0.01842000 0.00050000
v 0.00304500 0.01824300 0.00070000
v 0.00304500 0.01824300 0.00230000
v 0.00313800 0.01842000 0.00250000
v 0.00433700 0.01760600 0.00050000
v 0.00486400 0.01710800 0.00050000
v 0.00386400 0.01695900 0.00350000
v 0.00420800 0.01745400 0.00070000
v 0.00420800 0.01745400 0.00230000
v 0.00433700 0.01760600 0.00250000
v 0.00471900 0.01697000 0.00070000
v 0.00471900 0.01697000 0.00230000
v 0.00486400 0.01710800 0.00250000
v 0.00376000 0.01804600 0.00050000
v 0.00376000 0.01804600 0.00250000
v 0.00360800 0.02161200 0.00050000
v 0.00309000 0.02201100 0.00250000
v 0.00368100 0.02179800 0.00070000
v 0.00360800 0.02161200 0.00250000
v 0.00368100 0.02179800 0.00230000
v 0.00400900 0.02100200 0.00250000
v 0.00400900 0.02100200 0.00350000
v 0.00000000 0.01825000 0.01721600
v 0.00249500 0.01768100 0.01721600
v 0.00127900 0.01810600 0.01721600
v 0.00358500 0.01699600 0.01721600
v 0.00608100 0.00968700 0.00050000
v 0.00589900 0.00977100 0.00070000
v 0.00589900 0.00977100 0.00230000
v 0.00608100 0.00968700 0.00250000
v 0.00616000 0.01042500 0.00070000
v 0.00616000 0.01042500 0.00230000
v 0.00566100 0.01083800 0.00350000
v 0.00590000 0.01250000 0.00350000
v 0.00634900 0.01036100 0.00050000
v 0.00654300 0.01106000 0.00050000
v 0.00634900 0.01036100 0.00250000
v 0.00654300 0.01106000 0.00250000
v 0.00666100 0.01177600 0.00050000
v 0.00670000 0.01250000 0.00050000
v 0.00634800 0.01110300 0.00070000
v 0.00634800 0.01110300 0.00230000
v 0.00646200 0.01179700 0.00070000
v 0.00646200 0.01179700 0.00230000
v 0.00666100 0.01177600 0.00250000
v 0.00650000 0.01250000 0.00070000
v 0.00650000 0.01250000 0.00230000
v 0.00670000 0.01250000 0.00250000
v 0.00566100 0.01416200 0.00350000
v 0.00608100 0.01531300 0.00050000
v 0.00574100 0.01595400 0.00050000
v 0.00557000 0.01585100 0.00070000
v 0.00557000 0.01585100 0.00230000
v 0.00589900 0.01522900 0.00070000
v 0.00589900 0.01522900 0.00230000
v 0.00616000 0.01457500 0.00070000
v 0.00616000 0.01457500 0.00230000
v 0.00608100 0.01531300 0.00250000
v 0.00574100 0.01595400 0.00250000
v 0.00666100 0.01322400 0.00050000
v 0.00654300 0.01394000 0.00050000
v 0.00646200 0.01320300 0.00070000
v 0.00646200 0.01320300 0.00230000
v 0.00666100 0.01322400 0.00250000
v 0.00634800 0.01389700 0.00070000
v 0.00634800 0.01389700 0.00230000
v 0.00654300 0.01394000 0.00250000
v 0.00634900 0.01463900 0.00050000
v 0.00634900 0.01463900 0.00250000
v 0.00922800 0.01070800 0.00250000
v 0.00922800 0.01070800 0.00350000
v 0.00980000 0.01250000 0.00050000
v 0.00939600 0.01276800 0.00250000
v 0.01000000 0.01250000 0.00070000
v 0.00980000 0.01250000 0.00250000
v 0.01000000 0.01250000 0.00230000
v 0.01000000 0.01250000 0.00250000
v 0.00939600 0.01276800 0.00350000
v 0.00965800 0.01416300 0.00050000
v 0.00965800 0.01416300 0.00250000
v 0.00985500 0.01419700 0.00070000
v 0.00985500 0.01419700 0.00230000
v 0.00923500 0.01577800 0.00050000
v 0.00911000 0.01481500 0.00250000
v 0.00911000 0.01481500 0.00350000
v 0.00923500 0.01577800 0.00250000
v 0.00978100 0.01457900 0.00250000
v 0.00942400 0.01584500 0.00070000
v 0.00942400 0.01584500 0.00230000
v 0.00518100 0.01000500 0.01721600
v 0.00560600 0.01122100 0.01721600
v 0.00575000 0.01250000 0.01721600
v 0.00560600 0.01377900 0.01721600
v 0.00518100 0.01499500 0.01721600
v 0.00533400 0.01655500 0.00050000
v 0.00517500 0.01643400 0.00070000
v 0.00517500 0.01643400 0.00230000
v 0.00533400 0.01655500 0.00250000
v 0.00725300 0.01848000 0.00250000
v 0.00725300 0.01848000 0.00350000
v 0.00510200 0.02086700 0.00050000
v 0.00510200 0.02086700 0.00250000
v 0.00520600 0.02103800 0.00070000
v 0.00500000 0.02116000 0.00250000
v 0.00520600 0.02103800 0.00230000
v 0.00577100 0.01992000 0.00250000
v 0.00577100 0.01992000 0.00350000
v 0.00644800 0.01988000 0.00050000
v 0.00644800 0.01988000 0.00250000
v 0.00657900 0.02003100 0.00070000
v 0.00669100 0.01993100 0.00250000
v 0.00657900 0.02003100 0.00230000
v 0.00854500 0.01729800 0.00050000
v 0.00838400 0.01675000 0.00250000
v 0.00838400 0.01675000 0.00350000
v 0.00872000 0.01739600 0.00070000
v 0.00854500 0.01729800 0.00250000
v 0.00872000 0.01739600 0.00230000
v 0.00760700 0.01867900 0.00050000
v 0.00776200 0.01880500 0.00070000
v 0.00760700 0.01867900 0.00250000
v 0.00776200 0.01880500 0.00230000
v 0.00809000 0.01837800 0.00250000
v 0.00913500 0.01656700 0.00250000
v 0.00000000 0.01250000 0.03371600
v 0.00496300 0.01569000 0.03100000
v 0.00449600 0.01608500 0.03371600
v 0.00084000 0.01834000 0.03100000
v 0.00000000 0.01825000 0.03371600
v 0.00032900 0.01899200 0.03400000
v 0.00032900 0.01899200 0.03500000
v 0.00245100 0.01786700 0.03100000
v 0.00249500 0.01768100 0.03371600
v 0.00127900 0.01810600 0.03371600
v 0.00162900 0.01879300 0.03400000
v 0.00162900 0.01879300 0.03500000
v 0.00070000 0.02036900 0.03350000
v 0.00070000 0.02036900 0.03390000
v 0.00070000 0.02131900 0.03255400
v 0.00072000 0.02096900 0.03400000
v 0.00072000 0.02096900 0.03500000
v 0.00070000 0.02131900 0.03390000
v 0.00000000 0.02190000 0.03100000
v 0.00000000 0.02190000 0.03200000
v 0.00033479 0.02186300 0.03200000
v 0.00000000 0.02190000 0.03390000
v 0.00000000 0.02190000 0.03500000
v 0.00000000 0.02250000 0.03200000
v 0.00000000 0.02250000 0.03500000
v 0.00083300 0.02186300 0.03200000
v 0.00087100 0.02169500 0.03216300
v 0.00074500 0.02152600 0.03234400
v 0.00105600 0.02179800 0.03204300
v 0.00115900 0.02181700 0.03201100
v 0.00074500 0.02152600 0.03390000
v 0.00087100 0.02169500 0.03390000
v 0.00105600 0.02179800 0.03390000
v 0.00112900 0.02183200 0.03500000
v 0.00104500 0.02244500 0.03200000
v 0.00120500 0.02242700 0.03500000
v 0.00214000 0.02072600 0.03400000
v 0.00214000 0.02072600 0.03500000
v 0.00205400 0.02167300 0.03100000
v 0.00126700 0.02181400 0.03200000
v 0.00167800 0.02174900 0.03200000
v 0.00126700 0.02181400 0.03390000
v 0.00167800 0.02174900 0.03500000
v 0.00133777 0.02238287 0.03200000
v 0.00173600 0.02234800 0.03200000
v 0.00173600 0.02234800 0.03500000
v 0.00188632 0.02169153 0.03200000
v 0.00205400 0.02167300 0.03200000
v 0.00246558 0.02153173 0.03200000
v 0.00224100 0.02162900 0.03500000
v 0.00239300 0.02220900 0.03500000
v 0.00000000 0.02050000 0.03640000
v 0.00000000 0.02050000 0.03700000
v 0.00000000 0.02093300 0.03633100
v 0.00000000 0.02101800 0.03693200
v 0.00000000 0.02132300 0.03613300
v 0.00096000 0.02044200 0.03640000
v 0.00096400 0.02044200 0.03700000
v 0.00101200 0.02087200 0.03633100
v 0.00102700 0.02095600 0.03693200
v 0.00105900 0.02125900 0.03613300
v 0.00108500 0.02143400 0.03673200
v 0.00000000 0.02163300 0.03582300
v 0.00000000 0.02183100 0.03543300
v 0.00000000 0.02150000 0.03673200
v 0.00000000 0.02223200 0.03600000
v 0.00000000 0.02191400 0.03641400
v 0.00000000 0.02243200 0.03551800
v 0.00109600 0.02156700 0.03582300
v 0.00112000 0.02176400 0.03543300
v 0.00113500 0.02184600 0.03641400
v 0.00117300 0.02216100 0.03600000
v 0.00119700 0.02235900 0.03551800
v 0.00190700 0.02026900 0.03640000
v 0.00191500 0.02026800 0.03700000
v 0.00201000 0.02069000 0.03633100
v 0.00203800 0.02077000 0.03693200
v 0.00217700 0.02136900 0.03582300
v 0.00210300 0.02106900 0.03613300
v 0.00215400 0.02123800 0.03673200
v 0.00222400 0.02156200 0.03543300
v 0.00225300 0.02164100 0.03641400
v 0.00232900 0.02194900 0.03600000
v 0.00237700 0.02214300 0.03551800
v 0.00358500 0.01699600 0.03371600
v 0.00300000 0.01826600 0.03200000
v 0.00286300 0.01833600 0.03400000
v 0.00300000 0.01826600 0.03400000
v 0.00286300 0.01833600 0.03500000
v 0.00300000 0.01899400 0.03200000
v 0.00300000 0.01899400 0.03400000
v 0.00343800 0.01916600 0.03200000
v 0.00343800 0.01916600 0.03400000
v 0.00386400 0.01695900 0.03100000
v 0.00397900 0.01764000 0.03200000
v 0.00397900 0.01764000 0.03500000
v 0.00493200 0.01673400 0.03200000
v 0.00493200 0.01673400 0.03500000
v 0.00419000 0.01886800 0.03400000
v 0.00419000 0.01886800 0.03500000
v 0.00401800 0.01970100 0.03400000
v 0.00401800 0.01970100 0.03500000
v 0.00408700 0.01932300 0.03400000
v 0.00408700 0.01932300 0.03500000
v 0.00451900 0.01848600 0.03200000
v 0.00495900 0.01812700 0.03200000
v 0.00495900 0.01812700 0.03300000
v 0.00448800 0.01850900 0.03400000
v 0.00448800 0.01850900 0.03500000
v 0.00451900 0.01848600 0.03500000
v 0.00370400 0.01959100 0.03640000
v 0.00371800 0.01958400 0.03700000
v 0.00452900 0.01909500 0.03640000
v 0.00477300 0.01945100 0.03633100
v 0.00483900 0.01951000 0.03693200
v 0.00454500 0.01908400 0.03700000
v 0.00349800 0.02024700 0.03400000
v 0.00349800 0.02024700 0.03500000
v 0.00330200 0.02130100 0.03200000
v 0.00371030 0.02110452 0.03200000
v 0.00332100 0.02129400 0.03500000
v 0.00262908 0.02210882 0.03200000
v 0.00309000 0.02201100 0.03200000
v 0.00342000 0.02189700 0.03200000
v 0.00323416 0.02194677 0.03200000
v 0.00342000 0.02189700 0.03500000
v 0.00354600 0.02185000 0.03500000
v 0.00400900 0.02100200 0.03100000
v 0.00381100 0.02002400 0.03400000
v 0.00381100 0.02002400 0.03500000
v 0.00400900 0.02100200 0.03200000
v 0.00431923 0.02081150 0.03200000
v 0.00435200 0.02083200 0.03500000
v 0.00481900 0.02057100 0.03200000
v 0.00481900 0.02057100 0.03500000
v 0.00464700 0.02135500 0.03500000
v 0.00282600 0.01998400 0.03640000
v 0.00297900 0.02038900 0.03633100
v 0.00302000 0.02046400 0.03693200
v 0.00283700 0.01998000 0.03700000
v 0.00311700 0.02075400 0.03613300
v 0.00319100 0.02091500 0.03673200
v 0.00322600 0.02104400 0.03582300
v 0.00329600 0.02123000 0.03543300
v 0.00333800 0.02130200 0.03641400
v 0.00345100 0.02160000 0.03600000
v 0.00352200 0.02178600 0.03551800
v 0.00390400 0.01997400 0.03633100
v 0.00395800 0.02004200 0.03693200
v 0.00422900 0.02059500 0.03582300
v 0.00408500 0.02032000 0.03613300
v 0.00418300 0.02046900 0.03673200
v 0.00432100 0.02077100 0.03543300
v 0.00499400 0.01977300 0.03613300
v 0.00437500 0.02083600 0.03641400
v 0.00452300 0.02111700 0.03600000
v 0.00461600 0.02129400 0.03551800
v 0.00566100 0.01083800 0.03100000
v 0.00518100 0.01000500 0.03371600
v 0.00620200 0.01055400 0.03200000
v 0.00620200 0.01055400 0.03500000
v 0.00590000 0.01250000 0.03100000
v 0.00560600 0.01122100 0.03371600
v 0.00575000 0.01250000 0.03371600
v 0.00686900 0.00948900 0.03400000
v 0.00686900 0.00948900 0.03500000
v 0.00728100 0.01070000 0.03400000
v 0.00728100 0.01070000 0.03500000
v 0.00646700 0.01184200 0.03200000
v 0.00646700 0.01184200 0.03500000
v 0.00745700 0.01170000 0.03200000
v 0.00745700 0.01170000 0.03500000
v 0.00730000 0.01130000 0.03640000
v 0.00749000 0.01149000 0.03636300
v 0.00566100 0.01416200 0.03100000
v 0.00560600 0.01377900 0.03371600
v 0.00620200 0.01444600 0.03200000
v 0.00620200 0.01444600 0.03500000
v 0.00518100 0.01499500 0.03371600
v 0.00568300 0.01565400 0.03200000
v 0.00568300 0.01565400 0.03500000
v 0.00646700 0.01315800 0.03200000
v 0.00646700 0.01315800 0.03500000
v 0.00745700 0.01330000 0.03200000
v 0.00745700 0.01330000 0.03500000
v 0.00728100 0.01430000 0.03200000
v 0.00728100 0.01430000 0.03500000
v 0.00687000 0.01550900 0.03300000
v 0.00687000 0.01550900 0.03500000
v 0.00698300 0.01523500 0.03200000
v 0.00698300 0.01523500 0.03300000
v 0.00691700 0.01567100 0.03200000
v 0.00691700 0.01567100 0.03300000
v 0.00704400 0.01609300 0.03200000
v 0.00704400 0.01609300 0.03300000
v 0.00749000 0.01351000 0.03636300
v 0.00730000 0.01370000 0.03640000
v 0.00746600 0.01537300 0.03640000
v 0.00748000 0.01533700 0.03700000
v 0.00706700 0.01624900 0.03640000
v 0.00708400 0.01621800 0.03700000
v 0.00750000 0.01070000 0.03200000
v 0.00750000 0.01070000 0.03400000
v 0.00860200 0.01070000 0.03200000
v 0.00860200 0.01070000 0.03500000
v 0.00780000 0.01180000 0.03300000
v 0.00750000 0.01250000 0.03200000
v 0.00750000 0.01250000 0.03500000
v 0.00860200 0.01170000 0.03200000
v 0.00860200 0.01170000 0.03500000
v 0.00922800 0.01070800 0.03100000
v 0.00922800 0.01070800 0.03200000
v 0.00939600 0.01276800 0.03100000
v 0.00880000 0.01180000 0.03200000
v 0.00890000 0.01180000 0.03200000
v 0.00915000 0.01173300 0.03200000
v 0.00933300 0.01155000 0.03200000
v 0.00929941 0.01158359 0.03200000
v 0.00890000 0.01180000 0.03500000
v 0.00936200 0.01149100 0.03500000
v 0.00909100 0.01176200 0.03500000
v 0.00915000 0.01173300 0.03500000
v 0.00925400 0.01165400 0.03500000
v 0.00933300 0.01155000 0.03500000
v 0.00940000 0.01130000 0.03200000
v 0.00940000 0.01130000 0.03500000
v 0.00939600 0.01276800 0.03200000
v 0.01000000 0.01250000 0.03200000
v 0.01000000 0.01250000 0.03500000
v 0.00780000 0.01180000 0.03590000
v 0.00779000 0.01179000 0.03599800
v 0.00755000 0.01155000 0.03633300
v 0.00773300 0.01173300 0.03615000
v 0.00800000 0.01130000 0.03640000
v 0.00800000 0.01149100 0.03636200
v 0.00800000 0.01180000 0.03590000
v 0.00800000 0.01155000 0.03633300
v 0.00800000 0.01165400 0.03625400
v 0.00800000 0.01176200 0.03609100
v 0.00800000 0.01173300 0.03615000
v 0.00800000 0.01250000 0.03700000
v 0.00843300 0.01130000 0.03633100
v 0.00842100 0.01149100 0.03629500
v 0.00827800 0.01180000 0.03585600
v 0.00838700 0.01165400 0.03619200
v 0.00833700 0.01176200 0.03603800
v 0.00853600 0.01130000 0.03629300
v 0.00852900 0.01180000 0.03572800
v 0.00873700 0.01165400 0.03601400
v 0.00872800 0.01180000 0.03552900
v 0.00864100 0.01176200 0.03588300
v 0.00851800 0.01250000 0.03693200
v 0.00899000 0.01130000 0.03599000
v 0.00882300 0.01130000 0.03613300
v 0.00880100 0.01149100 0.03610200
v 0.00885600 0.01180000 0.03527800
v 0.00888300 0.01176200 0.03564100
v 0.00901400 0.01165400 0.03573700
v 0.00903800 0.01176200 0.03533700
v 0.00913300 0.01130000 0.03582300
v 0.00910200 0.01149100 0.03580100
v 0.00929300 0.01130000 0.03553600
v 0.00929500 0.01149100 0.03542100
v 0.00933100 0.01130000 0.03543300
v 0.00919200 0.01165400 0.03538700
v 0.00876500 0.01250000 0.03684800
v 0.00900000 0.01250000 0.03673200
v 0.00941400 0.01250000 0.03641400
v 0.00973200 0.01250000 0.03600000
v 0.00993200 0.01250000 0.03551800
v 0.00984800 0.01250000 0.03576500
v 0.00780000 0.01320000 0.03300000
v 0.00860200 0.01330000 0.03200000
v 0.00860200 0.01330000 0.03500000
v 0.00860200 0.01430000 0.03200000
v 0.00860200 0.01430000 0.03500000
v 0.00880000 0.01320000 0.03200000
v 0.00881900 0.01320000 0.03200000
v 0.00902600 0.01324500 0.03200000
v 0.00919500 0.01337100 0.03200000
v 0.00928833 0.01353863 0.03200000
v 0.00929800 0.01355600 0.03200000
v 0.00881900 0.01320000 0.03500000
v 0.00902600 0.01324500 0.03500000
v 0.00919500 0.01337100 0.03500000
v 0.00929800 0.01355600 0.03500000
v 0.00931400 0.01376700 0.03200000
v 0.00916631 0.01441196 0.03200000
v 0.00931400 0.01376700 0.03500000
v 0.00979712 0.01442599 0.03200000
v 0.00984800 0.01423600 0.03200000
v 0.00992700 0.01370500 0.03500000
v 0.00984800 0.01423600 0.03500000
v 0.00911000 0.01481500 0.03100000
v 0.00901766 0.01506110 0.03200000
v 0.00893800 0.01540900 0.03200000
v 0.00911000 0.01481500 0.03200000
v 0.00893800 0.01540900 0.03500000
v 0.00911500 0.01479800 0.03500000
v 0.00877300 0.01587600 0.03500000
v 0.00935000 0.01604600 0.03500000
v 0.00963961 0.01501412 0.03200000
v 0.00978100 0.01457900 0.03200000
v 0.00970900 0.01489300 0.03500000
v 0.00939700 0.01592000 0.03200000
v 0.00939700 0.01592000 0.03500000
v 0.00780000 0.01320000 0.03590000
v 0.00779000 0.01321000 0.03599800
v 0.00755000 0.01345000 0.03633300
v 0.00765000 0.01335000 0.03625800
v 0.00773300 0.01326700 0.03615000
v 0.00790900 0.01320000 0.03590000
v 0.00811800 0.01320000 0.03587600
v 0.00790900 0.01323800 0.03609100
v 0.00790900 0.01326700 0.03615000
v 0.00790900 0.01334600 0.03625400
v 0.00790900 0.01345000 0.03633300
v 0.00790900 0.01350900 0.03636200
v 0.00794200 0.01346400 0.03700000
v 0.00775700 0.01445600 0.03640000
v 0.00790900 0.01370000 0.03640000
v 0.00776800 0.01441500 0.03700000
v 0.00822400 0.01320000 0.03584500
v 0.00839800 0.01320000 0.03575900
v 0.00816200 0.01324000 0.03606600
v 0.00829200 0.01324000 0.03603000
v 0.00819900 0.01335200 0.03622600
v 0.00822400 0.01352000 0.03633100
v 0.00834800 0.01335500 0.03618500
v 0.00838500 0.01352600 0.03628500
v 0.00848700 0.01320000 0.03569500
v 0.00850500 0.01324200 0.03592800
v 0.00868600 0.01320000 0.03546900
v 0.00862300 0.01320000 0.03555800
v 0.00861400 0.01324200 0.03585200
v 0.00872000 0.01336300 0.03598100
v 0.00845600 0.01352700 0.03693200
v 0.00859400 0.01336000 0.03606900
v 0.00865000 0.01353500 0.03615800
v 0.00823100 0.01371700 0.03636300
v 0.00839500 0.01372500 0.03631400
v 0.00827000 0.01453800 0.03693200
v 0.00866400 0.01373800 0.03618100
v 0.00787000 0.01552800 0.03633100
v 0.00796400 0.01552000 0.03693200
v 0.00817700 0.01456200 0.03633100
v 0.00855500 0.01465700 0.03613300
v 0.00873800 0.01465400 0.03673200
v 0.00823400 0.01566800 0.03613300
v 0.00841500 0.01569100 0.03673200
v 0.00852300 0.01578000 0.03582300
v 0.00870900 0.01585100 0.03543300
v 0.00876800 0.01320000 0.03529600
v 0.00879800 0.01320000 0.03519000
v 0.00878200 0.01324300 0.03568500
v 0.00886000 0.01324400 0.03557600
v 0.00896300 0.01324400 0.03536400
v 0.00900000 0.01324500 0.03523400
v 0.00891400 0.01336600 0.03579000
v 0.00900400 0.01336800 0.03566500
v 0.00899500 0.01354700 0.03585500
v 0.00878600 0.01354000 0.03606300
v 0.00893400 0.01358500 0.03673200
v 0.00912300 0.01337000 0.03542000
v 0.00916600 0.01337100 0.03527000
v 0.00909200 0.01355000 0.03571900
v 0.00926600 0.01355500 0.03529200
v 0.00921900 0.01355400 0.03545400
v 0.00934600 0.01363500 0.03641400
v 0.00901100 0.01375400 0.03586800
v 0.00880200 0.01374400 0.03608100
v 0.00910800 0.01375800 0.03572900
v 0.00928200 0.01376600 0.03529600
v 0.00923600 0.01376400 0.03546000
v 0.00966100 0.01367300 0.03600000
v 0.00985900 0.01369700 0.03551800
v 0.00885600 0.01473300 0.03582300
v 0.00904800 0.01478100 0.03543300
v 0.00914100 0.01475300 0.03641400
v 0.00880200 0.01583800 0.03641400
v 0.00910000 0.01595100 0.03600000
v 0.00928600 0.01602200 0.03551800
v 0.00944900 0.01482900 0.03600000
v 0.00964300 0.01487700 0.03551800
v 0.00534600 0.01791500 0.03200000
v 0.00534600 0.01791500 0.03300000
v 0.00546900 0.01763300 0.03300000
v 0.00546900 0.01763300 0.03500000
v 0.00578600 0.01789100 0.03200000
v 0.00578600 0.01789100 0.03300000
v 0.00619400 0.01805800 0.03200000
v 0.00619400 0.01805800 0.03300000
v 0.00618200 0.01958100 0.03200000
v 0.00618200 0.01958100 0.03500000
v 0.00621300 0.01955400 0.03500000
v 0.00626000 0.01663100 0.03300000
v 0.00626000 0.01663100 0.03500000
v 0.00734100 0.01641900 0.03200000
v 0.00734100 0.01641900 0.03300000
v 0.00725300 0.01848000 0.03100000
v 0.00701600 0.01875600 0.03200000
v 0.00706203 0.01866556 0.03200000
v 0.00725300 0.01848000 0.03200000
v 0.00701600 0.01875600 0.03320000
v 0.00701500 0.01875700 0.03500000
v 0.00734700 0.01836400 0.03320000
v 0.00734700 0.01836400 0.03500000
v 0.00690073 0.01969818 0.03200000
v 0.00746608 0.01907060 0.03200000
v 0.00748500 0.01913100 0.03500000
v 0.00597000 0.01782500 0.03640000
v 0.00598800 0.01780500 0.03700000
v 0.00528800 0.01850300 0.03640000
v 0.00557400 0.01882800 0.03633100
v 0.00530500 0.01848800 0.03700000
v 0.00564800 0.01887600 0.03693200
v 0.00583100 0.01912100 0.03613300
v 0.00596800 0.01923700 0.03673200
v 0.00603600 0.01935300 0.03582300
v 0.00616800 0.01950300 0.03543300
v 0.00624300 0.01954700 0.03641400
v 0.00656600 0.01707000 0.03640000
v 0.00658400 0.01704500 0.03700000
v 0.00745000 0.01645100 0.03633100
v 0.00692100 0.01731700 0.03633100
v 0.00701000 0.01733900 0.03693200
v 0.00724200 0.01754000 0.03613300
v 0.00749600 0.01771700 0.03582300
v 0.00740700 0.01761300 0.03673200
v 0.00629300 0.01811300 0.03633100
v 0.00637600 0.01814800 0.03693200
v 0.00658400 0.01837300 0.03613300
v 0.00681500 0.01857900 0.03582300
v 0.00673700 0.01846800 0.03673200
v 0.00696400 0.01871200 0.03543300
v 0.00704700 0.01874300 0.03641400
v 0.00728500 0.01895400 0.03600000
v 0.00743400 0.01908600 0.03551800
v 0.00577100 0.01992000 0.03100000
v 0.00541047 0.02014140 0.03200000
v 0.00532100 0.02024900 0.03500000
v 0.00500000 0.02116000 0.03200000
v 0.00500000 0.02116000 0.03500000
v 0.00577100 0.01992000 0.03200000
v 0.00593599 0.01975969 0.03200000
v 0.00568100 0.02073000 0.03500000
v 0.00642800 0.02016000 0.03200000
v 0.00669100 0.01993100 0.03200000
v 0.00657935 0.02001215 0.03200000
v 0.00642800 0.02016000 0.03500000
v 0.00663100 0.01998500 0.03500000
v 0.00517000 0.02002900 0.03582300
v 0.00511300 0.01990700 0.03673200
v 0.00528200 0.02019200 0.03543300
v 0.00552800 0.02050900 0.03600000
v 0.00534800 0.02024800 0.03641400
v 0.00564200 0.02067400 0.03551800
v 0.00645400 0.01978500 0.03600000
v 0.00658600 0.01993400 0.03551800
v 0.00838400 0.01675000 0.03100000
v 0.00771500 0.01787000 0.03500000
v 0.00820475 0.01702419 0.03200000
v 0.00827800 0.01695400 0.03200000
v 0.00832960 0.01683322 0.03200000
v 0.00838400 0.01675000 0.03200000
v 0.00852006 0.01638735 0.03200000
v 0.00827700 0.01695500 0.03320000
v 0.00827600 0.01695800 0.03500000
v 0.00830400 0.01690500 0.03500000
v 0.00867932 0.01735670 0.03200000
v 0.00872956 0.01726964 0.03200000
v 0.00872400 0.01738800 0.03200000
v 0.00872400 0.01738800 0.03300000
v 0.00866000 0.01750000 0.03320000
v 0.00866000 0.01750000 0.03500000
v 0.00809000 0.01837800 0.03200000
v 0.00811447 0.01833559 0.03200000
v 0.00802709 0.01844783 0.03200000
v 0.00753361 0.01899563 0.03200000
v 0.00757700 0.01902600 0.03200000
v 0.00751100 0.01910200 0.03200000
v 0.00757700 0.01902600 0.03300000
v 0.00751100 0.01910200 0.03320000
v 0.00766000 0.01892800 0.03320000
v 0.00766000 0.01892800 0.03500000
v 0.00819200 0.01823600 0.03200000
v 0.00819200 0.01823600 0.03300000
v 0.00823000 0.01818100 0.03500000
v 0.00899378 0.01681173 0.03200000
v 0.00921305 0.01632682 0.03200000
v 0.00913500 0.01656700 0.03200000
v 0.00877300 0.01730000 0.03200000
v 0.00877300 0.01730000 0.03320000
v 0.00885500 0.01714700 0.03500000
v 0.00754200 0.01645800 0.03693200
v 0.00779400 0.01663400 0.03613300
v 0.00796900 0.01668300 0.03673200
v 0.00806800 0.01677900 0.03582300
v 0.00765900 0.01783100 0.03543300
v 0.00774800 0.01784800 0.03641400
v 0.00824400 0.01687200 0.03543300
v 0.00833600 0.01687500 0.03641400
v 0.00861700 0.01702300 0.03600000
v 0.00800900 0.01802800 0.03600000
v 0.00817400 0.01814200 0.03551800
v 0.00879400 0.01711600 0.03551800
f 1 10 2
f 3 5 6
f 4 3 6
f 4 9 1
f 4 6 9
f 5 7 6
f 5 436 8
f 5 8 7
f 8 435 437
f 1 9 10
f 8 437 447
f 8 447 11
f 11 447 12
f 2 10 970
f 12 447 825
f 12 825 16
f 16 825 17
f 10 13 970
f 13 14 969
f 14 15 968
f 15 17 18
f 14 968 969
f 15 18 968
f 18 17 19
f 17 825 19
f 4 1 1098
f 1 2 1102
f 4 1098 1111
f 1 1102 1098
f 4 1111 3
f 3 1110 5
f 6 7 1125
f 7 8 1126
f 6 1130 9
f 9 1133 10
f 8 11 1128
f 11 12 1135
f 12 16 1136
f 3 1111 1110
f 5 1110 1115
f 7 1126 1125
f 5 1115 1283
f 8 1128 1126
f 6 1125 1130
f 9 1130 1133
f 10 1133 1205
f 11 1135 1128
f 12 1136 1135
f 10 1205 13
f 13 1206 14
f 14 1207 15
f 16 17 1208
f 15 1209 17
f 18 19 1214
f 18 2206 968
f 19 825 2126
f 13 1205 1206
f 14 1206 1207
f 16 1208 1136
f 17 1209 1208
f 15 1207 1209
f 18 1214 2206
f 19 1218 1214
f 19 2126 1218
f 20 33 55
f 30 33 20
f 30 20 22
f 20 24 22
f 20 55 21
f 20 21 24
f 30 22 38
f 38 22 95
f 22 23 96
f 22 96 95
f 23 52 96
f 22 24 23
f 24 47 23
f 24 21 44
f 25 26 27
f 25 60 26
f 25 58 60
f 28 29 27
f 28 102 29
f 28 27 26
f 28 26 110
f 33 31 34
f 33 34 71
f 34 36 72
f 35 74 36
f 30 31 33
f 32 35 36
f 34 37 36
f 31 37 34
f 32 36 37
f 30 39 31
f 32 37 40
f 31 138 37
f 30 38 39
f 31 39 138
f 40 37 138
f 24 46 47
f 24 48 46
f 24 44 42
f 21 45 44
f 21 75 41
f 25 44 58
f 41 44 45
f 58 44 41
f 24 42 43
f 25 43 42
f 25 48 43
f 25 27 46
f 25 46 48
f 25 42 44
f 21 41 297
f 21 297 45
f 41 45 54
f 23 47 50
f 49 50 27
f 27 47 46
f 50 47 27
f 23 51 52
f 23 49 51
f 49 27 29
f 49 29 51
f 29 52 51
f 23 50 164
f 23 164 49
f 43 48 53
f 24 43 151
f 24 151 48
f 43 53 146
f 48 151 53
f 45 297 54
f 43 146 147
f 43 147 151
f 33 71 55
f 55 56 21
f 21 56 78
f 55 57 56
f 56 57 80
f 61 58 59
f 60 58 61
f 61 59 63
f 59 62 63
f 63 62 66
f 26 60 237
f 60 61 238
f 26 237 240
f 60 238 237
f 61 239 238
f 61 63 239
f 63 66 247
f 63 246 239
f 63 247 246
f 66 248 247
f 57 64 86
f 66 62 65
f 64 69 92
f 66 65 68
f 68 65 67
f 66 68 248
f 68 67 267
f 67 70 267
f 34 72 71
f 35 73 74
f 36 74 72
f 56 79 78
f 56 77 76
f 56 80 77
f 21 78 75
f 58 41 75
f 58 75 78
f 76 77 59
f 58 78 59
f 78 79 59
f 76 59 79
f 56 300 79
f 56 76 300
f 76 79 300
f 59 77 80
f 59 80 62
f 57 81 80
f 57 82 81
f 62 80 81
f 62 81 82
f 62 82 65
f 82 84 83
f 57 323 82
f 82 83 65
f 57 83 326
f 83 84 85
f 41 54 294
f 41 294 297
f 82 323 84
f 57 328 323
f 57 326 330
f 57 330 328
f 83 85 326
f 84 323 85
f 57 86 83
f 83 86 65
f 65 86 87
f 64 87 86
f 64 88 87
f 65 87 67
f 87 88 67
f 64 90 89
f 64 92 90
f 64 341 88
f 64 89 341
f 88 333 89
f 88 89 67
f 89 90 67
f 88 341 333
f 67 90 92
f 69 91 92
f 67 92 70
f 91 70 92
f 69 371 91
f 69 93 371
f 91 93 70
f 93 94 70
f 69 94 93
f 69 365 94
f 38 95 99
f 95 96 99
f 100 97 98
f 38 99 188
f 96 142 99
f 100 98 101
f 100 101 121
f 29 102 97
f 102 98 97
f 28 109 102
f 102 105 98
f 102 109 105
f 103 110 26
f 103 26 104
f 26 256 104
f 26 244 256
f 28 110 109
f 98 107 101
f 98 105 106
f 98 106 107
f 105 116 106
f 101 107 108
f 106 117 107
f 107 118 108
f 108 119 126
f 109 110 111
f 103 113 110
f 103 104 114
f 103 114 113
f 110 113 111
f 114 104 115
f 105 109 112
f 109 111 112
f 105 112 116
f 104 256 115
f 256 259 115
f 106 116 117
f 107 117 118
f 108 118 119
f 99 120 188
f 120 123 188
f 120 195 123
f 101 122 121
f 101 108 122
f 122 124 121
f 123 498 188
f 123 199 498
f 122 125 124
f 122 134 125
f 125 500 124
f 108 126 122
f 122 126 128
f 122 128 130
f 119 127 126
f 126 127 128
f 128 127 129
f 128 129 130
f 129 131 130
f 129 127 131
f 122 130 132
f 122 132 133
f 122 133 134
f 130 135 132
f 125 134 504
f 132 136 133
f 132 135 136
f 133 505 134
f 133 136 505
f 130 131 137
f 130 137 135
f 38 189 39
f 40 138 190
f 39 191 138
f 52 139 96
f 52 97 139
f 96 141 142
f 96 139 140
f 97 140 139
f 97 141 140
f 96 140 159
f 96 159 141
f 38 188 189
f 39 189 191
f 138 191 190
f 100 142 141
f 100 141 97
f 99 142 143
f 99 143 144
f 100 143 142
f 100 192 143
f 143 192 144
f 99 144 203
f 29 97 52
f 49 148 50
f 50 148 164
f 49 162 148
f 49 165 162
f 49 164 165
f 53 147 146
f 53 153 147
f 53 151 153
f 147 150 151
f 147 153 150
f 149 150 309
f 152 173 154
f 154 173 153
f 150 153 173
f 150 173 309
f 163 155 164
f 151 155 153
f 295 155 307
f 149 155 150
f 151 150 155
f 149 307 155
f 152 154 155
f 154 153 155
f 163 152 155
f 309 173 317
f 155 183 182
f 155 316 317
f 155 317 184
f 155 184 183
f 140 141 156
f 140 156 158
f 141 159 156
f 140 158 157
f 140 157 159
f 157 158 177
f 157 177 159
f 156 159 158
f 158 159 160
f 159 161 160
f 159 177 161
f 160 161 200
f 112 111 167
f 111 170 167
f 113 114 170
f 113 170 111
f 114 115 174
f 114 174 170
f 148 162 164
f 162 163 164
f 162 165 171
f 162 171 163
f 167 170 174
f 165 166 171
f 166 168 171
f 169 178 168
f 168 178 171
f 115 259 174
f 259 353 174
f 163 172 152
f 152 172 173
f 163 171 172
f 112 167 116
f 116 175 117
f 116 167 175
f 117 175 118
f 118 179 119
f 118 175 179
f 167 179 175
f 169 176 180
f 167 174 179
f 169 180 178
f 158 180 177
f 176 177 180
f 158 160 180
f 160 210 180
f 179 174 212
f 212 174 353
f 213 353 354
f 164 161 165
f 165 161 166
f 166 161 168
f 171 178 181
f 164 155 161
f 181 161 155
f 171 182 172
f 172 183 173
f 172 182 183
f 181 155 182
f 173 184 317
f 173 183 184
f 171 181 182
f 169 168 161
f 169 161 176
f 176 161 177
f 178 180 185
f 180 210 186
f 161 185 187
f 178 185 181
f 180 187 185
f 181 185 161
f 180 186 187
f 161 187 186
f 161 186 214
f 100 121 192
f 99 203 120
f 120 192 193
f 144 192 145
f 120 203 192
f 145 192 204
f 120 193 195
f 192 121 193
f 121 195 193
f 121 194 195
f 123 195 194
f 121 198 194
f 194 198 196
f 196 198 197
f 194 196 218
f 196 197 218
f 121 124 198
f 123 198 199
f 123 194 218
f 198 219 197
f 123 218 198
f 198 124 199
f 124 532 199
f 144 145 203
f 192 203 204
f 145 204 202
f 160 200 210
f 200 201 211
f 145 202 203
f 201 202 211
f 202 205 211
f 203 205 204
f 202 204 205
f 211 205 208
f 206 208 205
f 206 207 208
f 207 217 208
f 200 161 201
f 202 161 203
f 201 161 202
f 203 161 230
f 161 216 209
f 203 230 205
f 206 230 207
f 206 205 230
f 208 209 216
f 161 209 230
f 119 179 212
f 119 212 127
f 200 211 210
f 212 353 213
f 127 212 131
f 131 212 213
f 210 211 215
f 210 214 186
f 210 215 214
f 161 214 215
f 161 215 216
f 211 216 215
f 211 208 216
f 197 217 218
f 197 222 217
f 197 219 220
f 197 220 222
f 198 218 219
f 208 217 222
f 219 218 220
f 220 221 222
f 221 223 222
f 135 226 136
f 136 544 505
f 136 226 544
f 222 223 224
f 223 225 224
f 227 228 543
f 227 543 229
f 225 227 235
f 225 235 224
f 227 229 235
f 229 545 235
f 207 230 217
f 217 230 218
f 218 230 220
f 208 222 209
f 220 230 221
f 221 230 223
f 222 224 232
f 222 231 209
f 209 231 230
f 222 232 231
f 230 231 232
f 230 232 233
f 223 230 225
f 225 230 227
f 227 230 228
f 224 235 236
f 224 233 232
f 224 236 233
f 228 230 553
f 230 233 553
f 131 213 137
f 213 234 137
f 137 234 226
f 137 226 135
f 213 563 234
f 234 562 226
f 235 565 236
f 26 240 244
f 238 239 241
f 239 246 243
f 238 242 237
f 237 245 240
f 237 242 245
f 238 241 242
f 239 243 241
f 244 240 258
f 240 245 258
f 246 247 249
f 246 249 243
f 247 250 249
f 247 248 250
f 251 248 252
f 250 248 251
f 251 252 253
f 68 252 248
f 68 255 252
f 253 252 255
f 253 255 254
f 255 262 254
f 244 257 256
f 244 258 257
f 256 260 259
f 256 257 260
f 257 258 260
f 262 261 254
f 262 265 261
f 262 263 265
f 263 264 266
f 263 266 265
f 68 262 255
f 68 267 273
f 68 263 262
f 68 264 263
f 68 270 264
f 68 273 270
f 70 268 267
f 274 267 268
f 70 269 268
f 273 267 274
f 264 270 266
f 270 271 266
f 270 273 271
f 273 272 271
f 273 274 272
f 274 275 272
f 274 277 275
f 277 276 275
f 277 278 276
f 274 268 277
f 268 269 478
f 277 268 278
f 278 268 478
f 278 279 276
f 278 281 279
f 281 280 279
f 281 283 280
f 283 282 280
f 283 286 282
f 287 285 284
f 286 284 282
f 286 287 284
f 287 290 285
f 278 478 281
f 281 480 283
f 281 478 480
f 283 482 286
f 290 288 285
f 290 289 288
f 290 291 289
f 291 293 289
f 290 292 291
f 291 292 293
f 292 627 293
f 286 482 287
f 287 482 290
f 283 480 482
f 290 482 292
f 292 482 627
f 54 298 294
f 54 297 296
f 54 296 308
f 54 308 298
f 294 298 297
f 298 308 299
f 242 241 302
f 241 243 302
f 242 302 311
f 243 324 302
f 299 308 301
f 301 312 303
f 302 324 311
f 303 312 304
f 304 312 305
f 305 313 306
f 245 352 258
f 295 310 296
f 149 309 307
f 295 307 309
f 295 309 310
f 296 310 308
f 242 311 245
f 245 311 352
f 301 308 312
f 305 312 313
f 311 335 352
f 297 298 314
f 297 314 155
f 298 299 314
f 299 301 314
f 303 304 314
f 301 303 314
f 304 305 314
f 305 306 314
f 295 296 155
f 297 155 296
f 310 315 308
f 309 318 310
f 155 315 318
f 310 318 315
f 308 315 319
f 155 314 315
f 309 317 316
f 309 316 318
f 155 318 316
f 308 319 312
f 312 321 313
f 312 319 320
f 314 319 315
f 314 320 319
f 312 320 321
f 313 321 322
f 314 321 320
f 314 322 321
f 314 347 322
f 243 249 324
f 249 250 324
f 250 251 325
f 250 325 324
f 85 323 326
f 306 334 327
f 323 331 326
f 323 328 331
f 328 330 332
f 330 331 332
f 326 331 330
f 251 253 325
f 253 254 335
f 253 335 325
f 254 261 335
f 324 335 311
f 324 325 335
f 306 313 334
f 327 336 331
f 336 332 331
f 336 329 332
f 327 334 336
f 336 337 329
f 336 345 337
f 337 345 338
f 338 345 340
f 333 341 340
f 333 340 342
f 333 342 339
f 340 344 342
f 339 342 341
f 341 342 344
f 345 355 340
f 340 355 344
f 343 344 355
f 343 355 346
f 346 356 363
f 306 327 314
f 327 331 314
f 328 314 331
f 328 349 314
f 313 322 334
f 334 347 336
f 336 350 345
f 334 322 347
f 314 348 347
f 314 350 348
f 336 347 348
f 314 349 350
f 336 348 350
f 328 332 349
f 329 349 332
f 329 337 349
f 337 338 349
f 338 340 349
f 341 349 340
f 341 344 349
f 343 349 344
f 343 346 349
f 345 351 355
f 346 363 349
f 345 350 351
f 355 351 360
f 350 349 351
f 351 349 360
f 349 361 360
f 258 352 260
f 259 260 354
f 259 354 353
f 260 352 354
f 352 357 354
f 213 354 358
f 335 261 357
f 352 335 357
f 354 357 358
f 261 358 357
f 346 355 356
f 261 265 358
f 265 359 358
f 265 266 359
f 355 361 356
f 355 360 361
f 356 361 362
f 349 362 361
f 349 388 362
f 89 333 339
f 89 339 341
f 91 371 364
f 93 364 372
f 93 372 371
f 363 370 349
f 370 371 349
f 91 364 93
f 70 94 365
f 70 365 269
f 365 366 269
f 392 366 476
f 366 368 269
f 392 367 366
f 383 476 368
f 366 367 368
f 269 368 369
f 363 356 370
f 364 371 370
f 364 373 372
f 371 372 373
f 364 374 373
f 364 370 374
f 370 356 374
f 374 378 376
f 374 375 373
f 374 376 375
f 378 377 376
f 383 367 386
f 266 271 359
f 359 271 379
f 271 272 379
f 272 382 379
f 378 380 377
f 377 380 381
f 272 275 382
f 275 276 382
f 276 394 382
f 381 384 386
f 392 383 381
f 392 381 386
f 383 386 384
f 381 380 384
f 384 380 385
f 385 380 387
f 356 388 374
f 371 373 391
f 373 375 391
f 375 376 391
f 371 391 349
f 356 362 388
f 349 389 388
f 349 391 389
f 374 389 378
f 376 377 391
f 378 390 380
f 374 388 389
f 378 389 390
f 389 391 390
f 380 390 409
f 390 391 409
f 391 410 409
f 377 381 391
f 381 383 391
f 383 384 391
f 384 385 391
f 385 387 391
f 387 396 391
f 392 476 383
f 383 368 367
f 392 386 367
f 213 358 359
f 213 359 417
f 213 417 418
f 213 418 422
f 213 422 681
f 359 379 403
f 276 279 394
f 279 280 394
f 280 395 394
f 280 282 395
f 282 284 395
f 379 382 403
f 382 394 403
f 387 393 396
f 387 380 393
f 394 395 403
f 393 397 396
f 397 398 396
f 397 400 398
f 397 401 400
f 399 402 401
f 400 401 402
f 359 403 417
f 284 285 403
f 284 403 395
f 285 288 403
f 397 404 401
f 397 405 404
f 405 406 407
f 405 407 404
f 406 408 407
f 380 409 393
f 393 409 410
f 393 410 411
f 396 398 391
f 399 391 400
f 398 400 391
f 393 411 397
f 391 411 410
f 397 411 412
f 391 429 411
f 399 429 391
f 397 412 405
f 399 401 429
f 405 414 406
f 401 404 429
f 404 407 429
f 407 408 429
f 405 412 413
f 411 429 412
f 405 413 414
f 412 429 413
f 413 429 414
f 400 415 416
f 399 400 416
f 400 402 415
f 399 479 402
f 399 416 479
f 415 488 416
f 402 479 415
f 403 288 417
f 289 418 288
f 418 417 288
f 406 419 408
f 406 421 432
f 406 433 419
f 406 423 421
f 420 432 421
f 421 423 424
f 289 293 422
f 289 422 418
f 293 626 422
f 423 425 424
f 423 426 425
f 423 710 426
f 426 710 712
f 426 712 713
f 426 434 427
f 426 713 434
f 408 419 429
f 419 420 429
f 420 421 429
f 406 430 423
f 421 424 429
f 424 425 429
f 406 414 428
f 406 428 430
f 414 429 428
f 428 429 430
f 425 426 429
f 426 427 429
f 423 431 710
f 423 430 431
f 429 431 430
f 429 729 431
f 429 727 729
f 427 733 429
f 406 432 433
f 419 491 420
f 420 484 432
f 432 492 433
f 419 433 491
f 35 436 73
f 32 435 35
f 35 435 436
f 32 40 437
f 32 437 435
f 5 438 436
f 8 436 435
f 436 438 73
f 40 190 447
f 40 447 437
f 440 457 455
f 439 457 440
f 439 441 442
f 439 442 466
f 443 466 442
f 443 444 445
f 443 445 466
f 445 446 466
f 446 800 802
f 446 802 466
f 448 457 449
f 450 453 451
f 450 452 453
f 449 452 454
f 450 454 452
f 453 452 458
f 455 457 456
f 448 456 457
f 449 466 452
f 452 466 458
f 458 462 459
f 459 462 460
f 460 462 461
f 461 462 463
f 462 464 463
f 449 457 466
f 439 466 457
f 458 466 462
f 462 466 464
f 464 470 465
f 464 466 470
f 466 471 470
f 466 472 471
f 466 802 805
f 466 474 472
f 466 475 474
f 466 810 475
f 465 470 467
f 467 470 468
f 468 470 469
f 469 470 471
f 472 474 473
f 55 71 2730
f 55 2729 57
f 69 476 365
f 71 72 2731
f 72 74 2733
f 73 2733 74
f 57 2729 64
f 64 2729 69
f 69 2729 476
f 476 2729 479
f 478 269 477
f 476 479 485
f 478 477 480
f 477 481 480
f 479 484 489
f 480 481 482
f 482 481 483
f 476 366 365
f 476 369 368
f 476 485 369
f 269 369 485
f 269 485 477
f 479 486 485
f 485 486 477
f 477 486 487
f 479 416 487
f 479 487 486
f 487 416 488
f 479 488 415
f 477 487 481
f 487 488 481
f 479 489 488
f 488 489 481
f 481 489 490
f 489 484 490
f 420 491 484
f 481 490 483
f 432 484 492
f 433 492 491
f 490 491 483
f 491 492 483
f 490 484 491
f 492 484 493
f 492 493 483
f 483 493 829
f 493 484 829
f 494 496 495
f 479 2729 484
f 495 496 497
f 73 438 2732
f 125 501 500
f 125 504 501
f 501 503 500
f 499 537 524
f 501 502 503
f 502 527 503
f 501 504 507
f 134 506 504
f 134 505 506
f 504 506 508
f 504 508 507
f 507 508 509
f 507 509 510
f 501 507 502
f 507 510 502
f 510 511 502
f 510 509 512
f 510 512 511
f 511 512 513
f 511 513 515
f 515 513 514
f 516 514 517
f 515 514 516
f 516 517 520
f 520 517 521
f 521 517 518
f 522 518 519
f 521 518 522
f 511 526 502
f 511 515 526
f 515 516 528
f 515 528 526
f 520 521 522
f 522 519 523
f 523 519 611
f 516 520 528
f 528 520 522
f 528 522 523
f 528 523 613
f 542 525 524
f 188 498 1020
f 502 526 527
f 526 529 527
f 526 528 529
f 528 613 641
f 528 641 530
f 530 641 642
f 528 531 529
f 525 601 776
f 528 530 531
f 530 642 647
f 530 777 531
f 530 647 777
f 199 532 498
f 498 532 533
f 124 535 532
f 124 500 535
f 532 535 533
f 498 533 543
f 228 499 498
f 533 534 543
f 228 498 543
f 533 535 534
f 228 534 499
f 499 536 537
f 499 535 536
f 499 534 535
f 500 536 535
f 500 537 536
f 500 503 537
f 190 191 780
f 537 539 524
f 537 503 539
f 552 524 540
f 539 540 524
f 503 540 539
f 503 541 540
f 538 540 541
f 571 541 524
f 503 542 541
f 541 542 524
f 503 527 542
f 229 543 534
f 228 229 534
f 505 544 506
f 506 547 508
f 506 544 547
f 508 547 509
f 509 556 512
f 509 547 556
f 226 547 544
f 226 556 547
f 235 545 546
f 235 546 554
f 546 548 554
f 550 552 551
f 550 551 558
f 552 538 551
f 551 571 558
f 552 558 571
f 228 553 229
f 229 553 545
f 545 553 546
f 546 553 548
f 233 236 553
f 548 553 549
f 549 553 550
f 550 553 552
f 226 557 556
f 548 549 555
f 548 555 554
f 226 562 557
f 234 563 562
f 512 556 513
f 513 557 514
f 513 556 557
f 514 557 562
f 555 549 550
f 555 550 558
f 555 558 559
f 555 559 560
f 559 572 560
f 560 572 561
f 514 562 517
f 517 562 518
f 518 562 563
f 518 563 519
f 519 564 611
f 519 563 564
f 235 554 565
f 554 555 567
f 554 566 565
f 236 565 553
f 554 567 566
f 565 566 553
f 566 567 553
f 552 553 558
f 555 560 567
f 558 553 559
f 559 553 572
f 572 553 573
f 573 553 574
f 560 561 569
f 560 568 567
f 560 569 568
f 561 570 569
f 561 593 570
f 567 597 553
f 567 568 597
f 552 540 538
f 552 571 524
f 551 538 571
f 538 541 571
f 575 599 576
f 576 599 581
f 575 581 600
f 561 572 573
f 561 573 574
f 575 576 574
f 561 574 581
f 561 577 578
f 574 576 581
f 561 581 577
f 575 577 581
f 577 579 578
f 579 582 578
f 578 582 580
f 580 582 584
f 583 585 588
f 583 588 586
f 580 585 589
f 580 584 585
f 580 589 587
f 583 589 585
f 589 591 587
f 591 592 587
f 588 589 590
f 583 590 589
f 583 586 590
f 575 574 553
f 575 597 577
f 575 553 597
f 568 569 597
f 561 578 593
f 577 597 579
f 578 580 594
f 580 587 596
f 578 594 593
f 569 570 597
f 570 593 597
f 593 594 597
f 580 595 594
f 580 596 595
f 594 595 597
f 579 597 582
f 584 597 585
f 582 597 584
f 585 597 588
f 588 597 589
f 589 597 591
f 591 597 592
f 592 597 664
f 595 596 597
f 188 1021 189
f 189 1022 191
f 542 527 598
f 542 598 525
f 191 781 780
f 527 599 598
f 575 525 599
f 575 600 525
f 581 599 600
f 527 600 599
f 527 601 600
f 525 598 599
f 527 529 601
f 604 586 588
f 604 590 586
f 605 588 590
f 604 605 590
f 602 750 609
f 525 600 601
f 601 529 603
f 529 604 603
f 601 603 776
f 529 605 604
f 529 606 605
f 603 604 776
f 605 606 776
f 604 588 776
f 605 776 588
f 529 531 606
f 602 609 608
f 606 531 607
f 606 607 776
f 531 609 607
f 751 610 778
f 750 778 609
f 531 610 609
f 531 777 610
f 609 610 608
f 523 611 612
f 523 612 613
f 613 612 614
f 613 614 641
f 614 615 641
f 619 622 618
f 619 620 621
f 625 620 624
f 621 620 625
f 618 622 623
f 619 621 622
f 625 624 634
f 625 634 636
f 618 623 646
f 618 646 616
f 293 627 626
f 627 630 626
f 630 629 626
f 631 629 630
f 631 628 629
f 482 632 627
f 627 632 630
f 636 634 633
f 638 635 628
f 637 633 635
f 637 635 638
f 636 633 637
f 631 638 628
f 631 650 638
f 637 638 653
f 631 630 639
f 630 632 639
f 632 826 639
f 639 826 640
f 631 639 650
f 639 640 650
f 615 643 642
f 615 642 641
f 617 645 643
f 642 643 645
f 617 644 645
f 617 616 644
f 616 646 644
f 642 645 647
f 645 644 648
f 621 652 622
f 622 652 623
f 621 625 652
f 625 636 652
f 623 652 646
f 646 649 644
f 645 648 647
f 644 649 648
f 647 783 777
f 647 648 783
f 646 652 649
f 648 649 784
f 652 655 649
f 649 655 784
f 636 637 652
f 638 650 653
f 637 653 652
f 653 651 654
f 640 651 650
f 653 650 651
f 828 656 767
f 652 653 654
f 652 654 655
f 773 656 787
f 213 680 563
f 213 681 680
f 564 657 611
f 563 680 564
f 564 680 657
f 422 682 681
f 422 736 682
f 611 657 658
f 611 658 612
f 657 679 658
f 657 680 679
f 612 661 614
f 614 662 615
f 612 658 661
f 614 661 662
f 592 659 587
f 592 664 659
f 658 662 661
f 658 671 662
f 664 665 659
f 665 666 659
f 668 660 659
f 666 668 659
f 663 667 665
f 665 667 666
f 668 753 660
f 616 670 679
f 617 643 671
f 617 670 616
f 617 671 670
f 658 679 670
f 658 670 671
f 662 671 752
f 660 753 669
f 669 753 754
f 669 754 672
f 672 757 685
f 672 754 755
f 672 755 756
f 672 756 757
f 587 659 673
f 659 660 675
f 663 665 597
f 664 597 665
f 587 673 596
f 659 674 673
f 596 759 597
f 659 675 674
f 660 676 675
f 596 673 759
f 663 597 759
f 673 674 759
f 674 675 759
f 660 669 676
f 669 672 677
f 669 677 676
f 672 702 678
f 675 676 759
f 676 677 759
f 672 678 677
f 677 678 759
f 619 618 679
f 619 680 620
f 620 681 624
f 680 681 620
f 619 679 680
f 618 616 679
f 624 681 682
f 624 682 736
f 624 736 634
f 683 684 692
f 684 693 692
f 689 691 686
f 685 757 760
f 687 685 760
f 685 690 686
f 690 689 686
f 684 691 694
f 697 698 691
f 694 691 698
f 684 694 696
f 684 696 693
f 689 697 691
f 694 695 699
f 694 699 696
f 684 706 691
f 683 701 684
f 683 745 701
f 684 700 706
f 684 701 700
f 700 701 707
f 672 685 702
f 685 686 703
f 691 704 686
f 685 703 702
f 678 702 707
f 686 705 703
f 686 704 705
f 702 703 707
f 703 705 707
f 678 707 759
f 688 759 707
f 692 693 707
f 696 695 707
f 694 698 707
f 694 707 695
f 693 696 707
f 690 707 689
f 689 707 697
f 697 707 698
f 688 707 690
f 691 706 704
f 700 707 706
f 704 706 707
f 704 707 705
f 422 626 709
f 626 629 709
f 422 709 736
f 708 715 721
f 710 711 712
f 714 710 708
f 714 711 710
f 427 713 712
f 714 708 721
f 629 628 720
f 629 720 709
f 628 635 718
f 628 718 720
f 718 635 737
f 709 720 718
f 725 715 719
f 716 717 738
f 709 718 736
f 718 737 736
f 716 719 715
f 716 738 719
f 721 715 722
f 724 722 715
f 721 722 723
f 724 715 725
f 723 726 724
f 724 726 722
f 708 728 715
f 708 727 728
f 727 733 728
f 427 712 733
f 710 727 708
f 712 711 733
f 714 733 711
f 714 721 733
f 431 729 710
f 710 729 727
f 429 733 727
f 716 715 730
f 716 732 717
f 719 738 733
f 738 739 733
f 715 728 730
f 728 733 730
f 731 730 733
f 716 730 731
f 717 732 745
f 716 731 732
f 731 733 732
f 732 733 745
f 721 723 733
f 723 724 733
f 724 725 733
f 725 719 733
f 434 713 734
f 427 734 713
f 427 434 830
f 434 734 830
f 427 831 734
f 427 830 827
f 427 827 831
f 723 722 746
f 633 634 735
f 634 736 735
f 633 737 635
f 633 735 737
f 735 736 737
f 717 741 739
f 717 683 742
f 717 743 741
f 717 742 743
f 717 739 738
f 742 740 743
f 742 683 692
f 740 744 743
f 696 766 695
f 740 741 769
f 740 770 744
f 741 743 769
f 744 769 743
f 717 745 683
f 740 733 741
f 739 741 733
f 742 707 740
f 740 707 733
f 733 701 745
f 733 707 701
f 742 692 707
f 723 748 726
f 726 748 722
f 722 748 746
f 723 746 828
f 826 747 640
f 723 828 748
f 746 640 747
f 746 748 640
f 748 749 640
f 666 750 751
f 663 666 751
f 666 667 750
f 602 751 750
f 615 752 643
f 615 662 752
f 671 643 752
f 667 778 750
f 663 778 667
f 602 608 751
f 663 759 666
f 666 759 668
f 668 759 753
f 753 759 754
f 754 759 755
f 755 759 756
f 756 759 757
f 757 759 760
f 688 690 763
f 687 688 761
f 685 763 690
f 687 763 685
f 687 761 763
f 688 794 761
f 761 794 763
f 688 763 764
f 687 760 759
f 687 759 688
f 663 751 778
f 751 608 610
f 758 790 791
f 758 786 790
f 758 791 786
f 763 794 764
f 688 764 785
f 688 785 794
f 765 794 784
f 765 784 655
f 764 794 765
f 696 699 766
f 699 762 766
f 695 774 699
f 744 770 769
f 695 766 772
f 762 774 766
f 699 774 762
f 740 656 770
f 740 769 656
f 640 749 767
f 749 828 767
f 640 767 651
f 651 767 768
f 651 768 769
f 654 651 769
f 654 769 770
f 656 768 767
f 656 769 768
f 766 774 772
f 695 772 787
f 695 787 774
f 654 770 773
f 655 654 771
f 654 773 771
f 655 772 774
f 655 774 775
f 765 655 775
f 655 771 772
f 773 787 771
f 772 771 787
f 775 774 787
f 773 770 656
f 498 499 1020
f 499 524 1020
f 524 525 1020
f 607 778 776
f 525 776 1020
f 188 1020 1021
f 776 778 1020
f 778 786 1020
f 191 1022 781
f 607 609 778
f 610 777 779
f 777 788 779
f 610 779 778
f 778 779 788
f 189 1021 1022
f 648 784 783
f 778 788 786
f 786 792 785
f 765 787 785
f 785 787 1039
f 777 783 788
f 788 783 789
f 783 790 789
f 783 791 790
f 783 792 791
f 786 788 789
f 786 789 790
f 786 791 792
f 783 784 792
f 792 784 793
f 792 793 785
f 784 794 793
f 764 765 785
f 785 793 794
f 795 798 796
f 795 796 799
f 765 775 787
f 797 798 795
f 782 795 799
f 797 795 1030
f 190 825 447
f 800 801 802
f 801 803 802
f 802 803 804
f 802 804 805
f 805 806 807
f 190 780 825
f 466 805 807
f 466 807 817
f 466 817 818
f 466 818 823
f 806 808 807
f 807 808 809
f 807 809 816
f 807 816 817
f 466 814 810
f 466 823 814
f 823 815 814
f 810 814 811
f 813 814 812
f 811 814 813
f 815 812 814
f 817 819 818
f 819 821 818
f 819 820 821
f 821 822 818
f 818 822 823
f 475 810 824
f 780 781 825
f 781 782 825
f 482 483 632
f 483 826 632
f 484 827 829
f 827 828 747
f 827 834 828
f 734 831 830
f 483 829 826
f 829 830 831
f 827 830 829
f 829 831 826
f 827 832 831
f 831 832 826
f 826 832 747
f 827 747 832
f 746 747 828
f 748 828 749
f 494 495 798
f 494 798 797
f 494 797 836
f 484 2747 827
f 484 2748 2747
f 827 2761 833
f 827 2747 2761
f 495 497 1037
f 494 2762 2749
f 494 835 2762
f 828 1033 656
f 656 1027 787
f 828 834 1033
f 656 1033 1027
f 495 1038 798
f 797 1035 836
f 797 1030 1035
f 827 833 834
f 833 2761 837
f 834 839 1034
f 834 833 839
f 839 833 837
f 494 836 835
f 835 838 2764
f 839 840 1036
f 836 1035 840
f 495 1037 1038
f 836 838 835
f 836 840 838
f 837 838 840
f 839 837 840
f 5 1283 438
f 455 456 1357
f 439 440 1358
f 440 455 1358
f 439 1359 441
f 441 1360 442
f 443 442 1361
f 443 1362 444
f 444 1363 445
f 445 1796 446
f 446 1796 800
f 448 449 1517
f 449 454 1518
f 450 451 1523
f 451 453 1522
f 453 458 1522
f 450 1523 454
f 448 1524 456
f 458 459 1526
f 459 460 1527
f 460 461 1529
f 461 463 1529
f 463 464 1531
f 464 465 1532
f 465 467 1533
f 467 468 1535
f 468 469 1537
f 469 471 1537
f 471 472 1537
f 472 473 1540
f 473 474 1541
f 474 475 1542
f 438 1283 1284
f 438 1284 1314
f 438 1314 1758
f 456 1356 1357
f 455 1357 1358
f 439 1358 1359
f 441 1359 1360
f 442 1360 1361
f 443 1361 1362
f 444 1362 1363
f 445 1363 1364
f 445 1364 1795
f 445 1795 1796
f 448 1517 1524
f 449 1518 1517
f 454 1523 1518
f 451 1519 1523
f 451 1522 1521
f 451 1521 1519
f 458 1526 1522
f 456 1524 1356
f 459 1527 1526
f 460 1529 1527
f 463 1528 1529
f 463 1531 1528
f 464 1532 1531
f 465 1533 1532
f 467 1535 1533
f 468 1537 1535
f 472 1538 1537
f 472 1539 1538
f 472 1540 1539
f 473 1541 1540
f 474 1542 1541
f 475 1543 1542
f 438 1758 3684
f 800 1796 801
f 801 1797 803
f 803 1798 804
f 804 1799 805
f 805 1917 806
f 806 1918 808
f 808 1919 809
f 809 1926 816
f 824 810 1934
f 810 811 1920
f 823 1925 815
f 811 813 1920
f 813 812 1921
f 815 1923 812
f 816 1927 817
f 817 1930 819
f 819 1930 820
f 820 1932 821
f 821 1932 822
f 822 1933 823
f 475 824 1543
f 782 2127 825
f 782 799 2132
f 801 1796 1797
f 803 1797 1798
f 804 1798 1799
f 805 1799 1917
f 806 1917 1918
f 808 1918 1919
f 809 1919 1926
f 810 1920 1934
f 823 1933 1925
f 813 1921 1920
f 812 1923 1924
f 812 1924 1921
f 815 1925 1923
f 816 1926 1927
f 817 1927 1930
f 820 1930 1931
f 820 1931 1929
f 820 1929 1932
f 822 1932 1933
f 824 1934 1543
f 782 2132 2127
f 825 2127 2126
f 841 842 843
f 842 847 845
f 842 850 847
f 847 850 848
f 843 842 881
f 881 849 844
f 846 849 842
f 846 842 845
f 881 842 849
f 848 850 852
f 850 851 852
f 851 853 852
f 851 855 853
f 853 855 854
f 855 890 854
f 841 857 856
f 841 856 858
f 841 859 857
f 841 858 842
f 850 858 875
f 842 858 850
f 841 843 859
f 843 860 859
f 843 915 860
f 843 881 915
f 860 915 859
f 846 845 865
f 845 861 865
f 865 861 869
f 869 861 862
f 845 847 861
f 847 848 862
f 847 862 861
f 848 852 863
f 848 863 862
f 852 867 863
f 862 863 868
f 863 867 872
f 846 864 849
f 846 865 864
f 849 864 866
f 849 866 844
f 865 870 864
f 864 870 866
f 869 862 868
f 863 872 868
f 865 869 870
f 869 868 871
f 869 921 870
f 869 871 921
f 868 873 871
f 868 872 873
f 873 872 874
f 857 972 856
f 856 973 858
f 858 973 875
f 857 859 974
f 859 915 974
f 850 875 851
f 851 875 876
f 851 876 855
f 852 853 867
f 855 876 879
f 853 854 877
f 853 877 867
f 854 890 878
f 854 878 877
f 867 877 872
f 877 878 880
f 855 879 891
f 877 880 872
f 874 872 880
f 874 880 932
f 875 975 876
f 876 976 879
f 879 977 930
f 881 844 882
f 881 882 883
f 882 884 883
f 883 884 885
f 883 885 886
f 885 887 886
f 886 887 889
f 886 889 888
f 855 891 890
f 890 891 892
f 892 891 894
f 892 894 893
f 893 894 895
f 888 889 897
f 888 897 898
f 897 899 898
f 898 899 900
f 898 900 901
f 900 902 901
f 901 902 906
f 902 903 906
f 906 903 905
f 905 904 907
f 904 913 907
f 906 905 908
f 905 907 908
f 907 909 908
f 907 1020 909
f 907 1021 1020
f 895 894 914
f 895 914 896
f 912 911 907
f 896 914 910
f 910 914 911
f 912 907 913
f 911 914 907
f 907 914 1021
f 1021 914 1022
f 914 1026 1022
f 881 916 915
f 881 883 916
f 844 917 882
f 844 866 917
f 882 919 884
f 882 917 919
f 866 920 917
f 883 918 916
f 883 886 918
f 886 923 918
f 884 919 924
f 884 924 885
f 917 920 919
f 919 920 924
f 866 870 920
f 870 922 920
f 920 922 928
f 870 921 922
f 886 941 923
f 885 924 925
f 885 925 887
f 924 927 925
f 886 888 941
f 887 926 889
f 887 925 926
f 889 926 942
f 925 927 926
f 924 920 927
f 920 928 927
f 926 927 944
f 927 928 949
f 927 949 944
f 915 916 988
f 916 918 989
f 918 923 990
f 923 941 994
f 890 929 878
f 890 892 929
f 892 931 929
f 878 929 880
f 880 929 931
f 891 879 930
f 931 935 934
f 892 893 931
f 891 930 894
f 893 935 931
f 894 930 937
f 880 931 934
f 932 880 934
f 932 934 933
f 934 940 933
f 935 936 940
f 893 895 935
f 895 936 935
f 896 938 936
f 896 910 938
f 936 938 940
f 938 961 940
f 895 896 936
f 894 937 967
f 935 940 934
f 933 940 939
f 940 961 965
f 939 940 965
f 939 965 964
f 930 992 937
f 888 943 941
f 889 942 897
f 897 945 899
f 897 942 945
f 926 944 942
f 942 944 945
f 888 898 943
f 899 946 900
f 899 945 946
f 900 947 902
f 900 946 947
f 902 947 955
f 945 952 946
f 946 952 947
f 947 959 955
f 948 957 966
f 945 944 952
f 949 950 944
f 944 950 952
f 947 952 959
f 952 950 953
f 952 953 959
f 966 957 960
f 951 960 953
f 951 966 960
f 953 960 959
f 898 954 943
f 898 901 954
f 902 955 903
f 903 956 905
f 903 955 956
f 905 956 957
f 904 948 913
f 905 957 904
f 904 957 948
f 955 960 956
f 956 960 957
f 901 906 958
f 901 958 954
f 906 1024 958
f 906 908 1024
f 908 909 1024
f 955 959 960
f 941 943 995
f 943 954 996
f 954 958 997
f 938 910 961
f 910 911 961
f 911 962 961
f 962 965 961
f 912 963 962
f 912 962 911
f 912 913 963
f 913 948 963
f 962 963 966
f 963 948 966
f 894 967 914
f 962 966 965
f 964 965 966
f 964 966 951
f 914 967 1026
f 937 1050 967
f 13 969 970
f 856 972 971
f 856 971 973
f 857 974 972
f 875 973 975
f 915 988 974
f 871 873 982
f 873 874 983
f 874 932 984
f 974 988 980
f 871 982 1000
f 873 983 982
f 874 984 983
f 876 975 976
f 879 976 977
f 972 978 971
f 971 978 979
f 972 974 978
f 971 979 973
f 973 979 975
f 978 982 979
f 975 979 985
f 974 981 978
f 978 981 1000
f 978 1000 982
f 974 980 981
f 988 981 980
f 988 998 981
f 979 984 985
f 979 982 983
f 979 983 984
f 985 984 1005
f 975 985 976
f 976 985 986
f 976 986 977
f 985 1005 986
f 986 987 977
f 986 1005 987
f 987 992 977
f 2 970 4440
f 916 989 988
f 918 990 989
f 923 991 990
f 921 871 1000
f 921 1001 922
f 923 994 991
f 922 1004 928
f 928 1011 949
f 921 1000 1001
f 932 1005 984
f 922 1001 1004
f 928 1004 1011
f 932 933 1005
f 933 939 1007
f 930 977 992
f 937 992 993
f 939 964 1008
f 933 1007 1005
f 939 1008 1007
f 964 1018 1008
f 941 995 994
f 949 1012 950
f 950 1014 953
f 951 953 1013
f 943 996 995
f 954 997 996
f 958 1045 997
f 949 1011 1012
f 950 1012 1014
f 953 1014 1013
f 964 951 1018
f 937 993 1050
f 951 1013 1018
f 988 989 998
f 981 998 1001
f 989 990 998
f 990 999 998
f 981 1001 1000
f 998 999 1001
f 990 991 999
f 991 1002 999
f 999 1002 1001
f 991 1003 1002
f 1001 1002 1004
f 1002 1003 1004
f 991 994 1003
f 1003 1011 1004
f 987 1005 1007
f 987 1007 1006
f 987 1006 992
f 1007 1008 1006
f 992 1006 993
f 1008 1009 1006
f 993 1006 1009
f 1008 1018 1009
f 994 1010 1003
f 1003 1010 1011
f 994 995 1010
f 1011 1010 1015
f 995 1015 1010
f 1011 1015 1012
f 1016 1014 1012
f 1013 1014 1019
f 995 996 1015
f 1015 1016 1012
f 1016 1017 1014
f 1014 1017 1019
f 996 997 1016
f 996 1016 1015
f 997 1017 1016
f 997 1045 1017
f 1046 1019 1017
f 1018 1019 1009
f 993 1009 1056
f 1018 1013 1019
f 1009 1019 1055
f 1009 1055 1056
f 993 1056 1050
f 2 5881 1102
f 968 2207 969
f 969 2208 970
f 968 2206 2207
f 969 2207 2208
f 970 2208 4351
f 909 1020 1025
f 781 1026 782
f 781 1022 1026
f 786 785 1087
f 798 1083 796
f 782 1076 795
f 795 1080 1040
f 909 1025 1024
f 958 1024 1045
f 1024 1025 1045
f 1020 1046 1025
f 782 1026 1065
f 967 1051 1026
f 786 1087 1020
f 785 1078 1079
f 785 1079 1087
f 795 1085 1080
f 796 4392 799
f 799 4392 1023
f 795 1089 1085
f 787 1027 1028
f 1033 1029 1027
f 787 1028 1039
f 785 1039 1078
f 1041 1027 1029
f 1028 1027 1041
f 795 1032 1030
f 795 1040 1032
f 1032 1031 1030
f 1041 1029 1042
f 1042 1029 1031
f 1032 1042 1031
f 798 1038 1083
f 834 1034 1033
f 1033 1034 1029
f 839 1036 1034
f 840 1035 1036
f 1034 1031 1029
f 1035 1030 1036
f 1034 1036 1031
f 1036 1030 1031
f 1028 1041 1043
f 1028 1043 1039
f 1039 1043 1081
f 1039 1081 1078
f 1032 1040 1042
f 1041 1042 1044
f 1041 1044 1043
f 1042 1040 1044
f 1043 1044 1082
f 1040 1080 1044
f 1043 1082 1081
f 1044 1080 1082
f 796 1083 1091
f 1025 1046 1045
f 1020 1047 1046
f 1020 1048 1047
f 1020 1052 1048
f 1020 1087 1052
f 967 1050 1051
f 1026 1051 1059
f 782 1065 1075
f 1026 1059 1062
f 782 1075 1076
f 1026 1062 1065
f 795 1076 4376
f 795 1077 1089
f 795 4378 1077
f 1023 4392 1049
f 1045 1046 1017
f 1046 1055 1019
f 1046 1047 1055
f 1047 1048 1055
f 1048 1057 1055
f 1048 1052 1057
f 1052 1058 1057
f 1052 1053 1058
f 1053 1063 1058
f 1053 1054 1063
f 1063 1054 1066
f 1054 1072 1066
f 1072 1067 1066
f 1073 1070 1067
f 1055 1057 1056
f 1050 1060 1051
f 1050 1056 1060
f 1057 1060 1056
f 1057 1058 1060
f 1051 1060 1061
f 1051 1061 1059
f 1058 1061 1060
f 1061 1064 1059
f 1059 1064 1062
f 1058 1063 1061
f 1063 1064 1061
f 1063 1066 1064
f 1062 1064 1068
f 1064 1066 1068
f 1062 1068 1065
f 1066 1067 1068
f 1065 1068 1069
f 1065 1069 1075
f 1067 1069 1068
f 1067 1070 1069
f 1070 4357 1071
f 1070 1071 1069
f 1069 1071 1075
f 1071 4358 1076
f 1049 4392 4356
f 1052 1087 1053
f 1053 1087 1054
f 1054 1087 1072
f 1072 1073 1067
f 1073 4373 1070
f 1072 1074 1073
f 1072 1087 1074
f 1073 1074 4375
f 1075 1071 1076
f 1077 4378 1093
f 1078 1081 1084
f 1078 1084 1079
f 1079 1084 1088
f 1079 1088 1087
f 1080 1085 1082
f 1081 1086 1084
f 1082 1085 1086
f 1081 1082 1086
f 796 1091 4392
f 1084 1090 1088
f 1086 1085 1089
f 1084 1086 1090
f 1086 1089 1090
f 1087 1088 1092
f 1087 1092 1074
f 1074 1092 4387
f 1088 1090 1093
f 1089 1077 1090
f 1088 1093 1092
f 1090 1077 1093
f 1092 1093 4388
f 799 1023 2491
f 1023 1049 2529
f 799 2491 2132
f 1023 2529 2491
f 1038 1037 2509
f 1038 2539 1083
f 1094 3056 1095
f 2790 1094 2512
f 1037 2508 2509
f 1094 1095 2522
f 1095 1096 2543
f 1038 2509 2539
f 1049 4356 5579
f 1049 5579 2529
f 1083 2546 1091
f 1095 3056 1096
f 1097 1096 3056
f 1083 2539 2546
f 1097 2545 1096
f 1091 2546 5590
f 1097 4428 5591
f 1111 1098 1099
f 1098 1100 1099
f 1098 1102 1101
f 1098 1101 1100
f 1102 1103 1101
f 1114 1099 1104
f 1100 1104 1099
f 1104 1106 1149
f 1100 1105 1104
f 1100 1101 1105
f 1104 1105 1106
f 1101 1107 1105
f 1105 1108 1106
f 1101 1103 1107
f 1105 1107 1108
f 1106 1108 1109
f 1106 1109 1190
f 1111 1113 1110
f 1110 1112 1117
f 1110 1113 1112
f 1111 1114 1113
f 1110 1117 1115
f 1115 1117 1118
f 1120 1124 1121
f 1120 1122 1129
f 1120 1125 1124
f 1111 1099 1114
f 1120 1121 1123
f 1120 1123 1122
f 1116 1124 1125
f 1116 1125 1126
f 1116 1119 1124
f 1124 1127 1121
f 1124 1119 1127
f 1115 1118 1283
f 1116 1287 1119
f 1118 1284 1283
f 1116 1285 1287
f 1118 1286 1284
f 1116 1126 1285
f 1126 1128 1285
f 1128 1135 1285
f 1120 1129 1130
f 1120 1130 1125
f 1132 1130 1129
f 1132 1129 1131
f 1122 1131 1129
f 1132 1131 1134
f 1132 1133 1130
f 1132 1205 1133
f 1285 1135 1136
f 1293 1136 1365
f 1136 1444 1365
f 1136 1800 1444
f 1113 1137 1112
f 1112 1137 1139
f 1113 1145 1137
f 1114 1145 1113
f 1137 1145 1146
f 1137 1138 1139
f 1137 1146 1138
f 1138 1148 1143
f 1112 1139 1117
f 1117 1139 1118
f 1139 1143 1141
f 1139 1140 1118
f 1139 1141 1140
f 1141 1143 1142
f 1138 1143 1139
f 1142 1143 1154
f 1143 1148 1154
f 1142 1154 1144
f 1114 1104 1145
f 1149 1146 1145
f 1104 1149 1145
f 1121 1127 1147
f 1121 1147 1123
f 1138 1146 1151
f 1138 1151 1148
f 1149 1165 1146
f 1146 1165 1151
f 1147 1150 1123
f 1122 1123 1150
f 1147 1166 1150
f 1147 1157 1166
f 1148 1151 1167
f 1147 1127 1152
f 1119 1152 1127
f 1152 1155 1153
f 1147 1152 1157
f 1157 1152 1153
f 1148 1159 1154
f 1154 1159 1158
f 1119 1155 1152
f 1155 1156 1153
f 1153 1156 1161
f 1144 1154 1158
f 1144 1158 1162
f 1157 1153 1174
f 1148 1167 1159
f 1153 1160 1174
f 1158 1159 1176
f 1153 1161 1160
f 1158 1164 1162
f 1160 1161 1163
f 1122 1150 1169
f 1122 1169 1131
f 1150 1171 1169
f 1149 1170 1165
f 1149 1106 1170
f 1165 1170 1172
f 1150 1166 1171
f 1157 1175 1166
f 1151 1165 1168
f 1151 1168 1167
f 1165 1172 1168
f 1166 1175 1173
f 1167 1168 1184
f 1131 1169 1187
f 1134 1131 1187
f 1169 1188 1187
f 1169 1171 1188
f 1106 1190 1170
f 1170 1192 1172
f 1166 1173 1171
f 1171 1173 1191
f 1168 1172 1181
f 1173 1183 1193
f 1157 1174 1175
f 1159 1167 1180
f 1160 1179 1174
f 1175 1174 1182
f 1167 1184 1180
f 1159 1180 1176
f 1160 1163 1185
f 1158 1177 1164
f 1158 1176 1177
f 1164 1177 1178
f 1163 1186 1185
f 1160 1185 1179
f 1175 1183 1173
f 1175 1182 1183
f 1168 1181 1184
f 1174 1179 1182
f 1172 1196 1181
f 1183 1182 1198
f 1180 1184 1199
f 1184 1181 1199
f 1185 1186 1198
f 1176 1199 1177
f 1178 1177 1199
f 1179 1185 1198
f 1179 1198 1182
f 1176 1180 1199
f 1171 1189 1188
f 1190 1192 1170
f 1171 1191 1189
f 1172 1192 1194
f 1173 1193 1191
f 1172 1194 1196
f 1183 1195 1193
f 1183 1197 1195
f 1183 1198 1197
f 1181 1196 1199
f 1103 1202 1107
f 1108 1201 1109
f 1107 1203 1108
f 1109 1201 1236
f 1103 1200 1202
f 1108 1203 1204
f 1108 1204 1201
f 1107 1202 1203
f 1132 1134 1212
f 1136 1891 1800
f 1136 1208 2126
f 1136 2126 1891
f 1208 1209 2126
f 1132 2208 1205
f 1205 2207 1206
f 1206 1214 1207
f 1206 2206 1214
f 1207 1214 1218
f 1206 2207 2206
f 1207 1218 1209
f 1209 1218 2126
f 1190 1220 1192
f 1189 1191 1235
f 1191 1193 1219
f 1193 1195 1222
f 1192 1223 1194
f 1134 1187 1212
f 1187 1188 1232
f 1188 1189 1234
f 1109 1236 1190
f 1195 1197 1225
f 1194 1226 1196
f 1197 1198 1228
f 1196 1231 1199
f 1187 1232 1212
f 1188 1233 1232
f 1188 1234 1233
f 1189 1235 1234
f 1190 1236 1237
f 1190 1237 1220
f 1191 1219 1235
f 1192 1220 1223
f 1193 1222 1221
f 1193 1221 1219
f 1194 1223 1224
f 1194 1224 1226
f 1197 1228 1227
f 1198 1229 1228
f 1196 1230 1231
f 1198 1238 1229
f 1195 1225 1222
f 1197 1227 1225
f 1196 1226 1230
f 1199 1231 1240
f 1198 1239 1238
f 1198 1242 1239
f 1199 1240 1241
f 1199 1241 1243
f 1284 1286 1285
f 1284 1285 1289
f 1285 1293 1289
f 1118 1760 1286
f 1285 1286 1287
f 1289 1294 1291
f 1291 1294 1296
f 1119 1287 1761
f 1284 1289 1288
f 1288 1289 1291
f 1284 1288 1314
f 1288 1290 1314
f 1288 1291 1290
f 1286 1760 1287
f 1291 1296 1292
f 1290 1291 1292
f 1290 1292 1316
f 1289 1293 1294
f 1285 1136 1293
f 1293 1365 1366
f 1294 1295 1296
f 1293 1366 1294
f 1294 1366 1295
f 1295 1366 1367
f 1295 1367 1371
f 1312 1295 1371
f 1296 1295 1311
f 1296 1304 1306
f 1296 1311 1304
f 1300 1306 1305
f 1300 1292 1296
f 1298 1292 1300
f 1298 1302 1292
f 1292 1297 1322
f 1299 1322 1297
f 1299 1324 1322
f 1300 1296 1301
f 1298 1300 1299
f 1299 1300 1305
f 1300 1301 1306
f 1299 1307 1303
f 1292 1302 1564
f 1292 1564 1297
f 1298 1299 1302
f 1299 1297 1302
f 1299 1303 1324
f 1324 1303 1330
f 1310 1311 1295
f 1311 1313 1305
f 1304 1305 1306
f 1311 1305 1304
f 1309 1410 1295
f 1309 1295 1312
f 1310 1295 1423
f 1310 1313 1311
f 1309 1313 1310
f 1313 1422 1305
f 1309 1312 1313
f 1309 1310 1308
f 1310 1423 1308
f 1305 1422 1307
f 1301 1296 1387
f 1296 1306 1387
f 1301 1425 1306
f 1299 1305 1307
f 1297 1558 1302
f 1306 1425 1384
f 1307 1427 1303
f 1301 1387 1425
f 1314 1315 1318
f 1290 1315 1314
f 1290 1316 1315
f 1315 1320 1318
f 1315 1316 1317
f 1315 1317 1320
f 1292 1322 1316
f 1316 1322 1323
f 1316 1323 1328
f 1316 1325 1326
f 1316 1326 1329
f 1287 1760 1761
f 1316 1329 1317
f 1314 1318 1758
f 1318 1320 1319
f 1318 1319 1758
f 1758 1319 1759
f 1319 1321 1762
f 1320 1321 1319
f 1320 1317 1340
f 1320 1340 1321
f 1322 1324 1323
f 1323 1324 1328
f 1324 1330 1327
f 1325 1327 1326
f 1326 1327 1329
f 1324 1325 1328
f 1324 1327 1325
f 1330 1332 1327
f 1325 1331 1328
f 1316 1328 1567
f 1316 1567 1325
f 1328 1331 1339
f 1325 1567 1331
f 1317 1329 1333
f 1327 1335 1329
f 1327 1332 1335
f 1329 1335 1333
f 1317 1333 1334
f 1317 1336 1337
f 1333 1335 1334
f 1334 1335 1336
f 1335 1337 1336
f 1332 1338 1335
f 1317 1334 1587
f 1317 1589 1336
f 1335 1342 1337
f 1335 1338 1342
f 1303 1616 1330
f 1328 1339 1567
f 1331 1567 1339
f 1330 1617 1332
f 1302 1558 1559
f 1297 1564 1558
f 1302 1559 1564
f 1303 1618 1616
f 1330 1616 1617
f 1332 1625 1338
f 1334 1336 1587
f 1317 1587 1593
f 1317 1591 1589
f 1317 1593 1591
f 1338 1627 1344
f 1332 1617 1625
f 1338 1625 1627
f 1336 1589 1587
f 1344 1627 1632
f 1317 1337 1340
f 1337 1341 1340
f 1337 1342 1341
f 1338 1344 1342
f 1341 1342 1343
f 1341 1343 1340
f 1340 1345 1346
f 1342 1345 1343
f 1342 1346 1345
f 1342 1344 1348
f 1340 1350 1321
f 1321 1350 1763
f 1340 1346 1350
f 1343 1604 1340
f 1340 1604 1345
f 1343 1345 1681
f 1342 1348 1346
f 1346 1348 1347
f 1344 1349 1348
f 1343 1681 1600
f 1345 1604 1681
f 1344 1632 1349
f 1346 1347 1350
f 1347 1348 1351
f 1347 1351 1350
f 1351 1667 1350
f 1351 1352 1682
f 1352 1350 1667
f 1348 1352 1351
f 1348 1349 1355
f 1348 1353 1352
f 1348 1355 1353
f 1349 1683 1355
f 1353 1355 1354
f 1352 1353 1350
f 1353 1354 1350
f 1354 1767 1350
f 1357 1356 1525
f 1358 1360 1359
f 1358 1534 1360
f 1361 1360 1534
f 1361 1363 1362
f 1361 1534 1363
f 1363 1794 1364
f 1364 1794 1795
f 1363 1534 1794
f 1365 1444 1445
f 1366 1374 1367
f 1367 1368 1371
f 1313 1371 1369
f 1313 1369 1373
f 1367 1375 1372
f 1367 1370 1368
f 1367 1424 1370
f 1368 1370 1369
f 1371 1368 1369
f 1367 1372 1428
f 1376 1369 1370
f 1424 1372 1370
f 1365 1445 1366
f 1366 1445 1374
f 1367 1374 1375
f 1375 1376 1372
f 1376 1370 1372
f 1369 1379 1373
f 1376 1379 1369
f 1374 1377 1375
f 1374 1378 1377
f 1377 1376 1375
f 1377 1448 1376
f 1374 1462 1378
f 1376 1449 1379
f 1380 1381 1547
f 1381 1549 1548
f 1382 1381 1400
f 1383 1549 1381
f 1382 1383 1381
f 1408 1423 1410
f 1408 1409 1423
f 1408 1410 1380
f 1383 1416 1549
f 1549 1416 1574
f 1380 1387 1385
f 1425 1385 1384
f 1425 1387 1386
f 1425 1386 1416
f 1425 1416 1385
f 1384 1385 1387
f 1380 1563 1572
f 1380 1572 1386
f 1380 1386 1387
f 1386 1572 1574
f 1380 1389 1388
f 1380 1385 1389
f 1380 1388 1390
f 1408 1380 1390
f 1388 1389 1416
f 1385 1416 1389
f 1388 1415 1390
f 1386 1574 1416
f 1391 1393 1394
f 1391 1419 1393
f 1391 1394 1395
f 1391 1395 1459
f 1392 1394 1393
f 1392 1419 1394
f 1391 1404 1380
f 1402 1380 1404
f 1380 1396 1381
f 1381 1399 1398
f 1397 1380 1401
f 1397 1396 1380
f 1381 1396 1399
f 1381 1398 1400
f 1401 1380 1402
f 1402 1404 1407
f 1404 1403 1407
f 1405 1404 1406
f 1405 1403 1404
f 1406 1404 1468
f 1391 1380 1410
f 1397 1414 1396
f 1397 1420 1414
f 1409 1411 1410
f 1408 1411 1409
f 1408 1390 1414
f 1408 1414 1411
f 1391 1410 1411
f 1391 1411 1412
f 1391 1412 1413
f 1413 1420 1417
f 1411 1414 1412
f 1412 1414 1413
f 1413 1414 1420
f 1398 1416 1400
f 1398 1399 1416
f 1399 1396 1415
f 1399 1415 1416
f 1382 1400 1416
f 1382 1416 1383
f 1414 1415 1396
f 1388 1416 1415
f 1414 1390 1415
f 1397 1401 1420
f 1401 1402 1420
f 1402 1407 1421
f 1402 1421 1420
f 1407 1403 1421
f 1405 1421 1403
f 1405 1406 1421
f 1406 1468 1421
f 1391 1413 1417
f 1391 1417 1418
f 1391 1418 1419
f 1417 1421 1418
f 1417 1420 1421
f 1418 1421 1419
f 1394 1419 1421
f 1394 1421 1395
f 1312 1371 1313
f 1313 1373 1422
f 1295 1410 1423
f 1309 1308 1410
f 1307 1422 1426
f 1367 1393 1424
f 1422 1373 1433
f 1308 1423 1409
f 1422 1433 1426
f 1306 1384 1387
f 1307 1426 1427
f 1303 1427 1636
f 1303 1636 1621
f 1308 1409 1410
f 1367 1428 1392
f 1424 1428 1372
f 1367 1392 1393
f 1419 1428 1424
f 1373 1379 1429
f 1393 1419 1424
f 1373 1429 1433
f 1379 1430 1429
f 1392 1428 1419
f 1441 1429 1430
f 1442 1430 1498
f 1431 1436 1432
f 1431 1432 1434
f 1432 1436 1435
f 1426 1433 1435
f 1426 1437 1427
f 1426 1435 1437
f 1431 1434 1441
f 1434 1433 1429
f 1434 1435 1433
f 1434 1429 1441
f 1432 1435 1434
f 1435 1436 1437
f 1436 1634 1437
f 1427 1437 1639
f 1427 1639 1636
f 1437 1634 1639
f 1431 1438 1440
f 1431 1441 1438
f 1438 1442 1439
f 1431 1440 1436
f 1438 1439 1440
f 1439 1443 1440
f 1438 1441 1442
f 1441 1430 1442
f 1439 1442 1443
f 1442 1498 1443
f 1440 1634 1436
f 1500 1635 1634
f 1374 1445 1452
f 1374 1452 1450
f 1374 1447 1446
f 1377 1378 1448
f 1378 1446 1448
f 1376 1448 1449
f 1374 1450 1447
f 1446 1447 1448
f 1374 1446 1462
f 1378 1497 1446
f 1379 1449 1430
f 1447 1450 1448
f 1448 1457 1449
f 1444 1808 1445
f 1450 1452 1451
f 1452 1455 1453
f 1445 1808 1452
f 1451 1452 1483
f 1451 1454 1453
f 1452 1453 1483
f 1450 1451 1453
f 1448 1450 1456
f 1448 1456 1457
f 1450 1453 1456
f 1451 1481 1454
f 1453 1454 1483
f 1449 1457 1509
f 1453 1455 1456
f 1452 1802 1455
f 1455 1802 1456
f 1456 1807 1457
f 1457 1807 1510
f 1391 1473 1475
f 1470 1475 1458
f 1391 1462 1473
f 1391 1459 1460
f 1391 1461 1462
f 1391 1460 1461
f 1395 1471 1459
f 1459 1472 1460
f 1472 1463 1497
f 1461 1472 1497
f 1460 1472 1461
f 1472 1464 1463
f 1470 1458 1467
f 1462 1463 1464
f 1462 1464 1473
f 1472 1467 1464
f 1464 1466 1473
f 1466 1465 1473
f 1464 1467 1466
f 1466 1467 1465
f 1465 1467 1482
f 1404 1469 1468
f 1404 1470 1469
f 1391 1475 1404
f 1404 1475 1470
f 1468 1469 1471
f 1421 1468 1471
f 1469 1470 1472
f 1469 1472 1471
f 1395 1421 1471
f 1459 1471 1472
f 1470 1467 1472
f 1474 1458 1475
f 1474 1475 1476
f 1476 1475 1477
f 1473 1480 1475
f 1477 1475 1478
f 1475 1479 1478
f 1475 1480 1479
f 1473 1495 1480
f 1473 1815 1495
f 1474 1487 1458
f 1474 1476 1487
f 1458 1487 1467
f 1476 1477 1487
f 1477 1478 1487
f 1478 1479 1487
f 1465 1482 1473
f 1473 1482 1483
f 1473 1483 1485
f 1482 1481 1483
f 1482 1484 1481
f 1482 1485 1484
f 1467 1487 1482
f 1473 1485 1486
f 1473 1486 1488
f 1483 1484 1485
f 1482 1487 1485
f 1485 1487 1486
f 1486 1487 1488
f 1479 1480 1489
f 1479 1489 1487
f 1480 1496 1489
f 1473 1493 1815
f 1473 1488 1491
f 1473 1491 1493
f 1487 1489 1488
f 1488 1489 1491
f 1490 1493 1491
f 1492 1490 1494
f 1489 1496 1491
f 1490 1491 1496
f 1490 1496 1494
f 1494 1496 1816
f 1492 1494 1493
f 1480 1495 1496
f 1495 1824 1496
f 1496 1824 1825
f 1378 1461 1497
f 1378 1462 1461
f 1446 1497 1462
f 1430 1449 1498
f 1462 1497 1463
f 1449 1502 1498
f 1449 1503 1502
f 1449 1504 1503
f 1449 1505 1504
f 1440 1499 1634
f 1440 1501 1499
f 1440 1443 1501
f 1443 1498 1502
f 1443 1502 1501
f 1499 1500 1634
f 1500 1513 1635
f 1499 1501 1500
f 1500 1506 1513
f 1506 1502 1503
f 1503 1504 1515
f 1500 1501 1506
f 1506 1515 1513
f 1501 1502 1506
f 1506 1503 1515
f 1451 1483 1481
f 1481 1484 1454
f 1483 1454 1484
f 1449 1509 1505
f 1457 1510 1509
f 1507 1508 1868
f 1507 1512 1508
f 1516 1509 1511
f 1511 1509 1510
f 1507 1511 1512
f 1511 1510 1512
f 1513 1515 1514
f 1504 1505 1516
f 1504 1516 1515
f 1514 1515 1516
f 1514 1516 1511
f 1505 1509 1516
f 1513 1882 1635
f 1514 1511 1507
f 1513 1514 1881
f 1514 1507 1876
f 1517 1518 1525
f 1518 1523 1525
f 1520 1521 1522
f 1520 1519 1521
f 1520 1522 1526
f 1520 1523 1519
f 1517 1525 1524
f 1524 1525 1356
f 1520 1534 1523
f 1520 1527 1534
f 1520 1526 1527
f 1527 1529 1530
f 1528 1530 1529
f 1528 1531 1530
f 1530 1531 1532
f 1530 1532 1533
f 1357 1525 1534
f 1525 1523 1534
f 1357 1534 1358
f 1527 1530 1534
f 1530 1533 1534
f 1533 1536 1534
f 1534 1536 1540
f 1534 1798 1794
f 1534 1540 1542
f 1534 1542 1543
f 1534 1543 1920
f 1533 1535 1537
f 1533 1537 1536
f 1536 1537 1538
f 1536 1538 1539
f 1536 1539 1540
f 1540 1541 1542
f 1380 1550 1544
f 1550 1545 1544
f 1380 1547 1550
f 1381 1548 1547
f 1544 1545 1546
f 1544 1546 1552
f 1553 1552 1551
f 1546 1551 1552
f 1553 1554 1552
f 1554 1555 1552
f 1555 1556 1552
f 1552 1556 1557
f 1544 1552 1578
f 1555 1557 1556
f 1552 1557 1578
f 1380 1544 1564
f 1558 1561 1559
f 1558 1565 1561
f 1559 1561 1564
f 1564 1561 1562
f 1564 1544 1565
f 1565 1544 1566
f 1558 1564 1565
f 1561 1565 1562
f 1565 1566 1573
f 1568 1573 1566
f 1544 1568 1566
f 1544 1569 1568
f 1568 1569 1576
f 1544 1570 1569
f 1544 1571 1570
f 1544 1588 1571
f 1569 1570 1576
f 1570 1571 1576
f 1571 1588 1577
f 1550 1575 1545
f 1546 1573 1551
f 1545 1573 1546
f 1575 1573 1545
f 1548 1549 1574
f 1547 1575 1550
f 1548 1574 1547
f 1547 1574 1575
f 1380 1560 1563
f 1380 1564 1562
f 1380 1562 1560
f 1563 1560 1575
f 1560 1562 1575
f 1563 1574 1572
f 1563 1575 1574
f 1562 1565 1575
f 1565 1573 1575
f 1553 1551 1576
f 1551 1573 1576
f 1554 1576 1555
f 1553 1576 1554
f 1555 1577 1557
f 1557 1577 1578
f 1555 1576 1577
f 1568 1576 1573
f 1571 1577 1576
f 1544 1578 1579
f 1544 1579 1582
f 1579 1580 1582
f 1580 1581 1582
f 1581 1583 1585
f 1581 1585 1582
f 1583 1584 1585
f 1586 1585 1584
f 1586 1608 1585
f 1585 1608 1609
f 1544 1582 1591
f 1544 1590 1588
f 1544 1594 1590
f 1544 1591 1594
f 1587 1589 1593
f 1591 1593 1594
f 1589 1591 1595
f 1589 1595 1593
f 1593 1595 1594
f 1601 1600 1681
f 1578 1597 1579
f 1578 1577 1597
f 1579 1598 1580
f 1580 1598 1581
f 1579 1597 1598
f 1581 1606 1583
f 1598 1606 1581
f 1588 1597 1577
f 1588 1590 1597
f 1590 1594 1598
f 1598 1594 1595
f 1598 1595 1592
f 1598 1592 1596
f 1590 1598 1597
f 1598 1596 1606
f 1583 1606 1584
f 1586 1584 1612
f 1584 1606 1612
f 1582 1595 1591
f 1582 1592 1595
f 1582 1596 1592
f 1582 1599 1596
f 1596 1599 1606
f 1599 1602 1606
f 1602 1603 1606
f 1582 1602 1599
f 1582 1603 1602
f 1582 1604 1603
f 1582 1605 1604
f 1601 1681 1605
f 1604 1605 1681
f 1601 1603 1604
f 1601 1604 1600
f 1601 1605 1603
f 1603 1612 1606
f 1582 1607 1605
f 1582 1653 1607
f 1603 1605 1612
f 1605 1607 1612
f 1607 1653 1613
f 1585 1609 1610
f 1585 1610 1611
f 1585 1611 1656
f 1586 1612 1608
f 1608 1612 1609
f 1609 1612 1610
f 1610 1613 1611
f 1610 1612 1613
f 1611 1613 1656
f 1607 1613 1612
f 1303 1621 1618
f 1614 1624 1615
f 1614 1615 1619
f 1620 1617 1616
f 1619 1616 1618
f 1619 1618 1623
f 1614 1619 1623
f 1619 1615 1620
f 1619 1620 1616
f 1622 1638 1633
f 1621 1623 1618
f 1621 1638 1623
f 1614 1622 1628
f 1614 1623 1622
f 1622 1623 1638
f 1614 1628 1624
f 1615 1624 1620
f 1624 1628 1626
f 1626 1625 1617
f 1624 1626 1620
f 1626 1628 1630
f 1620 1626 1617
f 1626 1630 1625
f 1630 1627 1625
f 1622 1629 1628
f 1628 1629 1630
f 1622 1641 1629
f 1629 1641 1631
f 1630 1629 1631
f 1630 1631 1627
f 1631 1632 1627
f 1631 1642 1632
f 1633 1638 1635
f 1634 1635 1640
f 1621 1636 1637
f 1621 1637 1640
f 1639 1637 1636
f 1639 1640 1637
f 1621 1640 1638
f 1634 1640 1639
f 1635 1638 1640
f 1622 1633 1641
f 1633 1635 1647
f 1633 1647 1641
f 1631 1641 1642
f 1641 1647 1650
f 1632 1642 1643
f 1641 1650 1642
f 1642 1644 1643
f 1642 1650 1644
f 1650 1645 1644
f 1651 1646 1645
f 1647 1648 1651
f 1648 1649 1652
f 1647 1651 1650
f 1650 1651 1645
f 1648 1652 1651
f 1651 1652 1646
f 1582 1665 1653
f 1582 1666 1665
f 1582 1667 1666
f 1654 1668 1655
f 1585 1664 1582
f 1585 1656 1664
f 1656 1657 1664
f 1658 1659 1664
f 1657 1658 1664
f 1659 1662 1664
f 1660 1662 1659
f 1660 1661 1662
f 1661 1663 1662
f 1662 1663 1697
f 1662 1697 1698
f 1582 1664 1667
f 1656 1669 1657
f 1656 1613 1669
f 1653 1665 1613
f 1613 1665 1666
f 1655 1666 1667
f 1655 1668 1666
f 1613 1666 1669
f 1666 1668 1669
f 1669 1671 1672
f 1664 1668 1667
f 1664 1670 1668
f 1664 1671 1670
f 1669 1668 1670
f 1669 1670 1671
f 1657 1669 1658
f 1658 1672 1659
f 1658 1669 1672
f 1659 1672 1673
f 1660 1659 1673
f 1660 1673 1661
f 1661 1673 1663
f 1663 1673 1697
f 1672 1671 1676
f 1672 1676 1673
f 1664 1676 1671
f 1664 1677 1676
f 1676 1677 1674
f 1675 1674 1677
f 1664 1678 1677
f 1664 1679 1678
f 1664 1680 1679
f 1664 1706 1680
f 1676 1674 1673
f 1674 1678 1673
f 1673 1678 1679
f 1673 1679 1680
f 1343 1600 1604
f 1349 1632 1643
f 1351 1654 1655
f 1352 1667 1682
f 1351 1682 1654
f 1349 1694 1683
f 1667 1668 1682
f 1349 1643 1644
f 1349 1644 1645
f 1349 1645 1646
f 1349 1646 1690
f 1351 1655 1667
f 1654 1682 1668
f 1349 1690 1694
f 1354 1355 1684
f 1355 1686 1684
f 1355 1683 1688
f 1354 1684 1767
f 1675 1684 1686
f 1696 1685 1683
f 1677 1767 1684
f 1677 1686 1767
f 1688 1683 1685
f 1355 1688 1686
f 1686 1688 1687
f 1687 1688 1689
f 1694 1696 1683
f 1649 1691 1652
f 1691 1693 1692
f 1652 1692 1646
f 1646 1692 1690
f 1692 1695 1690
f 1652 1691 1692
f 1693 1695 1692
f 1693 1736 1695
f 1695 1694 1690
f 1695 1736 1739
f 1695 1739 1694
f 1694 1739 1696
f 1675 1677 1684
f 1675 1686 1674
f 1677 1678 1686
f 1674 1686 1678
f 1688 1685 1770
f 1696 1741 1685
f 1711 1772 1769
f 1741 1771 1685
f 1685 1771 1770
f 1635 1748 1647
f 1647 1748 1648
f 1648 1747 1649
f 1635 1882 1988
f 1635 1988 2001
f 1635 2001 2002
f 1635 2002 1748
f 1662 1698 1699
f 1662 1700 1664
f 1662 1699 1700
f 1664 1700 1701
f 1664 1701 1721
f 1701 1702 1721
f 1702 1703 1720
f 1703 1704 1720
f 1673 1698 1697
f 1698 1705 1699
f 1673 1705 1698
f 1699 1707 1700
f 1700 1707 1701
f 1699 1705 1707
f 1664 1721 1711
f 1664 1708 1706
f 1664 1711 1709
f 1664 1709 1708
f 1673 1680 1705
f 1680 1706 1705
f 1705 1706 1707
f 1706 1708 1707
f 1707 1708 1709
f 1707 1709 1713
f 1709 1711 1710
f 1709 1710 1713
f 1701 1707 1702
f 1702 1707 1714
f 1702 1714 1703
f 1703 1715 1704
f 1703 1714 1715
f 1707 1712 1714
f 1711 1721 1712
f 1707 1713 1712
f 1711 1712 1713
f 1714 1712 1716
f 1714 1716 1715
f 1712 1721 1716
f 1716 1721 1717
f 1715 1716 1717
f 1702 1720 1721
f 1718 1720 1704
f 1718 1719 1720
f 1719 1722 1720
f 1722 1723 1720
f 1720 1723 1724
f 1720 2020 1721
f 1720 1724 2016
f 1718 1704 1715
f 1718 1715 1719
f 1719 1715 1722
f 1722 1715 1723
f 1715 1729 1723
f 1717 1721 1725
f 1721 1726 1725
f 1721 1727 1726
f 1715 1717 1725
f 1715 1725 1727
f 1725 1726 1733
f 1725 1733 1727
f 1715 1727 1729
f 1721 1728 1727
f 1721 1730 1728
f 1726 1727 1734
f 1733 1734 1727
f 1727 1728 1729
f 1723 1729 1724
f 1724 1729 2022
f 1721 2020 1732
f 1721 1731 1730
f 1721 1732 1731
f 1728 1730 1729
f 1729 1730 1731
f 1729 1731 2022
f 1731 1732 1735
f 1731 1735 2022
f 1735 1757 2022
f 1649 1743 1691
f 1691 1743 1693
f 1693 1743 1736
f 1736 1738 1737
f 1736 1737 1739
f 1736 1743 1738
f 1737 1738 1740
f 1738 1743 1742
f 1737 1740 1739
f 1696 1739 1740
f 1696 1740 1741
f 1738 1742 1740
f 1740 1742 1741
f 1742 1745 1741
f 1649 1747 1743
f 1648 1748 1747
f 1743 1747 1744
f 1742 1743 1744
f 1742 1744 1745
f 1744 1746 1745
f 1744 1749 1746
f 1711 1769 1710
f 1710 1769 1713
f 1711 1713 1774
f 1741 1745 1771
f 1711 1774 1772
f 1713 1769 1774
f 1745 1776 1771
f 1745 1746 1776
f 1748 1750 1747
f 1744 1747 1749
f 1750 1749 1747
f 1749 1754 1751
f 1750 1754 1749
f 1746 1749 1751
f 1748 1752 1753
f 1752 2044 1753
f 1748 1753 1750
f 1750 1753 1755
f 1750 1755 1754
f 1753 2045 1755
f 1726 1756 1733
f 1733 1756 1734
f 1726 1734 1781
f 1746 1751 1782
f 1726 1779 1756
f 1734 1756 1781
f 1746 1782 1776
f 1732 1757 1735
f 1751 1754 1782
f 1754 1755 1782
f 1755 2046 1782
f 1119 3704 1155
f 1155 3706 1156
f 1156 3711 1161
f 1161 3712 1163
f 1118 1140 3686
f 1140 1141 3700
f 1141 1142 3701
f 1142 1144 3702
f 1144 1162 3703
f 1162 1164 3719
f 1163 3721 1186
f 1186 3729 1198
f 1164 1178 3720
f 1178 1199 3734
f 1758 1759 1760
f 1319 1762 1759
f 1118 3686 1760
f 1759 1761 1760
f 1321 1763 1762
f 1119 1761 3683
f 1762 1763 1764
f 1763 1350 1767
f 1763 1767 1764
f 1762 1764 1773
f 1759 1762 1791
f 1758 1760 3684
f 1759 3683 1761
f 1759 1791 3680
f 1759 3680 3682
f 1762 1773 1766
f 1686 1687 1767
f 1687 1689 1767
f 1689 1772 1767
f 1764 1767 1772
f 1689 1688 1770
f 1689 1770 1768
f 1689 1768 1772
f 1768 1770 1769
f 1769 1770 1774
f 1768 1769 1772
f 1772 1774 1775
f 1764 1772 1773
f 1762 1766 1791
f 1766 1786 1791
f 1771 1778 1770
f 1770 1775 1774
f 1770 1778 1775
f 1772 1775 1785
f 1771 1776 1778
f 1775 1778 1777
f 1777 1778 1779
f 1775 1777 1785
f 1772 1785 1773
f 1773 1785 1789
f 1726 1785 1779
f 1756 1779 1781
f 1726 1781 1785
f 1778 1780 1779
f 1778 1776 1784
f 1776 1782 1784
f 1779 1780 1781
f 1778 1784 1780
f 1777 1779 1785
f 1780 1785 1781
f 1780 1784 1783
f 1783 1784 2158
f 1780 2163 1785
f 1789 1785 2163
f 1766 1789 1786
f 1765 1790 1787
f 1787 1788 1792
f 1787 1792 2165
f 1786 1793 1788
f 1788 1793 1792
f 1766 1773 1789
f 1786 1789 1793
f 1790 1791 1788
f 1787 1790 1788
f 1786 1788 1791
f 1792 2166 2165
f 1792 1793 2166
f 1119 3683 3704
f 1140 3700 3686
f 1141 3701 3700
f 1142 3702 3701
f 1144 3703 3702
f 1155 3704 3705
f 1155 3705 3706
f 1156 3706 3711
f 1161 3711 3712
f 1162 3719 3703
f 1164 3720 3719
f 1163 3712 3721
f 1186 3721 3729
f 1178 3734 3720
f 1199 3743 3734
f 1198 3729 3735
f 1794 1796 1795
f 1794 1798 1796
f 1796 1798 1797
f 1798 1916 1799
f 1799 1916 1917
f 1444 1800 1808
f 1800 1891 1893
f 1452 1808 1801
f 1452 1801 1802
f 1456 1802 1806
f 1456 1806 1807
f 1801 1803 1802
f 1802 1803 1806
f 1803 1804 1806
f 1490 1804 1803
f 1493 1803 1801
f 1493 1801 1804
f 1801 1805 1804
f 1804 1805 1806
f 1801 1809 1805
f 1805 1809 1806
f 1806 1810 1807
f 1800 1893 1808
f 1801 1808 1893
f 1801 1893 1894
f 1801 1894 1809
f 1821 1813 1894
f 1806 1809 1812
f 1806 1812 1810
f 1809 1894 1811
f 1811 1894 1813
f 1821 1894 1814
f 1811 1813 1812
f 1809 1811 1812
f 1812 1897 1810
f 1813 1814 1899
f 1813 1899 1812
f 1493 1494 1815
f 1494 1816 1815
f 1496 1817 1816
f 1815 1816 1817
f 1815 1817 1818
f 1817 1835 1818
f 1815 1818 1819
f 1815 1819 1820
f 1815 1820 1821
f 1821 1823 1822
f 1495 1815 1824
f 1824 1815 1825
f 1825 1830 1826
f 1825 1815 1830
f 1827 1830 1828
f 1826 1830 1827
f 1829 1828 1830
f 1829 1830 1831
f 1815 1833 1830
f 1830 1833 1831
f 1815 1832 1833
f 1815 1834 1832
f 1815 1840 1834
f 1825 1826 1835
f 1496 1825 1835
f 1826 1827 1836
f 1827 1828 1836
f 1829 1836 1828
f 1826 1836 1835
f 1496 1835 1817
f 1818 1835 1836
f 1818 1836 1819
f 1829 1831 1836
f 1831 1838 1836
f 1831 1833 1838
f 1832 1838 1833
f 1832 1834 1839
f 1834 1840 1839
f 1832 1839 1838
f 1815 1821 1837
f 1836 1820 1819
f 1836 1822 1820
f 1836 1837 1822
f 1821 1822 1837
f 1836 1838 1837
f 1815 1837 1848
f 1815 1848 1849
f 1815 1849 1850
f 1837 1838 1848
f 1838 1839 1848
f 1815 1845 1840
f 1840 1845 1841
f 1815 1847 1845
f 1841 1845 1842
f 1842 1845 1843
f 1844 1843 1845
f 1844 1845 1846
f 1845 1935 1846
f 1845 1847 1936
f 1815 1851 1847
f 1815 1850 1851
f 1839 1849 1848
f 1839 1850 1849
f 1839 1852 1850
f 1839 1854 1852
f 1851 1852 1847
f 1851 1858 1852
f 1850 1852 1858
f 1850 1858 1857
f 1840 1841 1854
f 1841 1842 1854
f 1839 1840 1854
f 1842 1856 1854
f 1842 1843 1856
f 1844 1856 1843
f 1844 1846 1856
f 1846 1861 1856
f 1852 1853 1847
f 1852 1854 1853
f 1854 1855 1853
f 1854 1859 1855
f 1854 1856 1859
f 1847 1853 1855
f 1847 1855 1859
f 1847 1860 1862
f 1847 1859 1860
f 1856 1860 1859
f 1847 1862 1865
f 1847 1865 1863
f 1847 1863 1866
f 1856 1865 1860
f 1856 1861 1865
f 1862 1864 1865
f 1860 1865 1864
f 1863 1865 1861
f 1863 1861 1866
f 1904 1862 1860
f 1904 1860 1864
f 1904 1864 1867
f 1847 1866 1948
f 1862 1867 1864
f 1490 1803 1493
f 1492 1493 1804
f 1492 1804 1490
f 1510 1807 1870
f 1508 1871 1868
f 1868 1872 1869
f 1512 1510 1870
f 1508 1512 1871
f 1512 1870 1871
f 1868 1871 1872
f 1869 1872 1877
f 1871 1870 1873
f 1871 1873 1872
f 1807 1810 1870
f 1870 1810 1873
f 1820 1813 1821
f 1872 1873 1874
f 1872 1874 1877
f 1507 1868 1876
f 1514 1876 1880
f 1868 1869 1876
f 1869 1877 1875
f 1514 1880 1881
f 1513 1881 1882
f 1869 1875 1876
f 1875 1878 1876
f 1875 1877 1878
f 1877 1879 1878
f 1876 1878 1883
f 1877 1874 1879
f 1878 1879 1887
f 1876 1883 1880
f 1880 1883 1881
f 1881 1884 1882
f 1882 1885 1988
f 1881 1883 1884
f 1878 1887 1883
f 1884 1885 1882
f 1883 1887 1884
f 1884 1888 1885
f 1884 1887 1888
f 1885 1888 1889
f 1885 1889 1989
f 1823 1814 1813
f 1873 1810 1897
f 1820 1822 1813
f 1822 1823 1813
f 1821 1814 1823
f 1873 1897 1874
f 1851 1886 1901
f 1851 1902 1858
f 1857 1858 1902
f 1874 1903 1879
f 1874 1897 1903
f 1851 1850 1886
f 1888 1890 1889
f 1989 1889 1890
f 1989 1890 1994
f 1850 1857 1886
f 1879 1903 1887
f 1903 1888 1887
f 1903 1890 1888
f 1903 1994 1890
f 1891 1892 1895
f 1891 2126 1892
f 1892 2116 2118
f 1891 1895 1893
f 1893 1895 1894
f 1814 1894 1898
f 1814 1898 1899
f 1812 1899 1897
f 1894 1895 1896
f 1894 1896 1898
f 1898 1896 1900
f 1892 2118 1895
f 1895 2118 1896
f 1896 2118 2119
f 1851 1901 1896
f 1886 1902 1901
f 1851 1896 1902
f 1898 1900 1899
f 1857 1902 1886
f 1899 1900 1906
f 1899 1903 1897
f 1900 1896 1901
f 1900 1901 1906
f 1901 1902 1906
f 1899 1906 1903
f 1904 1908 1862
f 1910 1867 1862
f 1909 2085 1994
f 1904 1867 1910
f 1903 1909 1994
f 1902 1896 1905
f 1896 1907 1905
f 1902 1905 1906
f 1905 1907 1906
f 1903 1906 1909
f 1906 1907 1912
f 1896 2122 1907
f 1908 1907 2122
f 1904 1910 1908
f 1908 2122 1862
f 1910 1862 2122
f 1908 1912 1907
f 1906 1912 1909
f 2074 1915 1913
f 1909 2094 2085
f 1908 1910 1912
f 1910 1911 1912
f 1910 2122 1911
f 1911 2122 1914
f 1911 1914 1912
f 2073 1913 2125
f 2074 2125 1915
f 1912 2094 1909
f 1912 1914 2124
f 1912 2124 2094
f 1913 2124 1914
f 1913 1915 2124
f 1534 1916 1798
f 1534 1926 1916
f 1534 1928 1926
f 1534 1932 1928
f 1916 1918 1917
f 1916 1919 1918
f 1916 1926 1919
f 1534 1920 1921
f 1534 1921 1922
f 1534 1922 1932
f 1932 1922 1933
f 1933 1922 1925
f 1925 1922 1923
f 1922 1924 1923
f 1921 1924 1922
f 1926 1928 1927
f 1927 1928 1930
f 1928 1931 1930
f 1928 1929 1931
f 1928 1932 1929
f 1543 1934 1920
f 1845 1936 1935
f 1847 1937 1936
f 1847 1938 1937
f 1847 1939 1938
f 1847 1945 1939
f 1847 2072 1945
f 1939 1945 1940
f 1940 1945 1941
f 1942 1945 1943
f 1942 1941 1945
f 1943 1945 1944
f 1944 1945 1963
f 1945 2072 1965
f 1846 1935 1861
f 1935 1936 1861
f 1936 1946 1861
f 1936 1937 1946
f 1937 1938 1946
f 1938 1939 1947
f 1947 1939 1940
f 1938 1947 1946
f 1847 1949 2072
f 1866 1861 1948
f 1861 1946 1948
f 1847 1948 1950
f 1847 1951 1949
f 1847 1950 1951
f 1946 1950 1948
f 1946 1947 1954
f 1946 1952 1951
f 1946 1951 1950
f 1946 1954 1952
f 1947 2075 1954
f 1949 1953 1952
f 1951 1952 1953
f 1940 1941 1955
f 1947 1940 1955
f 1944 1963 1956
f 1942 1955 1941
f 1942 1943 1956
f 1943 1944 1956
f 1942 1956 1955
f 1947 1955 2075
f 1955 2076 2075
f 1955 1956 2076
f 1956 2077 2076
f 1956 2078 2077
f 1956 2080 2078
f 1961 2036 1958
f 1960 1969 1961
f 1960 1961 1959
f 1961 1958 1957
f 1961 1957 1962
f 1959 1961 1962
f 1961 1970 2036
f 1945 1965 1963
f 1964 2072 1968
f 1964 1965 2072
f 1968 2072 1970
f 1961 1967 1966
f 1961 1969 1967
f 1961 1966 1970
f 1966 1968 1970
f 1958 2036 1971
f 1957 1958 1972
f 1960 1972 1969
f 1960 1959 1972
f 1969 1972 1980
f 1957 1972 1962
f 1959 1962 1972
f 1958 1971 1972
f 1971 1981 1972
f 1972 1981 1982
f 1971 2042 1981
f 1963 1965 1973
f 1964 1973 1965
f 1963 1973 1956
f 1964 1974 1973
f 1966 1967 1980
f 1964 1968 1974
f 1966 1974 1968
f 1966 1980 1974
f 1970 2072 1976
f 1980 1979 1974
f 1956 1973 2080
f 1973 2081 2080
f 1973 1975 2081
f 1973 1974 1975
f 1974 1977 1978
f 1975 1974 1978
f 1974 1979 1977
f 1976 2082 1978
f 1975 1978 2082
f 1967 1969 1980
f 1972 1984 1980
f 1980 1984 1986
f 1970 1982 1981
f 1970 1981 2042
f 1970 1985 1983
f 1970 1984 1985
f 1970 1983 1982
f 1972 1982 1983
f 1983 1985 1987
f 1972 1983 2093
f 1970 1977 1979
f 1970 1979 1986
f 1970 1986 1984
f 1970 1976 1978
f 1970 1978 1977
f 1980 1986 1979
f 1972 2093 1984
f 1984 2093 1985
f 1983 1987 2093
f 1885 1989 1988
f 1748 2002 1752
f 1752 2002 2007
f 1752 2007 2055
f 1988 1993 1990
f 1988 1989 1993
f 1988 1997 2001
f 1988 1990 1997
f 1990 1991 1997
f 1991 1992 2087
f 1990 1995 1991
f 1991 1996 1992
f 1989 1994 1993
f 1993 1994 2085
f 1993 2085 1995
f 1990 1993 1995
f 1991 1995 1996
f 1991 2087 1997
f 1998 1997 2087
f 1998 2087 2000
f 1998 1999 1997
f 2003 1997 1999
f 1998 2000 1999
f 2000 2092 1999
f 2002 2004 2007
f 2001 2003 2002
f 2001 1997 2003
f 2003 2004 2002
f 2007 2004 2008
f 2003 2006 2004
f 2004 2005 2008
f 2003 1999 2006
f 2004 2006 2005
f 2007 2058 2055
f 2007 2008 2058
f 2008 2005 2009
f 2008 2060 2058
f 2008 2009 2060
f 1999 2092 2006
f 2013 2010 2016
f 2011 2016 2010
f 2011 2012 2016
f 1720 2016 2020
f 1724 2013 2016
f 2012 2014 2016
f 2014 2015 2016
f 2018 2016 2015
f 2018 2020 2016
f 2017 2019 2020
f 2017 2020 2018
f 2013 2021 2010
f 2011 2010 2027
f 2011 2027 2012
f 2010 2021 2027
f 1724 2022 2013
f 2013 2022 2021
f 1732 2020 2024
f 2022 2024 2023
f 2022 2025 2021
f 2022 2023 2025
f 1757 2024 2022
f 2020 2023 2024
f 2020 2025 2023
f 2020 2026 2025
f 2021 2025 2026
f 2021 2026 2027
f 2012 2027 2014
f 2014 2027 2015
f 2018 2015 2027
f 2018 2027 2028
f 2017 2018 2028
f 2017 2028 2019
f 2019 2029 2036
f 2019 2028 2029
f 2028 2027 2035
f 2027 2033 2035
f 2028 2037 2029
f 2020 2037 2035
f 2020 2038 2037
f 2028 2035 2037
f 2020 2030 2026
f 2020 2032 2031
f 2020 2033 2032
f 2020 2031 2030
f 2020 2035 2033
f 2026 2030 2027
f 2027 2030 2032
f 2027 2032 2033
f 2030 2031 2034
f 2030 2034 2032
f 2019 1970 2020
f 2019 2036 1970
f 2020 1970 2039
f 2029 1971 2036
f 2029 2038 2040
f 2029 2042 1971
f 2029 2040 2041
f 2029 2041 2042
f 2020 2039 2040
f 2020 2040 2038
f 2029 2037 2038
f 2039 2043 2040
f 1970 2041 2039
f 1970 2042 2041
f 2041 2040 2043
f 2041 2063 2039
f 2041 2043 2063
f 1752 2055 2044
f 2044 2049 2045
f 1753 2044 2045
f 1755 2045 2046
f 2045 2050 2046
f 2044 2047 2049
f 2049 2047 2050
f 2044 2055 2056
f 2044 2056 2047
f 2047 2056 2048
f 2045 2049 2050
f 2047 2048 2050
f 2048 2056 2059
f 2032 2034 2064
f 2031 2032 2065
f 2050 2051 2046
f 2050 2048 2051
f 2048 2052 2051
f 2048 2059 2052
f 1732 2158 1757
f 1732 2024 2159
f 1757 2159 2024
f 1782 2046 2051
f 1757 2158 2159
f 1732 2159 2163
f 1782 2051 2053
f 2052 2053 2051
f 2054 2056 2055
f 2054 2055 2057
f 2054 2059 2056
f 2055 2058 2057
f 2057 2058 2061
f 2054 2057 2059
f 2057 2062 2059
f 2058 2060 2061
f 2057 2061 2062
f 2052 2059 2062
f 2052 2062 2067
f 2060 2107 2061
f 2039 2099 2043
f 2043 2099 2063
f 2061 2100 2062
f 2032 2064 2065
f 2031 2164 2034
f 2034 2164 2064
f 2052 2067 2053
f 2064 2066 2065
f 2031 2065 2164
f 2053 2071 2162
f 2162 2068 2066
f 2162 2071 2068
f 2053 2067 2071
f 2062 2100 2067
f 2065 2066 2068
f 2064 2164 2066
f 2068 2071 2069
f 2069 2071 2070
f 2065 2068 2164
f 1953 2074 2073
f 1949 1952 2072
f 1952 1954 2072
f 1949 1951 2073
f 1951 1953 2073
f 1954 2075 2072
f 2072 2075 2076
f 2072 2076 2077
f 2072 2077 2078
f 2072 2078 2080
f 2072 2080 2081
f 1975 2072 2081
f 1975 1976 2072
f 1976 2083 2082
f 1975 2084 1976
f 1975 2082 2084
f 2082 2083 2084
f 1995 2085 2086
f 1995 2086 1996
f 1996 2086 2090
f 1992 2088 2087
f 1992 1996 2088
f 2000 2087 2088
f 1996 2090 2088
f 2000 2088 2089
f 2088 2090 2089
f 2000 2089 2092
f 2073 2074 1913
f 1949 2073 2125
f 1949 2125 1953
f 2085 2094 2086
f 2086 2096 2090
f 2090 2097 2089
f 2005 2006 2106
f 2005 2106 2009
f 2009 2106 2060
f 2006 2092 2106
f 1976 2084 2142
f 2092 2089 2106
f 1976 2098 2083
f 2083 2098 2084
f 1953 2125 2074
f 2086 2094 2096
f 2079 2091 2095
f 2079 2138 2091
f 2079 2095 2137
f 2090 2096 2097
f 2094 2124 2096
f 2091 2138 2095
f 2079 2137 2144
f 2079 2144 2138
f 2096 2136 2097
f 2089 2097 2106
f 2084 2098 2142
f 2097 2136 2140
f 1976 2143 2098
f 1976 2142 2143
f 2114 2140 2141
f 2106 2097 2140
f 2114 2141 2142
f 2098 2114 2142
f 2114 2106 2140
f 1985 2108 1987
f 1987 2108 2093
f 2039 2103 2099
f 2039 2063 2115
f 2061 2107 2100
f 1985 2093 2111
f 2060 2106 2107
f 2110 2100 2107
f 2063 2099 2104
f 2039 2115 2103
f 2067 2100 2102
f 2070 2071 2102
f 2071 2067 2102
f 2070 2102 2101
f 2099 2103 2104
f 2063 2104 2115
f 2103 2102 2104
f 2101 2102 2103
f 2110 2105 2102
f 2110 2102 2100
f 2102 2105 2104
f 2070 2101 2115
f 2101 2103 2115
f 2093 2108 2111
f 1985 2146 2108
f 1985 2111 2146
f 2114 2107 2106
f 2109 2105 2110
f 2108 2110 2112
f 2114 2110 2107
f 2108 2109 2110
f 2109 2146 2105
f 2114 2112 2110
f 2113 2112 2114
f 2098 2113 2114
f 2108 2112 2111
f 2108 2146 2109
f 2111 2112 2146
f 2104 2105 2115
f 2105 2146 2115
f 1892 2126 2116
f 2116 2126 2117
f 2116 2117 2118
f 2117 2126 2128
f 2118 2117 2119
f 2117 2128 2119
f 1896 2119 2122
f 2122 2125 1914
f 1913 1914 2125
f 1915 2123 2124
f 1915 2125 2123
f 2126 2127 2128
f 2119 2495 2122
f 2130 2132 2509
f 2130 2145 2133
f 2123 2134 2124
f 2124 2134 2136
f 2096 2124 2136
f 2123 2125 2134
f 2135 2137 2136
f 2134 2135 2136
f 2095 2138 2137
f 2137 2140 2136
f 2134 2144 2135
f 2135 2144 2137
f 2125 2144 2134
f 2137 2138 2140
f 2138 2139 2140
f 2139 2141 2140
f 2138 2144 2139
f 2144 2141 2139
f 2098 2143 2113
f 2142 2141 2143
f 2144 2143 2141
f 2131 2145 2130
f 2113 2143 2112
f 2112 2143 2146
f 2144 2148 2143
f 2115 2146 2169
f 2143 2169 2146
f 2127 2130 2128
f 2127 2132 2130
f 2128 2130 2133
f 2119 2128 2513
f 2122 2495 2125
f 2125 2495 2144
f 2145 2513 2133
f 2143 2148 2169
f 2144 2493 2148
f 2144 2495 2493
f 2148 2149 2169
f 1198 3735 1242
f 1199 1243 3743
f 3735 2150 1242
f 3735 2151 2150
f 3743 1243 2152
f 1765 1787 2145
f 1732 2163 2158
f 1784 1782 2162
f 1784 2159 2158
f 1784 2162 2160
f 1782 2053 2162
f 1784 2160 2159
f 1780 1783 2163
f 1783 2158 2163
f 2159 2160 2163
f 2160 2162 2161
f 2160 2161 2163
f 1789 2163 2164
f 2161 2162 2066
f 2161 2066 2164
f 2161 2164 2163
f 2068 2069 2164
f 2069 2070 2164
f 1789 2164 1793
f 1765 2145 2131
f 2070 2115 2164
f 1793 2164 2175
f 1765 2131 3874
f 1793 2167 2166
f 2165 2166 3856
f 2166 2167 3860
f 1787 2165 2177
f 1793 2173 2167
f 2165 3856 2177
f 2168 3861 3860
f 2167 2168 3860
f 2131 2130 3874
f 1787 2513 2145
f 2164 2115 2169
f 2164 2169 2171
f 2164 2171 2175
f 1793 2175 2173
f 2169 2149 2170
f 2169 2170 2171
f 2149 2172 2170
f 2171 2170 2172
f 2171 2172 2176
f 1787 2510 2516
f 2175 2174 2173
f 2171 2176 2175
f 2175 2176 2174
f 2176 2511 2174
f 2130 2508 3870
f 1787 2177 2510
f 2167 2174 2168
f 2167 2173 2174
f 2168 2174 2178
f 2168 2178 3861
f 2174 2511 2178
f 2177 2178 2511
f 3871 2178 2177
f 3735 2154 2151
f 3735 2156 2154
f 3743 2152 2153
f 3743 2153 2155
f 3743 2155 2157
f 3735 2501 2156
f 3735 2503 2501
f 3735 2505 2503
f 3743 2157 2502
f 3743 2502 2504
f 3743 2504 2506
f 3735 2523 2505
f 3743 2506 2524
f 3743 2524 2526
f 1102 5881 1103
f 1205 2208 2207
f 1132 1212 5842
f 1103 5881 1200
f 1132 5895 2208
f 2214 5289 2215
f 2132 2491 2539
f 2119 2513 2495
f 2128 2133 2513
f 2148 2493 2494
f 2148 2494 2149
f 2149 2494 2498
f 2493 2495 2494
f 2495 2497 2494
f 2494 2497 2498
f 2495 2499 2500
f 2495 2500 2497
f 2149 2498 2507
f 2491 2529 2539
f 2499 2531 2500
f 2499 2530 2531
f 2495 2547 2499
f 2130 2509 2508
f 2132 2539 2509
f 2149 2507 2172
f 1787 2516 2513
f 2172 2519 2176
f 2176 2519 2511
f 2172 2507 2515
f 2172 2515 2519
f 2516 2510 2511
f 2516 2511 2517
f 2517 2511 2519
f 1094 2522 2512
f 2177 2511 2510
f 2495 2513 2514
f 2513 2517 2514
f 2519 2515 2520
f 2516 2517 2513
f 2517 2518 2514
f 2517 2519 2518
f 2518 2519 2520
f 2495 2514 2547
f 2518 2540 2514
f 2518 2520 2541
f 2518 2541 2540
f 1095 2543 2522
f 3877 2525 2523
f 3743 2526 2528
f 3743 2528 2552
f 3743 2552 2554
f 3743 2554 2556
f 3743 2556 2558
f 3743 2558 5606
f 2529 2546 2539
f 2530 2536 2531
f 2499 2547 5592
f 2529 5579 2546
f 2214 2533 2532
f 2214 2215 2534
f 2214 2534 2533
f 2532 2538 2537
f 2530 2535 2536
f 2532 2533 2538
f 2214 2532 5580
f 2532 2537 5585
f 2533 2534 5582
f 2533 5581 2538
f 2535 5584 2536
f 2499 5635 2530
f 2537 2538 5586
f 2499 5592 5598
f 1096 2545 2543
f 2514 2540 2547
f 2540 2541 2548
f 2540 2548 2547
f 2522 2543 7958
f 2545 7958 2543
f 1097 5591 2545
f 2547 2548 5593
f 2547 5593 5592
f 2545 5591 7958
f 3743 5606 5607
f 3743 5607 5609
f 55 2730 2729
f 71 2731 2730
f 72 2733 2731
f 73 2732 2733
f 496 2727 497
f 497 2727 2728
f 2727 2734 2728
f 2728 2734 2735
f 484 2729 2769
f 496 2771 2727
f 494 2771 496
f 497 2728 2767
f 2727 2778 2734
f 2728 2735 2767
f 2729 2730 2736
f 2730 2737 2736
f 2730 2731 2737
f 2731 2733 2738
f 2732 2739 2733
f 2731 2738 2737
f 2733 2739 2738
f 2732 2741 2739
f 2734 2744 2735
f 2735 2744 2745
f 2736 2737 2740
f 2737 2742 2740
f 2737 2738 2742
f 2738 2739 2743
f 2739 2741 2746
f 2742 2738 2743
f 2739 2746 2743
f 2734 2797 2744
f 2741 2801 2746
f 2741 2795 2801
f 2744 2797 2745
f 2729 2770 2769
f 2729 2777 2770
f 2735 2745 2768
f 2729 2736 3347
f 2734 2807 2797
f 2745 2797 2798
f 2745 2798 2779
f 484 2751 2748
f 484 2752 2751
f 484 2769 2752
f 2747 2748 2765
f 2748 2754 2765
f 494 2750 2753
f 494 2753 2758
f 494 2758 2771
f 494 2749 2750
f 497 2767 1037
f 2749 2766 2755
f 2749 2755 2750
f 2754 2755 2766
f 2748 2751 2754
f 2754 2751 2756
f 2751 2752 2756
f 2752 2769 2759
f 2756 2752 2759
f 2727 2771 2775
f 2735 2768 2767
f 2754 2756 2755
f 2755 2757 2750
f 2756 2757 2755
f 2750 2757 2753
f 2753 2760 2758
f 2756 2759 2757
f 2753 2757 2760
f 2759 2760 2757
f 2759 2772 2760
f 2758 2760 2773
f 2761 2747 2763
f 2763 2747 2765
f 2761 2763 837
f 2763 2765 2764
f 2762 2766 2749
f 2762 2764 2766
f 2764 2765 2766
f 2763 838 837
f 2763 2764 838
f 835 2764 2762
f 2754 2766 2765
f 2729 2780 2777
f 2759 2769 2772
f 2769 2770 2772
f 2772 2770 2774
f 2770 2777 2774
f 2774 2777 2782
f 2727 2775 2778
f 2734 2778 2784
f 2745 2779 2768
f 2758 2773 2771
f 2772 2773 2760
f 2772 2774 2773
f 2771 2773 2776
f 2773 2774 2776
f 2771 2776 2775
f 2774 2782 2776
f 2776 2783 2775
f 2775 2783 2778
f 2729 2781 2780
f 2729 2809 2781
f 2734 2784 2787
f 2734 2787 2810
f 2798 2829 2779
f 2782 2783 2776
f 2777 2780 2782
f 2782 2780 2785
f 2780 2781 2785
f 2781 2788 2785
f 2781 2809 2788
f 2782 2785 2783
f 2778 2783 2786
f 2778 2786 2784
f 2785 2786 2783
f 2785 2788 2786
f 2784 2786 2789
f 2784 2789 2787
f 2788 2789 2786
f 2788 2811 2789
f 2787 2789 2812
f 2811 2812 2789
f 438 3684 2732
f 2732 3684 2741
f 2741 3762 2795
f 2741 3684 3745
f 2741 3745 3762
f 2795 3762 3763
f 2795 3763 3904
f 1037 2767 2508
f 2767 2768 3870
f 2508 2767 3870
f 2790 3873 2792
f 2768 3874 3870
f 2792 3876 2791
f 2768 2779 3874
f 2779 2829 3892
f 2791 3875 2793
f 2779 3892 3874
f 2793 3893 2794
f 2829 4024 3892
f 2742 2796 2740
f 2742 2799 2796
f 2742 2743 2799
f 2743 2746 2800
f 2743 2800 2799
f 2746 2801 2800
f 2796 2799 2802
f 2736 2740 3347
f 2795 2803 2801
f 2799 2800 2804
f 2800 2801 2805
f 2797 2807 2798
f 2798 2807 2808
f 2799 2804 2802
f 2801 2803 2806
f 2804 2800 2805
f 2801 2806 2805
f 2734 2819 2807
f 2798 2808 2829
f 2734 3345 2819
f 2740 2796 3347
f 2802 2804 2813
f 2804 2814 2813
f 2796 2802 3347
f 2804 2805 2814
f 2803 2815 2806
f 2806 2816 2805
f 2806 2815 2817
f 2805 2816 2814
f 2806 2817 2816
f 2807 2819 2808
f 2808 2819 2820
f 2729 3387 2809
f 2788 2809 2811
f 2809 3327 2811
f 2787 2812 2810
f 2734 2810 3403
f 2811 3329 2812
f 2810 2812 3331
f 2808 3332 2829
f 2729 3347 3394
f 2808 2820 3332
f 2734 3403 3345
f 2802 2813 2818
f 2813 2814 2818
f 2814 2822 2818
f 2802 2818 3347
f 2814 2816 2822
f 2815 2821 2817
f 2817 2823 2816
f 2822 2816 2823
f 2817 2821 2823
f 2819 3345 2820
f 2815 3344 2821
f 2795 3905 2803
f 2803 3930 2815
f 2795 3904 3905
f 2803 3905 3906
f 2803 3906 3919
f 2803 3919 3920
f 2803 3920 3929
f 2803 3929 3930
f 2815 3930 3931
f 2815 3931 3933
f 2815 3933 3963
f 2815 3963 3964
f 2815 4005 3344
f 2815 3964 4005
f 3344 4005 4006
f 3344 4006 4059
f 2826 2889 2895
f 2824 2889 2826
f 2824 2825 2890
f 2825 2830 2891
f 2824 2826 2851
f 2824 2832 2825
f 2825 2891 2890
f 2824 2890 2889
f 2826 2895 2827
f 2826 2850 2849
f 2826 2827 2852
f 2895 2905 2827
f 2827 2905 2828
f 2852 2827 2853
f 2853 2827 2860
f 2860 2827 2863
f 2827 2828 2888
f 2831 2911 2910
f 2831 2910 2830
f 2825 2833 2830
f 2824 2851 2832
f 2825 2832 2833
f 2831 2830 2837
f 2830 2833 2837
f 2831 2837 2838
f 2832 2851 2834
f 2832 2835 2833
f 2833 2840 2837
f 2832 2834 2835
f 2833 2835 2840
f 2830 2910 2891
f 2836 2914 2911
f 2831 2838 2836
f 2831 2836 2911
f 2836 2838 2839
f 2836 2839 2844
f 2837 2841 2838
f 2837 2840 2841
f 2838 2842 2839
f 2838 2841 2842
f 2836 2844 2843
f 2836 2843 2914
f 2843 2844 2845
f 2839 2846 2844
f 2839 2842 2846
f 2844 2846 2847
f 2844 2847 2845
f 2845 2848 2872
f 2845 2847 2848
f 2826 2849 2851
f 2826 2852 2850
f 2851 2849 2854
f 2849 2850 2855
f 2849 2855 2854
f 2850 2856 2855
f 2851 2854 2834
f 2850 2852 2856
f 2852 2853 2857
f 2856 2852 2857
f 2853 2858 2857
f 2853 2860 2858
f 2860 2859 2858
f 2860 2863 2859
f 2863 2861 2859
f 2863 2864 2861
f 2864 2865 2861
f 2864 2869 2865
f 2865 2869 2862
f 2871 2878 2867
f 2866 2871 2867
f 2878 2868 2867
f 2869 2870 2862
f 2870 2866 2862
f 2870 2871 2866
f 2843 2845 2873
f 2843 2873 2915
f 2873 2845 2872
f 2872 2877 2874
f 2872 2882 2877
f 2872 2848 2882
f 2873 2872 2874
f 2877 2880 2875
f 2877 2875 2874
f 2843 2915 2914
f 2873 2916 2915
f 2873 2874 2916
f 2880 2876 2875
f 2874 2875 2917
f 2875 2876 3352
f 2874 2917 2916
f 2875 3352 2917
f 2877 2883 2880
f 2884 2881 2880
f 2877 2882 2883
f 2883 2884 2880
f 2884 2885 2881
f 2878 2879 2868
f 2885 2879 2881
f 2885 2868 2879
f 2880 2881 2876
f 2871 2886 2878
f 2878 2886 2879
f 2879 2886 2881
f 2881 2886 2876
f 2876 2886 3354
f 2863 2827 2887
f 2863 2887 2864
f 2864 2887 2869
f 2869 2887 2870
f 2827 2888 2887
f 2870 2887 2871
f 2871 2887 2886
f 2886 2887 2948
f 2886 2948 3354
f 2887 2888 2947
f 2887 2947 2948
f 2889 2890 2893
f 2889 2892 2895
f 2891 2894 2890
f 2895 2892 2896
f 2889 2893 2892
f 2894 2893 2890
f 2891 2912 2894
f 2895 2896 2897
f 2892 2898 2896
f 2896 2898 2901
f 2892 2899 2898
f 2892 2893 2899
f 2893 2900 2899
f 2898 2928 2901
f 2894 2900 2893
f 2898 2899 2923
f 2900 2923 2899
f 2896 2901 2902
f 2896 2902 2897
f 2901 2903 2902
f 2901 2929 2903
f 2903 2930 2904
f 2897 2902 6986
f 2902 2903 6975
f 2903 2904 6979
f 2904 2931 6979
f 2895 2897 2905
f 2828 2905 2906
f 2905 2908 2906
f 2897 2909 2905
f 2905 2907 2908
f 2905 2909 2907
f 2828 2906 2950
f 2906 2908 2950
f 3148 2908 2907
f 3148 2907 2909
f 2897 6991 2909
f 2891 2910 2912
f 2834 2923 2835
f 2910 2911 2913
f 2911 2914 2918
f 2835 2925 2840
f 2840 2925 2841
f 2841 2926 2842
f 2842 2926 2846
f 2846 2927 2847
f 2847 2927 2848
f 2910 2913 2912
f 2835 2923 2925
f 2911 2918 2913
f 2841 2925 2926
f 2846 2926 2927
f 2848 2927 2942
f 2854 2855 2928
f 2855 2856 2928
f 2856 2857 2929
f 2857 2858 2929
f 2854 2923 2834
f 2858 2859 2930
f 2859 2861 2930
f 2861 2865 2932
f 2865 2862 2932
f 2862 2866 2933
f 2866 2867 2933
f 2885 2934 2868
f 2867 2868 2934
f 2854 2928 2923
f 2856 2929 2928
f 2858 2930 2929
f 2861 2932 2930
f 2862 2933 2932
f 2867 2934 2933
f 2914 2915 2919
f 2915 2916 2920
f 2916 2917 2921
f 2914 2919 2918
f 2915 2920 2919
f 2916 2921 2920
f 2848 2942 2882
f 2882 2942 2883
f 2883 2943 2884
f 2884 2943 2885
f 2883 2942 2943
f 2885 2943 2934
f 2912 2924 2922
f 2894 2922 2900
f 2894 2912 2922
f 2900 2922 2925
f 2898 2923 2928
f 2922 2924 2925
f 2900 2925 2923
f 2912 2913 2924
f 2913 2937 2924
f 2913 2918 2937
f 2924 2926 2925
f 2924 2937 2926
f 2937 2927 2926
f 2901 2928 2929
f 2929 2930 2903
f 2931 2930 2932
f 2904 2930 2931
f 2931 2932 2935
f 2932 2933 2936
f 2932 2936 2935
f 2933 2944 2936
f 2931 2935 7003
f 2935 2936 7006
f 2936 2944 7007
f 2937 2938 2927
f 2918 2938 2937
f 2927 2939 2942
f 2918 2919 2938
f 2927 2938 2939
f 2919 2939 2938
f 2919 2920 2939
f 2942 2939 2940
f 2942 2940 2941
f 2920 2940 2939
f 2920 2921 2940
f 2921 2941 2940
f 2933 2934 2945
f 2943 2945 2934
f 2942 2941 2943
f 2943 3369 2945
f 2933 2945 2944
f 2943 2941 3369
f 3369 2949 2945
f 3369 2946 2949
f 2944 2945 7020
f 2945 2949 7020
f 2828 2950 2888
f 3354 2948 2946
f 2888 2950 2947
f 2947 2951 2948
f 2947 2950 2951
f 2948 2951 2952
f 2946 2948 2952
f 2908 3288 2950
f 2946 7059 2949
f 2946 2952 7059
f 2790 2957 1094
f 2790 2792 2957
f 2957 2792 2791
f 2957 2791 2793
f 2953 2990 2955
f 2954 2957 2965
f 2953 2954 2965
f 2953 3052 2954
f 2954 3053 2957
f 2953 2955 3054
f 2956 3055 2955
f 1094 2957 3056
f 2956 2955 2990
f 2956 2974 2958
f 2956 2971 2972
f 2956 2990 2970
f 2956 2970 2971
f 2956 2972 2974
f 2953 2960 2990
f 2953 2959 2960
f 2953 2961 2959
f 2953 2965 2961
f 2957 2967 2965
f 2957 2968 2967
f 2957 2969 2968
f 2957 2992 2969
f 2957 2997 2992
f 2957 2998 2997
f 2957 2999 2998
f 2957 3000 2999
f 2957 3003 3000
f 2957 3002 3003
f 2962 2963 2964
f 2963 2965 2964
f 2964 2965 2966
f 2962 2964 2966
f 2962 2966 2967
f 2965 2967 2966
f 2961 2963 2962
f 2961 2965 2963
f 2957 3004 3002
f 2957 3011 3004
f 2958 2982 2980
f 2958 2974 2978
f 2958 2978 2979
f 2958 2979 2981
f 2972 2975 2974
f 2972 2973 2975
f 2958 2981 2982
f 2973 2976 2975
f 2974 2975 2976
f 2974 2976 2977
f 2973 2977 2976
f 2974 2977 2978
f 2973 2978 2977
f 2980 2982 2987
f 2981 2983 2982
f 2978 3005 2979
f 2979 3005 2981
f 2981 2984 2983
f 2981 3005 2984
f 2982 2986 2985
f 2982 2983 2986
f 2983 2984 2986
f 2984 2985 2986
f 2982 2985 2987
f 2984 2987 2985
f 2984 3005 2987
f 2980 2987 2988
f 2980 2988 2989
f 2980 2989 3016
f 2987 3005 2988
f 2988 3005 2989
f 2989 3017 3016
f 2989 3018 3017
f 2960 2991 2990
f 2970 2990 2991
f 2960 2970 2991
f 2959 3005 2960
f 2960 3005 2970
f 2961 2962 3005
f 2962 2967 3005
f 2967 2968 3005
f 2961 3005 2959
f 2969 2992 2994
f 2969 2994 2993
f 2994 2992 2995
f 2992 2996 2995
f 2993 2995 2996
f 2994 2995 2993
f 2992 2997 2996
f 2993 2996 2997
f 2968 2969 3005
f 2969 2993 3005
f 2970 3005 2971
f 2971 3005 2972
f 2972 3005 2973
f 2973 3005 2978
f 2993 2997 3005
f 2997 2998 3005
f 2998 2999 3005
f 2999 3000 3001
f 2999 3001 3003
f 3000 3003 3001
f 2999 3003 3005
f 3002 3005 3003
f 3002 3004 3005
f 3004 3008 3005
f 3005 3008 3013
f 3005 3013 3014
f 2989 3005 3018
f 3018 3005 3019
f 3019 3005 3020
f 3005 3014 3006
f 3005 3006 3024
f 3005 3024 3028
f 3005 3028 3030
f 3006 3025 3007
f 3006 3007 3024
f 3007 3025 3027
f 3004 3009 3008
f 3004 3011 3009
f 3008 3009 3010
f 3009 3011 3010
f 3008 3010 3012
f 3010 3011 3012
f 3008 3012 3013
f 3013 3012 3011
f 2956 2958 3064
f 2958 2980 3120
f 2957 3051 3011
f 2957 2793 3051
f 2829 3332 4024
f 2793 2794 3051
f 2794 3015 3051
f 3015 3676 3051
f 2980 3016 3021
f 3016 3017 3018
f 3016 3018 3047
f 3021 3016 3047
f 3018 3019 3047
f 3019 3020 3047
f 3020 3031 3047
f 3020 3005 3022
f 3022 3005 3034
f 3034 3005 3035
f 3035 3005 3036
f 3036 3005 3037
f 3005 3042 3037
f 3020 3023 3031
f 3020 3022 3023
f 3005 3029 3045
f 3005 3030 3029
f 3005 3044 3042
f 3005 3045 3044
f 3025 3028 3026
f 3024 3026 3028
f 3025 3026 3027
f 3024 3027 3026
f 3007 3027 3024
f 3029 3043 3046
f 3045 3029 3046
f 3022 3032 3023
f 3023 3032 3031
f 3022 3033 3032
f 3031 3032 3033
f 3031 3033 3034
f 3022 3034 3033
f 3036 3037 3041
f 3036 3041 3038
f 3038 3039 3042
f 3039 3040 3042
f 3037 3042 3040
f 3037 3040 3039
f 3038 3041 3039
f 3037 3039 3041
f 3045 3046 3043
f 3031 3034 3049
f 3013 3011 3051
f 3013 3051 3014
f 3014 3051 3006
f 3006 3051 3025
f 3025 3051 3028
f 3029 3051 3043
f 3028 3051 3030
f 3029 3030 3051
f 3031 3048 3047
f 3031 3049 3048
f 3034 3035 3049
f 3035 3036 3049
f 3036 3038 3049
f 3045 3043 3050
f 3044 3045 3050
f 3042 3044 3050
f 3038 3042 3050
f 3038 3050 3049
f 3043 3051 3050
f 2980 3021 3221
f 3021 3047 3261
f 3047 3048 3262
f 3048 3049 3283
f 3049 3050 3284
f 3050 3051 3285
f 3051 3676 3285
f 2794 3896 3015
f 2954 3052 3053
f 2953 3054 3052
f 2955 3055 3054
f 3052 3054 3060
f 3055 3060 3054
f 3052 3060 3061
f 3052 3061 3087
f 3052 3084 3053
f 3053 3089 3056
f 3053 3084 3085
f 3053 3085 3086
f 3052 3087 3082
f 3052 3082 3083
f 3052 3083 3084
f 3053 3086 3089
f 3056 3089 3091
f 3056 3091 3092
f 3056 3092 3106
f 3053 3056 2957
f 2956 3064 3055
f 2958 3120 3064
f 2980 3221 3120
f 3057 3059 3058
f 3057 3060 3059
f 3058 3059 3061
f 3057 3058 3061
f 3055 3062 3063
f 3055 3063 3060
f 3055 3072 3062
f 3055 3073 3072
f 3057 3061 3060
f 3059 3063 3061
f 3059 3060 3063
f 3055 3064 3074
f 3064 3075 3074
f 3064 3076 3075
f 3064 3117 3076
f 3066 3067 3065
f 3066 3065 3073
f 3065 3067 3073
f 3066 3074 3067
f 3070 3069 3068
f 3098 3068 3069
f 3098 3070 3068
f 3070 3071 3069
f 3098 3069 3071
f 3098 3071 3070
f 3055 3074 3073
f 3066 3073 3074
f 3067 3075 3073
f 3067 3074 3075
f 3077 3079 3078
f 3077 3078 3084
f 3078 3079 3085
f 3077 3085 3079
f 3080 3090 3081
f 3080 3081 3089
f 3080 3091 3090
f 3077 3084 3083
f 3078 3085 3084
f 3077 3083 3085
f 3080 3089 3088
f 3080 3088 3091
f 3086 3088 3089
f 3081 3090 3091
f 3081 3091 3089
f 3096 3094 3095
f 3093 3095 3094
f 3093 3094 3096
f 3093 3096 3097
f 3096 3095 3097
f 3093 3097 3095
f 3100 3102 3101
f 3099 3100 3101
f 3099 3102 3100
f 3099 3101 3102
f 3103 3105 3104
f 3103 3104 3108
f 3104 3105 3109
f 3103 3109 3105
f 3103 3108 3107
f 3103 3107 3109
f 3104 3109 3108
f 3064 3118 3117
f 3064 3119 3118
f 3064 3120 3119
f 3111 3113 3112
f 3111 3114 3113
f 3112 3113 3114
f 3111 3112 3114
f 3115 3116 3121
f 3115 3118 3116
f 3115 3121 3118
f 3116 3119 3121
f 3116 3118 3119
f 3118 3121 3127
f 3120 3221 3119
f 3119 3221 3127
f 3127 3221 3128
f 3123 3122 3125
f 3123 3125 3124
f 3123 3124 3126
f 3124 3125 3126
f 3125 3122 3126
f 3123 3126 3122
f 3119 3127 3121
f 3129 3132 3131
f 3129 3130 3132
f 3129 3131 3130
f 3130 3133 3132
f 3130 3131 3133
f 3131 3132 3133
f 3134 3144 3135
f 3134 3135 3138
f 3134 3145 3144
f 3135 3144 3145
f 3134 3138 3137
f 3134 3137 3145
f 3135 3145 3138
f 3140 3141 3142
f 3140 3139 3141
f 3140 3142 3139
f 3139 3142 3143
f 3139 3143 3141
f 3142 3141 3143
f 3056 3106 3107
f 3056 3107 3108
f 3056 3108 3109
f 3056 3109 3110
f 3056 3110 3136
f 3056 3136 3137
f 3056 3137 3138
f 3056 3138 3145
f 3056 3145 3146
f 3056 3146 3147
f 3056 3147 3244
f 3056 3244 3245
f 3056 3245 3285
f 3148 2909 3149
f 3148 3149 3151
f 3149 3150 3151
f 3148 3161 2908
f 3148 3171 3157
f 3148 3158 3159
f 3148 3156 3158
f 3148 3157 3156
f 3148 3151 3165
f 3148 3165 3166
f 3148 3166 3171
f 3151 3167 3165
f 3151 3168 3167
f 3151 3169 3168
f 3151 3170 3169
f 3151 3172 3170
f 3151 3152 3172
f 3152 3173 3172
f 3152 3174 3173
f 3152 3154 3176
f 3151 3150 3152
f 3150 3153 3152
f 3153 3154 3152
f 3153 3155 3154
f 3149 2909 7108
f 3149 7108 3150
f 3150 7109 3153
f 3153 7111 3155
f 3154 3155 3197
f 3155 3199 3197
f 1097 3056 7282
f 3155 7114 3199
f 2908 3161 3163
f 2908 3163 3164
f 3087 3061 3171
f 3061 3063 3171
f 3062 3158 3063
f 3062 3072 3159
f 3063 3157 3171
f 3062 3159 3158
f 3148 3160 3162
f 3148 3159 3160
f 3148 3162 3161
f 2908 3164 3182
f 2908 3182 3183
f 2908 3183 3185
f 2908 3185 3184
f 2908 3184 3186
f 3072 3073 3162
f 3072 3162 3160
f 3072 3160 3159
f 3073 3075 3163
f 3075 3076 3163
f 3076 3164 3163
f 3087 3166 3082
f 3082 3169 3083
f 3083 3169 3085
f 3087 3171 3166
f 3082 3166 3167
f 3082 3167 3168
f 3082 3168 3169
f 3085 3169 3086
f 3086 3169 3170
f 3086 3173 3088
f 3088 3174 3091
f 3086 3170 3173
f 3088 3173 3174
f 3091 3174 3092
f 3092 3175 3106
f 3092 3174 3175
f 3152 3175 3174
f 3152 3176 3175
f 3154 3197 3176
f 3176 3197 3177
f 3177 3197 3178
f 3106 3175 3177
f 3106 3177 3178
f 3106 3178 3179
f 3106 3179 3107
f 3107 3179 3109
f 3109 3179 3110
f 3110 3179 3180
f 3110 3180 3190
f 3178 3197 3179
f 3180 3197 3181
f 3179 3197 3180
f 3181 3198 3190
f 2908 3186 3187
f 2908 3187 3188
f 2908 3188 3189
f 2908 3189 3286
f 2908 3286 3287
f 2908 3287 3288
f 3076 3117 3182
f 3076 3182 3164
f 3117 3185 3182
f 3117 3118 3184
f 3118 3127 3184
f 3127 3128 3184
f 3117 3184 3185
f 3128 3186 3184
f 3128 3187 3186
f 3128 3216 3189
f 3128 3189 3187
f 3216 3286 3189
f 3110 3190 3136
f 3136 3190 3191
f 3136 3192 3137
f 3137 3192 3145
f 3136 3191 3192
f 3190 3198 3191
f 3145 3195 3146
f 3145 3194 3195
f 3146 3195 3196
f 3146 3196 3147
f 3147 3196 3297
f 3063 3158 7118
f 3157 7116 3156
f 3063 7171 3157
f 3156 7118 3158
f 3162 7121 3161
f 3073 7123 3162
f 3073 3163 7123
f 3161 7123 3163
f 3166 3165 7126
f 3166 7126 3167
f 3165 3167 7125
f 3172 7130 3170
f 3172 3173 7133
f 3170 7130 3173
f 3175 3176 7135
f 3175 7135 3177
f 3176 3177 7136
f 3180 3181 7140
f 3180 7140 3190
f 3181 3190 7150
f 3182 7142 3183
f 3182 3185 7145
f 3183 7145 3185
f 3187 7148 3188
f 3187 3189 7149
f 3188 7149 3189
f 3145 3192 7152
f 3145 7152 3194
f 3192 3193 7152
f 3193 3194 7153
f 3181 3197 3198
f 3197 3199 3198
f 3198 3199 3200
f 3198 3192 3191
f 3198 3193 3192
f 3198 3201 3193
f 3193 3318 3194
f 3194 3318 3195
f 3193 3201 3318
f 3198 3200 3201
f 3200 3202 3201
f 3201 3202 3318
f 3199 7157 3200
f 3200 7158 3202
f 3202 7161 3319
f 3021 3261 3221
f 3047 3262 3261
f 3128 3221 3216
f 3221 3217 3216
f 3221 3218 3217
f 3203 3204 3205
f 3203 3217 3204
f 3203 3205 3217
f 3204 3218 3205
f 3207 3208 3206
f 3207 3209 3208
f 3207 3206 3209
f 3208 3209 3210
f 3208 3210 3206
f 3206 3210 3209
f 3211 3214 3212
f 3211 3213 3214
f 3211 3212 3213
f 3212 3214 3215
f 3212 3215 3213
f 3214 3213 3215
f 3204 3217 3218
f 3205 3219 3217
f 3205 3218 3219
f 3218 3261 3219
f 3221 3261 3218
f 3223 3224 3222
f 3223 3225 3224
f 3222 3224 3225
f 3223 3222 3227
f 3222 3225 3227
f 3223 3228 3225
f 3219 3261 3220
f 3223 3227 3228
f 3225 3228 3229
f 3225 3229 3227
f 3220 3261 3226
f 3228 3227 3261
f 3226 3261 3227
f 3231 3235 3232
f 3234 3232 3233
f 3234 3233 3235
f 3232 3235 3233
f 3231 3232 3234
f 3231 3234 3235
f 3236 3237 3238
f 3236 3239 3237
f 3237 3239 3238
f 3238 3239 3240
f 3236 3240 3239
f 3236 3238 3240
f 3241 3243 3242
f 3241 3242 3245
f 3241 3246 3243
f 3242 3243 3246
f 3241 3245 3244
f 3241 3244 3246
f 3242 3246 3245
f 3249 3248 3252
f 3249 3252 3250
f 3249 3250 3251
f 3249 3251 3248
f 3248 3251 3252
f 3250 3252 3251
f 3254 3253 3255
f 3255 3253 3256
f 3254 3256 3253
f 3254 3255 3259
f 3255 3256 3259
f 3254 3259 3258
f 3254 3258 3256
f 3228 3262 3229
f 3229 3262 3230
f 3228 3261 3262
f 3230 3262 3270
f 3270 3262 3272
f 3272 3262 3283
f 3263 3265 3266
f 3263 3266 3275
f 3263 3276 3265
f 3265 3276 3266
f 3269 3267 3268
f 3269 3281 3267
f 3269 3268 3280
f 3267 3279 3268
f 3264 3271 3272
f 3264 3272 3273
f 3264 3273 3271
f 3263 3275 3276
f 3275 3266 3277
f 3266 3276 3277
f 3270 3272 3271
f 3270 3271 3273
f 3269 3280 3281
f 3267 3281 3279
f 3268 3279 3280
f 3257 3258 3285
f 3258 3259 3285
f 3259 3256 3285
f 3282 3285 3260
f 3256 3260 3285
f 3272 3284 3273
f 3273 3284 3274
f 3274 3284 3275
f 3275 3284 3276
f 3278 3284 3281
f 3281 3284 3279
f 3276 3284 3277
f 3277 3284 3278
f 3272 3283 3284
f 3280 3285 3282
f 3279 3285 3280
f 3245 3246 3285
f 3246 3247 3285
f 3247 3257 3285
f 3048 3283 3262
f 3049 3284 3283
f 3050 3285 3284
f 3279 3284 3285
f 3216 3217 3286
f 3217 3219 3286
f 3219 3287 3286
f 3219 3220 3287
f 3220 3226 3290
f 3220 3289 3287
f 3220 3290 3289
f 3226 3227 3291
f 3226 3291 3290
f 3227 3229 3291
f 3229 3292 3291
f 3229 3230 3294
f 3230 3270 3296
f 3294 3230 3295
f 3230 3296 3295
f 3147 3297 3244
f 3244 3301 3246
f 3244 3299 3301
f 3247 3300 3257
f 3246 3301 3247
f 3247 3301 3300
f 3196 3318 3297
f 3297 3318 3298
f 3298 3320 3299
f 3282 3260 3302
f 3282 3302 3316
f 3257 3306 3258
f 3257 3300 3304
f 3257 3304 3305
f 3257 3305 3306
f 3258 3306 3256
f 3256 3306 3260
f 3260 3307 3302
f 3260 3306 3307
f 3299 3320 3301
f 3300 3320 3303
f 3301 3320 3300
f 3303 3317 3304
f 3305 3304 3317
f 3288 3289 2950
f 3289 3290 2950
f 3290 3291 2950
f 3291 3292 2950
f 3292 3293 2950
f 3293 3294 2950
f 3294 3295 2950
f 2950 3295 3296
f 2950 3296 3309
f 2950 3309 3323
f 3273 3274 3310
f 3270 3273 3310
f 3274 3275 3311
f 3275 3277 3311
f 3277 3278 3311
f 3278 3281 3312
f 3270 3310 3296
f 3274 3311 3310
f 3278 3312 3311
f 3281 3313 3312
f 3281 3280 3314
f 3280 3282 3314
f 3282 3316 3314
f 3309 3310 3323
f 3310 3311 3323
f 3311 3312 3323
f 3302 3308 3323
f 3312 3313 3323
f 3313 3315 3323
f 3315 3314 3323
f 3314 3316 3323
f 3302 3323 3316
f 3305 3317 3306
f 3307 3306 3317
f 3307 3317 3308
f 3303 3320 3317
f 3308 3317 3324
f 3308 3324 3323
f 3317 3322 3324
f 3287 7206 3288
f 3287 3289 7208
f 3288 7208 3289
f 3229 7213 3292
f 3229 3294 7213
f 3292 7212 3293
f 3293 7213 3294
f 3244 3297 7216
f 3244 7216 3299
f 3297 3298 7216
f 3298 3299 7218
f 3300 3303 7219
f 3302 7221 3308
f 3300 7219 3304
f 3303 3304 7222
f 3307 3308 7226
f 3307 7226 3302
f 3296 7215 3309
f 3309 7229 3310
f 3296 3310 7229
f 3281 3314 7233
f 3281 7233 3313
f 3315 7233 3314
f 3313 7234 3315
f 3195 3318 3196
f 3298 3318 3320
f 3202 3319 3318
f 3318 3319 3320
f 3319 3321 3320
f 3320 3321 3317
f 3317 3321 3322
f 3319 7237 3321
f 3056 3285 7858
f 3321 7239 3322
f 2950 3323 2951
f 2951 3323 3326
f 2951 3326 2952
f 3323 3325 3326
f 3324 3325 3323
f 3324 3322 3325
f 2952 3326 7056
f 3325 3322 7240
f 3326 3325 7242
f 2811 3327 3329
f 3327 3328 3329
f 3329 3328 3333
f 3333 3328 3336
f 3333 3336 3338
f 2812 3329 3331
f 2810 3331 3330
f 3329 3333 3331
f 3331 3334 3330
f 3333 3334 3331
f 3330 3334 3335
f 3334 3339 3335
f 3333 3338 3334
f 3335 3339 3337
f 3338 3339 3334
f 2729 3394 3387
f 2809 3387 3327
f 3327 3387 3328
f 2820 3346 3332
f 2810 3330 3403
f 3330 3335 3403
f 3338 3342 3339
f 2876 3354 3352
f 3336 3340 3338
f 3338 3340 3342
f 3328 3387 3336
f 3342 3340 3357
f 3342 3357 3363
f 3336 3387 3340
f 3340 3387 3357
f 3337 3339 3343
f 3337 3343 3341
f 3342 3343 3339
f 3332 3346 3355
f 3335 3337 3403
f 3342 3363 3343
f 3343 3364 3341
f 3341 3364 3365
f 3337 3341 3384
f 3343 3363 3364
f 2818 2822 3347
f 2822 2823 3348
f 2823 2821 3350
f 2821 3344 3349
f 2820 3345 3346
f 2821 3349 3350
f 2822 3348 3347
f 2823 3350 3348
f 3344 3351 3349
f 3345 3403 3346
f 3346 3413 3355
f 3346 3403 3413
f 3347 3348 3409
f 3347 3409 3394
f 3348 3350 3409
f 3350 3349 3410
f 3349 3351 3410
f 3350 3410 3411
f 3350 3411 3409
f 2917 3352 3353
f 2917 3353 2921
f 3352 3354 3356
f 3352 3356 3353
f 3354 2946 3356
f 3357 3361 3363
f 3363 3361 3367
f 3357 3362 3361
f 3359 3360 3358
f 3359 3361 3362
f 3359 3367 3361
f 3359 3358 3367
f 3364 3366 3365
f 3363 3366 3364
f 3365 3366 3368
f 3341 3365 3384
f 3365 3368 3384
f 3363 3367 3366
f 3367 3374 3366
f 3366 3374 3368
f 3368 3375 3384
f 3368 3374 3375
f 3355 3413 3373
f 2921 3353 2941
f 3353 3356 3369
f 3353 3369 2941
f 3356 2946 3369
f 3358 3360 3370
f 3358 3370 3367
f 3360 3372 3370
f 3370 3372 3371
f 3370 3371 3377
f 3371 3372 7485
f 3371 7484 3383
f 3367 3370 3374
f 3384 3375 3382
f 3370 3378 3374
f 3370 3380 3378
f 3370 3376 3380
f 3374 3381 3375
f 3378 3379 3374
f 3374 3379 3381
f 3375 3381 3382
f 3384 3382 3466
f 3386 7562 3373
f 3370 3377 3376
f 3377 3439 3376
f 3376 3436 3437
f 3376 3437 3438
f 3376 3440 3436
f 3376 3439 3440
f 3377 3441 3439
f 3377 3443 3441
f 3377 3444 3443
f 3377 3445 3444
f 3378 3380 3447
f 3378 3456 3379
f 3380 3376 3438
f 3379 3459 3381
f 3378 3448 3455
f 3380 3458 3447
f 3378 3447 3449
f 3378 3449 3448
f 3378 3454 3456
f 3378 3455 3454
f 3379 3456 3457
f 3379 3457 3452
f 3379 3452 3453
f 3379 3453 3459
f 3380 3438 3458
f 3381 3459 3460
f 3381 3460 3461
f 3381 3461 3464
f 3381 3464 3463
f 3381 3463 3465
f 3381 3465 3469
f 3381 3466 3382
f 3381 3469 3466
f 3371 3383 3377
f 3377 3383 3476
f 3377 3474 3445
f 3377 3476 3474
f 3383 3477 3476
f 3383 3478 3477
f 3383 7486 3479
f 3383 3479 3478
f 3479 7486 3480
f 3480 7486 7513
f 3357 3387 3399
f 3357 3399 3362
f 3359 3396 3360
f 3359 3362 3399
f 3360 3396 3397
f 3359 3399 3396
f 3337 3384 3403
f 3386 3373 3413
f 3384 3385 3416
f 3385 3386 3417
f 3384 3406 3403
f 3384 3414 3406
f 3384 3415 3414
f 3384 3416 3415
f 3385 3417 3416
f 3386 3413 3418
f 3386 3418 3417
f 3387 3390 3389
f 3387 3402 3390
f 3388 3389 3390
f 3388 3390 3391
f 3388 3391 3393
f 3388 3393 3392
f 3390 3402 3391
f 3388 3392 3402
f 3391 3402 3393
f 3392 3393 3402
f 3399 3387 3389
f 3399 3389 3400
f 3388 3494 3389
f 3388 3395 3494
f 3396 3398 3397
f 3396 3399 3398
f 3399 3400 3398
f 3398 3400 3401
f 3389 3494 3400
f 3351 3412 3410
f 3387 3403 3402
f 3388 3402 3404
f 3388 3404 3395
f 3387 3410 3403
f 3402 3403 3406
f 3402 3408 3404
f 3402 3406 3407
f 3402 3407 3405
f 3402 3405 3408
f 3404 3407 3406
f 3405 3404 3408
f 3405 3407 3404
f 3403 3412 3404
f 3387 3394 3410
f 3394 3409 3410
f 3403 3410 3412
f 3409 3411 3410
f 3395 3404 3412
f 3403 3404 3413
f 3404 3406 3415
f 3406 3414 3415
f 3404 3416 3413
f 3404 3415 3416
f 3413 3416 3417
f 3413 3417 3418
f 3395 3412 3494
f 3419 3427 3420
f 3420 3428 3421
f 3423 3422 3429
f 3419 3423 3430
f 3422 3424 3431
f 3424 3425 3432
f 3423 3550 3422
f 3422 3550 3424
f 3419 3430 3426
f 3420 3427 3428
f 3419 3426 3427
f 3423 3429 3430
f 3422 3431 3429
f 3424 3432 3431
f 3426 3430 3563
f 3430 3429 3563
f 3429 3431 3564
f 3431 3432 3566
f 3425 3433 3434
f 3425 3434 3432
f 3360 3490 3372
f 3360 3397 3490
f 3372 3490 7584
f 3384 3466 3385
f 3385 3466 3386
f 3386 3466 3467
f 3436 3435 3438
f 3436 3438 3437
f 3436 3440 3435
f 3442 3443 3444
f 3441 3443 3442
f 3442 3444 3445
f 3448 3450 3455
f 3448 3446 3450
f 3446 3449 3447
f 3446 3447 3458
f 3448 3449 3446
f 3454 3455 3450
f 3450 3451 3457
f 3451 3453 3452
f 3451 3459 3453
f 3454 3450 3457
f 3454 3457 3456
f 3457 3451 3452
f 3446 3458 3435
f 3458 3438 3435
f 3460 3462 3461
f 3461 3462 3464
f 3462 3465 3463
f 3464 3462 3463
f 3462 3468 3465
f 3466 3472 3467
f 3450 7522 3451
f 3451 7522 3459
f 3446 3435 7522
f 3446 7522 3450
f 3465 3468 3469
f 3468 3470 3469
f 3466 3469 3470
f 3466 3470 3471
f 3468 3471 3470
f 3459 7522 3460
f 3460 7522 3462
f 3466 3471 3472
f 3468 3481 3471
f 3467 3472 3473
f 3471 3481 3472
f 3472 3481 3473
f 3442 3445 3475
f 3445 3474 3475
f 3474 3476 3475
f 3476 3477 3475
f 3477 3478 3475
f 3475 3478 7522
f 3478 3479 7522
f 3479 3480 7522
f 3467 3483 3484
f 3435 3440 7522
f 3439 7522 3440
f 3439 3441 7522
f 3441 3442 7522
f 3442 3475 7522
f 3462 7522 3468
f 3468 7522 3481
f 3467 3473 3482
f 3467 3482 3483
f 3473 3481 3482
f 3481 3483 3482
f 3481 3485 3483
f 3481 7522 3486
f 3486 7522 7563
f 3386 3467 3484
f 3386 3484 7562
f 3484 3483 3485
f 3481 3486 3485
f 3484 3485 3487
f 3485 3486 3487
f 3484 3489 7561
f 3484 7561 7562
f 3484 3488 3489
f 3484 3487 3488
f 3486 3489 3487
f 3487 3489 3488
f 3486 7563 3489
f 3489 7567 7561
f 3489 7563 7566
f 3489 7566 7567
f 3397 3398 3491
f 3398 3401 3491
f 3400 3494 3401
f 3401 3494 3492
f 3397 3491 3490
f 3401 3492 3491
f 3491 3492 3493
f 3492 3494 3493
f 3493 3494 3495
f 3494 3496 3495
f 3545 3562 3501
f 3491 3493 3495
f 3491 3495 3496
f 3491 3496 3497
f 3491 3497 3498
f 3491 3498 3499
f 3494 3497 3496
f 3494 3498 3497
f 3494 3499 3498
f 3494 7574 3499
f 3490 3491 7584
f 3491 3499 7575
f 3499 7574 3500
f 3584 3500 7574
f 3499 3500 7575
f 3501 3502 3503
f 3562 3502 3501
f 3503 3504 7578
f 3502 3504 3503
f 3504 7579 7578
f 3505 3507 3506
f 3514 3508 3510
f 3508 3509 3510
f 3508 3528 3509
f 3510 3509 3511
f 3509 3513 3511
f 3509 3528 3530
f 3509 3530 3513
f 3512 3511 3513
f 3512 3513 3575
f 3505 3514 3517
f 3505 3506 3529
f 3505 3529 3514
f 3505 3520 3507
f 3518 3506 3507
f 3507 3520 3515
f 3505 3517 3520
f 3507 3515 3521
f 3515 3520 3516
f 3515 3516 3521
f 3514 3510 3517
f 3518 3529 3506
f 3514 3528 3508
f 3514 3529 3528
f 3519 3507 3521
f 3518 3507 3519
f 3516 3522 3521
f 3516 3524 3522
f 3516 3525 3524
f 3523 3524 3525
f 3516 3520 3525
f 3522 3524 3531
f 3523 3531 3524
f 3523 3525 3526
f 3523 3526 3532
f 3523 3532 3531
f 3525 3527 3526
f 3525 3533 3527
f 3526 3527 3535
f 3526 3535 3532
f 3527 3533 3534
f 3527 3536 3535
f 3527 3534 3536
f 3533 3539 3534
f 3534 3537 3536
f 3534 3539 3537
f 3537 3540 3538
f 3539 3540 3537
f 3538 3540 3582
f 3513 3613 3575
f 3513 3558 3613
f 3510 3619 3546
f 3517 3510 3547
f 3518 3519 3548
f 3517 3549 3520
f 3519 3521 3548
f 3521 3522 3550
f 3520 3551 3525
f 3522 3531 3550
f 3517 3547 3549
f 3520 3549 3551
f 3548 3521 3550
f 3525 3551 3560
f 3518 3548 3529
f 3529 3558 3528
f 3528 3558 3530
f 3513 3530 3558
f 3531 3532 3559
f 3532 3535 3559
f 3525 3560 3533
f 3533 3560 3539
f 3535 3536 3561
f 3536 3537 3561
f 3537 3538 3561
f 3539 3560 3540
f 3540 3560 3597
f 3538 3582 3561
f 3510 3546 3547
f 3529 3548 3558
f 3531 3559 3550
f 3535 3561 3559
f 3419 3420 3558
f 3420 3421 3558
f 3421 3428 3541
f 3421 3541 3613
f 3541 3543 3542
f 3419 3548 3423
f 3424 3559 3425
f 3423 3548 3550
f 3419 3558 3548
f 3424 3550 3559
f 3425 3559 3561
f 3428 3543 3541
f 3426 3565 3427
f 3542 3543 3544
f 3427 3631 3428
f 3428 3630 3543
f 3432 3434 3567
f 3426 3563 3565
f 3429 3564 3563
f 3427 3565 3636
f 3431 3566 3564
f 3432 3567 3566
f 3434 3568 3567
f 3541 3542 3613
f 3494 3547 3546
f 3494 3549 3547
f 3421 3613 3558
f 3542 3544 3545
f 3494 3546 3619
f 3542 3545 3614
f 3542 3614 3613
f 3552 3553 3556
f 3553 3555 3556
f 3552 3556 3554
f 3556 3557 3554
f 3622 3554 3557
f 3622 3557 3626
f 3544 3562 3545
f 3543 3632 3544
f 3428 3631 3630
f 3427 3637 3639
f 3427 3638 3631
f 3427 3639 3638
f 3544 3633 3562
f 3544 3632 3633
f 3543 3630 3632
f 3552 3564 3553
f 3553 3566 3555
f 3552 3554 3563
f 3555 3567 3556
f 3556 3568 3557
f 3552 3563 3564
f 3553 3564 3566
f 3554 3565 3563
f 3427 3636 3637
f 3555 3566 3567
f 3556 3567 3568
f 3434 3640 3568
f 3434 3641 3640
f 3622 3636 3554
f 3557 3568 3626
f 3636 3565 3554
f 3434 3642 3641
f 3434 3643 3642
f 3568 3640 3626
f 3425 3561 3433
f 3433 3569 3570
f 3433 3561 3569
f 3569 3571 3573
f 3433 3570 3434
f 3569 3573 3570
f 3434 3570 3662
f 3569 3653 3571
f 3569 3561 3653
f 3571 3655 3572
f 3571 3572 3574
f 3571 3574 3573
f 3570 3573 3663
f 3434 3662 3643
f 3570 3663 3662
f 3573 3574 3663
f 3512 3575 3577
f 3512 3577 3576
f 3576 3578 3581
f 3576 3577 3578
f 3576 3581 3580
f 3580 3581 3579
f 3579 3581 3585
f 3540 3597 3582
f 3510 3511 3619
f 3512 3619 3511
f 3575 3613 3577
f 3512 3576 3619
f 3577 3614 3578
f 3576 3580 3619
f 3577 3613 3614
f 3578 3614 3581
f 3580 3579 3619
f 3579 3586 3619
f 3581 3644 3585
f 3581 3614 3644
f 3561 3582 3653
f 3583 3589 3594
f 3583 3594 3595
f 3579 3585 3588
f 3579 3592 3586
f 3579 3588 3592
f 3586 3592 3587
f 3587 3592 3593
f 3590 3591 3592
f 3590 3592 3588
f 3587 3593 3594
f 3591 3593 3592
f 3584 7574 3583
f 3583 7574 3589
f 3584 3583 7591
f 3589 7574 3594
f 3583 3595 3596
f 3583 3596 7591
f 3584 7595 3500
f 3594 7574 7590
f 3584 7591 7593
f 3584 7593 7594
f 3593 3595 3594
f 3596 7592 7591
f 3585 3644 3588
f 3590 3644 3591
f 3590 3588 3644
f 3586 3587 3645
f 3591 3644 3593
f 3587 3594 3645
f 3586 3645 3619
f 3593 3644 3646
f 3594 7590 3645
f 3593 3646 3595
f 3595 3646 3596
f 3596 3646 7592
f 3646 7593 7592
f 3645 7590 7636
f 3582 3597 3598
f 3597 3601 3598
f 3598 3601 3599
f 3599 3601 3600
f 3599 3600 3602
f 3600 3604 3602
f 3560 3601 3597
f 3582 3598 3653
f 3598 3599 3653
f 3560 3654 3601
f 3600 3601 3654
f 3599 3602 3655
f 3602 3606 3655
f 3599 3655 3653
f 3600 3654 3669
f 3602 3604 3606
f 3603 3609 3608
f 3606 3604 3609
f 3606 3609 3607
f 3603 3608 7618
f 3603 7618 3610
f 3603 7629 3609
f 3612 7613 7616
f 3607 3609 7629
f 3605 3607 7629
f 3603 3610 7629
f 3610 7618 3611
f 3608 7617 7618
f 3610 3611 7625
f 3600 3669 3604
f 3605 3668 3607
f 3606 3607 3668
f 3608 3609 3669
f 3604 3669 3609
f 3606 3668 3655
f 3605 3612 3668
f 3612 7616 7673
f 3608 7674 7617
f 3608 3669 7674
f 3612 7673 3668
f 3494 3619 3645
f 3545 3501 3644
f 3545 3644 3614
f 3615 3616 3621
f 3617 3620 3618
f 3615 3621 3617
f 3494 3645 7636
f 3501 3503 3644
f 3617 3621 3620
f 3616 3624 3647
f 3616 3647 3621
f 3624 3625 3648
f 3622 3627 3623
f 3622 3626 3627
f 3623 3648 3625
f 3623 3627 3648
f 3648 3627 3628
f 3648 3628 3629
f 3648 3629 3657
f 3615 3631 3616
f 3616 3631 3624
f 3615 3617 3630
f 3617 3618 3632
f 3618 3620 3633
f 3562 3634 3502
f 3562 3633 3634
f 3615 3630 3631
f 3618 3633 3632
f 3617 3632 3630
f 3620 3634 3633
f 3624 3631 3638
f 3620 3621 3634
f 3502 3634 3635
f 3502 3635 3504
f 3621 3635 3634
f 3621 3650 3635
f 3623 3625 3639
f 3622 3623 3637
f 3624 3638 3625
f 3626 3640 3627
f 3627 3641 3628
f 3628 3642 3629
f 3622 3637 3636
f 3623 3639 3637
f 3625 3638 3639
f 3627 3640 3641
f 3628 3641 3642
f 3629 3642 3643
f 3629 3643 3657
f 3494 7636 7639
f 3503 3646 3644
f 3624 3648 3647
f 3503 7578 3646
f 3648 3657 3671
f 3648 7677 3649
f 3648 3671 3672
f 3648 3672 7676
f 3621 3647 3650
f 3504 3635 3650
f 3647 3648 3651
f 3648 3649 3652
f 3504 3650 3652
f 3504 3652 7642
f 3647 3651 3650
f 3650 3651 3652
f 3648 3652 3651
f 3571 3653 3655
f 3572 3656 3667
f 3572 3655 3668
f 3572 3668 3656
f 3657 3658 3659
f 3657 3659 3660
f 3657 3660 3661
f 3657 3661 3671
f 3572 3667 3574
f 3574 3664 3663
f 3574 3667 3664
f 3657 3663 3658
f 3658 3664 3659
f 3659 3665 3660
f 3660 3666 3661
f 3656 3674 3667
f 3657 3643 3662
f 3657 3662 3663
f 3658 3663 3664
f 3664 3667 3665
f 3659 3664 3665
f 3660 3665 3666
f 3665 3667 3674
f 3668 3670 3656
f 3656 3670 3674
f 3668 7673 3670
f 3670 7673 7675
f 3670 7675 7684
f 3661 3673 3671
f 3671 3673 3672
f 3661 3666 3673
f 3665 3674 3666
f 3666 7684 3673
f 3672 3675 7676
f 3670 7684 3674
f 3672 3673 3675
f 3673 7684 3675
f 3675 7681 7676
f 3666 3674 7684
f 3494 3412 4137
f 3494 4137 3549
f 3549 4137 3551
f 3332 3355 4026
f 3332 4026 4024
f 3015 4025 3676
f 3676 4041 3677
f 3355 4099 4026
f 3344 4059 3351
f 3351 4059 4073
f 3351 4073 4076
f 3351 4076 4077
f 3285 3676 3677
f 3285 3677 3678
f 3355 3373 4099
f 3285 3678 7856
f 3285 7856 7858
f 3373 7494 4104
f 3677 4100 3678
f 3373 4104 4099
f 3678 4103 7856
f 3351 4137 3412
f 3551 4137 3560
f 3560 4137 3654
f 3654 4137 3669
f 3669 7981 7674
f 3351 4077 4120
f 3351 4120 4137
f 3669 4137 7981
f 1759 3682 3683
f 1760 3686 3684
f 1790 3679 1791
f 1791 3679 3680
f 3682 3687 3683
f 3682 3680 3688
f 3679 3681 3680
f 3682 3688 3687
f 3681 3688 3680
f 3687 3688 3692
f 3688 3689 3692
f 3689 3690 3693
f 3687 3692 3683
f 3689 3693 3692
f 3690 3694 3693
f 3693 3694 3716
f 3688 3685 3689
f 3681 3685 3688
f 3689 3685 3749
f 3689 3750 3751
f 3689 3751 3690
f 3690 3753 3691
f 3690 3751 3752
f 3690 3752 3753
f 1790 3874 3679
f 3695 3696 3698
f 3695 3857 3696
f 3696 3859 3698
f 3695 3862 3856
f 3695 3856 3857
f 3696 3857 3858
f 3696 3858 3859
f 3679 3874 3681
f 3695 3698 3697
f 3690 3691 3699
f 3695 3697 3862
f 3697 3698 3862
f 3690 3699 3694
f 3694 3699 3736
f 3691 3753 3699
f 3753 3778 3699
f 3698 3863 3862
f 3699 3739 3736
f 3698 3859 3863
f 3699 3778 3739
f 3739 3778 3839
f 3683 3707 3704
f 3704 3708 3705
f 3683 3692 3707
f 3704 3707 3708
f 3705 3709 3706
f 3705 3708 3709
f 3709 3713 3706
f 3692 3710 3707
f 3707 3714 3708
f 3692 3693 3710
f 3707 3710 3714
f 3708 3714 3715
f 3708 3715 3709
f 3706 3713 3711
f 3711 3713 3726
f 3711 3726 3712
f 3709 3718 3713
f 3709 3715 3718
f 3693 3716 3710
f 3710 3717 3714
f 3710 3716 3717
f 3714 3722 3715
f 3713 3724 3726
f 3713 3718 3724
f 3714 3717 3722
f 3715 3723 3718
f 3715 3722 3723
f 3712 3726 3727
f 3712 3727 3721
f 3694 3731 3716
f 3716 3731 3717
f 3718 3723 3725
f 3718 3725 3724
f 3717 3731 3722
f 3722 3731 3723
f 3724 3725 3730
f 3724 3730 3728
f 3726 3724 3728
f 3726 3728 3727
f 3721 3727 3732
f 3721 3732 3729
f 3732 3737 3729
f 3723 3731 3725
f 3694 3736 3731
f 3725 3731 3730
f 3728 3730 3731
f 3733 3731 3736
f 3727 3728 3733
f 3727 3733 3732
f 3732 3733 3738
f 3728 3731 3733
f 3729 3737 3735
f 3737 3742 3735
f 3736 3739 3740
f 3732 3738 3737
f 3733 3736 3738
f 3737 3738 3741
f 3738 3736 3740
f 3738 3740 3741
f 3735 3742 3877
f 3737 3741 3742
f 3739 3840 3740
f 3741 3740 3840
f 3742 3741 3841
f 3739 3839 3840
f 3741 3840 3841
f 3742 3841 3842
f 3684 3746 3744
f 3684 3686 3746
f 3684 3744 3745
f 3744 3764 3745
f 3744 3746 3747
f 3744 3747 3764
f 3689 3749 3750
f 3681 3761 3685
f 3748 3749 3758
f 3749 3755 3750
f 3748 3758 3754
f 3748 3755 3749
f 3750 3756 3751
f 3751 3757 3752
f 3752 3757 3753
f 3748 3754 3755
f 3750 3755 3756
f 3751 3756 3757
f 3756 3789 3757
f 3685 3761 3749
f 3749 3759 3758
f 3749 3761 3759
f 3758 3759 3770
f 3754 3758 3760
f 3758 3770 3760
f 3745 3763 3762
f 3745 3764 3763
f 3763 3764 3765
f 3763 3765 3904
f 3764 3766 3765
f 3761 3767 3759
f 3759 3767 3768
f 3759 3768 3770
f 3768 3769 3770
f 3770 3769 3771
f 3765 3766 3904
f 3761 3910 3767
f 3910 3768 3767
f 3768 3911 3769
f 3681 3892 3761
f 3774 3878 3775
f 3753 3757 3833
f 3774 3775 3777
f 3753 3833 3778
f 3775 3879 3777
f 3774 3777 3776
f 3774 3776 3880
f 3776 3777 3880
f 3774 3880 3878
f 3778 3833 3839
f 3775 3878 3879
f 3777 3879 3881
f 3777 3881 3880
f 3910 3911 3768
f 3769 3911 3916
f 3769 3916 3771
f 3771 3916 3773
f 3686 3700 3746
f 3700 3701 3780
f 3701 3702 3779
f 3700 3780 3746
f 3701 3779 3780
f 3702 3703 3779
f 3703 3786 3779
f 3746 3780 3747
f 3780 3779 3803
f 3780 3803 3747
f 3779 3786 3804
f 3779 3804 3803
f 3703 3719 3786
f 3719 3796 3786
f 3754 3783 3755
f 3754 3781 3783
f 3754 3760 3781
f 3781 3798 3782
f 3782 3784 3783
f 3755 3783 3787
f 3755 3787 3756
f 3783 3784 3787
f 3784 3785 3793
f 3781 3782 3783
f 3782 3785 3784
f 3782 3799 3785
f 3756 3787 3789
f 3787 3788 3790
f 3787 3790 3789
f 3788 3791 3811
f 3788 3811 3790
f 3791 3792 3812
f 3719 3720 3796
f 3784 3788 3787
f 3784 3793 3788
f 3788 3793 3791
f 3793 3794 3791
f 3793 3795 3794
f 3785 3795 3793
f 3785 3800 3795
f 3795 3801 3797
f 3791 3794 3792
f 3792 3794 3816
f 3794 3797 3816
f 3795 3797 3794
f 3781 3760 3798
f 3782 3798 3799
f 3760 3770 3798
f 3785 3799 3800
f 3798 3806 3799
f 3799 3806 3800
f 3786 3796 3805
f 3798 3770 3806
f 3804 3786 3805
f 3795 3800 3801
f 3800 3807 3801
f 3797 3801 3802
f 3801 3807 3802
f 3800 3806 3807
f 3796 3847 3805
f 3747 3803 3764
f 3764 3803 3766
f 3803 3804 3808
f 3803 3808 3766
f 3804 3805 3809
f 3770 3771 3806
f 3806 3851 3807
f 3806 3771 3851
f 3805 3847 3810
f 3804 3809 3808
f 3766 3808 3772
f 3771 3773 3851
f 3805 3810 3809
f 3809 3810 3940
f 3791 3812 3811
f 3789 3790 3814
f 3790 3811 3812
f 3757 3789 3821
f 3790 3812 3814
f 3792 3814 3812
f 3792 3813 3814
f 3789 3814 3820
f 3814 3813 3820
f 3789 3820 3821
f 3813 3815 3820
f 3720 3819 3796
f 3720 3734 3819
f 3792 3816 3813
f 3813 3816 3818
f 3813 3818 3815
f 3816 3817 3818
f 3797 3817 3816
f 3797 3802 3817
f 3817 3802 3828
f 3815 3818 3824
f 3817 3825 3818
f 3817 3828 3825
f 3825 3828 3829
f 3757 3821 3832
f 3815 3821 3820
f 3815 3822 3821
f 3757 3832 3833
f 3821 3822 3832
f 3822 3823 3832
f 3734 3743 3819
f 3815 3824 3822
f 3818 3825 3824
f 3824 3825 3827
f 3825 3829 3827
f 3824 3826 3822
f 3824 3827 3826
f 3822 3826 3823
f 3827 3829 3830
f 3819 3743 3843
f 3802 3848 3828
f 3819 3847 3796
f 3802 3807 3848
f 3828 3848 3849
f 3819 3831 3847
f 3828 3849 3829
f 3819 3843 3831
f 3829 3849 3830
f 3823 3833 3832
f 3823 3834 3833
f 3833 3834 3839
f 3834 3840 3839
f 3834 3835 3840
f 3823 3826 3835
f 3826 3827 3837
f 3823 3835 3834
f 3826 3836 3835
f 3826 3837 3836
f 3827 3830 3838
f 3827 3838 3837
f 3838 3830 3844
f 3835 3836 3841
f 3835 3841 3840
f 3836 3837 3842
f 3836 3842 3841
f 3837 3838 3842
f 3838 3844 3842
f 3842 3844 3899
f 3830 3845 3844
f 3830 3849 3845
f 3844 3845 3899
f 3845 3900 3899
f 3843 3846 3831
f 3847 3831 3852
f 3807 3850 3848
f 3810 3847 3852
f 3848 3853 3849
f 3848 3850 3853
f 3831 3855 3852
f 3807 3851 3850
f 3773 3917 3851
f 3851 3941 3850
f 3810 3852 3942
f 3850 3944 3853
f 3831 3846 3855
f 3849 3854 3845
f 3849 3853 3854
f 3845 3854 3900
f 3846 3901 3855
f 3852 3855 3943
f 3853 3945 3854
f 3855 3946 3943
f 3855 3901 3946
f 3854 3977 3900
f 3854 3945 3977
f 1765 3874 1790
f 2166 3860 3858
f 2166 3857 3856
f 2166 3858 3857
f 3860 3861 3858
f 3871 3856 3862
f 3861 3859 3858
f 3872 3863 3859
f 3871 2177 3856
f 3861 3872 3859
f 3871 3862 3866
f 3872 3867 3863
f 3862 3864 3866
f 3862 3863 3864
f 3864 3865 3878
f 3864 3878 3868
f 3863 3865 3864
f 3863 3869 3865
f 3866 3868 3867
f 3863 3867 3869
f 3866 3864 3868
f 3867 3868 3869
f 2130 3870 3874
f 3873 3876 2792
f 3861 2178 3872
f 3871 3872 2178
f 3871 3866 3872
f 3872 3866 3867
f 2791 3876 3875
f 3735 3877 2523
f 3742 3842 3877
f 3681 3874 3892
f 3878 3865 3879
f 3865 3883 3879
f 3878 3882 3868
f 3868 3882 3869
f 3865 3869 3883
f 3869 3882 3883
f 3878 3894 3882
f 3879 3883 3895
f 3761 4024 3910
f 3761 3892 4024
f 3880 3881 3884
f 3884 3885 3887
f 3881 3885 3884
f 3881 3891 3885
f 3884 3887 3886
f 3885 3890 3887
f 3886 3887 3889
f 3952 3888 3889
f 3886 3889 3888
f 3885 3891 3890
f 3878 3880 3897
f 3878 3897 3894
f 3880 3884 3897
f 3879 3898 3881
f 3879 3895 3898
f 3887 3953 3889
f 3887 3890 3953
f 3884 3886 3897
f 3890 3891 3953
f 3953 3891 3954
f 2793 3875 3893
f 3882 3894 3883
f 2794 3893 3896
f 3883 3894 3895
f 3894 3897 3895
f 3881 4028 3891
f 3881 3898 4028
f 3895 3897 3898
f 3842 3899 3877
f 3900 3977 3902
f 3946 3901 3903
f 3904 3906 3905
f 3904 3766 3906
f 3766 3907 3906
f 3906 3907 3919
f 3766 3772 3908
f 3766 3908 3907
f 3772 3909 3908
f 3908 3909 3923
f 3910 3912 3911
f 3911 3912 3913
f 3919 3914 3915
f 3913 3915 3914
f 3911 3913 3916
f 3913 3914 3916
f 3919 3916 3914
f 3952 3921 3920
f 3952 3922 3921
f 3773 3916 3917
f 3916 3918 3917
f 3919 3915 3920
f 3907 3908 3916
f 3907 3916 3919
f 3920 3921 3926
f 3921 3922 3926
f 3920 3926 3929
f 3922 3927 3926
f 3908 3923 3916
f 3909 3924 3923
f 3923 3924 3928
f 3952 3920 3915
f 3951 3952 3915
f 3910 3955 3912
f 3912 3955 3913
f 3913 3955 3915
f 3952 3927 3922
f 3951 3915 3956
f 3915 3955 3956
f 3916 3925 3918
f 3923 3959 3916
f 3916 3959 3925
f 3926 3927 3929
f 3923 3928 3936
f 3929 3931 3930
f 3927 3931 3929
f 3927 3932 3931
f 3931 3932 3933
f 3927 3935 3932
f 3923 3936 3959
f 3928 3938 3936
f 3936 3937 3959
f 3936 3965 3937
f 3936 3938 3965
f 3772 3808 3909
f 3809 3939 3808
f 3809 3940 3939
f 3808 3939 3909
f 3909 3939 3924
f 3810 3942 3940
f 3851 3917 3941
f 3850 3941 3944
f 3852 3943 3942
f 3917 3918 3941
f 3939 3940 3949
f 3939 3949 3924
f 3940 3942 3950
f 3924 3949 3928
f 3940 3950 3949
f 3853 3944 3945
f 3943 3948 3942
f 3945 3944 3979
f 3943 3946 3980
f 3918 3947 3941
f 3941 3947 3944
f 3918 3925 3947
f 3942 3948 3950
f 3944 3947 3979
f 3943 3980 3948
f 3945 3979 3978
f 3928 3949 3938
f 3949 3950 3987
f 3925 3960 3947
f 3950 3948 3988
f 3949 3987 3938
f 3950 3988 3987
f 3938 3987 3965
f 3910 4024 3955
f 3951 3888 3952
f 3952 3973 3927
f 3951 3956 3972
f 3886 3888 3966
f 3951 3966 3888
f 3952 3889 3967
f 3889 3953 3967
f 3951 3972 3966
f 3952 3967 3973
f 3933 3957 3958
f 3927 3973 3935
f 3932 3935 3973
f 3963 3958 3961
f 3932 3973 3933
f 3933 3973 3957
f 3925 3959 3960
f 3937 3961 3959
f 3959 3962 3960
f 3959 3961 3962
f 3933 3958 3963
f 3934 3964 3963
f 3934 3961 3937
f 3934 3963 3961
f 3934 3937 3964
f 3937 4006 3964
f 3937 3965 4008
f 3956 3957 3972
f 3957 3973 3972
f 3955 4010 3956
f 4010 3957 3956
f 3957 4011 3958
f 4010 4011 3957
f 3958 4011 3974
f 3958 3974 3976
f 3958 3976 3961
f 3961 3975 3962
f 3961 3976 3975
f 3955 4024 4026
f 3886 3968 3897
f 3953 3954 3969
f 3891 4028 3954
f 3886 3966 3968
f 3972 3973 3967
f 3953 3969 3967
f 3972 3967 3966
f 3966 3967 3970
f 3954 3971 3969
f 3897 4027 3898
f 3897 3968 4027
f 3966 3970 3968
f 3967 3969 3970
f 3968 3970 4030
f 3969 4030 3970
f 3954 4028 3971
f 3969 3971 4033
f 3955 4026 4010
f 3968 4030 4029
f 3946 3903 3982
f 3945 3978 3977
f 3977 3978 3981
f 3946 3982 3980
f 3977 3981 3902
f 3903 3984 3982
f 3978 3979 3990
f 3982 3991 3980
f 3978 3989 3981
f 3902 3981 3983
f 3981 3992 3983
f 3982 3984 3993
f 3981 3989 3992
f 3982 3993 3991
f 3983 3992 3994
f 3984 3995 3993
f 3947 3985 3979
f 3947 3960 3985
f 3948 3980 3986
f 3948 3986 3988
f 3979 3985 3990
f 3980 3991 3986
f 3978 3990 3989
f 3960 3962 3985
f 3988 3986 4017
f 3965 3987 4008
f 3987 3988 4016
f 3987 4016 4008
f 3989 3990 3998
f 3993 3996 3991
f 3962 3975 3985
f 3985 3997 3990
f 3986 3991 3999
f 3988 4017 4016
f 3986 3999 4017
f 3985 3975 3997
f 3990 3997 3998
f 3991 3996 3999
f 3899 3900 4151
f 3900 3902 4151
f 3992 4002 3994
f 3993 3995 4001
f 3989 4000 3992
f 3993 4001 3996
f 3992 4000 4002
f 3995 4004 4001
f 3989 3998 4000
f 3975 3976 3997
f 3997 4023 3998
f 4000 3998 4021
f 3999 3996 4020
f 3994 4002 4003
f 4000 4078 4002
f 4001 4022 3996
f 4000 4021 4078
f 4002 4050 4003
f 4001 4004 4051
f 4001 4051 4022
f 4002 4078 4050
f 3964 4006 4005
f 3937 4007 4006
f 3937 4009 4007
f 3937 4008 4009
f 4006 4007 4059
f 4010 4012 4011
f 4011 4012 4014
f 3974 4011 4015
f 4007 4009 4013
f 3974 4015 3976
f 4007 4013 4059
f 4011 4014 4015
f 4010 4056 4012
f 4012 4056 4014
f 4014 4057 4015
f 4013 4060 4059
f 4008 4016 4009
f 4016 4017 4018
f 4017 3999 4019
f 4016 4018 4009
f 3976 4023 3997
f 3999 4020 4019
f 4017 4019 4018
f 4009 4018 4013
f 3998 4023 4021
f 3976 4015 4023
f 3996 4022 4020
f 4015 4058 4023
f 4013 4018 4080
f 4018 4019 4080
f 4020 4081 4019
f 4013 4080 4060
f 2790 2512 3873
f 3876 7958 3875
f 3873 2512 7958
f 2512 2522 7958
f 3873 7958 3876
f 3877 8009 2525
f 3875 7958 3893
f 3896 4025 3015
f 3893 7958 3896
f 3896 7958 4025
f 4025 7958 4041
f 3877 3899 8009
f 3743 8158 3843
f 3843 8158 3846
f 3846 8158 3901
f 8009 2527 2525
f 8009 2551 2527
f 8009 2553 2551
f 8009 2555 2553
f 8009 2557 2555
f 8009 5604 2557
f 4041 7958 4100
f 4100 7958 4103
f 3901 8158 3903
f 4025 4041 3676
f 3898 4027 4028
f 3968 4029 4027
f 4027 4029 4031
f 3971 4028 4033
f 4027 4042 4028
f 4027 4031 4042
f 4028 4043 4033
f 4028 4042 4043
f 4010 4026 4099
f 4010 4099 4056
f 4029 4030 4031
f 3969 4033 4030
f 4030 4033 4031
f 4031 4033 4032
f 4032 4033 4034
f 4032 4034 4036
f 4031 4044 4042
f 4033 4043 4034
f 4031 4032 4045
f 4032 4036 4035
f 4032 4035 4045
f 4031 4045 4044
f 4035 4036 4038
f 4035 4038 4037
f 4037 4038 4039
f 4035 4037 4045
f 4037 4039 4045
f 4039 4062 4045
f 4039 4038 4040
f 3677 4041 4100
f 4042 4048 4046
f 4042 4046 4047
f 4042 4044 4048
f 4034 4102 4036
f 4042 4047 4043
f 4034 4043 4102
f 4044 4045 4048
f 4045 4049 4048
f 4046 4048 4049
f 4047 4101 4043
f 4046 4049 4047
f 4043 4101 4102
f 4047 4049 4101
f 4036 4106 4038
f 4045 4107 4049
f 4038 4106 4040
f 4040 4106 4068
f 3902 3983 4151
f 3983 3994 4151
f 4003 4050 4052
f 4003 4052 4054
f 4052 4050 4086
f 4053 4085 4051
f 4004 4053 4051
f 3994 4003 4151
f 4003 4054 4092
f 4052 4086 4054
f 4053 4055 4085
f 4003 4092 4140
f 3899 4151 8009
f 4014 4064 4057
f 4015 4057 4058
f 4014 4056 4064
f 4057 4064 4066
f 4059 4060 4061
f 4057 4066 4058
f 4059 4061 4074
f 4039 4040 4062
f 4040 4063 4062
f 4040 4068 4063
f 4056 4065 4064
f 4064 4069 4066
f 4064 4065 4069
f 4066 4069 4070
f 4059 4072 4073
f 4059 4074 4072
f 4045 4062 4067
f 4062 4063 4067
f 4063 4068 4067
f 4056 4109 4065
f 4065 4109 4069
f 4069 4110 4070
f 4066 4070 4071
f 4045 4067 4107
f 4067 4068 4107
f 4068 4108 4107
f 4069 4109 4110
f 4070 4113 4071
f 4072 4074 4075
f 4073 4077 4076
f 4072 4114 4073
f 4070 4110 4113
f 4073 4114 4077
f 4072 4075 4114
f 4021 4082 4078
f 4022 4051 4084
f 4023 4087 4021
f 4023 4058 4087
f 4022 4079 4020
f 4050 4078 4083
f 4021 4087 4082
f 4022 4084 4079
f 4078 4082 4083
f 4019 4081 4080
f 4020 4079 4081
f 4060 4080 4061
f 4058 4066 4087
f 4050 4083 4086
f 4051 4085 4084
f 4084 4085 4088
f 4080 4081 4098
f 4081 4079 4097
f 4087 4066 4071
f 4087 4089 4082
f 4083 4082 4090
f 4079 4084 4091
f 4061 4080 4074
f 4080 4098 4074
f 4081 4097 4098
f 4086 4093 4054
f 4055 4094 4085
f 4086 4083 4096
f 4054 4093 4092
f 4086 4096 4093
f 4085 4094 4088
f 4055 4095 4094
f 4082 4089 4090
f 4083 4090 4096
f 4084 4088 4091
f 4087 4071 4089
f 4079 4091 4097
f 4003 4140 4151
f 4092 4093 4143
f 4095 4142 4094
f 4090 4144 4096
f 4071 4113 4089
f 4089 4147 4090
f 4088 4148 4091
f 4093 4096 4145
f 4088 4094 4146
f 4090 4147 4144
f 4088 4146 4148
f 4074 4098 4075
f 4098 4097 4149
f 4091 4150 4097
f 4098 4149 4075
f 4097 4150 4149
f 4089 4113 4147
f 4091 4148 4150
f 4075 4149 4114
f 3678 4100 4103
f 4056 4099 4104
f 4036 4102 4106
f 4049 4125 4101
f 4101 4105 4102
f 4102 4105 4106
f 4101 4125 4105
f 4103 7958 7962
f 4103 7962 7856
f 4105 7963 4106
f 4105 4125 7963
f 4106 7964 4126
f 4106 7963 7964
f 3903 8158 3984
f 3984 8158 3995
f 3995 8158 4004
f 4053 8032 4055
f 4004 8158 4053
f 4056 4104 4109
f 4068 4106 4108
f 4049 4107 4125
f 4106 4126 4108
f 4107 4108 4125
f 4109 4111 4110
f 4110 4112 4113
f 4077 4114 4119
f 4110 4111 4112
f 4112 4115 4113
f 4077 4119 4120
f 4119 4114 4121
f 4109 7976 4111
f 4111 7976 4112
f 4112 4139 4115
f 4115 4116 4118
f 4115 4117 4113
f 4115 4118 4117
f 4118 4134 4117
f 4119 4138 4120
f 4119 4121 4138
f 4104 7976 4109
f 4124 4127 4132
f 4108 4126 4125
f 4122 4123 4124
f 4123 4127 4124
f 4132 4127 4136
f 4122 7970 4123
f 4124 4132 7972
f 4122 4124 7970
f 4123 7975 4127
f 4125 4126 7973
f 4115 4139 4116
f 4116 4131 4128
f 4128 4131 4129
f 4116 4128 4118
f 4128 4129 4133
f 4129 4131 4130
f 4132 4130 4131
f 4116 4139 4131
f 4112 7976 4139
f 4132 4136 4130
f 4129 4130 4135
f 4118 4128 4133
f 4129 4135 4133
f 4136 4135 4130
f 4118 4133 7979
f 4133 4135 7979
f 4118 7979 4134
f 4120 7981 4137
f 4120 4138 7981
f 4139 7976 7977
f 4131 4139 7985
f 4132 4131 7985
f 4127 7979 4136
f 4136 7979 4135
f 4134 7979 7980
f 4138 7982 7981
f 4092 4143 4140
f 4095 4141 4142
f 4093 4145 4143
f 4094 4142 4146
f 4096 4144 4145
f 4140 4153 4151
f 4055 8032 4095
f 4141 4152 4154
f 4143 4145 4155
f 4140 4143 4153
f 4141 4154 4142
f 4145 4144 4157
f 4142 4156 4146
f 4143 4155 4153
f 4145 4157 4155
f 4142 4154 4156
f 4147 4113 4117
f 4114 4149 4161
f 4149 4150 4161
f 4150 4148 4160
f 4147 4158 4144
f 4147 4117 4158
f 4146 4159 4148
f 4114 4161 4121
f 4150 4160 4161
f 4144 4158 4157
f 4117 4134 4158
f 4146 4156 4159
f 4148 4159 4160
f 4121 4161 4138
f 4095 8032 4141
f 4151 4153 8011
f 4152 8012 4154
f 4153 4155 8013
f 4154 8022 4156
f 4141 8032 4152
f 4151 8011 8009
f 4153 8013 8011
f 4154 8012 8022
f 4155 8020 8013
f 4152 8010 8012
f 4157 8020 4155
f 4134 7980 4158
f 4157 4158 8021
f 4156 8024 4159
f 4161 4160 8025
f 4159 8023 4160
f 4161 7982 4138
f 4157 8021 8020
f 4158 7980 8021
f 4156 8022 8024
f 4160 8023 8025
f 4159 8024 8023
f 4161 8025 7982
f 4162 4177 4176
f 4162 4176 4178
f 4162 4179 4177
f 4162 4163 4164
f 4162 4178 4163
f 4171 4178 4188
f 4163 4178 4171
f 4163 4171 4169
f 4162 4164 4179
f 4164 4191 4222
f 4164 4165 4179
f 4164 4222 4165
f 4164 4163 4191
f 4191 4163 4192
f 4167 4163 4166
f 4167 4168 4163
f 4163 4169 4166
f 4171 4170 4169
f 4168 4192 4163
f 4167 4166 4181
f 4167 4225 4168
f 4166 4180 4181
f 4167 4181 4225
f 4169 4170 4182
f 4166 4169 4180
f 4169 4182 4180
f 4170 4173 4183
f 4170 4183 4182
f 4173 4184 4183
f 4171 4188 4172
f 4172 4188 4189
f 4171 4172 4170
f 4172 4189 4175
f 4172 4173 4170
f 4175 4189 4190
f 4172 4174 4173
f 4172 4175 4174
f 4173 4174 4184
f 4174 4256 4184
f 4175 4200 4174
f 4175 4190 4201
f 4165 4222 4179
f 4181 4180 4185
f 4180 4182 4186
f 4182 4183 4186
f 4183 4184 4187
f 4184 4256 4187
f 4180 4186 4185
f 4183 4187 4186
f 4186 4187 4230
f 4177 4289 4176
f 4176 4290 4178
f 4178 4290 4188
f 4177 4179 4291
f 4179 4222 4291
f 4188 4293 4189
f 4189 4294 4190
f 4190 4295 4258
f 4191 4223 4222
f 4191 4192 4223
f 4168 4195 4192
f 4192 4195 4193
f 4192 4224 4223
f 4192 4196 4224
f 4196 4233 4224
f 4192 4193 4194
f 4192 4194 4196
f 4193 4235 4194
f 4193 4227 4235
f 4168 4226 4195
f 4168 4225 4226
f 4195 4226 4227
f 4193 4195 4227
f 4196 4234 4233
f 4194 4197 4196
f 4194 4235 4236
f 4196 4197 4198
f 4194 4236 4197
f 4197 4236 4237
f 4196 4198 4234
f 4198 4197 4199
f 4197 4237 4199
f 4198 4199 4208
f 4199 4271 4208
f 4199 4237 4271
f 4174 4200 4256
f 4200 4257 4256
f 4200 4202 4257
f 4200 4201 4202
f 4175 4201 4200
f 4201 4190 4258
f 4202 4259 4257
f 4202 4203 4259
f 4203 4262 4259
f 4202 4201 4205
f 4201 4258 4205
f 4202 4205 4203
f 4205 4258 4264
f 4203 4204 4262
f 4204 4263 4262
f 4203 4205 4204
f 4204 4205 4206
f 4204 4206 4263
f 4206 4205 4218
f 4206 4265 4263
f 4265 4218 4285
f 4206 4218 4265
f 4198 4270 4234
f 4198 4208 4207
f 4198 4207 4270
f 4207 4208 4209
f 4207 4283 4270
f 4207 4209 4214
f 4271 4272 4208
f 4208 4272 4209
f 4209 4272 4273
f 4209 4273 4210
f 4210 4275 4211
f 4210 4273 4275
f 4209 4210 4214
f 4211 4275 4276
f 4212 4276 4277
f 4213 4274 4220
f 4213 4277 4274
f 4211 4276 4212
f 4212 4277 4213
f 4207 4214 4283
f 4214 4284 4283
f 4210 4215 4214
f 4210 4211 4215
f 4215 4211 4216
f 4211 4212 4216
f 4212 4213 4216
f 4213 4220 4217
f 4213 4217 4216
f 4220 4221 4217
f 4214 4215 4284
f 4215 4216 4379
f 4215 4379 4284
f 4216 4380 4379
f 4217 4221 4380
f 4216 4217 4380
f 4221 4381 4380
f 4285 4218 4219
f 4219 4220 4286
f 4285 4219 4286
f 4220 4274 4286
f 4205 4221 4218
f 4205 4264 4384
f 4218 4221 4219
f 4219 4221 4220
f 4205 4364 4221
f 4205 4384 4364
f 4225 4181 4228
f 4225 4228 4226
f 4226 4238 4227
f 4227 4238 4235
f 4181 4185 4228
f 4185 4186 4229
f 4185 4232 4228
f 4185 4229 4232
f 4186 4230 4229
f 4187 4231 4230
f 4229 4230 4245
f 4230 4231 4244
f 4226 4228 4238
f 4232 4229 4246
f 4228 4239 4238
f 4228 4232 4239
f 4231 4261 4247
f 4235 4240 4236
f 4236 4240 4237
f 4237 4240 4271
f 4235 4238 4240
f 4232 4249 4239
f 4238 4239 4241
f 4238 4241 4240
f 4239 4251 4241
f 4240 4242 4278
f 4240 4241 4242
f 4241 4252 4242
f 4243 4253 4268
f 4243 4279 4255
f 4243 4268 4287
f 4222 4223 4302
f 4223 4224 4303
f 4224 4233 4304
f 4230 4244 4245
f 4231 4247 4244
f 4229 4245 4246
f 4232 4246 4249
f 4261 4248 4247
f 4233 4234 4311
f 4239 4249 4251
f 4266 4250 4248
f 4268 4253 4250
f 4241 4251 4252
f 4242 4252 4254
f 4254 4255 4279
f 4243 4255 4253
f 4187 4256 4257
f 4257 4259 4260
f 4259 4262 4267
f 4187 4257 4260
f 4187 4260 4231
f 4259 4267 4260
f 4231 4260 4261
f 4260 4267 4261
f 4261 4266 4248
f 4261 4267 4266
f 4262 4263 4267
f 4267 4263 4265
f 4265 4285 4269
f 4267 4265 4269
f 4266 4268 4250
f 4267 4269 4266
f 4266 4269 4268
f 4268 4269 4287
f 4258 4319 4264
f 4271 4278 4272
f 4272 4280 4273
f 4274 4277 4287
f 4273 4280 4275
f 4275 4281 4276
f 4276 4282 4277
f 4271 4240 4278
f 4272 4278 4280
f 4242 4279 4278
f 4278 4279 4280
f 4277 4282 4287
f 4242 4254 4279
f 4243 4282 4279
f 4279 4281 4280
f 4279 4282 4281
f 4243 4287 4282
f 4275 4280 4281
f 4276 4281 4282
f 4234 4270 4321
f 4270 4283 4322
f 4283 4284 4323
f 4285 4286 4269
f 4274 4287 4286
f 4269 4286 4287
f 4264 4324 4384
f 4176 4289 4288
f 4176 4288 4290
f 4177 4291 4289
f 4188 4290 4293
f 4222 4302 4291
f 4289 4296 4288
f 4288 4296 4297
f 4289 4291 4296
f 4288 4297 4290
f 4290 4297 4293
f 4293 4297 4299
f 4291 4298 4296
f 4291 4302 4292
f 4291 4292 4298
f 4292 4302 4298
f 4302 4325 4298
f 4189 4293 4294
f 4190 4294 4295
f 4293 4299 4294
f 4294 4299 4300
f 4294 4300 4295
f 4300 4301 4295
f 4301 4319 4295
f 4296 4298 4327
f 4296 4328 4297
f 4297 4328 4299
f 4296 4327 4328
f 4299 4328 4329
f 4299 4329 4300
f 4300 4336 4301
f 970 4351 4440
f 4223 4303 4302
f 4224 4304 4303
f 4233 4310 4304
f 4245 4307 4246
f 4245 4244 4306
f 4244 4247 4305
f 4247 4248 4308
f 4248 4250 4309
f 4245 4306 4307
f 4246 4307 4312
f 4244 4305 4306
f 4247 4308 4305
f 4248 4309 4308
f 4233 4311 4310
f 4246 4312 4249
f 4249 4314 4251
f 4253 4313 4250
f 4251 4315 4252
f 4253 4255 4316
f 4252 4317 4254
f 4254 4318 4255
f 4249 4312 4314
f 4250 4313 4309
f 4253 4316 4313
f 4251 4314 4315
f 4255 4318 4316
f 4252 4315 4317
f 4254 4317 4318
f 4302 4303 4325
f 4303 4304 4325
f 4304 4326 4325
f 4304 4310 4326
f 4310 4331 4326
f 4306 4305 4327
f 4305 4308 4328
f 4305 4328 4327
f 4308 4329 4328
f 4306 4330 4307
f 4306 4327 4330
f 4307 4330 4333
f 4308 4309 4329
f 4309 4336 4329
f 4309 4313 4336
f 4310 4332 4331
f 4310 4311 4332
f 4307 4333 4312
f 4312 4334 4314
f 4312 4333 4334
f 4316 4337 4313
f 4314 4341 4315
f 4314 4334 4341
f 4316 4318 4339
f 4315 4342 4317
f 4315 4341 4342
f 4317 4343 4318
f 4318 4343 4339
f 4258 4295 4319
f 4264 4319 4320
f 4264 4320 4324
f 4301 4335 4319
f 4319 4335 4320
f 4320 4335 4338
f 4313 4337 4336
f 4316 4339 4337
f 4320 4338 4350
f 4234 4321 4311
f 4270 4322 4321
f 4283 4323 4322
f 4284 4402 4323
f 4311 4340 4332
f 4311 4321 4340
f 4321 4344 4340
f 4317 4342 4343
f 4321 4322 4344
f 4322 4345 4344
f 4322 4323 4345
f 4323 4402 4347
f 4323 4347 4345
f 4402 4348 4347
f 4404 4349 4348
f 4320 4350 4324
f 4324 4408 4405
f 4298 4325 4330
f 4325 4326 4330
f 4298 4330 4327
f 4326 4331 4330
f 4330 4331 4333
f 4331 4332 4333
f 4332 4334 4333
f 4300 4329 4336
f 4301 4336 4335
f 4336 4337 4335
f 4337 4338 4335
f 4337 4339 4338
f 4332 4340 4334
f 4334 4340 4344
f 4334 4346 4341
f 4334 4344 4345
f 4341 4346 4342
f 4334 4345 4347
f 4334 4347 4348
f 4334 4349 4346
f 4334 4348 4349
f 4346 4349 4406
f 4346 4406 4407
f 4339 4343 4350
f 4339 4350 4338
f 4342 4350 4343
f 4342 4346 4350
f 4346 4407 4408
f 4346 4408 4350
f 4324 4350 4408
f 4351 4352 4437
f 2208 5297 4351
f 2 4440 5881
f 4351 5298 4352
f 4352 5299 4353
f 4351 5297 5298
f 4352 5298 5299
f 1070 4373 4357
f 4374 4360 4357
f 4374 4359 4360
f 4221 4363 4381
f 4363 4382 4381
f 4363 4367 4382
f 4355 4359 4374
f 4355 4365 4359
f 4354 4368 4365
f 4354 4367 4368
f 4354 4382 4367
f 4354 4365 4355
f 4357 4360 4358
f 1071 4357 4358
f 4358 4362 4376
f 4360 4359 4362
f 4360 4362 4358
f 4376 4362 4377
f 4359 4361 4362
f 4362 4361 4377
f 4221 4364 4363
f 4363 4364 4369
f 4364 4384 4371
f 4365 4368 4366
f 4368 4370 4366
f 4365 4361 4359
f 4365 4366 4361
f 4366 4377 4361
f 4366 4372 4377
f 4366 4370 4372
f 4363 4369 4367
f 4367 4370 4368
f 4367 4369 4370
f 4369 4371 4370
f 4371 4372 4370
f 4364 4371 4369
f 4356 4392 4385
f 4373 4374 4357
f 1073 4375 4373
f 4373 4386 4374
f 1074 4387 4375
f 4373 4375 4386
f 4355 4374 4393
f 4374 4386 4393
f 1076 4358 4376
f 795 4376 4465
f 795 4474 4378
f 4379 4380 4383
f 4380 4381 4383
f 4284 4379 4402
f 4381 4382 4404
f 4354 4406 4382
f 4379 4383 4403
f 4381 4403 4383
f 4354 4355 4406
f 4371 4384 4405
f 4355 4393 4394
f 4355 4394 4406
f 4385 4392 4401
f 4376 4377 4465
f 795 4465 4474
f 4372 4465 4377
f 4375 4387 4389
f 4375 4389 4386
f 1092 4388 4387
f 1093 4378 4388
f 4387 4388 4391
f 4378 4390 4388
f 4387 4391 4389
f 4388 4390 4391
f 4386 4389 4395
f 4386 4395 4393
f 4393 4395 4399
f 4393 4399 4394
f 4389 4397 4395
f 4390 4396 4391
f 4389 4391 4397
f 4391 4396 4397
f 4395 4397 4400
f 4397 4396 4398
f 4395 4400 4399
f 4397 4398 4400
f 4379 4403 4402
f 4381 4404 4403
f 4382 4406 4404
f 4402 4403 4348
f 4403 4404 4348
f 4384 4324 4405
f 4371 4465 4372
f 4371 4405 4456
f 4385 4401 4409
f 4378 4474 4390
f 4390 4474 4396
f 4404 4406 4349
f 4371 4456 4465
f 4405 4455 4456
f 4406 4394 4453
f 4394 4458 4453
f 4394 4461 4458
f 4409 4401 4464
f 4394 4399 4411
f 4394 4411 4410
f 4411 4414 4410
f 4410 4414 4416
f 4399 4400 4412
f 4398 4413 4400
f 4399 4412 4411
f 4400 4413 4412
f 4396 4474 4398
f 4411 4412 4415
f 4412 4413 4418
f 4411 4415 4414
f 4412 4418 4415
f 4394 4410 4461
f 4410 4416 4461
f 4414 4419 4416
f 4416 4419 4417
f 4416 4417 4463
f 4398 4474 4413
f 4413 4474 4418
f 4401 4423 4464
f 4415 4418 4421
f 4414 4420 4419
f 4414 4415 4420
f 4415 4421 4420
f 4418 4474 4421
f 4421 4426 4420
f 4423 4427 4473
f 4417 4419 4424
f 4417 4424 4422
f 4422 4424 4789
f 4419 4425 4424
f 4419 4420 4425
f 4420 4426 4425
f 4424 4425 4790
f 4426 4788 4425
f 4356 4385 5587
f 4356 5587 5579
f 1091 5590 4392
f 1097 7167 4428
f 4428 7167 4429
f 4392 5597 4401
f 4429 7167 4430
f 4430 7167 4431
f 4428 4429 5600
f 4392 5590 5597
f 4429 4430 5603
f 4385 4409 5616
f 4409 4464 6037
f 4385 5616 5587
f 4409 6037 5616
f 4401 5643 4423
f 7167 7295 4431
f 4423 5644 4427
f 4431 7295 4432
f 4401 5597 5643
f 4430 4431 5639
f 4423 5643 5644
f 4431 4432 5647
f 4352 4353 4436
f 4351 4437 4440
f 4352 4436 4437
f 4353 4433 4436
f 4433 4434 4435
f 4433 4435 4436
f 4435 4434 4438
f 4434 4757 4438
f 4757 4439 4438
f 4757 5230 4439
f 4440 4443 4441
f 4437 4442 4440
f 4440 4442 4443
f 4439 5230 4444
f 4444 5230 5259
f 4444 5259 4445
f 4443 4448 4441
f 4443 4446 4448
f 4448 4446 4449
f 4446 4447 4449
f 4447 4450 4449
f 4445 5260 4451
f 4447 4451 5261
f 4447 5261 4450
f 4353 5844 4433
f 4433 5847 4434
f 4434 6024 4757
f 4436 4435 5852
f 4436 5853 4437
f 4435 4438 5851
f 4438 4439 5854
f 4439 4444 5855
f 4353 5299 5844
f 4433 5844 5847
f 4434 5847 6024
f 4436 5852 5853
f 4435 5851 5852
f 4437 5853 5893
f 4438 5854 5851
f 4439 5855 5854
f 4440 4441 5884
f 4441 4448 5909
f 4440 5884 5881
f 4441 5909 5884
f 4437 5893 4442
f 4442 5896 4443
f 4443 5905 4446
f 4444 4445 5899
f 4445 4451 5900
f 4446 5906 4447
f 4448 4449 5910
f 4449 4450 5915
f 4447 5919 4451
f 4442 5893 5896
f 4443 5896 5905
f 4444 5899 5855
f 4451 5919 5900
f 4445 5900 5899
f 4446 5905 5906
f 4448 5910 5909
f 4449 5915 5910
f 4447 5906 5919
f 4450 6865 5915
f 4406 4487 4407
f 4406 4452 4476
f 4406 4453 4452
f 4406 4476 4477
f 4406 4477 4486
f 4406 4486 4487
f 4452 4453 4507
f 4407 4847 4408
f 4405 4408 4848
f 4405 4848 4455
f 4452 4507 4505
f 4453 4466 4457
f 4453 4508 4507
f 4416 4463 4461
f 4458 4467 4453
f 4459 4460 4575
f 4458 4461 4471
f 4461 4463 4649
f 4456 4464 4473
f 4456 4473 4465
f 4423 4473 4464
f 4453 4467 4466
f 4459 4457 4466
f 4459 4466 4467
f 4458 4468 4467
f 4458 4470 4469
f 4467 4468 4460
f 4459 4467 4460
f 4468 4469 4460
f 4469 4470 4460
f 4458 4471 4470
f 4460 4470 4471
f 4460 4471 4462
f 4461 4472 4471
f 4461 4633 4472
f 4462 4471 4472
f 4462 4472 4633
f 4465 4473 4474
f 4461 4649 4634
f 4474 4473 4475
f 4407 4487 4847
f 4477 4476 4512
f 4452 4504 4476
f 4480 4481 4478
f 4480 4459 4574
f 4480 4574 4481
f 4479 4478 4481
f 4479 4483 4482
f 4479 4482 4478
f 4483 4484 4482
f 4479 4490 4483
f 4479 4481 4491
f 4491 4481 4494
f 4481 4599 4494
f 4481 4600 4599
f 4481 4597 4600
f 4481 4598 4597
f 4477 4519 4486
f 4488 4484 4485
f 4488 4485 4489
f 4488 4489 4803
f 4489 4804 4803
f 4483 4485 4484
f 4483 4496 4485
f 4483 4490 4496
f 4485 4497 4489
f 4485 4496 4497
f 4479 4491 4490
f 4491 4494 4493
f 4490 4491 4492
f 4490 4499 4496
f 4490 4492 4499
f 4491 4493 4492
f 4493 4494 4495
f 4494 4599 4495
f 4599 4601 4495
f 4489 4497 4498
f 4496 4500 4497
f 4489 4498 4804
f 4497 4501 4498
f 4496 4499 4500
f 4497 4500 4501
f 4498 4501 4810
f 4454 4455 4849
f 4408 4847 4848
f 4477 4512 4516
f 4512 4484 4516
f 4452 4502 4503
f 4452 4503 4504
f 4476 4504 4509
f 4478 4504 4503
f 4478 4509 4504
f 4452 4505 4506
f 4480 4503 4502
f 4480 4502 4506
f 4480 4506 4505
f 4480 4505 4507
f 4480 4507 4459
f 4457 4507 4508
f 4459 4507 4457
f 4453 4457 4661
f 4453 4661 4508
f 4457 4508 4514
f 4480 4478 4503
f 4506 4502 4513
f 4452 4530 4502
f 4452 4506 4530
f 4476 4510 4511
f 4476 4511 4512
f 4478 4510 4509
f 4478 4482 4510
f 4482 4511 4510
f 4482 4512 4511
f 4482 4484 4512
f 4476 4509 4538
f 4476 4538 4510
f 4509 4510 4532
f 4506 4513 4515
f 4502 4530 4513
f 4508 4661 4514
f 4506 4515 4525
f 4506 4525 4530
f 4513 4525 4515
f 4513 4527 4525
f 4455 4848 4850
f 4455 4850 4849
f 4477 4518 4519
f 4477 4516 4517
f 4484 4517 4516
f 4484 4518 4517
f 4484 4519 4518
f 4477 4517 4549
f 4486 4519 4520
f 4488 4520 4519
f 4488 4519 4484
f 4477 4549 4518
f 4488 4521 4520
f 4486 4520 4521
f 4488 4522 4521
f 4487 4523 4522
f 4486 4857 4487
f 4488 4803 4522
f 4521 4522 4523
f 4521 4523 4524
f 4486 4521 4857
f 4487 4857 4523
f 4523 4856 4524
f 4510 4533 4532
f 4509 4532 4538
f 4510 4539 4533
f 4510 4538 4539
f 4517 4518 4550
f 4517 4550 4548
f 4517 4548 4549
f 4513 4530 4527
f 4525 4531 4530
f 4525 4527 4531
f 4529 4542 4527
f 4526 4531 4663
f 4527 4542 4531
f 4531 4542 4663
f 4492 4493 4535
f 4493 4495 4537
f 4493 4537 4535
f 4537 4495 4543
f 4532 4533 4538
f 4533 4534 4538
f 4535 4537 4543
f 4533 4539 4559
f 4533 4559 4534
f 4540 4536 4559
f 4539 4540 4559
f 4495 4601 4543
f 4601 4670 4543
f 4534 4541 4528
f 4529 4528 4542
f 4528 4541 4542
f 4534 4559 4541
f 4659 4544 4660
f 4526 4660 4544
f 4530 4544 4527
f 4529 4527 4544
f 4534 4528 4544
f 4529 4544 4528
f 4530 4531 4544
f 4526 4544 4531
f 4544 4674 4546
f 4544 4675 4674
f 4534 4544 4538
f 4538 4556 4539
f 4539 4556 4540
f 4538 4544 4556
f 4556 4544 4568
f 4663 4542 4674
f 4542 4541 4545
f 4559 4547 4541
f 4544 4545 4547
f 4542 4546 4674
f 4542 4545 4546
f 4544 4546 4545
f 4541 4547 4545
f 4568 4544 4547
f 4518 4549 4550
f 4548 4550 4563
f 4548 4563 4549
f 4549 4551 4550
f 4521 4524 4857
f 4524 4553 4857
f 4524 4856 4553
f 4551 4552 4566
f 4552 4554 4567
f 4553 4555 4857
f 4554 4555 4567
f 4549 4563 4556
f 4549 4556 4551
f 4551 4556 4552
f 4552 4556 4554
f 4554 4556 4555
f 4555 4556 4857
f 4556 4572 4868
f 4492 4557 4499
f 4492 4535 4557
f 4499 4557 4561
f 4499 4561 4500
f 4500 4561 4565
f 4535 4543 4557
f 4557 4543 4565
f 4536 4558 4560
f 4536 4560 4559
f 4558 4564 4560
f 4557 4565 4561
f 4562 4563 4564
f 4558 4562 4564
f 4550 4564 4563
f 4550 4551 4564
f 4870 4543 4670
f 4870 4670 4671
f 4871 4671 4673
f 4500 4565 4501
f 4501 4565 4870
f 4551 4566 4564
f 4565 4543 4870
f 4552 4567 4566
f 4870 4671 4871
f 4540 4556 4536
f 4536 4556 4558
f 4558 4556 4562
f 4559 4560 4568
f 4562 4556 4563
f 4560 4564 4569
f 4559 4568 4547
f 4560 4569 4568
f 4556 4568 4569
f 4564 4571 4570
f 4556 4569 4570
f 4556 4570 4571
f 4564 4570 4569
f 4564 4566 4571
f 4566 4567 4573
f 4566 4572 4571
f 4556 4571 4572
f 4566 4573 4572
f 4567 4873 4573
f 4459 4575 4574
f 4574 4579 4481
f 4574 4575 4577
f 4460 4576 4575
f 4460 4462 4576
f 4462 4588 4576
f 4575 4576 4578
f 4583 4576 4588
f 4481 4579 4580
f 4575 4578 4577
f 4574 4577 4579
f 4481 4580 4598
f 4577 4596 4579
f 4580 4579 4594
f 4577 4578 4595
f 4578 4582 4581
f 4577 4595 4596
f 4578 4581 4595
f 4578 4576 4582
f 4582 4576 4583
f 4583 4588 4585
f 4582 4583 4584
f 4582 4584 4581
f 4583 4605 4584
f 4583 4585 4605
f 4585 4606 4605
f 4585 4586 4606
f 4585 4591 4586
f 4586 4591 4609
f 4462 4587 4588
f 4588 4587 4591
f 4591 4587 4589
f 4463 4590 4655
f 4588 4591 4585
f 4591 4589 4592
f 4589 4593 4592
f 4592 4593 4619
f 4580 4603 4598
f 4579 4596 4594
f 4580 4594 4603
f 4600 4597 4604
f 4598 4603 4597
f 4599 4600 4602
f 4599 4602 4601
f 4600 4604 4602
f 4597 4603 4604
f 4586 4607 4606
f 4586 4609 4607
f 4607 4609 4608
f 4609 4611 4608
f 4611 4610 4608
f 4611 4615 4610
f 4611 4612 4615
f 4612 4614 4613
f 4612 4616 4615
f 4612 4613 4616
f 4613 4614 4617
f 4613 4617 4616
f 4591 4611 4609
f 4591 4612 4611
f 4591 4614 4612
f 4591 4620 4614
f 4591 4592 4623
f 4591 4623 4620
f 4623 4592 4624
f 4593 4618 4619
f 4624 4592 4619
f 4619 4618 4795
f 4614 4620 4617
f 4620 4623 4621
f 4620 4621 4617
f 4623 4622 4621
f 4623 4624 4622
f 4624 4625 4622
f 4624 4626 4625
f 4626 4627 4625
f 4629 4628 4627
f 4626 4629 4627
f 4629 4632 4628
f 4632 4630 4628
f 4632 4953 4630
f 4630 4953 4631
f 4624 4619 4626
f 4626 4619 4629
f 4629 4619 4795
f 4629 4795 4632
f 4632 4795 5263
f 4458 4639 4468
f 4458 4469 4639
f 4468 4639 4469
f 4633 4635 4634
f 4462 4633 4587
f 4633 4634 4587
f 4461 4647 4633
f 4461 4634 4648
f 4635 4645 4634
f 4633 4647 4635
f 4461 4684 4647
f 4457 4514 4636
f 4457 4636 4661
f 4514 4662 4636
f 4514 4661 4658
f 4514 4658 4665
f 4514 4665 4662
f 4636 4662 4661
f 4581 4646 4667
f 4661 4662 4644
f 4637 4644 4662
f 4637 4638 4644
f 4640 4641 4644
f 4638 4640 4644
f 4641 4642 4644
f 4642 4643 4644
f 4461 4648 4686
f 4461 4686 4684
f 4634 4645 4648
f 4635 4647 4645
f 4581 4584 4646
f 4584 4605 4646
f 4645 4647 4648
f 4647 4687 4648
f 4647 4684 4687
f 4648 4687 4686
f 4643 4683 4644
f 4683 4687 4644
f 4684 4644 4687
f 4634 4649 4587
f 4587 4649 4650
f 4463 4650 4649
f 4463 4651 4650
f 4463 4653 4652
f 4463 4698 4651
f 4463 4652 4698
f 4587 4650 4589
f 4650 4651 4589
f 4651 4652 4589
f 4652 4653 4589
f 4463 4655 4653
f 4589 4653 4655
f 4590 4654 4655
f 4651 4694 4652
f 4651 4698 4694
f 4652 4694 4697
f 4652 4697 4698
f 4589 4655 4593
f 4654 4593 4655
f 4654 4656 4593
f 4590 4657 4656
f 4590 4725 4657
f 4721 4654 4590
f 4721 4590 4656
f 4717 4656 4654
f 4656 4657 4593
f 4593 4657 4725
f 4659 4660 4663
f 4659 4664 4658
f 4637 4662 4665
f 4658 4664 4665
f 4526 4663 4660
f 4659 4663 4664
f 4596 4666 4594
f 4596 4595 4667
f 4581 4667 4595
f 4596 4667 4666
f 4672 4594 4666
f 4637 4665 4638
f 4638 4668 4640
f 4638 4665 4668
f 4666 4667 4690
f 4640 4668 4641
f 4641 4668 4642
f 4642 4669 4643
f 4642 4668 4669
f 4672 4666 4690
f 4603 4594 4672
f 4601 4602 4671
f 4601 4671 4670
f 4602 4673 4671
f 4603 4672 4604
f 4602 4604 4673
f 4604 4672 4673
f 4672 4714 4673
f 4658 4661 4544
f 4659 4658 4544
f 4663 4675 4664
f 4664 4677 4665
f 4661 4644 4544
f 4644 4678 4544
f 4664 4675 4676
f 4663 4674 4675
f 4544 4676 4675
f 4544 4680 4677
f 4544 4677 4676
f 4664 4676 4677
f 4665 4677 4680
f 4544 4678 4680
f 4668 4679 4669
f 4668 4665 4678
f 4668 4678 4679
f 4669 4679 4681
f 4644 4679 4678
f 4644 4681 4679
f 4644 4706 4681
f 4665 4680 4678
f 4605 4606 4682
f 4646 4605 4682
f 4606 4607 4682
f 4607 4690 4682
f 4607 4608 4690
f 4646 4690 4667
f 4646 4682 4690
f 4643 4689 4683
f 4643 4669 4689
f 4684 4686 4688
f 4686 4687 4688
f 4683 4691 4687
f 4691 4688 4687
f 4691 4685 4688
f 4683 4689 4691
f 4691 4692 4685
f 4691 4695 4692
f 4694 4698 4696
f 4694 4696 4699
f 4694 4699 4697
f 4692 4695 4693
f 4693 4695 4696
f 4695 4703 4696
f 4696 4701 4699
f 4698 4697 4699
f 4698 4699 4701
f 4696 4703 4701
f 4700 4701 4703
f 4700 4703 4702
f 4608 4610 4690
f 4610 4704 4690
f 4672 4690 4704
f 4672 4704 4714
f 4702 4703 4705
f 4702 4705 4718
f 4669 4681 4689
f 4689 4706 4691
f 4691 4708 4695
f 4644 4707 4706
f 4644 4708 4707
f 4684 4709 4644
f 4644 4709 4708
f 4689 4681 4706
f 4691 4706 4707
f 4691 4707 4708
f 4684 4688 4709
f 4685 4709 4688
f 4685 4692 4709
f 4692 4693 4709
f 4693 4696 4709
f 4698 4709 4696
f 4698 4701 4709
f 4700 4709 4701
f 4700 4702 4709
f 4702 4718 4709
f 4695 4708 4710
f 4708 4709 4710
f 4709 4711 4710
f 4695 4711 4703
f 4703 4712 4705
f 4695 4710 4711
f 4703 4711 4712
f 4709 4712 4711
f 4709 4713 4712
f 4705 4712 4713
f 4709 4748 4713
f 4871 4673 4714
f 4610 4615 4714
f 4615 4616 4715
f 4610 4714 4704
f 4615 4715 4714
f 4616 4617 4716
f 4616 4716 4715
f 4715 4716 5014
f 4717 4654 4721
f 4717 4720 4656
f 4720 4721 4656
f 4718 4705 4719
f 4719 4717 4721
f 4717 4722 4720
f 4719 4731 4717
f 4719 4705 4731
f 4720 4722 4721
f 4717 4731 4722
f 4722 4731 4723
f 4723 4731 4724
f 4718 4719 4709
f 4719 4721 4709
f 4705 4713 4731
f 4721 4722 4751
f 4721 4751 4709
f 4709 4749 4748
f 4709 4750 4749
f 4593 4725 4618
f 4725 4726 4618
f 4729 4730 4726
f 4729 4726 4794
f 4726 4730 4727
f 4726 4727 4618
f 4618 4727 4728
f 4729 4794 4737
f 4737 4727 4730
f 4729 4738 4730
f 4737 4794 4727
f 4617 4621 4716
f 4716 4621 4734
f 4621 4622 4734
f 4622 4735 4734
f 4724 4731 4732
f 4724 4732 4733
f 4732 4741 4733
f 4733 4741 4736
f 4622 4625 4735
f 4737 4730 4738
f 4729 4737 4736
f 4729 4736 4738
f 4736 4740 4738
f 4737 4738 4740
f 4736 4741 4740
f 4739 4740 4741
f 4716 4734 5005
f 4625 4627 4735
f 4627 4628 4743
f 4627 4743 4735
f 4628 4630 4743
f 4630 4631 4745
f 4630 4745 4743
f 4734 4735 5005
f 4739 4741 4744
f 4744 4741 4742
f 4744 4742 4746
f 4735 4743 5005
f 4743 4745 5005
f 4742 5006 4746
f 4746 5006 4747
f 4731 4749 4732
f 4722 4723 4751
f 4723 4724 4751
f 4724 4733 4751
f 4732 4750 4741
f 4731 4713 4748
f 4731 4748 4749
f 4732 4749 4750
f 4709 4752 4750
f 4709 4751 4752
f 4741 4750 4752
f 4733 4736 4751
f 4736 4737 4751
f 4737 4740 4751
f 4739 4751 4740
f 4739 4744 4751
f 4741 4752 4742
f 4742 4752 4753
f 4751 4753 4752
f 4742 4753 4754
f 4744 4746 4751
f 4746 4747 4751
f 4747 5008 4751
f 4751 5008 5007
f 4742 4754 5006
f 4751 4754 4753
f 4751 5020 4754
f 4751 5021 5020
f 4755 5008 5010
f 4756 5007 5008
f 4755 4756 5008
f 4797 5007 4756
f 4755 4801 4756
f 4797 4755 5010
f 4797 5010 5007
f 4454 4757 4455
f 4455 4757 4456
f 4454 5230 4757
f 4454 4849 5230
f 4758 4774 4771
f 4758 4759 4774
f 4759 4760 5217
f 4760 4761 5217
f 4763 4767 4764
f 4762 4767 4763
f 4764 4766 4765
f 4764 4767 4766
f 4766 4767 4768
f 4770 4772 4774
f 4762 4770 4774
f 4772 4773 4774
f 4771 4774 4773
f 4762 4774 5231
f 4774 4759 5231
f 4762 5231 4767
f 4767 5231 4768
f 4768 4777 4769
f 4769 4777 4776
f 4775 4776 4777
f 4775 4777 4778
f 4777 4779 4778
f 4768 5231 4777
f 4777 5231 4779
f 4779 4785 4780
f 4780 4785 4781
f 4781 4785 4782
f 4782 4785 4783
f 4783 4785 4784
f 4417 4422 4463
f 4422 4786 4590
f 4422 4590 4463
f 4590 4786 4794
f 4421 4474 4426
f 4426 4474 4788
f 4473 7867 4475
f 4422 4789 4786
f 4786 4789 4791
f 4786 4791 4787
f 4794 4786 4787
f 4791 7861 4787
f 4424 4790 4789
f 4425 4788 4790
f 4427 7866 4473
f 4789 4790 4792
f 4790 4788 4793
f 4789 4792 4791
f 4790 4793 4792
f 4474 4793 4788
f 4792 4793 7863
f 4590 4794 4725
f 4794 4787 4797
f 4794 4797 4798
f 4795 4618 4796
f 4795 4796 5263
f 4474 4475 5279
f 4474 5278 4793
f 4794 4726 4725
f 4794 4728 4727
f 4794 4798 4728
f 4618 4728 4798
f 4618 4798 4796
f 4796 4798 4799
f 4796 4799 4800
f 4797 4799 4798
f 4797 4800 4799
f 4797 4756 4800
f 4756 4801 4800
f 4797 4801 4755
f 4796 4800 5264
f 4800 4801 5264
f 4797 5271 4801
f 4474 5279 5278
f 4797 4787 7860
f 4797 7860 7868
f 4797 7868 7869
f 4797 7893 5265
f 4475 7867 5279
f 4793 5278 7863
f 7863 5278 5282
f 4487 4522 4802
f 4487 4802 4847
f 4804 4806 4803
f 4804 4807 4806
f 4804 4818 4807
f 4802 4805 4847
f 4802 4852 4805
f 4805 4823 4847
f 4807 4824 4806
f 4807 4825 4824
f 4807 4820 4825
f 4498 4808 4804
f 4804 4808 4811
f 4804 4811 4814
f 4804 4814 4815
f 4498 4810 4808
f 4808 4809 4811
f 4808 4810 4809
f 4809 4810 4812
f 4809 4812 4811
f 4811 4812 4813
f 4811 4813 4816
f 4804 4815 4818
f 4811 4816 4814
f 4814 4817 4815
f 4814 4816 4817
f 4815 4817 4819
f 4807 4818 4820
f 4820 4830 4825
f 4815 4819 4818
f 4818 4821 4820
f 4818 4819 4821
f 4820 4822 4830
f 4820 4821 4822
f 4822 4831 4830
f 4847 4823 4826
f 4823 4899 4829
f 4825 4827 4824
f 4825 4828 4827
f 4847 4826 5153
f 4823 4829 4826
f 4828 5144 4827
f 4825 4830 4828
f 4830 4832 4828
f 4830 4831 4832
f 4832 4831 4834
f 4832 4834 4833
f 4833 4834 4835
f 4833 4835 4837
f 4832 4833 4828
f 4833 4837 4844
f 4837 4835 4836
f 4837 4836 4840
f 4840 4836 4838
f 4840 4838 4841
f 4842 4838 4839
f 4841 4838 4842
f 4842 4839 4843
f 4843 4839 4963
f 4841 4842 4843
f 4833 4844 4828
f 4837 4840 5145
f 4828 4844 5144
f 4837 5145 4844
f 4840 4841 5145
f 5145 4841 4843
f 5145 4843 4972
f 5145 4972 4975
f 4522 4803 4845
f 4522 4845 4802
f 4803 4846 4845
f 4802 4845 4846
f 4803 4851 4846
f 4802 4846 4863
f 4803 4806 4851
f 4846 4851 4862
f 4846 4862 4863
f 4802 4863 4865
f 4802 4865 4851
f 4851 4874 4862
f 4802 4851 4852
f 4806 4852 4851
f 4806 4853 4852
f 4805 4852 4853
f 4805 4853 4854
f 4805 4854 4881
f 4806 4897 4853
f 4853 4897 4854
f 4806 4824 4897
f 4805 4883 4823
f 4854 4897 4855
f 4854 4855 4881
f 4805 4881 4883
f 4855 4823 4883
f 4523 4857 4856
f 4553 4856 4858
f 4856 4857 4858
f 4553 4858 4555
f 4555 4858 4567
f 4567 4858 4861
f 4858 4859 4861
f 4859 4860 4861
f 4862 4876 4863
f 4851 4865 4874
f 4862 4874 4866
f 4863 4864 4865
f 4860 4864 4861
f 4861 4864 4876
f 4865 4866 4874
f 4862 4866 4876
f 4863 4876 4864
f 4866 4875 4876
f 4857 4868 4858
f 4858 4868 4859
f 4556 4868 4857
f 4572 4573 4868
f 4861 4867 4873
f 4573 4873 4868
f 4867 4868 4873
f 4859 4868 4860
f 4860 4868 4864
f 4864 4868 4865
f 4865 4868 4866
f 4866 4868 4875
f 4861 4876 4869
f 4861 4869 4867
f 4867 4869 4868
f 4876 4889 4869
f 4868 4869 4889
f 4501 4870 4810
f 4810 4870 4812
f 4812 4870 4871
f 4812 4871 4813
f 4813 4871 4872
f 4813 4872 4879
f 4567 4861 4873
f 4816 4879 4817
f 4817 4879 4882
f 4875 4877 4876
f 4877 4880 4878
f 4877 4878 4876
f 4880 4891 4878
f 4880 4884 4891
f 4855 4885 4881
f 4855 4883 4885
f 4817 4882 4819
f 4819 4882 4821
f 4821 4888 4822
f 4822 4888 4831
f 4821 4882 4888
f 4881 4884 4883
f 4881 4885 4884
f 4879 4888 4882
f 4884 4885 4891
f 4885 4886 4891
f 4886 4887 4891
f 4887 4892 4891
f 4879 4913 4888
f 4887 4906 4892
f 4875 4868 4877
f 4877 4868 4880
f 4880 4868 4884
f 4876 4878 4889
f 4883 4884 4868
f 4878 4891 4893
f 4878 4890 4889
f 4868 4889 4890
f 4868 4890 4893
f 4878 4893 4890
f 4868 4893 4894
f 4868 4894 4895
f 4883 4912 4885
f 4885 4912 4886
f 4886 4912 4887
f 4883 4868 4912
f 4868 4895 4912
f 4813 4879 4816
f 4872 4918 4879
f 4871 4919 4872
f 4879 4914 4913
f 4892 4906 4915
f 4879 4918 4914
f 4872 4919 4918
f 4891 4892 4894
f 4892 4915 4896
f 4891 4894 4893
f 4892 4895 4894
f 4892 4896 4895
f 4847 5154 4848
f 4849 4850 5155
f 4848 4900 4850
f 4855 4897 4823
f 4823 4897 4898
f 4824 4898 4897
f 4823 4898 4899
f 4824 4899 4898
f 4824 4827 4899
f 4899 4827 4901
f 4847 5153 5154
f 4848 5154 4900
f 4850 4900 5155
f 4829 4899 4901
f 4829 4901 4902
f 4827 4902 4901
f 4902 4904 4903
f 4829 4902 4909
f 4827 4904 4902
f 4827 4905 4904
f 4829 4911 4904
f 4829 4904 4905
f 4827 5144 4905
f 4905 5144 5157
f 4831 4913 4834
f 4888 4913 4831
f 4909 4908 4910
f 4911 4916 4908
f 4911 4909 4916
f 4908 4916 4910
f 4909 4902 4903
f 4829 4909 4911
f 4911 4908 4903
f 4909 4903 4908
f 4887 4912 4906
f 4906 4912 4907
f 4909 4910 4912
f 4907 4912 4910
f 4834 4913 4835
f 4835 4914 4836
f 4835 4913 4914
f 4836 4914 4918
f 4906 4907 4915
f 4907 4910 4915
f 4910 4916 4915
f 4916 4920 4915
f 4915 4920 4917
f 4836 4918 4838
f 4838 4918 4839
f 4839 4919 4963
f 4839 4918 4919
f 4917 4920 4921
f 4921 4922 4923
f 4917 4921 4923
f 4922 4925 4923
f 4927 4928 4923
f 4925 4924 4936
f 4925 4926 4924
f 4925 4936 4923
f 4927 4923 4936
f 4926 4927 4936
f 4963 4919 5046
f 4927 4937 4928
f 4928 4938 4929
f 4909 4912 4916
f 4916 4912 4920
f 4920 4912 4921
f 4915 4917 4930
f 4917 4923 4931
f 4915 4930 4896
f 4895 4896 4912
f 4917 4931 4930
f 4923 4932 4931
f 4921 4912 4922
f 4922 4912 4925
f 4925 4912 4926
f 4923 4933 4932
f 4896 4950 4912
f 4896 4930 4950
f 4930 4931 4950
f 4926 4912 4950
f 4923 4928 4933
f 4928 4929 4934
f 4931 4932 4950
f 4928 4934 4933
f 4932 4933 4950
f 4933 4934 4950
f 4929 4935 4934
f 4911 4903 4904
f 4924 4926 5158
f 4924 5158 4936
f 4926 4936 5159
f 4936 5158 5159
f 4928 4937 4938
f 4929 4938 4941
f 4929 4942 4945
f 4929 4941 4942
f 4929 4945 4939
f 4944 4943 4940
f 4944 4940 4942
f 4944 4945 4948
f 4940 4948 4945
f 4940 4943 4948
f 4940 4945 4942
f 4945 4946 4939
f 4946 4947 4939
f 5162 4943 4944
f 5162 4948 4943
f 4926 4950 4927
f 4927 4950 4937
f 4937 4950 4938
f 4929 4939 4949
f 4944 4942 4950
f 4941 4950 4942
f 4938 4950 4941
f 4944 4950 4945
f 4945 4950 4946
f 4946 4950 4947
f 4947 4950 5066
f 4929 4949 4935
f 4934 4935 4950
f 4935 4949 4950
f 4631 4954 4951
f 4631 4953 4954
f 4955 4952 4951
f 4954 4955 4951
f 4958 4956 4952
f 4958 4957 4956
f 4955 4958 4952
f 4632 5263 4953
f 4954 4953 5266
f 4954 5266 4955
f 4955 5266 4958
f 4953 5263 5266
f 4959 4957 4958
f 4959 4958 4960
f 4959 4961 4957
f 4959 4960 4961
f 4960 4962 4961
f 4962 4984 4961
f 4960 4958 5266
f 4960 5266 4962
f 4962 5266 4988
f 4988 5266 4999
f 4843 4963 4971
f 4970 4965 4969
f 4964 4967 4966
f 4964 4965 4968
f 4968 4965 4970
f 4966 4967 4982
f 4964 4968 4967
f 4967 4968 4982
f 4970 4969 4990
f 4970 4990 5000
f 4843 4971 4972
f 4972 4971 4973
f 4972 4973 4975
f 4975 4973 4976
f 4975 4976 4977
f 4977 4976 4978
f 4980 4978 4979
f 4981 4979 4974
f 4983 4981 4974
f 4977 4978 4980
f 4980 4979 4981
f 4983 4966 4982
f 4983 4974 4966
f 4968 4970 5187
f 4968 5187 4982
f 4970 5000 5187
f 4983 4982 5187
f 4988 4985 4984
f 4962 4988 4984
f 4989 4986 4985
f 4988 4989 4985
f 4997 4987 4986
f 4989 4997 4986
f 4996 4992 4993
f 5000 4990 4991
f 5001 4991 4994
f 5000 4991 5001
f 4995 4994 4992
f 4995 4992 4996
f 4995 5001 4994
f 4998 4993 4987
f 4997 4998 4987
f 4998 4996 4993
f 4997 5002 4998
f 4988 4999 4989
f 4989 5002 4997
f 4989 4999 5002
f 4999 5268 5002
f 4998 5004 4996
f 4995 4996 5183
f 5000 5001 5187
f 4995 5187 5001
f 4996 5004 5183
f 4998 5002 5004
f 5002 5268 5003
f 5004 5003 5185
f 5002 5003 5004
f 4871 4714 4919
f 4714 4715 4919
f 4715 5027 4919
f 5027 5028 5048
f 4716 5005 5014
f 4715 5014 5027
f 4631 4951 4745
f 4951 4952 5005
f 4745 4951 5005
f 4952 4956 5005
f 4747 5006 5008
f 5006 5009 5008
f 5006 5012 5009
f 5006 5011 5012
f 5007 5010 5009
f 5008 5009 5010
f 5011 5015 5013
f 5011 5013 5012
f 4956 5014 5005
f 4956 4957 5027
f 4956 5027 5014
f 5013 5015 5016
f 5015 5017 5016
f 5015 5029 5019
f 5015 5019 5025
f 5015 5026 5017
f 5018 5025 5019
f 5006 5020 5011
f 5007 5009 5024
f 5009 5012 5024
f 5012 5013 5024
f 4754 5020 5006
f 4751 5024 5021
f 4751 5007 5024
f 5011 5020 5021
f 5011 5021 5022
f 5011 5022 5015
f 5013 5016 5024
f 5016 5017 5024
f 5015 5040 5029
f 5017 5018 5024
f 5018 5019 5024
f 5019 5030 5024
f 5015 5022 5023
f 5021 5024 5022
f 5022 5024 5023
f 5015 5023 5040
f 5023 5024 5040
f 5017 5273 5018
f 5015 5025 5026
f 5018 5265 5025
f 5025 5274 5026
f 5017 5026 5273
f 4957 4961 5028
f 4957 5028 5027
f 5019 5029 5030
f 5029 5031 5030
f 5029 5034 5032
f 5029 5032 5031
f 5032 5044 5035
f 4961 4984 5028
f 5028 4984 5111
f 5032 5034 5036
f 5034 5038 5036
f 5037 5036 5035
f 5032 5036 5037
f 5032 5037 5044
f 5039 5034 5033
f 5039 5038 5034
f 5039 5033 5115
f 5030 5031 5024
f 5031 5032 5024
f 5029 5042 5034
f 5032 5035 5024
f 5024 5042 5040
f 5029 5040 5042
f 5024 5043 5042
f 5033 5043 5041
f 5033 5041 5132
f 5034 5043 5033
f 5035 5036 5135
f 5036 5038 5135
f 5039 5135 5038
f 5034 5042 5043
f 5024 5135 5043
f 5035 5135 5024
f 5043 5135 5041
f 5037 5035 5045
f 5044 5037 5045
f 5044 5277 5035
f 5044 5045 5277
f 5035 5280 5045
f 5035 5277 5269
f 4963 5046 5056
f 4919 5047 5046
f 5046 5049 5056
f 5046 5047 5049
f 5027 5047 4919
f 5027 5048 5047
f 5028 5050 5048
f 5028 5121 5050
f 4964 5047 4965
f 4965 5048 4969
f 5047 5048 4965
f 4964 4966 5049
f 4964 5049 5047
f 4969 5048 5050
f 4969 5050 5121
f 4969 5121 4990
f 5051 5052 5091
f 5122 5053 5051
f 5051 5054 5052
f 5052 5055 5109
f 5051 5053 5054
f 5052 5054 5055
f 5136 5110 5053
f 4963 5056 4971
f 4971 5057 4973
f 4971 5056 5057
f 4947 5058 4939
f 4947 5066 5058
f 5056 5075 5057
f 5058 5066 5067
f 5058 5067 5068
f 5058 5068 5070
f 5058 5070 5059
f 5049 4974 5061
f 4974 4979 5061
f 5049 5061 5056
f 5056 5061 5075
f 5059 5073 5060
f 5060 5074 5062
f 5062 5078 5088
f 4973 5064 4976
f 4973 5057 5064
f 5068 5063 5071
f 5065 5068 5071
f 5065 5069 5067
f 5067 5069 5068
f 5068 5069 5063
f 5059 5070 5073
f 5063 5163 5071
f 4976 5072 4978
f 4978 5075 4979
f 4976 5064 5072
f 4978 5072 5075
f 4979 5075 5061
f 5057 5075 5064
f 5064 5075 5072
f 5060 5073 5074
f 5062 5074 5076
f 5062 5076 5077
f 5062 5077 5078
f 4939 5058 5080
f 5065 5067 4950
f 5066 4950 5067
f 5058 5059 5082
f 4939 5080 4949
f 5058 5081 5080
f 4950 4949 5086
f 5058 5082 5081
f 5059 5083 5082
f 4949 5080 5086
f 5080 5081 5086
f 5081 5082 5086
f 5059 5060 5083
f 5060 5062 5084
f 5060 5084 5083
f 5082 5083 5086
f 5083 5084 5086
f 5062 5085 5084
f 5062 5107 5085
f 5084 5085 5086
f 5085 5107 5086
f 5065 5086 5068
f 5068 5086 5070
f 5065 4950 5086
f 5070 5086 5073
f 5073 5086 5074
f 5074 5086 5076
f 5076 5086 5077
f 5077 5086 5078
f 5078 5086 5097
f 4966 4974 5049
f 5088 5100 5087
f 5087 5101 5089
f 5087 5100 5101
f 5052 5089 5096
f 5052 5092 5090
f 5052 5090 5091
f 5052 5096 5092
f 5093 5089 5101
f 5093 5094 5089
f 5096 5089 5094
f 5096 5095 5103
f 5096 5103 5092
f 5088 5078 5097
f 5088 5097 5098
f 5098 5099 5102
f 5088 5193 5100
f 5088 5098 5193
f 5100 5193 5099
f 5098 5102 5193
f 5087 5089 5105
f 5062 5088 5107
f 5088 5087 5108
f 5089 5106 5105
f 5088 5108 5107
f 5107 5108 5086
f 5087 5105 5108
f 5108 5105 5110
f 5108 5110 5086
f 5052 5109 5089
f 5092 5110 5090
f 5090 5110 5091
f 5093 5110 5094
f 5093 5101 5110
f 5100 5099 5110
f 5100 5110 5101
f 5096 5110 5095
f 5092 5095 5110
f 5096 5094 5110
f 5089 5109 5106
f 5055 5110 5109
f 5105 5106 5110
f 5106 5109 5110
f 5054 5110 5055
f 5053 5110 5054
f 5098 5086 5099
f 5097 5086 5098
f 5099 5086 5110
f 4984 4985 5111
f 4985 4986 5114
f 4985 5114 5111
f 4987 5114 4986
f 4987 4993 5123
f 4987 5123 5114
f 5028 5111 5121
f 5033 5112 5115
f 5111 5114 5124
f 5121 5111 5124
f 5118 5112 5125
f 5113 5125 5112
f 5115 5112 5117
f 5118 5120 5112
f 5120 5117 5112
f 5116 5115 5117
f 5116 5119 5120
f 5120 5119 5117
f 4990 5121 4991
f 4991 5124 4994
f 4991 5121 5124
f 4992 5123 4993
f 4992 4994 5124
f 4992 5124 5123
f 5113 5122 5126
f 5122 5130 5128
f 5114 5123 5124
f 5113 5126 5125
f 5122 5128 5126
f 5127 5122 5051
f 5127 5131 5122
f 5122 5131 5130
f 5127 5051 5091
f 5127 5129 5131
f 5129 5137 5131
f 5033 5132 5112
f 5125 5126 5135
f 5113 5112 5133
f 5112 5132 5133
f 5041 5135 5132
f 5132 5135 5133
f 5113 5133 5134
f 5113 5134 5136
f 5134 5133 5135
f 5134 5135 5136
f 5039 5115 5135
f 5116 5120 5135
f 5116 5135 5115
f 5118 5135 5120
f 5118 5125 5135
f 5113 5136 5122
f 5126 5128 5135
f 5128 5130 5135
f 5129 5135 5130
f 5122 5136 5053
f 5136 5135 5110
f 5129 5110 5135
f 5035 5269 5280
f 5116 5117 5139
f 5116 5140 5119
f 5119 5140 5117
f 5117 5140 5139
f 5268 5138 5003
f 5129 5130 5210
f 5130 5131 5210
f 5129 5209 5137
f 5131 5137 5210
f 5092 5203 5095
f 5092 5103 5203
f 5103 5104 5203
f 5137 5209 5210
f 5127 5110 5129
f 5127 5091 5110
f 5116 5139 5270
f 5116 5270 5140
f 5138 5139 5003
f 5003 5140 5141
f 5139 5140 5003
f 5003 5141 5207
f 5003 5207 5185
f 5270 5207 5141
f 4826 4829 5142
f 4829 4905 5142
f 4826 5171 5153
f 4826 5142 5143
f 4826 5143 5171
f 4844 5146 5144
f 4844 5145 5146
f 5145 5149 5146
f 5145 4975 5147
f 5147 4975 4977
f 5145 5147 5149
f 5147 4977 5178
f 5142 5160 5148
f 5142 5148 5143
f 5147 5150 5149
f 5147 5178 5150
f 5148 5166 5152
f 5143 5175 5171
f 5143 5148 5151
f 5143 5151 5175
f 5148 5152 5151
f 5151 5152 5190
f 5151 5213 5175
f 5153 5172 5154
f 4905 5157 5142
f 4900 5154 5156
f 4900 5173 5155
f 5153 5171 5172
f 4900 5156 5173
f 5154 5172 5156
f 5144 5158 5157
f 5144 5159 5158
f 4926 5142 5158
f 4926 5159 5142
f 5142 5157 5158
f 5144 5160 5159
f 5144 5146 5160
f 5142 5159 5160
f 5160 5146 5161
f 5146 5162 5161
f 5146 5164 5162
f 5063 5168 5163
f 5164 4944 4948
f 5162 5164 4948
f 5148 5162 4944
f 5148 4944 5164
f 5148 5160 5161
f 5148 5161 5162
f 5146 5165 5164
f 5148 5164 5165
f 5146 5149 5165
f 5165 5149 5166
f 5148 5165 5166
f 5149 5168 5166
f 5163 5168 5167
f 5063 5152 5168
f 5149 5169 5168
f 5071 5169 5152
f 5167 5168 5169
f 5149 5150 5169
f 5169 5150 5170
f 5150 5194 5170
f 5166 5168 5152
f 5169 5170 5152
f 5170 5194 5152
f 5156 5172 5174
f 5156 5177 5173
f 5171 5176 5172
f 5156 5174 5177
f 5172 5176 5174
f 5171 5175 5176
f 5174 5176 5214
f 5174 5216 5177
f 5175 5215 5176
f 4977 4980 5178
f 4980 4981 5179
f 4980 5179 5178
f 4981 5181 5179
f 4983 5181 4981
f 4983 5187 5181
f 5178 5180 5150
f 5178 5179 5180
f 5179 5182 5180
f 5179 5181 5182
f 5181 5188 5182
f 5181 5187 5188
f 4995 5183 5187
f 5183 5185 5184
f 5183 5184 5187
f 5004 5185 5183
f 5270 5186 5207
f 5187 5184 5188
f 5189 5191 5199
f 5189 5206 5186
f 5194 5190 5152
f 5196 5191 5190
f 5190 5191 5192
f 5151 5190 5192
f 5151 5192 5213
f 5071 5163 5167
f 5065 5152 5069
f 5065 5071 5152
f 5069 5152 5063
f 5071 5167 5169
f 5102 5099 5202
f 5099 5193 5200
f 5102 5202 5193
f 5079 5198 5195
f 5079 5195 5190
f 5079 5190 5198
f 5150 5180 5194
f 5194 5180 5197
f 5180 5195 5198
f 5180 5196 5195
f 5180 5198 5197
f 5193 5202 5200
f 5099 5191 5202
f 5099 5200 5191
f 5180 5182 5196
f 5196 5182 5201
f 5196 5201 5191
f 5199 5202 5182
f 5182 5202 5201
f 5199 5182 5188
f 5199 5200 5202
f 5201 5202 5191
f 5199 5191 5200
f 5095 5203 5204
f 5104 5211 5203
f 5095 5211 5103
f 5103 5211 5104
f 5095 5204 5189
f 5203 5211 5204
f 5095 5189 5211
f 5184 5209 5206
f 5184 5206 5205
f 5129 5186 5209
f 5129 5210 5186
f 5185 5207 5208
f 5185 5208 5210
f 5184 5185 5210
f 5186 5210 5208
f 5186 5208 5207
f 5184 5210 5209
f 5206 5209 5186
f 5204 5211 5188
f 5199 5188 5212
f 5188 5211 5212
f 5204 5188 5205
f 5184 5205 5188
f 5189 5212 5211
f 5189 5204 5205
f 5189 5205 5206
f 5189 5199 5212
f 5194 5197 5190
f 5197 5198 5190
f 5195 5196 5190
f 5175 5213 5215
f 5174 5214 5216
f 5176 5215 5214
f 4759 5217 5231
f 5218 5231 5217
f 5218 5219 5220
f 5218 5220 5221
f 5218 5221 5231
f 5221 5222 5231
f 5222 5225 5231
f 5222 5223 5225
f 5223 5224 5225
f 5224 5226 5225
f 5225 5226 5227
f 5225 5227 5228
f 5225 5228 5229
f 4849 5155 5259
f 4849 5259 5230
f 5229 5240 5242
f 4779 5231 4785
f 4785 5231 5232
f 5231 5233 5232
f 5231 5236 5233
f 5231 5225 5229
f 5231 5229 5242
f 5231 5242 5245
f 5231 5237 5236
f 5231 5251 5237
f 5231 5252 5251
f 5231 5257 5252
f 4784 4785 5232
f 5233 5236 5234
f 5234 5236 5235
f 5237 5239 5238
f 5237 5251 5239
f 5240 5241 5242
f 5241 5243 5242
f 5231 5245 5249
f 5231 5249 5257
f 5242 5243 5244
f 5242 5244 5245
f 5245 5246 5249
f 5248 5256 5249
f 5246 5247 5248
f 5246 5248 5249
f 5250 5251 5252
f 5250 5252 5254
f 5253 5252 5258
f 5253 5255 5252
f 5254 5252 5255
f 5249 5256 5257
f 5257 5258 5252
f 5155 5173 5260
f 5155 5260 5259
f 5173 5177 5261
f 5173 5261 5260
f 5177 5262 5261
f 4445 5259 5260
f 4451 5260 5261
f 4450 5261 5262
f 5177 5216 5262
f 4796 5264 5263
f 4797 5265 5271
f 5263 5264 5266
f 5266 5264 5267
f 5266 5267 4999
f 5276 5265 5269
f 5267 5268 4999
f 5269 5270 5138
f 4801 5271 5264
f 5264 5271 5272
f 5018 5273 5265
f 5025 5265 5274
f 5026 5274 5273
f 5264 5272 5267
f 5272 5273 5267
f 5271 5265 5272
f 5272 5265 5273
f 5273 5274 5267
f 5274 5275 5267
f 5274 5265 5275
f 5275 5265 5276
f 5267 5275 5276
f 5267 5276 5268
f 5276 5277 5280
f 5278 5279 5283
f 5045 5280 5277
f 5276 5280 5268
f 5276 5269 5277
f 5280 5281 5268
f 5269 5281 5280
f 5268 5281 5138
f 5269 5138 5281
f 5270 5139 5138
f 5270 5141 5140
f 5265 7893 5269
f 5278 5283 5282
f 5192 7905 5213
f 5192 5191 7905
f 5213 7907 5215
f 5215 7909 5214
f 5214 7910 5216
f 5269 7905 5270
f 5270 7905 5186
f 5189 5186 7905
f 5189 7905 5191
f 4456 6025 4464
f 4456 4757 6025
f 4772 6059 4773
f 4771 4773 6061
f 4758 4771 6061
f 4758 6061 4759
f 4759 6062 4760
f 4760 6416 4761
f 4762 4763 6177
f 4763 4764 6179
f 4764 4765 6179
f 4765 4766 6181
f 4766 4768 6181
f 4768 4769 6183
f 4770 6187 4772
f 4762 6185 4770
f 4769 4776 6184
f 4775 6190 4776
f 4775 4778 6190
f 4778 4779 6188
f 4779 4780 6192
f 4780 4781 6192
f 4781 4782 6194
f 4782 4783 6195
f 4783 4784 6196
f 4757 6024 6025
f 4464 6025 6037
f 4772 6058 6059
f 4773 6059 6060
f 4773 6060 6061
f 4759 6061 6062
f 4760 6062 6416
f 4763 6179 6177
f 4765 6178 6179
f 4765 6181 6180
f 4765 6180 6178
f 4768 6183 6181
f 4769 6184 6183
f 4770 6185 6187
f 4762 6177 6185
f 4772 6187 6058
f 4776 6190 6184
f 4778 6188 6189
f 4778 6189 6190
f 4779 6192 6188
f 4781 6193 6192
f 4781 6194 6193
f 4782 6195 6194
f 4783 6196 6195
f 4761 6418 5217
f 5218 5217 6418
f 5218 6419 5219
f 5219 6420 5220
f 5220 6425 5221
f 5221 6425 5222
f 5222 6425 5223
f 5223 6425 5224
f 5224 6426 5226
f 5226 6427 5227
f 5227 6599 5228
f 5228 6599 5229
f 5229 6598 5240
f 5239 5251 6597
f 4784 5232 6196
f 5232 5233 6196
f 5233 5234 6196
f 5234 5235 6592
f 5235 5236 6593
f 5236 5237 6594
f 5237 5238 6594
f 5238 5239 6596
f 5240 6601 5241
f 5241 6602 5243
f 5243 6603 5244
f 5244 6604 5245
f 5248 6614 5256
f 5245 6605 5246
f 5246 6605 5247
f 5247 6614 5248
f 5250 6590 5251
f 5250 5254 6590
f 5254 5255 6590
f 5253 6609 5255
f 5253 5258 6613
f 5256 6615 5257
f 5257 6616 5258
f 4450 5262 6865
f 4761 6416 6417
f 4761 6417 6418
f 5218 6418 6419
f 5219 6419 6420
f 5220 6420 6421
f 5220 6421 6423
f 5220 6423 6424
f 5220 6424 6425
f 5224 6425 6426
f 5226 6426 6427
f 5227 6427 6428
f 5227 6428 6599
f 5229 6599 6598
f 5251 6590 6597
f 5234 6198 6196
f 5234 6199 6198
f 5234 6591 6199
f 5234 6592 6591
f 5235 6593 6592
f 5236 6594 6593
f 5238 6595 6594
f 5238 6596 6595
f 5239 6597 6596
f 5240 6598 6601
f 5241 6601 6602
f 5243 6602 6603
f 5244 6603 6604
f 5245 6604 6605
f 5247 6605 6607
f 5247 6607 6608
f 5247 6608 6614
f 5255 6609 6610
f 5255 6610 6590
f 5253 6613 6612
f 5253 6612 6609
f 5256 6614 6615
f 5257 6615 6616
f 5258 6616 6613
f 5262 6905 6865
f 5262 6947 6905
f 5216 8185 5262
f 5262 8185 6947
f 5289 5290 2215
f 1132 5842 5895
f 5881 5837 1200
f 2208 5895 5297
f 5297 5853 5298
f 2546 5579 5587
f 2214 5580 5289
f 2532 5585 5580
f 2533 5582 5581
f 2535 5583 5584
f 5289 5580 5581
f 5289 5581 5290
f 5581 5582 5290
f 5580 5585 5581
f 5583 5589 5584
f 2538 5581 5586
f 2537 5586 5585
f 2530 5635 2535
f 2499 5598 5635
f 5581 5585 5586
f 2535 5635 5583
f 2546 5587 5616
f 5583 5588 5589
f 5583 5635 5588
f 4428 5600 5591
f 5592 5593 5599
f 5592 5599 5598
f 5591 5600 7958
f 4429 5603 5600
f 2546 6038 5590
f 5598 5599 5631
f 5598 5631 5630
f 5600 5603 7958
f 5603 5639 7958
f 2546 5616 6037
f 2546 6037 6038
f 5588 5615 5589
f 5588 5614 5615
f 5588 5635 5614
f 5597 6038 6039
f 5614 5619 5615
f 5614 5635 5619
f 5619 5620 5615
f 5634 6026 5619
f 5634 6043 6026
f 5619 5622 5623
f 5619 5623 5620
f 5623 5617 5620
f 5623 6397 5617
f 5622 6041 6042
f 5622 6042 5623
f 5590 6038 5597
f 4430 5639 5603
f 5598 5630 5635
f 5630 5631 5632
f 5634 5635 5637
f 5630 5638 5635
f 5634 5619 5635
f 5637 5638 5641
f 5630 5632 5642
f 5642 5632 5636
f 5637 5635 5638
f 5630 5642 5638
f 5597 6039 5643
f 5634 5637 6043
f 6397 5636 5640
f 5638 5642 5641
f 5642 5636 6401
f 5637 5641 6056
f 6397 5640 5617
f 6397 6399 5636
f 6399 6401 5636
f 5642 6401 6403
f 4431 5647 5639
f 4432 8116 5647
f 5641 5642 5646
f 5641 5646 5645
f 5642 6403 5646
f 8130 5610 5608
f 8198 5609 5611
f 8191 5648 5612
f 8130 5612 5610
f 8198 5611 5613
f 8198 5613 5649
f 8191 5650 5648
f 8198 5649 5651
f 5881 5882 5837
f 5887 5838 5837
f 5888 5839 5838
f 5888 5840 5839
f 5889 5841 5840
f 5882 5887 5837
f 5887 5888 5838
f 5888 5889 5840
f 5889 5923 5841
f 5298 5852 5299
f 5299 5851 5844
f 5297 5893 5853
f 5298 5853 5852
f 5299 5852 5851
f 5844 5851 5854
f 5844 5854 5847
f 5847 5854 6024
f 5297 5894 5893
f 5297 5895 5894
f 6024 5854 5855
f 6024 5899 6064
f 6024 5855 5899
f 6064 5899 6087
f 5895 5842 5856
f 5920 5856 5857
f 5920 5857 5858
f 5921 5858 5859
f 5923 5860 5841
f 5923 5861 5860
f 5922 5859 5862
f 5925 5863 5861
f 5924 5862 5864
f 5926 5864 5865
f 5926 5865 5868
f 5927 5866 5863
f 5927 5867 5866
f 5928 5868 5870
f 5929 5869 5867
f 5929 5873 5869
f 5930 5870 5871
f 5930 5871 5872
f 5931 5872 5875
f 5932 5874 5873
f 5932 5877 5874
f 5895 5856 5920
f 5920 5858 5921
f 5923 5925 5861
f 5921 5859 5922
f 5922 5862 5924
f 5925 5927 5863
f 5924 5864 5926
f 5927 5929 5867
f 5926 5868 5928
f 5928 5870 5930
f 5930 5872 5931
f 5929 5932 5873
f 5931 5875 5876
f 5931 5876 5879
f 5932 5878 5877
f 5932 5880 5878
f 5881 5884 5883
f 5881 5883 5882
f 5883 5884 5885
f 5884 5909 5886
f 5884 5886 5885
f 5882 5890 5887
f 5887 5890 5888
f 5888 5891 5889
f 5882 5883 5890
f 5888 5890 5891
f 5889 5891 5934
f 5883 5885 5890
f 5890 5885 5892
f 5890 5956 5891
f 5890 5892 5956
f 5885 5886 5892
f 5886 5959 5892
f 5894 5896 5893
f 5894 5897 5896
f 5894 5895 5897
f 5896 5897 5905
f 5895 5898 5897
f 5897 5898 5902
f 6087 5899 6429
f 5899 6509 6429
f 5899 5900 6864
f 5899 6841 6509
f 5897 5902 5901
f 5897 5901 5905
f 5905 5901 5907
f 5901 5904 5907
f 5901 5902 5903
f 5901 5903 5904
f 5909 5911 5886
f 5905 5907 5906
f 5907 5908 5914
f 5906 5907 5914
f 5907 5904 5908
f 5909 5910 5912
f 5909 5912 5911
f 5910 5913 5912
f 5910 5917 5913
f 5910 5915 5917
f 5914 5908 5916
f 5915 5918 5917
f 5906 5914 5919
f 5914 6864 5919
f 5900 5919 6864
f 5914 5916 6864
f 5915 6867 5918
f 5915 6865 6867
f 5916 6866 6864
f 5921 5922 5935
f 5889 5934 5923
f 5923 5936 5925
f 5922 5924 5935
f 5925 5936 5927
f 5924 5926 5937
f 5926 5928 5937
f 5928 5930 5943
f 5927 5942 5929
f 5930 5931 5943
f 5929 5942 5932
f 5895 5920 5933
f 5920 5921 5933
f 5921 5935 5933
f 5895 5933 5898
f 5923 5934 5936
f 5924 5937 5935
f 5927 5936 5942
f 5934 5940 5936
f 5935 5937 5950
f 5936 5940 5945
f 5898 5933 5957
f 5898 5957 5902
f 5891 5938 5934
f 5934 5938 5940
f 5891 5956 5938
f 5933 5935 5939
f 5935 5950 5939
f 5933 5939 5957
f 5939 5952 5963
f 5938 5941 5940
f 5950 5952 5939
f 5928 5943 5937
f 5937 5943 5944
f 5936 5945 5942
f 5931 5944 5943
f 5932 5942 5945
f 5932 5945 5947
f 5937 5944 5950
f 5940 5947 5945
f 5950 5944 5946
f 5931 5946 5944
f 5931 5948 5946
f 5932 5947 5951
f 5931 5949 5948
f 5932 5951 5953
f 5932 5953 5955
f 5950 5946 5952
f 5940 5941 5947
f 5946 5948 5952
f 5941 5951 5947
f 5941 5964 5951
f 5948 5965 5952
f 5951 5964 5953
f 5948 5949 5954
f 5948 5954 5968
f 5948 5968 5965
f 5953 5966 5955
f 5955 5966 5969
f 5892 5960 5956
f 5938 5956 5958
f 5956 5960 5958
f 5902 5957 5903
f 5939 5963 5957
f 5957 5961 5903
f 5957 5963 5961
f 5938 5958 5941
f 5941 5958 5964
f 5958 5962 5964
f 5892 5959 5960
f 5886 5911 5959
f 5959 5977 5960
f 5903 5961 5904
f 5904 5961 5972
f 5958 5960 5962
f 5960 5977 5962
f 5961 5963 5971
f 5963 5965 5971
f 5952 5965 5963
f 5953 5964 5966
f 5962 5966 5964
f 5965 5967 5971
f 5965 5968 5967
f 5966 5970 5969
f 5961 5971 5972
f 5972 5971 5975
f 5904 5972 5908
f 5908 5972 5976
f 5962 5973 5966
f 5962 5977 5973
f 5967 5974 5971
f 5975 5971 5974
f 5972 5975 5976
f 5908 5976 5916
f 5966 5973 5970
f 5970 5973 5980
f 5911 5978 5959
f 5911 5912 5978
f 5959 5978 5977
f 5978 5979 5977
f 5978 5912 5913
f 5978 5913 5981
f 5973 5977 5979
f 5973 5979 5980
f 5979 5982 5980
f 5978 5981 5979
f 5981 5984 5979
f 5913 5917 5981
f 5917 5983 5981
f 5979 5984 5982
f 5917 5918 5983
f 5981 5983 5984
f 6025 6026 6037
f 5619 6026 6029
f 5619 6029 6033
f 5619 6033 6035
f 6024 6029 6025
f 6024 6063 6028
f 6024 6028 6029
f 6028 6033 6029
f 6028 6032 6033
f 6032 6034 6033
f 6025 6029 6026
f 6033 6034 6035
f 6034 6076 6035
f 6073 6035 6076
f 6036 6045 6035
f 6073 6077 6035
f 6026 6043 6037
f 5619 6035 6044
f 5622 6044 6053
f 5637 6056 6043
f 5619 6044 5622
f 5622 6053 6041
f 5623 6042 6397
f 6041 6397 6042
f 6057 6396 6041
f 6037 6043 6038
f 6038 6043 6039
f 6044 6035 6045
f 6044 6045 6046
f 6045 6047 6046
f 6046 6047 6048
f 6044 6046 6048
f 6044 6049 6050
f 6044 6050 6051
f 6047 6052 6049
f 6047 6049 6048
f 6049 6052 6050
f 6050 6052 6051
f 6048 6049 6214
f 6044 6051 6053
f 6051 6054 6053
f 6051 6052 6055
f 6052 6215 6055
f 6051 6055 6054
f 6054 6216 6053
f 6054 6055 6216
f 6053 6217 6218
f 6039 6043 6056
f 6053 6057 6041
f 6057 6236 6396
f 6053 6218 6057
f 6059 6058 6186
f 6060 6416 6061
f 6061 6416 6062
f 6024 6064 6063
f 6028 6063 6065
f 6063 6064 6067
f 6028 6065 6032
f 6032 6065 6066
f 6032 6066 6034
f 6063 6067 6065
f 6065 6067 6068
f 6065 6068 6066
f 6066 6091 6082
f 6068 6091 6066
f 6083 6091 6090
f 6083 6090 6093
f 6034 6066 6080
f 6034 6070 6069
f 6066 6079 6080
f 6034 6080 6070
f 6076 6069 6071
f 6070 6071 6069
f 6070 6080 6071
f 6034 6075 6076
f 6076 6075 6069
f 6074 6076 6071
f 6073 6076 6074
f 6036 6035 6262
f 6035 6077 6262
f 6074 6036 6077
f 6073 6074 6077
f 6074 6078 6047
f 6074 6045 6036
f 6074 6047 6045
f 6047 6078 6213
f 6034 6069 6114
f 6034 6114 6075
f 6075 6086 6069
f 6074 6071 6072
f 6074 6072 6078
f 6036 6201 6077
f 6066 6082 6081
f 6071 6080 6083
f 6079 6083 6080
f 6071 6083 6085
f 6081 6082 6083
f 6079 6081 6083
f 6066 6151 6079
f 6079 6084 6081
f 6071 6085 6072
f 6066 6081 6119
f 6082 6091 6083
f 6083 6093 6085
f 6079 6151 6084
f 6066 6119 6151
f 6081 6084 6119
f 6072 6085 6156
f 6072 6158 6078
f 6075 6114 6086
f 6069 6086 6110
f 6069 6110 6114
f 6158 6163 6078
f 6078 6163 6310
f 6078 6310 6309
f 6064 6087 6088
f 6064 6088 6067
f 6067 6088 6068
f 6068 6088 6095
f 6068 6089 6091
f 6068 6092 6089
f 6068 6152 6092
f 6089 6092 6090
f 6091 6089 6090
f 6068 6094 6153
f 6092 6152 6094
f 6068 6096 6094
f 6068 6095 6096
f 6096 6097 6094
f 6097 6090 6092
f 6097 6092 6094
f 6090 6100 6093
f 6097 6100 6090
f 6087 6438 6088
f 6088 6438 6095
f 6095 6098 6096
f 6096 6098 6097
f 6095 6099 6098
f 6095 6431 6101
f 6099 6432 6098
f 6097 6098 6432
f 6095 6434 6431
f 6099 6101 6432
f 6097 6432 6433
f 6095 6451 6099
f 6095 6101 6451
f 6099 6484 6101
f 6097 6433 6100
f 6100 6433 6166
f 6245 6246 6104
f 6135 6102 6136
f 6102 6103 6104
f 6104 6109 6108
f 6105 6104 6107
f 6106 6245 6104
f 6105 6106 6104
f 6104 6108 6107
f 6133 6103 6102
f 6134 6102 6135
f 6133 6102 6134
f 6104 6103 6109
f 6117 6151 6119
f 6116 6151 6117
f 6086 6111 6110
f 6086 6114 6115
f 6086 6115 6124
f 6102 6261 6115
f 6102 6260 6261
f 6102 6114 6111
f 6102 6111 6113
f 6102 6113 6112
f 6102 6112 6122
f 6110 6111 6114
f 6086 6124 6111
f 6113 6111 6124
f 6102 6115 6114
f 6115 6261 6264
f 6115 6264 6124
f 6119 6125 6102
f 6117 6119 6102
f 6116 6117 6120
f 6119 6120 6125
f 6120 6121 6125
f 6116 6120 6119
f 6117 6122 6144
f 6117 6144 6120
f 6121 6144 6118
f 6120 6144 6121
f 6107 6108 6124
f 6109 6123 6124
f 6105 6124 6106
f 6106 6124 6245
f 6105 6107 6124
f 6245 6124 6264
f 6108 6109 6124
f 6109 6103 6123
f 6144 6123 6103
f 6117 6102 6122
f 6112 6123 6122
f 6113 6124 6112
f 6112 6124 6123
f 6144 6122 6123
f 6125 6127 6128
f 6125 6147 6127
f 6125 6128 6129
f 6126 6128 6127
f 6126 6147 6128
f 6125 6129 6130
f 6125 6130 6131
f 6125 6131 6132
f 6129 6149 6130
f 6132 6150 6484
f 6125 6132 6451
f 6130 6150 6131
f 6131 6150 6132
f 6125 6136 6102
f 6136 6137 6138
f 6140 6137 6136
f 6135 6136 6138
f 6139 6140 6136
f 6139 6136 6141
f 6136 6142 6141
f 6136 6461 6142
f 6125 6447 6136
f 6133 6144 6103
f 6133 6134 6145
f 6134 6135 6145
f 6133 6145 6144
f 6138 6137 6148
f 6140 6148 6137
f 6135 6138 6148
f 6135 6148 6145
f 6121 6118 6125
f 6118 6143 6125
f 6118 6145 6143
f 6118 6144 6145
f 6125 6143 6146
f 6125 6146 6147
f 6143 6148 6146
f 6146 6148 6147
f 6143 6145 6148
f 6128 6147 6148
f 6128 6148 6129
f 6139 6148 6140
f 6139 6141 6148
f 6141 6149 6148
f 6141 6142 6149
f 6142 6461 6150
f 6142 6150 6149
f 6148 6149 6129
f 6130 6149 6150
f 6085 6093 6154
f 6084 6151 6116
f 6085 6157 6156
f 6085 6154 6157
f 6068 6127 6152
f 6068 6153 6126
f 6152 6153 6094
f 6068 6126 6127
f 6147 6153 6152
f 6093 6100 6165
f 6093 6165 6154
f 6084 6116 6119
f 6072 6156 6158
f 6155 6159 6169
f 6155 6162 6160
f 6161 6156 6157
f 6160 6158 6156
f 6158 6164 6163
f 6159 6157 6154
f 6161 6157 6159
f 6159 6154 6171
f 6160 6162 6164
f 6155 6161 6159
f 6155 6160 6161
f 6160 6156 6161
f 6160 6164 6158
f 6162 6306 6164
f 6312 6310 6163
f 6164 6312 6163
f 6164 6306 6312
f 6100 6166 6165
f 6127 6147 6152
f 6126 6153 6147
f 6172 6165 6166
f 6173 6166 6167
f 6099 6132 6484
f 6101 6484 6451
f 6099 6451 6132
f 6166 6433 6167
f 6167 6433 6168
f 6174 6167 6168
f 6155 6169 6175
f 6169 6172 6170
f 6155 6175 6162
f 6169 6170 6175
f 6170 6174 6175
f 6159 6171 6169
f 6169 6171 6172
f 6154 6165 6171
f 6171 6165 6172
f 6170 6172 6173
f 6170 6173 6174
f 6172 6166 6173
f 6173 6167 6174
f 6175 6306 6162
f 6486 6307 6306
f 6175 6485 6306
f 6174 6176 6175
f 6174 6168 6176
f 6175 6176 6489
f 6176 6168 6487
f 6485 6486 6306
f 6179 6178 6182
f 6180 6181 6182
f 6180 6182 6178
f 6181 6183 6182
f 6182 6183 6184
f 6177 6186 6185
f 6185 6186 6187
f 6186 6058 6187
f 6177 6179 6186
f 6179 6589 6186
f 6059 6186 6589
f 6059 6589 6060
f 6179 6182 6589
f 6182 6184 6589
f 6184 6190 6191
f 6188 6191 6189
f 6189 6191 6190
f 6188 6192 6191
f 6191 6192 6193
f 6191 6193 6194
f 6184 6191 6589
f 6191 6194 6589
f 6194 6195 6196
f 6194 6196 6198
f 6194 6198 6197
f 6197 6198 6199
f 6202 6201 6263
f 6202 6203 6201
f 6202 6262 6203
f 6200 6263 6262
f 6200 6204 6263
f 6201 6262 6263
f 6200 6206 6204
f 6200 6207 6206
f 6200 6208 6207
f 6200 6209 6208
f 6200 6210 6209
f 6200 6282 6210
f 6200 6286 6282
f 6200 6283 6286
f 6212 6283 6287
f 6212 6287 6285
f 6212 6285 6211
f 6047 6213 6052
f 6044 6048 6205
f 6044 6205 6049
f 6048 6214 6220
f 6052 6213 6215
f 6213 6078 6223
f 6049 6205 6214
f 6048 6220 6205
f 6205 6220 6214
f 6213 6222 6215
f 6055 6215 6219
f 6053 6216 6211
f 6053 6212 6217
f 6055 6217 6216
f 6055 6218 6217
f 6055 6229 6218
f 6055 6219 6229
f 6215 6226 6219
f 6211 6216 6217
f 6053 6211 6285
f 6219 6227 6231
f 6203 6262 6077
f 6203 6077 6201
f 6036 6262 6201
f 6078 6224 6223
f 6213 6223 6222
f 6078 6309 6224
f 6224 6305 6223
f 6221 6225 6305
f 6225 6222 6223
f 6225 6223 6305
f 6215 6222 6226
f 6226 6227 6219
f 6053 6285 6283
f 6053 6283 6212
f 6212 6211 6217
f 6221 6315 6225
f 6225 6315 6318
f 6222 6318 6226
f 6225 6318 6222
f 6226 6318 6319
f 6226 6319 6227
f 6231 6227 6321
f 6218 6229 6228
f 6057 6218 6228
f 6219 6231 6229
f 6228 6229 6230
f 6057 6228 6230
f 6229 6232 6230
f 6057 6232 6233
f 6057 6230 6297
f 6057 6297 6232
f 6230 6232 6238
f 6229 6233 6232
f 6229 6235 6233
f 6231 6235 6229
f 6231 6237 6235
f 6233 6235 6234
f 6057 6233 6236
f 6233 6234 6236
f 6234 6235 6239
f 6234 6239 6236
f 6230 6238 6292
f 6231 6321 6237
f 6230 6292 6297
f 6232 6297 6238
f 6335 6239 6369
f 6235 6240 6239
f 6235 6237 6244
f 6235 6241 6240
f 6237 6242 6244
f 6235 6244 6241
f 6236 6240 6241
f 6236 6241 6243
f 6236 6243 6406
f 6340 6236 6239
f 6369 6239 6240
f 6340 6240 6236
f 6241 6244 6243
f 6243 6244 6370
f 6244 6242 6373
f 6243 6370 6406
f 6200 6102 6104
f 6200 6247 6248
f 6200 6248 6249
f 6246 6247 6104
f 6200 6104 6247
f 6200 6249 6250
f 6251 6250 6256
f 6200 6250 6251
f 6252 6251 6256
f 6252 6253 6251
f 6253 6254 6251
f 6254 6255 6251
f 6251 6255 6257
f 6251 6257 6269
f 6254 6257 6255
f 6200 6262 6102
f 6248 6247 6265
f 6245 6264 6246
f 6246 6264 6247
f 6247 6264 6265
f 6248 6265 6249
f 6249 6266 6250
f 6250 6266 6256
f 6265 6266 6249
f 6102 6262 6259
f 6102 6259 6258
f 6102 6258 6260
f 6202 6259 6262
f 6260 6264 6261
f 6260 6258 6265
f 6258 6259 6265
f 6202 6263 6259
f 6204 6266 6263
f 6204 6206 6266
f 6259 6263 6265
f 6263 6266 6265
f 6260 6265 6264
f 6253 6267 6254
f 6252 6267 6253
f 6254 6268 6257
f 6254 6267 6268
f 6252 6256 6267
f 6256 6266 6267
f 6257 6268 6269
f 6206 6207 6267
f 6206 6267 6266
f 6207 6208 6267
f 6208 6209 6267
f 6209 6210 6268
f 6209 6268 6267
f 6200 6251 6274
f 6251 6269 6274
f 6269 6270 6274
f 6270 6271 6274
f 6271 6272 6274
f 6272 6273 6276
f 6272 6276 6274
f 6273 6275 6276
f 6277 6276 6275
f 6277 6278 6276
f 6276 6278 6279
f 6276 6279 6280
f 6276 6280 6281
f 6276 6281 6334
f 6200 6274 6283
f 6269 6289 6270
f 6269 6268 6289
f 6270 6290 6271
f 6271 6290 6272
f 6272 6293 6273
f 6270 6289 6290
f 6290 6293 6272
f 6210 6282 6289
f 6210 6289 6268
f 6282 6286 6290
f 6283 6285 6286
f 6285 6287 6286
f 6290 6286 6287
f 6290 6287 6284
f 6290 6284 6288
f 6282 6290 6289
f 6290 6288 6293
f 6273 6293 6275
f 6274 6287 6283
f 6274 6284 6287
f 6274 6288 6284
f 6274 6291 6288
f 6238 6294 6292
f 6294 6297 6292
f 6238 6298 6294
f 6238 6297 6298
f 6288 6291 6293
f 6291 6295 6293
f 6295 6296 6293
f 6296 6300 6293
f 6274 6295 6291
f 6274 6296 6295
f 6274 6297 6296
f 6274 6298 6297
f 6274 6299 6298
f 6274 6337 6299
f 6294 6296 6297
f 6294 6298 6296
f 6296 6298 6300
f 6298 6299 6300
f 6277 6275 6300
f 6275 6293 6300
f 6277 6300 6278
f 6278 6300 6279
f 6279 6300 6280
f 6280 6300 6301
f 6280 6301 6281
f 6281 6301 6334
f 6299 6301 6300
f 6299 6337 6301
f 6224 6309 6304
f 6303 6302 6317
f 6221 6305 6303
f 6303 6304 6302
f 6224 6304 6305
f 6303 6305 6304
f 6314 6302 6304
f 6308 6302 6314
f 6306 6307 6313
f 6308 6314 6307
f 6310 6311 6309
f 6313 6309 6311
f 6314 6304 6309
f 6306 6313 6312
f 6312 6311 6310
f 6312 6313 6311
f 6307 6314 6313
f 6314 6309 6313
f 6308 6322 6302
f 6308 6307 6328
f 6221 6303 6317
f 6221 6316 6315
f 6221 6317 6316
f 6315 6316 6318
f 6316 6317 6319
f 6302 6322 6317
f 6316 6319 6318
f 6319 6317 6320
f 6227 6319 6320
f 6227 6320 6321
f 6320 6323 6321
f 6317 6322 6320
f 6308 6328 6322
f 6320 6322 6323
f 6323 6324 6321
f 6323 6325 6324
f 6324 6325 6326
f 6322 6328 6331
f 6328 6329 6332
f 6329 6330 6333
f 6322 6331 6323
f 6328 6332 6331
f 6323 6331 6325
f 6326 6331 6332
f 6325 6331 6326
f 6326 6332 6327
f 6327 6332 6333
f 6329 6333 6332
f 6329 6663 6330
f 6274 6276 6349
f 6276 6334 6349
f 6274 6338 6337
f 6274 6349 6340
f 6334 6301 6356
f 6274 6339 6338
f 6274 6340 6339
f 6337 6338 6301
f 6338 6339 6301
f 6335 6341 6336
f 6339 6340 6336
f 6339 6336 6341
f 6339 6356 6301
f 6339 6341 6356
f 6340 6349 6341
f 6341 6342 6356
f 6342 6343 6356
f 6334 6344 6349
f 6345 6346 6349
f 6344 6345 6349
f 6347 6348 6346
f 6346 6348 6349
f 6347 6350 6348
f 6350 6352 6348
f 6348 6352 6351
f 6348 6351 6353
f 6348 6353 6355
f 6348 6625 6349
f 6334 6356 6344
f 6344 6356 6345
f 6345 6357 6346
f 6345 6356 6357
f 6347 6346 6364
f 6346 6357 6364
f 6343 6357 6356
f 6341 6349 6342
f 6342 6349 6343
f 6343 6360 6357
f 6357 6360 6364
f 6343 6349 6360
f 6359 6358 6361
f 6349 6361 6360
f 6349 6363 6361
f 6349 6362 6363
f 6349 6366 6362
f 6358 6364 6360
f 6358 6360 6361
f 6358 6363 6364
f 6362 6364 6363
f 6347 6364 6350
f 6350 6364 6352
f 6351 6352 6364
f 6351 6364 6353
f 6353 6364 6365
f 6353 6365 6355
f 6355 6365 6626
f 6349 6367 6366
f 6349 6368 6367
f 6362 6366 6364
f 6364 6366 6365
f 6365 6366 6367
f 6349 6628 6368
f 6349 6627 6628
f 6365 6367 6626
f 6367 6368 6626
f 6237 6321 6324
f 6237 6324 6326
f 6237 6326 6327
f 6237 6327 6377
f 6335 6336 6239
f 6336 6340 6239
f 6340 6369 6240
f 6335 6369 6341
f 6237 6380 6242
f 6237 6377 6380
f 6340 6341 6369
f 6380 6382 6242
f 6361 6406 6370
f 6244 6371 6370
f 6244 6373 6371
f 6242 6374 6373
f 6371 6373 6372
f 6372 6373 6375
f 6359 6370 6371
f 6359 6361 6370
f 6359 6371 6358
f 6358 6371 6363
f 6382 6374 6242
f 6361 6371 6406
f 6373 6374 6409
f 6330 6376 6333
f 6376 6379 6378
f 6327 6333 6378
f 6327 6378 6377
f 6333 6376 6378
f 6379 6381 6378
f 6378 6381 6377
f 6381 6380 6377
f 6381 6385 6380
f 6385 6382 6380
f 6330 6657 6376
f 6376 6657 6379
f 6379 6383 6381
f 6383 6384 6385
f 6379 6657 6383
f 6383 6656 6384
f 6383 6657 6656
f 6384 6656 6386
f 6381 6383 6385
f 6384 6386 6385
f 6385 6386 6382
f 6386 6387 6382
f 6386 6656 6658
f 6386 6658 6387
f 6387 6658 6660
f 6361 6363 6371
f 6382 6387 6374
f 6374 6410 6409
f 6387 6410 6374
f 6408 6629 6627
f 6408 6631 6629
f 6412 6627 6631
f 6387 6660 6410
f 6408 6627 6411
f 6412 6411 6627
f 6408 6412 6631
f 8191 6390 6391
f 8191 5879 6390
f 8198 6392 5880
f 5931 5879 8191
f 5932 8198 5880
f 5643 6039 6913
f 6041 6396 6397
f 6396 6399 6397
f 6396 6398 6399
f 6398 6400 6399
f 5641 5645 6056
f 6400 6401 6399
f 6400 6402 6401
f 6401 6402 6403
f 6396 6236 6406
f 6396 6928 6398
f 6398 6940 6400
f 6400 6940 6402
f 5643 6913 5644
f 5645 6404 6056
f 5646 6403 6415
f 5645 6405 6404
f 5645 5646 6405
f 5646 6415 6405
f 6056 6404 8117
f 6402 6415 6403
f 6402 6414 6415
f 6039 6056 6925
f 6396 6406 6411
f 6396 6411 6918
f 6039 6925 6913
f 6406 6371 6372
f 6406 6372 6375
f 6406 6375 6411
f 6373 6409 6375
f 6396 6918 6928
f 6375 6409 6407
f 6375 6407 6411
f 6407 6409 6408
f 6407 6408 6411
f 6408 6409 6412
f 6409 6413 6412
f 6412 6413 6411
f 6410 6916 6409
f 6409 6916 6413
f 6413 6918 6411
f 6398 6928 6940
f 5644 6913 6937
f 6056 8117 6925
f 6402 6940 6414
f 6414 8123 6415
f 6405 6415 8123
f 6414 8122 8123
f 6925 8117 6938
f 6414 6940 6941
f 6938 8117 6939
f 6414 6941 8122
f 8191 5626 5628
f 8191 5628 5624
f 8191 6394 5626
f 8198 5629 5627
f 8198 5627 6395
f 8191 5652 5650
f 8191 5624 5652
f 8198 5651 5653
f 8198 5653 5625
f 8198 5625 5629
f 8191 6391 6388
f 8191 6388 6394
f 8198 6393 6392
f 8198 6389 6393
f 8198 6395 6389
f 6060 6589 6416
f 6417 6416 6589
f 6417 6419 6418
f 6417 6420 6419
f 6417 6589 6420
f 6420 6422 6421
f 6420 6589 6422
f 6421 6422 6423
f 6422 6424 6423
f 6422 6427 6424
f 6424 6427 6425
f 6425 6427 6426
f 6427 6600 6428
f 6428 6600 6599
f 6087 6429 6438
f 6095 6430 6434
f 6095 6438 6430
f 6430 6435 6434
f 6430 6439 6436
f 6101 6431 6432
f 6431 6434 6432
f 6430 6458 6435
f 6435 6437 6436
f 6430 6436 6458
f 6434 6435 6436
f 6432 6434 6440
f 6432 6441 6433
f 6434 6436 6440
f 6432 6440 6441
f 6435 6456 6437
f 6436 6437 6458
f 6433 6441 6499
f 6430 6438 6515
f 6430 6510 6442
f 6436 6439 6440
f 6430 6442 6439
f 6439 6442 6440
f 6440 6514 6441
f 6440 6442 6513
f 6443 6513 6442
f 6440 6513 6514
f 6443 6510 6471
f 6443 6469 6511
f 6441 6514 6504
f 6125 6446 6447
f 6444 6461 6447
f 6445 6444 6447
f 6445 6447 6448
f 6448 6447 6449
f 6446 6464 6447
f 6449 6447 6462
f 6125 6451 6446
f 6444 6454 6461
f 6150 6450 6484
f 6450 6452 6451
f 6150 6452 6450
f 6150 6454 6452
f 6446 6452 6453
f 6446 6451 6452
f 6452 6454 6453
f 6453 6454 6455
f 6445 6466 6444
f 6444 6466 6454
f 6445 6448 6466
f 6448 6449 6466
f 6449 6462 6466
f 6446 6453 6455
f 6446 6455 6457
f 6457 6459 6456
f 6457 6456 6458
f 6454 6457 6455
f 6454 6466 6457
f 6446 6457 6458
f 6446 6458 6460
f 6446 6460 6465
f 6458 6459 6460
f 6457 6460 6459
f 6457 6466 6460
f 6460 6466 6465
f 6136 6447 6461
f 6150 6461 6454
f 6447 6463 6462
f 6447 6464 6463
f 6446 6476 6464
f 6446 6523 6476
f 6462 6463 6466
f 6463 6464 6468
f 6463 6468 6466
f 6464 6482 6468
f 6446 6465 6467
f 6446 6467 6470
f 6465 6466 6467
f 6467 6466 6468
f 6469 6471 6470
f 6446 6470 6471
f 6467 6468 6470
f 6469 6470 6482
f 6468 6482 6470
f 6446 6471 6523
f 6469 6474 6472
f 6469 6482 6474
f 6473 6474 6482
f 6472 6474 6471
f 6473 6482 6475
f 6471 6474 6523
f 6473 6523 6474
f 6473 6475 6523
f 6475 6483 6524
f 6476 6523 6477
f 6477 6523 6478
f 6478 6530 6479
f 6478 6523 6530
f 6464 6476 6482
f 6476 6477 6482
f 6477 6478 6482
f 6478 6483 6482
f 6478 6479 6483
f 6479 6480 6540
f 6479 6540 6483
f 6475 6482 6483
f 6483 6540 6524
f 6168 6433 6487
f 6450 6451 6484
f 6433 6488 6487
f 6433 6493 6488
f 6433 6494 6493
f 6435 6458 6456
f 6456 6459 6437
f 6458 6437 6459
f 6433 6498 6494
f 6433 6499 6498
f 6175 6489 6485
f 6485 6489 6486
f 6176 6487 6489
f 6490 6487 6488
f 6486 6489 6490
f 6489 6487 6490
f 6486 6491 6307
f 6486 6490 6491
f 6491 6495 6492
f 6495 6488 6493
f 6496 6493 6494
f 6495 6493 6496
f 6490 6495 6491
f 6492 6495 6496
f 6490 6488 6495
f 6492 6496 6500
f 6496 6494 6498
f 6491 6579 6307
f 6441 6504 6499
f 6497 6501 6502
f 6496 6498 6500
f 6501 6499 6504
f 6497 6500 6501
f 6500 6498 6499
f 6500 6499 6501
f 6443 6471 6469
f 6469 6472 6511
f 6472 6471 6511
f 6504 6514 6506
f 6497 6502 6572
f 6502 6503 6572
f 6502 6507 6503
f 6505 6504 6506
f 6501 6505 6502
f 6502 6505 6507
f 6501 6504 6505
f 6505 6506 6507
f 6507 6506 6568
f 6503 6507 6508
f 6503 6508 6569
f 6507 6568 6508
f 6492 6500 6497
f 6491 6492 6578
f 6492 6497 6573
f 6497 6572 6573
f 6492 6573 6578
f 6491 6578 6579
f 6429 6509 6515
f 6429 6515 6438
f 6430 6515 6510
f 6443 6442 6510
f 6510 6512 6511
f 6443 6511 6513
f 6511 6512 6513
f 6471 6510 6511
f 6513 6520 6514
f 6510 6516 6512
f 6512 6516 6513
f 6513 6516 6519
f 6513 6519 6520
f 6510 6515 6522
f 6510 6522 6516
f 6522 6517 6516
f 6522 6518 6517
f 6522 6526 6518
f 6522 6521 6526
f 6517 6518 6519
f 6516 6517 6519
f 6518 6845 6519
f 6519 6586 6520
f 6522 6844 6521
f 6518 6521 6845
f 6519 6845 6586
f 6521 6844 6845
f 6475 6524 6523
f 6523 6524 6525
f 6523 6527 6526
f 6523 6525 6527
f 6526 6529 6528
f 6480 6530 6481
f 6479 6530 6480
f 6531 6481 6530
f 6531 6530 6532
f 6523 6534 6530
f 6530 6534 6532
f 6523 6533 6534
f 6523 6535 6533
f 6523 6536 6535
f 6523 6553 6536
f 6523 6555 6553
f 6536 6553 6537
f 6537 6553 6538
f 6538 6553 6539
f 6480 6481 6540
f 6531 6540 6481
f 6531 6532 6540
f 6532 6534 6542
f 6533 6542 6534
f 6533 6535 6545
f 6532 6542 6540
f 6533 6545 6542
f 6524 6540 6525
f 6525 6540 6527
f 6527 6540 6528
f 6528 6540 6541
f 6523 6526 6541
f 6523 6541 6543
f 6526 6528 6541
f 6540 6542 6541
f 6541 6542 6543
f 6535 6536 6545
f 6523 6547 6555
f 6523 6543 6544
f 6523 6544 6546
f 6523 6546 6547
f 6542 6545 6543
f 6543 6545 6544
f 6545 6546 6544
f 6545 6548 6546
f 6545 6550 6548
f 6547 6557 6548
f 6546 6548 6557
f 6536 6537 6550
f 6545 6536 6550
f 6537 6538 6550
f 6538 6551 6550
f 6538 6539 6551
f 6552 6551 6539
f 6548 6550 6549
f 6550 6558 6549
f 6550 6551 6559
f 6552 6539 6553
f 6552 6553 6554
f 6553 6682 6554
f 6553 6555 6683
f 6547 6548 6555
f 6546 6557 6556
f 6552 6554 6551
f 6551 6554 6560
f 6548 6549 6555
f 6549 6558 6555
f 6555 6558 6559
f 6555 6559 6561
f 6550 6559 6558
f 6551 6561 6559
f 6551 6565 6561
f 6551 6560 6565
f 6555 6561 6562
f 6588 6562 6561
f 6588 6561 6564
f 6555 6562 6565
f 6555 6565 6563
f 6555 6563 6567
f 6555 6567 6698
f 6561 6565 6564
f 6562 6564 6565
f 6562 6566 6564
f 6563 6565 6560
f 6563 6560 6567
f 6588 6564 6566
f 6506 6514 6520
f 6506 6520 6568
f 6568 6520 6570
f 6503 6569 6572
f 6569 6574 6572
f 6508 6568 6570
f 6508 6570 6569
f 6569 6570 6571
f 6569 6571 6574
f 6574 6571 6577
f 6526 6527 6518
f 6527 6528 6518
f 6528 6529 6518
f 6526 6521 6529
f 6570 6586 6571
f 6572 6575 6573
f 6572 6574 6575
f 6573 6575 6576
f 6574 6577 6575
f 6573 6576 6580
f 6575 6582 6576
f 6575 6577 6582
f 6576 6582 6583
f 6573 6580 6578
f 6578 6580 6579
f 6579 6581 6743
f 6576 6583 6580
f 6579 6580 6581
f 6580 6583 6581
f 6581 6744 6743
f 6581 6583 6584
f 6581 6584 6744
f 6583 6585 6584
f 6744 6584 6585
f 6744 6585 6758
f 6529 6521 6518
f 6570 6520 6586
f 6547 6848 6557
f 6571 6849 6577
f 6577 6849 6582
f 6547 6587 6847
f 6557 6848 6556
f 6556 6848 6587
f 6571 6586 6849
f 6546 6587 6547
f 6546 6556 6587
f 6582 6849 6583
f 6849 6585 6583
f 6856 6566 6562
f 6849 6758 6585
f 6849 6763 6758
f 6194 6197 6589
f 6197 6592 6589
f 6589 6592 6595
f 6589 6427 6422
f 6589 6600 6427
f 6589 6603 6600
f 6589 6595 6596
f 6589 6596 6610
f 6589 6610 6609
f 6589 6611 6614
f 6589 6609 6611
f 6596 6590 6610
f 6197 6199 6591
f 6197 6591 6592
f 6592 6593 6595
f 6593 6594 6595
f 6596 6597 6590
f 6598 6599 6600
f 6598 6600 6601
f 6589 6606 6603
f 6589 6614 6606
f 6600 6602 6601
f 6600 6603 6602
f 6603 6606 6604
f 6606 6614 6608
f 6604 6606 6605
f 6605 6606 6607
f 6606 6608 6607
f 6609 6612 6611
f 6611 6612 6613
f 6611 6613 6616
f 6614 6611 6615
f 6615 6611 6616
f 6307 6579 6328
f 6328 6745 6329
f 6329 6745 6663
f 6328 6579 6743
f 6328 6743 6745
f 6663 6745 6667
f 6348 6355 6625
f 6354 6625 6355
f 6354 6617 6625
f 6617 6618 6625
f 6618 6619 6623
f 6619 6620 6623
f 6618 6623 6625
f 6621 6623 6620
f 6621 6622 6623
f 6622 6624 6623
f 6624 6641 6623
f 6354 6355 6626
f 6354 6626 6617
f 6617 6626 6618
f 6349 6625 6627
f 6618 6632 6619
f 6618 6626 6632
f 6619 6632 6634
f 6368 6628 6626
f 6626 6630 6632
f 6626 6628 6631
f 6626 6631 6630
f 6627 6629 6628
f 6628 6629 6631
f 6627 6630 6631
f 6632 6633 6634
f 6625 6630 6627
f 6625 6633 6630
f 6632 6630 6633
f 6619 6634 6620
f 6621 6620 6634
f 6621 6634 6622
f 6622 6634 6624
f 6624 6634 6641
f 6634 6645 6641
f 6625 6635 6633
f 6625 6636 6635
f 6633 6635 6634
f 6634 6635 6636
f 6634 6636 6638
f 6636 6637 6639
f 6634 6638 6645
f 6625 6637 6636
f 6625 6638 6637
f 6625 6646 6638
f 6636 6639 6638
f 6639 6640 6638
f 6637 6638 6640
f 6623 6641 6643
f 6623 6788 6625
f 6623 6643 6783
f 6644 6642 6783
f 6623 6783 6788
f 6643 6644 6783
f 6641 6645 6643
f 6643 6645 6650
f 6625 6647 6646
f 6625 6648 6647
f 6638 6646 6645
f 6645 6646 6647
f 6645 6647 6648
f 6645 6648 6650
f 6625 6651 6648
f 6648 6651 6655
f 6644 6649 6642
f 6642 6649 6791
f 6643 6650 6644
f 6644 6650 6649
f 6625 6788 6651
f 6650 6652 6653
f 6648 6655 6650
f 6655 6676 6650
f 6650 6676 6652
f 6651 6788 6652
f 6652 6788 6653
f 6654 6653 6788
f 6650 6654 6649
f 6650 6653 6654
f 6649 6654 6793
f 6649 6793 6791
f 6330 6662 6657
f 6330 6663 6662
f 6656 6657 6658
f 6657 6662 6659
f 6657 6659 6658
f 6658 6659 6660
f 6659 6664 6661
f 6659 6661 6660
f 6662 6663 6665
f 6659 6662 6664
f 6662 6665 6664
f 6664 6665 6671
f 6664 6671 6670
f 6664 6670 6661
f 6660 6661 6914
f 6410 6660 6914
f 6639 6637 6666
f 6639 6666 6640
f 6637 6640 6920
f 6661 6670 6921
f 6637 6917 6666
f 6640 6666 6920
f 6661 6921 6914
f 6663 6667 6669
f 6667 6668 6674
f 6667 6674 6669
f 6663 6669 6665
f 6665 6669 6672
f 6665 6672 6671
f 6671 6672 6670
f 6669 6674 6673
f 6669 6673 6672
f 6667 6753 6668
f 6668 6808 6674
f 6674 6810 6673
f 6674 6808 6810
f 6673 6810 6675
f 6672 6921 6670
f 6672 6673 6921
f 6673 6675 6921
f 6655 6651 6676
f 6651 6924 6676
f 6651 6652 6930
f 6652 6676 6930
f 6675 6814 6921
f 6814 6815 6921
f 6676 6924 6930
f 6789 6677 6721
f 6677 6678 6721
f 6678 6679 6721
f 6789 6721 6722
f 6719 6720 6681
f 6789 6680 6677
f 6677 6681 6678
f 6678 6681 6679
f 6720 6679 6681
f 6677 6680 6681
f 6680 6727 6681
f 6553 6683 6682
f 6555 6684 6683
f 6555 6685 6684
f 6555 6686 6685
f 6555 6692 6686
f 6555 6693 6692
f 6686 6692 6687
f 6687 6692 6688
f 6689 6692 6690
f 6689 6688 6692
f 6690 6692 6691
f 6691 6692 6715
f 6692 6693 6717
f 6554 6682 6560
f 6682 6683 6560
f 6683 6694 6560
f 6683 6684 6694
f 6684 6685 6694
f 6685 6686 6695
f 6695 6686 6687
f 6685 6695 6694
f 6555 6698 6701
f 6555 6702 6700
f 6555 6701 6702
f 6567 6560 6698
f 6560 6694 6698
f 6694 6701 6698
f 6694 6695 6705
f 6694 6703 6702
f 6694 6702 6701
f 6694 6705 6703
f 6695 6706 6705
f 6687 6688 6696
f 6689 6696 6688
f 6695 6687 6696
f 6689 6690 6697
f 6690 6691 6697
f 6691 6715 6697
f 6689 6697 6696
f 6695 6696 6706
f 6696 6697 6708
f 6555 6700 6693
f 6704 6707 6699
f 6700 6703 6693
f 6703 6705 6693
f 6700 6702 6699
f 6700 6704 6703
f 6702 6704 6699
f 6702 6703 6704
f 6705 6706 6693
f 6693 6706 6708
f 6696 6708 6706
f 6693 6708 6709
f 6693 6709 6710
f 6693 6710 6734
f 6697 6709 6708
f 6697 6710 6709
f 6697 6734 6710
f 6692 6717 6715
f 6716 6717 6693
f 6716 6693 6712
f 6693 6722 6712
f 6719 6721 6720
f 6719 6718 6721
f 6714 6721 6713
f 6713 6721 6718
f 6712 6722 6714
f 6714 6722 6721
f 6720 6721 6679
f 6712 6714 6723
f 6714 6713 6725
f 6714 6725 6723
f 6715 6717 6724
f 6716 6724 6717
f 6715 6724 6697
f 6716 6723 6724
f 6716 6712 6723
f 6697 6724 6734
f 6723 6725 6740
f 6724 6723 6735
f 6723 6737 6738
f 6735 6723 6738
f 6723 6740 6737
f 6719 6681 6718
f 6713 6718 6725
f 6681 6725 6718
f 6681 6731 6725
f 6722 6727 6807
f 6722 6730 6726
f 6722 6726 6727
f 6680 6807 6727
f 6681 6726 6730
f 6681 6727 6726
f 6722 6728 6731
f 6722 6740 6728
f 6722 6736 6738
f 6722 6738 6737
f 6722 6737 6740
f 6725 6731 6728
f 6725 6728 6740
f 6722 6731 6729
f 6722 6729 6730
f 6729 6732 6730
f 6681 6730 6780
f 6681 6780 6731
f 6731 6780 6729
f 6730 6732 6780
f 6693 6736 6722
f 6693 6733 6735
f 6693 6735 6736
f 6693 6734 6733
f 6724 6733 6734
f 6724 6735 6733
f 6736 6739 6738
f 6736 6741 6739
f 6735 6738 6739
f 6735 6742 6736
f 6735 6739 6742
f 6739 6741 6742
f 6743 6756 6747
f 6743 6744 6757
f 6743 6747 6745
f 6667 6745 6746
f 6667 6746 6753
f 6668 6753 6816
f 6745 6748 6746
f 6746 6749 6753
f 6745 6747 6750
f 6748 6749 6746
f 6749 6752 6754
f 6745 6750 6748
f 6748 6750 6778
f 6748 6751 6749
f 6749 6751 6752
f 6748 6778 6751
f 6751 6755 6752
f 6753 6819 6816
f 6753 6749 6754
f 6753 6754 6819
f 6754 6752 6755
f 6754 6755 6830
f 6754 6830 6819
f 6743 6757 6756
f 6756 6762 6760
f 6756 6759 6762
f 6744 6758 6757
f 6756 6757 6759
f 6757 6758 6763
f 6757 6763 6759
f 6759 6764 6762
f 6747 6756 6760
f 6750 6760 6761
f 6760 6774 6761
f 6762 6765 6769
f 6759 6763 6766
f 6762 6764 6765
f 6769 6765 6771
f 6759 6766 6764
f 6764 6766 6767
f 6764 6767 6765
f 6765 6768 6771
f 6767 6768 6765
f 6762 6769 6760
f 6760 6769 6770
f 6769 6772 6770
f 6760 6770 6774
f 6769 6771 6772
f 6770 6773 6774
f 6770 6772 6773
f 6771 6775 6772
f 6772 6777 6773
f 6773 6776 6774
f 6761 6774 6779
f 6773 6777 6776
f 6774 6776 6779
f 6771 6768 6775
f 6772 6775 6777
f 6747 6760 6750
f 6750 6761 6778
f 6761 6779 6778
f 6751 6899 6755
f 6751 6778 6899
f 6755 6899 6830
f 6779 6899 6778
f 6781 6783 6642
f 6781 6782 6783
f 6782 6784 6783
f 6783 6784 6785
f 6787 6783 6785
f 6787 6722 6783
f 6786 6722 6787
f 6783 6722 6788
f 6789 6722 6790
f 6786 6790 6722
f 6782 6791 6784
f 6781 6642 6791
f 6781 6791 6782
f 6784 6791 6785
f 6786 6792 6790
f 6786 6787 6792
f 6787 6785 6791
f 6787 6791 6792
f 6788 6801 6799
f 6792 6791 6799
f 6791 6797 6799
f 6654 6788 6793
f 6788 6795 6793
f 6788 6798 6794
f 6788 6794 6795
f 6791 6793 6795
f 6791 6798 6797
f 6791 6795 6798
f 6794 6796 6795
f 6795 6796 6798
f 6788 6797 6798
f 6788 6799 6797
f 6789 6790 6800
f 6790 6792 6800
f 6789 6800 6680
f 6788 6722 6804
f 6792 6801 6800
f 6800 6803 6805
f 6788 6803 6801
f 6788 6805 6803
f 6788 6804 6805
f 6792 6799 6801
f 6800 6801 6803
f 6800 6807 6680
f 6800 6805 6802
f 6800 6802 6807
f 6804 6806 6805
f 6802 6805 6806
f 6802 6804 6722
f 6802 6722 6807
f 6802 6832 6804
f 6802 6806 6832
f 6668 6816 6808
f 6808 6809 6811
f 6808 6817 6809
f 6816 6817 6808
f 6809 6817 6813
f 6808 6811 6810
f 6809 6812 6811
f 6809 6813 6812
f 6813 6817 6822
f 6796 6829 6798
f 6675 6810 6811
f 6675 6811 6814
f 6811 6812 6814
f 6812 6815 6814
f 6813 6815 6812
f 6813 6822 6826
f 6813 6826 6815
f 6816 6820 6818
f 6816 6818 6817
f 6817 6818 6821
f 6816 6819 6820
f 6820 6823 6818
f 6817 6821 6822
f 6818 6823 6821
f 6821 6823 6825
f 6821 6827 6822
f 6821 6825 6827
f 6819 6831 6820
f 6819 6830 6831
f 6820 6831 6824
f 6820 6824 6823
f 6823 6824 6825
f 6794 6798 6833
f 6822 6827 6826
f 6826 6827 6834
f 6815 6826 6828
f 6651 6930 6934
f 6815 6828 6921
f 6798 6829 6833
f 6794 6936 6796
f 6796 6936 6829
f 6826 6834 6828
f 6829 6835 6833
f 6828 6839 6933
f 6933 6836 6835
f 6828 6834 6839
f 6804 6892 6806
f 6806 6892 6832
f 6827 6825 6840
f 6824 6840 6825
f 6729 6889 6732
f 6830 6899 6831
f 6824 6831 6888
f 6804 6897 6892
f 6804 6832 6898
f 6824 6888 6840
f 6827 6840 6834
f 6794 6833 6936
f 6933 6839 6836
f 6833 6835 6836
f 6829 6936 6835
f 6836 6839 6837
f 6833 6836 6936
f 6837 6839 6838
f 6834 6840 6894
f 6838 6839 6894
f 6839 6834 6894
f 6838 6894 6893
f 5899 6864 6841
f 6509 6841 6843
f 6509 6843 6515
f 6515 6843 6522
f 6522 6842 6844
f 6844 6842 6846
f 6522 6843 6842
f 6841 6870 6843
f 6843 6870 6842
f 6547 6847 6842
f 6587 6848 6847
f 6547 6842 6848
f 6844 6846 6845
f 6586 6845 6849
f 6846 6842 6847
f 6846 6847 6851
f 6845 6846 6851
f 6847 6848 6851
f 6845 6851 6849
f 6848 6842 6850
f 6842 6852 6850
f 6848 6850 6851
f 6851 6854 6849
f 6850 6852 6851
f 6851 6852 6858
f 6588 6853 6562
f 6588 6566 6856
f 6849 6854 6763
f 6854 6766 6763
f 6853 6855 6562
f 6588 6856 6853
f 6856 6562 6855
f 6707 6861 6859
f 6854 6874 6766
f 6842 6855 6852
f 6853 6852 6855
f 6842 6870 6855
f 6853 6858 6852
f 6853 6856 6858
f 6856 6857 6858
f 6851 6858 6854
f 6856 6855 6857
f 6857 6860 6858
f 6699 6859 6871
f 6707 6871 6861
f 6854 6858 6874
f 6858 6860 6863
f 6858 6863 6874
f 6857 6855 6860
f 6855 6871 6860
f 6859 6863 6860
f 6859 6861 6863
f 6861 6862 6863
f 6859 6860 6871
f 6861 6871 6862
f 6841 6864 6868
f 6864 6865 6868
f 6841 6868 6870
f 6864 6867 6865
f 6864 6866 6867
f 5916 6948 6866
f 5918 6867 6949
f 6865 6869 6868
f 6868 6869 6872
f 6865 6905 6869
f 6855 6870 6872
f 6855 6872 6871
f 6868 6872 6870
f 6866 6949 6867
f 6872 6908 6871
f 6869 6908 6872
f 6699 6707 6859
f 6766 6874 6767
f 6767 6874 6768
f 6768 6876 6775
f 6775 6882 6777
f 6700 6871 6704
f 6700 6699 6871
f 6704 6871 6707
f 6768 6874 6876
f 6711 6873 6875
f 6711 6878 6873
f 6775 6876 6882
f 6736 6742 6886
f 6779 6776 6899
f 6777 6899 6776
f 6736 6883 6741
f 6741 6883 6742
f 6777 6882 6899
f 6742 6883 6886
f 6863 6876 6874
f 6711 6875 6881
f 6873 6878 6875
f 6711 6906 6878
f 6711 6881 6906
f 6862 6877 6863
f 6863 6877 6880
f 6863 6880 6876
f 6862 6871 6877
f 6875 6878 6881
f 6881 6885 6880
f 6880 6882 6876
f 6879 6881 6880
f 6877 6879 6880
f 6736 6886 6907
f 6736 6907 6883
f 6885 6899 6882
f 6883 6903 6886
f 6903 6899 6885
f 6881 6878 6885
f 6880 6885 6882
f 6878 6884 6885
f 6884 6887 6885
f 6903 6885 6887
f 6903 6887 6886
f 6886 6887 6907
f 6883 6907 6902
f 6729 6780 6900
f 6732 6889 6780
f 6831 6899 6888
f 6840 6888 6891
f 6780 6889 6900
f 6729 6904 6889
f 6729 6900 6904
f 6890 6896 6891
f 6891 6888 6903
f 6889 6890 6891
f 6832 6892 6895
f 6804 6898 6897
f 6892 6897 6895
f 6893 6894 6897
f 6832 6895 6898
f 6840 6891 6894
f 6894 6895 6897
f 6894 6896 6895
f 6838 6893 6898
f 6893 6897 6898
f 6891 6896 6894
f 6895 6896 6898
f 6891 6903 6901
f 6888 6899 6903
f 6883 6902 6903
f 6902 6901 6903
f 6889 6901 6900
f 6889 6891 6901
f 6890 6904 6896
f 6900 6901 6904
f 6889 6904 6890
f 6902 6907 6901
f 6901 6907 6904
f 6904 6898 6896
f 6904 6945 6898
f 6869 6905 6908
f 6905 6910 6912
f 6877 6871 6906
f 6877 6906 6879
f 6879 6906 6881
f 6878 6906 6884
f 6884 6906 6887
f 6887 6906 6907
f 6866 6948 6949
f 6906 6912 6907
f 6871 6908 6906
f 6906 6908 6912
f 6905 6912 6908
f 6909 6947 6946
f 6905 6947 6910
f 6910 6909 6911
f 6910 6947 6909
f 6904 6907 6911
f 6945 6911 6909
f 6904 6911 6945
f 6907 6912 6911
f 6910 6911 6912
f 5931 8199 5949
f 5949 8204 5954
f 5954 8211 5968
f 5955 5969 8209
f 5932 5955 8198
f 5968 8210 5967
f 5967 8217 5974
f 5975 8221 5976
f 5975 5974 8219
f 5976 8183 5916
f 5969 5970 8223
f 5970 5980 8224
f 5980 5982 8225
f 5982 5984 8226
f 5918 8227 5983
f 5983 8228 5984
f 6410 6914 6916
f 6413 6916 6915
f 6915 6916 6917
f 6413 6915 6918
f 6637 6918 6917
f 6666 6917 6920
f 6637 6920 6918
f 6916 6919 6917
f 6917 6919 6920
f 6916 6923 6919
f 6916 6914 6923
f 6915 6917 6918
f 6919 6918 6920
f 6914 6921 6923
f 6919 6923 6922
f 6919 6934 6918
f 6651 6934 6924
f 6922 6923 6924
f 6923 6921 6933
f 6923 6930 6924
f 6923 6931 6930
f 6919 6922 6934
f 6922 6924 6934
f 6918 6935 6928
f 6918 6934 6935
f 6913 6925 6926
f 6925 6938 6926
f 6928 6926 6938
f 6927 6926 6928
f 6927 6935 6929
f 6928 6938 6940
f 6927 6928 6935
f 6923 6933 6931
f 6921 6828 6933
f 6931 6933 6932
f 6930 6931 6934
f 6931 6932 6934
f 6932 6933 6835
f 6932 6936 6934
f 6934 6936 6935
f 6929 6935 6944
f 6932 6835 6936
f 6836 6837 6936
f 6837 6838 6936
f 6936 6944 6935
f 6927 6929 6942
f 6938 6939 6940
f 6913 6926 6942
f 6927 6942 6926
f 6940 6939 6941
f 6939 8160 6941
f 6913 6942 6937
f 6929 8169 6942
f 6929 6944 6943
f 6838 6898 6936
f 6936 6898 6944
f 6898 6945 6944
f 6943 6944 6945
f 6943 6946 8169
f 6943 6909 6946
f 6943 6945 6909
f 6946 6947 6949
f 6946 6949 6948
f 5916 8183 6948
f 5918 6949 8186
f 6929 6943 8169
f 6946 8182 8169
f 6946 6948 8182
f 6947 8186 6949
f 5931 8191 8199
f 5949 8199 8204
f 5954 8204 8211
f 5955 8209 8198
f 5969 8223 8209
f 5967 8210 8217
f 5968 8211 8210
f 5974 8217 8219
f 5976 8221 8183
f 5975 8219 8221
f 5970 8224 8223
f 5980 8225 8224
f 5982 8226 8225
f 5984 8228 8226
f 5918 8186 8227
f 5983 8227 8228
f 6974 6980 6985
f 6971 6981 6980
f 6971 6980 6974
f 6971 6972 6981
f 6972 6982 6981
f 6971 6995 6972
f 6971 6974 6995
f 6973 6982 6972
f 6973 6972 6996
f 6972 6995 6996
f 2902 6975 6986
f 2903 6978 6975
f 2903 6979 6978
f 6974 6985 6986
f 6974 6986 6975
f 6974 6975 6978
f 6974 6978 6977
f 6974 6976 6995
f 6974 6977 6976
f 6977 6978 7001
f 7001 6978 6979
f 6980 6981 7062
f 6980 7061 6985
f 6982 7063 6981
f 6985 7061 7068
f 6980 7062 7061
f 6981 7063 7062
f 6982 7075 7063
f 6983 6984 6988
f 6984 7023 6988
f 6983 7067 6984
f 6985 7068 6986
f 6976 6977 6988
f 6976 6988 7023
f 6977 6989 6988
f 6983 6988 6987
f 6987 6988 6989
f 6987 6989 6990
f 6990 6989 7031
f 6983 6987 7066
f 6987 6990 7070
f 6990 7030 7071
f 2897 6986 6991
f 2909 6991 7108
f 7110 6991 6992
f 7110 6992 6993
f 6993 7057 7143
f 6986 7068 7072
f 6986 7072 6991
f 6991 7072 6992
f 6992 6994 6993
f 6992 7072 6994
f 6993 6994 7057
f 6994 7073 7057
f 6997 7022 7021
f 6973 7021 6982
f 6973 6997 7021
f 6973 6998 6997
f 6973 6996 6998
f 6997 6999 7022
f 6999 7038 7022
f 6999 7008 7038
f 6997 7000 6999
f 6997 6998 7000
f 6999 7000 7008
f 7008 7000 7009
f 2931 7003 6979
f 2935 7006 7003
f 2936 7007 7006
f 7001 6979 7002
f 6979 7003 7002
f 7002 7003 7004
f 7003 7006 7004
f 7004 7006 7007
f 7004 7007 7005
f 7005 7007 7019
f 7008 7039 7038
f 7008 7009 7010
f 7009 7011 7010
f 7008 7010 7039
f 7011 7013 7010
f 7010 7040 7039
f 7010 7013 7040
f 7011 7014 7013
f 7011 7012 7014
f 7013 7041 7040
f 7013 7014 7041
f 7012 7015 7014
f 7014 7498 7041
f 7014 7015 7498
f 2944 7019 7007
f 2944 7020 7019
f 2949 7055 7020
f 7017 7016 7483
f 7005 7020 7016
f 7005 7019 7020
f 7012 7018 7015
f 7017 7483 7018
f 7483 7016 7020
f 7018 7483 7015
f 7483 7055 7499
f 7483 7020 7055
f 7499 7055 7059
f 6982 7021 7075
f 6976 7023 6995
f 6995 7025 6996
f 6996 7027 6998
f 6995 7023 7025
f 6996 7025 7027
f 7021 7022 7080
f 7022 7038 7088
f 6998 7029 7000
f 7000 7043 7009
f 6998 7027 7029
f 7000 7029 7043
f 7021 7080 7075
f 6984 7024 7023
f 7024 7025 7023
f 7024 7026 7025
f 7025 7026 7027
f 6984 7077 7024
f 7024 7079 7026
f 7022 7088 7080
f 7026 7028 7027
f 7027 7028 7029
f 7029 7028 7042
f 7029 7042 7043
f 7026 7082 7028
f 7028 7090 7042
f 6977 7001 6989
f 7001 7002 7031
f 7002 7004 7032
f 7001 7031 6989
f 7031 7002 7032
f 7004 7005 7034
f 7005 7016 7036
f 7032 7004 7034
f 7005 7036 7034
f 6990 7031 7030
f 7031 7032 7030
f 7030 7032 7033
f 7033 7032 7034
f 7033 7034 7035
f 7030 7033 7084
f 7033 7035 7085
f 7034 7036 7035
f 7035 7036 7037
f 7036 7048 7037
f 7035 7037 7086
f 7037 7049 7087
f 7009 7045 7011
f 7011 7046 7012
f 7009 7043 7045
f 7038 7039 7089
f 7011 7045 7046
f 7039 7040 7093
f 7040 7041 7094
f 7038 7089 7088
f 7042 7044 7043
f 7043 7044 7045
f 7044 7047 7045
f 7045 7047 7046
f 7047 7053 7046
f 7042 7092 7044
f 7044 7096 7047
f 7039 7093 7089
f 7040 7094 7093
f 7017 7048 7016
f 7017 7018 7050
f 7012 7051 7018
f 7016 7048 7036
f 7012 7046 7051
f 7018 7051 7050
f 7017 7050 7048
f 7037 7048 7049
f 7050 7049 7048
f 7046 7053 7051
f 7050 7051 7052
f 7051 7054 7052
f 7050 7052 7049
f 7049 7052 7099
f 7054 7100 7052
f 7051 7053 7054
f 7047 7101 7053
f 7053 7102 7054
f 2949 7059 7055
f 2952 7831 7059
f 2952 7056 7831
f 7057 7073 7105
f 7831 7056 7106
f 7057 7106 7058
f 7058 7106 7056
f 7057 7105 7060
f 7057 7060 7106
f 7060 7105 7106
f 7061 7064 7068
f 7068 7064 7069
f 7061 7062 7065
f 7063 7076 7062
f 6983 7066 7067
f 7061 7065 7064
f 7064 7065 7066
f 7064 7066 7070
f 7062 7076 7065
f 7065 7067 7066
f 7065 7076 7067
f 7068 7069 7072
f 7069 7071 7074
f 6987 7070 7066
f 6990 7071 7070
f 7030 7084 7071
f 7064 7070 7069
f 7069 7070 7071
f 6994 7072 7074
f 6994 7074 7073
f 7069 7074 7072
f 7071 7084 7074
f 7084 7085 7074
f 7085 7086 7074
f 7073 7074 7107
f 7063 7075 7078
f 6984 7067 7077
f 7024 7077 7079
f 7063 7078 7076
f 7078 7077 7076
f 7067 7076 7077
f 7075 7081 7078
f 7078 7079 7077
f 7078 7081 7079
f 7075 7080 7081
f 7080 7088 7083
f 7026 7079 7082
f 7028 7082 7090
f 7081 7082 7079
f 7080 7083 7081
f 7081 7083 7082
f 7033 7085 7084
f 7035 7086 7085
f 7037 7087 7086
f 7042 7090 7092
f 7088 7089 7091
f 7044 7092 7096
f 7088 7091 7083
f 7083 7091 7082
f 7091 7090 7082
f 7091 7089 7095
f 7091 7095 7090
f 7090 7095 7092
f 7089 7093 7095
f 7047 7096 7101
f 7093 7094 7097
f 7098 7094 7830
f 7093 7097 7095
f 7092 7095 7097
f 7092 7097 7096
f 7096 7097 7098
f 7096 7098 7101
f 7097 7094 7098
f 7049 7099 7087
f 7054 7102 7100
f 7052 7100 7099
f 7053 7101 7102
f 7101 7098 7103
f 7101 7103 7102
f 7098 7830 7103
f 7086 7087 7074
f 7087 7107 7074
f 7073 7107 7105
f 7087 7099 7107
f 7099 7100 7107
f 7102 7107 7100
f 7831 7107 7103
f 7102 7103 7107
f 7831 7106 7107
f 7105 7107 7106
f 3150 7108 7109
f 3153 7109 7111
f 3155 7111 7114
f 7108 6991 7110
f 7108 7110 7109
f 7110 7112 7109
f 7109 7112 7111
f 7110 6993 7116
f 7110 7117 7131
f 7110 7116 7117
f 7111 7112 7113
f 7111 7113 7114
f 7113 7115 7114
f 7110 7132 7112
f 7110 7126 7125
f 7110 7125 7127
f 7110 7131 7126
f 7110 7127 7128
f 7110 7128 7129
f 7110 7130 7132
f 7110 7129 7130
f 7112 7132 7113
f 7113 7132 7133
f 7113 7133 7134
f 7113 7136 7115
f 3199 7114 7157
f 1097 7282 7167
f 7114 7115 7157
f 3157 7117 7116
f 3156 7116 7118
f 3063 7118 7171
f 3157 7171 7117
f 3162 7122 7121
f 3162 7174 7122
f 3161 7121 7123
f 3162 7123 7174
f 3165 7125 7126
f 3167 7126 7127
f 3167 7127 7125
f 3172 7132 7130
f 3172 7133 7132
f 3173 7130 7133
f 3176 7136 7135
f 3177 7135 7137
f 3177 7137 7136
f 3181 7141 7140
f 3181 7150 7141
f 3190 7140 7150
f 3182 7145 7142
f 3183 7142 7143
f 3183 7143 7145
f 3187 7147 7148
f 3187 7149 7147
f 3188 7148 7149
f 3193 7153 7152
f 3194 7152 7200
f 3194 7200 7202
f 3194 7154 7153
f 3194 7202 7154
f 6993 7118 7116
f 6993 7119 7118
f 6993 7120 7119
f 6993 7122 7120
f 6993 7121 7122
f 6993 7123 7121
f 6993 7124 7123
f 7131 7117 7183
f 7119 7170 7118
f 7119 7120 7170
f 7117 7171 7169
f 7117 7169 7183
f 7118 7170 7171
f 6993 7142 7124
f 6993 7143 7142
f 7122 7173 7120
f 7122 7174 7173
f 7120 7173 7170
f 7123 7124 7174
f 7124 7176 7174
f 7124 7177 7176
f 7131 7183 7126
f 7126 7178 7127
f 7128 7127 7178
f 7126 7183 7178
f 7128 7178 7179
f 7128 7179 7181
f 7128 7181 7182
f 7128 7182 7129
f 7129 7182 7130
f 7130 7182 7133
f 7133 7187 7134
f 7133 7182 7184
f 7133 7184 7186
f 7133 7186 7187
f 7113 7134 7135
f 7113 7135 7136
f 7115 7136 7137
f 7115 7137 7138
f 7115 7138 7139
f 7115 7139 7140
f 7134 7187 7135
f 7135 7187 7188
f 7115 7140 7141
f 7141 7150 7160
f 7135 7188 7137
f 7137 7188 7138
f 7138 7188 7189
f 7138 7189 7191
f 7138 7192 7139
f 7138 7191 7192
f 7139 7192 7140
f 7140 7192 7150
f 7124 7142 7177
f 7142 7145 7193
f 7142 7193 7177
f 7145 7144 7193
f 7144 7146 7193
f 7146 7194 7193
f 7146 7147 7198
f 7146 7197 7194
f 7146 7198 7197
f 7147 7149 7198
f 7149 7205 7246
f 7149 7246 7198
f 7150 7151 7160
f 7150 7199 7151
f 7150 7192 7199
f 7151 7200 7152
f 7151 7199 7200
f 7154 7203 7155
f 7154 7202 7203
f 7155 7203 7204
f 7155 7204 7156
f 7156 7204 7216
f 3200 7157 7158
f 3202 7158 7161
f 7115 7159 7157
f 7157 7159 7158
f 7158 7159 7160
f 7115 7141 7159
f 7141 7160 7159
f 7158 7160 7161
f 7160 7162 7161
f 7161 7162 7237
f 7160 7151 7152
f 7160 7152 7153
f 7160 7153 7162
f 7153 7154 7162
f 7154 7155 7162
f 7155 7156 7162
f 7162 7156 7216
f 7162 7216 7217
f 7163 7168 7165
f 7163 7169 7168
f 7163 7183 7169
f 7163 7164 7180
f 7164 7167 7180
f 7163 7178 7183
f 7163 7179 7178
f 7163 7180 7179
f 7167 7181 7180
f 7167 7182 7181
f 7167 7184 7182
f 7167 7185 7184
f 7167 7186 7185
f 7167 7187 7186
f 7167 7188 7187
f 7163 7287 7164
f 7164 7288 7167
f 7163 7165 7289
f 7166 7290 7165
f 7166 7165 7175
f 7165 7170 7173
f 7165 7173 7174
f 7165 7171 7170
f 7165 7168 7171
f 7165 7174 7175
f 7166 7175 7172
f 7172 7175 7176
f 7172 7176 7177
f 7172 7177 7193
f 7168 7302 7171
f 7169 7171 7303
f 7168 7169 7303
f 7175 7174 7308
f 7174 7176 7308
f 7175 7309 7176
f 7179 7180 7316
f 7180 7181 7317
f 7179 7317 7181
f 7184 7185 7320
f 7184 7324 7186
f 7185 7186 7324
f 7189 7190 7330
f 7190 7191 7331
f 7189 7331 7191
f 7172 7193 7194
f 7172 7194 7195
f 7172 7195 7196
f 7196 7195 7197
f 7196 7197 7198
f 7196 7198 7246
f 7196 7246 7247
f 7196 7247 7248
f 7194 7336 7195
f 7194 7197 7336
f 7195 7337 7197
f 7200 7201 7348
f 7200 7351 7202
f 7201 7202 7351
f 7166 7172 7365
f 7168 7303 7302
f 7171 7304 7303
f 7171 7302 7304
f 7175 7308 7309
f 7176 7310 7308
f 7176 7309 7310
f 7179 7316 7315
f 7180 7317 7316
f 7179 7315 7317
f 7184 7320 7319
f 7184 7319 7324
f 7185 7324 7320
f 7189 7330 7329
f 7189 7329 7331
f 7190 7331 7330
f 7172 7196 7383
f 7195 7336 7337
f 7197 7341 7336
f 7197 7337 7341
f 7200 7348 7347
f 7200 7347 7351
f 7201 7351 7348
f 7167 7189 7188
f 7167 7190 7189
f 7167 7191 7190
f 7167 7192 7191
f 7167 7199 7192
f 7167 7200 7199
f 7167 7201 7200
f 7167 7282 7201
f 3287 7208 7206
f 3288 7206 7207
f 3288 7207 7208
f 3292 7211 7212
f 3292 7255 7211
f 3293 7212 7213
f 3292 7213 7255
f 3298 7217 7216
f 3298 7218 7217
f 3299 7216 7218
f 3302 7226 7221
f 3303 7222 7219
f 3304 7219 7223
f 3304 7223 7222
f 3308 7227 7226
f 3308 7221 7227
f 3296 7229 7215
f 3309 7215 7228
f 3309 7228 7229
f 3313 7233 7232
f 3313 7232 7234
f 3315 7234 7233
f 7143 7057 7145
f 7145 7057 7144
f 7144 7057 7146
f 7205 7206 7246
f 7206 7247 7246
f 7206 7249 7247
f 7206 7208 7250
f 7208 7209 7250
f 7209 7210 7250
f 7206 7250 7249
f 7146 7057 7147
f 7147 7057 7148
f 7148 7057 7149
f 7149 7057 7205
f 7205 7057 7206
f 7206 7057 7207
f 7210 7252 7250
f 7210 7211 7252
f 7211 7253 7252
f 7211 7255 7253
f 7213 7214 7257
f 7214 7215 7257
f 7213 7257 7255
f 7215 7269 7257
f 7217 7218 7238
f 7218 7220 7238
f 7220 7219 7238
f 7219 7222 7238
f 7216 7204 7218
f 7218 7261 7220
f 7218 7204 7258
f 7218 7258 7260
f 7218 7260 7261
f 7219 7261 7263
f 7220 7261 7219
f 7221 7278 7235
f 7221 7266 7278
f 7222 7223 7236
f 7224 7236 7223
f 7219 7263 7223
f 7224 7223 7263
f 7224 7263 7264
f 7224 7264 7262
f 7224 7266 7225
f 7226 7266 7221
f 7226 7225 7266
f 7224 7262 7266
f 7207 7057 7208
f 7208 7057 7209
f 7209 7057 7210
f 7210 7057 7211
f 7211 7057 7212
f 7212 7244 7213
f 7212 7057 7058
f 7212 7058 7244
f 7236 7242 7240
f 7213 7244 7214
f 7214 7244 7215
f 7215 7244 7228
f 7228 7244 7229
f 7229 7244 7230
f 7230 7244 7231
f 7231 7244 7232
f 7232 7244 7234
f 7234 7245 7233
f 7233 7245 7235
f 7215 7229 7269
f 7229 7230 7269
f 7230 7231 7273
f 7231 7232 7274
f 7230 7271 7269
f 7230 7273 7271
f 7231 7274 7273
f 7232 7233 7275
f 7233 7235 7275
f 7235 7278 7277
f 7235 7277 7275
f 7232 7275 7274
f 7224 7225 7236
f 7226 7236 7225
f 7226 7227 7236
f 7222 7236 7241
f 7221 7245 7227
f 7221 7235 7245
f 7234 7244 7245
f 7227 7245 7236
f 3319 7161 7237
f 3321 7237 7239
f 3322 7239 7240
f 3056 7858 7282
f 7162 7238 7237
f 7237 7238 7239
f 7238 7241 7239
f 7162 7217 7238
f 7222 7241 7238
f 7239 7241 7240
f 7241 7236 7240
f 3326 7243 7056
f 3326 7242 7243
f 3325 7240 7242
f 7058 7243 7244
f 7058 7056 7243
f 7243 7245 7244
f 7236 7245 7242
f 7243 7242 7245
f 7196 7248 7251
f 7251 7248 7249
f 7251 7249 7250
f 7251 7250 7252
f 7251 7254 7267
f 7251 7252 7253
f 7251 7253 7254
f 7254 7256 7255
f 7253 7255 7256
f 7254 7255 7267
f 7255 7257 7267
f 7247 7399 7248
f 7247 7249 7399
f 7248 7400 7249
f 7254 7253 7406
f 7253 7256 7406
f 7254 7407 7256
f 7258 7259 7412
f 7258 7413 7260
f 7259 7260 7413
f 7265 7262 7417
f 7264 7417 7262
f 7264 7265 7419
f 7267 7257 7269
f 7267 7269 7270
f 7267 7270 7268
f 7270 7280 7268
f 7270 7272 7271
f 7269 7271 7272
f 7270 7271 7280
f 7271 7273 7280
f 7280 7275 7276
f 7262 7281 7266
f 7278 7266 7281
f 7265 7281 7262
f 7263 7282 7264
f 7264 7282 7265
f 7273 7274 7280
f 7280 7274 7275
f 7277 7278 7281
f 7276 7277 7281
f 7280 7276 7281
f 7265 7282 7281
f 7269 7431 7270
f 7270 7431 7272
f 7269 7272 7431
f 7275 7277 7279
f 7275 7279 7276
f 7276 7434 7277
f 7196 7251 7451
f 7248 7399 7400
f 7249 7401 7399
f 7249 7400 7401
f 7254 7406 7407
f 7256 7407 7408
f 7256 7408 7406
f 7258 7412 7410
f 7258 7410 7413
f 7259 7413 7412
f 7265 7417 7419
f 7264 7419 7418
f 7264 7418 7417
f 7251 7267 7464
f 7267 7268 7467
f 7277 7435 7279
f 7276 7279 7434
f 7277 7434 7435
f 7279 7435 7433
f 7279 7433 7434
f 7201 7282 7202
f 7202 7282 7203
f 7203 7282 7204
f 7204 7282 7258
f 7258 7282 7259
f 7259 7282 7260
f 7260 7282 7261
f 7261 7282 7263
f 7268 7280 7479
f 7280 7281 7480
f 7281 7282 7480
f 7164 7287 7288
f 7163 7289 7287
f 7165 7290 7289
f 7297 7283 7361
f 7297 7313 7283
f 7313 7314 7283
f 7284 7285 7314
f 7283 7314 7318
f 7285 7286 7318
f 7283 7318 7321
f 7284 7291 7285
f 7283 7321 7294
f 7285 7292 7286
f 7287 7289 7361
f 7290 7361 7289
f 7284 7357 7291
f 7361 7283 7294
f 7291 7292 7285
f 7286 7292 7293
f 7321 7375 7294
f 7291 7372 7292
f 7292 7373 7293
f 7287 7294 7288
f 7288 7375 7295
f 7287 7361 7294
f 7288 7294 7375
f 7372 7373 7292
f 7295 7375 7378
f 7288 7295 7167
f 7166 7365 7290
f 7297 7298 7313
f 7299 7313 7298
f 7297 7301 7298
f 7296 7298 7301
f 7299 7298 7296
f 7297 7300 7301
f 7296 7301 7307
f 7300 7306 7301
f 7307 7301 7306
f 7302 7303 7304
f 7305 7311 7334
f 7300 7311 7306
f 7305 7307 7306
f 7300 7333 7311
f 7305 7306 7311
f 7309 7308 7310
f 7299 7357 7284
f 7299 7296 7356
f 7297 7363 7300
f 7296 7307 7360
f 7300 7382 7333
f 7305 7312 7358
f 7305 7358 7307
f 7313 7284 7314
f 7299 7284 7313
f 7315 7316 7317
f 7314 7285 7318
f 7321 7318 7322
f 7286 7322 7318
f 7319 7320 7324
f 7286 7323 7322
f 7321 7322 7325
f 7322 7323 7325
f 7321 7325 7327
f 7323 7326 7325
f 7325 7326 7332
f 7325 7332 7327
f 7326 7328 7332
f 7329 7330 7331
f 7327 7332 7344
f 7332 7328 7344
f 7327 7344 7345
f 7328 7346 7344
f 7286 7293 7323
f 7321 7327 7375
f 7323 7369 7326
f 7326 7370 7328
f 7327 7345 7378
f 7328 7371 7346
f 7311 7333 7335
f 7311 7335 7334
f 7333 7338 7335
f 7334 7335 7339
f 7172 7383 7365
f 7305 7334 7312
f 7334 7339 7342
f 7336 7341 7337
f 7333 7340 7338
f 7335 7338 7339
f 7338 7340 7396
f 7338 7397 7339
f 7338 7396 7397
f 7196 7451 7383
f 7312 7334 7342
f 7339 7343 7342
f 7312 7342 7355
f 7333 7386 7340
f 7339 7397 7446
f 7339 7381 7343
f 7342 7343 7425
f 7344 7349 7345
f 7344 7346 7349
f 7346 7350 7349
f 7347 7348 7351
f 7345 7349 7394
f 7349 7350 7352
f 7349 7352 7394
f 7350 7353 7352
f 7352 7411 7394
f 7352 7415 7411
f 7352 7353 7415
f 7350 7355 7353
f 7353 7355 7415
f 7346 7387 7350
f 7345 7394 7391
f 7312 7355 7354
f 7342 7425 7355
f 7350 7354 7355
f 7350 7388 7354
f 7299 7356 7357
f 7297 7361 7363
f 7296 7360 7356
f 7357 7362 7291
f 7357 7356 7364
f 7356 7360 7366
f 7312 7359 7358
f 7312 7368 7359
f 7307 7358 7360
f 7300 7363 7382
f 7358 7367 7360
f 7358 7359 7367
f 7290 7365 7363
f 7290 7363 7361
f 7357 7364 7362
f 7356 7366 7364
f 7364 7366 7376
f 7365 7382 7363
f 7360 7367 7366
f 7366 7367 7376
f 7359 7368 7367
f 7293 7374 7369
f 7323 7293 7369
f 7326 7369 7370
f 7327 7378 7375
f 7369 7376 7370
f 7328 7370 7371
f 7378 7345 7391
f 7371 7387 7346
f 7370 7377 7371
f 7379 7387 7371
f 7291 7362 7372
f 7364 7376 7362
f 7372 7362 7376
f 7293 7373 7374
f 7372 7376 7373
f 7373 7376 7374
f 7369 7374 7376
f 7370 7376 7377
f 7367 7377 7376
f 7367 7379 7377
f 7367 7390 7379
f 7377 7379 7371
f 7379 7390 7387
f 7333 7382 7386
f 7312 7393 7368
f 7343 7381 7380
f 7339 7446 7381
f 7343 7380 7384
f 7380 7381 7384
f 7381 7446 7449
f 7343 7384 7458
f 7365 7383 7382
f 7368 7393 7367
f 7382 7383 7386
f 7381 7385 7384
f 7383 7451 7386
f 7381 7449 7385
f 7384 7385 7458
f 7312 7354 7393
f 7350 7387 7388
f 7387 7390 7388
f 7394 7395 7391
f 7354 7388 7389
f 7354 7389 7393
f 7388 7393 7389
f 7367 7392 7390
f 7367 7393 7392
f 7388 7390 7392
f 7388 7392 7393
f 7295 7378 7391
f 7295 7391 7395
f 7295 7395 7481
f 7295 7923 4432
f 7295 7924 7923
f 7295 7481 7924
f 4432 7923 8116
f 7340 7403 7396
f 7396 7398 7397
f 7399 7401 7400
f 7396 7403 7402
f 7396 7402 7398
f 7251 7464 7451
f 7403 7404 7402
f 7402 7404 7405
f 7398 7402 7405
f 7407 7406 7408
f 7403 7427 7404
f 7404 7428 7405
f 7404 7427 7409
f 7404 7409 7428
f 7340 7452 7403
f 7397 7398 7447
f 7398 7405 7448
f 7403 7465 7427
f 7405 7428 7462
f 7394 7411 7414
f 7411 7415 7416
f 7410 7412 7413
f 7394 7414 7421
f 7411 7416 7414
f 7420 7414 7416
f 7420 7421 7414
f 7420 7416 7422
f 7415 7425 7416
f 7416 7426 7422
f 7418 7419 7417
f 7420 7423 7421
f 7420 7422 7423
f 7423 7424 7443
f 7423 7443 7444
f 7423 7444 7421
f 7423 7422 7424
f 7343 7426 7425
f 7394 7421 7395
f 7355 7425 7415
f 7416 7425 7426
f 7422 7426 7455
f 7421 7444 7460
f 7422 7456 7424
f 7424 7457 7445
f 7409 7427 7429
f 7409 7429 7430
f 7409 7430 7428
f 7427 7438 7429
f 7429 7438 7432
f 7429 7439 7430
f 7267 7467 7464
f 7428 7430 7463
f 7427 7475 7438
f 7430 7439 7468
f 7429 7432 7439
f 7433 7435 7434
f 7437 7436 7442
f 7436 7441 7444
f 7436 7445 7442
f 7432 7438 7437
f 7432 7440 7439
f 7432 7437 7440
f 7438 7441 7437
f 7437 7441 7436
f 7437 7442 7440
f 7436 7444 7443
f 7436 7443 7445
f 7443 7424 7445
f 7439 7440 7469
f 7442 7470 7440
f 7438 7476 7441
f 7444 7441 7478
f 7442 7445 7471
f 7340 7386 7452
f 7397 7447 7446
f 7446 7447 7450
f 7398 7448 7447
f 7403 7452 7465
f 7405 7462 7448
f 7447 7448 7453
f 7448 7462 7454
f 7446 7450 7449
f 7386 7451 7452
f 7385 7449 7459
f 7447 7453 7450
f 7449 7450 7459
f 7451 7464 7452
f 7450 7453 7459
f 7448 7454 7453
f 7452 7464 7465
f 7343 7458 7426
f 7421 7460 7395
f 7426 7458 7455
f 7459 7456 7455
f 7422 7455 7456
f 7460 7444 7478
f 7456 7457 7424
f 7459 7457 7456
f 7461 7471 7457
f 7385 7459 7458
f 7459 7455 7458
f 7453 7454 7459
f 7459 7454 7466
f 7459 7466 7472
f 7459 7474 7473
f 7459 7461 7457
f 7459 7477 7461
f 7459 7473 7477
f 7428 7463 7462
f 7427 7465 7475
f 7430 7468 7463
f 7462 7463 7466
f 7462 7466 7454
f 7463 7472 7466
f 7464 7467 7465
f 7465 7479 7475
f 7465 7467 7479
f 7442 7471 7470
f 7439 7469 7468
f 7438 7475 7476
f 7440 7470 7469
f 7441 7476 7478
f 7463 7468 7472
f 7468 7469 7474
f 7470 7473 7469
f 7445 7457 7471
f 7470 7471 7477
f 7459 7472 7474
f 7470 7477 7473
f 7468 7474 7472
f 7469 7473 7474
f 7461 7477 7471
f 7475 7480 7476
f 7478 7476 7481
f 7395 7460 7481
f 7460 7478 7481
f 7268 7479 7467
f 7280 7480 7479
f 7475 7479 7480
f 7476 7480 7481
f 7480 7282 7481
f 7282 7482 7481
f 7282 7859 7482
f 7481 7925 7924
f 7481 7926 7925
f 7481 7482 7927
f 7481 7927 7926
f 7104 7959 8051
f 7482 7960 7927
f 7015 7483 7499
f 7015 7499 7498
f 3371 7485 7484
f 7484 7485 7502
f 7484 7502 7501
f 7484 7501 7506
f 3373 7562 7494
f 3383 7484 7486
f 7484 7487 7486
f 7484 7488 7487
f 7486 7487 7516
f 7486 7515 7513
f 7486 7516 7515
f 7487 7517 7516
f 7487 7488 7520
f 7487 7521 7517
f 7487 7520 7521
f 7488 7525 7520
f 7484 7489 7488
f 7484 7491 7489
f 7488 7489 7526
f 7489 7491 7531
f 7488 7526 7525
f 7489 7529 7526
f 7489 7528 7529
f 7489 7530 7528
f 7489 7531 7530
f 7493 7490 7534
f 7493 7534 7541
f 7491 7492 7545
f 7492 7495 7552
f 7493 7560 7495
f 7490 7497 7534
f 7491 7532 7531
f 7491 7542 7532
f 7491 7544 7542
f 7491 7545 7544
f 7492 7546 7545
f 7492 7550 7546
f 7492 7551 7550
f 7492 7552 7551
f 7495 7573 7552
f 7495 7553 7573
f 7495 7549 7553
f 7495 7560 7549
f 7493 7556 7557
f 7493 7555 7556
f 7493 7541 7555
f 7493 7559 7560
f 7493 7558 7559
f 7493 7557 7558
f 7491 7506 7507
f 7484 7506 7491
f 7493 7496 7490
f 7493 7495 7496
f 7490 7496 7497
f 7491 7507 7492
f 7492 7508 7495
f 7495 7508 7496
f 7534 7497 7781
f 7494 7562 7782
f 7041 7498 7830
f 7041 7830 7094
f 7498 7499 7831
f 7499 7059 7831
f 7498 7831 7830
f 7501 7502 7503
f 7501 7504 7506
f 7501 7503 7504
f 7504 7507 7506
f 7504 7505 7507
f 7507 7505 7510
f 7492 7507 7508
f 7496 7508 7497
f 7497 7508 7509
f 7497 7509 7781
f 7507 7510 7508
f 7508 7511 7509
f 7510 7511 7508
f 7509 7511 7512
f 7509 7512 7781
f 7781 7512 7837
f 7494 7855 7500
f 3372 7584 7485
f 7485 7784 7502
f 7485 7584 7784
f 3480 7513 7514
f 3480 7514 7522
f 7515 7516 7514
f 7513 7515 7514
f 7516 7517 7514
f 7514 7518 7522
f 7514 7517 7518
f 7517 7519 7518
f 7517 7521 7519
f 7519 7520 7518
f 7519 7521 7520
f 7520 7525 7518
f 7518 7526 7527
f 7518 7525 7526
f 7522 7568 7563
f 7522 7523 7568
f 7569 7524 7533
f 7518 7527 7522
f 7527 7532 7522
f 7568 7523 7571
f 7522 7539 7523
f 7522 7554 7539
f 7571 7523 7524
f 7533 7524 7537
f 7523 7536 7524
f 7524 7536 7537
f 7526 7529 7527
f 7528 7527 7529
f 7528 7530 7527
f 7527 7530 7531
f 7527 7531 7532
f 7533 7535 7534
f 7532 7543 7522
f 7543 7547 7522
f 7522 7547 7548
f 7522 7548 7559
f 7522 7558 7554
f 7522 7559 7558
f 7533 7537 7536
f 7533 7536 7535
f 7523 7535 7536
f 7523 7538 7535
f 7534 7535 7538
f 7523 7539 7538
f 7539 7541 7540
f 7534 7540 7541
f 7534 7538 7540
f 7538 7539 7540
f 7539 7554 7541
f 7532 7542 7543
f 7544 7545 7543
f 7543 7545 7546
f 7543 7546 7547
f 7542 7544 7543
f 7546 7550 7547
f 7547 7550 7551
f 7547 7551 7552
f 7548 7549 7560
f 7547 7553 7548
f 7548 7553 7549
f 7547 7552 7573
f 7547 7573 7553
f 7554 7556 7555
f 7554 7558 7557
f 7554 7557 7556
f 7541 7554 7555
f 7548 7560 7559
f 7561 7565 7569
f 7561 7569 7562
f 7561 7564 7565
f 7561 7567 7566
f 7561 7566 7564
f 7563 7565 7564
f 7563 7564 7566
f 7563 7568 7565
f 7569 7565 7570
f 7565 7568 7570
f 7569 7533 7562
f 7569 7570 7572
f 7569 7572 7571
f 7568 7571 7570
f 7570 7571 7572
f 7569 7571 7524
f 7533 7782 7562
f 7533 7534 7782
f 7534 7781 7782
f 3491 7585 7584
f 3491 7575 7585
f 3494 7589 7574
f 7575 7576 7585
f 7576 7577 7585
f 7577 7586 7585
f 7574 7589 7575
f 7575 7589 7576
f 7578 7579 7580
f 7579 7582 7580
f 7580 7582 7581
f 7582 7583 7581
f 7584 7585 7785
f 7585 7586 7587
f 7585 7587 7588
f 7576 7589 7577
f 7577 7589 7586
f 7586 7589 7587
f 7587 7589 7588
f 7584 7785 7784
f 7585 7588 7785
f 7588 7787 7785
f 7588 7589 7787
f 7581 7583 7747
f 3500 7601 7575
f 3584 7594 7595
f 7574 7601 7590
f 3500 7595 7599
f 7574 7575 7601
f 3500 7596 7601
f 3500 7599 7596
f 7592 7593 7591
f 7590 7601 7596
f 7597 7599 7595
f 7596 7599 7602
f 7597 7598 7599
f 7598 7603 7599
f 7599 7600 7602
f 7599 7603 7600
f 7600 7603 7604
f 7600 7604 7605
f 7590 7596 7636
f 7593 7637 7594
f 3646 7637 7593
f 7596 7639 7636
f 7594 7640 7595
f 7596 7602 7639
f 7600 7639 7602
f 7597 7595 7640
f 7597 7640 7598
f 7598 7640 7603
f 7603 7640 7604
f 7600 7605 7639
f 7594 7637 7640
f 7604 7606 7605
f 7605 7606 7607
f 7606 7608 7607
f 7607 7608 7609
f 7608 7610 7609
f 7609 7610 7611
f 7609 7611 7704
f 7612 7635 7718
f 7604 7645 7606
f 7605 7607 7644
f 7606 7645 7608
f 7605 7644 7639
f 7604 7640 7645
f 7608 7652 7610
f 7607 7609 7746
f 7610 7652 7611
f 7607 7746 7644
f 7608 7645 7652
f 7612 7749 7634
f 7686 7726 7725
f 7686 7725 7718
f 7634 7749 7690
f 7613 7615 7616
f 3605 7628 3612
f 7614 7622 7619
f 3612 7628 7613
f 7613 7628 7615
f 7614 7615 7624
f 3605 7629 7628
f 7621 7622 7618
f 7617 7621 7618
f 3611 7618 7627
f 3611 7626 7625
f 3611 7627 7626
f 3610 7625 7629
f 7618 7629 7625
f 7618 7625 7626
f 7618 7626 7627
f 7619 7622 7620
f 7620 7622 7623
f 7614 7624 7622
f 7615 7628 7624
f 7620 7623 7630
f 7622 7624 7618
f 7624 7628 7618
f 7628 7629 7618
f 7614 7673 7615
f 7615 7673 7616
f 7614 7619 7673
f 7617 7680 7621
f 7617 7674 7680
f 7619 7679 7673
f 7619 7620 7679
f 7620 7630 7679
f 7621 7686 7622
f 7622 7686 7623
f 7621 7680 7686
f 7623 7632 7630
f 7630 7632 7631
f 7631 7632 7633
f 7631 7633 7635
f 7631 7635 7634
f 7612 7634 7635
f 7623 7686 7632
f 7632 7686 7633
f 7630 7631 7690
f 7630 7685 7679
f 7630 7690 7685
f 7633 7686 7635
f 7631 7634 7690
f 7635 7686 7718
f 3494 7639 7589
f 3646 7578 7637
f 7578 7580 7637
f 7580 7640 7637
f 3649 7677 7638
f 7641 7638 7677
f 3648 7676 7677
f 7641 7677 7650
f 7677 7678 7657
f 3649 7638 7642
f 3504 7643 7579
f 3504 7642 7643
f 3649 7642 3652
f 7638 7643 7642
f 7641 7643 7638
f 7641 7646 7643
f 7579 7660 7582
f 7579 7643 7660
f 7643 7646 7660
f 7580 7581 7640
f 7641 7650 7646
f 7646 7648 7647
f 7646 7649 7648
f 7646 7650 7649
f 7640 7747 7645
f 7640 7581 7747
f 7639 7644 7589
f 7650 7677 7651
f 7651 7677 7653
f 7653 7677 7654
f 7677 7657 7656
f 7654 7677 7658
f 7677 7656 7658
f 7678 7694 7657
f 7654 7659 7655
f 7654 7658 7659
f 7646 7647 7660
f 7647 7648 7661
f 7648 7649 7662
f 7649 7650 7663
f 7650 7651 7665
f 7582 7660 7661
f 7582 7661 7583
f 7661 7662 7583
f 7647 7661 7660
f 7648 7662 7661
f 7649 7663 7662
f 7650 7664 7663
f 7650 7665 7664
f 7651 7653 7666
f 7662 7663 7764
f 7662 7764 7583
f 7651 7666 7665
f 7653 7654 7667
f 7654 7655 7668
f 7656 7657 7670
f 7658 7671 7659
f 7656 7669 7658
f 7657 7694 7701
f 7653 7667 7666
f 7654 7668 7667
f 7656 7670 7669
f 7657 7701 7670
f 7658 7669 7671
f 7659 7671 7672
f 7673 7679 7675
f 7679 7687 7675
f 7675 7687 7698
f 7676 7681 7677
f 7677 7682 7678
f 7677 7681 7682
f 3675 7684 7681
f 7678 7682 7683
f 7681 7683 7682
f 7681 7684 7683
f 7678 7683 7688
f 7675 7698 7684
f 7683 7684 7696
f 7696 7684 7698
f 7679 7685 7691
f 7679 7691 7687
f 7678 7688 7694
f 7688 7689 7693
f 7685 7690 7775
f 7685 7775 7691
f 7688 7693 7695
f 7689 7692 7693
f 7688 7695 7694
f 7687 7691 7703
f 7688 7697 7689
f 7687 7703 7698
f 7683 7696 7688
f 7688 7696 7697
f 7696 7698 7697
f 7689 7699 7692
f 7692 7700 7693
f 7693 7702 7695
f 7694 7695 7701
f 7689 7697 7699
f 7692 7699 7700
f 7693 7700 7702
f 7697 7703 7699
f 7695 7702 7701
f 7697 7698 7703
f 7611 7705 7704
f 7704 7706 7709
f 7704 7705 7706
f 7708 7709 7706
f 7708 7706 7710
f 7710 7706 7707
f 7708 7710 7711
f 7708 7711 7709
f 7710 7707 7714
f 7710 7712 7711
f 7710 7714 7712
f 7713 7712 7714
f 7713 7743 7712
f 7612 7718 7715
f 7717 7718 7725
f 7716 7717 7725
f 7717 7715 7718
f 7719 7722 7723
f 7716 7728 7724
f 7716 7725 7727
f 7716 7727 7728
f 7725 7726 7727
f 7722 7740 7723
f 7719 7723 7740
f 7722 7724 7740
f 7726 7728 7727
f 7726 7739 7728
f 7724 7728 7740
f 7711 7712 7731
f 7712 7743 7731
f 7713 7729 7745
f 7730 7732 7736
f 7729 7730 7745
f 7732 7733 7735
f 7713 7744 7743
f 7713 7745 7744
f 7731 7743 7744
f 7731 7736 7734
f 7732 7735 7737
f 7732 7737 7736
f 7734 7737 7735
f 7731 7745 7736
f 7730 7736 7745
f 7731 7744 7745
f 7734 7736 7737
f 7719 7741 7721
f 7720 7721 7741
f 7720 7735 7733
f 7734 7735 7738
f 7720 7742 7735
f 7719 7740 7741
f 7720 7741 7742
f 7738 7741 7740
f 7726 7738 7740
f 7728 7739 7740
f 7726 7740 7739
f 7735 7742 7738
f 7738 7742 7741
f 7609 7704 7746
f 7611 7748 7705
f 7704 7709 7746
f 7705 7748 7706
f 7706 7748 7707
f 7709 7711 7746
f 7611 7652 7748
f 7707 7748 7714
f 7713 7714 7748
f 7711 7731 7746
f 7713 7753 7729
f 7612 7715 7749
f 7717 7752 7715
f 7719 7721 7750
f 7720 7750 7721
f 7722 7752 7724
f 7716 7724 7752
f 7716 7752 7717
f 7719 7752 7722
f 7713 7748 7753
f 7686 7751 7726
f 7715 7752 7749
f 7719 7750 7752
f 7720 7755 7750
f 7726 7751 7757
f 7729 7753 7730
f 7731 7734 7754
f 7730 7755 7732
f 7732 7755 7733
f 7720 7733 7755
f 7734 7738 7756
f 7726 7757 7738
f 7731 7754 7746
f 7730 7753 7755
f 7754 7734 7756
f 7738 7757 7756
f 7644 7746 7589
f 7645 7747 7771
f 7645 7771 7652
f 7589 7746 7754
f 7652 7805 7748
f 7589 7754 7756
f 7747 7764 7771
f 7655 7659 7758
f 7758 7659 7759
f 7749 7752 7778
f 7758 7759 7760
f 7759 7761 7760
f 7759 7763 7761
f 7761 7763 7762
f 7583 7764 7747
f 7663 7664 7773
f 7663 7773 7764
f 7664 7665 7774
f 7665 7666 7774
f 7666 7667 7774
f 7667 7668 7774
f 7664 7774 7773
f 7668 7765 7774
f 7655 7758 7765
f 7659 7672 7759
f 7655 7765 7668
f 7672 7766 7759
f 7758 7760 7765
f 7760 7761 7767
f 7761 7762 7768
f 7762 7763 7769
f 7759 7770 7763
f 7765 7760 7767
f 7761 7768 7767
f 7762 7769 7768
f 7763 7770 7769
f 7759 7766 7770
f 7669 7670 7816
f 7670 7701 7816
f 7669 7816 7671
f 7671 7816 7672
f 7652 7771 7772
f 7652 7772 7805
f 7771 7773 7772
f 7748 7805 7806
f 7748 7806 7753
f 7753 7807 7755
f 7750 7755 7808
f 7750 7815 7752
f 7753 7806 7807
f 7755 7809 7808
f 7750 7808 7815
f 7764 7773 7771
f 7765 7767 7774
f 7772 7773 7774
f 7774 7767 7810
f 7810 7767 7811
f 7811 7767 7768
f 7812 7768 7769
f 7769 7770 7814
f 7672 7816 7766
f 7766 7813 7770
f 7766 7816 7813
f 7690 7749 7777
f 7691 7775 7776
f 7690 7777 7775
f 7691 7776 7703
f 7699 7779 7700
f 7700 7780 7702
f 7699 7703 7776
f 7779 7776 7775
f 7701 7702 7816
f 7699 7776 7779
f 7700 7779 7780
f 7749 7778 7777
f 7777 7779 7775
f 7752 7815 7778
f 7777 7778 7780
f 7702 7780 7816
f 7777 7780 7779
f 7502 7784 7503
f 7503 7786 7504
f 7503 7784 7786
f 7504 7786 7789
f 7504 7789 7796
f 7504 7796 7505
f 7494 7782 7829
f 7781 7783 7782
f 7781 7800 7783
f 7782 7783 7804
f 7781 7799 7800
f 7782 7804 7801
f 7783 7800 7802
f 7783 7802 7803
f 7783 7803 7804
f 7782 7801 7829
f 7781 7848 7799
f 7799 7848 7822
f 7494 7829 7855
f 7786 7784 7785
f 7786 7785 7787
f 7786 7787 7788
f 7786 7788 7789
f 7788 7787 7795
f 7589 7795 7787
f 7789 7788 7795
f 7789 7795 7796
f 7589 7790 7795
f 7589 7797 7790
f 7793 7796 7795
f 7793 7817 7796
f 7791 7792 7817
f 7791 7794 7790
f 7791 7790 7792
f 7793 7795 7790
f 7793 7790 7794
f 7793 7794 7817
f 7791 7817 7794
f 7792 7790 7817
f 7799 7822 7800
f 7800 7822 7818
f 7800 7818 7802
f 7802 7818 7803
f 7801 7804 7829
f 7803 7829 7804
f 7803 7818 7824
f 7803 7824 7829
f 7772 7774 7805
f 7805 7810 7806
f 7807 7809 7755
f 7806 7811 7807
f 7807 7812 7809
f 7809 7814 7808
f 7808 7813 7815
f 7774 7810 7805
f 7806 7810 7811
f 7815 7813 7816
f 7811 7768 7812
f 7812 7769 7814
f 7770 7813 7814
f 7807 7811 7812
f 7812 7814 7809
f 7808 7814 7813
f 7589 7826 7797
f 7778 7815 7816
f 7778 7816 7780
f 7796 7817 7824
f 7790 7818 7817
f 7817 7822 7824
f 7817 7823 7822
f 7817 7820 7823
f 7817 7818 7820
f 7790 7826 7818
f 7819 7821 7823
f 7819 7823 7820
f 7819 7820 7818
f 7819 7818 7821
f 7821 7818 7823
f 7822 7823 7818
f 7818 7826 7824
f 7796 7824 7827
f 7790 7797 7826
f 7796 7827 7798
f 7798 7828 7825
f 7824 7826 7827
f 7798 7827 7828
f 7756 7757 7992
f 7589 7756 7992
f 7589 7992 7826
f 7830 7831 7103
f 7832 7833 7836
f 7505 7834 7510
f 7510 7834 7835
f 7505 7796 7834
f 7796 7847 7834
f 7835 7834 7847
f 7835 7847 7832
f 7796 7838 7847
f 7510 7835 7511
f 7511 7836 7512
f 7781 7837 7848
f 7511 7835 7836
f 7512 7836 7837
f 7835 7832 7836
f 7836 7833 7837
f 7833 7848 7837
f 7824 7848 7843
f 7832 7847 7838
f 7832 7838 7841
f 7839 7928 7844
f 7841 7838 7839
f 7841 7839 7844
f 7832 7841 7833
f 7833 7842 7848
f 7841 7842 7833
f 7842 7843 7848
f 7844 7845 7842
f 7844 7929 7845
f 7845 7930 7846
f 7841 7844 7842
f 7842 7845 7843
f 7843 7845 7846
f 7796 7839 7838
f 7796 7928 7839
f 7824 7843 7846
f 7824 7846 7931
f 7500 7940 7840
f 7500 7855 7940
f 7822 7848 7824
f 7824 7854 7829
f 7829 7854 7855
f 7796 7798 7849
f 7798 7825 7851
f 7798 7851 7849
f 7825 7828 7851
f 7828 7827 7852
f 7826 7852 7827
f 7828 7852 7853
f 7826 7850 7852
f 7828 7853 7851
f 7849 7851 7934
f 7851 7936 7934
f 7852 7937 7935
f 7852 7935 7938
f 7853 7938 7936
f 7854 7939 7855
f 7850 7937 7852
f 7851 7853 7936
f 7853 7852 7938
f 7282 7858 7857
f 7282 7857 7859
f 7494 7500 7961
f 4104 7494 7961
f 7856 7962 7858
f 7858 7967 7857
f 7500 7965 7961
f 7674 7992 7680
f 7680 7992 7686
f 7686 7992 7751
f 7751 7992 7757
f 7674 7981 7992
f 7826 7992 8001
f 7826 8001 8079
f 7500 7840 7965
f 7104 8051 7840
f 7857 7966 7859
f 7840 8051 7965
f 7482 7859 8042
f 7826 8080 7850
f 7850 8080 7937
f 7826 8079 8080
f 7937 8082 8399
f 7937 8080 8082
f 4787 7861 7860
f 7860 7861 7864
f 7860 7864 7868
f 4791 7862 7861
f 4791 4792 7862
f 4792 7863 7862
f 7861 7865 7864
f 7861 7862 7865
f 7862 7863 7870
f 7862 7870 7865
f 4473 7866 7867
f 7864 7865 7875
f 4797 7869 7872
f 7864 7874 7868
f 7868 7874 7869
f 4797 7872 7873
f 4797 7873 7893
f 7865 7870 7871
f 7864 7875 7874
f 7865 7871 7875
f 5279 7867 5283
f 7863 7906 7870
f 7869 7874 7876
f 7869 7876 7872
f 7872 7876 7879
f 7873 7879 7895
f 7872 7879 7873
f 7874 7875 7877
f 7875 7871 7878
f 7874 7877 7876
f 7875 7878 7877
f 7876 7880 7879
f 7876 7877 7880
f 7877 7881 7880
f 7879 7880 7896
f 7877 7878 7881
f 7880 7881 7897
f 7870 7906 7871
f 7889 7898 7890
f 7885 7929 7884
f 7889 7887 7901
f 7883 7901 7887
f 7885 7883 7887
f 7885 7884 7883
f 7885 7930 7929
f 7885 7886 7930
f 7886 7892 7931
f 7889 7890 7888
f 7890 7902 7891
f 7889 7888 7887
f 7890 7891 7888
f 7885 7887 7886
f 7886 7888 7892
f 7887 7888 7886
f 7888 7891 7892
f 7893 7895 7898
f 7873 7895 7893
f 7893 7898 7894
f 7889 7894 7898
f 7889 7901 7894
f 7883 7905 7901
f 7879 7896 7895
f 7880 7897 7896
f 7895 7899 7898
f 7895 7896 7899
f 7896 7897 7900
f 7896 7900 7899
f 7898 7899 7890
f 7890 7899 7902
f 7899 7900 7902
f 7867 7882 7911
f 7900 7906 7902
f 7928 7905 7884
f 7884 7905 7883
f 7104 7918 7882
f 7931 7892 7917
f 7891 7902 7917
f 7892 7891 7917
f 7104 7948 7918
f 5269 7893 7905
f 7863 5282 7903
f 5283 7867 7904
f 7863 7903 7906
f 7871 7906 7878
f 7878 7906 7881
f 7867 7911 7904
f 5213 7905 7907
f 5282 5283 7904
f 5282 7904 7903
f 5215 7907 7909
f 5214 7909 7908
f 5214 7908 7910
f 7903 7904 7911
f 7903 7911 7906
f 7893 7894 7905
f 7894 7901 7905
f 7881 7906 7897
f 7897 7906 7900
f 7882 7918 7911
f 7902 7906 7917
f 7849 7912 7905
f 7947 7917 7948
f 7905 7914 7907
f 7905 7912 7914
f 7906 7911 7918
f 7906 7918 7917
f 7909 7913 7908
f 7907 7915 7909
f 7908 7920 7910
f 7907 7914 7915
f 7909 7915 7913
f 7908 7913 7920
f 7912 7921 7914
f 7912 7916 7921
f 7948 7917 7918
f 7913 7915 7919
f 7913 7919 7920
f 7914 7921 7922
f 7915 7922 7919
f 7914 7922 7915
f 7920 7919 7957
f 4427 8115 7866
f 7866 8119 7867
f 4427 5644 8115
f 7923 7924 8120
f 7866 8115 8119
f 7924 7925 8121
f 7867 8132 7882
f 7104 7882 7959
f 7867 8119 8132
f 7925 7926 8133
f 7882 8132 7959
f 7926 7927 8136
f 5216 7910 8185
f 7910 7920 8260
f 7920 7957 8448
f 7910 8247 8185
f 7910 8260 8247
f 7920 8447 8259
f 7920 8259 8260
f 7920 8448 8447
f 7844 7928 7929
f 7928 7884 7929
f 7796 7905 7928
f 7845 7929 7930
f 7846 7930 7931
f 7886 7931 7930
f 7104 7840 7933
f 7824 7931 7917
f 7796 7849 7905
f 7824 7917 7854
f 7840 7940 7933
f 7104 7933 7948
f 7854 7917 7947
f 7941 7946 7934
f 7849 7946 7916
f 7941 7943 7952
f 7943 7953 7952
f 7854 7947 7932
f 7939 7932 7940
f 7940 7932 7933
f 7943 7945 7953
f 7942 7944 7954
f 7942 7955 7945
f 7942 7954 7955
f 7944 7956 7954
f 7945 7955 7953
f 7941 7934 7936
f 7849 7934 7946
f 7941 7936 7943
f 7855 7939 7940
f 7942 7935 7937
f 7854 7932 7939
f 7942 7945 7935
f 7942 7937 7944
f 7943 7938 7945
f 7936 7938 7943
f 7938 7935 7945
f 7849 7916 7912
f 7946 7953 7949
f 7947 7933 7932
f 7947 7948 7933
f 7949 7955 7951
f 7951 7954 7950
f 7919 7950 7956
f 7941 7952 7946
f 7946 7952 7953
f 7949 7953 7955
f 7956 7950 7954
f 7951 7955 7954
f 7916 7946 7949
f 7916 7949 7921
f 7921 7949 7951
f 7919 7956 7957
f 7922 7951 7950
f 7921 7951 7922
f 7919 7922 7950
f 7944 8405 7956
f 7956 8365 8366
f 7956 8405 8365
f 7944 7937 8399
f 7944 8399 8406
f 7944 8406 8405
f 7957 7956 8433
f 7957 8434 8427
f 7957 8433 8434
f 7956 8366 8436
f 7956 8435 8433
f 7956 8436 8435
f 7957 8427 8428
f 7957 8428 8446
f 7957 8446 8448
f 3743 5609 8198
f 8009 5605 5604
f 8009 5608 5605
f 7958 7966 7967
f 7958 8042 7966
f 3743 8279 8156
f 3743 8156 8158
f 5639 5647 7958
f 5647 8116 7958
f 8116 8120 7958
f 7958 8120 8121
f 7958 8136 7960
f 7958 8133 8136
f 7958 7960 8042
f 7958 8121 8133
f 7960 8136 7927
f 3743 8198 8276
f 3743 8276 8279
f 8009 8154 5608
f 7958 7967 7962
f 4104 7961 7976
f 7858 7962 7967
f 4125 7968 7963
f 7964 7968 7969
f 7963 7968 7964
f 7964 7969 7974
f 7857 7967 7966
f 7961 7965 7996
f 4125 8048 7968
f 7968 8044 7969
f 7968 8048 8044
f 7969 8044 8046
f 4053 8069 8097
f 4053 8073 8069
f 4053 8372 8073
f 4053 8369 8372
f 7961 7996 7976
f 4123 7970 7971
f 4126 7964 7974
f 4124 7972 7970
f 4132 7985 7972
f 4123 7971 7975
f 4126 7974 7973
f 4127 7975 7988
f 4125 7973 8048
f 7972 7985 7988
f 7970 7975 7971
f 7970 7972 7975
f 7972 7988 7975
f 7973 7974 7994
f 4139 7977 7978
f 4139 7978 7985
f 4127 7988 7979
f 7988 7989 7979
f 7979 7991 7980
f 7981 7982 7993
f 7976 7996 7977
f 7985 7978 7983
f 7996 7978 7977
f 7985 7983 7984
f 7978 7997 7983
f 7984 7983 7986
f 7985 7984 7989
f 7983 7987 7986
f 7978 7998 7997
f 7983 7997 7987
f 7986 7987 7990
f 7984 7986 7990
f 7987 7997 7999
f 7979 7989 7990
f 7979 7990 7999
f 7985 7989 7988
f 7984 7990 7989
f 7979 7999 7991
f 7987 7999 7990
f 7981 8001 7992
f 7981 7993 8001
f 7969 7995 7974
f 7974 7995 7994
f 7973 7994 8048
f 7969 8075 7995
f 7978 8004 7998
f 7996 8004 7978
f 7997 7998 8000
f 7997 8000 7999
f 7991 7999 8000
f 7998 8007 8000
f 7993 8002 8001
f 7993 8003 8002
f 7996 8005 8004
f 8006 8004 8005
f 7998 8004 8007
f 8001 8002 8079
f 8006 8007 8004
f 8002 8008 8079
f 8002 8003 8008
f 4053 8097 8032
f 4152 8032 8010
f 8009 8011 8016
f 8010 8017 8012
f 8011 8013 8018
f 8012 8019 8022
f 8010 8032 8015
f 8009 8016 8014
f 8011 8018 8016
f 8012 8017 8019
f 8013 8026 8018
f 8010 8015 8017
f 8013 8020 8026
f 7980 7991 8021
f 8021 8027 8020
f 8022 8028 8024
f 8024 8029 8023
f 7982 8025 7993
f 8023 8030 8025
f 8026 8020 8027
f 8021 7991 8027
f 8022 8019 8028
f 8023 8029 8030
f 8024 8028 8029
f 8025 8030 7993
f 8014 8033 8031
f 8015 8032 8034
f 8014 8016 8033
f 8015 8034 8017
f 8018 8026 8035
f 8016 8018 8036
f 8017 8037 8019
f 8016 8036 8033
f 8017 8034 8037
f 8018 8035 8036
f 8019 8037 8039
f 8031 8033 8095
f 8032 8096 8034
f 8033 8036 8098
f 8034 8099 8037
f 7991 8000 8027
f 8026 8027 8038
f 8019 8039 8028
f 8028 8040 8029
f 8027 8000 8007
f 8027 8007 8038
f 8026 8038 8035
f 8030 8029 8041
f 8030 8041 8003
f 8030 8003 7993
f 8028 8039 8040
f 8029 8040 8041
f 8003 8041 8008
f 7859 7966 8042
f 8043 8052 8053
f 7965 8051 8085
f 8043 8045 8047
f 8044 8045 8046
f 8044 8048 8045
f 8045 8048 8047
f 7969 8046 8061
f 7969 8087 8075
f 8043 8047 8062
f 8043 8053 8045
f 8045 8053 8046
f 8046 8053 8057
f 8046 8057 8061
f 8047 8048 8049
f 8047 8049 8062
f 8048 8050 8049
f 7969 8061 8059
f 8048 8074 8050
f 7969 8059 8087
f 8050 8074 8058
f 7482 8042 7960
f 8054 8053 8052
f 8054 8055 8053
f 8043 8151 8052
f 8055 8067 8053
f 8055 8345 8067
f 8051 8396 8085
f 8043 8062 8063
f 8049 8065 8062
f 8050 8056 8065
f 8053 8067 8066
f 8053 8066 8057
f 8056 8057 8066
f 8049 8050 8065
f 8050 8060 8056
f 8050 8058 8060
f 8058 8059 8060
f 8056 8060 8057
f 8060 8061 8057
f 8060 8059 8061
f 8043 8063 8342
f 8063 8062 8064
f 8064 8062 8067
f 8062 8065 8067
f 8056 8066 8065
f 8065 8066 8067
f 8064 8067 8345
f 4053 8380 8369
f 4053 8158 8380
f 8009 8014 8154
f 8014 8031 8155
f 8031 8094 8155
f 8094 8068 8379
f 8068 8105 8071
f 8069 8072 8106
f 8068 8071 8070
f 8069 8073 8072
f 8068 8070 8379
f 8105 8111 8071
f 8070 8071 8371
f 7965 8085 7996
f 7994 7995 8074
f 7994 8074 8048
f 7995 8075 8074
f 7996 8085 8005
f 8006 8005 8085
f 8007 8076 8078
f 8075 8087 8086
f 8074 8075 8086
f 8006 8077 8076
f 8006 8085 8077
f 8076 8090 8078
f 8006 8076 8007
f 8008 8082 8079
f 8079 8082 8080
f 8008 8081 8082
f 8008 8083 8081
f 8081 8083 8084
f 8058 8074 8086
f 8058 8086 8087
f 8058 8087 8059
f 8077 8088 8089
f 8085 8088 8077
f 8076 8077 8090
f 8077 8089 8090
f 8088 8396 8089
f 8089 8397 8091
f 8091 8398 8092
f 8085 8396 8088
f 8089 8091 8090
f 8091 8092 8090
f 8093 8400 8399
f 8082 8081 8399
f 8081 8093 8399
f 8081 8084 8093
f 8031 8095 8094
f 8032 8097 8096
f 8033 8098 8095
f 8034 8096 8099
f 8036 8035 8100
f 8038 8101 8035
f 8037 8102 8039
f 8036 8100 8098
f 8035 8101 8100
f 8038 8078 8101
f 8037 8099 8102
f 8094 8095 8105
f 8097 8106 8096
f 8095 8098 8108
f 8094 8105 8068
f 8105 8095 8108
f 8096 8106 8109
f 8097 8069 8106
f 8098 8100 8107
f 8101 8110 8100
f 8096 8109 8099
f 8099 8112 8102
f 8078 8090 8101
f 8038 8007 8078
f 8040 8039 8103
f 8008 8041 8083
f 8041 8040 8104
f 8040 8103 8104
f 8039 8102 8103
f 8041 8104 8083
f 8083 8104 8084
f 8098 8107 8108
f 8105 8108 8111
f 8100 8110 8107
f 8101 8090 8110
f 8099 8109 8112
f 8102 8113 8103
f 8103 8113 8114
f 8102 8112 8113
f 8106 8410 8109
f 8072 8410 8106
f 8108 8107 8409
f 8110 8411 8107
f 8109 8413 8112
f 8111 8108 8409
f 8110 8092 8398
f 8107 8411 8409
f 8110 8398 8411
f 8109 8410 8413
f 8110 8090 8092
f 8114 8113 8414
f 8113 8112 8412
f 8093 8114 8400
f 8084 8104 8093
f 8104 8103 8114
f 8104 8114 8093
f 7923 8120 8116
f 6404 8118 8117
f 6404 6405 8118
f 7924 8121 8120
f 5644 6937 8115
f 6405 8125 8118
f 6405 8123 8125
f 8117 8118 8127
f 8118 8125 8127
f 6939 8117 8159
f 8122 8125 8123
f 8122 6941 8160
f 8117 8128 8159
f 8122 8124 8125
f 8122 8160 8124
f 8124 8160 8125
f 8127 8125 8162
f 8115 8170 8119
f 8117 8127 8126
f 8117 8126 8128
f 8126 8140 8139
f 8126 8139 8164
f 8126 8127 8140
f 8127 8142 8140
f 8126 8164 8128
f 8128 8164 8165
f 8127 8129 8165
f 8127 8165 8142
f 8128 8165 8129
f 8142 8165 8164
f 8130 5608 8154
f 8130 8191 5612
f 8131 8130 8154
f 7926 8136 8133
f 7925 8133 8121
f 8055 8137 8138
f 8134 8138 8137
f 8134 8135 8138
f 8054 8149 8137
f 8119 8251 8132
f 8139 8134 8141
f 8139 8140 8135
f 8139 8135 8134
f 8140 8144 8135
f 8139 8141 8164
f 8141 8142 8164
f 8140 8142 8144
f 8141 8134 8143
f 7959 8132 8417
f 8134 8137 8143
f 8137 8147 8143
f 8135 8146 8138
f 8135 8144 8146
f 8137 8149 8147
f 8054 8151 8149
f 8145 8150 8353
f 8353 8150 8152
f 8145 8353 8354
f 8138 8146 8354
f 8145 8354 8146
f 8143 8147 8148
f 8147 8149 8148
f 8143 8148 8144
f 8144 8148 8145
f 8144 8145 8146
f 8148 8149 8150
f 8145 8148 8150
f 8149 8151 8150
f 8150 8151 8152
f 8151 8355 8152
f 8014 8277 8154
f 8131 8154 8153
f 8155 8157 8301
f 8157 8381 8301
f 6937 8168 8115
f 6939 8159 8160
f 8125 8160 8162
f 8159 8162 8160
f 8159 8166 8161
f 8159 8161 8162
f 8161 8166 8162
f 8115 8168 8170
f 8128 8166 8159
f 8127 8162 8129
f 8128 8129 8167
f 8163 8187 8264
f 8163 8264 8229
f 8128 8167 8166
f 8129 8162 8167
f 8163 8176 8187
f 8166 8167 8162
f 8163 8171 8176
f 8163 8229 8171
f 8229 8234 8171
f 6937 6942 8169
f 6937 8169 8168
f 8168 8169 8175
f 6948 8183 8182
f 6947 8185 8186
f 8171 8172 8176
f 8172 8173 8178
f 8169 8182 8175
f 8174 8175 8182
f 8174 8182 8177
f 8168 8175 8184
f 8174 8180 8175
f 8173 8175 8180
f 8172 8178 8176
f 8173 8180 8179
f 8173 8179 8178
f 8174 8181 8180
f 8174 8177 8181
f 8171 8235 8172
f 8172 8236 8173
f 8171 8234 8235
f 8172 8235 8236
f 8168 8184 8170
f 8173 8184 8175
f 8173 8236 8237
f 8173 8237 8184
f 8182 8183 8177
f 8131 8191 8130
f 8131 8189 8192
f 8189 8190 8195
f 8131 8192 8191
f 8187 8196 8188
f 8187 8193 8196
f 8193 8201 8196
f 8189 8194 8192
f 8189 8195 8194
f 8190 8197 8195
f 8190 8188 8197
f 8188 8196 8197
f 8197 8196 8203
f 8187 8188 8264
f 8131 8267 8189
f 8189 8267 8190
f 8190 8268 8188
f 8188 8265 8264
f 8131 8266 8267
f 8190 8267 8268
f 8188 8268 8265
f 8192 8200 8191
f 8192 8194 8200
f 8191 8200 8199
f 8187 8176 8193
f 8196 8201 8203
f 8193 8176 8201
f 8205 8203 8201
f 8194 8195 8202
f 8195 8197 8202
f 8194 8202 8200
f 8197 8203 8202
f 8199 8200 8204
f 8200 8212 8204
f 8204 8212 8211
f 8205 8201 8176
f 8205 8208 8203
f 8205 8176 8207
f 8205 8207 8208
f 8200 8202 8206
f 8202 8203 8208
f 8202 8208 8206
f 8200 8206 8212
f 8212 8218 8210
f 8211 8212 8210
f 8206 8208 8214
f 8206 8215 8212
f 8206 8214 8215
f 8207 8176 8213
f 8207 8213 8214
f 8207 8214 8208
f 8215 8218 8212
f 8214 8216 8215
f 8176 8216 8213
f 8213 8216 8214
f 8176 8178 8216
f 8210 8218 8217
f 8219 8217 8218
f 8177 8183 8221
f 8219 8220 8221
f 8177 8221 8220
f 8181 8177 8220
f 8219 8218 8220
f 8216 8179 8222
f 8215 8216 8222
f 8220 8218 8222
f 8179 8180 8222
f 8215 8222 8218
f 8216 8178 8179
f 8181 8220 8222
f 8181 8222 8180
f 8119 8170 8251
f 8141 8230 8142
f 8142 8231 8144
f 8141 8143 8232
f 8143 8144 8232
f 8141 8232 8230
f 8230 8232 8231
f 8229 8264 8240
f 8142 8230 8231
f 8229 8240 8234
f 8144 8231 8233
f 8144 8233 8232
f 8231 8232 8233
f 8132 8251 8417
f 8251 8423 8422
f 8417 8251 8422
f 8423 8255 8421
f 8255 8257 8424
f 8234 8240 8235
f 8235 8241 8236
f 8170 8184 8238
f 8237 8238 8184
f 8170 8238 8245
f 8238 8239 8244
f 8236 8242 8237
f 8237 8243 8238
f 8238 8243 8239
f 8235 8240 8241
f 8236 8241 8242
f 8237 8242 8243
f 8239 8243 8246
f 8170 8245 8254
f 8238 8244 8245
f 8239 8246 8244
f 8170 8254 8251
f 8244 8256 8245
f 8244 8246 8256
f 8185 8248 8249
f 8185 8249 8186
f 8185 8247 8248
f 8248 8247 8261
f 8248 8250 8249
f 8248 8261 8250
f 8252 8256 8253
f 8251 8254 8252
f 8252 8254 8245
f 8252 8245 8256
f 8256 8255 8253
f 8251 8252 8423
f 8423 8252 8253
f 8423 8253 8255
f 8259 8262 8261
f 8259 8247 8260
f 8259 8261 8247
f 8259 8447 8262
f 8261 8262 8263
f 8131 8153 8266
f 8265 8268 8271
f 8153 8154 8278
f 8153 8274 8266
f 8267 8266 8274
f 8267 8272 8268
f 8153 8275 8274
f 8153 8278 8275
f 8264 8265 8269
f 8265 8271 8269
f 8269 8271 8270
f 8271 8282 8270
f 8268 8272 8271
f 8267 8273 8272
f 8267 8274 8273
f 8271 8272 8282
f 8272 8273 8284
f 8273 8274 8284
f 8272 8284 8282
f 8274 8285 8284
f 8274 8275 8285
f 8275 8278 8285
f 8285 8278 8297
f 8154 8277 8278
f 8278 8277 8297
f 8277 8303 8297
f 8276 8294 8279
f 8264 8269 8240
f 8270 8282 8280
f 8280 8282 8283
f 8269 8270 8240
f 8280 8283 8281
f 8270 8280 8240
f 8283 8289 8281
f 8276 8209 8294
f 8282 8284 8286
f 8282 8286 8283
f 8284 8285 8287
f 8285 8297 8287
f 8284 8287 8286
f 8283 8286 8295
f 8287 8297 8298
f 8280 8281 8240
f 8288 8240 8281
f 8288 8281 8289
f 8288 8292 8291
f 8288 8289 8292
f 8288 8291 8240
f 8291 8290 8240
f 8291 8312 8290
f 8291 8292 8312
f 8209 8223 8294
f 8294 8223 8320
f 8283 8295 8289
f 8289 8293 8292
f 8289 8295 8293
f 8292 8293 8316
f 8286 8296 8295
f 8286 8287 8296
f 8287 8298 8296
f 8296 8298 8300
f 8295 8319 8293
f 8295 8296 8319
f 8296 8300 8319
f 8198 8209 8276
f 8297 8303 8298
f 8298 8303 8300
f 8294 8299 8279
f 8294 8320 8299
f 8300 8304 8328
f 8300 8303 8304
f 8299 8320 8305
f 8155 8303 8277
f 8155 8301 8303
f 8156 8299 8302
f 8156 8279 8299
f 8158 8302 8452
f 8381 8306 8301
f 8381 8453 8306
f 8302 8307 8452
f 8156 8302 8158
f 8303 8301 8304
f 8299 8305 8302
f 8304 8301 8306
f 8305 8307 8302
f 8306 8308 8334
f 8304 8306 8334
f 8309 8308 8455
f 8453 8308 8306
f 8454 8307 8337
f 8309 8458 8257
f 8337 8338 8459
f 8290 8310 8240
f 8240 8310 8311
f 8290 8313 8310
f 8311 8310 8314
f 8240 8311 8315
f 8310 8313 8314
f 8290 8312 8313
f 8311 8314 8315
f 8240 8315 8241
f 8223 8224 8320
f 8292 8316 8312
f 8312 8317 8313
f 8312 8316 8317
f 8293 8318 8316
f 8293 8319 8318
f 8319 8328 8318
f 8313 8321 8314
f 8314 8322 8315
f 8313 8317 8321
f 8317 8316 8323
f 8323 8316 8318
f 8323 8318 8327
f 8319 8300 8328
f 8224 8225 8320
f 8225 8326 8320
f 8241 8315 8322
f 8241 8322 8242
f 8314 8321 8322
f 8317 8325 8321
f 8242 8322 8324
f 8321 8324 8322
f 8321 8325 8324
f 8317 8323 8325
f 8323 8329 8325
f 8242 8324 8243
f 8243 8324 8330
f 8324 8325 8331
f 8318 8328 8327
f 8329 8327 8334
f 8304 8327 8328
f 8305 8320 8326
f 8304 8334 8327
f 8329 8334 8335
f 8323 8327 8329
f 8325 8329 8331
f 8329 8335 8331
f 8330 8331 8335
f 8324 8331 8330
f 8243 8330 8246
f 8246 8330 8256
f 8330 8335 8256
f 8305 8326 8336
f 8225 8226 8326
f 8226 8332 8326
f 8226 8228 8332
f 8186 8333 8227
f 8227 8333 8228
f 8228 8333 8332
f 8186 8249 8333
f 8333 8340 8332
f 8326 8332 8336
f 8333 8341 8340
f 8336 8332 8340
f 8249 8250 8333
f 8333 8250 8261
f 8333 8261 8341
f 8308 8335 8334
f 8309 8256 8335
f 8309 8255 8256
f 8305 8336 8307
f 8336 8340 8337
f 8309 8335 8308
f 8309 8257 8255
f 8307 8336 8337
f 8341 8339 8338
f 8340 8338 8337
f 8258 8339 8263
f 8341 8338 8340
f 8341 8261 8263
f 8341 8263 8339
f 7959 8357 8051
f 8054 8137 8055
f 8054 8052 8151
f 8055 8138 8345
f 8043 8342 8151
f 8063 8343 8342
f 8064 8344 8343
f 8342 8343 8347
f 8343 8344 8347
f 8064 8345 8344
f 8138 8354 8345
f 8353 8345 8354
f 8353 8347 8344
f 8342 8347 8346
f 8346 8347 8349
f 8151 8342 8346
f 8346 8349 8348
f 8353 8344 8345
f 8051 8357 8396
f 8063 8064 8343
f 7959 8417 8357
f 8353 8152 8347
f 8151 8348 8355
f 8152 8356 8349
f 8151 8346 8348
f 8152 8349 8347
f 8152 8355 8356
f 8355 8348 8419
f 8356 8444 8349
f 8348 8360 8419
f 8348 8349 8359
f 8348 8359 8360
f 8357 8402 8401
f 8396 8357 8401
f 8402 8358 8350
f 8402 8359 8358
f 8357 8359 8402
f 8350 8358 8361
f 8351 8361 8352
f 8350 8361 8351
f 8352 8361 8362
f 8358 8359 8366
f 8349 8436 8359
f 8349 8437 8436
f 8349 8439 8437
f 8358 8366 8361
f 8357 8360 8359
f 8349 8444 8439
f 8363 8362 8361
f 8363 8418 8364
f 8363 8361 8441
f 8363 8364 8362
f 8365 8407 8438
f 8366 8365 8438
f 8359 8436 8366
f 8361 8366 8438
f 8361 8438 8440
f 8407 8440 8438
f 8361 8440 8441
f 8408 8367 8440
f 8014 8155 8277
f 8094 8379 8157
f 8094 8157 8155
f 8070 8368 8379
f 8070 8371 8370
f 8070 8370 8368
f 8073 8372 8373
f 8073 8373 8072
f 8071 8111 8374
f 8072 8375 8410
f 8071 8374 8371
f 8072 8373 8375
f 8111 8409 8376
f 8111 8376 8374
f 8368 8370 8387
f 8370 8371 8387
f 8372 8388 8373
f 8371 8389 8387
f 8371 8374 8389
f 8373 8391 8375
f 8369 8388 8372
f 8377 8376 8409
f 8410 8375 8378
f 8374 8376 8390
f 8351 8352 8377
f 8368 8382 8379
f 8368 8387 8382
f 8369 8383 8388
f 8387 8384 8382
f 8369 8380 8383
f 8157 8379 8381
f 8381 8379 8382
f 8452 8383 8380
f 8381 8382 8453
f 8158 8452 8380
f 8388 8383 8386
f 8389 8385 8384
f 8453 8382 8384
f 8454 8386 8383
f 8386 8457 8391
f 8373 8388 8391
f 8374 8390 8389
f 8387 8389 8384
f 8388 8386 8391
f 8375 8391 8393
f 8377 8392 8376
f 8352 8362 8377
f 8375 8393 8378
f 8377 8362 8392
f 8376 8392 8390
f 8378 8393 8394
f 8416 8415 8395
f 8378 8394 8415
f 8389 8390 8385
f 8390 8392 8456
f 8391 8457 8393
f 8364 8392 8362
f 8385 8390 8456
f 8364 8418 8392
f 8392 8418 8456
f 8393 8461 8394
f 8415 8394 8395
f 8408 8416 8367
f 8416 8395 8367
f 8089 8396 8397
f 8091 8397 8398
f 8402 8398 8397
f 8399 8400 8403
f 8401 8402 8397
f 8396 8401 8397
f 8402 8350 8398
f 8399 8404 8406
f 8350 8351 8398
f 8403 8407 8404
f 8399 8403 8404
f 8404 8407 8406
f 8405 8406 8365
f 8365 8406 8407
f 8408 8440 8407
f 8112 8413 8412
f 8377 8409 8411
f 8351 8411 8398
f 8410 8378 8413
f 8113 8412 8414
f 8114 8414 8400
f 8400 8414 8403
f 8351 8377 8411
f 8416 8414 8412
f 8403 8414 8407
f 8415 8412 8413
f 8416 8412 8415
f 8378 8415 8413
f 8416 8407 8414
f 8408 8407 8416
f 8355 8419 8356
f 8356 8419 8427
f 8417 8360 8357
f 8417 8419 8360
f 8356 8430 8444
f 8363 8424 8418
f 8424 8425 8418
f 8363 8431 8424
f 8422 8423 8421
f 8420 8419 8421
f 8417 8421 8419
f 8417 8422 8421
f 8420 8427 8419
f 8356 8427 8429
f 8356 8429 8430
f 8420 8424 8428
f 8255 8420 8421
f 8424 8426 8425
f 8255 8424 8420
f 8257 8426 8424
f 8434 8443 8429
f 8429 8443 8444
f 8420 8428 8427
f 8424 8449 8428
f 8424 8450 8449
f 8434 8429 8427
f 8429 8444 8430
f 8424 8431 8450
f 8431 8432 8451
f 8431 8445 8432
f 8436 8437 8435
f 8437 8439 8435
f 8433 8435 8434
f 8434 8439 8443
f 8434 8435 8439
f 8443 8439 8444
f 8363 8441 8431
f 8445 8441 8442
f 8440 8442 8441
f 8367 8442 8440
f 8431 8441 8445
f 8428 8449 8446
f 8446 8449 8450
f 8447 8446 8450
f 8447 8448 8446
f 8447 8450 8262
f 8258 8450 8451
f 8262 8450 8263
f 8258 8263 8450
f 8431 8451 8450
f 8452 8454 8383
f 8453 8384 8455
f 8452 8307 8454
f 8385 8458 8455
f 8454 8459 8386
f 8384 8385 8455
f 8385 8456 8458
f 8418 8425 8456
f 8456 8425 8458
f 8386 8459 8457
f 8457 8460 8461
f 8453 8455 8308
f 8309 8455 8458
f 8454 8337 8459
f 8425 8426 8458
f 8257 8458 8426
f 8338 8460 8459
f 8457 8459 8460
f 8461 8463 8462
f 8445 8462 8463
f 8461 8460 8463
f 8432 8445 8463
f 8393 8457 8461
f 8395 8394 8462
f 8395 8462 8442
f 8394 8461 8462
f 8445 8442 8462
f 8367 8395 8442
f 8338 8339 8460
f 8339 8463 8460
f 8258 8451 8463
f 8258 8463 8339
f 8432 8463 8451
f 2202 1202 1200
f 1244 1236 1201
f 2222 1203 1202
f 2222 1204 1203
f 2202 2222 1202
f 1244 1201 1204
f 1210 1234 1235
f 1210 1235 1219
f 1210 1221 1222
f 1210 1219 1221
f 1210 1222 1211
f 1211 1222 1225
f 1211 1227 1228
f 1211 1225 1227
f 1211 1228 1215
f 1215 1228 1229
f 1213 1212 1232
f 1213 1233 1210
f 1210 1233 1234
f 1213 1232 1233
f 1255 1223 1220
f 1255 1224 1223
f 1248 1230 1226
f 1248 1226 1224
f 1251 1231 1230
f 1251 1240 1231
f 1255 1220 1237
f 1244 1237 1236
f 1215 1229 1238
f 1215 1238 1216
f 1216 1238 1239
f 1216 1239 1217
f 1217 1239 1242
f 1217 1242 2120
f 1265 1241 1240
f 1266 1243 1241
f 1273 2152 1243
f 2222 1244 1204
f 1244 1245 1255
f 2222 2223 1244
f 1245 1246 1256
f 2223 1245 1244
f 2223 2224 1245
f 2224 1246 1245
f 1257 1246 1247
f 2225 1247 1246
f 1255 1248 1224
f 1248 1251 1230
f 1244 1255 1237
f 1251 1265 1240
f 1265 1266 1241
f 1266 1273 1243
f 1248 1256 1249
f 1248 1249 1251
f 1251 1252 1265
f 1251 1249 1252
f 1249 1250 1252
f 1250 1253 1252
f 1250 1259 1253
f 1259 1254 1253
f 1252 1253 1267
f 1253 1254 1269
f 1255 1256 1248
f 1255 1245 1256
f 1256 1246 1257
f 1256 1257 1249
f 1257 1250 1249
f 1250 1258 1259
f 1257 1258 1250
f 1257 1247 1258
f 1258 1247 2230
f 1258 2230 1260
f 1258 1260 1259
f 1259 1260 1262
f 1259 1262 1254
f 1262 1261 1254
f 1254 1261 1270
f 1262 1260 2266
f 1262 2266 1263
f 1261 1264 1277
f 1262 1263 1261
f 1263 2270 1264
f 1263 1264 1261
f 1279 1264 2271
f 1265 1267 1266
f 1267 1268 1266
f 1265 1252 1267
f 1253 1269 1267
f 1267 1269 1268
f 1269 1270 1271
f 1254 1270 1269
f 1269 1271 1268
f 1270 1272 1271
f 1270 1277 1272
f 1266 1268 1273
f 1273 1274 2179
f 1273 1268 1274
f 1268 1271 1274
f 1271 1275 1274
f 1271 1272 1275
f 1272 1278 1276
f 1275 1272 1276
f 1274 1275 2181
f 1275 1276 2182
f 1261 1277 1270
f 1277 1278 1272
f 1276 1278 1281
f 1276 1281 2183
f 1281 2191 2183
f 1277 1264 1279
f 1277 1279 1278
f 1279 1280 1278
f 1279 2271 2279
f 1279 2279 1280
f 2279 2280 1280
f 1278 1280 1281
f 1280 1282 1281
f 1281 1282 2191
f 1280 2280 1282
f 1282 2280 2283
f 1282 2192 2191
f 1282 2283 2192
f 2192 2283 2559
f 2120 1242 2150
f 2120 2150 2121
f 2121 2150 2151
f 2121 2151 2129
f 2129 2151 2154
f 2129 2154 2147
f 2147 2154 2156
f 2179 2153 2152
f 2180 2155 2153
f 2187 2157 2155
f 2147 2156 2492
f 2492 2156 2501
f 2196 2502 2157
f 1273 2179 2152
f 2179 2180 2153
f 2180 2187 2155
f 2187 2196 2157
f 2196 2572 2502
f 2179 2181 2180
f 2179 1274 2181
f 1275 2182 2181
f 2181 2182 2184
f 1276 2183 2182
f 2182 2183 2185
f 2180 2181 2184
f 2182 2185 2184
f 2180 2184 2187
f 2183 2191 2186
f 2183 2186 2185
f 2191 2193 2186
f 2187 2188 2196
f 2184 2185 2188
f 2187 2184 2188
f 2185 2189 2188
f 2185 2186 2189
f 2186 2193 2190
f 2186 2190 2189
f 2196 2188 2197
f 2188 2189 2197
f 2193 2195 2190
f 2189 2198 2197
f 2190 2198 2189
f 2190 2195 2199
f 2190 2199 2198
f 2195 2563 2199
f 2191 2192 2193
f 2192 2559 2194
f 2192 2194 2193
f 2193 2194 2195
f 2194 2562 2195
f 2196 2197 2572
f 2197 2198 2574
f 2198 2199 2573
f 2197 2574 2572
f 2198 2573 2574
f 2204 1200 2205
f 2201 1200 2203
f 2200 2203 1200
f 2201 2202 1200
f 2200 1200 2204
f 2205 1200 2209
f 2209 1200 2210
f 2210 1200 2211
f 2200 2216 2203
f 2201 2218 2202
f 2201 2203 2226
f 2200 2204 2239
f 2204 2205 2245
f 1213 1210 5288
f 1210 1211 5288
f 1211 1215 5288
f 1215 1216 5288
f 1216 1217 5288
f 1217 2120 5288
f 2211 1200 2212
f 2212 1200 2213
f 2213 1200 5284
f 5284 1200 5285
f 5285 1200 5286
f 5286 1200 5287
f 5287 1200 5291
f 2205 2209 2320
f 2209 2210 2324
f 2210 2211 2350
f 2211 2212 2354
f 2212 2213 2355
f 1213 5842 1212
f 1213 5288 5842
f 2203 2216 2226
f 2202 2218 2222
f 2201 2226 2218
f 2200 2239 2216
f 2204 2245 2239
f 2205 2320 2245
f 2216 2217 2226
f 2226 2217 2227
f 2240 2228 2227
f 2217 2240 2227
f 2240 2241 2228
f 2218 2219 2222
f 2222 2219 2223
f 2223 2220 2224
f 2219 2220 2223
f 2218 2227 2219
f 2219 2228 2220
f 2224 2220 2221
f 2225 2221 2233
f 2224 2225 1246
f 2224 2221 2225
f 2225 2231 1247
f 2231 2230 1247
f 2225 2233 2231
f 2218 2226 2227
f 2219 2227 2228
f 2220 2228 2229
f 2229 2234 2221
f 2220 2229 2221
f 2234 2233 2221
f 2228 2241 2229
f 2229 2249 2234
f 2231 2232 2230
f 2230 2232 2267
f 2267 2232 2236
f 2267 2236 2268
f 2234 2253 2233
f 2233 2253 2235
f 2235 2253 2254
f 2231 2233 2235
f 2231 2235 2232
f 2235 2237 2232
f 2237 2236 2232
f 2236 2238 2268
f 2235 2254 2237
f 2237 2257 2236
f 2236 2257 2238
f 2216 2239 2242
f 2216 2242 2217
f 2217 2242 2243
f 2217 2243 2240
f 2240 2244 2241
f 2239 2246 2242
f 2240 2243 2244
f 2244 2250 2241
f 2250 2249 2241
f 2239 2245 2246
f 2242 2246 2247
f 2245 2321 2246
f 2246 2322 2247
f 2247 2323 2248
f 2242 2247 2243
f 2243 2248 2244
f 2243 2247 2248
f 2244 2252 2250
f 2244 2248 2252
f 2250 2251 2249
f 2250 2328 2251
f 2250 2252 2328
f 2328 2329 2251
f 2251 2329 2261
f 2229 2241 2249
f 2234 2249 2255
f 2234 2255 2253
f 2253 2256 2254
f 2255 2256 2253
f 2249 2251 2255
f 2256 2260 2254
f 2254 2260 2258
f 2237 2254 2258
f 2237 2258 2257
f 2238 2257 2259
f 2258 2263 2257
f 2238 2259 2293
f 2257 2263 2259
f 2255 2251 2261
f 2255 2261 2256
f 2256 2261 2262
f 2256 2262 2260
f 2261 2338 2262
f 2262 2339 2260
f 2260 2339 2264
f 2258 2260 2264
f 2258 2264 2263
f 2259 2263 2265
f 2259 2265 2300
f 2263 2264 2341
f 2263 2341 2265
f 2230 2267 1260
f 2267 2266 1260
f 2266 2269 1263
f 2267 2268 2266
f 2266 2268 2269
f 2269 2275 2270
f 1263 2269 2270
f 2271 2270 2272
f 1264 2270 2271
f 2270 2275 2272
f 2271 2272 2273
f 2269 2268 2274
f 2268 2238 2274
f 2269 2274 2275
f 2238 2293 2274
f 2275 2274 2294
f 2274 2293 2294
f 2275 2294 2277
f 2275 2277 2272
f 2273 2272 2278
f 2277 2278 2272
f 2273 2278 2276
f 2277 2297 2278
f 2276 2278 2298
f 2276 2298 2307
f 2271 2273 2279
f 2273 2281 2279
f 2279 2281 2280
f 2281 2282 2280
f 2273 2276 2281
f 2281 2286 2282
f 2280 2282 2283
f 2283 2282 2284
f 2283 2284 2559
f 2282 2287 2284
f 2284 2285 2559
f 2284 2290 2285
f 2281 2276 2286
f 2286 2287 2282
f 2286 2288 2287
f 2276 2307 2286
f 2286 2307 2288
f 2288 2289 2287
f 2284 2287 2290
f 2287 2289 2290
f 2285 2290 2291
f 2290 2289 2292
f 2290 2292 2291
f 2292 2311 2291
f 2293 2295 2294
f 2277 2294 2296
f 2293 2259 2300
f 2293 2300 2295
f 2294 2295 2296
f 2277 2296 2297
f 2278 2297 2298
f 2298 2299 2307
f 2297 2303 2298
f 2296 2304 2297
f 2297 2304 2303
f 2298 2303 2299
f 2295 2300 2301
f 2295 2302 2296
f 2296 2302 2304
f 2295 2301 2302
f 2265 2386 2300
f 2300 2386 2301
f 2302 2301 2387
f 2303 2304 2390
f 2299 2305 2308
f 2303 2306 2299
f 2299 2306 2305
f 2304 2302 2389
f 2304 2389 2390
f 2303 2390 2306
f 2288 2307 2308
f 2288 2308 2309
f 2288 2309 2289
f 2309 2310 2289
f 2299 2308 2307
f 2309 2314 2310
f 2289 2310 2292
f 2292 2312 2311
f 2292 2310 2312
f 2311 2312 2313
f 2311 2313 2591
f 2310 2315 2312
f 2312 2317 2313
f 2313 2593 2591
f 2308 2316 2309
f 2308 2305 2316
f 2309 2316 2314
f 2314 2315 2310
f 2305 2404 2316
f 2316 2405 2314
f 2314 2406 2315
f 2312 2315 2317
f 2313 2318 2593
f 2313 2317 2318
f 2593 2318 2319
f 2315 2407 2317
f 2317 2408 2318
f 2318 2409 2319
f 2319 2410 2600
f 2209 2324 2320
f 2210 2350 2324
f 2211 2354 2350
f 2212 2355 2354
f 2245 2320 2321
f 2320 2324 2325
f 2246 2321 2322
f 2322 2323 2247
f 2248 2323 2330
f 2320 2325 2321
f 2321 2325 2326
f 2321 2326 2322
f 2322 2327 2323
f 2322 2326 2327
f 2323 2333 2330
f 2248 2330 2252
f 2324 2350 2351
f 2323 2327 2333
f 2324 2351 2325
f 2325 2352 2326
f 2325 2351 2352
f 2326 2353 2327
f 2326 2352 2353
f 2327 2362 2333
f 2327 2353 2362
f 2252 2331 2328
f 2252 2330 2331
f 2328 2332 2329
f 2328 2331 2332
f 2330 2335 2331
f 2332 2334 2329
f 2333 2335 2330
f 2333 2363 2335
f 2331 2335 2336
f 2331 2336 2332
f 2332 2336 2337
f 2332 2337 2334
f 2335 2364 2336
f 2261 2329 2338
f 2262 2338 2340
f 2329 2334 2338
f 2262 2340 2339
f 2338 2344 2340
f 2339 2340 2346
f 2264 2339 2342
f 2264 2342 2341
f 2265 2341 2343
f 2265 2343 2386
f 2339 2346 2342
f 2342 2347 2341
f 2341 2347 2343
f 2338 2334 2344
f 2334 2337 2373
f 2340 2345 2346
f 2344 2345 2340
f 2334 2373 2344
f 2344 2373 2374
f 2344 2374 2345
f 2342 2346 2348
f 2342 2348 2347
f 2343 2347 2395
f 2347 2348 2396
f 2347 2396 2395
f 2346 2345 2349
f 2346 2349 2348
f 2349 2378 2348
f 2348 2378 2396
f 2350 2354 2356
f 2350 2356 2351
f 2351 2357 2352
f 2352 2358 2353
f 2351 2356 2357
f 2352 2357 2358
f 2353 2358 2366
f 2353 2366 2362
f 2354 2355 2359
f 2354 2359 2356
f 2356 2360 2357
f 2357 2361 2358
f 2358 2368 2366
f 2356 2359 2360
f 2357 2360 2361
f 2358 2361 2368
f 2333 2362 2363
f 2362 2367 2363
f 2362 2366 2367
f 2363 2367 2370
f 2335 2363 2364
f 2336 2364 2365
f 2336 2365 2337
f 2365 2375 2337
f 2363 2370 2364
f 2364 2370 2371
f 2364 2371 2365
f 2365 2381 2375
f 2366 2369 2367
f 2366 2368 2369
f 2367 2369 2372
f 2367 2372 2370
f 2370 5310 2371
f 2365 2371 2381
f 2370 2372 5310
f 2371 5310 5317
f 2371 5317 2381
f 2337 2375 2373
f 2345 2374 2377
f 2373 2376 2374
f 2373 2375 2376
f 2375 2382 2376
f 2374 2376 2379
f 2345 2377 2349
f 2349 2377 2380
f 2349 2380 2378
f 2374 2379 2377
f 2377 2379 2384
f 2377 2384 2380
f 2375 2381 2382
f 2376 2383 2379
f 2382 2383 2376
f 2381 5318 2382
f 2381 5317 5318
f 2382 5321 2383
f 2382 5318 5321
f 2379 2383 2385
f 2379 2385 2384
f 2380 2384 2433
f 2384 2385 2435
f 2383 5322 2385
f 2383 5321 5322
f 2385 5322 5364
f 2386 2388 2301
f 2302 2387 2389
f 2301 2388 2387
f 2386 2343 2394
f 2386 2394 2388
f 2388 2400 2387
f 2389 2391 2390
f 2390 2393 2306
f 2305 2306 2392
f 2306 2393 2392
f 2389 2387 2399
f 2389 2399 2391
f 2390 2391 2393
f 2392 2393 2401
f 2343 2395 2394
f 2388 2394 2397
f 2388 2397 2400
f 2395 2398 2394
f 2395 2396 2422
f 2394 2398 2397
f 2395 2422 2398
f 2387 2400 2399
f 2391 2399 2403
f 2391 2402 2393
f 2391 2403 2402
f 2393 2402 2401
f 2400 2427 2399
f 2399 2427 2403
f 2400 2397 2425
f 2400 2425 2427
f 2401 2402 2443
f 2316 2404 2405
f 2305 2392 2404
f 2314 2405 2406
f 2406 2407 2315
f 2405 2404 2413
f 2392 2412 2404
f 2405 2413 2416
f 2405 2416 2406
f 2406 2414 2407
f 2406 2416 2414
f 2414 2415 2407
f 2317 2407 2408
f 2318 2408 2409
f 2409 2410 2319
f 2600 2410 2411
f 2407 2415 2408
f 2408 2417 2409
f 2409 2418 2410
f 2408 2415 2417
f 2409 2417 2418
f 2410 2419 2411
f 2420 2635 2411
f 2404 2412 2413
f 2392 2401 2412
f 2413 2446 2416
f 2412 2445 2413
f 2401 2444 2412
f 2413 2445 2446
f 2416 2447 2414
f 2414 2448 2415
f 2415 2449 2417
f 2414 2447 2448
f 2416 2446 2447
f 2448 2449 2415
f 2410 2418 2419
f 2419 2420 2411
f 2420 2421 2635
f 2417 2451 2418
f 2418 2452 2419
f 2417 2449 2451
f 2418 2451 2452
f 2419 2452 2453
f 2420 2453 2454
f 2419 2453 2420
f 2420 2454 2421
f 2421 2455 2643
f 2456 2644 2643
f 2396 2378 2423
f 2396 2423 2422
f 2398 2426 2397
f 2398 2422 2428
f 2380 2424 2378
f 2378 2424 2423
f 2380 2433 2424
f 2422 2423 2429
f 2422 2429 2428
f 2423 2424 2437
f 2423 2437 2429
f 2397 2426 2425
f 2398 2428 2426
f 2427 2430 2403
f 2402 2403 2450
f 2427 2425 2431
f 2403 2430 2450
f 2425 2426 2432
f 2428 2438 2426
f 2428 2429 2439
f 2425 2432 2431
f 2427 2431 2430
f 2426 2438 2432
f 2384 2435 2433
f 2433 2434 2424
f 2424 2434 2437
f 2433 2436 2434
f 2385 5364 2435
f 2435 5364 5366
f 2433 2435 2436
f 2435 5366 2436
f 2429 2437 2440
f 2429 2440 2439
f 2437 2434 2441
f 2437 2441 2440
f 2428 2439 2438
f 2432 2438 2472
f 2438 2439 2473
f 2439 2440 2474
f 2434 2436 2442
f 2434 2442 2441
f 2436 5366 5370
f 2436 5370 2442
f 2441 2475 2440
f 2441 2442 2476
f 2442 5370 5388
f 2401 2443 2444
f 2402 2450 2443
f 2412 2444 2445
f 2447 2446 2463
f 2447 2467 2448
f 2448 2468 2449
f 2449 2469 2451
f 2444 2464 2445
f 2443 2465 2444
f 2430 2460 2450
f 2430 2431 2462
f 2443 2450 2471
f 2444 2465 2464
f 2443 2471 2465
f 2445 2466 2446
f 2468 2469 2449
f 2445 2464 2466
f 2447 2463 2467
f 2446 2466 2463
f 2448 2467 2468
f 2451 2469 2470
f 2451 2470 2452
f 2452 2477 2453
f 2421 2454 2455
f 2455 2456 2643
f 2456 2457 2644
f 2453 2478 2454
f 2454 2479 2455
f 2452 2470 2477
f 2453 2477 2478
f 2454 2478 2479
f 2455 2479 2480
f 2456 2480 2481
f 2455 2480 2456
f 2456 2481 2457
f 2457 2482 2458
f 2458 2483 2459
f 2432 2461 2431
f 2431 2461 2462
f 2450 2460 2471
f 2430 2462 2460
f 2432 2472 2461
f 2438 2473 2472
f 2464 5394 2466
f 2465 2471 5394
f 2465 5394 2464
f 2468 5394 2469
f 2469 5394 2470
f 2463 2466 5394
f 2463 5394 2467
f 2467 5394 2468
f 2470 5394 2477
f 2439 2474 2473
f 2440 2475 2474
f 2441 2476 2475
f 2442 5388 2476
f 2474 2475 5394
f 2475 2476 5394
f 2476 5388 5394
f 2460 2462 5394
f 2460 5394 2471
f 2461 2472 5394
f 2461 5394 2462
f 2472 2473 5394
f 2473 2474 5394
f 2457 2481 2482
f 2477 5394 2478
f 2478 5394 2479
f 2479 5394 2480
f 2480 5394 2481
f 2481 5394 2482
f 2458 2482 2483
f 2483 2484 2459
f 2484 2665 2459
f 2485 2672 2665
f 2484 2485 2665
f 2485 2486 2672
f 2486 2673 2672
f 2486 2487 2673
f 2487 2674 2673
f 2482 5394 2483
f 2483 5394 2484
f 2484 5394 2485
f 2485 5394 2486
f 2486 5394 2487
f 2487 5394 2488
f 2488 5394 2489
f 2489 5394 2490
f 2490 5394 5407
f 2487 2488 2674
f 2488 2489 2677
f 2489 2490 2678
f 2490 5407 5654
f 2120 2121 5288
f 2121 2129 5288
f 2496 2497 2500
f 2129 2147 5288
f 2147 2492 5288
f 2492 2496 5288
f 2496 2500 2215
f 2492 2501 2496
f 2496 2501 2503
f 2496 2503 2497
f 2498 2497 2503
f 2505 2498 2503
f 2507 2498 2505
f 2572 2504 2502
f 2576 2506 2504
f 2580 2524 2506
f 2521 2541 2520
f 2523 2507 2505
f 2523 2515 2507
f 2525 2515 2523
f 2520 2515 2525
f 2521 2520 2525
f 2521 2525 2527
f 2521 2527 2542
f 2618 2526 2524
f 2620 2528 2526
f 2628 2552 2528
f 2496 2215 5288
f 2215 2500 2534
f 2531 2534 2500
f 2534 2531 5582
f 2536 5582 2531
f 2521 2542 2541
f 2542 2548 2541
f 2542 2544 2548
f 2544 2549 2548
f 2549 5593 2548
f 2549 2550 5593
f 2550 5594 5593
f 2542 2527 2551
f 2542 2551 2544
f 2544 2551 2553
f 2544 2553 2549
f 2549 2553 2555
f 2694 2554 2552
f 2698 2556 2554
f 2549 2555 2550
f 2550 2555 2557
f 2550 2557 5594
f 5594 2557 5604
f 2711 2558 2556
f 2715 5606 2558
f 2572 2576 2504
f 2576 2580 2506
f 2559 2560 2194
f 2559 2285 2560
f 2560 2562 2194
f 2285 2561 2560
f 2285 2291 2561
f 2560 2561 2564
f 2564 2561 2567
f 2562 2564 2565
f 2560 2564 2562
f 2195 2562 2563
f 2562 2565 2563
f 2564 2567 2566
f 2565 2566 2585
f 2565 2564 2566
f 2561 2568 2567
f 2291 2568 2561
f 2568 2569 2567
f 2291 2311 2568
f 2568 2311 2591
f 2568 2591 2569
f 2567 2570 2566
f 2567 2569 2570
f 2570 2586 2566
f 2570 2571 2586
f 2570 2594 2571
f 2569 2594 2570
f 2572 2574 2576
f 2563 2575 2199
f 2199 2575 2573
f 2563 2584 2575
f 2574 2573 2578
f 2573 2575 2577
f 2575 2584 2579
f 2577 2575 2579
f 2584 2587 2579
f 2576 2578 2580
f 2576 2574 2578
f 2573 2577 2578
f 2577 2581 2578
f 2577 2579 2582
f 2580 2581 2618
f 2579 2583 2582
f 2579 2587 2583
f 2587 2590 2583
f 2580 2578 2581
f 2577 2582 2581
f 2581 2582 2619
f 2582 2583 2621
f 2583 2590 2622
f 2583 2622 2621
f 2563 2565 2584
f 2565 2585 2584
f 2585 2587 2584
f 2585 2586 2588
f 2585 2566 2586
f 2585 2588 2587
f 2586 2571 2589
f 2571 2604 2589
f 2588 2589 2607
f 2586 2589 2588
f 2587 2588 2590
f 2588 2607 2590
f 2591 2593 2592
f 2591 2592 2569
f 2592 2594 2569
f 2592 2596 2594
f 2592 2593 2598
f 2592 2598 2596
f 2598 2599 2596
f 2571 2595 2604
f 2594 2596 2595
f 2571 2594 2595
f 2596 2597 2595
f 2596 2599 2597
f 2597 2606 2595
f 2597 2601 2606
f 2593 2319 2598
f 2598 2600 2599
f 2598 2319 2600
f 2600 2633 2599
f 2633 2602 2599
f 2633 2634 2602
f 2597 2599 2602
f 2597 2602 2601
f 2602 2603 2601
f 2602 2634 2603
f 2603 2613 2601
f 2603 2637 2613
f 2590 2609 2622
f 2604 2608 2589
f 2607 2589 2608
f 2604 2605 2608
f 2604 2606 2605
f 2595 2606 2604
f 2606 2612 2605
f 2607 2608 2611
f 2590 2607 2609
f 2607 2611 2609
f 2608 2605 2610
f 2611 2608 2610
f 2605 2615 2610
f 2609 2611 2630
f 2611 2610 2631
f 2611 2631 2630
f 2605 2612 2615
f 2606 2601 2612
f 2612 2601 2613
f 2612 2614 2615
f 2612 2613 2614
f 2613 2650 2614
f 2610 2615 2617
f 2610 2617 2631
f 2614 2616 2615
f 2615 2616 2617
f 2617 2616 2703
f 2614 2653 2616
f 2580 2618 2524
f 2618 2620 2526
f 2620 2628 2528
f 2618 2581 2619
f 2582 2621 2619
f 2618 2619 2620
f 2620 2624 2628
f 2619 2621 2624
f 2621 2625 2624
f 2622 2609 2623
f 2622 2625 2621
f 2620 2619 2624
f 2622 2623 2625
f 2609 2630 2623
f 2624 2625 2629
f 2623 2630 2627
f 2624 2629 2628
f 2625 2626 2629
f 2625 2623 2626
f 2623 2627 2626
f 2630 2632 2627
f 2626 2627 2695
f 2627 2632 2697
f 2628 2629 2694
f 2626 2696 2629
f 2630 2631 2632
f 2631 2617 2702
f 2631 2702 2632
f 2617 2703 2702
f 2600 2411 2633
f 2633 2411 2635
f 2633 2635 2634
f 2635 2636 2634
f 2636 2638 2634
f 2636 2641 2638
f 2641 2639 2638
f 2634 2638 2603
f 2603 2638 2637
f 2637 2640 2650
f 2637 2638 2639
f 2637 2639 2640
f 2639 2646 2640
f 2646 2655 2640
f 2635 2421 2636
f 2636 2421 2643
f 2636 2643 2641
f 2641 2642 2639
f 2641 2644 2642
f 2641 2643 2644
f 2642 2644 2662
f 2642 2662 2645
f 2662 2663 2645
f 2663 2648 2645
f 2639 2642 2646
f 2642 2645 2646
f 2646 2645 2647
f 2646 2647 2655
f 2647 2645 2648
f 2647 2649 2656
f 2647 2648 2649
f 2613 2637 2650
f 2650 2640 2651
f 2650 2653 2614
f 2650 2651 2653
f 2640 2655 2651
f 2653 2651 2654
f 2655 2657 2651
f 2654 2651 2657
f 2653 2652 2616
f 2616 2652 2703
f 2703 2652 2704
f 2654 2660 2652
f 2652 2660 2704
f 2653 2654 2652
f 2655 2656 2657
f 2647 2656 2655
f 2656 2659 2657
f 2656 2649 2658
f 2656 2658 2659
f 2658 2685 2659
f 2661 2708 2660
f 2654 2657 2661
f 2657 2659 2661
f 2654 2661 2660
f 2661 2659 2686
f 2659 2685 2686
f 2661 2686 2708
f 2457 2662 2644
f 2662 2458 2663
f 2457 2458 2662
f 2663 2459 2664
f 2663 2664 2648
f 2664 2666 2668
f 2458 2459 2663
f 2664 2459 2665
f 2664 2665 2666
f 2665 2672 2666
f 2666 2667 2670
f 2672 2667 2666
f 2664 2668 2648
f 2648 2668 2649
f 2668 2669 2649
f 2668 2670 2669
f 2666 2670 2668
f 2670 2667 2671
f 2670 2671 2683
f 2670 2683 2669
f 2683 2671 2689
f 2672 2673 2667
f 2673 2674 2675
f 2673 2675 2667
f 2674 2676 2675
f 2488 2677 2674
f 2674 2677 2676
f 2677 2678 2679
f 2489 2678 2677
f 2490 5654 2678
f 2677 2679 2676
f 2678 5657 2679
f 2678 5654 5657
f 2667 2675 2671
f 2675 2680 2671
f 2675 2676 2680
f 2676 2681 2680
f 2671 2680 2689
f 2680 2691 2689
f 2680 2681 2691
f 2676 2679 2681
f 2679 5657 5664
f 2679 5664 2681
f 2681 5677 2691
f 2681 5664 5677
f 2649 2669 2658
f 2669 2682 2658
f 2669 2683 2682
f 2658 2682 2685
f 2682 2687 2685
f 2683 2684 2682
f 2683 2689 2684
f 2682 2684 2687
f 2686 2721 2708
f 2685 2688 2686
f 2686 2688 2721
f 2685 2687 2688
f 2688 2687 2693
f 2689 2691 2690
f 2684 2690 2692
f 2689 2690 2684
f 2691 5677 5679
f 2690 5679 5682
f 2691 5679 2690
f 2684 2692 2687
f 2687 2692 2693
f 2688 2693 2723
f 2690 5682 2692
f 2692 5682 5683
f 2693 2692 5683
f 2693 5683 5734
f 2628 2694 2552
f 2694 2698 2554
f 2698 2711 2556
f 2711 2715 2558
f 2715 5722 5606
f 2632 2705 2697
f 2694 2696 2698
f 2694 2629 2696
f 2626 2695 2696
f 2627 2697 2695
f 2696 2695 2701
f 2698 2696 2701
f 2695 2699 2701
f 2695 2697 2699
f 2705 2700 2697
f 2698 2701 2711
f 2705 2710 2700
f 2699 2697 2700
f 2699 2700 2714
f 2710 2712 2700
f 2710 2722 2712
f 2700 2712 2714
f 2701 2699 2713
f 2711 2701 2713
f 2699 2714 2713
f 2703 2706 2702
f 2702 2705 2632
f 2702 2706 2705
f 2703 2704 2706
f 2705 2706 2710
f 2660 2707 2704
f 2709 2704 2707
f 2706 2704 2709
f 2706 2709 2710
f 2660 2708 2707
f 2708 2720 2707
f 2709 2707 2719
f 2709 2722 2710
f 2711 2713 2715
f 2713 2714 2717
f 2714 2712 2716
f 2722 2718 2712
f 2722 2726 2718
f 2714 2716 2717
f 2715 2713 2717
f 2712 2718 2716
f 2715 2717 5722
f 2726 5726 2718
f 2717 2716 5725
f 2716 2718 5724
f 2726 5739 5726
f 2717 5725 5722
f 2716 5724 5725
f 2718 5726 5724
f 2708 2721 2720
f 2709 2719 2722
f 2719 2707 2720
f 2721 2724 2720
f 2688 2723 2721
f 2719 2720 2725
f 2725 2720 2724
f 2719 2726 2722
f 2719 2725 2726
f 2721 2723 2724
f 2725 2724 5738
f 2723 5735 2724
f 2693 5734 2723
f 2723 5734 5735
f 2724 5735 5738
f 2726 2725 5739
f 2725 5738 5739
f 5291 1200 5292
f 5292 1200 5293
f 5293 1200 5294
f 5294 1200 5295
f 5295 1200 5296
f 5296 1200 5837
f 2213 5284 5300
f 5284 5285 5304
f 5285 5286 5334
f 5286 5287 5338
f 5288 2215 5290
f 5287 5291 5475
f 5291 5292 5479
f 5292 5293 5502
f 5293 5294 5504
f 5294 5295 5508
f 5295 5296 5512
f 5843 5842 5288
f 5843 5288 5845
f 5845 5288 5846
f 5846 5288 5848
f 5848 5288 5849
f 5288 5850 5849
f 5288 6030 5850
f 2213 5300 2355
f 5284 5304 5300
f 5285 5334 5304
f 5286 5338 5334
f 5287 5475 5338
f 2355 5300 5301
f 2355 5301 2359
f 2359 5302 2360
f 2360 5303 2361
f 2361 5308 2368
f 2359 5301 5302
f 2360 5302 5303
f 2361 5303 5308
f 5300 5304 5305
f 5300 5305 5301
f 5301 5306 5302
f 5302 5307 5303
f 5303 5307 5313
f 5303 5313 5308
f 5301 5305 5306
f 5302 5306 5307
f 2368 5309 2369
f 2368 5308 5309
f 2369 5309 5311
f 2372 5312 5310
f 2369 5311 2372
f 5310 5312 5319
f 2372 5311 5312
f 5311 5315 5312
f 5310 5319 5317
f 5312 5326 5319
f 5308 5314 5309
f 5308 5313 5314
f 5313 5343 5314
f 5309 5314 5316
f 5309 5316 5311
f 5311 5316 5315
f 5312 5315 5326
f 5314 5344 5316
f 5316 5345 5315
f 5315 5345 5328
f 5317 5320 5318
f 5317 5319 5320
f 5318 5324 5321
f 5318 5320 5324
f 5319 5327 5320
f 5320 5330 5324
f 5320 5327 5330
f 5321 5323 5322
f 5321 5324 5323
f 5322 5323 5365
f 5324 5330 5325
f 5324 5325 5323
f 5323 5325 5368
f 5319 5326 5327
f 5327 5326 5329
f 5315 5328 5326
f 5326 5328 5329
f 5327 5329 5332
f 5327 5332 5330
f 5330 5332 5331
f 5330 5331 5325
f 5325 5331 5377
f 5329 5354 5332
f 5332 5333 5331
f 5332 5354 5333
f 5354 5439 5333
f 5304 5334 5336
f 5304 5336 5305
f 5305 5335 5306
f 5305 5336 5335
f 5306 5337 5307
f 5306 5335 5337
f 5307 5342 5313
f 5307 5337 5342
f 5335 5341 5337
f 5337 5348 5342
f 5334 5338 5339
f 5334 5339 5336
f 5336 5340 5335
f 5336 5339 5340
f 5337 5341 5348
f 5335 5340 5341
f 5338 5477 5339
f 5339 5476 5340
f 5341 5340 5478
f 5341 5485 5348
f 5313 5342 5343
f 5314 5343 5344
f 5316 5344 5345
f 5344 5346 5345
f 5342 5347 5343
f 5343 5347 5349
f 5344 5343 5349
f 5344 5349 5346
f 5342 5348 5347
f 5349 5358 5346
f 5347 5351 5349
f 5349 5351 5358
f 5348 5350 5347
f 5348 5485 5350
f 5347 5350 5351
f 5345 5346 5353
f 5345 5353 5328
f 5328 5352 5329
f 5329 5352 5354
f 5328 5353 5352
f 5346 5359 5353
f 5352 5353 5355
f 5353 5359 5355
f 5352 5356 5354
f 5354 5356 5439
f 5439 5356 5442
f 5352 5355 5356
f 5355 5357 5356
f 5356 5357 5442
f 5346 5358 5359
f 5358 5351 5489
f 5358 5489 5360
f 5359 5361 5355
f 5358 5360 5359
f 5359 5360 5361
f 5355 5361 5357
f 5361 5362 5357
f 5361 5360 5363
f 5360 5492 5363
f 5361 5363 5362
f 5362 5363 5451
f 5363 5493 5451
f 5322 5365 5364
f 5364 5365 5367
f 5364 5367 5366
f 5365 5369 5367
f 5323 5368 5365
f 5325 5377 5368
f 5365 5368 5369
f 5368 5373 5369
f 5368 5377 5373
f 5377 5380 5373
f 5366 5367 5371
f 5366 5371 5370
f 5367 5369 5372
f 5367 5372 5371
f 5369 5374 5372
f 5370 5371 5389
f 5371 5372 5390
f 5372 5374 5391
f 5369 5373 5374
f 5373 5375 5374
f 5373 5380 5375
f 5380 5376 5375
f 5374 5375 5392
f 5375 5376 5393
f 5376 5382 5395
f 5377 5331 5378
f 5331 5333 5378
f 5377 5378 5380
f 5378 5379 5381
f 5380 5378 5381
f 5333 5379 5378
f 5333 5439 5379
f 5439 5440 5379
f 5379 5440 5385
f 5380 5381 5376
f 5381 5385 5382
f 5381 5382 5376
f 5382 5385 5383
f 5383 5386 5384
f 5379 5385 5381
f 5440 5386 5385
f 5383 5385 5386
f 5386 5387 5384
f 5384 5387 5422
f 5444 5423 5422
f 5387 5444 5422
f 5370 5389 5388
f 5371 5390 5389
f 5388 5389 5394
f 5389 5390 5394
f 5390 5391 5394
f 5372 5391 5390
f 5374 5392 5391
f 5391 5392 5394
f 5392 5393 5394
f 5393 5395 5394
f 5395 5396 5394
f 5396 5397 5394
f 5397 5398 5394
f 5375 5393 5392
f 5376 5395 5393
f 5382 5396 5395
f 5383 5397 5396
f 5382 5383 5396
f 5397 5384 5398
f 5398 5422 5399
f 5398 5399 5394
f 5399 5400 5394
f 5400 5401 5394
f 5401 5402 5394
f 5402 5403 5394
f 5403 5404 5394
f 5394 5405 5418
f 5404 5406 5394
f 5394 5406 5405
f 5394 5408 5407
f 5394 5409 5408
f 5394 5410 5409
f 5394 5411 5410
f 5394 5415 5416
f 5394 5412 5411
f 5394 5414 5413
f 5394 5413 5412
f 5394 5416 5414
f 5407 5408 5655
f 5408 5409 5656
f 5409 5410 5659
f 5410 5411 5660
f 5394 5418 5419
f 5394 5419 5417
f 5394 5417 5421
f 5394 5421 5420
f 5394 5420 5415
f 5411 5412 5661
f 5412 5413 5667
f 5410 5660 5659
f 5411 5661 5660
f 5414 5416 5431
f 5414 5430 5413
f 5415 5432 5416
f 5412 5667 5661
f 5413 5430 5667
f 5383 5384 5397
f 5398 5384 5422
f 5399 5423 5400
f 5399 5422 5423
f 5400 5423 5424
f 5401 5424 5425
f 5400 5424 5401
f 5401 5425 5402
f 5402 5426 5403
f 5403 5427 5404
f 5404 5428 5406
f 5402 5425 5426
f 5406 5429 5405
f 5445 5424 5423
f 5424 5446 5425
f 5403 5426 5427
f 5404 5427 5428
f 5428 5429 5406
f 5405 5429 5434
f 5405 5434 5418
f 5417 5419 5436
f 5418 5435 5419
f 5415 5420 5437
f 5421 5438 5420
f 5417 5433 5421
f 5417 5436 5433
f 5421 5433 5438
f 5415 5437 5432
f 5416 5432 5431
f 5414 5431 5430
f 5420 5438 5437
f 5418 5434 5435
f 5419 5435 5436
f 5432 5693 5431
f 5433 5465 5438
f 5438 5462 5437
f 5432 5437 5694
f 5439 5442 5440
f 5440 5441 5386
f 5440 5442 5441
f 5357 5443 5442
f 5441 5442 5443
f 5441 5443 5447
f 5443 5449 5447
f 5447 5449 5448
f 5441 5387 5386
f 5387 5447 5444
f 5441 5447 5387
f 5444 5445 5423
f 5444 5448 5445
f 5444 5447 5448
f 5445 5448 5452
f 5445 5452 5446
f 5446 5452 5453
f 5446 5453 5457
f 5357 5362 5443
f 5362 5449 5443
f 5362 5451 5449
f 5449 5450 5448
f 5449 5451 5450
f 5450 5451 5525
f 5450 5525 5455
f 5450 5452 5448
f 5450 5455 5452
f 5455 5453 5452
f 5453 5454 5457
f 5455 5456 5453
f 5453 5456 5454
f 5454 5528 5467
f 5454 5456 5528
f 5445 5446 5424
f 5425 5457 5426
f 5425 5446 5457
f 5426 5457 5458
f 5426 5458 5427
f 5427 5459 5428
f 5428 5460 5429
f 5429 5461 5434
f 5427 5458 5459
f 5428 5459 5460
f 5460 5461 5429
f 5454 5458 5457
f 5458 5467 5459
f 5434 5464 5435
f 5436 5435 5463
f 5436 5466 5433
f 5434 5461 5464
f 5435 5464 5463
f 5436 5463 5466
f 5438 5465 5462
f 5437 5462 5694
f 5433 5466 5465
f 5466 5474 5465
f 5465 5471 5462
f 5454 5467 5458
f 5459 5467 5468
f 5459 5468 5460
f 5460 5469 5461
f 5461 5470 5464
f 5460 5468 5469
f 5469 5470 5461
f 5467 5529 5468
f 5468 5539 5469
f 5469 5540 5470
f 5464 5472 5463
f 5463 5473 5466
f 5464 5470 5472
f 5463 5472 5473
f 5465 5474 5471
f 5466 5473 5474
f 5470 5541 5472
f 5472 5544 5473
f 5474 5543 5471
f 5474 5473 5542
f 5291 5479 5475
f 5292 5502 5479
f 5293 5504 5502
f 5294 5508 5504
f 5295 5512 5508
f 5338 5475 5477
f 5339 5477 5476
f 5340 5476 5478
f 5475 5481 5477
f 5341 5478 5485
f 5485 5478 5487
f 5477 5480 5476
f 5476 5482 5478
f 5476 5480 5482
f 5478 5482 5487
f 5475 5479 5481
f 5479 5502 5503
f 5477 5481 5480
f 5480 5484 5482
f 5487 5482 5488
f 5479 5503 5481
f 5481 5483 5480
f 5481 5503 5483
f 5480 5483 5484
f 5482 5484 5488
f 5485 5486 5350
f 5350 5486 5490
f 5350 5490 5351
f 5485 5487 5486
f 5486 5487 5495
f 5487 5488 5495
f 5488 5484 5516
f 5351 5490 5489
f 5489 5490 5491
f 5489 5491 5492
f 5486 5496 5490
f 5490 5496 5491
f 5489 5492 5360
f 5491 5499 5494
f 5492 5493 5363
f 5492 5494 5493
f 5491 5494 5492
f 5493 5494 5527
f 5527 5494 5501
f 5486 5495 5496
f 5491 5496 5499
f 5495 5498 5496
f 5496 5498 5499
f 5495 5488 5497
f 5488 5516 5497
f 5495 5497 5498
f 5497 5518 5498
f 5499 5500 5501
f 5499 5498 5500
f 5498 5518 5500
f 5500 5519 5534
f 5499 5501 5494
f 5501 5500 5534
f 5502 5504 5507
f 5483 5503 5506
f 5502 5507 5503
f 5503 5507 5506
f 5483 5505 5484
f 5484 5505 5516
f 5483 5506 5505
f 5504 5509 5507
f 5507 5510 5506
f 5506 5511 5505
f 5516 5505 5517
f 5505 5511 5517
f 5504 5508 5509
f 5508 5512 5513
f 5507 5509 5510
f 5506 5510 5511
f 5509 5514 5510
f 5517 5511 5522
f 5511 5510 5515
f 5508 5513 5509
f 5509 5513 5514
f 5511 5515 5522
f 5510 5514 5515
f 5514 5988 5515
f 5522 5515 5524
f 5515 5988 5524
f 5497 5520 5518
f 5497 5516 5520
f 5516 5517 5520
f 5520 5521 5518
f 5518 5519 5500
f 5518 5521 5519
f 5520 5523 5521
f 5520 5517 5523
f 5523 5558 5521
f 5517 5522 5523
f 5523 5557 5558
f 5522 5557 5523
f 5522 5524 5557
f 5451 5493 5525
f 5493 5527 5525
f 5527 5526 5525
f 5525 5526 5455
f 5527 5532 5526
f 5526 5532 5530
f 5455 5526 5456
f 5526 5530 5456
f 5530 5528 5456
f 5467 5528 5529
f 5528 5531 5529
f 5530 5531 5528
f 5529 5531 5536
f 5527 5501 5532
f 5501 5534 5532
f 5530 5532 5533
f 5534 5533 5532
f 5534 5519 5535
f 5534 5535 5533
f 5535 5537 5533
f 5535 5554 5537
f 5530 5533 5531
f 5533 5537 5531
f 5531 5537 5536
f 5536 5538 5545
f 5554 5538 5537
f 5536 5537 5538
f 5538 5548 5545
f 5529 5539 5468
f 5469 5539 5540
f 5540 5541 5470
f 5529 5536 5539
f 5539 5545 5540
f 5539 5536 5545
f 5540 5546 5541
f 5472 5541 5544
f 5473 5544 5542
f 5474 5542 5543
f 5544 5549 5542
f 5541 5547 5544
f 5542 5550 5543
f 5542 5549 5550
f 5543 5550 5769
f 5540 5545 5546
f 5546 5547 5541
f 5545 5548 5546
f 5546 5548 5565
f 5546 5565 5547
f 5565 5566 5547
f 5544 5547 5549
f 5550 5551 5769
f 5547 5566 5549
f 5549 5569 5550
f 5549 5566 5569
f 5550 5569 5551
f 5535 5519 5552
f 5519 5521 5552
f 5521 5558 5552
f 5552 5553 5554
f 5558 5553 5552
f 5535 5552 5554
f 5553 5561 5555
f 5554 5555 5538
f 5538 5555 5548
f 5548 5555 5556
f 5554 5553 5555
f 5555 5561 5556
f 5558 5557 5559
f 5558 5559 5553
f 5553 5559 5561
f 5557 5524 5560
f 5557 5560 5559
f 5524 6001 5560
f 5560 5563 5559
f 5561 5559 5563
f 5561 5562 5556
f 5561 5563 5562
f 5560 6002 5563
f 6002 5564 5563
f 5563 5564 5562
f 5548 5556 5565
f 5556 5567 5565
f 5567 5566 5565
f 5556 5562 5567
f 5567 5568 5566
f 5567 5572 5568
f 5568 5569 5566
f 5551 5571 5770
f 5551 5569 5570
f 5551 5570 5571
f 5568 5570 5569
f 5568 5573 5570
f 5570 5576 5571
f 5567 5562 5572
f 5562 5564 5572
f 5572 5573 5568
f 5564 5574 5572
f 5572 5574 5573
f 5574 5575 5573
f 5570 5573 5576
f 5571 5576 5577
f 5573 5575 5576
f 5576 5575 5578
f 5576 5578 5577
f 5578 5796 5577
f 5584 5582 2536
f 5582 5584 5290
f 5589 5290 5584
f 5288 5290 5621
f 5290 5589 5615
f 5594 5599 5593
f 5594 5595 5599
f 5595 5596 5599
f 5596 5601 5599
f 5601 5631 5599
f 5601 5602 5631
f 5594 5604 5595
f 5595 5604 5605
f 5595 5605 5596
f 5596 5605 5608
f 5722 5607 5606
f 5723 5609 5607
f 5596 5608 5601
f 5601 5608 5610
f 5601 5610 5602
f 5602 5610 5612
f 5602 5612 5633
f 5730 5611 5609
f 5746 5613 5611
f 5750 5649 5613
f 5621 5290 5615
f 5288 6040 6027
f 5288 5618 6040
f 5288 5621 5618
f 5288 6031 6030
f 5288 6027 6031
f 5621 5615 5620
f 5624 5617 5652
f 5620 5617 5624
f 5618 5628 5626
f 5621 5624 5628
f 5621 5620 5624
f 5618 5621 5628
f 5803 5629 5625
f 5811 5627 5629
f 5633 5632 5631
f 5602 5633 5631
f 5636 5632 5648
f 5633 5612 5648
f 5633 5648 5632
f 5650 5636 5648
f 5652 5640 5650
f 5650 5640 5636
f 5824 5651 5649
f 5826 5653 5651
f 5617 5640 5652
f 5835 5625 5653
f 5407 5655 5654
f 5408 5656 5655
f 5654 5655 5658
f 5409 5659 5656
f 5655 5656 5662
f 5654 5658 5657
f 5655 5662 5658
f 5659 5663 5656
f 5659 5660 5668
f 5660 5661 5669
f 5656 5663 5662
f 5659 5668 5663
f 5657 5658 5665
f 5657 5665 5664
f 5658 5666 5665
f 5664 5678 5677
f 5664 5665 5678
f 5658 5662 5666
f 5662 5663 5673
f 5662 5673 5666
f 5665 5666 5680
f 5665 5680 5678
f 5666 5686 5680
f 5661 5667 5672
f 5661 5672 5669
f 5430 5670 5667
f 5430 5431 5671
f 5667 5670 5672
f 5660 5669 5668
f 5668 5669 5675
f 5430 5671 5670
f 5431 5693 5671
f 5432 5694 5693
f 5672 5698 5669
f 5672 5670 5695
f 5672 5695 5698
f 5663 5668 5674
f 5663 5674 5673
f 5668 5675 5674
f 5673 5686 5666
f 5673 5674 5676
f 5673 5676 5686
f 5669 5698 5675
f 5674 5675 5699
f 5674 5699 5676
f 5677 5678 5681
f 5679 5681 5684
f 5677 5681 5679
f 5678 5680 5687
f 5681 5687 5689
f 5678 5687 5681
f 5679 5684 5682
f 5685 5682 5684
f 5683 5682 5685
f 5683 5685 5736
f 5681 5689 5684
f 5685 5684 5690
f 5680 5686 5688
f 5680 5688 5687
f 5687 5688 5691
f 5676 5710 5686
f 5686 5710 5688
f 5688 5710 5711
f 5688 5711 5691
f 5690 5754 5742
f 5689 5690 5684
f 5687 5691 5689
f 5685 5690 5742
f 5689 5692 5690
f 5689 5691 5692
f 5690 5692 5754
f 5693 5697 5671
f 5670 5671 5696
f 5670 5696 5695
f 5671 5697 5696
f 5693 5694 5703
f 5694 5462 5702
f 5693 5703 5697
f 5694 5702 5703
f 5697 5707 5696
f 5675 5698 5701
f 5695 5700 5698
f 5698 5700 5701
f 5675 5701 5699
f 5695 5696 5706
f 5695 5706 5700
f 5699 5701 5713
f 5700 5708 5701
f 5701 5708 5713
f 5462 5471 5702
f 5702 5704 5703
f 5697 5703 5705
f 5697 5705 5707
f 5702 5471 5763
f 5471 5543 5763
f 5702 5763 5704
f 5703 5704 5705
f 5707 5705 5767
f 5696 5707 5706
f 5700 5706 5709
f 5700 5709 5708
f 5707 5766 5706
f 5706 5766 5709
f 5708 5709 5776
f 5676 5699 5712
f 5676 5712 5710
f 5712 5714 5710
f 5710 5714 5711
f 5712 5713 5717
f 5699 5713 5712
f 5712 5717 5714
f 5692 5715 5754
f 5716 5719 5715
f 5691 5711 5716
f 5691 5716 5692
f 5692 5716 5715
f 5711 5720 5716
f 5711 5714 5720
f 5713 5708 5718
f 5713 5718 5717
f 5714 5717 5721
f 5708 5776 5718
f 5718 5777 5717
f 5717 5777 5721
f 5715 5719 5762
f 5720 5779 5719
f 5719 5780 5762
f 5720 5719 5716
f 5720 5714 5721
f 5720 5721 5779
f 5722 5723 5607
f 5723 5730 5609
f 5730 5746 5611
f 5746 5750 5613
f 5722 5725 5723
f 5739 5729 5726
f 5725 5724 5728
f 5724 5726 5727
f 5739 5741 5729
f 5724 5727 5728
f 5723 5725 5728
f 5727 5726 5729
f 5723 5728 5730
f 5741 5731 5729
f 5741 5745 5731
f 5728 5727 5732
f 5727 5729 5733
f 5730 5728 5732
f 5727 5733 5732
f 5729 5731 5733
f 5683 5736 5734
f 5738 5735 5740
f 5734 5737 5735
f 5734 5736 5737
f 5685 5742 5736
f 5740 5735 5737
f 5739 5738 5741
f 5738 5740 5741
f 5736 5742 5744
f 5740 5737 5743
f 5736 5744 5737
f 5743 5737 5744
f 5754 5755 5742
f 5742 5755 5744
f 5743 5744 5756
f 5741 5740 5745
f 5740 5743 5745
f 5743 5757 5745
f 5730 5732 5746
f 5733 5731 5747
f 5745 5748 5731
f 5745 5757 5748
f 5731 5748 5747
f 5732 5733 5749
f 5746 5732 5749
f 5733 5747 5749
f 5757 5753 5748
f 5760 5753 5757
f 5760 5823 5753
f 5760 5832 5823
f 5746 5749 5750
f 5750 5752 5824
f 5749 5747 5752
f 5750 5749 5752
f 5747 5751 5752
f 5747 5748 5751
f 5748 5753 5751
f 5752 5751 5825
f 5753 5822 5751
f 5743 5756 5757
f 5744 5755 5756
f 5754 5715 5758
f 5754 5758 5755
f 5755 5758 5759
f 5755 5759 5756
f 5756 5760 5757
f 5759 5758 5761
f 5715 5762 5758
f 5756 5759 5760
f 5759 5761 5832
f 5762 5761 5758
f 5760 5759 5832
f 5803 5625 5835
f 5807 5627 5811
f 5803 5811 5629
f 5763 5764 5704
f 5704 5765 5705
f 5705 5765 5767
f 5763 5543 5769
f 5763 5769 5764
f 5767 5765 5773
f 5704 5764 5765
f 5707 5767 5766
f 5766 5768 5709
f 5709 5768 5776
f 5766 5767 5772
f 5766 5772 5768
f 5767 5773 5772
f 5768 5784 5776
f 5769 5770 5764
f 5764 5770 5771
f 5765 5764 5771
f 5765 5771 5773
f 5551 5770 5769
f 5770 5791 5771
f 5771 5792 5773
f 5774 5772 5773
f 5768 5772 5775
f 5768 5775 5784
f 5774 5775 5772
f 5774 5773 5792
f 5784 5775 5793
f 5789 5804 5831
f 5777 5782 5781
f 5718 5776 5778
f 5718 5778 5777
f 5721 5777 5781
f 5776 5784 5778
f 5777 5778 5782
f 5721 5781 5779
f 5719 5779 5780
f 5833 5762 5780
f 5779 5785 5780
f 5781 5785 5779
f 5833 5780 5786
f 5780 5785 5786
f 5778 5783 5782
f 5781 5782 5788
f 5784 5793 5783
f 5783 5815 5782
f 5782 5815 5788
f 5778 5784 5783
f 5787 5786 5785
f 5781 5788 5785
f 5833 5786 5789
f 5787 5819 5786
f 5787 5785 5788
f 5786 5819 5789
f 5791 5577 5795
f 5795 5790 5792
f 5770 5571 5791
f 5771 5791 5792
f 5791 5571 5577
f 5791 5795 5792
f 5774 5790 5794
f 5775 5794 5793
f 5794 5790 5798
f 5794 5798 5800
f 5794 5800 5793
f 5793 5800 5816
f 5774 5794 5775
f 5774 5792 5790
f 5795 5577 5796
f 5795 5797 5790
f 5790 5797 5798
f 5795 5796 5797
f 6962 5797 5796
f 5797 6963 5798
f 5800 5798 5801
f 5800 5801 5799
f 5800 5799 5816
f 6963 5801 5798
f 6966 5799 5801
f 6966 5802 5799
f 5803 5806 5811
f 5806 5830 5805
f 5789 5819 5804
f 5831 5805 5830
f 5831 5804 5805
f 5818 5814 5819
f 5814 5804 5819
f 5814 5812 5804
f 5803 5836 5806
f 5806 5805 5813
f 5805 5804 5812
f 5818 5810 5814
f 5818 5821 5810
f 6970 5810 5821
f 5802 6970 5821
f 6969 5808 5810
f 5812 5808 5809
f 5807 5813 5809
f 5814 5810 5808
f 5807 5811 5813
f 5811 5806 5813
f 5805 5812 5813
f 5814 5808 5812
f 5812 5809 5813
f 5783 5793 5816
f 5783 5816 5815
f 5817 5788 5815
f 5820 5815 5816
f 5820 5817 5815
f 5820 5821 5817
f 5817 5821 5818
f 5787 5788 5817
f 5787 5818 5819
f 5787 5817 5818
f 5820 5816 5799
f 5820 5799 5802
f 5820 5802 5821
f 5750 5824 5649
f 5824 5826 5651
f 5826 5835 5653
f 5824 5825 5826
f 5753 5823 5822
f 5832 5834 5827
f 5822 5829 5825
f 5822 5828 5829
f 5832 5827 5823
f 5822 5823 5828
f 5823 5827 5828
f 5824 5752 5825
f 5822 5825 5751
f 5826 5829 5835
f 5789 5831 5834
f 5828 5827 5830
f 5831 5827 5834
f 5825 5829 5826
f 5835 5829 5836
f 5828 5830 5836
f 5831 5830 5827
f 5829 5828 5836
f 5833 5761 5762
f 5761 5834 5832
f 5833 5834 5761
f 5833 5789 5834
f 5803 5835 5836
f 5806 5836 5830
f 5296 5837 5985
f 5985 5837 5838
f 5985 5838 5839
f 5985 5839 5840
f 5989 5840 5841
f 5843 5856 5842
f 5843 5857 5856
f 5843 5858 5857
f 5843 5859 5858
f 5843 5845 5859
f 5845 5862 5859
f 5845 5864 5862
f 5845 5865 5864
f 5845 5868 5865
f 5845 5846 5868
f 5846 5870 5868
f 5846 5871 5870
f 5846 5872 5871
f 5846 5848 5872
f 5989 5841 5860
f 5989 5860 5861
f 5994 5861 5863
f 5994 5863 5866
f 5994 5866 5867
f 5997 5867 5869
f 5997 5869 5873
f 6006 5873 5874
f 5848 5875 5872
f 5848 5876 5875
f 5848 5849 5876
f 5849 5879 5876
f 5849 5850 5879
f 5850 6390 5879
f 6006 5874 5877
f 6007 5877 5878
f 6014 5878 5880
f 5296 5985 5512
f 5985 5840 5989
f 5512 5985 5986
f 5512 5986 5513
f 5513 5987 5514
f 5513 5986 5987
f 5987 5986 5991
f 5514 5987 5988
f 5987 5990 5988
f 5985 5992 5986
f 5989 5861 5994
f 5994 5867 5997
f 5997 5873 6006
f 6006 5877 6007
f 6007 5878 6014
f 6014 5880 6955
f 5985 5989 5992
f 5988 6001 5524
f 5987 5991 5990
f 5988 5990 6001
f 6001 5990 6003
f 5986 5992 5991
f 5989 5995 5992
f 5992 5996 5991
f 5992 5995 5996
f 5991 5993 5990
f 5990 5993 6003
f 5991 5996 5993
f 6003 5993 6005
f 5996 6000 5993
f 5993 6000 6005
f 6005 6000 6020
f 5989 5994 5995
f 5994 5997 5999
f 5994 5999 5995
f 5995 5998 5996
f 5995 5999 5998
f 5996 5998 6000
f 5997 6012 5999
f 5999 6008 5998
f 5998 6009 6000
f 6001 6002 5560
f 6001 6003 6002
f 6002 6003 6004
f 6003 6005 6004
f 6002 6004 5564
f 6004 6005 6018
f 6004 5574 5564
f 6000 6009 6020
f 6020 6009 6021
f 6021 6011 6023
f 6023 6016 6965
f 6016 6959 6965
f 5997 6006 6012
f 6006 6007 6013
f 5999 6012 6008
f 6012 6010 6008
f 5998 6008 6009
f 6008 6011 6009
f 6012 6013 6010
f 6009 6011 6021
f 6008 6010 6011
f 6006 6013 6012
f 6007 6014 6017
f 6013 6015 6010
f 6013 6017 6015
f 6010 6016 6011
f 6023 6011 6016
f 6010 6015 6016
f 6014 6958 6017
f 6017 6957 6015
f 6015 6959 6016
f 6007 6017 6013
f 6004 6018 5574
f 6018 6019 5575
f 6018 5575 5574
f 6005 6020 6018
f 6020 6019 6018
f 6020 6021 6019
f 6019 6022 5578
f 6019 5578 5575
f 6962 5796 6022
f 6022 5796 5578
f 6021 6022 6019
f 6021 6023 6022
f 6962 6022 6023
f 6962 6023 6965
f 6031 6027 6388
f 6027 6040 6394
f 6027 6394 6388
f 5850 6030 6390
f 6030 6031 6391
f 6030 6391 6390
f 6031 6388 6391
f 6951 6393 6389
f 6967 6389 6395
f 6955 5880 6392
f 6956 6392 6393
f 6040 5626 6394
f 6040 5618 5626
f 5807 6395 5627
f 6951 6389 6967
f 6955 6392 6956
f 6956 6393 6951
f 6967 6395 5807
f 6965 6959 6964
f 6959 6950 6964
f 6956 6951 6954
f 6951 6967 6968
f 6966 6964 6950
f 6966 6950 6952
f 6966 6952 5802
f 5802 6952 6970
f 6970 6952 6953
f 6969 6970 6953
f 6960 6953 6961
f 6960 6954 6953
f 6961 6953 6952
f 6961 6952 6950
f 6969 6953 6954
f 6951 6968 6954
f 6969 6954 6968
f 6014 6955 6958
f 6955 6956 6960
f 6958 6961 6957
f 6017 6958 6957
f 6955 6960 6958
f 6015 6957 6959
f 6957 6950 6959
f 6958 6960 6961
f 6957 6961 6950
f 6956 6954 6960
f 6962 6963 5797
f 6962 6965 6963
f 6963 6964 5801
f 6965 6964 6963
f 6966 5801 6964
f 6967 5807 5809
f 6969 6968 5808
f 6967 5809 6968
f 6969 5810 6970
f 6968 5809 5808

