# https://github.com/mikedh/trimesh

o left_hand_pinky_swing_link.STL
v 0.00291907 0.00280000 0.03663361
v 0.00307500 0.00110000 0.03665000
v 0.00274959 0.00110000 0.03657573
v 0.00248863 0.00110000 0.03636762
v 0.00263416 0.00280000 0.03650676
v 0.00274959 0.00280000 0.03657573
v 0.00234380 0.00110000 0.03606689
v 0.00242548 0.00280000 0.03627500
v 0.00248863 0.00280000 0.03636762
v 0.00234380 0.00110000 0.03573311
v 0.00232911 0.00280000 0.03597840
v 0.00234380 0.00280000 0.03606689
v 0.00248863 0.00110000 0.03543238
v 0.00236171 0.00280000 0.03566824
v 0.00234380 0.00280000 0.03573311
v 0.00274959 0.00110000 0.03522427
v 0.00251764 0.00280000 0.03539815
v 0.00248863 0.00280000 0.03543238
v 0.00307500 0.00110000 0.03515000
v 0.00276995 0.00280000 0.03521484
v 0.00274959 0.00280000 0.03522427
v 0.00340041 0.00110000 0.03522427
v 0.00338005 0.00280000 0.03521484
v 0.00307500 0.00280000 0.03515000
v 0.00366137 0.00110000 0.03543238
v 0.00363236 0.00280000 0.03539815
v 0.00340041 0.00280000 0.03522427
v 0.00380620 0.00110000 0.03573311
v 0.00378829 0.00280000 0.03566824
v 0.00366137 0.00280000 0.03543238
v 0.00380620 0.00110000 0.03606689
v 0.00382089 0.00280000 0.03597840
v 0.00380620 0.00280000 0.03573311
v 0.00366137 0.00110000 0.03636762
v 0.00372452 0.00280000 0.03627500
v 0.00380620 0.00280000 0.03606689
v 0.00340041 0.00110000 0.03657573
v 0.00351584 0.00280000 0.03650676
v 0.00366137 0.00280000 0.03636762
v 0.00307500 0.00280000 0.03665000
v 0.00323093 0.00280000 0.03663361
v 0.00340041 0.00280000 0.03657573
v 0.00557500 -0.00110000 0.03590000
v 0.00557500 -0.00250000 0.03590000
v 0.00557500 -0.00110000 0.03222742
v 0.00557500 -0.00250000 0.03201804
v 0.00557500 -0.00080000 0.02490000
v 0.00557500 0.00080000 0.02490000
v 0.00557500 -0.00080000 0.02861803
v 0.00557500 0.00080000 0.02861803
v 0.00557500 0.00110000 0.03222742
v 0.00557500 0.00250000 0.03201804
v 0.00557500 0.00110000 0.03590000
v 0.00557500 0.00250000 0.03590000
v 0.00057500 0.00110000 0.03222742
v 0.00057500 0.00110000 0.03590000
v 0.00057500 0.00250000 0.03590000
v 0.00057500 0.00250000 0.03201804
v 0.00057500 0.00080000 0.02861803
v 0.00057500 -0.00110000 0.03222742
v 0.00057500 -0.00250000 0.03590000
v 0.00057500 -0.00110000 0.03590000
v 0.00057500 -0.00250000 0.03201804
v 0.00057500 -0.00080000 0.02861803
v 0.00057500 -0.00080000 0.02490000
v 0.00057500 0.00080000 0.02490000
v 0.00268860 0.00300000 0.03503213
v 0.00307500 0.00300000 0.03495000
v 0.00107500 0.00300000 0.03213607
v 0.00507500 0.00300000 0.03213607
v 0.00346140 0.00300000 0.03503213
v 0.00378099 0.00300000 0.03526432
v 0.00507500 0.00300000 0.03590000
v 0.00397850 0.00300000 0.03560643
v 0.00401980 0.00300000 0.03599930
v 0.00501688 0.00300000 0.03637863
v 0.00389772 0.00300000 0.03637500
v 0.00484591 0.00300000 0.03682945
v 0.00457202 0.00300000 0.03722624
v 0.00363340 0.00300000 0.03666857
v 0.00421113 0.00300000 0.03754597
v 0.00378421 0.00300000 0.03777003
v 0.00327252 0.00300000 0.03682924
v 0.00331607 0.00300000 0.03788542
v 0.00283393 0.00300000 0.03788542
v 0.00287748 0.00300000 0.03682924
v 0.00236579 0.00300000 0.03777003
v 0.00251660 0.00300000 0.03666857
v 0.00193887 0.00300000 0.03754597
v 0.00157798 0.00300000 0.03722624
v 0.00225228 0.00300000 0.03637500
v 0.00130409 0.00300000 0.03682945
v 0.00113312 0.00300000 0.03637863
v 0.00213020 0.00300000 0.03599930
v 0.00107500 0.00300000 0.03590000
v 0.00217150 0.00300000 0.03560643
v 0.00236901 0.00300000 0.03526432
v 0.00510175 0.00297325 0.03190631
v 0.00104825 0.00297325 0.03190631
v 0.00365000 -0.00300000 0.03590000
v 0.00357296 -0.00300000 0.03561250
v 0.00507500 -0.00300000 0.03213607
v 0.00331607 -0.00300000 0.03788542
v 0.00307500 -0.00300000 0.03647500
v 0.00378421 -0.00300000 0.03777003
v 0.00336250 -0.00300000 0.03639796
v 0.00357296 -0.00300000 0.03618750
v 0.00457202 -0.00300000 0.03722624
v 0.00421113 -0.00300000 0.03754597
v 0.00507500 -0.00300000 0.03590000
v 0.00501688 -0.00300000 0.03637863
v 0.00484591 -0.00300000 0.03682945
v 0.00336250 -0.00300000 0.03540204
v 0.00307500 -0.00300000 0.03532500
v 0.00107500 -0.00300000 0.03213607
v 0.00157798 -0.00300000 0.03722624
v 0.00257704 -0.00300000 0.03618750
v 0.00278750 -0.00300000 0.03639796
v 0.00283393 -0.00300000 0.03788542
v 0.00236579 -0.00300000 0.03777003
v 0.00193887 -0.00300000 0.03754597
v 0.00130409 -0.00300000 0.03682945
v 0.00113312 -0.00300000 0.03637863
v 0.00250000 -0.00300000 0.03590000
v 0.00107500 -0.00300000 0.03590000
v 0.00257704 -0.00300000 0.03561250
v 0.00278750 -0.00300000 0.03540204
v 0.00104825 -0.00297325 0.03190631
v 0.00510175 -0.00297325 0.03190631
v 0.00467500 0.00110000 0.03330000
v 0.00424226 0.00110000 0.03330000
v 0.00467500 -0.00110000 0.03330000
v 0.00424226 -0.00110000 0.03330000
v 0.00147500 -0.00110000 0.03330000
v 0.00190774 -0.00110000 0.03330000
v 0.00147500 0.00110000 0.03330000
v 0.00190774 0.00110000 0.03330000
v 0.00550235 -0.00110000 0.03649829
v 0.00550235 -0.00250000 0.03649829
v 0.00528864 -0.00110000 0.03706181
v 0.00528864 -0.00250000 0.03706181
v 0.00494628 -0.00110000 0.03755781
v 0.00494628 -0.00250000 0.03755781
v 0.00449516 -0.00110000 0.03795746
v 0.00449516 -0.00250000 0.03795746
v 0.00396151 -0.00110000 0.03823754
v 0.00396151 -0.00250000 0.03823754
v 0.00337634 -0.00110000 0.03838177
v 0.00337634 -0.00250000 0.03838177
v 0.00277366 -0.00110000 0.03838177
v 0.00277366 -0.00250000 0.03838177
v 0.00218849 -0.00110000 0.03823754
v 0.00218849 -0.00250000 0.03823754
v 0.00165484 -0.00110000 0.03795746
v 0.00165484 -0.00250000 0.03795746
v 0.00120372 -0.00110000 0.03755781
v 0.00120372 -0.00250000 0.03755781
v 0.00086136 -0.00110000 0.03706181
v 0.00086136 -0.00250000 0.03706181
v 0.00064765 -0.00110000 0.03649829
v 0.00064765 -0.00250000 0.03649829
v 0.00507500 0.00100000 0.02790000
v 0.00537500 0.00100000 0.02857082
v 0.00537500 0.00100000 0.02490000
v 0.00077500 0.00100000 0.02490000
v 0.00077500 0.00100000 0.02857082
v 0.00107500 0.00100000 0.02790000
v 0.00415753 0.00100000 0.02552500
v 0.00387848 0.00100000 0.02585755
v 0.00415753 0.00100000 0.02427500
v 0.00479657 0.00100000 0.02337482
v 0.00387848 0.00100000 0.02394244
v 0.00438155 0.00100000 0.02300714
v 0.00350253 0.00100000 0.02372538
v 0.00389059 0.00100000 0.02274946
v 0.00307500 0.00100000 0.02365000
v 0.00430601 0.00100000 0.02511706
v 0.00430601 0.00100000 0.02468294
v 0.00530817 0.00100000 0.02434957
v 0.00511155 0.00100000 0.02383114
v 0.00350253 0.00100000 0.02607462
v 0.00307500 0.00100000 0.02615000
v 0.00264747 0.00100000 0.02607462
v 0.00335223 0.00100000 0.02261677
v 0.00279777 0.00100000 0.02261677
v 0.00264747 0.00100000 0.02372538
v 0.00225941 0.00100000 0.02274946
v 0.00227152 0.00100000 0.02394244
v 0.00227152 0.00100000 0.02585755
v 0.00199247 0.00100000 0.02552500
v 0.00184399 0.00100000 0.02511706
v 0.00084183 0.00100000 0.02434957
v 0.00184399 0.00100000 0.02468294
v 0.00103845 0.00100000 0.02383114
v 0.00199247 0.00100000 0.02427500
v 0.00135343 0.00100000 0.02337482
v 0.00176845 0.00100000 0.02300714
v 0.00064765 0.00080000 0.02430171
v 0.00064765 -0.00080000 0.02430171
v 0.00086136 0.00080000 0.02373819
v 0.00086136 -0.00080000 0.02373819
v 0.00120372 0.00080000 0.02324219
v 0.00120372 -0.00080000 0.02324219
v 0.00165484 0.00080000 0.02284254
v 0.00165484 -0.00080000 0.02284254
v 0.00218849 0.00080000 0.02256246
v 0.00218849 -0.00080000 0.02256246
v 0.00277366 0.00080000 0.02241823
v 0.00277366 -0.00080000 0.02241823
v 0.00337634 0.00080000 0.02241823
v 0.00337634 -0.00080000 0.02241823
v 0.00396151 0.00080000 0.02256246
v 0.00396151 -0.00080000 0.02256246
v 0.00449516 0.00080000 0.02284254
v 0.00449516 -0.00080000 0.02284254
v 0.00494628 0.00080000 0.02324219
v 0.00494628 -0.00080000 0.02324219
v 0.00528864 0.00080000 0.02373819
v 0.00528864 -0.00080000 0.02373819
v 0.00550235 0.00080000 0.02430171
v 0.00550235 -0.00080000 0.02430171
v 0.00550235 0.00250000 0.03649829
v 0.00550235 0.00110000 0.03649829
v 0.00528864 0.00250000 0.03706181
v 0.00528864 0.00110000 0.03706181
v 0.00494628 0.00250000 0.03755781
v 0.00494628 0.00110000 0.03755781
v 0.00449516 0.00250000 0.03795746
v 0.00449516 0.00110000 0.03795746
v 0.00396151 0.00250000 0.03823754
v 0.00396151 0.00110000 0.03823754
v 0.00337634 0.00250000 0.03838177
v 0.00337634 0.00110000 0.03838177
v 0.00277366 0.00250000 0.03838177
v 0.00277366 0.00110000 0.03838177
v 0.00218849 0.00250000 0.03823754
v 0.00218849 0.00110000 0.03823754
v 0.00165484 0.00250000 0.03795746
v 0.00165484 0.00110000 0.03795746
v 0.00120372 0.00250000 0.03755781
v 0.00120372 0.00110000 0.03755781
v 0.00086136 0.00250000 0.03706181
v 0.00086136 0.00110000 0.03706181
v 0.00064765 0.00250000 0.03649829
v 0.00064765 0.00110000 0.03649829
v 0.00107500 -0.00100000 0.02790000
v 0.00077500 -0.00100000 0.02857082
v 0.00077500 -0.00100000 0.02490000
v 0.00537500 -0.00100000 0.02490000
v 0.00537500 -0.00100000 0.02857082
v 0.00507500 -0.00100000 0.02790000
v 0.00199247 -0.00100000 0.02552500
v 0.00227152 -0.00100000 0.02585755
v 0.00264747 -0.00100000 0.02607462
v 0.00307500 -0.00100000 0.02615000
v 0.00350253 -0.00100000 0.02607462
v 0.00387848 -0.00100000 0.02585755
v 0.00415753 -0.00100000 0.02552500
v 0.00430601 -0.00100000 0.02511706
v 0.00530817 -0.00100000 0.02434957
v 0.00430601 -0.00100000 0.02468294
v 0.00511155 -0.00100000 0.02383114
v 0.00415753 -0.00100000 0.02427500
v 0.00479657 -0.00100000 0.02337482
v 0.00387848 -0.00100000 0.02394244
v 0.00184399 -0.00100000 0.02511706
v 0.00184399 -0.00100000 0.02468294
v 0.00084183 -0.00100000 0.02434957
v 0.00199247 -0.00100000 0.02427500
v 0.00307500 -0.00100000 0.02365000
v 0.00335223 -0.00100000 0.02261677
v 0.00350253 -0.00100000 0.02372538
v 0.00389059 -0.00100000 0.02274946
v 0.00438155 -0.00100000 0.02300714
v 0.00103845 -0.00100000 0.02383114
v 0.00135343 -0.00100000 0.02337482
v 0.00227152 -0.00100000 0.02394244
v 0.00176845 -0.00100000 0.02300714
v 0.00264747 -0.00100000 0.02372538
v 0.00225941 -0.00100000 0.02274946
v 0.00279777 -0.00100000 0.02261677
v 0.00259869 -0.00110000 0.03617500
v 0.00252500 -0.00110000 0.03590000
v 0.00259869 -0.00110000 0.03562500
v 0.00280000 -0.00110000 0.03542368
v 0.00367187 -0.00110000 0.03311320
v 0.00335000 -0.00110000 0.03542368
v 0.00307500 -0.00110000 0.03535000
v 0.00355131 -0.00110000 0.03562500
v 0.00362500 -0.00110000 0.03590000
v 0.00355131 -0.00110000 0.03617500
v 0.00335000 -0.00110000 0.03637631
v 0.00307500 -0.00110000 0.03645000
v 0.00280000 -0.00110000 0.03637631
v 0.00307500 -0.00110000 0.03305000
v 0.00247813 -0.00110000 0.03311320
v 0.00247813 0.00110000 0.03311320
v 0.00307500 0.00110000 0.03305000
v 0.00367187 0.00110000 0.03311320
v 0.00307500 -0.00297500 0.03645000
v 0.00280000 -0.00297500 0.03637631
v 0.00259869 -0.00297500 0.03617500
v 0.00252500 -0.00297500 0.03590000
v 0.00259869 -0.00297500 0.03562500
v 0.00280000 -0.00297500 0.03542368
v 0.00307500 -0.00297500 0.03535000
v 0.00335000 -0.00297500 0.03542368
v 0.00355131 -0.00297500 0.03562500
v 0.00362500 -0.00297500 0.03590000
v 0.00355131 -0.00297500 0.03617500
v 0.00335000 -0.00297500 0.03637631
v 0.00107500 -0.00289443 0.03168885
v 0.00507500 -0.00289443 0.03168885
v 0.00507500 0.00289443 0.03168885
v 0.00107500 0.00289443 0.03168885
v 0.00581595 0.00331323 0.00870001
v 0.00644329 0.00298409 0.00870001
v 0.00655380 0.00252752 0.00870001
v 0.00705954 0.00209121 0.00870001
v 0.00707301 0.00158291 0.00870001
v 0.00744423 0.00107686 0.00870001
v 0.00734111 0.00053899 0.00870001
v 0.00757500 0.00000005 0.00870001
v 0.00737503 0.00000005 0.00870001
v 0.00734111 -0.00053890 0.00870001
v 0.00744423 -0.00107689 0.00870001
v 0.00707301 -0.00158293 0.00870001
v 0.00705954 -0.00209124 0.00870001
v 0.00655380 -0.00252743 0.00870001
v 0.00644329 -0.00298400 0.00870001
v 0.00581595 -0.00331326 0.00870001
v 0.00563130 -0.00370343 0.00870001
v 0.00490585 -0.00389071 0.00870001
v 0.00467071 -0.00420757 0.00870001
v 0.00388077 -0.00422378 0.00870001
v 0.00361743 -0.00446720 0.00870001
v 0.00280502 -0.00429149 0.00870001
v 0.00253257 -0.00446720 0.00870001
v 0.00174620 -0.00408955 0.00870001
v 0.00147930 -0.00420757 0.00870001
v 0.00077095 -0.00363059 0.00870001
v 0.00051871 -0.00370343 0.00870001
v -0.00005958 -0.00294359 0.00870001
v -0.00029329 -0.00298400 0.00870001
v -0.00069312 -0.00207157 0.00870001
v -0.00090954 -0.00209124 0.00870001
v -0.00108990 -0.00106938 0.00870001
v -0.00129423 -0.00107689 0.00870001
v -0.00122503 0.00000005 0.00870001
v -0.00142500 0.00000005 0.00870001
v -0.00108990 0.00106935 0.00870001
v -0.00129423 0.00107686 0.00870001
v -0.00069312 0.00207155 0.00870001
v -0.00090954 0.00209121 0.00870001
v -0.00005958 0.00294356 0.00870001
v -0.00029329 0.00298409 0.00870001
v 0.00077095 0.00363056 0.00870001
v 0.00051871 0.00370340 0.00870001
v 0.00174620 0.00408952 0.00870001
v 0.00147930 0.00420754 0.00870001
v 0.00280502 0.00429146 0.00870001
v 0.00253257 0.00446717 0.00870001
v 0.00388077 0.00422387 0.00870001
v 0.00361743 0.00446717 0.00870001
v 0.00490585 0.00389080 0.00870001
v 0.00467071 0.00420754 0.00870001
v 0.00563130 0.00370340 0.00870001
v 0.00581595 -0.00331326 0.03550004
v 0.00644329 -0.00298400 0.03550004
v 0.00655380 -0.00252743 0.03550004
v 0.00705954 -0.00209124 0.03550004
v 0.00707301 -0.00158293 0.03550004
v 0.00744423 -0.00107689 0.03550004
v 0.00734111 -0.00053890 0.03550004
v 0.00757500 0.00000005 0.03550004
v 0.00737503 0.00000005 0.03550004
v 0.00734111 0.00053899 0.03550004
v 0.00744423 0.00107686 0.03550004
v 0.00707301 0.00158291 0.03550004
v 0.00705954 0.00209121 0.03550004
v 0.00655380 0.00252752 0.03550004
v 0.00644329 0.00298409 0.03550004
v 0.00581595 0.00331323 0.03550004
v 0.00563130 0.00370340 0.03550004
v 0.00490585 0.00389080 0.03550004
v 0.00467071 0.00420754 0.03550004
v 0.00388077 0.00422387 0.03550004
v 0.00361743 0.00446717 0.03550004
v 0.00280502 0.00429146 0.03550004
v 0.00253257 0.00446717 0.03550004
v 0.00174620 0.00408952 0.03550004
v 0.00147930 0.00420754 0.03550004
v 0.00077095 0.00363056 0.03550004
v 0.00051871 0.00370340 0.03550004
v -0.00005958 0.00294356 0.03550004
v -0.00029329 0.00298409 0.03550004
v -0.00069312 0.00207155 0.03550004
v -0.00090954 0.00209121 0.03550004
v -0.00108990 0.00106935 0.03550004
v -0.00129423 0.00107686 0.03550004
v -0.00122503 0.00000005 0.03550004
v -0.00142500 0.00000005 0.03550004
v -0.00108990 -0.00106938 0.03550004
v -0.00129423 -0.00107689 0.03550004
v -0.00069312 -0.00207157 0.03550004
v -0.00090954 -0.00209124 0.03550004
v -0.00005958 -0.00294359 0.03550004
v -0.00029329 -0.00298400 0.03550004
v 0.00077095 -0.00363059 0.03550004
v 0.00051871 -0.00370343 0.03550004
v 0.00174620 -0.00408955 0.03550004
v 0.00147930 -0.00420757 0.03550004
v 0.00280502 -0.00429149 0.03550004
v 0.00253257 -0.00446720 0.03550004
v 0.00388077 -0.00422378 0.03550004
v 0.00361743 -0.00446720 0.03550004
v 0.00490585 -0.00389071 0.03550004
v 0.00467071 -0.00420757 0.03550004
v 0.00563130 -0.00370343 0.03550004
v 0.00705954 -0.00209124 0.03426003
v 0.00730362 -0.00153907 0.03426003
v 0.00730362 -0.00153907 0.03330003
v 0.00730362 -0.00153907 0.03115999
v 0.00730362 -0.00153907 0.03020000
v 0.00744423 -0.00107689 0.02209996
v 0.00705954 -0.00209124 0.02496003
v 0.00730362 -0.00153907 0.02496003
v 0.00730362 -0.00153907 0.02709996
v 0.00730362 -0.00153907 0.02805995
v 0.00705954 -0.00209124 0.02805995
v 0.00644329 -0.00298400 0.03426003
v 0.00563130 -0.00370343 0.03426003
v 0.00467071 -0.00420757 0.03426003
v 0.00361743 -0.00446720 0.03426003
v 0.00253257 -0.00446720 0.03426003
v 0.00147930 -0.00420757 0.03426003
v 0.00051871 -0.00370343 0.03426003
v -0.00029329 -0.00298400 0.03426003
v -0.00090954 -0.00209124 0.03426003
v -0.00090954 -0.00209124 0.02400004
v -0.00115362 -0.00153907 0.02400004
v -0.00129423 -0.00107689 0.02209996
v -0.00115362 -0.00153907 0.02496003
v -0.00115362 -0.00153907 0.02709996
v -0.00115362 -0.00153907 0.02805995
v -0.00115362 -0.00153907 0.03115999
v -0.00115362 -0.00153907 0.03020000
v -0.00090954 -0.00209124 0.03020000
v -0.00115362 -0.00153907 0.03426003
v -0.00115362 -0.00153907 0.03330003
v -0.00090954 -0.00209124 0.03330003
v -0.00090954 -0.00209124 0.03115999
v -0.00029329 -0.00298400 0.03115999
v -0.00029329 -0.00298400 0.03330003
v 0.00051871 -0.00370343 0.03115999
v 0.00051871 -0.00370343 0.03330003
v 0.00147930 -0.00420757 0.03115999
v 0.00147930 -0.00420757 0.03330003
v 0.00253257 -0.00446720 0.03115999
v 0.00253257 -0.00446720 0.03330003
v 0.00361743 -0.00446720 0.03115999
v 0.00361743 -0.00446720 0.03330003
v 0.00467071 -0.00420757 0.03115999
v 0.00467071 -0.00420757 0.03330003
v 0.00563130 -0.00370343 0.03115999
v 0.00563130 -0.00370343 0.03330003
v 0.00644329 -0.00298400 0.03115999
v 0.00644329 -0.00298400 0.03330003
v 0.00705954 -0.00209124 0.03115999
v 0.00705954 -0.00209124 0.03330003
v -0.00090954 0.00209121 0.03426003
v -0.00115362 0.00153904 0.03426003
v -0.00115362 0.00153904 0.03330003
v -0.00115362 0.00153904 0.03115999
v -0.00115362 0.00153904 0.03020000
v -0.00129423 0.00107686 0.02209996
v -0.00090954 0.00209121 0.02496003
v -0.00115362 0.00153904 0.02496003
v -0.00115362 0.00153904 0.02709996
v -0.00115362 0.00153904 0.02805995
v -0.00090954 0.00209121 0.02805995
v -0.00029329 0.00298409 0.03426003
v 0.00051871 0.00370340 0.03426003
v 0.00147930 0.00420754 0.03426003
v 0.00253257 0.00446717 0.03426003
v 0.00361743 0.00446717 0.03426003
v 0.00467071 0.00420754 0.03426003
v 0.00563130 0.00370340 0.03426003
v 0.00644329 0.00298409 0.03426003
v 0.00705954 0.00209121 0.03426003
v 0.00705954 0.00209121 0.02400004
v 0.00730362 0.00153904 0.02400004
v 0.00744423 0.00107686 0.02209996
v 0.00730362 0.00153904 0.02496003
v 0.00730362 0.00153904 0.02709996
v 0.00730362 0.00153904 0.02805995
v 0.00730362 0.00153904 0.03115999
v 0.00730362 0.00153904 0.03020000
v 0.00705954 0.00209121 0.03020000
v 0.00730362 0.00153904 0.03426003
v 0.00730362 0.00153904 0.03330003
v 0.00705954 0.00209121 0.03330003
v 0.00705954 0.00209121 0.03115999
v 0.00644329 0.00298409 0.03115999
v 0.00644329 0.00298409 0.03330003
v 0.00563130 0.00370340 0.03115999
v 0.00563130 0.00370340 0.03330003
v 0.00467071 0.00420754 0.03115999
v 0.00467071 0.00420754 0.03330003
v 0.00361743 0.00446717 0.03115999
v 0.00361743 0.00446717 0.03330003
v 0.00253257 0.00446717 0.03115999
v 0.00253257 0.00446717 0.03330003
v 0.00147930 0.00420754 0.03115999
v 0.00147930 0.00420754 0.03330003
v 0.00051871 0.00370340 0.03115999
v 0.00051871 0.00370340 0.03330003
v -0.00029329 0.00298409 0.03115999
v -0.00029329 0.00298409 0.03330003
v -0.00090954 0.00209121 0.03115999
v -0.00090954 0.00209121 0.03330003
v 0.00705954 -0.00209124 0.02186000
v 0.00730362 -0.00153907 0.02186000
v 0.00730362 -0.00153907 0.02090000
v 0.00705954 -0.00209124 0.01256000
v 0.00730362 -0.00153907 0.01256000
v 0.00730362 -0.00153907 0.01470005
v 0.00730362 -0.00153907 0.01566004
v 0.00705954 -0.00209124 0.01566004
v 0.00730362 -0.00153907 0.01779997
v 0.00730362 -0.00153907 0.01875996
v 0.00705954 -0.00209124 0.01875996
v 0.00730362 -0.00153907 0.01160001
v -0.00090954 -0.00209124 0.01470005
v -0.00029329 -0.00298400 0.01256000
v -0.00029329 -0.00298400 0.01470005
v 0.00051871 -0.00370343 0.01256000
v 0.00051871 -0.00370343 0.01470005
v 0.00147930 -0.00420757 0.01256000
v 0.00147930 -0.00420757 0.01470005
v 0.00253257 -0.00446720 0.01256000
v 0.00253257 -0.00446720 0.01470005
v 0.00361743 -0.00446720 0.01256000
v 0.00361743 -0.00446720 0.01470005
v 0.00467071 -0.00420757 0.01256000
v 0.00467071 -0.00420757 0.01470005
v 0.00563130 -0.00370343 0.01256000
v 0.00563130 -0.00370343 0.01470005
v 0.00644329 -0.00298400 0.01256000
v 0.00644329 -0.00298400 0.01470005
v 0.00705954 -0.00209124 0.01470005
v -0.00090954 -0.00209124 0.01160001
v -0.00115362 -0.00153907 0.01160001
v -0.00115362 -0.00153907 0.01256000
v -0.00115362 -0.00153907 0.01566004
v -0.00115362 -0.00153907 0.01470005
v -0.00090954 -0.00209124 0.01256000
v -0.00090954 -0.00209124 0.02090000
v -0.00115362 -0.00153907 0.02090000
v -0.00115362 -0.00153907 0.01875996
v -0.00115362 -0.00153907 0.01779997
v -0.00029329 -0.00298400 0.01160001
v 0.00051871 -0.00370343 0.01160001
v 0.00147930 -0.00420757 0.01160001
v 0.00253257 -0.00446720 0.01160001
v 0.00361743 -0.00446720 0.01160001
v 0.00467071 -0.00420757 0.01160001
v 0.00563130 -0.00370343 0.01160001
v 0.00644329 -0.00298400 0.01160001
v 0.00705954 -0.00209124 0.01160001
v -0.00090954 -0.00209124 0.01566004
v -0.00090954 -0.00209124 0.01779997
v -0.00029329 -0.00298400 0.01566004
v -0.00029329 -0.00298400 0.01779997
v 0.00051871 -0.00370343 0.01566004
v 0.00051871 -0.00370343 0.01779997
v 0.00147930 -0.00420757 0.01566004
v 0.00147930 -0.00420757 0.01779997
v 0.00253257 -0.00446720 0.01566004
v 0.00253257 -0.00446720 0.01779997
v 0.00361743 -0.00446720 0.01566004
v 0.00361743 -0.00446720 0.01779997
v 0.00467071 -0.00420757 0.01566004
v 0.00467071 -0.00420757 0.01779997
v 0.00563130 -0.00370343 0.01566004
v 0.00563130 -0.00370343 0.01779997
v 0.00644329 -0.00298400 0.01566004
v 0.00644329 -0.00298400 0.01779997
v 0.00705954 -0.00209124 0.01779997
v -0.00090954 -0.00209124 0.01875996
v -0.00029329 -0.00298400 0.01875996
v -0.00029329 -0.00298400 0.02090000
v 0.00051871 -0.00370343 0.01875996
v 0.00051871 -0.00370343 0.02090000
v 0.00147930 -0.00420757 0.01875996
v 0.00147930 -0.00420757 0.02090000
v 0.00253257 -0.00446720 0.01875996
v 0.00253257 -0.00446720 0.02090000
v 0.00361743 -0.00446720 0.01875996
v 0.00361743 -0.00446720 0.02090000
v 0.00467071 -0.00420757 0.01875996
v 0.00467071 -0.00420757 0.02090000
v 0.00563130 -0.00370343 0.01875996
v 0.00563130 -0.00370343 0.02090000
v 0.00644329 -0.00298400 0.01875996
v 0.00644329 -0.00298400 0.02090000
v 0.00705954 -0.00209124 0.02090000
v -0.00115362 -0.00153907 0.02186000
v -0.00090954 -0.00209124 0.02186000
v -0.00090954 -0.00209124 0.02209996
v -0.00029329 -0.00298400 0.02186000
v -0.00029329 -0.00298400 0.02209996
v 0.00051871 -0.00370343 0.02186000
v 0.00051871 -0.00370343 0.02209996
v 0.00147930 -0.00420757 0.02186000
v 0.00147930 -0.00420757 0.02209996
v 0.00253257 -0.00446720 0.02186000
v 0.00253257 -0.00446720 0.02209996
v 0.00361743 -0.00446720 0.02186000
v 0.00361743 -0.00446720 0.02209996
v 0.00467071 -0.00420757 0.02186000
v 0.00467071 -0.00420757 0.02209996
v 0.00563130 -0.00370343 0.02186000
v 0.00563130 -0.00370343 0.02209996
v 0.00644329 -0.00298400 0.02186000
v 0.00644329 -0.00298400 0.02209996
v 0.00705954 -0.00209124 0.02209996
v 0.00730362 -0.00153907 0.02400004
v -0.00090954 -0.00209124 0.02496003
v -0.00090954 -0.00209124 0.02709996
v -0.00029329 -0.00298400 0.02496003
v -0.00029329 -0.00298400 0.02709996
v 0.00051871 -0.00370343 0.02496003
v 0.00051871 -0.00370343 0.02709996
v 0.00147930 -0.00420757 0.02496003
v 0.00147930 -0.00420757 0.02709996
v 0.00253257 -0.00446720 0.02496003
v 0.00253257 -0.00446720 0.02709996
v 0.00361743 -0.00446720 0.02496003
v 0.00361743 -0.00446720 0.02709996
v 0.00467071 -0.00420757 0.02496003
v 0.00467071 -0.00420757 0.02709996
v 0.00563130 -0.00370343 0.02496003
v 0.00563130 -0.00370343 0.02709996
v 0.00644329 -0.00298400 0.02496003
v 0.00644329 -0.00298400 0.02709996
v 0.00705954 -0.00209124 0.02709996
v -0.00029329 -0.00298400 0.02400004
v 0.00051871 -0.00370343 0.02400004
v 0.00147930 -0.00420757 0.02400004
v 0.00253257 -0.00446720 0.02400004
v 0.00361743 -0.00446720 0.02400004
v 0.00467071 -0.00420757 0.02400004
v 0.00563130 -0.00370343 0.02400004
v 0.00644329 -0.00298400 0.02400004
v 0.00705954 -0.00209124 0.02400004
v -0.00090954 -0.00209124 0.02805995
v -0.00029329 -0.00298400 0.02805995
v -0.00029329 -0.00298400 0.03020000
v 0.00051871 -0.00370343 0.02805995
v 0.00051871 -0.00370343 0.03020000
v 0.00147930 -0.00420757 0.02805995
v 0.00147930 -0.00420757 0.03020000
v 0.00253257 -0.00446720 0.02805995
v 0.00253257 -0.00446720 0.03020000
v 0.00361743 -0.00446720 0.02805995
v 0.00361743 -0.00446720 0.03020000
v 0.00467071 -0.00420757 0.02805995
v 0.00467071 -0.00420757 0.03020000
v 0.00563130 -0.00370343 0.02805995
v 0.00563130 -0.00370343 0.03020000
v 0.00644329 -0.00298400 0.02805995
v 0.00644329 -0.00298400 0.03020000
v 0.00705954 -0.00209124 0.03020000
v 0.00705954 0.00209121 0.02805995
v 0.00644329 0.00298409 0.02805995
v 0.00644329 0.00298409 0.03020000
v 0.00563130 0.00370340 0.02805995
v 0.00563130 0.00370340 0.03020000
v 0.00467071 0.00420754 0.02805995
v 0.00467071 0.00420754 0.03020000
v 0.00361743 0.00446717 0.02805995
v 0.00361743 0.00446717 0.03020000
v 0.00253257 0.00446717 0.02805995
v 0.00253257 0.00446717 0.03020000
v 0.00147930 0.00420754 0.02805995
v 0.00147930 0.00420754 0.03020000
v 0.00051871 0.00370340 0.02805995
v 0.00051871 0.00370340 0.03020000
v -0.00029329 0.00298409 0.02805995
v -0.00029329 0.00298409 0.03020000
v -0.00090954 0.00209121 0.03020000
v 0.00705954 0.00209121 0.02496003
v 0.00705954 0.00209121 0.02709996
v 0.00644329 0.00298409 0.02496003
v 0.00644329 0.00298409 0.02709996
v 0.00563130 0.00370340 0.02496003
v 0.00563130 0.00370340 0.02709996
v 0.00467071 0.00420754 0.02496003
v 0.00467071 0.00420754 0.02709996
v 0.00361743 0.00446717 0.02496003
v 0.00361743 0.00446717 0.02709996
v 0.00253257 0.00446717 0.02496003
v 0.00253257 0.00446717 0.02709996
v 0.00147930 0.00420754 0.02496003
v 0.00147930 0.00420754 0.02709996
v 0.00051871 0.00370340 0.02496003
v 0.00051871 0.00370340 0.02709996
v -0.00029329 0.00298409 0.02496003
v -0.00029329 0.00298409 0.02709996
v -0.00090954 0.00209121 0.02709996
v -0.00090954 0.00209121 0.02186000
v -0.00115362 0.00153904 0.02186000
v -0.00115362 0.00153904 0.02090000
v -0.00115362 0.00153904 0.01875996
v -0.00115362 0.00153904 0.01779997
v -0.00115362 0.00153904 0.01470005
v -0.00115362 0.00153904 0.01566004
v -0.00090954 0.00209121 0.01566004
v -0.00090954 0.00209121 0.01256000
v -0.00115362 0.00153904 0.01256000
v -0.00115362 0.00153904 0.01160001
v 0.00730362 0.00153904 0.02186000
v 0.00705954 0.00209121 0.02186000
v 0.00705954 0.00209121 0.02209996
v 0.00644329 0.00298409 0.02186000
v 0.00644329 0.00298409 0.02209996
v 0.00563130 0.00370340 0.02186000
v 0.00563130 0.00370340 0.02209996
v 0.00467071 0.00420754 0.02186000
v 0.00467071 0.00420754 0.02209996
v 0.00361743 0.00446717 0.02186000
v 0.00361743 0.00446717 0.02209996
v 0.00253257 0.00446717 0.02186000
v 0.00253257 0.00446717 0.02209996
v 0.00147930 0.00420754 0.02186000
v 0.00147930 0.00420754 0.02209996
v 0.00051871 0.00370340 0.02186000
v 0.00051871 0.00370340 0.02209996
v -0.00029329 0.00298409 0.02186000
v -0.00029329 0.00298409 0.02209996
v -0.00090954 0.00209121 0.02209996
v -0.00115362 0.00153904 0.02400004
v 0.00705954 0.00209121 0.01160001
v 0.00730362 0.00153904 0.01160001
v 0.00730362 0.00153904 0.01256000
v 0.00730362 0.00153904 0.01470005
v 0.00730362 0.00153904 0.01566004
v 0.00705954 0.00209121 0.02090000
v 0.00730362 0.00153904 0.02090000
v 0.00730362 0.00153904 0.01875996
v 0.00730362 0.00153904 0.01779997
v 0.00705954 0.00209121 0.01779997
v 0.00644329 0.00298409 0.02400004
v 0.00563130 0.00370340 0.02400004
v 0.00467071 0.00420754 0.02400004
v 0.00361743 0.00446717 0.02400004
v 0.00253257 0.00446717 0.02400004
v 0.00147930 0.00420754 0.02400004
v 0.00051871 0.00370340 0.02400004
v -0.00029329 0.00298409 0.02400004
v -0.00090954 0.00209121 0.02400004
v 0.00705954 0.00209121 0.01875996
v 0.00644329 0.00298409 0.01875996
v 0.00644329 0.00298409 0.02090000
v 0.00563130 0.00370340 0.01875996
v 0.00563130 0.00370340 0.02090000
v 0.00467071 0.00420754 0.01875996
v 0.00467071 0.00420754 0.02090000
v 0.00361743 0.00446717 0.01875996
v 0.00361743 0.00446717 0.02090000
v 0.00253257 0.00446717 0.01875996
v 0.00253257 0.00446717 0.02090000
v 0.00147930 0.00420754 0.01875996
v 0.00147930 0.00420754 0.02090000
v 0.00051871 0.00370340 0.01875996
v 0.00051871 0.00370340 0.02090000
v -0.00029329 0.00298409 0.01875996
v -0.00029329 0.00298409 0.02090000
v -0.00090954 0.00209121 0.01875996
v -0.00090954 0.00209121 0.02090000
v 0.00705954 0.00209121 0.01566004
v 0.00644329 0.00298409 0.01566004
v 0.00644329 0.00298409 0.01779997
v 0.00563130 0.00370340 0.01566004
v 0.00563130 0.00370340 0.01779997
v 0.00467071 0.00420754 0.01566004
v 0.00467071 0.00420754 0.01779997
v 0.00361743 0.00446717 0.01566004
v 0.00361743 0.00446717 0.01779997
v 0.00253257 0.00446717 0.01566004
v 0.00253257 0.00446717 0.01779997
v 0.00147930 0.00420754 0.01566004
v 0.00147930 0.00420754 0.01779997
v 0.00051871 0.00370340 0.01566004
v 0.00051871 0.00370340 0.01779997
v -0.00029329 0.00298409 0.01566004
v -0.00029329 0.00298409 0.01779997
v -0.00090954 0.00209121 0.01779997
v 0.00705954 0.00209121 0.01256000
v 0.00705954 0.00209121 0.01470005
v 0.00644329 0.00298409 0.01256000
v 0.00644329 0.00298409 0.01470005
v 0.00563130 0.00370340 0.01256000
v 0.00563130 0.00370340 0.01470005
v 0.00467071 0.00420754 0.01256000
v 0.00467071 0.00420754 0.01470005
v 0.00361743 0.00446717 0.01256000
v 0.00361743 0.00446717 0.01470005
v 0.00253257 0.00446717 0.01256000
v 0.00253257 0.00446717 0.01470005
v 0.00147930 0.00420754 0.01256000
v 0.00147930 0.00420754 0.01470005
v 0.00051871 0.00370340 0.01256000
v 0.00051871 0.00370340 0.01470005
v -0.00029329 0.00298409 0.01256000
v -0.00029329 0.00298409 0.01470005
v -0.00090954 0.00209121 0.01470005
v 0.00644329 0.00298409 0.01160001
v 0.00563130 0.00370340 0.01160001
v 0.00467071 0.00420754 0.01160001
v 0.00361743 0.00446717 0.01160001
v 0.00253257 0.00446717 0.01160001
v 0.00147930 0.00420754 0.01160001
v 0.00051871 0.00370340 0.01160001
v -0.00029329 0.00298409 0.01160001
v -0.00090954 0.00209121 0.01160001
v 0.00757500 0.00000005 0.02209996
v -0.00142500 0.00000005 0.02209996
v -0.00096569 -0.00147064 0.02709996
v -0.00069312 -0.00207157 0.02709996
v -0.00069312 -0.00207157 0.02496003
v -0.00096569 -0.00147064 0.02496003
v -0.00096569 -0.00147064 0.02400004
v -0.00108990 -0.00106938 0.02209996
v 0.00711569 -0.00147064 0.02709996
v 0.00711569 -0.00147064 0.02805995
v -0.00096569 -0.00147064 0.03426003
v -0.00069312 -0.00207157 0.03426003
v -0.00005958 -0.00294359 0.03426003
v 0.00077095 -0.00363059 0.03426003
v 0.00174620 -0.00408955 0.03426003
v 0.00280502 -0.00429149 0.03426003
v 0.00388077 -0.00422378 0.03426003
v 0.00490585 -0.00389071 0.03426003
v 0.00581595 -0.00331326 0.03426003
v 0.00655380 -0.00252743 0.03426003
v 0.00707301 -0.00158293 0.03426003
v 0.00711569 -0.00147064 0.03426003
v 0.00711569 -0.00147064 0.03330003
v -0.00096569 -0.00147064 0.03020000
v -0.00096569 -0.00147064 0.03115999
v -0.00096569 -0.00147064 0.03330003
v -0.00069312 -0.00207157 0.03115999
v -0.00069312 -0.00207157 0.03330003
v -0.00005958 -0.00294359 0.03115999
v -0.00005958 -0.00294359 0.03330003
v 0.00077095 -0.00363059 0.03115999
v 0.00077095 -0.00363059 0.03330003
v 0.00174620 -0.00408955 0.03115999
v 0.00174620 -0.00408955 0.03330003
v 0.00280502 -0.00429149 0.03115999
v 0.00280502 -0.00429149 0.03330003
v 0.00388077 -0.00422378 0.03115999
v 0.00388077 -0.00422378 0.03330003
v 0.00490585 -0.00389071 0.03115999
v 0.00490585 -0.00389071 0.03330003
v 0.00581595 -0.00331326 0.03115999
v 0.00581595 -0.00331326 0.03330003
v 0.00655380 -0.00252743 0.03115999
v 0.00655380 -0.00252743 0.03330003
v 0.00707301 -0.00158293 0.03115999
v 0.00707301 -0.00158293 0.03330003
v 0.00711569 -0.00147064 0.03115999
v -0.00096569 0.00147073 0.03020000
v -0.00096569 0.00147073 0.03115999
v 0.00711569 0.00147073 0.03020000
v 0.00734111 0.00053899 0.02209996
v 0.00711569 0.00147073 0.03115999
v 0.00711569 0.00147073 0.03330003
v 0.00707301 0.00158291 0.03115999
v 0.00707301 0.00158291 0.03330003
v 0.00655380 0.00252752 0.03115999
v 0.00655380 0.00252752 0.03330003
v 0.00581595 0.00331323 0.03115999
v 0.00581595 0.00331323 0.03330003
v 0.00490585 0.00389080 0.03115999
v 0.00490585 0.00389080 0.03330003
v 0.00388077 0.00422387 0.03115999
v 0.00388077 0.00422387 0.03330003
v 0.00280502 0.00429146 0.03115999
v 0.00280502 0.00429146 0.03330003
v 0.00174620 0.00408952 0.03115999
v 0.00174620 0.00408952 0.03330003
v 0.00077095 0.00363056 0.03115999
v 0.00077095 0.00363056 0.03330003
v -0.00005958 0.00294356 0.03115999
v -0.00005958 0.00294356 0.03330003
v -0.00069312 0.00207155 0.03115999
v -0.00069312 0.00207155 0.03330003
v -0.00096569 0.00147073 0.03330003
v -0.00096569 0.00147073 0.03426003
v -0.00069312 0.00207155 0.03426003
v -0.00005958 0.00294356 0.03426003
v 0.00077095 0.00363056 0.03426003
v 0.00174620 0.00408952 0.03426003
v 0.00280502 0.00429146 0.03426003
v 0.00388077 0.00422387 0.03426003
v 0.00490585 0.00389080 0.03426003
v 0.00581595 0.00331323 0.03426003
v 0.00655380 0.00252752 0.03426003
v 0.00707301 0.00158291 0.03426003
v 0.00711569 0.00147073 0.03426003
v -0.00096569 -0.00147064 0.01566004
v -0.00096569 -0.00147064 0.01470005
v 0.00711569 -0.00147064 0.01256000
v 0.00711569 -0.00147064 0.01470005
v 0.00707301 -0.00158293 0.01470005
v 0.00707301 -0.00158293 0.01256000
v 0.00655380 -0.00252743 0.01470005
v 0.00655380 -0.00252743 0.01256000
v 0.00581595 -0.00331326 0.01470005
v 0.00581595 -0.00331326 0.01256000
v 0.00490585 -0.00389071 0.01470005
v 0.00490585 -0.00389071 0.01256000
v 0.00388077 -0.00422378 0.01470005
v 0.00388077 -0.00422378 0.01256000
v 0.00280502 -0.00429149 0.01470005
v 0.00280502 -0.00429149 0.01256000
v 0.00174620 -0.00408955 0.01470005
v 0.00174620 -0.00408955 0.01256000
v 0.00077095 -0.00363059 0.01470005
v 0.00077095 -0.00363059 0.01256000
v -0.00005958 -0.00294359 0.01470005
v -0.00005958 -0.00294359 0.01256000
v -0.00069312 -0.00207157 0.01470005
v -0.00069312 -0.00207157 0.01256000
v -0.00096569 -0.00147064 0.01256000
v -0.00096569 -0.00147064 0.01160001
v -0.00069312 -0.00207157 0.01160001
v -0.00005958 -0.00294359 0.01160001
v 0.00077095 -0.00363059 0.01160001
v 0.00174620 -0.00408955 0.01160001
v 0.00280502 -0.00429149 0.01160001
v 0.00388077 -0.00422378 0.01160001
v 0.00490585 -0.00389071 0.01160001
v 0.00581595 -0.00331326 0.01160001
v 0.00655380 -0.00252743 0.01160001
v 0.00707301 -0.00158293 0.01160001
v 0.00711569 -0.00147064 0.01160001
v 0.00711569 -0.00147064 0.01875996
v 0.00734111 -0.00053890 0.02209996
v 0.00711569 -0.00147064 0.01779997
v 0.00711569 -0.00147064 0.01566004
v 0.00707301 -0.00158293 0.01779997
v 0.00707301 -0.00158293 0.01566004
v 0.00655380 -0.00252743 0.01779997
v 0.00655380 -0.00252743 0.01566004
v 0.00581595 -0.00331326 0.01779997
v 0.00581595 -0.00331326 0.01566004
v 0.00490585 -0.00389071 0.01779997
v 0.00490585 -0.00389071 0.01566004
v 0.00388077 -0.00422378 0.01779997
v 0.00388077 -0.00422378 0.01566004
v 0.00280502 -0.00429149 0.01779997
v 0.00280502 -0.00429149 0.01566004
v 0.00174620 -0.00408955 0.01779997
v 0.00174620 -0.00408955 0.01566004
v 0.00077095 -0.00363059 0.01779997
v 0.00077095 -0.00363059 0.01566004
v -0.00005958 -0.00294359 0.01779997
v -0.00005958 -0.00294359 0.01566004
v -0.00069312 -0.00207157 0.01779997
v -0.00069312 -0.00207157 0.01566004
v -0.00096569 -0.00147064 0.01779997
v -0.00096569 -0.00147064 0.02186000
v -0.00069312 -0.00207157 0.02186000
v -0.00069312 -0.00207157 0.02209996
v -0.00005958 -0.00294359 0.02186000
v -0.00005958 -0.00294359 0.02209996
v 0.00077095 -0.00363059 0.02186000
v 0.00077095 -0.00363059 0.02209996
v 0.00174620 -0.00408955 0.02186000
v 0.00174620 -0.00408955 0.02209996
v 0.00280502 -0.00429149 0.02186000
v 0.00280502 -0.00429149 0.02209996
v 0.00388077 -0.00422378 0.02186000
v 0.00388077 -0.00422378 0.02209996
v 0.00490585 -0.00389071 0.02186000
v 0.00490585 -0.00389071 0.02209996
v 0.00581595 -0.00331326 0.02186000
v 0.00581595 -0.00331326 0.02209996
v 0.00655380 -0.00252743 0.02186000
v 0.00655380 -0.00252743 0.02209996
v 0.00707301 -0.00158293 0.02186000
v 0.00707301 -0.00158293 0.02209996
v 0.00711569 -0.00147064 0.02186000
v 0.00711569 -0.00147064 0.02090000
v 0.00707301 -0.00158293 0.02090000
v 0.00707301 -0.00158293 0.01875996
v 0.00655380 -0.00252743 0.02090000
v 0.00655380 -0.00252743 0.01875996
v 0.00581595 -0.00331326 0.02090000
v 0.00581595 -0.00331326 0.01875996
v 0.00490585 -0.00389071 0.02090000
v 0.00490585 -0.00389071 0.01875996
v 0.00388077 -0.00422378 0.02090000
v 0.00388077 -0.00422378 0.01875996
v 0.00280502 -0.00429149 0.02090000
v 0.00280502 -0.00429149 0.01875996
v 0.00174620 -0.00408955 0.02090000
v 0.00174620 -0.00408955 0.01875996
v 0.00077095 -0.00363059 0.02090000
v 0.00077095 -0.00363059 0.01875996
v -0.00005958 -0.00294359 0.02090000
v -0.00005958 -0.00294359 0.01875996
v -0.00069312 -0.00207157 0.02090000
v -0.00069312 -0.00207157 0.01875996
v -0.00096569 -0.00147064 0.02090000
v -0.00096569 -0.00147064 0.01875996
v -0.00005958 -0.00294359 0.02496003
v -0.00005958 -0.00294359 0.02709996
v 0.00077095 -0.00363059 0.02496003
v 0.00077095 -0.00363059 0.02709996
v 0.00174620 -0.00408955 0.02496003
v 0.00174620 -0.00408955 0.02709996
v 0.00280502 -0.00429149 0.02496003
v 0.00280502 -0.00429149 0.02709996
v 0.00388077 -0.00422378 0.02496003
v 0.00388077 -0.00422378 0.02709996
v 0.00490585 -0.00389071 0.02496003
v 0.00490585 -0.00389071 0.02709996
v 0.00581595 -0.00331326 0.02496003
v 0.00581595 -0.00331326 0.02709996
v 0.00655380 -0.00252743 0.02496003
v 0.00655380 -0.00252743 0.02709996
v 0.00707301 -0.00158293 0.02496003
v 0.00707301 -0.00158293 0.02709996
v 0.00711569 -0.00147064 0.02496003
v -0.00069312 -0.00207157 0.02400004
v -0.00005958 -0.00294359 0.02400004
v 0.00077095 -0.00363059 0.02400004
v 0.00174620 -0.00408955 0.02400004
v 0.00280502 -0.00429149 0.02400004
v 0.00388077 -0.00422378 0.02400004
v 0.00490585 -0.00389071 0.02400004
v 0.00581595 -0.00331326 0.02400004
v 0.00655380 -0.00252743 0.02400004
v 0.00707301 -0.00158293 0.02400004
v 0.00711569 -0.00147064 0.02400004
v -0.00096569 -0.00147064 0.02805995
v -0.00069312 -0.00207157 0.02805995
v -0.00069312 -0.00207157 0.03020000
v -0.00005958 -0.00294359 0.02805995
v -0.00005958 -0.00294359 0.03020000
v 0.00077095 -0.00363059 0.02805995
v 0.00077095 -0.00363059 0.03020000
v 0.00174620 -0.00408955 0.02805995
v 0.00174620 -0.00408955 0.03020000
v 0.00280502 -0.00429149 0.02805995
v 0.00280502 -0.00429149 0.03020000
v 0.00388077 -0.00422378 0.02805995
v 0.00388077 -0.00422378 0.03020000
v 0.00490585 -0.00389071 0.02805995
v 0.00490585 -0.00389071 0.03020000
v 0.00581595 -0.00331326 0.02805995
v 0.00581595 -0.00331326 0.03020000
v 0.00655380 -0.00252743 0.02805995
v 0.00655380 -0.00252743 0.03020000
v 0.00707301 -0.00158293 0.02805995
v 0.00707301 -0.00158293 0.03020000
v 0.00711569 -0.00147064 0.03020000
v 0.00711569 0.00147073 0.02709996
v 0.00711569 0.00147073 0.02805995
v 0.00707301 0.00158291 0.02805995
v 0.00707301 0.00158291 0.03020000
v 0.00655380 0.00252752 0.02805995
v 0.00655380 0.00252752 0.03020000
v 0.00581595 0.00331323 0.02805995
v 0.00581595 0.00331323 0.03020000
v 0.00490585 0.00389080 0.02805995
v 0.00490585 0.00389080 0.03020000
v 0.00388077 0.00422387 0.02805995
v 0.00388077 0.00422387 0.03020000
v 0.00280502 0.00429146 0.02805995
v 0.00280502 0.00429146 0.03020000
v 0.00174620 0.00408952 0.02805995
v 0.00174620 0.00408952 0.03020000
v 0.00077095 0.00363056 0.02805995
v 0.00077095 0.00363056 0.03020000
v -0.00005958 0.00294356 0.02805995
v -0.00005958 0.00294356 0.03020000
v -0.00069312 0.00207155 0.02805995
v -0.00069312 0.00207155 0.03020000
v -0.00096569 0.00147073 0.02805995
v 0.00711569 0.00147073 0.02400004
v 0.00711569 0.00147073 0.02496003
v 0.00707301 0.00158291 0.02496003
v 0.00707301 0.00158291 0.02709996
v 0.00655380 0.00252752 0.02496003
v 0.00655380 0.00252752 0.02709996
v 0.00581595 0.00331323 0.02496003
v 0.00581595 0.00331323 0.02709996
v 0.00490585 0.00389080 0.02496003
v 0.00490585 0.00389080 0.02709996
v 0.00388077 0.00422387 0.02496003
v 0.00388077 0.00422387 0.02709996
v 0.00280502 0.00429146 0.02496003
v 0.00280502 0.00429146 0.02709996
v 0.00174620 0.00408952 0.02496003
v 0.00174620 0.00408952 0.02709996
v 0.00077095 0.00363056 0.02496003
v 0.00077095 0.00363056 0.02709996
v -0.00005958 0.00294356 0.02496003
v -0.00005958 0.00294356 0.02709996
v -0.00069312 0.00207155 0.02496003
v -0.00069312 0.00207155 0.02709996
v -0.00096569 0.00147073 0.02496003
v -0.00096569 0.00147073 0.02709996
v -0.00096569 0.00147073 0.02400004
v -0.00108990 0.00106935 0.02209996
v -0.00069312 0.00207155 0.02400004
v -0.00069312 0.00207155 0.02209996
v -0.00005958 0.00294356 0.02400004
v -0.00005958 0.00294356 0.02209996
v 0.00077095 0.00363056 0.02400004
v 0.00077095 0.00363056 0.02209996
v 0.00174620 0.00408952 0.02400004
v 0.00174620 0.00408952 0.02209996
v 0.00280502 0.00429146 0.02400004
v 0.00280502 0.00429146 0.02209996
v 0.00388077 0.00422387 0.02400004
v 0.00388077 0.00422387 0.02209996
v 0.00490585 0.00389080 0.02400004
v 0.00490585 0.00389080 0.02209996
v 0.00581595 0.00331323 0.02400004
v 0.00581595 0.00331323 0.02209996
v 0.00655380 0.00252752 0.02400004
v 0.00655380 0.00252752 0.02209996
v 0.00707301 0.00158291 0.02400004
v 0.00707301 0.00158291 0.02209996
v 0.00711569 0.00147073 0.02186000
v 0.00711569 0.00147073 0.02090000
v 0.00707301 0.00158291 0.02090000
v 0.00707301 0.00158291 0.01875996
v 0.00711569 0.00147073 0.01875996
v 0.00711569 0.00147073 0.01779997
v -0.00096569 0.00147073 0.01779997
v -0.00096569 0.00147073 0.01875996
v 0.00655380 0.00252752 0.01875996
v 0.00655380 0.00252752 0.02090000
v 0.00581595 0.00331323 0.01875996
v 0.00581595 0.00331323 0.02090000
v 0.00490585 0.00389080 0.01875996
v 0.00490585 0.00389080 0.02090000
v 0.00388077 0.00422387 0.01875996
v 0.00388077 0.00422387 0.02090000
v 0.00280502 0.00429146 0.01875996
v 0.00280502 0.00429146 0.02090000
v 0.00174620 0.00408952 0.01875996
v 0.00174620 0.00408952 0.02090000
v 0.00077095 0.00363056 0.01875996
v 0.00077095 0.00363056 0.02090000
v -0.00005958 0.00294356 0.01875996
v -0.00005958 0.00294356 0.02090000
v -0.00069312 0.00207155 0.01875996
v -0.00069312 0.00207155 0.02090000
v -0.00096569 0.00147073 0.02090000
v -0.00096569 0.00147073 0.02186000
v -0.00069312 0.00207155 0.02186000
v -0.00005958 0.00294356 0.02186000
v 0.00077095 0.00363056 0.02186000
v 0.00174620 0.00408952 0.02186000
v 0.00280502 0.00429146 0.02186000
v 0.00388077 0.00422387 0.02186000
v 0.00490585 0.00389080 0.02186000
v 0.00581595 0.00331323 0.02186000
v 0.00655380 0.00252752 0.02186000
v 0.00707301 0.00158291 0.02186000
v 0.00711569 0.00147073 0.01470005
v 0.00711569 0.00147073 0.01566004
v 0.00707301 0.00158291 0.01566004
v 0.00707301 0.00158291 0.01779997
v 0.00655380 0.00252752 0.01566004
v 0.00655380 0.00252752 0.01779997
v 0.00581595 0.00331323 0.01566004
v 0.00581595 0.00331323 0.01779997
v 0.00490585 0.00389080 0.01566004
v 0.00490585 0.00389080 0.01779997
v 0.00388077 0.00422387 0.01566004
v 0.00388077 0.00422387 0.01779997
v 0.00280502 0.00429146 0.01566004
v 0.00280502 0.00429146 0.01779997
v 0.00174620 0.00408952 0.01566004
v 0.00174620 0.00408952 0.01779997
v 0.00077095 0.00363056 0.01566004
v 0.00077095 0.00363056 0.01779997
v -0.00005958 0.00294356 0.01566004
v -0.00005958 0.00294356 0.01779997
v -0.00069312 0.00207155 0.01566004
v -0.00069312 0.00207155 0.01779997
v -0.00096569 0.00147073 0.01566004
v -0.00096569 0.00147073 0.01470005
v -0.00096569 0.00147073 0.01256000
v -0.00069312 0.00207155 0.01470005
v -0.00069312 0.00207155 0.01256000
v -0.00005958 0.00294356 0.01470005
v -0.00005958 0.00294356 0.01256000
v 0.00077095 0.00363056 0.01470005
v 0.00077095 0.00363056 0.01256000
v 0.00174620 0.00408952 0.01470005
v 0.00174620 0.00408952 0.01256000
v 0.00280502 0.00429146 0.01470005
v 0.00280502 0.00429146 0.01256000
v 0.00388077 0.00422387 0.01470005
v 0.00388077 0.00422387 0.01256000
v 0.00490585 0.00389080 0.01470005
v 0.00490585 0.00389080 0.01256000
v 0.00581595 0.00331323 0.01470005
v 0.00581595 0.00331323 0.01256000
v 0.00655380 0.00252752 0.01470005
v 0.00655380 0.00252752 0.01256000
v 0.00707301 0.00158291 0.01470005
v 0.00707301 0.00158291 0.01256000
v 0.00711569 0.00147073 0.01256000
v 0.00711569 0.00147073 0.01160001
v 0.00707301 0.00158291 0.01160001
v 0.00655380 0.00252752 0.01160001
v 0.00581595 0.00331323 0.01160001
v 0.00490585 0.00389080 0.01160001
v 0.00388077 0.00422387 0.01160001
v 0.00280502 0.00429146 0.01160001
v 0.00174620 0.00408952 0.01160001
v 0.00077095 0.00363056 0.01160001
v -0.00005958 0.00294356 0.01160001
v -0.00069312 0.00207155 0.01160001
v -0.00096569 0.00147073 0.01160001
v -0.00122503 0.00000005 0.02209996
v 0.01055917 0.00245003 0.03530001
v 0.01055917 0.00245003 0.03426003
v 0.01001247 0.00372653 0.03426003
v 0.01001247 0.00372653 0.03530001
v 0.00924995 0.00488727 0.03426003
v 0.00924995 0.00488727 0.03530001
v 0.00829544 0.00589602 0.03426003
v 0.00829544 0.00589602 0.03530001
v 0.00717857 0.00672130 0.03426003
v 0.00717857 0.00672130 0.03530001
v 0.00593409 0.00733762 0.03426003
v 0.00593409 0.00733762 0.03530001
v 0.00460073 0.00772576 0.03426003
v 0.00460073 0.00772576 0.03530001
v 0.00321987 0.00787370 0.03426003
v 0.00321987 0.00787370 0.03530001
v 0.00183454 0.00777666 0.03426003
v 0.00183454 0.00777666 0.03530001
v 0.00048777 0.00743787 0.03426003
v 0.00048777 0.00743787 0.03530001
v -0.00077859 0.00686769 0.03426003
v -0.00077859 0.00686769 0.03530001
v -0.00192502 0.00608401 0.03426003
v -0.00192502 0.00608401 0.03530001
v -0.00291601 0.00511114 0.03426003
v -0.00291601 0.00511114 0.03530001
v -0.00372067 0.00397925 0.03426003
v -0.00372067 0.00397925 0.03530001
v -0.00431398 0.00272362 0.03426003
v -0.00431398 0.00272362 0.03530001
v -0.00467757 0.00138335 0.03426003
v -0.00467757 0.00138335 0.03530001
v -0.00479999 0.00000005 0.03426003
v -0.00479999 0.00000005 0.03530001
v -0.00467757 -0.00138338 0.03426003
v -0.00467757 -0.00138338 0.03530001
v -0.00431398 -0.00272365 0.03426003
v -0.00431398 -0.00272365 0.03530001
v -0.00372067 -0.00397928 0.03426003
v -0.00372067 -0.00397928 0.03530001
v -0.00291601 -0.00511105 0.03426003
v -0.00291601 -0.00511105 0.03530001
v -0.00192502 -0.00608404 0.03426003
v -0.00192502 -0.00608404 0.03530001
v -0.00077859 -0.00686772 0.03426003
v -0.00077859 -0.00686772 0.03530001
v 0.00048777 -0.00743790 0.03426003
v 0.00048777 -0.00743790 0.03530001
v 0.00183454 -0.00777669 0.03426003
v 0.00183454 -0.00777669 0.03530001
v 0.00321987 -0.00787361 0.03426003
v 0.00321987 -0.00787361 0.03530001
v 0.00460073 -0.00772579 0.03426003
v 0.00460073 -0.00772579 0.03530001
v 0.00593409 -0.00733764 0.03426003
v 0.00593409 -0.00733764 0.03530001
v 0.00717857 -0.00672133 0.03426003
v 0.00717857 -0.00672133 0.03530001
v 0.00829544 -0.00589593 0.03426003
v 0.00829544 -0.00589593 0.03530001
v 0.00924995 -0.00488730 0.03426003
v 0.00924995 -0.00488730 0.03530001
v 0.01001247 -0.00372656 0.03426003
v 0.01001247 -0.00372656 0.03530001
v 0.01055917 -0.00244994 0.03426003
v 0.01055917 -0.00244994 0.03530001
v 0.00462267 0.00425212 0.03550004
v 0.00360033 0.00449435 0.03550004
v 0.00360033 0.00449435 0.03426003
v 0.00307497 0.00452499 0.03550004
v 0.00254968 0.00449435 0.03426003
v 0.00254968 0.00449435 0.03550004
v 0.00152734 0.00425212 0.03426003
v 0.00152734 0.00425212 0.03550004
v 0.00058844 0.00378053 0.03426003
v 0.00058844 0.00378053 0.03550004
v -0.00021634 0.00310521 0.03426003
v -0.00021634 0.00310521 0.03550004
v -0.00084374 0.00226252 0.03426003
v -0.00084374 0.00226252 0.03550004
v -0.00125990 0.00129776 0.03426003
v -0.00125990 0.00129776 0.03550004
v -0.00144235 0.00026314 0.03426003
v -0.00144235 0.00026314 0.03550004
v -0.00138125 -0.00078578 0.03426003
v -0.00138125 -0.00078578 0.03550004
v -0.00107995 -0.00179227 0.03426003
v -0.00107995 -0.00179227 0.03550004
v -0.00055459 -0.00270219 0.03426003
v -0.00055459 -0.00270219 0.03550004
v 0.00016638 -0.00346632 0.03426003
v 0.00016638 -0.00346632 0.03550004
v 0.00104418 -0.00404365 0.03426003
v 0.00104418 -0.00404365 0.03550004
v 0.00203147 -0.00440307 0.03426003
v 0.00203147 -0.00440307 0.03550004
v 0.00307497 -0.00452502 0.03426003
v 0.00307497 -0.00452502 0.03550004
v 0.00411853 -0.00440307 0.03426003
v 0.00411853 -0.00440307 0.03550004
v 0.00510582 -0.00404365 0.03426003
v 0.00510582 -0.00404365 0.03550004
v 0.00598362 -0.00346632 0.03426003
v 0.00598362 -0.00346632 0.03550004
v 0.00670460 -0.00270219 0.03426003
v 0.00670460 -0.00270219 0.03550004
v 0.00722995 -0.00179227 0.03426003
v 0.00722995 -0.00179227 0.03550004
v 0.00753125 -0.00078578 0.03426003
v 0.00753125 -0.00078578 0.03550004
v 0.00759235 0.00026314 0.03426003
v 0.00759235 0.00026314 0.03550004
v 0.00740990 0.00129776 0.03426003
v 0.00740990 0.00129776 0.03550004
v 0.00699374 0.00226252 0.03426003
v 0.00699374 0.00226252 0.03550004
v 0.00636634 0.00310521 0.03426003
v 0.00636634 0.00310521 0.03550004
v 0.00556156 0.00378053 0.03426003
v 0.00556156 0.00378053 0.03550004
v 0.00462267 0.00425212 0.03426003
v 0.01157501 0.00080006 0.03550004
v 0.01177498 0.00099997 0.03550004
v 0.01131454 0.00099997 0.03550004
v 0.01131454 -0.00100000 0.03550004
v 0.01177498 -0.00100000 0.03550004
v 0.01157501 -0.00079997 0.03550004
v 0.01106420 0.00225000 0.03550004
v 0.01041278 0.00225000 0.03550004
v 0.01106420 -0.00225003 0.03550004
v 0.01041278 -0.00225003 0.03550004
v 0.00456193 0.00752954 0.03550004
v 0.00321617 0.00767367 0.03550004
v 0.01036909 0.00238781 0.03550004
v -0.00448063 -0.00134821 0.03550004
v -0.00460002 0.00000005 0.03550004
v -0.00448063 0.00134818 0.03550004
v -0.00412634 0.00265448 0.03550004
v -0.00354812 0.00387816 0.03550004
v -0.00276384 0.00498132 0.03550004
v -0.00179807 0.00592952 0.03550004
v -0.00068072 0.00669329 0.03550004
v 0.00586149 -0.00715132 0.03550004
v 0.00707438 -0.00655062 0.03550004
v 0.00816288 -0.00574620 0.03550004
v 0.00909313 -0.00476320 0.03550004
v 0.00983628 0.00363199 0.03550004
v 0.00909313 0.00476317 0.03550004
v 0.00586149 0.00715129 0.03550004
v 0.00816288 0.00574629 0.03550004
v 0.00707438 0.00655060 0.03550004
v 0.01036909 -0.00238784 0.03550004
v 0.00983628 -0.00363190 0.03550004
v -0.00412634 -0.00265451 0.03550004
v -0.00354812 -0.00387819 0.03550004
v -0.00276384 -0.00498135 0.03550004
v -0.00179807 -0.00592954 0.03550004
v -0.00068072 -0.00669332 0.03550004
v 0.00055346 -0.00724895 0.03550004
v 0.00186601 -0.00757916 0.03550004
v 0.00321617 -0.00767370 0.03550004
v 0.00456193 -0.00752957 0.03550004
v 0.00055346 0.00724892 0.03550004
v 0.00186601 0.00757913 0.03550004
v 0.01091543 -0.00244994 0.03349995
v 0.01055917 -0.00244994 0.03349995
v 0.01085171 -0.00124045 0.03349995
v 0.01085171 0.00124054 0.03349995
v 0.01055917 0.00245003 0.03349995
v 0.01101425 0.00245003 0.03349995
v 0.01407501 0.00080006 0.03349995
v 0.01407501 -0.00079997 0.03349995
v 0.01153728 0.00080006 0.03349995
v 0.01153728 -0.00079997 0.03349995
v 0.01126906 -0.00226004 0.03349995
v 0.01129302 0.00217120 0.03349995
v 0.01095000 0.00000005 0.03349995
v 0.01143589 -0.00153144 0.03349995
v 0.01276859 -0.00100000 0.03537082
v 0.01266136 -0.00100000 0.03567731
v 0.01151594 -0.00100000 0.03369998
v 0.01407501 -0.00100000 0.03369998
v 0.01151594 -0.00100000 0.03530001
v 0.01177498 -0.00100000 0.03600001
v 0.01262501 -0.00100000 0.03600001
v 0.01188758 -0.00100000 0.03671073
v 0.01375237 -0.00100000 0.03458630
v 0.01344588 -0.00100000 0.03469359
v 0.01317092 -0.00100000 0.03486633
v 0.01294133 -0.00100000 0.03509592
v 0.01626244 -0.00100000 0.03671073
v 0.01548865 -0.00100000 0.03632271
v 0.01637497 -0.00100000 0.03600001
v 0.01552501 -0.00100000 0.03600001
v 0.01626244 -0.00100000 0.03528928
v 0.01478573 -0.00100000 0.03381252
v 0.01439765 -0.00100000 0.03458630
v 0.01407501 -0.00100000 0.03454994
v 0.01266136 -0.00100000 0.03632271
v 0.01276859 -0.00100000 0.03662907
v 0.01221427 -0.00100000 0.03735196
v 0.01294133 -0.00100000 0.03690409
v 0.01272312 -0.00100000 0.03786074
v 0.01317092 -0.00100000 0.03713369
v 0.01336428 -0.00100000 0.03818738
v 0.01344588 -0.00100000 0.03730642
v 0.01375237 -0.00100000 0.03741359
v 0.01407501 -0.00100000 0.03830003
v 0.01407501 -0.00100000 0.03744995
v 0.01478573 -0.00100000 0.03818738
v 0.01439765 -0.00100000 0.03741359
v 0.01470414 -0.00100000 0.03730642
v 0.01542690 -0.00100000 0.03786074
v 0.01497903 -0.00100000 0.03713369
v 0.01593575 -0.00100000 0.03735196
v 0.01520863 -0.00100000 0.03690409
v 0.01538142 -0.00100000 0.03662907
v 0.01548865 -0.00100000 0.03567731
v 0.01538142 -0.00100000 0.03537082
v 0.01593575 -0.00100000 0.03464805
v 0.01520863 -0.00100000 0.03509592
v 0.01542690 -0.00100000 0.03413927
v 0.01497903 -0.00100000 0.03486633
v 0.01470414 -0.00100000 0.03469359
v 0.01407501 0.00099997 0.03369998
v 0.01151594 0.00099997 0.03369998
v 0.01151594 0.00099997 0.03530001
v 0.01478573 0.00099997 0.03818738
v 0.01439765 0.00099997 0.03741359
v 0.01407501 0.00099997 0.03830003
v 0.01407501 0.00099997 0.03744995
v 0.01336428 0.00099997 0.03818738
v 0.01375237 0.00099997 0.03741359
v 0.01344588 0.00099997 0.03730642
v 0.01272312 0.00099997 0.03786074
v 0.01317092 0.00099997 0.03713369
v 0.01221427 0.00099997 0.03735196
v 0.01294133 0.00099997 0.03690409
v 0.01188758 0.00099997 0.03671073
v 0.01344588 0.00099997 0.03469359
v 0.01317092 0.00099997 0.03486633
v 0.01294133 0.00099997 0.03509592
v 0.01276859 0.00099997 0.03537082
v 0.01276859 0.00099997 0.03662907
v 0.01266136 0.00099997 0.03632271
v 0.01177498 0.00099997 0.03600001
v 0.01262501 0.00099997 0.03600001
v 0.01266136 0.00099997 0.03567731
v 0.01626244 0.00099997 0.03528928
v 0.01548865 0.00099997 0.03567731
v 0.01637497 0.00099997 0.03600001
v 0.01552501 0.00099997 0.03600001
v 0.01626244 0.00099997 0.03671073
v 0.01375237 0.00099997 0.03458630
v 0.01407501 0.00099997 0.03454994
v 0.01478573 0.00099997 0.03381252
v 0.01548865 0.00099997 0.03632271
v 0.01538142 0.00099997 0.03662907
v 0.01593575 0.00099997 0.03735196
v 0.01520863 0.00099997 0.03690409
v 0.01542690 0.00099997 0.03786074
v 0.01497903 0.00099997 0.03713369
v 0.01470414 0.00099997 0.03730642
v 0.01439765 0.00099997 0.03458630
v 0.01470414 0.00099997 0.03469359
v 0.01542690 0.00099997 0.03413927
v 0.01497903 0.00099997 0.03486633
v 0.01593575 0.00099997 0.03464805
v 0.01520863 0.00099997 0.03509592
v 0.01538142 0.00099997 0.03537082
v 0.01435312 0.00080006 0.03721868
v 0.01435312 -0.00079997 0.03721868
v 0.01407501 0.00080006 0.03725003
v 0.01407501 -0.00079997 0.03725003
v 0.01379683 0.00080006 0.03721868
v 0.01379683 -0.00079997 0.03721868
v 0.01353267 0.00080006 0.03712618
v 0.01353267 -0.00079997 0.03712618
v 0.01329562 0.00080006 0.03697728
v 0.01329562 -0.00079997 0.03697728
v 0.01309773 0.00080006 0.03677940
v 0.01309773 -0.00079997 0.03677940
v 0.01294878 0.00080006 0.03654241
v 0.01294878 -0.00079997 0.03654241
v 0.01285633 0.00080006 0.03627812
v 0.01285633 -0.00079997 0.03627812
v 0.01282498 0.00080006 0.03600001
v 0.01282498 -0.00079997 0.03600001
v 0.01285633 0.00080006 0.03572189
v 0.01285633 -0.00079997 0.03572189
v 0.01294878 0.00080006 0.03545760
v 0.01294878 -0.00079997 0.03545760
v 0.01309773 0.00080006 0.03522062
v 0.01309773 -0.00079997 0.03522062
v 0.01329562 0.00080006 0.03502273
v 0.01329562 -0.00079997 0.03502273
v 0.01353267 0.00080006 0.03487384
v 0.01353267 -0.00079997 0.03487384
v 0.01379683 0.00080006 0.03478133
v 0.01379683 -0.00079997 0.03478133
v 0.01407501 0.00080006 0.03474998
v 0.01407501 -0.00079997 0.03474998
v 0.01435312 0.00080006 0.03478133
v 0.01435312 -0.00079997 0.03478133
v 0.01461735 0.00080006 0.03487384
v 0.01461735 -0.00079997 0.03487384
v 0.01485434 0.00080006 0.03502273
v 0.01485434 -0.00079997 0.03502273
v 0.01505229 0.00080006 0.03522062
v 0.01505229 -0.00079997 0.03522062
v 0.01520124 0.00080006 0.03545760
v 0.01520124 -0.00079997 0.03545760
v 0.01529368 0.00080006 0.03572189
v 0.01529368 -0.00079997 0.03572189
v 0.01532498 0.00080006 0.03600001
v 0.01532498 -0.00079997 0.03600001
v 0.01529368 0.00080006 0.03627812
v 0.01529368 -0.00079997 0.03627812
v 0.01520124 0.00080006 0.03654241
v 0.01520124 -0.00079997 0.03654241
v 0.01505229 0.00080006 0.03677940
v 0.01505229 -0.00079997 0.03677940
v 0.01485434 0.00080006 0.03697728
v 0.01485434 -0.00079997 0.03697728
v 0.01461735 0.00080006 0.03712618
v 0.01461735 -0.00079997 0.03712618
v 0.01407501 0.00080006 0.03849994
v 0.01407501 -0.00079997 0.03849994
v 0.01484754 -0.00079997 0.03837764
v 0.01484754 0.00080006 0.03837764
v 0.01554444 -0.00079997 0.03802251
v 0.01554444 0.00080006 0.03802251
v 0.01609751 -0.00079997 0.03746950
v 0.01609751 0.00080006 0.03746950
v 0.01645264 -0.00079997 0.03677260
v 0.01645264 0.00080006 0.03677260
v 0.01657501 -0.00079997 0.03600001
v 0.01657501 0.00080006 0.03600001
v 0.01645264 -0.00079997 0.03522741
v 0.01645264 0.00080006 0.03522741
v 0.01609751 -0.00079997 0.03453051
v 0.01609751 0.00080006 0.03453051
v 0.01554444 -0.00079997 0.03397750
v 0.01554444 0.00080006 0.03397750
v 0.01484754 -0.00079997 0.03362238
v 0.01484754 0.00080006 0.03362238
v 0.01157501 -0.00079997 0.03600001
v 0.01157501 0.00080006 0.03600001
v 0.01169738 -0.00079997 0.03677260
v 0.01169738 0.00080006 0.03677260
v 0.01205244 -0.00079997 0.03746950
v 0.01205244 0.00080006 0.03746950
v 0.01260552 -0.00079997 0.03802251
v 0.01260552 0.00080006 0.03802251
v 0.01330247 -0.00079997 0.03837764
v 0.01330247 0.00080006 0.03837764
v 0.01129302 0.00217120 0.03530001
v 0.01101425 0.00245003 0.03530001
v 0.01091543 -0.00244994 0.03530001
v 0.01143589 -0.00153144 0.03530001
v 0.01126906 -0.00226004 0.03530001
v -0.00210586 0.00084941 0.03426003
v -0.00180212 0.00194328 0.03426003
v -0.00127039 0.00294618 0.03426003
v -0.00053540 0.00381152 0.03426003
v 0.00036832 0.00449853 0.03426003
v 0.00139865 0.00497513 0.03426003
v 0.00250736 0.00521927 0.03426003
v 0.00364265 0.00521927 0.03426003
v 0.00475135 0.00497513 0.03426003
v 0.00578168 0.00449853 0.03426003
v 0.00668540 0.00381152 0.03426003
v 0.00742039 0.00294618 0.03426003
v 0.00795212 0.00194328 0.03426003
v 0.00825587 0.00084941 0.03426003
v 0.00831732 -0.00028427 0.03426003
v 0.00813362 -0.00140448 0.03426003
v 0.00771346 -0.00245912 0.03426003
v 0.00707635 -0.00339873 0.03426003
v 0.00625214 -0.00417943 0.03426003
v 0.00527939 -0.00476475 0.03426003
v 0.00420358 -0.00512727 0.03426003
v 0.00307497 -0.00525005 0.03426003
v 0.00194642 -0.00512727 0.03426003
v 0.00087055 -0.00476475 0.03426003
v -0.00010214 -0.00417943 0.03426003
v -0.00092635 -0.00339873 0.03426003
v -0.00156346 -0.00245912 0.03426003
v -0.00198362 -0.00140448 0.03426003
v -0.00216732 -0.00028427 0.03426003
v -0.00414405 0.00066893 0.03426003
v -0.00389824 0.00198405 0.03426003
v -0.00341496 0.00323157 0.03426003
v -0.00271061 0.00436907 0.03426003
v -0.00180927 0.00535779 0.03426003
v -0.00074163 0.00616412 0.03426003
v 0.00045600 0.00676040 0.03426003
v 0.00174281 0.00712650 0.03426003
v 0.00307497 0.00725000 0.03426003
v 0.00440719 0.00712650 0.03426003
v 0.00569400 0.00676040 0.03426003
v 0.00689164 0.00616412 0.03426003
v 0.00795927 0.00535779 0.03426003
v 0.00886062 0.00436907 0.03426003
v 0.00956496 0.00323157 0.03426003
v 0.01004824 0.00198405 0.03426003
v 0.01029405 0.00066893 0.03426003
v 0.01085171 0.00124054 0.03426003
v 0.01029405 -0.00066896 0.03426003
v 0.01095000 0.00000005 0.03426003
v 0.01085171 -0.00124045 0.03426003
v 0.01004824 -0.00198407 0.03426003
v 0.00956496 -0.00323160 0.03426003
v 0.00886062 -0.00436909 0.03426003
v 0.00795927 -0.00535782 0.03426003
v 0.00689164 -0.00616403 0.03426003
v 0.00569400 -0.00676043 0.03426003
v 0.00440719 -0.00712652 0.03426003
v 0.00307497 -0.00725003 0.03426003
v 0.00174281 -0.00712652 0.03426003
v 0.00045600 -0.00676043 0.03426003
v -0.00074163 -0.00616403 0.03426003
v -0.00180927 -0.00535782 0.03426003
v -0.00271061 -0.00436909 0.03426003
v -0.00341496 -0.00323160 0.03426003
v -0.00389824 -0.00198407 0.03426003
v -0.00414405 -0.00066896 0.03426003
v 0.00307497 -0.00725003 0.03499996
v 0.00174281 -0.00712652 0.03499996
v 0.00045600 -0.00676043 0.03499996
v -0.00074163 -0.00616403 0.03499996
v -0.00180927 -0.00535782 0.03499996
v -0.00271061 -0.00436909 0.03499996
v -0.00341496 -0.00323160 0.03499996
v -0.00389824 -0.00198407 0.03499996
v -0.00414405 -0.00066896 0.03499996
v -0.00414405 0.00066893 0.03499996
v -0.00389824 0.00198405 0.03499996
v -0.00341496 0.00323157 0.03499996
v -0.00271061 0.00436907 0.03499996
v -0.00180927 0.00535779 0.03499996
v -0.00074163 0.00616412 0.03499996
v 0.00045600 0.00676040 0.03499996
v 0.00174281 0.00712650 0.03499996
v 0.00307497 0.00725000 0.03499996
v 0.00440719 0.00712650 0.03499996
v 0.00569400 0.00676040 0.03499996
v 0.00689164 0.00616412 0.03499996
v 0.00795927 0.00535779 0.03499996
v 0.00886062 0.00436907 0.03499996
v 0.00956496 0.00323157 0.03499996
v 0.01004824 0.00198405 0.03499996
v 0.01029405 0.00066893 0.03499996
v 0.01029405 -0.00066896 0.03499996
v 0.01004824 -0.00198407 0.03499996
v 0.00956496 -0.00323160 0.03499996
v 0.00886062 -0.00436909 0.03499996
v 0.00795927 -0.00535782 0.03499996
v 0.00689164 -0.00616403 0.03499996
v 0.00569400 -0.00676043 0.03499996
v 0.00440719 -0.00712652 0.03499996
v 0.00250736 0.00521927 0.03499996
v 0.00364265 0.00521927 0.03499996
v 0.00475135 0.00497513 0.03499996
v 0.00578168 0.00449853 0.03499996
v 0.00668540 0.00381152 0.03499996
v 0.00742039 0.00294618 0.03499996
v 0.00795212 0.00194328 0.03499996
v -0.00210586 0.00084941 0.03499996
v -0.00180212 0.00194328 0.03499996
v -0.00127039 0.00294618 0.03499996
v -0.00053540 0.00381152 0.03499996
v 0.00036832 0.00449853 0.03499996
v 0.00139865 0.00497513 0.03499996
v 0.00087055 -0.00476475 0.03499996
v -0.00010214 -0.00417943 0.03499996
v -0.00092635 -0.00339873 0.03499996
v -0.00156346 -0.00245912 0.03499996
v -0.00198362 -0.00140448 0.03499996
v -0.00216732 -0.00028427 0.03499996
v 0.00625214 -0.00417943 0.03499996
v 0.00527939 -0.00476475 0.03499996
v 0.00420358 -0.00512727 0.03499996
v 0.00307497 -0.00525005 0.03499996
v 0.00194642 -0.00512727 0.03499996
v 0.00825587 0.00084941 0.03499996
v 0.00831732 -0.00028427 0.03499996
v 0.00813362 -0.00140448 0.03499996
v 0.00771346 -0.00245912 0.03499996
v 0.00707635 -0.00339873 0.03499996
v 0.01056900 0.00249998 0.03550004
v 0.01098951 0.00249998 0.03550004
v 0.00991741 0.00394861 0.03550004
v 0.01038030 0.00393991 0.03550004
v 0.00898924 0.00523751 0.03550004
v 0.00947275 0.00528757 0.03550004
v 0.00782194 0.00631480 0.03550004
v 0.00832006 0.00643270 0.03550004
v 0.00646284 0.00713675 0.03550004
v 0.00696632 0.00733130 0.03550004
v 0.00496670 0.00767021 0.03550004
v 0.00546351 0.00794892 0.03550004
v 0.00339409 0.00789361 0.03550004
v 0.00386914 0.00826196 0.03550004
v 0.00180861 0.00779788 0.03550004
v 0.00224432 0.00825839 0.03550004
v 0.00027433 0.00738685 0.03550004
v 0.00065139 0.00793831 0.03550004
v -0.00114677 0.00667732 0.03550004
v -0.00084874 0.00731401 0.03550004
v -0.00239715 0.00569789 0.03550004
v -0.00219843 0.00640945 0.03550004
v -0.00342635 0.00448804 0.03550004
v -0.00334606 0.00525920 0.03550004
v -0.00419274 0.00309675 0.03550004
v -0.00424764 0.00390749 0.03550004
v -0.00466535 0.00158028 0.03550004
v -0.00486860 0.00240605 0.03550004
v -0.00482503 0.00000005 0.03550004
v -0.00518516 0.00081246 0.03550004
v -0.00518516 -0.00081237 0.03550004
v -0.00466535 -0.00158031 0.03550004
v -0.00486860 -0.00240607 0.03550004
v -0.00419274 -0.00309677 0.03550004
v -0.00424764 -0.00390752 0.03550004
v -0.00342635 -0.00448807 0.03550004
v -0.00334606 -0.00525923 0.03550004
v -0.00239715 -0.00569780 0.03550004
v -0.00219843 -0.00640948 0.03550004
v -0.00114677 -0.00667734 0.03550004
v -0.00084874 -0.00731404 0.03550004
v 0.00027433 -0.00738688 0.03550004
v 0.00065139 -0.00793822 0.03550004
v 0.00180861 -0.00779779 0.03550004
v 0.00224432 -0.00825830 0.03550004
v 0.00339409 -0.00789352 0.03550004
v 0.00386914 -0.00826187 0.03550004
v 0.00496670 -0.00767012 0.03550004
v 0.00546351 -0.00794895 0.03550004
v 0.00646284 -0.00713678 0.03550004
v 0.00696632 -0.00733133 0.03550004
v 0.00782194 -0.00631471 0.03550004
v 0.00832006 -0.00643273 0.03550004
v 0.00898924 -0.00523753 0.03550004
v 0.00947275 -0.00528760 0.03550004
v 0.00991741 -0.00394852 0.03550004
v 0.01038030 -0.00393982 0.03550004
v 0.01056900 -0.00250001 0.03550004
v 0.01098951 -0.00250001 0.03550004
v 0.01098951 0.00249998 0.00849997
v 0.01056900 0.00249998 0.00849997
v 0.01038030 0.00393991 0.00849997
v 0.00991741 0.00394861 0.00849997
v 0.00947275 0.00528757 0.00849997
v 0.00898924 0.00523751 0.00849997
v 0.00832006 0.00643270 0.00849997
v 0.00782194 0.00631480 0.00849997
v 0.00696632 0.00733130 0.00849997
v 0.00646284 0.00713675 0.00849997
v 0.00546351 0.00794892 0.00849997
v 0.00496670 0.00767021 0.00849997
v 0.00386914 0.00826196 0.00849997
v 0.00339409 0.00789361 0.00849997
v 0.00224432 0.00825839 0.00849997
v 0.00180861 0.00779788 0.00849997
v 0.00065139 0.00793831 0.00849997
v 0.00027433 0.00738685 0.00849997
v -0.00084874 0.00731401 0.00849997
v -0.00114677 0.00667732 0.00849997
v -0.00219843 0.00640945 0.00849997
v -0.00239715 0.00569789 0.00849997
v -0.00334606 0.00525920 0.00849997
v -0.00342635 0.00448804 0.00849997
v -0.00424764 0.00390749 0.00849997
v -0.00419274 0.00309675 0.00849997
v -0.00486860 0.00240605 0.00849997
v -0.00466535 0.00158028 0.00849997
v -0.00518516 0.00081246 0.00849997
v -0.00482503 0.00000005 0.00849997
v 0.01056900 -0.00250001 0.00849997
v 0.01098951 -0.00250001 0.00849997
v 0.00991741 -0.00394852 0.00849997
v 0.01038030 -0.00393982 0.00849997
v 0.00898924 -0.00523753 0.00849997
v 0.00947275 -0.00528760 0.00849997
v 0.00782194 -0.00631471 0.00849997
v 0.00832006 -0.00643273 0.00849997
v 0.00646284 -0.00713678 0.00849997
v 0.00696632 -0.00733133 0.00849997
v 0.00496670 -0.00767012 0.00849997
v 0.00546351 -0.00794895 0.00849997
v 0.00339409 -0.00789352 0.00849997
v 0.00386914 -0.00826187 0.00849997
v 0.00180861 -0.00779779 0.00849997
v 0.00224432 -0.00825830 0.00849997
v 0.00027433 -0.00738688 0.00849997
v 0.00065139 -0.00793822 0.00849997
v -0.00114677 -0.00667734 0.00849997
v -0.00084874 -0.00731404 0.00849997
v -0.00239715 -0.00569780 0.00849997
v -0.00219843 -0.00640948 0.00849997
v -0.00342635 -0.00448807 0.00849997
v -0.00334606 -0.00525923 0.00849997
v -0.00419274 -0.00309677 0.00849997
v -0.00424764 -0.00390752 0.00849997
v -0.00466535 -0.00158031 0.00849997
v -0.00486860 -0.00240607 0.00849997
v -0.00518516 -0.00081237 0.00849997
v 0.01119902 0.00249998 0.03530001
v 0.01119902 0.00249998 0.00870001
v 0.01055631 0.00403480 0.00870001
v 0.01055631 0.00403480 0.03530001
v 0.00962689 0.00541501 0.00870001
v 0.00962689 0.00541501 0.03530001
v 0.00844642 0.00658767 0.00870001
v 0.00844642 0.00658767 0.03530001
v 0.00706008 0.00750797 0.00870001
v 0.00706008 0.00750797 0.03530001
v 0.00552103 0.00814049 0.00870001
v 0.00552103 0.00814049 0.03530001
v 0.00388828 0.00846104 0.00870001
v 0.00388828 0.00846104 0.03530001
v 0.00222429 0.00845735 0.00870001
v 0.00222429 0.00845735 0.03530001
v 0.00059297 0.00812952 0.00870001
v 0.00059297 0.00812952 0.03530001
v -0.00094328 0.00749020 0.00870001
v -0.00094328 0.00749020 0.03530001
v -0.00232551 0.00656383 0.00870001
v -0.00232551 0.00656383 0.03530001
v -0.00350079 0.00538604 0.00870001
v -0.00350079 0.00538604 0.03530001
v -0.00442407 0.00400166 0.00870001
v -0.00442407 0.00400166 0.03530001
v -0.00505999 0.00246410 0.00870001
v -0.00505999 0.00246410 0.03530001
v -0.00538418 0.00083201 0.00870001
v -0.00538418 0.00083201 0.03530001
v -0.00542131 0.00025003 0.00956702
v -0.00541398 0.00043301 0.00975000
v -0.00541398 0.00043301 0.01024997
v -0.00542131 0.00025003 0.01043307
v -0.00542400 0.00012986 0.01048278
v -0.00542501 0.00000005 0.01049995
v -0.00538418 -0.00083204 0.03530001
v -0.00542400 -0.00012930 0.01048302
v -0.00542400 0.00012951 0.00951707
v -0.00542131 -0.00025006 0.01043307
v -0.00541398 -0.00043304 0.01024997
v -0.00541130 -0.00048287 0.01012956
v -0.00541029 -0.00050004 0.00999998
v -0.00538418 -0.00083204 0.00870001
v -0.00541124 -0.00048299 0.00987052
v -0.00541398 -0.00043304 0.00975000
v -0.00542131 -0.00025006 0.00956702
v -0.00542400 -0.00012942 0.00951707
v -0.00542501 0.00000005 0.00950002
v -0.00541124 0.00048296 0.00987076
v -0.00541029 0.00050001 0.00999998
v -0.00541124 0.00048296 0.01012933
v -0.00505999 -0.00246401 0.00870001
v -0.00505999 -0.00246401 0.03530001
v -0.00442407 -0.00400169 0.00870001
v -0.00442407 -0.00400169 0.03530001
v -0.00350079 -0.00538595 0.00870001
v -0.00350079 -0.00538595 0.03530001
v -0.00232551 -0.00656386 0.00870001
v -0.00232551 -0.00656386 0.03530001
v -0.00094328 -0.00749023 0.00870001
v -0.00094328 -0.00749023 0.03530001
v 0.00059297 -0.00812955 0.00870001
v 0.00059297 -0.00812955 0.03530001
v 0.00222429 -0.00845738 0.00870001
v 0.00222429 -0.00845738 0.03530001
v 0.00388828 -0.00846095 0.00870001
v 0.00388828 -0.00846095 0.03530001
v 0.00552103 -0.00814040 0.00870001
v 0.00552103 -0.00814040 0.03530001
v 0.00706008 -0.00750788 0.00870001
v 0.00706008 -0.00750788 0.03530001
v 0.00844642 -0.00658770 0.00870001
v 0.00844642 -0.00658770 0.03530001
v 0.00962689 -0.00541504 0.00870001
v 0.00962689 -0.00541504 0.03530001
v 0.01055631 -0.00403483 0.00870001
v 0.01055631 -0.00403483 0.03530001
v 0.01119902 -0.00250001 0.00870001
v 0.01119902 -0.00250001 0.03530001
v -0.00482104 -0.00025006 0.00956702
v -0.00482396 -0.00012942 0.00951707
v -0.00482503 0.00000005 0.00950002
v -0.00481311 -0.00043304 0.00975000
v -0.00481025 -0.00048299 0.00987052
v -0.00480917 -0.00050004 0.00999998
v -0.00481025 -0.00048287 0.01012956
v -0.00481311 -0.00043304 0.01024997
v -0.00482104 -0.00025006 0.01043307
v -0.00482104 0.00025003 0.01043307
v -0.00481311 0.00043301 0.01024997
v -0.00482396 -0.00012930 0.01048302
v -0.00482503 0.00000005 0.01049995
v -0.00482396 0.00012986 0.01048278
v -0.00481025 0.00048296 0.00987076
v -0.00480917 0.00050001 0.00999998
v -0.00481025 0.00048296 0.01012933
v -0.00481311 0.00043301 0.00975000
v -0.00482104 0.00025003 0.00956702
v -0.00482396 0.00012951 0.00951707
v -0.00441852 0.00242142 0.00945997
v -0.00419936 0.00301652 0.00945997
v -0.00419936 0.00301652 0.00849997
v -0.00393305 0.00359206 0.00849997
v -0.00393305 0.00359206 0.00945997
v -0.00326607 0.00466971 0.00945997
v -0.00326607 0.00466971 0.00849997
v -0.00243488 0.00562649 0.00945997
v -0.00243488 0.00562649 0.00849997
v -0.00146100 0.00643747 0.00945997
v -0.00146100 0.00643747 0.00849997
v -0.00036964 0.00708167 0.00945997
v -0.00036964 0.00708167 0.00849997
v 0.00081095 0.00754254 0.00945997
v 0.00081095 0.00754254 0.00849997
v 0.00205019 0.00780802 0.00945997
v 0.00205019 0.00780802 0.00849997
v 0.00331595 0.00787132 0.00945997
v 0.00331595 0.00787132 0.00849997
v 0.00457552 0.00773077 0.00945997
v 0.00457552 0.00773077 0.00849997
v 0.00579616 0.00738995 0.00945997
v 0.00579616 0.00738995 0.00849997
v 0.00694635 0.00685768 0.00945997
v 0.00694635 0.00685768 0.00849997
v 0.00799629 0.00614791 0.00945997
v 0.00799629 0.00614791 0.00849997
v 0.00891873 0.00527887 0.00945997
v 0.00891873 0.00527887 0.00849997
v 0.00968983 0.00427310 0.00945997
v 0.00968983 0.00427310 0.00849997
v 0.01028964 0.00315671 0.00945997
v 0.01028964 0.00315671 0.00849997
v 0.01070258 0.00195853 0.00945997
v 0.01070258 0.00195853 0.00849997
v 0.01091799 0.00070958 0.00945997
v 0.01091799 0.00070958 0.00849997
v 0.01093021 -0.00055773 0.00945997
v 0.01093021 -0.00055773 0.00849997
v 0.01073906 -0.00181051 0.00945997
v 0.01073906 -0.00181051 0.00849997
v 0.01034936 -0.00301655 0.00945997
v 0.01034936 -0.00301655 0.00849997
v 0.00977125 -0.00414438 0.00945997
v 0.00977125 -0.00414438 0.00849997
v 0.00901976 -0.00516482 0.00945997
v 0.00901976 -0.00516482 0.00849997
v 0.00811431 -0.00605150 0.00945997
v 0.00811431 -0.00605150 0.00849997
v 0.00707832 -0.00678153 0.00945997
v 0.00707832 -0.00678153 0.00849997
v 0.00593862 -0.00733586 0.00945997
v 0.00593862 -0.00733586 0.00849997
v 0.00472477 -0.00770028 0.00945997
v 0.00472477 -0.00770028 0.00849997
v 0.00346818 -0.00786514 0.00945997
v 0.00346818 -0.00786514 0.00849997
v 0.00220146 -0.00782640 0.00945997
v 0.00220146 -0.00782640 0.00849997
v 0.00095734 -0.00758488 0.00945997
v 0.00095734 -0.00758488 0.00849997
v -0.00023195 -0.00714703 0.00945997
v -0.00023195 -0.00714703 0.00849997
v -0.00133559 -0.00652392 0.00945997
v -0.00133559 -0.00652392 0.00849997
v -0.00232503 -0.00573201 0.00945997
v -0.00232503 -0.00573201 0.00849997
v -0.00317458 -0.00479157 0.00945997
v -0.00317458 -0.00479157 0.00849997
v -0.00386223 -0.00372703 0.00945997
v -0.00386223 -0.00372703 0.00849997
v -0.00437025 -0.00256593 0.00945997
v -0.00437025 -0.00256593 0.00849997
v -0.00468543 -0.00133832 0.00945997
v -0.00468543 -0.00133832 0.00849997
v -0.00479964 -0.00007613 0.00945997
v -0.00479964 -0.00007613 0.00849997
v -0.00470987 0.00118797 0.00945997
v -0.00470987 0.00118797 0.00849997
v -0.00441852 0.00242142 0.00849997
v -0.00094322 0.00166623 0.00945997
v -0.00049106 0.00249116 0.00945997
v -0.00120744 0.00076346 0.00945997
v -0.00127146 -0.00017495 0.00945997
v 0.00088450 0.00375824 0.00945997
v 0.00012782 0.00319950 0.00945997
v -0.00113228 -0.00110526 0.00945997
v -0.00079629 -0.00198384 0.00945997
v -0.00027934 -0.00276966 0.00945997
v 0.00611022 0.00311606 0.00945997
v 0.00536939 0.00369565 0.00945997
v 0.00452128 0.00410251 0.00945997
v 0.00360551 0.00431757 0.00945997
v 0.00266501 0.00433068 0.00945997
v 0.00174364 0.00414126 0.00945997
v 0.00737712 0.00064389 0.00945997
v 0.00713810 0.00155358 0.00945997
v 0.00670913 0.00239079 0.00945997
v 0.00484630 -0.00397308 0.00945997
v 0.00565901 -0.00349934 0.00945997
v 0.00635084 -0.00286205 0.00945997
v 0.00688949 -0.00209089 0.00945997
v 0.00208077 -0.00423486 0.00945997
v 0.00301435 -0.00434954 0.00945997
v 0.00395080 -0.00426097 0.00945997
v 0.00724980 -0.00122209 0.00945997
v 0.00741490 -0.00029607 0.00945997
v 0.00039449 -0.00342603 0.00945997
v 0.00119361 -0.00392206 0.00945997
v 0.00644627 0.00069468 0.00849997
v 0.00174543 0.00244586 0.00849997
v 0.00654521 0.00045542 0.00849997
v 0.00118461 0.00287657 0.00849997
v 0.00094542 0.00277762 0.00849997
v 0.00144121 0.00284259 0.00849997
v 0.00164643 0.00268500 0.00849997
v 0.00651136 0.00019889 0.00849997
v 0.00078782 0.00257234 0.00849997
v 0.00075391 0.00231569 0.00849997
v 0.00085285 0.00207655 0.00849997
v 0.00565269 0.00008623 0.00849997
v 0.00242158 -0.00270612 0.00849997
v 0.00555375 0.00032537 0.00849997
v 0.00155386 0.00198393 0.00849997
v 0.00558760 0.00058191 0.00849997
v 0.00171151 0.00218920 0.00849997
v 0.00574526 0.00078718 0.00849997
v 0.00598439 0.00088613 0.00849997
v 0.00624099 0.00085227 0.00849997
v 0.00585797 -0.00007148 0.00849997
v 0.00611457 -0.00010534 0.00849997
v 0.00635370 -0.00000639 0.00849997
v 0.00105813 0.00191896 0.00849997
v 0.00146398 -0.00257964 0.00849997
v 0.00143012 -0.00283630 0.00849997
v 0.00152907 -0.00307544 0.00849997
v 0.00173434 -0.00323303 0.00849997
v 0.00232264 -0.00246699 0.00849997
v 0.00211736 -0.00230928 0.00849997
v 0.00131473 0.00188498 0.00849997
v 0.00186076 -0.00227542 0.00849997
v 0.00162163 -0.00237437 0.00849997
v 0.00199094 -0.00326689 0.00849997
v 0.00223008 -0.00316794 0.00849997
v 0.00238773 -0.00296266 0.00849997
v -0.00094322 0.00166623 0.00896000
v -0.00120744 0.00076346 0.00896000
v -0.00127146 -0.00017495 0.00896000
v -0.00113228 -0.00110526 0.00896000
v -0.00079629 -0.00198384 0.00896000
v -0.00027934 -0.00276966 0.00896000
v 0.00039449 -0.00342603 0.00896000
v 0.00119361 -0.00392206 0.00896000
v 0.00208077 -0.00423486 0.00896000
v 0.00301435 -0.00434954 0.00896000
v 0.00395080 -0.00426097 0.00896000
v 0.00484630 -0.00397308 0.00896000
v 0.00565901 -0.00349934 0.00896000
v 0.00635084 -0.00286205 0.00896000
v 0.00688949 -0.00209089 0.00896000
v 0.00724980 -0.00122209 0.00896000
v 0.00741490 -0.00029607 0.00896000
v 0.00737712 0.00064389 0.00896000
v 0.00713810 0.00155358 0.00896000
v 0.00670913 0.00239079 0.00896000
v 0.00611022 0.00311606 0.00896000
v 0.00536939 0.00369565 0.00896000
v 0.00452128 0.00410251 0.00896000
v 0.00360551 0.00431757 0.00896000
v 0.00266501 0.00433068 0.00896000
v 0.00174364 0.00414126 0.00896000
v 0.00088450 0.00375824 0.00896000
v 0.00012782 0.00319950 0.00896000
v -0.00049106 0.00249116 0.00896000
v 0.00555375 0.00032537 0.00896000
v 0.00155386 0.00198393 0.00896000
v 0.00131473 0.00188498 0.00896000
v 0.00075391 0.00231569 0.00896000
v 0.00085285 0.00207655 0.00896000
v 0.00105813 0.00191896 0.00896000
v 0.00146398 -0.00257964 0.00896000
v 0.00162163 -0.00237437 0.00896000
v 0.00078782 0.00257234 0.00896000
v 0.00094542 0.00277762 0.00896000
v 0.00118461 0.00287657 0.00896000
v 0.00144121 0.00284259 0.00896000
v 0.00164643 0.00268500 0.00896000
v 0.00174543 0.00244586 0.00896000
v 0.00211736 -0.00230928 0.00896000
v 0.00585797 -0.00007148 0.00896000
v 0.00186076 -0.00227542 0.00896000
v 0.00565269 0.00008623 0.00896000
v 0.00232264 -0.00246699 0.00896000
v 0.00635370 -0.00000639 0.00896000
v 0.00611457 -0.00010534 0.00896000
v 0.00171151 0.00218920 0.00896000
v 0.00558760 0.00058191 0.00896000
v 0.00574526 0.00078718 0.00896000
v 0.00598439 0.00088613 0.00896000
v 0.00624099 0.00085227 0.00896000
v 0.00644627 0.00069468 0.00896000
v 0.00654521 0.00045542 0.00896000
v 0.00651136 0.00019889 0.00896000
v 0.00143012 -0.00283630 0.00896000
v 0.00152907 -0.00307544 0.00896000
v 0.00173434 -0.00323303 0.00896000
v 0.00199094 -0.00326689 0.00896000
v 0.00223008 -0.00316794 0.00896000
v 0.00238773 -0.00296266 0.00896000
v 0.00242158 -0.00270612 0.00896000
v -0.00642500 0.00465290 0.01072072
v -0.00642500 0.00437455 0.01049876
v -0.00642500 0.00018112 0.00932383
v -0.00642500 0.00035004 0.00939380
v -0.00642500 0.00049500 0.00950503
v -0.00642500 0.00060622 0.00964999
v -0.00642500 0.00577991 0.01017796
v -0.00642500 0.00700001 0.01129996
v -0.00642500 0.00577991 0.00982200
v -0.00642500 0.00700001 0.00870001
v -0.00642500 0.00562541 0.00950121
v -0.00642500 -0.00700004 0.00870001
v -0.00642500 0.00500004 0.00919997
v -0.00642500 0.00534706 0.00927924
v -0.00642500 0.00562541 0.01049876
v -0.00642500 0.00534706 0.01072072
v -0.00642500 0.00500004 0.01080000
v -0.00642500 -0.00034995 0.01060616
v -0.00642500 -0.00049503 0.01049494
v -0.00642500 -0.00422008 0.01017796
v -0.00642500 -0.00034995 0.00939380
v -0.00642500 -0.00018115 0.00932383
v -0.00642500 -0.00422008 0.00982200
v -0.00642500 0.00000005 0.00929999
v -0.00642500 -0.00437458 0.00950121
v -0.00642500 -0.00534709 0.01072072
v -0.00642500 -0.00700004 0.01129996
v -0.00642500 -0.00499995 0.01080000
v -0.00642500 -0.00465293 0.01072072
v -0.00642500 -0.00562544 0.01049876
v -0.00642500 -0.00577994 0.01017796
v -0.00642500 -0.00577994 0.00982200
v -0.00642500 -0.00562544 0.00950121
v -0.00642500 0.00067620 0.00981879
v -0.00642500 0.00070004 0.00999998
v -0.00642500 0.00067620 0.01018118
v -0.00642500 0.00060622 0.01034998
v -0.00642500 0.00049500 0.01049494
v -0.00642500 0.00035004 0.01060616
v -0.00642500 0.00018112 0.01067614
v -0.00642500 0.00000005 0.01069998
v -0.00642500 -0.00067611 0.00981879
v -0.00642500 -0.00060625 0.00964999
v -0.00642500 -0.00049503 0.00950503
v -0.00642500 -0.00437458 0.01049876
v -0.00642500 -0.00018115 0.01067614
v -0.00642500 -0.00060625 0.01034998
v -0.00642500 -0.00067611 0.01018118
v -0.00642500 -0.00069995 0.00999998
v -0.00642500 -0.00534709 0.00927924
v -0.00642500 -0.00499995 0.00919997
v -0.00642500 -0.00465293 0.00927924
v -0.00642500 0.00422005 0.01017796
v -0.00642500 0.00422005 0.00982200
v -0.00642500 0.00437455 0.00950121
v -0.00642500 0.00465290 0.00927924
v -0.00079730 -0.00799997 0.00870001
v -0.00079730 -0.00799997 0.01129996
v -0.00742498 -0.00799997 0.00870001
v -0.00742498 -0.00799997 0.01129996
v -0.00079730 0.00799994 0.01129996
v -0.00079730 0.00799994 0.00870001
v -0.00742498 0.00799994 0.01129996
v -0.00742498 0.00799994 0.00870001
v -0.00079730 -0.00780006 0.00849997
v -0.00742498 -0.00780006 0.00849997
v -0.00622502 -0.00719996 0.00849997
v -0.00742498 -0.00719996 0.00849997
v -0.00742498 0.00720005 0.00849997
v -0.00742498 0.00780003 0.00849997
v -0.00622502 0.00720005 0.00849997
v -0.00079730 0.00780003 0.00849997
v -0.00079730 0.00756674 0.00849997
v -0.00179598 0.00696592 0.00849997
v -0.00270304 0.00623409 0.00849997
v -0.00350151 0.00538509 0.00849997
v -0.00510690 -0.00230367 0.00849997
v -0.00471488 -0.00340123 0.00849997
v -0.00417635 -0.00443490 0.00849997
v -0.00350151 -0.00538512 0.00849997
v -0.00079730 -0.00756676 0.00849997
v -0.00179598 -0.00696595 0.00849997
v -0.00270304 -0.00623412 0.00849997
v -0.00417635 0.00443487 0.00849997
v -0.00471488 0.00340121 0.00849997
v -0.00510690 0.00230365 0.00849997
v -0.00534508 0.00116269 0.00849997
v -0.00542501 0.00000005 0.00849997
v -0.00534508 -0.00116272 0.00849997
v -0.00079730 0.00780003 0.01149999
v -0.00742498 0.00780003 0.01149999
v -0.00622502 0.00720005 0.01149999
v -0.00742498 0.00720005 0.01149999
v -0.00742498 -0.00719996 0.01149999
v -0.00742498 -0.00780006 0.01149999
v -0.00622502 -0.00719996 0.01149999
v -0.00079730 -0.00780006 0.01149999
v -0.00079730 -0.00756676 0.01149999
v -0.00179598 -0.00696595 0.01149999
v -0.00270304 -0.00623412 0.01149999
v -0.00350151 -0.00538512 0.01149999
v -0.00079730 0.00756674 0.01149999
v -0.00179598 0.00696592 0.01149999
v -0.00270304 0.00623409 0.01149999
v -0.00350151 0.00538509 0.01149999
v -0.00417635 -0.00443490 0.01149999
v -0.00471488 -0.00340123 0.01149999
v -0.00510690 -0.00230367 0.01149999
v -0.00510690 0.00230365 0.01149999
v -0.00471488 0.00340121 0.01149999
v -0.00417635 0.00443487 0.01149999
v -0.00534508 -0.00116272 0.01149999
v -0.00542501 0.00000005 0.01149999
v -0.00534508 0.00116269 0.01149999
v -0.00411138 -0.00453933 0.00934588
v -0.00403843 -0.00465293 0.00927924
v -0.00392297 -0.00482483 0.00921940
v -0.00379888 -0.00499995 0.00919997
v -0.00366584 -0.00517793 0.00922000
v -0.00426850 -0.00428052 0.01034986
v -0.00430343 -0.00422008 0.01017796
v -0.00431487 -0.00420006 0.01000022
v -0.00430343 -0.00422008 0.00982200
v -0.00426862 -0.00428040 0.00965058
v -0.00421289 -0.00437458 0.00950121
v -0.00417635 -0.00443490 0.00943374
v -0.00353244 -0.00534709 0.01072072
v -0.00366614 -0.00517757 0.01078009
v -0.00379888 -0.00499995 0.01080000
v -0.00392351 -0.00482400 0.01078045
v -0.00403843 -0.00465293 0.01072072
v -0.00411168 -0.00453885 0.01065373
v -0.00417903 -0.00443049 0.01056182
v -0.00421289 -0.00437458 0.01049876
v -0.00321386 -0.00571842 0.00964796
v -0.00315735 -0.00577994 0.00982200
v -0.00329712 -0.00562544 0.00950121
v -0.00353268 -0.00534685 0.00927913
v -0.00350151 -0.00538512 0.00929879
v -0.00339517 -0.00551243 0.00938570
v -0.00313869 -0.00579996 0.00999986
v -0.00315735 -0.00577994 0.01017796
v -0.00321380 -0.00571854 0.01035177
v -0.00329712 -0.00562544 0.01049876
v -0.00339440 -0.00551338 0.01061355
v -0.00350032 -0.00538655 0.01070034
v -0.00353244 0.00534706 0.00927924
v -0.00366554 0.00517838 0.00922012
v -0.00379888 0.00500004 0.00919997
v -0.00392285 0.00482492 0.00921940
v -0.00403843 0.00465290 0.00927924
v -0.00321380 0.00571851 0.01035177
v -0.00315735 0.00577991 0.01017796
v -0.00329712 0.00562541 0.01049876
v -0.00313869 0.00580005 0.00999986
v -0.00315735 0.00577991 0.00982200
v -0.00321397 0.00571828 0.00964784
v -0.00329712 0.00562541 0.00950121
v -0.00339499 0.00551264 0.00938582
v -0.00350032 0.00538664 0.00929963
v -0.00411162 0.00453906 0.01065385
v -0.00403843 0.00465290 0.01072072
v -0.00392309 0.00482456 0.01078057
v -0.00379888 0.00500004 0.01080000
v -0.00366554 0.00517838 0.01077985
v -0.00353268 0.00534682 0.01072096
v -0.00350151 0.00538509 0.01070117
v -0.00339446 0.00551324 0.01061367
v -0.00411144 0.00453930 0.00934600
v -0.00417903 0.00443046 0.00943827
v -0.00421289 0.00437455 0.00950121
v -0.00426850 0.00428049 0.00965010
v -0.00430343 0.00422005 0.00982200
v -0.00431487 0.00420003 0.01000010
v -0.00430343 0.00422005 0.01017796
v -0.00426862 0.00428025 0.01034927
v -0.00421289 0.00437455 0.01049876
v -0.00417635 0.00443487 0.01056623
v -0.00541762 0.00035350 0.01035356
v -0.00542400 0.00012951 0.01048290
v -0.00541124 0.00048296 0.00987064
v -0.00542400 0.00012986 0.00951719
v -0.00541762 0.00035350 0.00964641
v -0.00541130 -0.00048287 0.00987040
v -0.00541762 -0.00035365 0.00964653
v -0.00542400 -0.00012930 0.00951695
v -0.00541124 -0.00048299 0.01012945
v -0.00541762 -0.00035353 0.01035356
v -0.00542400 -0.00012942 0.01048290
v -0.00742498 -0.00700004 0.01129996
v -0.00742498 -0.00700004 0.00870001
v -0.00762502 -0.00780006 0.00870001
v -0.00762502 -0.00780006 0.01129996
v -0.00762502 -0.00719996 0.00870001
v -0.00762502 -0.00719996 0.01129996
v -0.00742498 0.00700001 0.01129996
v -0.00742498 0.00700001 0.00870001
v -0.00762502 0.00780003 0.01129996
v -0.00762502 0.00780003 0.00870001
v -0.00762502 0.00720005 0.01129996
v -0.00762502 0.00720005 0.00870001
v -0.00622502 0.00012939 0.00951707
v -0.00622502 0.00000005 0.00950002
v -0.00622502 -0.00012942 0.00951707
v -0.00622502 -0.00025006 0.00956702
v -0.00622502 -0.00035353 0.00964641
v -0.00622502 -0.00043304 0.00975000
v -0.00622502 -0.00048299 0.00987064
v -0.00622502 -0.00050004 0.00999998
v -0.00622502 -0.00048299 0.01012945
v -0.00622502 -0.00043304 0.01024997
v -0.00622502 -0.00035353 0.01035356
v -0.00622502 -0.00025006 0.01043307
v -0.00622502 -0.00012942 0.01048302
v -0.00622502 0.00000005 0.01049995
v -0.00622502 0.00012939 0.01048302
v -0.00622502 0.00025003 0.01043307
v -0.00622502 0.00035350 0.01035356
v -0.00622502 0.00043301 0.01024997
v -0.00622502 0.00048296 0.01012945
v -0.00622502 0.00050001 0.00999998
v -0.00622502 0.00048296 0.00987064
v -0.00622502 0.00043301 0.00975000
v -0.00622502 0.00035350 0.00964641
v -0.00622502 0.00025003 0.00956702
v 0.01217499 0.00550000 0.02862000
v 0.01167503 0.00550000 0.02862000
v 0.01167503 0.00550000 0.02869999
v 0.01217499 0.00550000 0.03121995
v 0.01160803 0.00550000 0.02894997
v 0.01142499 0.00550000 0.02913295
v 0.01167503 0.00550000 0.03121995
v 0.01117500 0.00550000 0.02919995
v 0.00985571 0.00550000 0.02919995
v 0.01167503 0.00550000 0.03172003
v 0.00985571 0.00550000 0.03349995
v 0.01217499 0.00550000 0.03172003
v 0.01277497 0.00550000 0.03349995
v 0.01277497 0.00550000 0.03172003
v 0.01217499 0.00159995 0.03201997
v 0.01217499 0.00164025 0.03187000
v 0.01217499 0.00175004 0.03176021
v 0.01217499 0.00500004 0.03222000
v 0.01217499 0.00500004 0.03299998
v 0.01217499 0.00159995 0.03299998
v 0.01217499 0.00506704 0.03197002
v 0.01217499 0.00190000 0.03172003
v 0.01217499 0.00525002 0.03178703
v 0.01217499 0.00525002 0.00945305
v 0.01217499 0.00550000 0.00952005
v 0.01217499 0.00190000 0.00952005
v 0.01217499 0.00175004 0.00947975
v 0.01217499 0.00500004 0.00901996
v 0.01217499 0.00506704 0.00926995
v 0.01217499 0.00159995 0.00650000
v 0.01217499 0.00500004 0.00650000
v 0.01217499 0.00159995 0.00922000
v 0.01217499 0.00164025 0.00936996
v 0.01277497 0.00159995 0.03299998
v 0.01277497 0.00159995 0.03349995
v 0.01081130 0.00159995 0.03349995
v 0.01081130 0.00159995 0.03201997
v 0.01217499 0.00159995 0.02892005
v 0.01217499 0.00159995 0.03092002
v 0.01081130 0.00159995 0.02892005
v 0.01081130 0.00159995 0.03092002
v 0.01217499 0.00159995 0.02582001
v 0.01217499 0.00159995 0.02781998
v 0.01081130 0.00159995 0.02582001
v 0.01081130 0.00159995 0.02781998
v 0.01217499 0.00159995 0.02271997
v 0.01217499 0.00159995 0.02471995
v 0.01081130 0.00159995 0.02271997
v 0.01081130 0.00159995 0.02471995
v 0.01217499 0.00159995 0.01962005
v 0.01217499 0.00159995 0.02162003
v 0.01081130 0.00159995 0.01962005
v 0.01081130 0.00159995 0.02162003
v 0.01217499 0.00159995 0.01652002
v 0.01217499 0.00159995 0.01851999
v 0.01081130 0.00159995 0.01652002
v 0.01081130 0.00159995 0.01851999
v 0.01217499 0.00159995 0.01341998
v 0.01217499 0.00159995 0.01541995
v 0.01081130 0.00159995 0.01341998
v 0.01081130 0.00159995 0.01541995
v 0.01217499 0.00159995 0.01031994
v 0.01217499 0.00159995 0.01232004
v 0.01081130 0.00159995 0.01031994
v 0.01081130 0.00159995 0.01232004
v 0.01217499 0.00190000 0.03121995
v 0.01217499 0.00175004 0.03117978
v 0.01217499 0.00164025 0.03106999
v 0.01217499 0.00164025 0.02876996
v 0.01217499 0.00175004 0.02866017
v 0.01217499 0.00190000 0.02862000
v 0.01217499 0.00190000 0.02812003
v 0.01217499 0.00175004 0.02807986
v 0.01217499 0.00164025 0.02796995
v 0.01217499 0.00164025 0.02567004
v 0.01217499 0.00175004 0.02556013
v 0.01217499 0.00190000 0.02551996
v 0.01217499 0.00550000 0.02551996
v 0.01217499 0.00550000 0.02812003
v 0.01217499 0.00190000 0.02502000
v 0.01217499 0.00175004 0.02497982
v 0.01217499 0.00164025 0.02487003
v 0.01217499 0.00164025 0.02257001
v 0.01217499 0.00175004 0.02246021
v 0.01217499 0.00190000 0.02242004
v 0.01217499 0.00550000 0.02242004
v 0.01217499 0.00550000 0.02502000
v 0.01217499 0.00190000 0.02191996
v 0.01217499 0.00175004 0.02187978
v 0.01217499 0.00164025 0.02176999
v 0.01217499 0.00164025 0.01946997
v 0.01217499 0.00175004 0.01936018
v 0.01217499 0.00190000 0.01932000
v 0.01217499 0.00550000 0.01932000
v 0.01217499 0.00550000 0.02191996
v 0.01217499 0.00190000 0.01882004
v 0.01217499 0.00175004 0.01877987
v 0.01217499 0.00164025 0.01866996
v 0.01217499 0.00164025 0.01637005
v 0.01217499 0.00175004 0.01626014
v 0.01217499 0.00190000 0.01621997
v 0.01217499 0.00550000 0.01621997
v 0.01217499 0.00550000 0.01882004
v 0.01217499 0.00550000 0.01312005
v 0.01217499 0.00164025 0.01327001
v 0.01217499 0.00175004 0.01316022
v 0.01217499 0.00190000 0.01312005
v 0.01217499 0.00175004 0.01567983
v 0.01217499 0.00164025 0.01557004
v 0.01217499 0.00190000 0.01572000
v 0.01217499 0.00550000 0.01572000
v 0.01217499 0.00550000 0.01002001
v 0.01217499 0.00550000 0.01261997
v 0.01217499 0.00190000 0.01002001
v 0.01217499 0.00190000 0.01261997
v 0.01217499 0.00164025 0.01016998
v 0.01217499 0.00175004 0.01006018
v 0.01217499 0.00164025 0.01247000
v 0.01217499 0.00175004 0.01257979
v 0.00985571 0.00550000 0.00650000
v 0.01277497 0.00550000 0.00650000
v 0.01277497 0.00500004 0.00650000
v 0.01098612 0.00247388 0.00650000
v 0.01108721 0.00239997 0.00650000
v 0.01086363 0.00249998 0.00650000
v 0.01081130 0.00159995 0.00650000
v 0.01056900 0.00249998 0.00650000
v 0.01115033 0.00235812 0.00650000
v 0.01122579 0.00235240 0.00650000
v 0.01129445 0.00238423 0.00650000
v 0.01133880 0.00244562 0.00650000
v 0.01134762 0.00252073 0.00650000
v 0.01131853 0.00259070 0.00650000
v 0.01125905 0.00263743 0.00650000
v 0.01115921 0.00270836 0.00650000
v 0.00985571 0.00512557 0.00650000
v 0.01056567 0.00401752 0.00650000
v 0.01109597 0.00281315 0.00650000
v 0.01115033 0.00235812 0.03349995
v 0.01108721 0.00239997 0.03349995
v 0.01098612 0.00247388 0.03349995
v 0.01086363 0.00249998 0.03349995
v 0.01056900 0.00249998 0.03349995
v 0.01134762 0.00252073 0.03349995
v 0.01133880 0.00244562 0.03349995
v 0.01129445 0.00238423 0.03349995
v 0.01122579 0.00235240 0.03349995
v 0.00985571 0.00512557 0.03349995
v 0.01056567 0.00401752 0.03349995
v 0.01109597 0.00281315 0.03349995
v 0.01131853 0.00259070 0.03349995
v 0.01125905 0.00263743 0.03349995
v 0.01115921 0.00270836 0.03349995
v 0.01077863 0.00175028 0.01247000
v 0.01074311 0.00190000 0.01261997
v 0.01069078 0.00210004 0.01261997
v 0.01069078 0.00210004 0.00952005
v 0.01081130 0.00159995 0.00922000
v 0.01080915 0.00161021 0.00929772
v 0.01077863 0.00175028 0.00936996
v 0.01080283 0.00164025 0.00936996
v 0.01079252 0.00168805 0.00943231
v 0.01074311 0.00190000 0.00952005
v 0.01077875 0.00175004 0.00947975
v 0.01069078 0.00210004 0.01002001
v 0.01069078 0.00210004 0.01312005
v 0.01074311 0.00190000 0.01312005
v 0.01077863 0.00175028 0.01327001
v 0.01077875 0.00175004 0.01316022
v 0.01079258 0.00168805 0.01320779
v 0.01080283 0.00164025 0.01327001
v 0.01080915 0.00161021 0.01549768
v 0.01077863 0.00175028 0.01557004
v 0.01080283 0.00164025 0.01557004
v 0.01079252 0.00168805 0.01563238
v 0.01069078 0.00210004 0.01572000
v 0.01074311 0.00190000 0.01572000
v 0.01077875 0.00175004 0.01567983
v 0.01080915 0.00161032 0.01024198
v 0.01077863 0.00175028 0.01016998
v 0.01077875 0.00175004 0.01006018
v 0.01079258 0.00168805 0.01010775
v 0.01080283 0.00164025 0.01016998
v 0.01077875 0.00175004 0.01257979
v 0.01079252 0.00168805 0.01253235
v 0.01080283 0.00164025 0.01247000
v 0.01080915 0.00161021 0.01239764
v 0.01074311 0.00190000 0.01002001
v 0.01080915 0.00161032 0.01334190
v 0.01069078 0.00210004 0.01621997
v 0.01074311 0.00190000 0.01621997
v 0.01077863 0.00175028 0.01637005
v 0.01077875 0.00175004 0.01626014
v 0.01079258 0.00168805 0.01630770
v 0.01080283 0.00164025 0.01637005
v 0.01080915 0.00161021 0.01859771
v 0.01077863 0.00175028 0.01866996
v 0.01080283 0.00164025 0.01866996
v 0.01079252 0.00168805 0.01873230
v 0.01069078 0.00210004 0.01882004
v 0.01074311 0.00190000 0.01882004
v 0.01077875 0.00175004 0.01877987
v 0.01077863 0.00175028 0.02176999
v 0.01074311 0.00190000 0.02191996
v 0.01069078 0.00210004 0.02191996
v 0.01080915 0.00161032 0.01954197
v 0.01077863 0.00175028 0.01946997
v 0.01077875 0.00175004 0.01936018
v 0.01079258 0.00168805 0.01940774
v 0.01080283 0.00164025 0.01946997
v 0.01077875 0.00175004 0.02187978
v 0.01079252 0.00168805 0.02183234
v 0.01080283 0.00164025 0.02176999
v 0.01080915 0.00161021 0.02169763
v 0.01069078 0.00210004 0.01932000
v 0.01074311 0.00190000 0.01932000
v 0.01080915 0.00161032 0.01644193
v 0.01069078 0.00210004 0.02242004
v 0.01074311 0.00190000 0.02242004
v 0.01077863 0.00175028 0.02257001
v 0.01077875 0.00175004 0.02246021
v 0.01079258 0.00168805 0.02250778
v 0.01080283 0.00164025 0.02257001
v 0.01080915 0.00161021 0.02479767
v 0.01077863 0.00175028 0.02487003
v 0.01080283 0.00164025 0.02487003
v 0.01079252 0.00168805 0.02493238
v 0.01069078 0.00210004 0.02502000
v 0.01074311 0.00190000 0.02502000
v 0.01077875 0.00175004 0.02497982
v 0.01069078 0.00210004 0.02551996
v 0.01074311 0.00190000 0.02551996
v 0.01077863 0.00175028 0.02567004
v 0.01080283 0.00164025 0.02567004
v 0.01080915 0.00161032 0.02574193
v 0.01077875 0.00175004 0.02556013
v 0.01079258 0.00168805 0.02560770
v 0.01079252 0.00168805 0.02803230
v 0.01077875 0.00175004 0.02807986
v 0.01074311 0.00190000 0.02812003
v 0.01080915 0.00161021 0.02789771
v 0.01077863 0.00175028 0.02796995
v 0.01080283 0.00164025 0.02796995
v 0.01069078 0.00210004 0.02812003
v 0.01069078 0.00210004 0.02862000
v 0.01080915 0.00161032 0.02264201
v 0.01074311 0.00190000 0.02862000
v 0.01077863 0.00175028 0.02876996
v 0.01077875 0.00175004 0.02866017
v 0.01079258 0.00168805 0.02870774
v 0.01080283 0.00164025 0.02876996
v 0.01080915 0.00161021 0.03099763
v 0.01077863 0.00175028 0.03106999
v 0.01080283 0.00164025 0.03106999
v 0.01079252 0.00168805 0.03113233
v 0.01069078 0.00210004 0.03121995
v 0.01074311 0.00190000 0.03121995
v 0.01077875 0.00175004 0.03117978
v 0.01069078 0.00210004 0.03172003
v 0.01074311 0.00190000 0.03172003
v 0.01077863 0.00175028 0.03187000
v 0.01077875 0.00175004 0.03176021
v 0.01079258 0.00168805 0.03180777
v 0.01080283 0.00164025 0.03187000
v 0.01080915 0.00161032 0.03194200
v 0.01080915 0.00161032 0.02884196
v 0.01167503 0.00550000 0.01002001
v 0.01167503 0.00239997 0.01002001
v 0.01163479 0.00225000 0.01002001
v 0.01152500 0.00214021 0.01002001
v 0.01137498 0.00210004 0.01002001
v 0.01167503 0.00550000 0.00952005
v 0.01167503 0.00239997 0.00952005
v 0.01163479 0.00225000 0.00952005
v 0.01137498 0.00210004 0.00952005
v 0.01152500 0.00214021 0.00952005
v 0.01167503 0.00550000 0.01312005
v 0.01167503 0.00239997 0.01312005
v 0.01163479 0.00225000 0.01312005
v 0.01152500 0.00214021 0.01312005
v 0.01137498 0.00210004 0.01312005
v 0.01167503 0.00550000 0.01261997
v 0.01167503 0.00239997 0.01261997
v 0.01163479 0.00225000 0.01261997
v 0.01137498 0.00210004 0.01261997
v 0.01152500 0.00214021 0.01261997
v 0.01167503 0.00550000 0.01621997
v 0.01167503 0.00239997 0.01621997
v 0.01163479 0.00225000 0.01621997
v 0.01152500 0.00214021 0.01621997
v 0.01137498 0.00210004 0.01621997
v 0.01167503 0.00550000 0.01572000
v 0.01167503 0.00239997 0.01572000
v 0.01163479 0.00225000 0.01572000
v 0.01137498 0.00210004 0.01572000
v 0.01152500 0.00214021 0.01572000
v 0.01167503 0.00550000 0.01932000
v 0.01167503 0.00239997 0.01932000
v 0.01163479 0.00225000 0.01932000
v 0.01152500 0.00214021 0.01932000
v 0.01137498 0.00210004 0.01932000
v 0.01167503 0.00550000 0.01882004
v 0.01167503 0.00239997 0.01882004
v 0.01163479 0.00225000 0.01882004
v 0.01137498 0.00210004 0.01882004
v 0.01152500 0.00214021 0.01882004
v 0.01167503 0.00550000 0.02242004
v 0.01167503 0.00239997 0.02242004
v 0.01163479 0.00225000 0.02242004
v 0.01152500 0.00214021 0.02242004
v 0.01137498 0.00210004 0.02242004
v 0.01167503 0.00550000 0.02191996
v 0.01167503 0.00239997 0.02191996
v 0.01163479 0.00225000 0.02191996
v 0.01137498 0.00210004 0.02191996
v 0.01152500 0.00214021 0.02191996
v 0.01167503 0.00550000 0.02551996
v 0.01167503 0.00239997 0.02551996
v 0.01163479 0.00225000 0.02551996
v 0.01152500 0.00214021 0.02551996
v 0.01137498 0.00210004 0.02551996
v 0.01167503 0.00550000 0.02502000
v 0.01167503 0.00239997 0.02502000
v 0.01163479 0.00225000 0.02502000
v 0.01137498 0.00210004 0.02502000
v 0.01152500 0.00214021 0.02502000
v 0.01167503 0.00239997 0.02862000
v 0.01163479 0.00225000 0.02862000
v 0.01152500 0.00214021 0.02862000
v 0.01137498 0.00210004 0.02862000
v 0.01167503 0.00550000 0.02812003
v 0.01167503 0.00239997 0.02812003
v 0.01163479 0.00225000 0.02812003
v 0.01137498 0.00210004 0.02812003
v 0.01152500 0.00214021 0.02812003
v 0.01167503 0.00550000 0.02769994
v 0.01167503 0.00599997 0.02769994
v 0.01167503 0.00599997 0.02869999
v 0.01167503 0.00239997 0.03172003
v 0.01163479 0.00225000 0.03172003
v 0.01152500 0.00214021 0.03172003
v 0.01137498 0.00210004 0.03172003
v 0.01167503 0.00239997 0.03121995
v 0.01163479 0.00225000 0.03121995
v 0.01137498 0.00210004 0.03121995
v 0.01152500 0.00214021 0.03121995
v 0.01277497 0.00550000 0.00952005
v 0.01142499 0.00550000 0.02726697
v 0.01160803 0.00550000 0.02744996
v 0.01117500 0.00550000 0.02719998
v 0.00985571 0.00550000 0.02719998
v 0.00985571 0.00550000 0.01219999
v 0.01160803 0.00550000 0.01195001
v 0.00985571 0.00550000 0.01020002
v 0.01117500 0.00550000 0.01020002
v 0.01117500 0.00550000 0.01219999
v 0.01142499 0.00550000 0.01213300
v 0.01142499 0.00550000 0.01026701
v 0.01160803 0.00550000 0.01045000
v 0.01167503 0.00550000 0.01069998
v 0.01167503 0.00550000 0.01170003
v 0.01277497 0.00500004 0.00901996
v 0.01277497 0.00506704 0.00926995
v 0.01277497 0.00525002 0.00945305
v 0.01277497 0.00500004 0.03299998
v 0.01277497 0.00500004 0.03222000
v 0.01277497 0.00506704 0.03197002
v 0.01277497 0.00525002 0.03178703
v 0.00985571 0.00599997 0.01219999
v 0.00985571 0.00599997 0.01020002
v 0.00985571 0.00599997 0.02919995
v 0.00985571 0.00599997 0.02719998
v 0.01117500 0.00599997 0.01020002
v 0.01117500 0.00599997 0.01219999
v 0.01142499 0.00599997 0.01213300
v 0.01160803 0.00599997 0.01195001
v 0.01167503 0.00599997 0.01170003
v 0.01167503 0.00599997 0.01069998
v 0.01160803 0.00599997 0.01045000
v 0.01142499 0.00599997 0.01026701
v 0.01117500 0.00599997 0.02919995
v 0.01142499 0.00599997 0.02913295
v 0.01160803 0.00599997 0.02894997
v 0.01160803 0.00599997 0.02744996
v 0.01142499 0.00599997 0.02726697
v 0.01117500 0.00599997 0.02719998
v 0.01167503 -0.00550003 0.02242004
v 0.01217499 -0.00550003 0.02242004
v 0.01217499 -0.00550003 0.02502000
v 0.01167503 -0.00550003 0.00952005
v 0.00985571 -0.00550003 0.00650000
v 0.01217499 -0.00550003 0.00952005
v 0.01277497 -0.00550003 0.00650000
v 0.01277497 -0.00550003 0.00952005
v 0.01167503 -0.00550003 0.02502000
v 0.01167503 -0.00550003 0.02551996
v 0.00985571 -0.00550003 0.02719998
v 0.01167503 -0.00550003 0.01621997
v 0.01217499 -0.00550003 0.01621997
v 0.01217499 -0.00550003 0.01882004
v 0.01217499 -0.00550003 0.02812003
v 0.01167503 -0.00550003 0.02812003
v 0.01167503 -0.00550003 0.02769994
v 0.01217499 -0.00550003 0.02551996
v 0.01217499 -0.00550003 0.01261997
v 0.01167503 -0.00550003 0.01261997
v 0.01142499 -0.00550003 0.01213300
v 0.01160803 -0.00550003 0.01195001
v 0.01167503 -0.00550003 0.01170003
v 0.01217499 -0.00550003 0.01002001
v 0.01217499 -0.00550003 0.01932000
v 0.01217499 -0.00550003 0.02191996
v 0.01167503 -0.00550003 0.01932000
v 0.01167503 -0.00550003 0.02191996
v 0.01160803 -0.00550003 0.02744996
v 0.01142499 -0.00550003 0.02726697
v 0.01117500 -0.00550003 0.02719998
v 0.00985571 -0.00550003 0.01020002
v 0.01117500 -0.00550003 0.01020002
v 0.01142499 -0.00550003 0.01026701
v 0.01167503 -0.00550003 0.01002001
v 0.01160803 -0.00550003 0.01045000
v 0.01167503 -0.00550003 0.01069998
v 0.01167503 -0.00550003 0.01312005
v 0.00985571 -0.00550003 0.01219999
v 0.01117500 -0.00550003 0.01219999
v 0.01167503 -0.00550003 0.01882004
v 0.01167503 -0.00550003 0.01572000
v 0.01217499 -0.00550003 0.01572000
v 0.01217499 -0.00550003 0.01312005
v 0.01217499 -0.00525005 0.03178703
v 0.01217499 -0.00550003 0.03172003
v 0.01217499 -0.00190003 0.03172003
v 0.01217499 -0.00174995 0.03176021
v 0.01217499 -0.00499995 0.03222000
v 0.01217499 -0.00506695 0.03197002
v 0.01217499 -0.00159998 0.03299998
v 0.01217499 -0.00499995 0.03299998
v 0.01217499 -0.00159998 0.03201997
v 0.01217499 -0.00164016 0.03187000
v 0.01217499 -0.00159998 0.00922000
v 0.01217499 -0.00164016 0.00936996
v 0.01217499 -0.00174995 0.00947975
v 0.01217499 -0.00499995 0.00901996
v 0.01217499 -0.00499995 0.00650000
v 0.01217499 -0.00159998 0.00650000
v 0.01217499 -0.00506695 0.00926995
v 0.01217499 -0.00190003 0.00952005
v 0.01217499 -0.00525005 0.00945305
v 0.01081130 -0.00159998 0.02892005
v 0.01081130 -0.00159998 0.03092002
v 0.01217499 -0.00159998 0.02892005
v 0.01217499 -0.00159998 0.03092002
v 0.01081130 -0.00159998 0.03201997
v 0.01081130 -0.00159998 0.03349995
v 0.01277497 -0.00159998 0.03299998
v 0.01277497 -0.00159998 0.03349995
v 0.01081130 -0.00159998 0.02582001
v 0.01081130 -0.00159998 0.02781998
v 0.01217499 -0.00159998 0.02582001
v 0.01217499 -0.00159998 0.02781998
v 0.01081130 -0.00159998 0.02271997
v 0.01081130 -0.00159998 0.02471995
v 0.01217499 -0.00159998 0.02271997
v 0.01217499 -0.00159998 0.02471995
v 0.01217499 -0.00159998 0.02162003
v 0.01217499 -0.00159998 0.01932000
v 0.01081130 -0.00159998 0.02162003
v 0.01081130 -0.00159998 0.01932000
v 0.01081130 -0.00159998 0.01652002
v 0.01081130 -0.00159998 0.01851999
v 0.01217499 -0.00159998 0.01652002
v 0.01217499 -0.00159998 0.01851999
v 0.01081130 -0.00159998 0.01341998
v 0.01081130 -0.00159998 0.01541995
v 0.01217499 -0.00159998 0.01341998
v 0.01217499 -0.00159998 0.01541995
v 0.01081130 -0.00159998 0.01031994
v 0.01081130 -0.00159998 0.01232004
v 0.01217499 -0.00159998 0.01031994
v 0.01217499 -0.00159998 0.01232004
v 0.01217499 -0.00550003 0.03121995
v 0.01217499 -0.00550003 0.02862000
v 0.01217499 -0.00190003 0.03121995
v 0.01217499 -0.00190003 0.02862000
v 0.01217499 -0.00164016 0.03106999
v 0.01217499 -0.00174995 0.03117978
v 0.01217499 -0.00164016 0.02876996
v 0.01217499 -0.00174995 0.02866017
v 0.01217499 -0.00190003 0.02812003
v 0.01217499 -0.00190003 0.02551996
v 0.01217499 -0.00164016 0.02796995
v 0.01217499 -0.00174995 0.02807986
v 0.01217499 -0.00164016 0.02567004
v 0.01217499 -0.00174995 0.02556013
v 0.01217499 -0.00190003 0.02242004
v 0.01217499 -0.00174995 0.02246021
v 0.01217499 -0.00164016 0.02257001
v 0.01217499 -0.00164016 0.02487003
v 0.01217499 -0.00174995 0.02497982
v 0.01217499 -0.00190003 0.02502000
v 0.01217499 -0.00164016 0.02176999
v 0.01217499 -0.00174995 0.02187978
v 0.01217499 -0.00190003 0.02191996
v 0.01217499 -0.00190003 0.01882004
v 0.01217499 -0.00190003 0.01621997
v 0.01217499 -0.00164016 0.01866996
v 0.01217499 -0.00174995 0.01877987
v 0.01217499 -0.00164016 0.01637005
v 0.01217499 -0.00174995 0.01626014
v 0.01217499 -0.00190003 0.01572000
v 0.01217499 -0.00190003 0.01312005
v 0.01217499 -0.00164016 0.01557004
v 0.01217499 -0.00174995 0.01567983
v 0.01217499 -0.00164016 0.01327001
v 0.01217499 -0.00174995 0.01316022
v 0.01217499 -0.00190003 0.01261997
v 0.01217499 -0.00190003 0.01002001
v 0.01217499 -0.00164016 0.01247000
v 0.01217499 -0.00174995 0.01257979
v 0.01217499 -0.00164016 0.01016998
v 0.01217499 -0.00174995 0.01006018
v 0.01109597 -0.00281317 0.03349995
v 0.01109597 -0.00281317 0.00650000
v 0.01056567 -0.00401755 0.03349995
v 0.01056567 -0.00401755 0.00650000
v 0.00985571 -0.00512560 0.03349995
v 0.00985571 -0.00512560 0.00650000
v 0.01086363 -0.00250001 0.03349995
v 0.01056900 -0.00250001 0.03349995
v 0.01086363 -0.00250001 0.00650000
v 0.01056900 -0.00250001 0.00650000
v 0.01081130 -0.00159998 0.00922000
v 0.01081130 -0.00159998 0.00650000
v 0.01069078 -0.00209995 0.01312005
v 0.01069078 -0.00209995 0.01261997
v 0.01077863 -0.00175030 0.02876996
v 0.01074311 -0.00190003 0.02862000
v 0.01069078 -0.00209995 0.02862000
v 0.01069078 -0.00209995 0.03172003
v 0.01080915 -0.00161023 0.03194236
v 0.01077863 -0.00175030 0.03187000
v 0.01080283 -0.00164016 0.03187000
v 0.01079252 -0.00168808 0.03180765
v 0.01074311 -0.00190003 0.03172003
v 0.01077875 -0.00174995 0.03176021
v 0.01069078 -0.00209995 0.03121995
v 0.01069078 -0.00209995 0.02812003
v 0.01074311 -0.00190003 0.02812003
v 0.01077863 -0.00175030 0.02796995
v 0.01077875 -0.00174995 0.02807986
v 0.01079258 -0.00168796 0.02803230
v 0.01080283 -0.00164016 0.02796995
v 0.01080915 -0.00161023 0.02574228
v 0.01077863 -0.00175030 0.02567004
v 0.01080283 -0.00164016 0.02567004
v 0.01079252 -0.00168808 0.02560770
v 0.01069078 -0.00209995 0.02551996
v 0.01074311 -0.00190003 0.02551996
v 0.01077875 -0.00174995 0.02556013
v 0.01080915 -0.00161035 0.03099810
v 0.01077863 -0.00175030 0.03106999
v 0.01077875 -0.00174995 0.03117978
v 0.01079258 -0.00168796 0.03113221
v 0.01080283 -0.00164016 0.03106999
v 0.01077875 -0.00174995 0.02866017
v 0.01079252 -0.00168808 0.02870762
v 0.01080283 -0.00164016 0.02876996
v 0.01080915 -0.00161023 0.02884232
v 0.01074311 -0.00190003 0.03121995
v 0.01080915 -0.00161035 0.02789807
v 0.01069078 -0.00209995 0.02502000
v 0.01074311 -0.00190003 0.02502000
v 0.01077863 -0.00175030 0.02487003
v 0.01077875 -0.00174995 0.02497982
v 0.01079258 -0.00168796 0.02493226
v 0.01080283 -0.00164016 0.02487003
v 0.01080915 -0.00161023 0.02264237
v 0.01077863 -0.00175030 0.02257001
v 0.01080283 -0.00164016 0.02257001
v 0.01079252 -0.00168808 0.02250766
v 0.01069078 -0.00209995 0.02242004
v 0.01074311 -0.00190003 0.02242004
v 0.01077875 -0.00174995 0.02246021
v 0.01069078 -0.00209995 0.01932000
v 0.01080915 -0.00161035 0.02479803
v 0.01069078 -0.00209995 0.02191996
v 0.01074311 -0.00190003 0.02191996
v 0.01077863 -0.00175030 0.02176999
v 0.01077875 -0.00174995 0.02187978
v 0.01079258 -0.00168796 0.02183222
v 0.01080283 -0.00164016 0.02176999
v 0.01069078 -0.00209995 0.01882004
v 0.01080915 -0.00161035 0.02169799
v 0.01074311 -0.00190003 0.01882004
v 0.01077863 -0.00175030 0.01866996
v 0.01077875 -0.00174995 0.01877987
v 0.01079258 -0.00168796 0.01873230
v 0.01080283 -0.00164016 0.01866996
v 0.01080915 -0.00161023 0.01644229
v 0.01077863 -0.00175030 0.01637005
v 0.01080283 -0.00164016 0.01637005
v 0.01079252 -0.00168808 0.01630770
v 0.01069078 -0.00209995 0.01621997
v 0.01074311 -0.00190003 0.01621997
v 0.01077875 -0.00174995 0.01626014
v 0.01069078 -0.00209995 0.01572000
v 0.01074311 -0.00190003 0.01572000
v 0.01077863 -0.00175030 0.01557004
v 0.01080283 -0.00164016 0.01557004
v 0.01080915 -0.00161035 0.01549804
v 0.01077875 -0.00174995 0.01567983
v 0.01079258 -0.00168796 0.01563226
v 0.01079252 -0.00168808 0.01320767
v 0.01077875 -0.00174995 0.01316022
v 0.01074311 -0.00190003 0.01312005
v 0.01080915 -0.00161023 0.01334237
v 0.01077863 -0.00175030 0.01327001
v 0.01080283 -0.00164016 0.01327001
v 0.01080915 -0.00161035 0.01859807
v 0.01074311 -0.00190003 0.01261997
v 0.01077863 -0.00175030 0.01247000
v 0.01077875 -0.00174995 0.01257979
v 0.01079258 -0.00168796 0.01253223
v 0.01080283 -0.00164016 0.01247000
v 0.01080915 -0.00161023 0.01024234
v 0.01077863 -0.00175030 0.01016998
v 0.01080283 -0.00164016 0.01016998
v 0.01079252 -0.00168808 0.01010763
v 0.01069078 -0.00209995 0.01002001
v 0.01074311 -0.00190003 0.01002001
v 0.01077875 -0.00174995 0.01006018
v 0.01069078 -0.00209995 0.00952005
v 0.01074311 -0.00190003 0.00952005
v 0.01077863 -0.00175030 0.00936996
v 0.01077875 -0.00174995 0.00947975
v 0.01079258 -0.00168796 0.00943231
v 0.01080283 -0.00164016 0.00936996
v 0.01080915 -0.00161035 0.00929808
v 0.01080915 -0.00161035 0.01239800
v 0.01133880 -0.00244553 0.03349995
v 0.01134762 -0.00252075 0.03349995
v 0.01277497 -0.00550003 0.03349995
v 0.01098612 -0.00247390 0.03349995
v 0.01108721 -0.00240000 0.03349995
v 0.01115033 -0.00235815 0.03349995
v 0.01122579 -0.00235243 0.03349995
v 0.01129445 -0.00238426 0.03349995
v 0.01131853 -0.00259061 0.03349995
v 0.01125905 -0.00263746 0.03349995
v 0.01115921 -0.00270827 0.03349995
v 0.00985571 -0.00550003 0.03349995
v 0.01277497 -0.00499995 0.00650000
v 0.01115033 -0.00235815 0.00650000
v 0.01108721 -0.00240000 0.00650000
v 0.01134762 -0.00252075 0.00650000
v 0.01133880 -0.00244553 0.00650000
v 0.01129445 -0.00238426 0.00650000
v 0.01122579 -0.00235243 0.00650000
v 0.01098612 -0.00247390 0.00650000
v 0.01131853 -0.00259061 0.00650000
v 0.01125905 -0.00263746 0.00650000
v 0.01115921 -0.00270827 0.00650000
v 0.01167503 -0.00240000 0.01002001
v 0.01163479 -0.00225003 0.01002001
v 0.01137498 -0.00209995 0.01002001
v 0.01152500 -0.00214024 0.01002001
v 0.01167503 -0.00240000 0.00952005
v 0.01163479 -0.00225003 0.00952005
v 0.01152500 -0.00214024 0.00952005
v 0.01137498 -0.00209995 0.00952005
v 0.01167503 -0.00240000 0.01312005
v 0.01163479 -0.00225003 0.01312005
v 0.01137498 -0.00209995 0.01312005
v 0.01152500 -0.00214024 0.01312005
v 0.01167503 -0.00240000 0.01261997
v 0.01163479 -0.00225003 0.01261997
v 0.01152500 -0.00214024 0.01261997
v 0.01137498 -0.00209995 0.01261997
v 0.01167503 -0.00240000 0.01621997
v 0.01163479 -0.00225003 0.01621997
v 0.01137498 -0.00209995 0.01621997
v 0.01152500 -0.00214024 0.01621997
v 0.01167503 -0.00240000 0.01572000
v 0.01163479 -0.00225003 0.01572000
v 0.01152500 -0.00214024 0.01572000
v 0.01137498 -0.00209995 0.01572000
v 0.01165214 -0.00228520 0.01932000
v 0.01158711 -0.00218792 0.01932000
v 0.01137498 -0.00209995 0.01932000
v 0.01148978 -0.00212283 0.01932000
v 0.01167503 -0.00240000 0.01932000
v 0.01137498 -0.00209995 0.01882004
v 0.01148978 -0.00212283 0.01882004
v 0.01158711 -0.00218792 0.01882004
v 0.01167503 -0.00240000 0.01882004
v 0.01165214 -0.00228520 0.01882004
v 0.01165214 -0.00228520 0.02242004
v 0.01158711 -0.00218792 0.02242004
v 0.01137498 -0.00209995 0.02242004
v 0.01148978 -0.00212283 0.02242004
v 0.01167503 -0.00240000 0.02242004
v 0.01137498 -0.00209995 0.02191996
v 0.01148978 -0.00212283 0.02191996
v 0.01158711 -0.00218792 0.02191996
v 0.01167503 -0.00240000 0.02191996
v 0.01165214 -0.00228520 0.02191996
v 0.01167503 -0.00240000 0.02551996
v 0.01163479 -0.00225003 0.02551996
v 0.01137498 -0.00209995 0.02551996
v 0.01152500 -0.00214024 0.02551996
v 0.01167503 -0.00240000 0.02502000
v 0.01163479 -0.00225003 0.02502000
v 0.01152500 -0.00214024 0.02502000
v 0.01137498 -0.00209995 0.02502000
v 0.01167503 -0.00550003 0.02862000
v 0.01167503 -0.00240000 0.02862000
v 0.01163479 -0.00225003 0.02862000
v 0.01137498 -0.00209995 0.02862000
v 0.01152500 -0.00214024 0.02862000
v 0.01167503 -0.00240000 0.02812003
v 0.01163479 -0.00225003 0.02812003
v 0.01152500 -0.00214024 0.02812003
v 0.01137498 -0.00209995 0.02812003
v 0.01167503 -0.00550003 0.02869999
v 0.01167503 -0.00600000 0.02869999
v 0.01167503 -0.00600000 0.02769994
v 0.01167503 -0.00550003 0.03172003
v 0.01167503 -0.00240000 0.03172003
v 0.01163479 -0.00225003 0.03172003
v 0.01137498 -0.00209995 0.03172003
v 0.01152500 -0.00214024 0.03172003
v 0.01167503 -0.00550003 0.03121995
v 0.01167503 -0.00240000 0.03121995
v 0.01163479 -0.00225003 0.03121995
v 0.01152500 -0.00214024 0.03121995
v 0.01137498 -0.00209995 0.03121995
v 0.01160803 -0.00550003 0.02894997
v 0.01277497 -0.00550003 0.03172003
v 0.00985571 -0.00550003 0.02919995
v 0.01117500 -0.00550003 0.02919995
v 0.01142499 -0.00550003 0.02913295
v 0.01277497 -0.00499995 0.00901996
v 0.01277497 -0.00506695 0.00926995
v 0.01277497 -0.00525005 0.00945305
v 0.01277497 -0.00499995 0.03299998
v 0.01277497 -0.00499995 0.03222000
v 0.01277497 -0.00506695 0.03197002
v 0.01277497 -0.00525005 0.03178703
v 0.00985571 -0.00600000 0.02719998
v 0.00985571 -0.00600000 0.02919995
v 0.00985571 -0.00600000 0.01020002
v 0.00985571 -0.00600000 0.01219999
v 0.01117500 -0.00600000 0.01219999
v 0.01117500 -0.00600000 0.01020002
v 0.01142499 -0.00600000 0.01026701
v 0.01160803 -0.00600000 0.01045000
v 0.01167503 -0.00600000 0.01069998
v 0.01167503 -0.00600000 0.01170003
v 0.01160803 -0.00600000 0.01195001
v 0.01142499 -0.00600000 0.01213300
v 0.01117500 -0.00600000 0.02719998
v 0.01142499 -0.00600000 0.02726697
v 0.01160803 -0.00600000 0.02744996
v 0.01160803 -0.00600000 0.02894997
v 0.01142499 -0.00600000 0.02913295
v 0.01117500 -0.00600000 0.02919995
v 0.01217499 0.00456695 0.01312005
v 0.01217499 0.00449996 0.01286995
v 0.01217499 -0.00449999 0.01286995
v 0.01217499 0.00475006 0.01553702
v 0.01217499 0.00500004 0.01547002
v 0.01217499 0.00500004 0.01337003
v 0.01217499 0.00475006 0.01863693
v 0.01217499 0.00500004 0.01857006
v 0.01217499 0.00500004 0.01646995
v 0.01217499 -0.00456698 0.01882004
v 0.01217499 -0.00449999 0.01907002
v 0.01217499 -0.00075002 0.02092003
v 0.01217499 0.00475006 0.02793693
v 0.01217499 0.00500004 0.02787005
v 0.01217499 0.00500004 0.02576994
v 0.01217499 -0.00075002 0.01781999
v 0.01217499 0.00074999 0.01781999
v 0.01217499 -0.00456698 0.01312005
v 0.01217499 -0.00075002 0.02032005
v 0.01217499 0.00074999 0.02032005
v 0.01217499 0.00074999 0.02092003
v 0.01217499 -0.00499995 0.01337003
v 0.01217499 -0.00499995 0.01547002
v 0.01217499 -0.00474997 0.01553702
v 0.01217499 -0.00499995 0.01646995
v 0.01217499 -0.00499995 0.01857006
v 0.01217499 -0.00474997 0.01863693
v 0.01217499 -0.00499995 0.02576994
v 0.01217499 -0.00499995 0.02787005
v 0.01217499 -0.00474997 0.02793693
v 0.01217499 -0.00499995 0.00429999
v 0.01217499 -0.00499995 0.00926995
v 0.01217499 -0.00474997 0.00933694
v 0.01217499 0.00449996 0.02526998
v 0.01217499 0.00074999 0.02341997
v 0.01217499 0.00456695 0.02551996
v 0.01217499 0.00475006 0.02570307
v 0.01217499 0.00475006 0.01330303
v 0.01217499 -0.00474997 0.01330303
v 0.01217499 -0.00456698 0.01572000
v 0.01217499 0.00074999 0.03022002
v 0.01217499 0.00449996 0.02837002
v 0.01217499 0.00456695 0.02812003
v 0.01217499 -0.00456698 0.02812003
v 0.01217499 -0.00075002 0.03022002
v 0.01217499 -0.00474997 0.02570307
v 0.01217499 -0.00499995 0.01026999
v 0.01217499 -0.00499995 0.01236998
v 0.01217499 -0.00474997 0.01020300
v 0.01217499 -0.00474997 0.01243698
v 0.01217499 -0.00474997 0.00386702
v 0.01217499 -0.00493295 0.00405001
v 0.01217499 -0.00449999 0.00380003
v 0.01217499 0.00456695 0.00952005
v 0.01217499 0.00449996 0.00380003
v 0.01217499 0.00475006 0.00933694
v 0.01217499 0.00493304 0.00405001
v 0.01217499 0.00475006 0.00386702
v 0.01217499 0.00500004 0.00429999
v 0.01217499 0.00500004 0.00926995
v 0.01217499 0.00456695 0.01572000
v 0.01217499 0.00449996 0.01596998
v 0.01217499 -0.00449999 0.01596998
v 0.01217499 -0.00456698 0.01621997
v 0.01217499 -0.00474997 0.01640295
v 0.01217499 0.00449996 0.01907002
v 0.01217499 0.00456695 0.01882004
v 0.01217499 0.00475006 0.03293299
v 0.01217499 0.00493304 0.03275000
v 0.01217499 0.00449996 0.03299998
v 0.01217499 0.00500004 0.03250002
v 0.01217499 -0.00075002 0.03271996
v 0.01217499 -0.00449999 0.03299998
v 0.01217499 0.00074999 0.03271996
v 0.01217499 0.00475006 0.03190302
v 0.01217499 0.00500004 0.03197002
v 0.01217499 -0.00449999 0.03147005
v 0.01217499 -0.00456698 0.03172003
v 0.01217499 -0.00474997 0.03190302
v 0.01217499 0.00500004 0.01236998
v 0.01217499 0.00500004 0.01026999
v 0.01217499 0.00475006 0.01243698
v 0.01217499 0.00475006 0.01020300
v 0.01217499 0.00456695 0.01261997
v 0.01217499 -0.00449999 0.00977003
v 0.01217499 -0.00456698 0.01002001
v 0.01217499 -0.00456698 0.01261997
v 0.01217499 0.00456695 0.01002001
v 0.01217499 0.00449996 0.00977003
v 0.01217499 -0.00456698 0.00952005
v 0.01217499 -0.00499995 0.01956999
v 0.01217499 -0.00499995 0.02166998
v 0.01217499 -0.00474997 0.01950299
v 0.01217499 -0.00474997 0.02173697
v 0.01217499 -0.00456698 0.02191996
v 0.01217499 -0.00449999 0.02216994
v 0.01217499 -0.00456698 0.01932000
v 0.01217499 -0.00449999 0.02526998
v 0.01217499 -0.00456698 0.02551996
v 0.01217499 -0.00075002 0.02341997
v 0.01217499 -0.00499995 0.02886998
v 0.01217499 -0.00499995 0.03096997
v 0.01217499 -0.00474997 0.02880298
v 0.01217499 -0.00474997 0.03103697
v 0.01217499 -0.00449999 0.02837002
v 0.01217499 -0.00456698 0.02862000
v 0.01217499 -0.00456698 0.03121995
v 0.01217499 -0.00493295 0.03275000
v 0.01217499 -0.00474997 0.03293299
v 0.01217499 -0.00499995 0.03250002
v 0.01217499 -0.00499995 0.03197002
v 0.01217499 0.00500004 0.02477001
v 0.01217499 0.00500004 0.02267002
v 0.01217499 0.00475006 0.02483701
v 0.01217499 0.00475006 0.02260303
v 0.01217499 0.00456695 0.02242004
v 0.01217499 0.00449996 0.02216994
v 0.01217499 0.00456695 0.02502000
v 0.01217499 0.00456695 0.01621997
v 0.01217499 0.00475006 0.01640295
v 0.01217499 -0.00499995 0.02267002
v 0.01217499 -0.00499995 0.02477001
v 0.01217499 -0.00474997 0.02260303
v 0.01217499 -0.00474997 0.02483701
v 0.01217499 -0.00456698 0.02242004
v 0.01217499 -0.00456698 0.02502000
v 0.01217499 0.00500004 0.03096997
v 0.01217499 0.00500004 0.02886998
v 0.01217499 0.00475006 0.03103697
v 0.01217499 0.00475006 0.02880298
v 0.01217499 0.00456695 0.03172003
v 0.01217499 0.00449996 0.03147005
v 0.01217499 0.00456695 0.03121995
v 0.01217499 0.00456695 0.02862000
v 0.01217499 0.00500004 0.02166998
v 0.01217499 0.00500004 0.01956999
v 0.01217499 0.00475006 0.02173697
v 0.01217499 0.00475006 0.01950299
v 0.01217499 0.00456695 0.02191996
v 0.01217499 0.00456695 0.01932000
v 0.01277497 0.00500004 0.02166998
v 0.01277497 0.00500004 0.01956999
v 0.01277497 0.00500004 0.01857006
v 0.01277497 0.00500004 0.01646995
v 0.01277497 0.00500004 0.02787005
v 0.01277497 0.00500004 0.02576994
v 0.01277497 0.00500004 0.02267002
v 0.01277497 0.00500004 0.02477001
v 0.01277497 0.00500004 0.00429999
v 0.01277497 0.00500004 0.00926995
v 0.01277497 0.00500004 0.01547002
v 0.01277497 0.00500004 0.01337003
v 0.01277497 0.00500004 0.01026999
v 0.01277497 0.00500004 0.01236998
v 0.01277497 0.00500004 0.02886998
v 0.01277497 0.00500004 0.03096997
v 0.01277497 -0.00499995 0.02576994
v 0.01277497 -0.00499995 0.02787005
v 0.01277497 -0.00499995 0.02477001
v 0.01277497 -0.00499995 0.02267002
v 0.01277497 -0.00499995 0.03197002
v 0.01277497 -0.00499995 0.03250002
v 0.01277497 -0.00499995 0.03096997
v 0.01277497 -0.00499995 0.02886998
v 0.01277497 -0.00499995 0.01337003
v 0.01277497 -0.00499995 0.01547002
v 0.01277497 -0.00499995 0.01236998
v 0.01277497 -0.00499995 0.01026999
v 0.01277497 -0.00499995 0.02166998
v 0.01277497 -0.00499995 0.01956999
v 0.01277497 -0.00499995 0.01857006
v 0.01277497 -0.00499995 0.01646995
v 0.01277497 0.00500004 0.03197002
v 0.01277497 0.00500004 0.03250002
v 0.01277497 0.00449996 0.03299998
v 0.01277497 -0.00449999 0.03299998
v 0.01277497 -0.00499995 0.00429999
v 0.01277497 -0.00499995 0.00926995
v 0.01277497 0.00475006 0.00933694
v 0.01277497 0.00475006 0.00386702
v 0.01277497 0.00493304 0.00405001
v 0.01277497 0.00449996 0.00380003
v 0.01277497 -0.00456698 0.00952005
v 0.01277497 -0.00449999 0.00380003
v 0.01277497 -0.00474997 0.00933694
v 0.01277497 -0.00493295 0.00405001
v 0.01277497 -0.00474997 0.00386702
v 0.01277497 -0.00474997 0.01020300
v 0.01277497 -0.00456698 0.01002001
v 0.01277497 0.00449996 0.00977003
v 0.01277497 -0.00449999 0.00977003
v 0.01277497 0.00456695 0.00952005
v 0.01277497 0.00475006 0.01020300
v 0.01277497 0.00475006 0.01243698
v 0.01277497 -0.00474997 0.01243698
v 0.01277497 -0.00456698 0.01261997
v 0.01277497 -0.00449999 0.01286995
v 0.01277497 0.00456695 0.01002001
v 0.01277497 0.00449996 0.01286995
v 0.01277497 0.00456695 0.01261997
v 0.01277497 -0.00474997 0.01553702
v 0.01277497 -0.00474997 0.01330303
v 0.01277497 -0.00456698 0.01312005
v 0.01277497 -0.00456698 0.01572000
v 0.01277497 -0.00449999 0.01596998
v 0.01277497 0.00475006 0.01330303
v 0.01277497 0.00475006 0.01553702
v 0.01277497 0.00456695 0.01572000
v 0.01277497 0.00449996 0.01596998
v 0.01277497 0.00456695 0.01312005
v 0.01277497 -0.00456698 0.01621997
v 0.01277497 -0.00474997 0.01640295
v 0.01277497 0.00475006 0.01640295
v 0.01277497 0.00475006 0.01863693
v 0.01277497 -0.00474997 0.01863693
v 0.01277497 -0.00456698 0.01882004
v 0.01277497 -0.00449999 0.01907002
v 0.01277497 0.00456695 0.01621997
v 0.01277497 0.00449996 0.01907002
v 0.01277497 0.00456695 0.01882004
v 0.01277497 -0.00474997 0.02173697
v 0.01277497 -0.00474997 0.01950299
v 0.01277497 -0.00456698 0.02502000
v 0.01277497 0.00449996 0.02216994
v 0.01277497 -0.00449999 0.02526998
v 0.01277497 0.00456695 0.02242004
v 0.01277497 0.00475006 0.01950299
v 0.01277497 0.00475006 0.02173697
v 0.01277497 -0.00456698 0.01932000
v 0.01277497 -0.00456698 0.02191996
v 0.01277497 -0.00449999 0.02216994
v 0.01277497 0.00456695 0.01932000
v 0.01277497 0.00456695 0.02191996
v 0.01277497 -0.00474997 0.02483701
v 0.01277497 -0.00474997 0.02260303
v 0.01277497 -0.00456698 0.02242004
v 0.01277497 -0.00474997 0.03190302
v 0.01277497 0.00475006 0.02260303
v 0.01277497 0.00475006 0.02483701
v 0.01277497 0.00456695 0.02502000
v 0.01277497 0.00449996 0.02526998
v 0.01277497 -0.00474997 0.02793693
v 0.01277497 -0.00474997 0.02570307
v 0.01277497 -0.00456698 0.02551996
v 0.01277497 -0.00456698 0.02812003
v 0.01277497 -0.00449999 0.02837002
v 0.01277497 -0.00474997 0.03293299
v 0.01277497 -0.00493295 0.03275000
v 0.01277497 0.00456695 0.03172003
v 0.01277497 0.00475006 0.03190302
v 0.01277497 0.00475006 0.02570307
v 0.01277497 0.00475006 0.02793693
v 0.01277497 0.00456695 0.02812003
v 0.01277497 0.00449996 0.02837002
v 0.01277497 0.00456695 0.02551996
v 0.01277497 -0.00456698 0.02862000
v 0.01277497 -0.00474997 0.02880298
v 0.01277497 -0.00449999 0.03147005
v 0.01277497 0.00449996 0.03147005
v 0.01277497 -0.00456698 0.03172003
v 0.01277497 0.00493304 0.03275000
v 0.01277497 0.00475006 0.03293299
v 0.01277497 0.00475006 0.02880298
v 0.01277497 0.00475006 0.03103697
v 0.01277497 -0.00474997 0.03103697
v 0.01277497 -0.00456698 0.03121995
v 0.01277497 0.00456695 0.02862000
v 0.01277497 0.00456695 0.03121995
v 0.01177498 -0.00075002 0.02032005
v 0.01177498 -0.00075002 0.01781999
v 0.01177498 0.00074999 0.02032005
v 0.01177498 0.00074999 0.01781999
v 0.01177498 -0.00075002 0.02341997
v 0.01177498 -0.00075002 0.02092003
v 0.01177498 0.00074999 0.02341997
v 0.01177498 0.00074999 0.02092003
v 0.01177498 0.00074999 0.03271996
v 0.01177498 -0.00075002 0.03271996
v 0.01177498 0.00074999 0.03022002
v 0.01177498 -0.00075002 0.03022002
v 0.00617501 0.00799994 0.01219999
v 0.00617501 0.00799994 0.02719998
v 0.00947502 0.00799994 0.02719998
v 0.00967499 0.00799994 0.02699994
v 0.00967499 0.00799994 0.01240002
v 0.00947502 0.00799994 0.01219999
v 0.01167503 -0.00799997 0.01240002
v 0.01187500 -0.00799997 0.01219999
v 0.01167503 -0.00799997 0.02699994
v 0.01253578 -0.00799997 0.01219999
v 0.01187500 -0.00799997 0.02719998
v 0.01253578 -0.00799997 0.02719998
v 0.01517501 -0.00299998 0.02719998
v 0.01397499 -0.00299998 0.02719998
v 0.01517501 -0.00750001 0.02719998
v 0.01397499 -0.00550003 0.02719998
v 0.00742987 -0.00729962 0.02719998
v 0.00617501 -0.00791450 0.02719998
v 0.00617501 -0.00799997 0.02719998
v 0.01263579 -0.00797315 0.02719998
v 0.01264986 -0.00796433 0.02719998
v 0.01242539 -0.00754411 0.02719998
v 0.00947502 -0.00799997 0.02719998
v 0.00947502 -0.00700004 0.02719998
v 0.00856700 -0.00648756 0.02719998
v 0.00959381 -0.00647934 0.02719998
v 0.00955572 -0.00550003 0.02719998
v 0.00992682 -0.00606175 0.02719998
v 0.01040795 -0.00583012 0.02719998
v 0.01094201 -0.00583012 0.02719998
v 0.01142320 -0.00606175 0.02719998
v 0.01175615 -0.00647934 0.02719998
v 0.01187500 -0.00700004 0.02719998
v 0.01475677 -0.00699158 0.02719998
v 0.01477298 -0.00726981 0.02719998
v 0.01472458 -0.00754411 0.02719998
v 0.01461425 -0.00780006 0.02719998
v 0.01237705 -0.00726981 0.02719998
v 0.01239320 -0.00699158 0.02719998
v 0.01247313 -0.00672467 0.02719998
v 0.01261243 -0.00648339 0.02719998
v 0.01357498 -0.00600000 0.02719998
v 0.01385173 -0.00603230 0.02719998
v 0.01453754 -0.00648339 0.02719998
v 0.01467684 -0.00672467 0.02719998
v 0.01577499 -0.00799997 0.02719998
v 0.01577499 -0.00750001 0.02719998
v 0.01461425 -0.00799997 0.02719998
v 0.01451423 -0.00797315 0.02719998
v 0.01450017 -0.00796433 0.02719998
v 0.01280364 -0.00628073 0.02719998
v 0.01303646 -0.00612767 0.02719998
v 0.01329824 -0.00603230 0.02719998
v 0.01411357 -0.00612767 0.02719998
v 0.01434633 -0.00628073 0.02719998
v 0.01167503 0.00799994 0.02699994
v 0.01187500 0.00799994 0.02719998
v 0.01167503 0.00799994 0.01240002
v 0.01253578 0.00799994 0.02719998
v 0.01187500 0.00799994 0.01219999
v 0.01253578 0.00799994 0.01219999
v 0.01597503 -0.00799997 0.02699994
v 0.01597503 -0.00799997 0.01240002
v 0.01577499 -0.00799997 0.01219999
v 0.01461425 -0.00799997 0.01219999
v 0.01397499 -0.00550003 0.01219999
v 0.01397499 -0.00550003 0.01470005
v 0.01397499 -0.00543304 0.01444995
v 0.01397499 0.00550000 0.01470005
v 0.01397499 0.00550000 0.01219999
v 0.01397499 0.00543301 0.01444995
v 0.01397499 0.00525002 0.01426696
v 0.01397499 -0.00525005 0.01426696
v 0.01397499 -0.00499995 0.01419997
v 0.01397499 0.00500004 0.01419997
v 0.01517501 -0.00543304 0.02495002
v 0.01517501 -0.00525005 0.02513301
v 0.01517501 0.00525002 0.02513301
v 0.01517501 0.00749998 0.02719998
v 0.01517501 0.00500004 0.02520000
v 0.01517501 0.00299995 0.02719998
v 0.01517501 0.00274997 0.02726697
v 0.01517501 -0.00256701 0.02744996
v 0.01517501 0.00256698 0.02744996
v 0.01517501 0.00249998 0.02769994
v 0.01517501 -0.00499995 0.02520000
v 0.01517501 -0.00274999 0.02726697
v 0.01517501 0.00543301 0.02495002
v 0.01517501 0.00550000 0.02470004
v 0.01517501 0.00749998 0.01219999
v 0.01517501 0.00550000 0.01470005
v 0.01517501 0.00543301 0.01444995
v 0.01517501 -0.00525005 0.01426696
v 0.01517501 -0.00543304 0.01444995
v 0.01517501 -0.00750001 0.01219999
v 0.01517501 -0.00550003 0.01470005
v 0.01517501 -0.00550003 0.02470004
v 0.01517501 0.00249998 0.02919995
v 0.01517501 -0.00250001 0.02919995
v 0.01517501 -0.00250001 0.02769994
v 0.01517501 0.00525002 0.01426696
v 0.01517501 0.00500004 0.01419997
v 0.01517501 -0.00499995 0.01419997
v 0.01517501 -0.00225003 0.02963304
v 0.01517501 -0.00243302 0.02945005
v 0.01517501 -0.00200005 0.02970003
v 0.01517501 0.00200002 0.02970003
v 0.01517501 0.00225000 0.02963304
v 0.01517501 0.00243299 0.02945005
v 0.00955572 -0.00550003 0.01219999
v 0.00856700 -0.00648756 0.01219999
v 0.00742987 -0.00729962 0.01219999
v 0.00617501 -0.00791450 0.01219999
v 0.01597503 0.00799994 0.01240002
v 0.01577499 0.00799994 0.01219999
v 0.01461425 0.00799994 0.01219999
v 0.01597503 0.00799994 0.02699994
v 0.01577499 0.00799994 0.02719998
v 0.01461425 0.00799994 0.02719998
v 0.00967499 -0.00799997 0.01240002
v 0.00967499 -0.00799997 0.02699994
v 0.00947502 -0.00799997 0.01219999
v 0.00617501 -0.00799997 0.01219999
v 0.01175615 -0.00647934 0.01219999
v 0.01142320 -0.00606175 0.01219999
v 0.01094201 -0.00583012 0.01219999
v 0.01261714 0.00798266 0.01219999
v 0.01264986 0.00796430 0.01219999
v 0.01242539 0.00754421 0.01219999
v 0.01040795 -0.00583012 0.01219999
v 0.00992682 -0.00606175 0.01219999
v 0.00959381 -0.00647934 0.01219999
v 0.01577499 -0.00750001 0.01219999
v 0.01472458 -0.00754411 0.01219999
v 0.01451423 -0.00797315 0.01219999
v 0.01450017 -0.00796433 0.01219999
v 0.01477298 -0.00726981 0.01219999
v 0.01475677 -0.00699158 0.01219999
v 0.01467684 -0.00672467 0.01219999
v 0.01453754 -0.00648339 0.01219999
v 0.00742987 0.00729971 0.01219999
v 0.00617501 0.00791459 0.01219999
v 0.00955572 0.00550000 0.01219999
v 0.01040795 0.00583009 0.01219999
v 0.01094201 0.00583009 0.01219999
v 0.01142320 0.00606184 0.01219999
v 0.01175615 0.00647931 0.01219999
v 0.01187500 0.00700001 0.01219999
v 0.01467684 0.00672476 0.01219999
v 0.01475677 0.00699167 0.01219999
v 0.01434633 -0.00628073 0.01219999
v 0.01411357 -0.00612767 0.01219999
v 0.01385173 -0.00603230 0.01219999
v 0.01357498 -0.00600000 0.01219999
v 0.00947502 -0.00700004 0.01219999
v 0.01329824 -0.00603230 0.01219999
v 0.01303646 -0.00612767 0.01219999
v 0.01280364 -0.00628073 0.01219999
v 0.00947502 0.00700001 0.01219999
v 0.00856700 0.00648753 0.01219999
v 0.00959381 0.00647931 0.01219999
v 0.00992682 0.00606184 0.01219999
v 0.01477298 0.00726979 0.01219999
v 0.01472458 0.00754421 0.01219999
v 0.01461425 0.00780003 0.01219999
v 0.01261243 -0.00648339 0.01219999
v 0.01247313 -0.00672467 0.01219999
v 0.01187500 -0.00700004 0.01219999
v 0.01237705 0.00726979 0.01219999
v 0.01239320 0.00699167 0.01219999
v 0.01247313 0.00672476 0.01219999
v 0.01261243 0.00648336 0.01219999
v 0.01239320 -0.00699158 0.01219999
v 0.01237705 -0.00726981 0.01219999
v 0.01242539 -0.00754411 0.01219999
v 0.01253578 -0.00780006 0.01219999
v 0.01357498 0.00599997 0.01219999
v 0.01385173 0.00603239 0.01219999
v 0.01453754 0.00648336 0.01219999
v 0.01577499 0.00749998 0.01219999
v 0.01451423 0.00797324 0.01219999
v 0.01450017 0.00796430 0.01219999
v 0.01264986 -0.00796433 0.01219999
v 0.01263579 -0.00797315 0.01219999
v 0.01280364 0.00628071 0.01219999
v 0.01303646 0.00612764 0.01219999
v 0.01329824 0.00603239 0.01219999
v 0.01411357 0.00612764 0.01219999
v 0.01434633 0.00628071 0.01219999
v 0.01175615 0.00647931 0.02719998
v 0.01261243 0.00648336 0.02719998
v 0.01247313 0.00672476 0.02719998
v 0.01142320 0.00606184 0.02719998
v 0.01397499 0.00550000 0.02719998
v 0.01094201 0.00583009 0.02719998
v 0.00955572 0.00550000 0.02719998
v 0.01577499 0.00749998 0.02719998
v 0.01472458 0.00754421 0.02719998
v 0.01451423 0.00797324 0.02719998
v 0.01450017 0.00796430 0.02719998
v 0.01477298 0.00726979 0.02719998
v 0.01475677 0.00699167 0.02719998
v 0.01453754 0.00648336 0.02719998
v 0.01434633 0.00628071 0.02719998
v 0.01187500 0.00700001 0.02719998
v 0.01239320 0.00699167 0.02719998
v 0.01237705 0.00726979 0.02719998
v 0.01242539 0.00754421 0.02719998
v 0.01253578 0.00780003 0.02719998
v 0.01411357 0.00612764 0.02719998
v 0.01385173 0.00603239 0.02719998
v 0.01357498 0.00599997 0.02719998
v 0.01264986 0.00796430 0.02719998
v 0.01261714 0.00798266 0.02719998
v 0.01040795 0.00583009 0.02719998
v 0.00992682 0.00606184 0.02719998
v 0.00856700 0.00648753 0.02719998
v 0.00959381 0.00647931 0.02719998
v 0.00742987 0.00729971 0.02719998
v 0.01397499 0.00299995 0.02719998
v 0.01467684 0.00672476 0.02719998
v 0.00617501 0.00791459 0.02719998
v 0.00947502 0.00700001 0.02719998
v 0.01329824 0.00603239 0.02719998
v 0.01303646 0.00612764 0.02719998
v 0.01280364 0.00628071 0.02719998
v 0.01397499 -0.00550003 0.02470004
v 0.01397499 0.00550000 0.02470004
v 0.01397499 -0.00543304 0.02495002
v 0.01397499 -0.00274999 0.02726697
v 0.01397499 -0.00256701 0.02744996
v 0.01397499 0.00500004 0.02520000
v 0.01397499 0.00525002 0.02513301
v 0.01397499 -0.00499995 0.02520000
v 0.01397499 -0.00525005 0.02513301
v 0.01397499 0.00543301 0.02495002
v 0.01397499 -0.00250001 0.02919995
v 0.01397499 0.00249998 0.02919995
v 0.01397499 -0.00250001 0.02769994
v 0.01397499 0.00249998 0.02769994
v 0.01397499 0.00256698 0.02744996
v 0.01397499 0.00274997 0.02726697
v 0.01397499 0.00225000 0.02963304
v 0.01397499 0.00243299 0.02945005
v 0.01397499 0.00200002 0.02970003
v 0.01397499 -0.00200005 0.02970003
v 0.01397499 -0.00225003 0.02963304
v 0.01397499 -0.00243302 0.02945005
v 0.01597503 0.00749998 0.02699994
v 0.01597503 0.00749998 0.01240002
v 0.01597503 -0.00750001 0.01240002
v 0.01597503 -0.00750001 0.02699994
v 0.01444104 0.00770001 0.02699994
v 0.01444104 0.00770001 0.01240002
v 0.01453301 0.00748675 0.02699994
v 0.01453301 0.00748675 0.01240002
v 0.01457330 0.00725810 0.02699994
v 0.01457330 0.00725810 0.01240002
v 0.01455983 0.00702636 0.02699994
v 0.01455983 0.00702636 0.01240002
v 0.01449319 0.00680392 0.02699994
v 0.01449319 0.00680392 0.01240002
v 0.01437714 0.00660281 0.02699994
v 0.01437714 0.00660281 0.01240002
v 0.01421776 0.00643401 0.02699994
v 0.01421776 0.00643401 0.01240002
v 0.01402381 0.00630634 0.02699994
v 0.01402381 0.00630634 0.01240002
v 0.01380560 0.00622694 0.02699994
v 0.01380560 0.00622694 0.01240002
v 0.01357498 0.00620000 0.02699994
v 0.01357498 0.00620000 0.01240002
v 0.01334437 0.00622694 0.02699994
v 0.01334437 0.00622694 0.01240002
v 0.01312622 0.00630634 0.02699994
v 0.01312622 0.00630634 0.01240002
v 0.01293221 0.00643401 0.02699994
v 0.01293221 0.00643401 0.01240002
v 0.01277289 0.00660281 0.02699994
v 0.01277289 0.00660281 0.01240002
v 0.01265678 0.00680392 0.02699994
v 0.01265678 0.00680392 0.01240002
v 0.01259020 0.00702636 0.02699994
v 0.01259020 0.00702636 0.01240002
v 0.01257667 0.00725810 0.02699994
v 0.01257667 0.00725810 0.01240002
v 0.01261702 0.00748675 0.02699994
v 0.01261702 0.00748675 0.01240002
v 0.01270899 0.00770001 0.02699994
v 0.01270899 0.00770001 0.01240002
v 0.01444104 -0.00770004 0.01240002
v 0.01444104 -0.00770004 0.02699994
v 0.01453301 -0.00748678 0.01240002
v 0.01453301 -0.00748678 0.02699994
v 0.01457330 -0.00725813 0.01240002
v 0.01457330 -0.00725813 0.02699994
v 0.01455983 -0.00702639 0.01240002
v 0.01455983 -0.00702639 0.02699994
v 0.01449319 -0.00680394 0.01240002
v 0.01449319 -0.00680394 0.02699994
v 0.01437714 -0.00660284 0.01240002
v 0.01437714 -0.00660284 0.02699994
v 0.01421776 -0.00643392 0.01240002
v 0.01421776 -0.00643392 0.02699994
v 0.01402381 -0.00630636 0.01240002
v 0.01402381 -0.00630636 0.02699994
v 0.01380560 -0.00622697 0.01240002
v 0.01380560 -0.00622697 0.02699994
v 0.01357498 -0.00620003 0.01240002
v 0.01357498 -0.00620003 0.02699994
v 0.01334437 -0.00622697 0.01240002
v 0.01334437 -0.00622697 0.02699994
v 0.01312622 -0.00630636 0.01240002
v 0.01312622 -0.00630636 0.02699994
v 0.01293221 -0.00643392 0.01240002
v 0.01293221 -0.00643392 0.02699994
v 0.01277289 -0.00660284 0.01240002
v 0.01277289 -0.00660284 0.02699994
v 0.01265678 -0.00680394 0.01240002
v 0.01265678 -0.00680394 0.02699994
v 0.01259020 -0.00702639 0.01240002
v 0.01259020 -0.00702639 0.02699994
v 0.01257667 -0.00725813 0.01240002
v 0.01257667 -0.00725813 0.02699994
v 0.01261702 -0.00748678 0.01240002
v 0.01261702 -0.00748678 0.02699994
v 0.01270899 -0.00770004 0.01240002
v 0.01270899 -0.00770004 0.02699994
v 0.00967499 0.00700001 0.02699994
v 0.00967499 0.00700001 0.01240002
v 0.01167503 0.00700001 0.02699994
v 0.01167503 0.00700001 0.01240002
v 0.01157596 0.00656609 0.02699994
v 0.01157596 0.00656609 0.01240002
v 0.01129850 0.00621812 0.02699994
v 0.01129850 0.00621812 0.01240002
v 0.01089754 0.00602512 0.02699994
v 0.01089754 0.00602512 0.01240002
v 0.01045248 0.00602512 0.02699994
v 0.01045248 0.00602512 0.01240002
v 0.01005152 0.00621812 0.02699994
v 0.01005152 0.00621812 0.01240002
v 0.00977406 0.00656609 0.02699994
v 0.00977406 0.00656609 0.01240002
v 0.01167503 -0.00700004 0.02699994
v 0.01167503 -0.00700004 0.01240002
v 0.00967499 -0.00700004 0.02699994
v 0.00967499 -0.00700004 0.01240002
v 0.00977406 -0.00656612 0.02699994
v 0.00977406 -0.00656612 0.01240002
v 0.01005152 -0.00621815 0.02699994
v 0.01005152 -0.00621815 0.01240002
v 0.01045248 -0.00602503 0.02699994
v 0.01045248 -0.00602503 0.01240002
v 0.01089754 -0.00602503 0.02699994
v 0.01089754 -0.00602503 0.01240002
v 0.01129850 -0.00621815 0.02699994
v 0.01129850 -0.00621815 0.01240002
v 0.01157596 -0.00656612 0.02699994
v 0.01157596 -0.00656612 0.01240002
v 0.01273575 -0.00780006 0.02703165
v 0.01272949 -0.00775035 0.02700888
v 0.01270899 -0.00789995 0.02711355
v 0.01442054 -0.00775023 0.02700876
v 0.01441422 -0.00780006 0.02703165
v 0.01444104 -0.00789995 0.02711355
v 0.01268366 0.00793462 0.02715503
v 0.01441422 0.00780003 0.02703165
v 0.01442048 0.00775032 0.02700888
v 0.01444104 0.00790005 0.02711355
v 0.01272598 0.00786178 0.02707648
v 0.01273468 0.00777905 0.02702057
v 0.01272633 0.00773923 0.02700555
v 0.01442054 0.00775020 0.01239120
v 0.01441422 0.00780003 0.01236831
v 0.01444104 0.00790005 0.01228642
v 0.01268366 0.00793462 0.01224493
v 0.01272598 0.00786178 0.01232349
v 0.01273468 0.00777905 0.01237952
v 0.01272633 0.00773935 0.01239442
v 0.01272949 -0.00775023 0.01239120
v 0.01273575 -0.00780006 0.01236831
v 0.01270899 -0.00789995 0.01228642
v 0.01441422 -0.00780006 0.01236831
v 0.01442048 -0.00775035 0.01239120
v 0.01444104 -0.00789995 0.01228642
v 0.01597503 0.00352995 0.01470005
v 0.01617500 0.00500004 0.01470005
v 0.01597503 -0.00033005 0.01470005
v 0.01617500 -0.00499995 0.01470005
v 0.01597503 -0.00499995 0.01470005
v 0.01597503 0.00432996 0.01470005
v 0.01597503 0.00473003 0.01470005
v 0.01597503 0.00500004 0.01470005
v 0.01597503 0.00500004 0.02470004
v 0.01617500 0.00500004 0.02470004
v 0.01597503 0.00473003 0.02470004
v 0.01597503 0.00432996 0.02470004
v 0.01597503 0.00352995 0.02470004
v 0.01597503 -0.00033005 0.02470004
v 0.01617500 -0.00499995 0.02470004
v 0.01597503 -0.00499995 0.02470004
v 0.01517501 0.00432996 0.00727498
v 0.01517501 0.00432996 0.00865006
v 0.01517501 0.00473003 0.00865006
v 0.01517501 0.00295000 0.00673496
v 0.01517501 0.00295000 0.00727498
v 0.01517501 -0.00430997 0.00571024
v 0.01517501 -0.00416000 0.00566994
v 0.01517501 -0.00472994 0.00533497
v 0.01517501 -0.00430997 0.00444018
v 0.01517501 -0.00416000 0.00440001
v 0.01517501 -0.00472994 0.00380003
v 0.01517501 -0.00649996 0.00720000
v 0.01517501 -0.00472994 0.00720000
v 0.01517501 -0.00472994 0.00673496
v 0.01517501 0.00700001 0.02719998
v 0.01517501 0.00725000 0.02713298
v 0.01517501 0.00500004 0.02470004
v 0.01517501 -0.00700004 0.00380003
v 0.01517501 -0.00725003 0.00386702
v 0.01517501 0.00749998 0.00429999
v 0.01517501 0.00743298 0.00405001
v 0.01517501 0.00473003 0.00533497
v 0.01517501 0.00725000 0.00386702
v 0.01517501 0.00473003 0.02719998
v 0.01517501 0.00743298 0.02694999
v 0.01517501 0.00749998 0.02670001
v 0.01517501 0.00500004 0.01470005
v 0.01517501 0.00749998 0.01162504
v 0.01517501 0.00473003 0.01470005
v 0.01517501 -0.00499995 0.02470004
v 0.01517501 -0.00725003 0.02713298
v 0.01517501 -0.00700004 0.02719998
v 0.01517501 -0.00472994 0.02470004
v 0.01517501 -0.00743301 0.02694999
v 0.01517501 -0.00750001 0.02670001
v 0.01517501 -0.00750001 0.01162504
v 0.01517501 -0.00499995 0.01470005
v 0.01517501 0.00401001 0.00495982
v 0.01517501 0.00295000 0.00533497
v 0.01517501 0.00415997 0.00499999
v 0.01517501 0.00432996 0.00533497
v 0.01517501 0.00431006 0.00495982
v 0.01517501 0.00441985 0.00485002
v 0.01517501 0.00390022 0.00485002
v 0.01517501 0.00386004 0.00470006
v 0.01517501 0.00295000 0.00380003
v 0.01517501 0.00390022 0.00454997
v 0.01517501 0.00401001 0.00444018
v 0.01517501 0.00432996 0.00380003
v 0.01517501 0.00700001 0.00380003
v 0.01517501 0.00473003 0.00380003
v 0.01517501 0.00446002 0.00470006
v 0.01517501 0.00415997 0.00440001
v 0.01517501 0.00431006 0.00444018
v 0.01517501 0.00441985 0.00454997
v 0.01517501 0.00441985 0.00611996
v 0.01517501 0.00431006 0.00622975
v 0.01517501 0.00432996 0.00673496
v 0.01517501 0.00415997 0.00627004
v 0.01517501 0.00390022 0.00611996
v 0.01517501 0.00386004 0.00596999
v 0.01517501 0.00390022 0.00582003
v 0.01517501 0.00401001 0.00571024
v 0.01517501 0.00415997 0.00566994
v 0.01517501 0.00431006 0.00571024
v 0.01517501 0.00441985 0.00582003
v 0.01517501 0.00446002 0.00596999
v 0.01517501 0.00473003 0.00673496
v 0.01517501 0.00295000 0.01162504
v 0.01517501 0.00270002 0.01162504
v 0.01517501 0.00270002 0.01170003
v 0.01517501 0.00473003 0.02470004
v 0.01517501 0.00432996 0.02470004
v 0.01517501 0.00432996 0.02719998
v 0.01517501 0.00295000 0.02470004
v 0.01517501 0.00295000 0.02719998
v 0.01517501 -0.00472994 0.02719998
v 0.01517501 0.00473003 0.01162504
v 0.01517501 0.00432996 0.01162504
v 0.01517501 0.00432996 0.01470005
v 0.01517501 0.00295000 0.01470005
v 0.01517501 -0.00472994 0.01470005
v 0.01517501 -0.00472994 0.01170003
v 0.01517501 -0.00649996 0.01170003
v 0.01517501 -0.00649996 0.01162504
v 0.01517501 -0.00750001 0.01024997
v 0.01517501 -0.00649996 0.01024997
v 0.01517501 -0.00750001 0.00865006
v 0.01517501 -0.00649996 0.00865006
v 0.01517501 -0.00750001 0.00727498
v 0.01517501 -0.00649996 0.00727498
v 0.01517501 -0.00750001 0.00673496
v 0.01517501 0.00270002 0.01024997
v 0.01517501 0.00295000 0.01024997
v 0.01517501 0.00270002 0.00865006
v 0.01517501 0.00295000 0.00865006
v 0.01517501 0.00270002 0.00727498
v 0.01517501 0.00270002 0.00720000
v 0.01517501 -0.00750001 0.00533497
v 0.01517501 -0.00750001 0.00429999
v 0.01517501 -0.00743301 0.00405001
v 0.01517501 -0.00401004 0.00444018
v 0.01517501 -0.00390024 0.00454997
v 0.01517501 -0.00385995 0.00470006
v 0.01517501 -0.00390024 0.00485002
v 0.01517501 -0.00401004 0.00495982
v 0.01517501 -0.00416000 0.00499999
v 0.01517501 -0.00430997 0.00495982
v 0.01517501 -0.00441976 0.00485002
v 0.01517501 -0.00446005 0.00470006
v 0.01517501 -0.00441976 0.00454997
v 0.01517501 -0.00401004 0.00571024
v 0.01517501 -0.00390024 0.00582003
v 0.01517501 -0.00385995 0.00596999
v 0.01517501 0.00401001 0.00622975
v 0.01517501 -0.00390024 0.00611996
v 0.01517501 -0.00401004 0.00622975
v 0.01517501 -0.00416000 0.00627004
v 0.01517501 -0.00430997 0.00622975
v 0.01517501 -0.00441976 0.00611996
v 0.01517501 -0.00446005 0.00596999
v 0.01517501 -0.00441976 0.00582003
v 0.01517501 0.00413303 0.00810003
v 0.01517501 0.00420003 0.00785004
v 0.01517501 0.00413303 0.00759994
v 0.01517501 0.00319998 0.00785004
v 0.01517501 0.00326698 0.00759994
v 0.01517501 0.00395004 0.00828301
v 0.01517501 0.00369994 0.00835001
v 0.01517501 0.00344996 0.00828301
v 0.01517501 0.00326698 0.00810003
v 0.01517501 0.00344996 0.00741696
v 0.01517501 0.00369994 0.00734996
v 0.01517501 0.00395004 0.00741696
v 0.01517501 0.00432996 0.01024997
v 0.01517501 0.00420003 0.00944995
v 0.01517501 0.00413303 0.00970005
v 0.01517501 0.00413303 0.00919997
v 0.01517501 0.00344996 0.00988304
v 0.01517501 0.00369994 0.00995004
v 0.01517501 0.00395004 0.00988304
v 0.01517501 0.00326698 0.00919997
v 0.01517501 0.00319998 0.00944995
v 0.01517501 0.00326698 0.00970005
v 0.01517501 0.00344996 0.00901698
v 0.01517501 0.00369994 0.00894999
v 0.01517501 0.00395004 0.00901698
v 0.01517501 0.00420003 0.01104998
v 0.01517501 0.00413303 0.01129996
v 0.01517501 0.00413303 0.01080000
v 0.01517501 0.00344996 0.01148307
v 0.01517501 0.00369994 0.01154994
v 0.01517501 0.00395004 0.01148307
v 0.01517501 0.00326698 0.01080000
v 0.01517501 0.00319998 0.01104998
v 0.01517501 0.00326698 0.01129996
v 0.01517501 0.00344996 0.01061701
v 0.01517501 0.00369994 0.01055002
v 0.01517501 0.00395004 0.01061701
v 0.01517501 0.00473003 0.00727498
v 0.01517501 0.00749998 0.00727498
v 0.01517501 0.00749998 0.00673496
v 0.01517501 0.00749998 0.00533497
v 0.01517501 0.00593297 0.00810003
v 0.01517501 0.00749998 0.00865006
v 0.01517501 0.00599997 0.00785004
v 0.01517501 0.00593297 0.00759994
v 0.01517501 0.00500004 0.00785004
v 0.01517501 0.00506704 0.00759994
v 0.01517501 0.00574999 0.00828301
v 0.01517501 0.00550000 0.00835001
v 0.01517501 0.00525002 0.00828301
v 0.01517501 0.00506704 0.00810003
v 0.01517501 0.00525002 0.00741696
v 0.01517501 0.00550000 0.00734996
v 0.01517501 0.00574999 0.00741696
v 0.01517501 0.00506704 0.00970005
v 0.01517501 0.00500004 0.00944995
v 0.01517501 0.00473003 0.01024997
v 0.01517501 0.00593297 0.00919997
v 0.01517501 0.00749998 0.01024997
v 0.01517501 0.00599997 0.00944995
v 0.01517501 0.00593297 0.00970005
v 0.01517501 0.00574999 0.00988304
v 0.01517501 0.00550000 0.00995004
v 0.01517501 0.00525002 0.00988304
v 0.01517501 0.00506704 0.00919997
v 0.01517501 0.00525002 0.00901698
v 0.01517501 0.00550000 0.00894999
v 0.01517501 0.00574999 0.00901698
v 0.01517501 0.00506704 0.01129996
v 0.01517501 0.00500004 0.01104998
v 0.01517501 0.00593297 0.01080000
v 0.01517501 0.00599997 0.01104998
v 0.01517501 0.00593297 0.01129996
v 0.01517501 0.00574999 0.01148307
v 0.01517501 0.00550000 0.01154994
v 0.01517501 0.00525002 0.01148307
v 0.01517501 0.00506704 0.01080000
v 0.01517501 0.00525002 0.01061701
v 0.01517501 0.00550000 0.01055002
v 0.01517501 0.00574999 0.01061701
v 0.01597503 -0.00033005 0.00533497
v 0.01597503 0.00352995 0.00533497
v 0.01597503 0.00352995 0.00680994
v 0.01597503 -0.00430997 0.00495982
v 0.01597503 -0.00416000 0.00499999
v 0.01597503 -0.00750001 0.00533497
v 0.01597503 0.00473003 0.01312506
v 0.01597503 0.00749998 0.02670001
v 0.01597503 0.00743298 0.02694999
v 0.01597503 0.00725000 0.02713298
v 0.01597503 0.00749998 0.01312506
v 0.01597503 -0.00725003 0.02713298
v 0.01597503 -0.00743301 0.02694999
v 0.01597503 -0.00750001 0.02670001
v 0.01597503 -0.00750001 0.01312506
v 0.01597503 0.00700001 0.02719998
v 0.01597503 0.00473003 0.02719998
v 0.01597503 0.00432996 0.02719998
v 0.01597503 0.00352995 0.02719998
v 0.01597503 -0.00033005 0.02719998
v 0.01597503 -0.00700004 0.02719998
v 0.01597503 -0.00033005 0.01312506
v 0.01597503 0.00352995 0.01312506
v 0.01597503 0.00432996 0.01312506
v 0.01597503 0.00473003 0.00380003
v 0.01597503 0.00700001 0.00380003
v 0.01597503 0.00749998 0.00533497
v 0.01597503 0.00725000 0.00386702
v 0.01597503 0.00743298 0.00405001
v 0.01597503 0.00749998 0.00429999
v 0.01597503 -0.00401004 0.00495982
v 0.01597503 -0.00390024 0.00485002
v 0.01597503 -0.00385995 0.00470006
v 0.01597503 -0.00390024 0.00454997
v 0.01597503 -0.00033005 0.00380003
v 0.01597503 -0.00750001 0.00429999
v 0.01597503 -0.00446005 0.00470006
v 0.01597503 -0.00441976 0.00485002
v 0.01597503 -0.00401004 0.00444018
v 0.01597503 -0.00416000 0.00440001
v 0.01597503 -0.00700004 0.00380003
v 0.01597503 -0.00430997 0.00444018
v 0.01597503 -0.00441976 0.00454997
v 0.01597503 -0.00725003 0.00386702
v 0.01597503 -0.00743301 0.00405001
v 0.01597503 0.00432996 0.00380003
v 0.01597503 0.00415997 0.00440001
v 0.01597503 0.00352995 0.00380003
v 0.01597503 0.00401001 0.00444018
v 0.01597503 0.00390022 0.00454997
v 0.01597503 0.00386004 0.00470006
v 0.01597503 0.00390022 0.00485002
v 0.01597503 0.00401001 0.00495982
v 0.01597503 0.00415997 0.00499999
v 0.01597503 0.00432996 0.00533497
v 0.01597503 0.00431006 0.00495982
v 0.01597503 0.00473003 0.00533497
v 0.01597503 0.00441985 0.00485002
v 0.01597503 0.00446002 0.00470006
v 0.01597503 0.00441985 0.00454997
v 0.01597503 0.00431006 0.00444018
v 0.01597503 0.00431006 0.00571024
v 0.01597503 0.00415997 0.00566994
v 0.01597503 0.00401001 0.00571024
v 0.01597503 0.00390022 0.00582003
v 0.01597503 0.00386004 0.00596999
v 0.01597503 0.00390022 0.00611996
v 0.01597503 0.00401001 0.00622975
v 0.01597503 0.00432996 0.00680994
v 0.01597503 0.00415997 0.00627004
v 0.01597503 0.00431006 0.00622975
v 0.01597503 0.00441985 0.00582003
v 0.01597503 0.00446002 0.00596999
v 0.01597503 0.00473003 0.00680994
v 0.01597503 0.00441985 0.00611996
v 0.01597503 0.00369994 0.01154994
v 0.01597503 0.00395004 0.01148307
v 0.01597503 0.00413303 0.01129996
v 0.01597503 0.00420003 0.01104998
v 0.01597503 0.00432996 0.01024997
v 0.01597503 0.00413303 0.01080000
v 0.01597503 0.00395004 0.01061701
v 0.01597503 0.00369994 0.01055002
v 0.01597503 0.00352995 0.01024997
v 0.01597503 0.00344996 0.01061701
v 0.01597503 -0.00033005 0.01024997
v 0.01597503 0.00326698 0.01080000
v 0.01597503 0.00319998 0.01104998
v 0.01597503 0.00326698 0.01129996
v 0.01597503 0.00344996 0.01148307
v 0.01597503 0.00369994 0.00995004
v 0.01597503 0.00395004 0.00988304
v 0.01597503 0.00413303 0.00970005
v 0.01597503 0.00420003 0.00944995
v 0.01597503 0.00432996 0.00865006
v 0.01597503 0.00413303 0.00919997
v 0.01597503 0.00395004 0.00901698
v 0.01597503 0.00369994 0.00894999
v 0.01597503 0.00352995 0.00865006
v 0.01597503 0.00344996 0.00901698
v 0.01597503 -0.00033005 0.00865006
v 0.01597503 0.00326698 0.00919997
v 0.01597503 0.00319998 0.00944995
v 0.01597503 0.00326698 0.00970005
v 0.01597503 0.00344996 0.00988304
v 0.01597503 0.00369994 0.00835001
v 0.01597503 0.00395004 0.00828301
v 0.01597503 0.00413303 0.00810003
v 0.01597503 0.00420003 0.00785004
v 0.01597503 0.00369994 0.00734996
v 0.01597503 0.00395004 0.00741696
v 0.01597503 0.00413303 0.00759994
v 0.01597503 0.00344996 0.00741696
v 0.01597503 0.00326698 0.00759994
v 0.01597503 -0.00033005 0.00680994
v 0.01597503 0.00319998 0.00785004
v 0.01597503 0.00326698 0.00810003
v 0.01597503 0.00344996 0.00828301
v 0.01597503 0.00550000 0.00835001
v 0.01597503 0.00574999 0.00828301
v 0.01597503 0.00749998 0.00865006
v 0.01597503 0.00550000 0.00734996
v 0.01597503 0.00525002 0.00741696
v 0.01597503 0.00593297 0.00810003
v 0.01597503 0.00599997 0.00785004
v 0.01597503 0.00749998 0.00680994
v 0.01597503 0.00593297 0.00759994
v 0.01597503 0.00574999 0.00741696
v 0.01597503 0.00506704 0.00759994
v 0.01597503 0.00500004 0.00785004
v 0.01597503 0.00473003 0.00865006
v 0.01597503 0.00506704 0.00810003
v 0.01597503 0.00525002 0.00828301
v 0.01597503 0.00550000 0.00894999
v 0.01597503 0.00525002 0.00901698
v 0.01597503 0.00574999 0.00988304
v 0.01597503 0.00749998 0.01024997
v 0.01597503 0.00550000 0.00995004
v 0.01597503 0.00473003 0.01024997
v 0.01597503 0.00525002 0.00988304
v 0.01597503 0.00593297 0.00970005
v 0.01597503 0.00599997 0.00944995
v 0.01597503 0.00593297 0.00919997
v 0.01597503 0.00574999 0.00901698
v 0.01597503 0.00506704 0.00919997
v 0.01597503 0.00500004 0.00944995
v 0.01597503 0.00506704 0.00970005
v 0.01597503 0.00506704 0.01080000
v 0.01597503 0.00500004 0.01104998
v 0.01597503 0.00525002 0.01148307
v 0.01597503 0.00550000 0.01154994
v 0.01597503 0.00506704 0.01129996
v 0.01597503 0.00574999 0.01148307
v 0.01597503 0.00593297 0.01129996
v 0.01597503 0.00599997 0.01104998
v 0.01597503 0.00593297 0.01080000
v 0.01597503 0.00574999 0.01061701
v 0.01597503 0.00550000 0.01055002
v 0.01597503 0.00525002 0.01061701
v 0.01597503 -0.00401004 0.00622975
v 0.01597503 -0.00390024 0.00611996
v 0.01597503 -0.00385995 0.00596999
v 0.01597503 -0.00390024 0.00582003
v 0.01597503 -0.00416000 0.00627004
v 0.01597503 -0.00750001 0.00680994
v 0.01597503 -0.00430997 0.00622975
v 0.01597503 -0.00441976 0.00611996
v 0.01597503 -0.00446005 0.00596999
v 0.01597503 -0.00441976 0.00582003
v 0.01597503 -0.00401004 0.00571024
v 0.01597503 -0.00416000 0.00566994
v 0.01597503 -0.00430997 0.00571024
v 0.01597503 -0.00750001 0.01024997
v 0.01597503 -0.00750001 0.00865006
v 0.01377502 0.00500004 0.02470004
v 0.01377502 -0.00499995 0.02470004
v 0.01377502 0.00500004 0.01470005
v 0.01377502 -0.00499995 0.01470005
v 0.01417502 0.00270002 0.00720000
v 0.01417502 -0.00649996 0.00720000
v 0.01417502 -0.00649996 0.01170003
v 0.01417502 0.00270002 0.01170003
v -0.00092460 -0.00045110 0.02109995
v -0.00094800 -0.00012774 0.02109995
v -0.00094800 -0.00012774 0.01969995
v -0.00094525 0.00019631 0.01969995
v -0.00094525 0.00019631 0.02109995
v -0.00086160 0.00083867 0.02109995
v -0.00086160 0.00083867 0.01969995
v -0.00067612 0.00145925 0.02109995
v -0.00067612 0.00145925 0.01969995
v -0.00039343 0.00204213 0.02109995
v -0.00039343 0.00204213 0.01969995
v -0.00002095 0.00257201 0.02109995
v -0.00002095 0.00257201 0.01969995
v 0.00043168 0.00303542 0.02109995
v 0.00043168 0.00303542 0.01969995
v 0.00095287 0.00342011 0.02109995
v 0.00095287 0.00342011 0.01969995
v 0.00152895 0.00371624 0.02109995
v 0.00152895 0.00371624 0.01969995
v 0.00214504 0.00391610 0.02109995
v 0.00214504 0.00391610 0.01969995
v 0.00278532 0.00401460 0.02109995
v 0.00278532 0.00401460 0.01969995
v 0.00343301 0.00400900 0.02109995
v 0.00343301 0.00400900 0.01969995
v 0.00407150 0.00389973 0.02109995
v 0.00407150 0.00389973 0.01969995
v 0.00468418 0.00368929 0.02109995
v 0.00468418 0.00368929 0.01969995
v 0.00525512 0.00338347 0.02109995
v 0.00525512 0.00338347 0.01969995
v 0.00576962 0.00298992 0.02109995
v 0.00576962 0.00298992 0.01969995
v 0.00621438 0.00251897 0.02109995
v 0.00621438 0.00251897 0.01969995
v 0.00657779 0.00198268 0.02109995
v 0.00657779 0.00198268 0.01969995
v 0.00685049 0.00139517 0.02109995
v 0.00685049 0.00139517 0.01969995
v 0.00702539 0.00077152 0.02109995
v 0.00702539 0.00077152 0.01969995
v 0.00709798 0.00012779 0.02109995
v 0.00709798 0.00012779 0.01969995
v 0.00706639 -0.00051924 0.02109995
v 0.00706639 -0.00051924 0.01969995
v 0.00693138 -0.00115277 0.02109995
v 0.00693138 -0.00115277 0.01969995
v 0.00669656 -0.00175638 0.02109995
v 0.00669656 -0.00175638 0.01969995
v 0.00636789 -0.00231457 0.02109995
v 0.00636789 -0.00231457 0.01969995
v 0.00595401 -0.00281289 0.02109995
v 0.00595401 -0.00281289 0.01969995
v 0.00546550 -0.00323818 0.02109995
v 0.00546550 -0.00323818 0.01969995
v 0.00491509 -0.00357977 0.02109995
v 0.00491509 -0.00357977 0.01969995
v 0.00431699 -0.00382858 0.02109995
v 0.00431699 -0.00382858 0.01969995
v 0.00368676 -0.00397821 0.02109995
v 0.00368676 -0.00397821 0.01969995
v 0.00304071 -0.00402481 0.02109995
v 0.00304071 -0.00402481 0.01969995
v 0.00239554 -0.00396729 0.02109995
v 0.00239554 -0.00396729 0.01969995
v 0.00176795 -0.00380682 0.02109995
v 0.00176795 -0.00380682 0.01969995
v 0.00117417 -0.00354789 0.02109995
v 0.00117417 -0.00354789 0.01969995
v 0.00062968 -0.00319699 0.02109995
v 0.00062968 -0.00319699 0.01969995
v 0.00014853 -0.00276343 0.02109995
v 0.00014853 -0.00276343 0.01969995
v -0.00025686 -0.00225821 0.02109995
v -0.00025686 -0.00225821 0.01969995
v -0.00057594 -0.00169442 0.02109995
v -0.00057594 -0.00169442 0.01969995
v -0.00080049 -0.00108683 0.02109995
v -0.00080049 -0.00108683 0.01969995
v -0.00092460 -0.00045110 0.01969995
v 0.00307498 -0.00000004 0.02109995
v 0.00307498 -0.00000004 0.01969995
v 0.00704398 -0.00049730 0.01950004
v 0.00704398 -0.00049730 0.01650002
v 0.00707147 -0.00016783 0.01950004
v 0.00707147 -0.00016783 0.01650002
v 0.00707169 0.00016277 0.01950004
v 0.00707169 0.00016277 0.01650002
v 0.00704460 0.00049225 0.01950004
v 0.00704460 0.00049225 0.01650002
v 0.00699041 0.00081844 0.01950004
v 0.00699041 0.00081844 0.01650002
v 0.00690944 0.00113894 0.01950004
v 0.00690944 0.00113894 0.01650002
v 0.00680225 0.00145171 0.01950004
v 0.00680225 0.00145171 0.01650002
v 0.00666965 0.00175455 0.01950004
v 0.00666965 0.00175455 0.01650002
v 0.00651252 0.00204542 0.01950004
v 0.00651252 0.00204542 0.01650002
v 0.00633183 0.00232223 0.01950004
v 0.00633183 0.00232223 0.01650002
v 0.00612895 0.00258326 0.01950004
v 0.00612895 0.00258326 0.01650002
v 0.00590522 0.00282666 0.01950004
v 0.00590522 0.00282666 0.01650002
v 0.00566209 0.00305071 0.01950004
v 0.00566209 0.00305071 0.01650002
v 0.00540138 0.00325389 0.01950004
v 0.00540138 0.00325389 0.01650002
v 0.00512471 0.00343495 0.01950004
v 0.00512471 0.00343495 0.01650002
v 0.00483406 0.00359250 0.01950004
v 0.00483406 0.00359250 0.01650002
v 0.00453135 0.00372548 0.01950004
v 0.00453135 0.00372548 0.01650002
v 0.00421876 0.00383299 0.01950004
v 0.00421876 0.00383299 0.01650002
v 0.00389833 0.00391434 0.01950004
v 0.00389833 0.00391434 0.01650002
v 0.00357225 0.00396896 0.01950004
v 0.00357225 0.00396896 0.01650002
v 0.00324279 0.00399651 0.01950004
v 0.00324279 0.00399651 0.01650002
v 0.00291224 0.00399667 0.01950004
v 0.00291224 0.00399667 0.01650002
v 0.00258276 0.00396958 0.01950004
v 0.00258276 0.00396958 0.01650002
v 0.00225657 0.00391539 0.01950004
v 0.00225657 0.00391539 0.01650002
v 0.00193607 0.00383448 0.01950004
v 0.00193607 0.00383448 0.01650002
v 0.00162330 0.00372723 0.01950004
v 0.00162330 0.00372723 0.01650002
v 0.00132046 0.00359463 0.01950004
v 0.00132046 0.00359463 0.01650002
v 0.00102959 0.00343755 0.01950004
v 0.00102959 0.00343755 0.01650002
v 0.00075278 0.00325687 0.01950004
v 0.00075278 0.00325687 0.01650002
v 0.00049175 0.00305392 0.01950004
v 0.00049175 0.00305392 0.01650002
v 0.00024835 0.00283020 0.01950004
v 0.00024835 0.00283020 0.01650002
v 0.00002430 0.00258706 0.01950004
v 0.00002430 0.00258706 0.01650002
v -0.00017889 0.00232635 0.01950004
v -0.00017889 0.00232635 0.01650002
v -0.00035995 0.00204969 0.01950004
v -0.00035995 0.00204969 0.01650002
v -0.00051749 0.00175904 0.01950004
v -0.00051749 0.00175904 0.01650002
v -0.00065047 0.00145639 0.01950004
v -0.00065047 0.00145639 0.01650002
v -0.00075798 0.00114373 0.01950004
v -0.00075798 0.00114373 0.01650002
v -0.00083933 0.00082331 0.01950004
v -0.00083933 0.00082331 0.01650002
v -0.00089395 0.00049723 0.01950004
v -0.00089395 0.00049723 0.01650002
v -0.00092150 0.00016776 0.01950004
v -0.00092150 0.00016776 0.01650002
v -0.00092166 -0.00016285 0.01950004
v -0.00092166 -0.00016285 0.01650002
v -0.00089457 -0.00049232 0.01950004
v -0.00089457 -0.00049232 0.01650002
v -0.00084038 -0.00081839 0.01950004
v -0.00084038 -0.00081839 0.01650002
v -0.00075946 -0.00113889 0.01950004
v -0.00075946 -0.00113889 0.01650002
v -0.00065222 -0.00145166 0.01950004
v -0.00065222 -0.00145166 0.01650002
v -0.00051962 -0.00175451 0.01950004
v -0.00051962 -0.00175451 0.01650002
v -0.00036254 -0.00204537 0.01950004
v -0.00036254 -0.00204537 0.01650002
v -0.00018186 -0.00232230 0.01950004
v -0.00018186 -0.00232230 0.01650002
v 0.00002108 -0.00258333 0.01950004
v 0.00002108 -0.00258333 0.01650002
v 0.00024481 -0.00282661 0.01950004
v 0.00024481 -0.00282661 0.01650002
v 0.00048795 -0.00305066 0.01950004
v 0.00048795 -0.00305066 0.01650002
v 0.00074865 -0.00325397 0.01950004
v 0.00074865 -0.00325397 0.01650002
v 0.00102532 -0.00343491 0.01950004
v 0.00102532 -0.00343491 0.01650002
v 0.00131597 -0.00359245 0.01950004
v 0.00131597 -0.00359245 0.01650002
v 0.00161862 -0.00372543 0.01950004
v 0.00161862 -0.00372543 0.01650002
v 0.00193128 -0.00383295 0.01950004
v 0.00193128 -0.00383295 0.01650002
v 0.00225170 -0.00391441 0.01950004
v 0.00225170 -0.00391441 0.01650002
v 0.00257772 -0.00396903 0.01950004
v 0.00257772 -0.00396903 0.01650002
v 0.00290719 -0.00399646 0.01950004
v 0.00290719 -0.00399646 0.01650002
v 0.00323779 -0.00399674 0.01950004
v 0.00323779 -0.00399674 0.01650002
v 0.00356727 -0.00396953 0.01950004
v 0.00356727 -0.00396953 0.01650002
v 0.00389340 -0.00391534 0.01950004
v 0.00389340 -0.00391534 0.01650002
v 0.00421396 -0.00383443 0.01950004
v 0.00421396 -0.00383443 0.01650002
v 0.00452667 -0.00372730 0.01950004
v 0.00452667 -0.00372730 0.01650002
v 0.00482951 -0.00359470 0.01950004
v 0.00482951 -0.00359470 0.01650002
v 0.00512038 -0.00343751 0.01950004
v 0.00512038 -0.00343751 0.01650002
v 0.00539725 -0.00325682 0.01950004
v 0.00539725 -0.00325682 0.01650002
v 0.00565828 -0.00305400 0.01950004
v 0.00565828 -0.00305400 0.01650002
v 0.00590163 -0.00283015 0.01950004
v 0.00590163 -0.00283015 0.01650002
v 0.00612573 -0.00258714 0.01950004
v 0.00612573 -0.00258714 0.01650002
v 0.00632892 -0.00232631 0.01950004
v 0.00632892 -0.00232631 0.01650002
v 0.00650992 -0.00204964 0.01950004
v 0.00650992 -0.00204964 0.01650002
v 0.00666746 -0.00175899 0.01950004
v 0.00666746 -0.00175899 0.01650002
v 0.00680045 -0.00145634 0.01950004
v 0.00680045 -0.00145634 0.01650002
v 0.00690801 -0.00114381 0.01950004
v 0.00690801 -0.00114381 0.01650002
v 0.00698936 -0.00082326 0.01950004
v 0.00698936 -0.00082326 0.01650002
v -0.00072164 0.00015944 0.01969995
v -0.00072183 -0.00015470 0.01969995
v -0.00056636 0.00108660 0.01969995
v -0.00064358 0.00078211 0.01969995
v -0.00069549 0.00047239 0.01969995
v -0.00018823 0.00194721 0.01969995
v -0.00033788 0.00167115 0.01969995
v -0.00046415 0.00138361 0.01969995
v 0.00038969 0.00268866 0.01969995
v 0.00017676 0.00245771 0.01969995
v -0.00001621 0.00221005 0.01969995
v 0.00113185 0.00326566 0.01969995
v 0.00086890 0.00309406 0.01969995
v 0.00062094 0.00290131 0.01969995
v 0.00199300 0.00364276 0.01969995
v 0.00169584 0.00354094 0.01969995
v 0.00140818 0.00341487 0.01969995
v 0.00292032 0.00379684 0.01969995
v 0.00260731 0.00377110 0.01969995
v 0.00229746 0.00371957 0.01969995
v 0.00385713 0.00371859 0.01969995
v 0.00354741 0.00377050 0.01969995
v 0.00323441 0.00379665 0.01969995
v 0.00474611 0.00341289 0.01969995
v 0.00445857 0.00353916 0.01969995
v 0.00416156 0.00364137 0.01969995
v 0.00553278 0.00289812 0.01969995
v 0.00528502 0.00309122 0.01969995
v 0.00502223 0.00326323 0.01969995
v 0.00616902 0.00220611 0.01969995
v 0.00597628 0.00245407 0.01969995
v 0.00576368 0.00268532 0.01969995
v 0.00661591 0.00137917 0.01969995
v 0.00648996 0.00166682 0.01969995
v 0.00634063 0.00194316 0.01969995
v 0.00684612 0.00046770 0.01969995
v 0.00679458 0.00077743 0.01969995
v 0.00671772 0.00108202 0.01969995
v 0.00684552 -0.00047246 0.01969995
v 0.00687168 -0.00015940 0.01969995
v 0.00687186 0.00015463 0.01969995
v 0.00661419 -0.00138356 0.01969995
v 0.00671633 -0.00108655 0.01969995
v 0.00679361 -0.00078218 0.01969995
v 0.00616625 -0.00221001 0.01969995
v 0.00633820 -0.00194716 0.01969995
v 0.00648786 -0.00167110 0.01969995
v 0.00552909 -0.00290127 0.01969995
v 0.00576034 -0.00268873 0.01969995
v 0.00597320 -0.00245778 0.01969995
v 0.00474178 -0.00341494 0.01969995
v 0.00501812 -0.00326561 0.01969995
v 0.00528113 -0.00309402 0.01969995
v 0.00385251 -0.00371964 0.01969995
v 0.00415698 -0.00364271 0.01969995
v 0.00445413 -0.00354090 0.01969995
v 0.00291557 -0.00379661 0.01969995
v 0.00322965 -0.00379679 0.01969995
v 0.00354266 -0.00377117 0.01969995
v 0.00198841 -0.00364132 0.01969995
v 0.00229290 -0.00371866 0.01969995
v 0.00260262 -0.00377057 0.01969995
v 0.00112780 -0.00326319 0.01969995
v 0.00140387 -0.00341284 0.01969995
v 0.00169140 -0.00353923 0.01969995
v 0.00038635 -0.00268528 0.01969995
v 0.00061719 -0.00289819 0.01969995
v 0.00086495 -0.00309129 0.01969995
v -0.00019065 -0.00194311 0.01969995
v -0.00001906 -0.00220618 0.01969995
v 0.00017369 -0.00245414 0.01969995
v -0.00056775 -0.00108197 0.01969995
v -0.00046593 -0.00137912 0.01969995
v -0.00033998 -0.00166677 0.01969995
v -0.00069609 -0.00046765 0.01969995
v -0.00064456 -0.00077751 0.01969995
v -0.00072164 0.00015944 0.01629998
v -0.00069549 0.00047239 0.01629998
v 0.00307498 -0.00000004 0.01629998
v -0.00064456 -0.00077751 0.01629998
v -0.00069609 -0.00046765 0.01629998
v -0.00072183 -0.00015470 0.01629998
v -0.00033998 -0.00166677 0.01629998
v -0.00046593 -0.00137912 0.01629998
v -0.00056775 -0.00108197 0.01629998
v 0.00017369 -0.00245414 0.01629998
v -0.00001906 -0.00220618 0.01629998
v -0.00019065 -0.00194311 0.01629998
v 0.00086495 -0.00309129 0.01629998
v 0.00061719 -0.00289819 0.01629998
v 0.00038635 -0.00268528 0.01629998
v 0.00169140 -0.00353923 0.01629998
v 0.00140387 -0.00341284 0.01629998
v 0.00112780 -0.00326319 0.01629998
v 0.00260262 -0.00377057 0.01629998
v 0.00229290 -0.00371866 0.01629998
v 0.00198841 -0.00364132 0.01629998
v 0.00354266 -0.00377117 0.01629998
v 0.00322965 -0.00379679 0.01629998
v 0.00291557 -0.00379661 0.01629998
v 0.00445413 -0.00354090 0.01629998
v 0.00415698 -0.00364271 0.01629998
v 0.00385251 -0.00371964 0.01629998
v 0.00528113 -0.00309402 0.01629998
v 0.00501812 -0.00326561 0.01629998
v 0.00474178 -0.00341494 0.01629998
v 0.00597320 -0.00245778 0.01629998
v 0.00576034 -0.00268873 0.01629998
v 0.00552909 -0.00290127 0.01629998
v 0.00648786 -0.00167110 0.01629998
v 0.00633820 -0.00194716 0.01629998
v 0.00616625 -0.00221001 0.01629998
v 0.00679361 -0.00078218 0.01629998
v 0.00671633 -0.00108655 0.01629998
v 0.00661419 -0.00138356 0.01629998
v 0.00687186 0.00015463 0.01629998
v 0.00687168 -0.00015940 0.01629998
v 0.00684552 -0.00047246 0.01629998
v 0.00671772 0.00108202 0.01629998
v 0.00679458 0.00077743 0.01629998
v 0.00684612 0.00046770 0.01629998
v 0.00634063 0.00194316 0.01629998
v 0.00648996 0.00166682 0.01629998
v 0.00661591 0.00137917 0.01629998
v 0.00576368 0.00268532 0.01629998
v 0.00597628 0.00245407 0.01629998
v 0.00616902 0.00220611 0.01629998
v 0.00502223 0.00326323 0.01629998
v 0.00528502 0.00309122 0.01629998
v 0.00553278 0.00289812 0.01629998
v 0.00416156 0.00364137 0.01629998
v 0.00445857 0.00353916 0.01629998
v 0.00474611 0.00341289 0.01629998
v 0.00323441 0.00379665 0.01629998
v 0.00354741 0.00377050 0.01629998
v 0.00385713 0.00371859 0.01629998
v 0.00229746 0.00371957 0.01629998
v 0.00260731 0.00377110 0.01629998
v 0.00292032 0.00379684 0.01629998
v 0.00140818 0.00341487 0.01629998
v 0.00169584 0.00354094 0.01629998
v 0.00199300 0.00364276 0.01629998
v 0.00062094 0.00290131 0.01629998
v 0.00086890 0.00309406 0.01629998
v 0.00113185 0.00326566 0.01629998
v -0.00001621 0.00221005 0.01629998
v 0.00017676 0.00245771 0.01629998
v 0.00038969 0.00268866 0.01629998
v -0.00046415 0.00138361 0.01629998
v -0.00033788 0.00167115 0.01629998
v -0.00018823 0.00194721 0.01629998
v -0.00064358 0.00078211 0.01629998
v -0.00056636 0.00108660 0.01629998
v -0.00089489 -0.00016169 0.01640000
v -0.00086795 -0.00048901 0.01640000
v -0.00081414 -0.00081292 0.01640000
v -0.00073373 -0.00113125 0.01640000
v -0.00062735 -0.00144196 0.01640000
v -0.00049563 -0.00174274 0.01640000
v -0.00033942 -0.00203165 0.01640000
v -0.00016009 -0.00230674 0.01640000
v 0.00004149 -0.00256592 0.01640000
v 0.00026373 -0.00280772 0.01640000
v 0.00050526 -0.00303027 0.01640000
v 0.00076423 -0.00323219 0.01640000
v 0.00103904 -0.00341197 0.01640000
v 0.00132771 -0.00356836 0.01640000
v 0.00162837 -0.00370055 0.01640000
v 0.00193890 -0.00380737 0.01640000
v 0.00225721 -0.00388815 0.01640000
v 0.00258109 -0.00394244 0.01640000
v 0.00290830 -0.00396966 0.01640000
v 0.00323670 -0.00396997 0.01640000
v 0.00356396 -0.00394303 0.01640000
v 0.00388793 -0.00388910 0.01640000
v 0.00420632 -0.00380870 0.01640000
v 0.00451697 -0.00370232 0.01640000
v 0.00481775 -0.00357059 0.01640000
v 0.00510666 -0.00341450 0.01640000
v 0.00538169 -0.00323505 0.01640000
v 0.00564100 -0.00303347 0.01640000
v 0.00588273 -0.00281123 0.01640000
v 0.00610527 -0.00256982 0.01640000
v 0.00630714 -0.00231073 0.01640000
v 0.00648693 -0.00203592 0.01640000
v 0.00664337 -0.00174725 0.01640000
v 0.00677550 -0.00144659 0.01640000
v 0.00688232 -0.00113606 0.01640000
v 0.00696311 -0.00081775 0.01640000
v 0.00701739 -0.00049393 0.01640000
v 0.00704473 -0.00016672 0.01640000
v 0.00704492 0.00016174 0.01640000
v 0.00701798 0.00048894 0.01640000
v 0.00696417 0.00081297 0.01640000
v 0.00688377 0.00113130 0.01640000
v 0.00677733 0.00144201 0.01640000
v 0.00664560 0.00174279 0.01640000
v 0.00648946 0.00203170 0.01640000
v 0.00631006 0.00230667 0.01640000
v 0.00610848 0.00256597 0.01640000
v 0.00588624 0.00280776 0.01640000
v 0.00564477 0.00303031 0.01640000
v 0.00538579 0.00323211 0.01640000
v 0.00511098 0.00341190 0.01640000
v 0.00482226 0.00356841 0.01640000
v 0.00452160 0.00370048 0.01640000
v 0.00421106 0.00380730 0.01640000
v 0.00389282 0.00388808 0.01640000
v 0.00356894 0.00394237 0.01640000
v 0.00324167 0.00396971 0.01640000
v 0.00291327 0.00396990 0.01640000
v 0.00258607 0.00394296 0.01640000
v 0.00226204 0.00388915 0.01640000
v 0.00194371 0.00380874 0.01640000
v 0.00163301 0.00370236 0.01640000
v 0.00133222 0.00357064 0.01640000
v 0.00104331 0.00341443 0.01640000
v 0.00076834 0.00323498 0.01640000
v 0.00050904 0.00303352 0.01640000
v 0.00026725 0.00281128 0.01640000
v 0.00004470 0.00256975 0.01640000
v -0.00015710 0.00231077 0.01640000
v -0.00033689 0.00203596 0.01640000
v -0.00049340 0.00174730 0.01640000
v -0.00062546 0.00144664 0.01640000
v -0.00073229 0.00113610 0.01640000
v -0.00081307 0.00081780 0.01640000
v -0.00086736 0.00049398 0.01640000
v -0.00089470 0.00016665 0.01640000
v -0.00082175 -0.00015877 0.01632681
v -0.00079539 -0.00047998 0.01632681
v -0.00074252 -0.00079789 0.01632681
v -0.00066354 -0.00111043 0.01632681
v -0.00055908 -0.00141545 0.01632681
v -0.00042974 -0.00171064 0.01632681
v -0.00027654 -0.00199430 0.01632681
v -0.00010046 -0.00226424 0.01632681
v 0.00009739 -0.00251874 0.01632681
v 0.00031552 -0.00275594 0.01632681
v 0.00055256 -0.00297449 0.01632681
v 0.00080680 -0.00317263 0.01632681
v 0.00107650 -0.00334911 0.01632681
v 0.00135992 -0.00350265 0.01632681
v 0.00165507 -0.00363234 0.01632681
v 0.00195984 -0.00373713 0.01632681
v 0.00227224 -0.00381648 0.01632681
v 0.00259014 -0.00386980 0.01632681
v 0.00291141 -0.00389654 0.01632681
v 0.00323372 -0.00389683 0.01632681
v 0.00355500 -0.00387035 0.01632681
v 0.00387296 -0.00381749 0.01632681
v 0.00418544 -0.00373851 0.01632681
v 0.00449040 -0.00363404 0.01632681
v 0.00478565 -0.00350482 0.01632681
v 0.00506925 -0.00335162 0.01632681
v 0.00533919 -0.00317542 0.01632681
v 0.00559369 -0.00297757 0.01632681
v 0.00583101 -0.00275945 0.01632681
v 0.00604944 -0.00252240 0.01632681
v 0.00624758 -0.00226816 0.01632681
v 0.00642406 -0.00199846 0.01632681
v 0.00657766 -0.00171504 0.01632681
v 0.00670728 -0.00142001 0.01632681
v 0.00681215 -0.00111512 0.01632681
v 0.00689149 -0.00080272 0.01632681
v 0.00694475 -0.00048482 0.01632681
v 0.00697155 -0.00016355 0.01632681
v 0.00697178 0.00015870 0.01632681
v 0.00694536 0.00047991 0.01632681
v 0.00689250 0.00079794 0.01632681
v 0.00681358 0.00111048 0.01632681
v 0.00670911 0.00141538 0.01632681
v 0.00657977 0.00171069 0.01632681
v 0.00642657 0.00199423 0.01632681
v 0.00625043 0.00226417 0.01632681
v 0.00605258 0.00251867 0.01632681
v 0.00583445 0.00275599 0.01632681
v 0.00559741 0.00297442 0.01632681
v 0.00534317 0.00317256 0.01632681
v 0.00507347 0.00334904 0.01632681
v 0.00479006 0.00350270 0.01632681
v 0.00449496 0.00363226 0.01632681
v 0.00419013 0.00373718 0.01632681
v 0.00387773 0.00381652 0.01632681
v 0.00355983 0.00386973 0.01632681
v 0.00323863 0.00389658 0.01632681
v 0.00291625 0.00389676 0.01632681
v 0.00259498 0.00387040 0.01632681
v 0.00227708 0.00381754 0.01632681
v 0.00196453 0.00373856 0.01632681
v 0.00165963 0.00363408 0.01632681
v 0.00136432 0.00350475 0.01632681
v 0.00108078 0.00335155 0.01632681
v 0.00081084 0.00317546 0.01632681
v 0.00055635 0.00297762 0.01632681
v 0.00031902 0.00275949 0.01632681
v 0.00010059 0.00252244 0.01632681
v -0.00009755 0.00226820 0.01632681
v -0.00027402 0.00199851 0.01632681
v -0.00042768 0.00171509 0.01632681
v -0.00055737 0.00141994 0.01632681
v -0.00066217 0.00111517 0.01632681
v -0.00074151 0.00080277 0.01632681
v -0.00079472 0.00048487 0.01632681
v -0.00082157 0.00016360 0.01632681
v -0.00082175 -0.00015877 0.01967325
v -0.00079539 -0.00047998 0.01967325
v -0.00074252 -0.00079789 0.01967325
v -0.00066354 -0.00111043 0.01967325
v -0.00055908 -0.00141545 0.01967325
v -0.00042974 -0.00171064 0.01967325
v -0.00027654 -0.00199430 0.01967325
v -0.00010046 -0.00226424 0.01967325
v 0.00009739 -0.00251874 0.01967325
v 0.00031552 -0.00275594 0.01967325
v 0.00055256 -0.00297449 0.01967325
v 0.00080680 -0.00317263 0.01967325
v 0.00107650 -0.00334911 0.01967325
v 0.00135992 -0.00350265 0.01967325
v 0.00165507 -0.00363234 0.01967325
v 0.00195984 -0.00373713 0.01967325
v 0.00227224 -0.00381648 0.01967325
v 0.00259014 -0.00386980 0.01967325
v 0.00291141 -0.00389654 0.01967325
v 0.00323372 -0.00389683 0.01967325
v 0.00355500 -0.00387035 0.01967325
v 0.00387296 -0.00381749 0.01967325
v 0.00418544 -0.00373851 0.01967325
v 0.00449040 -0.00363404 0.01967325
v 0.00478565 -0.00350482 0.01967325
v 0.00506925 -0.00335162 0.01967325
v 0.00533919 -0.00317542 0.01967325
v 0.00559369 -0.00297757 0.01967325
v 0.00583101 -0.00275945 0.01967325
v 0.00604944 -0.00252240 0.01967325
v 0.00624758 -0.00226816 0.01967325
v 0.00642406 -0.00199846 0.01967325
v 0.00657766 -0.00171504 0.01967325
v 0.00670728 -0.00142001 0.01967325
v 0.00681215 -0.00111512 0.01967325
v 0.00689149 -0.00080272 0.01967325
v 0.00694475 -0.00048482 0.01967325
v 0.00697155 -0.00016355 0.01967325
v 0.00697178 0.00015870 0.01967325
v 0.00694536 0.00047991 0.01967325
v 0.00689250 0.00079794 0.01967325
v 0.00681358 0.00111048 0.01967325
v 0.00670911 0.00141538 0.01967325
v 0.00657977 0.00171069 0.01967325
v 0.00642657 0.00199423 0.01967325
v 0.00625043 0.00226417 0.01967325
v 0.00605258 0.00251867 0.01967325
v 0.00583445 0.00275599 0.01967325
v 0.00559741 0.00297442 0.01967325
v 0.00534317 0.00317256 0.01967325
v 0.00507347 0.00334904 0.01967325
v 0.00479006 0.00350270 0.01967325
v 0.00449496 0.00363226 0.01967325
v 0.00419013 0.00373718 0.01967325
v 0.00387773 0.00381652 0.01967325
v 0.00355983 0.00386973 0.01967325
v 0.00323863 0.00389658 0.01967325
v 0.00291625 0.00389676 0.01967325
v 0.00259498 0.00387040 0.01967325
v 0.00227708 0.00381754 0.01967325
v 0.00196453 0.00373856 0.01967325
v 0.00165963 0.00363408 0.01967325
v 0.00136432 0.00350475 0.01967325
v 0.00108078 0.00335155 0.01967325
v 0.00081084 0.00317546 0.01967325
v 0.00055635 0.00297762 0.01967325
v 0.00031902 0.00275949 0.01967325
v 0.00010059 0.00252244 0.01967325
v -0.00009755 0.00226820 0.01967325
v -0.00027402 0.00199851 0.01967325
v -0.00042768 0.00171509 0.01967325
v -0.00055737 0.00141994 0.01967325
v -0.00066217 0.00111517 0.01967325
v -0.00074151 0.00080277 0.01967325
v -0.00079472 0.00048487 0.01967325
v -0.00082157 0.00016360 0.01967325
v -0.00089489 -0.00016169 0.01960005
v -0.00086795 -0.00048901 0.01960005
v -0.00081414 -0.00081292 0.01960005
v -0.00073373 -0.00113125 0.01960005
v -0.00062735 -0.00144196 0.01960005
v -0.00049563 -0.00174274 0.01960005
v -0.00033942 -0.00203165 0.01960005
v -0.00016009 -0.00230674 0.01960005
v 0.00004149 -0.00256592 0.01960005
v 0.00026373 -0.00280772 0.01960005
v 0.00050526 -0.00303027 0.01960005
v 0.00076423 -0.00323219 0.01960005
v 0.00103904 -0.00341197 0.01960005
v 0.00132771 -0.00356836 0.01960005
v 0.00162837 -0.00370055 0.01960005
v 0.00193890 -0.00380737 0.01960005
v 0.00225721 -0.00388815 0.01960005
v 0.00258109 -0.00394244 0.01960005
v 0.00290830 -0.00396966 0.01960005
v 0.00323670 -0.00396997 0.01960005
v 0.00356396 -0.00394303 0.01960005
v 0.00388793 -0.00388910 0.01960005
v 0.00420632 -0.00380870 0.01960005
v 0.00451697 -0.00370232 0.01960005
v 0.00481775 -0.00357059 0.01960005
v 0.00510666 -0.00341450 0.01960005
v 0.00538169 -0.00323505 0.01960005
v 0.00564100 -0.00303347 0.01960005
v 0.00588273 -0.00281123 0.01960005
v 0.00610527 -0.00256982 0.01960005
v 0.00630714 -0.00231073 0.01960005
v 0.00648693 -0.00203592 0.01960005
v 0.00664337 -0.00174725 0.01960005
v 0.00677550 -0.00144659 0.01960005
v 0.00688232 -0.00113606 0.01960005
v 0.00696311 -0.00081775 0.01960005
v 0.00701739 -0.00049393 0.01960005
v 0.00704473 -0.00016672 0.01960005
v 0.00704492 0.00016174 0.01960005
v 0.00701798 0.00048894 0.01960005
v 0.00696417 0.00081297 0.01960005
v 0.00688377 0.00113130 0.01960005
v 0.00677733 0.00144201 0.01960005
v 0.00664560 0.00174279 0.01960005
v 0.00648946 0.00203170 0.01960005
v 0.00631006 0.00230667 0.01960005
v 0.00610848 0.00256597 0.01960005
v 0.00588624 0.00280776 0.01960005
v 0.00564477 0.00303031 0.01960005
v 0.00538579 0.00323211 0.01960005
v 0.00511098 0.00341190 0.01960005
v 0.00482226 0.00356841 0.01960005
v 0.00452160 0.00370048 0.01960005
v 0.00421106 0.00380730 0.01960005
v 0.00389282 0.00388808 0.01960005
v 0.00356894 0.00394237 0.01960005
v 0.00324167 0.00396971 0.01960005
v 0.00291327 0.00396990 0.01960005
v 0.00258607 0.00394296 0.01960005
v 0.00226204 0.00388915 0.01960005
v 0.00194371 0.00380874 0.01960005
v 0.00163301 0.00370236 0.01960005
v 0.00133222 0.00357064 0.01960005
v 0.00104331 0.00341443 0.01960005
v 0.00076834 0.00323498 0.01960005
v 0.00050904 0.00303352 0.01960005
v 0.00026725 0.00281128 0.01960005
v 0.00004470 0.00256975 0.01960005
v -0.00015710 0.00231077 0.01960005
v -0.00033689 0.00203596 0.01960005
v -0.00049340 0.00174730 0.01960005
v -0.00062546 0.00144664 0.01960005
v -0.00073229 0.00113610 0.01960005
v -0.00081307 0.00081780 0.01960005
v -0.00086736 0.00049398 0.01960005
v -0.00089470 0.00016665 0.01960005
v 0.00709284 0.00023945 0.01389994
v 0.00707747 -0.00042508 0.01629998
v 0.00707747 -0.00042508 0.01389994
v 0.00695292 -0.00107814 0.01629998
v 0.00695292 -0.00107814 0.01389994
v 0.00672258 -0.00170175 0.01629998
v 0.00672258 -0.00170175 0.01389994
v 0.00639276 -0.00227885 0.01629998
v 0.00639276 -0.00227885 0.01389994
v 0.00597240 -0.00279385 0.01629998
v 0.00597240 -0.00279385 0.01389994
v 0.00547306 -0.00323265 0.01629998
v 0.00547306 -0.00323265 0.01389994
v 0.00490826 -0.00358330 0.01629998
v 0.00490826 -0.00358330 0.01389994
v 0.00429347 -0.00383619 0.01629998
v 0.00429347 -0.00383619 0.01389994
v 0.00364546 -0.00398436 0.01629998
v 0.00364546 -0.00398436 0.01389994
v 0.00298187 -0.00402391 0.01629998
v 0.00298187 -0.00402391 0.01389994
v 0.00232082 -0.00395368 0.01629998
v 0.00232082 -0.00395368 0.01389994
v 0.00168036 -0.00377561 0.01629998
v 0.00168036 -0.00377561 0.01389994
v 0.00107796 -0.00349461 0.01629998
v 0.00107796 -0.00349461 0.01389994
v 0.00052999 -0.00311827 0.01629998
v 0.00052999 -0.00311827 0.01389994
v 0.00005143 -0.00265678 0.01629998
v 0.00005143 -0.00265678 0.01389994
v -0.00034465 -0.00212295 0.01629998
v -0.00034465 -0.00212295 0.01389994
v -0.00064741 -0.00153108 0.01629998
v -0.00064741 -0.00153108 0.01389994
v -0.00084868 -0.00089751 0.01629998
v -0.00084868 -0.00089751 0.01389994
v -0.00094287 -0.00023952 0.01629998
v -0.00094287 -0.00023952 0.01389994
v -0.00092749 0.00042513 0.01629998
v -0.00092749 0.00042513 0.01389994
v -0.00080295 0.00107807 0.01629998
v -0.00080295 0.00107807 0.01389994
v -0.00057261 0.00170168 0.01629998
v -0.00057261 0.00170168 0.01389994
v -0.00024278 0.00227890 0.01629998
v -0.00024278 0.00227890 0.01389994
v 0.00017763 0.00279389 0.01629998
v 0.00017763 0.00279389 0.01389994
v 0.00067697 0.00323270 0.01629998
v 0.00067697 0.00323270 0.01389994
v 0.00124171 0.00358323 0.01629998
v 0.00124171 0.00358323 0.01389994
v 0.00185656 0.00383611 0.01629998
v 0.00185656 0.00383611 0.01389994
v 0.00250451 0.00398441 0.01629998
v 0.00250451 0.00398441 0.01389994
v 0.00316816 0.00402396 0.01629998
v 0.00316816 0.00402396 0.01389994
v 0.00382921 0.00395373 0.01629998
v 0.00382921 0.00395373 0.01389994
v 0.00446967 0.00377566 0.01629998
v 0.00446967 0.00377566 0.01389994
v 0.00507207 0.00349465 0.01629998
v 0.00507207 0.00349465 0.01389994
v 0.00562003 0.00311820 0.01629998
v 0.00562003 0.00311820 0.01389994
v 0.00609860 0.00265682 0.01629998
v 0.00609860 0.00265682 0.01389994
v 0.00649462 0.00212288 0.01629998
v 0.00649462 0.00212288 0.01389994
v 0.00679744 0.00153113 0.01629998
v 0.00679744 0.00153113 0.01389994
v 0.00699866 0.00089756 0.01629998
v 0.00699866 0.00089756 0.01389994
v 0.00709284 0.00023945 0.01629998
v 0.00307498 -0.00000004 0.01389994
v 0.00703541 -0.00056114 0.01370003
v 0.00703541 -0.00056114 0.01070001
v 0.00706825 -0.00023225 0.01370003
v 0.00706825 -0.00023225 0.01070001
v 0.00707378 0.00009838 0.01370003
v 0.00707378 0.00009838 0.01070001
v 0.00705202 0.00042823 0.01370003
v 0.00705202 0.00042823 0.01070001
v 0.00700305 0.00075515 0.01370003
v 0.00700305 0.00075515 0.01070001
v 0.00692726 0.00107699 0.01370003
v 0.00692726 0.00107699 0.01070001
v 0.00682521 0.00139145 0.01370003
v 0.00682521 0.00139145 0.01070001
v 0.00669748 0.00169636 0.01370003
v 0.00669748 0.00169636 0.01070001
v 0.00654503 0.00198966 0.01370003
v 0.00654503 0.00198966 0.01070001
v 0.00636889 0.00226950 0.01370003
v 0.00636889 0.00226950 0.01070001
v 0.00617019 0.00253370 0.01370003
v 0.00617019 0.00253370 0.01070001
v 0.00595038 0.00278064 0.01370003
v 0.00595038 0.00278064 0.01070001
v 0.00571092 0.00300859 0.01370003
v 0.00571092 0.00300859 0.01070001
v 0.00545349 0.00321605 0.01370003
v 0.00545349 0.00321605 0.01070001
v 0.00517981 0.00340140 0.01370003
v 0.00517981 0.00340140 0.01070001
v 0.00489174 0.00356361 0.01370003
v 0.00489174 0.00356361 0.01070001
v 0.00459120 0.00370152 0.01370003
v 0.00459120 0.00370152 0.01070001
v 0.00428037 0.00381408 0.01370003
v 0.00428037 0.00381408 0.01070001
v 0.00396129 0.00390062 0.01370003
v 0.00396129 0.00390062 0.01070001
v 0.00363615 0.00396045 0.01370003
v 0.00363615 0.00396045 0.01070001
v 0.00330720 0.00399323 0.01370003
v 0.00330720 0.00399323 0.01070001
v 0.00297663 0.00399876 0.01370003
v 0.00297663 0.00399876 0.01070001
v 0.00264678 0.00397706 0.01370003
v 0.00264678 0.00397706 0.01070001
v 0.00231986 0.00392803 0.01370003
v 0.00231986 0.00392803 0.01070001
v 0.00199802 0.00385230 0.01370003
v 0.00199802 0.00385230 0.01070001
v 0.00168355 0.00375013 0.01370003
v 0.00168355 0.00375013 0.01070001
v 0.00137865 0.00362251 0.01370003
v 0.00137865 0.00362251 0.01070001
v 0.00108524 0.00347008 0.01370003
v 0.00108524 0.00347008 0.01070001
v 0.00080551 0.00329380 0.01370003
v 0.00080551 0.00329380 0.01070001
v 0.00054131 0.00309517 0.01370003
v 0.00054131 0.00309517 0.01070001
v 0.00029438 0.00287542 0.01370003
v 0.00029438 0.00287542 0.01070001
v 0.00006642 0.00263590 0.01370003
v 0.00006642 0.00263590 0.01070001
v -0.00014104 0.00237847 0.01370003
v -0.00014104 0.00237847 0.01070001
v -0.00032639 0.00210485 0.01370003
v -0.00032639 0.00210485 0.01070001
v -0.00048860 0.00181666 0.01370003
v -0.00048860 0.00181666 0.01070001
v -0.00062650 0.00151624 0.01370003
v -0.00062650 0.00151624 0.01070001
v -0.00073907 0.00120535 0.01370003
v -0.00073907 0.00120535 0.01070001
v -0.00082561 0.00088633 0.01370003
v -0.00082561 0.00088633 0.01070001
v -0.00088544 0.00056119 0.01370003
v -0.00088544 0.00056119 0.01070001
v -0.00091823 0.00023217 0.01370003
v -0.00091823 0.00023217 0.01070001
v -0.00092375 -0.00009833 0.01370003
v -0.00092375 -0.00009833 0.01070001
v -0.00090205 -0.00042818 0.01370003
v -0.00090205 -0.00042818 0.01070001
v -0.00085302 -0.00075523 0.01370003
v -0.00085302 -0.00075523 0.01070001
v -0.00077729 -0.00107694 0.01370003
v -0.00077729 -0.00107694 0.01070001
v -0.00067524 -0.00139140 0.01370003
v -0.00067524 -0.00139140 0.01070001
v -0.00054750 -0.00169631 0.01370003
v -0.00054750 -0.00169631 0.01070001
v -0.00039507 -0.00198973 0.01370003
v -0.00039507 -0.00198973 0.01070001
v -0.00021891 -0.00226945 0.01370003
v -0.00021891 -0.00226945 0.01070001
v -0.00002016 -0.00253377 0.01370003
v -0.00002016 -0.00253377 0.01070001
v 0.00019959 -0.00278071 0.01370003
v 0.00019959 -0.00278071 0.01070001
v 0.00043911 -0.00300866 0.01370003
v 0.00043911 -0.00300866 0.01070001
v 0.00069654 -0.00321600 0.01370003
v 0.00069654 -0.00321600 0.01070001
v 0.00097016 -0.00340147 0.01370003
v 0.00097016 -0.00340147 0.01070001
v 0.00125823 -0.00356368 0.01370003
v 0.00125823 -0.00356368 0.01070001
v 0.00155877 -0.00370147 0.01370003
v 0.00155877 -0.00370147 0.01070001
v 0.00186966 -0.00381403 0.01370003
v 0.00186966 -0.00381403 0.01070001
v 0.00218868 -0.00390057 0.01370003
v 0.00218868 -0.00390057 0.01070001
v 0.00251382 -0.00396040 0.01370003
v 0.00251382 -0.00396040 0.01070001
v 0.00284277 -0.00399330 0.01370003
v 0.00284277 -0.00399330 0.01070001
v 0.00317334 -0.00399883 0.01370003
v 0.00317334 -0.00399883 0.01070001
v 0.00350325 -0.00397701 0.01370003
v 0.00350325 -0.00397701 0.01070001
v 0.00383017 -0.00392810 0.01370003
v 0.00383017 -0.00392810 0.01070001
v 0.00415201 -0.00385225 0.01370003
v 0.00415201 -0.00385225 0.01070001
v 0.00446641 -0.00375020 0.01370003
v 0.00446641 -0.00375020 0.01070001
v 0.00477139 -0.00362247 0.01370003
v 0.00477139 -0.00362247 0.01070001
v 0.00506474 -0.00347003 0.01370003
v 0.00506474 -0.00347003 0.01070001
v 0.00534446 -0.00329387 0.01370003
v 0.00534446 -0.00329387 0.01070001
v 0.00560872 -0.00309524 0.01370003
v 0.00560872 -0.00309524 0.01070001
v 0.00585566 -0.00287537 0.01370003
v 0.00585566 -0.00287537 0.01070001
v 0.00608361 -0.00263597 0.01370003
v 0.00608361 -0.00263597 0.01070001
v 0.00629101 -0.00237854 0.01370003
v 0.00629101 -0.00237854 0.01070001
v 0.00647642 -0.00210480 0.01370003
v 0.00647642 -0.00210480 0.01070001
v 0.00663863 -0.00181673 0.01370003
v 0.00663863 -0.00181673 0.01070001
v 0.00677648 -0.00151619 0.01370003
v 0.00677648 -0.00151619 0.01070001
v 0.00688904 -0.00120542 0.01370003
v 0.00688904 -0.00120542 0.01070001
v 0.00697558 -0.00088628 0.01370003
v 0.00697558 -0.00088628 0.01070001
v -0.00071862 0.00022064 0.01389994
v -0.00072382 -0.00009341 0.01389994
v -0.00054841 0.00114515 0.01389994
v -0.00063059 0.00084194 0.01389994
v -0.00068747 0.00053314 0.01389994
v -0.00015634 0.00199957 0.01389994
v -0.00031043 0.00172584 0.01389994
v -0.00044139 0.00144041 0.01389994
v 0.00043335 0.00273159 0.01389994
v 0.00021676 0.00250412 0.01389994
v 0.00001974 0.00225962 0.01389994
v 0.00118480 0.00329651 0.01389994
v 0.00091904 0.00312920 0.01389994
v 0.00066802 0.00294040 0.01389994
v 0.00205192 0.00365963 0.01389994
v 0.00175318 0.00356266 0.01389994
v 0.00146345 0.00344133 0.01389994
v 0.00298155 0.00379883 0.01389994
v 0.00266815 0.00377811 0.01389994
v 0.00235761 0.00373162 0.01389994
v 0.00391702 0.00370560 0.01389994
v 0.00360810 0.00376237 0.01389994
v 0.00329561 0.00379363 0.01389994
v 0.00480086 0.00338544 0.01389994
v 0.00451543 0.00351639 0.01389994
v 0.00422011 0.00362330 0.01389994
v 0.00557914 0.00285813 0.01389994
v 0.00533458 0.00305516 0.01389994
v 0.00507454 0.00323135 0.01389994
v 0.00620416 0.00215597 0.01389994
v 0.00601542 0.00240699 0.01389994
v 0.00580661 0.00264166 0.01389994
v 0.00663768 0.00132183 0.01389994
v 0.00651635 0.00161156 0.01389994
v 0.00637153 0.00189021 0.01389994
v 0.00685319 0.00040679 0.01389994
v 0.00680664 0.00071739 0.01389994
v 0.00673465 0.00102309 0.01389994
v 0.00683745 -0.00053309 0.01389994
v 0.00686859 -0.00022060 0.01389994
v 0.00687385 0.00009346 0.01389994
v 0.00659142 -0.00144036 0.01389994
v 0.00669838 -0.00114510 0.01389994
v 0.00678056 -0.00084201 0.01389994
v 0.00613024 -0.00225957 0.01389994
v 0.00630637 -0.00199953 0.01389994
v 0.00646046 -0.00172591 0.01389994
v 0.00548200 -0.00294047 0.01389994
v 0.00571662 -0.00273166 0.01389994
v 0.00593321 -0.00250419 0.01389994
v 0.00468652 -0.00344140 0.01389994
v 0.00496524 -0.00329646 0.01389994
v 0.00523099 -0.00312915 0.01389994
v 0.00379241 -0.00373169 0.01389994
v 0.00409811 -0.00365970 0.01389994
v 0.00439684 -0.00356273 0.01389994
v 0.00285443 -0.00379358 0.01389994
v 0.00316842 -0.00379890 0.01389994
v 0.00348182 -0.00377818 0.01389994
v 0.00192986 -0.00362337 0.01389994
v 0.00223295 -0.00370555 0.01389994
v 0.00254187 -0.00376244 0.01389994
v 0.00107543 -0.00323142 0.01389994
v 0.00134916 -0.00338551 0.01389994
v 0.00163460 -0.00351647 0.01389994
v 0.00034343 -0.00264161 0.01389994
v 0.00057089 -0.00285820 0.01389994
v 0.00081539 -0.00305523 0.01389994
v -0.00022150 -0.00189017 0.01389994
v -0.00005419 -0.00215604 0.01389994
v 0.00013461 -0.00240706 0.01389994
v -0.00058463 -0.00102316 0.01389994
v -0.00048765 -0.00132190 0.01389994
v -0.00036632 -0.00161151 0.01389994
v -0.00070322 -0.00040686 0.01389994
v -0.00065661 -0.00071747 0.01389994
v -0.00071862 0.00022064 0.01049997
v -0.00068747 0.00053314 0.01049997
v 0.00307498 -0.00000004 0.01049997
v -0.00065661 -0.00071747 0.01049997
v -0.00070322 -0.00040686 0.01049997
v -0.00072382 -0.00009341 0.01049997
v -0.00036632 -0.00161151 0.01049997
v -0.00048765 -0.00132190 0.01049997
v -0.00058463 -0.00102316 0.01049997
v 0.00013461 -0.00240706 0.01049997
v -0.00005419 -0.00215604 0.01049997
v -0.00022150 -0.00189017 0.01049997
v 0.00081539 -0.00305523 0.01049997
v 0.00057089 -0.00285820 0.01049997
v 0.00034343 -0.00264161 0.01049997
v 0.00163460 -0.00351647 0.01049997
v 0.00134916 -0.00338551 0.01049997
v 0.00107543 -0.00323142 0.01049997
v 0.00254187 -0.00376244 0.01049997
v 0.00223295 -0.00370555 0.01049997
v 0.00192986 -0.00362337 0.01049997
v 0.00348182 -0.00377818 0.01049997
v 0.00316842 -0.00379890 0.01049997
v 0.00285443 -0.00379358 0.01049997
v 0.00439684 -0.00356273 0.01049997
v 0.00409811 -0.00365970 0.01049997
v 0.00379241 -0.00373169 0.01049997
v 0.00523099 -0.00312915 0.01049997
v 0.00496524 -0.00329646 0.01049997
v 0.00468652 -0.00344140 0.01049997
v 0.00593321 -0.00250419 0.01049997
v 0.00571662 -0.00273166 0.01049997
v 0.00548200 -0.00294047 0.01049997
v 0.00646046 -0.00172591 0.01049997
v 0.00630637 -0.00199953 0.01049997
v 0.00613024 -0.00225957 0.01049997
v 0.00678056 -0.00084201 0.01049997
v 0.00669838 -0.00114510 0.01049997
v 0.00659142 -0.00144036 0.01049997
v 0.00687385 0.00009346 0.01049997
v 0.00686859 -0.00022060 0.01049997
v 0.00683745 -0.00053309 0.01049997
v 0.00673465 0.00102309 0.01049997
v 0.00680664 0.00071739 0.01049997
v 0.00685319 0.00040679 0.01049997
v 0.00637153 0.00189021 0.01049997
v 0.00651635 0.00161156 0.01049997
v 0.00663768 0.00132183 0.01049997
v 0.00580661 0.00264166 0.01049997
v 0.00601542 0.00240699 0.01049997
v 0.00620416 0.00215597 0.01049997
v 0.00507454 0.00323135 0.01049997
v 0.00533458 0.00305516 0.01049997
v 0.00557914 0.00285813 0.01049997
v 0.00422011 0.00362330 0.01049997
v 0.00451543 0.00351639 0.01049997
v 0.00480086 0.00338544 0.01049997
v 0.00329561 0.00379363 0.01049997
v 0.00360810 0.00376237 0.01049997
v 0.00391702 0.00370560 0.01049997
v 0.00235761 0.00373162 0.01049997
v 0.00266815 0.00377811 0.01049997
v 0.00298155 0.00379883 0.01049997
v 0.00146345 0.00344133 0.01049997
v 0.00175318 0.00356266 0.01049997
v 0.00205192 0.00365963 0.01049997
v 0.00066802 0.00294040 0.01049997
v 0.00091904 0.00312920 0.01049997
v 0.00118480 0.00329651 0.01049997
v 0.00001974 0.00225962 0.01049997
v 0.00021676 0.00250412 0.01049997
v 0.00043335 0.00273159 0.01049997
v -0.00044139 0.00144041 0.01049997
v -0.00031043 0.00172584 0.01049997
v -0.00015634 0.00199957 0.01049997
v -0.00063059 0.00084194 0.01049997
v -0.00054841 0.00114515 0.01049997
v -0.00089700 -0.00009765 0.01059999
v -0.00087532 -0.00042535 0.01059999
v -0.00082680 -0.00075011 0.01059999
v -0.00075146 -0.00106979 0.01059999
v -0.00065004 -0.00138207 0.01059999
v -0.00052317 -0.00168504 0.01059999
v -0.00037172 -0.00197638 0.01059999
v -0.00019680 -0.00225426 0.01059999
v 0.00000059 -0.00251674 0.01059999
v 0.00021886 -0.00276206 0.01059999
v 0.00045665 -0.00298851 0.01059999
v 0.00071247 -0.00319448 0.01059999
v 0.00098435 -0.00337868 0.01059999
v 0.00127044 -0.00353973 0.01059999
v 0.00156887 -0.00367671 0.01059999
v 0.00187765 -0.00378848 0.01059999
v 0.00219466 -0.00387445 0.01059999
v 0.00251761 -0.00393395 0.01059999
v 0.00284436 -0.00396653 0.01059999
v 0.00317266 -0.00397196 0.01059999
v 0.00350036 -0.00395040 0.01059999
v 0.00382512 -0.00390176 0.01059999
v 0.00414479 -0.00382654 0.01059999
v 0.00445708 -0.00372512 0.01059999
v 0.00475999 -0.00359825 0.01059999
v 0.00505139 -0.00344680 0.01059999
v 0.00532927 -0.00327177 0.01059999
v 0.00559174 -0.00307449 0.01059999
v 0.00583701 -0.00285610 0.01059999
v 0.00606346 -0.00261831 0.01059999
v 0.00626948 -0.00236261 0.01059999
v 0.00645368 -0.00209073 0.01059999
v 0.00661480 -0.00180452 0.01059999
v 0.00675172 -0.00150610 0.01059999
v 0.00686349 -0.00119731 0.01059999
v 0.00694946 -0.00088042 0.01059999
v 0.00700890 -0.00055741 0.01059999
v 0.00704153 -0.00023066 0.01059999
v 0.00704703 0.00009770 0.01059999
v 0.00702536 0.00042540 0.01059999
v 0.00697677 0.00075016 0.01059999
v 0.00690148 0.00106971 0.01059999
v 0.00680007 0.00138212 0.01059999
v 0.00667320 0.00168497 0.01059999
v 0.00652175 0.00197643 0.01059999
v 0.00634678 0.00225431 0.01059999
v 0.00614944 0.00251678 0.01059999
v 0.00593111 0.00276199 0.01059999
v 0.00569332 0.00298844 0.01059999
v 0.00543756 0.00319452 0.01059999
v 0.00516568 0.00337860 0.01059999
v 0.00487953 0.00353978 0.01059999
v 0.00458104 0.00367664 0.01059999
v 0.00427232 0.00378853 0.01059999
v 0.00395537 0.00387450 0.01059999
v 0.00363242 0.00393388 0.01059999
v 0.00330566 0.00396645 0.01059999
v 0.00297731 0.00397201 0.01059999
v 0.00264961 0.00395033 0.01059999
v 0.00232485 0.00390181 0.01059999
v 0.00200518 0.00382647 0.01059999
v 0.00169289 0.00372505 0.01059999
v 0.00139004 0.00359818 0.01059999
v 0.00109858 0.00344673 0.01059999
v 0.00082070 0.00327182 0.01059999
v 0.00055823 0.00307442 0.01059999
v 0.00031302 0.00285615 0.01059999
v 0.00008657 0.00261824 0.01059999
v -0.00011951 0.00236254 0.01059999
v -0.00030371 0.00209066 0.01059999
v -0.00046476 0.00180457 0.01059999
v -0.00060175 0.00150603 0.01059999
v -0.00071351 0.00119736 0.01059999
v -0.00079949 0.00088035 0.01059999
v -0.00085887 0.00055746 0.01059999
v -0.00089156 0.00023071 0.01059999
v -0.00082379 -0.00009593 0.01052680
v -0.00080257 -0.00041752 0.01052680
v -0.00075487 -0.00073628 0.01052680
v -0.00068096 -0.00105005 0.01052680
v -0.00058145 -0.00135665 0.01052680
v -0.00045697 -0.00165391 0.01052680
v -0.00030828 -0.00194001 0.01052680
v -0.00013649 -0.00221275 0.01052680
v 0.00005716 -0.00247041 0.01052680
v 0.00027145 -0.00271116 0.01052680
v 0.00050500 -0.00293337 0.01052680
v 0.00075597 -0.00313556 0.01052680
v 0.00102286 -0.00331645 0.01052680
v 0.00130370 -0.00347454 0.01052680
v 0.00159663 -0.00360891 0.01052680
v 0.00189976 -0.00371876 0.01052680
v 0.00221088 -0.00380306 0.01052680
v 0.00252785 -0.00386148 0.01052680
v 0.00284860 -0.00389344 0.01052680
v 0.00317088 -0.00389887 0.01052680
v 0.00349254 -0.00387754 0.01052680
v 0.00381130 -0.00382984 0.01052680
v 0.00412506 -0.00375592 0.01052680
v 0.00443166 -0.00365641 0.01052680
v 0.00472898 -0.00353193 0.01052680
v 0.00501496 -0.00338324 0.01052680
v 0.00528775 -0.00321157 0.01052680
v 0.00554536 -0.00301780 0.01052680
v 0.00578617 -0.00280351 0.01052680
v 0.00600838 -0.00257008 0.01052680
v 0.00621063 -0.00231900 0.01052680
v 0.00639139 -0.00205222 0.01052680
v 0.00654955 -0.00177126 0.01052680
v 0.00668398 -0.00147834 0.01052680
v 0.00679372 -0.00117520 0.01052680
v 0.00687807 -0.00086420 0.01052680
v 0.00693643 -0.00054711 0.01052680
v 0.00696839 -0.00022642 0.01052680
v 0.00697381 0.00009586 0.01052680
v 0.00695261 0.00041757 0.01052680
v 0.00690485 0.00073633 0.01052680
v 0.00683099 0.00105010 0.01052680
v 0.00673142 0.00135670 0.01052680
v 0.00660694 0.00165396 0.01052680
v 0.00645825 0.00193994 0.01052680
v 0.00628652 0.00221267 0.01052680
v 0.00609281 0.00247034 0.01052680
v 0.00587852 0.00271120 0.01052680
v 0.00564503 0.00293342 0.01052680
v 0.00539401 0.00313560 0.01052680
v 0.00512717 0.00331637 0.01052680
v 0.00484627 0.00347458 0.01052680
v 0.00455335 0.00360895 0.01052680
v 0.00425027 0.00371869 0.01052680
v 0.00393916 0.00380311 0.01052680
v 0.00362212 0.00386141 0.01052680
v 0.00330137 0.00389337 0.01052680
v 0.00297909 0.00389879 0.01052680
v 0.00265750 0.00387758 0.01052680
v 0.00233868 0.00382989 0.01052680
v 0.00202491 0.00375597 0.01052680
v 0.00171831 0.00365646 0.01052680
v 0.00142105 0.00353186 0.01052680
v 0.00113508 0.00338329 0.01052680
v 0.00086222 0.00321150 0.01052680
v 0.00060467 0.00301784 0.01052680
v 0.00036381 0.00280356 0.01052680
v 0.00014159 0.00257001 0.01052680
v -0.00006059 0.00231904 0.01052680
v -0.00024137 0.00205215 0.01052680
v -0.00039957 0.00177131 0.01052680
v -0.00053395 0.00147827 0.01052680
v -0.00064368 0.00117525 0.01052680
v -0.00072810 0.00086413 0.01052680
v -0.00078640 0.00054716 0.01052680
v -0.00081848 0.00022635 0.01052680
v -0.00082379 -0.00009593 0.01387324
v -0.00080257 -0.00041752 0.01387324
v -0.00075487 -0.00073628 0.01387324
v -0.00068096 -0.00105005 0.01387324
v -0.00058145 -0.00135665 0.01387324
v -0.00045697 -0.00165391 0.01387324
v -0.00030828 -0.00194001 0.01387324
v -0.00013649 -0.00221275 0.01387324
v 0.00005716 -0.00247041 0.01387324
v 0.00027145 -0.00271116 0.01387324
v 0.00050500 -0.00293337 0.01387324
v 0.00075597 -0.00313556 0.01387324
v 0.00102286 -0.00331645 0.01387324
v 0.00130370 -0.00347454 0.01387324
v 0.00159663 -0.00360891 0.01387324
v 0.00189976 -0.00371876 0.01387324
v 0.00221088 -0.00380306 0.01387324
v 0.00252785 -0.00386148 0.01387324
v 0.00284860 -0.00389344 0.01387324
v 0.00317088 -0.00389887 0.01387324
v 0.00349254 -0.00387754 0.01387324
v 0.00381130 -0.00382984 0.01387324
v 0.00412506 -0.00375592 0.01387324
v 0.00443166 -0.00365641 0.01387324
v 0.00472898 -0.00353193 0.01387324
v 0.00501496 -0.00338324 0.01387324
v 0.00528775 -0.00321157 0.01387324
v 0.00554536 -0.00301780 0.01387324
v 0.00578617 -0.00280351 0.01387324
v 0.00600838 -0.00257008 0.01387324
v 0.00621063 -0.00231900 0.01387324
v 0.00639139 -0.00205222 0.01387324
v 0.00654955 -0.00177126 0.01387324
v 0.00668398 -0.00147834 0.01387324
v 0.00679372 -0.00117520 0.01387324
v 0.00687807 -0.00086420 0.01387324
v 0.00693643 -0.00054711 0.01387324
v 0.00696839 -0.00022642 0.01387324
v 0.00697381 0.00009586 0.01387324
v 0.00695261 0.00041757 0.01387324
v 0.00690485 0.00073633 0.01387324
v 0.00683099 0.00105010 0.01387324
v 0.00673142 0.00135670 0.01387324
v 0.00660694 0.00165396 0.01387324
v 0.00645825 0.00193994 0.01387324
v 0.00628652 0.00221267 0.01387324
v 0.00609281 0.00247034 0.01387324
v 0.00587852 0.00271120 0.01387324
v 0.00564503 0.00293342 0.01387324
v 0.00539401 0.00313560 0.01387324
v 0.00512717 0.00331637 0.01387324
v 0.00484627 0.00347458 0.01387324
v 0.00455335 0.00360895 0.01387324
v 0.00425027 0.00371869 0.01387324
v 0.00393916 0.00380311 0.01387324
v 0.00362212 0.00386141 0.01387324
v 0.00330137 0.00389337 0.01387324
v 0.00297909 0.00389879 0.01387324
v 0.00265750 0.00387758 0.01387324
v 0.00233868 0.00382989 0.01387324
v 0.00202491 0.00375597 0.01387324
v 0.00171831 0.00365646 0.01387324
v 0.00142105 0.00353186 0.01387324
v 0.00113508 0.00338329 0.01387324
v 0.00086222 0.00321150 0.01387324
v 0.00060467 0.00301784 0.01387324
v 0.00036381 0.00280356 0.01387324
v 0.00014159 0.00257001 0.01387324
v -0.00006059 0.00231904 0.01387324
v -0.00024137 0.00205215 0.01387324
v -0.00039957 0.00177131 0.01387324
v -0.00053395 0.00147827 0.01387324
v -0.00064368 0.00117525 0.01387324
v -0.00072810 0.00086413 0.01387324
v -0.00078640 0.00054716 0.01387324
v -0.00081848 0.00022635 0.01387324
v -0.00089700 -0.00009765 0.01380005
v -0.00087532 -0.00042535 0.01380005
v -0.00082680 -0.00075011 0.01380005
v -0.00075146 -0.00106979 0.01380005
v -0.00065004 -0.00138207 0.01380005
v -0.00052317 -0.00168504 0.01380005
v -0.00037172 -0.00197638 0.01380005
v -0.00019680 -0.00225426 0.01380005
v 0.00000059 -0.00251674 0.01380005
v 0.00021886 -0.00276206 0.01380005
v 0.00045665 -0.00298851 0.01380005
v 0.00071247 -0.00319448 0.01380005
v 0.00098435 -0.00337868 0.01380005
v 0.00127044 -0.00353973 0.01380005
v 0.00156887 -0.00367671 0.01380005
v 0.00187765 -0.00378848 0.01380005
v 0.00219466 -0.00387445 0.01380005
v 0.00251761 -0.00393395 0.01380005
v 0.00284436 -0.00396653 0.01380005
v 0.00317266 -0.00397196 0.01380005
v 0.00350036 -0.00395040 0.01380005
v 0.00382512 -0.00390176 0.01380005
v 0.00414479 -0.00382654 0.01380005
v 0.00445708 -0.00372512 0.01380005
v 0.00475999 -0.00359825 0.01380005
v 0.00505139 -0.00344680 0.01380005
v 0.00532927 -0.00327177 0.01380005
v 0.00559174 -0.00307449 0.01380005
v 0.00583701 -0.00285610 0.01380005
v 0.00606346 -0.00261831 0.01380005
v 0.00626948 -0.00236261 0.01380005
v 0.00645368 -0.00209073 0.01380005
v 0.00661480 -0.00180452 0.01380005
v 0.00675172 -0.00150610 0.01380005
v 0.00686349 -0.00119731 0.01380005
v 0.00694946 -0.00088042 0.01380005
v 0.00700890 -0.00055741 0.01380005
v 0.00704153 -0.00023066 0.01380005
v 0.00704703 0.00009770 0.01380005
v 0.00702536 0.00042540 0.01380005
v 0.00697677 0.00075016 0.01380005
v 0.00690148 0.00106971 0.01380005
v 0.00680007 0.00138212 0.01380005
v 0.00667320 0.00168497 0.01380005
v 0.00652175 0.00197643 0.01380005
v 0.00634678 0.00225431 0.01380005
v 0.00614944 0.00251678 0.01380005
v 0.00593111 0.00276199 0.01380005
v 0.00569332 0.00298844 0.01380005
v 0.00543756 0.00319452 0.01380005
v 0.00516568 0.00337860 0.01380005
v 0.00487953 0.00353978 0.01380005
v 0.00458104 0.00367664 0.01380005
v 0.00427232 0.00378853 0.01380005
v 0.00395537 0.00387450 0.01380005
v 0.00363242 0.00393388 0.01380005
v 0.00330566 0.00396645 0.01380005
v 0.00297731 0.00397201 0.01380005
v 0.00264961 0.00395033 0.01380005
v 0.00232485 0.00390181 0.01380005
v 0.00200518 0.00382647 0.01380005
v 0.00169289 0.00372505 0.01380005
v 0.00139004 0.00359818 0.01380005
v 0.00109858 0.00344673 0.01380005
v 0.00082070 0.00327182 0.01380005
v 0.00055823 0.00307442 0.01380005
v 0.00031302 0.00285615 0.01380005
v 0.00008657 0.00261824 0.01380005
v -0.00011951 0.00236254 0.01380005
v -0.00030371 0.00209066 0.01380005
v -0.00046476 0.00180457 0.01380005
v -0.00060175 0.00150603 0.01380005
v -0.00071351 0.00119736 0.01380005
v -0.00079949 0.00088035 0.01380005
v -0.00085887 0.00055746 0.01380005
v -0.00089156 0.00023071 0.01380005
v -0.00094363 -0.00022612 0.01049997
v -0.00094886 0.00009803 0.01049997
v -0.00094886 0.00009803 0.00909998
v -0.00092788 0.00042145 0.00909998
v -0.00092788 0.00042145 0.01049997
v -0.00080844 0.00105814 0.01049997
v -0.00080844 0.00105814 0.00909998
v -0.00058836 0.00166737 0.01049997
v -0.00058836 0.00166737 0.00909998
v -0.00027355 0.00223341 0.01049997
v -0.00027355 0.00223341 0.00909998
v 0.00012809 0.00274167 0.01049997
v 0.00012809 0.00274167 0.00909998
v 0.00060612 0.00317885 0.01049997
v 0.00060612 0.00317885 0.00909998
v 0.00114802 0.00353368 0.01049997
v 0.00114802 0.00353368 0.00909998
v 0.00173979 0.00379707 0.01049997
v 0.00173979 0.00379707 0.00909998
v 0.00236614 0.00396213 0.01049997
v 0.00236614 0.00396213 0.00909998
v 0.00301093 0.00402454 0.01049997
v 0.00301093 0.00402454 0.00909998
v 0.00365729 0.00398260 0.01049997
v 0.00365729 0.00398260 0.00909998
v 0.00428863 0.00383772 0.01049997
v 0.00428863 0.00383772 0.00909998
v 0.00488856 0.00359333 0.01049997
v 0.00488856 0.00359333 0.00909998
v 0.00544142 0.00325581 0.01049997
v 0.00544142 0.00325581 0.00909998
v 0.00593310 0.00283409 0.01049997
v 0.00593310 0.00283409 0.00909998
v 0.00635072 0.00233886 0.01049997
v 0.00635072 0.00233886 0.00909998
v 0.00668343 0.00178321 0.01049997
v 0.00668343 0.00178321 0.00909998
v 0.00692277 0.00118122 0.01049997
v 0.00692277 0.00118122 0.00909998
v 0.00706240 0.00054866 0.01049997
v 0.00706240 0.00054866 0.00909998
v 0.00709878 -0.00009798 0.01049997
v 0.00709878 -0.00009798 0.00909998
v 0.00703098 -0.00074219 0.01049997
v 0.00703098 -0.00074219 0.00909998
v 0.00686071 -0.00136722 0.01049997
v 0.00686071 -0.00136722 0.00909998
v 0.00659235 -0.00195679 0.01049997
v 0.00659235 -0.00195679 0.00909998
v 0.00623292 -0.00249567 0.01049997
v 0.00623292 -0.00249567 0.00909998
v 0.00579171 -0.00296983 0.01049997
v 0.00579171 -0.00296983 0.00909998
v 0.00528014 -0.00336720 0.01049997
v 0.00528014 -0.00336720 0.00909998
v 0.00471141 -0.00367736 0.01049997
v 0.00471141 -0.00367736 0.00909998
v 0.00410036 -0.00389222 0.01049997
v 0.00410036 -0.00389222 0.00909998
v 0.00346272 -0.00400623 0.01049997
v 0.00346272 -0.00400623 0.00909998
v 0.00281502 -0.00401661 0.01049997
v 0.00281502 -0.00401661 0.00909998
v 0.00217415 -0.00392288 0.01049997
v 0.00217415 -0.00392288 0.00909998
v 0.00155649 -0.00372762 0.01049997
v 0.00155649 -0.00372762 0.00909998
v 0.00097816 -0.00343569 0.01049997
v 0.00097816 -0.00343569 0.00909998
v 0.00045424 -0.00305487 0.01049997
v 0.00045424 -0.00305487 0.00909998
v -0.00000183 -0.00259490 0.01049997
v -0.00000183 -0.00259490 0.00909998
v -0.00037827 -0.00206774 0.01049997
v -0.00037827 -0.00206774 0.00909998
v -0.00066526 -0.00148703 0.01049997
v -0.00066526 -0.00148703 0.00909998
v -0.00085532 -0.00086776 0.01049997
v -0.00085532 -0.00086776 0.00909998
v -0.00094363 -0.00022612 0.00909998
v 0.00307498 -0.00000004 0.00909998
v 0.00057500 -0.00109995 0.02460005
v 0.00057500 -0.00109995 0.02209999
v 0.00057502 -0.00315451 0.02460005
v 0.00057502 -0.00315451 0.02209999
v 0.00557503 -0.00110001 0.02209999
v 0.00557503 -0.00110001 0.02460005
v 0.00557499 -0.00315445 0.02209999
v 0.00557499 -0.00315445 0.02460005
v 0.00048778 -0.00308335 0.02209999
v -0.00088889 0.00069890 0.02209999
v -0.00094996 0.00000000 0.02209999
v -0.00088886 -0.00069897 0.02209999
v -0.00070732 -0.00137659 0.02209999
v -0.00041081 -0.00201246 0.02209999
v -0.00000831 -0.00258724 0.02209999
v 0.00710000 0.00000004 0.02209999
v 0.00703883 0.00069890 0.02209999
v 0.00557498 0.00110000 0.02209999
v 0.00685729 0.00137663 0.02209999
v 0.00656078 0.00201251 0.02209999
v 0.00057495 0.00110006 0.02209999
v 0.00703886 -0.00069897 0.02209999
v 0.00566225 -0.00308327 0.02209999
v 0.00615836 -0.00258718 0.02209999
v 0.00057504 0.00315450 0.02209999
v 0.00048773 0.00308332 0.02209999
v -0.00000839 0.00258723 0.02209999
v 0.00615834 0.00258716 0.02209999
v 0.00566219 0.00308328 0.02209999
v 0.00557501 0.00315444 0.02209999
v -0.00041077 0.00201255 0.02209999
v -0.00070724 0.00137667 0.02209999
v 0.00656074 -0.00201250 0.02209999
v 0.00685728 -0.00137662 0.02209999
v 0.00445163 0.00378225 0.02209999
v 0.00377392 0.00396390 0.02209999
v 0.00307502 0.00402497 0.02209999
v 0.00108744 0.00350005 0.02209999
v 0.00506263 0.00350006 0.02209999
v 0.00169837 0.00378221 0.02209999
v 0.00237611 0.00396387 0.02209999
v 0.00169834 -0.00378221 0.02209999
v 0.00237605 -0.00396385 0.02209999
v 0.00307500 -0.00402504 0.02209999
v 0.00506260 -0.00350001 0.02209999
v 0.00108740 -0.00350001 0.02209999
v 0.00445166 -0.00378228 0.02209999
v 0.00377392 -0.00396382 0.02209999
v 0.00557498 0.00110000 0.02460005
v 0.00557501 0.00315444 0.02460005
v 0.00344237 0.00349998 0.02439441
v 0.00361627 0.00350002 0.02458753
v 0.00356275 0.00349998 0.02705195
v 0.00332920 0.00350003 0.02547099
v 0.00307500 0.00350000 0.02552499
v 0.00506263 0.00350006 0.02611639
v 0.00369656 0.00350001 0.02483465
v 0.00366942 0.00349995 0.02509310
v 0.00484274 0.00350003 0.02636780
v 0.00353949 0.00349999 0.02531817
v 0.00446392 0.00350005 0.02667870
v 0.00403171 0.00350002 0.02690973
v 0.00282081 0.00349996 0.02547099
v 0.00258731 0.00350002 0.02705195
v 0.00307500 0.00350000 0.02709999
v 0.00108744 0.00350005 0.02611639
v 0.00130721 0.00349997 0.02636780
v 0.00261058 0.00350000 0.02531817
v 0.00168603 0.00349995 0.02667870
v 0.00211830 0.00349997 0.02690973
v 0.00253374 0.00349998 0.02458753
v 0.00270764 0.00350002 0.02439441
v 0.00294507 0.00350004 0.02428867
v 0.00320493 0.00349996 0.02428867
v 0.00248065 0.00350004 0.02509310
v 0.00244999 0.00350001 0.02489998
v 0.00245344 0.00349998 0.02483465
v 0.00057495 0.00110006 0.02460005
v 0.00057504 0.00315450 0.02460005
v 0.00427734 -0.00350001 0.02392187
v 0.00396885 -0.00350005 0.02363374
v 0.00108740 -0.00350001 0.02611639
v 0.00175066 -0.00349994 0.02570536
v 0.00130717 -0.00349997 0.02636780
v 0.00201708 -0.00350006 0.02603283
v 0.00359404 -0.00349996 0.02343955
v 0.00318080 -0.00350006 0.02335360
v 0.00275963 -0.00349995 0.02338245
v 0.00236190 -0.00349997 0.02352383
v 0.00201708 -0.00350006 0.02376725
v 0.00175066 -0.00349994 0.02409460
v 0.00359404 -0.00349996 0.02636053
v 0.00356272 -0.00349997 0.02705195
v 0.00318080 -0.00350006 0.02644636
v 0.00307503 -0.00349995 0.02709999
v 0.00275963 -0.00349995 0.02641763
v 0.00258728 -0.00350005 0.02705195
v 0.00236190 -0.00349997 0.02627625
v 0.00211826 -0.00349997 0.02690973
v 0.00168611 -0.00350000 0.02667870
v 0.00158243 -0.00349998 0.02448179
v 0.00152504 -0.00349998 0.02489998
v 0.00158243 -0.00349998 0.02531817
v 0.00449670 -0.00349995 0.02551748
v 0.00506260 -0.00350001 0.02611639
v 0.00427734 -0.00350001 0.02587821
v 0.00484276 -0.00350004 0.02636780
v 0.00396885 -0.00350005 0.02616634
v 0.00446394 -0.00350002 0.02667870
v 0.00403173 -0.00350005 0.02690973
v 0.00461058 -0.00350004 0.02511110
v 0.00461058 -0.00350004 0.02468898
v 0.00449670 -0.00349995 0.02428248
v 0.00508751 0.00348578 0.02608313
v 0.00515368 0.00110000 0.02598896
v 0.00538467 0.00110004 0.02555670
v 0.00538471 0.00329635 0.02555670
v 0.00484276 0.00110005 0.02636780
v 0.00515348 0.00344688 0.02598920
v 0.00527958 0.00336754 0.02577891
v 0.00552695 0.00109997 0.02508773
v 0.00556283 0.00316413 0.02484669
v 0.00552694 0.00319199 0.02508773
v 0.00546701 0.00323708 0.02532687
v 0.00446394 0.00109995 0.02667870
v 0.00403173 0.00110005 0.02690973
v 0.00356271 0.00110001 0.02705195
v 0.00307502 0.00110002 0.02709999
v 0.00058726 0.00316413 0.02484705
v 0.00062303 0.00109997 0.02508773
v 0.00062302 0.00319199 0.02508773
v 0.00068288 0.00323699 0.02532627
v 0.00076525 0.00110001 0.02555670
v 0.00076528 0.00329631 0.02555670
v 0.00087075 0.00336781 0.02577951
v 0.00099636 0.00110005 0.02598896
v 0.00099633 0.00344669 0.02598896
v 0.00106189 0.00348537 0.02608230
v 0.00130729 0.00110000 0.02636780
v 0.00168610 0.00109998 0.02667870
v 0.00211825 0.00110000 0.02690973
v 0.00258727 0.00110005 0.02705195
v 0.00556278 -0.00316408 0.02484705
v 0.00552694 -0.00110004 0.02508773
v 0.00552696 -0.00319194 0.02508773
v 0.00546716 -0.00323694 0.02532627
v 0.00538472 -0.00109996 0.02555670
v 0.00538468 -0.00329638 0.02555670
v 0.00527922 -0.00336776 0.02577951
v 0.00515367 -0.00110001 0.02598896
v 0.00515370 -0.00344665 0.02598896
v 0.00508814 -0.00348544 0.02608230
v 0.00484275 -0.00109995 0.02636780
v 0.00446393 -0.00110005 0.02667870
v 0.00403172 -0.00109995 0.02690973
v 0.00356270 -0.00110000 0.02705195
v 0.00307501 -0.00109998 0.02709999
v 0.00106246 -0.00348573 0.02608313
v 0.00099629 -0.00109995 0.02598896
v 0.00076530 -0.00110000 0.02555670
v 0.00076526 -0.00329630 0.02555670
v 0.00130722 -0.00110000 0.02636780
v 0.00099655 -0.00344683 0.02598920
v 0.00087039 -0.00336761 0.02577891
v 0.00062308 -0.00110004 0.02508773
v 0.00058715 -0.00316408 0.02484669
v 0.00062309 -0.00319195 0.02508773
v 0.00068301 -0.00323716 0.02532687
v 0.00168603 -0.00110002 0.02667870
v 0.00211830 -0.00110000 0.02690973
v 0.00258726 -0.00109996 0.02705195
v 0.00182503 -0.00109996 0.02489998
v 0.00182498 -0.00249998 0.02489998
v 0.00188051 -0.00110001 0.02453150
v 0.00188058 -0.00250002 0.02453150
v 0.00204218 -0.00110006 0.02419581
v 0.00204225 -0.00249995 0.02419581
v 0.00229560 -0.00109999 0.02392270
v 0.00229567 -0.00250000 0.02392270
v 0.00261834 -0.00110006 0.02373638
v 0.00261835 -0.00249995 0.02373638
v 0.00298159 -0.00110003 0.02365353
v 0.00298159 -0.00250004 0.02365353
v 0.00335313 -0.00109998 0.02368130
v 0.00335313 -0.00250000 0.02368130
v 0.00370003 -0.00109999 0.02381744
v 0.00369997 -0.00250000 0.02381744
v 0.00399133 -0.00109994 0.02404978
v 0.00399134 -0.00249996 0.02404978
v 0.00420120 -0.00109997 0.02435770
v 0.00420121 -0.00249998 0.02435770
v 0.00431103 -0.00110001 0.02471366
v 0.00431103 -0.00250002 0.02471366
v 0.00431103 -0.00110001 0.02508630
v 0.00431103 -0.00250002 0.02508630
v 0.00420120 -0.00109997 0.02544238
v 0.00420121 -0.00249998 0.02544238
v 0.00399133 -0.00109994 0.02575018
v 0.00399134 -0.00249996 0.02575018
v 0.00370003 -0.00109999 0.02598252
v 0.00369997 -0.00250000 0.02598252
v 0.00335313 -0.00109998 0.02611866
v 0.00335313 -0.00250000 0.02611866
v 0.00298159 -0.00110003 0.02614655
v 0.00298159 -0.00250004 0.02614655
v 0.00261834 -0.00110006 0.02606358
v 0.00261835 -0.00249995 0.02606358
v 0.00229560 -0.00109999 0.02587726
v 0.00229567 -0.00250000 0.02587726
v 0.00204218 -0.00110006 0.02560415
v 0.00204225 -0.00249995 0.02560415
v 0.00188051 -0.00110001 0.02526846
v 0.00188058 -0.00250002 0.02526846
v 0.00182505 0.00149997 0.02489998
v 0.00182498 0.00110004 0.02489998
v 0.00188053 0.00150005 0.02453150
v 0.00188058 0.00109999 0.02453150
v 0.00204220 0.00150000 0.02419581
v 0.00204225 0.00109995 0.02419581
v 0.00229562 0.00149995 0.02392270
v 0.00229567 0.00110001 0.02392270
v 0.00261830 0.00150000 0.02373638
v 0.00261835 0.00109995 0.02373638
v 0.00298161 0.00150003 0.02365353
v 0.00298160 0.00109998 0.02365353
v 0.00335314 0.00149996 0.02368130
v 0.00335314 0.00110002 0.02368130
v 0.00369998 0.00149995 0.02381744
v 0.00369998 0.00110002 0.02381744
v 0.00399129 0.00150000 0.02404978
v 0.00399134 0.00109994 0.02404978
v 0.00420122 0.00149997 0.02435770
v 0.00420121 0.00110003 0.02435770
v 0.00431105 0.00150005 0.02471366
v 0.00431104 0.00110000 0.02471366
v 0.00432500 0.00149995 0.02489998
v 0.00432500 0.00110001 0.02489998
v 0.00431105 0.00150005 0.02508630
v 0.00431104 0.00110000 0.02508630
v 0.00420122 0.00149997 0.02544238
v 0.00420121 0.00110003 0.02544238
v 0.00399129 0.00150000 0.02575018
v 0.00399134 0.00109994 0.02575018
v 0.00369998 0.00149995 0.02598252
v 0.00369998 0.00110002 0.02598252
v 0.00335314 0.00149996 0.02611866
v 0.00335314 0.00110002 0.02611866
v 0.00298161 0.00150003 0.02614655
v 0.00298160 0.00109998 0.02614655
v 0.00261830 0.00150000 0.02606358
v 0.00261835 0.00109995 0.02606358
v 0.00229562 0.00149995 0.02587726
v 0.00229567 0.00110001 0.02587726
v 0.00204220 0.00150000 0.02560415
v 0.00204225 0.00109995 0.02560415
v 0.00188053 0.00150005 0.02526846
v 0.00188058 0.00109999 0.02526846
v 0.00340039 0.00150002 0.02416911
v 0.00324135 0.00149996 0.02411749
v 0.00307503 0.00149996 0.02409997
v 0.00290864 0.00149997 0.02411749
v 0.00274960 0.00150002 0.02416911
v 0.00260476 0.00149997 0.02425279
v 0.00248043 0.00150001 0.02436473
v 0.00238212 0.00150005 0.02450003
v 0.00231411 0.00150002 0.02465274
v 0.00248043 0.00150001 0.02543535
v 0.00260476 0.00149997 0.02554717
v 0.00274960 0.00150002 0.02563085
v 0.00227939 0.00150003 0.02481641
v 0.00227939 0.00150003 0.02498366
v 0.00231411 0.00150002 0.02514722
v 0.00238212 0.00150005 0.02530005
v 0.00290864 0.00149997 0.02568247
v 0.00307503 0.00149996 0.02569999
v 0.00324135 0.00149996 0.02568247
v 0.00383583 0.00150003 0.02514722
v 0.00387060 0.00150001 0.02498366
v 0.00387060 0.00150001 0.02481641
v 0.00383583 0.00150003 0.02465274
v 0.00376782 0.00149999 0.02450003
v 0.00366950 0.00150003 0.02436473
v 0.00354524 0.00149995 0.02425279
v 0.00340039 0.00150002 0.02563085
v 0.00354524 0.00149995 0.02554717
v 0.00366950 0.00150003 0.02543535
v 0.00376782 0.00149999 0.02530005
v 0.00294505 0.00167503 0.02551129
v 0.00282078 0.00167496 0.02547099
v 0.00270761 0.00167501 0.02540567
v 0.00261055 0.00167500 0.02531817
v 0.00253377 0.00167497 0.02521255
v 0.00248056 0.00167504 0.02509310
v 0.00245347 0.00167498 0.02496531
v 0.00245347 0.00167498 0.02483465
v 0.00248056 0.00167504 0.02470686
v 0.00253377 0.00167497 0.02458753
v 0.00261055 0.00167500 0.02448179
v 0.00270761 0.00167501 0.02439441
v 0.00282078 0.00167496 0.02432909
v 0.00294505 0.00167503 0.02428867
v 0.00307497 0.00167499 0.02427497
v 0.00320496 0.00167495 0.02428867
v 0.00332923 0.00167503 0.02432909
v 0.00344234 0.00167497 0.02439441
v 0.00353946 0.00167499 0.02448179
v 0.00361624 0.00167501 0.02458753
v 0.00366939 0.00167495 0.02470686
v 0.00369659 0.00167501 0.02483465
v 0.00369659 0.00167501 0.02496531
v 0.00366939 0.00167495 0.02509310
v 0.00361624 0.00167501 0.02521255
v 0.00353946 0.00167499 0.02531817
v 0.00344234 0.00167497 0.02540567
v 0.00332923 0.00167503 0.02547099
v 0.00320496 0.00167495 0.02551129
v 0.00307497 0.00167499 0.02552499
v 0.00275967 -0.00249999 0.02641763
v 0.00236188 -0.00250001 0.02627625
v 0.00201707 -0.00249998 0.02603283
v 0.00175065 -0.00249998 0.02570536
v 0.00158253 -0.00250002 0.02531817
v 0.00152503 -0.00250002 0.02489998
v 0.00158253 -0.00250002 0.02448179
v 0.00175065 -0.00249998 0.02409460
v 0.00201707 -0.00249998 0.02376725
v 0.00236188 -0.00250001 0.02352383
v 0.00275967 -0.00249999 0.02338245
v 0.00318079 -0.00249998 0.02335360
v 0.00359408 -0.00250000 0.02343955
v 0.00396885 -0.00249998 0.02363374
v 0.00427733 -0.00250005 0.02392187
v 0.00449668 -0.00249999 0.02428248
v 0.00461057 -0.00249996 0.02468898
v 0.00461057 -0.00249996 0.02511110
v 0.00449668 -0.00249999 0.02551748
v 0.00427733 -0.00250005 0.02587821
v 0.00396885 -0.00249998 0.02616634
v 0.00359408 -0.00250000 0.02636053
v 0.00318079 -0.00249998 0.02644636
v 0.00533764 -0.00332879 0.02534117
v 0.00081233 0.00332884 0.02534117
v 0.00533733 0.00332898 0.02534165
v 0.00566219 0.00308328 0.02109995
v 0.00508751 0.00348578 0.02109995
v 0.00445163 0.00378225 0.02109995
v 0.00377392 0.00396390 0.02109995
v 0.00307502 0.00402497 0.02109995
v 0.00237611 0.00396387 0.02109995
v 0.00169837 0.00378221 0.02109995
v 0.00106250 0.00348570 0.02109995
v 0.00048778 -0.00308335 0.02109995
v -0.00000831 -0.00258724 0.02109995
v -0.00041081 -0.00201246 0.02109995
v -0.00070732 -0.00137659 0.02109995
v -0.00088886 -0.00069897 0.02109995
v -0.00094996 0.00000000 0.02109995
v -0.00088889 0.00069890 0.02109995
v -0.00070724 0.00137667 0.02109995
v -0.00041077 0.00201255 0.02109995
v -0.00000839 0.00258723 0.02109995
v 0.00048773 0.00308332 0.02109995
v 0.00081270 -0.00332906 0.02534165
v 0.00106246 -0.00348573 0.02109995
v 0.00169834 -0.00378221 0.02109995
v 0.00237605 -0.00396385 0.02109995
v 0.00307500 -0.00402504 0.02109995
v 0.00377392 -0.00396382 0.02109995
v 0.00445166 -0.00378228 0.02109995
v 0.00508753 -0.00348577 0.02109995
v 0.00615834 0.00258716 0.02109995
v 0.00656078 0.00201251 0.02109995
v 0.00685729 0.00137663 0.02109995
v 0.00703883 0.00069890 0.02109995
v 0.00710000 0.00000004 0.02109995
v 0.00703886 -0.00069897 0.02109995
v 0.00685728 -0.00137662 0.02109995
v 0.00656074 -0.00201250 0.02109995
v 0.00615836 -0.00258718 0.02109995
v 0.00566225 -0.00308327 0.02109995
v 0.00507249 -0.00352309 0.02209999
v 0.00528714 -0.00362890 0.02209999
v 0.00574081 -0.00304896 0.02209999
v 0.00595260 -0.00312757 0.02209999
v 0.00629997 -0.00244990 0.02209999
v 0.00650750 -0.00250615 0.02209999
v 0.00672711 -0.00175050 0.02209999
v 0.00693046 -0.00178831 0.02209999
v 0.00700475 -0.00097960 0.02209999
v 0.00720523 -0.00100179 0.02209999
v 0.00712150 -0.00016848 0.02209999
v 0.00732130 -0.00017680 0.02209999
v 0.00707257 0.00064953 0.02209999
v 0.00727420 0.00065510 0.02209999
v 0.00685997 0.00144095 0.02209999
v 0.00706575 0.00146174 0.02209999
v 0.00649243 0.00217332 0.02209999
v 0.00670391 0.00221212 0.02209999
v 0.00598499 0.00281678 0.02209999
v 0.00620259 0.00287764 0.02209999
v 0.00535839 0.00334493 0.02209999
v 0.00558110 0.00343254 0.02209999
v 0.00463834 0.00373606 0.02209999
v 0.00486332 0.00385544 0.02209999
v 0.00385423 0.00397428 0.02209999
v 0.00407680 0.00413026 0.02209999
v 0.00303830 0.00404989 0.02209999
v 0.00325175 0.00424634 0.02209999
v 0.00222381 0.00395959 0.02209999
v 0.00241991 0.00419924 0.02209999
v 0.00144421 0.00370712 0.02209999
v 0.00161327 0.00399073 0.02209999
v 0.00073132 0.00330298 0.02209999
v 0.00086289 0.00362895 0.02209999
v 0.00011445 0.00276359 0.02209999
v 0.00019737 0.00312762 0.02209999
v -0.00038125 0.00211107 0.02209999
v -0.00035753 0.00250608 0.02209999
v -0.00073547 0.00137212 0.02209999
v -0.00078042 0.00178836 0.02209999
v -0.00093370 0.00057692 0.02209999
v -0.00105525 0.00100184 0.02209999
v -0.00097147 0.00016841 0.02209999
v -0.00117133 0.00017673 0.02209999
v -0.00096778 -0.00024182 0.02209999
v -0.00112422 -0.00065505 0.02209999
v -0.00083633 -0.00105062 0.02209999
v -0.00091572 -0.00146169 0.02209999
v -0.00054475 -0.00181646 0.02209999
v -0.00055394 -0.00221219 0.02209999
v -0.00010499 -0.00250793 0.02209999
v -0.00005261 -0.00287759 0.02209999
v 0.00046491 -0.00309671 0.02209999
v 0.00056893 -0.00343249 0.02209999
v 0.00114174 -0.00355883 0.02209999
v 0.00128665 -0.00385539 0.02209999
v 0.00189767 -0.00387510 0.02209999
v 0.00207317 -0.00413021 0.02209999
v 0.00270183 -0.00403278 0.02209999
v 0.00289822 -0.00424629 0.02209999
v 0.00352122 -0.00402536 0.02209999
v 0.00373006 -0.00419919 0.02209999
v 0.00432241 -0.00385314 0.02209999
v 0.00453670 -0.00399068 0.02209999
v 0.00535839 0.00334493 0.00909998
v 0.00558110 0.00343254 0.00909998
v 0.00598499 0.00281678 0.00909998
v 0.00620259 0.00287764 0.00909998
v 0.00649243 0.00217332 0.00909998
v 0.00670391 0.00221212 0.00909998
v 0.00685997 0.00144095 0.00909998
v 0.00706575 0.00146174 0.00909998
v 0.00707257 0.00064953 0.00909998
v 0.00727420 0.00065510 0.00909998
v 0.00712150 -0.00016848 0.00909998
v 0.00732130 -0.00017680 0.00909998
v 0.00700475 -0.00097960 0.00909998
v 0.00720523 -0.00100179 0.00909998
v 0.00672711 -0.00175050 0.00909998
v 0.00693046 -0.00178831 0.00909998
v 0.00629997 -0.00244990 0.00909998
v 0.00650750 -0.00250615 0.00909998
v 0.00574081 -0.00304896 0.00909998
v 0.00595260 -0.00312757 0.00909998
v 0.00507249 -0.00352309 0.00909998
v 0.00528714 -0.00362890 0.00909998
v 0.00432241 -0.00385314 0.00909998
v 0.00453670 -0.00399068 0.00909998
v 0.00352122 -0.00402536 0.00909998
v 0.00373006 -0.00419919 0.00909998
v 0.00270183 -0.00403278 0.00909998
v 0.00289822 -0.00424629 0.00909998
v 0.00189767 -0.00387510 0.00909998
v 0.00207317 -0.00413021 0.00909998
v 0.00114174 -0.00355883 0.00909998
v 0.00128665 -0.00385539 0.00909998
v 0.00046491 -0.00309671 0.00909998
v 0.00056893 -0.00343249 0.00909998
v -0.00010499 -0.00250793 0.00909998
v -0.00005261 -0.00287759 0.00909998
v -0.00054475 -0.00181646 0.00909998
v -0.00055394 -0.00221219 0.00909998
v -0.00083633 -0.00105062 0.00909998
v -0.00091572 -0.00146169 0.00909998
v -0.00096778 -0.00024182 0.00909998
v -0.00112422 -0.00065505 0.00909998
v -0.00097147 0.00016841 0.00909998
v -0.00117133 0.00017673 0.00909998
v -0.00093370 0.00057692 0.00909998
v -0.00105525 0.00100184 0.00909998
v -0.00073547 0.00137212 0.00909998
v -0.00078042 0.00178836 0.00909998
v -0.00038125 0.00211107 0.00909998
v -0.00035753 0.00250608 0.00909998
v 0.00011445 0.00276359 0.00909998
v 0.00019737 0.00312762 0.00909998
v 0.00073132 0.00330298 0.00909998
v 0.00086289 0.00362895 0.00909998
v 0.00144421 0.00370712 0.00909998
v 0.00161327 0.00399073 0.00909998
v 0.00222381 0.00395959 0.00909998
v 0.00241991 0.00419924 0.00909998
v 0.00303830 0.00404989 0.00909998
v 0.00325175 0.00424634 0.00909998
v 0.00385423 0.00397428 0.00909998
v 0.00407680 0.00413026 0.00909998
v 0.00463834 0.00373606 0.00909998
v 0.00486332 0.00385544 0.00909998
f 1 2 3
f 4 5 3
f 3 5 6
f 3 6 1
f 7 8 4
f 4 8 9
f 4 9 5
f 10 11 7
f 7 11 12
f 7 12 8
f 13 14 10
f 10 14 15
f 10 15 11
f 16 17 13
f 13 17 18
f 13 18 14
f 19 20 16
f 16 20 21
f 16 21 17
f 22 23 19
f 19 23 24
f 19 24 20
f 25 26 22
f 22 26 27
f 22 27 23
f 28 29 25
f 25 29 30
f 25 30 26
f 31 32 28
f 28 32 33
f 28 33 29
f 34 35 31
f 31 35 36
f 31 36 32
f 37 38 34
f 34 38 39
f 34 39 35
f 1 40 2
f 2 40 41
f 2 41 37
f 37 41 42
f 37 42 38
f 43 44 45
f 45 44 46
f 47 48 49
f 49 48 50
f 46 49 45
f 45 49 50
f 45 50 51
f 51 50 52
f 51 52 53
f 53 52 54
f 55 56 57
f 57 58 55
f 55 58 59
f 55 59 60
f 61 62 63
f 63 62 60
f 63 60 64
f 64 60 59
f 64 59 65
f 65 59 66
f 67 68 69
f 69 68 70
f 68 71 70
f 70 71 72
f 70 72 73
f 72 74 73
f 73 74 75
f 73 75 76
f 76 75 77
f 76 77 78
f 78 77 79
f 79 77 80
f 79 80 81
f 81 80 82
f 82 80 83
f 82 83 84
f 84 83 85
f 85 83 86
f 85 86 87
f 87 86 88
f 87 88 89
f 89 88 90
f 90 88 91
f 90 91 92
f 92 91 93
f 93 91 94
f 93 94 95
f 95 94 96
f 95 96 69
f 69 96 97
f 69 97 67
f 73 54 70
f 70 54 52
f 70 52 98
f 99 58 69
f 69 58 57
f 69 57 95
f 100 101 102
f 103 104 105
f 105 104 106
f 107 108 106
f 106 108 109
f 106 109 105
f 102 110 100
f 100 110 111
f 100 111 107
f 107 111 112
f 107 112 108
f 101 113 102
f 102 113 114
f 102 114 115
f 116 117 118
f 103 119 104
f 104 119 120
f 104 120 118
f 118 120 121
f 118 121 116
f 116 122 117
f 117 122 123
f 117 123 124
f 124 123 125
f 124 125 126
f 126 125 115
f 126 115 127
f 127 115 114
f 125 61 115
f 115 61 63
f 115 63 128
f 129 46 102
f 102 46 44
f 102 44 110
f 130 131 132
f 132 131 133
f 134 135 136
f 136 135 137
f 44 43 138
f 44 138 139
f 139 138 140
f 139 140 141
f 141 140 142
f 141 142 143
f 143 142 144
f 143 144 145
f 145 144 146
f 145 146 147
f 147 146 148
f 147 148 149
f 149 148 150
f 149 150 151
f 151 150 152
f 151 152 153
f 153 152 154
f 153 154 155
f 155 154 156
f 155 156 157
f 157 156 158
f 157 158 159
f 159 158 160
f 159 160 161
f 161 160 62
f 161 62 61
f 162 163 164
f 165 166 167
f 168 169 162
f 170 171 172
f 172 171 173
f 172 173 174
f 174 173 175
f 174 175 176
f 168 162 177
f 177 162 164
f 177 164 178
f 178 164 179
f 178 179 170
f 170 179 180
f 170 180 171
f 169 181 162
f 162 181 182
f 162 182 167
f 167 182 183
f 175 184 176
f 176 184 185
f 176 185 186
f 186 185 187
f 186 187 188
f 183 189 167
f 167 189 190
f 167 190 165
f 165 190 191
f 165 191 192
f 192 191 193
f 192 193 194
f 194 193 195
f 194 195 196
f 196 195 188
f 196 188 197
f 197 188 187
f 65 66 198
f 65 198 199
f 199 198 200
f 199 200 201
f 201 200 202
f 201 202 203
f 203 202 204
f 203 204 205
f 205 204 206
f 205 206 207
f 207 206 208
f 207 208 209
f 209 208 210
f 209 210 211
f 211 210 212
f 211 212 213
f 213 212 214
f 213 214 215
f 215 214 216
f 215 216 217
f 217 216 218
f 217 218 219
f 219 218 220
f 219 220 221
f 221 220 48
f 221 48 47
f 53 54 222
f 53 222 223
f 223 222 224
f 223 224 225
f 225 224 226
f 225 226 227
f 227 226 228
f 227 228 229
f 229 228 230
f 229 230 231
f 231 230 232
f 231 232 233
f 233 232 234
f 233 234 235
f 235 234 236
f 235 236 237
f 237 236 238
f 237 238 239
f 239 238 240
f 239 240 241
f 241 240 242
f 241 242 243
f 243 242 244
f 243 244 245
f 245 244 57
f 245 57 56
f 246 247 248
f 249 250 251
f 252 253 246
f 246 253 254
f 246 254 251
f 251 254 255
f 251 255 256
f 256 257 251
f 251 257 258
f 251 258 249
f 249 258 259
f 249 259 260
f 260 259 261
f 260 261 262
f 262 261 263
f 262 263 264
f 264 263 265
f 252 246 266
f 266 246 248
f 266 248 267
f 267 248 268
f 267 268 269
f 270 271 272
f 272 271 273
f 272 273 265
f 265 273 274
f 265 274 264
f 268 275 269
f 269 275 276
f 269 276 277
f 277 276 278
f 277 278 279
f 279 278 280
f 279 280 270
f 270 280 281
f 270 281 271
f 182 255 183
f 183 255 254
f 183 254 189
f 189 254 253
f 189 253 190
f 190 253 252
f 190 252 191
f 191 252 266
f 191 266 193
f 193 266 267
f 193 267 195
f 195 267 269
f 195 269 188
f 188 269 277
f 188 277 186
f 186 277 279
f 186 279 176
f 176 279 270
f 176 270 174
f 174 270 272
f 174 272 172
f 172 272 265
f 172 265 170
f 170 265 263
f 170 263 178
f 178 263 261
f 178 261 177
f 177 261 259
f 177 259 168
f 168 259 258
f 168 258 169
f 169 258 257
f 169 257 181
f 181 257 256
f 181 256 182
f 182 256 255
f 43 45 132
f 282 158 156
f 283 284 134
f 134 284 285
f 133 286 287
f 287 286 288
f 133 287 132
f 132 287 289
f 132 289 43
f 43 289 290
f 43 290 138
f 138 290 291
f 138 291 140
f 140 291 142
f 142 291 292
f 142 292 144
f 144 292 146
f 146 292 293
f 146 293 148
f 282 156 294
f 156 154 294
f 294 154 152
f 294 152 293
f 293 152 150
f 293 150 148
f 158 282 160
f 160 282 283
f 160 283 62
f 62 283 134
f 62 134 60
f 286 295 288
f 288 295 296
f 288 296 285
f 285 296 135
f 285 135 134
f 130 51 53
f 56 55 136
f 297 19 16
f 34 229 37
f 37 229 231
f 37 231 2
f 231 233 2
f 2 233 235
f 2 235 3
f 31 225 34
f 34 225 227
f 34 227 229
f 297 298 19
f 19 298 299
f 19 299 22
f 22 299 131
f 22 131 25
f 25 131 130
f 25 130 28
f 28 130 53
f 28 53 31
f 31 53 223
f 31 223 225
f 4 243 7
f 7 243 245
f 7 245 10
f 10 245 56
f 10 56 13
f 13 56 136
f 13 136 16
f 16 136 137
f 16 137 297
f 235 237 3
f 3 237 239
f 3 239 4
f 4 239 241
f 4 241 243
f 137 135 297
f 297 135 296
f 297 296 298
f 298 296 295
f 298 295 299
f 299 295 286
f 299 286 131
f 131 286 133
f 110 44 139
f 110 139 111
f 111 139 141
f 111 141 112
f 112 141 143
f 112 143 108
f 108 143 145
f 108 145 109
f 109 145 147
f 109 147 105
f 105 147 149
f 105 149 103
f 103 149 151
f 103 151 119
f 119 151 153
f 119 153 120
f 120 153 155
f 120 155 121
f 121 155 157
f 121 157 116
f 116 157 159
f 116 159 122
f 122 159 161
f 122 161 123
f 123 161 61
f 123 61 125
f 95 57 244
f 95 244 93
f 93 244 242
f 93 242 92
f 92 242 240
f 92 240 90
f 90 240 238
f 90 238 89
f 89 238 236
f 89 236 87
f 87 236 234
f 87 234 85
f 85 234 232
f 85 232 84
f 84 232 230
f 84 230 82
f 82 230 228
f 82 228 81
f 81 228 226
f 81 226 79
f 79 226 224
f 79 224 78
f 78 224 222
f 78 222 76
f 76 222 54
f 76 54 73
f 132 45 130
f 130 45 51
f 60 134 55
f 55 134 136
f 293 300 294
f 294 300 301
f 294 301 282
f 282 301 302
f 282 302 283
f 283 302 303
f 283 303 284
f 284 303 304
f 284 304 285
f 285 304 305
f 285 305 288
f 288 305 306
f 288 306 287
f 287 306 307
f 287 307 289
f 289 307 308
f 289 308 290
f 290 308 309
f 290 309 291
f 291 309 310
f 291 310 292
f 292 310 311
f 292 311 293
f 293 311 300
f 301 118 302
f 302 118 117
f 302 117 303
f 303 117 124
f 303 124 304
f 304 124 126
f 304 126 305
f 305 126 127
f 305 127 306
f 306 127 114
f 306 114 307
f 307 114 113
f 307 113 308
f 308 113 101
f 308 101 309
f 309 101 100
f 309 100 310
f 310 100 107
f 310 107 311
f 311 107 106
f 311 106 300
f 300 106 104
f 300 104 301
f 301 104 118
f 312 246 313
f 313 246 251
f 314 162 315
f 315 162 167
f 315 167 166
f 166 59 315
f 315 59 58
f 315 58 99
f 314 98 52
f 52 50 314
f 314 50 163
f 314 163 162
f 312 128 63
f 63 64 312
f 312 64 247
f 312 247 246
f 313 251 250
f 250 49 313
f 313 49 46
f 313 46 129
f 69 70 98
f 69 98 99
f 99 98 314
f 99 314 315
f 102 115 128
f 102 128 129
f 129 128 312
f 129 312 313
f 48 164 50
f 50 164 163
f 164 48 220
f 164 220 179
f 179 220 218
f 179 218 180
f 180 218 216
f 180 216 171
f 171 216 214
f 171 214 173
f 173 214 212
f 173 212 175
f 175 212 210
f 175 210 184
f 184 210 208
f 184 208 185
f 185 208 206
f 185 206 187
f 187 206 204
f 187 204 197
f 197 204 202
f 197 202 196
f 196 202 200
f 196 200 194
f 194 200 198
f 194 198 192
f 192 198 66
f 192 66 165
f 165 66 166
f 166 66 59
f 249 47 250
f 250 47 49
f 248 65 199
f 248 199 268
f 268 199 201
f 268 201 275
f 275 201 203
f 275 203 276
f 276 203 205
f 276 205 278
f 278 205 207
f 278 207 280
f 280 207 209
f 280 209 281
f 281 209 211
f 281 211 271
f 271 211 213
f 271 213 273
f 273 213 215
f 273 215 274
f 274 215 217
f 274 217 264
f 264 217 219
f 264 219 262
f 262 219 221
f 262 221 260
f 260 221 47
f 260 47 249
f 65 248 64
f 64 248 247
f 72 71 27
f 27 26 72
f 72 26 30
f 72 30 74
f 30 29 74
f 74 29 33
f 74 33 75
f 33 32 75
f 75 32 36
f 75 36 77
f 36 35 77
f 77 35 39
f 77 39 80
f 39 38 80
f 80 38 42
f 80 42 83
f 42 41 83
f 83 41 40
f 83 40 86
f 86 40 1
f 86 1 88
f 1 6 88
f 88 6 5
f 88 5 91
f 5 9 91
f 91 9 8
f 91 8 94
f 8 12 94
f 94 12 11
f 94 11 96
f 11 15 96
f 96 15 14
f 96 14 97
f 14 18 97
f 97 18 17
f 97 17 67
f 17 21 67
f 67 21 20
f 67 20 68
f 68 20 24
f 68 24 71
f 71 24 23
f 71 23 27
f 316 317 318
f 318 317 319
f 318 319 320
f 320 319 321
f 320 321 322
f 322 321 323
f 322 323 324
f 324 323 325
f 325 323 326
f 325 326 327
f 327 326 328
f 327 328 329
f 329 328 330
f 329 330 331
f 331 330 332
f 331 332 333
f 333 332 334
f 333 334 335
f 335 334 336
f 335 336 337
f 337 336 338
f 337 338 339
f 339 338 340
f 339 340 341
f 341 340 342
f 341 342 343
f 343 342 344
f 343 344 345
f 345 344 346
f 345 346 347
f 347 346 348
f 347 348 349
f 349 348 350
f 349 350 351
f 351 350 352
f 351 352 353
f 353 352 354
f 353 354 355
f 355 354 356
f 355 356 357
f 357 356 358
f 357 358 359
f 359 358 360
f 359 360 361
f 361 360 362
f 361 362 363
f 363 362 364
f 363 364 365
f 365 364 366
f 365 366 316
f 316 366 367
f 316 367 317
f 368 369 370
f 370 369 371
f 370 371 372
f 372 371 373
f 372 373 374
f 374 373 375
f 374 375 376
f 376 375 377
f 377 375 378
f 377 378 379
f 379 378 380
f 379 380 381
f 381 380 382
f 381 382 383
f 383 382 384
f 383 384 385
f 385 384 386
f 385 386 387
f 387 386 388
f 387 388 389
f 389 388 390
f 389 390 391
f 391 390 392
f 391 392 393
f 393 392 394
f 393 394 395
f 395 394 396
f 395 396 397
f 397 396 398
f 397 398 399
f 399 398 400
f 399 400 401
f 401 400 402
f 401 402 403
f 403 402 404
f 403 404 405
f 405 404 406
f 405 406 407
f 407 406 408
f 407 408 409
f 409 408 410
f 409 410 411
f 411 410 412
f 411 412 413
f 413 412 414
f 413 414 415
f 415 414 416
f 415 416 417
f 417 416 418
f 417 418 368
f 368 418 419
f 368 419 369
f 420 421 373
f 373 421 422
f 423 424 425
f 426 427 428
f 428 427 425
f 428 425 429
f 429 425 424
f 429 424 430
f 373 371 420
f 420 371 369
f 420 369 431
f 431 369 419
f 431 419 432
f 432 419 418
f 432 418 433
f 433 418 416
f 433 416 434
f 434 416 414
f 434 414 435
f 435 414 412
f 435 412 436
f 436 412 410
f 436 410 437
f 437 410 408
f 437 408 438
f 438 408 406
f 438 406 439
f 440 441 442
f 442 441 443
f 444 445 404
f 446 404 447
f 447 404 445
f 447 445 448
f 439 406 449
f 449 406 404
f 449 404 450
f 450 404 446
f 450 446 451
f 446 452 451
f 451 452 453
f 451 453 454
f 454 453 455
f 454 455 456
f 456 455 457
f 456 457 458
f 458 457 459
f 458 459 460
f 460 459 461
f 460 461 462
f 462 461 463
f 462 463 464
f 464 463 465
f 464 465 466
f 466 465 467
f 466 467 468
f 468 467 469
f 468 469 470
f 470 469 422
f 471 472 400
f 400 472 473
f 474 475 476
f 477 478 479
f 479 478 476
f 479 476 480
f 480 476 475
f 480 475 481
f 400 398 471
f 471 398 396
f 471 396 482
f 482 396 394
f 482 394 483
f 483 394 392
f 483 392 484
f 484 392 390
f 484 390 485
f 485 390 388
f 485 388 486
f 486 388 386
f 486 386 487
f 487 386 384
f 487 384 488
f 488 384 382
f 488 382 489
f 489 382 380
f 489 380 490
f 491 492 493
f 493 492 494
f 495 496 378
f 497 378 498
f 498 378 496
f 498 496 499
f 490 380 500
f 500 380 378
f 500 378 501
f 501 378 497
f 501 497 502
f 497 503 502
f 502 503 504
f 502 504 505
f 505 504 506
f 505 506 507
f 507 506 508
f 507 508 509
f 509 508 510
f 509 510 511
f 511 510 512
f 511 512 513
f 513 512 514
f 513 514 515
f 515 514 516
f 515 516 517
f 517 516 518
f 517 518 519
f 519 518 520
f 519 520 521
f 521 520 473
f 522 523 425
f 425 523 524
f 525 526 527
f 527 526 425
f 527 425 528
f 529 528 530
f 530 528 425
f 530 425 531
f 531 425 524
f 531 524 532
f 328 326 533
f 534 535 536
f 536 535 537
f 536 537 538
f 538 537 539
f 538 539 540
f 540 539 541
f 540 541 542
f 542 541 543
f 542 543 544
f 544 543 545
f 544 545 546
f 546 545 547
f 546 547 548
f 548 547 549
f 548 549 550
f 550 549 525
f 550 525 551
f 551 525 527
f 552 553 348
f 348 553 554
f 555 348 556
f 556 348 554
f 556 554 534
f 534 554 557
f 534 557 535
f 558 559 560
f 560 559 442
f 560 442 561
f 348 346 552
f 552 346 344
f 552 344 562
f 562 344 342
f 562 342 563
f 563 342 340
f 563 340 564
f 564 340 338
f 564 338 565
f 565 338 336
f 565 336 566
f 566 336 334
f 566 334 567
f 567 334 332
f 567 332 568
f 568 332 330
f 568 330 569
f 569 330 328
f 569 328 570
f 570 328 533
f 555 571 572
f 572 571 573
f 572 573 574
f 574 573 575
f 574 575 576
f 576 575 577
f 576 577 578
f 578 577 579
f 578 579 580
f 580 579 581
f 580 581 582
f 582 581 583
f 582 583 584
f 584 583 585
f 584 585 586
f 586 585 587
f 586 587 588
f 588 587 529
f 588 529 589
f 589 529 530
f 560 590 558
f 558 590 591
f 558 591 592
f 592 591 593
f 592 593 594
f 594 593 595
f 594 595 596
f 596 595 597
f 596 597 598
f 598 597 599
f 598 599 600
f 600 599 601
f 600 601 602
f 602 601 603
f 602 603 604
f 604 603 605
f 604 605 606
f 606 605 532
f 606 532 607
f 607 532 524
f 608 609 610
f 610 609 611
f 610 611 612
f 612 611 613
f 612 613 614
f 614 613 615
f 614 615 616
f 616 615 617
f 616 617 618
f 618 617 619
f 618 619 620
f 620 619 621
f 620 621 622
f 622 621 623
f 622 623 624
f 624 623 625
f 624 625 626
f 626 625 522
f 626 522 627
f 627 522 425
f 627 425 628
f 628 425 427
f 443 629 630
f 630 629 631
f 630 631 632
f 632 631 633
f 632 633 634
f 634 633 635
f 634 635 636
f 636 635 637
f 636 637 638
f 638 637 639
f 638 639 640
f 640 639 641
f 640 641 642
f 642 641 643
f 642 643 644
f 644 643 645
f 644 645 646
f 646 645 426
f 646 426 647
f 647 426 428
f 559 608 442
f 442 608 610
f 442 610 440
f 440 610 612
f 440 612 648
f 648 612 614
f 648 614 649
f 649 614 616
f 649 616 650
f 650 616 618
f 650 618 651
f 651 618 620
f 651 620 652
f 652 620 622
f 652 622 653
f 653 622 624
f 653 624 654
f 654 624 626
f 654 626 655
f 655 626 627
f 655 627 656
f 656 627 628
f 445 657 448
f 448 657 658
f 448 658 659
f 659 658 660
f 659 660 661
f 661 660 662
f 661 662 663
f 663 662 664
f 663 664 665
f 665 664 666
f 665 666 667
f 667 666 668
f 667 668 669
f 669 668 670
f 669 670 671
f 671 670 672
f 671 672 673
f 673 672 430
f 673 430 674
f 674 430 424
f 496 675 499
f 499 675 676
f 499 676 677
f 677 676 678
f 677 678 679
f 679 678 680
f 679 680 681
f 681 680 682
f 681 682 683
f 683 682 684
f 683 684 685
f 685 684 686
f 685 686 687
f 687 686 688
f 687 688 689
f 689 688 690
f 689 690 691
f 691 690 481
f 691 481 692
f 692 481 475
f 494 693 694
f 694 693 695
f 694 695 696
f 696 695 697
f 696 697 698
f 698 697 699
f 698 699 700
f 700 699 701
f 700 701 702
f 702 701 703
f 702 703 704
f 704 703 705
f 704 705 706
f 706 705 707
f 706 707 708
f 708 707 709
f 708 709 710
f 710 709 477
f 710 477 711
f 711 477 479
f 712 713 476
f 476 713 714
f 715 716 352
f 717 352 718
f 718 352 716
f 718 716 719
f 720 721 717
f 717 721 352
f 352 721 722
f 352 722 354
f 723 724 725
f 725 724 726
f 725 726 727
f 727 726 728
f 727 728 729
f 729 728 730
f 729 730 731
f 731 730 732
f 731 732 733
f 733 732 734
f 733 734 735
f 735 734 736
f 735 736 737
f 737 736 738
f 737 738 739
f 739 738 740
f 739 740 741
f 741 740 712
f 741 712 742
f 742 712 476
f 742 476 743
f 743 476 478
f 744 745 321
f 321 745 746
f 747 748 493
f 749 750 751
f 751 750 493
f 751 493 752
f 752 493 748
f 752 748 753
f 750 723 493
f 493 723 725
f 493 725 491
f 491 725 727
f 491 727 754
f 754 727 729
f 754 729 755
f 755 729 731
f 755 731 756
f 756 731 733
f 756 733 757
f 757 733 735
f 757 735 758
f 758 735 737
f 758 737 759
f 759 737 739
f 759 739 760
f 760 739 741
f 760 741 761
f 761 741 742
f 761 742 762
f 762 742 743
f 751 763 749
f 749 763 764
f 749 764 765
f 765 764 766
f 765 766 767
f 767 766 768
f 767 768 769
f 769 768 770
f 769 770 771
f 771 770 772
f 771 772 773
f 773 772 774
f 773 774 775
f 775 774 776
f 775 776 777
f 777 776 778
f 777 778 779
f 779 778 780
f 779 780 781
f 781 780 714
f 748 782 753
f 753 782 783
f 753 783 784
f 784 783 785
f 784 785 786
f 786 785 787
f 786 787 788
f 788 787 789
f 788 789 790
f 790 789 791
f 790 791 792
f 792 791 793
f 792 793 794
f 794 793 795
f 794 795 796
f 796 795 797
f 796 797 798
f 798 797 719
f 798 719 799
f 799 719 716
f 746 800 801
f 801 800 802
f 801 802 803
f 803 802 804
f 803 804 805
f 805 804 806
f 805 806 807
f 807 806 808
f 807 808 809
f 809 808 810
f 809 810 811
f 811 810 812
f 811 812 813
f 813 812 814
f 813 814 815
f 815 814 816
f 815 816 817
f 817 816 720
f 817 720 818
f 818 720 717
f 321 319 744
f 744 319 317
f 744 317 819
f 819 317 367
f 819 367 820
f 820 367 366
f 820 366 821
f 821 366 364
f 821 364 822
f 822 364 362
f 822 362 823
f 823 362 360
f 823 360 824
f 824 360 358
f 824 358 825
f 825 358 356
f 825 356 826
f 826 356 354
f 826 354 827
f 827 354 722
f 469 423 422
f 422 423 425
f 422 425 373
f 373 425 828
f 373 828 375
f 375 828 493
f 375 493 378
f 378 493 494
f 378 494 495
f 495 494 694
f 801 747 746
f 746 747 493
f 746 493 321
f 321 493 828
f 321 828 323
f 323 828 425
f 323 425 326
f 326 425 526
f 326 526 533
f 520 474 473
f 473 474 476
f 473 476 400
f 400 476 829
f 400 829 402
f 402 829 442
f 402 442 404
f 404 442 443
f 404 443 444
f 444 443 630
f 780 715 714
f 714 715 352
f 714 352 476
f 476 352 350
f 476 350 829
f 829 350 348
f 829 348 442
f 442 348 555
f 442 555 561
f 561 555 572
f 830 831 832
f 833 834 835
f 836 837 374
f 838 403 839
f 839 403 405
f 839 405 840
f 840 405 407
f 840 407 841
f 841 407 409
f 841 409 842
f 842 409 411
f 842 411 843
f 843 411 413
f 843 413 844
f 844 413 415
f 844 415 845
f 845 415 417
f 845 417 846
f 846 417 368
f 846 368 847
f 847 368 370
f 847 370 848
f 848 370 372
f 848 372 849
f 849 372 374
f 849 374 850
f 851 835 852
f 852 835 853
f 852 853 854
f 854 853 855
f 854 855 856
f 856 855 857
f 856 857 858
f 858 857 859
f 858 859 860
f 860 859 861
f 860 861 862
f 862 861 863
f 862 863 864
f 864 863 865
f 864 865 866
f 866 865 867
f 866 867 868
f 868 867 869
f 868 869 870
f 870 869 871
f 870 871 872
f 872 871 873
f 872 873 874
f 875 876 399
f 877 878 879
f 879 878 880
f 879 880 881
f 881 880 882
f 881 882 883
f 883 882 884
f 883 884 885
f 885 884 886
f 885 886 887
f 887 886 888
f 887 888 889
f 889 888 890
f 889 890 891
f 891 890 892
f 891 892 893
f 893 892 894
f 893 894 895
f 895 894 896
f 895 896 897
f 897 896 898
f 897 898 899
f 899 898 900
f 899 900 876
f 876 900 901
f 876 901 399
f 399 901 902
f 399 902 397
f 397 902 903
f 397 903 395
f 395 903 904
f 395 904 393
f 393 904 905
f 393 905 391
f 391 905 906
f 391 906 389
f 389 906 907
f 389 907 387
f 387 907 908
f 387 908 385
f 385 908 909
f 385 909 383
f 383 909 910
f 383 910 381
f 381 910 911
f 381 911 379
f 379 911 912
f 379 912 377
f 377 912 913
f 914 915 347
f 916 917 325
f 917 916 918
f 918 916 919
f 918 919 920
f 920 919 921
f 920 921 922
f 922 921 923
f 922 923 924
f 924 923 925
f 924 925 926
f 926 925 927
f 926 927 928
f 928 927 929
f 928 929 930
f 930 929 931
f 930 931 932
f 932 931 933
f 932 933 934
f 934 933 935
f 934 935 936
f 936 935 937
f 936 937 915
f 915 937 938
f 915 938 347
f 347 938 939
f 347 939 345
f 345 939 940
f 345 940 343
f 343 940 941
f 343 941 341
f 341 941 942
f 341 942 339
f 339 942 943
f 339 943 337
f 337 943 944
f 337 944 335
f 335 944 945
f 335 945 333
f 333 945 946
f 333 946 331
f 331 946 947
f 331 947 329
f 329 947 948
f 329 948 327
f 327 948 949
f 327 949 325
f 325 949 950
f 325 950 916
f 951 952 953
f 953 952 954
f 953 954 955
f 955 954 956
f 955 956 957
f 957 956 958
f 957 958 959
f 959 958 960
f 959 960 961
f 961 960 962
f 961 962 963
f 963 962 964
f 963 964 965
f 965 964 966
f 965 966 967
f 967 966 968
f 967 968 969
f 969 968 970
f 969 970 971
f 971 970 972
f 971 972 973
f 973 972 974
f 973 974 975
f 976 835 977
f 977 835 978
f 977 978 979
f 979 978 980
f 979 980 981
f 981 980 982
f 981 982 983
f 983 982 984
f 983 984 985
f 985 984 986
f 985 986 987
f 987 986 988
f 987 988 989
f 989 988 990
f 989 990 991
f 991 990 992
f 991 992 993
f 993 992 994
f 993 994 995
f 995 994 996
f 995 996 997
f 997 996 952
f 997 952 998
f 998 952 951
f 998 951 999
f 999 951 1000
f 999 1000 1001
f 1001 1000 1002
f 1001 1002 1003
f 1003 1002 1004
f 1003 1004 1005
f 1005 1004 1006
f 1005 1006 1007
f 1007 1006 1008
f 1007 1008 1009
f 1009 1008 1010
f 1009 1010 1011
f 1011 1010 1012
f 1011 1012 1013
f 1013 1012 1014
f 1013 1014 1015
f 1015 1014 1016
f 1015 1016 1017
f 1017 1016 1018
f 1017 1018 1019
f 1019 1018 1020
f 1019 1020 347
f 347 1020 975
f 347 975 914
f 914 975 974
f 832 831 1021
f 1021 831 1022
f 1021 1022 1023
f 1023 1022 1024
f 1023 1024 1025
f 1025 1024 1026
f 1025 1026 1027
f 1027 1026 1028
f 1027 1028 1029
f 1029 1028 1030
f 1029 1030 1031
f 1031 1030 1032
f 1031 1032 1033
f 1033 1032 1034
f 1033 1034 1035
f 1035 1034 1036
f 1035 1036 1037
f 1037 1036 1038
f 1037 1038 1039
f 835 834 978
f 978 834 1040
f 978 1040 980
f 980 1040 1041
f 980 1041 982
f 982 1041 1042
f 982 1042 984
f 984 1042 1043
f 984 1043 986
f 986 1043 1044
f 986 1044 988
f 988 1044 1045
f 988 1045 990
f 990 1045 1046
f 990 1046 992
f 992 1046 1047
f 992 1047 994
f 994 1047 1048
f 994 1048 996
f 996 1048 1049
f 996 1049 952
f 952 1049 1050
f 952 1050 1039
f 832 833 830
f 830 833 835
f 830 835 1051
f 1051 835 851
f 1051 851 1052
f 1052 851 1053
f 1052 1053 1054
f 1054 1053 1055
f 1054 1055 1056
f 1056 1055 1057
f 1056 1057 1058
f 1058 1057 1059
f 1058 1059 1060
f 1060 1059 1061
f 1060 1061 1062
f 1062 1061 1063
f 1062 1063 1064
f 1064 1063 1065
f 1064 1065 1066
f 1066 1065 1067
f 1066 1067 1068
f 1068 1067 1069
f 1068 1069 1070
f 1070 1069 1071
f 1070 1071 837
f 837 1071 1072
f 837 1072 374
f 374 1072 874
f 374 874 850
f 850 874 873
f 1073 878 1074
f 1074 878 877
f 1074 877 1075
f 1075 877 1076
f 1075 1076 1077
f 1077 1076 1078
f 1077 1078 1079
f 1079 1078 1080
f 1079 1080 1081
f 1081 1080 1082
f 1081 1082 1083
f 1083 1082 1084
f 1083 1084 1085
f 1085 1084 1086
f 1085 1086 1087
f 1087 1086 1088
f 1087 1088 1089
f 1089 1088 1090
f 1089 1090 1091
f 1091 1090 1092
f 1091 1092 1093
f 1093 1092 1094
f 1093 1094 1095
f 1096 878 1097
f 1097 878 1073
f 1097 1073 1098
f 1098 1073 1099
f 1098 1099 1100
f 1100 1099 1101
f 1100 1101 1102
f 1102 1101 1103
f 1102 1103 1104
f 1104 1103 1105
f 1104 1105 1106
f 1106 1105 1107
f 1106 1107 1108
f 1108 1107 1109
f 1108 1109 1110
f 1110 1109 1111
f 1110 1111 1112
f 1112 1111 1113
f 1112 1113 1114
f 1114 1113 1115
f 1114 1115 1116
f 1116 1115 1117
f 1116 1117 1118
f 1118 1117 1119
f 1118 1119 399
f 399 1119 1095
f 399 1095 875
f 875 1095 1094
f 1120 1121 1122
f 1122 1121 1123
f 1122 1123 1124
f 1124 1123 1125
f 1124 1125 1126
f 1126 1125 1127
f 1126 1127 1128
f 1128 1127 1129
f 1128 1129 1130
f 1130 1129 1131
f 1130 1131 1132
f 1132 1131 1133
f 1132 1133 1134
f 1134 1133 1135
f 1134 1135 1136
f 1136 1135 1137
f 1136 1137 1138
f 1138 1137 1139
f 1138 1139 1140
f 1140 1139 1141
f 1140 1141 1096
f 1096 1141 878
f 878 1141 1142
f 878 1142 1143
f 1143 1144 1145
f 1146 1147 322
f 1148 1149 1121
f 1145 1144 1150
f 1150 1144 1151
f 1150 1151 1152
f 1152 1151 1153
f 1152 1153 1154
f 1154 1153 1155
f 1154 1155 1156
f 1156 1155 1157
f 1156 1157 1158
f 1158 1157 1159
f 1158 1159 1160
f 1160 1159 1161
f 1160 1161 1162
f 1162 1161 1163
f 1162 1163 1164
f 1164 1163 1165
f 1164 1165 1166
f 1166 1165 1167
f 1166 1167 1149
f 1149 1167 1168
f 1149 1168 1121
f 1121 1168 1169
f 1121 1169 1123
f 1123 1169 1170
f 1123 1170 1125
f 1125 1170 1171
f 1125 1171 1127
f 1127 1171 1172
f 1127 1172 1129
f 1129 1172 1173
f 1129 1173 1131
f 1131 1173 1174
f 1131 1174 1133
f 1133 1174 1175
f 1133 1175 1135
f 1135 1175 1176
f 1135 1176 1137
f 1137 1176 1177
f 1137 1177 1139
f 1139 1177 1178
f 1139 1178 1141
f 1141 1178 1179
f 1141 1179 1142
f 1180 322 1181
f 1181 322 1147
f 1181 1147 1182
f 1182 1147 1183
f 1182 1183 1184
f 1184 1183 1185
f 1184 1185 1186
f 1186 1185 1187
f 1186 1187 1188
f 1188 1187 1189
f 1188 1189 1190
f 1190 1189 1191
f 1190 1191 1192
f 1192 1191 1193
f 1192 1193 1194
f 1194 1193 1195
f 1194 1195 1196
f 1196 1195 1197
f 1196 1197 1198
f 1198 1197 1199
f 1198 1199 1200
f 1200 1199 1201
f 1200 1201 1202
f 1201 1148 1202
f 1202 1148 1121
f 1202 1121 1203
f 1203 1121 1204
f 1203 1204 1205
f 1205 1204 1206
f 1205 1206 1207
f 1207 1206 1208
f 1207 1208 1209
f 1209 1208 1210
f 1209 1210 1211
f 1211 1210 1212
f 1211 1212 1213
f 1213 1212 1214
f 1213 1214 1215
f 1215 1214 1216
f 1215 1216 1217
f 1217 1216 1218
f 1217 1218 1219
f 1219 1218 1220
f 1219 1220 1221
f 1221 1220 1222
f 1221 1222 1223
f 1223 1222 1224
f 1223 1224 1180
f 1180 1224 1225
f 1180 1225 322
f 322 1225 1226
f 322 1226 320
f 320 1226 1227
f 320 1227 318
f 318 1227 1228
f 318 1228 316
f 316 1228 1229
f 316 1229 365
f 365 1229 1230
f 365 1230 363
f 363 1230 1231
f 363 1231 361
f 361 1231 1232
f 361 1232 359
f 359 1232 1233
f 359 1233 357
f 357 1233 1234
f 357 1234 355
f 355 1234 1235
f 355 1235 353
f 353 1235 1236
f 353 1236 351
f 351 1236 1237
f 913 880 377
f 377 880 878
f 377 878 376
f 376 878 952
f 376 952 374
f 374 952 1039
f 374 1039 836
f 836 1039 1038
f 917 954 325
f 325 954 952
f 325 952 324
f 324 952 878
f 324 878 322
f 322 878 1143
f 322 1143 1146
f 1146 1143 1145
f 1120 1118 1121
f 1121 1118 399
f 1121 399 1238
f 1238 399 401
f 1238 401 835
f 835 401 403
f 835 403 853
f 853 403 838
f 1237 1204 351
f 351 1204 1121
f 351 1121 349
f 349 1121 1238
f 349 1238 347
f 347 1238 835
f 347 835 1019
f 1019 835 976
f 838 449 853
f 853 449 450
f 850 422 849
f 849 422 421
f 853 450 855
f 855 450 451
f 855 451 857
f 857 451 454
f 857 454 859
f 859 454 456
f 859 456 861
f 861 456 458
f 861 458 863
f 863 458 460
f 863 460 865
f 865 460 462
f 865 462 867
f 867 462 464
f 867 464 869
f 464 466 869
f 869 466 468
f 869 468 871
f 871 468 470
f 871 470 873
f 873 470 422
f 873 422 850
f 849 421 848
f 848 421 420
f 848 420 847
f 847 420 431
f 847 431 846
f 846 431 432
f 846 432 845
f 845 432 433
f 845 433 844
f 844 433 434
f 844 434 843
f 843 434 435
f 843 435 842
f 842 435 436
f 842 436 841
f 841 436 437
f 841 437 840
f 840 437 438
f 840 438 839
f 839 438 439
f 839 439 838
f 838 439 449
f 902 901 472
f 472 901 473
f 880 913 501
f 501 913 500
f 880 501 882
f 882 501 502
f 882 502 884
f 884 502 505
f 884 505 886
f 886 505 507
f 886 507 888
f 888 507 509
f 888 509 890
f 890 509 511
f 890 511 892
f 892 511 513
f 892 513 894
f 894 513 515
f 894 515 896
f 896 515 517
f 896 517 898
f 898 517 519
f 898 519 900
f 900 519 521
f 900 521 901
f 901 521 473
f 902 472 903
f 903 472 471
f 903 471 904
f 904 471 482
f 904 482 905
f 905 482 483
f 905 483 906
f 906 483 484
f 906 484 907
f 907 484 485
f 907 485 908
f 908 485 486
f 908 486 909
f 909 486 487
f 909 487 910
f 487 488 910
f 910 488 489
f 910 489 911
f 911 489 490
f 911 490 912
f 912 490 500
f 912 500 913
f 938 554 939
f 939 554 553
f 950 533 916
f 916 533 526
f 939 553 940
f 940 553 552
f 940 552 941
f 941 552 562
f 941 562 942
f 942 562 563
f 942 563 943
f 943 563 564
f 943 564 944
f 944 564 565
f 944 565 945
f 945 565 566
f 945 566 946
f 946 566 567
f 946 567 947
f 567 568 947
f 947 568 569
f 947 569 948
f 948 569 570
f 948 570 949
f 949 570 533
f 949 533 950
f 916 526 919
f 919 526 525
f 919 525 921
f 921 525 549
f 921 549 923
f 923 549 547
f 923 547 925
f 925 547 545
f 925 545 927
f 927 545 543
f 927 543 929
f 929 543 541
f 929 541 931
f 931 541 539
f 931 539 933
f 933 539 537
f 933 537 935
f 935 537 535
f 935 535 937
f 937 535 557
f 937 557 938
f 938 557 554
f 914 555 915
f 915 555 556
f 917 527 954
f 954 527 528
f 915 556 936
f 936 556 534
f 936 534 934
f 934 534 536
f 934 536 932
f 932 536 538
f 932 538 930
f 930 538 540
f 930 540 928
f 928 540 542
f 928 542 926
f 926 542 544
f 926 544 924
f 924 544 546
f 924 546 922
f 546 548 922
f 922 548 550
f 922 550 920
f 920 550 551
f 920 551 918
f 918 551 527
f 918 527 917
f 954 528 956
f 956 528 529
f 956 529 958
f 958 529 587
f 958 587 960
f 960 587 585
f 960 585 962
f 962 585 583
f 962 583 964
f 964 583 581
f 964 581 966
f 966 581 579
f 966 579 968
f 968 579 577
f 968 577 970
f 970 577 575
f 970 575 972
f 972 575 573
f 972 573 974
f 974 573 571
f 974 571 914
f 914 571 555
f 1020 560 975
f 975 560 561
f 953 530 951
f 951 530 531
f 975 561 973
f 973 561 572
f 973 572 971
f 971 572 574
f 971 574 969
f 969 574 576
f 969 576 967
f 967 576 578
f 967 578 965
f 965 578 580
f 965 580 963
f 963 580 582
f 963 582 961
f 961 582 584
f 961 584 959
f 584 586 959
f 959 586 588
f 959 588 957
f 957 588 589
f 957 589 955
f 955 589 530
f 955 530 953
f 951 531 1000
f 1000 531 532
f 1000 532 1002
f 1002 532 605
f 1002 605 1004
f 1004 605 603
f 1004 603 1006
f 1006 603 601
f 1006 601 1008
f 1008 601 599
f 1008 599 1010
f 1010 599 597
f 1010 597 1012
f 1012 597 595
f 1012 595 1014
f 1014 595 593
f 1014 593 1016
f 1016 593 591
f 1016 591 1018
f 1018 591 590
f 1018 590 1020
f 1020 590 560
f 976 608 1019
f 1019 608 559
f 998 524 997
f 997 524 523
f 1019 559 1017
f 1017 559 558
f 1017 558 1015
f 1015 558 592
f 1015 592 1013
f 1013 592 594
f 1013 594 1011
f 1011 594 596
f 1011 596 1009
f 1009 596 598
f 1009 598 1007
f 1007 598 600
f 1007 600 1005
f 1005 600 602
f 1005 602 1003
f 602 604 1003
f 1003 604 606
f 1003 606 1001
f 1001 606 607
f 1001 607 999
f 999 607 524
f 999 524 998
f 997 523 995
f 995 523 522
f 995 522 993
f 993 522 625
f 993 625 991
f 991 625 623
f 991 623 989
f 989 623 621
f 989 621 987
f 987 621 619
f 987 619 985
f 985 619 617
f 985 617 983
f 983 617 615
f 983 615 981
f 981 615 613
f 981 613 979
f 979 613 611
f 979 611 977
f 977 611 609
f 977 609 976
f 976 609 608
f 833 443 834
f 834 443 441
f 1050 628 1039
f 1039 628 427
f 834 441 1040
f 1040 441 440
f 1040 440 1041
f 1041 440 648
f 1041 648 1042
f 1042 648 649
f 1042 649 1043
f 1043 649 650
f 1043 650 1044
f 1044 650 651
f 1044 651 1045
f 1045 651 652
f 1045 652 1046
f 1046 652 653
f 1046 653 1047
f 653 654 1047
f 1047 654 655
f 1047 655 1048
f 1048 655 656
f 1048 656 1049
f 1049 656 628
f 1049 628 1050
f 1039 427 1037
f 1037 427 426
f 1037 426 1035
f 1035 426 645
f 1035 645 1033
f 1033 645 643
f 1033 643 1031
f 1031 643 641
f 1031 641 1029
f 1029 641 639
f 1029 639 1027
f 1027 639 637
f 1027 637 1025
f 1025 637 635
f 1025 635 1023
f 1023 635 633
f 1023 633 1021
f 1021 633 631
f 1021 631 832
f 832 631 629
f 832 629 833
f 833 629 443
f 1051 445 830
f 830 445 444
f 836 428 837
f 837 428 429
f 830 444 831
f 831 444 630
f 831 630 1022
f 1022 630 632
f 1022 632 1024
f 1024 632 634
f 1024 634 1026
f 1026 634 636
f 1026 636 1028
f 1028 636 638
f 1028 638 1030
f 1030 638 640
f 1030 640 1032
f 1032 640 642
f 1032 642 1034
f 642 644 1034
f 1034 644 646
f 1034 646 1036
f 1036 646 647
f 1036 647 1038
f 1038 647 428
f 1038 428 836
f 837 429 1070
f 1070 429 430
f 1070 430 1068
f 1068 430 672
f 1068 672 1066
f 1066 672 670
f 1066 670 1064
f 1064 670 668
f 1064 668 1062
f 1062 668 666
f 1062 666 1060
f 1060 666 664
f 1060 664 1058
f 1058 664 662
f 1058 662 1056
f 1056 662 660
f 1056 660 1054
f 1054 660 658
f 1054 658 1052
f 1052 658 657
f 1052 657 1051
f 1051 657 445
f 852 446 851
f 851 446 447
f 1072 424 874
f 874 424 423
f 851 447 1053
f 1053 447 448
f 1053 448 1055
f 1055 448 659
f 1055 659 1057
f 1057 659 661
f 1057 661 1059
f 1059 661 663
f 1059 663 1061
f 1061 663 665
f 1061 665 1063
f 1063 665 667
f 1063 667 1065
f 1065 667 669
f 1065 669 1067
f 669 671 1067
f 1067 671 673
f 1067 673 1069
f 1069 673 674
f 1069 674 1071
f 1071 674 424
f 1071 424 1072
f 874 423 872
f 872 423 469
f 872 469 870
f 870 469 467
f 870 467 868
f 868 467 465
f 868 465 866
f 866 465 463
f 866 463 864
f 864 463 461
f 864 461 862
f 862 461 459
f 862 459 860
f 860 459 457
f 860 457 858
f 858 457 455
f 858 455 856
f 856 455 453
f 856 453 854
f 854 453 452
f 854 452 852
f 852 452 446
f 876 875 474
f 474 875 475
f 877 879 498
f 498 879 497
f 877 498 1076
f 1076 498 499
f 1076 499 1078
f 1078 499 677
f 1078 677 1080
f 1080 677 679
f 1080 679 1082
f 1082 679 681
f 1082 681 1084
f 1084 681 683
f 1084 683 1086
f 1086 683 685
f 1086 685 1088
f 1088 685 687
f 1088 687 1090
f 1090 687 689
f 1090 689 1092
f 1092 689 691
f 1092 691 1094
f 1094 691 692
f 1094 692 875
f 875 692 475
f 876 474 899
f 899 474 520
f 899 520 897
f 897 520 518
f 897 518 895
f 895 518 516
f 895 516 893
f 893 516 514
f 893 514 891
f 891 514 512
f 891 512 889
f 889 512 510
f 889 510 887
f 887 510 508
f 887 508 885
f 508 506 885
f 885 506 504
f 885 504 883
f 883 504 503
f 883 503 881
f 881 503 497
f 881 497 879
f 1095 1119 480
f 480 1119 479
f 1073 1074 495
f 495 1074 496
f 1073 495 1099
f 1099 495 694
f 1099 694 1101
f 1101 694 696
f 1101 696 1103
f 1103 696 698
f 1103 698 1105
f 1105 698 700
f 1105 700 1107
f 1107 700 702
f 1107 702 1109
f 1109 702 704
f 1109 704 1111
f 1111 704 706
f 1111 706 1113
f 1113 706 708
f 1113 708 1115
f 1115 708 710
f 1115 710 1117
f 1117 710 711
f 1117 711 1119
f 1119 711 479
f 1095 480 1093
f 1093 480 481
f 1093 481 1091
f 1091 481 690
f 1091 690 1089
f 1089 690 688
f 1089 688 1087
f 1087 688 686
f 1087 686 1085
f 1085 686 684
f 1085 684 1083
f 1083 684 682
f 1083 682 1081
f 1081 682 680
f 1081 680 1079
f 680 678 1079
f 1079 678 676
f 1079 676 1077
f 1077 676 675
f 1077 675 1075
f 1075 675 496
f 1075 496 1074
f 1118 1120 478
f 478 1120 743
f 1096 1097 492
f 492 1097 494
f 1096 492 1140
f 1140 492 491
f 1140 491 1138
f 1138 491 754
f 1138 754 1136
f 1136 754 755
f 1136 755 1134
f 1134 755 756
f 1134 756 1132
f 1132 756 757
f 1132 757 1130
f 1130 757 758
f 1130 758 1128
f 1128 758 759
f 1128 759 1126
f 1126 759 760
f 1126 760 1124
f 1124 760 761
f 1124 761 1122
f 1122 761 762
f 1122 762 1120
f 1120 762 743
f 1118 478 1116
f 1116 478 477
f 1116 477 1114
f 1114 477 709
f 1114 709 1112
f 1112 709 707
f 1112 707 1110
f 1110 707 705
f 1110 705 1108
f 1108 705 703
f 1108 703 1106
f 1106 703 701
f 1106 701 1104
f 1104 701 699
f 1104 699 1102
f 699 697 1102
f 1102 697 695
f 1102 695 1100
f 1100 695 693
f 1100 693 1098
f 1098 693 494
f 1098 494 1097
f 1169 1168 713
f 713 1168 714
f 1143 1142 750
f 750 1142 723
f 1143 750 1144
f 1144 750 749
f 1144 749 1151
f 1151 749 765
f 1151 765 1153
f 1153 765 767
f 1153 767 1155
f 1155 767 769
f 1155 769 1157
f 1157 769 771
f 1157 771 1159
f 1159 771 773
f 1159 773 1161
f 1161 773 775
f 1161 775 1163
f 1163 775 777
f 1163 777 1165
f 1165 777 779
f 1165 779 1167
f 1167 779 781
f 1167 781 1168
f 1168 781 714
f 1169 713 1170
f 1170 713 712
f 1170 712 1171
f 1171 712 740
f 1171 740 1172
f 1172 740 738
f 1172 738 1173
f 1173 738 736
f 1173 736 1174
f 1174 736 734
f 1174 734 1175
f 1175 734 732
f 1175 732 1176
f 1176 732 730
f 1176 730 1177
f 730 728 1177
f 1177 728 726
f 1177 726 1178
f 1178 726 724
f 1178 724 1179
f 1179 724 723
f 1179 723 1142
f 1149 1148 715
f 715 1148 716
f 1147 1146 752
f 752 1146 751
f 1147 752 1183
f 1183 752 753
f 1183 753 1185
f 1185 753 784
f 1185 784 1187
f 1187 784 786
f 1187 786 1189
f 1189 786 788
f 1189 788 1191
f 1191 788 790
f 1191 790 1193
f 1193 790 792
f 1193 792 1195
f 1195 792 794
f 1195 794 1197
f 1197 794 796
f 1197 796 1199
f 1199 796 798
f 1199 798 1201
f 1201 798 799
f 1201 799 1148
f 1148 799 716
f 1149 715 1166
f 1166 715 780
f 1166 780 1164
f 1164 780 778
f 1164 778 1162
f 1162 778 776
f 1162 776 1160
f 1160 776 774
f 1160 774 1158
f 1158 774 772
f 1158 772 1156
f 1156 772 770
f 1156 770 1154
f 1154 770 768
f 1154 768 1152
f 768 766 1152
f 1152 766 764
f 1152 764 1150
f 1150 764 763
f 1150 763 1145
f 1145 763 751
f 1145 751 1146
f 1202 1203 718
f 718 1203 717
f 1180 1181 747
f 747 1181 748
f 1180 747 1223
f 1223 747 801
f 1223 801 1221
f 1221 801 803
f 1221 803 1219
f 1219 803 805
f 1219 805 1217
f 1217 805 807
f 1217 807 1215
f 1215 807 809
f 1215 809 1213
f 1213 809 811
f 1213 811 1211
f 1211 811 813
f 1211 813 1209
f 1209 813 815
f 1209 815 1207
f 1207 815 817
f 1207 817 1205
f 1205 817 818
f 1205 818 1203
f 1203 818 717
f 1202 718 1200
f 1200 718 719
f 1200 719 1198
f 1198 719 797
f 1198 797 1196
f 1196 797 795
f 1196 795 1194
f 1194 795 793
f 1194 793 1192
f 1192 793 791
f 1192 791 1190
f 1190 791 789
f 1190 789 1188
f 1188 789 787
f 1188 787 1186
f 787 785 1186
f 1186 785 783
f 1186 783 1184
f 1184 783 782
f 1184 782 1182
f 1182 782 748
f 1182 748 1181
f 1204 1237 721
f 721 1237 722
f 1226 1225 745
f 745 1225 746
f 1226 745 1227
f 1227 745 744
f 1227 744 1228
f 1228 744 819
f 1228 819 1229
f 1229 819 820
f 1229 820 1230
f 1230 820 821
f 1230 821 1231
f 1231 821 822
f 1231 822 1232
f 1232 822 823
f 1232 823 1233
f 1233 823 824
f 1233 824 1234
f 1234 824 825
f 1234 825 1235
f 1235 825 826
f 1235 826 1236
f 1236 826 827
f 1236 827 1237
f 1237 827 722
f 1204 721 1206
f 1206 721 720
f 1206 720 1208
f 1208 720 816
f 1208 816 1210
f 1210 816 814
f 1210 814 1212
f 1212 814 812
f 1212 812 1214
f 1214 812 810
f 1214 810 1216
f 1216 810 808
f 1216 808 1218
f 1218 808 806
f 1218 806 1220
f 806 804 1220
f 1220 804 802
f 1220 802 1222
f 1222 802 800
f 1222 800 1224
f 1224 800 746
f 1224 746 1225
f 1239 1240 1241
f 1239 1241 1242
f 1242 1241 1243
f 1242 1243 1244
f 1244 1243 1245
f 1244 1245 1246
f 1246 1245 1247
f 1246 1247 1248
f 1248 1247 1249
f 1248 1249 1250
f 1250 1249 1251
f 1250 1251 1252
f 1252 1251 1253
f 1252 1253 1254
f 1254 1253 1255
f 1254 1255 1256
f 1256 1255 1257
f 1256 1257 1258
f 1258 1257 1259
f 1258 1259 1260
f 1260 1259 1261
f 1260 1261 1262
f 1262 1261 1263
f 1262 1263 1264
f 1264 1263 1265
f 1264 1265 1266
f 1266 1265 1267
f 1266 1267 1268
f 1268 1267 1269
f 1268 1269 1270
f 1270 1269 1271
f 1270 1271 1272
f 1272 1271 1273
f 1272 1273 1274
f 1274 1273 1275
f 1274 1275 1276
f 1276 1275 1277
f 1276 1277 1278
f 1278 1277 1279
f 1278 1279 1280
f 1280 1279 1281
f 1280 1281 1282
f 1282 1281 1283
f 1282 1283 1284
f 1284 1283 1285
f 1284 1285 1286
f 1286 1285 1287
f 1286 1287 1288
f 1288 1287 1289
f 1288 1289 1290
f 1290 1289 1291
f 1290 1291 1292
f 1292 1291 1293
f 1292 1293 1294
f 1294 1293 1295
f 1294 1295 1296
f 1296 1295 1297
f 1296 1297 1298
f 1298 1297 1299
f 1298 1299 1300
f 1300 1299 1301
f 1300 1301 1302
f 1302 1301 1303
f 1302 1303 1304
f 1305 1306 1307
f 1307 1306 1308
f 1307 1308 1309
f 1309 1308 1310
f 1309 1310 1311
f 1311 1310 1312
f 1311 1312 1313
f 1313 1312 1314
f 1313 1314 1315
f 1315 1314 1316
f 1315 1316 1317
f 1317 1316 1318
f 1317 1318 1319
f 1319 1318 1320
f 1319 1320 1321
f 1321 1320 1322
f 1321 1322 1323
f 1323 1322 1324
f 1323 1324 1325
f 1325 1324 1326
f 1325 1326 1327
f 1327 1326 1328
f 1327 1328 1329
f 1329 1328 1330
f 1329 1330 1331
f 1331 1330 1332
f 1331 1332 1333
f 1333 1332 1334
f 1333 1334 1335
f 1335 1334 1336
f 1335 1336 1337
f 1337 1336 1338
f 1337 1338 1339
f 1339 1338 1340
f 1339 1340 1341
f 1341 1340 1342
f 1341 1342 1343
f 1343 1342 1344
f 1343 1344 1345
f 1345 1344 1346
f 1345 1346 1347
f 1347 1346 1348
f 1347 1348 1349
f 1349 1348 1350
f 1349 1350 1351
f 1351 1350 1352
f 1351 1352 1353
f 1353 1352 1354
f 1353 1354 1355
f 1355 1354 1356
f 1355 1356 1357
f 1357 1356 1358
f 1357 1358 1359
f 1359 1358 1305
f 1359 1305 1307
f 1360 1361 1362
f 1363 1364 1365
f 1362 1366 1367
f 1368 1363 1369
f 1369 1363 1370
f 1369 1370 1371
f 1372 1370 1367
f 1367 1370 1363
f 1367 1363 1362
f 1362 1363 1365
f 1362 1365 1360
f 1326 1324 1373
f 1373 1324 1374
f 1374 1324 1322
f 1374 1322 1375
f 1375 1322 1320
f 1375 1320 1376
f 1376 1320 1377
f 1377 1320 1318
f 1377 1318 1378
f 1378 1318 1316
f 1378 1316 1379
f 1379 1316 1314
f 1379 1314 1380
f 1352 1369 1354
f 1354 1369 1371
f 1354 1371 1356
f 1338 1381 1340
f 1340 1381 1382
f 1340 1382 1342
f 1342 1382 1383
f 1342 1383 1344
f 1344 1383 1384
f 1344 1384 1346
f 1372 1385 1370
f 1370 1385 1386
f 1370 1386 1387
f 1387 1386 1388
f 1387 1388 1389
f 1306 1305 1371
f 1371 1305 1358
f 1371 1358 1356
f 1352 1350 1369
f 1369 1350 1348
f 1369 1348 1390
f 1390 1348 1346
f 1390 1346 1391
f 1391 1346 1384
f 1373 1392 1326
f 1326 1392 1393
f 1326 1393 1328
f 1328 1393 1394
f 1328 1394 1330
f 1330 1394 1395
f 1330 1395 1332
f 1395 1396 1332
f 1332 1396 1397
f 1332 1397 1334
f 1334 1397 1398
f 1334 1398 1336
f 1336 1398 1399
f 1336 1399 1338
f 1338 1399 1400
f 1338 1400 1381
f 1380 1314 1401
f 1401 1314 1312
f 1401 1312 1402
f 1402 1312 1310
f 1402 1310 1371
f 1371 1310 1308
f 1371 1308 1306
f 1403 1404 1405
f 1406 1407 1408
f 1409 1410 1411
f 1411 1410 1412
f 1403 1405 1413
f 1408 1414 1406
f 1406 1414 1411
f 1406 1411 1415
f 1415 1411 1412
f 1415 1412 1405
f 1405 1412 1416
f 1405 1416 1413
f 1417 1418 1364
f 1419 1420 1421
f 1421 1420 1364
f 1421 1364 1363
f 1364 1418 1422
f 1422 1418 1423
f 1422 1423 1424
f 1425 1426 1420
f 1420 1426 1427
f 1420 1427 1364
f 1364 1427 1428
f 1364 1428 1417
f 1429 1430 1431
f 1431 1430 1432
f 1431 1432 1433
f 1434 1435 1420
f 1420 1435 1436
f 1420 1436 1425
f 1423 1437 1424
f 1424 1437 1438
f 1424 1438 1439
f 1439 1438 1440
f 1439 1440 1441
f 1441 1440 1442
f 1441 1442 1443
f 1442 1444 1443
f 1443 1444 1445
f 1443 1445 1446
f 1446 1445 1447
f 1446 1447 1448
f 1447 1449 1448
f 1448 1449 1450
f 1448 1450 1451
f 1451 1450 1452
f 1451 1452 1453
f 1453 1452 1454
f 1453 1454 1429
f 1429 1454 1455
f 1429 1455 1430
f 1432 1456 1433
f 1433 1456 1457
f 1433 1457 1458
f 1458 1457 1459
f 1458 1459 1460
f 1460 1459 1461
f 1460 1461 1434
f 1434 1461 1462
f 1434 1462 1435
f 1463 1464 1361
f 1361 1464 1465
f 1361 1465 1362
f 1466 1467 1468
f 1468 1467 1469
f 1468 1469 1470
f 1469 1471 1470
f 1470 1471 1472
f 1470 1472 1473
f 1473 1472 1474
f 1473 1474 1475
f 1475 1474 1476
f 1475 1476 1477
f 1478 1463 1479
f 1479 1463 1361
f 1479 1361 1480
f 1480 1361 1481
f 1476 1482 1477
f 1477 1482 1483
f 1477 1483 1484
f 1484 1483 1485
f 1484 1485 1361
f 1361 1485 1486
f 1361 1486 1481
f 1487 1488 1489
f 1489 1488 1490
f 1489 1490 1491
f 1478 1492 1463
f 1463 1492 1493
f 1463 1493 1494
f 1490 1495 1491
f 1491 1495 1496
f 1491 1496 1497
f 1497 1496 1498
f 1497 1498 1499
f 1499 1498 1500
f 1499 1500 1466
f 1466 1500 1501
f 1466 1501 1467
f 1493 1502 1494
f 1494 1502 1503
f 1494 1503 1504
f 1504 1503 1505
f 1504 1505 1506
f 1506 1505 1507
f 1506 1507 1487
f 1487 1507 1508
f 1487 1508 1488
f 1509 1510 1511
f 1511 1510 1512
f 1511 1512 1513
f 1513 1512 1514
f 1513 1514 1515
f 1515 1514 1516
f 1515 1516 1517
f 1517 1516 1518
f 1517 1518 1519
f 1519 1518 1520
f 1519 1520 1521
f 1521 1520 1522
f 1521 1522 1523
f 1523 1522 1524
f 1523 1524 1525
f 1525 1524 1526
f 1525 1526 1527
f 1527 1526 1528
f 1527 1528 1529
f 1529 1528 1530
f 1529 1530 1531
f 1531 1530 1532
f 1531 1532 1533
f 1533 1532 1534
f 1533 1534 1535
f 1535 1534 1536
f 1535 1536 1537
f 1537 1536 1538
f 1537 1538 1539
f 1539 1538 1540
f 1539 1540 1541
f 1541 1540 1542
f 1541 1542 1543
f 1543 1542 1544
f 1543 1544 1545
f 1545 1544 1546
f 1545 1546 1547
f 1547 1546 1548
f 1547 1548 1549
f 1549 1548 1550
f 1549 1550 1551
f 1551 1550 1552
f 1551 1552 1553
f 1553 1552 1554
f 1553 1554 1555
f 1555 1554 1556
f 1555 1556 1557
f 1557 1556 1558
f 1557 1558 1559
f 1559 1558 1560
f 1559 1560 1561
f 1561 1560 1562
f 1561 1562 1563
f 1563 1562 1564
f 1563 1564 1509
f 1509 1564 1510
f 1565 1566 1567
f 1565 1567 1568
f 1568 1567 1569
f 1568 1569 1570
f 1570 1569 1571
f 1570 1571 1572
f 1572 1571 1573
f 1572 1573 1574
f 1574 1573 1575
f 1574 1575 1576
f 1576 1575 1577
f 1576 1577 1578
f 1578 1577 1579
f 1578 1579 1580
f 1580 1579 1581
f 1580 1581 1582
f 1582 1581 1583
f 1582 1583 1584
f 1584 1583 1410
f 1584 1410 1409
f 1585 1586 1365
f 1365 1586 1360
f 1586 1585 1587
f 1586 1587 1588
f 1588 1587 1589
f 1588 1589 1590
f 1590 1589 1591
f 1590 1591 1592
f 1592 1591 1593
f 1592 1593 1594
f 1594 1593 1566
f 1594 1566 1565
f 1595 1465 1414
f 1414 1465 1464
f 1414 1464 1411
f 1239 1596 1240
f 1240 1596 1408
f 1240 1408 1407
f 1597 1304 1403
f 1403 1304 1303
f 1403 1303 1404
f 1419 1421 1598
f 1416 1412 1419
f 1419 1598 1416
f 1416 1598 1599
f 1416 1599 1413
f 1368 1599 1363
f 1363 1599 1598
f 1363 1598 1421
f 1599 1597 1413
f 1413 1597 1403
f 1599 1368 1597
f 1369 1304 1368
f 1368 1304 1597
f 1369 1390 1304
f 1304 1390 1391
f 1304 1391 1302
f 1302 1391 1384
f 1302 1384 1300
f 1300 1384 1383
f 1300 1383 1298
f 1298 1383 1382
f 1298 1382 1296
f 1296 1382 1381
f 1296 1381 1294
f 1294 1381 1400
f 1294 1400 1292
f 1292 1400 1399
f 1292 1399 1290
f 1290 1399 1398
f 1290 1398 1288
f 1288 1398 1397
f 1288 1397 1286
f 1286 1397 1396
f 1286 1396 1284
f 1284 1396 1395
f 1284 1395 1282
f 1282 1395 1394
f 1282 1394 1280
f 1280 1394 1393
f 1280 1393 1278
f 1278 1393 1392
f 1278 1392 1276
f 1276 1392 1373
f 1276 1373 1274
f 1274 1373 1374
f 1274 1374 1272
f 1272 1374 1375
f 1272 1375 1270
f 1270 1375 1376
f 1270 1376 1268
f 1268 1376 1377
f 1268 1377 1266
f 1266 1377 1378
f 1266 1378 1264
f 1264 1378 1379
f 1264 1379 1262
f 1262 1379 1380
f 1262 1380 1260
f 1260 1380 1401
f 1260 1401 1258
f 1258 1401 1402
f 1258 1402 1256
f 1256 1402 1371
f 1256 1371 1254
f 1254 1371 1370
f 1254 1370 1252
f 1252 1370 1387
f 1252 1387 1250
f 1250 1387 1389
f 1250 1389 1248
f 1248 1389 1388
f 1248 1388 1246
f 1246 1388 1386
f 1246 1386 1244
f 1244 1386 1385
f 1244 1385 1242
f 1242 1385 1372
f 1242 1372 1239
f 1239 1372 1367
f 1362 1465 1366
f 1366 1465 1595
f 1366 1596 1367
f 1367 1596 1239
f 1366 1595 1596
f 1596 1595 1408
f 1408 1595 1414
f 1410 1420 1412
f 1412 1420 1419
f 1420 1410 1583
f 1420 1583 1434
f 1434 1583 1581
f 1434 1581 1460
f 1460 1581 1579
f 1460 1579 1458
f 1458 1579 1577
f 1458 1577 1433
f 1433 1577 1575
f 1433 1575 1431
f 1431 1575 1573
f 1431 1573 1429
f 1429 1573 1571
f 1429 1571 1453
f 1453 1571 1569
f 1453 1569 1451
f 1451 1569 1567
f 1451 1567 1448
f 1448 1567 1566
f 1448 1566 1446
f 1446 1566 1593
f 1446 1593 1443
f 1443 1593 1591
f 1443 1591 1441
f 1441 1591 1589
f 1441 1589 1439
f 1439 1589 1587
f 1439 1587 1424
f 1424 1587 1585
f 1424 1585 1422
f 1422 1585 1364
f 1364 1585 1365
f 1514 1445 1516
f 1516 1445 1444
f 1516 1444 1518
f 1518 1444 1442
f 1518 1442 1520
f 1520 1442 1440
f 1520 1440 1522
f 1522 1440 1438
f 1522 1438 1524
f 1524 1438 1437
f 1524 1437 1526
f 1526 1437 1423
f 1526 1423 1528
f 1528 1423 1418
f 1528 1418 1530
f 1530 1418 1417
f 1530 1417 1532
f 1532 1417 1428
f 1532 1428 1534
f 1534 1428 1427
f 1534 1427 1536
f 1536 1427 1426
f 1536 1426 1538
f 1538 1426 1425
f 1538 1425 1540
f 1540 1425 1436
f 1540 1436 1542
f 1542 1436 1435
f 1542 1435 1544
f 1544 1435 1462
f 1544 1462 1546
f 1546 1462 1461
f 1546 1461 1548
f 1548 1461 1459
f 1548 1459 1550
f 1550 1459 1457
f 1550 1457 1552
f 1552 1457 1456
f 1552 1456 1554
f 1554 1456 1432
f 1554 1432 1556
f 1556 1432 1430
f 1556 1430 1558
f 1558 1430 1455
f 1558 1455 1560
f 1560 1455 1454
f 1560 1454 1562
f 1562 1454 1452
f 1562 1452 1564
f 1564 1452 1450
f 1564 1450 1510
f 1510 1450 1449
f 1510 1449 1512
f 1512 1449 1447
f 1512 1447 1514
f 1514 1447 1445
f 1537 1492 1535
f 1535 1492 1478
f 1535 1478 1533
f 1533 1478 1479
f 1533 1479 1531
f 1531 1479 1480
f 1531 1480 1529
f 1529 1480 1481
f 1529 1481 1527
f 1527 1481 1486
f 1527 1486 1525
f 1525 1486 1485
f 1525 1485 1523
f 1523 1485 1483
f 1523 1483 1521
f 1521 1483 1482
f 1521 1482 1519
f 1519 1482 1476
f 1519 1476 1517
f 1517 1476 1474
f 1517 1474 1515
f 1515 1474 1472
f 1515 1472 1513
f 1513 1472 1471
f 1513 1471 1511
f 1511 1471 1469
f 1511 1469 1509
f 1509 1469 1467
f 1509 1467 1563
f 1563 1467 1501
f 1563 1501 1561
f 1561 1501 1500
f 1561 1500 1559
f 1559 1500 1498
f 1559 1498 1557
f 1557 1498 1496
f 1557 1496 1555
f 1555 1496 1495
f 1555 1495 1553
f 1553 1495 1490
f 1553 1490 1551
f 1551 1490 1488
f 1551 1488 1549
f 1549 1488 1508
f 1549 1508 1547
f 1547 1508 1507
f 1547 1507 1545
f 1545 1507 1505
f 1545 1505 1543
f 1543 1505 1503
f 1543 1503 1541
f 1541 1503 1502
f 1541 1502 1539
f 1539 1502 1493
f 1539 1493 1537
f 1537 1493 1492
f 1463 1409 1464
f 1464 1409 1411
f 1489 1576 1578
f 1489 1578 1487
f 1487 1578 1580
f 1487 1580 1506
f 1506 1580 1582
f 1506 1582 1504
f 1504 1582 1584
f 1504 1584 1494
f 1494 1584 1409
f 1494 1409 1463
f 1468 1565 1568
f 1468 1568 1466
f 1466 1568 1570
f 1466 1570 1499
f 1499 1570 1572
f 1499 1572 1497
f 1497 1572 1574
f 1497 1574 1491
f 1491 1574 1576
f 1491 1576 1489
f 1484 1586 1588
f 1484 1588 1477
f 1477 1588 1590
f 1477 1590 1475
f 1475 1590 1592
f 1475 1592 1473
f 1473 1592 1594
f 1473 1594 1470
f 1470 1594 1565
f 1470 1565 1468
f 1361 1360 1484
f 1484 1360 1586
f 1321 1600 1319
f 1319 1600 1601
f 1319 1601 1317
f 1317 1601 1602
f 1317 1602 1315
f 1315 1602 1603
f 1315 1603 1313
f 1313 1603 1604
f 1313 1604 1311
f 1311 1604 1605
f 1311 1605 1309
f 1309 1605 1606
f 1309 1606 1307
f 1307 1606 1607
f 1307 1607 1359
f 1359 1607 1608
f 1359 1608 1357
f 1357 1608 1609
f 1357 1609 1355
f 1355 1609 1610
f 1355 1610 1353
f 1353 1610 1611
f 1353 1611 1351
f 1351 1611 1612
f 1351 1612 1349
f 1612 1613 1349
f 1349 1613 1614
f 1349 1614 1347
f 1347 1614 1615
f 1347 1615 1345
f 1345 1615 1616
f 1345 1616 1343
f 1343 1616 1617
f 1343 1617 1341
f 1341 1617 1618
f 1341 1618 1339
f 1339 1618 1619
f 1339 1619 1337
f 1337 1619 1620
f 1337 1620 1335
f 1335 1620 1621
f 1335 1621 1333
f 1333 1621 1622
f 1333 1622 1331
f 1331 1622 1623
f 1331 1623 1329
f 1329 1623 1624
f 1329 1624 1327
f 1327 1624 1625
f 1327 1625 1325
f 1325 1625 1626
f 1325 1626 1323
f 1323 1626 1627
f 1323 1627 1321
f 1321 1627 1628
f 1321 1628 1600
f 1629 1269 1630
f 1630 1269 1267
f 1630 1267 1631
f 1631 1267 1265
f 1631 1265 1632
f 1632 1265 1263
f 1632 1263 1633
f 1633 1263 1261
f 1633 1261 1634
f 1634 1261 1259
f 1634 1259 1635
f 1635 1259 1257
f 1635 1257 1636
f 1636 1257 1255
f 1636 1255 1637
f 1637 1255 1253
f 1637 1253 1638
f 1638 1253 1251
f 1638 1251 1639
f 1639 1251 1249
f 1639 1249 1640
f 1640 1249 1247
f 1640 1247 1641
f 1641 1247 1245
f 1641 1245 1642
f 1642 1245 1243
f 1642 1243 1643
f 1643 1243 1241
f 1643 1241 1644
f 1644 1241 1240
f 1644 1240 1645
f 1645 1240 1646
f 1645 1646 1647
f 1646 1648 1647
f 1647 1648 1649
f 1647 1649 1650
f 1650 1649 1303
f 1650 1303 1651
f 1651 1303 1301
f 1651 1301 1652
f 1652 1301 1299
f 1652 1299 1653
f 1653 1299 1297
f 1653 1297 1654
f 1654 1297 1295
f 1654 1295 1655
f 1655 1295 1293
f 1655 1293 1656
f 1656 1293 1291
f 1656 1291 1657
f 1657 1291 1289
f 1657 1289 1658
f 1658 1289 1287
f 1658 1287 1659
f 1659 1287 1285
f 1659 1285 1660
f 1660 1285 1283
f 1660 1283 1661
f 1661 1283 1281
f 1661 1281 1662
f 1662 1281 1279
f 1662 1279 1663
f 1663 1279 1277
f 1663 1277 1664
f 1664 1277 1275
f 1664 1275 1665
f 1665 1275 1273
f 1665 1273 1629
f 1629 1273 1271
f 1629 1271 1269
f 1240 1407 1646
f 1646 1407 1406
f 1646 1406 1648
f 1648 1406 1415
f 1648 1415 1649
f 1649 1415 1405
f 1649 1405 1303
f 1303 1405 1404
f 1666 1657 1667
f 1667 1657 1658
f 1667 1658 1668
f 1668 1658 1659
f 1668 1659 1669
f 1669 1659 1660
f 1669 1660 1670
f 1670 1660 1661
f 1670 1661 1671
f 1671 1661 1662
f 1671 1662 1672
f 1672 1662 1663
f 1672 1663 1673
f 1673 1663 1664
f 1673 1664 1674
f 1674 1664 1665
f 1674 1665 1675
f 1675 1665 1629
f 1675 1629 1676
f 1676 1629 1630
f 1676 1630 1677
f 1677 1630 1631
f 1677 1631 1678
f 1678 1631 1632
f 1678 1632 1679
f 1679 1632 1633
f 1679 1633 1680
f 1680 1633 1634
f 1680 1634 1681
f 1681 1634 1635
f 1681 1635 1682
f 1682 1635 1636
f 1682 1636 1683
f 1683 1636 1637
f 1683 1637 1684
f 1684 1637 1638
f 1684 1638 1685
f 1685 1638 1639
f 1685 1639 1686
f 1686 1639 1640
f 1686 1640 1687
f 1687 1640 1641
f 1687 1641 1688
f 1688 1641 1642
f 1688 1642 1689
f 1689 1642 1643
f 1689 1643 1690
f 1690 1643 1644
f 1690 1644 1691
f 1691 1644 1645
f 1691 1645 1692
f 1692 1645 1647
f 1692 1647 1693
f 1693 1647 1650
f 1693 1650 1694
f 1694 1650 1651
f 1694 1651 1695
f 1695 1651 1652
f 1695 1652 1696
f 1696 1652 1653
f 1696 1653 1697
f 1697 1653 1654
f 1697 1654 1698
f 1698 1654 1655
f 1698 1655 1699
f 1699 1655 1656
f 1699 1656 1666
f 1666 1656 1657
f 1700 1683 1701
f 1701 1683 1684
f 1701 1684 1702
f 1702 1684 1685
f 1702 1685 1703
f 1703 1685 1686
f 1703 1686 1704
f 1704 1686 1687
f 1704 1687 1705
f 1705 1687 1688
f 1705 1688 1706
f 1707 1676 1708
f 1708 1676 1677
f 1708 1677 1709
f 1709 1677 1678
f 1709 1678 1710
f 1710 1678 1679
f 1710 1679 1711
f 1711 1679 1680
f 1711 1680 1712
f 1712 1680 1681
f 1712 1681 1700
f 1700 1681 1682
f 1700 1682 1683
f 1713 1669 1714
f 1714 1669 1670
f 1714 1670 1715
f 1715 1670 1671
f 1715 1671 1716
f 1716 1671 1672
f 1716 1672 1717
f 1717 1672 1673
f 1717 1673 1718
f 1718 1673 1674
f 1718 1674 1707
f 1707 1674 1675
f 1707 1675 1676
f 1719 1697 1720
f 1720 1697 1698
f 1720 1698 1721
f 1721 1698 1699
f 1721 1699 1722
f 1722 1699 1666
f 1722 1666 1723
f 1723 1666 1667
f 1723 1667 1713
f 1713 1667 1668
f 1713 1668 1669
f 1688 1689 1706
f 1706 1689 1690
f 1706 1690 1724
f 1724 1690 1691
f 1724 1691 1725
f 1725 1691 1692
f 1725 1692 1726
f 1726 1692 1693
f 1726 1693 1727
f 1727 1693 1694
f 1727 1694 1728
f 1728 1694 1695
f 1728 1695 1719
f 1719 1695 1696
f 1719 1696 1697
f 1621 1723 1622
f 1622 1723 1713
f 1622 1713 1623
f 1623 1713 1714
f 1623 1714 1624
f 1624 1714 1715
f 1624 1715 1625
f 1625 1715 1716
f 1625 1716 1626
f 1626 1716 1717
f 1626 1717 1627
f 1627 1717 1718
f 1627 1718 1628
f 1628 1718 1707
f 1628 1707 1600
f 1600 1707 1708
f 1600 1708 1601
f 1601 1708 1709
f 1601 1709 1602
f 1602 1709 1710
f 1602 1710 1603
f 1603 1710 1711
f 1603 1711 1604
f 1604 1711 1712
f 1604 1712 1605
f 1605 1712 1700
f 1605 1700 1606
f 1606 1700 1701
f 1606 1701 1607
f 1607 1701 1702
f 1607 1702 1608
f 1608 1702 1703
f 1608 1703 1609
f 1609 1703 1704
f 1609 1704 1610
f 1610 1704 1705
f 1610 1705 1611
f 1611 1705 1706
f 1611 1706 1612
f 1612 1706 1724
f 1612 1724 1613
f 1613 1724 1725
f 1613 1725 1614
f 1614 1725 1726
f 1614 1726 1615
f 1615 1726 1727
f 1615 1727 1616
f 1616 1727 1728
f 1616 1728 1617
f 1617 1728 1719
f 1617 1719 1618
f 1618 1719 1720
f 1618 1720 1619
f 1619 1720 1721
f 1619 1721 1620
f 1620 1721 1722
f 1620 1722 1621
f 1621 1722 1723
f 1729 1730 1731
f 1731 1730 1732
f 1731 1732 1733
f 1733 1732 1734
f 1733 1734 1735
f 1735 1734 1736
f 1735 1736 1737
f 1737 1736 1738
f 1737 1738 1739
f 1739 1738 1740
f 1739 1740 1741
f 1741 1740 1742
f 1741 1742 1743
f 1743 1742 1744
f 1743 1744 1745
f 1745 1744 1746
f 1745 1746 1747
f 1747 1746 1748
f 1747 1748 1749
f 1749 1748 1750
f 1749 1750 1751
f 1751 1750 1752
f 1751 1752 1753
f 1753 1752 1754
f 1753 1754 1755
f 1755 1754 1756
f 1755 1756 1757
f 1756 1758 1757
f 1757 1758 1759
f 1757 1759 1760
f 1760 1759 1761
f 1760 1761 1762
f 1762 1761 1763
f 1762 1763 1764
f 1764 1763 1765
f 1764 1765 1766
f 1766 1765 1767
f 1766 1767 1768
f 1768 1767 1769
f 1768 1769 1770
f 1770 1769 1771
f 1770 1771 1772
f 1772 1771 1773
f 1772 1773 1774
f 1774 1773 1775
f 1774 1775 1776
f 1776 1775 1777
f 1776 1777 1778
f 1778 1777 1779
f 1778 1779 1780
f 1780 1779 1781
f 1780 1781 1782
f 1782 1781 1783
f 1782 1783 1784
f 1784 1783 1785
f 1784 1785 1786
f 1786 1785 1787
f 1788 1789 1790
f 1790 1789 1791
f 1790 1791 1792
f 1792 1791 1793
f 1792 1793 1794
f 1794 1793 1795
f 1794 1795 1796
f 1796 1795 1797
f 1796 1797 1798
f 1798 1797 1799
f 1798 1799 1800
f 1800 1799 1801
f 1800 1801 1802
f 1802 1801 1803
f 1802 1803 1804
f 1804 1803 1805
f 1804 1805 1806
f 1806 1805 1807
f 1806 1807 1808
f 1808 1807 1809
f 1808 1809 1810
f 1810 1809 1811
f 1810 1811 1812
f 1812 1811 1813
f 1812 1813 1814
f 1814 1813 1815
f 1814 1815 1816
f 1816 1815 1817
f 1818 1819 1820
f 1820 1819 1821
f 1820 1821 1822
f 1822 1821 1823
f 1822 1823 1824
f 1824 1823 1825
f 1824 1825 1826
f 1826 1825 1827
f 1826 1827 1828
f 1828 1827 1829
f 1828 1829 1830
f 1830 1829 1831
f 1830 1831 1832
f 1832 1831 1833
f 1832 1833 1834
f 1834 1833 1835
f 1834 1835 1836
f 1836 1835 1837
f 1836 1837 1838
f 1838 1837 1839
f 1838 1839 1840
f 1840 1839 1841
f 1840 1841 1842
f 1842 1841 1843
f 1842 1843 1844
f 1844 1843 1845
f 1844 1845 1817
f 1817 1845 1846
f 1817 1846 1816
f 1847 1848 1849
f 1847 1849 1850
f 1850 1849 1851
f 1850 1851 1852
f 1852 1851 1853
f 1852 1853 1854
f 1854 1853 1855
f 1854 1855 1856
f 1856 1855 1857
f 1856 1857 1858
f 1858 1857 1859
f 1858 1859 1860
f 1860 1859 1861
f 1860 1861 1862
f 1862 1861 1863
f 1862 1863 1864
f 1864 1863 1865
f 1864 1865 1866
f 1866 1865 1867
f 1866 1867 1868
f 1868 1867 1869
f 1868 1869 1870
f 1870 1869 1871
f 1870 1871 1872
f 1872 1871 1873
f 1872 1873 1874
f 1874 1873 1875
f 1874 1875 1876
f 1877 1878 1875
f 1876 1879 1880
f 1880 1881 1876
f 1876 1881 1882
f 1876 1882 1883
f 1883 1882 1884
f 1877 1875 1885
f 1884 1886 1883
f 1883 1886 1887
f 1883 1887 1888
f 1888 1889 1890
f 1890 1889 1891
f 1890 1891 1892
f 1892 1893 1890
f 1890 1893 1894
f 1890 1894 1875
f 1875 1894 1895
f 1875 1895 1885
f 1878 1896 1875
f 1875 1896 1897
f 1875 1897 1876
f 1876 1897 1898
f 1876 1898 1879
f 1888 1890 1883
f 1883 1890 1899
f 1883 1899 1900
f 1900 1899 1901
f 1900 1901 1902
f 1902 1901 1903
f 1902 1903 1904
f 1904 1903 1905
f 1904 1905 1906
f 1906 1905 1907
f 1906 1907 1908
f 1908 1907 1909
f 1908 1909 1910
f 1910 1909 1911
f 1910 1911 1912
f 1912 1911 1913
f 1912 1913 1914
f 1914 1913 1915
f 1914 1915 1916
f 1916 1915 1917
f 1916 1917 1918
f 1918 1917 1919
f 1918 1919 1920
f 1920 1919 1921
f 1920 1921 1922
f 1922 1921 1923
f 1922 1923 1924
f 1924 1923 1925
f 1924 1925 1926
f 1927 1844 1928
f 1928 1844 1817
f 1928 1817 1929
f 1927 1930 1844
f 1844 1930 1931
f 1844 1931 1932
f 1933 1934 1760
f 1760 1934 1935
f 1760 1935 1757
f 1936 1937 1755
f 1935 1938 1757
f 1757 1938 1939
f 1757 1939 1755
f 1755 1939 1940
f 1755 1940 1936
f 1941 1815 1942
f 1942 1815 1943
f 1941 1944 1815
f 1815 1944 1945
f 1815 1945 1817
f 1817 1945 1946
f 1817 1946 1929
f 1786 1818 1784
f 1784 1818 1820
f 1784 1820 1782
f 1782 1820 1822
f 1782 1822 1780
f 1780 1822 1824
f 1780 1824 1778
f 1778 1824 1826
f 1778 1826 1776
f 1776 1826 1828
f 1776 1828 1774
f 1774 1828 1830
f 1774 1830 1772
f 1772 1830 1832
f 1772 1832 1770
f 1770 1832 1834
f 1770 1834 1768
f 1768 1834 1836
f 1768 1836 1766
f 1766 1836 1838
f 1766 1838 1764
f 1764 1838 1840
f 1764 1840 1762
f 1762 1840 1842
f 1762 1842 1760
f 1760 1842 1844
f 1760 1844 1933
f 1933 1844 1932
f 1937 1943 1755
f 1755 1943 1815
f 1755 1815 1753
f 1753 1815 1813
f 1753 1813 1751
f 1751 1813 1811
f 1751 1811 1749
f 1749 1811 1809
f 1749 1809 1747
f 1747 1809 1807
f 1747 1807 1745
f 1745 1807 1805
f 1745 1805 1743
f 1743 1805 1803
f 1743 1803 1741
f 1741 1803 1801
f 1741 1801 1739
f 1739 1801 1799
f 1739 1799 1737
f 1737 1799 1797
f 1737 1797 1735
f 1735 1797 1795
f 1735 1795 1733
f 1733 1795 1793
f 1733 1793 1731
f 1731 1793 1791
f 1731 1791 1729
f 1729 1791 1789
f 1848 1847 1788
f 1788 1847 1730
f 1788 1730 1789
f 1789 1730 1729
f 1926 1925 1787
f 1787 1925 1819
f 1787 1819 1786
f 1786 1819 1818
f 1935 1934 1886
f 1886 1934 1887
f 1887 1934 1888
f 1888 1934 1933
f 1888 1933 1889
f 1889 1933 1932
f 1889 1932 1891
f 1891 1932 1931
f 1891 1931 1892
f 1931 1930 1892
f 1892 1930 1927
f 1892 1927 1893
f 1893 1927 1894
f 1894 1927 1928
f 1894 1928 1895
f 1895 1928 1929
f 1895 1929 1885
f 1885 1929 1946
f 1885 1946 1877
f 1946 1945 1877
f 1877 1945 1944
f 1877 1944 1878
f 1878 1944 1896
f 1896 1944 1941
f 1896 1941 1897
f 1897 1941 1942
f 1897 1942 1898
f 1898 1942 1943
f 1898 1943 1879
f 1879 1943 1937
f 1879 1937 1936
f 1935 1886 1938
f 1938 1886 1884
f 1938 1884 1939
f 1939 1884 1882
f 1939 1882 1940
f 1940 1882 1881
f 1940 1881 1936
f 1936 1881 1880
f 1936 1880 1879
f 1821 1819 1925
f 1849 1848 1788
f 1788 1790 1849
f 1849 1790 1792
f 1849 1792 1851
f 1851 1792 1794
f 1851 1794 1853
f 1853 1794 1796
f 1853 1796 1855
f 1855 1796 1798
f 1855 1798 1857
f 1857 1798 1800
f 1857 1800 1859
f 1859 1800 1802
f 1859 1802 1861
f 1861 1802 1804
f 1861 1804 1863
f 1863 1804 1806
f 1863 1806 1865
f 1865 1806 1808
f 1865 1808 1867
f 1867 1808 1810
f 1867 1810 1869
f 1869 1810 1812
f 1869 1812 1871
f 1871 1812 1814
f 1871 1814 1873
f 1873 1814 1816
f 1873 1816 1875
f 1875 1816 1846
f 1875 1846 1890
f 1890 1846 1845
f 1890 1845 1899
f 1899 1845 1843
f 1899 1843 1901
f 1901 1843 1841
f 1901 1841 1903
f 1903 1841 1839
f 1903 1839 1905
f 1905 1839 1837
f 1905 1837 1907
f 1907 1837 1835
f 1907 1835 1909
f 1909 1835 1833
f 1909 1833 1911
f 1911 1833 1831
f 1911 1831 1913
f 1913 1831 1829
f 1913 1829 1915
f 1915 1829 1827
f 1915 1827 1917
f 1917 1827 1825
f 1917 1825 1919
f 1919 1825 1823
f 1919 1823 1921
f 1921 1823 1821
f 1921 1821 1923
f 1923 1821 1925
f 1924 1926 1787
f 1732 1730 1847
f 1787 1785 1924
f 1924 1785 1783
f 1924 1783 1922
f 1922 1783 1781
f 1922 1781 1920
f 1920 1781 1779
f 1920 1779 1918
f 1918 1779 1777
f 1918 1777 1916
f 1916 1777 1775
f 1916 1775 1914
f 1914 1775 1773
f 1914 1773 1912
f 1912 1773 1771
f 1912 1771 1910
f 1910 1771 1769
f 1910 1769 1908
f 1908 1769 1767
f 1908 1767 1906
f 1906 1767 1765
f 1906 1765 1904
f 1904 1765 1763
f 1904 1763 1902
f 1902 1763 1761
f 1902 1761 1900
f 1900 1761 1759
f 1900 1759 1883
f 1883 1759 1758
f 1883 1758 1876
f 1876 1758 1756
f 1876 1756 1874
f 1874 1756 1754
f 1874 1754 1872
f 1872 1754 1752
f 1872 1752 1870
f 1870 1752 1750
f 1870 1750 1868
f 1868 1750 1748
f 1868 1748 1866
f 1866 1748 1746
f 1866 1746 1864
f 1864 1746 1744
f 1864 1744 1862
f 1862 1744 1742
f 1862 1742 1860
f 1860 1742 1740
f 1860 1740 1858
f 1858 1740 1738
f 1858 1738 1856
f 1856 1738 1736
f 1856 1736 1854
f 1854 1736 1734
f 1854 1734 1852
f 1852 1734 1732
f 1852 1732 1850
f 1850 1732 1847
f 1947 1948 1949
f 1949 1948 1950
f 1948 1951 1950
f 1950 1951 1952
f 1950 1952 1953
f 1953 1952 1954
f 1953 1954 1955
f 1955 1954 1956
f 1955 1956 1957
f 1957 1956 1958
f 1957 1958 1959
f 1959 1958 1960
f 1959 1960 1961
f 1961 1960 1962
f 1961 1962 1963
f 1963 1962 1964
f 1963 1964 1965
f 1965 1964 1966
f 1965 1966 1967
f 1967 1966 1968
f 1967 1968 1969
f 1969 1968 1970
f 1969 1970 1971
f 1971 1970 1972
f 1971 1972 1973
f 1973 1972 1974
f 1973 1974 1975
f 1975 1974 1976
f 1975 1976 1977
f 1977 1976 1978
f 1977 1978 1979
f 1979 1978 1980
f 1979 1980 1981
f 1981 1980 1982
f 1981 1982 1983
f 1983 1982 1984
f 1983 1984 1985
f 1985 1984 1986
f 1985 1986 1987
f 1987 1986 1988
f 1987 1988 1989
f 1989 1988 1990
f 1989 1990 1991
f 1991 1990 1992
f 1991 1992 1993
f 1993 1992 1994
f 1993 1994 1995
f 1995 1994 1996
f 1995 1996 1997
f 1997 1996 1998
f 1997 1998 1999
f 1999 1998 2000
f 1999 2000 2001
f 2001 2000 2002
f 2001 2002 2003
f 2003 2002 2004
f 2003 2004 2005
f 2005 2004 2006
f 2005 2006 2007
f 2007 2006 2008
f 2007 2008 2009
f 2009 2008 2010
f 2009 2010 2011
f 2011 2010 2012
f 2011 2012 2013
f 2013 2012 2014
f 2013 2014 2015
f 2015 2014 2016
f 2015 2016 2017
f 2017 2016 2018
f 2017 2018 2019
f 2019 2018 2020
f 2019 2020 2021
f 2021 2020 2022
f 2021 2022 2023
f 2023 2022 2024
f 2023 2024 2025
f 2025 2024 1947
f 2025 1947 2026
f 2026 1947 1949
f 1951 2027 2028
f 1951 1948 2027
f 2027 1948 1947
f 2027 1947 2029
f 2029 1947 2024
f 2029 2024 2030
f 2031 1956 2032
f 2032 1956 1954
f 2032 1954 2028
f 2028 1954 1952
f 2028 1952 1951
f 2024 2022 2030
f 2030 2022 2020
f 2030 2020 2033
f 2033 2020 2018
f 2033 2018 2034
f 2034 2018 2016
f 2034 2016 2035
f 2036 1972 2037
f 2037 1972 1970
f 2037 1970 2038
f 2038 1970 1968
f 2038 1968 2039
f 1968 1966 2039
f 2039 1966 1964
f 2039 1964 2040
f 2040 1964 1962
f 2040 1962 2041
f 2041 1962 1960
f 2041 1960 2031
f 2031 1960 1958
f 2031 1958 1956
f 2042 1980 2043
f 2043 1980 1978
f 2043 1978 2044
f 2044 1978 1976
f 2044 1976 2036
f 2036 1976 1974
f 2036 1974 1972
f 2045 1996 2046
f 2046 1996 1994
f 2046 1994 2047
f 2047 1994 1992
f 2047 1992 2048
f 2049 2004 2050
f 2050 2004 2002
f 2050 2002 2051
f 2051 2002 2000
f 2051 2000 2045
f 2045 2000 1998
f 2045 1998 1996
f 1992 1990 2048
f 2048 1990 1988
f 2048 1988 2052
f 2052 1988 1986
f 2052 1986 2053
f 2053 1986 1984
f 2053 1984 2042
f 2042 1984 1982
f 2042 1982 1980
f 2016 2014 2035
f 2035 2014 2012
f 2035 2012 2054
f 2054 2012 2010
f 2054 2010 2055
f 2055 2010 2008
f 2055 2008 2049
f 2049 2008 2006
f 2049 2006 2004
f 2056 1979 1981
f 1977 1979 2057
f 2056 1981 2058
f 1959 2059 2060
f 1977 2057 1975
f 1959 1961 2059
f 2059 1961 1963
f 2059 1963 2061
f 2061 1963 1965
f 2061 1965 2062
f 2062 1965 1967
f 1987 2063 1985
f 1985 2063 2058
f 1985 2058 1983
f 1983 2058 1981
f 1967 1969 2062
f 2062 1969 1971
f 2062 1971 2057
f 2057 1971 1973
f 2057 1973 1975
f 2064 1955 2060
f 2060 1955 1957
f 2060 1957 1959
f 2065 2025 2026
f 2025 2065 2023
f 2023 2065 2066
f 2023 2066 2021
f 2067 2068 2069
f 2069 2068 2070
f 2069 2070 2071
f 2071 2070 2072
f 2071 2072 2073
f 2073 2072 2057
f 2073 2057 2074
f 2074 2057 1979
f 2074 1979 2075
f 2075 1979 2056
f 2067 2076 2068
f 2068 2076 2077
f 2068 2077 1987
f 1987 2077 2078
f 1987 2078 2063
f 2026 1949 2065
f 2065 1949 1950
f 2065 1950 2064
f 2064 1950 1953
f 2064 1953 1955
f 2079 2017 2066
f 2066 2017 2019
f 2066 2019 2021
f 2080 2013 2079
f 2079 2013 2015
f 2079 2015 2017
f 2080 2081 2013
f 2013 2081 2082
f 2013 2082 2011
f 2011 2082 2083
f 2068 2084 2070
f 2070 2084 2085
f 2070 2085 2086
f 2086 2085 2087
f 2086 2087 2079
f 2079 2087 2088
f 2079 2088 2080
f 2089 2007 2083
f 2083 2007 2009
f 2083 2009 2011
f 1999 2090 1997
f 1997 2090 2091
f 1997 2091 1995
f 1987 1989 2068
f 2068 1989 1991
f 2068 1991 2091
f 2091 1991 1993
f 2091 1993 1995
f 1999 2001 2090
f 2090 2001 2003
f 2090 2003 2089
f 2089 2003 2005
f 2089 2005 2007
f 2092 2027 2093
f 2093 2027 2029
f 2093 2029 2094
f 2094 2029 2030
f 2094 2030 2095
f 2095 2030 2033
f 2095 2033 2096
f 2096 2033 2034
f 2096 2034 2097
f 2097 2034 2035
f 2097 2035 2098
f 2098 2035 2054
f 2098 2054 2099
f 2099 2054 2055
f 2099 2055 2100
f 2100 2055 2049
f 2100 2049 2101
f 2101 2049 2050
f 2101 2050 2102
f 2102 2050 2051
f 2102 2051 2103
f 2103 2051 2045
f 2103 2045 2104
f 2104 2045 2046
f 2104 2046 2105
f 2105 2046 2047
f 2105 2047 2106
f 2106 2047 2048
f 2106 2048 2107
f 2107 2048 2052
f 2107 2052 2108
f 2108 2052 2053
f 2108 2053 2109
f 2109 2053 2042
f 2109 2042 2110
f 2110 2042 2043
f 2110 2043 2111
f 2111 2043 2044
f 2111 2044 2112
f 2112 2044 2036
f 2112 2036 2113
f 2113 2036 2037
f 2113 2037 2114
f 2114 2037 2038
f 2114 2038 2115
f 2115 2038 2039
f 2115 2039 2116
f 2116 2039 2040
f 2116 2040 2117
f 2117 2040 2041
f 2117 2041 2118
f 2118 2041 2031
f 2118 2031 2119
f 2119 2031 2032
f 2119 2032 2120
f 2120 2032 2028
f 2120 2028 2092
f 2092 2028 2027
f 2121 2122 2123
f 2119 2120 2124
f 2124 2120 2092
f 2124 2092 2125
f 2125 2092 2093
f 2125 2093 2126
f 2126 2093 2094
f 2127 2128 2094
f 2124 2129 2119
f 2119 2129 2130
f 2119 2130 2118
f 2118 2130 2131
f 2118 2131 2117
f 2117 2131 2132
f 2117 2132 2116
f 2116 2132 2133
f 2112 2113 2134
f 2134 2113 2114
f 2134 2114 2133
f 2133 2114 2115
f 2133 2115 2116
f 2135 2136 2137
f 2137 2136 2138
f 2137 2138 2128
f 2128 2138 2121
f 2128 2121 2094
f 2094 2121 2123
f 2094 2123 2126
f 2139 2140 2135
f 2135 2140 2141
f 2135 2141 2136
f 2122 2121 2142
f 2142 2121 2143
f 2142 2143 2134
f 2134 2143 2144
f 2134 2144 2112
f 2112 2144 2145
f 2112 2145 2111
f 2111 2145 2146
f 2111 2146 2110
f 2110 2146 2147
f 2110 2147 2109
f 2109 2147 2148
f 2109 2148 2108
f 2108 2148 2149
f 2108 2149 2107
f 2094 2095 2127
f 2127 2095 2096
f 2127 2096 2150
f 2150 2096 2097
f 2150 2097 2151
f 2151 2097 2098
f 2151 2098 2152
f 2152 2098 2099
f 2152 2099 2153
f 2153 2099 2100
f 2153 2100 2154
f 2100 2101 2154
f 2154 2101 2102
f 2154 2102 2155
f 2155 2102 2103
f 2155 2103 2156
f 2156 2103 2104
f 2104 2105 2156
f 2156 2105 2106
f 2156 2106 2139
f 2139 2106 2107
f 2139 2107 2140
f 2140 2107 2149
f 2071 2143 2069
f 2069 2143 2121
f 2069 2121 2067
f 2067 2121 2138
f 2067 2138 2076
f 2076 2138 2136
f 2076 2136 2077
f 2077 2136 2141
f 2077 2141 2078
f 2078 2141 2140
f 2078 2140 2063
f 2063 2140 2149
f 2063 2149 2058
f 2058 2149 2148
f 2058 2148 2056
f 2056 2148 2147
f 2056 2147 2075
f 2075 2147 2146
f 2075 2146 2074
f 2074 2146 2145
f 2074 2145 2073
f 2073 2145 2144
f 2073 2144 2071
f 2071 2144 2143
f 2064 2129 2065
f 2065 2129 2124
f 2065 2124 2066
f 2066 2124 2125
f 2066 2125 2079
f 2079 2125 2126
f 2079 2126 2086
f 2086 2126 2123
f 2086 2123 2070
f 2070 2123 2122
f 2070 2122 2072
f 2072 2122 2142
f 2072 2142 2057
f 2057 2142 2134
f 2057 2134 2062
f 2062 2134 2133
f 2062 2133 2061
f 2061 2133 2132
f 2061 2132 2059
f 2059 2132 2131
f 2059 2131 2060
f 2060 2131 2130
f 2060 2130 2064
f 2064 2130 2129
f 2080 2127 2081
f 2081 2127 2150
f 2081 2150 2082
f 2082 2150 2151
f 2082 2151 2083
f 2083 2151 2152
f 2083 2152 2089
f 2089 2152 2153
f 2089 2153 2090
f 2090 2153 2154
f 2090 2154 2091
f 2091 2154 2155
f 2091 2155 2068
f 2068 2155 2156
f 2068 2156 2084
f 2084 2156 2139
f 2084 2139 2085
f 2085 2139 2135
f 2085 2135 2087
f 2087 2135 2137
f 2087 2137 2088
f 2088 2137 2128
f 2088 2128 2080
f 2080 2128 2127
f 2157 2158 2159
f 2159 2160 2157
f 2157 2160 2161
f 2157 2161 2162
f 2163 2164 2165
f 2165 2164 2166
f 2165 2166 2167
f 2168 2169 2166
f 2166 2169 2170
f 2166 2170 2167
f 2163 2171 2164
f 2164 2171 2172
f 2164 2172 2173
f 2174 2175 2176
f 2177 2178 2179
f 2179 2178 2180
f 2179 2180 2181
f 2182 2183 2184
f 2184 2183 2164
f 2184 2164 2185
f 2182 2186 2183
f 2183 2186 2187
f 2183 2187 2168
f 2168 2187 2188
f 2168 2188 2189
f 2162 2190 2157
f 2157 2190 2191
f 2157 2191 2173
f 2173 2191 2192
f 2173 2192 2164
f 2164 2192 2193
f 2164 2193 2194
f 2194 2195 2164
f 2164 2195 2196
f 2164 2196 2197
f 2198 2199 2179
f 2179 2199 2200
f 2179 2200 2177
f 2185 2164 2201
f 2201 2164 2197
f 2201 2197 2176
f 2176 2197 2202
f 2176 2202 2174
f 2175 2203 2176
f 2176 2203 2204
f 2176 2204 2179
f 2179 2204 2205
f 2179 2205 2198
f 2189 2206 2168
f 2168 2206 2207
f 2168 2207 2180
f 2180 2207 2208
f 2180 2208 2181
f 2158 2209 2159
f 2159 2209 2210
f 2159 2210 2180
f 2180 2210 2211
f 2180 2211 2168
f 2168 2211 2212
f 2168 2212 2169
f 2213 2214 2215
f 2215 2214 2216
f 2217 2218 2219
f 2219 2218 2220
f 2221 2222 2223
f 2223 2222 2224
f 2225 2226 2227
f 2227 2226 2228
f 2227 2228 2229
f 2229 2230 2227
f 2227 2230 2231
f 2227 2231 2232
f 2233 2234 2223
f 2223 2234 2235
f 2223 2235 2236
f 2237 2221 2238
f 2238 2221 2223
f 2238 2223 2239
f 2239 2223 2236
f 2232 2240 2227
f 2227 2240 2241
f 2227 2241 2242
f 2242 2243 2227
f 2227 2243 2244
f 2227 2244 2223
f 2223 2244 2245
f 2223 2245 2233
f 2246 2247 2248
f 2248 2247 2249
f 2250 2251 2252
f 2252 2251 2253
f 2252 2253 2254
f 2254 2255 2252
f 2252 2255 2256
f 2252 2256 2257
f 2258 2246 2259
f 2259 2246 2248
f 2259 2248 2260
f 2260 2248 2261
f 2257 2262 2252
f 2252 2262 2263
f 2252 2263 2264
f 2265 2266 2248
f 2248 2266 2267
f 2248 2267 2261
f 2264 2268 2252
f 2252 2268 2269
f 2252 2269 2248
f 2248 2269 2270
f 2248 2270 2265
f 2271 2272 2235
f 2235 2272 2273
f 2235 2273 2236
f 2236 2273 2274
f 2236 2274 2275
f 2276 2277 2263
f 2278 2279 2234
f 2279 2280 2234
f 2234 2280 2281
f 2234 2281 2235
f 2235 2281 2282
f 2235 2282 2271
f 2283 2284 2257
f 2257 2284 2285
f 2257 2285 2262
f 2262 2285 2286
f 2262 2286 2287
f 2287 2288 2262
f 2262 2288 2289
f 2262 2289 2263
f 2263 2289 2290
f 2263 2290 2276
f 2291 2292 2239
f 2291 2239 2293
f 2275 2294 2236
f 2236 2294 2295
f 2236 2295 2239
f 2239 2295 2296
f 2239 2296 2293
f 2297 2298 2256
f 2256 2298 2299
f 2299 2300 2256
f 2256 2300 2301
f 2256 2301 2257
f 2257 2301 2302
f 2257 2302 2283
f 2303 2304 2232
f 2232 2304 2305
f 2232 2305 2240
f 2240 2305 2306
f 2240 2306 2307
f 2308 2309 2260
f 2308 2260 2310
f 2311 2312 2231
f 2231 2312 2313
f 2313 2314 2231
f 2231 2314 2315
f 2231 2315 2232
f 2232 2315 2316
f 2232 2316 2303
f 2317 2318 2267
f 2267 2318 2319
f 2267 2319 2261
f 2261 2319 2320
f 2261 2320 2321
f 2321 2322 2261
f 2261 2322 2323
f 2261 2323 2260
f 2260 2323 2324
f 2260 2324 2310
f 2307 2325 2240
f 2240 2325 2326
f 2240 2326 2241
f 2241 2326 2327
f 2241 2327 2328
f 2329 2330 2266
f 2266 2330 2331
f 2331 2332 2266
f 2266 2332 2333
f 2266 2333 2267
f 2267 2333 2334
f 2267 2334 2317
f 1879 1898 2270
f 1879 2270 2335
f 2269 1882 2336
f 2269 2336 2270
f 2270 2336 1880
f 2270 1880 2335
f 1897 2337 2243
f 2243 2337 1878
f 2338 2244 1877
f 1877 2244 2243
f 1877 2243 2339
f 2339 2243 1878
f 1892 2340 2245
f 1892 2245 2341
f 2338 1895 2244
f 2244 1895 2342
f 2244 2342 2245
f 2245 2342 1893
f 2245 1893 2341
f 1889 2343 2268
f 2268 2343 1887
f 1887 2344 2268
f 2268 2344 1886
f 2268 1886 2269
f 2269 1886 2345
f 2269 2345 1882
f 2254 2237 2255
f 2255 2237 2238
f 2255 2238 2256
f 2256 2238 2239
f 2256 2239 2297
f 2297 2239 2292
f 2277 2278 2263
f 2263 2278 2234
f 2263 2234 2264
f 2264 2234 2233
f 2264 2233 2268
f 2268 2233 2245
f 2268 2245 1889
f 1889 2245 2340
f 1898 1897 2270
f 2270 1897 2243
f 2270 2243 2265
f 2265 2243 2242
f 2265 2242 2266
f 2266 2242 2241
f 2266 2241 2329
f 2329 2241 2328
f 2309 2311 2260
f 2260 2311 2231
f 2260 2231 2259
f 2259 2231 2230
f 2259 2230 2258
f 2258 2230 2229
f 2213 2221 2237
f 2214 2213 2253
f 2253 2213 2237
f 2253 2237 2254
f 2217 2246 2258
f 2218 2217 2228
f 2228 2217 2258
f 2228 2258 2229
f 2278 2277 2176
f 2288 2287 2185
f 2206 2294 2275
f 2206 2275 2207
f 2294 2206 2295
f 2295 2206 2189
f 2295 2189 2296
f 2188 2291 2189
f 2189 2291 2293
f 2189 2293 2296
f 2187 2297 2188
f 2188 2297 2292
f 2188 2292 2291
f 2186 2299 2187
f 2187 2299 2298
f 2187 2298 2297
f 2182 2283 2186
f 2186 2283 2302
f 2302 2301 2186
f 2186 2301 2300
f 2186 2300 2299
f 2185 2287 2184
f 2287 2286 2184
f 2184 2286 2285
f 2184 2285 2182
f 2182 2285 2284
f 2182 2284 2283
f 2176 2277 2201
f 2277 2276 2201
f 2201 2276 2290
f 2201 2290 2185
f 2185 2290 2289
f 2185 2289 2288
f 2278 2176 2279
f 2279 2176 2179
f 2279 2179 2280
f 2280 2179 2181
f 2280 2181 2281
f 2281 2181 2282
f 2282 2181 2208
f 2282 2208 2271
f 2275 2274 2207
f 2207 2274 2273
f 2207 2273 2208
f 2208 2273 2272
f 2208 2272 2271
f 2325 2307 2212
f 2212 2307 2169
f 2211 2327 2212
f 2212 2327 2326
f 2212 2326 2325
f 2209 2330 2210
f 2210 2330 2329
f 2210 2329 2211
f 2211 2329 2328
f 2211 2328 2327
f 2158 2332 2209
f 2209 2332 2331
f 2209 2331 2330
f 2318 2317 2157
f 2157 2317 2334
f 2157 2334 2158
f 2158 2334 2333
f 2158 2333 2332
f 2318 2157 2319
f 2319 2157 2173
f 2319 2173 2320
f 2320 2173 2321
f 2321 2173 2172
f 2321 2172 2322
f 2322 2172 2323
f 2323 2172 2171
f 2323 2171 2324
f 2163 2308 2171
f 2171 2308 2310
f 2171 2310 2324
f 2165 2311 2163
f 2163 2311 2309
f 2163 2309 2308
f 2167 2313 2165
f 2165 2313 2312
f 2165 2312 2311
f 2170 2303 2167
f 2167 2303 2316
f 2316 2315 2167
f 2167 2315 2314
f 2167 2314 2313
f 2307 2306 2169
f 2169 2306 2305
f 2169 2305 2170
f 2170 2305 2304
f 2170 2304 2303
f 2183 2168 2346
f 2346 2168 2347
f 2348 2349 2350
f 2350 2349 2351
f 2352 2353 2164
f 2164 2353 2166
f 2354 2355 2356
f 2356 2355 2357
f 2338 2358 1895
f 1895 2358 2359
f 1895 2359 2342
f 2342 2359 2360
f 2342 2360 1893
f 1893 2360 2361
f 1893 2361 2341
f 2341 2361 2362
f 2341 2362 1892
f 1892 2362 2363
f 1892 2363 2340
f 2340 2363 2364
f 2340 2364 1889
f 1889 2364 2365
f 1889 2365 2343
f 2343 2365 2366
f 2343 2366 1887
f 1887 2366 2367
f 1887 2367 2344
f 2344 2367 2368
f 2344 2368 1886
f 1886 2368 2369
f 1886 2369 2345
f 2345 2369 2370
f 2345 2370 1882
f 1882 2370 2371
f 1882 2371 2336
f 2336 2371 2372
f 2336 2372 1880
f 1880 2372 2373
f 1880 2373 2335
f 2335 2373 2374
f 2335 2374 1879
f 1879 2374 2375
f 1879 2375 1898
f 1898 2375 2376
f 1898 2376 1897
f 1897 2376 2377
f 1897 2377 2337
f 2337 2377 2378
f 2337 2378 1878
f 1878 2378 2379
f 1878 2379 2339
f 2339 2379 2380
f 2339 2380 1877
f 1877 2380 2381
f 1877 2381 2338
f 2338 2381 2358
f 2360 2178 2361
f 2361 2178 2177
f 2361 2177 2362
f 2362 2177 2200
f 2362 2200 2363
f 2363 2200 2199
f 2363 2199 2364
f 2364 2199 2198
f 2364 2198 2365
f 2365 2198 2205
f 2365 2205 2366
f 2366 2205 2204
f 2366 2204 2367
f 2367 2204 2203
f 2367 2203 2368
f 2368 2203 2175
f 2368 2175 2369
f 2369 2175 2174
f 2369 2174 2370
f 2370 2174 2202
f 2370 2202 2371
f 2371 2202 2197
f 2371 2197 2372
f 2372 2197 2196
f 2372 2196 2373
f 2373 2196 2195
f 2373 2195 2374
f 2374 2195 2194
f 2374 2194 2375
f 2375 2194 2193
f 2375 2193 2376
f 2376 2193 2192
f 2376 2192 2377
f 2377 2192 2191
f 2377 2191 2378
f 2378 2191 2190
f 2378 2190 2379
f 2379 2190 2162
f 2379 2162 2380
f 2380 2162 2161
f 2380 2161 2381
f 2381 2161 2160
f 2381 2160 2358
f 2358 2160 2159
f 2358 2159 2359
f 2359 2159 2180
f 2359 2180 2360
f 2360 2180 2178
f 2246 2217 2247
f 2247 2217 2219
f 2247 2219 2354
f 2226 2220 2228
f 2228 2220 2218
f 2220 2355 2219
f 2219 2355 2354
f 2356 2249 2354
f 2354 2249 2247
f 2220 2226 2355
f 2249 2356 2352
f 2225 2357 2226
f 2226 2357 2355
f 2357 2353 2356
f 2356 2353 2352
f 2164 2248 2352
f 2352 2248 2249
f 2357 2225 2353
f 2183 2252 2164
f 2164 2252 2248
f 2227 2166 2225
f 2225 2166 2353
f 2346 2250 2183
f 2183 2250 2252
f 2250 2351 2251
f 2251 2351 2349
f 2251 2216 2253
f 2253 2216 2214
f 2223 2168 2227
f 2227 2168 2166
f 2250 2346 2351
f 2251 2349 2216
f 2224 2347 2223
f 2223 2347 2168
f 2347 2350 2346
f 2346 2350 2351
f 2348 2215 2349
f 2349 2215 2216
f 2215 2222 2213
f 2213 2222 2221
f 2347 2224 2350
f 2215 2348 2222
f 2222 2348 2224
f 2224 2348 2350
f 2382 2383 2384
f 2382 2384 2385
f 2384 2386 2385
f 2385 2386 2387
f 2385 2387 2388
f 2387 2389 2388
f 2388 2389 2390
f 2388 2390 2391
f 2391 2390 2392
f 2391 2392 2393
f 2393 2392 2394
f 2393 2394 2395
f 2396 2397 2398
f 2399 2400 2401
f 2401 2396 2399
f 2399 2396 2398
f 2399 2398 2402
f 2402 2398 2403
f 2402 2403 2404
f 2404 2403 2393
f 2405 2406 2407
f 2408 2409 2407
f 2407 2409 2410
f 2407 2410 2405
f 2411 2412 2413
f 2413 2412 2409
f 2413 2409 2414
f 2414 2409 2408
f 2415 2416 2401
f 2401 2416 2417
f 2401 2417 2396
f 2396 2417 2418
f 2419 2420 2421
f 2421 2420 2422
f 2423 2424 2425
f 2425 2424 2426
f 2427 2428 2429
f 2429 2428 2430
f 2431 2432 2433
f 2433 2432 2434
f 2435 2436 2437
f 2437 2436 2438
f 2439 2440 2441
f 2441 2440 2442
f 2443 2444 2445
f 2445 2444 2446
f 2447 2448 2449
f 2450 2451 2419
f 2419 2451 2452
f 2419 2452 2382
f 2382 2385 2419
f 2419 2385 2447
f 2419 2447 2420
f 2420 2447 2449
f 2453 2454 2455
f 2456 2457 2423
f 2423 2457 2458
f 2423 2458 2459
f 2459 2460 2423
f 2423 2460 2453
f 2423 2453 2424
f 2424 2453 2455
f 2461 2462 2463
f 2464 2465 2427
f 2427 2465 2466
f 2427 2466 2467
f 2467 2468 2427
f 2427 2468 2461
f 2427 2461 2428
f 2428 2461 2463
f 2469 2470 2471
f 2472 2473 2431
f 2431 2473 2474
f 2431 2474 2475
f 2475 2476 2431
f 2431 2476 2469
f 2431 2469 2432
f 2432 2469 2471
f 2477 2478 2479
f 2480 2481 2435
f 2435 2481 2482
f 2435 2482 2483
f 2483 2484 2435
f 2435 2484 2477
f 2435 2477 2436
f 2436 2477 2479
f 2440 2439 2485
f 2486 2487 2439
f 2439 2487 2488
f 2439 2488 2485
f 2489 2490 2491
f 2491 2490 2440
f 2491 2440 2492
f 2492 2440 2485
f 2493 2494 2495
f 2495 2494 2496
f 2497 2498 2443
f 2443 2498 2495
f 2443 2495 2444
f 2444 2495 2496
f 2444 2496 2499
f 2499 2496 2500
f 2501 2502 2412
f 2412 2502 2503
f 2504 2505 2506
f 2506 2505 2507
f 2506 2507 2508
f 2505 2509 2507
f 2507 2509 2510
f 2507 2510 2411
f 2411 2510 2511
f 2511 2512 2411
f 2411 2512 2513
f 2411 2513 2412
f 2513 2514 2412
f 2412 2514 2515
f 2412 2515 2516
f 2517 2501 2518
f 2518 2501 2412
f 2518 2412 2519
f 2519 2412 2516
f 2417 2520 2521
f 2521 2522 2417
f 2417 2522 2523
f 2417 2523 2524
f 2525 2526 2416
f 2416 2526 2527
f 2416 2527 2417
f 2417 2527 2528
f 2417 2528 2520
f 2392 2529 2394
f 2394 2529 2530
f 2394 2530 2531
f 2525 2416 2532
f 2532 2416 2394
f 2532 2394 2533
f 2533 2394 2531
f 2533 2531 2534
f 2418 2417 2524
f 2535 2536 2537
f 2538 2508 2507
f 2539 2540 2541
f 2541 2540 2542
f 2541 2542 2543
f 2507 2539 2538
f 2538 2539 2541
f 2538 2541 2544
f 2544 2541 2543
f 2544 2543 2545
f 2538 2546 2508
f 2508 2546 2537
f 2508 2537 2547
f 2547 2548 2549
f 2548 2550 2549
f 2549 2550 2551
f 2549 2551 2552
f 2442 2553 2554
f 2554 2553 2555
f 2554 2555 2556
f 2441 2442 2557
f 2557 2442 2554
f 2557 2554 2558
f 2558 2554 2556
f 2558 2556 2559
f 2560 2445 2561
f 2562 2563 2561
f 2561 2563 2564
f 2561 2564 2560
f 2565 2536 2566
f 2566 2536 2535
f 2566 2535 2567
f 2567 2535 2568
f 2568 2535 2446
f 2446 2535 2537
f 2446 2537 2445
f 2445 2537 2546
f 2445 2546 2561
f 2561 2546 2569
f 2561 2569 2562
f 2552 2570 2549
f 2549 2570 2441
f 2549 2441 2547
f 2547 2441 2557
f 2547 2557 2508
f 2508 2557 2571
f 2571 2572 2573
f 2572 2574 2573
f 2573 2574 2575
f 2573 2575 2576
f 2438 2577 2578
f 2578 2577 2579
f 2578 2579 2580
f 2437 2438 2581
f 2581 2438 2578
f 2581 2578 2582
f 2582 2578 2580
f 2582 2580 2583
f 2584 2585 2586
f 2587 2433 2588
f 2589 2590 2588
f 2588 2590 2591
f 2588 2591 2587
f 2592 2585 2593
f 2593 2585 2584
f 2593 2584 2594
f 2594 2584 2595
f 2595 2584 2434
f 2434 2584 2586
f 2434 2586 2433
f 2433 2586 2596
f 2433 2596 2588
f 2588 2596 2597
f 2588 2597 2589
f 2576 2598 2573
f 2573 2598 2437
f 2573 2437 2571
f 2571 2437 2581
f 2571 2581 2508
f 2508 2581 2596
f 2508 2596 2524
f 2524 2596 2586
f 2524 2586 2599
f 2599 2600 2601
f 2600 2602 2601
f 2601 2602 2603
f 2601 2603 2604
f 2430 2605 2606
f 2606 2605 2607
f 2606 2607 2608
f 2429 2430 2609
f 2609 2430 2606
f 2609 2606 2610
f 2610 2606 2608
f 2610 2608 2611
f 2612 2613 2614
f 2615 2616 2614
f 2614 2616 2425
f 2614 2425 2612
f 2613 2617 2614
f 2614 2617 2618
f 2614 2618 2615
f 2619 2620 2621
f 2426 2622 2623
f 2623 2622 2624
f 2623 2624 2619
f 2619 2621 2623
f 2623 2621 2625
f 2623 2625 2426
f 2625 2626 2524
f 2604 2627 2601
f 2601 2627 2429
f 2601 2429 2599
f 2599 2429 2609
f 2599 2609 2524
f 2524 2609 2612
f 2524 2612 2625
f 2625 2612 2425
f 2625 2425 2426
f 2626 2628 2629
f 2628 2630 2629
f 2629 2630 2631
f 2629 2631 2632
f 2422 2633 2634
f 2634 2633 2635
f 2634 2635 2636
f 2421 2422 2637
f 2637 2422 2634
f 2637 2634 2638
f 2638 2634 2636
f 2638 2636 2639
f 2640 2641 2642
f 2641 2643 2642
f 2642 2643 2644
f 2642 2644 2645
f 2645 2646 2642
f 2642 2646 2418
f 2642 2418 2640
f 2640 2418 2524
f 2640 2524 2637
f 2637 2524 2626
f 2637 2626 2421
f 2421 2626 2629
f 2421 2629 2647
f 2647 2629 2632
f 2506 2508 2523
f 2523 2508 2524
f 2529 2517 2530
f 2530 2517 2518
f 2530 2518 2531
f 2531 2518 2519
f 2539 2507 2413
f 2413 2507 2411
f 2648 2493 2649
f 2649 2493 2495
f 2649 2495 2650
f 2650 2495 2651
f 2651 2495 2652
f 2652 2495 2569
f 2652 2569 2546
f 2406 2653 2407
f 2407 2653 2654
f 2407 2654 2655
f 2538 2544 2656
f 2656 2544 2407
f 2656 2407 2657
f 2657 2407 2655
f 2648 2649 2653
f 2653 2649 2654
f 2658 2485 2659
f 2659 2485 2488
f 2659 2488 2660
f 2660 2488 2661
f 2661 2488 2662
f 2662 2488 2548
f 2662 2548 2547
f 2494 2663 2496
f 2496 2663 2664
f 2496 2664 2665
f 2537 2536 2666
f 2666 2536 2496
f 2666 2496 2667
f 2667 2496 2665
f 2658 2659 2663
f 2663 2659 2664
f 2668 2483 2669
f 2669 2483 2482
f 2669 2482 2670
f 2670 2482 2671
f 2671 2482 2672
f 2672 2482 2572
f 2672 2572 2571
f 2492 2673 2491
f 2491 2673 2674
f 2491 2674 2675
f 2557 2558 2676
f 2676 2558 2491
f 2676 2491 2677
f 2677 2491 2675
f 2668 2669 2673
f 2673 2669 2674
f 2678 2475 2679
f 2679 2475 2474
f 2679 2474 2680
f 2680 2474 2681
f 2681 2474 2682
f 2682 2474 2597
f 2682 2597 2596
f 2484 2683 2477
f 2477 2683 2684
f 2477 2684 2685
f 2581 2582 2686
f 2686 2582 2477
f 2686 2477 2687
f 2687 2477 2685
f 2678 2679 2683
f 2683 2679 2684
f 2688 2467 2689
f 2689 2467 2466
f 2689 2466 2690
f 2690 2466 2691
f 2691 2466 2692
f 2692 2466 2600
f 2692 2600 2599
f 2476 2693 2469
f 2469 2693 2694
f 2469 2694 2695
f 2586 2585 2696
f 2696 2585 2469
f 2696 2469 2697
f 2697 2469 2695
f 2688 2689 2693
f 2693 2689 2694
f 2698 2459 2699
f 2699 2459 2458
f 2699 2458 2700
f 2700 2458 2701
f 2701 2458 2702
f 2702 2458 2613
f 2702 2613 2612
f 2468 2703 2461
f 2461 2703 2704
f 2461 2704 2705
f 2609 2610 2706
f 2706 2610 2461
f 2706 2461 2707
f 2707 2461 2705
f 2698 2699 2703
f 2703 2699 2704
f 2383 2382 2708
f 2708 2382 2452
f 2708 2452 2709
f 2709 2452 2710
f 2710 2452 2711
f 2711 2452 2628
f 2711 2628 2626
f 2460 2712 2453
f 2453 2712 2713
f 2453 2713 2714
f 2625 2621 2715
f 2715 2621 2453
f 2715 2453 2716
f 2716 2453 2714
f 2712 2717 2718
f 2719 2384 2383
f 2708 2713 2383
f 2383 2713 2712
f 2383 2712 2719
f 2719 2712 2718
f 2391 2393 2720
f 2720 2393 2403
f 2720 2403 2721
f 2721 2403 2722
f 2722 2403 2723
f 2723 2403 2641
f 2723 2641 2640
f 2385 2388 2447
f 2447 2388 2724
f 2447 2724 2725
f 2637 2638 2726
f 2726 2638 2447
f 2726 2447 2727
f 2727 2447 2725
f 2720 2724 2391
f 2391 2724 2388
f 2723 2640 2726
f 2726 2640 2637
f 2711 2626 2715
f 2715 2626 2625
f 2702 2612 2706
f 2706 2612 2609
f 2692 2599 2696
f 2696 2599 2586
f 2682 2596 2686
f 2686 2596 2581
f 2672 2571 2676
f 2676 2571 2557
f 2662 2547 2666
f 2666 2547 2537
f 2652 2546 2656
f 2656 2546 2538
f 2654 2649 2650
f 2654 2650 2655
f 2655 2650 2651
f 2655 2651 2657
f 2657 2651 2652
f 2657 2652 2656
f 2664 2659 2660
f 2664 2660 2665
f 2665 2660 2661
f 2665 2661 2667
f 2667 2661 2662
f 2667 2662 2666
f 2674 2669 2670
f 2674 2670 2675
f 2675 2670 2671
f 2675 2671 2677
f 2677 2671 2672
f 2677 2672 2676
f 2684 2679 2680
f 2684 2680 2685
f 2685 2680 2681
f 2685 2681 2687
f 2687 2681 2682
f 2687 2682 2686
f 2694 2689 2690
f 2694 2690 2695
f 2695 2690 2691
f 2695 2691 2697
f 2697 2691 2692
f 2697 2692 2696
f 2704 2699 2700
f 2704 2700 2705
f 2705 2700 2701
f 2705 2701 2707
f 2707 2701 2702
f 2707 2702 2706
f 2713 2708 2709
f 2713 2709 2714
f 2714 2709 2710
f 2714 2710 2716
f 2716 2710 2711
f 2716 2711 2715
f 2723 2726 2727
f 2723 2727 2722
f 2722 2727 2725
f 2722 2725 2721
f 2721 2725 2724
f 2721 2724 2720
f 2406 2728 2502
f 2729 2730 2459
f 2459 2730 2460
f 2460 2730 2717
f 2460 2717 2712
f 2468 2467 2703
f 2703 2467 2688
f 2729 2459 2731
f 2731 2459 2698
f 2731 2698 2732
f 2732 2698 2703
f 2732 2703 2733
f 2733 2703 2688
f 2733 2688 2693
f 2683 2484 2483
f 2483 2668 2683
f 2683 2668 2733
f 2683 2733 2678
f 2678 2733 2693
f 2678 2693 2475
f 2475 2693 2476
f 2492 2485 2673
f 2673 2485 2658
f 2663 2494 2734
f 2501 2735 2736
f 2668 2673 2733
f 2733 2673 2658
f 2733 2658 2737
f 2737 2658 2663
f 2737 2663 2738
f 2738 2663 2734
f 2406 2502 2653
f 2502 2501 2653
f 2653 2501 2736
f 2653 2736 2648
f 2648 2736 2739
f 2648 2739 2493
f 2739 2740 2493
f 2493 2740 2741
f 2493 2741 2494
f 2494 2741 2742
f 2494 2742 2734
f 2539 2413 2540
f 2540 2413 2414
f 2540 2414 2542
f 2542 2414 2543
f 2543 2414 2408
f 2543 2408 2545
f 2545 2408 2407
f 2545 2407 2544
f 2495 2498 2569
f 2569 2498 2562
f 2497 2443 2445
f 2445 2560 2497
f 2497 2560 2564
f 2497 2564 2498
f 2498 2564 2563
f 2498 2563 2562
f 2446 2444 2568
f 2568 2444 2499
f 2568 2499 2567
f 2567 2499 2566
f 2566 2499 2500
f 2566 2500 2565
f 2565 2500 2496
f 2565 2496 2536
f 2488 2487 2548
f 2548 2487 2550
f 2486 2439 2441
f 2441 2570 2486
f 2486 2570 2552
f 2486 2552 2487
f 2487 2552 2551
f 2487 2551 2550
f 2442 2440 2553
f 2553 2440 2490
f 2553 2490 2555
f 2555 2490 2556
f 2556 2490 2489
f 2556 2489 2559
f 2559 2489 2491
f 2559 2491 2558
f 2482 2481 2572
f 2572 2481 2574
f 2480 2435 2437
f 2437 2598 2480
f 2480 2598 2576
f 2480 2576 2481
f 2481 2576 2575
f 2481 2575 2574
f 2438 2436 2577
f 2577 2436 2479
f 2577 2479 2579
f 2579 2479 2580
f 2580 2479 2478
f 2580 2478 2583
f 2583 2478 2477
f 2583 2477 2582
f 2474 2473 2597
f 2597 2473 2589
f 2472 2431 2433
f 2433 2587 2472
f 2472 2587 2591
f 2472 2591 2473
f 2473 2591 2590
f 2473 2590 2589
f 2434 2432 2595
f 2595 2432 2471
f 2595 2471 2594
f 2594 2471 2593
f 2593 2471 2470
f 2593 2470 2592
f 2592 2470 2469
f 2592 2469 2585
f 2466 2465 2600
f 2600 2465 2602
f 2464 2427 2429
f 2429 2627 2464
f 2464 2627 2604
f 2464 2604 2465
f 2465 2604 2603
f 2465 2603 2602
f 2430 2428 2605
f 2605 2428 2463
f 2605 2463 2607
f 2607 2463 2608
f 2608 2463 2462
f 2608 2462 2611
f 2611 2462 2461
f 2611 2461 2610
f 2458 2457 2613
f 2613 2457 2617
f 2456 2423 2425
f 2425 2616 2456
f 2456 2616 2615
f 2456 2615 2457
f 2457 2615 2618
f 2457 2618 2617
f 2426 2424 2622
f 2622 2424 2455
f 2622 2455 2624
f 2624 2455 2619
f 2619 2455 2454
f 2619 2454 2620
f 2620 2454 2453
f 2620 2453 2621
f 2452 2451 2628
f 2628 2451 2630
f 2450 2419 2421
f 2421 2647 2450
f 2450 2647 2632
f 2450 2632 2451
f 2451 2632 2631
f 2451 2631 2630
f 2422 2420 2633
f 2633 2420 2449
f 2633 2449 2635
f 2635 2449 2636
f 2636 2449 2448
f 2636 2448 2639
f 2639 2448 2447
f 2639 2447 2638
f 2403 2398 2641
f 2641 2398 2643
f 2397 2396 2418
f 2418 2646 2397
f 2397 2646 2645
f 2397 2645 2398
f 2398 2645 2644
f 2398 2644 2643
f 2409 2412 2743
f 2743 2412 2503
f 2503 2502 2743
f 2743 2502 2728
f 2743 2728 2744
f 2744 2728 2745
f 2400 2399 2746
f 2746 2399 2747
f 2748 2749 2747
f 2747 2749 2395
f 2747 2395 2746
f 2746 2395 2394
f 2746 2394 2415
f 2415 2394 2416
f 2728 2406 2405
f 2728 2405 2745
f 2745 2405 2410
f 2745 2410 2744
f 2744 2410 2409
f 2744 2409 2743
f 2747 2399 2402
f 2747 2402 2748
f 2748 2402 2404
f 2748 2404 2749
f 2749 2404 2393
f 2749 2393 2395
f 2400 2746 2401
f 2401 2746 2415
f 2533 2515 2532
f 2532 2515 2514
f 2532 2514 2525
f 2525 2514 2513
f 2525 2513 2526
f 2526 2513 2512
f 2526 2512 2527
f 2527 2512 2511
f 2527 2511 2528
f 2528 2511 2510
f 2528 2510 2520
f 2520 2510 2509
f 2520 2509 2521
f 2521 2509 2505
f 2531 2519 2516
f 2531 2516 2534
f 2534 2516 2515
f 2534 2515 2533
f 2521 2505 2504
f 2521 2504 2522
f 2522 2504 2506
f 2522 2506 2523
f 2733 2750 2751
f 2501 2517 2735
f 2735 2517 2529
f 2529 2392 2390
f 2752 2753 2390
f 2390 2753 2732
f 2390 2732 2529
f 2529 2732 2733
f 2529 2733 2735
f 2735 2733 2751
f 2751 2754 2735
f 2735 2754 2736
f 2755 2750 2737
f 2737 2750 2733
f 2755 2737 2738
f 2755 2738 2756
f 2756 2738 2734
f 2756 2734 2757
f 2757 2734 2742
f 2757 2742 2758
f 2759 2758 2741
f 2741 2758 2742
f 2759 2741 2740
f 2759 2740 2760
f 2760 2740 2739
f 2760 2739 2761
f 2761 2739 2736
f 2761 2736 2754
f 2759 2760 2761
f 2750 2755 2751
f 2751 2755 2756
f 2761 2754 2759
f 2759 2754 2751
f 2759 2751 2758
f 2758 2751 2756
f 2758 2756 2757
f 2762 2752 2389
f 2389 2752 2390
f 2762 2389 2387
f 2762 2387 2763
f 2763 2387 2386
f 2763 2386 2764
f 2764 2386 2384
f 2764 2384 2719
f 2718 2717 2730
f 2718 2730 2765
f 2765 2730 2729
f 2765 2729 2766
f 2766 2729 2731
f 2766 2731 2767
f 2753 2767 2732
f 2732 2767 2731
f 2718 2765 2766
f 2752 2762 2753
f 2753 2762 2763
f 2766 2767 2718
f 2718 2767 2753
f 2718 2753 2719
f 2719 2753 2763
f 2719 2763 2764
f 2768 2769 2770
f 2771 2772 2773
f 2773 2772 2774
f 2773 2774 2775
f 2776 2777 2778
f 2779 2780 2781
f 2782 2783 2784
f 2782 2784 2785
f 2786 2787 2788
f 2788 2789 2786
f 2786 2789 2790
f 2786 2790 2791
f 2792 2793 2794
f 2794 2793 2795
f 2784 2796 2785
f 2785 2796 2797
f 2785 2797 2777
f 2777 2797 2798
f 2777 2798 2778
f 2799 2772 2800
f 2800 2772 2771
f 2800 2771 2801
f 2801 2771 2802
f 2801 2802 2803
f 2803 2802 2791
f 2803 2791 2804
f 2804 2791 2790
f 2805 2806 2787
f 2787 2806 2807
f 2787 2807 2788
f 2781 2808 2779
f 2779 2808 2806
f 2779 2806 2809
f 2809 2806 2805
f 2809 2805 2810
f 2810 2805 2811
f 2770 2776 2768
f 2768 2776 2778
f 2768 2778 2795
f 2795 2778 2806
f 2795 2806 2794
f 2794 2806 2808
f 2812 2813 2814
f 2815 2816 2814
f 2814 2816 2817
f 2814 2817 2812
f 2818 2819 2820
f 2820 2819 2816
f 2820 2816 2821
f 2821 2816 2815
f 2822 2823 2824
f 2825 2826 2827
f 2827 2822 2825
f 2825 2822 2824
f 2825 2824 2828
f 2828 2824 2829
f 2828 2829 2830
f 2830 2829 2773
f 2831 2832 2833
f 2833 2832 2834
f 2820 2835 2818
f 2818 2835 2836
f 2818 2836 2837
f 2837 2836 2838
f 2839 2840 2841
f 2841 2840 2842
f 2843 2844 2845
f 2845 2844 2846
f 2847 2848 2849
f 2849 2848 2850
f 2851 2852 2853
f 2853 2852 2854
f 2855 2856 2857
f 2857 2856 2858
f 2859 2860 2861
f 2861 2860 2862
f 2863 2864 2865
f 2865 2864 2866
f 2867 2868 2834
f 2834 2868 2865
f 2834 2865 2833
f 2833 2865 2866
f 2833 2866 2869
f 2869 2866 2870
f 2782 2785 2871
f 2871 2785 2872
f 2873 2874 2842
f 2842 2874 2871
f 2842 2871 2841
f 2841 2871 2872
f 2841 2872 2875
f 2875 2872 2876
f 2877 2878 2879
f 2880 2881 2846
f 2846 2881 2882
f 2846 2882 2770
f 2770 2769 2846
f 2846 2769 2877
f 2846 2877 2845
f 2845 2877 2879
f 2847 2883 2884
f 2792 2848 2793
f 2793 2848 2847
f 2793 2847 2885
f 2885 2847 2884
f 2781 2780 2886
f 2886 2780 2887
f 2888 2889 2854
f 2854 2889 2886
f 2854 2886 2853
f 2853 2886 2887
f 2853 2887 2890
f 2890 2887 2891
f 2810 2811 2892
f 2892 2811 2893
f 2894 2895 2858
f 2858 2895 2892
f 2858 2892 2857
f 2857 2892 2893
f 2857 2893 2896
f 2896 2893 2897
f 2786 2791 2898
f 2898 2791 2899
f 2900 2901 2862
f 2862 2901 2898
f 2862 2898 2861
f 2861 2898 2899
f 2861 2899 2902
f 2902 2899 2903
f 2904 2905 2906
f 2906 2905 2907
f 2906 2907 2908
f 2908 2907 2909
f 2910 2911 2912
f 2912 2911 2913
f 2914 2915 2913
f 2916 2917 2913
f 2918 2919 2920
f 2921 2911 2836
f 2835 2922 2923
f 2923 2922 2924
f 2923 2924 2925
f 2836 2835 2921
f 2921 2835 2923
f 2921 2923 2926
f 2926 2923 2925
f 2926 2925 2927
f 2921 2928 2911
f 2911 2928 2920
f 2911 2920 2929
f 2929 2930 2931
f 2930 2932 2931
f 2931 2932 2933
f 2931 2933 2934
f 2839 2935 2936
f 2936 2935 2937
f 2936 2937 2938
f 2840 2839 2939
f 2939 2839 2936
f 2939 2936 2940
f 2940 2936 2938
f 2940 2938 2941
f 2942 2832 2943
f 2944 2945 2943
f 2943 2945 2946
f 2943 2946 2942
f 2947 2919 2948
f 2948 2919 2918
f 2948 2918 2949
f 2949 2918 2950
f 2950 2918 2831
f 2831 2918 2920
f 2831 2920 2832
f 2832 2920 2928
f 2832 2928 2943
f 2943 2928 2951
f 2943 2951 2944
f 2934 2952 2931
f 2931 2952 2840
f 2931 2840 2929
f 2929 2840 2939
f 2929 2939 2911
f 2911 2939 2953
f 2953 2954 2955
f 2954 2956 2955
f 2955 2956 2957
f 2955 2957 2958
f 2843 2959 2960
f 2960 2959 2961
f 2960 2961 2962
f 2844 2843 2963
f 2963 2843 2960
f 2963 2960 2964
f 2964 2960 2962
f 2964 2962 2965
f 2849 2850 2966
f 2958 2967 2955
f 2955 2967 2844
f 2955 2844 2953
f 2953 2844 2963
f 2953 2963 2911
f 2911 2963 2968
f 2968 2969 2970
f 2969 2971 2970
f 2970 2971 2972
f 2970 2972 2973
f 2966 2974 2913
f 2973 2975 2970
f 2970 2975 2849
f 2970 2849 2968
f 2968 2849 2966
f 2968 2966 2911
f 2911 2966 2913
f 2974 2976 2977
f 2976 2978 2977
f 2977 2978 2979
f 2977 2979 2980
f 2851 2981 2982
f 2982 2981 2983
f 2982 2983 2984
f 2852 2851 2985
f 2985 2851 2982
f 2985 2982 2986
f 2986 2982 2984
f 2986 2984 2987
f 2988 2989 2990
f 2991 2992 2990
f 2990 2992 2856
f 2990 2856 2988
f 2989 2993 2990
f 2990 2993 2994
f 2990 2994 2991
f 2995 2996 2997
f 2855 2998 2999
f 2999 2998 3000
f 2999 3000 2995
f 2995 2997 2999
f 2999 2997 2916
f 2999 2916 2855
f 2980 3001 2977
f 2977 3001 2852
f 2977 2852 2974
f 2974 2852 2985
f 2974 2985 2913
f 2913 2985 2988
f 2913 2988 2916
f 2916 2988 2856
f 2916 2856 2855
f 2917 3002 3003
f 3002 3004 3003
f 3003 3004 3005
f 3003 3005 3006
f 2859 3007 3008
f 3008 3007 3009
f 3008 3009 3010
f 2860 2859 3011
f 3011 2859 3008
f 3011 3008 3012
f 3012 3008 3010
f 3012 3010 3013
f 3014 3015 3016
f 3015 3017 3016
f 3016 3017 3018
f 3016 3018 3019
f 3019 3020 3016
f 3016 3020 2914
f 3016 2914 3014
f 3014 2914 2913
f 3014 2913 3011
f 3011 2913 2917
f 3011 2917 2860
f 2860 2917 3003
f 2860 3003 3021
f 3021 3003 3006
f 3022 3023 2838
f 2838 3023 3024
f 3025 3026 2910
f 2910 3026 2836
f 2910 2836 2911
f 3026 3027 2836
f 2836 3027 3028
f 2836 3028 2838
f 2838 3028 3029
f 2838 3029 3022
f 3023 3030 3024
f 3024 3030 3031
f 3024 3031 3032
f 2908 3033 2906
f 2906 3033 3024
f 2906 3024 2904
f 2904 3024 3032
f 3034 2774 2826
f 2826 2774 2772
f 2915 3035 3036
f 3037 3038 2827
f 2827 3038 3039
f 2827 3039 2915
f 2915 3039 3040
f 2915 3040 3035
f 3036 3041 2915
f 2915 3041 2912
f 2915 2912 2913
f 2772 2909 2826
f 2826 2909 2907
f 2826 2907 2905
f 3037 2827 3042
f 3042 2827 2826
f 3042 2826 3043
f 3043 2826 2905
f 3043 2905 3044
f 2822 2827 2914
f 2914 2827 2915
f 2791 2802 2899
f 2899 2802 3045
f 2899 3045 3046
f 3011 3012 3047
f 3047 3012 2899
f 3047 2899 3048
f 3048 2899 3046
f 2771 2773 3049
f 3049 2773 2829
f 3049 2829 3050
f 3050 2829 3051
f 3051 2829 3052
f 3052 2829 3015
f 3052 3015 3014
f 2771 3049 2802
f 2802 3049 3045
f 2811 2805 2893
f 2893 2805 3053
f 2893 3053 3054
f 2916 2997 3055
f 3055 2997 2893
f 3055 2893 3056
f 3056 2893 3054
f 2787 2786 3057
f 3057 2786 2898
f 3057 2898 3058
f 3058 2898 3059
f 3059 2898 3060
f 3060 2898 3002
f 3060 3002 2917
f 2787 3057 2805
f 2805 3057 3053
f 2780 2779 2887
f 2887 2779 3061
f 2887 3061 3062
f 2985 2986 3063
f 3063 2986 2887
f 3063 2887 3064
f 3064 2887 3062
f 2809 2810 3065
f 3065 2810 2892
f 3065 2892 3066
f 3066 2892 3067
f 3067 2892 3068
f 3068 2892 2989
f 3068 2989 2988
f 2809 3065 2779
f 2779 3065 3061
f 2848 3069 3070
f 2966 2850 3071
f 3071 2850 2848
f 3071 2848 3072
f 3072 2848 3070
f 2792 2794 2848
f 2848 2794 3073
f 2848 3073 3069
f 2976 2974 3074
f 2976 3074 2886
f 2886 3074 3075
f 2886 3075 3076
f 2808 2781 3077
f 3077 2781 2886
f 3077 2886 3078
f 3078 2886 3076
f 2808 3077 2794
f 2794 3077 3073
f 2877 3079 3080
f 2963 2964 3081
f 3081 2964 2877
f 3081 2877 3082
f 3082 2877 3080
f 2769 2768 2877
f 2877 2768 3083
f 2877 3083 3079
f 2969 2968 3084
f 2969 3084 2885
f 2885 3084 3085
f 2885 3085 3086
f 2795 2793 3087
f 3087 2793 2885
f 3087 2885 3088
f 3088 2885 3086
f 2795 3087 2768
f 2768 3087 3083
f 2785 2777 2872
f 2872 2777 3089
f 2872 3089 3090
f 2939 2940 3091
f 3091 2940 2872
f 3091 2872 3092
f 3092 2872 3090
f 2776 2770 3093
f 3093 2770 2882
f 3093 2882 3094
f 3094 2882 3095
f 3095 2882 3096
f 3096 2882 2954
f 3096 2954 2953
f 2776 3093 2777
f 2777 3093 3089
f 2864 3097 2866
f 2866 3097 3098
f 2866 3098 3099
f 2920 2919 3100
f 3100 2919 2866
f 3100 2866 3101
f 3101 2866 3099
f 2783 2782 3102
f 3102 2782 2871
f 3102 2871 3103
f 3103 2871 3104
f 3104 2871 3105
f 3105 2871 2930
f 3105 2930 2929
f 3097 3106 3107
f 3108 2784 2783
f 3102 3098 2783
f 2783 3098 3097
f 2783 3097 3108
f 3108 3097 3107
f 2813 3109 2814
f 2814 3109 3110
f 2814 3110 3111
f 2921 2926 3112
f 3112 2926 2814
f 3112 2814 3113
f 3113 2814 3111
f 3114 2863 3115
f 3115 2863 2865
f 3115 2865 3116
f 3116 2865 3117
f 3117 2865 3118
f 3118 2865 2951
f 3118 2951 2928
f 3115 3110 3114
f 3114 3110 3109
f 3118 2928 3112
f 3112 2928 2921
f 3105 2929 3100
f 3100 2929 2920
f 3096 2953 3091
f 3091 2953 2939
f 3084 2968 3081
f 3081 2968 2963
f 3074 2974 3071
f 3071 2974 2966
f 3068 2988 3063
f 3063 2988 2985
f 3060 2917 3055
f 3055 2917 2916
f 3052 3014 3047
f 3047 3014 3011
f 3045 3049 3050
f 3045 3050 3046
f 3046 3050 3051
f 3046 3051 3048
f 3048 3051 3052
f 3048 3052 3047
f 3053 3057 3058
f 3053 3058 3054
f 3054 3058 3059
f 3054 3059 3056
f 3056 3059 3060
f 3056 3060 3055
f 3061 3065 3066
f 3061 3066 3062
f 3062 3066 3067
f 3062 3067 3064
f 3064 3067 3068
f 3064 3068 3063
f 3073 3077 3078
f 3073 3078 3069
f 3069 3078 3076
f 3069 3076 3070
f 3070 3076 3075
f 3070 3075 3072
f 3072 3075 3074
f 3072 3074 3071
f 3083 3087 3088
f 3083 3088 3079
f 3079 3088 3086
f 3079 3086 3080
f 3080 3086 3085
f 3080 3085 3082
f 3082 3085 3084
f 3082 3084 3081
f 3089 3093 3094
f 3089 3094 3090
f 3090 3094 3095
f 3090 3095 3092
f 3092 3095 3096
f 3092 3096 3091
f 3098 3102 3103
f 3098 3103 3099
f 3099 3103 3104
f 3099 3104 3101
f 3101 3104 3105
f 3101 3105 3100
f 3118 3112 3113
f 3118 3113 3117
f 3117 3113 3111
f 3117 3111 3116
f 3116 3111 3110
f 3116 3110 3115
f 3114 3109 3033
f 2863 3119 2864
f 2864 3119 3106
f 2864 3106 3097
f 3033 3109 3024
f 3024 3109 2813
f 3024 2813 3120
f 3033 3121 3114
f 3114 3121 3122
f 3114 3122 2863
f 2863 3122 3123
f 2863 3123 3119
f 2829 2824 3015
f 3015 2824 3017
f 2823 2822 2914
f 2914 3020 2823
f 2823 3020 3019
f 2823 3019 2824
f 2824 3019 3018
f 2824 3018 3017
f 2859 2861 3007
f 3007 2861 2902
f 3007 2902 3009
f 3009 2902 3010
f 3010 2902 2903
f 3010 2903 3013
f 3013 2903 2899
f 3013 2899 3012
f 2898 2901 3002
f 3002 2901 3004
f 2900 2862 2860
f 2860 3021 2900
f 2900 3021 3006
f 2900 3006 2901
f 2901 3006 3005
f 2901 3005 3004
f 2855 2857 2998
f 2998 2857 2896
f 2998 2896 3000
f 3000 2896 2995
f 2995 2896 2897
f 2995 2897 2996
f 2996 2897 2893
f 2996 2893 2997
f 2892 2895 2989
f 2989 2895 2993
f 2894 2858 2856
f 2856 2992 2894
f 2894 2992 2991
f 2894 2991 2895
f 2895 2991 2994
f 2895 2994 2993
f 2851 2853 2981
f 2981 2853 2890
f 2981 2890 2983
f 2983 2890 2984
f 2984 2890 2891
f 2984 2891 2987
f 2987 2891 2887
f 2987 2887 2986
f 2886 2889 2976
f 2976 2889 2978
f 2888 2854 2852
f 2852 3001 2888
f 2888 3001 2980
f 2888 2980 2889
f 2889 2980 2979
f 2889 2979 2978
f 2885 2884 2969
f 2969 2884 2971
f 2883 2847 2849
f 2849 2975 2883
f 2883 2975 2973
f 2883 2973 2884
f 2884 2973 2972
f 2884 2972 2971
f 2843 2845 2959
f 2959 2845 2879
f 2959 2879 2961
f 2961 2879 2962
f 2962 2879 2878
f 2962 2878 2965
f 2965 2878 2877
f 2965 2877 2964
f 2882 2881 2954
f 2954 2881 2956
f 2880 2846 2844
f 2844 2967 2880
f 2880 2967 2958
f 2880 2958 2881
f 2881 2958 2957
f 2881 2957 2956
f 2839 2841 2935
f 2935 2841 2875
f 2935 2875 2937
f 2937 2875 2938
f 2938 2875 2876
f 2938 2876 2941
f 2941 2876 2872
f 2941 2872 2940
f 2871 2874 2930
f 2930 2874 2932
f 2873 2842 2840
f 2840 2952 2873
f 2873 2952 2934
f 2873 2934 2874
f 2874 2934 2933
f 2874 2933 2932
f 2831 2833 2950
f 2950 2833 2869
f 2950 2869 2949
f 2949 2869 2948
f 2948 2869 2870
f 2948 2870 2947
f 2947 2870 2866
f 2947 2866 2919
f 2835 2820 2922
f 2922 2820 2821
f 2922 2821 2924
f 2924 2821 2925
f 2925 2821 2815
f 2925 2815 2927
f 2927 2815 2814
f 2927 2814 2926
f 2865 2868 2951
f 2951 2868 2944
f 2867 2834 2832
f 2832 2942 2867
f 2867 2942 2946
f 2867 2946 2868
f 2868 2946 2945
f 2868 2945 2944
f 3124 3034 2825
f 2825 3034 2826
f 3125 3126 3124
f 3124 3126 2775
f 3124 2775 3034
f 3034 2775 2774
f 3127 3128 2819
f 2819 3128 2816
f 2837 2838 3127
f 3127 2838 3024
f 3127 3024 3128
f 3128 3024 3120
f 3128 3120 3129
f 3129 3120 3130
f 3124 2825 2828
f 3124 2828 3125
f 3125 2828 2830
f 3125 2830 3126
f 3126 2830 2773
f 3126 2773 2775
f 3120 2813 2812
f 3120 2812 3130
f 3130 2812 2817
f 3130 2817 3129
f 3129 2817 2816
f 3129 2816 3128
f 2818 2837 2819
f 2819 2837 3127
f 3026 3036 3027
f 3027 3036 3035
f 3027 3035 3028
f 3028 3035 3040
f 3028 3040 3029
f 3029 3040 3039
f 3029 3039 3022
f 3022 3039 3038
f 3022 3038 3023
f 3023 3038 3037
f 3023 3037 3030
f 3030 3037 3042
f 3030 3042 3031
f 3031 3042 3043
f 2910 2912 3041
f 2910 3041 3025
f 3025 3041 3036
f 3025 3036 3026
f 2905 2904 3032
f 2905 3032 3044
f 3044 3032 3031
f 3044 3031 3043
f 2778 3131 3132
f 2909 2772 2799
f 3033 2908 3121
f 3121 2908 2909
f 3133 3134 2799
f 2799 3134 2806
f 2799 2806 2909
f 2909 2806 2778
f 2909 2778 3121
f 3121 2778 3132
f 3134 3135 2806
f 2806 3135 2807
f 3136 3133 2800
f 2800 3133 2799
f 3136 2800 2801
f 3136 2801 3137
f 3137 2801 2803
f 3137 2803 3138
f 3138 2803 2804
f 3138 2804 3139
f 3140 3139 2790
f 2790 3139 2804
f 3140 2790 2789
f 3140 2789 3141
f 3141 2789 2788
f 3141 2788 3142
f 3142 2788 2807
f 3142 2807 3135
f 3140 3141 3142
f 3133 3136 3134
f 3134 3136 3137
f 3142 3135 3140
f 3140 3135 3134
f 3140 3134 3139
f 3139 3134 3137
f 3139 3137 3138
f 3143 3131 2798
f 2798 3131 2778
f 3143 2798 2797
f 3143 2797 3144
f 3144 2797 2796
f 3144 2796 3145
f 3145 2796 2784
f 3145 2784 3108
f 3107 3106 3119
f 3107 3119 3146
f 3146 3119 3123
f 3146 3123 3147
f 3147 3123 3122
f 3147 3122 3148
f 3132 3148 3121
f 3121 3148 3122
f 3107 3146 3147
f 3131 3143 3132
f 3132 3143 3144
f 3147 3148 3107
f 3107 3148 3132
f 3107 3132 3108
f 3108 3132 3144
f 3108 3144 3145
f 3149 3150 3151
f 3152 3153 3154
f 3155 3156 3157
f 3158 3159 3160
f 3161 3162 3163
f 3164 3165 3166
f 3167 3160 3168
f 3168 3160 3169
f 3170 3171 3172
f 3173 3174 3175
f 3176 3177 3178
f 3179 3180 3181
f 3182 3183 3184
f 3184 3183 3185
f 3154 3186 3165
f 3165 3186 3149
f 3165 3149 3166
f 3166 3149 3151
f 3166 3187 3164
f 3164 3187 3170
f 3164 3170 3188
f 3188 3170 3172
f 3189 3190 3191
f 3178 3192 3176
f 3176 3192 3193
f 3176 3193 3194
f 3195 3196 3197
f 3197 3196 3198
f 3199 3200 3201
f 3201 3200 3202
f 3201 3202 3203
f 3203 3202 3204
f 3205 3206 3207
f 3207 3206 3203
f 3207 3203 3208
f 3208 3203 3204
f 3152 3154 3209
f 3209 3154 3165
f 3209 3165 3210
f 3188 3211 3164
f 3164 3211 3212
f 3164 3212 3167
f 3167 3212 3213
f 3167 3213 3160
f 3160 3213 3173
f 3160 3173 3158
f 3158 3173 3175
f 3169 3214 3215
f 3216 3217 3218
f 3218 3217 3219
f 3220 3221 3222
f 3222 3221 3218
f 3222 3218 3223
f 3223 3218 3219
f 3223 3219 3224
f 3193 3225 3220
f 3220 3225 3226
f 3220 3226 3221
f 3221 3226 3227
f 3228 3229 3230
f 3230 3229 3231
f 3230 3231 3232
f 3232 3231 3233
f 3232 3233 3150
f 3150 3233 3234
f 3150 3234 3151
f 3151 3234 3197
f 3151 3197 3235
f 3235 3197 3198
f 3231 3236 3233
f 3233 3236 3237
f 3233 3237 3238
f 3238 3237 3202
f 3238 3202 3181
f 3181 3202 3200
f 3181 3200 3179
f 3239 3240 3241
f 3241 3240 3242
f 3242 3243 3241
f 3241 3243 3244
f 3241 3244 3245
f 3246 3247 3248
f 3248 3247 3194
f 3248 3194 3183
f 3183 3194 3193
f 3183 3193 3185
f 3185 3193 3189
f 3185 3189 3163
f 3163 3189 3191
f 3163 3191 3161
f 3249 3250 3251
f 3251 3250 3252
f 3192 3253 3193
f 3193 3253 3254
f 3193 3254 3225
f 3225 3254 3251
f 3225 3251 3255
f 3255 3251 3252
f 3256 3257 3258
f 3258 3257 3221
f 3258 3221 3259
f 3259 3221 3227
f 3260 3261 3262
f 3262 3261 3263
f 3263 3264 3262
f 3262 3264 3265
f 3262 3265 3266
f 3210 3165 3267
f 3267 3165 3168
f 3267 3168 3268
f 3268 3168 3169
f 3268 3169 3157
f 3157 3169 3215
f 3157 3215 3155
f 3269 3270 3271
f 3271 3270 3272
f 3159 3245 3160
f 3160 3245 3244
f 3160 3244 3248
f 3248 3244 3273
f 3248 3273 3246
f 3246 3273 3271
f 3246 3271 3274
f 3274 3271 3272
f 3275 3276 3277
f 3277 3276 3278
f 3223 3279 3222
f 3222 3279 3280
f 3222 3280 3189
f 3189 3280 3281
f 3189 3281 3190
f 3190 3281 3277
f 3190 3277 3282
f 3282 3277 3278
f 3283 3284 3285
f 3285 3284 3286
f 3182 3266 3183
f 3183 3266 3265
f 3183 3265 3169
f 3169 3265 3287
f 3169 3287 3214
f 3214 3287 3285
f 3214 3285 3288
f 3288 3285 3286
f 3289 3290 3283
f 3283 3290 3284
f 3291 3292 3156
f 3156 3292 3157
f 3293 3294 3162
f 3162 3294 3163
f 3261 3260 3295
f 3295 3260 3296
f 3297 3207 3298
f 3298 3207 3208
f 3299 3300 3153
f 3153 3300 3154
f 3229 3228 3301
f 3301 3228 3302
f 3276 3275 3303
f 3303 3275 3304
f 3305 3306 3176
f 3176 3306 3177
f 3270 3269 3307
f 3307 3269 3308
f 3309 3310 3259
f 3259 3310 3258
f 3250 3249 3311
f 3311 3249 3312
f 3313 3314 3170
f 3170 3314 3171
f 3196 3195 3315
f 3315 3195 3316
f 3240 3239 3317
f 3317 3239 3318
f 3174 3173 3319
f 3319 3173 3320
f 3224 3219 3321
f 3321 3219 3322
f 3218 3221 3323
f 3323 3221 3324
f 3325 3326 3179
f 3179 3326 3180
f 3297 3298 3327
f 3328 3329 3330
f 3330 3329 3331
f 3330 3331 3332
f 3332 3331 3333
f 3334 3335 3325
f 3325 3335 3332
f 3325 3332 3326
f 3326 3332 3333
f 3336 3337 3338
f 3338 3337 3339
f 3338 3339 3340
f 3340 3339 3331
f 3340 3331 3327
f 3327 3331 3329
f 3327 3329 3297
f 3301 3302 3341
f 3341 3302 3342
f 3315 3316 3343
f 3343 3316 3336
f 3343 3336 3344
f 3344 3336 3338
f 3344 3338 3345
f 3345 3338 3346
f 3345 3346 3347
f 3347 3346 3341
f 3347 3341 3348
f 3348 3341 3342
f 3314 3313 3349
f 3349 3313 3350
f 3350 3351 3349
f 3349 3351 3345
f 3349 3345 3352
f 3352 3345 3347
f 3352 3347 3353
f 3300 3299 3354
f 3354 3299 3355
f 3355 3356 3354
f 3354 3356 3357
f 3354 3357 3358
f 3347 3358 3353
f 3353 3358 3357
f 3353 3357 3359
f 3359 3357 3360
f 3292 3291 3361
f 3361 3291 3362
f 3319 3320 3363
f 3363 3320 3360
f 3363 3360 3364
f 3364 3360 3357
f 3364 3357 3365
f 3365 3357 3366
f 3365 3366 3367
f 3367 3366 3361
f 3367 3361 3368
f 3368 3361 3362
f 3317 3318 3369
f 3369 3318 3370
f 3371 3372 3373
f 3373 3372 3374
f 3290 3289 3375
f 3375 3289 3376
f 3370 3377 3369
f 3369 3377 3365
f 3369 3365 3378
f 3378 3365 3367
f 3378 3367 3379
f 3379 3367 3380
f 3379 3380 3372
f 3372 3380 3375
f 3372 3375 3381
f 3381 3375 3376
f 3307 3308 3382
f 3382 3308 3383
f 3382 3383 3371
f 3371 3383 3372
f 3372 3383 3384
f 3372 3384 3379
f 3310 3309 3385
f 3295 3296 3386
f 3386 3296 3387
f 3386 3387 3374
f 3374 3387 3373
f 3373 3387 3388
f 3373 3388 3389
f 3306 3305 3390
f 3390 3305 3391
f 3391 3392 3390
f 3390 3392 3373
f 3390 3373 3393
f 3393 3373 3389
f 3393 3389 3394
f 3324 3395 3396
f 3324 3397 3323
f 3323 3397 3398
f 3294 3293 3399
f 3399 3293 3400
f 3400 3401 3399
f 3399 3401 3402
f 3399 3402 3403
f 3389 3403 3394
f 3394 3403 3402
f 3394 3402 3404
f 3404 3402 3405
f 3406 3407 3408
f 3408 3407 3397
f 3408 3397 3385
f 3385 3397 3324
f 3385 3324 3310
f 3310 3324 3396
f 3409 3410 3322
f 3322 3410 3323
f 3322 3323 3321
f 3321 3323 3398
f 3303 3304 3411
f 3411 3304 3412
f 3311 3312 3413
f 3413 3312 3405
f 3413 3405 3414
f 3414 3405 3402
f 3414 3402 3406
f 3406 3402 3415
f 3406 3415 3407
f 3407 3415 3411
f 3407 3411 3416
f 3416 3411 3412
f 3322 3219 3217
f 3322 3217 3409
f 3409 3217 3216
f 3409 3216 3410
f 3410 3216 3218
f 3410 3218 3323
f 3324 3221 3257
f 3324 3257 3395
f 3395 3257 3256
f 3395 3256 3396
f 3396 3256 3258
f 3396 3258 3310
f 3224 3321 3223
f 3223 3321 3398
f 3223 3398 3279
f 3279 3398 3397
f 3279 3397 3280
f 3280 3397 3407
f 3280 3407 3281
f 3281 3407 3416
f 3281 3416 3277
f 3277 3416 3412
f 3277 3412 3275
f 3275 3412 3304
f 3154 3300 3186
f 3186 3300 3354
f 3186 3354 3149
f 3149 3354 3358
f 3149 3358 3150
f 3150 3358 3347
f 3150 3347 3232
f 3232 3347 3348
f 3232 3348 3230
f 3230 3348 3342
f 3230 3342 3228
f 3228 3342 3302
f 3171 3314 3172
f 3172 3314 3349
f 3172 3349 3188
f 3188 3349 3352
f 3188 3352 3211
f 3211 3352 3353
f 3211 3353 3212
f 3212 3353 3359
f 3212 3359 3213
f 3213 3359 3360
f 3213 3360 3173
f 3173 3360 3320
f 3157 3292 3268
f 3268 3292 3361
f 3268 3361 3267
f 3267 3361 3366
f 3267 3366 3210
f 3210 3366 3357
f 3210 3357 3209
f 3209 3357 3356
f 3209 3356 3152
f 3152 3356 3355
f 3152 3355 3153
f 3153 3355 3299
f 3174 3319 3175
f 3175 3319 3363
f 3175 3363 3158
f 3158 3363 3364
f 3158 3364 3159
f 3159 3364 3365
f 3159 3365 3245
f 3245 3365 3377
f 3245 3377 3241
f 3241 3377 3370
f 3241 3370 3239
f 3239 3370 3318
f 3180 3326 3181
f 3181 3326 3333
f 3181 3333 3238
f 3238 3333 3331
f 3238 3331 3233
f 3233 3331 3339
f 3233 3339 3234
f 3234 3339 3337
f 3234 3337 3197
f 3197 3337 3336
f 3197 3336 3195
f 3195 3336 3316
f 3229 3301 3231
f 3231 3301 3341
f 3231 3341 3236
f 3236 3341 3346
f 3236 3346 3237
f 3237 3346 3338
f 3237 3338 3202
f 3202 3338 3340
f 3202 3340 3204
f 3204 3340 3327
f 3204 3327 3208
f 3208 3327 3298
f 3196 3315 3198
f 3198 3315 3343
f 3198 3343 3235
f 3235 3343 3344
f 3235 3344 3151
f 3151 3344 3345
f 3151 3345 3166
f 3166 3345 3351
f 3166 3351 3187
f 3187 3351 3350
f 3187 3350 3170
f 3170 3350 3313
f 3163 3294 3185
f 3185 3294 3399
f 3185 3399 3184
f 3184 3399 3403
f 3184 3403 3182
f 3182 3403 3389
f 3182 3389 3266
f 3266 3389 3388
f 3266 3388 3262
f 3262 3388 3387
f 3262 3387 3260
f 3260 3387 3296
f 3177 3306 3178
f 3178 3306 3390
f 3178 3390 3192
f 3192 3390 3393
f 3192 3393 3253
f 3253 3393 3394
f 3253 3394 3254
f 3254 3394 3404
f 3254 3404 3251
f 3251 3404 3405
f 3251 3405 3249
f 3249 3405 3312
f 3276 3303 3278
f 3278 3303 3411
f 3278 3411 3282
f 3282 3411 3415
f 3282 3415 3190
f 3190 3415 3402
f 3190 3402 3191
f 3191 3402 3401
f 3191 3401 3161
f 3161 3401 3400
f 3161 3400 3162
f 3162 3400 3293
f 3250 3311 3252
f 3252 3311 3413
f 3252 3413 3255
f 3255 3413 3414
f 3255 3414 3225
f 3225 3414 3406
f 3225 3406 3226
f 3226 3406 3408
f 3226 3408 3227
f 3227 3408 3385
f 3227 3385 3259
f 3259 3385 3309
f 3284 3290 3286
f 3286 3290 3375
f 3286 3375 3288
f 3288 3375 3380
f 3288 3380 3214
f 3214 3380 3367
f 3214 3367 3215
f 3215 3367 3368
f 3215 3368 3155
f 3155 3368 3362
f 3155 3362 3156
f 3156 3362 3291
f 3240 3317 3242
f 3242 3317 3369
f 3242 3369 3243
f 3243 3369 3378
f 3243 3378 3244
f 3244 3378 3379
f 3244 3379 3273
f 3273 3379 3384
f 3273 3384 3271
f 3271 3384 3383
f 3271 3383 3269
f 3269 3383 3308
f 3261 3295 3263
f 3263 3295 3386
f 3263 3386 3264
f 3264 3386 3374
f 3264 3374 3265
f 3265 3374 3372
f 3265 3372 3287
f 3287 3372 3381
f 3287 3381 3285
f 3285 3381 3376
f 3285 3376 3283
f 3283 3376 3289
f 3270 3307 3272
f 3272 3307 3382
f 3272 3382 3274
f 3274 3382 3371
f 3274 3371 3246
f 3246 3371 3373
f 3246 3373 3247
f 3247 3373 3392
f 3247 3392 3194
f 3194 3392 3391
f 3194 3391 3176
f 3176 3391 3305
f 3330 3203 3206
f 3330 3206 3328
f 3328 3206 3205
f 3328 3205 3329
f 3329 3205 3207
f 3329 3207 3297
f 3332 3201 3330
f 3330 3201 3203
f 3325 3179 3200
f 3325 3200 3334
f 3334 3200 3199
f 3334 3199 3335
f 3335 3199 3201
f 3335 3201 3332
f 3417 3418 3167
f 3167 3418 3164
f 3419 3417 3168
f 3168 3417 3167
f 3420 3419 3165
f 3165 3419 3168
f 3418 3420 3164
f 3164 3420 3165
f 3419 3420 3417
f 3417 3420 3418
f 3421 3422 3248
f 3248 3422 3160
f 3423 3421 3183
f 3183 3421 3248
f 3424 3423 3169
f 3169 3423 3183
f 3422 3424 3160
f 3160 3424 3169
f 3423 3424 3421
f 3421 3424 3422
f 3425 3426 3222
f 3222 3426 3220
f 3427 3425 3189
f 3189 3425 3222
f 3428 3427 3193
f 3193 3427 3189
f 3426 3428 3220
f 3220 3428 3193
f 3427 3428 3425
f 3425 3428 3426
f 3429 3430 3431
f 3432 3433 3431
f 3431 3433 3434
f 3431 3434 3429
f 3435 3436 3437
f 3437 3436 3438
f 3437 3438 3439
f 3439 3438 3440
f 3441 3442 3443
f 3443 3442 3444
f 3445 3446 3447
f 3448 3449 3450
f 3447 3451 3445
f 3445 3451 3452
f 3445 3452 3453
f 3453 3452 3454
f 3453 3454 3455
f 3455 3454 3456
f 3456 3457 3455
f 3455 3457 3458
f 3455 3458 3444
f 3444 3458 3459
f 3444 3459 3460
f 3461 3439 3450
f 3450 3439 3440
f 3450 3440 3448
f 3462 3463 3443
f 3443 3463 3464
f 3443 3464 3465
f 3450 3466 3461
f 3461 3466 3467
f 3461 3467 3460
f 3460 3467 3468
f 3460 3468 3469
f 3470 3471 3444
f 3444 3472 3443
f 3443 3472 3473
f 3443 3473 3462
f 3474 3475 3476
f 3476 3475 3443
f 3476 3443 3477
f 3477 3443 3465
f 3477 3465 3478
f 3469 3479 3460
f 3460 3479 3480
f 3460 3480 3444
f 3444 3480 3481
f 3444 3481 3470
f 3471 3482 3444
f 3444 3482 3483
f 3444 3483 3472
f 3484 3485 3486
f 3486 3485 3487
f 3486 3487 3488
f 3488 3487 3489
f 3490 3474 3491
f 3491 3474 3476
f 3491 3476 3492
f 3492 3476 3493
f 3494 3495 3496
f 3497 3498 3499
f 3499 3498 3500
f 3496 3501 3494
f 3494 3501 3502
f 3494 3502 3498
f 3498 3502 3503
f 3498 3503 3500
f 3443 3504 3505
f 3506 3507 3508
f 3508 3507 3509
f 3508 3509 3510
f 3511 3512 3513
f 3443 3505 3441
f 3441 3505 3514
f 3441 3514 3515
f 3515 3514 3508
f 3515 3508 3511
f 3511 3508 3510
f 3511 3510 3512
f 3506 3516 3507
f 3507 3516 3517
f 3507 3517 3518
f 3518 3517 3519
f 3518 3519 3520
f 3521 3522 3523
f 3523 3522 3524
f 3523 3524 3443
f 3443 3524 3525
f 3443 3525 3504
f 3526 3527 3513
f 3513 3527 3528
f 3513 3528 3511
f 3520 3529 3518
f 3518 3529 3530
f 3518 3530 3523
f 3523 3530 3531
f 3523 3531 3521
f 3532 3533 3534
f 3534 3533 3527
f 3534 3527 3535
f 3535 3527 3526
f 3535 3526 3536
f 3536 3526 3537
f 3455 3538 3453
f 3453 3538 3539
f 3453 3539 3445
f 3445 3539 3540
f 3445 3540 3446
f 3446 3540 3541
f 3542 3543 3544
f 3545 3542 3546
f 3546 3542 3544
f 3546 3544 3547
f 3548 3549 3550
f 3550 3549 3451
f 3550 3451 3551
f 3551 3451 3447
f 3552 3553 3494
f 3494 3553 3554
f 3494 3554 3538
f 3555 3556 3557
f 3554 3558 3538
f 3538 3558 3559
f 3538 3559 3539
f 3539 3559 3560
f 3539 3560 3540
f 3561 3492 3523
f 3523 3492 3493
f 3523 3493 3562
f 3562 3493 3563
f 3562 3563 3564
f 3562 3565 3523
f 3523 3565 3566
f 3523 3566 3518
f 3518 3566 3567
f 3518 3567 3568
f 3569 3570 3429
f 3571 3572 3573
f 3571 3573 3498
f 3498 3573 3574
f 3498 3574 3575
f 3576 3488 3557
f 3557 3488 3489
f 3557 3489 3555
f 3577 3578 3518
f 3579 3580 3494
f 3494 3580 3581
f 3494 3581 3582
f 3551 3541 3550
f 3550 3541 3540
f 3550 3540 3583
f 3583 3540 3560
f 3582 3584 3494
f 3494 3584 3585
f 3494 3585 3552
f 3552 3585 3586
f 3429 3434 3569
f 3569 3434 3587
f 3569 3587 3588
f 3588 3587 3589
f 3588 3589 3571
f 3571 3589 3590
f 3571 3590 3572
f 3578 3591 3518
f 3518 3591 3592
f 3518 3592 3593
f 3586 3594 3552
f 3552 3594 3595
f 3552 3595 3596
f 3557 3597 3576
f 3576 3597 3598
f 3576 3598 3575
f 3575 3598 3599
f 3575 3599 3600
f 3595 3601 3596
f 3596 3601 3602
f 3596 3602 3436
f 3436 3602 3603
f 3436 3603 3604
f 3605 3606 3498
f 3579 3494 3568
f 3568 3494 3498
f 3568 3498 3518
f 3518 3498 3607
f 3518 3607 3577
f 3543 3608 3544
f 3544 3608 3518
f 3544 3518 3609
f 3609 3518 3593
f 3609 3593 3610
f 3611 3612 3604
f 3604 3612 3438
f 3604 3438 3436
f 3600 3613 3575
f 3575 3613 3614
f 3575 3614 3498
f 3498 3614 3615
f 3498 3615 3605
f 3606 3616 3498
f 3498 3616 3617
f 3498 3617 3607
f 3618 3619 3620
f 3618 3621 3622
f 3622 3621 3623
f 3622 3623 3624
f 3625 3546 3507
f 3507 3546 3547
f 3507 3547 3626
f 3626 3547 3627
f 3626 3627 3628
f 3626 3629 3507
f 3507 3629 3630
f 3507 3630 3509
f 3622 3631 3632
f 3618 3620 3633
f 3620 3634 3633
f 3633 3634 3635
f 3633 3635 3485
f 3485 3635 3636
f 3485 3636 3637
f 3632 3638 3622
f 3622 3638 3639
f 3622 3639 3640
f 3641 3642 3637
f 3637 3642 3487
f 3637 3487 3485
f 3623 3643 3624
f 3624 3643 3644
f 3624 3644 3645
f 3645 3644 3646
f 3645 3646 3647
f 3622 3648 3631
f 3631 3648 3509
f 3631 3509 3649
f 3649 3509 3630
f 3430 3650 3431
f 3431 3650 3647
f 3431 3647 3651
f 3651 3647 3646
f 3640 3652 3622
f 3622 3652 3653
f 3622 3653 3618
f 3618 3653 3654
f 3618 3654 3619
f 3650 3570 3647
f 3647 3570 3569
f 3647 3569 3645
f 3645 3569 3588
f 3645 3588 3624
f 3624 3588 3571
f 3455 3444 3538
f 3538 3444 3655
f 3494 3538 3495
f 3495 3538 3655
f 3495 3655 3524
f 3524 3655 3525
f 3571 3498 3624
f 3624 3498 3497
f 3622 3624 3656
f 3656 3624 3497
f 3656 3497 3517
f 3517 3497 3519
f 3657 3655 3444
f 3658 3659 3660
f 3660 3659 3661
f 3658 3660 3442
f 3442 3660 3662
f 3442 3662 3444
f 3444 3662 3663
f 3444 3663 3657
f 3656 3664 3622
f 3622 3664 3661
f 3665 3666 3667
f 3667 3666 3668
f 3667 3668 3659
f 3668 3669 3659
f 3659 3669 3670
f 3659 3670 3661
f 3661 3670 3648
f 3661 3648 3622
f 3671 3672 3673
f 3673 3672 3666
f 3673 3666 3674
f 3674 3666 3665
f 3674 3665 3675
f 3675 3665 3676
f 3650 3430 3570
f 3570 3430 3429
f 3447 3446 3551
f 3551 3446 3541
f 3677 3625 3678
f 3678 3625 3507
f 3678 3507 3608
f 3608 3507 3518
f 3542 3545 3678
f 3678 3545 3677
f 3679 3561 3523
f 3680 3679 3475
f 3475 3679 3523
f 3475 3523 3443
f 3679 3680 3491
f 3491 3680 3490
f 3656 3517 3664
f 3664 3517 3516
f 3664 3516 3661
f 3661 3516 3506
f 3661 3506 3660
f 3660 3506 3508
f 3503 3530 3500
f 3500 3530 3529
f 3500 3529 3499
f 3499 3529 3520
f 3499 3520 3497
f 3497 3520 3519
f 3530 3503 3531
f 3531 3503 3502
f 3495 3524 3496
f 3496 3524 3522
f 3496 3522 3501
f 3501 3522 3521
f 3501 3521 3502
f 3502 3521 3531
f 3662 3514 3663
f 3663 3514 3505
f 3663 3505 3657
f 3657 3505 3504
f 3657 3504 3655
f 3655 3504 3525
f 3514 3662 3508
f 3508 3662 3660
f 3681 3682 3683
f 3683 3682 3684
f 3683 3684 3685
f 3685 3684 3686
f 3685 3686 3687
f 3687 3686 3688
f 3687 3688 3689
f 3689 3688 3690
f 3689 3690 3691
f 3691 3690 3692
f 3691 3692 3693
f 3693 3692 3694
f 3693 3694 3695
f 3695 3694 3696
f 3695 3696 3697
f 3697 3696 3698
f 3697 3698 3699
f 3699 3698 3700
f 3699 3700 3701
f 3701 3700 3702
f 3701 3702 3703
f 3703 3702 3704
f 3703 3704 3705
f 3705 3704 3706
f 3705 3706 3707
f 3707 3706 3708
f 3707 3708 3709
f 3709 3708 3710
f 3709 3710 3711
f 3711 3710 3712
f 3711 3712 3713
f 3713 3712 3714
f 3713 3714 3715
f 3715 3714 3716
f 3715 3716 3717
f 3717 3716 3718
f 3719 3720 3721
f 3721 3720 3722
f 3721 3722 3723
f 3723 3722 3724
f 3723 3724 3725
f 3725 3724 3726
f 3725 3726 3727
f 3727 3726 3728
f 3727 3728 3729
f 3729 3728 3730
f 3729 3730 3731
f 3731 3730 3732
f 3731 3732 3733
f 3733 3732 3734
f 3733 3734 3735
f 3735 3734 3736
f 3735 3736 3737
f 3737 3736 3738
f 3737 3738 3739
f 3739 3738 3740
f 3739 3740 3741
f 3741 3740 3742
f 3741 3742 3743
f 3743 3742 3744
f 3743 3744 3745
f 3745 3744 3746
f 3745 3746 3747
f 3747 3746 3748
f 3747 3748 3749
f 3749 3748 3750
f 3749 3750 3751
f 3751 3750 3752
f 3751 3752 3753
f 3753 3752 3754
f 3753 3754 3755
f 3755 3754 3756
f 3665 3667 3527
f 3527 3667 3528
f 3534 3535 3674
f 3674 3535 3673
f 3526 3513 3666
f 3666 3513 3668
f 3665 3527 3533
f 3665 3533 3676
f 3676 3533 3532
f 3676 3532 3675
f 3675 3532 3534
f 3675 3534 3674
f 3442 3441 3658
f 3658 3441 3515
f 3658 3515 3659
f 3659 3515 3511
f 3659 3511 3667
f 3667 3511 3528
f 3673 3535 3536
f 3673 3536 3671
f 3671 3536 3537
f 3671 3537 3672
f 3672 3537 3526
f 3672 3526 3666
f 3668 3513 3669
f 3669 3513 3512
f 3669 3512 3670
f 3670 3512 3510
f 3670 3510 3648
f 3648 3510 3509
f 3757 3758 3432
f 3432 3758 3433
f 3759 3760 3761
f 3761 3760 3762
f 3761 3762 3763
f 3763 3762 3764
f 3763 3764 3765
f 3765 3764 3766
f 3765 3766 3767
f 3767 3766 3768
f 3767 3768 3769
f 3769 3768 3770
f 3769 3770 3771
f 3771 3770 3772
f 3771 3772 3757
f 3757 3772 3758
f 3484 3486 3759
f 3759 3486 3760
f 3773 3774 3437
f 3437 3774 3435
f 3775 3776 3777
f 3777 3776 3778
f 3777 3778 3779
f 3779 3778 3780
f 3779 3780 3781
f 3781 3780 3782
f 3781 3782 3783
f 3783 3782 3784
f 3783 3784 3785
f 3785 3784 3786
f 3785 3786 3787
f 3787 3786 3788
f 3787 3788 3773
f 3773 3788 3774
f 3549 3548 3775
f 3775 3548 3776
f 3789 3790 3791
f 3791 3790 3450
f 3791 3450 3449
f 3792 3793 3465
f 3465 3793 3794
f 3465 3794 3478
f 3790 3756 3450
f 3450 3756 3754
f 3450 3754 3466
f 3466 3754 3752
f 3466 3752 3467
f 3467 3752 3750
f 3467 3750 3468
f 3468 3750 3748
f 3468 3748 3469
f 3469 3748 3746
f 3469 3746 3479
f 3479 3746 3744
f 3479 3744 3480
f 3480 3744 3742
f 3480 3742 3481
f 3481 3742 3740
f 3481 3740 3470
f 3470 3740 3738
f 3470 3738 3471
f 3471 3738 3736
f 3471 3736 3482
f 3482 3736 3734
f 3482 3734 3483
f 3483 3734 3732
f 3483 3732 3472
f 3472 3732 3730
f 3472 3730 3473
f 3473 3730 3728
f 3473 3728 3462
f 3462 3728 3726
f 3462 3726 3463
f 3463 3726 3724
f 3463 3724 3464
f 3464 3724 3722
f 3464 3722 3465
f 3465 3722 3720
f 3465 3720 3792
f 3461 3773 3439
f 3439 3773 3437
f 3773 3461 3787
f 3787 3461 3460
f 3787 3460 3785
f 3785 3460 3459
f 3785 3459 3783
f 3783 3459 3458
f 3783 3458 3781
f 3781 3458 3457
f 3781 3457 3779
f 3779 3457 3456
f 3779 3456 3777
f 3777 3456 3454
f 3777 3454 3775
f 3775 3454 3452
f 3775 3452 3549
f 3549 3452 3451
f 3651 3757 3431
f 3431 3757 3432
f 3757 3651 3771
f 3771 3651 3646
f 3771 3646 3769
f 3769 3646 3644
f 3769 3644 3767
f 3767 3644 3643
f 3767 3643 3765
f 3765 3643 3623
f 3765 3623 3763
f 3763 3623 3621
f 3763 3621 3761
f 3761 3621 3618
f 3761 3618 3759
f 3759 3618 3633
f 3759 3633 3484
f 3484 3633 3485
f 3795 3641 3637
f 3796 3797 3798
f 3798 3797 3626
f 3798 3626 3628
f 3799 3795 3800
f 3800 3795 3637
f 3800 3637 3801
f 3797 3681 3626
f 3626 3681 3683
f 3626 3683 3629
f 3629 3683 3685
f 3629 3685 3630
f 3630 3685 3687
f 3630 3687 3649
f 3649 3687 3689
f 3649 3689 3631
f 3631 3689 3691
f 3631 3691 3632
f 3632 3691 3693
f 3632 3693 3638
f 3638 3693 3695
f 3638 3695 3639
f 3639 3695 3697
f 3639 3697 3640
f 3640 3697 3699
f 3640 3699 3652
f 3652 3699 3701
f 3652 3701 3653
f 3653 3701 3703
f 3653 3703 3654
f 3654 3703 3705
f 3654 3705 3619
f 3619 3705 3707
f 3619 3707 3620
f 3620 3707 3709
f 3620 3709 3634
f 3634 3709 3711
f 3634 3711 3635
f 3635 3711 3713
f 3635 3713 3636
f 3636 3713 3715
f 3636 3715 3637
f 3637 3715 3717
f 3637 3717 3801
f 3802 3803 3593
f 3593 3803 3804
f 3593 3804 3610
f 3557 3556 3805
f 3805 3806 3557
f 3557 3806 3807
f 3557 3807 3808
f 3808 3718 3557
f 3557 3718 3716
f 3557 3716 3597
f 3597 3716 3714
f 3597 3714 3598
f 3598 3714 3712
f 3598 3712 3599
f 3599 3712 3710
f 3599 3710 3600
f 3600 3710 3708
f 3600 3708 3613
f 3613 3708 3706
f 3613 3706 3614
f 3614 3706 3704
f 3614 3704 3615
f 3615 3704 3702
f 3615 3702 3605
f 3605 3702 3700
f 3605 3700 3606
f 3606 3700 3698
f 3606 3698 3616
f 3616 3698 3696
f 3616 3696 3617
f 3617 3696 3694
f 3617 3694 3607
f 3607 3694 3692
f 3607 3692 3577
f 3577 3692 3690
f 3577 3690 3578
f 3578 3690 3688
f 3578 3688 3591
f 3591 3688 3686
f 3591 3686 3592
f 3592 3686 3684
f 3592 3684 3593
f 3593 3684 3682
f 3593 3682 3802
f 3758 3587 3433
f 3433 3587 3434
f 3760 3576 3762
f 3762 3576 3575
f 3762 3575 3764
f 3764 3575 3574
f 3764 3574 3766
f 3766 3574 3573
f 3766 3573 3768
f 3768 3573 3572
f 3768 3572 3770
f 3770 3572 3590
f 3770 3590 3772
f 3772 3590 3589
f 3772 3589 3758
f 3758 3589 3587
f 3576 3760 3488
f 3488 3760 3486
f 3774 3596 3435
f 3435 3596 3436
f 3776 3583 3778
f 3778 3583 3560
f 3778 3560 3780
f 3780 3560 3559
f 3780 3559 3782
f 3782 3559 3558
f 3782 3558 3784
f 3784 3558 3554
f 3784 3554 3786
f 3786 3554 3553
f 3786 3553 3788
f 3788 3553 3552
f 3788 3552 3774
f 3774 3552 3596
f 3583 3776 3550
f 3550 3776 3548
f 3809 3810 3604
f 3604 3810 3811
f 3604 3811 3611
f 3812 3813 3814
f 3814 3813 3562
f 3814 3562 3564
f 3813 3719 3562
f 3562 3719 3721
f 3562 3721 3565
f 3565 3721 3723
f 3565 3723 3566
f 3566 3723 3725
f 3566 3725 3567
f 3567 3725 3727
f 3567 3727 3568
f 3568 3727 3729
f 3568 3729 3579
f 3579 3729 3731
f 3579 3731 3580
f 3580 3731 3733
f 3580 3733 3581
f 3581 3733 3735
f 3581 3735 3582
f 3582 3735 3737
f 3582 3737 3584
f 3584 3737 3739
f 3584 3739 3585
f 3585 3739 3741
f 3585 3741 3586
f 3586 3741 3743
f 3586 3743 3594
f 3594 3743 3745
f 3594 3745 3595
f 3595 3745 3747
f 3595 3747 3601
f 3601 3747 3749
f 3601 3749 3602
f 3602 3749 3751
f 3602 3751 3603
f 3603 3751 3753
f 3603 3753 3604
f 3604 3753 3755
f 3604 3755 3809
f 3478 3794 3814
f 3814 3794 3793
f 3814 3793 3812
f 3792 3720 3719
f 3792 3719 3793
f 3793 3719 3813
f 3793 3813 3812
f 3814 3564 3478
f 3478 3564 3563
f 3478 3563 3477
f 3477 3563 3493
f 3477 3493 3476
f 3611 3811 3791
f 3791 3811 3810
f 3791 3810 3789
f 3809 3755 3756
f 3809 3756 3810
f 3810 3756 3790
f 3810 3790 3789
f 3791 3449 3611
f 3611 3449 3448
f 3611 3448 3612
f 3612 3448 3440
f 3612 3440 3438
f 3805 3556 3555
f 3642 3641 3795
f 3808 3800 3718
f 3718 3800 3801
f 3718 3801 3717
f 3808 3807 3800
f 3800 3807 3806
f 3800 3806 3799
f 3799 3806 3805
f 3799 3805 3795
f 3795 3805 3555
f 3795 3555 3642
f 3642 3555 3489
f 3642 3489 3487
f 3610 3804 3798
f 3798 3804 3803
f 3798 3803 3796
f 3802 3682 3681
f 3802 3681 3803
f 3803 3681 3797
f 3803 3797 3796
f 3798 3628 3610
f 3610 3628 3627
f 3610 3627 3609
f 3609 3627 3547
f 3609 3547 3544
f 3561 3679 3492
f 3492 3679 3491
f 3474 3490 3475
f 3475 3490 3680
f 3543 3542 3608
f 3608 3542 3678
f 3625 3677 3546
f 3546 3677 3545
f 3815 3816 3817
f 3817 3816 3818
f 3817 3818 3819
f 3815 3820 3816
f 3816 3820 3821
f 3816 3821 3822
f 3822 3823 3816
f 3816 3823 3824
f 3823 3825 3824
f 3824 3825 3826
f 3826 3827 3824
f 3824 3827 3828
f 3824 3828 3829
f 3829 3828 3830
f 3830 3819 3829
f 3829 3819 3818
f 3831 3832 3833
f 3834 3835 3831
f 3836 3837 3838
f 3839 3840 3841
f 3842 3843 3844
f 3845 3846 3847
f 3841 3848 3838
f 3838 3848 3849
f 3850 3851 3852
f 3852 3851 3853
f 3845 3847 3854
f 3846 3855 3847
f 3847 3855 3856
f 3847 3856 3857
f 3857 3856 3858
f 3857 3858 3859
f 3860 3861 3862
f 3860 3862 3863
f 3864 3861 3865
f 3865 3861 3860
f 3865 3860 3866
f 3866 3860 3867
f 3868 3869 3870
f 3870 3869 3871
f 3870 3871 3872
f 3872 3871 3873
f 3868 3874 3869
f 3869 3874 3875
f 3869 3875 3876
f 3875 3877 3876
f 3876 3877 3878
f 3876 3878 3879
f 3853 3880 3852
f 3852 3880 3881
f 3852 3881 3882
f 3878 3883 3879
f 3879 3883 3884
f 3879 3884 3881
f 3881 3884 3885
f 3881 3885 3882
f 3886 3887 3888
f 3888 3887 3889
f 3890 3891 3869
f 3891 3892 3869
f 3869 3892 3893
f 3869 3893 3871
f 3871 3893 3894
f 3894 3895 3871
f 3871 3895 3852
f 3871 3852 3873
f 3873 3852 3882
f 3895 3896 3852
f 3852 3896 3897
f 3852 3897 3898
f 3899 3900 3901
f 3847 3902 3854
f 3854 3902 3903
f 3854 3903 3904
f 3904 3903 3905
f 3904 3905 3906
f 3906 3905 3863
f 3906 3863 3907
f 3907 3863 3862
f 3858 3908 3859
f 3859 3908 3909
f 3859 3909 3910
f 3910 3909 3899
f 3910 3899 3911
f 3911 3899 3901
f 3911 3901 3912
f 3912 3901 3913
f 3912 3913 3867
f 3867 3913 3914
f 3867 3914 3866
f 3866 3914 3915
f 3866 3915 3916
f 3916 3915 3917
f 3916 3917 3918
f 3918 3917 3919
f 3918 3919 3920
f 3920 3919 3921
f 3920 3921 3922
f 3900 3899 3923
f 3923 3899 3924
f 3923 3924 3925
f 3925 3924 3926
f 3925 3926 3927
f 3844 3843 3834
f 3834 3843 3928
f 3834 3928 3835
f 3921 3842 3922
f 3922 3842 3844
f 3922 3844 3929
f 3929 3844 3838
f 3929 3838 3930
f 3930 3838 3849
f 3930 3849 3931
f 3841 3840 3876
f 3840 3932 3876
f 3876 3932 3933
f 3876 3933 3869
f 3869 3933 3934
f 3869 3934 3935
f 3935 3936 3869
f 3869 3936 3937
f 3869 3937 3838
f 3838 3937 3938
f 3938 3939 3838
f 3838 3939 3940
f 3838 3940 3841
f 3841 3940 3941
f 3841 3941 3839
f 3838 3837 3869
f 3869 3837 3942
f 3869 3942 3943
f 3943 3944 3869
f 3869 3944 3834
f 3869 3834 3890
f 3890 3834 3945
f 3944 3946 3834
f 3834 3946 3947
f 3834 3947 3844
f 3844 3947 3948
f 3844 3948 3949
f 3949 3950 3844
f 3844 3950 3951
f 3844 3951 3838
f 3838 3951 3952
f 3838 3952 3836
f 3953 3832 3954
f 3954 3832 3831
f 3954 3831 3955
f 3835 3956 3957
f 3953 3958 3832
f 3832 3958 3959
f 3832 3959 3926
f 3926 3959 3960
f 3926 3960 3961
f 3928 3927 3835
f 3835 3927 3926
f 3835 3926 3956
f 3956 3926 3961
f 3957 3962 3835
f 3835 3962 3963
f 3835 3963 3831
f 3831 3963 3964
f 3831 3964 3955
f 3965 3966 3967
f 3832 3968 3966
f 3969 3924 3970
f 3970 3924 3965
f 3970 3965 3971
f 3971 3965 3967
f 3972 3926 3973
f 3973 3926 3924
f 3973 3924 3974
f 3974 3924 3969
f 3972 3975 3926
f 3926 3975 3976
f 3926 3976 3832
f 3832 3976 3977
f 3832 3977 3968
f 3909 3978 3979
f 3965 3980 3978
f 3981 3899 3982
f 3982 3899 3909
f 3982 3909 3983
f 3983 3909 3979
f 3984 3924 3985
f 3985 3924 3899
f 3985 3899 3986
f 3986 3899 3981
f 3984 3987 3924
f 3924 3987 3988
f 3924 3988 3965
f 3965 3988 3989
f 3965 3989 3980
f 3897 3886 3898
f 3898 3886 3888
f 3898 3888 3990
f 3990 3991 3898
f 3898 3991 3992
f 3898 3992 3852
f 3852 3992 3993
f 3852 3993 3850
f 3994 3995 3996
f 3996 3995 3991
f 3996 3991 3997
f 3990 3998 3999
f 3994 4000 3995
f 3995 4000 4001
f 3995 4001 3833
f 3833 4001 4002
f 3833 4002 4003
f 3999 4004 3990
f 3990 4004 4005
f 3990 4005 3991
f 3991 4005 4006
f 3991 4006 3997
f 4003 3998 3833
f 3833 3998 3990
f 3833 3990 3831
f 3831 3990 3888
f 3831 3888 3834
f 3834 3888 3889
f 3834 3889 3945
f 4007 4008 4009
f 3995 4010 4011
f 4011 4010 4012
f 4011 4012 4013
f 4013 4014 4011
f 4011 4014 4015
f 4011 4015 4009
f 4009 4015 4016
f 4009 4016 4007
f 3966 3965 3832
f 3832 3965 4009
f 3832 4009 3833
f 3833 4009 4008
f 3833 4008 4017
f 4017 4018 3833
f 3833 4018 4019
f 3833 4019 3995
f 3995 4019 4020
f 3995 4020 4010
f 4021 4022 3908
f 4011 4023 3858
f 3858 4023 4024
f 3858 4024 4025
f 4025 4026 3858
f 3858 4026 4027
f 3858 4027 3908
f 3908 4027 4028
f 3908 4028 4021
f 3978 3909 3965
f 3965 3909 3908
f 3965 3908 4009
f 4009 3908 4022
f 4009 4022 4029
f 4029 4030 4009
f 4009 4030 4031
f 4009 4031 4011
f 4011 4031 4032
f 4011 4032 4023
f 4033 4034 4035
f 4036 4037 4038
f 3822 3821 4039
f 4040 4041 4042
f 4043 4040 3823
f 4044 4045 3830
f 3830 4045 4046
f 3830 4046 3819
f 3819 4046 4047
f 3819 4047 3817
f 4040 4042 3823
f 3823 4042 4048
f 3823 4048 3825
f 3825 4048 4049
f 3825 4049 3826
f 3826 4049 4050
f 3826 4050 3827
f 3827 4050 4051
f 3827 4051 3828
f 3828 4051 4052
f 3828 4052 3830
f 3830 4052 4053
f 3830 4053 4044
f 3817 4054 3815
f 3815 4054 4055
f 3815 4055 3820
f 3821 3820 4056
f 4057 4058 4059
f 4060 4061 4058
f 4058 4061 4062
f 4058 4062 4059
f 4038 4037 4033
f 4033 4037 4063
f 4033 4063 4064
f 4065 4066 4067
f 4068 4069 4038
f 4038 4069 4070
f 4038 4070 4036
f 4066 4071 4067
f 4067 4071 4072
f 4067 4072 4073
f 4072 4074 4073
f 4073 4074 4075
f 4073 4075 4076
f 4076 4075 4069
f 4076 4069 4077
f 4077 4069 4068
f 4078 4079 4080
f 4080 4079 4081
f 4080 4081 4082
f 4083 4084 4034
f 4034 4084 4085
f 4085 4086 4087
f 4087 4086 4088
f 4087 4088 4089
f 4088 4090 4089
f 4089 4090 4091
f 4089 4091 4057
f 4057 4091 4092
f 4057 4092 4078
f 4078 4092 4093
f 4078 4093 4079
f 4087 4094 4095
f 4085 4087 4034
f 4034 4087 4095
f 4034 4095 4096
f 4096 4097 4034
f 4034 4097 4098
f 4034 4098 4035
f 4098 4099 4035
f 4035 4099 4100
f 4035 4100 4101
f 4101 4100 4102
f 4101 4102 4103
f 4094 4087 4104
f 4104 4087 4089
f 4104 4089 4105
f 4105 4089 4106
f 4105 4106 4107
f 3820 4055 4056
f 4056 4055 4108
f 4056 4108 4109
f 4109 4110 4056
f 4056 4110 4111
f 4056 4111 4112
f 4112 4111 4113
f 4112 4113 4114
f 4114 4115 4116
f 4116 4115 4117
f 4116 4117 4118
f 4117 4119 4118
f 4118 4119 4120
f 4118 4120 4054
f 4054 4120 4121
f 4054 4121 4055
f 4055 4121 4122
f 4055 4122 4108
f 4114 4116 4112
f 4112 4116 4123
f 4112 4123 4124
f 4124 4125 4112
f 4112 4125 4126
f 4112 4126 4127
f 4127 4126 4128
f 4127 4128 4129
f 4129 4130 4131
f 4131 4130 4132
f 4131 4132 4133
f 4133 4132 4134
f 4133 4134 4118
f 4134 4135 4118
f 4118 4135 4136
f 4118 4136 4116
f 4116 4136 4137
f 4116 4137 4123
f 4129 4131 4127
f 4127 4131 4138
f 4127 4138 4139
f 4139 4140 4127
f 4127 4140 4141
f 4127 4141 4101
f 4142 4035 4143
f 4143 4035 4101
f 4143 4101 4144
f 4144 4101 4141
f 4145 4146 4147
f 4147 4146 4133
f 4146 4148 4133
f 4133 4148 4149
f 4133 4149 4131
f 4131 4149 4150
f 4131 4150 4138
f 4151 4152 4153
f 4106 4154 4155
f 4152 4156 4153
f 4153 4156 4157
f 4153 4157 4158
f 4158 4157 4159
f 4158 4159 4160
f 4057 4059 4089
f 4089 4059 4158
f 4089 4158 4106
f 4106 4158 4160
f 4106 4160 4154
f 4155 4161 4106
f 4106 4161 4162
f 4106 4162 4163
f 4163 4162 4164
f 4163 4164 4165
f 4163 4166 4167
f 4168 4169 4170
f 4170 4169 4171
f 4170 4171 4172
f 4168 4173 4169
f 4169 4173 4174
f 4169 4174 4153
f 4153 4174 4175
f 4153 4175 4176
f 4165 4151 4163
f 4163 4151 4153
f 4163 4153 4166
f 4166 4153 4176
f 4167 4177 4163
f 4163 4177 4178
f 4163 4178 4171
f 4171 4178 4179
f 4171 4179 4172
f 4180 4181 4171
f 4182 4183 4039
f 4039 4183 4043
f 4039 4043 3822
f 3822 4043 3823
f 4171 4181 4039
f 4039 4181 4184
f 4039 4184 4182
f 4183 4185 4043
f 4043 4185 4186
f 4043 4186 4169
f 4169 4186 4187
f 4169 4187 4188
f 4188 4189 4169
f 4169 4189 4190
f 4169 4190 4171
f 4171 4190 4191
f 4171 4191 4180
f 3821 4056 4039
f 4039 4056 4112
f 4039 4112 4171
f 4171 4112 4127
f 4171 4127 4163
f 4163 4127 4101
f 4163 4101 4106
f 4106 4101 4103
f 4106 4103 4107
f 4082 4083 4080
f 4080 4083 4034
f 4080 4034 4067
f 4067 4034 4033
f 4067 4033 4065
f 4065 4033 4064
f 4147 4192 4193
f 4194 4195 4033
f 4196 4197 4198
f 4198 4197 4199
f 4199 4197 4200
f 4200 4197 4038
f 4200 4038 4201
f 4142 4145 4035
f 4035 4145 4147
f 4035 4147 4033
f 4033 4147 4193
f 4033 4193 4194
f 4195 4202 4033
f 4033 4202 4203
f 4033 4203 4038
f 4038 4203 4204
f 4038 4204 4201
f 3817 4047 4054
f 4054 4047 4205
f 4054 4205 4118
f 4118 4205 4206
f 4118 4206 4133
f 4133 4206 4197
f 4133 4197 4147
f 4147 4197 4196
f 4147 4196 4192
f 3876 4067 3841
f 3841 4067 4073
f 3841 4073 3848
f 3880 4058 3881
f 3881 4058 4057
f 3881 4057 3879
f 3879 4057 4078
f 3879 4078 3876
f 3876 4078 4080
f 3876 4080 4067
f 4062 3850 4059
f 4059 3850 3993
f 4059 3993 4158
f 3993 3992 4158
f 4158 3992 3991
f 4158 3991 4153
f 4153 3991 3995
f 4153 3995 4169
f 3858 3856 4040
f 3995 4011 4169
f 4169 4011 3858
f 4169 3858 4043
f 4043 3858 4040
f 3862 4053 3907
f 3907 4053 4052
f 3907 4052 3906
f 3906 4052 4051
f 3906 4051 3904
f 3904 4051 4050
f 3904 4050 3854
f 3854 4050 4049
f 3854 4049 3845
f 3845 4049 4048
f 3930 4068 3929
f 3929 4068 4038
f 3929 4038 3922
f 3922 4038 4197
f 4046 3865 4047
f 4047 3865 3866
f 4047 3866 4205
f 4205 3866 3916
f 4205 3916 4206
f 4206 3916 3918
f 4206 3918 4197
f 4197 3918 3920
f 4197 3920 3922
f 3883 4079 3884
f 3884 4079 4093
f 3884 4093 3885
f 3885 4093 4092
f 3885 4092 3882
f 3882 4092 4091
f 3882 4091 3873
f 3873 4091 4090
f 3873 4090 3872
f 3872 4090 4088
f 3872 4088 3870
f 3870 4088 4086
f 3870 4086 3868
f 3868 4086 4085
f 3868 4085 3874
f 3874 4085 4084
f 3874 4084 3875
f 3875 4084 4083
f 3875 4083 3877
f 3877 4083 4082
f 3877 4082 3878
f 3878 4082 4081
f 3878 4081 3883
f 3883 4081 4079
f 3837 4203 3942
f 3942 4203 4202
f 3942 4202 3943
f 3943 4202 4195
f 3943 4195 3944
f 3944 4195 4194
f 3944 4194 3946
f 3946 4194 4193
f 3946 4193 3947
f 3947 4193 4192
f 3947 4192 3948
f 3948 4192 4196
f 3948 4196 3949
f 3949 4196 4198
f 3949 4198 3950
f 3950 4198 4199
f 3950 4199 3951
f 3951 4199 4200
f 3951 4200 3952
f 3952 4200 4201
f 3952 4201 3836
f 3836 4201 4204
f 3836 4204 3837
f 3837 4204 4203
f 3840 4072 3932
f 3932 4072 4071
f 3932 4071 3933
f 3933 4071 4066
f 3933 4066 3934
f 3934 4066 4065
f 3934 4065 3935
f 3935 4065 4064
f 3935 4064 3936
f 3936 4064 4063
f 3936 4063 3937
f 3937 4063 4037
f 3937 4037 3938
f 3938 4037 4036
f 3938 4036 3939
f 3939 4036 4070
f 3939 4070 3940
f 3940 4070 4069
f 3940 4069 3941
f 3941 4069 4075
f 3941 4075 3839
f 3839 4075 4074
f 3839 4074 3840
f 3840 4074 4072
f 3894 4095 3895
f 3895 4095 4094
f 3895 4094 3896
f 3896 4094 4104
f 3896 4104 3897
f 3897 4104 4105
f 3897 4105 3886
f 3886 4105 4107
f 3886 4107 3887
f 3887 4107 4103
f 3887 4103 3889
f 3889 4103 4102
f 3889 4102 3945
f 3945 4102 4100
f 3945 4100 3890
f 3890 4100 4099
f 3890 4099 3891
f 3891 4099 4098
f 3891 4098 3892
f 3892 4098 4097
f 3892 4097 3893
f 3893 4097 4096
f 3893 4096 3894
f 3894 4096 4095
f 3905 4207 3863
f 3863 4207 4208
f 3863 4208 3860
f 3905 3903 4207
f 4207 3903 3902
f 4207 3902 3847
f 4209 4207 3857
f 3857 4207 3847
f 4209 3857 3859
f 3859 3910 4209
f 4209 3910 3911
f 4209 3911 4210
f 4210 3911 3912
f 4210 3912 3867
f 4208 4210 3860
f 3860 4210 3867
f 4209 4210 4207
f 4207 4210 4208
f 4211 3928 4212
f 4212 3928 3843
f 4212 3843 3842
f 3915 3914 4213
f 3842 3921 4212
f 4212 3921 3919
f 4212 3919 4213
f 4213 3919 3917
f 4213 3917 3915
f 3901 4214 3913
f 3913 4214 4213
f 3913 4213 3914
f 4212 4213 4211
f 4211 4213 4214
f 4151 4001 4152
f 4152 4001 4000
f 4152 4000 4156
f 4156 4000 3994
f 4156 3994 4157
f 4157 3994 3996
f 4157 3996 4159
f 4159 3996 3997
f 4159 3997 4160
f 4160 3997 4006
f 4160 4006 4154
f 4154 4006 4005
f 4154 4005 4155
f 4155 4005 4004
f 4155 4004 4161
f 4161 4004 3999
f 4161 3999 4162
f 4162 3999 3998
f 4162 3998 4164
f 4164 3998 4003
f 4164 4003 4165
f 4165 4003 4002
f 4165 4002 4151
f 4151 4002 4001
f 4108 3982 4109
f 4109 3982 3983
f 4109 3983 4110
f 4110 3983 3979
f 4110 3979 4111
f 4111 3979 3978
f 4111 3978 4113
f 4113 3978 3980
f 4113 3980 4114
f 4114 3980 3989
f 4114 3989 4115
f 4115 3989 3988
f 4115 3988 4117
f 4117 3988 3987
f 4117 3987 4119
f 4119 3987 3984
f 4119 3984 4120
f 4120 3984 3985
f 4120 3985 4121
f 4121 3985 3986
f 4121 3986 4122
f 4122 3986 3981
f 4122 3981 4108
f 4108 3981 3982
f 4123 3970 4124
f 4124 3970 3971
f 4124 3971 4125
f 4125 3971 3967
f 4125 3967 4126
f 4126 3967 3966
f 4126 3966 4128
f 4128 3966 3968
f 4128 3968 4129
f 4129 3968 3977
f 4129 3977 4130
f 4130 3977 3976
f 4130 3976 4132
f 4132 3976 3975
f 4132 3975 4134
f 4134 3975 3972
f 4134 3972 4135
f 4135 3972 3973
f 4135 3973 4136
f 4136 3973 3974
f 4136 3974 4137
f 4137 3974 3969
f 4137 3969 4123
f 4123 3969 3970
f 4138 3959 4139
f 4139 3959 3958
f 4139 3958 4140
f 4140 3958 3953
f 4140 3953 4141
f 4141 3953 3954
f 4141 3954 4144
f 4144 3954 3955
f 4144 3955 4143
f 4143 3955 3964
f 4143 3964 4142
f 4142 3964 3963
f 4142 3963 4145
f 4145 3963 3962
f 4145 3962 4146
f 4146 3962 3957
f 4146 3957 4148
f 4148 3957 3956
f 4148 3956 4149
f 4149 3956 3961
f 4149 3961 4150
f 4150 3961 3960
f 4150 3960 4138
f 4138 3960 3959
f 4183 4027 4185
f 4185 4027 4026
f 4185 4026 4186
f 4186 4026 4025
f 4186 4025 4187
f 4187 4025 4024
f 4187 4024 4188
f 4188 4024 4023
f 4188 4023 4189
f 4189 4023 4032
f 4189 4032 4190
f 4190 4032 4031
f 4190 4031 4191
f 4191 4031 4030
f 4191 4030 4180
f 4180 4030 4029
f 4180 4029 4181
f 4181 4029 4022
f 4181 4022 4184
f 4184 4022 4021
f 4184 4021 4182
f 4182 4021 4028
f 4182 4028 4183
f 4183 4028 4027
f 4170 4015 4168
f 4168 4015 4014
f 4168 4014 4173
f 4173 4014 4013
f 4173 4013 4174
f 4174 4013 4012
f 4174 4012 4175
f 4175 4012 4010
f 4175 4010 4176
f 4176 4010 4020
f 4176 4020 4166
f 4166 4020 4019
f 4166 4019 4167
f 4167 4019 4018
f 4167 4018 4177
f 4177 4018 4017
f 4177 4017 4178
f 4178 4017 4008
f 4178 4008 4179
f 4179 4008 4007
f 4179 4007 4172
f 4172 4007 4016
f 4172 4016 4170
f 4170 4016 4015
f 4053 3862 3861
f 4053 3861 4044
f 4044 3861 3864
f 4044 3864 4045
f 4045 3864 3865
f 4045 3865 4046
f 4040 3856 3855
f 4040 3855 4041
f 4041 3855 3846
f 4041 3846 4042
f 4042 3846 3845
f 4042 3845 4048
f 4058 3880 3853
f 4058 3853 4060
f 4060 3853 3851
f 4060 3851 4061
f 4061 3851 3850
f 4061 3850 4062
f 4068 3930 3931
f 4068 3931 4077
f 4077 3931 3849
f 4077 3849 4076
f 4076 3849 3848
f 4076 3848 4073
f 3927 3928 4211
f 3901 3900 4214
f 4214 3900 3923
f 4214 3923 4211
f 4211 3923 3925
f 4211 3925 3927
f 3824 3829 3816
f 3816 3829 3818
f 4215 4216 4217
f 4217 4216 4218
f 4216 4219 4218
f 4218 4219 4220
f 4218 4220 4221
f 4221 4220 4222
f 4221 4222 4223
f 4223 4222 4224
f 4223 4224 4225
f 4225 4224 4226
f 4225 4226 4227
f 4227 4226 4228
f 4227 4228 4229
f 4229 4228 4230
f 4229 4230 4231
f 4231 4230 4232
f 4231 4232 4233
f 4233 4232 4234
f 4233 4234 4235
f 4235 4234 4236
f 4235 4236 4237
f 4237 4236 4238
f 4237 4238 4239
f 4239 4238 4240
f 4239 4240 4241
f 4241 4240 4242
f 4241 4242 4243
f 4243 4242 4244
f 4243 4244 4245
f 4245 4244 4246
f 4245 4246 4247
f 4247 4246 4248
f 4247 4248 4249
f 4249 4248 4250
f 4249 4250 4251
f 4251 4250 4252
f 4251 4252 4253
f 4253 4252 4254
f 4253 4254 4255
f 4255 4254 4256
f 4255 4256 4257
f 4257 4256 4258
f 4257 4258 4259
f 4259 4258 4260
f 4259 4260 4261
f 4261 4260 4262
f 4261 4262 4263
f 4263 4262 4264
f 4263 4264 4265
f 4265 4264 4266
f 4265 4266 4267
f 4267 4266 4268
f 4267 4268 4269
f 4269 4268 4270
f 4269 4270 4271
f 4271 4270 4272
f 4271 4272 4273
f 4273 4272 4274
f 4273 4274 4275
f 4275 4274 4276
f 4275 4276 4277
f 4277 4276 4278
f 4277 4278 4279
f 4279 4278 4280
f 4279 4280 4281
f 4281 4280 4282
f 4281 4282 4283
f 4283 4282 4284
f 4283 4284 4285
f 4285 4284 4286
f 4285 4286 4287
f 4287 4286 4288
f 4287 4288 4289
f 4289 4288 4290
f 4289 4290 4291
f 4291 4290 4292
f 4291 4292 4293
f 4293 4292 4215
f 4293 4215 4294
f 4294 4215 4217
f 4216 4215 4295
f 4222 4220 4295
f 4295 4220 4219
f 4295 4219 4216
f 4228 4226 4295
f 4295 4226 4224
f 4295 4224 4222
f 4234 4232 4295
f 4295 4232 4230
f 4295 4230 4228
f 4240 4238 4295
f 4295 4238 4236
f 4295 4236 4234
f 4246 4244 4295
f 4295 4244 4242
f 4295 4242 4240
f 4252 4250 4295
f 4295 4250 4248
f 4295 4248 4246
f 4258 4256 4295
f 4295 4256 4254
f 4295 4254 4252
f 4264 4262 4295
f 4295 4262 4260
f 4295 4260 4258
f 4270 4268 4295
f 4295 4268 4266
f 4295 4266 4264
f 4276 4274 4295
f 4295 4274 4272
f 4295 4272 4270
f 4282 4280 4295
f 4295 4280 4278
f 4295 4278 4276
f 4288 4286 4295
f 4295 4286 4284
f 4295 4284 4282
f 4215 4292 4295
f 4295 4292 4290
f 4295 4290 4288
f 4217 4218 4296
f 4291 4293 4296
f 4296 4293 4294
f 4296 4294 4217
f 4285 4287 4296
f 4296 4287 4289
f 4296 4289 4291
f 4279 4281 4296
f 4296 4281 4283
f 4296 4283 4285
f 4273 4275 4296
f 4296 4275 4277
f 4296 4277 4279
f 4267 4269 4296
f 4296 4269 4271
f 4296 4271 4273
f 4261 4263 4296
f 4296 4263 4265
f 4296 4265 4267
f 4255 4257 4296
f 4296 4257 4259
f 4296 4259 4261
f 4249 4251 4296
f 4296 4251 4253
f 4296 4253 4255
f 4243 4245 4296
f 4296 4245 4247
f 4296 4247 4249
f 4237 4239 4296
f 4296 4239 4241
f 4296 4241 4243
f 4231 4233 4296
f 4296 4233 4235
f 4296 4235 4237
f 4225 4227 4296
f 4296 4227 4229
f 4296 4229 4231
f 4218 4221 4296
f 4296 4221 4223
f 4296 4223 4225
f 4297 4298 4299
f 4299 4298 4300
f 4299 4300 4301
f 4301 4300 4302
f 4301 4302 4303
f 4303 4302 4304
f 4303 4304 4305
f 4305 4304 4306
f 4305 4306 4307
f 4307 4306 4308
f 4307 4308 4309
f 4309 4308 4310
f 4309 4310 4311
f 4311 4310 4312
f 4311 4312 4313
f 4313 4312 4314
f 4313 4314 4315
f 4315 4314 4316
f 4315 4316 4317
f 4317 4316 4318
f 4317 4318 4319
f 4319 4318 4320
f 4319 4320 4321
f 4321 4320 4322
f 4321 4322 4323
f 4323 4322 4324
f 4323 4324 4325
f 4325 4324 4326
f 4325 4326 4327
f 4327 4326 4328
f 4327 4328 4329
f 4329 4328 4330
f 4329 4330 4331
f 4331 4330 4332
f 4331 4332 4333
f 4333 4332 4334
f 4333 4334 4335
f 4335 4334 4336
f 4335 4336 4337
f 4337 4336 4338
f 4337 4338 4339
f 4339 4338 4340
f 4339 4340 4341
f 4341 4340 4342
f 4341 4342 4343
f 4343 4342 4344
f 4343 4344 4345
f 4345 4344 4346
f 4345 4346 4347
f 4347 4346 4348
f 4347 4348 4349
f 4349 4348 4350
f 4349 4350 4351
f 4351 4350 4352
f 4351 4352 4353
f 4353 4352 4354
f 4353 4354 4355
f 4355 4354 4356
f 4355 4356 4357
f 4357 4356 4358
f 4357 4358 4359
f 4359 4358 4360
f 4359 4360 4361
f 4361 4360 4362
f 4361 4362 4363
f 4363 4362 4364
f 4363 4364 4365
f 4365 4364 4366
f 4365 4366 4367
f 4367 4366 4368
f 4367 4368 4369
f 4369 4368 4370
f 4369 4370 4371
f 4371 4370 4372
f 4371 4372 4373
f 4373 4372 4374
f 4373 4374 4375
f 4375 4374 4376
f 4375 4376 4377
f 4377 4376 4378
f 4377 4378 4379
f 4379 4378 4380
f 4379 4380 4381
f 4381 4380 4382
f 4381 4382 4383
f 4383 4382 4384
f 4383 4384 4385
f 4385 4384 4386
f 4385 4386 4387
f 4387 4386 4388
f 4387 4388 4389
f 4389 4388 4390
f 4389 4390 4391
f 4391 4390 4392
f 4391 4392 4393
f 4393 4392 4394
f 4393 4394 4395
f 4395 4394 4396
f 4395 4396 4397
f 4397 4396 4398
f 4397 4398 4399
f 4399 4398 4400
f 4399 4400 4401
f 4401 4400 4402
f 4401 4402 4403
f 4403 4402 4404
f 4403 4404 4405
f 4405 4404 4406
f 4405 4406 4407
f 4407 4406 4408
f 4407 4408 4409
f 4409 4408 4410
f 4409 4410 4411
f 4411 4410 4412
f 4411 4412 4413
f 4413 4412 4414
f 4413 4414 4415
f 4415 4414 4416
f 4415 4416 4417
f 4417 4416 4418
f 4417 4418 4419
f 4419 4418 4420
f 4419 4420 4421
f 4421 4420 4422
f 4421 4422 4423
f 4423 4422 4424
f 4423 4424 4425
f 4425 4424 4426
f 4425 4426 4427
f 4427 4426 4428
f 4427 4428 4429
f 4429 4428 4430
f 4429 4430 4431
f 4431 4430 4432
f 4431 4432 4433
f 4433 4432 4434
f 4433 4434 4435
f 4435 4434 4436
f 4435 4436 4437
f 4437 4436 4438
f 4437 4438 4439
f 4439 4438 4440
f 4439 4440 4441
f 4441 4440 4442
f 4441 4442 4443
f 4443 4442 4444
f 4443 4444 4445
f 4445 4444 4446
f 4445 4446 4447
f 4447 4446 4448
f 4447 4448 4297
f 4297 4448 4298
f 4449 4450 4296
f 4451 4452 4296
f 4296 4452 4453
f 4296 4453 4449
f 4454 4455 4296
f 4296 4455 4456
f 4296 4456 4451
f 4457 4458 4296
f 4296 4458 4459
f 4296 4459 4454
f 4460 4461 4296
f 4296 4461 4462
f 4296 4462 4457
f 4463 4464 4296
f 4296 4464 4465
f 4296 4465 4460
f 4466 4467 4296
f 4296 4467 4468
f 4296 4468 4463
f 4469 4470 4296
f 4296 4470 4471
f 4296 4471 4466
f 4472 4473 4296
f 4296 4473 4474
f 4296 4474 4469
f 4475 4476 4296
f 4296 4476 4477
f 4296 4477 4472
f 4478 4479 4296
f 4296 4479 4480
f 4296 4480 4475
f 4481 4482 4296
f 4296 4482 4483
f 4296 4483 4478
f 4484 4485 4296
f 4296 4485 4486
f 4296 4486 4481
f 4487 4488 4296
f 4296 4488 4489
f 4296 4489 4484
f 4490 4491 4296
f 4296 4491 4492
f 4296 4492 4487
f 4493 4494 4296
f 4296 4494 4495
f 4296 4495 4490
f 4496 4497 4296
f 4296 4497 4498
f 4296 4498 4493
f 4499 4500 4296
f 4296 4500 4501
f 4296 4501 4496
f 4502 4503 4296
f 4296 4503 4504
f 4296 4504 4499
f 4505 4506 4296
f 4296 4506 4507
f 4296 4507 4502
f 4508 4509 4296
f 4296 4509 4510
f 4296 4510 4505
f 4511 4512 4296
f 4296 4512 4513
f 4296 4513 4508
f 4514 4515 4296
f 4296 4515 4516
f 4296 4516 4511
f 4517 4518 4296
f 4296 4518 4519
f 4296 4519 4514
f 4520 4521 4296
f 4296 4521 4522
f 4296 4522 4517
f 4450 4523 4296
f 4296 4523 4524
f 4296 4524 4520
f 4525 4526 4527
f 4528 4529 4527
f 4527 4529 4530
f 4527 4530 4525
f 4531 4532 4527
f 4527 4532 4533
f 4527 4533 4528
f 4534 4535 4527
f 4527 4535 4536
f 4527 4536 4531
f 4537 4538 4527
f 4527 4538 4539
f 4527 4539 4534
f 4540 4541 4527
f 4527 4541 4542
f 4527 4542 4537
f 4543 4544 4527
f 4527 4544 4545
f 4527 4545 4540
f 4546 4547 4527
f 4527 4547 4548
f 4527 4548 4543
f 4549 4550 4527
f 4527 4550 4551
f 4527 4551 4546
f 4552 4553 4527
f 4527 4553 4554
f 4527 4554 4549
f 4555 4556 4527
f 4527 4556 4557
f 4527 4557 4552
f 4558 4559 4527
f 4527 4559 4560
f 4527 4560 4555
f 4561 4562 4527
f 4527 4562 4563
f 4527 4563 4558
f 4564 4565 4527
f 4527 4565 4566
f 4527 4566 4561
f 4567 4568 4527
f 4527 4568 4569
f 4527 4569 4564
f 4570 4571 4527
f 4527 4571 4572
f 4527 4572 4567
f 4573 4574 4527
f 4527 4574 4575
f 4527 4575 4570
f 4576 4577 4527
f 4527 4577 4578
f 4527 4578 4573
f 4579 4580 4527
f 4527 4580 4581
f 4527 4581 4576
f 4582 4583 4527
f 4527 4583 4584
f 4527 4584 4579
f 4585 4586 4527
f 4527 4586 4587
f 4527 4587 4582
f 4588 4589 4527
f 4527 4589 4590
f 4527 4590 4585
f 4591 4592 4527
f 4527 4592 4593
f 4527 4593 4588
f 4594 4595 4527
f 4527 4595 4596
f 4527 4596 4591
f 4597 4598 4527
f 4527 4598 4599
f 4527 4599 4594
f 4526 4600 4527
f 4527 4600 4601
f 4527 4601 4597
f 4376 4602 4378
f 4378 4602 4603
f 4378 4603 4380
f 4380 4603 4604
f 4380 4604 4382
f 4382 4604 4605
f 4382 4605 4384
f 4384 4605 4606
f 4384 4606 4386
f 4386 4606 4607
f 4386 4607 4388
f 4388 4607 4608
f 4388 4608 4390
f 4390 4608 4609
f 4390 4609 4392
f 4392 4609 4610
f 4392 4610 4394
f 4394 4610 4611
f 4394 4611 4396
f 4396 4611 4612
f 4396 4612 4398
f 4398 4612 4613
f 4398 4613 4400
f 4400 4613 4614
f 4400 4614 4402
f 4402 4614 4615
f 4402 4615 4404
f 4404 4615 4616
f 4404 4616 4406
f 4406 4616 4617
f 4406 4617 4408
f 4408 4617 4618
f 4408 4618 4410
f 4410 4618 4619
f 4410 4619 4412
f 4412 4619 4620
f 4412 4620 4414
f 4414 4620 4621
f 4414 4621 4416
f 4416 4621 4622
f 4416 4622 4418
f 4418 4622 4623
f 4418 4623 4420
f 4420 4623 4624
f 4420 4624 4422
f 4422 4624 4625
f 4422 4625 4424
f 4424 4625 4626
f 4424 4626 4426
f 4426 4626 4627
f 4426 4627 4428
f 4428 4627 4628
f 4428 4628 4430
f 4430 4628 4629
f 4430 4629 4432
f 4432 4629 4630
f 4432 4630 4434
f 4434 4630 4631
f 4434 4631 4436
f 4436 4631 4632
f 4436 4632 4438
f 4438 4632 4633
f 4438 4633 4440
f 4440 4633 4634
f 4440 4634 4442
f 4442 4634 4635
f 4442 4635 4444
f 4444 4635 4636
f 4444 4636 4446
f 4446 4636 4637
f 4446 4637 4448
f 4448 4637 4638
f 4448 4638 4298
f 4298 4638 4639
f 4298 4639 4300
f 4300 4639 4640
f 4300 4640 4302
f 4302 4640 4641
f 4302 4641 4304
f 4304 4641 4642
f 4304 4642 4306
f 4306 4642 4643
f 4306 4643 4308
f 4308 4643 4644
f 4308 4644 4310
f 4310 4644 4645
f 4310 4645 4312
f 4312 4645 4646
f 4312 4646 4314
f 4314 4646 4647
f 4314 4647 4316
f 4316 4647 4648
f 4316 4648 4318
f 4318 4648 4649
f 4318 4649 4320
f 4320 4649 4650
f 4320 4650 4322
f 4322 4650 4651
f 4322 4651 4324
f 4324 4651 4652
f 4324 4652 4326
f 4326 4652 4653
f 4326 4653 4328
f 4328 4653 4654
f 4328 4654 4330
f 4330 4654 4655
f 4330 4655 4332
f 4332 4655 4656
f 4332 4656 4334
f 4334 4656 4657
f 4334 4657 4336
f 4336 4657 4658
f 4336 4658 4338
f 4338 4658 4659
f 4338 4659 4340
f 4340 4659 4660
f 4340 4660 4342
f 4342 4660 4661
f 4342 4661 4344
f 4344 4661 4662
f 4344 4662 4346
f 4346 4662 4663
f 4346 4663 4348
f 4348 4663 4664
f 4348 4664 4350
f 4350 4664 4665
f 4350 4665 4352
f 4352 4665 4666
f 4352 4666 4354
f 4354 4666 4667
f 4354 4667 4356
f 4356 4667 4668
f 4356 4668 4358
f 4358 4668 4669
f 4358 4669 4360
f 4360 4669 4670
f 4360 4670 4362
f 4362 4670 4671
f 4362 4671 4364
f 4364 4671 4672
f 4364 4672 4366
f 4366 4672 4673
f 4366 4673 4368
f 4368 4673 4674
f 4368 4674 4370
f 4370 4674 4675
f 4370 4675 4372
f 4372 4675 4676
f 4372 4676 4374
f 4374 4676 4677
f 4374 4677 4376
f 4376 4677 4602
f 4677 4678 4602
f 4602 4678 4679
f 4602 4679 4603
f 4603 4679 4680
f 4603 4680 4604
f 4604 4680 4681
f 4604 4681 4605
f 4605 4681 4682
f 4605 4682 4606
f 4606 4682 4683
f 4606 4683 4607
f 4607 4683 4684
f 4607 4684 4608
f 4608 4684 4685
f 4608 4685 4609
f 4609 4685 4686
f 4609 4686 4610
f 4610 4686 4687
f 4610 4687 4611
f 4611 4687 4688
f 4611 4688 4612
f 4612 4688 4689
f 4612 4689 4613
f 4613 4689 4690
f 4613 4690 4614
f 4614 4690 4691
f 4614 4691 4615
f 4615 4691 4692
f 4615 4692 4616
f 4616 4692 4693
f 4616 4693 4617
f 4617 4693 4694
f 4617 4694 4618
f 4618 4694 4695
f 4618 4695 4619
f 4619 4695 4696
f 4619 4696 4620
f 4620 4696 4697
f 4620 4697 4621
f 4621 4697 4698
f 4621 4698 4622
f 4622 4698 4699
f 4622 4699 4623
f 4623 4699 4700
f 4623 4700 4624
f 4624 4700 4701
f 4624 4701 4625
f 4625 4701 4702
f 4625 4702 4626
f 4626 4702 4703
f 4626 4703 4627
f 4627 4703 4704
f 4627 4704 4628
f 4628 4704 4705
f 4628 4705 4629
f 4629 4705 4706
f 4629 4706 4630
f 4630 4706 4707
f 4630 4707 4631
f 4631 4707 4708
f 4631 4708 4632
f 4632 4708 4709
f 4632 4709 4633
f 4633 4709 4710
f 4633 4710 4634
f 4634 4710 4711
f 4634 4711 4635
f 4635 4711 4712
f 4635 4712 4636
f 4636 4712 4713
f 4636 4713 4637
f 4637 4713 4714
f 4637 4714 4638
f 4638 4714 4715
f 4638 4715 4639
f 4639 4715 4716
f 4639 4716 4640
f 4640 4716 4717
f 4640 4717 4641
f 4641 4717 4718
f 4641 4718 4642
f 4642 4718 4719
f 4642 4719 4643
f 4643 4719 4720
f 4643 4720 4644
f 4644 4720 4721
f 4644 4721 4645
f 4645 4721 4722
f 4645 4722 4646
f 4646 4722 4723
f 4646 4723 4647
f 4647 4723 4724
f 4647 4724 4648
f 4648 4724 4725
f 4648 4725 4649
f 4649 4725 4726
f 4649 4726 4650
f 4650 4726 4727
f 4650 4727 4651
f 4651 4727 4728
f 4651 4728 4652
f 4652 4728 4729
f 4652 4729 4653
f 4653 4729 4730
f 4653 4730 4654
f 4654 4730 4731
f 4654 4731 4655
f 4655 4731 4732
f 4655 4732 4656
f 4656 4732 4733
f 4656 4733 4657
f 4657 4733 4734
f 4657 4734 4658
f 4658 4734 4735
f 4658 4735 4659
f 4659 4735 4736
f 4659 4736 4660
f 4660 4736 4737
f 4660 4737 4661
f 4661 4737 4738
f 4661 4738 4662
f 4662 4738 4739
f 4662 4739 4663
f 4663 4739 4740
f 4663 4740 4664
f 4664 4740 4741
f 4664 4741 4665
f 4665 4741 4742
f 4665 4742 4666
f 4666 4742 4743
f 4666 4743 4667
f 4667 4743 4744
f 4667 4744 4668
f 4668 4744 4745
f 4668 4745 4669
f 4669 4745 4746
f 4669 4746 4670
f 4670 4746 4747
f 4670 4747 4671
f 4671 4747 4748
f 4671 4748 4672
f 4672 4748 4749
f 4672 4749 4673
f 4673 4749 4750
f 4673 4750 4674
f 4674 4750 4751
f 4674 4751 4675
f 4675 4751 4752
f 4675 4752 4676
f 4676 4752 4753
f 4676 4753 4677
f 4677 4753 4678
f 4753 4530 4678
f 4678 4530 4529
f 4678 4529 4679
f 4679 4529 4528
f 4679 4528 4680
f 4680 4528 4533
f 4680 4533 4681
f 4681 4533 4532
f 4681 4532 4682
f 4682 4532 4531
f 4682 4531 4683
f 4683 4531 4536
f 4683 4536 4684
f 4684 4536 4535
f 4684 4535 4685
f 4685 4535 4534
f 4685 4534 4686
f 4686 4534 4539
f 4686 4539 4687
f 4687 4539 4538
f 4687 4538 4688
f 4688 4538 4537
f 4688 4537 4689
f 4689 4537 4542
f 4689 4542 4690
f 4690 4542 4541
f 4690 4541 4691
f 4691 4541 4540
f 4691 4540 4692
f 4692 4540 4545
f 4692 4545 4693
f 4693 4545 4544
f 4693 4544 4694
f 4694 4544 4543
f 4694 4543 4695
f 4695 4543 4548
f 4695 4548 4696
f 4696 4548 4547
f 4696 4547 4697
f 4697 4547 4546
f 4697 4546 4698
f 4698 4546 4551
f 4698 4551 4699
f 4699 4551 4550
f 4699 4550 4700
f 4700 4550 4549
f 4700 4549 4701
f 4701 4549 4554
f 4701 4554 4702
f 4702 4554 4553
f 4702 4553 4703
f 4703 4553 4552
f 4703 4552 4704
f 4704 4552 4557
f 4704 4557 4705
f 4705 4557 4556
f 4705 4556 4706
f 4706 4556 4555
f 4706 4555 4707
f 4707 4555 4560
f 4707 4560 4708
f 4708 4560 4559
f 4708 4559 4709
f 4709 4559 4558
f 4709 4558 4710
f 4710 4558 4563
f 4710 4563 4711
f 4711 4563 4562
f 4711 4562 4712
f 4712 4562 4561
f 4712 4561 4713
f 4713 4561 4566
f 4713 4566 4714
f 4714 4566 4565
f 4714 4565 4715
f 4715 4565 4564
f 4715 4564 4716
f 4716 4564 4569
f 4716 4569 4717
f 4717 4569 4568
f 4717 4568 4718
f 4718 4568 4567
f 4718 4567 4719
f 4719 4567 4572
f 4719 4572 4720
f 4720 4572 4571
f 4720 4571 4721
f 4721 4571 4570
f 4721 4570 4722
f 4722 4570 4575
f 4722 4575 4723
f 4723 4575 4574
f 4723 4574 4724
f 4724 4574 4573
f 4724 4573 4725
f 4725 4573 4578
f 4725 4578 4726
f 4726 4578 4577
f 4726 4577 4727
f 4727 4577 4576
f 4727 4576 4728
f 4728 4576 4581
f 4728 4581 4729
f 4729 4581 4580
f 4729 4580 4730
f 4730 4580 4579
f 4730 4579 4731
f 4731 4579 4584
f 4731 4584 4732
f 4732 4584 4583
f 4732 4583 4733
f 4733 4583 4582
f 4733 4582 4734
f 4734 4582 4587
f 4734 4587 4735
f 4735 4587 4586
f 4735 4586 4736
f 4736 4586 4585
f 4736 4585 4737
f 4737 4585 4590
f 4737 4590 4738
f 4738 4590 4589
f 4738 4589 4739
f 4739 4589 4588
f 4739 4588 4740
f 4740 4588 4593
f 4740 4593 4741
f 4741 4593 4592
f 4741 4592 4742
f 4742 4592 4591
f 4742 4591 4743
f 4743 4591 4596
f 4743 4596 4744
f 4744 4596 4595
f 4744 4595 4745
f 4745 4595 4594
f 4745 4594 4746
f 4746 4594 4599
f 4746 4599 4747
f 4747 4599 4598
f 4747 4598 4748
f 4748 4598 4597
f 4748 4597 4749
f 4749 4597 4601
f 4749 4601 4750
f 4750 4601 4600
f 4750 4600 4751
f 4751 4600 4526
f 4751 4526 4752
f 4752 4526 4525
f 4752 4525 4753
f 4753 4525 4530
f 4449 4754 4450
f 4450 4754 4755
f 4450 4755 4523
f 4523 4755 4756
f 4523 4756 4524
f 4524 4756 4757
f 4524 4757 4520
f 4520 4757 4758
f 4520 4758 4521
f 4521 4758 4759
f 4521 4759 4522
f 4522 4759 4760
f 4522 4760 4517
f 4517 4760 4761
f 4517 4761 4518
f 4518 4761 4762
f 4518 4762 4519
f 4519 4762 4763
f 4519 4763 4514
f 4514 4763 4764
f 4514 4764 4515
f 4515 4764 4765
f 4515 4765 4516
f 4516 4765 4766
f 4516 4766 4511
f 4511 4766 4767
f 4511 4767 4512
f 4512 4767 4768
f 4512 4768 4513
f 4513 4768 4769
f 4513 4769 4508
f 4508 4769 4770
f 4508 4770 4509
f 4509 4770 4771
f 4509 4771 4510
f 4510 4771 4772
f 4510 4772 4505
f 4505 4772 4773
f 4505 4773 4506
f 4506 4773 4774
f 4506 4774 4507
f 4507 4774 4775
f 4507 4775 4502
f 4502 4775 4776
f 4502 4776 4503
f 4503 4776 4777
f 4503 4777 4504
f 4504 4777 4778
f 4504 4778 4499
f 4499 4778 4779
f 4499 4779 4500
f 4500 4779 4780
f 4500 4780 4501
f 4501 4780 4781
f 4501 4781 4496
f 4496 4781 4782
f 4496 4782 4497
f 4497 4782 4783
f 4497 4783 4498
f 4498 4783 4784
f 4498 4784 4493
f 4493 4784 4785
f 4493 4785 4494
f 4494 4785 4786
f 4494 4786 4495
f 4495 4786 4787
f 4495 4787 4490
f 4490 4787 4788
f 4490 4788 4491
f 4491 4788 4789
f 4491 4789 4492
f 4492 4789 4790
f 4492 4790 4487
f 4487 4790 4791
f 4487 4791 4488
f 4488 4791 4792
f 4488 4792 4489
f 4489 4792 4793
f 4489 4793 4484
f 4484 4793 4794
f 4484 4794 4485
f 4485 4794 4795
f 4485 4795 4486
f 4486 4795 4796
f 4486 4796 4481
f 4481 4796 4797
f 4481 4797 4482
f 4482 4797 4798
f 4482 4798 4483
f 4483 4798 4799
f 4483 4799 4478
f 4478 4799 4800
f 4478 4800 4479
f 4479 4800 4801
f 4479 4801 4480
f 4480 4801 4802
f 4480 4802 4475
f 4475 4802 4803
f 4475 4803 4476
f 4476 4803 4804
f 4476 4804 4477
f 4477 4804 4805
f 4477 4805 4472
f 4472 4805 4806
f 4472 4806 4473
f 4473 4806 4807
f 4473 4807 4474
f 4474 4807 4808
f 4474 4808 4469
f 4469 4808 4809
f 4469 4809 4470
f 4470 4809 4810
f 4470 4810 4471
f 4471 4810 4811
f 4471 4811 4466
f 4466 4811 4812
f 4466 4812 4467
f 4467 4812 4813
f 4467 4813 4468
f 4468 4813 4814
f 4468 4814 4463
f 4463 4814 4815
f 4463 4815 4464
f 4464 4815 4816
f 4464 4816 4465
f 4465 4816 4817
f 4465 4817 4460
f 4460 4817 4818
f 4460 4818 4461
f 4461 4818 4819
f 4461 4819 4462
f 4462 4819 4820
f 4462 4820 4457
f 4457 4820 4821
f 4457 4821 4458
f 4458 4821 4822
f 4458 4822 4459
f 4459 4822 4823
f 4459 4823 4454
f 4454 4823 4824
f 4454 4824 4455
f 4455 4824 4825
f 4455 4825 4456
f 4456 4825 4826
f 4456 4826 4451
f 4451 4826 4827
f 4451 4827 4452
f 4452 4827 4828
f 4452 4828 4453
f 4453 4828 4829
f 4453 4829 4449
f 4449 4829 4754
f 4829 4830 4754
f 4754 4830 4831
f 4754 4831 4755
f 4755 4831 4832
f 4755 4832 4756
f 4756 4832 4833
f 4756 4833 4757
f 4757 4833 4834
f 4757 4834 4758
f 4758 4834 4835
f 4758 4835 4759
f 4759 4835 4836
f 4759 4836 4760
f 4760 4836 4837
f 4760 4837 4761
f 4761 4837 4838
f 4761 4838 4762
f 4762 4838 4839
f 4762 4839 4763
f 4763 4839 4840
f 4763 4840 4764
f 4764 4840 4841
f 4764 4841 4765
f 4765 4841 4842
f 4765 4842 4766
f 4766 4842 4843
f 4766 4843 4767
f 4767 4843 4844
f 4767 4844 4768
f 4768 4844 4845
f 4768 4845 4769
f 4769 4845 4846
f 4769 4846 4770
f 4770 4846 4847
f 4770 4847 4771
f 4771 4847 4848
f 4771 4848 4772
f 4772 4848 4849
f 4772 4849 4773
f 4773 4849 4850
f 4773 4850 4774
f 4774 4850 4851
f 4774 4851 4775
f 4775 4851 4852
f 4775 4852 4776
f 4776 4852 4853
f 4776 4853 4777
f 4777 4853 4854
f 4777 4854 4778
f 4778 4854 4855
f 4778 4855 4779
f 4779 4855 4856
f 4779 4856 4780
f 4780 4856 4857
f 4780 4857 4781
f 4781 4857 4858
f 4781 4858 4782
f 4782 4858 4859
f 4782 4859 4783
f 4783 4859 4860
f 4783 4860 4784
f 4784 4860 4861
f 4784 4861 4785
f 4785 4861 4862
f 4785 4862 4786
f 4786 4862 4863
f 4786 4863 4787
f 4787 4863 4864
f 4787 4864 4788
f 4788 4864 4865
f 4788 4865 4789
f 4789 4865 4866
f 4789 4866 4790
f 4790 4866 4867
f 4790 4867 4791
f 4791 4867 4868
f 4791 4868 4792
f 4792 4868 4869
f 4792 4869 4793
f 4793 4869 4870
f 4793 4870 4794
f 4794 4870 4871
f 4794 4871 4795
f 4795 4871 4872
f 4795 4872 4796
f 4796 4872 4873
f 4796 4873 4797
f 4797 4873 4874
f 4797 4874 4798
f 4798 4874 4875
f 4798 4875 4799
f 4799 4875 4876
f 4799 4876 4800
f 4800 4876 4877
f 4800 4877 4801
f 4801 4877 4878
f 4801 4878 4802
f 4802 4878 4879
f 4802 4879 4803
f 4803 4879 4880
f 4803 4880 4804
f 4804 4880 4881
f 4804 4881 4805
f 4805 4881 4882
f 4805 4882 4806
f 4806 4882 4883
f 4806 4883 4807
f 4807 4883 4884
f 4807 4884 4808
f 4808 4884 4885
f 4808 4885 4809
f 4809 4885 4886
f 4809 4886 4810
f 4810 4886 4887
f 4810 4887 4811
f 4811 4887 4888
f 4811 4888 4812
f 4812 4888 4889
f 4812 4889 4813
f 4813 4889 4890
f 4813 4890 4814
f 4814 4890 4891
f 4814 4891 4815
f 4815 4891 4892
f 4815 4892 4816
f 4816 4892 4893
f 4816 4893 4817
f 4817 4893 4894
f 4817 4894 4818
f 4818 4894 4895
f 4818 4895 4819
f 4819 4895 4896
f 4819 4896 4820
f 4820 4896 4897
f 4820 4897 4821
f 4821 4897 4898
f 4821 4898 4822
f 4822 4898 4899
f 4822 4899 4823
f 4823 4899 4900
f 4823 4900 4824
f 4824 4900 4901
f 4824 4901 4825
f 4825 4901 4902
f 4825 4902 4826
f 4826 4902 4903
f 4826 4903 4827
f 4827 4903 4904
f 4827 4904 4828
f 4828 4904 4905
f 4828 4905 4829
f 4829 4905 4830
f 4905 4377 4830
f 4830 4377 4379
f 4830 4379 4831
f 4831 4379 4381
f 4831 4381 4832
f 4832 4381 4383
f 4832 4383 4833
f 4833 4383 4385
f 4833 4385 4834
f 4834 4385 4387
f 4834 4387 4835
f 4835 4387 4389
f 4835 4389 4836
f 4836 4389 4391
f 4836 4391 4837
f 4837 4391 4393
f 4837 4393 4838
f 4838 4393 4395
f 4838 4395 4839
f 4839 4395 4397
f 4839 4397 4840
f 4840 4397 4399
f 4840 4399 4841
f 4841 4399 4401
f 4841 4401 4842
f 4842 4401 4403
f 4842 4403 4843
f 4843 4403 4405
f 4843 4405 4844
f 4844 4405 4407
f 4844 4407 4845
f 4845 4407 4409
f 4845 4409 4846
f 4846 4409 4411
f 4846 4411 4847
f 4847 4411 4413
f 4847 4413 4848
f 4848 4413 4415
f 4848 4415 4849
f 4849 4415 4417
f 4849 4417 4850
f 4850 4417 4419
f 4850 4419 4851
f 4851 4419 4421
f 4851 4421 4852
f 4852 4421 4423
f 4852 4423 4853
f 4853 4423 4425
f 4853 4425 4854
f 4854 4425 4427
f 4854 4427 4855
f 4855 4427 4429
f 4855 4429 4856
f 4856 4429 4431
f 4856 4431 4857
f 4857 4431 4433
f 4857 4433 4858
f 4858 4433 4435
f 4858 4435 4859
f 4859 4435 4437
f 4859 4437 4860
f 4860 4437 4439
f 4860 4439 4861
f 4861 4439 4441
f 4861 4441 4862
f 4862 4441 4443
f 4862 4443 4863
f 4863 4443 4445
f 4863 4445 4864
f 4864 4445 4447
f 4864 4447 4865
f 4865 4447 4297
f 4865 4297 4866
f 4866 4297 4299
f 4866 4299 4867
f 4867 4299 4301
f 4867 4301 4868
f 4868 4301 4303
f 4868 4303 4869
f 4869 4303 4305
f 4869 4305 4870
f 4870 4305 4307
f 4870 4307 4871
f 4871 4307 4309
f 4871 4309 4872
f 4872 4309 4311
f 4872 4311 4873
f 4873 4311 4313
f 4873 4313 4874
f 4874 4313 4315
f 4874 4315 4875
f 4875 4315 4317
f 4875 4317 4876
f 4876 4317 4319
f 4876 4319 4877
f 4877 4319 4321
f 4877 4321 4878
f 4878 4321 4323
f 4878 4323 4879
f 4879 4323 4325
f 4879 4325 4880
f 4880 4325 4327
f 4880 4327 4881
f 4881 4327 4329
f 4881 4329 4882
f 4882 4329 4331
f 4882 4331 4883
f 4883 4331 4333
f 4883 4333 4884
f 4884 4333 4335
f 4884 4335 4885
f 4885 4335 4337
f 4885 4337 4886
f 4886 4337 4339
f 4886 4339 4887
f 4887 4339 4341
f 4887 4341 4888
f 4888 4341 4343
f 4888 4343 4889
f 4889 4343 4345
f 4889 4345 4890
f 4890 4345 4347
f 4890 4347 4891
f 4891 4347 4349
f 4891 4349 4892
f 4892 4349 4351
f 4892 4351 4893
f 4893 4351 4353
f 4893 4353 4894
f 4894 4353 4355
f 4894 4355 4895
f 4895 4355 4357
f 4895 4357 4896
f 4896 4357 4359
f 4896 4359 4897
f 4897 4359 4361
f 4897 4361 4898
f 4898 4361 4363
f 4898 4363 4899
f 4899 4363 4365
f 4899 4365 4900
f 4900 4365 4367
f 4900 4367 4901
f 4901 4367 4369
f 4901 4369 4902
f 4902 4369 4371
f 4902 4371 4903
f 4903 4371 4373
f 4903 4373 4904
f 4904 4373 4375
f 4904 4375 4905
f 4905 4375 4377
f 4906 4907 4908
f 4908 4907 4909
f 4908 4909 4910
f 4910 4909 4911
f 4910 4911 4912
f 4912 4911 4913
f 4912 4913 4914
f 4914 4913 4915
f 4914 4915 4916
f 4916 4915 4917
f 4916 4917 4918
f 4918 4917 4919
f 4918 4919 4920
f 4920 4919 4921
f 4920 4921 4922
f 4922 4921 4923
f 4922 4923 4924
f 4924 4923 4925
f 4924 4925 4926
f 4926 4925 4927
f 4926 4927 4928
f 4928 4927 4929
f 4928 4929 4930
f 4930 4929 4931
f 4930 4931 4932
f 4932 4931 4933
f 4932 4933 4934
f 4934 4933 4935
f 4934 4935 4936
f 4936 4935 4937
f 4936 4937 4938
f 4938 4937 4939
f 4938 4939 4940
f 4940 4939 4941
f 4940 4941 4942
f 4942 4941 4943
f 4942 4943 4944
f 4944 4943 4945
f 4944 4945 4946
f 4946 4945 4947
f 4946 4947 4948
f 4948 4947 4949
f 4948 4949 4950
f 4950 4949 4951
f 4950 4951 4952
f 4952 4951 4953
f 4952 4953 4954
f 4954 4953 4955
f 4954 4955 4956
f 4956 4955 4957
f 4956 4957 4958
f 4958 4957 4959
f 4958 4959 4960
f 4960 4959 4961
f 4960 4961 4962
f 4962 4961 4963
f 4962 4963 4964
f 4964 4963 4965
f 4964 4965 4966
f 4966 4965 4967
f 4966 4967 4968
f 4968 4967 4969
f 4968 4969 4970
f 4970 4969 4971
f 4970 4971 4972
f 4972 4971 4973
f 4972 4973 4974
f 4974 4973 4975
f 4974 4975 4976
f 4976 4975 4977
f 4976 4977 4978
f 4978 4977 4979
f 4978 4979 4980
f 4980 4979 4981
f 4980 4981 4906
f 4906 4981 4907
f 4943 4941 4527
f 4943 4527 4945
f 4951 4949 4527
f 4527 4949 4947
f 4527 4947 4945
f 4957 4955 4527
f 4527 4955 4953
f 4527 4953 4951
f 4963 4961 4527
f 4527 4961 4959
f 4527 4959 4957
f 4969 4967 4527
f 4527 4967 4965
f 4527 4965 4963
f 4975 4973 4527
f 4527 4973 4971
f 4527 4971 4969
f 4981 4979 4527
f 4527 4979 4977
f 4527 4977 4975
f 4911 4909 4527
f 4527 4909 4907
f 4527 4907 4981
f 4917 4915 4527
f 4527 4915 4913
f 4527 4913 4911
f 4923 4921 4527
f 4527 4921 4919
f 4527 4919 4917
f 4929 4927 4527
f 4527 4927 4925
f 4527 4925 4923
f 4935 4933 4527
f 4527 4933 4931
f 4527 4931 4929
f 4941 4939 4527
f 4527 4939 4937
f 4527 4937 4935
f 4944 4946 4982
f 4944 4982 4942
f 4936 4938 4982
f 4982 4938 4940
f 4982 4940 4942
f 4930 4932 4982
f 4982 4932 4934
f 4982 4934 4936
f 4924 4926 4982
f 4982 4926 4928
f 4982 4928 4930
f 4918 4920 4982
f 4982 4920 4922
f 4982 4922 4924
f 4912 4914 4982
f 4982 4914 4916
f 4982 4916 4918
f 4906 4908 4982
f 4982 4908 4910
f 4982 4910 4912
f 4976 4978 4982
f 4982 4978 4980
f 4982 4980 4906
f 4970 4972 4982
f 4982 4972 4974
f 4982 4974 4976
f 4964 4966 4982
f 4982 4966 4968
f 4982 4968 4970
f 4958 4960 4982
f 4982 4960 4962
f 4982 4962 4964
f 4952 4954 4982
f 4982 4954 4956
f 4982 4956 4958
f 4946 4948 4982
f 4982 4948 4950
f 4982 4950 4952
f 4983 4984 4985
f 4985 4984 4986
f 4985 4986 4987
f 4987 4986 4988
f 4987 4988 4989
f 4989 4988 4990
f 4989 4990 4991
f 4991 4990 4992
f 4991 4992 4993
f 4993 4992 4994
f 4993 4994 4995
f 4995 4994 4996
f 4995 4996 4997
f 4997 4996 4998
f 4997 4998 4999
f 4999 4998 5000
f 4999 5000 5001
f 5001 5000 5002
f 5001 5002 5003
f 5003 5002 5004
f 5003 5004 5005
f 5005 5004 5006
f 5005 5006 5007
f 5007 5006 5008
f 5007 5008 5009
f 5009 5008 5010
f 5009 5010 5011
f 5011 5010 5012
f 5011 5012 5013
f 5013 5012 5014
f 5013 5014 5015
f 5015 5014 5016
f 5015 5016 5017
f 5017 5016 5018
f 5017 5018 5019
f 5019 5018 5020
f 5019 5020 5021
f 5021 5020 5022
f 5021 5022 5023
f 5023 5022 5024
f 5023 5024 5025
f 5025 5024 5026
f 5025 5026 5027
f 5027 5026 5028
f 5027 5028 5029
f 5029 5028 5030
f 5029 5030 5031
f 5031 5030 5032
f 5031 5032 5033
f 5033 5032 5034
f 5033 5034 5035
f 5035 5034 5036
f 5035 5036 5037
f 5037 5036 5038
f 5037 5038 5039
f 5039 5038 5040
f 5039 5040 5041
f 5041 5040 5042
f 5041 5042 5043
f 5043 5042 5044
f 5043 5044 5045
f 5045 5044 5046
f 5045 5046 5047
f 5047 5046 5048
f 5047 5048 5049
f 5049 5048 5050
f 5049 5050 5051
f 5051 5050 5052
f 5051 5052 5053
f 5053 5052 5054
f 5053 5054 5055
f 5055 5054 5056
f 5055 5056 5057
f 5057 5056 5058
f 5057 5058 5059
f 5059 5058 5060
f 5059 5060 5061
f 5061 5060 5062
f 5061 5062 5063
f 5063 5062 5064
f 5063 5064 5065
f 5065 5064 5066
f 5065 5066 5067
f 5067 5066 5068
f 5067 5068 5069
f 5069 5068 5070
f 5069 5070 5071
f 5071 5070 5072
f 5071 5072 5073
f 5073 5072 5074
f 5073 5074 5075
f 5075 5074 5076
f 5075 5076 5077
f 5077 5076 5078
f 5077 5078 5079
f 5079 5078 5080
f 5079 5080 5081
f 5081 5080 5082
f 5081 5082 5083
f 5083 5082 5084
f 5083 5084 5085
f 5085 5084 5086
f 5085 5086 5087
f 5087 5086 5088
f 5087 5088 5089
f 5089 5088 5090
f 5089 5090 5091
f 5091 5090 5092
f 5091 5092 5093
f 5093 5092 5094
f 5093 5094 5095
f 5095 5094 5096
f 5095 5096 5097
f 5097 5096 5098
f 5097 5098 5099
f 5099 5098 5100
f 5099 5100 5101
f 5101 5100 5102
f 5101 5102 5103
f 5103 5102 5104
f 5103 5104 5105
f 5105 5104 5106
f 5105 5106 5107
f 5107 5106 5108
f 5107 5108 5109
f 5109 5108 5110
f 5109 5110 5111
f 5111 5110 5112
f 5111 5112 5113
f 5113 5112 5114
f 5113 5114 5115
f 5115 5114 5116
f 5115 5116 5117
f 5117 5116 5118
f 5117 5118 5119
f 5119 5118 5120
f 5119 5120 5121
f 5121 5120 5122
f 5121 5122 5123
f 5123 5122 5124
f 5123 5124 5125
f 5125 5124 5126
f 5125 5126 5127
f 5127 5126 5128
f 5127 5128 5129
f 5129 5128 5130
f 5129 5130 5131
f 5131 5130 5132
f 5131 5132 5133
f 5133 5132 5134
f 5133 5134 4983
f 4983 5134 4984
f 5135 5136 4982
f 5137 5138 4982
f 4982 5138 5139
f 4982 5139 5135
f 5140 5141 4982
f 4982 5141 5142
f 4982 5142 5137
f 5143 5144 4982
f 4982 5144 5145
f 4982 5145 5140
f 5146 5147 4982
f 4982 5147 5148
f 4982 5148 5143
f 5149 5150 4982
f 4982 5150 5151
f 4982 5151 5146
f 5152 5153 4982
f 4982 5153 5154
f 4982 5154 5149
f 5155 5156 4982
f 4982 5156 5157
f 4982 5157 5152
f 5158 5159 4982
f 4982 5159 5160
f 4982 5160 5155
f 5161 5162 4982
f 4982 5162 5163
f 4982 5163 5158
f 5164 5165 4982
f 4982 5165 5166
f 4982 5166 5161
f 5167 5168 4982
f 4982 5168 5169
f 4982 5169 5164
f 5170 5171 4982
f 4982 5171 5172
f 4982 5172 5167
f 5173 5174 4982
f 4982 5174 5175
f 4982 5175 5170
f 5176 5177 4982
f 4982 5177 5178
f 4982 5178 5173
f 5179 5180 4982
f 4982 5180 5181
f 4982 5181 5176
f 5182 5183 4982
f 4982 5183 5184
f 4982 5184 5179
f 5185 5186 4982
f 4982 5186 5187
f 4982 5187 5182
f 5188 5189 4982
f 4982 5189 5190
f 4982 5190 5185
f 5191 5192 4982
f 4982 5192 5193
f 4982 5193 5188
f 5194 5195 4982
f 4982 5195 5196
f 4982 5196 5191
f 5197 5198 4982
f 4982 5198 5199
f 4982 5199 5194
f 5200 5201 4982
f 4982 5201 5202
f 4982 5202 5197
f 5203 5204 4982
f 4982 5204 5205
f 4982 5205 5200
f 5206 5207 4982
f 4982 5207 5208
f 4982 5208 5203
f 5136 5209 4982
f 4982 5209 5210
f 4982 5210 5206
f 5211 5212 5213
f 5214 5215 5213
f 5213 5215 5216
f 5213 5216 5211
f 5217 5218 5213
f 5213 5218 5219
f 5213 5219 5214
f 5220 5221 5213
f 5213 5221 5222
f 5213 5222 5217
f 5223 5224 5213
f 5213 5224 5225
f 5213 5225 5220
f 5226 5227 5213
f 5213 5227 5228
f 5213 5228 5223
f 5229 5230 5213
f 5213 5230 5231
f 5213 5231 5226
f 5232 5233 5213
f 5213 5233 5234
f 5213 5234 5229
f 5235 5236 5213
f 5213 5236 5237
f 5213 5237 5232
f 5238 5239 5213
f 5213 5239 5240
f 5213 5240 5235
f 5241 5242 5213
f 5213 5242 5243
f 5213 5243 5238
f 5244 5245 5213
f 5213 5245 5246
f 5213 5246 5241
f 5247 5248 5213
f 5213 5248 5249
f 5213 5249 5244
f 5250 5251 5213
f 5213 5251 5252
f 5213 5252 5247
f 5253 5254 5213
f 5213 5254 5255
f 5213 5255 5250
f 5256 5257 5213
f 5213 5257 5258
f 5213 5258 5253
f 5259 5260 5213
f 5213 5260 5261
f 5213 5261 5256
f 5262 5263 5213
f 5213 5263 5264
f 5213 5264 5259
f 5265 5266 5213
f 5213 5266 5267
f 5213 5267 5262
f 5268 5269 5213
f 5213 5269 5270
f 5213 5270 5265
f 5271 5272 5213
f 5213 5272 5273
f 5213 5273 5268
f 5274 5275 5213
f 5213 5275 5276
f 5213 5276 5271
f 5277 5278 5213
f 5213 5278 5279
f 5213 5279 5274
f 5280 5281 5213
f 5213 5281 5282
f 5213 5282 5277
f 5283 5284 5213
f 5213 5284 5285
f 5213 5285 5280
f 5212 5286 5213
f 5213 5286 5287
f 5213 5287 5283
f 5062 5288 5064
f 5064 5288 5289
f 5064 5289 5066
f 5066 5289 5290
f 5066 5290 5068
f 5068 5290 5291
f 5068 5291 5070
f 5070 5291 5292
f 5070 5292 5072
f 5072 5292 5293
f 5072 5293 5074
f 5074 5293 5294
f 5074 5294 5076
f 5076 5294 5295
f 5076 5295 5078
f 5078 5295 5296
f 5078 5296 5080
f 5080 5296 5297
f 5080 5297 5082
f 5082 5297 5298
f 5082 5298 5084
f 5084 5298 5299
f 5084 5299 5086
f 5086 5299 5300
f 5086 5300 5088
f 5088 5300 5301
f 5088 5301 5090
f 5090 5301 5302
f 5090 5302 5092
f 5092 5302 5303
f 5092 5303 5094
f 5094 5303 5304
f 5094 5304 5096
f 5096 5304 5305
f 5096 5305 5098
f 5098 5305 5306
f 5098 5306 5100
f 5100 5306 5307
f 5100 5307 5102
f 5102 5307 5308
f 5102 5308 5104
f 5104 5308 5309
f 5104 5309 5106
f 5106 5309 5310
f 5106 5310 5108
f 5108 5310 5311
f 5108 5311 5110
f 5110 5311 5312
f 5110 5312 5112
f 5112 5312 5313
f 5112 5313 5114
f 5114 5313 5314
f 5114 5314 5116
f 5116 5314 5315
f 5116 5315 5118
f 5118 5315 5316
f 5118 5316 5120
f 5120 5316 5317
f 5120 5317 5122
f 5122 5317 5318
f 5122 5318 5124
f 5124 5318 5319
f 5124 5319 5126
f 5126 5319 5320
f 5126 5320 5128
f 5128 5320 5321
f 5128 5321 5130
f 5130 5321 5322
f 5130 5322 5132
f 5132 5322 5323
f 5132 5323 5134
f 5134 5323 5324
f 5134 5324 4984
f 4984 5324 5325
f 4984 5325 4986
f 4986 5325 5326
f 4986 5326 4988
f 4988 5326 5327
f 4988 5327 4990
f 4990 5327 5328
f 4990 5328 4992
f 4992 5328 5329
f 4992 5329 4994
f 4994 5329 5330
f 4994 5330 4996
f 4996 5330 5331
f 4996 5331 4998
f 4998 5331 5332
f 4998 5332 5000
f 5000 5332 5333
f 5000 5333 5002
f 5002 5333 5334
f 5002 5334 5004
f 5004 5334 5335
f 5004 5335 5006
f 5006 5335 5336
f 5006 5336 5008
f 5008 5336 5337
f 5008 5337 5010
f 5010 5337 5338
f 5010 5338 5012
f 5012 5338 5339
f 5012 5339 5014
f 5014 5339 5340
f 5014 5340 5016
f 5016 5340 5341
f 5016 5341 5018
f 5018 5341 5342
f 5018 5342 5020
f 5020 5342 5343
f 5020 5343 5022
f 5022 5343 5344
f 5022 5344 5024
f 5024 5344 5345
f 5024 5345 5026
f 5026 5345 5346
f 5026 5346 5028
f 5028 5346 5347
f 5028 5347 5030
f 5030 5347 5348
f 5030 5348 5032
f 5032 5348 5349
f 5032 5349 5034
f 5034 5349 5350
f 5034 5350 5036
f 5036 5350 5351
f 5036 5351 5038
f 5038 5351 5352
f 5038 5352 5040
f 5040 5352 5353
f 5040 5353 5042
f 5042 5353 5354
f 5042 5354 5044
f 5044 5354 5355
f 5044 5355 5046
f 5046 5355 5356
f 5046 5356 5048
f 5048 5356 5357
f 5048 5357 5050
f 5050 5357 5358
f 5050 5358 5052
f 5052 5358 5359
f 5052 5359 5054
f 5054 5359 5360
f 5054 5360 5056
f 5056 5360 5361
f 5056 5361 5058
f 5058 5361 5362
f 5058 5362 5060
f 5060 5362 5363
f 5060 5363 5062
f 5062 5363 5288
f 5363 5364 5288
f 5288 5364 5365
f 5288 5365 5289
f 5289 5365 5366
f 5289 5366 5290
f 5290 5366 5367
f 5290 5367 5291
f 5291 5367 5368
f 5291 5368 5292
f 5292 5368 5369
f 5292 5369 5293
f 5293 5369 5370
f 5293 5370 5294
f 5294 5370 5371
f 5294 5371 5295
f 5295 5371 5372
f 5295 5372 5296
f 5296 5372 5373
f 5296 5373 5297
f 5297 5373 5374
f 5297 5374 5298
f 5298 5374 5375
f 5298 5375 5299
f 5299 5375 5376
f 5299 5376 5300
f 5300 5376 5377
f 5300 5377 5301
f 5301 5377 5378
f 5301 5378 5302
f 5302 5378 5379
f 5302 5379 5303
f 5303 5379 5380
f 5303 5380 5304
f 5304 5380 5381
f 5304 5381 5305
f 5305 5381 5382
f 5305 5382 5306
f 5306 5382 5383
f 5306 5383 5307
f 5307 5383 5384
f 5307 5384 5308
f 5308 5384 5385
f 5308 5385 5309
f 5309 5385 5386
f 5309 5386 5310
f 5310 5386 5387
f 5310 5387 5311
f 5311 5387 5388
f 5311 5388 5312
f 5312 5388 5389
f 5312 5389 5313
f 5313 5389 5390
f 5313 5390 5314
f 5314 5390 5391
f 5314 5391 5315
f 5315 5391 5392
f 5315 5392 5316
f 5316 5392 5393
f 5316 5393 5317
f 5317 5393 5394
f 5317 5394 5318
f 5318 5394 5395
f 5318 5395 5319
f 5319 5395 5396
f 5319 5396 5320
f 5320 5396 5397
f 5320 5397 5321
f 5321 5397 5398
f 5321 5398 5322
f 5322 5398 5399
f 5322 5399 5323
f 5323 5399 5400
f 5323 5400 5324
f 5324 5400 5401
f 5324 5401 5325
f 5325 5401 5402
f 5325 5402 5326
f 5326 5402 5403
f 5326 5403 5327
f 5327 5403 5404
f 5327 5404 5328
f 5328 5404 5405
f 5328 5405 5329
f 5329 5405 5406
f 5329 5406 5330
f 5330 5406 5407
f 5330 5407 5331
f 5331 5407 5408
f 5331 5408 5332
f 5332 5408 5409
f 5332 5409 5333
f 5333 5409 5410
f 5333 5410 5334
f 5334 5410 5411
f 5334 5411 5335
f 5335 5411 5412
f 5335 5412 5336
f 5336 5412 5413
f 5336 5413 5337
f 5337 5413 5414
f 5337 5414 5338
f 5338 5414 5415
f 5338 5415 5339
f 5339 5415 5416
f 5339 5416 5340
f 5340 5416 5417
f 5340 5417 5341
f 5341 5417 5418
f 5341 5418 5342
f 5342 5418 5419
f 5342 5419 5343
f 5343 5419 5420
f 5343 5420 5344
f 5344 5420 5421
f 5344 5421 5345
f 5345 5421 5422
f 5345 5422 5346
f 5346 5422 5423
f 5346 5423 5347
f 5347 5423 5424
f 5347 5424 5348
f 5348 5424 5425
f 5348 5425 5349
f 5349 5425 5426
f 5349 5426 5350
f 5350 5426 5427
f 5350 5427 5351
f 5351 5427 5428
f 5351 5428 5352
f 5352 5428 5429
f 5352 5429 5353
f 5353 5429 5430
f 5353 5430 5354
f 5354 5430 5431
f 5354 5431 5355
f 5355 5431 5432
f 5355 5432 5356
f 5356 5432 5433
f 5356 5433 5357
f 5357 5433 5434
f 5357 5434 5358
f 5358 5434 5435
f 5358 5435 5359
f 5359 5435 5436
f 5359 5436 5360
f 5360 5436 5437
f 5360 5437 5361
f 5361 5437 5438
f 5361 5438 5362
f 5362 5438 5439
f 5362 5439 5363
f 5363 5439 5364
f 5439 5216 5364
f 5364 5216 5215
f 5364 5215 5365
f 5365 5215 5214
f 5365 5214 5366
f 5366 5214 5219
f 5366 5219 5367
f 5367 5219 5218
f 5367 5218 5368
f 5368 5218 5217
f 5368 5217 5369
f 5369 5217 5222
f 5369 5222 5370
f 5370 5222 5221
f 5370 5221 5371
f 5371 5221 5220
f 5371 5220 5372
f 5372 5220 5225
f 5372 5225 5373
f 5373 5225 5224
f 5373 5224 5374
f 5374 5224 5223
f 5374 5223 5375
f 5375 5223 5228
f 5375 5228 5376
f 5376 5228 5227
f 5376 5227 5377
f 5377 5227 5226
f 5377 5226 5378
f 5378 5226 5231
f 5378 5231 5379
f 5379 5231 5230
f 5379 5230 5380
f 5380 5230 5229
f 5380 5229 5381
f 5381 5229 5234
f 5381 5234 5382
f 5382 5234 5233
f 5382 5233 5383
f 5383 5233 5232
f 5383 5232 5384
f 5384 5232 5237
f 5384 5237 5385
f 5385 5237 5236
f 5385 5236 5386
f 5386 5236 5235
f 5386 5235 5387
f 5387 5235 5240
f 5387 5240 5388
f 5388 5240 5239
f 5388 5239 5389
f 5389 5239 5238
f 5389 5238 5390
f 5390 5238 5243
f 5390 5243 5391
f 5391 5243 5242
f 5391 5242 5392
f 5392 5242 5241
f 5392 5241 5393
f 5393 5241 5246
f 5393 5246 5394
f 5394 5246 5245
f 5394 5245 5395
f 5395 5245 5244
f 5395 5244 5396
f 5396 5244 5249
f 5396 5249 5397
f 5397 5249 5248
f 5397 5248 5398
f 5398 5248 5247
f 5398 5247 5399
f 5399 5247 5252
f 5399 5252 5400
f 5400 5252 5251
f 5400 5251 5401
f 5401 5251 5250
f 5401 5250 5402
f 5402 5250 5255
f 5402 5255 5403
f 5403 5255 5254
f 5403 5254 5404
f 5404 5254 5253
f 5404 5253 5405
f 5405 5253 5258
f 5405 5258 5406
f 5406 5258 5257
f 5406 5257 5407
f 5407 5257 5256
f 5407 5256 5408
f 5408 5256 5261
f 5408 5261 5409
f 5409 5261 5260
f 5409 5260 5410
f 5410 5260 5259
f 5410 5259 5411
f 5411 5259 5264
f 5411 5264 5412
f 5412 5264 5263
f 5412 5263 5413
f 5413 5263 5262
f 5413 5262 5414
f 5414 5262 5267
f 5414 5267 5415
f 5415 5267 5266
f 5415 5266 5416
f 5416 5266 5265
f 5416 5265 5417
f 5417 5265 5270
f 5417 5270 5418
f 5418 5270 5269
f 5418 5269 5419
f 5419 5269 5268
f 5419 5268 5420
f 5420 5268 5273
f 5420 5273 5421
f 5421 5273 5272
f 5421 5272 5422
f 5422 5272 5271
f 5422 5271 5423
f 5423 5271 5276
f 5423 5276 5424
f 5424 5276 5275
f 5424 5275 5425
f 5425 5275 5274
f 5425 5274 5426
f 5426 5274 5279
f 5426 5279 5427
f 5427 5279 5278
f 5427 5278 5428
f 5428 5278 5277
f 5428 5277 5429
f 5429 5277 5282
f 5429 5282 5430
f 5430 5282 5281
f 5430 5281 5431
f 5431 5281 5280
f 5431 5280 5432
f 5432 5280 5285
f 5432 5285 5433
f 5433 5285 5284
f 5433 5284 5434
f 5434 5284 5283
f 5434 5283 5435
f 5435 5283 5287
f 5435 5287 5436
f 5436 5287 5286
f 5436 5286 5437
f 5437 5286 5212
f 5437 5212 5438
f 5438 5212 5211
f 5438 5211 5439
f 5439 5211 5216
f 5135 5440 5136
f 5136 5440 5441
f 5136 5441 5209
f 5209 5441 5442
f 5209 5442 5210
f 5210 5442 5443
f 5210 5443 5206
f 5206 5443 5444
f 5206 5444 5207
f 5207 5444 5445
f 5207 5445 5208
f 5208 5445 5446
f 5208 5446 5203
f 5203 5446 5447
f 5203 5447 5204
f 5204 5447 5448
f 5204 5448 5205
f 5205 5448 5449
f 5205 5449 5200
f 5200 5449 5450
f 5200 5450 5201
f 5201 5450 5451
f 5201 5451 5202
f 5202 5451 5452
f 5202 5452 5197
f 5197 5452 5453
f 5197 5453 5198
f 5198 5453 5454
f 5198 5454 5199
f 5199 5454 5455
f 5199 5455 5194
f 5194 5455 5456
f 5194 5456 5195
f 5195 5456 5457
f 5195 5457 5196
f 5196 5457 5458
f 5196 5458 5191
f 5191 5458 5459
f 5191 5459 5192
f 5192 5459 5460
f 5192 5460 5193
f 5193 5460 5461
f 5193 5461 5188
f 5188 5461 5462
f 5188 5462 5189
f 5189 5462 5463
f 5189 5463 5190
f 5190 5463 5464
f 5190 5464 5185
f 5185 5464 5465
f 5185 5465 5186
f 5186 5465 5466
f 5186 5466 5187
f 5187 5466 5467
f 5187 5467 5182
f 5182 5467 5468
f 5182 5468 5183
f 5183 5468 5469
f 5183 5469 5184
f 5184 5469 5470
f 5184 5470 5179
f 5179 5470 5471
f 5179 5471 5180
f 5180 5471 5472
f 5180 5472 5181
f 5181 5472 5473
f 5181 5473 5176
f 5176 5473 5474
f 5176 5474 5177
f 5177 5474 5475
f 5177 5475 5178
f 5178 5475 5476
f 5178 5476 5173
f 5173 5476 5477
f 5173 5477 5174
f 5174 5477 5478
f 5174 5478 5175
f 5175 5478 5479
f 5175 5479 5170
f 5170 5479 5480
f 5170 5480 5171
f 5171 5480 5481
f 5171 5481 5172
f 5172 5481 5482
f 5172 5482 5167
f 5167 5482 5483
f 5167 5483 5168
f 5168 5483 5484
f 5168 5484 5169
f 5169 5484 5485
f 5169 5485 5164
f 5164 5485 5486
f 5164 5486 5165
f 5165 5486 5487
f 5165 5487 5166
f 5166 5487 5488
f 5166 5488 5161
f 5161 5488 5489
f 5161 5489 5162
f 5162 5489 5490
f 5162 5490 5163
f 5163 5490 5491
f 5163 5491 5158
f 5158 5491 5492
f 5158 5492 5159
f 5159 5492 5493
f 5159 5493 5160
f 5160 5493 5494
f 5160 5494 5155
f 5155 5494 5495
f 5155 5495 5156
f 5156 5495 5496
f 5156 5496 5157
f 5157 5496 5497
f 5157 5497 5152
f 5152 5497 5498
f 5152 5498 5153
f 5153 5498 5499
f 5153 5499 5154
f 5154 5499 5500
f 5154 5500 5149
f 5149 5500 5501
f 5149 5501 5150
f 5150 5501 5502
f 5150 5502 5151
f 5151 5502 5503
f 5151 5503 5146
f 5146 5503 5504
f 5146 5504 5147
f 5147 5504 5505
f 5147 5505 5148
f 5148 5505 5506
f 5148 5506 5143
f 5143 5506 5507
f 5143 5507 5144
f 5144 5507 5508
f 5144 5508 5145
f 5145 5508 5509
f 5145 5509 5140
f 5140 5509 5510
f 5140 5510 5141
f 5141 5510 5511
f 5141 5511 5142
f 5142 5511 5512
f 5142 5512 5137
f 5137 5512 5513
f 5137 5513 5138
f 5138 5513 5514
f 5138 5514 5139
f 5139 5514 5515
f 5139 5515 5135
f 5135 5515 5440
f 5515 5516 5440
f 5440 5516 5517
f 5440 5517 5441
f 5441 5517 5518
f 5441 5518 5442
f 5442 5518 5519
f 5442 5519 5443
f 5443 5519 5520
f 5443 5520 5444
f 5444 5520 5521
f 5444 5521 5445
f 5445 5521 5522
f 5445 5522 5446
f 5446 5522 5523
f 5446 5523 5447
f 5447 5523 5524
f 5447 5524 5448
f 5448 5524 5525
f 5448 5525 5449
f 5449 5525 5526
f 5449 5526 5450
f 5450 5526 5527
f 5450 5527 5451
f 5451 5527 5528
f 5451 5528 5452
f 5452 5528 5529
f 5452 5529 5453
f 5453 5529 5530
f 5453 5530 5454
f 5454 5530 5531
f 5454 5531 5455
f 5455 5531 5532
f 5455 5532 5456
f 5456 5532 5533
f 5456 5533 5457
f 5457 5533 5534
f 5457 5534 5458
f 5458 5534 5535
f 5458 5535 5459
f 5459 5535 5536
f 5459 5536 5460
f 5460 5536 5537
f 5460 5537 5461
f 5461 5537 5538
f 5461 5538 5462
f 5462 5538 5539
f 5462 5539 5463
f 5463 5539 5540
f 5463 5540 5464
f 5464 5540 5541
f 5464 5541 5465
f 5465 5541 5542
f 5465 5542 5466
f 5466 5542 5543
f 5466 5543 5467
f 5467 5543 5544
f 5467 5544 5468
f 5468 5544 5545
f 5468 5545 5469
f 5469 5545 5546
f 5469 5546 5470
f 5470 5546 5547
f 5470 5547 5471
f 5471 5547 5548
f 5471 5548 5472
f 5472 5548 5549
f 5472 5549 5473
f 5473 5549 5550
f 5473 5550 5474
f 5474 5550 5551
f 5474 5551 5475
f 5475 5551 5552
f 5475 5552 5476
f 5476 5552 5553
f 5476 5553 5477
f 5477 5553 5554
f 5477 5554 5478
f 5478 5554 5555
f 5478 5555 5479
f 5479 5555 5556
f 5479 5556 5480
f 5480 5556 5557
f 5480 5557 5481
f 5481 5557 5558
f 5481 5558 5482
f 5482 5558 5559
f 5482 5559 5483
f 5483 5559 5560
f 5483 5560 5484
f 5484 5560 5561
f 5484 5561 5485
f 5485 5561 5562
f 5485 5562 5486
f 5486 5562 5563
f 5486 5563 5487
f 5487 5563 5564
f 5487 5564 5488
f 5488 5564 5565
f 5488 5565 5489
f 5489 5565 5566
f 5489 5566 5490
f 5490 5566 5567
f 5490 5567 5491
f 5491 5567 5568
f 5491 5568 5492
f 5492 5568 5569
f 5492 5569 5493
f 5493 5569 5570
f 5493 5570 5494
f 5494 5570 5571
f 5494 5571 5495
f 5495 5571 5572
f 5495 5572 5496
f 5496 5572 5573
f 5496 5573 5497
f 5497 5573 5574
f 5497 5574 5498
f 5498 5574 5575
f 5498 5575 5499
f 5499 5575 5576
f 5499 5576 5500
f 5500 5576 5577
f 5500 5577 5501
f 5501 5577 5578
f 5501 5578 5502
f 5502 5578 5579
f 5502 5579 5503
f 5503 5579 5580
f 5503 5580 5504
f 5504 5580 5581
f 5504 5581 5505
f 5505 5581 5582
f 5505 5582 5506
f 5506 5582 5583
f 5506 5583 5507
f 5507 5583 5584
f 5507 5584 5508
f 5508 5584 5585
f 5508 5585 5509
f 5509 5585 5586
f 5509 5586 5510
f 5510 5586 5587
f 5510 5587 5511
f 5511 5587 5588
f 5511 5588 5512
f 5512 5588 5589
f 5512 5589 5513
f 5513 5589 5590
f 5513 5590 5514
f 5514 5590 5591
f 5514 5591 5515
f 5515 5591 5516
f 5591 5063 5516
f 5516 5063 5065
f 5516 5065 5517
f 5517 5065 5067
f 5517 5067 5518
f 5518 5067 5069
f 5518 5069 5519
f 5519 5069 5071
f 5519 5071 5520
f 5520 5071 5073
f 5520 5073 5521
f 5521 5073 5075
f 5521 5075 5522
f 5522 5075 5077
f 5522 5077 5523
f 5523 5077 5079
f 5523 5079 5524
f 5524 5079 5081
f 5524 5081 5525
f 5525 5081 5083
f 5525 5083 5526
f 5526 5083 5085
f 5526 5085 5527
f 5527 5085 5087
f 5527 5087 5528
f 5528 5087 5089
f 5528 5089 5529
f 5529 5089 5091
f 5529 5091 5530
f 5530 5091 5093
f 5530 5093 5531
f 5531 5093 5095
f 5531 5095 5532
f 5532 5095 5097
f 5532 5097 5533
f 5533 5097 5099
f 5533 5099 5534
f 5534 5099 5101
f 5534 5101 5535
f 5535 5101 5103
f 5535 5103 5536
f 5536 5103 5105
f 5536 5105 5537
f 5537 5105 5107
f 5537 5107 5538
f 5538 5107 5109
f 5538 5109 5539
f 5539 5109 5111
f 5539 5111 5540
f 5540 5111 5113
f 5540 5113 5541
f 5541 5113 5115
f 5541 5115 5542
f 5542 5115 5117
f 5542 5117 5543
f 5543 5117 5119
f 5543 5119 5544
f 5544 5119 5121
f 5544 5121 5545
f 5545 5121 5123
f 5545 5123 5546
f 5546 5123 5125
f 5546 5125 5547
f 5547 5125 5127
f 5547 5127 5548
f 5548 5127 5129
f 5548 5129 5549
f 5549 5129 5131
f 5549 5131 5550
f 5550 5131 5133
f 5550 5133 5551
f 5551 5133 4983
f 5551 4983 5552
f 5552 4983 4985
f 5552 4985 5553
f 5553 4985 4987
f 5553 4987 5554
f 5554 4987 4989
f 5554 4989 5555
f 5555 4989 4991
f 5555 4991 5556
f 5556 4991 4993
f 5556 4993 5557
f 5557 4993 4995
f 5557 4995 5558
f 5558 4995 4997
f 5558 4997 5559
f 5559 4997 4999
f 5559 4999 5560
f 5560 4999 5001
f 5560 5001 5561
f 5561 5001 5003
f 5561 5003 5562
f 5562 5003 5005
f 5562 5005 5563
f 5563 5005 5007
f 5563 5007 5564
f 5564 5007 5009
f 5564 5009 5565
f 5565 5009 5011
f 5565 5011 5566
f 5566 5011 5013
f 5566 5013 5567
f 5567 5013 5015
f 5567 5015 5568
f 5568 5015 5017
f 5568 5017 5569
f 5569 5017 5019
f 5569 5019 5570
f 5570 5019 5021
f 5570 5021 5571
f 5571 5021 5023
f 5571 5023 5572
f 5572 5023 5025
f 5572 5025 5573
f 5573 5025 5027
f 5573 5027 5574
f 5574 5027 5029
f 5574 5029 5575
f 5575 5029 5031
f 5575 5031 5576
f 5576 5031 5033
f 5576 5033 5577
f 5577 5033 5035
f 5577 5035 5578
f 5578 5035 5037
f 5578 5037 5579
f 5579 5037 5039
f 5579 5039 5580
f 5580 5039 5041
f 5580 5041 5581
f 5581 5041 5043
f 5581 5043 5582
f 5582 5043 5045
f 5582 5045 5583
f 5583 5045 5047
f 5583 5047 5584
f 5584 5047 5049
f 5584 5049 5585
f 5585 5049 5051
f 5585 5051 5586
f 5586 5051 5053
f 5586 5053 5587
f 5587 5053 5055
f 5587 5055 5588
f 5588 5055 5057
f 5588 5057 5589
f 5589 5057 5059
f 5589 5059 5590
f 5590 5059 5061
f 5590 5061 5591
f 5591 5061 5063
f 5592 5593 5594
f 5594 5593 5595
f 5593 5596 5595
f 5595 5596 5597
f 5595 5597 5598
f 5598 5597 5599
f 5598 5599 5600
f 5600 5599 5601
f 5600 5601 5602
f 5602 5601 5603
f 5602 5603 5604
f 5604 5603 5605
f 5604 5605 5606
f 5606 5605 5607
f 5606 5607 5608
f 5608 5607 5609
f 5608 5609 5610
f 5610 5609 5611
f 5610 5611 5612
f 5612 5611 5613
f 5612 5613 5614
f 5614 5613 5615
f 5614 5615 5616
f 5616 5615 5617
f 5616 5617 5618
f 5618 5617 5619
f 5618 5619 5620
f 5620 5619 5621
f 5620 5621 5622
f 5622 5621 5623
f 5622 5623 5624
f 5624 5623 5625
f 5624 5625 5626
f 5626 5625 5627
f 5626 5627 5628
f 5628 5627 5629
f 5628 5629 5630
f 5630 5629 5631
f 5630 5631 5632
f 5632 5631 5633
f 5632 5633 5634
f 5634 5633 5635
f 5634 5635 5636
f 5636 5635 5637
f 5636 5637 5638
f 5638 5637 5639
f 5638 5639 5640
f 5640 5639 5641
f 5640 5641 5642
f 5642 5641 5643
f 5642 5643 5644
f 5644 5643 5645
f 5644 5645 5646
f 5646 5645 5647
f 5646 5647 5648
f 5648 5647 5649
f 5648 5649 5650
f 5650 5649 5651
f 5650 5651 5652
f 5652 5651 5653
f 5652 5653 5654
f 5654 5653 5655
f 5654 5655 5656
f 5656 5655 5657
f 5656 5657 5658
f 5658 5657 5659
f 5658 5659 5660
f 5660 5659 5661
f 5660 5661 5662
f 5662 5661 5663
f 5662 5663 5664
f 5664 5663 5665
f 5664 5665 5666
f 5666 5665 5667
f 5666 5667 5668
f 5668 5667 5669
f 5668 5669 5670
f 5670 5669 5592
f 5670 5592 5671
f 5671 5592 5594
f 5593 5592 5213
f 5599 5597 5213
f 5213 5597 5596
f 5213 5596 5593
f 5605 5603 5213
f 5213 5603 5601
f 5213 5601 5599
f 5611 5609 5213
f 5213 5609 5607
f 5213 5607 5605
f 5617 5615 5213
f 5213 5615 5613
f 5213 5613 5611
f 5623 5621 5213
f 5213 5621 5619
f 5213 5619 5617
f 5629 5627 5213
f 5213 5627 5625
f 5213 5625 5623
f 5635 5633 5213
f 5213 5633 5631
f 5213 5631 5629
f 5641 5639 5213
f 5213 5639 5637
f 5213 5637 5635
f 5647 5645 5213
f 5213 5645 5643
f 5213 5643 5641
f 5653 5651 5213
f 5213 5651 5649
f 5213 5649 5647
f 5659 5657 5213
f 5213 5657 5655
f 5213 5655 5653
f 5665 5663 5213
f 5213 5663 5661
f 5213 5661 5659
f 5592 5669 5213
f 5213 5669 5667
f 5213 5667 5665
f 5594 5595 5672
f 5668 5670 5672
f 5672 5670 5671
f 5672 5671 5594
f 5662 5664 5672
f 5672 5664 5666
f 5672 5666 5668
f 5656 5658 5672
f 5672 5658 5660
f 5672 5660 5662
f 5650 5652 5672
f 5672 5652 5654
f 5672 5654 5656
f 5644 5646 5672
f 5672 5646 5648
f 5672 5648 5650
f 5638 5640 5672
f 5672 5640 5642
f 5672 5642 5644
f 5632 5634 5672
f 5672 5634 5636
f 5672 5636 5638
f 5626 5628 5672
f 5672 5628 5630
f 5672 5630 5632
f 5620 5622 5672
f 5672 5622 5624
f 5672 5624 5626
f 5614 5616 5672
f 5672 5616 5618
f 5672 5618 5620
f 5608 5610 5672
f 5672 5610 5612
f 5672 5612 5614
f 5602 5604 5672
f 5672 5604 5606
f 5672 5606 5608
f 5595 5598 5672
f 5672 5598 5600
f 5672 5600 5602
f 5673 5674 5675
f 5675 5674 5676
f 5677 5678 5679
f 5679 5678 5680
f 5681 5676 5674
f 5682 5683 5674
f 5674 5683 5684
f 5674 5684 5685
f 5685 5686 5674
f 5674 5686 5687
f 5674 5687 5681
f 5688 5689 5690
f 5690 5689 5691
f 5690 5691 5692
f 5682 5674 5693
f 5693 5674 5677
f 5693 5677 5690
f 5690 5677 5694
f 5690 5694 5688
f 5679 5695 5677
f 5677 5695 5696
f 5697 5698 5693
f 5693 5698 5699
f 5692 5700 5690
f 5690 5700 5701
f 5690 5701 5702
f 5699 5703 5693
f 5693 5703 5704
f 5693 5704 5682
f 5696 5705 5677
f 5677 5705 5706
f 5677 5706 5694
f 5707 5708 5709
f 5710 5711 5712
f 5712 5711 5707
f 5712 5707 5713
f 5713 5707 5709
f 5714 5715 5716
f 5717 5718 5719
f 5719 5718 5714
f 5719 5714 5720
f 5720 5714 5716
f 5721 5690 5722
f 5722 5690 5702
f 5723 5724 5711
f 5725 5726 5727
f 5711 5724 5728
f 5724 5729 5728
f 5728 5729 5730
f 5728 5730 5731
f 5731 5730 5732
f 5731 5732 5733
f 5733 5732 5726
f 5733 5726 5734
f 5734 5726 5725
f 5735 5736 5727
f 5727 5736 5737
f 5727 5737 5725
f 5738 5739 5740
f 5740 5739 5741
f 5740 5741 5735
f 5735 5741 5742
f 5735 5742 5736
f 5743 5744 5710
f 5710 5744 5745
f 5710 5745 5711
f 5711 5745 5746
f 5711 5746 5723
f 5740 5747 5738
f 5738 5747 5748
f 5738 5748 5710
f 5710 5748 5749
f 5710 5749 5743
f 5693 5750 5697
f 5697 5750 5751
f 5752 5753 5717
f 5754 5755 5756
f 5756 5755 5757
f 5753 5758 5717
f 5717 5758 5759
f 5717 5759 5718
f 5718 5759 5760
f 5760 5761 5718
f 5718 5761 5762
f 5718 5762 5763
f 5764 5765 5766
f 5766 5765 5767
f 5766 5767 5768
f 5768 5767 5769
f 5768 5769 5770
f 5770 5769 5771
f 5770 5771 5757
f 5757 5771 5772
f 5757 5772 5756
f 5763 5773 5718
f 5718 5773 5774
f 5718 5774 5754
f 5754 5774 5775
f 5754 5775 5755
f 5776 5777 5778
f 5778 5777 5779
f 5778 5779 5780
f 5780 5779 5781
f 5780 5781 5764
f 5764 5781 5782
f 5764 5782 5765
f 5776 5783 5777
f 5777 5783 5784
f 5777 5784 5717
f 5717 5784 5785
f 5717 5785 5752
f 5786 5728 5731
f 5787 5788 5789
f 5786 5790 5791
f 5791 5790 5787
f 5791 5787 5792
f 5792 5787 5789
f 5793 5721 5722
f 5722 5794 5793
f 5793 5794 5795
f 5793 5795 5788
f 5788 5795 5796
f 5788 5796 5789
f 5786 5731 5790
f 5790 5731 5733
f 5790 5733 5797
f 5797 5733 5734
f 5797 5734 5798
f 5798 5734 5725
f 5798 5725 5799
f 5799 5725 5737
f 5799 5737 5800
f 5751 5750 5801
f 5801 5750 5802
f 5801 5802 5803
f 5803 5802 5804
f 5804 5802 5805
f 5804 5805 5806
f 5806 5805 5807
f 5807 5805 5808
f 5807 5808 5809
f 5809 5808 5810
f 5810 5808 5811
f 5810 5811 5738
f 5738 5811 5739
f 5739 5811 5812
f 5739 5812 5741
f 5741 5812 5813
f 5741 5813 5742
f 5742 5813 5814
f 5742 5814 5736
f 5736 5814 5800
f 5736 5800 5737
f 5680 5678 5815
f 5815 5678 5816
f 5815 5816 5817
f 5817 5816 5818
f 5818 5816 5819
f 5818 5819 5820
f 5820 5819 5821
f 5821 5819 5822
f 5821 5822 5823
f 5823 5822 5824
f 5824 5822 5825
f 5824 5825 5777
f 5777 5825 5779
f 5779 5825 5826
f 5779 5826 5781
f 5781 5826 5827
f 5781 5827 5782
f 5782 5827 5828
f 5782 5828 5765
f 5765 5828 5829
f 5765 5829 5767
f 5830 5754 5756
f 5831 5832 5833
f 5830 5834 5835
f 5835 5834 5831
f 5835 5831 5836
f 5836 5831 5833
f 5837 5673 5675
f 5675 5838 5837
f 5837 5838 5839
f 5837 5839 5832
f 5832 5839 5840
f 5832 5840 5833
f 5830 5756 5834
f 5834 5756 5772
f 5834 5772 5841
f 5841 5772 5771
f 5841 5771 5842
f 5842 5771 5769
f 5842 5769 5843
f 5843 5769 5767
f 5843 5767 5829
f 5844 5845 5846
f 5846 5845 5847
f 5846 5847 5848
f 5848 5847 5849
f 5848 5849 5850
f 5850 5849 5851
f 5850 5851 5852
f 5852 5851 5853
f 5852 5853 5854
f 5854 5853 5855
f 5854 5855 5856
f 5856 5855 5857
f 5856 5857 5858
f 5858 5857 5859
f 5858 5859 5860
f 5860 5859 5861
f 5860 5861 5862
f 5862 5861 5863
f 5862 5863 5864
f 5864 5863 5865
f 5864 5865 5866
f 5866 5865 5867
f 5866 5867 5868
f 5868 5867 5869
f 5868 5869 5870
f 5870 5869 5871
f 5870 5871 5872
f 5872 5871 5873
f 5872 5873 5874
f 5874 5873 5875
f 5874 5875 5876
f 5876 5875 5877
f 5876 5877 5878
f 5878 5877 5879
f 5878 5879 5880
f 5880 5879 5881
f 5880 5881 5882
f 5882 5881 5883
f 5882 5883 5884
f 5884 5883 5885
f 5884 5885 5844
f 5844 5885 5845
f 5886 5887 5888
f 5888 5887 5889
f 5888 5889 5890
f 5890 5889 5891
f 5890 5891 5892
f 5892 5891 5893
f 5892 5893 5894
f 5894 5893 5895
f 5894 5895 5896
f 5896 5895 5897
f 5896 5897 5898
f 5898 5897 5899
f 5898 5899 5900
f 5900 5899 5901
f 5900 5901 5902
f 5902 5901 5903
f 5902 5903 5904
f 5904 5903 5905
f 5904 5905 5906
f 5906 5905 5907
f 5906 5907 5908
f 5908 5907 5909
f 5908 5909 5910
f 5910 5909 5911
f 5910 5911 5912
f 5912 5911 5913
f 5912 5913 5914
f 5914 5913 5915
f 5914 5915 5916
f 5916 5915 5917
f 5916 5917 5918
f 5918 5917 5919
f 5918 5919 5920
f 5920 5919 5921
f 5920 5921 5922
f 5922 5921 5923
f 5922 5923 5924
f 5924 5923 5925
f 5924 5925 5926
f 5926 5925 5927
f 5926 5927 5928
f 5928 5927 5929
f 5928 5929 5886
f 5886 5929 5887
f 5674 5848 5850
f 5850 5852 5674
f 5674 5852 5854
f 5674 5854 5677
f 5677 5854 5856
f 5677 5856 5858
f 5858 5860 5677
f 5677 5860 5862
f 5677 5862 5678
f 5678 5862 5864
f 5678 5864 5816
f 5816 5864 5866
f 5816 5866 5819
f 5819 5866 5868
f 5872 5826 5870
f 5870 5826 5825
f 5870 5825 5868
f 5868 5825 5822
f 5868 5822 5819
f 5878 5843 5876
f 5876 5843 5829
f 5876 5829 5874
f 5874 5829 5828
f 5874 5828 5872
f 5872 5828 5827
f 5872 5827 5826
f 5848 5674 5846
f 5846 5674 5673
f 5846 5673 5844
f 5844 5673 5837
f 5844 5837 5884
f 5837 5832 5884
f 5884 5832 5831
f 5884 5831 5882
f 5882 5831 5834
f 5882 5834 5880
f 5880 5834 5841
f 5880 5841 5878
f 5878 5841 5842
f 5878 5842 5843
f 5905 5903 5690
f 5895 5893 5693
f 5693 5893 5891
f 5693 5891 5750
f 5750 5891 5889
f 5750 5889 5802
f 5802 5889 5887
f 5802 5887 5805
f 5805 5887 5929
f 5805 5929 5808
f 5808 5929 5927
f 5921 5814 5923
f 5923 5814 5813
f 5923 5813 5925
f 5925 5813 5812
f 5925 5812 5927
f 5927 5812 5811
f 5927 5811 5808
f 5915 5797 5917
f 5917 5797 5798
f 5917 5798 5919
f 5919 5798 5799
f 5919 5799 5921
f 5921 5799 5800
f 5921 5800 5814
f 5903 5901 5690
f 5690 5901 5899
f 5690 5899 5693
f 5693 5899 5897
f 5693 5897 5895
f 5905 5690 5907
f 5907 5690 5721
f 5907 5721 5909
f 5909 5721 5793
f 5909 5793 5911
f 5911 5793 5788
f 5911 5788 5913
f 5913 5788 5787
f 5913 5787 5915
f 5915 5787 5790
f 5915 5790 5797
f 5900 5930 5898
f 5898 5930 5931
f 5898 5931 5896
f 5931 5932 5896
f 5896 5932 5933
f 5896 5933 5894
f 5894 5933 5934
f 5894 5934 5892
f 5892 5934 5935
f 5892 5935 5890
f 5935 5936 5890
f 5890 5936 5937
f 5890 5937 5888
f 5888 5937 5938
f 5888 5938 5886
f 5926 5939 5924
f 5924 5939 5940
f 5924 5940 5922
f 5922 5940 5941
f 5922 5941 5920
f 5938 5942 5886
f 5886 5942 5943
f 5886 5943 5928
f 5928 5943 5944
f 5928 5944 5926
f 5926 5944 5945
f 5926 5945 5939
f 5941 5946 5920
f 5920 5946 5947
f 5920 5947 5918
f 5918 5947 5948
f 5918 5948 5916
f 5912 5949 5910
f 5910 5949 5950
f 5910 5950 5908
f 5908 5950 5951
f 5908 5951 5906
f 5906 5951 5904
f 5951 5952 5904
f 5904 5952 5953
f 5904 5953 5902
f 5902 5953 5954
f 5902 5954 5900
f 5900 5954 5955
f 5900 5955 5930
f 5948 5956 5916
f 5916 5956 5957
f 5916 5957 5914
f 5914 5957 5958
f 5914 5958 5912
f 5912 5958 5959
f 5912 5959 5949
f 5960 5735 5727
f 5960 5961 5735
f 5735 5961 5962
f 5735 5962 5740
f 5962 5963 5740
f 5740 5963 5964
f 5740 5964 5747
f 5964 5965 5747
f 5747 5965 5966
f 5747 5966 5748
f 5748 5966 5967
f 5748 5967 5749
f 5749 5967 5968
f 5749 5968 5743
f 5968 5969 5743
f 5743 5969 5970
f 5743 5970 5744
f 5970 5971 5744
f 5744 5971 5972
f 5744 5972 5745
f 5972 5973 5745
f 5745 5973 5974
f 5745 5974 5746
f 5974 5975 5746
f 5746 5975 5976
f 5746 5976 5723
f 5976 5977 5723
f 5723 5977 5978
f 5723 5978 5724
f 5978 5979 5724
f 5724 5979 5980
f 5724 5980 5729
f 5980 5981 5729
f 5729 5981 5982
f 5729 5982 5730
f 5982 5983 5730
f 5730 5983 5984
f 5730 5984 5732
f 5984 5985 5732
f 5732 5985 5986
f 5732 5986 5726
f 5986 5987 5726
f 5726 5987 5988
f 5726 5988 5727
f 5727 5988 5989
f 5727 5989 5960
f 5960 5946 5961
f 5961 5946 5941
f 5961 5941 5962
f 5962 5941 5940
f 5962 5940 5963
f 5963 5940 5939
f 5963 5939 5964
f 5964 5939 5945
f 5964 5945 5965
f 5965 5945 5944
f 5965 5944 5966
f 5966 5944 5943
f 5966 5943 5967
f 5967 5943 5942
f 5967 5942 5968
f 5968 5942 5938
f 5968 5938 5969
f 5969 5938 5937
f 5969 5937 5970
f 5970 5937 5936
f 5970 5936 5971
f 5971 5936 5935
f 5971 5935 5972
f 5972 5935 5934
f 5972 5934 5973
f 5973 5934 5933
f 5973 5933 5974
f 5974 5933 5932
f 5974 5932 5975
f 5975 5932 5931
f 5975 5931 5976
f 5976 5931 5930
f 5976 5930 5977
f 5977 5930 5955
f 5977 5955 5978
f 5978 5955 5954
f 5978 5954 5979
f 5979 5954 5953
f 5979 5953 5980
f 5980 5953 5952
f 5980 5952 5981
f 5981 5952 5951
f 5981 5951 5982
f 5982 5951 5950
f 5982 5950 5983
f 5983 5950 5949
f 5983 5949 5984
f 5984 5949 5959
f 5984 5959 5985
f 5985 5959 5958
f 5985 5958 5986
f 5986 5958 5957
f 5986 5957 5987
f 5987 5957 5956
f 5987 5956 5988
f 5988 5956 5948
f 5988 5948 5989
f 5989 5948 5947
f 5989 5947 5960
f 5960 5947 5946
f 5877 5990 5879
f 5879 5990 5991
f 5879 5991 5881
f 5881 5991 5992
f 5881 5992 5883
f 5883 5992 5993
f 5883 5993 5885
f 5885 5993 5994
f 5885 5994 5845
f 5845 5994 5995
f 5845 5995 5847
f 5847 5995 5996
f 5847 5996 5849
f 5849 5996 5997
f 5849 5997 5851
f 5851 5997 5998
f 5851 5998 5853
f 5853 5998 5999
f 5853 5999 5855
f 5999 6000 5855
f 5855 6000 6001
f 5855 6001 5857
f 5857 6001 6002
f 5857 6002 5859
f 5859 6002 6003
f 5859 6003 5861
f 5861 6003 6004
f 5861 6004 5863
f 5863 6004 6005
f 5863 6005 5865
f 5865 6005 6006
f 5865 6006 5867
f 5867 6006 6007
f 5867 6007 5869
f 5869 6007 6008
f 5869 6008 5871
f 5871 6008 6009
f 5871 6009 5873
f 5873 6009 6010
f 5873 6010 5875
f 5875 6010 6011
f 5875 6011 5877
f 5877 6011 6012
f 5877 6012 5990
f 5995 5774 5996
f 5996 5774 5773
f 5996 5773 5997
f 5997 5773 5763
f 5997 5763 5998
f 5998 5763 5762
f 5998 5762 5999
f 5999 5762 5761
f 5999 5761 6000
f 6000 5761 5760
f 6000 5760 6001
f 6001 5760 5759
f 6001 5759 6002
f 6002 5759 5758
f 6002 5758 6003
f 6003 5758 5753
f 6003 5753 6004
f 6004 5753 5752
f 6004 5752 6005
f 6005 5752 5785
f 6005 5785 6006
f 6006 5785 5784
f 6006 5784 6007
f 6007 5784 5783
f 6007 5783 6008
f 6008 5783 5776
f 6008 5776 6009
f 6009 5776 5778
f 6009 5778 6010
f 6010 5778 5780
f 6010 5780 6011
f 6011 5780 5764
f 6011 5764 6012
f 6012 5764 5766
f 6012 5766 5990
f 5990 5766 5768
f 5990 5768 5991
f 5991 5768 5770
f 5991 5770 5992
f 5992 5770 5757
f 5992 5757 5993
f 5993 5757 5755
f 5993 5755 5994
f 5994 5755 5775
f 5994 5775 5995
f 5995 5775 5774
f 5817 5818 6013
f 5803 5804 6014
f 5722 6015 5794
f 5794 6015 5795
f 5786 5791 6015
f 6015 5791 5792
f 5792 5789 6015
f 6015 5789 5796
f 6015 5796 5795
f 6016 6017 5702
f 5707 5711 6017
f 5722 5702 6015
f 6015 5702 6017
f 6015 6017 5786
f 5786 6017 5711
f 5786 5711 5728
f 6017 6018 5707
f 5707 6018 6019
f 5707 6019 5708
f 5708 6019 6020
f 5708 6020 5709
f 5709 6020 6021
f 5709 6021 5713
f 5713 6021 6022
f 5713 6022 5712
f 5810 5738 5710
f 5712 6022 5710
f 5710 6022 6023
f 5710 6023 5810
f 5810 6023 6014
f 5810 6014 5809
f 5804 5806 6014
f 6014 5806 5807
f 6014 5807 5809
f 5698 5697 6023
f 6023 5697 5751
f 6023 5751 6014
f 6014 5751 5801
f 6014 5801 5803
f 6024 5687 6025
f 6025 5687 5686
f 6025 5686 6026
f 6026 5686 5685
f 6026 5685 6027
f 6027 5685 5684
f 6027 5684 6028
f 6028 5684 5683
f 6028 5683 6029
f 6029 5683 5682
f 6029 5682 6030
f 6030 5682 5704
f 6030 5704 6031
f 6031 5704 5703
f 6031 5703 6032
f 6032 5703 5699
f 6032 5699 6033
f 6033 5699 5698
f 6033 5698 6034
f 6034 5698 6023
f 5675 6035 5838
f 5838 6035 5839
f 5830 5835 6035
f 6035 5835 5836
f 5836 5833 6035
f 6035 5833 5840
f 6035 5840 5839
f 6036 5676 6024
f 6024 5676 5681
f 6024 5681 5687
f 5714 5718 6036
f 5675 5676 6035
f 6035 5676 6036
f 6035 6036 5830
f 5830 6036 5718
f 5830 5718 5754
f 6036 6037 5714
f 5714 6037 6038
f 5714 6038 5715
f 5715 6038 6039
f 5715 6039 5716
f 5716 6039 6040
f 5716 6040 5720
f 5720 6040 6041
f 5720 6041 5719
f 5824 5777 5717
f 5719 6041 5717
f 5717 6041 6042
f 5717 6042 5824
f 5824 6042 6013
f 5824 6013 5823
f 5818 5820 6013
f 6013 5820 5821
f 6013 5821 5823
f 5695 5679 6042
f 6042 5679 5680
f 6042 5680 6013
f 6013 5680 5815
f 6013 5815 5817
f 5702 5701 6016
f 6016 5701 5700
f 6016 5700 6043
f 6043 5700 5692
f 6043 5692 6044
f 6044 5692 5691
f 6044 5691 6045
f 6045 5691 5689
f 6045 5689 6046
f 6046 5689 5688
f 6046 5688 6047
f 6047 5688 5694
f 6047 5694 6048
f 6048 5694 5706
f 6048 5706 6049
f 6049 5706 5705
f 6049 5705 6050
f 6050 5705 5696
f 6050 5696 6051
f 6051 5696 5695
f 6051 5695 6052
f 6052 5695 6042
f 6045 6046 4295
f 4295 6046 6047
f 4295 6047 6048
f 6016 6043 4295
f 4295 6043 6044
f 4295 6044 6045
f 6019 6018 4295
f 4295 6018 6017
f 4295 6017 6016
f 6022 6021 4295
f 4295 6021 6020
f 4295 6020 6019
f 6033 6034 4295
f 4295 6034 6023
f 4295 6023 6022
f 6030 6031 4295
f 4295 6031 6032
f 4295 6032 6033
f 6027 6028 4295
f 4295 6028 6029
f 4295 6029 6030
f 6024 6025 4295
f 4295 6025 6026
f 4295 6026 6027
f 6038 6037 4295
f 4295 6037 6036
f 4295 6036 6024
f 6041 6040 4295
f 4295 6040 6039
f 4295 6039 6038
f 6051 6052 4295
f 4295 6052 6042
f 4295 6042 6041
f 6048 6049 4295
f 4295 6049 6050
f 4295 6050 6051
f 6053 6054 6055
f 6055 6054 6056
f 6055 6056 6057
f 6057 6056 6058
f 6057 6058 6059
f 6059 6058 6060
f 6059 6060 6061
f 6061 6060 6062
f 6061 6062 6063
f 6063 6062 6064
f 6063 6064 6065
f 6065 6064 6066
f 6065 6066 6067
f 6067 6066 6068
f 6067 6068 6069
f 6069 6068 6070
f 6069 6070 6071
f 6071 6070 6072
f 6071 6072 6073
f 6073 6072 6074
f 6073 6074 6075
f 6075 6074 6076
f 6075 6076 6077
f 6077 6076 6078
f 6077 6078 6079
f 6079 6078 6080
f 6079 6080 6081
f 6081 6080 6082
f 6081 6082 6083
f 6083 6082 6084
f 6083 6084 6085
f 6085 6084 6086
f 6085 6086 6087
f 6087 6086 6088
f 6087 6088 6089
f 6089 6088 6090
f 6089 6090 6091
f 6091 6090 6092
f 6091 6092 6093
f 6093 6092 6094
f 6093 6094 6095
f 6095 6094 6096
f 6095 6096 6097
f 6097 6096 6098
f 6097 6098 6099
f 6099 6098 6100
f 6099 6100 6101
f 6101 6100 6102
f 6101 6102 6103
f 6103 6102 6104
f 6103 6104 6105
f 6105 6104 6106
f 6105 6106 6107
f 6107 6106 6108
f 6107 6108 6109
f 6109 6108 6110
f 6109 6110 6111
f 6111 6110 6112
f 6111 6112 6113
f 6113 6112 6114
f 6113 6114 6115
f 6115 6114 6116
f 6115 6116 6053
f 6053 6116 6054
f 6117 6118 6119
f 6119 6118 6120
f 6119 6120 6121
f 6121 6120 6122
f 6121 6122 6123
f 6123 6122 6124
f 6123 6124 6125
f 6125 6124 6126
f 6125 6126 6127
f 6127 6126 6128
f 6127 6128 6129
f 6129 6128 6130
f 6129 6130 6131
f 6131 6130 6132
f 6131 6132 6133
f 6133 6132 6134
f 6133 6134 6135
f 6135 6134 6136
f 6135 6136 6137
f 6137 6136 6138
f 6137 6138 6139
f 6139 6138 6140
f 6139 6140 6141
f 6141 6140 6142
f 6141 6142 6143
f 6143 6142 6144
f 6143 6144 6145
f 6145 6144 6146
f 6145 6146 6147
f 6147 6146 6148
f 6147 6148 6149
f 6149 6148 6150
f 6149 6150 6151
f 6151 6150 6152
f 6151 6152 6153
f 6153 6152 6154
f 6153 6154 6155
f 6155 6154 6156
f 6155 6156 6157
f 6157 6156 6158
f 6157 6158 6159
f 6159 6158 6160
f 6159 6160 6161
f 6161 6160 6162
f 6161 6162 6163
f 6163 6162 6164
f 6163 6164 6165
f 6165 6164 6166
f 6165 6166 6167
f 6167 6166 6168
f 6167 6168 6169
f 6169 6168 6170
f 6169 6170 6171
f 6171 6170 6172
f 6171 6172 6173
f 6173 6172 6174
f 6173 6174 6175
f 6175 6174 6176
f 6175 6176 6177
f 6177 6176 6178
f 6177 6178 6179
f 6179 6178 6180
f 6179 6180 6117
f 6117 6180 6118
f 6128 6062 6130
f 6130 6062 6060
f 6130 6060 6132
f 6132 6060 6058
f 6132 6058 6134
f 6134 6058 6056
f 6134 6056 6136
f 6136 6056 6054
f 6136 6054 6138
f 6138 6054 6116
f 6138 6116 6140
f 6140 6116 6114
f 6140 6114 6142
f 6142 6114 6112
f 6142 6112 6144
f 6144 6112 6110
f 6144 6110 6146
f 6146 6110 6108
f 6146 6108 6148
f 6148 6108 6106
f 6148 6106 6150
f 6150 6106 6104
f 6150 6104 6152
f 6152 6104 6102
f 6152 6102 6154
f 6154 6102 6100
f 6154 6100 6156
f 6156 6100 6098
f 6156 6098 6158
f 6158 6098 6096
f 6158 6096 6160
f 6160 6096 6094
f 6160 6094 6162
f 6162 6094 6092
f 6162 6092 6164
f 6164 6092 6090
f 6164 6090 6166
f 6166 6090 6088
f 6166 6088 6168
f 6168 6088 6086
f 6168 6086 6170
f 6170 6086 6084
f 6170 6084 6172
f 6172 6084 6082
f 6172 6082 6174
f 6174 6082 6080
f 6174 6080 6176
f 6176 6080 6078
f 6176 6078 6178
f 6178 6078 6076
f 6178 6076 6180
f 6180 6076 6074
f 6180 6074 6118
f 6118 6074 6072
f 6118 6072 6120
f 6120 6072 6070
f 6120 6070 6122
f 6122 6070 6068
f 6122 6068 6124
f 6124 6068 6066
f 6124 6066 6126
f 6126 6066 6064
f 6126 6064 6128
f 6128 6064 6062
f 6063 6127 6061
f 6061 6127 6129
f 6061 6129 6059
f 6059 6129 6131
f 6059 6131 6057
f 6057 6131 6133
f 6057 6133 6055
f 6055 6133 6135
f 6055 6135 6053
f 6053 6135 6137
f 6053 6137 6115
f 6115 6137 6139
f 6115 6139 6113
f 6113 6139 6141
f 6113 6141 6111
f 6111 6141 6143
f 6111 6143 6109
f 6109 6143 6145
f 6109 6145 6107
f 6107 6145 6147
f 6107 6147 6105
f 6105 6147 6149
f 6105 6149 6103
f 6103 6149 6151
f 6103 6151 6101
f 6101 6151 6153
f 6101 6153 6099
f 6099 6153 6155
f 6099 6155 6097
f 6097 6155 6157
f 6097 6157 6095
f 6095 6157 6159
f 6095 6159 6093
f 6093 6159 6161
f 6093 6161 6091
f 6091 6161 6163
f 6091 6163 6089
f 6089 6163 6165
f 6089 6165 6087
f 6087 6165 6167
f 6087 6167 6085
f 6085 6167 6169
f 6085 6169 6083
f 6083 6169 6171
f 6083 6171 6081
f 6081 6171 6173
f 6081 6173 6079
f 6079 6173 6175
f 6079 6175 6077
f 6077 6175 6177
f 6077 6177 6075
f 6075 6177 6179
f 6075 6179 6073
f 6073 6179 6117
f 6073 6117 6071
f 6071 6117 6119
f 6071 6119 6069
f 6069 6119 6121
f 6069 6121 6067
f 6067 6121 6123
f 6067 6123 6065
f 6065 6123 6125
f 6065 6125 6063
f 6063 6125 6127

