# https://github.com/mikedh/trimesh

o left_hand_index_swing_link.STL
v 0.00084503 0.00440653 0.02519037
v 0.00024758 0.00428793 0.02519037
v 0.00000418 0.00386237 0.02519037
v -0.00053409 0.00364906 0.02519037
v -0.00070997 0.00316024 0.02519037
v -0.00117613 0.00286998 0.02519037
v -0.00101014 0.00275857 0.02519037
v -0.00126814 0.00232859 0.02519037
v -0.00165387 0.00198061 0.02519037
v -0.00164740 0.00140156 0.02519037
v -0.00194901 0.00101506 0.02519037
v -0.00183240 0.00041722 0.02519037
v -0.00205005 0.00001056 0.02519037
v -0.00181540 -0.00058424 0.02519037
v -0.00195308 -0.00099432 0.02519037
v -0.00159720 -0.00156166 0.02519037
v -0.00166199 -0.00196109 0.02519037
v -0.00118668 -0.00247520 0.02519037
v -0.00118788 -0.00285241 0.02519037
v -0.00060064 -0.00328745 0.02519037
v -0.00054908 -0.00363418 0.02519037
v 0.00013684 -0.00396518 0.02519037
v 0.00023001 -0.00427623 0.02519037
v 0.00099570 -0.00448045 0.02519037
v 0.00111937 -0.00475396 0.02519037
v 0.00194064 -0.00481228 0.02519037
v 0.00208488 -0.00504893 0.02519037
v 0.00293316 -0.00494721 0.02519037
v 0.00308939 -0.00514998 0.02519037
v 0.00393242 -0.00487949 0.02519037
v 0.00409437 -0.00505308 0.02519037
v 0.00489761 -0.00461203 0.02519037
v 0.00506102 -0.00476204 0.02519037
v 0.00578922 -0.00415578 0.02519037
v 0.00595239 -0.00428797 0.02519037
v 0.00657069 -0.00352941 0.02519037
v 0.00673417 -0.00364904 0.02519037
v 0.00721013 -0.00275848 0.02519037
v 0.00737622 -0.00286995 0.02519037
v 0.00768124 -0.00187471 0.02519037
v 0.00785396 -0.00198059 0.02519037
v 0.00796488 -0.00091409 0.02519037
v 0.00814898 -0.00101511 0.02519037
v 0.00804929 0.00008391 0.02519037
v 0.00824997 -0.00001057 0.02519037
v 0.00793112 0.00107848 0.02519037
v 0.00815312 0.00099438 0.02519037
v 0.00761512 0.00202879 0.02519037
v 0.00786196 0.00196104 0.02519037
v 0.00711426 0.00289630 0.02519037
v 0.00738792 0.00285247 0.02519037
v 0.00644908 0.00364495 0.02519037
v 0.00674905 0.00363413 0.02519037
v 0.00564681 0.00424455 0.02519037
v 0.00596997 0.00427618 0.02519037
v 0.00474026 0.00467037 0.02519037
v 0.00508060 0.00475392 0.02519037
v 0.00376652 0.00490496 0.02519037
v 0.00411515 0.00504899 0.02519037
v 0.00276555 0.00493874 0.02519037
v 0.00311059 0.00514993 0.02519037
v 0.00177827 0.00477023 0.02519037
v 0.00210567 0.00505313 0.02519037
v 0.00113890 0.00476203 0.02519037
v -0.00117613 0.00286998 0.00919034
v -0.00126814 0.00232859 0.00919034
v -0.00165387 0.00198061 0.00919034
v -0.00164740 0.00140156 0.00919034
v -0.00194901 0.00101506 0.00919034
v -0.00183240 0.00041722 0.00919034
v -0.00205005 0.00001056 0.00919034
v -0.00195308 -0.00099432 0.00919034
v -0.00181540 -0.00058424 0.00919034
v -0.00166199 -0.00196109 0.00919034
v -0.00159720 -0.00156166 0.00919034
v -0.00118788 -0.00285241 0.00919034
v -0.00118668 -0.00247520 0.00919034
v -0.00054908 -0.00363418 0.00919034
v -0.00060064 -0.00328745 0.00919034
v 0.00023001 -0.00427623 0.00919034
v 0.00013684 -0.00396518 0.00919034
v 0.00111937 -0.00475396 0.00919034
v 0.00099570 -0.00448045 0.00919034
v 0.00208488 -0.00504893 0.00919034
v 0.00194064 -0.00481228 0.00919034
v 0.00308939 -0.00514998 0.00919034
v 0.00293316 -0.00494721 0.00919034
v 0.00409437 -0.00505308 0.00919034
v 0.00393242 -0.00487949 0.00919034
v 0.00506102 -0.00476204 0.00919034
v 0.00489761 -0.00461203 0.00919034
v 0.00595239 -0.00428797 0.00919034
v 0.00578922 -0.00415578 0.00919034
v 0.00673417 -0.00364904 0.00919034
v 0.00657069 -0.00352941 0.00919034
v 0.00737622 -0.00286995 0.00919034
v 0.00721013 -0.00275848 0.00919034
v 0.00785396 -0.00198059 0.00919034
v 0.00768124 -0.00187471 0.00919034
v 0.00814898 -0.00101511 0.00919034
v 0.00796488 -0.00091409 0.00919034
v 0.00824997 -0.00001057 0.00919034
v 0.00804929 0.00008391 0.00919034
v 0.00815312 0.00099438 0.00919034
v 0.00793112 0.00107848 0.00919034
v 0.00786196 0.00196104 0.00919034
v 0.00761512 0.00202879 0.00919034
v 0.00738792 0.00285247 0.00919034
v 0.00711426 0.00289630 0.00919034
v 0.00674905 0.00363413 0.00919034
v 0.00644908 0.00364495 0.00919034
v 0.00596997 0.00427618 0.00919034
v 0.00564681 0.00424455 0.00919034
v 0.00508060 0.00475392 0.00919034
v 0.00474026 0.00467037 0.00919034
v 0.00411515 0.00504899 0.00919034
v 0.00376652 0.00490496 0.00919034
v 0.00311059 0.00514993 0.00919034
v 0.00276555 0.00493874 0.00919034
v 0.00210567 0.00505313 0.00919034
v 0.00177827 0.00477023 0.00919034
v 0.00113890 0.00476203 0.00919034
v 0.00084503 0.00440653 0.00919034
v 0.00024758 0.00428793 0.00919034
v 0.00000418 0.00386237 0.00919034
v -0.00053409 0.00364906 0.00919034
v -0.00070997 0.00316024 0.00919034
v -0.00101014 0.00275857 0.00919034
v 0.00745323 -0.00235626 0.01522531
v 0.00745323 -0.00235626 0.01229037
v 0.00763293 -0.00198873 0.01522531
v 0.00763293 -0.00198873 0.01229037
v 0.00778168 -0.00160761 0.01522531
v 0.00778168 -0.00160761 0.01229037
v 0.00789847 -0.00121552 0.01522531
v 0.00789847 -0.00121552 0.01229037
v 0.00798240 -0.00081516 0.01522531
v 0.00798240 -0.00081516 0.01229037
v 0.00803309 -0.00040914 0.01522531
v 0.00803309 -0.00040914 0.01229037
v 0.00804999 -0.00000040 0.01522531
v 0.00804999 -0.00000040 0.01229037
v 0.00803316 0.00040844 0.01522531
v 0.00803316 0.00040844 0.01229037
v 0.00798257 0.00081438 0.01522531
v 0.00798257 0.00081438 0.01229037
v 0.00789866 0.00121483 0.01522531
v 0.00789866 0.00121483 0.01229037
v 0.00778191 0.00160689 0.01522531
v 0.00778191 0.00160689 0.01229037
v 0.00763328 0.00198804 0.01522531
v 0.00763328 0.00198804 0.01229037
v 0.00745356 0.00235559 0.01522531
v 0.00745356 0.00235559 0.01229037
v 0.00724411 0.00270707 0.01522531
v 0.00724411 0.00270707 0.01229037
v 0.00700643 0.00304002 0.01522531
v 0.00700643 0.00304002 0.01229037
v 0.00674206 0.00335226 0.01522531
v 0.00674206 0.00335226 0.01229037
v 0.00645283 0.00364157 0.01522531
v 0.00645283 0.00364157 0.01229037
v 0.00614065 0.00390608 0.01522531
v 0.00614065 0.00390608 0.01229037
v 0.00580771 0.00414374 0.01522531
v 0.00580771 0.00414374 0.01229037
v 0.00545628 0.00435319 0.01522531
v 0.00545628 0.00435319 0.01229037
v 0.00508878 0.00453293 0.01522531
v 0.00508878 0.00453293 0.01229037
v 0.00470763 0.00468164 0.01522531
v 0.00470763 0.00468164 0.01229037
v 0.00431550 0.00479838 0.01522531
v 0.00431550 0.00479838 0.01229037
v 0.00391510 0.00488247 0.01522531
v 0.00391510 0.00488247 0.01229037
v 0.00350918 0.00493310 0.01522531
v 0.00350918 0.00493310 0.01229037
v 0.00310045 0.00495000 0.01522531
v 0.00310045 0.00495000 0.01229037
v 0.00269157 0.00493312 0.01522531
v 0.00269157 0.00493312 0.01229037
v 0.00228563 0.00488253 0.01522531
v 0.00228563 0.00488253 0.01229037
v 0.00188521 0.00479867 0.01522531
v 0.00188521 0.00479867 0.01229037
v 0.00149316 0.00468191 0.01522531
v 0.00149316 0.00468191 0.01229037
v 0.00111194 0.00453319 0.01522531
v 0.00111194 0.00453319 0.01229037
v 0.00074446 0.00435357 0.01522531
v 0.00074446 0.00435357 0.01229037
v 0.00039288 0.00414418 0.01522531
v 0.00039288 0.00414418 0.01229037
v 0.00005992 0.00390650 0.01522531
v 0.00005992 0.00390650 0.01229037
v -0.00025221 0.00364207 0.01522531
v -0.00025221 0.00364207 0.01229037
v -0.00054158 0.00335274 0.01522531
v -0.00054158 0.00335274 0.01229037
v -0.00080603 0.00304066 0.01522531
v -0.00080603 0.00304066 0.01229037
v -0.00104376 0.00270762 0.01522531
v -0.00104376 0.00270762 0.01229037
v -0.00125321 0.00235619 0.01522531
v -0.00125321 0.00235619 0.01229037
v -0.00143295 0.00198869 0.01522531
v -0.00143295 0.00198869 0.01229037
v -0.00158166 0.00160754 0.01522531
v -0.00158166 0.00160754 0.01229037
v -0.00169850 0.00121547 0.01522531
v -0.00169850 0.00121547 0.01229037
v -0.00178243 0.00081511 0.01522531
v -0.00178243 0.00081511 0.01229037
v -0.00183305 0.00040919 0.01522531
v -0.00183305 0.00040919 0.01229037
v -0.00185002 0.00000036 0.01522531
v -0.00185002 0.00000036 0.01229037
v -0.00183307 -0.00040842 0.01522531
v -0.00183307 -0.00040842 0.01229037
v -0.00178248 -0.00081436 0.01522531
v -0.00178248 -0.00081436 0.01229037
v -0.00169862 -0.00121478 0.01522531
v -0.00169862 -0.00121478 0.01229037
v -0.00158193 -0.00160693 0.01522531
v -0.00158193 -0.00160693 0.01229037
v -0.00143314 -0.00198805 0.01522531
v -0.00143314 -0.00198805 0.01229037
v -0.00125359 -0.00235564 0.01522531
v -0.00125359 -0.00235564 0.01229037
v -0.00104414 -0.00270711 0.01522531
v -0.00104414 -0.00270711 0.01229037
v -0.00080645 -0.00304007 0.01522531
v -0.00080645 -0.00304007 0.01229037
v -0.00054209 -0.00335230 0.01522531
v -0.00054209 -0.00335230 0.01229037
v -0.00025286 -0.00364161 0.01522531
v -0.00025286 -0.00364161 0.01229037
v 0.00005939 -0.00390602 0.01522531
v 0.00005939 -0.00390602 0.01229037
v 0.00039226 -0.00414378 0.01522531
v 0.00039226 -0.00414378 0.01229037
v 0.00074370 -0.00435323 0.01522531
v 0.00074370 -0.00435323 0.01229037
v 0.00111126 -0.00453288 0.01522531
v 0.00111126 -0.00453288 0.01229037
v 0.00149235 -0.00468169 0.01522531
v 0.00149235 -0.00468169 0.01229037
v 0.00188447 -0.00479842 0.01522531
v 0.00188447 -0.00479842 0.01229037
v 0.00228493 -0.00488242 0.01522531
v 0.00228493 -0.00488242 0.01229037
v 0.00269086 -0.00493304 0.01522531
v 0.00269086 -0.00493304 0.01229037
v 0.00309969 -0.00495001 0.01522531
v 0.00309969 -0.00495001 0.01229037
v 0.00350840 -0.00493316 0.01522531
v 0.00350840 -0.00493316 0.01229037
v 0.00391434 -0.00488257 0.01522531
v 0.00391434 -0.00488257 0.01229037
v 0.00431482 -0.00479861 0.01522531
v 0.00431482 -0.00479861 0.01229037
v 0.00470693 -0.00468189 0.01522531
v 0.00470693 -0.00468189 0.01229037
v 0.00508803 -0.00453323 0.01522531
v 0.00508803 -0.00453323 0.01229037
v 0.00545563 -0.00435355 0.01522531
v 0.00545563 -0.00435355 0.01229037
v 0.00580705 -0.00414419 0.01522531
v 0.00580705 -0.00414419 0.01229037
v 0.00614011 -0.00390645 0.01522531
v 0.00614011 -0.00390645 0.01229037
v 0.00645230 -0.00364205 0.01522531
v 0.00645230 -0.00364205 0.01229037
v 0.00674161 -0.00335282 0.01522531
v 0.00674161 -0.00335282 0.01229037
v 0.00700600 -0.00304070 0.01522531
v 0.00700600 -0.00304070 0.01229037
v 0.00724378 -0.00270770 0.01522531
v 0.00724378 -0.00270770 0.01229037
v -0.00124980 0.00190840 0.01542534
v -0.00139251 0.00154261 0.01542534
v 0.00310002 0.00000003 0.01542534
v -0.00064817 0.00291777 0.01542534
v -0.00087637 0.00259829 0.01542534
v -0.00107728 0.00226108 0.01542534
v 0.00018283 0.00374864 0.01542534
v -0.00011681 0.00349492 0.01542534
v -0.00039441 0.00321736 0.01542534
v 0.00119231 0.00435004 0.01542534
v 0.00083956 0.00417762 0.01542534
v 0.00050229 0.00397671 0.01542534
v 0.00231852 0.00468531 0.01542534
v 0.00193427 0.00460480 0.01542534
v 0.00155803 0.00449279 0.01542534
v 0.00349256 0.00473378 0.01542534
v 0.00310029 0.00474997 0.01542534
v 0.00270811 0.00473379 0.01542534
v 0.00464270 0.00449249 0.01542534
v 0.00426636 0.00460452 0.01542534
v 0.00388219 0.00468519 0.01542534
v 0.00569829 0.00397642 0.01542534
v 0.00536107 0.00417733 0.01542534
v 0.00500833 0.00434975 0.01542534
v 0.00659491 0.00321686 0.01542534
v 0.00631735 0.00349446 0.01542534
v 0.00601776 0.00374822 0.01542534
v 0.00727771 0.00226042 0.01542534
v 0.00707670 0.00259775 0.01542534
v 0.00684863 0.00291722 0.01542534
v 0.00770473 0.00116567 0.01542534
v 0.00759278 0.00154201 0.01542534
v 0.00745003 0.00190773 0.01542534
v 0.00785000 -0.00000041 0.01542534
v 0.00783384 0.00039190 0.01542534
v 0.00778523 0.00078143 0.01542534
v 0.00770461 -0.00116638 0.01542534
v 0.00778518 -0.00078214 0.01542534
v 0.00783375 -0.00039265 0.01542534
v 0.00727737 -0.00226106 0.01542534
v 0.00744984 -0.00190835 0.01542534
v 0.00759253 -0.00154269 0.01542534
v 0.00659450 -0.00321734 0.01542534
v 0.00684819 -0.00291785 0.01542534
v 0.00707634 -0.00259834 0.01542534
v 0.00569768 -0.00397676 0.01542534
v 0.00601726 -0.00374862 0.01542534
v 0.00631679 -0.00349496 0.01542534
v 0.00464200 -0.00449274 0.01542534
v 0.00500771 -0.00435011 0.01542534
v 0.00536046 -0.00417769 0.01542534
v 0.00349186 -0.00473384 0.01542534
v 0.00388152 -0.00468525 0.01542534
v 0.00426572 -0.00460471 0.01542534
v 0.00231785 -0.00468514 0.01542534
v 0.00270741 -0.00473382 0.01542534
v 0.00309968 -0.00475001 0.01542534
v 0.00119164 -0.00434979 0.01542534
v 0.00155727 -0.00449254 0.01542534
v 0.00193361 -0.00460456 0.01542534
v 0.00018221 -0.00374826 0.01542534
v 0.00050175 -0.00397636 0.01542534
v 0.00083890 -0.00417737 0.01542534
v -0.00064866 -0.00291726 0.01542534
v -0.00039487 -0.00321681 0.01542534
v -0.00011738 -0.00349450 0.01542534
v -0.00125006 -0.00190778 0.01542534
v -0.00107773 -0.00226046 0.01542534
v -0.00087666 -0.00259770 0.01542534
v -0.00158526 -0.00078148 0.01542534
v -0.00150475 -0.00116572 0.01542534
v -0.00139275 -0.00154196 0.01542534
v -0.00163373 0.00039257 0.01542534
v -0.00165002 0.00000036 0.01542534
v -0.00163375 -0.00039188 0.01542534
v -0.00150457 0.00116644 0.01542534
v -0.00158514 0.00078220 0.01542534
v -0.00124980 0.00190840 0.01209034
v -0.00107728 0.00226108 0.01209034
v 0.00310002 0.00000003 0.01209034
v -0.00158514 0.00078220 0.01209034
v -0.00150457 0.00116644 0.01209034
v -0.00139251 0.00154261 0.01209034
v -0.00163375 -0.00039188 0.01209034
v -0.00165002 0.00000036 0.01209034
v -0.00163373 0.00039257 0.01209034
v -0.00139275 -0.00154196 0.01209034
v -0.00150475 -0.00116572 0.01209034
v -0.00158526 -0.00078148 0.01209034
v -0.00087666 -0.00259770 0.01209034
v -0.00107773 -0.00226046 0.01209034
v -0.00125006 -0.00190778 0.01209034
v -0.00011738 -0.00349450 0.01209034
v -0.00039487 -0.00321681 0.01209034
v -0.00064866 -0.00291726 0.01209034
v 0.00083890 -0.00417737 0.01209034
v 0.00050175 -0.00397636 0.01209034
v 0.00018221 -0.00374826 0.01209034
v 0.00193361 -0.00460456 0.01209034
v 0.00155727 -0.00449254 0.01209034
v 0.00119164 -0.00434979 0.01209034
v 0.00309968 -0.00475001 0.01209034
v 0.00270741 -0.00473382 0.01209034
v 0.00231785 -0.00468514 0.01209034
v 0.00426572 -0.00460471 0.01209034
v 0.00388152 -0.00468525 0.01209034
v 0.00349186 -0.00473384 0.01209034
v 0.00536046 -0.00417769 0.01209034
v 0.00500771 -0.00435011 0.01209034
v 0.00464200 -0.00449274 0.01209034
v 0.00631679 -0.00349496 0.01209034
v 0.00601726 -0.00374862 0.01209034
v 0.00569768 -0.00397676 0.01209034
v 0.00707634 -0.00259834 0.01209034
v 0.00684819 -0.00291785 0.01209034
v 0.00659450 -0.00321734 0.01209034
v 0.00759253 -0.00154269 0.01209034
v 0.00744984 -0.00190835 0.01209034
v 0.00727737 -0.00226106 0.01209034
v 0.00783375 -0.00039265 0.01209034
v 0.00778518 -0.00078214 0.01209034
v 0.00770461 -0.00116638 0.01209034
v 0.00778523 0.00078143 0.01209034
v 0.00783384 0.00039190 0.01209034
v 0.00785000 -0.00000041 0.01209034
v 0.00745003 0.00190773 0.01209034
v 0.00759278 0.00154201 0.01209034
v 0.00770473 0.00116567 0.01209034
v 0.00684863 0.00291722 0.01209034
v 0.00707670 0.00259775 0.01209034
v 0.00727771 0.00226042 0.01209034
v 0.00601776 0.00374822 0.01209034
v 0.00631735 0.00349446 0.01209034
v 0.00659491 0.00321686 0.01209034
v 0.00500833 0.00434975 0.01209034
v 0.00536107 0.00417733 0.01209034
v 0.00569829 0.00397642 0.01209034
v 0.00388219 0.00468519 0.01209034
v 0.00426636 0.00460452 0.01209034
v 0.00464270 0.00449249 0.01209034
v 0.00270811 0.00473379 0.01209034
v 0.00310029 0.00474997 0.01209034
v 0.00349256 0.00473378 0.01209034
v 0.00155803 0.00449279 0.01209034
v 0.00193427 0.00460480 0.01209034
v 0.00231852 0.00468531 0.01209034
v 0.00050229 0.00397671 0.01209034
v 0.00083956 0.00417762 0.01209034
v 0.00119231 0.00435004 0.01209034
v -0.00039441 0.00321736 0.01209034
v -0.00011681 0.00349492 0.01209034
v 0.00018283 0.00374864 0.01209034
v -0.00087637 0.00259829 0.01209034
v -0.00064817 0.00291777 0.01209034
v -0.00155633 0.00159886 0.01219036
v -0.00167246 0.00120891 0.01219036
v -0.00175596 0.00081070 0.01219036
v -0.00180631 0.00040689 0.01219036
v -0.00182321 0.00000031 0.01219036
v -0.00180645 -0.00040619 0.01219036
v -0.00175612 -0.00080994 0.01219036
v -0.00167268 -0.00120821 0.01219036
v -0.00155658 -0.00159825 0.01219036
v -0.00140871 -0.00197731 0.01219036
v -0.00122998 -0.00234291 0.01219036
v -0.00102177 -0.00269240 0.01219036
v -0.00078538 -0.00302363 0.01219036
v -0.00052240 -0.00333408 0.01219036
v -0.00023458 -0.00362186 0.01219036
v 0.00007586 -0.00388491 0.01219036
v 0.00040701 -0.00412138 0.01219036
v 0.00075650 -0.00432967 0.01219036
v 0.00112208 -0.00450841 0.01219036
v 0.00150102 -0.00465635 0.01219036
v 0.00189113 -0.00477245 0.01219036
v 0.00228928 -0.00485605 0.01219036
v 0.00269309 -0.00490640 0.01219036
v 0.00309958 -0.00492323 0.01219036
v 0.00350619 -0.00490640 0.01219036
v 0.00390999 -0.00485611 0.01219036
v 0.00430821 -0.00477264 0.01219036
v 0.00469825 -0.00465654 0.01219036
v 0.00507731 -0.00450867 0.01219036
v 0.00544284 -0.00433004 0.01219036
v 0.00579245 -0.00412177 0.01219036
v 0.00612363 -0.00388533 0.01219036
v 0.00643413 -0.00362239 0.01219036
v 0.00672184 -0.00333467 0.01219036
v 0.00698484 -0.00302420 0.01219036
v 0.00722136 -0.00269308 0.01219036
v 0.00742966 -0.00234346 0.01219036
v 0.00760839 -0.00197801 0.01219036
v 0.00775635 -0.00159894 0.01219036
v 0.00787244 -0.00120896 0.01219036
v 0.00795605 -0.00081068 0.01219036
v 0.00800633 -0.00040697 0.01219036
v 0.00802323 -0.00000038 0.01219036
v 0.00800642 0.00040615 0.01219036
v 0.00795616 0.00081000 0.01219036
v 0.00787265 0.00120817 0.01219036
v 0.00775655 0.00159821 0.01219036
v 0.00760868 0.00197727 0.01219036
v 0.00742995 0.00234287 0.01219036
v 0.00722175 0.00269236 0.01219036
v 0.00698535 0.00302359 0.01219036
v 0.00672244 0.00333414 0.01219036
v 0.00643472 0.00362185 0.01219036
v 0.00612412 0.00388487 0.01219036
v 0.00579306 0.00412127 0.01219036
v 0.00544347 0.00432962 0.01219036
v 0.00507789 0.00450837 0.01219036
v 0.00469895 0.00465631 0.01219036
v 0.00430891 0.00477251 0.01219036
v 0.00391069 0.00485600 0.01219036
v 0.00350688 0.00490635 0.01219036
v 0.00310040 0.00492319 0.01219036
v 0.00269380 0.00490649 0.01219036
v 0.00229005 0.00485617 0.01219036
v 0.00189171 0.00477263 0.01219036
v 0.00150184 0.00465656 0.01219036
v 0.00112278 0.00450869 0.01219036
v 0.00075718 0.00432996 0.01219036
v 0.00040752 0.00412172 0.01219036
v 0.00007639 0.00388526 0.01219036
v -0.00023416 0.00362234 0.01219036
v -0.00052187 0.00333463 0.01219036
v -0.00078492 0.00302419 0.01219036
v -0.00102139 0.00269304 0.01219036
v -0.00122967 0.00234355 0.01219036
v -0.00140842 0.00197796 0.01219036
v -0.00148714 0.00157511 0.01211716
v -0.00160150 0.00119101 0.01211716
v -0.00168382 0.00079861 0.01211716
v -0.00173339 0.00040088 0.01211716
v -0.00174994 0.00000038 0.01211716
v -0.00173349 -0.00040017 0.01211716
v -0.00168391 -0.00079797 0.01211716
v -0.00160164 -0.00119028 0.01211716
v -0.00148737 -0.00157449 0.01211716
v -0.00134163 -0.00194796 0.01211716
v -0.00116563 -0.00230800 0.01211716
v -0.00096048 -0.00265242 0.01211716
v -0.00072748 -0.00297865 0.01211716
v -0.00046848 -0.00328456 0.01211716
v -0.00018512 -0.00356805 0.01211716
v 0.00012083 -0.00382709 0.01211716
v 0.00044701 -0.00406007 0.01211716
v 0.00079135 -0.00426533 0.01211716
v 0.00115142 -0.00444139 0.01211716
v 0.00152484 -0.00458706 0.01211716
v 0.00190904 -0.00470149 0.01211716
v 0.00230134 -0.00478374 0.01211716
v 0.00269917 -0.00483338 0.01211716
v 0.00309960 -0.00485003 0.01211716
v 0.00350016 -0.00483345 0.01211716
v 0.00389790 -0.00478396 0.01211716
v 0.00429026 -0.00470173 0.01211716
v 0.00467449 -0.00458733 0.01211716
v 0.00504789 -0.00444169 0.01211716
v 0.00540805 -0.00426562 0.01211716
v 0.00575242 -0.00406044 0.01211716
v 0.00607863 -0.00382757 0.01211716
v 0.00638460 -0.00356847 0.01211716
v 0.00666805 -0.00328508 0.01211716
v 0.00692707 -0.00297926 0.01211716
v 0.00716007 -0.00265295 0.01211716
v 0.00736527 -0.00230871 0.01211716
v 0.00754138 -0.00194854 0.01211716
v 0.00768711 -0.00157515 0.01211716
v 0.00780154 -0.00119095 0.01211716
v 0.00788379 -0.00079865 0.01211716
v 0.00793343 -0.00040083 0.01211716
v 0.00795003 -0.00000035 0.01211716
v 0.00793346 0.00040012 0.01211716
v 0.00788393 0.00079789 0.01211716
v 0.00780166 0.00119020 0.01211716
v 0.00768734 0.00157445 0.01211716
v 0.00754160 0.00194792 0.01211716
v 0.00736567 0.00230806 0.01211716
v 0.00716046 0.00265238 0.01211716
v 0.00692761 0.00297864 0.01211716
v 0.00666845 0.00328451 0.01211716
v 0.00638509 0.00356801 0.01211716
v 0.00607920 0.00382715 0.01211716
v 0.00575297 0.00406003 0.01211716
v 0.00540862 0.00426529 0.01211716
v 0.00504855 0.00444134 0.01211716
v 0.00467520 0.00458712 0.01211716
v 0.00429093 0.00470145 0.01211716
v 0.00389870 0.00478380 0.01211716
v 0.00350087 0.00483344 0.01211716
v 0.00310037 0.00484999 0.01211716
v 0.00269992 0.00483347 0.01211716
v 0.00230212 0.00478389 0.01211716
v 0.00190971 0.00470168 0.01211716
v 0.00152560 0.00458735 0.01211716
v 0.00115213 0.00444161 0.01211716
v 0.00079193 0.00426558 0.01211716
v 0.00044767 0.00406046 0.01211716
v 0.00012134 0.00382752 0.01211716
v -0.00018456 0.00356853 0.01211716
v -0.00046796 0.00328510 0.01211716
v -0.00072710 0.00297921 0.01211716
v -0.00096008 0.00265304 0.01211716
v -0.00116524 0.00230863 0.01211716
v -0.00134130 0.00194856 0.01211716
v -0.00148714 0.00157511 0.01539852
v -0.00160150 0.00119101 0.01539852
v -0.00168382 0.00079861 0.01539852
v -0.00173339 0.00040088 0.01539852
v -0.00174994 0.00000038 0.01539852
v -0.00173349 -0.00040017 0.01539852
v -0.00168391 -0.00079797 0.01539852
v -0.00160164 -0.00119028 0.01539852
v -0.00148737 -0.00157449 0.01539852
v -0.00134163 -0.00194796 0.01539852
v -0.00116563 -0.00230800 0.01539852
v -0.00096048 -0.00265242 0.01539852
v -0.00072748 -0.00297865 0.01539852
v -0.00046848 -0.00328456 0.01539852
v -0.00018512 -0.00356805 0.01539852
v 0.00012083 -0.00382709 0.01539852
v 0.00044701 -0.00406007 0.01539852
v 0.00079135 -0.00426533 0.01539852
v 0.00115142 -0.00444139 0.01539852
v 0.00152484 -0.00458706 0.01539852
v 0.00190904 -0.00470149 0.01539852
v 0.00230134 -0.00478374 0.01539852
v 0.00269917 -0.00483338 0.01539852
v 0.00309960 -0.00485003 0.01539852
v 0.00350016 -0.00483345 0.01539852
v 0.00389790 -0.00478396 0.01539852
v 0.00429026 -0.00470173 0.01539852
v 0.00467449 -0.00458733 0.01539852
v 0.00504789 -0.00444169 0.01539852
v 0.00540805 -0.00426562 0.01539852
v 0.00575242 -0.00406044 0.01539852
v 0.00607863 -0.00382757 0.01539852
v 0.00638460 -0.00356847 0.01539852
v 0.00666805 -0.00328508 0.01539852
v 0.00692707 -0.00297926 0.01539852
v 0.00716007 -0.00265295 0.01539852
v 0.00736527 -0.00230871 0.01539852
v 0.00754138 -0.00194854 0.01539852
v 0.00768711 -0.00157515 0.01539852
v 0.00780154 -0.00119095 0.01539852
v 0.00788379 -0.00079865 0.01539852
v 0.00793343 -0.00040083 0.01539852
v 0.00795003 -0.00000035 0.01539852
v 0.00793346 0.00040012 0.01539852
v 0.00788393 0.00079789 0.01539852
v 0.00780166 0.00119020 0.01539852
v 0.00768734 0.00157445 0.01539852
v 0.00754160 0.00194792 0.01539852
v 0.00736567 0.00230806 0.01539852
v 0.00716046 0.00265238 0.01539852
v 0.00692761 0.00297864 0.01539852
v 0.00666845 0.00328451 0.01539852
v 0.00638509 0.00356801 0.01539852
v 0.00607920 0.00382715 0.01539852
v 0.00575297 0.00406003 0.01539852
v 0.00540862 0.00426529 0.01539852
v 0.00504855 0.00444134 0.01539852
v 0.00467520 0.00458712 0.01539852
v 0.00429093 0.00470145 0.01539852
v 0.00389870 0.00478380 0.01539852
v 0.00350087 0.00483344 0.01539852
v 0.00310037 0.00484999 0.01539852
v 0.00269992 0.00483347 0.01539852
v 0.00230212 0.00478389 0.01539852
v 0.00190971 0.00470168 0.01539852
v 0.00152560 0.00458735 0.01539852
v 0.00115213 0.00444161 0.01539852
v 0.00079193 0.00426558 0.01539852
v 0.00044767 0.00406046 0.01539852
v 0.00012134 0.00382752 0.01539852
v -0.00018456 0.00356853 0.01539852
v -0.00046796 0.00328510 0.01539852
v -0.00072710 0.00297921 0.01539852
v -0.00096008 0.00265304 0.01539852
v -0.00116524 0.00230863 0.01539852
v -0.00134130 0.00194856 0.01539852
v -0.00155633 0.00159886 0.01532532
v -0.00167246 0.00120891 0.01532532
v -0.00175596 0.00081070 0.01532532
v -0.00180631 0.00040689 0.01532532
v -0.00182321 0.00000031 0.01532532
v -0.00180645 -0.00040619 0.01532532
v -0.00175612 -0.00080994 0.01532532
v -0.00167268 -0.00120821 0.01532532
v -0.00155658 -0.00159825 0.01532532
v -0.00140871 -0.00197731 0.01532532
v -0.00122998 -0.00234291 0.01532532
v -0.00102177 -0.00269240 0.01532532
v -0.00078538 -0.00302363 0.01532532
v -0.00052240 -0.00333408 0.01532532
v -0.00023458 -0.00362186 0.01532532
v 0.00007586 -0.00388491 0.01532532
v 0.00040701 -0.00412138 0.01532532
v 0.00075650 -0.00432967 0.01532532
v 0.00112208 -0.00450841 0.01532532
v 0.00150102 -0.00465635 0.01532532
v 0.00189113 -0.00477245 0.01532532
v 0.00228928 -0.00485605 0.01532532
v 0.00269309 -0.00490640 0.01532532
v 0.00309958 -0.00492323 0.01532532
v 0.00350619 -0.00490640 0.01532532
v 0.00390999 -0.00485611 0.01532532
v 0.00430821 -0.00477264 0.01532532
v 0.00469825 -0.00465654 0.01532532
v 0.00507731 -0.00450867 0.01532532
v 0.00544284 -0.00433004 0.01532532
v 0.00579245 -0.00412177 0.01532532
v 0.00612363 -0.00388533 0.01532532
v 0.00643413 -0.00362239 0.01532532
v 0.00672184 -0.00333467 0.01532532
v 0.00698484 -0.00302420 0.01532532
v 0.00722136 -0.00269308 0.01532532
v 0.00742966 -0.00234346 0.01532532
v 0.00760839 -0.00197801 0.01532532
v 0.00775635 -0.00159894 0.01532532
v 0.00787244 -0.00120896 0.01532532
v 0.00795605 -0.00081068 0.01532532
v 0.00800633 -0.00040697 0.01532532
v 0.00802323 -0.00000038 0.01532532
v 0.00800642 0.00040615 0.01532532
v 0.00795616 0.00081000 0.01532532
v 0.00787265 0.00120817 0.01532532
v 0.00775655 0.00159821 0.01532532
v 0.00760868 0.00197727 0.01532532
v 0.00742995 0.00234287 0.01532532
v 0.00722175 0.00269236 0.01532532
v 0.00698535 0.00302359 0.01532532
v 0.00672244 0.00333414 0.01532532
v 0.00643472 0.00362185 0.01532532
v 0.00612412 0.00388487 0.01532532
v 0.00579306 0.00412127 0.01532532
v 0.00544347 0.00432962 0.01532532
v 0.00507789 0.00450837 0.01532532
v 0.00469895 0.00465631 0.01532532
v 0.00430891 0.00477251 0.01532532
v 0.00391069 0.00485600 0.01532532
v 0.00350688 0.00490635 0.01532532
v 0.00310040 0.00492319 0.01532532
v 0.00269380 0.00490649 0.01532532
v 0.00229005 0.00485617 0.01532532
v 0.00189171 0.00477263 0.01532532
v 0.00150184 0.00465656 0.01532532
v 0.00112278 0.00450869 0.01532532
v 0.00075718 0.00432996 0.01532532
v 0.00040752 0.00412172 0.01532532
v 0.00007639 0.00388526 0.01532532
v -0.00023416 0.00362234 0.01532532
v -0.00052187 0.00333463 0.01532532
v -0.00078492 0.00302419 0.01532532
v -0.00102139 0.00269304 0.01532532
v -0.00122967 0.00234355 0.01532532
v -0.00140842 0.00197796 0.01532532
v 0.00694780 -0.00311405 0.01542534
v 0.00638282 -0.00370482 0.01795532
v 0.00638282 -0.00370482 0.01542534
v 0.00572823 -0.00419467 0.01795532
v 0.00572823 -0.00419467 0.01542534
v 0.00500193 -0.00457006 0.01795532
v 0.00500193 -0.00457006 0.01542534
v 0.00422378 -0.00482078 0.01795532
v 0.00422378 -0.00482078 0.01542534
v 0.00341503 -0.00493998 0.01795532
v 0.00341503 -0.00493998 0.01542534
v 0.00259758 -0.00492442 0.01795532
v 0.00259758 -0.00492442 0.01542534
v 0.00179395 -0.00477457 0.01795532
v 0.00179395 -0.00477457 0.01542534
v 0.00102588 -0.00449453 0.01795532
v 0.00102588 -0.00449453 0.01542534
v 0.00031442 -0.00409183 0.01795532
v 0.00031442 -0.00409183 0.01542534
v -0.00032114 -0.00357755 0.01795532
v -0.00032114 -0.00357755 0.01542534
v -0.00086329 -0.00296560 0.01795532
v -0.00086329 -0.00296560 0.01542534
v -0.00129738 -0.00227284 0.01795532
v -0.00129738 -0.00227284 0.01542534
v -0.00161145 -0.00151807 0.01795532
v -0.00161145 -0.00151807 0.01542534
v -0.00179708 -0.00072187 0.01795532
v -0.00179708 -0.00072187 0.01542534
v -0.00184904 0.00009402 0.01795532
v -0.00184904 0.00009402 0.01542534
v -0.00176621 0.00090731 0.01795532
v -0.00176621 0.00090731 0.01542534
v -0.00155041 0.00169582 0.01795532
v -0.00155041 0.00169582 0.01542534
v -0.00120782 0.00243814 0.01795532
v -0.00120782 0.00243814 0.01542534
v -0.00074778 0.00311397 0.01795532
v -0.00074778 0.00311397 0.01542534
v -0.00018279 0.00370488 0.01795532
v -0.00018279 0.00370488 0.01542534
v 0.00047179 0.00419459 0.01795532
v 0.00047179 0.00419459 0.01542534
v 0.00119809 0.00456999 0.01795532
v 0.00119809 0.00456999 0.01542534
v 0.00197624 0.00482070 0.01795532
v 0.00197624 0.00482070 0.01542534
v 0.00278499 0.00493990 0.01795532
v 0.00278499 0.00493990 0.01542534
v 0.00360239 0.00492438 0.01795532
v 0.00360239 0.00492438 0.01542534
v 0.00440608 0.00477462 0.01795532
v 0.00440608 0.00477462 0.01542534
v 0.00517409 0.00449448 0.01795532
v 0.00517409 0.00449448 0.01542534
v 0.00588555 0.00409179 0.01795532
v 0.00588555 0.00409179 0.01542534
v 0.00652111 0.00357751 0.01795532
v 0.00652111 0.00357751 0.01542534
v 0.00706333 0.00296565 0.01795532
v 0.00706333 0.00296565 0.01542534
v 0.00749735 0.00227280 0.01795532
v 0.00749735 0.00227280 0.01542534
v 0.00781147 0.00151799 0.01795532
v 0.00781147 0.00151799 0.01542534
v 0.00799705 0.00072183 0.01795532
v 0.00799705 0.00072183 0.01542534
v 0.00804912 -0.00009400 0.01795532
v 0.00804912 -0.00009400 0.01542534
v 0.00796613 -0.00090732 0.01795532
v 0.00796613 -0.00090732 0.01542534
v 0.00775043 -0.00169589 0.01795532
v 0.00775043 -0.00169589 0.01542534
v 0.00740785 -0.00243822 0.01795532
v 0.00740785 -0.00243822 0.01542534
v 0.00694780 -0.00311405 0.01795532
v 0.00310002 0.00000003 0.01795532
v 0.00536728 0.00440028 0.02109028
v 0.00536728 0.00440028 0.01815535
v 0.00499613 0.00457243 0.02109028
v 0.00499613 0.00457243 0.01815535
v 0.00461211 0.00471345 0.02109028
v 0.00461211 0.00471345 0.01815535
v 0.00421771 0.00482209 0.02109028
v 0.00421771 0.00482209 0.01815535
v 0.00381567 0.00489796 0.02109028
v 0.00381567 0.00489796 0.01815535
v 0.00340879 0.00494032 0.02109028
v 0.00340879 0.00494032 0.01815535
v 0.00299970 0.00494899 0.02109028
v 0.00299970 0.00494899 0.01815535
v 0.00259143 0.00492381 0.02109028
v 0.00259143 0.00492381 0.01815535
v 0.00218652 0.00486492 0.02109028
v 0.00218652 0.00486492 0.01815535
v 0.00178796 0.00477292 0.02109028
v 0.00178796 0.00477292 0.01815535
v 0.00139823 0.00464829 0.02109028
v 0.00139823 0.00464829 0.01815535
v 0.00102017 0.00449185 0.02109028
v 0.00102017 0.00449185 0.01815535
v 0.00065639 0.00430471 0.02109028
v 0.00065639 0.00430471 0.01815535
v 0.00030929 0.00408830 0.02109028
v 0.00030929 0.00408830 0.01815535
v -0.00001889 0.00384383 0.02109028
v -0.00001889 0.00384383 0.01815535
v -0.00032560 0.00357317 0.02109028
v -0.00032560 0.00357317 0.01815535
v -0.00060893 0.00327807 0.02109028
v -0.00060893 0.00327807 0.01815535
v -0.00086708 0.00296060 0.02109028
v -0.00086708 0.00296060 0.01815535
v -0.00109788 0.00262292 0.02109028
v -0.00109788 0.00262292 0.01815535
v -0.00130024 0.00226729 0.02109028
v -0.00130024 0.00226729 0.01815535
v -0.00147239 0.00189613 0.02109028
v -0.00147239 0.00189613 0.01815535
v -0.00161340 0.00151212 0.02109028
v -0.00161340 0.00151212 0.01815535
v -0.00172221 0.00111768 0.02109028
v -0.00172221 0.00111768 0.01815535
v -0.00179801 0.00071574 0.02109028
v -0.00179801 0.00071574 0.01815535
v -0.00184034 0.00030870 0.02109028
v -0.00184034 0.00030870 0.01815535
v -0.00184894 -0.00010029 0.02109028
v -0.00184894 -0.00010029 0.01815535
v -0.00182376 -0.00050856 0.02109028
v -0.00182376 -0.00050856 0.01815535
v -0.00176504 -0.00091350 0.02109028
v -0.00176504 -0.00091350 0.01815535
v -0.00167294 -0.00131213 0.02109028
v -0.00167294 -0.00131213 0.01815535
v -0.00154824 -0.00170176 0.02109028
v -0.00154824 -0.00170176 0.01815535
v -0.00139190 -0.00207976 0.02109028
v -0.00139190 -0.00207976 0.01815535
v -0.00120483 -0.00244363 0.02109028
v -0.00120483 -0.00244363 0.01815535
v -0.00098832 -0.00279080 0.02109028
v -0.00098832 -0.00279080 0.01815535
v -0.00074388 -0.00311882 0.02109028
v -0.00074388 -0.00311882 0.01815535
v -0.00047319 -0.00342569 0.02109028
v -0.00047319 -0.00342569 0.01815535
v -0.00017808 -0.00370902 0.02109028
v -0.00017808 -0.00370902 0.01815535
v 0.00013935 -0.00396700 0.02109028
v 0.00013935 -0.00396700 0.01815535
v 0.00047706 -0.00419797 0.02109028
v 0.00047706 -0.00419797 0.01815535
v 0.00083275 -0.00440023 0.02109028
v 0.00083275 -0.00440023 0.01815535
v 0.00120385 -0.00457248 0.02109028
v 0.00120385 -0.00457248 0.01815535
v 0.00158793 -0.00471339 0.02109028
v 0.00158793 -0.00471339 0.01815535
v 0.00198227 -0.00482213 0.02109028
v 0.00198227 -0.00482213 0.01815535
v 0.00238431 -0.00489800 0.02109028
v 0.00238431 -0.00489800 0.01815535
v 0.00279118 -0.00494036 0.02109028
v 0.00279118 -0.00494036 0.01815535
v 0.00320027 -0.00494903 0.02109028
v 0.00320027 -0.00494903 0.01815535
v 0.00360861 -0.00492375 0.02109028
v 0.00360861 -0.00492375 0.01815535
v 0.00401350 -0.00486499 0.02109028
v 0.00401350 -0.00486499 0.01815535
v 0.00441213 -0.00477289 0.02109028
v 0.00441213 -0.00477289 0.01815535
v 0.00480174 -0.00464833 0.02109028
v 0.00480174 -0.00464833 0.01815535
v 0.00517981 -0.00449189 0.02109028
v 0.00517981 -0.00449189 0.01815535
v 0.00554363 -0.00430479 0.02109028
v 0.00554363 -0.00430479 0.01815535
v 0.00589080 -0.00408828 0.02109028
v 0.00589080 -0.00408828 0.01815535
v 0.00621887 -0.00384387 0.02109028
v 0.00621887 -0.00384387 0.01815535
v 0.00652562 -0.00357324 0.02109028
v 0.00652562 -0.00357324 0.01815535
v 0.00680895 -0.00327814 0.02109028
v 0.00680895 -0.00327814 0.01815535
v 0.00706700 -0.00296061 0.02109028
v 0.00706700 -0.00296061 0.01815535
v 0.00729797 -0.00262290 0.02109028
v 0.00729797 -0.00262290 0.01815535
v 0.00750021 -0.00226734 0.02109028
v 0.00750021 -0.00226734 0.01815535
v 0.00767241 -0.00189621 0.02109028
v 0.00767241 -0.00189621 0.01815535
v 0.00781337 -0.00151216 0.02109028
v 0.00781337 -0.00151216 0.01815535
v 0.00792218 -0.00111773 0.02109028
v 0.00792218 -0.00111773 0.01815535
v 0.00799800 -0.00071565 0.02109028
v 0.00799800 -0.00071565 0.01815535
v 0.00804036 -0.00030878 0.02109028
v 0.00804036 -0.00030878 0.01815535
v 0.00804896 0.00010022 0.02109028
v 0.00804896 0.00010022 0.01815535
v 0.00802380 0.00050862 0.02109028
v 0.00802380 0.00050862 0.01815535
v 0.00796501 0.00091346 0.02109028
v 0.00796501 0.00091346 0.01815535
v 0.00787291 0.00131208 0.02109028
v 0.00787291 0.00131208 0.01815535
v 0.00774828 0.00170182 0.02109028
v 0.00774828 0.00170182 0.01815535
v 0.00759194 0.00207982 0.02109028
v 0.00759194 0.00207982 0.01815535
v 0.00740480 0.00244359 0.02109028
v 0.00740480 0.00244359 0.01815535
v 0.00718829 0.00279076 0.02109028
v 0.00718829 0.00279076 0.01815535
v 0.00694392 0.00311887 0.02109028
v 0.00694392 0.00311887 0.01815535
v 0.00667316 0.00342564 0.02109028
v 0.00667316 0.00342564 0.01815535
v 0.00637806 0.00370898 0.02109028
v 0.00637806 0.00370898 0.01815535
v 0.00606063 0.00396696 0.02109028
v 0.00606063 0.00396696 0.01815535
v 0.00572291 0.00419793 0.02109028
v 0.00572291 0.00419793 0.01815535
v 0.00128046 -0.00438773 0.02129032
v 0.00164899 -0.00452294 0.02129032
v 0.00310002 0.00000003 0.02129032
v 0.00025900 -0.00380669 0.02129032
v 0.00058303 -0.00402832 0.02129032
v 0.00092433 -0.00422250 0.02129032
v -0.00058852 -0.00299280 0.02129032
v -0.00032887 -0.00328724 0.02129032
v -0.00004563 -0.00355916 0.02129032
v -0.00121032 -0.00199575 0.02129032
v -0.00103088 -0.00234489 0.02129032
v -0.00082305 -0.00267804 0.02129032
v -0.00156843 -0.00087662 0.02129032
v -0.00148011 -0.00125906 0.02129032
v -0.00136049 -0.00163295 0.02129032
v -0.00164074 0.00029635 0.02129032
v -0.00164907 -0.00009618 0.02129032
v -0.00162479 -0.00048805 0.02129032
v -0.00142295 0.00145105 0.02129032
v -0.00152734 0.00107261 0.02129032
v -0.00160012 0.00068673 0.02129032
v -0.00092840 0.00251692 0.02129032
v -0.00112241 0.00217565 0.02129032
v -0.00128764 0.00181952 0.02129032
v -0.00018721 0.00342875 0.02129032
v -0.00045917 0.00314568 0.02129032
v -0.00070677 0.00284095 0.02129032
v 0.00075504 0.00413083 0.02129032
v 0.00042195 0.00392310 0.02129032
v 0.00010719 0.00368857 0.02129032
v 0.00184086 0.00458006 0.02129032
v 0.00146698 0.00446044 0.02129032
v 0.00110424 0.00431037 0.02129032
v 0.00300374 0.00474901 0.02129032
v 0.00261194 0.00472484 0.02129032
v 0.00222347 0.00466841 0.02129032
v 0.00417253 0.00462729 0.02129032
v 0.00378682 0.00470010 0.02129032
v 0.00339634 0.00474079 0.02129032
v 0.00527565 0.00422246 0.02129032
v 0.00491951 0.00438768 0.02129032
v 0.00455105 0.00452300 0.02129032
v 0.00624561 0.00355912 0.02129032
v 0.00594104 0.00380675 0.02129032
v 0.00561695 0.00402828 0.02129032
v 0.00702313 0.00267793 0.02129032
v 0.00678856 0.00299286 0.02129032
v 0.00652884 0.00328719 0.02129032
v 0.00756053 0.00163300 0.02129032
v 0.00741036 0.00199580 0.02129032
v 0.00723085 0.00234484 0.02129032
v 0.00782488 0.00048808 0.02129032
v 0.00776840 0.00087657 0.02129032
v 0.00768009 0.00125902 0.02129032
v 0.00780009 -0.00068677 0.02129032
v 0.00784078 -0.00029629 0.02129032
v 0.00784899 0.00009617 0.02129032
v 0.00748766 -0.00181959 0.02129032
v 0.00762299 -0.00145100 0.02129032
v 0.00772733 -0.00107252 0.02129032
v 0.00690674 -0.00284099 0.02129032
v 0.00712832 -0.00251693 0.02129032
v 0.00732243 -0.00217573 0.02129032
v 0.00609285 -0.00368851 0.02129032
v 0.00638723 -0.00342882 0.02129032
v 0.00665909 -0.00314569 0.02129032
v 0.00509573 -0.00431041 0.02129032
v 0.00544488 -0.00413084 0.02129032
v 0.00577802 -0.00392314 0.02129032
v 0.00397661 -0.00466839 0.02129032
v 0.00435911 -0.00458010 0.02129032
v 0.00473299 -0.00446048 0.02129032
v 0.00280370 -0.00474073 0.02129032
v 0.00319623 -0.00474906 0.02129032
v 0.00358803 -0.00472488 0.02129032
v 0.00202744 -0.00462733 0.02129032
v 0.00241322 -0.00470005 0.02129032
v 0.00128046 -0.00438773 0.01795532
v 0.00092433 -0.00422250 0.01795532
v 0.00241322 -0.00470005 0.01795532
v 0.00202744 -0.00462733 0.01795532
v 0.00164899 -0.00452294 0.01795532
v 0.00358803 -0.00472488 0.01795532
v 0.00319623 -0.00474906 0.01795532
v 0.00280370 -0.00474073 0.01795532
v 0.00473299 -0.00446048 0.01795532
v 0.00435911 -0.00458010 0.01795532
v 0.00397661 -0.00466839 0.01795532
v 0.00577802 -0.00392314 0.01795532
v 0.00544488 -0.00413084 0.01795532
v 0.00509573 -0.00431041 0.01795532
v 0.00665909 -0.00314569 0.01795532
v 0.00638723 -0.00342882 0.01795532
v 0.00609285 -0.00368851 0.01795532
v 0.00732243 -0.00217573 0.01795532
v 0.00712832 -0.00251693 0.01795532
v 0.00690674 -0.00284099 0.01795532
v 0.00772733 -0.00107252 0.01795532
v 0.00762299 -0.00145100 0.01795532
v 0.00748766 -0.00181959 0.01795532
v 0.00784899 0.00009617 0.01795532
v 0.00784078 -0.00029629 0.01795532
v 0.00780009 -0.00068677 0.01795532
v 0.00768009 0.00125902 0.01795532
v 0.00776840 0.00087657 0.01795532
v 0.00782488 0.00048808 0.01795532
v 0.00723085 0.00234484 0.01795532
v 0.00741036 0.00199580 0.01795532
v 0.00756053 0.00163300 0.01795532
v 0.00652884 0.00328719 0.01795532
v 0.00678856 0.00299286 0.01795532
v 0.00702313 0.00267793 0.01795532
v 0.00561695 0.00402828 0.01795532
v 0.00594104 0.00380675 0.01795532
v 0.00624561 0.00355912 0.01795532
v 0.00455105 0.00452300 0.01795532
v 0.00491951 0.00438768 0.01795532
v 0.00527565 0.00422246 0.01795532
v 0.00339634 0.00474079 0.01795532
v 0.00378682 0.00470010 0.01795532
v 0.00417253 0.00462729 0.01795532
v 0.00222347 0.00466841 0.01795532
v 0.00261194 0.00472484 0.01795532
v 0.00300374 0.00474901 0.01795532
v 0.00110424 0.00431037 0.01795532
v 0.00146698 0.00446044 0.01795532
v 0.00184086 0.00458006 0.01795532
v 0.00010719 0.00368857 0.01795532
v 0.00042195 0.00392310 0.01795532
v 0.00075504 0.00413083 0.01795532
v -0.00070677 0.00284095 0.01795532
v -0.00045917 0.00314568 0.01795532
v -0.00018721 0.00342875 0.01795532
v -0.00128764 0.00181952 0.01795532
v -0.00112241 0.00217565 0.01795532
v -0.00092840 0.00251692 0.01795532
v -0.00160012 0.00068673 0.01795532
v -0.00152734 0.00107261 0.01795532
v -0.00142295 0.00145105 0.01795532
v -0.00162479 -0.00048805 0.01795532
v -0.00164907 -0.00009618 0.01795532
v -0.00164074 0.00029635 0.01795532
v -0.00136049 -0.00163295 0.01795532
v -0.00148011 -0.00125906 0.01795532
v -0.00156843 -0.00087662 0.01795532
v -0.00082305 -0.00267804 0.01795532
v -0.00103088 -0.00234489 0.01795532
v -0.00121032 -0.00199575 0.01795532
v -0.00004563 -0.00355916 0.01795532
v -0.00032887 -0.00328724 0.01795532
v -0.00058852 -0.00299280 0.01795532
v 0.00058303 -0.00402832 0.01795532
v 0.00025900 -0.00380669 0.01795532
v 0.00159614 -0.00468789 0.01805533
v 0.00198830 -0.00479603 0.01805533
v 0.00238819 -0.00487146 0.01805533
v 0.00279288 -0.00491365 0.01805533
v 0.00319973 -0.00492225 0.01805533
v 0.00360583 -0.00489719 0.01805533
v 0.00400849 -0.00483866 0.01805533
v 0.00440500 -0.00474715 0.01805533
v 0.00479257 -0.00462307 0.01805533
v 0.00516857 -0.00446755 0.01805533
v 0.00553045 -0.00428144 0.01805533
v 0.00587563 -0.00406618 0.01805533
v 0.00620197 -0.00382305 0.01805533
v 0.00650703 -0.00355388 0.01805533
v 0.00678892 -0.00326039 0.01805533
v 0.00704551 -0.00294461 0.01805533
v 0.00727528 -0.00260868 0.01805533
v 0.00747642 -0.00225496 0.01805533
v 0.00764766 -0.00188592 0.01805533
v 0.00778787 -0.00150395 0.01805533
v 0.00789603 -0.00111166 0.01805533
v 0.00797151 -0.00071180 0.01805533
v 0.00801365 -0.00030708 0.01805533
v 0.00802218 0.00009967 0.01805533
v 0.00799716 0.00050583 0.01805533
v 0.00793863 0.00090848 0.01805533
v 0.00784711 0.00130499 0.01805533
v 0.00772312 0.00169257 0.01805533
v 0.00756754 0.00206848 0.01805533
v 0.00738145 0.00243041 0.01805533
v 0.00716609 0.00277565 0.01805533
v 0.00692310 0.00310198 0.01805533
v 0.00665379 0.00340706 0.01805533
v 0.00636037 0.00368883 0.01805533
v 0.00604456 0.00394559 0.01805533
v 0.00570872 0.00417529 0.01805533
v 0.00535498 0.00437638 0.01805533
v 0.00498596 0.00454767 0.01805533
v 0.00460399 0.00468788 0.01805533
v 0.00421167 0.00479599 0.01805533
v 0.00381185 0.00487152 0.01805533
v 0.00340709 0.00491361 0.01805533
v 0.00300024 0.00492221 0.01805533
v 0.00259419 0.00489711 0.01805533
v 0.00219143 0.00483865 0.01805533
v 0.00179502 0.00474707 0.01805533
v 0.00140747 0.00462313 0.01805533
v 0.00103146 0.00446761 0.01805533
v 0.00066964 0.00428146 0.01805533
v 0.00032429 0.00406617 0.01805533
v -0.00000200 0.00382301 0.01805533
v -0.00030711 0.00355387 0.01805533
v -0.00058895 0.00326035 0.01805533
v -0.00084554 0.00294457 0.01805533
v -0.00107524 0.00260873 0.01805533
v -0.00127644 0.00225505 0.01805533
v -0.00144769 0.00188587 0.01805533
v -0.00158790 0.00150390 0.01805533
v -0.00169611 0.00111165 0.01805533
v -0.00177147 0.00071186 0.01805533
v -0.00181356 0.00030710 0.01805533
v -0.00182216 -0.00009975 0.01805533
v -0.00179713 -0.00050590 0.01805533
v -0.00173860 -0.00090856 0.01805533
v -0.00164709 -0.00130507 0.01805533
v -0.00152308 -0.00169252 0.01805533
v -0.00136756 -0.00206853 0.01805533
v -0.00118148 -0.00243045 0.01805533
v -0.00096612 -0.00277570 0.01805533
v -0.00072306 -0.00310192 0.01805533
v -0.00045382 -0.00340710 0.01805533
v -0.00016030 -0.00368894 0.01805533
v 0.00015548 -0.00394553 0.01805533
v 0.00049132 -0.00417523 0.01805533
v 0.00084499 -0.00437643 0.01805533
v 0.00121407 -0.00454761 0.01805533
v 0.00161841 -0.00461813 0.01798214
v 0.00200485 -0.00472473 0.01798214
v 0.00239876 -0.00479902 0.01798214
v 0.00279747 -0.00484050 0.01798214
v 0.00319820 -0.00484901 0.01798214
v 0.00359829 -0.00482436 0.01798214
v 0.00399502 -0.00476674 0.01798214
v 0.00438556 -0.00467653 0.01798214
v 0.00476740 -0.00455436 0.01798214
v 0.00513780 -0.00440110 0.01798214
v 0.00549426 -0.00421781 0.01798214
v 0.00583442 -0.00400565 0.01798214
v 0.00615582 -0.00376624 0.01798214
v 0.00645646 -0.00350098 0.01798214
v 0.00673402 -0.00321192 0.01798214
v 0.00698689 -0.00290082 0.01798214
v 0.00721318 -0.00256986 0.01798214
v 0.00741133 -0.00222147 0.01798214
v 0.00758003 -0.00185790 0.01798214
v 0.00771818 -0.00148158 0.01798214
v 0.00782473 -0.00109511 0.01798214
v 0.00789907 -0.00070123 0.01798214
v 0.00794054 -0.00030252 0.01798214
v 0.00794901 0.00009824 0.01798214
v 0.00792433 0.00049828 0.01798214
v 0.00786670 0.00089502 0.01798214
v 0.00777653 0.00128560 0.01798214
v 0.00765437 0.00166736 0.01798214
v 0.00750115 0.00203781 0.01798214
v 0.00731786 0.00239427 0.01798214
v 0.00710566 0.00273438 0.01798214
v 0.00686619 0.00305590 0.01798214
v 0.00660096 0.00335637 0.01798214
v 0.00631186 0.00363410 0.01798214
v 0.00600086 0.00388690 0.01798214
v 0.00566991 0.00411319 0.01798214
v 0.00532148 0.00431129 0.01798214
v 0.00495785 0.00448011 0.01798214
v 0.00458163 0.00461819 0.01798214
v 0.00419512 0.00472469 0.01798214
v 0.00380121 0.00479898 0.01798214
v 0.00340257 0.00484055 0.01798214
v 0.00300177 0.00484897 0.01798214
v 0.00260163 0.00482435 0.01798214
v 0.00220500 0.00476666 0.01798214
v 0.00181441 0.00467649 0.01798214
v 0.00143269 0.00455438 0.01798214
v 0.00106224 0.00440116 0.01798214
v 0.00070571 0.00421777 0.01798214
v 0.00036567 0.00400567 0.01798214
v 0.00004415 0.00376620 0.01798214
v -0.00025642 0.00350104 0.01798214
v -0.00053405 0.00321187 0.01798214
v -0.00078692 0.00290077 0.01798214
v -0.00101314 0.00256992 0.01798214
v -0.00121131 0.00222139 0.01798214
v -0.00138006 0.00185786 0.01798214
v -0.00151821 0.00148154 0.01798214
v -0.00162474 0.00109520 0.01798214
v -0.00169903 0.00070128 0.01798214
v -0.00174057 0.00030248 0.01798214
v -0.00174892 -0.00009822 0.01798214
v -0.00172431 -0.00049836 0.01798214
v -0.00166668 -0.00089509 0.01798214
v -0.00157644 -0.00128558 0.01798214
v -0.00145440 -0.00166740 0.01798214
v -0.00130111 -0.00203775 0.01798214
v -0.00111782 -0.00239421 0.01798214
v -0.00090569 -0.00273442 0.01798214
v -0.00066615 -0.00305584 0.01798214
v -0.00040099 -0.00335641 0.01798214
v -0.00011183 -0.00363404 0.01798214
v 0.00019917 -0.00388685 0.01798214
v 0.00053013 -0.00411313 0.01798214
v 0.00087849 -0.00431133 0.01798214
v 0.00124219 -0.00448005 0.01798214
v 0.00161841 -0.00461813 0.02126350
v 0.00200485 -0.00472473 0.02126350
v 0.00239876 -0.00479902 0.02126350
v 0.00279747 -0.00484050 0.02126350
v 0.00319820 -0.00484901 0.02126350
v 0.00359829 -0.00482436 0.02126350
v 0.00399502 -0.00476674 0.02126350
v 0.00438556 -0.00467653 0.02126350
v 0.00476740 -0.00455436 0.02126350
v 0.00513780 -0.00440110 0.02126350
v 0.00549426 -0.00421781 0.02126350
v 0.00583442 -0.00400565 0.02126350
v 0.00615582 -0.00376624 0.02126350
v 0.00645646 -0.00350098 0.02126350
v 0.00673402 -0.00321192 0.02126350
v 0.00698689 -0.00290082 0.02126350
v 0.00721318 -0.00256986 0.02126350
v 0.00741133 -0.00222147 0.02126350
v 0.00758003 -0.00185790 0.02126350
v 0.00771818 -0.00148158 0.02126350
v 0.00782473 -0.00109511 0.02126350
v 0.00789907 -0.00070123 0.02126350
v 0.00794054 -0.00030252 0.02126350
v 0.00794901 0.00009824 0.02126350
v 0.00792433 0.00049828 0.02126350
v 0.00786670 0.00089502 0.02126350
v 0.00777653 0.00128560 0.02126350
v 0.00765437 0.00166736 0.02126350
v 0.00750115 0.00203781 0.02126350
v 0.00731786 0.00239427 0.02126350
v 0.00710566 0.00273438 0.02126350
v 0.00686619 0.00305590 0.02126350
v 0.00660096 0.00335637 0.02126350
v 0.00631186 0.00363410 0.02126350
v 0.00600086 0.00388690 0.02126350
v 0.00566991 0.00411319 0.02126350
v 0.00532148 0.00431129 0.02126350
v 0.00495785 0.00448011 0.02126350
v 0.00458163 0.00461819 0.02126350
v 0.00419512 0.00472469 0.02126350
v 0.00380121 0.00479898 0.02126350
v 0.00340257 0.00484055 0.02126350
v 0.00300177 0.00484897 0.02126350
v 0.00260163 0.00482435 0.02126350
v 0.00220500 0.00476666 0.02126350
v 0.00181441 0.00467649 0.02126350
v 0.00143269 0.00455438 0.02126350
v 0.00106224 0.00440116 0.02126350
v 0.00070571 0.00421777 0.02126350
v 0.00036567 0.00400567 0.02126350
v 0.00004415 0.00376620 0.02126350
v -0.00025642 0.00350104 0.02126350
v -0.00053405 0.00321187 0.02126350
v -0.00078692 0.00290077 0.02126350
v -0.00101314 0.00256992 0.02126350
v -0.00121131 0.00222139 0.02126350
v -0.00138006 0.00185786 0.02126350
v -0.00151821 0.00148154 0.02126350
v -0.00162474 0.00109520 0.02126350
v -0.00169903 0.00070128 0.02126350
v -0.00174057 0.00030248 0.02126350
v -0.00174892 -0.00009822 0.02126350
v -0.00172431 -0.00049836 0.02126350
v -0.00166668 -0.00089509 0.02126350
v -0.00157644 -0.00128558 0.02126350
v -0.00145440 -0.00166740 0.02126350
v -0.00130111 -0.00203775 0.02126350
v -0.00111782 -0.00239421 0.02126350
v -0.00090569 -0.00273442 0.02126350
v -0.00066615 -0.00305584 0.02126350
v -0.00040099 -0.00335641 0.02126350
v -0.00011183 -0.00363404 0.02126350
v 0.00019917 -0.00388685 0.02126350
v 0.00053013 -0.00411313 0.02126350
v 0.00087849 -0.00431133 0.02126350
v 0.00124219 -0.00448005 0.02126350
v 0.00159614 -0.00468789 0.02119030
v 0.00198830 -0.00479603 0.02119030
v 0.00238819 -0.00487146 0.02119030
v 0.00279288 -0.00491365 0.02119030
v 0.00319973 -0.00492225 0.02119030
v 0.00360583 -0.00489719 0.02119030
v 0.00400849 -0.00483866 0.02119030
v 0.00440500 -0.00474715 0.02119030
v 0.00479257 -0.00462307 0.02119030
v 0.00516857 -0.00446755 0.02119030
v 0.00553045 -0.00428144 0.02119030
v 0.00587563 -0.00406618 0.02119030
v 0.00620197 -0.00382305 0.02119030
v 0.00650703 -0.00355388 0.02119030
v 0.00678892 -0.00326039 0.02119030
v 0.00704551 -0.00294461 0.02119030
v 0.00727528 -0.00260868 0.02119030
v 0.00747642 -0.00225496 0.02119030
v 0.00764766 -0.00188592 0.02119030
v 0.00778787 -0.00150395 0.02119030
v 0.00789603 -0.00111166 0.02119030
v 0.00797151 -0.00071180 0.02119030
v 0.00801365 -0.00030708 0.02119030
v 0.00802218 0.00009967 0.02119030
v 0.00799716 0.00050583 0.02119030
v 0.00793863 0.00090848 0.02119030
v 0.00784711 0.00130499 0.02119030
v 0.00772312 0.00169257 0.02119030
v 0.00756754 0.00206848 0.02119030
v 0.00738145 0.00243041 0.02119030
v 0.00716609 0.00277565 0.02119030
v 0.00692310 0.00310198 0.02119030
v 0.00665379 0.00340706 0.02119030
v 0.00636037 0.00368883 0.02119030
v 0.00604456 0.00394559 0.02119030
v 0.00570872 0.00417529 0.02119030
v 0.00535498 0.00437638 0.02119030
v 0.00498596 0.00454767 0.02119030
v 0.00460399 0.00468788 0.02119030
v 0.00421167 0.00479599 0.02119030
v 0.00381185 0.00487152 0.02119030
v 0.00340709 0.00491361 0.02119030
v 0.00300024 0.00492221 0.02119030
v 0.00259419 0.00489711 0.02119030
v 0.00219143 0.00483865 0.02119030
v 0.00179502 0.00474707 0.02119030
v 0.00140747 0.00462313 0.02119030
v 0.00103146 0.00446761 0.02119030
v 0.00066964 0.00428146 0.02119030
v 0.00032429 0.00406617 0.02119030
v -0.00000200 0.00382301 0.02119030
v -0.00030711 0.00355387 0.02119030
v -0.00058895 0.00326035 0.02119030
v -0.00084554 0.00294457 0.02119030
v -0.00107524 0.00260873 0.02119030
v -0.00127644 0.00225505 0.02119030
v -0.00144769 0.00188587 0.02119030
v -0.00158790 0.00150390 0.02119030
v -0.00169611 0.00111165 0.02119030
v -0.00177147 0.00071186 0.02119030
v -0.00181356 0.00030710 0.02119030
v -0.00182216 -0.00009975 0.02119030
v -0.00179713 -0.00050590 0.02119030
v -0.00173860 -0.00090856 0.02119030
v -0.00164709 -0.00130507 0.02119030
v -0.00152308 -0.00169252 0.02119030
v -0.00136756 -0.00206853 0.02119030
v -0.00118148 -0.00243045 0.02119030
v -0.00096612 -0.00277570 0.02119030
v -0.00072306 -0.00310192 0.02119030
v -0.00045382 -0.00340710 0.02119030
v -0.00016030 -0.00368894 0.02119030
v 0.00015548 -0.00394553 0.02119030
v 0.00049132 -0.00417523 0.02119030
v 0.00084499 -0.00437643 0.02119030
v 0.00121407 -0.00454761 0.02119030
v 0.00050462 0.00421506 0.02519037
v -0.00017032 0.00371575 0.02519037
v 0.00059997 0.00349997 0.02519037
v -0.00177882 -0.00083649 0.02519037
v -0.00156729 -0.00164907 0.02519037
v 0.00060001 -0.00129999 0.02519037
v 0.00560003 0.00349995 0.02519037
v 0.00560003 0.00130005 0.02519037
v 0.00667368 0.00342515 0.02519037
v 0.00789030 0.00124729 0.02519037
v 0.00761056 0.00203889 0.02519037
v 0.00720113 0.00277181 0.02519037
v 0.00560000 -0.00350002 0.02519037
v 0.00604343 -0.00397981 0.02519037
v 0.00559997 -0.00129995 0.02519037
v 0.00667370 -0.00342512 0.02519037
v 0.00720116 -0.00277184 0.02519037
v 0.00761059 -0.00203892 0.02519037
v 0.00789025 -0.00124733 0.02519037
v 0.00050465 -0.00421505 0.02519037
v 0.00125437 -0.00459303 0.02519037
v 0.00059994 -0.00350000 0.02519037
v 0.00205713 -0.00483893 0.02519037
v 0.00288989 -0.00494559 0.02519037
v 0.00060006 0.00130000 0.02519037
v -0.00122139 0.00241408 0.02519037
v -0.00156732 0.00164902 0.02519037
v -0.00177882 0.00083653 0.02519037
v -0.00184995 0.00000002 0.02519037
v 0.00604341 0.00397981 0.02519037
v 0.00532853 0.00441998 0.02519037
v 0.00803214 -0.00041984 0.02519037
v 0.00803213 0.00041975 0.02519037
v -0.00122147 -0.00241409 0.02519037
v -0.00075126 -0.00310970 0.02519037
v -0.00017030 -0.00371583 0.02519037
v 0.00372874 -0.00490990 0.02519037
v 0.00454951 -0.00473302 0.02519037
v 0.00532850 -0.00441998 0.02519037
v -0.00075123 0.00310969 0.02519037
v 0.00454948 0.00473308 0.02519037
v 0.00372878 0.00490990 0.02519037
v 0.00288999 0.00494553 0.02519037
v 0.00205710 0.00483894 0.02519037
v 0.00125437 0.00459309 0.02519037
v 0.00434996 0.00130002 0.02799036
v 0.00435000 0.00249994 0.02799036
v 0.00428228 0.00129993 0.02758445
v 0.00428229 0.00250002 0.02758445
v 0.00408648 0.00129998 0.02722253
v 0.00408643 0.00249996 0.02722253
v 0.00378372 0.00130002 0.02694382
v 0.00378367 0.00250001 0.02694382
v 0.00340684 0.00130000 0.02677859
v 0.00340679 0.00249999 0.02677859
v 0.00299679 0.00129998 0.02674462
v 0.00299674 0.00249997 0.02674462
v 0.00259782 0.00130000 0.02684559
v 0.00259794 0.00250001 0.02684559
v 0.00225341 0.00130000 0.02707066
v 0.00225335 0.00249999 0.02707066
v 0.00200067 0.00129993 0.02739538
v 0.00200069 0.00250001 0.02739538
v 0.00186707 0.00130001 0.02778460
v 0.00186702 0.00250000 0.02778460
v 0.00186707 0.00130001 0.02819611
v 0.00186702 0.00250000 0.02819611
v 0.00200067 0.00129993 0.02858521
v 0.00200069 0.00250001 0.02858521
v 0.00225341 0.00130000 0.02890994
v 0.00225335 0.00249999 0.02890994
v 0.00259782 0.00130000 0.02913500
v 0.00259794 0.00250001 0.02913500
v 0.00299679 0.00129998 0.02923609
v 0.00299674 0.00249997 0.02923609
v 0.00340684 0.00130000 0.02920212
v 0.00340679 0.00249999 0.02920212
v 0.00378372 0.00130002 0.02903678
v 0.00378367 0.00250001 0.02903678
v 0.00408648 0.00129998 0.02875806
v 0.00408643 0.00249996 0.02875806
v 0.00428228 0.00129993 0.02839614
v 0.00428229 0.00250002 0.02839614
v 0.00435001 -0.00150004 0.02799036
v 0.00435000 -0.00130004 0.02799036
v 0.00428230 -0.00149996 0.02758445
v 0.00428229 -0.00129996 0.02758445
v 0.00408643 -0.00150002 0.02722253
v 0.00408642 -0.00130002 0.02722253
v 0.00378367 -0.00149997 0.02694382
v 0.00378367 -0.00129997 0.02694382
v 0.00340689 -0.00150006 0.02677859
v 0.00340688 -0.00130006 0.02677859
v 0.00299674 -0.00150001 0.02674462
v 0.00299674 -0.00130001 0.02674462
v 0.00259787 -0.00150007 0.02684559
v 0.00259793 -0.00129997 0.02684559
v 0.00225336 -0.00149999 0.02707066
v 0.00225335 -0.00129999 0.02707066
v 0.00200069 -0.00149997 0.02739538
v 0.00200068 -0.00129997 0.02739538
v 0.00186702 -0.00149998 0.02778460
v 0.00186701 -0.00129999 0.02778460
v 0.00185003 -0.00150006 0.02799036
v 0.00185002 -0.00130007 0.02799036
v 0.00186702 -0.00149998 0.02819611
v 0.00186701 -0.00129999 0.02819611
v 0.00200069 -0.00149997 0.02858521
v 0.00200068 -0.00129997 0.02858521
v 0.00225336 -0.00149999 0.02890994
v 0.00225335 -0.00129999 0.02890994
v 0.00259787 -0.00150007 0.02913500
v 0.00259793 -0.00129997 0.02913500
v 0.00299674 -0.00150001 0.02923609
v 0.00299674 -0.00130001 0.02923609
v 0.00340689 -0.00150006 0.02920212
v 0.00340688 -0.00130006 0.02920212
v 0.00378367 -0.00149997 0.02903678
v 0.00378367 -0.00129997 0.02903678
v 0.00408643 -0.00150002 0.02875806
v 0.00408642 -0.00130002 0.02875806
v 0.00428230 -0.00149996 0.02839614
v 0.00428229 -0.00129996 0.02839614
v 0.00560003 0.00349995 0.02769031
v 0.00560003 0.00130005 0.02769031
v 0.00060006 0.00130000 0.02769031
v 0.00059997 0.00349997 0.02769031
v 0.00060001 -0.00129999 0.02769031
v 0.00059994 -0.00350000 0.02769031
v 0.00358859 -0.00350003 0.02760066
v 0.00370937 -0.00349998 0.02785124
v 0.00560000 -0.00350002 0.02769031
v 0.00372501 -0.00349999 0.02799036
v 0.00553733 -0.00350002 0.02824666
v 0.00370937 -0.00349998 0.02812935
v 0.00535244 -0.00349998 0.02877499
v 0.00358859 -0.00350003 0.02838005
v 0.00337123 -0.00350002 0.02742721
v 0.00310002 -0.00350004 0.02736534
v 0.00254374 -0.00349997 0.03012766
v 0.00282880 -0.00350006 0.02855338
v 0.00310002 -0.00350004 0.02861537
v 0.00337123 -0.00350002 0.02855338
v 0.00365637 -0.00350001 0.03012766
v 0.00310002 -0.00350004 0.03019036
v 0.00505456 -0.00350005 0.02924909
v 0.00465872 -0.00349998 0.02964486
v 0.00418471 -0.00350000 0.02994277
v 0.00201523 -0.00350002 0.02994277
v 0.00154134 -0.00349997 0.02964486
v 0.00261135 -0.00349998 0.02838005
v 0.00114547 -0.00350003 0.02924909
v 0.00249074 -0.00350000 0.02812935
v 0.00282880 -0.00350006 0.02742721
v 0.00261135 -0.00349998 0.02760066
v 0.00249074 -0.00350000 0.02785124
v 0.00066266 -0.00350003 0.02824666
v 0.00084761 -0.00349997 0.02877499
v 0.00559997 -0.00129995 0.02769031
v 0.00170348 0.00350003 0.02731778
v 0.00196378 0.00350005 0.02693607
v 0.00156732 0.00349995 0.02775933
v 0.00156732 0.00349995 0.02822138
v 0.00066269 0.00349994 0.02824666
v 0.00170348 0.00350003 0.02866282
v 0.00406645 0.00349998 0.02920212
v 0.00465870 0.00350003 0.02964486
v 0.00438071 0.00349996 0.02886344
v 0.00505460 0.00349992 0.02924909
v 0.00458114 0.00349997 0.02844717
v 0.00535243 0.00350003 0.02877499
v 0.00465004 0.00349996 0.02799036
v 0.00553731 0.00349998 0.02824666
v 0.00458114 0.00349997 0.02753343
v 0.00438071 0.00349996 0.02711715
v 0.00406645 0.00349998 0.02677847
v 0.00366629 0.00349993 0.02654745
v 0.00084764 0.00350000 0.02877499
v 0.00114541 0.00350000 0.02924909
v 0.00196378 0.00350005 0.02904464
v 0.00154127 0.00350007 0.02964486
v 0.00232496 0.00349998 0.02933265
v 0.00201526 0.00349995 0.02994277
v 0.00275511 0.00350001 0.02950145
v 0.00254377 0.00350000 0.03012766
v 0.00321584 0.00350003 0.02953602
v 0.00309995 0.00350000 0.03019036
v 0.00366629 0.00349993 0.02943315
v 0.00365630 0.00350003 0.03012766
v 0.00418475 0.00349998 0.02994277
v 0.00232496 0.00349998 0.02664794
v 0.00275511 0.00350001 0.02647914
v 0.00321584 0.00350003 0.02644469
v 0.00553724 0.00129998 0.02824666
v 0.00535245 0.00129996 0.02877499
v 0.00254370 0.00130000 0.03012766
v 0.00201535 0.00129998 0.02994277
v 0.00154130 0.00130000 0.02964486
v 0.00505459 0.00130002 0.02924909
v 0.00465873 0.00129996 0.02964486
v 0.00418467 0.00129997 0.02994277
v 0.00365633 0.00129996 0.03012766
v 0.00310005 0.00130003 0.03019036
v 0.00066269 0.00130004 0.02824666
v 0.00084757 0.00130000 0.02877499
v 0.00114544 0.00129993 0.02924909
v 0.00154124 -0.00130000 0.02964486
v 0.00114545 -0.00129997 0.02924909
v 0.00084752 -0.00130000 0.02877499
v 0.00066273 -0.00130002 0.02824666
v 0.00201530 -0.00130002 0.02994277
v 0.00254364 -0.00130000 0.03012766
v 0.00309999 -0.00129997 0.03019036
v 0.00365627 -0.00130004 0.03012766
v 0.00553735 -0.00129998 0.02824666
v 0.00535240 -0.00130004 0.02877499
v 0.00505454 -0.00129998 0.02924909
v 0.00465867 -0.00130004 0.02964486
v 0.00418478 -0.00129999 0.02994277
v 0.00310000 -0.00149997 0.02719034
v 0.00327801 -0.00149999 0.02721037
v 0.00387999 -0.00150000 0.02781226
v 0.00389999 -0.00149993 0.02799036
v 0.00260121 -0.00150001 0.02736486
v 0.00275284 -0.00149998 0.02726950
v 0.00292199 -0.00149995 0.02721037
v 0.00344709 -0.00150005 0.02871110
v 0.00327801 -0.00149999 0.02877022
v 0.00344709 -0.00150005 0.02726950
v 0.00359872 -0.00150003 0.02736486
v 0.00372552 -0.00149999 0.02749158
v 0.00382080 -0.00150005 0.02764322
v 0.00310000 -0.00149997 0.02879037
v 0.00292199 -0.00149995 0.02877022
v 0.00275284 -0.00149998 0.02871110
v 0.00260121 -0.00150001 0.02861585
v 0.00247458 -0.00150001 0.02848913
v 0.00237923 -0.00150005 0.02833737
v 0.00232011 -0.00150000 0.02816834
v 0.00230001 -0.00150000 0.02799036
v 0.00232011 -0.00150000 0.02781226
v 0.00237923 -0.00150005 0.02764322
v 0.00247458 -0.00150001 0.02749158
v 0.00387999 -0.00150000 0.02816834
v 0.00382080 -0.00150005 0.02833737
v 0.00372552 -0.00149999 0.02848913
v 0.00359872 -0.00150003 0.02861585
v 0.00323908 -0.00167500 0.02859963
v 0.00337120 -0.00167495 0.02855338
v 0.00348977 -0.00167499 0.02847899
v 0.00358866 -0.00167503 0.02838005
v 0.00366305 -0.00167500 0.02826156
v 0.00370927 -0.00167501 0.02812935
v 0.00372507 -0.00167499 0.02799036
v 0.00370927 -0.00167501 0.02785124
v 0.00366305 -0.00167500 0.02771915
v 0.00358866 -0.00167503 0.02760066
v 0.00348977 -0.00167499 0.02750172
v 0.00337120 -0.00167495 0.02742721
v 0.00323908 -0.00167500 0.02738096
v 0.00309999 -0.00167497 0.02736534
v 0.00296099 -0.00167500 0.02738096
v 0.00282877 -0.00167499 0.02742721
v 0.00271031 -0.00167502 0.02750172
v 0.00261142 -0.00167498 0.02760066
v 0.00253686 -0.00167504 0.02771915
v 0.00249064 -0.00167503 0.02785124
v 0.00247500 -0.00167502 0.02799036
v 0.00249064 -0.00167503 0.02812935
v 0.00253686 -0.00167504 0.02826156
v 0.00261142 -0.00167498 0.02838005
v 0.00271031 -0.00167502 0.02847899
v 0.00282877 -0.00167499 0.02855338
v 0.00296099 -0.00167500 0.02859963
v 0.00309999 -0.00167497 0.02861537
v 0.00275515 0.00250002 0.02647914
v 0.00232500 0.00250000 0.02664794
v 0.00196376 0.00249996 0.02693607
v 0.00170352 0.00250004 0.02731778
v 0.00156737 0.00249997 0.02775933
v 0.00156737 0.00249997 0.02822138
v 0.00170352 0.00250004 0.02866282
v 0.00196376 0.00249996 0.02904464
v 0.00232500 0.00250000 0.02933265
v 0.00275515 0.00250002 0.02950145
v 0.00321581 0.00249995 0.02953602
v 0.00366623 0.00250001 0.02943315
v 0.00406639 0.00250006 0.02920212
v 0.00438065 0.00250004 0.02886344
v 0.00458118 0.00249998 0.02844717
v 0.00464998 0.00250004 0.02799036
v 0.00458118 0.00249998 0.02753343
v 0.00438065 0.00250004 0.02711715
v 0.00406639 0.00250006 0.02677847
v 0.00366623 0.00250001 0.02654745
v 0.00321581 0.00249995 0.02644469
v -0.00184995 0.00000002 0.02419032
v -0.00177882 0.00083653 0.02419032
v -0.00156732 0.00164902 0.02419032
v -0.00122139 0.00241408 0.02419032
v -0.00075123 0.00310969 0.02419032
v -0.00017032 0.00371575 0.02419032
v 0.00050462 0.00421506 0.02419032
v 0.00125437 0.00459309 0.02419032
v 0.00205710 0.00483894 0.02419032
v 0.00288999 0.00494553 0.02419032
v 0.00372878 0.00490990 0.02419032
v 0.00454948 0.00473308 0.02419032
v 0.00532853 0.00441998 0.02419032
v 0.00604341 0.00397981 0.02419032
v 0.00667368 0.00342515 0.02419032
v 0.00720113 0.00277181 0.02419032
v 0.00761056 0.00203889 0.02419032
v 0.00789030 0.00124729 0.02419032
v 0.00803213 0.00041975 0.02419032
v 0.00803214 -0.00041984 0.02419032
v 0.00789025 -0.00124733 0.02419032
v 0.00761059 -0.00203892 0.02419032
v 0.00720116 -0.00277184 0.02419032
v 0.00667370 -0.00342512 0.02419032
v 0.00604343 -0.00397981 0.02419032
v 0.00532850 -0.00441998 0.02419032
v 0.00454951 -0.00473302 0.02419032
v 0.00372874 -0.00490990 0.02419032
v 0.00288989 -0.00494559 0.02419032
v 0.00205713 -0.00483893 0.02419032
v 0.00125437 -0.00459303 0.02419032
v 0.00050465 -0.00421505 0.02419032
v -0.00017030 -0.00371583 0.02419032
v -0.00075126 -0.00310970 0.02419032
v -0.00122147 -0.00241409 0.02419032
v -0.00156729 -0.00164907 0.02419032
v -0.00177882 -0.00083649 0.02419032
v 0.00310002 0.00000003 0.02419032
v 0.00721013 -0.00275848 0.02129032
v 0.00670004 -0.00339743 0.02419032
v 0.00670004 -0.00339743 0.02129032
v 0.00609176 -0.00394362 0.02419032
v 0.00609176 -0.00394362 0.02129032
v 0.00540187 -0.00438221 0.02419032
v 0.00540187 -0.00438221 0.02129032
v 0.00464913 -0.00470139 0.02419032
v 0.00464913 -0.00470139 0.02129032
v 0.00385420 -0.00489217 0.02419032
v 0.00385420 -0.00489217 0.02129032
v 0.00303869 -0.00494956 0.02419032
v 0.00303869 -0.00494956 0.02129032
v 0.00222483 -0.00487208 0.02419032
v 0.00222483 -0.00487208 0.02129032
v 0.00143485 -0.00466147 0.02419032
v 0.00143485 -0.00466147 0.02129032
v 0.00069032 -0.00432387 0.02419032
v 0.00069032 -0.00432387 0.02129032
v 0.00001150 -0.00386828 0.02419032
v 0.00001150 -0.00386828 0.02129032
v -0.00058302 -0.00330718 0.02419032
v -0.00058302 -0.00330718 0.02129032
v -0.00107724 -0.00265590 0.02419032
v -0.00107724 -0.00265590 0.02129032
v -0.00145730 -0.00193206 0.02419032
v -0.00145730 -0.00193206 0.02129032
v -0.00171318 -0.00115562 0.02419032
v -0.00171318 -0.00115562 0.02129032
v -0.00183781 -0.00034767 0.02419032
v -0.00183781 -0.00034767 0.02129032
v -0.00182764 0.00046988 0.02419032
v -0.00182764 0.00046988 0.02129032
v -0.00168314 0.00127451 0.02419032
v -0.00168314 0.00127451 0.02129032
v -0.00140808 0.00204435 0.02419032
v -0.00140808 0.00204435 0.02129032
v -0.00101014 0.00275857 0.02419032
v -0.00101014 0.00275857 0.02129032
v -0.00050002 0.00339735 0.02419032
v -0.00050002 0.00339735 0.02129032
v 0.00010821 0.00394358 0.02419032
v 0.00010821 0.00394358 0.02129032
v 0.00079817 0.00438227 0.02419032
v 0.00079817 0.00438227 0.02129032
v 0.00155084 0.00470134 0.02419032
v 0.00155084 0.00470134 0.02129032
v 0.00234584 0.00489223 0.02419032
v 0.00234584 0.00489223 0.02129032
v 0.00316135 0.00494961 0.02419032
v 0.00316135 0.00494961 0.02129032
v 0.00397515 0.00487204 0.02419032
v 0.00397515 0.00487204 0.02129032
v 0.00476519 0.00466153 0.02419032
v 0.00476519 0.00466153 0.02129032
v 0.00550965 0.00432383 0.02419032
v 0.00550965 0.00432383 0.02129032
v 0.00618847 0.00386824 0.02419032
v 0.00618847 0.00386824 0.02129032
v 0.00678306 0.00330723 0.02419032
v 0.00678306 0.00330723 0.02129032
v 0.00727721 0.00265585 0.02419032
v 0.00727721 0.00265585 0.02129032
v 0.00765734 0.00193212 0.02419032
v 0.00765734 0.00193212 0.02129032
v 0.00791322 0.00115567 0.02419032
v 0.00791322 0.00115567 0.02129032
v 0.00803778 0.00034763 0.02419032
v 0.00803778 0.00034763 0.02129032
v 0.00802767 -0.00046982 0.02419032
v 0.00802767 -0.00046982 0.02129032
v 0.00788311 -0.00127455 0.02419032
v 0.00788311 -0.00127455 0.02129032
v 0.00760810 -0.00204443 0.02419032
v 0.00760810 -0.00204443 0.02129032
v 0.00721013 -0.00275848 0.02419032
v 0.00670004 -0.00339743 0.01209034
v 0.00670004 -0.00339743 0.00919034
v 0.00609176 -0.00394362 0.01209034
v 0.00609176 -0.00394362 0.00919034
v 0.00540187 -0.00438221 0.01209034
v 0.00540187 -0.00438221 0.00919034
v 0.00464913 -0.00470139 0.01209034
v 0.00464913 -0.00470139 0.00919034
v 0.00385420 -0.00489217 0.01209034
v 0.00385420 -0.00489217 0.00919034
v 0.00303869 -0.00494956 0.01209034
v 0.00303869 -0.00494956 0.00919034
v 0.00222483 -0.00487208 0.01209034
v 0.00222483 -0.00487208 0.00919034
v 0.00143485 -0.00466147 0.01209034
v 0.00143485 -0.00466147 0.00919034
v 0.00069032 -0.00432387 0.01209034
v 0.00069032 -0.00432387 0.00919034
v 0.00001150 -0.00386828 0.01209034
v 0.00001150 -0.00386828 0.00919034
v -0.00058302 -0.00330718 0.01209034
v -0.00058302 -0.00330718 0.00919034
v -0.00107724 -0.00265590 0.01209034
v -0.00107724 -0.00265590 0.00919034
v -0.00145730 -0.00193206 0.01209034
v -0.00145730 -0.00193206 0.00919034
v -0.00171318 -0.00115562 0.01209034
v -0.00171318 -0.00115562 0.00919034
v -0.00183781 -0.00034767 0.01209034
v -0.00183781 -0.00034767 0.00919034
v -0.00182764 0.00046988 0.01209034
v -0.00182764 0.00046988 0.00919034
v -0.00168314 0.00127451 0.01209034
v -0.00168314 0.00127451 0.00919034
v -0.00140808 0.00204435 0.01209034
v -0.00140808 0.00204435 0.00919034
v -0.00101014 0.00275857 0.01209034
v -0.00050002 0.00339735 0.01209034
v -0.00050002 0.00339735 0.00919034
v 0.00010821 0.00394358 0.01209034
v 0.00010821 0.00394358 0.00919034
v 0.00079817 0.00438227 0.01209034
v 0.00079817 0.00438227 0.00919034
v 0.00155084 0.00470134 0.01209034
v 0.00155084 0.00470134 0.00919034
v 0.00234584 0.00489223 0.01209034
v 0.00234584 0.00489223 0.00919034
v 0.00316135 0.00494961 0.01209034
v 0.00316135 0.00494961 0.00919034
v 0.00397515 0.00487204 0.01209034
v 0.00397515 0.00487204 0.00919034
v 0.00476519 0.00466153 0.01209034
v 0.00476519 0.00466153 0.00919034
v 0.00550965 0.00432383 0.01209034
v 0.00550965 0.00432383 0.00919034
v 0.00618847 0.00386824 0.01209034
v 0.00618847 0.00386824 0.00919034
v 0.00678306 0.00330723 0.01209034
v 0.00678306 0.00330723 0.00919034
v 0.00727721 0.00265585 0.01209034
v 0.00727721 0.00265585 0.00919034
v 0.00765734 0.00193212 0.01209034
v 0.00765734 0.00193212 0.00919034
v 0.00791322 0.00115567 0.01209034
v 0.00791322 0.00115567 0.00919034
v 0.00803778 0.00034763 0.01209034
v 0.00803778 0.00034763 0.00919034
v 0.00802767 -0.00046982 0.01209034
v 0.00802767 -0.00046982 0.00919034
v 0.00788311 -0.00127455 0.01209034
v 0.00788311 -0.00127455 0.00919034
v 0.00760810 -0.00204443 0.01209034
v 0.00760810 -0.00204443 0.00919034
v 0.00721013 -0.00275848 0.01209034
v 0.00310002 0.00000003 0.00919034
v 0.00097807 -0.00100000 0.03126865
v 0.00097807 -0.00270000 0.03126865
v 0.00167736 -0.00110000 0.03705396
v 0.00211807 -0.00270000 0.04070000
v 0.00211807 -0.00110000 0.04070000
v 0.00211807 0.00110000 0.04070000
v 0.00211807 0.00270000 0.04070000
v 0.00167736 0.00110000 0.03705396
v 0.00097807 0.00270000 0.03126865
v 0.00097807 0.00100000 0.03126865
v 0.00061807 0.00100000 0.02829033
v 0.00061807 -0.00100000 0.02829033
v 0.00594194 0.00100000 0.03066865
v 0.00594194 0.00270000 0.03066865
v 0.00664123 0.00110000 0.03645396
v 0.00708194 0.00270000 0.04010000
v 0.00708194 0.00110000 0.04010000
v 0.00594194 -0.00100000 0.03066865
v 0.00558194 -0.00100000 0.02769033
v 0.00558194 0.00100000 0.02769033
v 0.00594194 -0.00270000 0.03066865
v 0.00664123 -0.00110000 0.03645396
v 0.00708194 -0.00270000 0.04010000
v 0.00708194 -0.00110000 0.04010000
v 0.00486634 -0.00300000 0.03969888
v 0.00451000 -0.00300000 0.03965542
v 0.00564411 -0.00300000 0.03070465
v 0.00127590 -0.00300000 0.03123265
v 0.00428972 -0.00300000 0.04257801
v 0.00373658 -0.00300000 0.04242349
v 0.00450920 -0.00300000 0.04114448
v 0.00417362 -0.00300000 0.04101701
v 0.00486400 -0.00300000 0.04258410
v 0.00486558 -0.00300000 0.04110141
v 0.00542030 -0.00300000 0.04244135
v 0.00417429 -0.00300000 0.03978253
v 0.00393610 -0.00300000 0.04005110
v 0.00241590 -0.00300000 0.04066400
v 0.00385000 -0.00300000 0.04039959
v 0.00255865 -0.00300000 0.04122029
v 0.00393572 -0.00300000 0.04074818
v 0.00284052 -0.00300000 0.04172068
v 0.00324229 -0.00300000 0.04213107
v 0.00592069 -0.00300000 0.04215949
v 0.00516112 -0.00300000 0.04089765
v 0.00633107 -0.00300000 0.04175772
v 0.00662349 -0.00300000 0.04126342
v 0.00532811 -0.00300000 0.04057988
v 0.00677801 -0.00300000 0.04071028
v 0.00678411 -0.00300000 0.04013600
v 0.00532831 -0.00300000 0.04022091
v 0.00516166 -0.00300000 0.03990296
v 0.00373658 0.00300000 0.04242349
v 0.00428972 0.00300000 0.04257801
v 0.00437434 0.00300000 0.04092887
v 0.00466900 0.00300000 0.04097084
v 0.00324229 0.00300000 0.04213107
v 0.00414014 0.00300000 0.04074518
v 0.00284052 0.00300000 0.04172068
v 0.00486400 0.00300000 0.04258410
v 0.00542030 0.00300000 0.04244135
v 0.00494518 0.00300000 0.04085987
v 0.00255865 0.00300000 0.04122029
v 0.00402916 0.00300000 0.04046900
v 0.00241590 0.00300000 0.04066400
v 0.00407114 0.00300000 0.04017433
v 0.00127590 0.00300000 0.03123265
v 0.00425483 0.00300000 0.03994013
v 0.00564411 0.00300000 0.03070465
v 0.00592069 0.00300000 0.04215949
v 0.00633107 0.00300000 0.04175772
v 0.00512887 0.00300000 0.04062567
v 0.00453100 0.00300000 0.03982915
v 0.00482567 0.00300000 0.03987113
v 0.00678411 0.00300000 0.04013600
v 0.00662349 0.00300000 0.04126342
v 0.00677801 0.00300000 0.04071028
v 0.00517085 0.00300000 0.04033100
v 0.00505987 0.00300000 0.04005482
v 0.00269957 -0.00110000 0.03801079
v 0.00312918 -0.00110000 0.03795886
v 0.00269957 0.00110000 0.03801079
v 0.00312918 0.00110000 0.03795886
v 0.00587644 0.00110000 0.03762679
v 0.00544683 0.00110000 0.03767871
v 0.00587644 -0.00110000 0.03762679
v 0.00544683 -0.00110000 0.03767871
v 0.00228028 0.00110000 0.04133215
v 0.00228028 0.00270000 0.04133215
v 0.00260059 0.00110000 0.04190077
v 0.00260059 0.00270000 0.04190077
v 0.00305714 0.00110000 0.04236712
v 0.00305714 0.00270000 0.04236712
v 0.00361884 0.00110000 0.04269942
v 0.00361884 0.00270000 0.04269942
v 0.00424741 0.00110000 0.04287501
v 0.00424741 0.00270000 0.04287501
v 0.00490000 0.00110000 0.04288194
v 0.00490000 0.00270000 0.04288194
v 0.00553215 0.00110000 0.04271972
v 0.00553215 0.00270000 0.04271972
v 0.00610078 0.00110000 0.04239942
v 0.00610078 0.00270000 0.04239942
v 0.00656713 0.00110000 0.04194286
v 0.00656713 0.00270000 0.04194286
v 0.00689942 0.00110000 0.04138116
v 0.00689942 0.00270000 0.04138116
v 0.00707501 0.00110000 0.04075259
v 0.00707501 0.00270000 0.04075259
v 0.00362576 -0.00100000 0.02685627
v 0.00464286 -0.00100000 0.02602320
v 0.00399992 -0.00100000 0.02712277
v 0.00509942 -0.00100000 0.02648955
v 0.00425255 -0.00100000 0.02750644
v 0.00541972 -0.00100000 0.02705818
v 0.00434952 -0.00100000 0.02795547
v 0.00427773 -0.00100000 0.02840920
v 0.00404689 -0.00100000 0.02880636
v 0.00272453 -0.00100000 0.02679805
v 0.00280000 -0.00100000 0.02550839
v 0.00318059 -0.00100000 0.02674293
v 0.00345260 -0.00100000 0.02551532
v 0.00408116 -0.00100000 0.02569091
v 0.00201930 -0.00100000 0.02736218
v 0.00186536 -0.00100000 0.02779499
v 0.00062499 -0.00100000 0.02763773
v 0.00187817 -0.00100000 0.02825419
v 0.00205600 -0.00100000 0.02867775
v 0.00237482 -0.00100000 0.02900847
v 0.00080059 -0.00100000 0.02700917
v 0.00113288 -0.00100000 0.02644747
v 0.00231919 -0.00100000 0.02701420
v 0.00159923 -0.00100000 0.02599091
v 0.00216785 -0.00100000 0.02567061
v 0.00279159 -0.00100000 0.02920168
v 0.00325000 -0.00100000 0.02923129
v 0.00368816 -0.00100000 0.02909331
v 0.00541972 0.00100000 0.02705818
v 0.00509942 0.00100000 0.02648955
v 0.00464286 0.00100000 0.02602320
v 0.00408116 0.00100000 0.02569091
v 0.00345260 0.00100000 0.02551532
v 0.00280000 0.00100000 0.02550839
v 0.00216785 0.00100000 0.02567061
v 0.00159923 0.00100000 0.02599091
v 0.00113288 0.00100000 0.02644747
v 0.00080059 0.00100000 0.02700917
v 0.00062499 0.00100000 0.02763773
v 0.00228028 -0.00270000 0.04133215
v 0.00228028 -0.00110000 0.04133215
v 0.00260059 -0.00270000 0.04190077
v 0.00260059 -0.00110000 0.04190077
v 0.00305714 -0.00270000 0.04236712
v 0.00305714 -0.00110000 0.04236712
v 0.00361884 -0.00270000 0.04269942
v 0.00361884 -0.00110000 0.04269942
v 0.00424741 -0.00270000 0.04287501
v 0.00424741 -0.00110000 0.04287501
v 0.00490000 -0.00270000 0.04288194
v 0.00490000 -0.00110000 0.04288194
v 0.00553215 -0.00270000 0.04271972
v 0.00553215 -0.00110000 0.04271972
v 0.00610078 -0.00270000 0.04239942
v 0.00610078 -0.00110000 0.04239942
v 0.00656713 -0.00270000 0.04194286
v 0.00656713 -0.00110000 0.04194286
v 0.00689942 -0.00270000 0.04138116
v 0.00689942 -0.00110000 0.04138116
v 0.00707501 -0.00270000 0.04075259
v 0.00707501 -0.00110000 0.04075259
v 0.00279159 0.00100000 0.02920168
v 0.00237482 0.00100000 0.02900847
v 0.00205600 0.00100000 0.02867775
v 0.00187817 0.00100000 0.02825419
v 0.00186536 0.00100000 0.02779499
v 0.00201930 0.00100000 0.02736218
v 0.00231919 0.00100000 0.02701420
v 0.00427773 0.00100000 0.02840920
v 0.00404689 0.00100000 0.02880636
v 0.00368816 0.00100000 0.02909331
v 0.00325000 0.00100000 0.02923129
v 0.00318059 0.00100000 0.02674293
v 0.00272453 0.00100000 0.02679805
v 0.00434952 0.00100000 0.02795547
v 0.00425255 0.00100000 0.02750644
v 0.00399992 0.00100000 0.02712277
v 0.00362576 0.00100000 0.02685627
v 0.00493017 0.00110000 0.04083987
v 0.00466600 0.00110000 0.04094603
v 0.00514603 0.00110000 0.04033400
v 0.00503988 0.00110000 0.04006983
v 0.00481586 0.00110000 0.03989413
v 0.00367303 0.00110000 0.03770496
v 0.00453400 0.00110000 0.03985398
v 0.00426983 0.00110000 0.03996013
v 0.00510588 0.00110000 0.04061586
v 0.00416013 0.00110000 0.04073017
v 0.00405398 0.00110000 0.04046600
v 0.00409413 0.00110000 0.04018414
v 0.00438415 0.00110000 0.04090587
v 0.00425800 0.00110000 0.03757060
v 0.00485814 0.00110000 0.03756171
v 0.00486558 -0.00110000 0.04110141
v 0.00450920 -0.00110000 0.04114448
v 0.00516112 -0.00110000 0.04089765
v 0.00417362 -0.00110000 0.04101701
v 0.00393572 -0.00110000 0.04074818
v 0.00451000 -0.00110000 0.03965542
v 0.00367303 -0.00110000 0.03770496
v 0.00417429 -0.00110000 0.03978253
v 0.00393610 -0.00110000 0.04005110
v 0.00385000 -0.00110000 0.04039959
v 0.00486634 -0.00110000 0.03969888
v 0.00485814 -0.00110000 0.03756171
v 0.00425800 -0.00110000 0.03757060
v 0.00532811 -0.00110000 0.04057988
v 0.00532831 -0.00110000 0.04022091
v 0.00516166 -0.00110000 0.03990296
v 0.00466600 0.00297500 0.04094603
v 0.00493017 0.00297500 0.04083987
v 0.00510588 0.00297500 0.04061586
v 0.00514603 0.00297500 0.04033400
v 0.00503988 0.00297500 0.04006983
v 0.00481586 0.00297500 0.03989413
v 0.00453400 0.00297500 0.03985398
v 0.00426983 0.00297500 0.03996013
v 0.00409413 0.00297500 0.04018414
v 0.00405398 0.00297500 0.04046600
v 0.00416013 0.00297500 0.04073017
v 0.00438415 0.00297500 0.04090587
v -0.00150437 0.00241656 0.04049999
v -0.00168145 0.00250954 0.04049999
v -0.00194890 0.00124449 0.04049999
v -0.00214309 0.00129230 0.04049999
v -0.00209999 -0.00000005 0.04049999
v -0.00229997 -0.00000005 0.04049999
v -0.00194890 -0.00124448 0.04049999
v -0.00214309 -0.00129228 0.04049999
v -0.00150437 -0.00241654 0.04049999
v -0.00168145 -0.00250953 0.04049999
v -0.00079227 -0.00344830 0.04049999
v -0.00094194 -0.00358086 0.04049999
v 0.00014609 -0.00427955 0.04049999
v 0.00003248 -0.00444417 0.04049999
v 0.00125604 -0.00486212 0.04049999
v 0.00118512 -0.00504904 0.04049999
v 0.00247323 -0.00516205 0.04049999
v 0.00244909 -0.00536066 0.04049999
v 0.00372678 -0.00516205 0.04049999
v 0.00375092 -0.00536066 0.04049999
v 0.00494396 -0.00486212 0.04049999
v 0.00501489 -0.00504904 0.04049999
v 0.00605392 -0.00427955 0.04049999
v 0.00616759 -0.00444417 0.04049999
v 0.00699228 -0.00344830 0.04049999
v 0.00714194 -0.00358086 0.04049999
v 0.00770437 -0.00241654 0.04049999
v 0.00788146 -0.00250953 0.04049999
v 0.00814890 -0.00124448 0.04049999
v 0.00834310 -0.00129228 0.04049999
v 0.00830000 -0.00000005 0.04049999
v 0.00850004 -0.00000005 0.04049999
v 0.00814890 0.00124449 0.04049999
v 0.00834310 0.00129230 0.04049999
v 0.00770437 0.00241656 0.04049999
v 0.00788146 0.00250954 0.04049999
v 0.00699228 0.00344820 0.04049999
v 0.00714194 0.00358087 0.04049999
v 0.00605392 0.00427956 0.04049999
v 0.00616759 0.00444407 0.04049999
v 0.00494396 0.00486214 0.04049999
v 0.00501489 0.00504906 0.04049999
v 0.00372678 0.00516207 0.04049999
v 0.00375092 0.00536067 0.04049999
v 0.00247323 0.00516207 0.04049999
v 0.00244909 0.00536067 0.04049999
v 0.00125604 0.00486214 0.04049999
v 0.00118512 0.00504906 0.04049999
v 0.00014609 0.00427956 0.04049999
v 0.00003248 0.00444407 0.04049999
v -0.00079227 0.00344820 0.04049999
v -0.00094194 0.00358087 0.04049999
v 0.00770437 0.00241656 0.01050002
v 0.00788146 0.00250954 0.01050002
v 0.00814890 0.00124449 0.01050002
v 0.00834310 0.00129230 0.01050002
v 0.00830000 -0.00000005 0.01050002
v 0.00850004 -0.00000005 0.01050002
v 0.00814890 -0.00124448 0.01050002
v 0.00834310 -0.00129228 0.01050002
v 0.00770437 -0.00241654 0.01050002
v 0.00788146 -0.00250953 0.01050002
v 0.00699228 -0.00344830 0.01050002
v 0.00714194 -0.00358086 0.01050002
v 0.00605392 -0.00427955 0.01050002
v 0.00616759 -0.00444417 0.01050002
v 0.00494396 -0.00486212 0.01050002
v 0.00501489 -0.00504904 0.01050002
v 0.00372678 -0.00516205 0.01050002
v 0.00375092 -0.00536066 0.01050002
v 0.00247323 -0.00516205 0.01050002
v 0.00244909 -0.00536066 0.01050002
v 0.00125604 -0.00486212 0.01050002
v 0.00118512 -0.00504904 0.01050002
v 0.00014609 -0.00427955 0.01050002
v 0.00003248 -0.00444417 0.01050002
v -0.00079227 -0.00344830 0.01050002
v -0.00094194 -0.00358086 0.01050002
v -0.00150437 -0.00241654 0.01050002
v -0.00168145 -0.00250953 0.01050002
v -0.00194890 -0.00124448 0.01050002
v -0.00214309 -0.00129228 0.01050002
v -0.00209999 -0.00000005 0.01050002
v -0.00229997 -0.00000005 0.01050002
v -0.00194890 0.00124449 0.01050002
v -0.00214309 0.00129230 0.01050002
v -0.00150437 0.00241656 0.01050002
v -0.00168145 0.00250954 0.01050002
v -0.00079227 0.00344820 0.01050002
v -0.00094194 0.00358087 0.01050002
v 0.00014609 0.00427956 0.01050002
v 0.00003248 0.00444407 0.01050002
v 0.00125604 0.00486214 0.01050002
v 0.00118512 0.00504906 0.01050002
v 0.00247323 0.00516207 0.01050002
v 0.00244909 0.00536067 0.01050002
v 0.00372678 0.00516207 0.01050002
v 0.00375092 0.00536067 0.01050002
v 0.00494396 0.00486214 0.01050002
v 0.00501489 0.00504906 0.01050002
v 0.00605392 0.00427956 0.01050002
v 0.00616759 0.00444407 0.01050002
v 0.00699228 0.00344820 0.01050002
v 0.00714194 0.00358087 0.01050002
v 0.00788146 0.00250954 0.01332999
v 0.00817436 0.00184686 0.01332999
v 0.00817436 0.00184686 0.01400000
v 0.00817436 0.00184686 0.01683003
v 0.00817436 0.00184686 0.01749999
v 0.00834310 0.00129230 0.02550000
v 0.00788146 0.00250954 0.02383000
v 0.00817436 0.00184686 0.02383000
v 0.00817436 0.00184686 0.02100003
v 0.00817436 0.00184686 0.02033002
v 0.00788146 0.00250954 0.02033002
v 0.00714194 0.00358087 0.01332999
v 0.00616759 0.00444407 0.01332999
v 0.00501489 0.00504906 0.01332999
v 0.00375092 0.00536067 0.01332999
v 0.00244909 0.00536067 0.01332999
v 0.00118512 0.00504906 0.01332999
v 0.00003248 0.00444407 0.01332999
v -0.00094194 0.00358087 0.01332999
v -0.00168145 0.00250954 0.01332999
v -0.00168145 0.00250954 0.02450002
v -0.00197435 0.00184686 0.02450002
v -0.00214309 0.00129230 0.02550000
v -0.00197435 0.00184686 0.02383000
v -0.00197435 0.00184686 0.02100003
v -0.00197435 0.00184686 0.02033002
v -0.00197435 0.00184686 0.01683003
v -0.00197435 0.00184686 0.01749999
v -0.00168145 0.00250954 0.01749999
v -0.00197435 0.00184686 0.01332999
v -0.00197435 0.00184686 0.01400000
v -0.00168145 0.00250954 0.01400000
v -0.00168145 0.00250954 0.01683003
v -0.00094194 0.00358087 0.01683003
v -0.00094194 0.00358087 0.01400000
v 0.00003248 0.00444407 0.01683003
v 0.00003248 0.00444407 0.01400000
v 0.00118512 0.00504906 0.01683003
v 0.00118512 0.00504906 0.01400000
v 0.00244909 0.00536067 0.01683003
v 0.00244909 0.00536067 0.01400000
v 0.00375092 0.00536067 0.01683003
v 0.00375092 0.00536067 0.01400000
v 0.00501489 0.00504906 0.01683003
v 0.00501489 0.00504906 0.01400000
v 0.00616759 0.00444407 0.01683003
v 0.00616759 0.00444407 0.01400000
v 0.00714194 0.00358087 0.01683003
v 0.00714194 0.00358087 0.01400000
v 0.00788146 0.00250954 0.01683003
v 0.00788146 0.00250954 0.01400000
v -0.00168145 -0.00250953 0.01332999
v -0.00197435 -0.00184696 0.01332999
v -0.00197435 -0.00184696 0.01400000
v -0.00197435 -0.00184696 0.01683003
v -0.00197435 -0.00184696 0.01749999
v -0.00214309 -0.00129228 0.02550000
v -0.00168145 -0.00250953 0.02383000
v -0.00197435 -0.00184696 0.02383000
v -0.00197435 -0.00184696 0.02100003
v -0.00197435 -0.00184696 0.02033002
v -0.00168145 -0.00250953 0.02033002
v -0.00094194 -0.00358086 0.01332999
v 0.00003248 -0.00444417 0.01332999
v 0.00118512 -0.00504904 0.01332999
v 0.00244909 -0.00536066 0.01332999
v 0.00375092 -0.00536066 0.01332999
v 0.00501489 -0.00504904 0.01332999
v 0.00616759 -0.00444417 0.01332999
v 0.00714194 -0.00358086 0.01332999
v 0.00788146 -0.00250953 0.01332999
v 0.00788146 -0.00250953 0.02450002
v 0.00817436 -0.00184696 0.02450002
v 0.00834310 -0.00129228 0.02550000
v 0.00817436 -0.00184696 0.02383000
v 0.00817436 -0.00184696 0.02100003
v 0.00817436 -0.00184696 0.02033002
v 0.00817436 -0.00184696 0.01683003
v 0.00817436 -0.00184696 0.01749999
v 0.00788146 -0.00250953 0.01749999
v 0.00817436 -0.00184696 0.01332999
v 0.00817436 -0.00184696 0.01400000
v 0.00788146 -0.00250953 0.01400000
v 0.00788146 -0.00250953 0.01683003
v 0.00714194 -0.00358086 0.01683003
v 0.00714194 -0.00358086 0.01400000
v 0.00616759 -0.00444417 0.01683003
v 0.00616759 -0.00444417 0.01400000
v 0.00501489 -0.00504904 0.01683003
v 0.00501489 -0.00504904 0.01400000
v 0.00375092 -0.00536066 0.01683003
v 0.00375092 -0.00536066 0.01400000
v 0.00244909 -0.00536066 0.01683003
v 0.00244909 -0.00536066 0.01400000
v 0.00118512 -0.00504904 0.01683003
v 0.00118512 -0.00504904 0.01400000
v 0.00003248 -0.00444417 0.01683003
v 0.00003248 -0.00444417 0.01400000
v -0.00094194 -0.00358086 0.01683003
v -0.00094194 -0.00358086 0.01400000
v -0.00168145 -0.00250953 0.01683003
v -0.00168145 -0.00250953 0.01400000
v 0.00788146 0.00250954 0.02732999
v 0.00817436 0.00184686 0.02732999
v 0.00817436 0.00184686 0.02800006
v 0.00788146 0.00250954 0.03783006
v 0.00817436 0.00184686 0.03783006
v 0.00817436 0.00184686 0.03500003
v 0.00817436 0.00184686 0.03432995
v 0.00788146 0.00250954 0.03432995
v 0.00817436 0.00184686 0.03150005
v 0.00817436 0.00184686 0.03082997
v 0.00788146 0.00250954 0.03082997
v 0.00817436 0.00184686 0.03850001
v -0.00168145 0.00250954 0.03500003
v -0.00094194 0.00358087 0.03783006
v -0.00094194 0.00358087 0.03500003
v 0.00003248 0.00444407 0.03783006
v 0.00003248 0.00444407 0.03500003
v 0.00118512 0.00504906 0.03783006
v 0.00118512 0.00504906 0.03500003
v 0.00244909 0.00536067 0.03783006
v 0.00244909 0.00536067 0.03500003
v 0.00375092 0.00536067 0.03783006
v 0.00375092 0.00536067 0.03500003
v 0.00501489 0.00504906 0.03783006
v 0.00501489 0.00504906 0.03500003
v 0.00616759 0.00444407 0.03783006
v 0.00616759 0.00444407 0.03500003
v 0.00714194 0.00358087 0.03783006
v 0.00714194 0.00358087 0.03500003
v 0.00788146 0.00250954 0.03500003
v -0.00168145 0.00250954 0.03850001
v -0.00197435 0.00184686 0.03850001
v -0.00197435 0.00184686 0.03783006
v -0.00197435 0.00184686 0.03432995
v -0.00197435 0.00184686 0.03500003
v -0.00168145 0.00250954 0.03783006
v -0.00168145 0.00250954 0.02800006
v -0.00197435 0.00184686 0.02800006
v -0.00197435 0.00184686 0.03082997
v -0.00197435 0.00184686 0.03150005
v -0.00094194 0.00358087 0.03850001
v 0.00003248 0.00444407 0.03850001
v 0.00118512 0.00504906 0.03850001
v 0.00244909 0.00536067 0.03850001
v 0.00375092 0.00536067 0.03850001
v 0.00501489 0.00504906 0.03850001
v 0.00616759 0.00444407 0.03850001
v 0.00714194 0.00358087 0.03850001
v 0.00788146 0.00250954 0.03850001
v -0.00168145 0.00250954 0.03432995
v -0.00168145 0.00250954 0.03150005
v -0.00094194 0.00358087 0.03432995
v -0.00094194 0.00358087 0.03150005
v 0.00003248 0.00444407 0.03432995
v 0.00003248 0.00444407 0.03150005
v 0.00118512 0.00504906 0.03432995
v 0.00118512 0.00504906 0.03150005
v 0.00244909 0.00536067 0.03432995
v 0.00244909 0.00536067 0.03150005
v 0.00375092 0.00536067 0.03432995
v 0.00375092 0.00536067 0.03150005
v 0.00501489 0.00504906 0.03432995
v 0.00501489 0.00504906 0.03150005
v 0.00616759 0.00444407 0.03432995
v 0.00616759 0.00444407 0.03150005
v 0.00714194 0.00358087 0.03432995
v 0.00714194 0.00358087 0.03150005
v 0.00788146 0.00250954 0.03150005
v -0.00168145 0.00250954 0.03082997
v -0.00094194 0.00358087 0.03082997
v -0.00094194 0.00358087 0.02800006
v 0.00003248 0.00444407 0.03082997
v 0.00003248 0.00444407 0.02800006
v 0.00118512 0.00504906 0.03082997
v 0.00118512 0.00504906 0.02800006
v 0.00244909 0.00536067 0.03082997
v 0.00244909 0.00536067 0.02800006
v 0.00375092 0.00536067 0.03082997
v 0.00375092 0.00536067 0.02800006
v 0.00501489 0.00504906 0.03082997
v 0.00501489 0.00504906 0.02800006
v 0.00616759 0.00444407 0.03082997
v 0.00616759 0.00444407 0.02800006
v 0.00714194 0.00358087 0.03082997
v 0.00714194 0.00358087 0.02800006
v 0.00788146 0.00250954 0.02800006
v -0.00197435 0.00184686 0.02732999
v -0.00168145 0.00250954 0.02732999
v -0.00168145 0.00250954 0.02550000
v -0.00094194 0.00358087 0.02732999
v -0.00094194 0.00358087 0.02550000
v 0.00003248 0.00444407 0.02732999
v 0.00003248 0.00444407 0.02550000
v 0.00118512 0.00504906 0.02732999
v 0.00118512 0.00504906 0.02550000
v 0.00244909 0.00536067 0.02732999
v 0.00244909 0.00536067 0.02550000
v 0.00375092 0.00536067 0.02732999
v 0.00375092 0.00536067 0.02550000
v 0.00501489 0.00504906 0.02732999
v 0.00501489 0.00504906 0.02550000
v 0.00616759 0.00444407 0.02732999
v 0.00616759 0.00444407 0.02550000
v 0.00714194 0.00358087 0.02732999
v 0.00714194 0.00358087 0.02550000
v 0.00788146 0.00250954 0.02550000
v 0.00817436 0.00184686 0.02450002
v -0.00168145 0.00250954 0.02383000
v -0.00168145 0.00250954 0.02100003
v -0.00094194 0.00358087 0.02383000
v -0.00094194 0.00358087 0.02100003
v 0.00003248 0.00444407 0.02383000
v 0.00003248 0.00444407 0.02100003
v 0.00118512 0.00504906 0.02383000
v 0.00118512 0.00504906 0.02100003
v 0.00244909 0.00536067 0.02383000
v 0.00244909 0.00536067 0.02100003
v 0.00375092 0.00536067 0.02383000
v 0.00375092 0.00536067 0.02100003
v 0.00501489 0.00504906 0.02383000
v 0.00501489 0.00504906 0.02100003
v 0.00616759 0.00444407 0.02383000
v 0.00616759 0.00444407 0.02100003
v 0.00714194 0.00358087 0.02383000
v 0.00714194 0.00358087 0.02100003
v 0.00788146 0.00250954 0.02100003
v -0.00094194 0.00358087 0.02450002
v 0.00003248 0.00444407 0.02450002
v 0.00118512 0.00504906 0.02450002
v 0.00244909 0.00536067 0.02450002
v 0.00375092 0.00536067 0.02450002
v 0.00501489 0.00504906 0.02450002
v 0.00616759 0.00444407 0.02450002
v 0.00714194 0.00358087 0.02450002
v 0.00788146 0.00250954 0.02450002
v -0.00168145 0.00250954 0.02033002
v -0.00094194 0.00358087 0.02033002
v -0.00094194 0.00358087 0.01749999
v 0.00003248 0.00444407 0.02033002
v 0.00003248 0.00444407 0.01749999
v 0.00118512 0.00504906 0.02033002
v 0.00118512 0.00504906 0.01749999
v 0.00244909 0.00536067 0.02033002
v 0.00244909 0.00536067 0.01749999
v 0.00375092 0.00536067 0.02033002
v 0.00375092 0.00536067 0.01749999
v 0.00501489 0.00504906 0.02033002
v 0.00501489 0.00504906 0.01749999
v 0.00616759 0.00444407 0.02033002
v 0.00616759 0.00444407 0.01749999
v 0.00714194 0.00358087 0.02033002
v 0.00714194 0.00358087 0.01749999
v 0.00788146 0.00250954 0.01749999
v 0.00788146 -0.00250953 0.02033002
v 0.00714194 -0.00358086 0.02033002
v 0.00714194 -0.00358086 0.01749999
v 0.00616759 -0.00444417 0.02033002
v 0.00616759 -0.00444417 0.01749999
v 0.00501489 -0.00504904 0.02033002
v 0.00501489 -0.00504904 0.01749999
v 0.00375092 -0.00536066 0.02033002
v 0.00375092 -0.00536066 0.01749999
v 0.00244909 -0.00536066 0.02033002
v 0.00244909 -0.00536066 0.01749999
v 0.00118512 -0.00504904 0.02033002
v 0.00118512 -0.00504904 0.01749999
v 0.00003248 -0.00444417 0.02033002
v 0.00003248 -0.00444417 0.01749999
v -0.00094194 -0.00358086 0.02033002
v -0.00094194 -0.00358086 0.01749999
v -0.00168145 -0.00250953 0.01749999
v 0.00788146 -0.00250953 0.02383000
v 0.00788146 -0.00250953 0.02100003
v 0.00714194 -0.00358086 0.02383000
v 0.00714194 -0.00358086 0.02100003
v 0.00616759 -0.00444417 0.02383000
v 0.00616759 -0.00444417 0.02100003
v 0.00501489 -0.00504904 0.02383000
v 0.00501489 -0.00504904 0.02100003
v 0.00375092 -0.00536066 0.02383000
v 0.00375092 -0.00536066 0.02100003
v 0.00244909 -0.00536066 0.02383000
v 0.00244909 -0.00536066 0.02100003
v 0.00118512 -0.00504904 0.02383000
v 0.00118512 -0.00504904 0.02100003
v 0.00003248 -0.00444417 0.02383000
v 0.00003248 -0.00444417 0.02100003
v -0.00094194 -0.00358086 0.02383000
v -0.00094194 -0.00358086 0.02100003
v -0.00168145 -0.00250953 0.02100003
v -0.00168145 -0.00250953 0.02732999
v -0.00197435 -0.00184696 0.02732999
v -0.00197435 -0.00184696 0.02800006
v -0.00197435 -0.00184696 0.03082997
v -0.00197435 -0.00184696 0.03150005
v -0.00197435 -0.00184696 0.03500003
v -0.00197435 -0.00184696 0.03432995
v -0.00168145 -0.00250953 0.03432995
v -0.00168145 -0.00250953 0.03783006
v -0.00197435 -0.00184696 0.03783006
v -0.00197435 -0.00184696 0.03850001
v 0.00817436 -0.00184696 0.02732999
v 0.00788146 -0.00250953 0.02732999
v 0.00788146 -0.00250953 0.02550000
v 0.00714194 -0.00358086 0.02732999
v 0.00714194 -0.00358086 0.02550000
v 0.00616759 -0.00444417 0.02732999
v 0.00616759 -0.00444417 0.02550000
v 0.00501489 -0.00504904 0.02732999
v 0.00501489 -0.00504904 0.02550000
v 0.00375092 -0.00536066 0.02732999
v 0.00375092 -0.00536066 0.02550000
v 0.00244909 -0.00536066 0.02732999
v 0.00244909 -0.00536066 0.02550000
v 0.00118512 -0.00504904 0.02732999
v 0.00118512 -0.00504904 0.02550000
v 0.00003248 -0.00444417 0.02732999
v 0.00003248 -0.00444417 0.02550000
v -0.00094194 -0.00358086 0.02732999
v -0.00094194 -0.00358086 0.02550000
v -0.00168145 -0.00250953 0.02550000
v -0.00197435 -0.00184696 0.02450002
v 0.00788146 -0.00250953 0.03850001
v 0.00817436 -0.00184696 0.03850001
v 0.00817436 -0.00184696 0.03783006
v 0.00817436 -0.00184696 0.03500003
v 0.00817436 -0.00184696 0.03432995
v 0.00788146 -0.00250953 0.02800006
v 0.00817436 -0.00184696 0.02800006
v 0.00817436 -0.00184696 0.03082997
v 0.00817436 -0.00184696 0.03150005
v 0.00788146 -0.00250953 0.03150005
v 0.00714194 -0.00358086 0.02450002
v 0.00616759 -0.00444417 0.02450002
v 0.00501489 -0.00504904 0.02450002
v 0.00375092 -0.00536066 0.02450002
v 0.00244909 -0.00536066 0.02450002
v 0.00118512 -0.00504904 0.02450002
v 0.00003248 -0.00444417 0.02450002
v -0.00094194 -0.00358086 0.02450002
v -0.00168145 -0.00250953 0.02450002
v 0.00788146 -0.00250953 0.03082997
v 0.00714194 -0.00358086 0.03082997
v 0.00714194 -0.00358086 0.02800006
v 0.00616759 -0.00444417 0.03082997
v 0.00616759 -0.00444417 0.02800006
v 0.00501489 -0.00504904 0.03082997
v 0.00501489 -0.00504904 0.02800006
v 0.00375092 -0.00536066 0.03082997
v 0.00375092 -0.00536066 0.02800006
v 0.00244909 -0.00536066 0.03082997
v 0.00244909 -0.00536066 0.02800006
v 0.00118512 -0.00504904 0.03082997
v 0.00118512 -0.00504904 0.02800006
v 0.00003248 -0.00444417 0.03082997
v 0.00003248 -0.00444417 0.02800006
v -0.00094194 -0.00358086 0.03082997
v -0.00094194 -0.00358086 0.02800006
v -0.00168145 -0.00250953 0.03082997
v -0.00168145 -0.00250953 0.02800006
v 0.00788146 -0.00250953 0.03432995
v 0.00714194 -0.00358086 0.03432995
v 0.00714194 -0.00358086 0.03150005
v 0.00616759 -0.00444417 0.03432995
v 0.00616759 -0.00444417 0.03150005
v 0.00501489 -0.00504904 0.03432995
v 0.00501489 -0.00504904 0.03150005
v 0.00375092 -0.00536066 0.03432995
v 0.00375092 -0.00536066 0.03150005
v 0.00244909 -0.00536066 0.03432995
v 0.00244909 -0.00536066 0.03150005
v 0.00118512 -0.00504904 0.03432995
v 0.00118512 -0.00504904 0.03150005
v 0.00003248 -0.00444417 0.03432995
v 0.00003248 -0.00444417 0.03150005
v -0.00094194 -0.00358086 0.03432995
v -0.00094194 -0.00358086 0.03150005
v -0.00168145 -0.00250953 0.03150005
v 0.00788146 -0.00250953 0.03783006
v 0.00788146 -0.00250953 0.03500003
v 0.00714194 -0.00358086 0.03783006
v 0.00714194 -0.00358086 0.03500003
v 0.00616759 -0.00444417 0.03783006
v 0.00616759 -0.00444417 0.03500003
v 0.00501489 -0.00504904 0.03783006
v 0.00501489 -0.00504904 0.03500003
v 0.00375092 -0.00536066 0.03783006
v 0.00375092 -0.00536066 0.03500003
v 0.00244909 -0.00536066 0.03783006
v 0.00244909 -0.00536066 0.03500003
v 0.00118512 -0.00504904 0.03783006
v 0.00118512 -0.00504904 0.03500003
v 0.00003248 -0.00444417 0.03783006
v 0.00003248 -0.00444417 0.03500003
v -0.00094194 -0.00358086 0.03783006
v -0.00094194 -0.00358086 0.03500003
v -0.00168145 -0.00250953 0.03500003
v 0.00714194 -0.00358086 0.03850001
v 0.00616759 -0.00444417 0.03850001
v 0.00501489 -0.00504904 0.03850001
v 0.00375092 -0.00536066 0.03850001
v 0.00244909 -0.00536066 0.03850001
v 0.00118512 -0.00504904 0.03850001
v 0.00003248 -0.00444417 0.03850001
v -0.00094194 -0.00358086 0.03850001
v -0.00168145 -0.00250953 0.03850001
v 0.00850004 -0.00000005 0.02550000
v -0.00229997 -0.00000005 0.02550000
v -0.00178641 0.00177855 0.01332999
v -0.00150437 0.00241656 0.01332999
v -0.00079227 0.00344820 0.01332999
v 0.00014609 0.00427956 0.01332999
v 0.00125604 0.00486214 0.01332999
v 0.00247323 0.00516207 0.01332999
v 0.00372678 0.00516207 0.01332999
v 0.00494396 0.00486214 0.01332999
v 0.00605392 0.00427956 0.01332999
v 0.00699228 0.00344820 0.01332999
v 0.00770437 0.00241656 0.01332999
v 0.00798642 0.00177855 0.01332999
v 0.00798642 0.00177855 0.01400000
v -0.00178641 0.00177855 0.01749999
v -0.00194890 0.00124449 0.02550000
v -0.00178641 0.00177855 0.01683003
v -0.00178641 0.00177855 0.01400000
v -0.00150437 0.00241656 0.01683003
v -0.00150437 0.00241656 0.01400000
v -0.00079227 0.00344820 0.01683003
v -0.00079227 0.00344820 0.01400000
v 0.00014609 0.00427956 0.01683003
v 0.00014609 0.00427956 0.01400000
v 0.00125604 0.00486214 0.01683003
v 0.00125604 0.00486214 0.01400000
v 0.00247323 0.00516207 0.01683003
v 0.00247323 0.00516207 0.01400000
v 0.00372678 0.00516207 0.01683003
v 0.00372678 0.00516207 0.01400000
v 0.00494396 0.00486214 0.01683003
v 0.00494396 0.00486214 0.01400000
v 0.00605392 0.00427956 0.01683003
v 0.00605392 0.00427956 0.01400000
v 0.00699228 0.00344820 0.01683003
v 0.00699228 0.00344820 0.01400000
v 0.00770437 0.00241656 0.01683003
v 0.00770437 0.00241656 0.01400000
v 0.00798642 0.00177855 0.01683003
v -0.00178641 -0.00177854 0.01749999
v -0.00178641 -0.00177854 0.01683003
v 0.00798642 -0.00177854 0.01749999
v 0.00814890 -0.00124448 0.02550000
v 0.00798642 -0.00177854 0.01683003
v 0.00798642 -0.00177854 0.01400000
v 0.00770437 -0.00241654 0.01683003
v 0.00770437 -0.00241654 0.01400000
v 0.00699228 -0.00344830 0.01683003
v 0.00699228 -0.00344830 0.01400000
v 0.00605392 -0.00427955 0.01683003
v 0.00605392 -0.00427955 0.01400000
v 0.00494396 -0.00486212 0.01683003
v 0.00494396 -0.00486212 0.01400000
v 0.00372678 -0.00516205 0.01683003
v 0.00372678 -0.00516205 0.01400000
v 0.00247323 -0.00516205 0.01683003
v 0.00247323 -0.00516205 0.01400000
v 0.00125604 -0.00486212 0.01683003
v 0.00125604 -0.00486212 0.01400000
v 0.00014609 -0.00427955 0.01683003
v 0.00014609 -0.00427955 0.01400000
v -0.00079227 -0.00344830 0.01683003
v -0.00079227 -0.00344830 0.01400000
v -0.00150437 -0.00241654 0.01683003
v -0.00150437 -0.00241654 0.01400000
v -0.00178641 -0.00177854 0.01400000
v -0.00178641 -0.00177854 0.01332999
v -0.00150437 -0.00241654 0.01332999
v -0.00079227 -0.00344830 0.01332999
v 0.00014609 -0.00427955 0.01332999
v 0.00125604 -0.00486212 0.01332999
v 0.00247323 -0.00516205 0.01332999
v 0.00372678 -0.00516205 0.01332999
v 0.00494396 -0.00486212 0.01332999
v 0.00605392 -0.00427955 0.01332999
v 0.00699228 -0.00344830 0.01332999
v 0.00770437 -0.00241654 0.01332999
v 0.00798642 -0.00177854 0.01332999
v -0.00178641 0.00177855 0.03432995
v -0.00178641 0.00177855 0.03500003
v 0.00798642 0.00177855 0.03783006
v 0.00798642 0.00177855 0.03500003
v 0.00770437 0.00241656 0.03500003
v 0.00770437 0.00241656 0.03783006
v 0.00699228 0.00344820 0.03500003
v 0.00699228 0.00344820 0.03783006
v 0.00605392 0.00427956 0.03500003
v 0.00605392 0.00427956 0.03783006
v 0.00494396 0.00486214 0.03500003
v 0.00494396 0.00486214 0.03783006
v 0.00372678 0.00516207 0.03500003
v 0.00372678 0.00516207 0.03783006
v 0.00247323 0.00516207 0.03500003
v 0.00247323 0.00516207 0.03783006
v 0.00125604 0.00486214 0.03500003
v 0.00125604 0.00486214 0.03783006
v 0.00014609 0.00427956 0.03500003
v 0.00014609 0.00427956 0.03783006
v -0.00079227 0.00344820 0.03500003
v -0.00079227 0.00344820 0.03783006
v -0.00150437 0.00241656 0.03500003
v -0.00150437 0.00241656 0.03783006
v -0.00178641 0.00177855 0.03783006
v -0.00178641 0.00177855 0.03850001
v -0.00150437 0.00241656 0.03850001
v -0.00079227 0.00344820 0.03850001
v 0.00014609 0.00427956 0.03850001
v 0.00125604 0.00486214 0.03850001
v 0.00247323 0.00516207 0.03850001
v 0.00372678 0.00516207 0.03850001
v 0.00494396 0.00486214 0.03850001
v 0.00605392 0.00427956 0.03850001
v 0.00699228 0.00344820 0.03850001
v 0.00770437 0.00241656 0.03850001
v 0.00798642 0.00177855 0.03850001
v 0.00798642 0.00177855 0.03082997
v 0.00814890 0.00124449 0.02550000
v 0.00798642 0.00177855 0.03150005
v 0.00798642 0.00177855 0.03432995
v 0.00770437 0.00241656 0.03150005
v 0.00770437 0.00241656 0.03432995
v 0.00699228 0.00344820 0.03150005
v 0.00699228 0.00344820 0.03432995
v 0.00605392 0.00427956 0.03150005
v 0.00605392 0.00427956 0.03432995
v 0.00494396 0.00486214 0.03150005
v 0.00494396 0.00486214 0.03432995
v 0.00372678 0.00516207 0.03150005
v 0.00372678 0.00516207 0.03432995
v 0.00247323 0.00516207 0.03150005
v 0.00247323 0.00516207 0.03432995
v 0.00125604 0.00486214 0.03150005
v 0.00125604 0.00486214 0.03432995
v 0.00014609 0.00427956 0.03150005
v 0.00014609 0.00427956 0.03432995
v -0.00079227 0.00344820 0.03150005
v -0.00079227 0.00344820 0.03432995
v -0.00150437 0.00241656 0.03150005
v -0.00150437 0.00241656 0.03432995
v -0.00178641 0.00177855 0.03150005
v -0.00178641 0.00177855 0.02732999
v -0.00150437 0.00241656 0.02732999
v -0.00150437 0.00241656 0.02550000
v -0.00079227 0.00344820 0.02732999
v -0.00079227 0.00344820 0.02550000
v 0.00014609 0.00427956 0.02732999
v 0.00014609 0.00427956 0.02550000
v 0.00125604 0.00486214 0.02732999
v 0.00125604 0.00486214 0.02550000
v 0.00247323 0.00516207 0.02732999
v 0.00247323 0.00516207 0.02550000
v 0.00372678 0.00516207 0.02732999
v 0.00372678 0.00516207 0.02550000
v 0.00494396 0.00486214 0.02732999
v 0.00494396 0.00486214 0.02550000
v 0.00605392 0.00427956 0.02732999
v 0.00605392 0.00427956 0.02550000
v 0.00699228 0.00344820 0.02732999
v 0.00699228 0.00344820 0.02550000
v 0.00770437 0.00241656 0.02732999
v 0.00770437 0.00241656 0.02550000
v 0.00798642 0.00177855 0.02732999
v 0.00798642 0.00177855 0.02800006
v 0.00770437 0.00241656 0.02800006
v 0.00770437 0.00241656 0.03082997
v 0.00699228 0.00344820 0.02800006
v 0.00699228 0.00344820 0.03082997
v 0.00605392 0.00427956 0.02800006
v 0.00605392 0.00427956 0.03082997
v 0.00494396 0.00486214 0.02800006
v 0.00494396 0.00486214 0.03082997
v 0.00372678 0.00516207 0.02800006
v 0.00372678 0.00516207 0.03082997
v 0.00247323 0.00516207 0.02800006
v 0.00247323 0.00516207 0.03082997
v 0.00125604 0.00486214 0.02800006
v 0.00125604 0.00486214 0.03082997
v 0.00014609 0.00427956 0.02800006
v 0.00014609 0.00427956 0.03082997
v -0.00079227 0.00344820 0.02800006
v -0.00079227 0.00344820 0.03082997
v -0.00150437 0.00241656 0.02800006
v -0.00150437 0.00241656 0.03082997
v -0.00178641 0.00177855 0.02800006
v -0.00178641 0.00177855 0.03082997
v 0.00798642 0.00177855 0.02033002
v 0.00798642 0.00177855 0.02100003
v 0.00798642 0.00177855 0.02383000
v 0.00770437 0.00241656 0.02100003
v 0.00770437 0.00241656 0.02383000
v 0.00699228 0.00344820 0.02100003
v 0.00699228 0.00344820 0.02383000
v 0.00605392 0.00427956 0.02100003
v 0.00605392 0.00427956 0.02383000
v 0.00494396 0.00486214 0.02100003
v 0.00494396 0.00486214 0.02383000
v 0.00372678 0.00516207 0.02100003
v 0.00372678 0.00516207 0.02383000
v 0.00247323 0.00516207 0.02100003
v 0.00247323 0.00516207 0.02383000
v 0.00125604 0.00486214 0.02100003
v 0.00125604 0.00486214 0.02383000
v 0.00014609 0.00427956 0.02100003
v 0.00014609 0.00427956 0.02383000
v -0.00079227 0.00344820 0.02100003
v -0.00079227 0.00344820 0.02383000
v -0.00150437 0.00241656 0.02100003
v -0.00150437 0.00241656 0.02383000
v -0.00178641 0.00177855 0.02100003
v 0.00798642 0.00177855 0.02450002
v 0.00770437 0.00241656 0.02450002
v 0.00699228 0.00344820 0.02450002
v 0.00605392 0.00427956 0.02450002
v 0.00494396 0.00486214 0.02450002
v 0.00372678 0.00516207 0.02450002
v 0.00247323 0.00516207 0.02450002
v 0.00125604 0.00486214 0.02450002
v 0.00014609 0.00427956 0.02450002
v -0.00079227 0.00344820 0.02450002
v -0.00150437 0.00241656 0.02450002
v -0.00178641 0.00177855 0.02450002
v -0.00178641 0.00177855 0.02383000
v -0.00178641 0.00177855 0.02033002
v -0.00150437 0.00241656 0.02033002
v -0.00150437 0.00241656 0.01749999
v -0.00079227 0.00344820 0.02033002
v -0.00079227 0.00344820 0.01749999
v 0.00014609 0.00427956 0.02033002
v 0.00014609 0.00427956 0.01749999
v 0.00125604 0.00486214 0.02033002
v 0.00125604 0.00486214 0.01749999
v 0.00247323 0.00516207 0.02033002
v 0.00247323 0.00516207 0.01749999
v 0.00372678 0.00516207 0.02033002
v 0.00372678 0.00516207 0.01749999
v 0.00494396 0.00486214 0.02033002
v 0.00494396 0.00486214 0.01749999
v 0.00605392 0.00427956 0.02033002
v 0.00605392 0.00427956 0.01749999
v 0.00699228 0.00344820 0.02033002
v 0.00699228 0.00344820 0.01749999
v 0.00770437 0.00241656 0.02033002
v 0.00770437 0.00241656 0.01749999
v 0.00798642 0.00177855 0.01749999
v 0.00798642 -0.00177854 0.02100003
v 0.00798642 -0.00177854 0.02033002
v 0.00770437 -0.00241654 0.02033002
v 0.00770437 -0.00241654 0.01749999
v 0.00699228 -0.00344830 0.02033002
v 0.00699228 -0.00344830 0.01749999
v 0.00605392 -0.00427955 0.02033002
v 0.00605392 -0.00427955 0.01749999
v 0.00494396 -0.00486212 0.02033002
v 0.00494396 -0.00486212 0.01749999
v 0.00372678 -0.00516205 0.02033002
v 0.00372678 -0.00516205 0.01749999
v 0.00247323 -0.00516205 0.02033002
v 0.00247323 -0.00516205 0.01749999
v 0.00125604 -0.00486212 0.02033002
v 0.00125604 -0.00486212 0.01749999
v 0.00014609 -0.00427955 0.02033002
v 0.00014609 -0.00427955 0.01749999
v -0.00079227 -0.00344830 0.02033002
v -0.00079227 -0.00344830 0.01749999
v -0.00150437 -0.00241654 0.02033002
v -0.00150437 -0.00241654 0.01749999
v -0.00178641 -0.00177854 0.02033002
v -0.00178641 -0.00177854 0.02100003
v -0.00178641 -0.00177854 0.02383000
v -0.00150437 -0.00241654 0.02100003
v -0.00150437 -0.00241654 0.02383000
v -0.00079227 -0.00344830 0.02100003
v -0.00079227 -0.00344830 0.02383000
v 0.00014609 -0.00427955 0.02100003
v 0.00014609 -0.00427955 0.02383000
v 0.00125604 -0.00486212 0.02100003
v 0.00125604 -0.00486212 0.02383000
v 0.00247323 -0.00516205 0.02100003
v 0.00247323 -0.00516205 0.02383000
v 0.00372678 -0.00516205 0.02100003
v 0.00372678 -0.00516205 0.02383000
v 0.00494396 -0.00486212 0.02100003
v 0.00494396 -0.00486212 0.02383000
v 0.00605392 -0.00427955 0.02100003
v 0.00605392 -0.00427955 0.02383000
v 0.00699228 -0.00344830 0.02100003
v 0.00699228 -0.00344830 0.02383000
v 0.00770437 -0.00241654 0.02100003
v 0.00770437 -0.00241654 0.02383000
v 0.00798642 -0.00177854 0.02383000
v 0.00798642 -0.00177854 0.02450002
v 0.00770437 -0.00241654 0.02550000
v 0.00770437 -0.00241654 0.02450002
v 0.00699228 -0.00344830 0.02550000
v 0.00699228 -0.00344830 0.02450002
v 0.00605392 -0.00427955 0.02550000
v 0.00605392 -0.00427955 0.02450002
v 0.00494396 -0.00486212 0.02550000
v 0.00494396 -0.00486212 0.02450002
v 0.00372678 -0.00516205 0.02550000
v 0.00372678 -0.00516205 0.02450002
v 0.00247323 -0.00516205 0.02550000
v 0.00247323 -0.00516205 0.02450002
v 0.00125604 -0.00486212 0.02550000
v 0.00125604 -0.00486212 0.02450002
v 0.00014609 -0.00427955 0.02550000
v 0.00014609 -0.00427955 0.02450002
v -0.00079227 -0.00344830 0.02550000
v -0.00079227 -0.00344830 0.02450002
v -0.00150437 -0.00241654 0.02550000
v -0.00150437 -0.00241654 0.02450002
v -0.00194890 -0.00124448 0.02550000
v -0.00178641 -0.00177854 0.02450002
v -0.00178641 -0.00177854 0.03150005
v -0.00178641 -0.00177854 0.03082997
v 0.00798642 -0.00177854 0.03150005
v 0.00798642 -0.00177854 0.03082997
v 0.00798642 -0.00177854 0.02800006
v 0.00770437 -0.00241654 0.03082997
v 0.00770437 -0.00241654 0.02800006
v 0.00699228 -0.00344830 0.03082997
v 0.00699228 -0.00344830 0.02800006
v 0.00605392 -0.00427955 0.03082997
v 0.00605392 -0.00427955 0.02800006
v 0.00494396 -0.00486212 0.03082997
v 0.00494396 -0.00486212 0.02800006
v 0.00372678 -0.00516205 0.03082997
v 0.00372678 -0.00516205 0.02800006
v 0.00247323 -0.00516205 0.03082997
v 0.00247323 -0.00516205 0.02800006
v 0.00125604 -0.00486212 0.03082997
v 0.00125604 -0.00486212 0.02800006
v 0.00014609 -0.00427955 0.03082997
v 0.00014609 -0.00427955 0.02800006
v -0.00079227 -0.00344830 0.03082997
v -0.00079227 -0.00344830 0.02800006
v -0.00150437 -0.00241654 0.03082997
v -0.00150437 -0.00241654 0.02800006
v -0.00178641 -0.00177854 0.02800006
v -0.00178641 -0.00177854 0.02732999
v -0.00150437 -0.00241654 0.02732999
v -0.00079227 -0.00344830 0.02732999
v 0.00014609 -0.00427955 0.02732999
v 0.00125604 -0.00486212 0.02732999
v 0.00247323 -0.00516205 0.02732999
v 0.00372678 -0.00516205 0.02732999
v 0.00494396 -0.00486212 0.02732999
v 0.00605392 -0.00427955 0.02732999
v 0.00699228 -0.00344830 0.02732999
v 0.00770437 -0.00241654 0.02732999
v 0.00798642 -0.00177854 0.02732999
v 0.00798642 -0.00177854 0.03500003
v 0.00798642 -0.00177854 0.03432995
v 0.00770437 -0.00241654 0.03432995
v 0.00770437 -0.00241654 0.03150005
v 0.00699228 -0.00344830 0.03432995
v 0.00699228 -0.00344830 0.03150005
v 0.00605392 -0.00427955 0.03432995
v 0.00605392 -0.00427955 0.03150005
v 0.00494396 -0.00486212 0.03432995
v 0.00494396 -0.00486212 0.03150005
v 0.00372678 -0.00516205 0.03432995
v 0.00372678 -0.00516205 0.03150005
v 0.00247323 -0.00516205 0.03432995
v 0.00247323 -0.00516205 0.03150005
v 0.00125604 -0.00486212 0.03432995
v 0.00125604 -0.00486212 0.03150005
v 0.00014609 -0.00427955 0.03432995
v 0.00014609 -0.00427955 0.03150005
v -0.00079227 -0.00344830 0.03432995
v -0.00079227 -0.00344830 0.03150005
v -0.00150437 -0.00241654 0.03432995
v -0.00150437 -0.00241654 0.03150005
v -0.00178641 -0.00177854 0.03432995
v -0.00178641 -0.00177854 0.03500003
v -0.00178641 -0.00177854 0.03783006
v -0.00150437 -0.00241654 0.03500003
v -0.00150437 -0.00241654 0.03783006
v -0.00079227 -0.00344830 0.03500003
v -0.00079227 -0.00344830 0.03783006
v 0.00014609 -0.00427955 0.03500003
v 0.00014609 -0.00427955 0.03783006
v 0.00125604 -0.00486212 0.03500003
v 0.00125604 -0.00486212 0.03783006
v 0.00247323 -0.00516205 0.03500003
v 0.00247323 -0.00516205 0.03783006
v 0.00372678 -0.00516205 0.03500003
v 0.00372678 -0.00516205 0.03783006
v 0.00494396 -0.00486212 0.03500003
v 0.00494396 -0.00486212 0.03783006
v 0.00605392 -0.00427955 0.03500003
v 0.00605392 -0.00427955 0.03783006
v 0.00699228 -0.00344830 0.03500003
v 0.00699228 -0.00344830 0.03783006
v 0.00770437 -0.00241654 0.03500003
v 0.00770437 -0.00241654 0.03783006
v 0.00798642 -0.00177854 0.03783006
v 0.00798642 -0.00177854 0.03850001
v 0.00770437 -0.00241654 0.03850001
v 0.00699228 -0.00344830 0.03850001
v 0.00605392 -0.00427955 0.03850001
v 0.00494396 -0.00486212 0.03850001
v 0.00372678 -0.00516205 0.03850001
v 0.00247323 -0.00516205 0.03850001
v 0.00125604 -0.00486212 0.03850001
v 0.00014609 -0.00427955 0.03850001
v -0.00079227 -0.00344830 0.03850001
v -0.00150437 -0.00241654 0.03850001
v -0.00178641 -0.00177854 0.03850001
v 0.00830000 -0.00000005 0.02550000
v -0.00209999 -0.00000005 0.02550000
v 0.01257574 -0.00249999 0.04049999
v 0.01216149 -0.00249999 0.04049999
v 0.01191622 -0.00427955 0.04049999
v 0.01146209 -0.00429373 0.04049999
v 0.01089477 -0.00593977 0.04049999
v 0.01041191 -0.00590735 0.04049999
v 0.00956499 -0.00736504 0.04049999
v 0.00905501 -0.00727313 0.04049999
v 0.00797945 -0.00849896 0.04049999
v 0.00744837 -0.00833374 0.04049999
v 0.00620079 -0.00929647 0.04049999
v 0.00565928 -0.00904494 0.04049999
v 0.00429952 -0.00972634 0.04049999
v 0.00376284 -0.00937658 0.04049999
v 0.00235074 -0.00977128 0.04049999
v 0.00183862 -0.00931495 0.04049999
v 0.00043159 -0.00942975 0.04049999
v -0.00003273 -0.00886267 0.04049999
v -0.00138194 -0.00871509 0.04049999
v -0.00177265 -0.00803845 0.04049999
v -0.00301814 -0.00765555 0.04049999
v -0.00330818 -0.00687712 0.04049999
v -0.00441230 -0.00629323 0.04049999
v -0.00457490 -0.00542741 0.04049999
v -0.00550926 -0.00468188 0.04049999
v -0.00551963 -0.00374990 0.04049999
v -0.00626558 -0.00288539 0.04049999
v -0.00610286 -0.00191515 0.04049999
v -0.00665141 -0.00097459 0.04049999
v -0.00629998 -0.00000005 0.04049999
v -0.00665141 0.00097460 0.04049999
v -0.00610286 0.00191504 0.04049999
v -0.00626558 0.00288541 0.04049999
v -0.00551963 0.00374991 0.04049999
v 0.01216149 0.00250000 0.04049999
v 0.01257574 0.00250000 0.04049999
v 0.01146209 0.00429375 0.04049999
v 0.01191622 0.00427956 0.04049999
v 0.01041191 0.00590724 0.04049999
v 0.01089477 0.00593979 0.04049999
v 0.00905501 0.00727303 0.04049999
v 0.00956499 0.00736505 0.04049999
v 0.00744837 0.00833375 0.04049999
v 0.00797945 0.00849885 0.04049999
v 0.00565928 0.00904483 0.04049999
v 0.00620079 0.00929648 0.04049999
v 0.00376284 0.00937659 0.04049999
v 0.00429952 0.00972635 0.04049999
v 0.00183862 0.00931496 0.04049999
v 0.00235074 0.00977129 0.04049999
v -0.00003273 0.00886256 0.04049999
v 0.00043159 0.00942976 0.04049999
v -0.00177265 0.00803847 0.04049999
v -0.00138194 0.00871510 0.04049999
v -0.00330818 0.00687713 0.04049999
v -0.00301814 0.00765557 0.04049999
v -0.00457490 0.00542731 0.04049999
v -0.00441230 0.00629324 0.04049999
v -0.00550926 0.00468189 0.04049999
v 0.01257574 0.00250000 0.00849998
v 0.01216149 0.00250000 0.00849998
v 0.01191622 0.00427956 0.00849998
v 0.01146209 0.00429375 0.00849998
v 0.01089477 0.00593979 0.00849998
v 0.01041191 0.00590724 0.00849998
v 0.00956499 0.00736505 0.00849998
v 0.00905501 0.00727303 0.00849998
v 0.00797945 0.00849885 0.00849998
v 0.00744837 0.00833375 0.00849998
v 0.00620079 0.00929648 0.00849998
v 0.00565928 0.00904483 0.00849998
v 0.00429952 0.00972635 0.00849998
v 0.00376284 0.00937659 0.00849998
v 0.00235074 0.00977129 0.00849998
v 0.00183862 0.00931496 0.00849998
v 0.00043159 0.00942976 0.00849998
v -0.00003273 0.00886256 0.00849998
v -0.00138194 0.00871510 0.00849998
v -0.00177265 0.00803847 0.00849998
v -0.00301814 0.00765557 0.00849998
v -0.00330818 0.00687713 0.00849998
v -0.00441230 0.00629324 0.00849998
v -0.00457490 0.00542731 0.00849998
v -0.00550926 0.00468189 0.00849998
v -0.00551963 0.00374991 0.00849998
v -0.00626558 0.00288541 0.00849998
v -0.00610286 0.00191504 0.00849998
v -0.00665141 0.00097460 0.00849998
v -0.00629998 -0.00000005 0.00849998
v -0.00665141 -0.00097459 0.00849998
v -0.00610286 -0.00191515 0.00849998
v -0.00626558 -0.00288539 0.00849998
v -0.00551963 -0.00374990 0.00849998
v 0.01216149 -0.00249999 0.00849998
v 0.01257574 -0.00249999 0.00849998
v 0.01146209 -0.00429373 0.00849998
v 0.01191622 -0.00427955 0.00849998
v 0.01041191 -0.00590735 0.00849998
v 0.01089477 -0.00593977 0.00849998
v 0.00905501 -0.00727313 0.00849998
v 0.00956499 -0.00736504 0.00849998
v 0.00744837 -0.00833374 0.00849998
v 0.00797945 -0.00849896 0.00849998
v 0.00565928 -0.00904494 0.00849998
v 0.00620079 -0.00929647 0.00849998
v 0.00376284 -0.00937658 0.00849998
v 0.00429952 -0.00972634 0.00849998
v 0.00183862 -0.00931495 0.00849998
v 0.00235074 -0.00977128 0.00849998
v -0.00003273 -0.00886267 0.00849998
v 0.00043159 -0.00942975 0.00849998
v -0.00177265 -0.00803845 0.00849998
v -0.00138194 -0.00871509 0.00849998
v -0.00330818 -0.00687712 0.00849998
v -0.00301814 -0.00765555 0.00849998
v -0.00457490 -0.00542741 0.00849998
v -0.00441230 -0.00629323 0.00849998
v -0.00550926 -0.00468188 0.00849998
v 0.01278245 0.00250000 0.04029996
v 0.01278245 0.00250000 0.00870002
v 0.01209610 0.00436694 0.00870002
v 0.01209610 0.00436694 0.04029996
v 0.01105386 0.00606102 0.00870002
v 0.01105386 0.00606102 0.04029996
v 0.00969696 0.00751538 0.00870002
v 0.00969696 0.00751538 0.04029996
v 0.00807899 0.00867230 0.00870002
v 0.00807899 0.00867230 0.04029996
v 0.00626409 0.00948626 0.00870002
v 0.00626409 0.00948626 0.04029996
v 0.00432396 0.00992484 0.00870002
v 0.00432396 0.00992484 0.04029996
v 0.00233543 0.00997073 0.00870002
v 0.00233543 0.00997073 0.04029996
v 0.00037717 0.00962216 0.00870002
v 0.00037717 0.00962216 0.04029996
v -0.00147337 0.00889296 0.00870002
v -0.00147337 0.00889296 0.04029996
v -0.00314302 0.00781185 0.00870002
v -0.00314302 0.00781185 0.04029996
v -0.00456560 0.00642163 0.00870002
v -0.00456560 0.00642163 0.04029996
v -0.00568498 0.00477750 0.00870002
v -0.00568498 0.00477750 0.04029996
v -0.00645674 0.00294418 0.00870002
v -0.00645674 0.00294418 0.04029996
v -0.00685043 0.00099451 0.00870002
v -0.00685043 0.00099451 0.04029996
v -0.00689060 -0.00043302 0.00975001
v -0.00689686 -0.00025003 0.00956697
v -0.00685043 -0.00099450 0.00870002
v -0.00689918 -0.00012939 0.00951708
v -0.00690002 -0.00000005 0.00950003
v -0.00689918 0.00012953 0.00951708
v -0.00689686 0.00025005 0.00956697
v -0.00689060 0.00043303 0.00975001
v -0.00688833 0.00048298 0.00987071
v -0.00688750 0.00050003 0.00999999
v -0.00688833 0.00048298 0.01012928
v -0.00689060 0.00043303 0.01024998
v -0.00689686 0.00025005 0.01043302
v -0.00689912 0.00012989 0.01048285
v -0.00690002 -0.00000005 0.01050002
v -0.00685043 -0.00099450 0.04029996
v -0.00689918 -0.00012928 0.01048297
v -0.00688833 -0.00048297 0.01012957
v -0.00688750 -0.00050002 0.00999999
v -0.00688833 -0.00048297 0.00987053
v -0.00689686 -0.00025003 0.01043302
v -0.00689060 -0.00043302 0.01024998
v -0.00645674 -0.00294428 0.00870002
v -0.00645674 -0.00294428 0.04029996
v -0.00568498 -0.00477748 0.00870002
v -0.00568498 -0.00477748 0.04029996
v -0.00456560 -0.00642174 0.00870002
v -0.00456560 -0.00642174 0.04029996
v -0.00314302 -0.00781184 0.00870002
v -0.00314302 -0.00781184 0.04029996
v -0.00147337 -0.00889295 0.00870002
v -0.00147337 -0.00889295 0.04029996
v 0.00037717 -0.00962215 0.00870002
v 0.00037717 -0.00962215 0.04029996
v 0.00233543 -0.00997072 0.00870002
v 0.00233543 -0.00997072 0.04029996
v 0.00432396 -0.00992482 0.00870002
v 0.00432396 -0.00992482 0.04029996
v 0.00626409 -0.00948625 0.00870002
v 0.00626409 -0.00948625 0.04029996
v 0.00807899 -0.00867241 0.00870002
v 0.00807899 -0.00867241 0.04029996
v 0.00969696 -0.00751536 0.00870002
v 0.00969696 -0.00751536 0.04029996
v 0.01105386 -0.00606101 0.00870002
v 0.01105386 -0.00606101 0.04029996
v 0.01209610 -0.00436693 0.00870002
v 0.01209610 -0.00436693 0.04029996
v 0.01278245 -0.00249999 0.00870002
v 0.01278245 -0.00249999 0.04029996
v -0.00629664 -0.00025003 0.00956697
v -0.00629908 -0.00012939 0.00951708
v -0.00629998 -0.00000005 0.00950003
v -0.00629002 -0.00043302 0.00975001
v -0.00628758 -0.00048297 0.00987053
v -0.00628668 -0.00050002 0.00999999
v -0.00628758 -0.00048297 0.01012957
v -0.00629002 -0.00043302 0.01024998
v -0.00629664 -0.00025003 0.01043302
v -0.00629908 -0.00012928 0.01048297
v -0.00629998 -0.00000005 0.01050002
v -0.00629908 0.00012989 0.01048285
v -0.00629664 0.00025005 0.01043302
v -0.00629002 0.00043303 0.01024998
v -0.00628758 0.00048298 0.01012928
v -0.00628668 0.00050003 0.00999999
v -0.00628758 0.00048298 0.00987071
v -0.00629002 0.00043303 0.00975001
v -0.00629664 0.00025005 0.00956697
v -0.00629908 0.00012953 0.00951708
v 0.01247501 0.00000460 0.01050002
v 0.01244497 -0.00074976 0.01050002
v 0.01244497 -0.00074976 0.00983000
v 0.01220369 -0.00223916 0.01050002
v 0.01220369 -0.00223916 0.00983000
v 0.01172661 -0.00367039 0.01050002
v 0.01172661 -0.00367039 0.00983000
v 0.01102614 -0.00500672 0.01050002
v 0.01102614 -0.00500672 0.00983000
v 0.01012033 -0.00621336 0.01050002
v 0.01012033 -0.00621336 0.00983000
v 0.00903278 -0.00725906 0.01050002
v 0.00903278 -0.00725906 0.00983000
v 0.00779151 -0.00811666 0.01050002
v 0.00779151 -0.00811666 0.00983000
v 0.00642877 -0.00876420 0.01050002
v 0.00642877 -0.00876420 0.00983000
v 0.00497979 -0.00918465 0.01050002
v 0.00497979 -0.00918465 0.00983000
v 0.00348210 -0.00936716 0.01050002
v 0.00348210 -0.00936716 0.00983000
v 0.00197458 -0.00930720 0.01050002
v 0.00197458 -0.00930720 0.00983000
v 0.00049615 -0.00900620 0.01050002
v 0.00049615 -0.00900620 0.00983000
v -0.00091482 -0.00847178 0.01050002
v -0.00091482 -0.00847178 0.00983000
v -0.00222183 -0.00771814 0.01050002
v -0.00222183 -0.00771814 0.00983000
v -0.00339097 -0.00676446 0.01050002
v -0.00339097 -0.00676446 0.00983000
v -0.00439197 -0.00563567 0.01050002
v -0.00439197 -0.00563567 0.00983000
v -0.00519902 -0.00436085 0.01050002
v -0.00519902 -0.00436085 0.00983000
v -0.00579107 -0.00297313 0.01050002
v -0.00579107 -0.00297313 0.00983000
v -0.00615287 -0.00150841 0.01050002
v -0.00615287 -0.00150841 0.00983000
v -0.00627500 -0.00000458 0.01050002
v -0.00627500 -0.00000458 0.00983000
v -0.00615430 0.00149924 0.01050002
v -0.00615430 0.00149924 0.00983000
v -0.00579399 0.00296432 0.01050002
v -0.00579399 0.00296432 0.00983000
v -0.00520331 0.00435264 0.01050002
v -0.00520331 0.00435264 0.00983000
v -0.00439752 0.00562829 0.01050002
v -0.00439752 0.00562829 0.00983000
v -0.00339759 0.00675804 0.01050002
v -0.00339759 0.00675804 0.00983000
v -0.00222940 0.00771279 0.01050002
v -0.00222940 0.00771279 0.00983000
v -0.00092316 0.00846786 0.01050002
v -0.00092316 0.00846786 0.00983000
v 0.00048726 0.00900359 0.01050002
v 0.00048726 0.00900359 0.00983000
v 0.00196540 0.00930614 0.01050002
v 0.00196540 0.00930614 0.00983000
v 0.00347286 0.00936753 0.01050002
v 0.00347286 0.00936753 0.00983000
v 0.00497073 0.00918645 0.01050002
v 0.00497073 0.00918645 0.00983000
v 0.00642013 0.00876743 0.01050002
v 0.00642013 0.00876743 0.00983000
v 0.00778353 0.00812132 0.01050002
v 0.00778353 0.00812132 0.00983000
v 0.00902563 0.00726480 0.01050002
v 0.00902563 0.00726480 0.00983000
v 0.01011425 0.00622017 0.01050002
v 0.01011425 0.00622017 0.00983000
v 0.01102119 0.00501449 0.01050002
v 0.01102119 0.00501449 0.00983000
v 0.01172298 0.00367898 0.01050002
v 0.01172298 0.00367898 0.00983000
v 0.01220148 0.00224812 0.01050002
v 0.01220148 0.00224812 0.00983000
v 0.01244425 0.00075895 0.01050002
v 0.01244425 0.00075895 0.00983000
v 0.00222092 -0.00537866 0.01050002
v 0.00164455 -0.00525206 0.01050002
v 0.00280225 0.00544185 0.01050002
v 0.00339239 0.00544209 0.01050002
v 0.00743711 0.00330038 0.01050002
v 0.00776851 0.00281209 0.01050002
v 0.00804740 -0.00228601 0.01050002
v 0.00777125 -0.00280743 0.01050002
v 0.00565522 -0.00481384 0.01050002
v 0.00511974 -0.00506192 0.01050002
v 0.00456065 -0.00525063 0.01050002
v 0.00398439 -0.00537782 0.01050002
v 0.00339776 -0.00544184 0.01050002
v 0.00280761 -0.00544220 0.01050002
v -0.00043029 0.00415201 0.01050002
v 0.00003934 0.00450940 0.01050002
v 0.00804519 0.00229079 0.01050002
v 0.00826388 0.00174279 0.01050002
v 0.00842201 0.00117416 0.01050002
v 0.00851780 0.00059194 0.01050002
v 0.00854998 0.00000269 0.01050002
v 0.00851833 -0.00058656 0.01050002
v 0.00842315 -0.00116902 0.01050002
v 0.00826555 -0.00173765 0.01050002
v 0.00744032 -0.00329607 0.01050002
v 0.00705856 -0.00374597 0.01050002
v 0.00663030 -0.00415199 0.01050002
v 0.00616067 -0.00450938 0.01050002
v -0.00231773 -0.00059193 0.01050002
v -0.00234998 -0.00000268 0.01050002
v 0.00054478 0.00481386 0.01050002
v 0.00108027 0.00506193 0.01050002
v 0.00163942 0.00525064 0.01050002
v 0.00221562 0.00537772 0.01050002
v 0.00397908 0.00537867 0.01050002
v 0.00455546 0.00525207 0.01050002
v 0.00511479 0.00506396 0.01050002
v -0.00231833 0.00058658 0.01050002
v -0.00222314 0.00116891 0.01050002
v -0.00206554 0.00173766 0.01050002
v -0.00184739 0.00228590 0.01050002
v -0.00157124 0.00280745 0.01050002
v -0.00124032 0.00329608 0.01050002
v -0.00085849 0.00374598 0.01050002
v 0.00565046 0.00481636 0.01050002
v 0.00615626 0.00451238 0.01050002
v 0.00662624 0.00415546 0.01050002
v 0.00705486 0.00374991 0.01050002
v -0.00184513 -0.00229078 0.01050002
v -0.00206381 -0.00174277 0.01050002
v -0.00222201 -0.00117426 0.01050002
v 0.00108528 -0.00506394 0.01050002
v 0.00054955 -0.00481635 0.01050002
v 0.00004375 -0.00451236 0.01050002
v -0.00042618 -0.00415557 0.01050002
v -0.00085479 -0.00374990 0.01050002
v -0.00123710 -0.00330036 0.01050002
v -0.00156850 -0.00281208 0.01050002
v -0.00211949 0.00056500 0.01029998
v -0.00215000 -0.00000256 0.00900001
v -0.00202781 0.00112612 0.00900001
v -0.00166583 0.00220210 0.00900001
v -0.00187600 0.00167388 0.01029998
v -0.00202781 0.00112612 0.01029998
v -0.00108105 0.00317509 0.00900001
v -0.00139982 0.00270445 0.01029998
v -0.00166583 0.00220210 0.01029998
v -0.00030077 0.00399966 0.00900001
v -0.00071323 0.00360853 0.01029998
v -0.00108105 0.00317509 0.01029998
v 0.00063860 0.00463719 0.00900001
v 0.00015163 0.00434393 0.01029998
v -0.00030077 0.00399966 0.01029998
v 0.00169301 0.00505800 0.00900001
v 0.00115436 0.00487620 0.01029998
v 0.00063860 0.00463719 0.01029998
v 0.00281322 0.00524218 0.00900001
v 0.00224810 0.00518043 0.01029998
v 0.00169301 0.00505800 0.01029998
v 0.00394684 0.00518126 0.00900001
v 0.00338167 0.00524241 0.01029998
v 0.00281322 0.00524218 0.01029998
v 0.00504082 0.00487811 0.00900001
v 0.00450205 0.00505931 0.01029998
v 0.00394684 0.00518126 0.01029998
v 0.00604409 0.00434679 0.00900001
v 0.00555688 0.00463969 0.01029998
v 0.00504082 0.00487811 0.01029998
v 0.00690972 0.00361235 0.00900001
v 0.00649684 0.00400300 0.01029998
v 0.00604409 0.00434679 0.01029998
v 0.00759720 0.00270886 0.00900001
v 0.00727790 0.00317926 0.01029998
v 0.00690972 0.00361235 0.01029998
v 0.00807434 0.00167877 0.00900001
v 0.00786370 0.00220675 0.01029998
v 0.00759720 0.00270886 0.01029998
v 0.00831896 0.00057024 0.00900001
v 0.00822669 0.00113112 0.01029998
v 0.00807434 0.00167877 0.01029998
v 0.00807601 -0.00167387 0.00900001
v 0.00822782 -0.00112610 0.01029998
v 0.00831949 -0.00056510 0.00900001
v 0.00831949 -0.00056510 0.01029998
v 0.00835001 0.00000257 0.00900001
v 0.00835001 0.00000257 0.01029998
v 0.00831896 0.00057024 0.01029998
v 0.00759983 -0.00270443 0.00900001
v 0.00786584 -0.00220209 0.01029998
v 0.00807601 -0.00167387 0.01029998
v 0.00691324 -0.00360852 0.00900001
v 0.00728106 -0.00317507 0.01029998
v 0.00759983 -0.00270443 0.01029998
v 0.00604838 -0.00434392 0.00900001
v 0.00650078 -0.00399964 0.01029998
v 0.00691324 -0.00360852 0.01029998
v 0.00504565 -0.00487619 0.00900001
v 0.00556141 -0.00463717 0.01029998
v 0.00604838 -0.00434392 0.01029998
v 0.00395190 -0.00518041 0.00900001
v 0.00450700 -0.00505798 0.01029998
v 0.00504565 -0.00487619 0.01029998
v 0.00281834 -0.00524240 0.00900001
v 0.00338679 -0.00524216 0.01029998
v 0.00395190 -0.00518041 0.01029998
v 0.00169795 -0.00505929 0.00900001
v 0.00225323 -0.00518125 0.01029998
v 0.00281834 -0.00524240 0.01029998
v 0.00064313 -0.00463968 0.00900001
v 0.00115919 -0.00487810 0.01029998
v 0.00169795 -0.00505929 0.01029998
v -0.00029678 -0.00400298 0.00900001
v 0.00015592 -0.00434678 0.01029998
v 0.00064313 -0.00463968 0.01029998
v -0.00107789 -0.00317925 0.00900001
v -0.00070972 -0.00361233 0.01029998
v -0.00029678 -0.00400298 0.01029998
v -0.00166369 -0.00220674 0.00900001
v -0.00139714 -0.00270885 0.01029998
v -0.00107789 -0.00317925 0.01029998
v -0.00202668 -0.00113111 0.00900001
v -0.00187433 -0.00167876 0.01029998
v -0.00166369 -0.00220674 0.01029998
v -0.00215000 -0.00000256 0.01029998
v -0.00211895 -0.00057023 0.01029998
v -0.00202668 -0.00113111 0.01029998
v 0.00266563 0.00274975 0.00900001
v 0.00353169 0.00275022 0.00900001
v 0.00050240 -0.00100129 0.00900001
v 0.00075245 -0.00106817 0.00900001
v 0.00100267 -0.00150102 0.00900001
v 0.00569909 -0.00199872 0.00900001
v 0.00544905 -0.00193184 0.00900001
v 0.00594860 -0.00106555 0.00900001
v 0.00266540 0.00324983 0.00900001
v 0.00259852 0.00299973 0.00900001
v 0.00093555 -0.00125104 0.00900001
v 0.00359851 0.00300021 0.00900001
v 0.00353139 0.00325019 0.00900001
v 0.00526595 -0.00174897 0.00900001
v 0.00519883 -0.00149899 0.00900001
v 0.00093579 -0.00175112 0.00900001
v 0.00594902 -0.00193160 0.00900001
v 0.00613194 -0.00174850 0.00900001
v 0.00619882 -0.00149851 0.00900001
v 0.00075286 -0.00193422 0.00900001
v 0.00050294 -0.00200134 0.00900001
v 0.00526571 -0.00124889 0.00900001
v 0.00544864 -0.00106578 0.00900001
v 0.00569856 -0.00099867 0.00900001
v 0.00025290 -0.00193446 0.00900001
v 0.00025248 -0.00106841 0.00900001
v 0.00334876 0.00256712 0.00900001
v 0.00006955 -0.00125151 0.00900001
v 0.00309878 0.00250000 0.00900001
v 0.00284874 0.00256688 0.00900001
v 0.00334835 0.00343317 0.00900001
v 0.00309831 0.00350005 0.00900001
v 0.00284832 0.00343294 0.00900001
v 0.00613170 -0.00124853 0.00900001
v 0.00000268 -0.00150149 0.00900001
v 0.00006979 -0.00175148 0.00900001
v 0.00022745 -0.00498109 0.00983000
v -0.00074536 -0.00427502 0.00983000
v -0.00155020 -0.00338202 0.00983000
v -0.00215173 -0.00234132 0.00983000
v -0.00252372 -0.00119823 0.00983000
v -0.00264997 -0.00000279 0.00983000
v -0.00252492 0.00119276 0.00983000
v 0.00487953 -0.00546771 0.00983000
v 0.00370389 -0.00571816 0.00983000
v 0.00250178 -0.00571876 0.00983000
v 0.00132584 -0.00546949 0.00983000
v 0.00369823 0.00571877 0.00983000
v 0.00487417 0.00546939 0.00983000
v 0.00597256 0.00498111 0.00983000
v 0.00694543 0.00427503 0.00983000
v 0.00775021 0.00338203 0.00983000
v 0.00835174 0.00234134 0.00983000
v 0.00872379 0.00119824 0.00983000
v 0.00885003 0.00000281 0.00983000
v 0.00022256 0.00497825 0.00983000
v 0.00132048 0.00546772 0.00983000
v 0.00249618 0.00571818 0.00983000
v -0.00215406 0.00233609 0.00983000
v -0.00155348 0.00337750 0.00983000
v -0.00074959 0.00427122 0.00983000
v 0.00775355 -0.00337749 0.00983000
v 0.00694960 -0.00427120 0.00983000
v 0.00597745 -0.00497823 0.00983000
v 0.00872492 -0.00119274 0.00983000
v 0.00835406 -0.00233620 0.00983000
v -0.00264997 -0.00000279 0.00870002
v -0.00252492 0.00119276 0.00870002
v -0.00215406 0.00233609 0.00870002
v -0.00155348 0.00337750 0.00870002
v -0.00074959 0.00427122 0.00870002
v 0.00022256 0.00497825 0.00870002
v 0.00132048 0.00546772 0.00870002
v 0.00249618 0.00571818 0.00870002
v 0.00369823 0.00571877 0.00870002
v 0.00487417 0.00546939 0.00870002
v 0.00597256 0.00498111 0.00870002
v 0.00694543 0.00427503 0.00870002
v 0.00775021 0.00338203 0.00870002
v 0.00835174 0.00234134 0.00870002
v 0.00872379 0.00119824 0.00870002
v 0.00885003 0.00000281 0.00870002
v 0.00872492 -0.00119274 0.00870002
v 0.00835406 -0.00233620 0.00870002
v 0.00775355 -0.00337749 0.00870002
v 0.00694960 -0.00427120 0.00870002
v 0.00597745 -0.00497823 0.00870002
v 0.00487953 -0.00546771 0.00870002
v 0.00370389 -0.00571816 0.00870002
v 0.00250178 -0.00571876 0.00870002
v 0.00132584 -0.00546949 0.00870002
v 0.00022745 -0.00498109 0.00870002
v -0.00074536 -0.00427502 0.00870002
v -0.00155020 -0.00338202 0.00870002
v -0.00215173 -0.00234132 0.00870002
v -0.00252372 -0.00119823 0.00870002
v 0.00006955 -0.00125151 0.00849998
v 0.00000268 -0.00150149 0.00849998
v -0.00232816 -0.00115662 0.00849998
v 0.00569909 -0.00199872 0.00849998
v 0.00594902 -0.00193160 0.00849998
v 0.00681573 -0.00412267 0.00849998
v 0.00050294 -0.00200134 0.00849998
v 0.00032740 -0.00480776 0.00849998
v 0.00025290 -0.00193446 0.00849998
v -0.00061161 -0.00412624 0.00849998
v 0.00006979 -0.00175148 0.00849998
v -0.00138843 -0.00326448 0.00849998
v -0.00196904 -0.00225990 0.00849998
v 0.00587737 -0.00480502 0.00849998
v 0.00481766 -0.00527757 0.00849998
v 0.00544905 -0.00193184 0.00849998
v 0.00075286 -0.00193422 0.00849998
v 0.00519883 -0.00149899 0.00849998
v 0.00526595 -0.00174897 0.00849998
v 0.00368285 -0.00551932 0.00849998
v 0.00252258 -0.00551992 0.00849998
v 0.00138759 -0.00527924 0.00849998
v 0.00093579 -0.00175112 0.00849998
v 0.00100267 -0.00150102 0.00849998
v 0.00526571 -0.00124889 0.00849998
v 0.00093555 -0.00125104 0.00849998
v 0.00544864 -0.00106578 0.00849998
v -0.00139165 0.00325996 0.00849998
v 0.00050240 -0.00100129 0.00849998
v -0.00197131 0.00225491 0.00849998
v 0.00025248 -0.00106841 0.00849998
v -0.00232929 0.00115127 0.00849998
v -0.00244999 -0.00000279 0.00849998
v 0.00594860 -0.00106555 0.00849998
v 0.00852817 0.00115663 0.00849998
v 0.00613170 -0.00124853 0.00849998
v 0.00865000 0.00000269 0.00849998
v 0.00619882 -0.00149851 0.00849998
v 0.00852930 -0.00115126 0.00849998
v 0.00613194 -0.00174850 0.00849998
v 0.00817132 -0.00225490 0.00849998
v 0.00759166 -0.00325995 0.00849998
v 0.00587266 0.00480778 0.00849998
v 0.00681167 0.00412626 0.00849998
v 0.00569856 -0.00099867 0.00849998
v 0.00758844 0.00326437 0.00849998
v 0.00816905 0.00225992 0.00849998
v 0.00284874 0.00256688 0.00849998
v 0.00309878 0.00250000 0.00849998
v 0.00334876 0.00256712 0.00849998
v 0.00353169 0.00275022 0.00849998
v 0.00359851 0.00300021 0.00849998
v 0.00353139 0.00325019 0.00849998
v 0.00481247 0.00527925 0.00849998
v 0.00334835 0.00343317 0.00849998
v 0.00266563 0.00274975 0.00849998
v 0.00075245 -0.00106817 0.00849998
v 0.00259852 0.00299973 0.00849998
v -0.00061572 0.00412256 0.00849998
v 0.00266540 0.00324983 0.00849998
v 0.00032264 0.00480504 0.00849998
v 0.00284832 0.00343294 0.00849998
v 0.00138235 0.00527746 0.00849998
v 0.00309831 0.00350005 0.00849998
v 0.00251716 0.00551934 0.00849998
v 0.00367742 0.00551993 0.00849998
v 0.01370000 0.00550003 0.02805001
v 0.01370000 0.00550003 0.02620000
v 0.01319998 0.00550003 0.02620000
v 0.01280003 0.00550003 0.02802319
v 0.01270002 0.00550003 0.02805001
v 0.01319998 0.00550003 0.02569998
v 0.01289999 0.00550003 0.02115000
v 0.01289999 0.00550003 0.02784998
v 0.01287323 0.00550003 0.02794999
v 0.01270002 0.00550003 0.02095002
v 0.01280003 0.00550003 0.02097679
v 0.01370000 0.00550003 0.02095002
v 0.01287323 0.00550003 0.02104998
v 0.01370000 0.00550003 0.02569998
v 0.01370000 0.00550003 0.02270002
v 0.01319998 0.00550003 0.02270002
v 0.01319998 0.00550003 0.02219999
v 0.01370000 0.00550003 0.02219999
v 0.01175165 0.00550003 0.02805001
v 0.01225167 0.00550003 0.02805001
v 0.01215165 0.00550003 0.02802319
v 0.01225167 0.00550003 0.02095002
v 0.01175165 0.00550003 0.02095002
v 0.01215165 0.00550003 0.02097679
v 0.01207846 0.00550003 0.02104998
v 0.01207846 0.00550003 0.02794999
v 0.01205164 0.00550003 0.02784998
v 0.01205164 0.00550003 0.02115000
v 0.01175165 0.00550003 0.02004999
v 0.01370000 0.00550003 0.02004999
v 0.01370000 0.00550003 0.01920003
v 0.01319998 0.00550003 0.01920003
v 0.01319998 0.00550003 0.01870001
v 0.01175165 0.00550003 0.00849998
v 0.01319998 0.00550003 0.01520002
v 0.01370000 0.00550003 0.01520002
v 0.01370000 0.00550003 0.01220000
v 0.01319998 0.00550003 0.01220000
v 0.01319998 0.00550003 0.01569999
v 0.01370000 0.00550003 0.01569999
v 0.01370000 0.00550003 0.01870001
v 0.01429999 0.00550003 0.01169998
v 0.01429999 0.00550003 0.00849998
v 0.01370000 0.00550003 0.01169998
v 0.01319998 0.00550003 0.01169998
v 0.01370000 0.00467319 0.00910002
v 0.01370000 0.00460000 0.00902677
v 0.01370000 0.00499994 0.00849998
v 0.01370000 0.00449998 0.00900001
v 0.01370000 0.00379998 0.00900001
v 0.01370000 0.00159997 0.00849998
v 0.01370000 0.00369997 0.00902677
v 0.01370000 0.00525004 0.01163304
v 0.01370000 0.00190002 0.01169998
v 0.01370000 0.00362677 0.01120001
v 0.01370000 0.00369997 0.01127321
v 0.01370000 0.00379998 0.01130003
v 0.01370000 0.00362677 0.00910002
v 0.01370000 0.00359995 0.00919998
v 0.01370000 0.00159997 0.01139999
v 0.01370000 0.00359995 0.01110000
v 0.01370000 0.00164015 0.01155001
v 0.01370000 0.00449998 0.01130003
v 0.01370000 0.00460000 0.01127321
v 0.01370000 0.00506694 0.01145000
v 0.01370000 0.00467319 0.01120001
v 0.01370000 0.00499994 0.01120001
v 0.01370000 0.00470001 0.01110000
v 0.01370000 0.00470001 0.00919998
v 0.01370000 0.00174994 0.01165980
v 0.01370000 0.00159997 0.03700000
v 0.01370000 0.00164015 0.03685004
v 0.01370000 0.00174994 0.03674025
v 0.01370000 0.00499994 0.03720004
v 0.01370000 0.00499994 0.03783006
v 0.01370000 0.00159997 0.03783006
v 0.01370000 0.00506694 0.03695006
v 0.01370000 0.00190002 0.03669995
v 0.01370000 0.00525004 0.03676695
v 0.01370000 0.00550003 0.03669995
v 0.01370000 0.00159997 0.01249999
v 0.01370000 0.00159997 0.01490003
v 0.01236283 0.00159997 0.01249999
v 0.01236283 0.00159997 0.01490003
v 0.01236283 0.00159997 0.01139999
v 0.01236283 0.00159997 0.00849998
v 0.01370000 0.00159997 0.01599998
v 0.01370000 0.00159997 0.01840002
v 0.01236283 0.00159997 0.01599998
v 0.01236283 0.00159997 0.01840002
v 0.01370000 0.00159997 0.01950002
v 0.01370000 0.00159997 0.02190000
v 0.01236283 0.00159997 0.01950002
v 0.01236283 0.00159997 0.02190000
v 0.01370000 0.00159997 0.02300001
v 0.01370000 0.00159997 0.02539999
v 0.01236283 0.00159997 0.02300001
v 0.01236283 0.00159997 0.02539999
v 0.01370000 0.00159997 0.02650005
v 0.01370000 0.00159997 0.02889997
v 0.01236283 0.00159997 0.02650005
v 0.01236283 0.00159997 0.02889997
v 0.01370000 0.00159997 0.03000003
v 0.01370000 0.00159997 0.03239996
v 0.01236283 0.00159997 0.03000003
v 0.01236283 0.00159997 0.03239996
v 0.01370000 0.00159997 0.03350002
v 0.01370000 0.00159997 0.03590006
v 0.01236283 0.00159997 0.03350002
v 0.01236283 0.00159997 0.03590006
v 0.01370000 0.00190002 0.01220000
v 0.01370000 0.00190002 0.01520002
v 0.01370000 0.00164015 0.01235003
v 0.01370000 0.00174994 0.01224017
v 0.01370000 0.00164015 0.01505000
v 0.01370000 0.00174994 0.01515979
v 0.01370000 0.00190002 0.01569999
v 0.01370000 0.00190002 0.01870001
v 0.01370000 0.00164015 0.01585001
v 0.01370000 0.00174994 0.01574022
v 0.01370000 0.00164015 0.01854998
v 0.01370000 0.00174994 0.01865983
v 0.01370000 0.00190002 0.01920003
v 0.01370000 0.00190002 0.02219999
v 0.01370000 0.00572497 0.02011031
v 0.01370000 0.00588972 0.02027500
v 0.01370000 0.00595004 0.02050001
v 0.01370000 0.00588972 0.02072502
v 0.01370000 0.00164015 0.01935000
v 0.01370000 0.00174994 0.01924020
v 0.01370000 0.00164015 0.02205003
v 0.01370000 0.00174994 0.02215982
v 0.01370000 0.00572497 0.02088970
v 0.01370000 0.00190002 0.02270002
v 0.01370000 0.00190002 0.02569998
v 0.01370000 0.00164015 0.02284998
v 0.01370000 0.00174994 0.02274019
v 0.01370000 0.00164015 0.02555001
v 0.01370000 0.00174994 0.02565980
v 0.01370000 0.00190002 0.02620000
v 0.01370000 0.00174994 0.02915985
v 0.01370000 0.00164015 0.02905006
v 0.01370000 0.00550003 0.02920002
v 0.01370000 0.00190002 0.02920002
v 0.01370000 0.00550003 0.02895004
v 0.01370000 0.00588972 0.02872497
v 0.01370000 0.00572497 0.02888972
v 0.01370000 0.00164015 0.02635003
v 0.01370000 0.00174994 0.02624017
v 0.01370000 0.00595004 0.02850002
v 0.01370000 0.00588972 0.02827496
v 0.01370000 0.00572497 0.02811033
v 0.01370000 0.00190002 0.03270001
v 0.01370000 0.00174994 0.03265983
v 0.01370000 0.00164015 0.03255004
v 0.01370000 0.00164015 0.02984995
v 0.01370000 0.00174994 0.02974016
v 0.01370000 0.00190002 0.02969998
v 0.01370000 0.00550003 0.02969998
v 0.01370000 0.00550003 0.03270001
v 0.01370000 0.00190002 0.03619999
v 0.01370000 0.00174994 0.03615982
v 0.01370000 0.00164015 0.03605003
v 0.01370000 0.00164015 0.03335005
v 0.01370000 0.00174994 0.03324014
v 0.01370000 0.00190002 0.03319997
v 0.01370000 0.00550003 0.03319997
v 0.01370000 0.00550003 0.03619999
v 0.01269459 0.00281853 0.00849998
v 0.01269459 0.00281853 0.03850001
v 0.01228898 0.00394494 0.00849998
v 0.01228898 0.00394494 0.03850001
v 0.01175165 0.00501484 0.00849998
v 0.01175165 0.00501484 0.03850001
v 0.01244706 0.00250000 0.00849998
v 0.01244706 0.00250000 0.03850001
v 0.01216149 0.00250000 0.03850001
v 0.01236105 0.00161023 0.01147765
v 0.01233565 0.00175018 0.01155001
v 0.01235580 0.00164015 0.01155001
v 0.01234722 0.00168807 0.01161230
v 0.01226246 0.00209994 0.01169998
v 0.01230597 0.00190002 0.01169998
v 0.01233565 0.00174994 0.01165980
v 0.01226246 0.00209994 0.01220000
v 0.01230597 0.00190002 0.01220000
v 0.01233565 0.00175018 0.01235003
v 0.01233565 0.00174994 0.01224017
v 0.01234722 0.00168795 0.01228780
v 0.01235580 0.00164015 0.01235003
v 0.01236105 0.00161023 0.01497764
v 0.01233565 0.00175018 0.01505000
v 0.01235580 0.00164015 0.01505000
v 0.01234722 0.00168807 0.01511228
v 0.01226246 0.00209994 0.01520002
v 0.01230597 0.00190002 0.01520002
v 0.01233565 0.00174994 0.01515979
v 0.01230597 0.00190002 0.01569999
v 0.01233565 0.00174994 0.01574022
v 0.01226246 0.00209994 0.01569999
v 0.01234722 0.00168795 0.01578778
v 0.01235580 0.00164015 0.01585001
v 0.01236105 0.00161035 0.01592201
v 0.01234722 0.00168807 0.01861227
v 0.01233565 0.00174994 0.01865983
v 0.01230597 0.00190002 0.01870001
v 0.01236105 0.00161023 0.01847762
v 0.01233565 0.00175018 0.01854998
v 0.01235580 0.00164015 0.01854998
v 0.01226246 0.00209994 0.01870001
v 0.01226246 0.00209994 0.01920003
v 0.01236105 0.00161035 0.01242197
v 0.01230597 0.00190002 0.01920003
v 0.01233565 0.00175018 0.01935000
v 0.01233565 0.00174994 0.01924020
v 0.01234722 0.00168795 0.01928777
v 0.01235580 0.00164015 0.01935000
v 0.01236105 0.00161023 0.02197767
v 0.01233565 0.00175018 0.02205003
v 0.01235580 0.00164015 0.02205003
v 0.01234722 0.00168807 0.02211231
v 0.01226246 0.00209994 0.02219999
v 0.01230597 0.00190002 0.02219999
v 0.01233565 0.00174994 0.02215982
v 0.01236283 0.00159997 0.03700000
v 0.01236283 0.00159997 0.03850001
v 0.01230597 0.00190002 0.02270002
v 0.01233565 0.00174994 0.02274019
v 0.01226246 0.00209994 0.02270002
v 0.01234722 0.00168795 0.02278781
v 0.01235580 0.00164015 0.02284998
v 0.01236105 0.00161035 0.02292198
v 0.01234722 0.00168807 0.02561230
v 0.01233565 0.00174994 0.02565980
v 0.01230597 0.00190002 0.02569998
v 0.01236105 0.00161023 0.02547765
v 0.01233565 0.00175018 0.02555001
v 0.01235580 0.00164015 0.02555001
v 0.01226246 0.00209994 0.02569998
v 0.01226246 0.00209994 0.02620000
v 0.01236105 0.00161035 0.01942200
v 0.01230597 0.00190002 0.02620000
v 0.01233565 0.00175018 0.02635003
v 0.01233565 0.00174994 0.02624017
v 0.01234722 0.00168795 0.02628780
v 0.01235580 0.00164015 0.02635003
v 0.01236105 0.00161023 0.02897770
v 0.01233565 0.00175018 0.02905006
v 0.01235580 0.00164015 0.02905006
v 0.01234722 0.00168807 0.02911228
v 0.01226246 0.00209994 0.02920002
v 0.01230597 0.00190002 0.02920002
v 0.01233565 0.00174994 0.02915985
v 0.01226246 0.00209994 0.02969998
v 0.01230597 0.00190002 0.02969998
v 0.01233565 0.00175018 0.02984995
v 0.01235580 0.00164015 0.02984995
v 0.01236105 0.00161035 0.02992195
v 0.01233565 0.00174994 0.02974016
v 0.01234722 0.00168795 0.02978784
v 0.01234722 0.00168807 0.03261227
v 0.01233565 0.00174994 0.03265983
v 0.01230597 0.00190002 0.03270001
v 0.01236105 0.00161023 0.03247768
v 0.01233565 0.00175018 0.03255004
v 0.01235580 0.00164015 0.03255004
v 0.01226246 0.00209994 0.03270001
v 0.01226246 0.00209994 0.03319997
v 0.01236105 0.00161035 0.02642197
v 0.01230597 0.00190002 0.03319997
v 0.01233565 0.00175018 0.03335005
v 0.01233565 0.00174994 0.03324014
v 0.01234722 0.00168795 0.03328783
v 0.01235580 0.00164015 0.03335005
v 0.01236105 0.00161023 0.03597767
v 0.01233565 0.00175018 0.03605003
v 0.01235580 0.00164015 0.03605003
v 0.01234722 0.00168807 0.03611225
v 0.01226246 0.00209994 0.03619999
v 0.01230597 0.00190002 0.03619999
v 0.01233565 0.00174994 0.03615982
v 0.01226246 0.00209994 0.03669995
v 0.01230597 0.00190002 0.03669995
v 0.01233565 0.00175018 0.03685004
v 0.01233565 0.00174994 0.03674025
v 0.01234722 0.00168795 0.03678781
v 0.01235580 0.00164015 0.03685004
v 0.01236105 0.00161035 0.03692204
v 0.01236105 0.00161035 0.03342194
v 0.01429999 0.00499994 0.00849998
v 0.01256954 0.00247390 0.00849998
v 0.01267069 0.00239999 0.00849998
v 0.01287543 0.00238223 0.00849998
v 0.01280713 0.00235207 0.00849998
v 0.01273274 0.00235850 0.00849998
v 0.01292067 0.00244171 0.00849998
v 0.01293164 0.00251562 0.00849998
v 0.01290565 0.00258560 0.00849998
v 0.01284909 0.00263435 0.00849998
v 0.01275259 0.00271029 0.00849998
v 0.01273274 0.00235850 0.03850001
v 0.01267069 0.00239999 0.03850001
v 0.01292067 0.00244171 0.03850001
v 0.01287543 0.00238223 0.03850001
v 0.01399999 0.00159997 0.03850001
v 0.01275259 0.00271029 0.03850001
v 0.01284909 0.00263435 0.03850001
v 0.01256954 0.00247390 0.03850001
v 0.01175165 0.00550003 0.03850001
v 0.01399999 0.00550003 0.03850001
v 0.01280713 0.00235207 0.03850001
v 0.01290565 0.00258560 0.03850001
v 0.01293164 0.00251562 0.03850001
v 0.01429999 0.00159997 0.03819996
v 0.01425981 0.00159997 0.03835005
v 0.01415002 0.00159997 0.03845984
v 0.01429999 0.00159997 0.03783006
v 0.01319998 0.00550003 0.03619999
v 0.01319998 0.00239999 0.03619999
v 0.01315981 0.00225002 0.03619999
v 0.01289999 0.00209994 0.03619999
v 0.01305002 0.00214023 0.03619999
v 0.01319998 0.00550003 0.03669995
v 0.01319998 0.00239999 0.03669995
v 0.01315981 0.00225002 0.03669995
v 0.01305002 0.00214023 0.03669995
v 0.01289999 0.00209994 0.03669995
v 0.01319998 0.00550003 0.03270001
v 0.01319998 0.00239999 0.03270001
v 0.01315981 0.00225002 0.03270001
v 0.01289999 0.00209994 0.03270001
v 0.01305002 0.00214023 0.03270001
v 0.01319998 0.00550003 0.03319997
v 0.01319998 0.00239999 0.03319997
v 0.01315981 0.00225002 0.03319997
v 0.01305002 0.00214023 0.03319997
v 0.01289999 0.00209994 0.03319997
v 0.01319998 0.00550003 0.02920002
v 0.01319998 0.00239999 0.02920002
v 0.01315981 0.00225002 0.02920002
v 0.01289999 0.00209994 0.02920002
v 0.01305002 0.00214023 0.02920002
v 0.01319998 0.00550003 0.02969998
v 0.01319998 0.00239999 0.02969998
v 0.01315981 0.00225002 0.02969998
v 0.01305002 0.00214023 0.02969998
v 0.01289999 0.00209994 0.02969998
v 0.01319998 0.00239999 0.02569998
v 0.01315981 0.00225002 0.02569998
v 0.01289999 0.00209994 0.02569998
v 0.01305002 0.00214023 0.02569998
v 0.01319998 0.00239999 0.02620000
v 0.01315981 0.00225002 0.02620000
v 0.01305002 0.00214023 0.02620000
v 0.01289999 0.00209994 0.02620000
v 0.01319998 0.00239999 0.02219999
v 0.01315981 0.00225002 0.02219999
v 0.01289999 0.00209994 0.02219999
v 0.01305002 0.00214023 0.02219999
v 0.01319998 0.00239999 0.02270002
v 0.01315981 0.00225002 0.02270002
v 0.01305002 0.00214023 0.02270002
v 0.01289999 0.00209994 0.02270002
v 0.01319998 0.00239999 0.01870001
v 0.01315981 0.00225002 0.01870001
v 0.01289999 0.00209994 0.01870001
v 0.01305002 0.00214023 0.01870001
v 0.01319998 0.00239999 0.01920003
v 0.01315981 0.00225002 0.01920003
v 0.01305002 0.00214023 0.01920003
v 0.01289999 0.00209994 0.01920003
v 0.01319998 0.00239999 0.01520002
v 0.01315981 0.00225002 0.01520002
v 0.01289999 0.00209994 0.01520002
v 0.01305002 0.00214023 0.01520002
v 0.01319998 0.00239999 0.01569999
v 0.01315981 0.00225002 0.01569999
v 0.01305002 0.00214023 0.01569999
v 0.01289999 0.00209994 0.01569999
v 0.01319998 0.00239999 0.01169998
v 0.01315981 0.00225002 0.01169998
v 0.01289999 0.00209994 0.01169998
v 0.01305002 0.00214023 0.01169998
v 0.01319998 0.00239999 0.01220000
v 0.01315981 0.00225002 0.01220000
v 0.01305002 0.00214023 0.01220000
v 0.01289999 0.00209994 0.01220000
v 0.01429999 0.00550003 0.03669995
v 0.01429999 0.00550003 0.03819996
v 0.01425981 0.00550003 0.03835005
v 0.01415002 0.00550003 0.03845984
v 0.01175165 0.00550003 0.02895004
v 0.01429999 0.00499994 0.03783006
v 0.01429999 0.00499994 0.03720004
v 0.01429999 0.00506694 0.03695006
v 0.01429999 0.00525004 0.03676695
v 0.01429999 0.00499994 0.01120001
v 0.01429999 0.00506694 0.01145000
v 0.01429999 0.00525004 0.01163304
v 0.01289999 0.00470001 0.00919998
v 0.01289999 0.00470001 0.01110000
v 0.01289999 0.00379998 0.00900001
v 0.01289999 0.00449998 0.00900001
v 0.01289999 0.00359995 0.01110000
v 0.01289999 0.00359995 0.00919998
v 0.01289999 0.00449998 0.01130003
v 0.01289999 0.00379998 0.01130003
v 0.01270002 0.00449998 0.01110000
v 0.01270002 0.00379998 0.01110000
v 0.01270002 0.00449998 0.00919998
v 0.01270002 0.00379998 0.00919998
v 0.01289999 0.00362677 0.01120001
v 0.01289999 0.00369997 0.01127321
v 0.01289999 0.00460000 0.01127321
v 0.01289999 0.00467319 0.01120001
v 0.01289999 0.00369997 0.00902677
v 0.01289999 0.00362677 0.00910002
v 0.01289999 0.00467319 0.00910002
v 0.01289999 0.00460000 0.00902677
v 0.01175165 0.00572497 0.02888972
v 0.01175165 0.00588972 0.02872497
v 0.01175165 0.00595004 0.02850002
v 0.01175165 0.00588972 0.02827496
v 0.01175165 0.00572497 0.02811033
v 0.01175165 0.00572497 0.02088970
v 0.01175165 0.00588972 0.02072502
v 0.01175165 0.00595004 0.02050001
v 0.01175165 0.00572497 0.02011031
v 0.01175165 0.00588972 0.02027500
v 0.01270002 0.00519998 0.02095002
v 0.01225167 0.00519998 0.02095002
v 0.01289999 0.00519998 0.02784998
v 0.01289999 0.00519998 0.02115000
v 0.01225167 0.00519998 0.02805001
v 0.01270002 0.00519998 0.02805001
v 0.01205164 0.00519998 0.02115000
v 0.01205164 0.00519998 0.02784998
v 0.01225167 0.00499994 0.02115000
v 0.01225167 0.00499994 0.02784998
v 0.01270002 0.00499994 0.02115000
v 0.01270002 0.00499994 0.02784998
v 0.01215165 0.00519998 0.02802319
v 0.01207846 0.00519998 0.02794999
v 0.01287323 0.00519998 0.02794999
v 0.01280003 0.00519998 0.02802319
v 0.01207846 0.00519998 0.02104998
v 0.01215165 0.00519998 0.02097679
v 0.01280003 0.00519998 0.02097679
v 0.01287323 0.00519998 0.02104998
v 0.01278662 0.00502676 0.02790004
v 0.01280003 0.00502676 0.02784998
v 0.01275003 0.00502676 0.02793664
v 0.01270002 0.00502676 0.02794999
v 0.01270002 0.00509996 0.02802319
v 0.01278662 0.00509996 0.02800006
v 0.01284998 0.00509996 0.02793664
v 0.01287323 0.00509996 0.02784998
v 0.01287323 0.00509996 0.02115000
v 0.01280003 0.00502676 0.02115000
v 0.01225167 0.00509996 0.02802319
v 0.01225167 0.00502676 0.02794999
v 0.01275003 0.00502676 0.02106339
v 0.01270002 0.00502676 0.02104998
v 0.01278662 0.00502676 0.02109999
v 0.01284998 0.00509996 0.02106339
v 0.01278662 0.00509996 0.02100003
v 0.01270002 0.00509996 0.02097679
v 0.01220166 0.00502676 0.02793664
v 0.01216507 0.00502676 0.02790004
v 0.01215165 0.00502676 0.02784998
v 0.01207846 0.00509996 0.02784998
v 0.01210165 0.00509996 0.02793664
v 0.01216507 0.00509996 0.02800006
v 0.01225167 0.00509996 0.02097679
v 0.01225167 0.00502676 0.02104998
v 0.01207846 0.00509996 0.02115000
v 0.01215165 0.00502676 0.02115000
v 0.01216507 0.00502676 0.02109999
v 0.01220166 0.00502676 0.02106339
v 0.01216507 0.00509996 0.02100003
v 0.01210165 0.00509996 0.02106339
v 0.01272678 0.00375003 0.00911337
v 0.01272678 0.00379998 0.00910002
v 0.01272678 0.00371344 0.00915003
v 0.01272678 0.00369997 0.00919998
v 0.01280003 0.00362677 0.00919998
v 0.01280003 0.00365002 0.00911337
v 0.01280003 0.00371344 0.00905001
v 0.01280003 0.00379998 0.00902677
v 0.01280003 0.00449998 0.00902677
v 0.01272678 0.00449998 0.00910002
v 0.01280003 0.00362677 0.01110000
v 0.01272678 0.00369997 0.01110000
v 0.01272678 0.00458664 0.00915003
v 0.01272678 0.00460000 0.00919998
v 0.01272678 0.00455005 0.00911337
v 0.01280003 0.00458664 0.00905001
v 0.01280003 0.00464994 0.00911337
v 0.01280003 0.00467319 0.00919998
v 0.01272678 0.00371344 0.01115001
v 0.01272678 0.00375003 0.01118660
v 0.01272678 0.00379998 0.01120001
v 0.01280003 0.00379998 0.01127321
v 0.01280003 0.00371344 0.01125002
v 0.01280003 0.00365002 0.01118660
v 0.01280003 0.00467319 0.01110000
v 0.01272678 0.00460000 0.01110000
v 0.01280003 0.00449998 0.01127321
v 0.01272678 0.00449998 0.01120001
v 0.01272678 0.00455005 0.01118660
v 0.01272678 0.00458664 0.01115001
v 0.01280003 0.00464994 0.01118660
v 0.01280003 0.00458664 0.01125002
v 0.01370000 -0.00550001 0.02095002
v 0.01370000 -0.00550001 0.02219999
v 0.01319998 -0.00550001 0.02219999
v 0.01289999 -0.00550001 0.02115000
v 0.01287323 -0.00550001 0.02104998
v 0.01280003 -0.00550001 0.02097679
v 0.01270002 -0.00550001 0.02095002
v 0.01370000 -0.00550001 0.02270002
v 0.01370000 -0.00550001 0.02569998
v 0.01319998 -0.00550001 0.02270002
v 0.01319998 -0.00550001 0.02569998
v 0.01289999 -0.00550001 0.02784998
v 0.01319998 -0.00550001 0.02620000
v 0.01370000 -0.00550001 0.02805001
v 0.01270002 -0.00550001 0.02805001
v 0.01280003 -0.00550001 0.02802319
v 0.01370000 -0.00550001 0.02620000
v 0.01287323 -0.00550001 0.02794999
v 0.01370000 -0.00550001 0.02895004
v 0.01370000 -0.00550001 0.02920002
v 0.01319998 -0.00550001 0.02920002
v 0.01370000 -0.00550001 0.02969998
v 0.01370000 -0.00550001 0.03270001
v 0.01319998 -0.00550001 0.02969998
v 0.01319998 -0.00550001 0.03270001
v 0.01175165 -0.00550001 0.02895004
v 0.01175165 -0.00550001 0.03850001
v 0.01319998 -0.00550001 0.03319997
v 0.01370000 -0.00550001 0.03319997
v 0.01370000 -0.00550001 0.03619999
v 0.01319998 -0.00550001 0.03619999
v 0.01319998 -0.00550001 0.03669995
v 0.01399999 -0.00550001 0.03850001
v 0.01370000 -0.00550001 0.03669995
v 0.01425981 -0.00550001 0.03835005
v 0.01415002 -0.00550001 0.03845984
v 0.01429999 -0.00550001 0.03819996
v 0.01429999 -0.00550001 0.03669995
v 0.01175165 -0.00550001 0.02095002
v 0.01225167 -0.00550001 0.02095002
v 0.01215165 -0.00550001 0.02097679
v 0.01225167 -0.00550001 0.02805001
v 0.01175165 -0.00550001 0.02805001
v 0.01215165 -0.00550001 0.02802319
v 0.01207846 -0.00550001 0.02794999
v 0.01207846 -0.00550001 0.02104998
v 0.01205164 -0.00550001 0.02115000
v 0.01205164 -0.00550001 0.02784998
v 0.01370000 -0.00362676 0.00910002
v 0.01370000 -0.00369995 0.00902677
v 0.01370000 -0.00159996 0.00849998
v 0.01370000 -0.00379997 0.00900001
v 0.01370000 -0.00500005 0.00849998
v 0.01370000 -0.00449996 0.00900001
v 0.01370000 -0.00459998 0.00902677
v 0.01370000 -0.00506704 0.01145000
v 0.01370000 -0.00459998 0.01127321
v 0.01370000 -0.00525003 0.01163304
v 0.01370000 -0.00449996 0.01130003
v 0.01370000 -0.00379997 0.01130003
v 0.01370000 -0.00190001 0.01169998
v 0.01370000 -0.00550001 0.01169998
v 0.01370000 -0.00159996 0.01139999
v 0.01370000 -0.00360005 0.01110000
v 0.01370000 -0.00360005 0.00919998
v 0.01370000 -0.00369995 0.01127321
v 0.01370000 -0.00362676 0.01120001
v 0.01370000 -0.00175005 0.01165980
v 0.01370000 -0.00164025 0.01155001
v 0.01370000 -0.00467318 0.00910002
v 0.01370000 -0.00470000 0.00919998
v 0.01370000 -0.00500005 0.01120001
v 0.01370000 -0.00470000 0.01110000
v 0.01370000 -0.00467318 0.01120001
v 0.01370000 -0.00525003 0.03676695
v 0.01370000 -0.00190001 0.03669995
v 0.01370000 -0.00175005 0.03674025
v 0.01370000 -0.00500005 0.03720004
v 0.01370000 -0.00506704 0.03695006
v 0.01370000 -0.00159996 0.03783006
v 0.01370000 -0.00500005 0.03783006
v 0.01370000 -0.00159996 0.03700000
v 0.01370000 -0.00164025 0.03685004
v 0.01236283 -0.00159996 0.01139999
v 0.01236283 -0.00159996 0.00849998
v 0.01370000 -0.00159996 0.01490003
v 0.01370000 -0.00159996 0.01249999
v 0.01236283 -0.00159996 0.01490003
v 0.01236283 -0.00159996 0.01249999
v 0.01370000 -0.00159996 0.01840002
v 0.01370000 -0.00159996 0.01599998
v 0.01236283 -0.00159996 0.01840002
v 0.01236283 -0.00159996 0.01599998
v 0.01370000 -0.00159996 0.02190000
v 0.01370000 -0.00159996 0.01950002
v 0.01236283 -0.00159996 0.02190000
v 0.01236283 -0.00159996 0.01950002
v 0.01370000 -0.00159996 0.02539999
v 0.01370000 -0.00159996 0.02300001
v 0.01236283 -0.00159996 0.02539999
v 0.01236283 -0.00159996 0.02300001
v 0.01370000 -0.00159996 0.02889997
v 0.01370000 -0.00159996 0.02650005
v 0.01236283 -0.00159996 0.02889997
v 0.01236283 -0.00159996 0.02650005
v 0.01370000 -0.00159996 0.03239996
v 0.01370000 -0.00159996 0.03000003
v 0.01236283 -0.00159996 0.03239996
v 0.01236283 -0.00159996 0.03000003
v 0.01370000 -0.00159996 0.03590006
v 0.01370000 -0.00159996 0.03350002
v 0.01236283 -0.00159996 0.03590006
v 0.01236283 -0.00159996 0.03350002
v 0.01370000 -0.00550001 0.01520002
v 0.01370000 -0.00550001 0.01220000
v 0.01370000 -0.00190001 0.01520002
v 0.01370000 -0.00190001 0.01220000
v 0.01370000 -0.00164025 0.01505000
v 0.01370000 -0.00175005 0.01515979
v 0.01370000 -0.00164025 0.01235003
v 0.01370000 -0.00175005 0.01224017
v 0.01370000 -0.00550001 0.01870001
v 0.01370000 -0.00550001 0.01569999
v 0.01370000 -0.00190001 0.01870001
v 0.01370000 -0.00190001 0.01569999
v 0.01370000 -0.00164025 0.01854998
v 0.01370000 -0.00175005 0.01865983
v 0.01370000 -0.00164025 0.01585001
v 0.01370000 -0.00175005 0.01574022
v 0.01370000 -0.00190001 0.02219999
v 0.01370000 -0.00190001 0.01920003
v 0.01370000 -0.00164025 0.02205003
v 0.01370000 -0.00175005 0.02215982
v 0.01370000 -0.00164025 0.01935000
v 0.01370000 -0.00175005 0.01924020
v 0.01370000 -0.00572496 0.02088970
v 0.01370000 -0.00588971 0.02072502
v 0.01370000 -0.00595003 0.02050001
v 0.01370000 -0.00550001 0.01920003
v 0.01370000 -0.00550001 0.02004999
v 0.01370000 -0.00572496 0.02011031
v 0.01370000 -0.00588971 0.02027500
v 0.01370000 -0.00190001 0.02569998
v 0.01370000 -0.00190001 0.02270002
v 0.01370000 -0.00164025 0.02555001
v 0.01370000 -0.00175005 0.02565980
v 0.01370000 -0.00164025 0.02284998
v 0.01370000 -0.00175005 0.02274019
v 0.01370000 -0.00190001 0.02920002
v 0.01370000 -0.00190001 0.02620000
v 0.01370000 -0.00572496 0.02888972
v 0.01370000 -0.00588971 0.02872497
v 0.01370000 -0.00164025 0.02905006
v 0.01370000 -0.00175005 0.02915985
v 0.01370000 -0.00164025 0.02635003
v 0.01370000 -0.00175005 0.02624017
v 0.01370000 -0.00595003 0.02850002
v 0.01370000 -0.00588971 0.02827496
v 0.01370000 -0.00572496 0.02811033
v 0.01370000 -0.00190001 0.02969998
v 0.01370000 -0.00175005 0.02974016
v 0.01370000 -0.00164025 0.02984995
v 0.01370000 -0.00164025 0.03255004
v 0.01370000 -0.00175005 0.03265983
v 0.01370000 -0.00190001 0.03270001
v 0.01370000 -0.00190001 0.03319997
v 0.01370000 -0.00175005 0.03324014
v 0.01370000 -0.00164025 0.03335005
v 0.01370000 -0.00164025 0.03605003
v 0.01370000 -0.00175005 0.03615982
v 0.01370000 -0.00190001 0.03619999
v 0.01256954 -0.00247388 0.03850001
v 0.01267069 -0.00239997 0.03850001
v 0.01244706 -0.00249999 0.03850001
v 0.01236283 -0.00159996 0.03850001
v 0.01216149 -0.00249999 0.03850001
v 0.01287543 -0.00238233 0.03850001
v 0.01399999 -0.00159996 0.03850001
v 0.01280713 -0.00235205 0.03850001
v 0.01273274 -0.00235849 0.03850001
v 0.01292067 -0.00244170 0.03850001
v 0.01293164 -0.00251561 0.03850001
v 0.01290565 -0.00258558 0.03850001
v 0.01284909 -0.00263434 0.03850001
v 0.01275259 -0.00271028 0.03850001
v 0.01175165 -0.00501483 0.03850001
v 0.01228898 -0.00394505 0.03850001
v 0.01269459 -0.00281864 0.03850001
v 0.01429999 -0.00500005 0.00849998
v 0.01429999 -0.00550001 0.00849998
v 0.01175165 -0.00550001 0.00849998
v 0.01273274 -0.00235849 0.00849998
v 0.01267069 -0.00239997 0.00849998
v 0.01292067 -0.00244170 0.00849998
v 0.01287543 -0.00238233 0.00849998
v 0.01269459 -0.00281864 0.00849998
v 0.01275259 -0.00271028 0.00849998
v 0.01284909 -0.00263434 0.00849998
v 0.01256954 -0.00247388 0.00849998
v 0.01244706 -0.00249999 0.00849998
v 0.01175165 -0.00501483 0.00849998
v 0.01228898 -0.00394505 0.00849998
v 0.01280713 -0.00235205 0.00849998
v 0.01290565 -0.00258558 0.00849998
v 0.01293164 -0.00251561 0.00849998
v 0.01236283 -0.00159996 0.03700000
v 0.01236105 -0.00161021 0.03692240
v 0.01233565 -0.00175028 0.03685004
v 0.01235580 -0.00164025 0.03685004
v 0.01234722 -0.00168806 0.03678769
v 0.01226246 -0.00210004 0.03669995
v 0.01230597 -0.00190001 0.03669995
v 0.01233565 -0.00175005 0.03674025
v 0.01226246 -0.00210004 0.03619999
v 0.01230597 -0.00190001 0.03619999
v 0.01233565 -0.00175028 0.03605003
v 0.01233565 -0.00175005 0.03615982
v 0.01234722 -0.00168794 0.03611225
v 0.01235580 -0.00164025 0.03605003
v 0.01236105 -0.00161021 0.03342241
v 0.01233565 -0.00175028 0.03335005
v 0.01235580 -0.00164025 0.03335005
v 0.01234722 -0.00168806 0.03328771
v 0.01226246 -0.00210004 0.03319997
v 0.01230597 -0.00190001 0.03319997
v 0.01233565 -0.00175005 0.03324014
v 0.01230597 -0.00190001 0.03270001
v 0.01233565 -0.00175005 0.03265983
v 0.01226246 -0.00210004 0.03270001
v 0.01234722 -0.00168794 0.03261227
v 0.01235580 -0.00164025 0.03255004
v 0.01236105 -0.00161033 0.03247804
v 0.01234722 -0.00168806 0.02978772
v 0.01233565 -0.00175005 0.02974016
v 0.01230597 -0.00190001 0.02969998
v 0.01236105 -0.00161021 0.02992231
v 0.01233565 -0.00175028 0.02984995
v 0.01235580 -0.00164025 0.02984995
v 0.01226246 -0.00210004 0.02969998
v 0.01226246 -0.00210004 0.02920002
v 0.01236105 -0.00161033 0.03597802
v 0.01230597 -0.00190001 0.02920002
v 0.01233565 -0.00175028 0.02905006
v 0.01233565 -0.00175005 0.02915985
v 0.01234722 -0.00168794 0.02911216
v 0.01235580 -0.00164025 0.02905006
v 0.01236105 -0.00161021 0.02642239
v 0.01233565 -0.00175028 0.02635003
v 0.01235580 -0.00164025 0.02635003
v 0.01234722 -0.00168806 0.02628774
v 0.01226246 -0.00210004 0.02620000
v 0.01230597 -0.00190001 0.02620000
v 0.01233565 -0.00175005 0.02624017
v 0.01230597 -0.00190001 0.02569998
v 0.01233565 -0.00175005 0.02565980
v 0.01226246 -0.00210004 0.02569998
v 0.01234722 -0.00168794 0.02561224
v 0.01235580 -0.00164025 0.02555001
v 0.01236105 -0.00161033 0.02547801
v 0.01234722 -0.00168806 0.02278769
v 0.01233565 -0.00175005 0.02274019
v 0.01230597 -0.00190001 0.02270002
v 0.01236105 -0.00161021 0.02292234
v 0.01233565 -0.00175028 0.02284998
v 0.01235580 -0.00164025 0.02284998
v 0.01226246 -0.00210004 0.02270002
v 0.01226246 -0.00210004 0.02219999
v 0.01236105 -0.00161033 0.02897805
v 0.01230597 -0.00190001 0.02219999
v 0.01233565 -0.00175028 0.02205003
v 0.01233565 -0.00175005 0.02215982
v 0.01234722 -0.00168794 0.02211219
v 0.01235580 -0.00164025 0.02205003
v 0.01236105 -0.00161021 0.01942236
v 0.01233565 -0.00175028 0.01935000
v 0.01235580 -0.00164025 0.01935000
v 0.01234722 -0.00168806 0.01928771
v 0.01226246 -0.00210004 0.01920003
v 0.01230597 -0.00190001 0.01920003
v 0.01233565 -0.00175005 0.01924020
v 0.01226246 -0.00210004 0.01870001
v 0.01230597 -0.00190001 0.01870001
v 0.01233565 -0.00175028 0.01854998
v 0.01235580 -0.00164025 0.01854998
v 0.01236105 -0.00161033 0.01847804
v 0.01233565 -0.00175005 0.01865983
v 0.01234722 -0.00168794 0.01861221
v 0.01234722 -0.00168806 0.01578772
v 0.01233565 -0.00175005 0.01574022
v 0.01230597 -0.00190001 0.01569999
v 0.01236105 -0.00161021 0.01592237
v 0.01233565 -0.00175028 0.01585001
v 0.01235580 -0.00164025 0.01585001
v 0.01226246 -0.00210004 0.01569999
v 0.01226246 -0.00210004 0.01520002
v 0.01236105 -0.00161033 0.02197802
v 0.01230597 -0.00190001 0.01520002
v 0.01233565 -0.00175028 0.01505000
v 0.01233565 -0.00175005 0.01515979
v 0.01234722 -0.00168794 0.01511222
v 0.01235580 -0.00164025 0.01505000
v 0.01236105 -0.00161021 0.01242239
v 0.01233565 -0.00175028 0.01235003
v 0.01235580 -0.00164025 0.01235003
v 0.01234722 -0.00168806 0.01228774
v 0.01226246 -0.00210004 0.01220000
v 0.01230597 -0.00190001 0.01220000
v 0.01233565 -0.00175005 0.01224017
v 0.01226246 -0.00210004 0.01169998
v 0.01230597 -0.00190001 0.01169998
v 0.01233565 -0.00175028 0.01155001
v 0.01233565 -0.00175005 0.01165980
v 0.01234722 -0.00168794 0.01161224
v 0.01235580 -0.00164025 0.01155001
v 0.01236105 -0.00161033 0.01147801
v 0.01236105 -0.00161033 0.01497799
v 0.01429999 -0.00159996 0.03819996
v 0.01429999 -0.00159996 0.03783006
v 0.01415002 -0.00159996 0.03845984
v 0.01425981 -0.00159996 0.03835005
v 0.01319998 -0.00239997 0.03619999
v 0.01315981 -0.00225001 0.03619999
v 0.01305002 -0.00214022 0.03619999
v 0.01289999 -0.00210004 0.03619999
v 0.01319998 -0.00239997 0.03669995
v 0.01315981 -0.00225001 0.03669995
v 0.01289999 -0.00210004 0.03669995
v 0.01305002 -0.00214022 0.03669995
v 0.01319998 -0.00239997 0.03270001
v 0.01315981 -0.00225001 0.03270001
v 0.01305002 -0.00214022 0.03270001
v 0.01289999 -0.00210004 0.03270001
v 0.01319998 -0.00239997 0.03319997
v 0.01315981 -0.00225001 0.03319997
v 0.01289999 -0.00210004 0.03319997
v 0.01305002 -0.00214022 0.03319997
v 0.01319998 -0.00239997 0.02920002
v 0.01315981 -0.00225001 0.02920002
v 0.01305002 -0.00214022 0.02920002
v 0.01289999 -0.00210004 0.02920002
v 0.01319998 -0.00239997 0.02969998
v 0.01315981 -0.00225001 0.02969998
v 0.01289999 -0.00210004 0.02969998
v 0.01305002 -0.00214022 0.02969998
v 0.01319998 -0.00239997 0.02569998
v 0.01315981 -0.00225001 0.02569998
v 0.01305002 -0.00214022 0.02569998
v 0.01289999 -0.00210004 0.02569998
v 0.01319998 -0.00239997 0.02620000
v 0.01315981 -0.00225001 0.02620000
v 0.01289999 -0.00210004 0.02620000
v 0.01305002 -0.00214022 0.02620000
v 0.01319998 -0.00239997 0.02219999
v 0.01315981 -0.00225001 0.02219999
v 0.01305002 -0.00214022 0.02219999
v 0.01289999 -0.00210004 0.02219999
v 0.01319998 -0.00239997 0.02270002
v 0.01315981 -0.00225001 0.02270002
v 0.01289999 -0.00210004 0.02270002
v 0.01305002 -0.00214022 0.02270002
v 0.01319998 -0.00550001 0.01870001
v 0.01319998 -0.00239997 0.01870001
v 0.01315981 -0.00225001 0.01870001
v 0.01305002 -0.00214022 0.01870001
v 0.01289999 -0.00210004 0.01870001
v 0.01319998 -0.00550001 0.01920003
v 0.01319998 -0.00239997 0.01920003
v 0.01315981 -0.00225001 0.01920003
v 0.01289999 -0.00210004 0.01920003
v 0.01305002 -0.00214022 0.01920003
v 0.01319998 -0.00550001 0.01520002
v 0.01319998 -0.00239997 0.01520002
v 0.01315981 -0.00225001 0.01520002
v 0.01305002 -0.00214022 0.01520002
v 0.01289999 -0.00210004 0.01520002
v 0.01319998 -0.00550001 0.01569999
v 0.01319998 -0.00239997 0.01569999
v 0.01315981 -0.00225001 0.01569999
v 0.01289999 -0.00210004 0.01569999
v 0.01305002 -0.00214022 0.01569999
v 0.01319998 -0.00550001 0.01169998
v 0.01319998 -0.00239997 0.01169998
v 0.01315981 -0.00225001 0.01169998
v 0.01305002 -0.00214022 0.01169998
v 0.01289999 -0.00210004 0.01169998
v 0.01319998 -0.00550001 0.01220000
v 0.01319998 -0.00239997 0.01220000
v 0.01315981 -0.00225001 0.01220000
v 0.01289999 -0.00210004 0.01220000
v 0.01305002 -0.00214022 0.01220000
v 0.01429999 -0.00550001 0.01169998
v 0.01175165 -0.00550001 0.02004999
v 0.01429999 -0.00500005 0.03783006
v 0.01429999 -0.00500005 0.03720004
v 0.01429999 -0.00506704 0.03695006
v 0.01429999 -0.00525003 0.03676695
v 0.01429999 -0.00500005 0.01120001
v 0.01429999 -0.00506704 0.01145000
v 0.01429999 -0.00525003 0.01163304
v 0.01289999 -0.00360005 0.00919998
v 0.01289999 -0.00360005 0.01110000
v 0.01289999 -0.00449996 0.00900001
v 0.01289999 -0.00379997 0.00900001
v 0.01289999 -0.00470000 0.01110000
v 0.01289999 -0.00470000 0.00919998
v 0.01289999 -0.00379997 0.01130003
v 0.01289999 -0.00449996 0.01130003
v 0.01270002 -0.00379997 0.01110000
v 0.01270002 -0.00449996 0.01110000
v 0.01270002 -0.00379997 0.00919998
v 0.01270002 -0.00449996 0.00919998
v 0.01289999 -0.00467318 0.01120001
v 0.01289999 -0.00459998 0.01127321
v 0.01289999 -0.00369995 0.01127321
v 0.01289999 -0.00362676 0.01120001
v 0.01289999 -0.00459998 0.00902677
v 0.01289999 -0.00467318 0.00910002
v 0.01289999 -0.00362676 0.00910002
v 0.01289999 -0.00369995 0.00902677
v 0.01175165 -0.00572496 0.02011031
v 0.01175165 -0.00588971 0.02027500
v 0.01175165 -0.00595003 0.02050001
v 0.01175165 -0.00588971 0.02072502
v 0.01175165 -0.00588971 0.02872497
v 0.01175165 -0.00572496 0.02888972
v 0.01175165 -0.00572496 0.02088970
v 0.01175165 -0.00595003 0.02850002
v 0.01175165 -0.00588971 0.02827496
v 0.01175165 -0.00572496 0.02811033
v 0.01225167 -0.00519996 0.02805001
v 0.01270002 -0.00519996 0.02805001
v 0.01289999 -0.00519996 0.02115000
v 0.01289999 -0.00519996 0.02784998
v 0.01225167 -0.00519996 0.02095002
v 0.01270002 -0.00519996 0.02095002
v 0.01205164 -0.00519996 0.02115000
v 0.01205164 -0.00519996 0.02784998
v 0.01270002 -0.00500005 0.02784998
v 0.01225167 -0.00500005 0.02784998
v 0.01270002 -0.00500005 0.02115000
v 0.01225167 -0.00500005 0.02115000
v 0.01215165 -0.00519996 0.02097679
v 0.01207846 -0.00519996 0.02104998
v 0.01207846 -0.00510006 0.02784998
v 0.01207846 -0.00510006 0.02115000
v 0.01215165 -0.00502675 0.02784998
v 0.01215165 -0.00502675 0.02115000
v 0.01207846 -0.00519996 0.02794999
v 0.01215165 -0.00519996 0.02802319
v 0.01207846 -0.00511342 0.02109999
v 0.01207846 -0.00515001 0.02106339
v 0.01225167 -0.00502675 0.02104998
v 0.01215165 -0.00505000 0.02106339
v 0.01225167 -0.00510006 0.02097679
v 0.01215165 -0.00511342 0.02100003
v 0.01207846 -0.00515001 0.02793664
v 0.01207846 -0.00511342 0.02790004
v 0.01225167 -0.00510006 0.02802319
v 0.01215165 -0.00511342 0.02800006
v 0.01225167 -0.00502675 0.02794999
v 0.01215165 -0.00505000 0.02793664
v 0.01287323 -0.00519996 0.02104998
v 0.01280003 -0.00519996 0.02097679
v 0.01270002 -0.00510006 0.02097679
v 0.01270002 -0.00502675 0.02104998
v 0.01270002 -0.00510006 0.02802319
v 0.01270002 -0.00502675 0.02794999
v 0.01280003 -0.00519996 0.02802319
v 0.01287323 -0.00519996 0.02794999
v 0.01275003 -0.00511342 0.02097679
v 0.01278662 -0.00515001 0.02097679
v 0.01280003 -0.00502675 0.02115000
v 0.01278662 -0.00505000 0.02104998
v 0.01287323 -0.00510006 0.02115000
v 0.01284998 -0.00511342 0.02104998
v 0.01278662 -0.00515001 0.02802319
v 0.01275003 -0.00511342 0.02802319
v 0.01287323 -0.00510006 0.02784998
v 0.01284998 -0.00511342 0.02794999
v 0.01280003 -0.00502675 0.02784998
v 0.01278662 -0.00505000 0.02794999
v 0.01272678 -0.00455003 0.00911337
v 0.01272678 -0.00449996 0.00910002
v 0.01272678 -0.00458663 0.00915003
v 0.01272678 -0.00459998 0.00919998
v 0.01280003 -0.00467318 0.00919998
v 0.01280003 -0.00465005 0.00911337
v 0.01280003 -0.00458663 0.00905001
v 0.01280003 -0.00449996 0.00902677
v 0.01280003 -0.00379997 0.00902677
v 0.01272678 -0.00379997 0.00910002
v 0.01280003 -0.00467318 0.01110000
v 0.01272678 -0.00459998 0.01110000
v 0.01272678 -0.00371342 0.00915003
v 0.01272678 -0.00369995 0.00919998
v 0.01272678 -0.00375002 0.00911337
v 0.01280003 -0.00371342 0.00905001
v 0.01280003 -0.00365000 0.00911337
v 0.01280003 -0.00362676 0.00919998
v 0.01272678 -0.00458663 0.01115001
v 0.01272678 -0.00455003 0.01118660
v 0.01272678 -0.00449996 0.01120001
v 0.01280003 -0.00449996 0.01127321
v 0.01280003 -0.00458663 0.01125002
v 0.01280003 -0.00465005 0.01118660
v 0.01280003 -0.00362676 0.01110000
v 0.01272678 -0.00369995 0.01110000
v 0.01280003 -0.00379997 0.01127321
v 0.01272678 -0.00379997 0.01120001
v 0.01272678 -0.00375002 0.01118660
v 0.01272678 -0.00371342 0.01115001
v 0.01280003 -0.00365000 0.01118660
v 0.01280003 -0.00371342 0.01125002
v -0.00790000 -0.00577992 0.00982201
v -0.00790000 -0.00700002 0.00870002
v -0.00790000 -0.00577992 0.01017803
v -0.00790000 -0.00700002 0.01130003
v -0.00790000 -0.00562542 0.01049882
v -0.00790000 0.00534708 0.00927925
v -0.00790000 0.00700004 0.00870002
v -0.00790000 0.00499994 0.00919998
v -0.00790000 0.00465292 0.00927925
v -0.00790000 -0.00562542 0.00950122
v -0.00790000 -0.00534707 0.00927925
v -0.00790000 -0.00500005 0.00919998
v -0.00790000 0.00562543 0.01049882
v -0.00790000 0.00534708 0.01072079
v -0.00790000 0.00700004 0.01130003
v -0.00790000 0.00499994 0.01080001
v -0.00790000 -0.00465291 0.00927925
v -0.00790000 -0.00437456 0.00950122
v -0.00790000 -0.00018113 0.01067615
v -0.00790000 0.00067610 0.01018119
v -0.00790000 0.00060625 0.01034999
v -0.00790000 0.00422008 0.01017803
v -0.00790000 0.00562543 0.00950122
v -0.00790000 0.00577993 0.00982201
v -0.00790000 0.00577993 0.01017803
v -0.00790000 0.00422008 0.00982201
v -0.00790000 0.00034995 0.00939381
v -0.00790000 0.00049502 0.00950504
v -0.00790000 -0.00049501 0.00950504
v -0.00790000 -0.00035005 0.00939381
v -0.00790000 -0.00018113 0.00932384
v -0.00790000 -0.00000005 0.00930000
v -0.00790000 -0.00035005 0.01060623
v -0.00790000 -0.00049501 0.01049495
v -0.00790000 -0.00060623 0.01034999
v -0.00790000 -0.00437456 0.01049882
v -0.00790000 -0.00000005 0.01069999
v -0.00790000 -0.00422006 0.01017803
v -0.00790000 -0.00422006 0.00982201
v -0.00790000 0.00465292 0.01072079
v -0.00790000 0.00437457 0.01049882
v -0.00790000 0.00018115 0.01067615
v -0.00790000 -0.00465291 0.01072079
v -0.00790000 -0.00500005 0.01080001
v -0.00790000 -0.00534707 0.01072079
v -0.00790000 0.00049502 0.01049495
v -0.00790000 0.00034995 0.01060623
v -0.00790000 -0.00067621 0.01018119
v -0.00790000 -0.00070005 0.00999999
v -0.00790000 -0.00067621 0.00981885
v -0.00790000 -0.00060623 0.00964999
v -0.00790000 0.00437457 0.00950122
v -0.00790000 0.00018115 0.00932384
v -0.00790000 0.00060625 0.00964999
v -0.00790000 0.00067610 0.00981885
v -0.00790000 0.00069994 0.00999999
v -0.00339997 0.00799996 0.01130003
v -0.00339997 0.00799996 0.00870002
v -0.00889999 0.00799996 0.01130003
v -0.00889999 0.00799996 0.00870002
v -0.00889999 -0.00799995 0.00870002
v -0.00339997 -0.00799995 0.00870002
v -0.00889999 -0.00799995 0.01130003
v -0.00339997 -0.00799995 0.01130003
v -0.00339997 0.00780005 0.01150000
v -0.00889999 0.00780005 0.01150000
v -0.00769997 0.00719995 0.01150000
v -0.00889999 0.00719995 0.01150000
v -0.00889999 -0.00720006 0.01150000
v -0.00889999 -0.00780004 0.01150000
v -0.00769997 -0.00720006 0.01150000
v -0.00339997 -0.00780004 0.01150000
v -0.00570792 0.00473506 0.01150000
v -0.00622344 0.00361568 0.01150000
v -0.00659740 0.00244135 0.01150000
v -0.00505859 -0.00578254 0.01150000
v -0.00570792 -0.00473505 0.01150000
v -0.00622344 -0.00361567 0.01150000
v -0.00659740 -0.00244134 0.01150000
v -0.00339997 -0.00759941 0.01150000
v -0.00428540 -0.00674217 0.01150000
v -0.00339997 0.00759930 0.01150000
v -0.00428540 0.00674207 0.01150000
v -0.00505859 0.00578243 0.01150000
v -0.00682408 -0.00123005 0.01150000
v -0.00690002 -0.00000005 0.01150000
v -0.00682408 0.00123007 0.01150000
v -0.00339997 -0.00780004 0.00849998
v -0.00909996 -0.00780004 0.00849998
v -0.00769997 -0.00720006 0.00849998
v -0.00909996 -0.00720006 0.00849998
v -0.00889999 0.00719995 0.00849998
v -0.00889999 0.00780005 0.00849998
v -0.00769997 0.00719995 0.00849998
v -0.00339997 0.00780005 0.00849998
v -0.00505859 0.00578243 0.00849998
v -0.00570792 0.00473506 0.00849998
v -0.00622344 0.00361568 0.00849998
v -0.00659740 0.00244135 0.00849998
v -0.00570792 -0.00473505 0.00849998
v -0.00622344 -0.00361567 0.00849998
v -0.00659740 -0.00244134 0.00849998
v -0.00339997 0.00759930 0.00849998
v -0.00428540 0.00674207 0.00849998
v -0.00339997 -0.00759941 0.00849998
v -0.00428540 -0.00674217 0.00849998
v -0.00505859 -0.00578254 0.00849998
v -0.00682408 0.00123007 0.00849998
v -0.00690002 -0.00000005 0.00849998
v -0.00682408 -0.00123005 0.00849998
v -0.00516767 0.00562543 0.01049882
v -0.00510300 0.00571925 0.01035011
v -0.00545508 0.00517780 0.01077998
v -0.00535036 0.00534708 0.01072079
v -0.00525397 0.00549645 0.01062733
v -0.00556022 0.00499994 0.01080001
v -0.00563598 0.00486643 0.01078880
v -0.00582874 0.00450296 0.00937307
v -0.00589240 0.00437457 0.00950122
v -0.00593788 0.00427980 0.00965166
v -0.00596595 0.00422008 0.00982201
v -0.00597525 0.00420005 0.00999981
v -0.00596595 0.00422008 0.01017803
v -0.00593776 0.00428004 0.01034880
v -0.00589240 0.00437457 0.01049882
v -0.00582868 0.00450320 0.01062703
v -0.00575155 0.00465292 0.01072079
v -0.00570792 0.00473506 0.01075483
v -0.00516767 0.00562543 0.00950122
v -0.00525380 0.00549669 0.00937283
v -0.00535036 0.00534708 0.00927925
v -0.00545490 0.00517816 0.00922013
v -0.00556022 0.00499994 0.00919998
v -0.00563562 0.00486714 0.00921113
v -0.00570888 0.00473315 0.00924582
v -0.00575155 0.00465292 0.00927925
v -0.00505859 0.00578243 0.01016653
v -0.00504613 0.00579996 0.00999981
v -0.00506038 0.00577993 0.00982201
v -0.00510294 0.00571937 0.00965005
v -0.00516767 -0.00562542 0.01049882
v -0.00525380 -0.00549667 0.01062715
v -0.00535036 -0.00534707 0.01072079
v -0.00545520 -0.00517767 0.01078004
v -0.00556022 -0.00500005 0.01080001
v -0.00505859 -0.00578254 0.00983352
v -0.00504613 -0.00580006 0.00999952
v -0.00506038 -0.00577992 0.01017803
v -0.00510300 -0.00571936 0.01035005
v -0.00516767 -0.00562542 0.00950122
v -0.00510300 -0.00571936 0.00964988
v -0.00545514 -0.00517779 0.00922001
v -0.00535036 -0.00534707 0.00927925
v -0.00525350 -0.00549715 0.00937319
v -0.00556022 -0.00500005 0.00919998
v -0.00563610 -0.00486630 0.00921124
v -0.00582838 -0.00450378 0.01062751
v -0.00589240 -0.00437456 0.01049882
v -0.00593770 -0.00428014 0.01034898
v -0.00596595 -0.00422006 0.01017803
v -0.00563598 -0.00486641 0.01078880
v -0.00570888 -0.00473326 0.01075423
v -0.00575155 -0.00465291 0.01072079
v -0.00597525 -0.00420003 0.00999981
v -0.00596595 -0.00422006 0.00982201
v -0.00593782 -0.00427990 0.00965154
v -0.00589240 -0.00437456 0.00950122
v -0.00582856 -0.00450342 0.00937277
v -0.00575155 -0.00465291 0.00927925
v -0.00570792 -0.00473505 0.00924516
v -0.00689376 -0.00035351 0.00964642
v -0.00689918 -0.00012951 0.00951708
v -0.00688833 -0.00048297 0.00987071
v -0.00688833 -0.00048297 0.01012928
v -0.00689912 -0.00012987 0.01048285
v -0.00689376 -0.00035351 0.01035363
v -0.00689918 0.00012929 0.01048297
v -0.00689376 0.00035364 0.01035351
v -0.00688833 0.00048286 0.01012957
v -0.00688833 0.00048298 0.00987053
v -0.00689376 0.00035352 0.00964648
v -0.00689918 0.00012941 0.00951708
v -0.00506044 0.00577993 0.01017821
v -0.00506044 -0.00577992 0.00982178
v -0.00889999 0.00700004 0.01130003
v -0.00889999 0.00700004 0.00870002
v -0.00909996 0.00780005 0.00870002
v -0.00909996 0.00719995 0.00870002
v -0.00909996 0.00780005 0.01130003
v -0.00909996 0.00719995 0.01130003
v -0.00889999 -0.00700002 0.01130003
v -0.00889999 -0.00700002 0.00870002
v -0.00909996 -0.00780004 0.01130003
v -0.00909996 -0.00720006 0.01130003
v -0.00769997 -0.00012939 0.01048297
v -0.00769997 -0.00000005 0.01050002
v -0.00769997 0.00012941 0.01048297
v -0.00769997 0.00025005 0.01043302
v -0.00769997 0.00035352 0.01035357
v -0.00769997 0.00043303 0.01024998
v -0.00769997 0.00048298 0.01012939
v -0.00769997 0.00050003 0.00999999
v -0.00769997 0.00048298 0.00987059
v -0.00769997 0.00043303 0.00975001
v -0.00769997 0.00035352 0.00964648
v -0.00769997 0.00025005 0.00956697
v -0.00769997 0.00012941 0.00951702
v -0.00769997 -0.00000005 0.00950003
v -0.00769997 -0.00012939 0.00951702
v -0.00769997 -0.00025003 0.00956697
v -0.00769997 -0.00035351 0.00964648
v -0.00769997 -0.00043302 0.00975001
v -0.00769997 -0.00048297 0.00987059
v -0.00769997 -0.00050002 0.00999999
v -0.00769997 -0.00048297 0.01012939
v -0.00769997 -0.00043302 0.01024998
v -0.00769997 -0.00035351 0.01035357
v -0.00769997 -0.00025003 0.01043302
v -0.00900001 -0.00710004 0.01139999
v -0.00900001 -0.00790005 0.01139999
v -0.00231582 0.00031537 0.03850001
v -0.00224257 -0.00094204 0.03850001
v -0.00292218 -0.00167208 0.03850001
v -0.00242192 -0.00292759 0.03850001
v -0.00188131 -0.00214868 0.03850001
v -0.00166351 -0.00404614 0.03850001
v -0.00125152 -0.00323957 0.03850001
v -0.00068236 -0.00497561 0.03850001
v -0.00038714 -0.00415581 0.03850001
v 0.00047570 -0.00567239 0.03850001
v 0.00066524 -0.00484794 0.03850001
v 0.00175643 -0.00610393 0.03850001
v 0.00184893 -0.00527876 0.03850001
v 0.00310003 -0.00624996 0.03850001
v 0.00310003 -0.00542503 0.03850001
v 0.00444358 -0.00610393 0.03850001
v 0.00435108 -0.00527876 0.03850001
v 0.00572431 -0.00567239 0.03850001
v 0.00553476 -0.00484794 0.03850001
v 0.00688237 -0.00497561 0.03850001
v 0.00658714 -0.00415581 0.03850001
v 0.00786352 -0.00404614 0.03850001
v 0.00745153 -0.00323957 0.03850001
v 0.00862199 -0.00292759 0.03850001
v 0.00808131 -0.00214868 0.03850001
v 0.00912219 -0.00167208 0.03850001
v 0.00844258 -0.00094204 0.03850001
v 0.00934082 -0.00033837 0.03850001
v 0.00851583 0.00031537 0.03850001
v 0.00926768 0.00101108 0.03850001
v -0.00314081 -0.00033837 0.03850001
v -0.00306768 0.00101108 0.03850001
v -0.00209707 0.00155587 0.03850001
v -0.00270611 0.00231332 0.03850001
v -0.00159818 0.00271244 0.03850001
v -0.00207305 0.00350744 0.03850001
v -0.00084597 0.00372285 0.03850001
v -0.00119812 0.00453741 0.03850001
v 0.00011891 0.00453252 0.03850001
v -0.00012219 0.00535531 0.03850001
v 0.00124454 0.00509781 0.03850001
v 0.00110435 0.00592286 0.03850001
v 0.00247019 0.00538833 0.03850001
v 0.00242424 0.00621337 0.03850001
v 0.00890612 0.00231332 0.03850001
v 0.00829708 0.00155587 0.03850001
v 0.00827306 0.00350744 0.03850001
v 0.00779819 0.00271244 0.03850001
v 0.00739812 0.00453741 0.03850001
v 0.00704604 0.00372285 0.03850001
v 0.00632220 0.00535531 0.03850001
v 0.00608110 0.00453252 0.03850001
v 0.00509566 0.00592286 0.03850001
v 0.00495547 0.00509781 0.03850001
v 0.00377577 0.00621337 0.03850001
v 0.00372982 0.00538833 0.03850001
v 0.00310003 0.00542504 0.03850001
v 0.01310002 -0.00079995 0.04049999
v 0.01310002 0.00079996 0.04049999
v 0.00851583 0.00031537 0.04049999
v 0.01199483 -0.00225001 0.04049999
v 0.01263821 -0.00225001 0.04049999
v 0.01284885 -0.00099998 0.04049999
v 0.01330000 0.00099999 0.04049999
v 0.01284885 0.00099999 0.04049999
v 0.01263821 0.00225002 0.04049999
v 0.01199483 0.00225002 0.04049999
v 0.00829708 0.00155587 0.04049999
v 0.00779819 0.00271244 0.04049999
v 0.00184893 -0.00527876 0.04049999
v 0.00228810 -0.00913899 0.04049999
v 0.00310003 -0.00542503 0.04049999
v 0.00388598 -0.00914126 0.04049999
v 0.00435108 -0.00527876 0.04049999
v 0.00545996 -0.00886624 0.04049999
v 0.00553476 -0.00484794 0.04049999
v -0.00231582 0.00031537 0.04049999
v -0.00209707 0.00155587 0.04049999
v -0.00576294 0.00237257 0.04049999
v 0.01330000 -0.00099998 0.04049999
v 0.00844258 -0.00094204 0.04049999
v 0.01195615 -0.00239771 0.04049999
v 0.00808131 -0.00214868 0.04049999
v 0.00696241 -0.00832241 0.04049999
v 0.00834775 -0.00752609 0.04049999
v 0.00658714 -0.00415581 0.04049999
v 0.00957387 -0.00650149 0.04049999
v 0.00745153 -0.00323957 0.04049999
v 0.01060366 -0.00527971 0.04049999
v 0.01140588 -0.00389784 0.04049999
v -0.00521690 0.00387425 0.04049999
v -0.00159818 0.00271244 0.04049999
v -0.00441862 0.00525839 0.04049999
v -0.00339228 0.00648314 0.04049999
v -0.00084597 0.00372285 0.04049999
v -0.00216908 0.00751109 0.04049999
v 0.00011891 0.00453252 0.04049999
v -0.00078607 0.00831134 0.04049999
v 0.00124454 0.00509781 0.04049999
v 0.00071483 0.00885958 0.04049999
v -0.00125152 -0.00323957 0.04049999
v -0.00339228 -0.00648313 0.04049999
v -0.00038714 -0.00415581 0.04049999
v -0.00216908 -0.00751119 0.04049999
v 0.00066524 -0.00484794 0.04049999
v -0.00078607 -0.00831144 0.04049999
v 0.00071483 -0.00885957 0.04049999
v -0.00604016 0.00079889 0.04049999
v -0.00604016 -0.00079899 0.04049999
v -0.00224257 -0.00094204 0.04049999
v -0.00576294 -0.00237256 0.04049999
v -0.00188131 -0.00214868 0.04049999
v -0.00521690 -0.00387424 0.04049999
v -0.00441862 -0.00525837 0.04049999
v 0.00228810 0.00913901 0.04049999
v 0.00247019 0.00538833 0.04049999
v 0.00388598 0.00914127 0.04049999
v 0.00310003 0.00542504 0.04049999
v 0.00372982 0.00538833 0.04049999
v 0.00545996 0.00886626 0.04049999
v 0.00495547 0.00509781 0.04049999
v 0.01195615 0.00239772 0.04049999
v 0.00608110 0.00453252 0.04049999
v 0.00704604 0.00372285 0.04049999
v 0.01140588 0.00389785 0.04049999
v 0.01060366 0.00527973 0.04049999
v 0.00957387 0.00650150 0.04049999
v 0.00834775 0.00752611 0.04049999
v 0.00696241 0.00832242 0.04049999
v 0.01560002 0.00079996 0.03850001
v 0.01560002 -0.00079995 0.03850001
v 0.01306796 0.00079996 0.03850001
v 0.01306796 -0.00079995 0.03850001
v 0.01127553 -0.00232618 0.03850001
v 0.01156377 -0.00078433 0.03850001
v 0.01156377 0.00078423 0.03850001
v 0.01285785 0.00218744 0.03850001
v 0.01214921 -0.00245004 0.03850001
v 0.00988316 -0.00512236 0.03850001
v 0.01070892 -0.00378876 0.03850001
v 0.01284188 -0.00225752 0.03850001
v 0.01251918 -0.00245004 0.03850001
v 0.00310003 0.00850005 0.03850001
v 0.00390309 0.00934059 0.03850001
v 0.00466185 0.00835521 0.03850001
v 0.00551140 0.00905961 0.03850001
v 0.00617057 0.00792605 0.03850001
v 0.00704664 0.00850386 0.03850001
v 0.00757467 0.00722689 0.03850001
v 0.00846213 0.00769014 0.03850001
v 0.00882643 0.00628156 0.03850001
v 0.00971502 0.00664324 0.03850001
v 0.00988316 0.00512237 0.03850001
v 0.01076722 0.00539488 0.03850001
v 0.01070892 0.00378878 0.03850001
v 0.01158690 0.00398285 0.03850001
v 0.01127553 0.00232608 0.03850001
v 0.01214921 0.00244994 0.03850001
v 0.01259523 0.00244994 0.03850001
v 0.01158690 -0.00398283 0.03850001
v 0.01076722 -0.00539487 0.03850001
v 0.00882643 -0.00628155 0.03850001
v 0.00971502 -0.00664323 0.03850001
v 0.00757467 -0.00722688 0.03850001
v 0.00846213 -0.00769012 0.03850001
v 0.00617057 -0.00792604 0.03850001
v 0.00704664 -0.00850385 0.03850001
v 0.00466185 -0.00835531 0.03850001
v 0.00551140 -0.00905960 0.03850001
v 0.00310003 -0.00850003 0.03850001
v 0.00390309 -0.00934058 0.03850001
v 0.00227040 -0.00933819 0.03850001
v 0.00153815 -0.00835531 0.03850001
v 0.00066286 -0.00905269 0.03850001
v 0.00002944 -0.00792604 0.03850001
v -0.00087077 -0.00849252 0.03850001
v -0.00137467 -0.00722688 0.03850001
v -0.00228393 -0.00767487 0.03850001
v -0.00262642 -0.00628155 0.03850001
v -0.00353384 -0.00662439 0.03850001
v -0.00368315 -0.00512236 0.03850001
v -0.00458253 -0.00537305 0.03850001
v -0.00450886 -0.00378876 0.03850001
v -0.00539822 -0.00395875 0.03850001
v -0.00507552 -0.00232618 0.03850001
v -0.00595612 -0.00242429 0.03850001
v -0.00536371 -0.00078433 0.03850001
v -0.00623936 -0.00081640 0.03850001
v -0.00536371 0.00078423 0.03850001
v -0.00623936 0.00081629 0.03850001
v -0.00507552 0.00232608 0.03850001
v -0.00595612 0.00242431 0.03850001
v -0.00450886 0.00378878 0.03850001
v -0.00539822 0.00395865 0.03850001
v -0.00368315 0.00512237 0.03850001
v -0.00458253 0.00537307 0.03850001
v -0.00262642 0.00628156 0.03850001
v -0.00353384 0.00662441 0.03850001
v -0.00137467 0.00722689 0.03850001
v -0.00228393 0.00767488 0.03850001
v 0.00002944 0.00792605 0.03850001
v -0.00087077 0.00849254 0.03850001
v 0.00153815 0.00835521 0.03850001
v 0.00066286 0.00905270 0.03850001
v 0.00227040 0.00933821 0.03850001
v 0.01214921 0.00244994 0.04029996
v 0.01158690 0.00398285 0.04029996
v 0.01076722 0.00539488 0.04029996
v 0.00971502 0.00664324 0.04029996
v 0.00846213 0.00769014 0.04029996
v 0.00704664 0.00850386 0.04029996
v 0.00551140 0.00905961 0.04029996
v 0.00390309 0.00934059 0.04029996
v 0.00227040 0.00933821 0.04029996
v 0.00066286 0.00905270 0.04029996
v -0.00087077 0.00849254 0.04029996
v -0.00228393 0.00767488 0.04029996
v -0.00353384 0.00662441 0.04029996
v -0.00458253 0.00537307 0.04029996
v -0.00539822 0.00395865 0.04029996
v -0.00595612 0.00242431 0.04029996
v -0.00623936 0.00081629 0.04029996
v -0.00623936 -0.00081640 0.04029996
v -0.00595612 -0.00242429 0.04029996
v -0.00539822 -0.00395875 0.04029996
v -0.00458253 -0.00537305 0.04029996
v -0.00353384 -0.00662439 0.04029996
v -0.00228393 -0.00767487 0.04029996
v -0.00087077 -0.00849252 0.04029996
v 0.00066286 -0.00905269 0.04029996
v 0.00227040 -0.00933819 0.04029996
v 0.00390309 -0.00934058 0.04029996
v 0.00551140 -0.00905960 0.04029996
v 0.00704664 -0.00850385 0.04029996
v 0.00846213 -0.00769012 0.04029996
v 0.00971502 -0.00664323 0.04029996
v 0.01076722 -0.00539487 0.04029996
v 0.01158690 -0.00398283 0.04029996
v 0.01214921 -0.00245004 0.04029996
v 0.01304990 -0.00099998 0.04029996
v 0.01304990 -0.00099998 0.03870005
v 0.01560002 -0.00099998 0.03870005
v 0.01463848 -0.00099998 0.03991467
v 0.01440668 -0.00099998 0.04017634
v 0.01789999 -0.00099998 0.04099995
v 0.01703941 -0.00099998 0.04082519
v 0.01778745 -0.00099998 0.04028923
v 0.01695579 -0.00099998 0.04048580
v 0.01746076 -0.00099998 0.03964812
v 0.01679331 -0.00099998 0.04017634
v 0.01695191 -0.00099998 0.03913921
v 0.01525300 -0.00099998 0.03959209
v 0.01492613 -0.00099998 0.03971607
v 0.01656156 -0.00099998 0.03991467
v 0.01627385 -0.00099998 0.03971607
v 0.01631075 -0.00099998 0.03881258
v 0.01594704 -0.00099998 0.03959209
v 0.01560002 -0.00099998 0.03955001
v 0.01424813 -0.00099998 0.04286069
v 0.01492613 -0.00099998 0.04228396
v 0.01488930 -0.00099998 0.04318744
v 0.01525300 -0.00099998 0.04240781
v 0.01560002 -0.00099998 0.04329998
v 0.01560002 -0.00099998 0.04245001
v 0.01631075 -0.00099998 0.04318744
v 0.01594704 -0.00099998 0.04240781
v 0.01695191 -0.00099998 0.04286069
v 0.01424425 -0.00099998 0.04048580
v 0.01416057 -0.00099998 0.04082519
v 0.01330000 -0.00099998 0.04099995
v 0.01416057 -0.00099998 0.04117483
v 0.01341259 -0.00099998 0.04171080
v 0.01424425 -0.00099998 0.04151422
v 0.01373928 -0.00099998 0.04235191
v 0.01440668 -0.00099998 0.04182369
v 0.01463848 -0.00099998 0.04208535
v 0.01627385 -0.00099998 0.04228396
v 0.01656156 -0.00099998 0.04208535
v 0.01746076 -0.00099998 0.04235191
v 0.01679331 -0.00099998 0.04182369
v 0.01778745 -0.00099998 0.04171080
v 0.01695579 -0.00099998 0.04151422
v 0.01703941 -0.00099998 0.04117483
v 0.01560002 0.00099999 0.03870005
v 0.01304990 0.00099999 0.03870005
v 0.01304990 0.00099999 0.04029996
v 0.01492613 0.00099999 0.03971607
v 0.01463848 0.00099999 0.03991467
v 0.01440668 0.00099999 0.04017634
v 0.01424425 0.00099999 0.04048580
v 0.01525300 0.00099999 0.03959209
v 0.01560002 0.00099999 0.03955001
v 0.01631075 0.00099999 0.03881258
v 0.01594704 0.00099999 0.03959209
v 0.01695191 0.00099999 0.03913921
v 0.01789999 0.00099999 0.04099995
v 0.01703941 0.00099999 0.04117483
v 0.01778745 0.00099999 0.04171080
v 0.01695579 0.00099999 0.04151422
v 0.01746076 0.00099999 0.04235191
v 0.01679331 0.00099999 0.04182369
v 0.01695191 0.00099999 0.04286069
v 0.01424813 0.00099999 0.04286069
v 0.01463848 0.00099999 0.04208535
v 0.01373928 0.00099999 0.04235191
v 0.01440668 0.00099999 0.04182369
v 0.01341259 0.00099999 0.04171080
v 0.01424425 0.00099999 0.04151422
v 0.01330000 0.00099999 0.04099995
v 0.01416057 0.00099999 0.04117483
v 0.01416057 0.00099999 0.04082519
v 0.01627385 0.00099999 0.03971607
v 0.01656156 0.00099999 0.03991467
v 0.01746076 0.00099999 0.03964812
v 0.01679331 0.00099999 0.04017634
v 0.01778745 0.00099999 0.04028923
v 0.01695579 0.00099999 0.04048580
v 0.01703941 0.00099999 0.04082519
v 0.01656156 0.00099999 0.04208535
v 0.01627385 0.00099999 0.04228396
v 0.01631075 0.00099999 0.04318744
v 0.01594704 0.00099999 0.04240781
v 0.01560002 0.00099999 0.04329998
v 0.01560002 0.00099999 0.04245001
v 0.01488930 0.00099999 0.04318744
v 0.01525300 0.00099999 0.04240781
v 0.01492613 0.00099999 0.04228396
v 0.01589918 0.00079996 0.04221362
v 0.01589918 -0.00079995 0.04221362
v 0.01560002 0.00079996 0.04224998
v 0.01560002 -0.00079995 0.04224998
v 0.01530087 0.00079996 0.04221362
v 0.01530087 -0.00079995 0.04221362
v 0.01501912 0.00079996 0.04210681
v 0.01501912 -0.00079995 0.04210681
v 0.01477110 0.00079996 0.04193563
v 0.01477110 -0.00079995 0.04193563
v 0.01457131 0.00079996 0.04171008
v 0.01457131 -0.00079995 0.04171008
v 0.01443123 0.00079996 0.04144329
v 0.01443123 -0.00079995 0.04144329
v 0.01435911 0.00079996 0.04115063
v 0.01435911 -0.00079995 0.04115063
v 0.01435911 0.00079996 0.04084939
v 0.01435911 -0.00079995 0.04084939
v 0.01443123 0.00079996 0.04055673
v 0.01443123 -0.00079995 0.04055673
v 0.01457131 0.00079996 0.04028994
v 0.01457131 -0.00079995 0.04028994
v 0.01477110 0.00079996 0.04006440
v 0.01477110 -0.00079995 0.04006440
v 0.01501912 0.00079996 0.03989321
v 0.01501912 -0.00079995 0.03989321
v 0.01530087 0.00079996 0.03978628
v 0.01530087 -0.00079995 0.03978628
v 0.01560002 0.00079996 0.03975004
v 0.01560002 -0.00079995 0.03975004
v 0.01589918 0.00079996 0.03978628
v 0.01589918 -0.00079995 0.03978628
v 0.01618093 0.00079996 0.03989321
v 0.01618093 -0.00079995 0.03989321
v 0.01642888 0.00079996 0.04006440
v 0.01642888 -0.00079995 0.04006440
v 0.01662874 0.00079996 0.04028994
v 0.01662874 -0.00079995 0.04028994
v 0.01676875 0.00079996 0.04055673
v 0.01676875 -0.00079995 0.04055673
v 0.01684087 0.00079996 0.04084939
v 0.01684087 -0.00079995 0.04084939
v 0.01684087 0.00079996 0.04115063
v 0.01684087 -0.00079995 0.04115063
v 0.01676875 0.00079996 0.04144329
v 0.01676875 -0.00079995 0.04144329
v 0.01662874 0.00079996 0.04171008
v 0.01662874 -0.00079995 0.04171008
v 0.01642888 0.00079996 0.04193563
v 0.01642888 -0.00079995 0.04193563
v 0.01618093 0.00079996 0.04210681
v 0.01618093 -0.00079995 0.04210681
v 0.01560002 0.00079996 0.04350001
v 0.01560002 -0.00079995 0.04350001
v 0.01637256 -0.00079995 0.04337770
v 0.01637256 0.00079996 0.04337770
v 0.01706946 -0.00079995 0.04302258
v 0.01706946 0.00079996 0.04302258
v 0.01762253 -0.00079995 0.04246945
v 0.01762253 0.00079996 0.04246945
v 0.01797765 -0.00079995 0.04177255
v 0.01797765 0.00079996 0.04177255
v 0.01810002 -0.00079995 0.04099995
v 0.01810002 0.00079996 0.04099995
v 0.01797765 -0.00079995 0.04022748
v 0.01797765 0.00079996 0.04022748
v 0.01762253 -0.00079995 0.03953058
v 0.01762253 0.00079996 0.03953058
v 0.01706946 -0.00079995 0.03897745
v 0.01706946 0.00079996 0.03897745
v 0.01637256 -0.00079995 0.03862232
v 0.01637256 0.00079996 0.03862232
v 0.01310002 -0.00079995 0.04099995
v 0.01310002 0.00079996 0.04099995
v 0.01322239 -0.00079995 0.04177255
v 0.01322239 0.00079996 0.04177255
v 0.01357746 -0.00079995 0.04246945
v 0.01357746 0.00079996 0.04246945
v 0.01413053 -0.00079995 0.04302258
v 0.01413053 0.00079996 0.04302258
v 0.01482749 -0.00079995 0.04337770
v 0.01482749 0.00079996 0.04337770
v 0.01285785 0.00218744 0.04029996
v 0.01259523 0.00244994 0.04029996
v 0.01251918 -0.00245004 0.04029996
v 0.01284188 -0.00225752 0.04029996
v 0.00310003 -0.00850003 0.04000003
v 0.00153815 -0.00835531 0.04000003
v 0.00002944 -0.00792604 0.04000003
v -0.00137467 -0.00722688 0.04000003
v -0.00262642 -0.00628155 0.04000003
v -0.00368315 -0.00512236 0.04000003
v -0.00450886 -0.00378876 0.04000003
v -0.00507552 -0.00232618 0.04000003
v -0.00536371 -0.00078433 0.04000003
v -0.00536371 0.00078423 0.04000003
v -0.00507552 0.00232608 0.04000003
v -0.00450886 0.00378878 0.04000003
v -0.00368315 0.00512237 0.04000003
v -0.00262642 0.00628156 0.04000003
v -0.00137467 0.00722689 0.04000003
v 0.00002944 0.00792605 0.04000003
v 0.00153815 0.00835521 0.04000003
v 0.00310003 0.00850005 0.04000003
v 0.00466185 0.00835521 0.04000003
v 0.00617057 0.00792605 0.04000003
v 0.00757467 0.00722689 0.04000003
v 0.00882643 0.00628156 0.04000003
v 0.00988316 0.00512237 0.04000003
v 0.01070892 0.00378878 0.04000003
v 0.01127553 0.00232608 0.04000003
v 0.01156377 0.00078423 0.04000003
v 0.01156377 -0.00078433 0.04000003
v 0.01127553 -0.00232618 0.04000003
v 0.01070892 -0.00378876 0.04000003
v 0.00988316 -0.00512236 0.04000003
v 0.00882643 -0.00628155 0.04000003
v 0.00757467 -0.00722688 0.04000003
v 0.00617057 -0.00792604 0.04000003
v 0.00466185 -0.00835531 0.04000003
v 0.00047570 -0.00567239 0.04000003
v -0.00068236 -0.00497561 0.04000003
v -0.00166351 -0.00404614 0.04000003
v -0.00242192 -0.00292759 0.04000003
v -0.00292218 -0.00167208 0.04000003
v -0.00314081 -0.00033837 0.04000003
v -0.00306768 0.00101108 0.04000003
v 0.00688237 -0.00497561 0.04000003
v 0.00572431 -0.00567239 0.04000003
v 0.00444358 -0.00610393 0.04000003
v 0.00310003 -0.00624996 0.04000003
v 0.00175643 -0.00610393 0.04000003
v 0.00890612 0.00231332 0.04000003
v 0.00926768 0.00101108 0.04000003
v 0.00934082 -0.00033837 0.04000003
v 0.00912219 -0.00167208 0.04000003
v 0.00862199 -0.00292759 0.04000003
v 0.00786352 -0.00404614 0.04000003
v 0.00242424 0.00621337 0.04000003
v 0.00377577 0.00621337 0.04000003
v 0.00509566 0.00592286 0.04000003
v 0.00632220 0.00535531 0.04000003
v 0.00739812 0.00453741 0.04000003
v 0.00827306 0.00350744 0.04000003
v -0.00270611 0.00231332 0.04000003
v -0.00207305 0.00350744 0.04000003
v -0.00119812 0.00453741 0.04000003
v -0.00012219 0.00535531 0.04000003
v 0.00110435 0.00592286 0.04000003
v 0.01270747 0.00233776 0.04041225
v 0.01270741 -0.00233775 0.04041225
v 0.01370000 0.00474996 0.02204699
v 0.01370000 0.00499994 0.02197999
v 0.01370000 0.00499994 0.01947999
v 0.01370000 0.00075001 0.02116001
v 0.01370000 0.00499994 0.01598001
v 0.01370000 0.00474996 0.01591301
v 0.01370000 0.00474996 0.01854700
v 0.01370000 0.00499994 0.01848001
v 0.01370000 -0.00500005 0.00913000
v 0.01370000 -0.00500005 0.01147998
v 0.01370000 -0.00474995 0.01154697
v 0.01370000 0.00075001 0.02465999
v 0.01370000 0.00075001 0.02366001
v 0.01370000 -0.00075000 0.02465999
v 0.01370000 -0.00075000 0.02366001
v 0.01370000 0.00474996 0.03254694
v 0.01370000 0.00499994 0.03247995
v 0.01370000 0.00075001 0.02715999
v 0.01370000 -0.00449996 0.00862998
v 0.01370000 -0.00474995 0.00869698
v 0.01370000 -0.00493305 0.00888002
v 0.01370000 -0.00456696 0.01222998
v 0.01370000 -0.00474995 0.01241303
v 0.01370000 0.00449998 0.01547998
v 0.01370000 0.00499994 0.02897996
v 0.01370000 0.00499994 0.02648002
v 0.01370000 0.00474996 0.02904696
v 0.01370000 0.00474996 0.02641303
v 0.01370000 0.00456697 0.02923006
v 0.01370000 0.00449998 0.02948004
v 0.01370000 0.00456697 0.02622998
v 0.01370000 0.00449998 0.02598000
v 0.01370000 0.00499994 0.02547998
v 0.01370000 0.00499994 0.02297998
v 0.01370000 0.00474996 0.02554697
v 0.01370000 0.00474996 0.02291304
v 0.01370000 0.00456697 0.02573002
v 0.01370000 0.00456697 0.01573003
v 0.01370000 0.00449998 0.02248001
v 0.01370000 0.00456697 0.02223003
v 0.01370000 -0.00474995 0.03254694
v 0.01370000 -0.00456696 0.03273005
v 0.01370000 -0.00075000 0.03516001
v 0.01370000 -0.00449996 0.03298003
v 0.01370000 -0.00456696 0.03323001
v 0.01370000 -0.00500005 0.02297998
v 0.01370000 -0.00500005 0.02547998
v 0.01370000 -0.00474995 0.02291304
v 0.01370000 -0.00474995 0.02554697
v 0.01370000 -0.00456696 0.02273000
v 0.01370000 -0.00449996 0.02248001
v 0.01370000 -0.00500005 0.01248002
v 0.01370000 -0.00500005 0.01498002
v 0.01370000 -0.00474995 0.01504702
v 0.01370000 0.00493307 0.00888002
v 0.01370000 0.00474996 0.00869698
v 0.01370000 0.00499994 0.00913000
v 0.01370000 0.00449998 0.00862998
v 0.01370000 0.00499994 0.01147998
v 0.01370000 0.00456697 0.01872999
v 0.01370000 0.00449998 0.01898003
v 0.01370000 0.00456697 0.02273000
v 0.01370000 0.00456697 0.01923001
v 0.01370000 0.00474996 0.01941300
v 0.01370000 0.00499994 0.03732998
v 0.01370000 0.00499994 0.03697998
v 0.01370000 0.00474996 0.03691298
v 0.01370000 -0.00500005 0.02648002
v 0.01370000 -0.00500005 0.02897996
v 0.01370000 -0.00474995 0.02641303
v 0.01370000 -0.00474995 0.02904696
v 0.01370000 0.00499994 0.01498002
v 0.01370000 0.00499994 0.01248002
v 0.01370000 0.00474996 0.01504702
v 0.01370000 0.00474996 0.01241303
v 0.01370000 0.00456697 0.01222998
v 0.01370000 0.00449998 0.01198000
v 0.01370000 0.00456697 0.01173002
v 0.01370000 0.00474996 0.01154697
v 0.01370000 -0.00500005 0.01848001
v 0.01370000 -0.00474995 0.01854700
v 0.01370000 -0.00500005 0.01598001
v 0.01370000 -0.00456696 0.01872999
v 0.01370000 -0.00075000 0.02116001
v 0.01370000 -0.00456696 0.03673000
v 0.01370000 -0.00474995 0.03691298
v 0.01370000 -0.00449996 0.03783006
v 0.01370000 0.00449998 0.03298003
v 0.01370000 0.00456697 0.03273005
v 0.01370000 0.00075001 0.03516001
v 0.01370000 -0.00075000 0.02715999
v 0.01370000 -0.00500005 0.03247995
v 0.01370000 -0.00456696 0.01173002
v 0.01370000 -0.00449996 0.01198000
v 0.01370000 -0.00449996 0.01898003
v 0.01370000 -0.00456696 0.01923001
v 0.01370000 -0.00474995 0.01941300
v 0.01370000 -0.00500005 0.01947999
v 0.01370000 -0.00500005 0.03347999
v 0.01370000 -0.00500005 0.03598005
v 0.01370000 -0.00474995 0.03341300
v 0.01370000 -0.00474995 0.03604705
v 0.01370000 -0.00449996 0.03648001
v 0.01370000 -0.00075000 0.03765995
v 0.01370000 -0.00456696 0.03623003
v 0.01370000 -0.00456696 0.02573002
v 0.01370000 -0.00449996 0.02598000
v 0.01370000 -0.00456696 0.02622998
v 0.01370000 0.00456697 0.01523000
v 0.01370000 -0.00456696 0.01523000
v 0.01370000 -0.00449996 0.01547998
v 0.01370000 -0.00456696 0.01573003
v 0.01370000 -0.00474995 0.01591301
v 0.01370000 0.00456697 0.02973003
v 0.01370000 0.00474996 0.02991301
v 0.01370000 0.00499994 0.02998001
v 0.01370000 -0.00474995 0.03776306
v 0.01370000 -0.00493305 0.03757996
v 0.01370000 -0.00500005 0.03732998
v 0.01370000 -0.00500005 0.03697998
v 0.01370000 0.00493307 0.03757996
v 0.01370000 0.00474996 0.03776306
v 0.01370000 0.00449998 0.03783006
v 0.01370000 0.00075001 0.03765995
v 0.01370000 -0.00456696 0.02223003
v 0.01370000 -0.00474995 0.02204699
v 0.01370000 -0.00500005 0.02197999
v 0.01370000 -0.00456696 0.02923006
v 0.01370000 -0.00449996 0.02948004
v 0.01370000 -0.00456696 0.02973003
v 0.01370000 -0.00474995 0.02991301
v 0.01370000 -0.00500005 0.02998001
v 0.01370000 0.00499994 0.03598005
v 0.01370000 0.00499994 0.03347999
v 0.01370000 0.00474996 0.03604705
v 0.01370000 0.00474996 0.03341300
v 0.01370000 0.00456697 0.03673000
v 0.01370000 0.00449998 0.03648001
v 0.01370000 0.00456697 0.03623003
v 0.01370000 0.00456697 0.03323001
v 0.01429999 0.00499994 0.01498002
v 0.01429999 0.00499994 0.01248002
v 0.01429999 0.00499994 0.01598001
v 0.01429999 0.00499994 0.01848001
v 0.01429999 0.00499994 0.00913000
v 0.01429999 0.00499994 0.01147998
v 0.01429999 0.00499994 0.02897996
v 0.01429999 0.00499994 0.02648002
v 0.01429999 0.00499994 0.02998001
v 0.01429999 0.00499994 0.03247995
v 0.01429999 0.00499994 0.01947999
v 0.01429999 0.00499994 0.02197999
v 0.01429999 0.00499994 0.02297998
v 0.01429999 0.00499994 0.02547998
v 0.01429999 0.00499994 0.03347999
v 0.01429999 0.00499994 0.03598005
v 0.01429999 -0.00500005 0.01947999
v 0.01429999 -0.00500005 0.02197999
v 0.01429999 -0.00500005 0.02297998
v 0.01429999 -0.00500005 0.02547998
v 0.01429999 -0.00500005 0.01248002
v 0.01429999 -0.00500005 0.01498002
v 0.01429999 -0.00500005 0.01848001
v 0.01429999 -0.00500005 0.01598001
v 0.01429999 -0.00500005 0.03347999
v 0.01429999 -0.00500005 0.03598005
v 0.01429999 -0.00500005 0.03697998
v 0.01429999 -0.00500005 0.03732998
v 0.01429999 -0.00500005 0.02648002
v 0.01429999 -0.00500005 0.02897996
v 0.01429999 -0.00500005 0.03247995
v 0.01429999 -0.00500005 0.02998001
v 0.01429999 0.00499994 0.03697998
v 0.01429999 0.00499994 0.03732998
v 0.01429999 0.00449998 0.03783006
v 0.01429999 -0.00449996 0.03783006
v 0.01429999 -0.00500005 0.00913000
v 0.01429999 -0.00500005 0.01147998
v 0.01429999 0.00493307 0.03757996
v 0.01429999 0.00474996 0.03776306
v 0.01429999 0.00474996 0.01154697
v 0.01429999 0.00474996 0.00869698
v 0.01429999 0.00493307 0.00888002
v 0.01429999 0.00449998 0.00862998
v 0.01429999 -0.00474995 0.02904696
v 0.01429999 0.00474996 0.01241303
v 0.01429999 -0.00474995 0.02554697
v 0.01429999 -0.00474995 0.02291304
v 0.01429999 -0.00474995 0.02204699
v 0.01429999 0.00474996 0.01591301
v 0.01429999 0.00474996 0.01854700
v 0.01429999 0.00456697 0.01573003
v 0.01429999 0.00449998 0.01547998
v 0.01429999 0.00474996 0.01941300
v 0.01429999 0.00456697 0.01173002
v 0.01429999 -0.00474995 0.03604705
v 0.01429999 -0.00474995 0.01854700
v 0.01429999 -0.00474995 0.01591301
v 0.01429999 0.00474996 0.02291304
v 0.01429999 0.00474996 0.02554697
v 0.01429999 0.00456697 0.02273000
v 0.01429999 0.00449998 0.02248001
v 0.01429999 0.00449998 0.01198000
v 0.01429999 0.00456697 0.01222998
v 0.01429999 -0.00456696 0.02223003
v 0.01429999 -0.00449996 0.02248001
v 0.01429999 -0.00474995 0.01504702
v 0.01429999 -0.00456696 0.01523000
v 0.01429999 -0.00449996 0.01547998
v 0.01429999 0.00456697 0.01872999
v 0.01429999 0.00456697 0.01523000
v 0.01429999 0.00474996 0.01504702
v 0.01429999 -0.00474995 0.03341300
v 0.01429999 -0.00456696 0.03323001
v 0.01429999 -0.00449996 0.03298003
v 0.01429999 -0.00456696 0.03273005
v 0.01429999 -0.00474995 0.03254694
v 0.01429999 0.00474996 0.02641303
v 0.01429999 -0.00449996 0.02598000
v 0.01429999 -0.00456696 0.02622998
v 0.01429999 -0.00474995 0.02641303
v 0.01429999 -0.00456696 0.02273000
v 0.01429999 -0.00456696 0.02573002
v 0.01429999 -0.00456696 0.02923006
v 0.01429999 0.00456697 0.01923001
v 0.01429999 0.00449998 0.01898003
v 0.01429999 -0.00474995 0.03691298
v 0.01429999 -0.00493305 0.00888002
v 0.01429999 -0.00474995 0.00869698
v 0.01429999 -0.00449996 0.00862998
v 0.01429999 0.00474996 0.02904696
v 0.01429999 0.00456697 0.02923006
v 0.01429999 0.00449998 0.02948004
v 0.01429999 0.00456697 0.02973003
v 0.01429999 0.00474996 0.02991301
v 0.01429999 -0.00449996 0.01898003
v 0.01429999 -0.00456696 0.01923001
v 0.01429999 -0.00474995 0.01941300
v 0.01429999 -0.00456696 0.01573003
v 0.01429999 -0.00456696 0.01872999
v 0.01429999 -0.00474995 0.01241303
v 0.01429999 -0.00456696 0.01222998
v 0.01429999 -0.00449996 0.01198000
v 0.01429999 -0.00456696 0.01173002
v 0.01429999 -0.00474995 0.01154697
v 0.01429999 -0.00474995 0.02991301
v 0.01429999 -0.00456696 0.02973003
v 0.01429999 -0.00449996 0.02948004
v 0.01429999 0.00456697 0.02573002
v 0.01429999 0.00456697 0.02223003
v 0.01429999 0.00474996 0.02204699
v 0.01429999 -0.00456696 0.03623003
v 0.01429999 0.00456697 0.02622998
v 0.01429999 0.00449998 0.02598000
v 0.01429999 -0.00493305 0.03757996
v 0.01429999 -0.00474995 0.03776306
v 0.01429999 -0.00456696 0.03673000
v 0.01429999 -0.00449996 0.03648001
v 0.01429999 0.00474996 0.03691298
v 0.01429999 0.00474996 0.03254694
v 0.01429999 0.00456697 0.03273005
v 0.01429999 0.00449998 0.03298003
v 0.01429999 0.00456697 0.03323001
v 0.01429999 0.00474996 0.03341300
v 0.01429999 0.00474996 0.03604705
v 0.01429999 0.00456697 0.03623003
v 0.01429999 0.00456697 0.03673000
v 0.01429999 0.00449998 0.03648001
v 0.01330000 -0.00075000 0.02366001
v 0.01330000 -0.00075000 0.02116001
v 0.01330000 0.00075001 0.02366001
v 0.01330000 0.00075001 0.02116001
v 0.01330000 -0.00075000 0.02715999
v 0.01330000 -0.00075000 0.02465999
v 0.01330000 0.00075001 0.02715999
v 0.01330000 0.00075001 0.02465999
v 0.01330000 0.00075001 0.03765995
v 0.01330000 -0.00075000 0.03765995
v 0.01330000 0.00075001 0.03516001
v 0.01330000 -0.00075000 0.03516001
v 0.01670003 -0.00550001 0.01999998
v 0.01670003 -0.00550001 0.01950002
v 0.01550001 -0.00550001 0.01950002
v 0.01550001 -0.00550001 0.01700002
v 0.01145166 -0.00550001 0.01700002
v 0.01145166 -0.00550001 0.01999998
v 0.01145166 -0.00550001 0.02100003
v 0.01145166 -0.00550001 0.02800006
v 0.01670003 -0.00550001 0.02100003
v 0.01670003 -0.00550001 0.02800006
v 0.01670003 0.00550003 0.02100003
v 0.01670003 0.00550003 0.02800006
v 0.01145166 0.00550003 0.02100003
v 0.01145166 0.00550003 0.02800006
v 0.01670003 0.00550003 0.02899999
v 0.01670003 0.00550003 0.02949995
v 0.01550001 0.00550003 0.02949995
v 0.01550001 0.00550003 0.03200001
v 0.01145166 0.00550003 0.03200001
v 0.01145166 0.00550003 0.02899999
v 0.01400226 -0.00727337 0.03200001
v 0.01409691 -0.00672763 0.03200001
v 0.01383942 -0.00712519 0.03200001
v 0.01597035 -0.00627988 0.03200001
v 0.01630151 -0.00672393 0.03200001
v 0.01550001 -0.00550001 0.03200001
v 0.01547503 -0.00603192 0.03200001
v 0.01550001 -0.00299995 0.03200001
v 0.01670003 -0.00299995 0.03200001
v 0.01670003 -0.00749999 0.03200001
v 0.01639801 -0.00726932 0.03200001
v 0.01623922 -0.00780004 0.03200001
v 0.01730001 -0.00799995 0.03200001
v 0.01730001 -0.00749999 0.03200001
v 0.01623922 -0.00799995 0.03200001
v 0.01613927 -0.00797325 0.03200001
v 0.01612514 -0.00796431 0.03200001
v 0.01427745 -0.00796741 0.03200001
v 0.01416278 -0.00780349 0.03200001
v 0.01375579 -0.00781422 0.03200001
v 0.01383942 -0.00747483 0.03200001
v 0.01143849 -0.00838535 0.03200001
v 0.01120668 -0.00812369 0.03200001
v 0.00850004 -0.00900000 0.03200001
v 0.01307386 -0.00858396 0.03200001
v 0.01319998 -0.00900000 0.03200001
v 0.01336151 -0.00838535 0.03200001
v 0.01370000 -0.00886601 0.03200001
v 0.01359331 -0.00812369 0.03200001
v 0.01406604 -0.00850003 0.03200001
v 0.01420003 -0.00799995 0.03200001
v 0.01172614 -0.00858396 0.03200001
v 0.01172614 -0.00601607 0.03200001
v 0.01205301 -0.00589209 0.03200001
v 0.01145166 -0.00550001 0.03200001
v 0.01240003 -0.00585001 0.03200001
v 0.01274705 -0.00589209 0.03200001
v 0.01274705 -0.00870781 0.03200001
v 0.01240003 -0.00875001 0.03200001
v 0.01205301 -0.00870781 0.03200001
v 0.01492107 -0.00603288 0.03200001
v 0.01442659 -0.00628250 0.03200001
v 0.01307386 -0.00601607 0.03200001
v 0.00961661 -0.00758510 0.03200001
v 0.00850004 -0.00841671 0.03200001
v 0.01336151 -0.00621467 0.03200001
v 0.01359331 -0.00647634 0.03200001
v 0.01375579 -0.00678580 0.03200001
v 0.01104426 -0.00781422 0.03200001
v 0.01096058 -0.00747483 0.03200001
v 0.01096058 -0.00712519 0.03200001
v 0.01060688 -0.00660663 0.03200001
v 0.01104426 -0.00678580 0.03200001
v 0.01120668 -0.00647634 0.03200001
v 0.01143849 -0.00621467 0.03200001
v 0.01670003 -0.00550001 0.02949995
v 0.01670003 -0.00550001 0.02899999
v 0.01550001 -0.00550001 0.02949995
v 0.01145166 -0.00550001 0.02899999
v 0.01670003 0.00550003 0.01950002
v 0.01670003 0.00550003 0.01999998
v 0.01550001 0.00550003 0.01950002
v 0.01145166 0.00550003 0.01999998
v 0.01550001 0.00550003 0.01700002
v 0.01145166 0.00550003 0.01700002
v 0.01670003 0.00543303 0.01924998
v 0.01670003 0.00525004 0.01906699
v 0.01670003 0.00750000 0.01700002
v 0.01670003 0.00499994 0.01900000
v 0.01670003 -0.00749999 0.01700002
v 0.01670003 -0.00500005 0.01900000
v 0.01670003 -0.00525003 0.01906699
v 0.01670003 -0.00574999 0.02093304
v 0.01670003 -0.00574999 0.02806694
v 0.01670003 0.00750000 0.03200001
v 0.01670003 0.00593299 0.02074999
v 0.01670003 0.00599999 0.02050001
v 0.01670003 0.00593299 0.02025003
v 0.01670003 0.00575001 0.02006698
v 0.01670003 -0.00574999 0.02006698
v 0.01670003 -0.00543302 0.01924998
v 0.01670003 -0.00593298 0.02025003
v 0.01670003 -0.00599998 0.02050001
v 0.01670003 -0.00593298 0.02074999
v 0.01670003 0.00575001 0.02806694
v 0.01670003 0.00274999 0.03206700
v 0.01670003 -0.00500005 0.03000003
v 0.01670003 0.00299997 0.03200001
v 0.01670003 0.00499994 0.03000003
v 0.01670003 0.00525004 0.02993304
v 0.01670003 0.00575001 0.02893299
v 0.01670003 0.00593299 0.02875001
v 0.01670003 0.00599999 0.02850002
v 0.01670003 0.00593299 0.02825004
v 0.01670003 0.00575001 0.02093304
v 0.01670003 -0.00593298 0.02825004
v 0.01670003 -0.00599998 0.02850002
v 0.01670003 -0.00593298 0.02875001
v 0.01670003 0.00543303 0.02975005
v 0.01670003 -0.00249999 0.03249997
v 0.01670003 -0.00249999 0.03399998
v 0.01670003 0.00256700 0.03224999
v 0.01670003 0.00243301 0.03424997
v 0.01670003 0.00225002 0.03443307
v 0.01670003 0.00250000 0.03399998
v 0.01670003 0.00200004 0.03449995
v 0.01670003 -0.00200003 0.03449995
v 0.01670003 -0.00243300 0.03424997
v 0.01670003 -0.00225001 0.03443307
v 0.01670003 0.00250000 0.03249997
v 0.01670003 -0.00574999 0.02893299
v 0.01670003 -0.00543302 0.02975005
v 0.01670003 -0.00525003 0.02993304
v 0.01670003 -0.00274997 0.03206700
v 0.01670003 -0.00256699 0.03224999
v 0.01240003 -0.00669997 0.03000003
v 0.01240003 -0.00669997 0.01099998
v 0.01270002 -0.00678044 0.03000003
v 0.01270002 -0.00678044 0.01099998
v 0.01291960 -0.00700002 0.03000003
v 0.01291960 -0.00700002 0.01099998
v 0.01300001 -0.00729995 0.03000003
v 0.01300001 -0.00729995 0.01099998
v 0.01291960 -0.00760000 0.03000003
v 0.01291960 -0.00760000 0.01099998
v 0.01270002 -0.00781959 0.03000003
v 0.01270002 -0.00781959 0.01099998
v 0.01240003 -0.00790005 0.03000003
v 0.01240003 -0.00790005 0.01099998
v 0.01210004 -0.00781959 0.03000003
v 0.01210004 -0.00781959 0.01099998
v 0.01188039 -0.00760000 0.03000003
v 0.01188039 -0.00760000 0.01099998
v 0.01179999 -0.00729995 0.03000003
v 0.01179999 -0.00729995 0.01099998
v 0.01188039 -0.00700002 0.03000003
v 0.01188039 -0.00700002 0.01099998
v 0.01210004 -0.00678044 0.03000003
v 0.01210004 -0.00678044 0.01099998
v 0.01240003 0.00789995 0.03000003
v 0.01240003 0.00789995 0.01099998
v 0.01270002 0.00781960 0.03000003
v 0.01270002 0.00781960 0.01099998
v 0.01291960 0.00760002 0.03000003
v 0.01291960 0.00760002 0.01099998
v 0.01300001 0.00729997 0.03000003
v 0.01300001 0.00729997 0.01099998
v 0.01291960 0.00700004 0.03000003
v 0.01291960 0.00700004 0.01099998
v 0.01270002 0.00678033 0.03000003
v 0.01270002 0.00678033 0.01099998
v 0.01240003 0.00669999 0.03000003
v 0.01240003 0.00669999 0.01099998
v 0.01210004 0.00678033 0.03000003
v 0.01210004 0.00678033 0.01099998
v 0.01188039 0.00700004 0.03000003
v 0.01188039 0.00700004 0.01099998
v 0.01179999 0.00729997 0.03000003
v 0.01179999 0.00729997 0.01099998
v 0.01188039 0.00760002 0.03000003
v 0.01188039 0.00760002 0.01099998
v 0.01210004 0.00781960 0.03000003
v 0.01210004 0.00781960 0.01099998
v 0.01749998 -0.00799995 0.01720000
v 0.01749998 -0.00799995 0.03179998
v 0.01730001 -0.00799995 0.01700002
v 0.01623922 -0.00799995 0.01700002
v 0.01060688 -0.00660663 0.01700002
v 0.01060688 -0.00660663 0.01938421
v 0.01081252 -0.00636535 0.01945871
v 0.01093620 -0.00621241 0.01955235
v 0.01104128 -0.00607758 0.01968748
v 0.01110160 -0.00599783 0.01983059
v 0.01112502 -0.00596648 0.01999998
v 0.01128155 -0.00574999 0.02006698
v 0.01120942 -0.00585132 0.02014417
v 0.01128155 -0.00574999 0.02806694
v 0.01128155 -0.00574999 0.02093304
v 0.01120966 -0.00585096 0.02085621
v 0.01060688 -0.00660663 0.02061582
v 0.01120942 -0.00585132 0.02814418
v 0.01114982 -0.00593298 0.02825004
v 0.01114982 -0.00593298 0.02074999
v 0.01111316 -0.00598245 0.02063150
v 0.01081252 -0.00636535 0.02054125
v 0.01109999 -0.00599998 0.02050001
v 0.01114982 -0.00593298 0.02025003
v 0.01110154 -0.00599795 0.02016956
v 0.01111316 -0.00598245 0.02036858
v 0.01104128 -0.00607758 0.02031249
v 0.01093632 -0.00621229 0.02044756
v 0.01112502 -0.00596648 0.02899999
v 0.01120966 -0.00585096 0.02885622
v 0.01110160 -0.00599783 0.02883059
v 0.01114982 -0.00593298 0.02875001
v 0.01104128 -0.00607758 0.02868754
v 0.01111316 -0.00598245 0.02863151
v 0.01093620 -0.00621241 0.02855236
v 0.01109999 -0.00599998 0.02850002
v 0.01081252 -0.00636535 0.02845878
v 0.01111316 -0.00598245 0.02836854
v 0.01060688 -0.00660663 0.02838415
v 0.01104128 -0.00607758 0.02931255
v 0.01110154 -0.00599795 0.02916950
v 0.01128155 -0.00574999 0.02893299
v 0.01093632 -0.00621229 0.02944750
v 0.01081252 -0.00636535 0.02954132
v 0.01018750 -0.00705462 0.02954132
v 0.01006358 -0.00717693 0.02944738
v 0.00995874 -0.00727718 0.02931255
v 0.00989741 -0.00733452 0.02916581
v 0.01060688 -0.00660663 0.02961582
v 0.01050001 -0.00672608 0.02962500
v 0.01034301 -0.00689488 0.02960498
v 0.00987500 -0.00735527 0.01999998
v 0.00961661 -0.00758510 0.01700002
v 0.00989741 -0.00733452 0.02883417
v 0.00987500 -0.00735527 0.02899999
v 0.01034313 -0.00689476 0.02839500
v 0.01018750 -0.00705462 0.02054125
v 0.01018750 -0.00705462 0.02845878
v 0.01006358 -0.00717693 0.02044744
v 0.01006347 -0.00717705 0.02855271
v 0.00995874 -0.00727718 0.02031249
v 0.00995874 -0.00727718 0.02868754
v 0.01050156 -0.00672441 0.02837497
v 0.01050001 -0.00672608 0.02062500
v 0.01034301 -0.00689488 0.02060497
v 0.00989741 -0.00733452 0.02016580
v 0.00989741 -0.00733452 0.01983416
v 0.00995874 -0.00727718 0.01968748
v 0.01006347 -0.00717705 0.01955277
v 0.01018750 -0.00705462 0.01945871
v 0.01034313 -0.00689476 0.01939500
v 0.01050156 -0.00672441 0.01937503
v 0.00850004 -0.00841671 0.01700002
v 0.01018750 0.00900001 0.02845878
v 0.01112502 0.00900001 0.01999998
v 0.01104128 0.00900001 0.02031249
v 0.01104128 0.00900001 0.02931255
v 0.01081252 0.00900001 0.02954132
v 0.01319998 0.00900001 0.03200001
v 0.00850004 0.00900001 0.03200001
v 0.01050001 0.00900001 0.02962500
v 0.01018750 0.00900001 0.02954132
v 0.01018750 0.00900001 0.02054125
v 0.00995874 0.00900001 0.02031249
v 0.00987500 0.00900001 0.01999998
v 0.00850004 0.00900001 0.01700002
v 0.00995874 0.00900001 0.01968748
v 0.01081252 0.00900001 0.02054125
v 0.01050001 0.00900001 0.02062500
v 0.00995874 0.00900001 0.02868754
v 0.00987500 0.00900001 0.02899999
v 0.00995874 0.00900001 0.02931255
v 0.01018750 0.00900001 0.01945871
v 0.01050001 0.00900001 0.01937503
v 0.01319998 0.00900001 0.01700002
v 0.01081252 0.00900001 0.01945871
v 0.01104128 0.00900001 0.01968748
v 0.01050001 0.00900001 0.02837497
v 0.01081252 0.00900001 0.02845878
v 0.01104128 0.00900001 0.02868754
v 0.01112502 0.00900001 0.02899999
v 0.01050001 -0.00900000 0.02837497
v 0.00987500 -0.00900000 0.01999998
v 0.00995874 -0.00900000 0.02031249
v 0.01081252 -0.00900000 0.02954132
v 0.01050001 -0.00900000 0.02962500
v 0.01018750 -0.00900000 0.02954132
v 0.01104128 -0.00900000 0.02931255
v 0.01112502 -0.00900000 0.02899999
v 0.01319998 -0.00900000 0.01700002
v 0.01104128 -0.00900000 0.02868754
v 0.01081252 -0.00900000 0.02845878
v 0.01018750 -0.00900000 0.02845878
v 0.00850004 -0.00900000 0.01700002
v 0.00995874 -0.00900000 0.01968748
v 0.01018750 -0.00900000 0.01945871
v 0.00995874 -0.00900000 0.02868754
v 0.00987500 -0.00900000 0.02899999
v 0.00995874 -0.00900000 0.02931255
v 0.01018750 -0.00900000 0.02054125
v 0.01050001 -0.00900000 0.02062500
v 0.01112502 -0.00900000 0.01999998
v 0.01104128 -0.00900000 0.02031249
v 0.01081252 -0.00900000 0.02054125
v 0.01104128 -0.00900000 0.01968748
v 0.01081252 -0.00900000 0.01945871
v 0.01050001 -0.00900000 0.01937503
v 0.01326602 -0.00679999 0.01700002
v 0.01289999 -0.00643402 0.01700002
v 0.01153397 -0.00780004 0.01700002
v 0.01190000 -0.00816601 0.01700002
v 0.00961661 0.00758512 0.01700002
v 0.00850004 0.00841660 0.01700002
v 0.01416278 -0.00780349 0.01700002
v 0.01427745 -0.00796741 0.01700002
v 0.01420003 -0.00799995 0.01700002
v 0.01190000 0.00643391 0.01700002
v 0.01240003 0.00630004 0.01700002
v 0.01623922 -0.00780004 0.01700002
v 0.01639801 -0.00726932 0.01700002
v 0.01240003 -0.00630003 0.01700002
v 0.01190000 -0.00643402 0.01700002
v 0.01153397 -0.00679999 0.01700002
v 0.01139998 -0.00729995 0.01700002
v 0.01289999 0.00643391 0.01700002
v 0.01326602 0.00680000 0.01700002
v 0.01240003 -0.00830000 0.01700002
v 0.01289999 -0.00816601 0.01700002
v 0.01370000 -0.00886601 0.01700002
v 0.01326602 -0.00780004 0.01700002
v 0.01597035 0.00627989 0.01700002
v 0.01630151 0.00672383 0.01700002
v 0.01630151 -0.00672393 0.01700002
v 0.01153397 0.00680000 0.01700002
v 0.01060688 0.00660653 0.01700002
v 0.01139998 0.00729997 0.01700002
v 0.01153397 0.00780005 0.01700002
v 0.01190000 0.00816602 0.01700002
v 0.01730001 -0.00749999 0.01700002
v 0.01613927 -0.00797325 0.01700002
v 0.01612514 -0.00796431 0.01700002
v 0.01400226 -0.00727337 0.01700002
v 0.01340001 -0.00729995 0.01700002
v 0.01409691 -0.00672763 0.01700002
v 0.01442659 -0.00628250 0.01700002
v 0.01492107 -0.00603288 0.01700002
v 0.01547503 -0.00603192 0.01700002
v 0.01406604 -0.00850003 0.01700002
v 0.01639801 0.00726933 0.01700002
v 0.01623922 0.00780005 0.01700002
v 0.01730001 0.00799996 0.01700002
v 0.01730001 0.00750000 0.01700002
v 0.01623922 0.00799996 0.01700002
v 0.01613927 0.00797314 0.01700002
v 0.01612514 0.00796432 0.01700002
v 0.01547503 0.00603194 0.01700002
v 0.01597035 -0.00627988 0.01700002
v 0.01240003 0.00830001 0.01700002
v 0.01289999 0.00816602 0.01700002
v 0.01370000 0.00886602 0.01700002
v 0.01326602 0.00780005 0.01700002
v 0.01406604 0.00850005 0.01700002
v 0.01340001 0.00729997 0.01700002
v 0.01420003 0.00799996 0.01700002
v 0.01427745 0.00796742 0.01700002
v 0.01442659 0.00628252 0.01700002
v 0.01492107 0.00603289 0.01700002
v 0.01416278 0.00780351 0.01700002
v 0.01400226 0.00727338 0.01700002
v 0.01409691 0.00672752 0.01700002
v 0.01550001 0.00299997 0.03200001
v 0.01630151 0.00672383 0.03200001
v 0.01597035 0.00627989 0.03200001
v 0.01623922 0.00780005 0.03200001
v 0.01639801 0.00726933 0.03200001
v 0.01416278 0.00780351 0.03200001
v 0.01427745 0.00796742 0.03200001
v 0.01420003 0.00799996 0.03200001
v 0.01730001 0.00750000 0.03200001
v 0.01730001 0.00799996 0.03200001
v 0.01623922 0.00799996 0.03200001
v 0.01613927 0.00797314 0.03200001
v 0.01612514 0.00796432 0.03200001
v 0.01359331 0.00812370 0.03200001
v 0.01375579 0.00781412 0.03200001
v 0.01400226 0.00727338 0.03200001
v 0.01383942 0.00747473 0.03200001
v 0.01409691 0.00672752 0.03200001
v 0.01336151 0.00621469 0.03200001
v 0.01307386 0.00601608 0.03200001
v 0.01442659 0.00628252 0.03200001
v 0.01205301 0.00589210 0.03200001
v 0.01240003 0.00585002 0.03200001
v 0.01274705 0.00589210 0.03200001
v 0.01547503 0.00603194 0.03200001
v 0.01492107 0.00603289 0.03200001
v 0.01383942 0.00712521 0.03200001
v 0.01375579 0.00678582 0.03200001
v 0.01359331 0.00647635 0.03200001
v 0.01240003 0.00875003 0.03200001
v 0.01274705 0.00870783 0.03200001
v 0.01307386 0.00858385 0.03200001
v 0.01172614 0.00601608 0.03200001
v 0.01143849 0.00621469 0.03200001
v 0.01060688 0.00660653 0.03200001
v 0.01143849 0.00838537 0.03200001
v 0.01172614 0.00858385 0.03200001
v 0.01205301 0.00870783 0.03200001
v 0.01370000 0.00886602 0.03200001
v 0.01406604 0.00850005 0.03200001
v 0.01336151 0.00838537 0.03200001
v 0.00850004 0.00841660 0.03200001
v 0.00961661 0.00758512 0.03200001
v 0.01120668 0.00647635 0.03200001
v 0.01104426 0.00678582 0.03200001
v 0.01096058 0.00712521 0.03200001
v 0.01096058 0.00747473 0.03200001
v 0.01104426 0.00781412 0.03200001
v 0.01120668 0.00812370 0.03200001
v 0.01060688 0.00660653 0.02961582
v 0.01081252 0.00636537 0.02954132
v 0.01093608 0.00621254 0.02944774
v 0.01104128 0.00607748 0.02931255
v 0.01110160 0.00599796 0.02916950
v 0.01112502 0.00596649 0.02899999
v 0.01128155 0.00575001 0.02893299
v 0.01120942 0.00585122 0.02885586
v 0.01128155 0.00575001 0.02093304
v 0.01128155 0.00575001 0.02806694
v 0.01120966 0.00585086 0.02814383
v 0.01060688 0.00660653 0.02838415
v 0.01120942 0.00585122 0.02085585
v 0.01114982 0.00593299 0.02074999
v 0.01114982 0.00593299 0.02825004
v 0.01111316 0.00598235 0.02836854
v 0.01081252 0.00636537 0.02845878
v 0.01109999 0.00599999 0.02850002
v 0.01114982 0.00593299 0.02875001
v 0.01110154 0.00599796 0.02883035
v 0.01111316 0.00598247 0.02863139
v 0.01104128 0.00607748 0.02868754
v 0.01093602 0.00621266 0.02855224
v 0.01112502 0.00596649 0.01999998
v 0.01120966 0.00585086 0.02014381
v 0.01110160 0.00599796 0.02016956
v 0.01114982 0.00593299 0.02025003
v 0.01104128 0.00607748 0.02031249
v 0.01111316 0.00598235 0.02036852
v 0.01093608 0.00621254 0.02044773
v 0.01109999 0.00599999 0.02050001
v 0.01081252 0.00636537 0.02054125
v 0.01111316 0.00598247 0.02063144
v 0.01060688 0.00660653 0.02061582
v 0.01104128 0.00607748 0.01968748
v 0.01110154 0.00599796 0.01983035
v 0.01128155 0.00575001 0.02006698
v 0.01093602 0.00621266 0.01955217
v 0.01081252 0.00636537 0.01945871
v 0.01018750 0.00705463 0.01945871
v 0.01006364 0.00717694 0.01955259
v 0.00995874 0.00727720 0.01968748
v 0.00989741 0.00733454 0.01983416
v 0.01060688 0.00660653 0.01938421
v 0.01050001 0.00672609 0.01937503
v 0.01034295 0.00689489 0.01939506
v 0.00987500 0.00735528 0.02899999
v 0.00989741 0.00733454 0.02016580
v 0.00987500 0.00735528 0.01999998
v 0.01006364 0.00717694 0.02855260
v 0.00995874 0.00727720 0.02868754
v 0.01006347 0.00717706 0.02044726
v 0.00995874 0.00727720 0.02031249
v 0.01018750 0.00705463 0.02845878
v 0.01018750 0.00705463 0.02054125
v 0.01034259 0.00689525 0.02060485
v 0.01050001 0.00672609 0.02062500
v 0.01050001 0.00672609 0.02837497
v 0.01034295 0.00689489 0.02839500
v 0.00989741 0.00733454 0.02883417
v 0.00989741 0.00733454 0.02916581
v 0.00995874 0.00727720 0.02931255
v 0.01006347 0.00717706 0.02944726
v 0.01018750 0.00705463 0.02954132
v 0.01034259 0.00689525 0.02960486
v 0.01050001 0.00672609 0.02962500
v 0.01289999 0.00643391 0.01120001
v 0.01326602 0.00680000 0.01120001
v 0.01340001 0.00729997 0.01120001
v 0.01326602 0.00780005 0.01120001
v 0.01289999 0.00816602 0.01120001
v 0.01240003 0.00830001 0.01120001
v 0.01190000 0.00816602 0.01120001
v 0.01153397 0.00780005 0.01120001
v 0.01139998 0.00729997 0.01120001
v 0.01153397 0.00680000 0.01120001
v 0.01190000 0.00643391 0.01120001
v 0.01240003 0.00630004 0.01120001
v 0.01170718 0.00770003 0.01099998
v 0.01200002 0.00799281 0.01099998
v 0.01240003 0.00809998 0.01099998
v 0.01280003 0.00799281 0.01099998
v 0.01309281 0.00770003 0.01099998
v 0.01319998 0.00729997 0.01099998
v 0.01309281 0.00690002 0.01099998
v 0.01280003 0.00660712 0.01099998
v 0.01240003 0.00649995 0.01099998
v 0.01200002 0.00660712 0.01099998
v 0.01170718 0.00690002 0.01099998
v 0.01160001 0.00729997 0.01099998
v 0.01289999 -0.00816601 0.01120001
v 0.01326602 -0.00780004 0.01120001
v 0.01340001 -0.00729995 0.01120001
v 0.01326602 -0.00679999 0.01120001
v 0.01289999 -0.00643402 0.01120001
v 0.01240003 -0.00630003 0.01120001
v 0.01190000 -0.00643402 0.01120001
v 0.01153397 -0.00679999 0.01120001
v 0.01139998 -0.00729995 0.01120001
v 0.01153397 -0.00780004 0.01120001
v 0.01190000 -0.00816601 0.01120001
v 0.01240003 -0.00830000 0.01120001
v 0.01170718 -0.00690001 0.01099998
v 0.01200002 -0.00660723 0.01099998
v 0.01240003 -0.00650006 0.01099998
v 0.01280003 -0.00660723 0.01099998
v 0.01309281 -0.00690001 0.01099998
v 0.01319998 -0.00729995 0.01099998
v 0.01309281 -0.00770002 0.01099998
v 0.01280003 -0.00799280 0.01099998
v 0.01240003 -0.00809997 0.01099998
v 0.01200002 -0.00799280 0.01099998
v 0.01170718 -0.00770002 0.01099998
v 0.01160001 -0.00729995 0.01099998
v 0.01749998 0.00799996 0.03179998
v 0.01749998 0.00799996 0.01720000
v 0.01606601 -0.00770002 0.01720000
v 0.01606601 -0.00770002 0.03179998
v 0.01619833 -0.00725775 0.01720000
v 0.01619833 -0.00725775 0.03179998
v 0.01611793 -0.00680321 0.01720000
v 0.01611793 -0.00680321 0.03179998
v 0.01584196 -0.00643318 0.01720000
v 0.01584196 -0.00643318 0.03179998
v 0.01542920 -0.00622659 0.01720000
v 0.01542920 -0.00622659 0.03179998
v 0.01496756 -0.00622743 0.01720000
v 0.01496756 -0.00622743 0.03179998
v 0.01455551 -0.00643545 0.01720000
v 0.01455551 -0.00643545 0.03179998
v 0.01428073 -0.00680631 0.01720000
v 0.01428073 -0.00680631 0.03179998
v 0.01420188 -0.00726109 0.01720000
v 0.01420188 -0.00726109 0.03179998
v 0.01433569 -0.00770288 0.01720000
v 0.01433569 -0.00770288 0.03179998
v 0.01433569 0.00770289 0.01720000
v 0.01433569 0.00770289 0.03179998
v 0.01420188 0.00726110 0.01720000
v 0.01420188 0.00726110 0.03179998
v 0.01428073 0.00680632 0.01720000
v 0.01428073 0.00680632 0.03179998
v 0.01455551 0.00643534 0.01720000
v 0.01455551 0.00643534 0.03179998
v 0.01496756 0.00622744 0.01720000
v 0.01496756 0.00622744 0.03179998
v 0.01542920 0.00622661 0.01720000
v 0.01542920 0.00622661 0.03179998
v 0.01584196 0.00643320 0.01720000
v 0.01584196 0.00643320 0.03179998
v 0.01611793 0.00680322 0.01720000
v 0.01611793 0.00680322 0.03179998
v 0.01619833 0.00725777 0.01720000
v 0.01619833 0.00725777 0.03179998
v 0.01606601 0.00770003 0.01720000
v 0.01606601 0.00770003 0.03179998
v 0.01322889 0.00823564 0.03000003
v 0.01269912 0.00851364 0.03000003
v 0.01210087 0.00851364 0.03000003
v 0.01157111 0.00823564 0.03000003
v 0.01123124 0.00774331 0.03000003
v 0.01115912 0.00714929 0.03000003
v 0.01137125 0.00658996 0.03000003
v 0.01181912 0.00619323 0.03000003
v 0.01240003 0.00604994 0.03000003
v 0.01298093 0.00619323 0.03000003
v 0.01342874 0.00658996 0.03000003
v 0.01364088 0.00714929 0.03000003
v 0.01356876 0.00774331 0.03000003
v 0.01269912 0.00608630 0.03179998
v 0.01298093 0.00619323 0.03179998
v 0.01322889 0.00636441 0.03179998
v 0.01342874 0.00658996 0.03179998
v 0.01356876 0.00685675 0.03179998
v 0.01364088 0.00714929 0.03179998
v 0.01364088 0.00745065 0.03179998
v 0.01356876 0.00774331 0.03179998
v 0.01342874 0.00801010 0.03179998
v 0.01322889 0.00823564 0.03179998
v 0.01298093 0.00840682 0.03179998
v 0.01269912 0.00851364 0.03179998
v 0.01240003 0.00854999 0.03179998
v 0.01210087 0.00851364 0.03179998
v 0.01181912 0.00840682 0.03179998
v 0.01157111 0.00823564 0.03179998
v 0.01137125 0.00801010 0.03179998
v 0.01123124 0.00774331 0.03179998
v 0.01115912 0.00745065 0.03179998
v 0.01115912 0.00714929 0.03179998
v 0.01123124 0.00685675 0.03179998
v 0.01137125 0.00658996 0.03179998
v 0.01157111 0.00636441 0.03179998
v 0.01181912 0.00619323 0.03179998
v 0.01210087 0.00608630 0.03179998
v 0.01240003 0.00604994 0.03179998
v 0.01322889 -0.00636440 0.03000003
v 0.01269912 -0.00608628 0.03000003
v 0.01210087 -0.00608628 0.03000003
v 0.01157111 -0.00636440 0.03000003
v 0.01123124 -0.00685673 0.03000003
v 0.01115912 -0.00745063 0.03000003
v 0.01137125 -0.00801008 0.03000003
v 0.01181912 -0.00840681 0.03000003
v 0.01240003 -0.00854998 0.03000003
v 0.01298093 -0.00840681 0.03000003
v 0.01342874 -0.00801008 0.03000003
v 0.01364088 -0.00745063 0.03000003
v 0.01356876 -0.00685673 0.03000003
v 0.01269912 -0.00851374 0.03179998
v 0.01298093 -0.00840681 0.03179998
v 0.01322889 -0.00823563 0.03179998
v 0.01342874 -0.00801008 0.03179998
v 0.01356876 -0.00774329 0.03179998
v 0.01364088 -0.00745063 0.03179998
v 0.01364088 -0.00714939 0.03179998
v 0.01356876 -0.00685673 0.03179998
v 0.01342874 -0.00658994 0.03179998
v 0.01322889 -0.00636440 0.03179998
v 0.01298093 -0.00619321 0.03179998
v 0.01269912 -0.00608628 0.03179998
v 0.01240003 -0.00605004 0.03179998
v 0.01210087 -0.00608628 0.03179998
v 0.01181912 -0.00619321 0.03179998
v 0.01157111 -0.00636440 0.03179998
v 0.01137125 -0.00658994 0.03179998
v 0.01123124 -0.00685673 0.03179998
v 0.01115912 -0.00714939 0.03179998
v 0.01115912 -0.00745063 0.03179998
v 0.01123124 -0.00774329 0.03179998
v 0.01137125 -0.00801008 0.03179998
v 0.01157111 -0.00823563 0.03179998
v 0.01181912 -0.00840681 0.03179998
v 0.01210087 -0.00851374 0.03179998
v 0.01240003 -0.00854998 0.03179998
v 0.01749998 0.00750000 0.01720000
v 0.01749998 0.00750000 0.03179998
v 0.01749998 -0.00749999 0.03179998
v 0.01749998 -0.00749999 0.01720000
v 0.01550001 0.00499994 0.01900000
v 0.01550001 -0.00500005 0.01900000
v 0.01550001 0.00499994 0.03000003
v 0.01550001 -0.00500005 0.03000003
v 0.01550001 0.00256700 0.03224999
v 0.01550001 -0.00256699 0.03224999
v 0.01550001 -0.00249999 0.03249997
v 0.01550001 -0.00543302 0.02975005
v 0.01550001 -0.00525003 0.02993304
v 0.01550001 -0.00249999 0.03399998
v 0.01550001 0.00250000 0.03399998
v 0.01550001 0.00250000 0.03249997
v 0.01550001 0.00225002 0.03443307
v 0.01550001 0.00243301 0.03424997
v 0.01550001 0.00200004 0.03449995
v 0.01550001 -0.00200003 0.03449995
v 0.01550001 -0.00225001 0.03443307
v 0.01550001 -0.00243300 0.03424997
v 0.01550001 0.00543303 0.02975005
v 0.01550001 0.00525004 0.02993304
v 0.01550001 0.00274999 0.03206700
v 0.01550001 -0.00274997 0.03206700
v 0.01550001 0.00543303 0.01924998
v 0.01550001 0.00525004 0.01906699
v 0.01550001 -0.00543302 0.01924998
v 0.01550001 -0.00525003 0.01906699
v 0.01434475 0.00788660 0.01710326
v 0.01436257 0.00779361 0.01717347
v 0.01604557 0.00775022 0.01719123
v 0.01603925 0.00780005 0.01716835
v 0.01606601 0.00789995 0.01708645
v 0.01435506 0.00774831 0.01719273
v 0.01434475 -0.00788658 0.01710326
v 0.01436257 -0.00779360 0.01717347
v 0.01435500 -0.00774818 0.01719278
v 0.01606601 -0.00790005 0.01708645
v 0.01604551 -0.00775033 0.01719118
v 0.01603925 -0.00780004 0.01716835
v 0.01434475 -0.00788658 0.03189677
v 0.01436257 -0.00779360 0.03182656
v 0.01604557 -0.00775021 0.03180880
v 0.01603925 -0.00780004 0.03183169
v 0.01606601 -0.00790005 0.03191358
v 0.01435506 -0.00774830 0.03180725
v 0.01434475 0.00788660 0.03189677
v 0.01436257 0.00779361 0.03182656
v 0.01435500 0.00774819 0.03180725
v 0.01606601 0.00789995 0.03191358
v 0.01604551 0.00775034 0.03180880
v 0.01603925 0.00780005 0.03183169
v 0.01670003 -0.00749999 0.01013500
v 0.01670003 -0.00749999 0.01153499
v 0.01670003 -0.00473004 0.01153499
v 0.01670003 -0.00725000 0.00866699
v 0.01670003 -0.00743299 0.00884998
v 0.01670003 -0.00700002 0.00860000
v 0.01670003 -0.00749999 0.00910002
v 0.01670003 0.00473005 0.01013500
v 0.01670003 0.00750000 0.00910002
v 0.01670003 0.00743300 0.00884998
v 0.01670003 0.00473005 0.01950002
v 0.01670003 0.00499994 0.01950002
v 0.01670003 0.00750000 0.01642502
v 0.01670003 0.00473005 0.03200001
v 0.01670003 0.00700004 0.03200001
v 0.01670003 0.00499994 0.02949995
v 0.01670003 0.00750000 0.03150005
v 0.01670003 0.00743300 0.03175003
v 0.01670003 0.00725002 0.03193301
v 0.01670003 -0.00500005 0.02949995
v 0.01670003 -0.00725000 0.03193301
v 0.01670003 -0.00700002 0.03200001
v 0.01670003 -0.00473004 0.02949995
v 0.01670003 -0.00743299 0.03175003
v 0.01670003 -0.00749999 0.03150005
v 0.01670003 -0.00749999 0.01642502
v 0.01670003 -0.00500005 0.01950002
v 0.01670003 0.00401003 0.00975979
v 0.01670003 0.00295002 0.01013500
v 0.01670003 0.00415999 0.00980002
v 0.01670003 0.00432999 0.01013500
v 0.01670003 0.00430996 0.00975979
v 0.01670003 0.00441975 0.00964999
v 0.01670003 0.00432999 0.00860000
v 0.01670003 0.00295002 0.00860000
v 0.01670003 0.00401003 0.00924021
v 0.01670003 0.00390024 0.00964999
v 0.01670003 0.00385994 0.00950003
v 0.01670003 0.00390024 0.00935000
v 0.01670003 0.00415999 0.00919998
v 0.01670003 0.00430996 0.00924021
v 0.01670003 0.00473005 0.00860000
v 0.01670003 0.00441975 0.00935000
v 0.01670003 0.00446004 0.00950003
v 0.01670003 0.00700004 0.00860000
v 0.01670003 0.00725002 0.00866699
v 0.01670003 0.00441975 0.01091999
v 0.01670003 0.00430996 0.01102978
v 0.01670003 0.00432999 0.01153499
v 0.01670003 0.00415999 0.01107002
v 0.01670003 0.00390024 0.01091999
v 0.01670003 0.00385994 0.01077003
v 0.01670003 0.00390024 0.01062000
v 0.01670003 0.00401003 0.01051021
v 0.01670003 0.00415999 0.01046998
v 0.01670003 0.00430996 0.01051021
v 0.01670003 0.00441975 0.01062000
v 0.01670003 0.00446004 0.01077003
v 0.01670003 0.00473005 0.01153499
v 0.01670003 0.00473005 0.02949995
v 0.01670003 0.00432999 0.02949995
v 0.01670003 0.00432999 0.03200001
v 0.01670003 0.00295002 0.02949995
v 0.01670003 0.00295002 0.03200001
v 0.01670003 -0.00473004 0.03200001
v 0.01670003 -0.00441986 0.00935000
v 0.01670003 -0.00473004 0.00860000
v 0.01670003 -0.00446003 0.00950003
v 0.01670003 -0.00473004 0.01013500
v 0.01670003 -0.00441986 0.00964999
v 0.01670003 -0.00431006 0.00924021
v 0.01670003 -0.00415998 0.00919998
v 0.01670003 -0.00401001 0.00924021
v 0.01670003 -0.00390022 0.00935000
v 0.01670003 -0.00386005 0.00950003
v 0.01670003 -0.00390022 0.00964999
v 0.01670003 -0.00401001 0.00975979
v 0.01670003 -0.00415998 0.00980002
v 0.01670003 -0.00431006 0.00975979
v 0.01670003 -0.00446003 0.01077003
v 0.01670003 -0.00441986 0.01062000
v 0.01670003 -0.00431006 0.01051021
v 0.01670003 -0.00415998 0.01046998
v 0.01670003 -0.00401001 0.01051021
v 0.01670003 -0.00390022 0.01062000
v 0.01670003 -0.00386005 0.01077003
v 0.01670003 0.00295002 0.01153499
v 0.01670003 0.00401003 0.01102978
v 0.01670003 -0.00431006 0.01102978
v 0.01670003 -0.00441986 0.01091999
v 0.01670003 -0.00390022 0.01091999
v 0.01670003 -0.00401001 0.01102978
v 0.01670003 -0.00415998 0.01107002
v 0.01670003 0.00369997 0.01214999
v 0.01670003 0.00394995 0.01221699
v 0.01670003 0.00432999 0.01207501
v 0.01670003 0.00369997 0.01314998
v 0.01670003 0.00344998 0.01308304
v 0.01670003 0.00295002 0.01345003
v 0.01670003 0.00344998 0.01221699
v 0.01670003 0.00295002 0.01207501
v 0.01670003 0.00413305 0.01239997
v 0.01670003 0.00420005 0.01265002
v 0.01670003 0.00432999 0.01345003
v 0.01670003 0.00413305 0.01290000
v 0.01670003 0.00394995 0.01308304
v 0.01670003 0.00326700 0.01290000
v 0.01670003 0.00320000 0.01265002
v 0.01670003 0.00326700 0.01239997
v 0.01670003 0.00369997 0.01375002
v 0.01670003 0.00394995 0.01381702
v 0.01670003 0.00369997 0.01475001
v 0.01670003 0.00344998 0.01468301
v 0.01670003 0.00295002 0.01505000
v 0.01670003 0.00344998 0.01381702
v 0.01670003 0.00326700 0.01450002
v 0.01670003 0.00320000 0.01424998
v 0.01670003 0.00326700 0.01400000
v 0.01670003 0.00413305 0.01400000
v 0.01670003 0.00420005 0.01424998
v 0.01670003 0.00432999 0.01505000
v 0.01670003 0.00413305 0.01450002
v 0.01670003 0.00394995 0.01468301
v 0.01670003 0.00369997 0.01534999
v 0.01670003 0.00394995 0.01541698
v 0.01670003 0.00326700 0.01560003
v 0.01670003 0.00344998 0.01541698
v 0.01670003 0.00320000 0.01585001
v 0.01670003 0.00295002 0.01642502
v 0.01670003 0.00326700 0.01609999
v 0.01670003 0.00413305 0.01560003
v 0.01670003 0.00420005 0.01585001
v 0.01670003 0.00432999 0.01642502
v 0.01670003 0.00413305 0.01609999
v 0.01670003 0.00394995 0.01628304
v 0.01670003 0.00369997 0.01634998
v 0.01670003 0.00344998 0.01628304
v 0.01670003 0.00473005 0.01207501
v 0.01670003 0.00473005 0.01642502
v 0.01670003 0.00473005 0.01505000
v 0.01670003 0.00473005 0.01345003
v 0.01670003 0.00550003 0.01214999
v 0.01670003 0.00575001 0.01221699
v 0.01670003 0.00750000 0.01207501
v 0.01670003 0.00525004 0.01221699
v 0.01670003 0.00506694 0.01239997
v 0.01670003 0.00499994 0.01265002
v 0.01670003 0.00750000 0.01153499
v 0.01670003 0.00750000 0.01013500
v 0.01670003 0.00593299 0.01239997
v 0.01670003 0.00599999 0.01265002
v 0.01670003 0.00750000 0.01345003
v 0.01670003 0.00550003 0.01314998
v 0.01670003 0.00525004 0.01308304
v 0.01670003 0.00506694 0.01290000
v 0.01670003 0.00593299 0.01290000
v 0.01670003 0.00575001 0.01308304
v 0.01670003 0.00525004 0.01381702
v 0.01670003 0.00550003 0.01375002
v 0.01670003 0.00550003 0.01475001
v 0.01670003 0.00525004 0.01468301
v 0.01670003 0.00575001 0.01381702
v 0.01670003 0.00506694 0.01450002
v 0.01670003 0.00499994 0.01424998
v 0.01670003 0.00506694 0.01400000
v 0.01670003 0.00593299 0.01400000
v 0.01670003 0.00599999 0.01424998
v 0.01670003 0.00750000 0.01505000
v 0.01670003 0.00593299 0.01450002
v 0.01670003 0.00575001 0.01468301
v 0.01670003 0.00593299 0.01609999
v 0.01670003 0.00575001 0.01628304
v 0.01670003 0.00550003 0.01634998
v 0.01670003 0.00525004 0.01628304
v 0.01670003 0.00525004 0.01541698
v 0.01670003 0.00550003 0.01534999
v 0.01670003 0.00506694 0.01609999
v 0.01670003 0.00499994 0.01585001
v 0.01670003 0.00506694 0.01560003
v 0.01670003 0.00575001 0.01541698
v 0.01670003 0.00593299 0.01560003
v 0.01670003 0.00599999 0.01585001
v 0.01670003 0.00432999 0.01950002
v 0.01670003 0.00295002 0.01950002
v 0.01670003 0.00270004 0.01650000
v 0.01670003 -0.00473004 0.01950002
v 0.01670003 -0.00473004 0.01650000
v 0.01670003 -0.00650006 0.01650000
v 0.01670003 -0.00650006 0.01642502
v 0.01670003 -0.00749999 0.01505000
v 0.01670003 -0.00650006 0.01505000
v 0.01670003 -0.00749999 0.01345003
v 0.01670003 -0.00650006 0.01345003
v 0.01670003 -0.00749999 0.01207501
v 0.01670003 -0.00650006 0.01207501
v 0.01670003 -0.00650006 0.01200003
v 0.01670003 -0.00473004 0.01200003
v 0.01670003 0.00270004 0.01200003
v 0.01670003 0.00270004 0.01207501
v 0.01670003 0.00270004 0.01345003
v 0.01670003 0.00270004 0.01505000
v 0.01670003 0.00270004 0.01642502
v 0.01749998 0.00415999 0.01107002
v 0.01749998 0.00430996 0.01102978
v 0.01749998 0.00432999 0.01160997
v 0.01749998 0.00499994 0.01950002
v 0.01749998 0.00473005 0.01950002
v 0.01749998 0.00473005 0.01792503
v 0.01749998 0.00750000 0.01792503
v 0.01749998 0.00750000 0.03150005
v 0.01749998 0.00499994 0.02949995
v 0.01749998 -0.00033002 0.01950002
v 0.01749998 -0.00500005 0.01950002
v 0.01749998 -0.00749999 0.01792503
v 0.01749998 -0.00749999 0.03150005
v 0.01749998 -0.00500005 0.02949995
v 0.01749998 -0.00743299 0.03175003
v 0.01749998 -0.00725000 0.03193301
v 0.01749998 -0.00700002 0.03200001
v 0.01749998 -0.00033002 0.03200001
v 0.01749998 -0.00033002 0.02949995
v 0.01749998 0.00352997 0.03200001
v 0.01749998 0.00352997 0.02949995
v 0.01749998 0.00432999 0.03200001
v 0.01749998 0.00432999 0.02949995
v 0.01749998 0.00473005 0.03200001
v 0.01749998 0.00473005 0.02949995
v 0.01749998 0.00700004 0.03200001
v 0.01749998 0.00725002 0.03193301
v 0.01749998 0.00743300 0.03175003
v 0.01749998 -0.00033002 0.01792503
v 0.01749998 0.00352997 0.01950002
v 0.01749998 0.00352997 0.01792503
v 0.01749998 0.00432999 0.01950002
v 0.01749998 0.00432999 0.01792503
v 0.01749998 0.00473005 0.00860000
v 0.01749998 0.00700004 0.00860000
v 0.01749998 0.00750000 0.01013500
v 0.01749998 0.00725002 0.00866699
v 0.01749998 0.00743300 0.00884998
v 0.01749998 0.00750000 0.00910002
v 0.01749998 -0.00386005 0.00950003
v 0.01749998 -0.00390022 0.00935000
v 0.01749998 -0.00033002 0.00860000
v 0.01749998 -0.00401001 0.00924021
v 0.01749998 -0.00415998 0.00919998
v 0.01749998 -0.00700002 0.00860000
v 0.01749998 -0.00415998 0.00980002
v 0.01749998 -0.00401001 0.00975979
v 0.01749998 -0.00033002 0.01013500
v 0.01749998 -0.00390022 0.00964999
v 0.01749998 -0.00749999 0.00910002
v 0.01749998 -0.00446003 0.00950003
v 0.01749998 -0.00749999 0.01013500
v 0.01749998 -0.00441986 0.00964999
v 0.01749998 -0.00431006 0.00975979
v 0.01749998 -0.00431006 0.00924021
v 0.01749998 -0.00441986 0.00935000
v 0.01749998 -0.00725000 0.00866699
v 0.01749998 -0.00743299 0.00884998
v 0.01749998 0.00432999 0.00860000
v 0.01749998 0.00415999 0.00919998
v 0.01749998 0.00352997 0.00860000
v 0.01749998 0.00401003 0.00924021
v 0.01749998 0.00390024 0.00935000
v 0.01749998 0.00385994 0.00950003
v 0.01749998 0.00390024 0.00964999
v 0.01749998 0.00352997 0.01013500
v 0.01749998 0.00401003 0.00975979
v 0.01749998 0.00432999 0.01013500
v 0.01749998 0.00415999 0.00980002
v 0.01749998 0.00430996 0.00975979
v 0.01749998 0.00473005 0.01013500
v 0.01749998 0.00441975 0.00964999
v 0.01749998 0.00446004 0.00950003
v 0.01749998 0.00441975 0.00935000
v 0.01749998 0.00430996 0.00924021
v 0.01749998 0.00430996 0.01051021
v 0.01749998 0.00415999 0.01046998
v 0.01749998 0.00390024 0.01091999
v 0.01749998 0.00401003 0.01102978
v 0.01749998 0.00352997 0.01160997
v 0.01749998 0.00401003 0.01051021
v 0.01749998 0.00390024 0.01062000
v 0.01749998 0.00385994 0.01077003
v 0.01749998 0.00441975 0.01062000
v 0.01749998 0.00446004 0.01077003
v 0.01749998 0.00473005 0.01160997
v 0.01749998 0.00441975 0.01091999
v 0.01749998 0.00369997 0.01634998
v 0.01749998 0.00394995 0.01628304
v 0.01749998 0.00413305 0.01609999
v 0.01749998 0.00420005 0.01585001
v 0.01749998 0.00432999 0.01505000
v 0.01749998 0.00413305 0.01560003
v 0.01749998 0.00394995 0.01541698
v 0.01749998 0.00369997 0.01534999
v 0.01749998 0.00352997 0.01505000
v 0.01749998 0.00344998 0.01541698
v 0.01749998 -0.00033002 0.01505000
v 0.01749998 0.00326700 0.01560003
v 0.01749998 0.00320000 0.01585001
v 0.01749998 0.00326700 0.01609999
v 0.01749998 0.00344998 0.01628304
v 0.01749998 0.00369997 0.01475001
v 0.01749998 0.00394995 0.01468301
v 0.01749998 0.00413305 0.01450002
v 0.01749998 0.00420005 0.01424998
v 0.01749998 0.00432999 0.01345003
v 0.01749998 0.00413305 0.01400000
v 0.01749998 0.00394995 0.01381702
v 0.01749998 0.00369997 0.01375002
v 0.01749998 0.00352997 0.01345003
v 0.01749998 0.00344998 0.01381702
v 0.01749998 -0.00033002 0.01345003
v 0.01749998 0.00326700 0.01400000
v 0.01749998 0.00320000 0.01424998
v 0.01749998 0.00326700 0.01450002
v 0.01749998 0.00344998 0.01468301
v 0.01749998 0.00369997 0.01314998
v 0.01749998 0.00394995 0.01308304
v 0.01749998 0.00394995 0.01221699
v 0.01749998 0.00413305 0.01290000
v 0.01749998 0.00420005 0.01265002
v 0.01749998 0.00413305 0.01239997
v 0.01749998 0.00369997 0.01214999
v 0.01749998 0.00344998 0.01221699
v 0.01749998 -0.00033002 0.01160997
v 0.01749998 0.00326700 0.01239997
v 0.01749998 0.00320000 0.01265002
v 0.01749998 0.00326700 0.01290000
v 0.01749998 0.00344998 0.01308304
v 0.01749998 0.00550003 0.01214999
v 0.01749998 0.00525004 0.01221699
v 0.01749998 0.00550003 0.01314998
v 0.01749998 0.00575001 0.01308304
v 0.01749998 0.00750000 0.01345003
v 0.01749998 0.00750000 0.01160997
v 0.01749998 0.00575001 0.01221699
v 0.01749998 0.00593299 0.01290000
v 0.01749998 0.00599999 0.01265002
v 0.01749998 0.00593299 0.01239997
v 0.01749998 0.00506694 0.01239997
v 0.01749998 0.00499994 0.01265002
v 0.01749998 0.00473005 0.01345003
v 0.01749998 0.00506694 0.01290000
v 0.01749998 0.00525004 0.01308304
v 0.01749998 0.00550003 0.01375002
v 0.01749998 0.00525004 0.01381702
v 0.01749998 0.00550003 0.01475001
v 0.01749998 0.00575001 0.01468301
v 0.01749998 0.00750000 0.01505000
v 0.01749998 0.00575001 0.01381702
v 0.01749998 0.00593299 0.01450002
v 0.01749998 0.00599999 0.01424998
v 0.01749998 0.00593299 0.01400000
v 0.01749998 0.00506694 0.01400000
v 0.01749998 0.00499994 0.01424998
v 0.01749998 0.00473005 0.01505000
v 0.01749998 0.00506694 0.01450002
v 0.01749998 0.00525004 0.01468301
v 0.01749998 0.00550003 0.01534999
v 0.01749998 0.00525004 0.01541698
v 0.01749998 0.00593299 0.01560003
v 0.01749998 0.00575001 0.01541698
v 0.01749998 0.00506694 0.01560003
v 0.01749998 0.00499994 0.01585001
v 0.01749998 0.00506694 0.01609999
v 0.01749998 0.00525004 0.01628304
v 0.01749998 0.00550003 0.01634998
v 0.01749998 0.00575001 0.01628304
v 0.01749998 0.00593299 0.01609999
v 0.01749998 0.00599999 0.01585001
v 0.01749998 -0.00415998 0.01046998
v 0.01749998 -0.00431006 0.01051021
v 0.01749998 -0.00390022 0.01091999
v 0.01749998 -0.00386005 0.01077003
v 0.01749998 -0.00390022 0.01062000
v 0.01749998 -0.00401001 0.01051021
v 0.01749998 -0.00749999 0.01160997
v 0.01749998 -0.00431006 0.01102978
v 0.01749998 -0.00415998 0.01107002
v 0.01749998 -0.00441986 0.01062000
v 0.01749998 -0.00446003 0.01077003
v 0.01749998 -0.00441986 0.01091999
v 0.01749998 -0.00401001 0.01102978
v 0.01749998 -0.00749999 0.01505000
v 0.01749998 -0.00749999 0.01345003
v 0.01890003 0.00499994 0.01950002
v 0.01890003 -0.00500005 0.01950002
v 0.01890003 0.00499994 0.02949995
v 0.01890003 -0.00500005 0.02949995
v 0.01530003 0.00499994 0.02949995
v 0.01530003 -0.00500005 0.02949995
v 0.01530003 0.00499994 0.01950002
v 0.01530003 -0.00500005 0.01950002
v 0.01569998 0.00270004 0.01200003
v 0.01569998 -0.00650006 0.01200003
v 0.01569998 -0.00650006 0.01650000
v 0.01569998 0.00270004 0.01650000
v 0.01231473 0.00605292 0.03500003
v 0.01198142 0.00612218 0.03500003
v 0.01194846 0.00613446 0.03000003
v 0.01194846 0.00613446 0.03500003
v 0.01167917 0.00627882 0.03500003
v 0.01155787 0.00637621 0.03000003
v 0.01128107 0.00674278 0.03500003
v 0.01128107 0.00674278 0.03000003
v 0.01143038 0.00651116 0.03500003
v 0.01155787 0.00637621 0.03500003
v 0.01125347 0.00680203 0.03500003
v 0.01116162 0.00712974 0.03500003
v 0.01115536 0.00718469 0.03000003
v 0.01115536 0.00718469 0.03500003
v 0.01116162 0.00747020 0.03500003
v 0.01119774 0.00764210 0.03000003
v 0.01140248 0.00805325 0.03500003
v 0.01140248 0.00805325 0.03000003
v 0.01125347 0.00779802 0.03500003
v 0.01119774 0.00764210 0.03500003
v 0.01143038 0.00808889 0.03500003
v 0.01167917 0.00832123 0.03500003
v 0.01174199 0.00836272 0.03000003
v 0.01174199 0.00836272 0.03500003
v 0.01198142 0.00847787 0.03500003
v 0.01217031 0.00852866 0.03000003
v 0.01217031 0.00852866 0.03500003
v 0.01231473 0.00854713 0.03500003
v 0.01240003 0.00854999 0.03000003
v 0.01240003 0.00854999 0.03500003
v 0.01262968 0.00852866 0.03000003
v 0.01262968 0.00852866 0.03500003
v 0.01305806 0.00836272 0.03000003
v 0.01265430 0.00852389 0.03500003
v 0.01297509 0.00840980 0.03500003
v 0.01305806 0.00836272 0.03500003
v 0.01325321 0.00821359 0.03500003
v 0.01339751 0.00805325 0.03000003
v 0.01339751 0.00805325 0.03500003
v 0.01346802 0.00794942 0.03500003
v 0.01360231 0.00764210 0.03000003
v 0.01360368 0.00763721 0.03500003
v 0.01365000 0.00729997 0.03500003
v 0.01364469 0.00718469 0.03000003
v 0.01364469 0.00718469 0.03500003
v 0.01360368 0.00696272 0.03500003
v 0.01351899 0.00674278 0.03000003
v 0.01351899 0.00674278 0.03500003
v 0.01346802 0.00665051 0.03500003
v 0.01324212 0.00637621 0.03000003
v 0.01325321 0.00638647 0.03500003
v 0.01297509 0.00619013 0.03500003
v 0.01285153 0.00613446 0.03000003
v 0.01285153 0.00613446 0.03500003
v 0.01265430 0.00607616 0.03500003
v 0.01240003 0.00604994 0.03500003
v 0.01365381 0.00729997 0.03504342
v 0.01267326 0.00852389 0.03521628
v 0.01298916 0.00840980 0.03516060
v 0.01360815 0.00763721 0.03505141
v 0.01347458 0.00794942 0.03507501
v 0.01382500 0.00794942 0.03542537
v 0.01390004 0.00785715 0.03538102
v 0.01384854 0.00763721 0.03529185
v 0.01390004 0.00763721 0.03529638
v 0.01385659 0.00729997 0.03524620
v 0.01390004 0.00741536 0.03525538
v 0.01390004 0.00729997 0.03525001
v 0.01378768 0.00821359 0.03563697
v 0.01390004 0.00821359 0.03564686
v 0.01390004 0.00794942 0.03543193
v 0.01326304 0.00821359 0.03511233
v 0.01368367 0.00852389 0.03622681
v 0.01390004 0.00846559 0.03604848
v 0.01373940 0.00840980 0.03591091
v 0.01390004 0.00840980 0.03592497
v 0.01390004 0.00822372 0.03565783
v 0.01362472 0.00854713 0.03656119
v 0.01390004 0.00854999 0.03650004
v 0.01390004 0.00852389 0.03624565
v 0.01233881 0.00854713 0.03527528
v 0.01201057 0.00847787 0.03533322
v 0.01351434 0.00832123 0.03718716
v 0.01390004 0.00846559 0.03695161
v 0.01356685 0.00847787 0.03688950
v 0.01390004 0.00847787 0.03691858
v 0.01390004 0.00854713 0.03658528
v 0.01171291 0.00832123 0.03538567
v 0.01146787 0.00808889 0.03542883
v 0.01347118 0.00808889 0.03743214
v 0.01390004 0.00822372 0.03734213
v 0.01390004 0.00832123 0.03722090
v 0.01344043 0.00779802 0.03760630
v 0.01390004 0.00785715 0.03761894
v 0.01390004 0.00808889 0.03746969
v 0.01129371 0.00779802 0.03545958
v 0.01120323 0.00747020 0.03547556
v 0.01342451 0.00712974 0.03769678
v 0.01390004 0.00741536 0.03774470
v 0.01342451 0.00747020 0.03769678
v 0.01390004 0.00747020 0.03773839
v 0.01390004 0.00779802 0.03764648
v 0.01120323 0.00712974 0.03547556
v 0.01129371 0.00680203 0.03545958
v 0.01344043 0.00680203 0.03760630
v 0.01390004 0.00695796 0.03770227
v 0.01390004 0.00712974 0.03773839
v 0.01347118 0.00651116 0.03743214
v 0.01390004 0.00654668 0.03749758
v 0.01390004 0.00680203 0.03764648
v 0.01146787 0.00651116 0.03542883
v 0.01171291 0.00627882 0.03538567
v 0.01356685 0.00612218 0.03688950
v 0.01390004 0.00623722 0.03715808
v 0.01351434 0.00627882 0.03718716
v 0.01390004 0.00627882 0.03722090
v 0.01390004 0.00651116 0.03746969
v 0.01201057 0.00612218 0.03533322
v 0.01233881 0.00605292 0.03527528
v 0.01362472 0.00605292 0.03656119
v 0.01390004 0.00607128 0.03672964
v 0.01390004 0.00612218 0.03691858
v 0.01368367 0.00607616 0.03622681
v 0.01390004 0.00607128 0.03627032
v 0.01390004 0.00605292 0.03658528
v 0.01267326 0.00607616 0.03521628
v 0.01373940 0.00619013 0.03591091
v 0.01390004 0.00619013 0.03592497
v 0.01390004 0.00607616 0.03624565
v 0.01390004 0.00695796 0.03529770
v 0.01390004 0.00665051 0.03543193
v 0.01382500 0.00665051 0.03542537
v 0.01390004 0.00654668 0.03550250
v 0.01378768 0.00638647 0.03563697
v 0.01390004 0.00638647 0.03564686
v 0.01390004 0.00623722 0.03584201
v 0.01381451 0.00729997 0.03523487
v 0.01379865 0.00763721 0.03527850
v 0.01375228 0.00794942 0.03540594
v 0.01367879 0.00821359 0.03560776
v 0.01358366 0.00840980 0.03586918
v 0.01347398 0.00852389 0.03617055
v 0.01335781 0.00854713 0.03648967
v 0.01324379 0.00847787 0.03680295
v 0.01314044 0.00832123 0.03708691
v 0.01305532 0.00808889 0.03732068
v 0.01299482 0.00779802 0.03748685
v 0.01296341 0.00747020 0.03757316
v 0.01296341 0.00712974 0.03757316
v 0.01299482 0.00680203 0.03748685
v 0.01305532 0.00651116 0.03732068
v 0.01314044 0.00627882 0.03708691
v 0.01324379 0.00612218 0.03680295
v 0.01335781 0.00605292 0.03648967
v 0.01347398 0.00607616 0.03617055
v 0.01358366 0.00619013 0.03586918
v 0.01367879 0.00638647 0.03560776
v 0.01375228 0.00665051 0.03540594
v 0.01377499 0.00729997 0.03521651
v 0.01375186 0.00763721 0.03525669
v 0.01368403 0.00794942 0.03537411
v 0.01357662 0.00821359 0.03556019
v 0.01343757 0.00840980 0.03580100
v 0.01327717 0.00852389 0.03607875
v 0.01310736 0.00854713 0.03637296
v 0.01294070 0.00847787 0.03666157
v 0.01278960 0.00832123 0.03692335
v 0.01266521 0.00808889 0.03713876
v 0.01257676 0.00779802 0.03729195
v 0.01253080 0.00747020 0.03737146
v 0.01253080 0.00712974 0.03737146
v 0.01257676 0.00680203 0.03729195
v 0.01266521 0.00651116 0.03713876
v 0.01278960 0.00627882 0.03692335
v 0.01294070 0.00612218 0.03666157
v 0.01310736 0.00605292 0.03637296
v 0.01327717 0.00607616 0.03607875
v 0.01343757 0.00619013 0.03580100
v 0.01357662 0.00638647 0.03556019
v 0.01368403 0.00665051 0.03537411
v 0.01373928 0.00729997 0.03519148
v 0.01370954 0.00763721 0.03522700
v 0.01362234 0.00794942 0.03533095
v 0.01348424 0.00821359 0.03549546
v 0.01330548 0.00840980 0.03570849
v 0.01309931 0.00852389 0.03595430
v 0.01288098 0.00854713 0.03621441
v 0.01266676 0.00847787 0.03646976
v 0.01247245 0.00832123 0.03670127
v 0.01231253 0.00808889 0.03689188
v 0.01219886 0.00779802 0.03702730
v 0.01213985 0.00747020 0.03709776
v 0.01213985 0.00712974 0.03709776
v 0.01219886 0.00680203 0.03702730
v 0.01231253 0.00651116 0.03689188
v 0.01247245 0.00627882 0.03670127
v 0.01266676 0.00612218 0.03646976
v 0.01288098 0.00605292 0.03621441
v 0.01309931 0.00607616 0.03595430
v 0.01330548 0.00619013 0.03570849
v 0.01348424 0.00638647 0.03549546
v 0.01362234 0.00665051 0.03533095
v 0.01370847 0.00729997 0.03516072
v 0.01367300 0.00763721 0.03519053
v 0.01356911 0.00794942 0.03527767
v 0.01340454 0.00821359 0.03541571
v 0.01319146 0.00840980 0.03559453
v 0.01294577 0.00852389 0.03580076
v 0.01268559 0.00854713 0.03601903
v 0.01243025 0.00847787 0.03623325
v 0.01219874 0.00832123 0.03642756
v 0.01200813 0.00808889 0.03658742
v 0.01187265 0.00779802 0.03670115
v 0.01180231 0.00747020 0.03676016
v 0.01180231 0.00712974 0.03676016
v 0.01187265 0.00680203 0.03670115
v 0.01200813 0.00651116 0.03658742
v 0.01219874 0.00627882 0.03642756
v 0.01243025 0.00612218 0.03623325
v 0.01268559 0.00605292 0.03601903
v 0.01294577 0.00607616 0.03580076
v 0.01319146 0.00619013 0.03559453
v 0.01340454 0.00638647 0.03541571
v 0.01356911 0.00665051 0.03527767
v 0.01368349 0.00729997 0.03512496
v 0.01364338 0.00763721 0.03514821
v 0.01352590 0.00794942 0.03521604
v 0.01333987 0.00821359 0.03532344
v 0.01309901 0.00840980 0.03546244
v 0.01282119 0.00852389 0.03562290
v 0.01252710 0.00854713 0.03579265
v 0.01223844 0.00847787 0.03595931
v 0.01197672 0.00832123 0.03611046
v 0.01176124 0.00808889 0.03623480
v 0.01160806 0.00779802 0.03632325
v 0.01152855 0.00747020 0.03636915
v 0.01152855 0.00712974 0.03636915
v 0.01160806 0.00680203 0.03632325
v 0.01176124 0.00651116 0.03623480
v 0.01197672 0.00627882 0.03611046
v 0.01223844 0.00612218 0.03595931
v 0.01252710 0.00605292 0.03579265
v 0.01282119 0.00607616 0.03562290
v 0.01309901 0.00619013 0.03546244
v 0.01333987 0.00638647 0.03532344
v 0.01352590 0.00665051 0.03521604
v 0.01366508 0.00729997 0.03508550
v 0.01362151 0.00763721 0.03510136
v 0.01349407 0.00794942 0.03514773
v 0.01329219 0.00821359 0.03522128
v 0.01303088 0.00840980 0.03531629
v 0.01272946 0.00852389 0.03542608
v 0.01241034 0.00854713 0.03554219
v 0.01209712 0.00847787 0.03565616
v 0.01181310 0.00832123 0.03575963
v 0.01157933 0.00808889 0.03584463
v 0.01141309 0.00779802 0.03590519
v 0.01132679 0.00747020 0.03593654
v 0.01132679 0.00712974 0.03593654
v 0.01141309 0.00680203 0.03590519
v 0.01157933 0.00651116 0.03584463
v 0.01181310 0.00627882 0.03575963
v 0.01209712 0.00612218 0.03565616
v 0.01241034 0.00605292 0.03554219
v 0.01272946 0.00607616 0.03542608
v 0.01303088 0.00619013 0.03531629
v 0.01329219 0.00638647 0.03522128
v 0.01349407 0.00665051 0.03514773
v 0.01298916 0.00619013 0.03516060
v 0.01326304 0.00638647 0.03511233
v 0.01347458 0.00665051 0.03507501
v 0.01390004 0.00696272 0.03529638
v 0.01384854 0.00696272 0.03529185
v 0.01379865 0.00696272 0.03527850
v 0.01375186 0.00696272 0.03525669
v 0.01370954 0.00696272 0.03522700
v 0.01367300 0.00696272 0.03519053
v 0.01364338 0.00696272 0.03514821
v 0.01362151 0.00696272 0.03510136
v 0.01360815 0.00696272 0.03505141
v 0.01440000 0.00695796 0.03770227
v 0.01440000 0.00846559 0.03604848
v 0.01440000 0.00853831 0.03632981
v 0.01440000 0.00854999 0.03650004
v 0.01440000 0.00844652 0.03600198
v 0.01440000 0.00826961 0.03571111
v 0.01440000 0.00822372 0.03565783
v 0.01440000 0.00802082 0.03547877
v 0.01440000 0.00695796 0.03529770
v 0.01440000 0.00704569 0.03527612
v 0.01440000 0.00785715 0.03538102
v 0.01440000 0.00771863 0.03532213
v 0.01440000 0.00741536 0.03525538
v 0.01440000 0.00738532 0.03525287
v 0.01440000 0.00609631 0.03616280
v 0.01440000 0.00623197 0.03585047
v 0.01440000 0.00644679 0.03558642
v 0.01440000 0.00654668 0.03550250
v 0.01440000 0.00672490 0.03539020
v 0.01440000 0.00644679 0.03741354
v 0.01440000 0.00623197 0.03714949
v 0.01440000 0.00609631 0.03683728
v 0.01440000 0.00607128 0.03672964
v 0.01440000 0.00604994 0.03650004
v 0.01440000 0.00607128 0.03627032
v 0.01440000 0.00672490 0.03760988
v 0.01440000 0.00654668 0.03749758
v 0.01440000 0.00704569 0.03772384
v 0.01440000 0.00738532 0.03774709
v 0.01440000 0.00741536 0.03774470
v 0.01440000 0.00771863 0.03767783
v 0.01440000 0.00785715 0.03761894
v 0.01440000 0.00802082 0.03752119
v 0.01440000 0.00822372 0.03734213
v 0.01440000 0.00853831 0.03667027
v 0.01440000 0.00846559 0.03695161
v 0.01440000 0.00844652 0.03699798
v 0.01440000 0.00826961 0.03728885
v 0.01467532 0.00736124 0.03525287
v 0.01461631 0.00702674 0.03527612
v 0.01464998 0.00579996 0.03650004
v 0.01464623 0.00584335 0.03650004
v 0.01467126 0.00579996 0.03627032
v 0.01469189 0.00585145 0.03616280
v 0.01445144 0.00609190 0.03616280
v 0.01444339 0.00604624 0.03650004
v 0.01447504 0.00622541 0.03585047
v 0.01451230 0.00643701 0.03558642
v 0.01482540 0.00587506 0.03585047
v 0.01503700 0.00591237 0.03558642
v 0.01504683 0.00579996 0.03558642
v 0.01483726 0.00579996 0.03584201
v 0.01483196 0.00579996 0.03585047
v 0.01469636 0.00579996 0.03616280
v 0.01562678 0.00601632 0.03527612
v 0.01555794 0.00579996 0.03529770
v 0.01531088 0.00596065 0.03539020
v 0.01532495 0.00579996 0.03539020
v 0.01514673 0.00579996 0.03550250
v 0.01456064 0.00671083 0.03539020
v 0.01628947 0.00613315 0.03532213
v 0.01601535 0.00579996 0.03525538
v 0.01596123 0.00607533 0.03525287
v 0.01598531 0.00579996 0.03525287
v 0.01564568 0.00579996 0.03527612
v 0.01473319 0.00768942 0.03532213
v 0.01658713 0.00618560 0.03547877
v 0.01645720 0.00579996 0.03538102
v 0.01631862 0.00579996 0.03532213
v 0.01478564 0.00798709 0.03547877
v 0.01683211 0.00622887 0.03571111
v 0.01682376 0.00579996 0.03565783
v 0.01662087 0.00579996 0.03547877
v 0.01482886 0.00823206 0.03571111
v 0.01485955 0.00840635 0.03600198
v 0.01709675 0.00627548 0.03632981
v 0.01706558 0.00579996 0.03604848
v 0.01700633 0.00625951 0.03600198
v 0.01704651 0.00579996 0.03600198
v 0.01686966 0.00579996 0.03571111
v 0.01487553 0.00849671 0.03632981
v 0.01709675 0.00627548 0.03667027
v 0.01714998 0.00579996 0.03650004
v 0.01713836 0.00579996 0.03632981
v 0.01487553 0.00849671 0.03667027
v 0.01700633 0.00625951 0.03699798
v 0.01706558 0.00579996 0.03695161
v 0.01713836 0.00579996 0.03667027
v 0.01485955 0.00840635 0.03699798
v 0.01482886 0.00823206 0.03728885
v 0.01658713 0.00618560 0.03752119
v 0.01682376 0.00579996 0.03734213
v 0.01683211 0.00622887 0.03728885
v 0.01686966 0.00579996 0.03728885
v 0.01704651 0.00579996 0.03699798
v 0.01478564 0.00798709 0.03752119
v 0.01628947 0.00613315 0.03767783
v 0.01645720 0.00579996 0.03761894
v 0.01662087 0.00579996 0.03752119
v 0.01473319 0.00768942 0.03767783
v 0.01596123 0.00607533 0.03774709
v 0.01601535 0.00579996 0.03774470
v 0.01631862 0.00579996 0.03767783
v 0.01467532 0.00736124 0.03774709
v 0.01461631 0.00702674 0.03772384
v 0.01562678 0.00601632 0.03772384
v 0.01564568 0.00579996 0.03772384
v 0.01598531 0.00579996 0.03774709
v 0.01503700 0.00591237 0.03741354
v 0.01514673 0.00579996 0.03749758
v 0.01531088 0.00596065 0.03760988
v 0.01532495 0.00579996 0.03760988
v 0.01555794 0.00579996 0.03770227
v 0.01456064 0.00671083 0.03760988
v 0.01451230 0.00643701 0.03741354
v 0.01482540 0.00587506 0.03714949
v 0.01483726 0.00579996 0.03715808
v 0.01504683 0.00579996 0.03741354
v 0.01463490 0.00588555 0.03650004
v 0.01467847 0.00590140 0.03616280
v 0.01480591 0.00594778 0.03585047
v 0.01500779 0.00602121 0.03558642
v 0.01526916 0.00611634 0.03539020
v 0.01557058 0.00622601 0.03527612
v 0.01588970 0.00634224 0.03525287
v 0.01620292 0.00645620 0.03532213
v 0.01648694 0.00655956 0.03547877
v 0.01672071 0.00664467 0.03571111
v 0.01688695 0.00670511 0.03600198
v 0.01697319 0.00673658 0.03632981
v 0.01697319 0.00673658 0.03667027
v 0.01688695 0.00670511 0.03699798
v 0.01672071 0.00664467 0.03728885
v 0.01648694 0.00655956 0.03752119
v 0.01620292 0.00645620 0.03767783
v 0.01588970 0.00634224 0.03774709
v 0.01557058 0.00622601 0.03772384
v 0.01526916 0.00611634 0.03760988
v 0.01500779 0.00602121 0.03741354
v 0.01480591 0.00594778 0.03714949
v 0.01469189 0.00585145 0.03683728
v 0.01467847 0.00590140 0.03683728
v 0.01461649 0.00592501 0.03650004
v 0.01465666 0.00594813 0.03616280
v 0.01477414 0.00601596 0.03585047
v 0.01496017 0.00612337 0.03558642
v 0.01520103 0.00626249 0.03539020
v 0.01547879 0.00642282 0.03527612
v 0.01577294 0.00659270 0.03525287
v 0.01606154 0.00675935 0.03532213
v 0.01632332 0.00691039 0.03547877
v 0.01653880 0.00703485 0.03571111
v 0.01669198 0.00712330 0.03600198
v 0.01677149 0.00716919 0.03632981
v 0.01677149 0.00716919 0.03667027
v 0.01669198 0.00712330 0.03699798
v 0.01653880 0.00703485 0.03728885
v 0.01632332 0.00691039 0.03752119
v 0.01606154 0.00675935 0.03767783
v 0.01577294 0.00659270 0.03774709
v 0.01547879 0.00642282 0.03772384
v 0.01520103 0.00626249 0.03760988
v 0.01496017 0.00612337 0.03741354
v 0.01477414 0.00601596 0.03714949
v 0.01465666 0.00594813 0.03683728
v 0.01459151 0.00596065 0.03650004
v 0.01462704 0.00599045 0.03616280
v 0.01473093 0.00607771 0.03585047
v 0.01489550 0.00621576 0.03558642
v 0.01510852 0.00639457 0.03539020
v 0.01535427 0.00660068 0.03527612
v 0.01561445 0.00681896 0.03525287
v 0.01586973 0.00703330 0.03532213
v 0.01610130 0.00722749 0.03547877
v 0.01629185 0.00738747 0.03571111
v 0.01642733 0.00750119 0.03600198
v 0.01649773 0.00756020 0.03632981
v 0.01649773 0.00756020 0.03667027
v 0.01642733 0.00750119 0.03699798
v 0.01629185 0.00738747 0.03728885
v 0.01610130 0.00722749 0.03752119
v 0.01586973 0.00703330 0.03767783
v 0.01561445 0.00681896 0.03774709
v 0.01535427 0.00660068 0.03772384
v 0.01510852 0.00639457 0.03760988
v 0.01489550 0.00621576 0.03741354
v 0.01473093 0.00607771 0.03714949
v 0.01462704 0.00599045 0.03683728
v 0.01456070 0.00599153 0.03650004
v 0.01459050 0.00602705 0.03616280
v 0.01467770 0.00613088 0.03585047
v 0.01481574 0.00629551 0.03558642
v 0.01499456 0.00650854 0.03539020
v 0.01520073 0.00675423 0.03527612
v 0.01541900 0.00701446 0.03525287
v 0.01563328 0.00726969 0.03532213
v 0.01582753 0.00750131 0.03547877
v 0.01598745 0.00769181 0.03571111
v 0.01610118 0.00782735 0.03600198
v 0.01616019 0.00789768 0.03632981
v 0.01616019 0.00789768 0.03667027
v 0.01610118 0.00782735 0.03699798
v 0.01598745 0.00769181 0.03728885
v 0.01582753 0.00750131 0.03752119
v 0.01563328 0.00726969 0.03767783
v 0.01541900 0.00701446 0.03774709
v 0.01520073 0.00675423 0.03772384
v 0.01499456 0.00650854 0.03760988
v 0.01481574 0.00629551 0.03741354
v 0.01467770 0.00613088 0.03714949
v 0.01459050 0.00602705 0.03683728
v 0.01452499 0.00601656 0.03650004
v 0.01454818 0.00605661 0.03616280
v 0.01461601 0.00617415 0.03585047
v 0.01472342 0.00636012 0.03558642
v 0.01486247 0.00660104 0.03539020
v 0.01502287 0.00687880 0.03527612
v 0.01519268 0.00717289 0.03525287
v 0.01535928 0.00746150 0.03532213
v 0.01551044 0.00772328 0.03547877
v 0.01563483 0.00793881 0.03571111
v 0.01572328 0.00809199 0.03600198
v 0.01576918 0.00817151 0.03632981
v 0.01576918 0.00817151 0.03667027
v 0.01572328 0.00809199 0.03699798
v 0.01563483 0.00793881 0.03728885
v 0.01551044 0.00772328 0.03752119
v 0.01535928 0.00746150 0.03767783
v 0.01519268 0.00717289 0.03774709
v 0.01502287 0.00687880 0.03772384
v 0.01486247 0.00660104 0.03760988
v 0.01472342 0.00636012 0.03741354
v 0.01461601 0.00617415 0.03714949
v 0.01454818 0.00605661 0.03683728
v 0.01448553 0.00603492 0.03650004
v 0.01450139 0.00607843 0.03616280
v 0.01454776 0.00620586 0.03585047
v 0.01462125 0.00640780 0.03558642
v 0.01471632 0.00666911 0.03539020
v 0.01482606 0.00697059 0.03527612
v 0.01494223 0.00728971 0.03525287
v 0.01505619 0.00760288 0.03532213
v 0.01515960 0.00788695 0.03547877
v 0.01524466 0.00812072 0.03571111
v 0.01530516 0.00828690 0.03600198
v 0.01533657 0.00837321 0.03632981
v 0.01533657 0.00837321 0.03667027
v 0.01530516 0.00828690 0.03699798
v 0.01524466 0.00812072 0.03728885
v 0.01515960 0.00788695 0.03752119
v 0.01505619 0.00760288 0.03767783
v 0.01494223 0.00728971 0.03774709
v 0.01482606 0.00697059 0.03772384
v 0.01471632 0.00666911 0.03760988
v 0.01462125 0.00640780 0.03741354
v 0.01454776 0.00620586 0.03714949
v 0.01450139 0.00607843 0.03683728
v 0.01447504 0.00622541 0.03714949
v 0.01445144 0.00609190 0.03683728
v 0.01467126 0.00579996 0.03672964
v 0.01469636 0.00579996 0.03683728
v 0.01483196 0.00579996 0.03714949
v 0.01713836 -0.00580006 0.03667027
v 0.01714998 -0.00580006 0.03650004
v 0.01713836 -0.00580006 0.03632981
v 0.01706558 -0.00580006 0.03604848
v 0.01704651 -0.00580006 0.03600198
v 0.01686966 -0.00580006 0.03571111
v 0.01682376 -0.00580006 0.03565783
v 0.01662087 -0.00580006 0.03547877
v 0.01645720 -0.00580006 0.03538102
v 0.01631862 -0.00580006 0.03532213
v 0.01601535 -0.00580006 0.03525538
v 0.01598531 -0.00580006 0.03525287
v 0.01564568 -0.00580006 0.03527612
v 0.01555794 -0.00580006 0.03529770
v 0.01532495 -0.00580006 0.03539020
v 0.01514673 -0.00580006 0.03550250
v 0.01504683 -0.00580006 0.03558642
v 0.01483726 -0.00580006 0.03584201
v 0.01483196 -0.00580006 0.03585047
v 0.01469636 -0.00580006 0.03616280
v 0.01467126 -0.00580006 0.03627032
v 0.01464998 -0.00580006 0.03650004
v 0.01467126 -0.00580006 0.03672964
v 0.01469636 -0.00580006 0.03683728
v 0.01483196 -0.00580006 0.03714949
v 0.01483726 -0.00580006 0.03715808
v 0.01504683 -0.00580006 0.03741354
v 0.01514673 -0.00580006 0.03749758
v 0.01532495 -0.00580006 0.03760988
v 0.01555794 -0.00580006 0.03770227
v 0.01564568 -0.00580006 0.03772384
v 0.01598531 -0.00580006 0.03774709
v 0.01601535 -0.00580006 0.03774470
v 0.01631862 -0.00580006 0.03767783
v 0.01645720 -0.00580006 0.03761894
v 0.01662087 -0.00580006 0.03752119
v 0.01682376 -0.00580006 0.03734213
v 0.01686966 -0.00580006 0.03728885
v 0.01704651 -0.00580006 0.03699798
v 0.01706558 -0.00580006 0.03695161
v 0.01596123 -0.00607532 0.03525287
v 0.01562678 -0.00601631 0.03527612
v 0.01482540 -0.00587504 0.03585047
v 0.01469189 -0.00585144 0.03616280
v 0.01440000 -0.00605004 0.03650004
v 0.01444339 -0.00604623 0.03650004
v 0.01440000 -0.00607126 0.03627032
v 0.01445144 -0.00609189 0.03616280
v 0.01464623 -0.00584345 0.03650004
v 0.01447504 -0.00622540 0.03585047
v 0.01451230 -0.00643700 0.03558642
v 0.01440000 -0.00644677 0.03558642
v 0.01440000 -0.00623720 0.03584201
v 0.01440000 -0.00623196 0.03585047
v 0.01440000 -0.00609642 0.03616280
v 0.01503700 -0.00591236 0.03558642
v 0.01461631 -0.00702672 0.03527612
v 0.01440000 -0.00695794 0.03529770
v 0.01456064 -0.00671082 0.03539020
v 0.01440000 -0.00672489 0.03539020
v 0.01440000 -0.00654667 0.03550250
v 0.01531088 -0.00596064 0.03539020
v 0.01473319 -0.00768941 0.03532213
v 0.01440000 -0.00741535 0.03525538
v 0.01467532 -0.00736123 0.03525287
v 0.01440000 -0.00738531 0.03525287
v 0.01440000 -0.00704568 0.03527612
v 0.01628947 -0.00613313 0.03532213
v 0.01478564 -0.00798708 0.03547877
v 0.01440000 -0.00785714 0.03538102
v 0.01440000 -0.00771862 0.03532213
v 0.01658713 -0.00618570 0.03547877
v 0.01482886 -0.00823217 0.03571111
v 0.01440000 -0.00822383 0.03565783
v 0.01440000 -0.00802081 0.03547877
v 0.01683211 -0.00622886 0.03571111
v 0.01700633 -0.00625961 0.03600198
v 0.01487553 -0.00849681 0.03632981
v 0.01440000 -0.00846558 0.03604848
v 0.01485955 -0.00840633 0.03600198
v 0.01440000 -0.00844651 0.03600198
v 0.01440000 -0.00826960 0.03571111
v 0.01709675 -0.00627547 0.03632981
v 0.01487553 -0.00849681 0.03667027
v 0.01440000 -0.00854998 0.03650004
v 0.01440000 -0.00853842 0.03632981
v 0.01709675 -0.00627547 0.03667027
v 0.01485955 -0.00840633 0.03699798
v 0.01440000 -0.00846558 0.03695161
v 0.01440000 -0.00853842 0.03667027
v 0.01700633 -0.00625961 0.03699798
v 0.01683211 -0.00622886 0.03728885
v 0.01478564 -0.00798708 0.03752119
v 0.01440000 -0.00822383 0.03734213
v 0.01482886 -0.00823217 0.03728885
v 0.01440000 -0.00826960 0.03728885
v 0.01440000 -0.00844651 0.03699798
v 0.01658713 -0.00618570 0.03752119
v 0.01473319 -0.00768941 0.03767783
v 0.01440000 -0.00785714 0.03761894
v 0.01440000 -0.00802081 0.03752119
v 0.01628947 -0.00613313 0.03767783
v 0.01467532 -0.00736123 0.03774709
v 0.01440000 -0.00741535 0.03774470
v 0.01440000 -0.00771862 0.03767783
v 0.01596123 -0.00607532 0.03774709
v 0.01562678 -0.00601631 0.03772384
v 0.01461631 -0.00702672 0.03772384
v 0.01440000 -0.00704568 0.03772384
v 0.01440000 -0.00738531 0.03774709
v 0.01451230 -0.00643700 0.03741354
v 0.01440000 -0.00654667 0.03749758
v 0.01456064 -0.00671082 0.03760988
v 0.01440000 -0.00672489 0.03760988
v 0.01440000 -0.00695794 0.03770227
v 0.01531088 -0.00596064 0.03760988
v 0.01503700 -0.00591236 0.03741354
v 0.01447504 -0.00622540 0.03714949
v 0.01440000 -0.00623720 0.03715808
v 0.01440000 -0.00644677 0.03741354
v 0.01482540 -0.00587504 0.03714949
v 0.01448553 -0.00603490 0.03650004
v 0.01450139 -0.00607853 0.03616280
v 0.01454776 -0.00620597 0.03585047
v 0.01462125 -0.00640779 0.03558642
v 0.01471632 -0.00666910 0.03539020
v 0.01482606 -0.00697058 0.03527612
v 0.01494223 -0.00728970 0.03525287
v 0.01505619 -0.00760286 0.03532213
v 0.01515960 -0.00788694 0.03547877
v 0.01524466 -0.00812071 0.03571111
v 0.01530516 -0.00828689 0.03600198
v 0.01533657 -0.00837319 0.03632981
v 0.01533657 -0.00837319 0.03667027
v 0.01530516 -0.00828689 0.03699798
v 0.01524466 -0.00812071 0.03728885
v 0.01515960 -0.00788694 0.03752119
v 0.01505619 -0.00760286 0.03767783
v 0.01494223 -0.00728970 0.03774709
v 0.01482606 -0.00697058 0.03772384
v 0.01471632 -0.00666910 0.03760988
v 0.01462125 -0.00640779 0.03741354
v 0.01454776 -0.00620597 0.03714949
v 0.01445144 -0.00609189 0.03683728
v 0.01450139 -0.00607853 0.03683728
v 0.01452499 -0.00601655 0.03650004
v 0.01454818 -0.00605660 0.03616280
v 0.01461601 -0.00617414 0.03585047
v 0.01472342 -0.00636011 0.03558642
v 0.01486247 -0.00660103 0.03539020
v 0.01502287 -0.00687879 0.03527612
v 0.01519268 -0.00717288 0.03525287
v 0.01535928 -0.00746160 0.03532213
v 0.01551044 -0.00772326 0.03547877
v 0.01563483 -0.00793880 0.03571111
v 0.01572328 -0.00809198 0.03600198
v 0.01576918 -0.00817149 0.03632981
v 0.01576918 -0.00817149 0.03667027
v 0.01572328 -0.00809198 0.03699798
v 0.01563483 -0.00793880 0.03728885
v 0.01551044 -0.00772326 0.03752119
v 0.01535928 -0.00746160 0.03767783
v 0.01519268 -0.00717288 0.03774709
v 0.01502287 -0.00687879 0.03772384
v 0.01486247 -0.00660103 0.03760988
v 0.01472342 -0.00636011 0.03741354
v 0.01461601 -0.00617414 0.03714949
v 0.01454818 -0.00605660 0.03683728
v 0.01456070 -0.00599151 0.03650004
v 0.01459050 -0.00602704 0.03616280
v 0.01467770 -0.00613087 0.03585047
v 0.01481574 -0.00629550 0.03558642
v 0.01499456 -0.00650852 0.03539020
v 0.01520073 -0.00675421 0.03527612
v 0.01541900 -0.00701445 0.03525287
v 0.01563328 -0.00726979 0.03532213
v 0.01582753 -0.00750130 0.03547877
v 0.01598745 -0.00769191 0.03571111
v 0.01610118 -0.00782734 0.03600198
v 0.01616019 -0.00789767 0.03632981
v 0.01616019 -0.00789767 0.03667027
v 0.01610118 -0.00782734 0.03699798
v 0.01598745 -0.00769191 0.03728885
v 0.01582753 -0.00750130 0.03752119
v 0.01563328 -0.00726979 0.03767783
v 0.01541900 -0.00701445 0.03774709
v 0.01520073 -0.00675421 0.03772384
v 0.01499456 -0.00650852 0.03760988
v 0.01481574 -0.00629550 0.03741354
v 0.01467770 -0.00613087 0.03714949
v 0.01459050 -0.00602704 0.03683728
v 0.01459151 -0.00596076 0.03650004
v 0.01462704 -0.00599044 0.03616280
v 0.01473093 -0.00607770 0.03585047
v 0.01489550 -0.00621574 0.03558642
v 0.01510852 -0.00639456 0.03539020
v 0.01535427 -0.00660067 0.03527612
v 0.01561445 -0.00681906 0.03525287
v 0.01586973 -0.00703328 0.03532213
v 0.01610130 -0.00722759 0.03547877
v 0.01629185 -0.00738745 0.03571111
v 0.01642733 -0.00750118 0.03600198
v 0.01649773 -0.00756019 0.03632981
v 0.01649773 -0.00756019 0.03667027
v 0.01642733 -0.00750118 0.03699798
v 0.01629185 -0.00738745 0.03728885
v 0.01610130 -0.00722759 0.03752119
v 0.01586973 -0.00703328 0.03767783
v 0.01561445 -0.00681906 0.03774709
v 0.01535427 -0.00660067 0.03772384
v 0.01510852 -0.00639456 0.03760988
v 0.01489550 -0.00621574 0.03741354
v 0.01473093 -0.00607770 0.03714949
v 0.01462704 -0.00599044 0.03683728
v 0.01461649 -0.00592499 0.03650004
v 0.01465666 -0.00594824 0.03616280
v 0.01477414 -0.00601595 0.03585047
v 0.01496017 -0.00612336 0.03558642
v 0.01520103 -0.00626247 0.03539020
v 0.01547879 -0.00642281 0.03527612
v 0.01577294 -0.00659268 0.03525287
v 0.01606154 -0.00675934 0.03532213
v 0.01632332 -0.00691038 0.03547877
v 0.01653880 -0.00703483 0.03571111
v 0.01669198 -0.00712328 0.03600198
v 0.01677149 -0.00716918 0.03632981
v 0.01677149 -0.00716918 0.03667027
v 0.01669198 -0.00712328 0.03699798
v 0.01653880 -0.00703483 0.03728885
v 0.01632332 -0.00691038 0.03752119
v 0.01606154 -0.00675934 0.03767783
v 0.01577294 -0.00659268 0.03774709
v 0.01547879 -0.00642281 0.03772384
v 0.01520103 -0.00626247 0.03760988
v 0.01496017 -0.00612336 0.03741354
v 0.01477414 -0.00601595 0.03714949
v 0.01465666 -0.00594824 0.03683728
v 0.01463490 -0.00588553 0.03650004
v 0.01467847 -0.00590139 0.03616280
v 0.01480591 -0.00594776 0.03585047
v 0.01500779 -0.00602119 0.03558642
v 0.01526916 -0.00611632 0.03539020
v 0.01557058 -0.00622600 0.03527612
v 0.01588970 -0.00634223 0.03525287
v 0.01620292 -0.00645619 0.03532213
v 0.01648694 -0.00655954 0.03547877
v 0.01672071 -0.00664466 0.03571111
v 0.01688695 -0.00670522 0.03600198
v 0.01697319 -0.00673657 0.03632981
v 0.01697319 -0.00673657 0.03667027
v 0.01688695 -0.00670522 0.03699798
v 0.01672071 -0.00664466 0.03728885
v 0.01648694 -0.00655954 0.03752119
v 0.01620292 -0.00645619 0.03767783
v 0.01588970 -0.00634223 0.03774709
v 0.01557058 -0.00622600 0.03772384
v 0.01526916 -0.00611632 0.03760988
v 0.01500779 -0.00602119 0.03741354
v 0.01480591 -0.00594776 0.03714949
v 0.01467847 -0.00590139 0.03683728
v 0.01469189 -0.00585144 0.03683728
v 0.01440000 -0.00607126 0.03672964
v 0.01440000 -0.00609642 0.03683728
v 0.01440000 -0.00623196 0.03714949
v 0.01390004 -0.00696271 0.03529638
v 0.01390004 -0.00729995 0.03525001
v 0.01390004 -0.00741535 0.03525538
v 0.01390004 -0.00763720 0.03529638
v 0.01390004 -0.00785714 0.03538102
v 0.01390004 -0.00794952 0.03543193
v 0.01390004 -0.00821357 0.03564686
v 0.01390004 -0.00840991 0.03592497
v 0.01390004 -0.00846558 0.03604848
v 0.01390004 -0.00852387 0.03624565
v 0.01390004 -0.00854998 0.03650004
v 0.01390004 -0.00854712 0.03658528
v 0.01390004 -0.00847786 0.03691858
v 0.01390004 -0.00846558 0.03695161
v 0.01390004 -0.00832122 0.03722090
v 0.01390004 -0.00822383 0.03734213
v 0.01390004 -0.00808888 0.03746969
v 0.01390004 -0.00785714 0.03761894
v 0.01390004 -0.00779801 0.03764648
v 0.01390004 -0.00747018 0.03773839
v 0.01390004 -0.00741535 0.03774470
v 0.01390004 -0.00712984 0.03773839
v 0.01390004 -0.00695794 0.03770227
v 0.01390004 -0.00680202 0.03764648
v 0.01390004 -0.00654667 0.03749758
v 0.01390004 -0.00651114 0.03746969
v 0.01390004 -0.00627881 0.03722090
v 0.01390004 -0.00623720 0.03715808
v 0.01390004 -0.00612216 0.03691858
v 0.01390004 -0.00607126 0.03672964
v 0.01390004 -0.00605290 0.03658528
v 0.01390004 -0.00607126 0.03627032
v 0.01390004 -0.00607615 0.03624565
v 0.01390004 -0.00619011 0.03592497
v 0.01390004 -0.00623720 0.03584201
v 0.01390004 -0.00638645 0.03564686
v 0.01390004 -0.00654667 0.03550250
v 0.01390004 -0.00665050 0.03543193
v 0.01360815 -0.00696271 0.03505141
v 0.01347458 -0.00665050 0.03507501
v 0.01349407 -0.00665050 0.03514773
v 0.01382500 -0.00665050 0.03542537
v 0.01326304 -0.00638645 0.03511233
v 0.01329219 -0.00638645 0.03522128
v 0.01315331 -0.00630253 0.03500003
v 0.01297509 -0.00619011 0.03500003
v 0.01298916 -0.00619011 0.03516060
v 0.01356685 -0.00847786 0.03688950
v 0.01362472 -0.00854712 0.03656119
v 0.01365000 -0.00729995 0.03500003
v 0.01365381 -0.00729995 0.03504342
v 0.01362872 -0.00752967 0.03500003
v 0.01360815 -0.00763720 0.03505141
v 0.01385659 -0.00729995 0.03524620
v 0.01384854 -0.00763720 0.03529185
v 0.01382500 -0.00794952 0.03542537
v 0.01326304 -0.00821357 0.03511233
v 0.01325321 -0.00821357 0.03500003
v 0.01347458 -0.00794952 0.03507501
v 0.01346802 -0.00794952 0.03500003
v 0.01360368 -0.00763720 0.03500003
v 0.01267326 -0.00852387 0.03521628
v 0.01274210 -0.00850230 0.03500003
v 0.01298916 -0.00840991 0.03516060
v 0.01297509 -0.00840991 0.03500003
v 0.01315331 -0.00829750 0.03500003
v 0.01378768 -0.00821357 0.03563697
v 0.01373940 -0.00840991 0.03591091
v 0.01368367 -0.00852387 0.03622681
v 0.01233881 -0.00854712 0.03527528
v 0.01240003 -0.00854998 0.03500003
v 0.01265430 -0.00852387 0.03500003
v 0.01201057 -0.00847786 0.03533322
v 0.01228469 -0.00854462 0.03500003
v 0.01231473 -0.00854712 0.03500003
v 0.01171291 -0.00832122 0.03538567
v 0.01184284 -0.00841897 0.03500003
v 0.01198142 -0.00847786 0.03500003
v 0.01351434 -0.00832122 0.03718716
v 0.01146787 -0.00808888 0.03542883
v 0.01147627 -0.00814217 0.03500003
v 0.01167917 -0.00832122 0.03500003
v 0.01347118 -0.00808888 0.03743214
v 0.01344043 -0.00779801 0.03760630
v 0.01342451 -0.00747018 0.03769678
v 0.01120323 -0.00747018 0.03547556
v 0.01123440 -0.00775152 0.03500003
v 0.01129371 -0.00779801 0.03545958
v 0.01125347 -0.00779801 0.03500003
v 0.01143038 -0.00808888 0.03500003
v 0.01120323 -0.00712984 0.03547556
v 0.01115000 -0.00729995 0.03500003
v 0.01116162 -0.00747018 0.03500003
v 0.01342451 -0.00712984 0.03769678
v 0.01129371 -0.00680202 0.03545958
v 0.01123440 -0.00684851 0.03500003
v 0.01116162 -0.00712984 0.03500003
v 0.01344043 -0.00680202 0.03760630
v 0.01347118 -0.00651114 0.03743214
v 0.01351434 -0.00627881 0.03718716
v 0.01171291 -0.00627881 0.03538567
v 0.01147627 -0.00645786 0.03500003
v 0.01146787 -0.00651114 0.03542883
v 0.01143038 -0.00651114 0.03500003
v 0.01125347 -0.00680202 0.03500003
v 0.01201057 -0.00612216 0.03533322
v 0.01184284 -0.00618105 0.03500003
v 0.01167917 -0.00627881 0.03500003
v 0.01356685 -0.00612216 0.03688950
v 0.01233881 -0.00605290 0.03527528
v 0.01228469 -0.00605529 0.03500003
v 0.01198142 -0.00612216 0.03500003
v 0.01362472 -0.00605290 0.03656119
v 0.01368367 -0.00607615 0.03622681
v 0.01267326 -0.00607615 0.03521628
v 0.01274210 -0.00609773 0.03500003
v 0.01265430 -0.00607615 0.03500003
v 0.01231473 -0.00605290 0.03500003
v 0.01366508 -0.00729995 0.03508550
v 0.01362151 -0.00763720 0.03510136
v 0.01349407 -0.00794952 0.03514773
v 0.01329219 -0.00821357 0.03522128
v 0.01303088 -0.00840991 0.03531629
v 0.01272946 -0.00852387 0.03542608
v 0.01241034 -0.00854712 0.03554219
v 0.01209712 -0.00847786 0.03565616
v 0.01181310 -0.00832122 0.03575963
v 0.01157933 -0.00808888 0.03584463
v 0.01141309 -0.00779801 0.03590519
v 0.01132679 -0.00747018 0.03593654
v 0.01132679 -0.00712984 0.03593654
v 0.01141309 -0.00680202 0.03590519
v 0.01157933 -0.00651114 0.03584463
v 0.01181310 -0.00627881 0.03575963
v 0.01209712 -0.00612216 0.03565616
v 0.01241034 -0.00605290 0.03554219
v 0.01272946 -0.00607615 0.03542608
v 0.01303088 -0.00619011 0.03531629
v 0.01368349 -0.00729995 0.03512496
v 0.01364338 -0.00763720 0.03514821
v 0.01352590 -0.00794952 0.03521604
v 0.01333987 -0.00821357 0.03532344
v 0.01309901 -0.00840991 0.03546244
v 0.01282119 -0.00852387 0.03562290
v 0.01252710 -0.00854712 0.03579265
v 0.01223844 -0.00847786 0.03595931
v 0.01197672 -0.00832122 0.03611046
v 0.01176124 -0.00808888 0.03623480
v 0.01160806 -0.00779801 0.03632325
v 0.01152855 -0.00747018 0.03636915
v 0.01152855 -0.00712984 0.03636915
v 0.01160806 -0.00680202 0.03632325
v 0.01176124 -0.00651114 0.03623480
v 0.01197672 -0.00627881 0.03611046
v 0.01223844 -0.00612216 0.03595931
v 0.01252710 -0.00605290 0.03579265
v 0.01282119 -0.00607615 0.03562290
v 0.01309901 -0.00619011 0.03546244
v 0.01370847 -0.00729995 0.03516072
v 0.01367300 -0.00763720 0.03519053
v 0.01356911 -0.00794952 0.03527767
v 0.01340454 -0.00821357 0.03541571
v 0.01319146 -0.00840991 0.03559453
v 0.01294577 -0.00852387 0.03580076
v 0.01268559 -0.00854712 0.03601903
v 0.01243025 -0.00847786 0.03623325
v 0.01219874 -0.00832122 0.03642756
v 0.01200813 -0.00808888 0.03658742
v 0.01187265 -0.00779801 0.03670115
v 0.01180231 -0.00747018 0.03676016
v 0.01180231 -0.00712984 0.03676016
v 0.01187265 -0.00680202 0.03670115
v 0.01200813 -0.00651114 0.03658742
v 0.01219874 -0.00627881 0.03642756
v 0.01243025 -0.00612216 0.03623325
v 0.01268559 -0.00605290 0.03601903
v 0.01294577 -0.00607615 0.03580076
v 0.01319146 -0.00619011 0.03559453
v 0.01373928 -0.00729995 0.03519148
v 0.01370954 -0.00763720 0.03522700
v 0.01362234 -0.00794952 0.03533095
v 0.01348424 -0.00821357 0.03549546
v 0.01330548 -0.00840991 0.03570849
v 0.01309931 -0.00852387 0.03595430
v 0.01288098 -0.00854712 0.03621441
v 0.01266676 -0.00847786 0.03646976
v 0.01247245 -0.00832122 0.03670127
v 0.01231253 -0.00808888 0.03689188
v 0.01219886 -0.00779801 0.03702730
v 0.01213985 -0.00747018 0.03709776
v 0.01213985 -0.00712984 0.03709776
v 0.01219886 -0.00680202 0.03702730
v 0.01231253 -0.00651114 0.03689188
v 0.01247245 -0.00627881 0.03670127
v 0.01266676 -0.00612216 0.03646976
v 0.01288098 -0.00605290 0.03621441
v 0.01309931 -0.00607615 0.03595430
v 0.01330548 -0.00619011 0.03570849
v 0.01377499 -0.00729995 0.03521651
v 0.01375186 -0.00763720 0.03525669
v 0.01368403 -0.00794952 0.03537411
v 0.01357662 -0.00821357 0.03556019
v 0.01343757 -0.00840991 0.03580100
v 0.01327717 -0.00852387 0.03607875
v 0.01310736 -0.00854712 0.03637296
v 0.01294070 -0.00847786 0.03666157
v 0.01278960 -0.00832122 0.03692335
v 0.01266521 -0.00808888 0.03713876
v 0.01257676 -0.00779801 0.03729195
v 0.01253080 -0.00747018 0.03737146
v 0.01253080 -0.00712984 0.03737146
v 0.01257676 -0.00680202 0.03729195
v 0.01266521 -0.00651114 0.03713876
v 0.01278960 -0.00627881 0.03692335
v 0.01294070 -0.00612216 0.03666157
v 0.01310736 -0.00605290 0.03637296
v 0.01327717 -0.00607615 0.03607875
v 0.01343757 -0.00619011 0.03580100
v 0.01381451 -0.00729995 0.03523487
v 0.01379865 -0.00763720 0.03527850
v 0.01375228 -0.00794952 0.03540594
v 0.01367879 -0.00821357 0.03560776
v 0.01358366 -0.00840991 0.03586918
v 0.01347398 -0.00852387 0.03617055
v 0.01335781 -0.00854712 0.03648967
v 0.01324379 -0.00847786 0.03680295
v 0.01314044 -0.00832122 0.03708691
v 0.01305532 -0.00808888 0.03732068
v 0.01299482 -0.00779801 0.03748685
v 0.01296341 -0.00747018 0.03757316
v 0.01296341 -0.00712984 0.03757316
v 0.01299482 -0.00680202 0.03748685
v 0.01305532 -0.00651114 0.03732068
v 0.01314044 -0.00627881 0.03708691
v 0.01324379 -0.00612216 0.03680295
v 0.01335781 -0.00605290 0.03648967
v 0.01347398 -0.00607615 0.03617055
v 0.01358366 -0.00619011 0.03586918
v 0.01373940 -0.00619011 0.03591091
v 0.01333987 -0.00638645 0.03532344
v 0.01340454 -0.00638645 0.03541571
v 0.01348424 -0.00638645 0.03549546
v 0.01357662 -0.00638645 0.03556019
v 0.01367879 -0.00638645 0.03560776
v 0.01378768 -0.00638645 0.03563697
v 0.01352590 -0.00665050 0.03521604
v 0.01356911 -0.00665050 0.03527767
v 0.01362234 -0.00665050 0.03533095
v 0.01368403 -0.00665050 0.03537411
v 0.01375228 -0.00665050 0.03540594
v 0.01362151 -0.00696271 0.03510136
v 0.01364338 -0.00696271 0.03514821
v 0.01367300 -0.00696271 0.03519053
v 0.01370954 -0.00696271 0.03522700
v 0.01375186 -0.00696271 0.03525669
v 0.01379865 -0.00696271 0.03527850
v 0.01384854 -0.00696271 0.03529185
v 0.01362872 -0.00707036 0.03500003
v 0.01360368 -0.00696271 0.03500003
v 0.01346802 -0.00665050 0.03500003
v 0.01325321 -0.00638645 0.03500003
v 0.01123440 -0.00775152 0.03000003
v 0.01115000 -0.00729995 0.03000003
v 0.01147627 -0.00814217 0.03000003
v 0.01184284 -0.00841897 0.03000003
v 0.01228469 -0.00854462 0.03000003
v 0.01274210 -0.00850230 0.03000003
v 0.01315331 -0.00829750 0.03000003
v 0.01346278 -0.00795799 0.03000003
v 0.01362872 -0.00752967 0.03000003
v 0.01362872 -0.00707036 0.03000003
v 0.01346278 -0.00664192 0.03000003
v 0.01315331 -0.00630253 0.03000003
v 0.01274210 -0.00609773 0.03000003
v 0.01228469 -0.00605529 0.03000003
v 0.01184284 -0.00618105 0.03000003
v 0.01147627 -0.00645786 0.03000003
v 0.01123440 -0.00684851 0.03000003
v 0.01205146 0.00663585 0.03000003
v 0.01178276 0.00687391 0.03000003
v 0.01165551 0.00720961 0.03000003
v 0.01169872 0.00756592 0.03000003
v 0.01190269 0.00786132 0.03000003
v 0.01222050 0.00802822 0.03000003
v 0.01240003 0.00805003 0.03000003
v 0.01257950 0.00802822 0.03000003
v 0.01289737 0.00786132 0.03000003
v 0.01301723 0.00687391 0.03000003
v 0.01274854 0.00663585 0.03000003
v 0.01240003 0.00655002 0.03000003
v 0.01310128 0.00756592 0.03000003
v 0.01314455 0.00720961 0.03000003
v 0.01173591 -0.00695150 0.03000003
v 0.01197397 -0.00668281 0.03000003
v 0.01230961 -0.00655549 0.03000003
v 0.01266598 -0.00659876 0.03000003
v 0.01296138 -0.00680261 0.03000003
v 0.01312822 -0.00712054 0.03000003
v 0.01312822 -0.00747948 0.03000003
v 0.01296138 -0.00779729 0.03000003
v 0.01197397 -0.00791722 0.03000003
v 0.01173591 -0.00764852 0.03000003
v 0.01165002 -0.00729995 0.03000003
v 0.01266598 -0.00800126 0.03000003
v 0.01240003 -0.00805002 0.03000003
v 0.01230961 -0.00804453 0.03000003
v 0.01274854 0.00663585 0.03500003
v 0.01253026 0.00656135 0.03500003
v 0.01277500 0.00665051 0.03500003
v 0.01297456 0.00681788 0.03500003
v 0.01301723 0.00687391 0.03500003
v 0.01310479 0.00704343 0.03500003
v 0.01314455 0.00720961 0.03500003
v 0.01315003 0.00729997 0.03500003
v 0.01310479 0.00755651 0.03500003
v 0.01297456 0.00778205 0.03500003
v 0.01289737 0.00786132 0.03500003
v 0.01277500 0.00794954 0.03500003
v 0.01226979 0.00803859 0.03500003
v 0.01257950 0.00802822 0.03500003
v 0.01253026 0.00803859 0.03500003
v 0.01240003 0.00805003 0.03500003
v 0.01222050 0.00802822 0.03500003
v 0.01202499 0.00794954 0.03500003
v 0.01190269 0.00786132 0.03500003
v 0.01182550 0.00778205 0.03500003
v 0.01169526 0.00755651 0.03500003
v 0.01165002 0.00729997 0.03500003
v 0.01178276 0.00687391 0.03500003
v 0.01169526 0.00704343 0.03500003
v 0.01165551 0.00720961 0.03500003
v 0.01182550 0.00681788 0.03500003
v 0.01202499 0.00665051 0.03500003
v 0.01205146 0.00663585 0.03500003
v 0.01226979 0.00656135 0.03500003
v 0.01240003 0.00655002 0.03500003
v 0.01169324 0.00729997 0.03543896
v 0.01390004 0.00673861 0.03600270
v 0.01390004 0.00681788 0.03592545
v 0.01371944 0.00681788 0.03590769
v 0.01375371 0.00729997 0.03573555
v 0.01374489 0.00704343 0.03577990
v 0.01390004 0.00729997 0.03574998
v 0.01390004 0.00704343 0.03579528
v 0.01390004 0.00703401 0.03579873
v 0.01346951 0.00665051 0.03603942
v 0.01354587 0.00681788 0.03585500
v 0.01359570 0.00704343 0.03573472
v 0.01361298 0.00729997 0.03569287
v 0.01299232 0.00681788 0.03518051
v 0.01312005 0.00704343 0.03515512
v 0.01316440 0.00729997 0.03514630
v 0.01390004 0.00657184 0.03632051
v 0.01390004 0.00665051 0.03612501
v 0.01368051 0.00665051 0.03610343
v 0.01313901 0.00656135 0.03613896
v 0.01327496 0.00665051 0.03593547
v 0.01338583 0.00681788 0.03576953
v 0.01345819 0.00704343 0.03566116
v 0.01348334 0.00729997 0.03562361
v 0.01363277 0.00656135 0.03634340
v 0.01390004 0.00656135 0.03636974
v 0.01274728 0.00656135 0.03615278
v 0.01293146 0.00656135 0.03596861
v 0.01310449 0.00665051 0.03579551
v 0.01324558 0.00681788 0.03565437
v 0.01333767 0.00704343 0.03556234
v 0.01336968 0.00729997 0.03553039
v 0.01279664 0.00665051 0.03521949
v 0.01255655 0.00656135 0.03526718
v 0.01358199 0.00656135 0.03659886
v 0.01390004 0.00656135 0.03663022
v 0.01234102 0.00665051 0.03604168
v 0.01254451 0.00656135 0.03590566
v 0.01276111 0.00656135 0.03576106
v 0.01296460 0.00665051 0.03562504
v 0.01313048 0.00681788 0.03551418
v 0.01323878 0.00704343 0.03544182
v 0.01327639 0.00729997 0.03541667
v 0.01230108 0.00656135 0.03531808
v 0.01390004 0.00673861 0.03699738
v 0.01390004 0.00665051 0.03687495
v 0.01353418 0.00665051 0.03683895
v 0.01390004 0.00657184 0.03667945
v 0.01198339 0.00681788 0.03579384
v 0.01216775 0.00665051 0.03571755
v 0.01239389 0.00656135 0.03562385
v 0.01263451 0.00656135 0.03552419
v 0.01286065 0.00665051 0.03543049
v 0.01304501 0.00681788 0.03535420
v 0.01316529 0.00704343 0.03530437
v 0.01320707 0.00729997 0.03528697
v 0.01206106 0.00665051 0.03536576
v 0.01349526 0.00681788 0.03703469
v 0.01390004 0.00681788 0.03707451
v 0.01173758 0.00704343 0.03543014
v 0.01186531 0.00681788 0.03540475
v 0.01346987 0.00704343 0.03716237
v 0.01390004 0.00704343 0.03720481
v 0.01390004 0.00703401 0.03720123
v 0.01390004 0.00739045 0.03724450
v 0.01390004 0.00729997 0.03724999
v 0.01346105 0.00729997 0.03720671
v 0.01337582 0.00656135 0.03626556
v 0.01299429 0.00656135 0.03635544
v 0.01257419 0.00665051 0.03632588
v 0.01217508 0.00681788 0.03615255
v 0.01186305 0.00704343 0.03584367
v 0.01346987 0.00755651 0.03716237
v 0.01390004 0.00755651 0.03720481
v 0.01327616 0.00656135 0.03650612
v 0.01285833 0.00665051 0.03655905
v 0.01243311 0.00681788 0.03646690
v 0.01206684 0.00704343 0.03622491
v 0.01182127 0.00729997 0.03586108
v 0.01173758 0.00755651 0.03543014
v 0.01353418 0.00794954 0.03683895
v 0.01390004 0.00794954 0.03687495
v 0.01390004 0.00778205 0.03707451
v 0.01310610 0.00681788 0.03691668
v 0.01305627 0.00704343 0.03703696
v 0.01267510 0.00704343 0.03683323
v 0.01264995 0.00729997 0.03687078
v 0.01230901 0.00729997 0.03659100
v 0.01234102 0.00755651 0.03655905
v 0.01206684 0.00755651 0.03622491
v 0.01217508 0.00778205 0.03615255
v 0.01198339 0.00778205 0.03579384
v 0.01216775 0.00794954 0.03571755
v 0.01206106 0.00794954 0.03536576
v 0.01230108 0.00803859 0.03531808
v 0.01318246 0.00665051 0.03673226
v 0.01274746 0.00681788 0.03672487
v 0.01234102 0.00704343 0.03655905
v 0.01202923 0.00729997 0.03625006
v 0.01186305 0.00755651 0.03584367
v 0.01186531 0.00778205 0.03540475
v 0.01358199 0.00803859 0.03659886
v 0.01390004 0.00803859 0.03663022
v 0.01390004 0.00796408 0.03684849
v 0.01363277 0.00803859 0.03634340
v 0.01390004 0.00803859 0.03636974
v 0.01390004 0.00805003 0.03650004
v 0.01303899 0.00729997 0.03707868
v 0.01305627 0.00755651 0.03703696
v 0.01267510 0.00755651 0.03683323
v 0.01274746 0.00778205 0.03672487
v 0.01243311 0.00778205 0.03646690
v 0.01257419 0.00794954 0.03632588
v 0.01234102 0.00794954 0.03604168
v 0.01254451 0.00803859 0.03590566
v 0.01239389 0.00803859 0.03562385
v 0.01263451 0.00803859 0.03552419
v 0.01255655 0.00803859 0.03526718
v 0.01279664 0.00794954 0.03521949
v 0.01354587 0.00778205 0.03585500
v 0.01371944 0.00778205 0.03590769
v 0.01368051 0.00794954 0.03610343
v 0.01390004 0.00794954 0.03612501
v 0.01390004 0.00796408 0.03615147
v 0.01338583 0.00778205 0.03576953
v 0.01346951 0.00794954 0.03603942
v 0.01324558 0.00778205 0.03565437
v 0.01327496 0.00794954 0.03593547
v 0.01337582 0.00803859 0.03626556
v 0.01313048 0.00778205 0.03551418
v 0.01310449 0.00794954 0.03579551
v 0.01313901 0.00803859 0.03613896
v 0.01327616 0.00803859 0.03650612
v 0.01304501 0.00778205 0.03535420
v 0.01296460 0.00794954 0.03562504
v 0.01293146 0.00803859 0.03596861
v 0.01299429 0.00803859 0.03635544
v 0.01318246 0.00794954 0.03673226
v 0.01349526 0.00778205 0.03703469
v 0.01390004 0.00772602 0.03711719
v 0.01299232 0.00778205 0.03518051
v 0.01286065 0.00794954 0.03543049
v 0.01276111 0.00803859 0.03576106
v 0.01274728 0.00803859 0.03615278
v 0.01285833 0.00794954 0.03655905
v 0.01310610 0.00778205 0.03691668
v 0.01390004 0.00755651 0.03579528
v 0.01390004 0.00772602 0.03588277
v 0.01390004 0.00778205 0.03592545
v 0.01312005 0.00755651 0.03515512
v 0.01316529 0.00755651 0.03530437
v 0.01323878 0.00755651 0.03544182
v 0.01333767 0.00755651 0.03556234
v 0.01345819 0.00755651 0.03566116
v 0.01359570 0.00755651 0.03573472
v 0.01374489 0.00755651 0.03577990
v 0.01390004 0.00739045 0.03575546
v 0.01440000 0.00739045 0.03575546
v 0.01440000 0.00716979 0.03576142
v 0.01440000 0.00703401 0.03579873
v 0.01440000 0.00692505 0.03585047
v 0.01440000 0.00673861 0.03600270
v 0.01440000 0.00672550 0.03601796
v 0.01440000 0.00659520 0.03624350
v 0.01440000 0.00657184 0.03632051
v 0.01440000 0.00655002 0.03650004
v 0.01440000 0.00657184 0.03667945
v 0.01440000 0.00659520 0.03675646
v 0.01440000 0.00672550 0.03698212
v 0.01440000 0.00673861 0.03699738
v 0.01440000 0.00692505 0.03714949
v 0.01440000 0.00703401 0.03720123
v 0.01440000 0.00716979 0.03723866
v 0.01440000 0.00739045 0.03724450
v 0.01440000 0.00743026 0.03723866
v 0.01440000 0.00767500 0.03714949
v 0.01440000 0.00772602 0.03711719
v 0.01440000 0.00787455 0.03698212
v 0.01440000 0.00796408 0.03684849
v 0.01440000 0.00800473 0.03675646
v 0.01440000 0.00805003 0.03650004
v 0.01440000 0.00800473 0.03624350
v 0.01440000 0.00796408 0.03615147
v 0.01440000 0.00787455 0.03601796
v 0.01440000 0.00772602 0.03588277
v 0.01440000 0.00767500 0.03585047
v 0.01440000 0.00743026 0.03576142
v 0.01458054 0.00670773 0.03601796
v 0.01454633 0.00653560 0.03650004
v 0.01455515 0.00657994 0.03675646
v 0.01533860 0.00579996 0.03699738
v 0.01530772 0.00598056 0.03698212
v 0.01552498 0.00579996 0.03714949
v 0.01550340 0.00601942 0.03714949
v 0.01563406 0.00579996 0.03720123
v 0.01574343 0.00606722 0.03723866
v 0.01458054 0.00670773 0.03698212
v 0.01461947 0.00690336 0.03714949
v 0.01466721 0.00714344 0.03723866
v 0.01623898 0.00616581 0.03714949
v 0.01603025 0.00579996 0.03723866
v 0.01599890 0.00611801 0.03723866
v 0.01599043 0.00579996 0.03724450
v 0.01576978 0.00579996 0.03723866
v 0.01471805 0.00739891 0.03723866
v 0.01643467 0.00620467 0.03698212
v 0.01632607 0.00579996 0.03711719
v 0.01627498 0.00579996 0.03714949
v 0.01476580 0.00763900 0.03714949
v 0.01480472 0.00783462 0.03698212
v 0.01483011 0.00796241 0.03675646
v 0.01656413 0.00579996 0.03615147
v 0.01660478 0.00579996 0.03624350
v 0.01656240 0.00623018 0.03624350
v 0.01665002 0.00579996 0.03650004
v 0.01660680 0.00623900 0.03650004
v 0.01660478 0.00579996 0.03675646
v 0.01656240 0.00623018 0.03675646
v 0.01656413 0.00579996 0.03684849
v 0.01647454 0.00579996 0.03698212
v 0.01632607 0.00579996 0.03588277
v 0.01647454 0.00579996 0.03601796
v 0.01643467 0.00620467 0.03601796
v 0.01483899 0.00800676 0.03650004
v 0.01483011 0.00796241 0.03624350
v 0.01480472 0.00783462 0.03601796
v 0.01599890 0.00611801 0.03576142
v 0.01627498 0.00579996 0.03585047
v 0.01623898 0.00616581 0.03585047
v 0.01476580 0.00763900 0.03585047
v 0.01563406 0.00579996 0.03579873
v 0.01576978 0.00579996 0.03576142
v 0.01574343 0.00606722 0.03576142
v 0.01599043 0.00579996 0.03575546
v 0.01603025 0.00579996 0.03576142
v 0.01471805 0.00739891 0.03576142
v 0.01466721 0.00714344 0.03576142
v 0.01461947 0.00690336 0.03585047
v 0.01552498 0.00579996 0.03585047
v 0.01550340 0.00601942 0.03585047
v 0.01533860 0.00579996 0.03600270
v 0.01530772 0.00598056 0.03601796
v 0.01532548 0.00579996 0.03601796
v 0.01517999 0.00595517 0.03624350
v 0.01519525 0.00579996 0.03624350
v 0.01532548 0.00579996 0.03698212
v 0.01519525 0.00579996 0.03675646
v 0.01517999 0.00595517 0.03675646
v 0.01517182 0.00579996 0.03667945
v 0.01513558 0.00594635 0.03650004
v 0.01515001 0.00579996 0.03650004
v 0.01517182 0.00579996 0.03632051
v 0.01631665 0.00659389 0.03601796
v 0.01643693 0.00664372 0.03624350
v 0.01647871 0.00666100 0.03650004
v 0.01643693 0.00664372 0.03675646
v 0.01631665 0.00659389 0.03698212
v 0.01613229 0.00651748 0.03714949
v 0.01590615 0.00642390 0.03723866
v 0.01566553 0.00632424 0.03723866
v 0.01543939 0.00623054 0.03714949
v 0.01525503 0.00615413 0.03698212
v 0.01513469 0.00610430 0.03675646
v 0.01509291 0.00608701 0.03650004
v 0.01513469 0.00610430 0.03624350
v 0.01525503 0.00615413 0.03601796
v 0.01543939 0.00623054 0.03585047
v 0.01566553 0.00632424 0.03576142
v 0.01590615 0.00642390 0.03576142
v 0.01595902 0.00684173 0.03585047
v 0.01612490 0.00695259 0.03601796
v 0.01623320 0.00702495 0.03624350
v 0.01627081 0.00704998 0.03650004
v 0.01623320 0.00702495 0.03675646
v 0.01612490 0.00695259 0.03698212
v 0.01595902 0.00684173 0.03714949
v 0.01575547 0.00670571 0.03723866
v 0.01553893 0.00656099 0.03723866
v 0.01533544 0.00642497 0.03714949
v 0.01516950 0.00631411 0.03698212
v 0.01506120 0.00624175 0.03675646
v 0.01502359 0.00621671 0.03650004
v 0.01506120 0.00624175 0.03624350
v 0.01516950 0.00631411 0.03601796
v 0.01533544 0.00642497 0.03585047
v 0.01553893 0.00656099 0.03576142
v 0.01555276 0.00695271 0.03576142
v 0.01572585 0.00712580 0.03585047
v 0.01586693 0.00726695 0.03601796
v 0.01595902 0.00735898 0.03624350
v 0.01599103 0.00739104 0.03650004
v 0.01595902 0.00735898 0.03675646
v 0.01586693 0.00726695 0.03698212
v 0.01572585 0.00712580 0.03714949
v 0.01555276 0.00695271 0.03723866
v 0.01536858 0.00676853 0.03723866
v 0.01519549 0.00659544 0.03714949
v 0.01505440 0.00645442 0.03698212
v 0.01496231 0.00636227 0.03675646
v 0.01493036 0.00633032 0.03650004
v 0.01496231 0.00636227 0.03624350
v 0.01505440 0.00645442 0.03601796
v 0.01519549 0.00659544 0.03585047
v 0.01516103 0.00693888 0.03576142
v 0.01530569 0.00715548 0.03576142
v 0.01544171 0.00735898 0.03585047
v 0.01555258 0.00752491 0.03601796
v 0.01562494 0.00763316 0.03624350
v 0.01565003 0.00767083 0.03650004
v 0.01562494 0.00763316 0.03675646
v 0.01555258 0.00752491 0.03698212
v 0.01544171 0.00735898 0.03714949
v 0.01530569 0.00715548 0.03723866
v 0.01516103 0.00693888 0.03723866
v 0.01502502 0.00673539 0.03714949
v 0.01491415 0.00656945 0.03698212
v 0.01484179 0.00646121 0.03675646
v 0.01481670 0.00642354 0.03650004
v 0.01484179 0.00646121 0.03624350
v 0.01491415 0.00656945 0.03601796
v 0.01483053 0.00683934 0.03585047
v 0.01492416 0.00706548 0.03576142
v 0.01502388 0.00730617 0.03576142
v 0.01511752 0.00753231 0.03585047
v 0.01519388 0.00771660 0.03601796
v 0.01524376 0.00783688 0.03624350
v 0.01526105 0.00787873 0.03650004
v 0.01524376 0.00783688 0.03675646
v 0.01519388 0.00771660 0.03698212
v 0.01511752 0.00753231 0.03714949
v 0.01502388 0.00730617 0.03723866
v 0.01492416 0.00706548 0.03723866
v 0.01483053 0.00683934 0.03714949
v 0.01475417 0.00665504 0.03698212
v 0.01470434 0.00653464 0.03675646
v 0.01468700 0.00649292 0.03650004
v 0.01470434 0.00653464 0.03624350
v 0.01613229 0.00651748 0.03585047
v 0.01575547 0.00670571 0.03576142
v 0.01536858 0.00676853 0.03576142
v 0.01502502 0.00673539 0.03585047
v 0.01475417 0.00665504 0.03601796
v 0.01455515 0.00657994 0.03624350
v 0.01660478 -0.00580006 0.03624350
v 0.01665002 -0.00580006 0.03650004
v 0.01660478 -0.00580006 0.03675646
v 0.01656413 -0.00580006 0.03684849
v 0.01647454 -0.00580006 0.03698212
v 0.01632607 -0.00580006 0.03711719
v 0.01627498 -0.00580006 0.03714949
v 0.01603025 -0.00580006 0.03723866
v 0.01599043 -0.00580006 0.03724450
v 0.01576978 -0.00580006 0.03723866
v 0.01563406 -0.00580006 0.03720123
v 0.01552498 -0.00580006 0.03714949
v 0.01533860 -0.00580006 0.03699738
v 0.01532548 -0.00580006 0.03698212
v 0.01519525 -0.00580006 0.03675646
v 0.01517182 -0.00580006 0.03667945
v 0.01515001 -0.00580006 0.03650004
v 0.01517182 -0.00580006 0.03632051
v 0.01519525 -0.00580006 0.03624350
v 0.01532548 -0.00580006 0.03601796
v 0.01533860 -0.00580006 0.03600270
v 0.01552498 -0.00580006 0.03585047
v 0.01563406 -0.00580006 0.03579873
v 0.01576978 -0.00580006 0.03576142
v 0.01599043 -0.00580006 0.03575546
v 0.01603025 -0.00580006 0.03576142
v 0.01627498 -0.00580006 0.03585047
v 0.01632607 -0.00580006 0.03588277
v 0.01647454 -0.00580006 0.03601796
v 0.01656413 -0.00580006 0.03615147
v 0.01530772 -0.00598054 0.03601796
v 0.01513558 -0.00594633 0.03650004
v 0.01517999 -0.00595515 0.03675646
v 0.01440000 -0.00673860 0.03699738
v 0.01458054 -0.00670772 0.03698212
v 0.01440000 -0.00692504 0.03714949
v 0.01461947 -0.00690334 0.03714949
v 0.01440000 -0.00703400 0.03720123
v 0.01466721 -0.00714343 0.03723866
v 0.01530772 -0.00598054 0.03698212
v 0.01550340 -0.00601953 0.03714949
v 0.01574343 -0.00606721 0.03723866
v 0.01476580 -0.00763898 0.03714949
v 0.01440000 -0.00743025 0.03723866
v 0.01471805 -0.00739890 0.03723866
v 0.01440000 -0.00739043 0.03724450
v 0.01440000 -0.00716978 0.03723866
v 0.01599890 -0.00611799 0.03723866
v 0.01480472 -0.00783473 0.03698212
v 0.01440000 -0.00772601 0.03711719
v 0.01440000 -0.00767499 0.03714949
v 0.01623898 -0.00616580 0.03714949
v 0.01643467 -0.00620478 0.03698212
v 0.01656240 -0.00623017 0.03675646
v 0.01440000 -0.00796407 0.03615147
v 0.01440000 -0.00800472 0.03624350
v 0.01483011 -0.00796240 0.03624350
v 0.01440000 -0.00805002 0.03650004
v 0.01483899 -0.00800675 0.03650004
v 0.01440000 -0.00800472 0.03675646
v 0.01483011 -0.00796240 0.03675646
v 0.01440000 -0.00796407 0.03684849
v 0.01440000 -0.00787454 0.03698212
v 0.01440000 -0.00772601 0.03588277
v 0.01440000 -0.00787454 0.03601796
v 0.01480472 -0.00783473 0.03601796
v 0.01660680 -0.00623899 0.03650004
v 0.01656240 -0.00623017 0.03624350
v 0.01643467 -0.00620478 0.03601796
v 0.01471805 -0.00739890 0.03576142
v 0.01440000 -0.00767499 0.03585047
v 0.01476580 -0.00763898 0.03585047
v 0.01623898 -0.00616580 0.03585047
v 0.01440000 -0.00703400 0.03579873
v 0.01440000 -0.00716978 0.03576142
v 0.01466721 -0.00714343 0.03576142
v 0.01440000 -0.00739043 0.03575546
v 0.01440000 -0.00743025 0.03576142
v 0.01599890 -0.00611799 0.03576142
v 0.01574343 -0.00606721 0.03576142
v 0.01550340 -0.00601953 0.03585047
v 0.01440000 -0.00692504 0.03585047
v 0.01461947 -0.00690334 0.03585047
v 0.01440000 -0.00673860 0.03600270
v 0.01458054 -0.00670772 0.03601796
v 0.01440000 -0.00672548 0.03601796
v 0.01455515 -0.00657993 0.03624350
v 0.01440000 -0.00659519 0.03624350
v 0.01440000 -0.00672548 0.03698212
v 0.01440000 -0.00659519 0.03675646
v 0.01455515 -0.00657993 0.03675646
v 0.01440000 -0.00657182 0.03667945
v 0.01454633 -0.00653558 0.03650004
v 0.01440000 -0.00655001 0.03650004
v 0.01440000 -0.00657182 0.03632051
v 0.01519388 -0.00771659 0.03601796
v 0.01524376 -0.00783699 0.03624350
v 0.01526105 -0.00787871 0.03650004
v 0.01524376 -0.00783699 0.03675646
v 0.01519388 -0.00771659 0.03698212
v 0.01511752 -0.00753229 0.03714949
v 0.01502388 -0.00730615 0.03723866
v 0.01492416 -0.00706547 0.03723866
v 0.01483053 -0.00683933 0.03714949
v 0.01475417 -0.00665503 0.03698212
v 0.01470434 -0.00653475 0.03675646
v 0.01468700 -0.00649291 0.03650004
v 0.01470434 -0.00653475 0.03624350
v 0.01475417 -0.00665503 0.03601796
v 0.01483053 -0.00683933 0.03585047
v 0.01492416 -0.00706547 0.03576142
v 0.01502388 -0.00730615 0.03576142
v 0.01544171 -0.00735896 0.03585047
v 0.01555258 -0.00752490 0.03601796
v 0.01562494 -0.00763326 0.03624350
v 0.01565003 -0.00767081 0.03650004
v 0.01562494 -0.00763326 0.03675646
v 0.01555258 -0.00752490 0.03698212
v 0.01544171 -0.00735896 0.03714949
v 0.01530569 -0.00715547 0.03723866
v 0.01516103 -0.00693887 0.03723866
v 0.01502502 -0.00673538 0.03714949
v 0.01491415 -0.00656956 0.03698212
v 0.01484179 -0.00646120 0.03675646
v 0.01481670 -0.00642365 0.03650004
v 0.01484179 -0.00646120 0.03624350
v 0.01491415 -0.00656956 0.03601796
v 0.01502502 -0.00673538 0.03585047
v 0.01516103 -0.00693887 0.03576142
v 0.01555276 -0.00695282 0.03576142
v 0.01572585 -0.00712579 0.03585047
v 0.01586693 -0.00726693 0.03601796
v 0.01595902 -0.00735896 0.03624350
v 0.01599103 -0.00739103 0.03650004
v 0.01595902 -0.00735896 0.03675646
v 0.01586693 -0.00726693 0.03698212
v 0.01572585 -0.00712579 0.03714949
v 0.01555276 -0.00695282 0.03723866
v 0.01536858 -0.00676852 0.03723866
v 0.01519549 -0.00659554 0.03714949
v 0.01505440 -0.00645440 0.03698212
v 0.01496231 -0.00636237 0.03675646
v 0.01493036 -0.00633030 0.03650004
v 0.01496231 -0.00636237 0.03624350
v 0.01505440 -0.00645440 0.03601796
v 0.01519549 -0.00659554 0.03585047
v 0.01553893 -0.00656097 0.03576142
v 0.01575547 -0.00670569 0.03576142
v 0.01595902 -0.00684171 0.03585047
v 0.01612490 -0.00695258 0.03601796
v 0.01623320 -0.00702494 0.03624350
v 0.01627081 -0.00705009 0.03650004
v 0.01623320 -0.00702494 0.03675646
v 0.01612490 -0.00695258 0.03698212
v 0.01595902 -0.00684171 0.03714949
v 0.01575547 -0.00670569 0.03723866
v 0.01553893 -0.00656097 0.03723866
v 0.01533544 -0.00642508 0.03714949
v 0.01516950 -0.00631421 0.03698212
v 0.01506120 -0.00624185 0.03675646
v 0.01502359 -0.00621670 0.03650004
v 0.01506120 -0.00624185 0.03624350
v 0.01516950 -0.00631421 0.03601796
v 0.01543939 -0.00623053 0.03585047
v 0.01566553 -0.00632422 0.03576142
v 0.01590615 -0.00642388 0.03576142
v 0.01613229 -0.00651758 0.03585047
v 0.01631665 -0.00659388 0.03601796
v 0.01643693 -0.00664371 0.03624350
v 0.01647871 -0.00666099 0.03650004
v 0.01643693 -0.00664371 0.03675646
v 0.01631665 -0.00659388 0.03698212
v 0.01613229 -0.00651758 0.03714949
v 0.01590615 -0.00642388 0.03723866
v 0.01566553 -0.00632422 0.03723866
v 0.01543939 -0.00623053 0.03714949
v 0.01525503 -0.00615411 0.03698212
v 0.01513469 -0.00610428 0.03675646
v 0.01509291 -0.00608700 0.03650004
v 0.01513469 -0.00610428 0.03624350
v 0.01511752 -0.00753229 0.03585047
v 0.01530569 -0.00715547 0.03576142
v 0.01536858 -0.00676852 0.03576142
v 0.01533544 -0.00642508 0.03585047
v 0.01525503 -0.00615411 0.03601796
v 0.01517999 -0.00595515 0.03624350
v 0.01390004 -0.00796407 0.03684849
v 0.01390004 -0.00803857 0.03663022
v 0.01390004 -0.00805002 0.03650004
v 0.01390004 -0.00704353 0.03720481
v 0.01390004 -0.00729995 0.03724999
v 0.01390004 -0.00739043 0.03724450
v 0.01390004 -0.00755649 0.03720481
v 0.01390004 -0.00772601 0.03711719
v 0.01390004 -0.00778215 0.03707451
v 0.01390004 -0.00794952 0.03687495
v 0.01390004 -0.00665050 0.03612501
v 0.01390004 -0.00657182 0.03632051
v 0.01390004 -0.00656145 0.03636974
v 0.01390004 -0.00656145 0.03663022
v 0.01390004 -0.00657182 0.03667945
v 0.01390004 -0.00665050 0.03687495
v 0.01390004 -0.00673860 0.03699738
v 0.01390004 -0.00681787 0.03707451
v 0.01390004 -0.00673860 0.03600270
v 0.01390004 -0.00681787 0.03592545
v 0.01390004 -0.00704353 0.03579528
v 0.01390004 -0.00803857 0.03636974
v 0.01390004 -0.00796407 0.03615147
v 0.01390004 -0.00794952 0.03612501
v 0.01390004 -0.00778215 0.03592545
v 0.01390004 -0.00772601 0.03588277
v 0.01390004 -0.00755649 0.03579528
v 0.01390004 -0.00739043 0.03575546
v 0.01390004 -0.00729995 0.03574998
v 0.01266598 -0.00800126 0.03500003
v 0.01253026 -0.00803857 0.03500003
v 0.01255655 -0.00803857 0.03526718
v 0.01375371 -0.00729995 0.03573555
v 0.01374489 -0.00704353 0.03577990
v 0.01371944 -0.00681787 0.03590769
v 0.01368051 -0.00665050 0.03610343
v 0.01296138 -0.00680261 0.03500003
v 0.01299232 -0.00681787 0.03518051
v 0.01277500 -0.00665050 0.03500003
v 0.01279664 -0.00665050 0.03521949
v 0.01266598 -0.00659876 0.03500003
v 0.01255655 -0.00656145 0.03526718
v 0.01363277 -0.00656145 0.03634340
v 0.01206106 -0.00665050 0.03536576
v 0.01226979 -0.00656145 0.03500003
v 0.01230108 -0.00656145 0.03531808
v 0.01230961 -0.00655549 0.03500003
v 0.01253026 -0.00656145 0.03500003
v 0.01358199 -0.00656145 0.03659886
v 0.01353418 -0.00665050 0.03683895
v 0.01186531 -0.00681787 0.03540475
v 0.01197397 -0.00668281 0.03500003
v 0.01202499 -0.00665050 0.03500003
v 0.01349526 -0.00681787 0.03703469
v 0.01173758 -0.00755649 0.03543014
v 0.01165002 -0.00729995 0.03500003
v 0.01169324 -0.00729995 0.03543896
v 0.01169526 -0.00704353 0.03500003
v 0.01173758 -0.00704353 0.03543014
v 0.01173591 -0.00695150 0.03500003
v 0.01182550 -0.00681787 0.03500003
v 0.01346987 -0.00704353 0.03716237
v 0.01346105 -0.00729995 0.03720671
v 0.01346987 -0.00755649 0.03716237
v 0.01197397 -0.00791722 0.03500003
v 0.01182550 -0.00778215 0.03500003
v 0.01186531 -0.00778215 0.03540475
v 0.01173591 -0.00764852 0.03500003
v 0.01169526 -0.00755649 0.03500003
v 0.01349526 -0.00778215 0.03703469
v 0.01230961 -0.00804453 0.03500003
v 0.01226979 -0.00803857 0.03500003
v 0.01230108 -0.00803857 0.03531808
v 0.01202499 -0.00794952 0.03500003
v 0.01206106 -0.00794952 0.03536576
v 0.01353418 -0.00794952 0.03683895
v 0.01358199 -0.00803857 0.03659886
v 0.01240003 -0.00805002 0.03500003
v 0.01363277 -0.00803857 0.03634340
v 0.01368051 -0.00794952 0.03610343
v 0.01277500 -0.00794952 0.03500003
v 0.01279664 -0.00794952 0.03521949
v 0.01296138 -0.00779729 0.03500003
v 0.01299232 -0.00778215 0.03518051
v 0.01297456 -0.00778215 0.03500003
v 0.01312005 -0.00755649 0.03515512
v 0.01310479 -0.00755649 0.03500003
v 0.01374489 -0.00755649 0.03577990
v 0.01371944 -0.00778215 0.03590769
v 0.01297456 -0.00681787 0.03500003
v 0.01310479 -0.00704353 0.03500003
v 0.01312005 -0.00704353 0.03515512
v 0.01312822 -0.00712054 0.03500003
v 0.01316440 -0.00729995 0.03514630
v 0.01315003 -0.00729995 0.03500003
v 0.01312822 -0.00747948 0.03500003
v 0.01216775 -0.00794952 0.03571755
v 0.01198339 -0.00778215 0.03579384
v 0.01186305 -0.00755649 0.03584367
v 0.01182127 -0.00729995 0.03586108
v 0.01186305 -0.00704353 0.03584367
v 0.01198339 -0.00681787 0.03579384
v 0.01216775 -0.00665050 0.03571755
v 0.01239389 -0.00656145 0.03562385
v 0.01263451 -0.00656145 0.03552419
v 0.01286065 -0.00665050 0.03543049
v 0.01304501 -0.00681787 0.03535420
v 0.01316529 -0.00704353 0.03530437
v 0.01320707 -0.00729995 0.03528697
v 0.01316529 -0.00755649 0.03530437
v 0.01304501 -0.00778215 0.03535420
v 0.01286065 -0.00794952 0.03543049
v 0.01263451 -0.00803857 0.03552419
v 0.01239389 -0.00803857 0.03562385
v 0.01254451 -0.00803857 0.03590566
v 0.01234102 -0.00794952 0.03604168
v 0.01217508 -0.00778215 0.03615255
v 0.01206684 -0.00755649 0.03622491
v 0.01202923 -0.00729995 0.03625006
v 0.01206684 -0.00704353 0.03622491
v 0.01217508 -0.00681787 0.03615255
v 0.01234102 -0.00665050 0.03604168
v 0.01254451 -0.00656145 0.03590566
v 0.01276111 -0.00656145 0.03576106
v 0.01296460 -0.00665050 0.03562504
v 0.01313048 -0.00681787 0.03551418
v 0.01323878 -0.00704353 0.03544182
v 0.01327639 -0.00729995 0.03541667
v 0.01323878 -0.00755649 0.03544182
v 0.01313048 -0.00778215 0.03551418
v 0.01296460 -0.00794952 0.03562504
v 0.01276111 -0.00803857 0.03576106
v 0.01293146 -0.00803857 0.03596861
v 0.01274728 -0.00803857 0.03615278
v 0.01257419 -0.00794952 0.03632588
v 0.01243311 -0.00778215 0.03646690
v 0.01234102 -0.00755649 0.03655905
v 0.01230901 -0.00729995 0.03659100
v 0.01234102 -0.00704353 0.03655905
v 0.01243311 -0.00681787 0.03646690
v 0.01257419 -0.00665050 0.03632588
v 0.01274728 -0.00656145 0.03615278
v 0.01293146 -0.00656145 0.03596861
v 0.01310449 -0.00665050 0.03579551
v 0.01324558 -0.00681787 0.03565437
v 0.01333767 -0.00704353 0.03556234
v 0.01336968 -0.00729995 0.03553039
v 0.01333767 -0.00755649 0.03556234
v 0.01324558 -0.00778215 0.03565437
v 0.01310449 -0.00794952 0.03579551
v 0.01327496 -0.00794952 0.03593547
v 0.01313901 -0.00803857 0.03613896
v 0.01299429 -0.00803857 0.03635544
v 0.01285833 -0.00794952 0.03655905
v 0.01274746 -0.00778215 0.03672487
v 0.01267510 -0.00755649 0.03683323
v 0.01264995 -0.00729995 0.03687078
v 0.01267510 -0.00704353 0.03683323
v 0.01274746 -0.00681787 0.03672487
v 0.01285833 -0.00665050 0.03655905
v 0.01299429 -0.00656145 0.03635544
v 0.01313901 -0.00656145 0.03613896
v 0.01327496 -0.00665050 0.03593547
v 0.01338583 -0.00681787 0.03576953
v 0.01345819 -0.00704353 0.03566116
v 0.01348334 -0.00729995 0.03562361
v 0.01345819 -0.00755649 0.03566116
v 0.01338583 -0.00778215 0.03576953
v 0.01354587 -0.00778215 0.03585500
v 0.01346951 -0.00794952 0.03603942
v 0.01337582 -0.00803857 0.03626556
v 0.01327616 -0.00803857 0.03650612
v 0.01318246 -0.00794952 0.03673226
v 0.01310610 -0.00778215 0.03691668
v 0.01305627 -0.00755649 0.03703696
v 0.01303899 -0.00729995 0.03707868
v 0.01305627 -0.00704353 0.03703696
v 0.01310610 -0.00681787 0.03691668
v 0.01318246 -0.00665050 0.03673226
v 0.01327616 -0.00656145 0.03650612
v 0.01337582 -0.00656145 0.03626556
v 0.01346951 -0.00665050 0.03603942
v 0.01354587 -0.00681787 0.03585500
v 0.01359570 -0.00704353 0.03573472
v 0.01361298 -0.00729995 0.03569287
v 0.01359570 -0.00755649 0.03573472
f 1 2 3
f 3 2 4
f 3 4 5
f 5 4 6
f 5 6 7
f 7 6 8
f 8 6 9
f 8 9 10
f 10 9 11
f 10 11 12
f 12 11 13
f 12 13 14
f 14 13 15
f 14 15 16
f 16 15 17
f 16 17 18
f 18 17 19
f 18 19 20
f 20 19 21
f 20 21 22
f 22 21 23
f 22 23 24
f 24 23 25
f 24 25 26
f 26 25 27
f 26 27 28
f 28 27 29
f 28 29 30
f 30 29 31
f 30 31 32
f 32 31 33
f 32 33 34
f 34 33 35
f 34 35 36
f 36 35 37
f 36 37 38
f 38 37 39
f 38 39 40
f 40 39 41
f 40 41 42
f 42 41 43
f 42 43 44
f 44 43 45
f 44 45 46
f 46 45 47
f 46 47 48
f 48 47 49
f 48 49 50
f 50 49 51
f 50 51 52
f 52 51 53
f 52 53 54
f 54 53 55
f 54 55 56
f 56 55 57
f 56 57 58
f 58 57 59
f 58 59 60
f 60 59 61
f 60 61 62
f 62 61 63
f 62 63 1
f 1 63 64
f 1 64 2
f 65 66 67
f 67 66 68
f 67 68 69
f 69 68 70
f 69 70 71
f 71 70 72
f 72 70 73
f 72 73 74
f 74 73 75
f 74 75 76
f 76 75 77
f 76 77 78
f 78 77 79
f 78 79 80
f 80 79 81
f 80 81 82
f 82 81 83
f 82 83 84
f 84 83 85
f 84 85 86
f 86 85 87
f 86 87 88
f 88 87 89
f 88 89 90
f 90 89 91
f 90 91 92
f 92 91 93
f 92 93 94
f 94 93 95
f 94 95 96
f 96 95 97
f 96 97 98
f 98 97 99
f 98 99 100
f 100 99 101
f 100 101 102
f 102 101 103
f 102 103 104
f 104 103 105
f 104 105 106
f 106 105 107
f 106 107 108
f 108 107 109
f 108 109 110
f 110 109 111
f 110 111 112
f 112 111 113
f 112 113 114
f 114 113 115
f 114 115 116
f 116 115 117
f 116 117 118
f 118 117 119
f 118 119 120
f 120 119 121
f 120 121 122
f 122 121 123
f 122 123 124
f 124 123 125
f 124 125 126
f 126 125 127
f 126 127 65
f 65 127 128
f 65 128 66
f 96 37 94
f 94 37 35
f 94 35 92
f 92 35 33
f 92 33 90
f 90 33 31
f 90 31 88
f 88 31 29
f 88 29 86
f 86 29 27
f 86 27 84
f 84 27 25
f 84 25 82
f 82 25 23
f 82 23 80
f 80 23 21
f 80 21 78
f 78 21 19
f 78 19 76
f 76 19 17
f 76 17 74
f 74 17 15
f 74 15 72
f 72 15 13
f 72 13 71
f 71 13 11
f 71 11 69
f 69 11 9
f 69 9 67
f 67 9 6
f 67 6 65
f 65 6 4
f 65 4 126
f 126 4 2
f 126 2 124
f 124 2 64
f 124 64 122
f 122 64 63
f 122 63 120
f 120 63 61
f 120 61 118
f 118 61 59
f 118 59 116
f 116 59 57
f 116 57 114
f 114 57 55
f 114 55 112
f 112 55 53
f 112 53 110
f 110 53 51
f 110 51 108
f 108 51 49
f 108 49 106
f 106 49 47
f 106 47 104
f 104 47 45
f 104 45 102
f 102 45 43
f 102 43 100
f 100 43 41
f 100 41 98
f 98 41 39
f 98 39 96
f 96 39 37
f 38 97 36
f 36 97 95
f 36 95 34
f 34 95 93
f 34 93 32
f 32 93 91
f 32 91 30
f 30 91 89
f 30 89 28
f 28 89 87
f 28 87 26
f 26 87 85
f 26 85 24
f 24 85 83
f 24 83 22
f 22 83 81
f 22 81 20
f 20 81 79
f 20 79 18
f 18 79 77
f 18 77 16
f 16 77 75
f 16 75 14
f 14 75 73
f 14 73 12
f 12 73 70
f 12 70 10
f 10 70 68
f 10 68 8
f 8 68 66
f 8 66 7
f 7 66 128
f 7 128 5
f 5 128 127
f 5 127 3
f 3 127 125
f 3 125 1
f 1 125 123
f 1 123 62
f 62 123 121
f 62 121 60
f 60 121 119
f 60 119 58
f 58 119 117
f 58 117 56
f 56 117 115
f 56 115 54
f 54 115 113
f 54 113 52
f 52 113 111
f 52 111 50
f 50 111 109
f 50 109 48
f 48 109 107
f 48 107 46
f 46 107 105
f 46 105 44
f 44 105 103
f 44 103 42
f 42 103 101
f 42 101 40
f 40 101 99
f 40 99 38
f 38 99 97
f 129 130 131
f 131 130 132
f 131 132 133
f 133 132 134
f 133 134 135
f 135 134 136
f 135 136 137
f 137 136 138
f 137 138 139
f 139 138 140
f 139 140 141
f 141 140 142
f 141 142 143
f 143 142 144
f 143 144 145
f 145 144 146
f 145 146 147
f 147 146 148
f 147 148 149
f 149 148 150
f 149 150 151
f 151 150 152
f 151 152 153
f 153 152 154
f 153 154 155
f 155 154 156
f 155 156 157
f 157 156 158
f 157 158 159
f 159 158 160
f 159 160 161
f 161 160 162
f 161 162 163
f 163 162 164
f 163 164 165
f 165 164 166
f 165 166 167
f 167 166 168
f 167 168 169
f 169 168 170
f 169 170 171
f 171 170 172
f 171 172 173
f 173 172 174
f 173 174 175
f 175 174 176
f 175 176 177
f 177 176 178
f 177 178 179
f 179 178 180
f 179 180 181
f 181 180 182
f 181 182 183
f 183 182 184
f 183 184 185
f 185 184 186
f 185 186 187
f 187 186 188
f 187 188 189
f 189 188 190
f 189 190 191
f 191 190 192
f 191 192 193
f 193 192 194
f 193 194 195
f 195 194 196
f 195 196 197
f 197 196 198
f 197 198 199
f 199 198 200
f 199 200 201
f 201 200 202
f 201 202 203
f 203 202 204
f 203 204 205
f 205 204 206
f 205 206 207
f 207 206 208
f 207 208 209
f 209 208 210
f 209 210 211
f 211 210 212
f 211 212 213
f 213 212 214
f 213 214 215
f 215 214 216
f 215 216 217
f 217 216 218
f 217 218 219
f 219 218 220
f 219 220 221
f 221 220 222
f 221 222 223
f 223 222 224
f 223 224 225
f 225 224 226
f 225 226 227
f 227 226 228
f 227 228 229
f 229 228 230
f 229 230 231
f 231 230 232
f 231 232 233
f 233 232 234
f 233 234 235
f 235 234 236
f 235 236 237
f 237 236 238
f 237 238 239
f 239 238 240
f 239 240 241
f 241 240 242
f 241 242 243
f 243 242 244
f 243 244 245
f 245 244 246
f 245 246 247
f 247 246 248
f 247 248 249
f 249 248 250
f 249 250 251
f 251 250 252
f 251 252 253
f 253 252 254
f 253 254 255
f 255 254 256
f 255 256 257
f 257 256 258
f 257 258 259
f 259 258 260
f 259 260 261
f 261 260 262
f 261 262 263
f 263 262 264
f 263 264 265
f 265 264 266
f 265 266 267
f 267 266 268
f 267 268 269
f 269 268 270
f 269 270 271
f 271 270 272
f 271 272 273
f 273 272 274
f 273 274 275
f 275 274 276
f 275 276 277
f 277 276 278
f 277 278 279
f 279 278 280
f 279 280 129
f 129 280 130
f 281 282 283
f 284 285 283
f 283 285 286
f 283 286 281
f 287 288 283
f 283 288 289
f 283 289 284
f 290 291 283
f 283 291 292
f 283 292 287
f 293 294 283
f 283 294 295
f 283 295 290
f 296 297 283
f 283 297 298
f 283 298 293
f 299 300 283
f 283 300 301
f 283 301 296
f 302 303 283
f 283 303 304
f 283 304 299
f 305 306 283
f 283 306 307
f 283 307 302
f 308 309 283
f 283 309 310
f 283 310 305
f 311 312 283
f 283 312 313
f 283 313 308
f 314 315 283
f 283 315 316
f 283 316 311
f 317 318 283
f 283 318 319
f 283 319 314
f 320 321 283
f 283 321 322
f 283 322 317
f 323 324 283
f 283 324 325
f 283 325 320
f 326 327 283
f 283 327 328
f 283 328 323
f 329 330 283
f 283 330 331
f 283 331 326
f 332 333 283
f 283 333 334
f 283 334 329
f 335 336 283
f 283 336 337
f 283 337 332
f 338 339 283
f 283 339 340
f 283 340 335
f 341 342 283
f 283 342 343
f 283 343 338
f 344 345 283
f 283 345 346
f 283 346 341
f 347 348 283
f 283 348 349
f 283 349 344
f 350 351 283
f 283 351 352
f 283 352 347
f 353 354 283
f 283 354 355
f 283 355 350
f 282 356 283
f 283 356 357
f 283 357 353
f 358 359 360
f 361 362 360
f 360 362 363
f 360 363 358
f 364 365 360
f 360 365 366
f 360 366 361
f 367 368 360
f 360 368 369
f 360 369 364
f 370 371 360
f 360 371 372
f 360 372 367
f 373 374 360
f 360 374 375
f 360 375 370
f 376 377 360
f 360 377 378
f 360 378 373
f 379 380 360
f 360 380 381
f 360 381 376
f 382 383 360
f 360 383 384
f 360 384 379
f 385 386 360
f 360 386 387
f 360 387 382
f 388 389 360
f 360 389 390
f 360 390 385
f 391 392 360
f 360 392 393
f 360 393 388
f 394 395 360
f 360 395 396
f 360 396 391
f 397 398 360
f 360 398 399
f 360 399 394
f 400 401 360
f 360 401 402
f 360 402 397
f 403 404 360
f 360 404 405
f 360 405 400
f 406 407 360
f 360 407 408
f 360 408 403
f 409 410 360
f 360 410 411
f 360 411 406
f 412 413 360
f 360 413 414
f 360 414 409
f 415 416 360
f 360 416 417
f 360 417 412
f 418 419 360
f 360 419 420
f 360 420 415
f 421 422 360
f 360 422 423
f 360 423 418
f 424 425 360
f 360 425 426
f 360 426 421
f 427 428 360
f 360 428 429
f 360 429 424
f 430 431 360
f 360 431 432
f 360 432 427
f 359 433 360
f 360 433 434
f 360 434 430
f 208 435 210
f 210 435 436
f 210 436 212
f 212 436 437
f 212 437 214
f 214 437 438
f 214 438 216
f 216 438 439
f 216 439 218
f 218 439 440
f 218 440 220
f 220 440 441
f 220 441 222
f 222 441 442
f 222 442 224
f 224 442 443
f 224 443 226
f 226 443 444
f 226 444 228
f 228 444 445
f 228 445 230
f 230 445 446
f 230 446 232
f 232 446 447
f 232 447 234
f 234 447 448
f 234 448 236
f 236 448 449
f 236 449 238
f 238 449 450
f 238 450 240
f 240 450 451
f 240 451 242
f 242 451 452
f 242 452 244
f 244 452 453
f 244 453 246
f 246 453 454
f 246 454 248
f 248 454 455
f 248 455 250
f 250 455 456
f 250 456 252
f 252 456 457
f 252 457 254
f 254 457 458
f 254 458 256
f 256 458 459
f 256 459 258
f 258 459 460
f 258 460 260
f 260 460 461
f 260 461 262
f 262 461 462
f 262 462 264
f 264 462 463
f 264 463 266
f 266 463 464
f 266 464 268
f 268 464 465
f 268 465 270
f 270 465 466
f 270 466 272
f 272 466 467
f 272 467 274
f 274 467 468
f 274 468 276
f 276 468 469
f 276 469 278
f 278 469 470
f 278 470 280
f 280 470 471
f 280 471 130
f 130 471 472
f 130 472 132
f 132 472 473
f 132 473 134
f 134 473 474
f 134 474 136
f 136 474 475
f 136 475 138
f 138 475 476
f 138 476 140
f 140 476 477
f 140 477 142
f 142 477 478
f 142 478 144
f 144 478 479
f 144 479 146
f 146 479 480
f 146 480 148
f 148 480 481
f 148 481 150
f 150 481 482
f 150 482 152
f 152 482 483
f 152 483 154
f 154 483 484
f 154 484 156
f 156 484 485
f 156 485 158
f 158 485 486
f 158 486 160
f 160 486 487
f 160 487 162
f 162 487 488
f 162 488 164
f 164 488 489
f 164 489 166
f 166 489 490
f 166 490 168
f 168 490 491
f 168 491 170
f 170 491 492
f 170 492 172
f 172 492 493
f 172 493 174
f 174 493 494
f 174 494 176
f 176 494 495
f 176 495 178
f 178 495 496
f 178 496 180
f 180 496 497
f 180 497 182
f 182 497 498
f 182 498 184
f 184 498 499
f 184 499 186
f 186 499 500
f 186 500 188
f 188 500 501
f 188 501 190
f 190 501 502
f 190 502 192
f 192 502 503
f 192 503 194
f 194 503 504
f 194 504 196
f 196 504 505
f 196 505 198
f 198 505 506
f 198 506 200
f 200 506 507
f 200 507 202
f 202 507 508
f 202 508 204
f 204 508 509
f 204 509 206
f 206 509 510
f 206 510 208
f 208 510 435
f 510 511 435
f 435 511 512
f 435 512 436
f 436 512 513
f 436 513 437
f 437 513 514
f 437 514 438
f 438 514 515
f 438 515 439
f 439 515 516
f 439 516 440
f 440 516 517
f 440 517 441
f 441 517 518
f 441 518 442
f 442 518 519
f 442 519 443
f 443 519 520
f 443 520 444
f 444 520 521
f 444 521 445
f 445 521 522
f 445 522 446
f 446 522 523
f 446 523 447
f 447 523 524
f 447 524 448
f 448 524 525
f 448 525 449
f 449 525 526
f 449 526 450
f 450 526 527
f 450 527 451
f 451 527 528
f 451 528 452
f 452 528 529
f 452 529 453
f 453 529 530
f 453 530 454
f 454 530 531
f 454 531 455
f 455 531 532
f 455 532 456
f 456 532 533
f 456 533 457
f 457 533 534
f 457 534 458
f 458 534 535
f 458 535 459
f 459 535 536
f 459 536 460
f 460 536 537
f 460 537 461
f 461 537 538
f 461 538 462
f 462 538 539
f 462 539 463
f 463 539 540
f 463 540 464
f 464 540 541
f 464 541 465
f 465 541 542
f 465 542 466
f 466 542 543
f 466 543 467
f 467 543 544
f 467 544 468
f 468 544 545
f 468 545 469
f 469 545 546
f 469 546 470
f 470 546 547
f 470 547 471
f 471 547 548
f 471 548 472
f 472 548 549
f 472 549 473
f 473 549 550
f 473 550 474
f 474 550 551
f 474 551 475
f 475 551 552
f 475 552 476
f 476 552 553
f 476 553 477
f 477 553 554
f 477 554 478
f 478 554 555
f 478 555 479
f 479 555 556
f 479 556 480
f 480 556 557
f 480 557 481
f 481 557 558
f 481 558 482
f 482 558 559
f 482 559 483
f 483 559 560
f 483 560 484
f 484 560 561
f 484 561 485
f 485 561 562
f 485 562 486
f 486 562 563
f 486 563 487
f 487 563 564
f 487 564 488
f 488 564 565
f 488 565 489
f 489 565 566
f 489 566 490
f 490 566 567
f 490 567 491
f 491 567 568
f 491 568 492
f 492 568 569
f 492 569 493
f 493 569 570
f 493 570 494
f 494 570 571
f 494 571 495
f 495 571 572
f 495 572 496
f 496 572 573
f 496 573 497
f 497 573 574
f 497 574 498
f 498 574 575
f 498 575 499
f 499 575 576
f 499 576 500
f 500 576 577
f 500 577 501
f 501 577 578
f 501 578 502
f 502 578 579
f 502 579 503
f 503 579 580
f 503 580 504
f 504 580 581
f 504 581 505
f 505 581 582
f 505 582 506
f 506 582 583
f 506 583 507
f 507 583 584
f 507 584 508
f 508 584 585
f 508 585 509
f 509 585 586
f 509 586 510
f 510 586 511
f 586 363 511
f 511 363 362
f 511 362 512
f 512 362 361
f 512 361 513
f 513 361 366
f 513 366 514
f 514 366 365
f 514 365 515
f 515 365 364
f 515 364 516
f 516 364 369
f 516 369 517
f 517 369 368
f 517 368 518
f 518 368 367
f 518 367 519
f 519 367 372
f 519 372 520
f 520 372 371
f 520 371 521
f 521 371 370
f 521 370 522
f 522 370 375
f 522 375 523
f 523 375 374
f 523 374 524
f 524 374 373
f 524 373 525
f 525 373 378
f 525 378 526
f 526 378 377
f 526 377 527
f 527 377 376
f 527 376 528
f 528 376 381
f 528 381 529
f 529 381 380
f 529 380 530
f 530 380 379
f 530 379 531
f 531 379 384
f 531 384 532
f 532 384 383
f 532 383 533
f 533 383 382
f 533 382 534
f 534 382 387
f 534 387 535
f 535 387 386
f 535 386 536
f 536 386 385
f 536 385 537
f 537 385 390
f 537 390 538
f 538 390 389
f 538 389 539
f 539 389 388
f 539 388 540
f 540 388 393
f 540 393 541
f 541 393 392
f 541 392 542
f 542 392 391
f 542 391 543
f 543 391 396
f 543 396 544
f 544 396 395
f 544 395 545
f 545 395 394
f 545 394 546
f 546 394 399
f 546 399 547
f 547 399 398
f 547 398 548
f 548 398 397
f 548 397 549
f 549 397 402
f 549 402 550
f 550 402 401
f 550 401 551
f 551 401 400
f 551 400 552
f 552 400 405
f 552 405 553
f 553 405 404
f 553 404 554
f 554 404 403
f 554 403 555
f 555 403 408
f 555 408 556
f 556 408 407
f 556 407 557
f 557 407 406
f 557 406 558
f 558 406 411
f 558 411 559
f 559 411 410
f 559 410 560
f 560 410 409
f 560 409 561
f 561 409 414
f 561 414 562
f 562 414 413
f 562 413 563
f 563 413 412
f 563 412 564
f 564 412 417
f 564 417 565
f 565 417 416
f 565 416 566
f 566 416 415
f 566 415 567
f 567 415 420
f 567 420 568
f 568 420 419
f 568 419 569
f 569 419 418
f 569 418 570
f 570 418 423
f 570 423 571
f 571 423 422
f 571 422 572
f 572 422 421
f 572 421 573
f 573 421 426
f 573 426 574
f 574 426 425
f 574 425 575
f 575 425 424
f 575 424 576
f 576 424 429
f 576 429 577
f 577 429 428
f 577 428 578
f 578 428 427
f 578 427 579
f 579 427 432
f 579 432 580
f 580 432 431
f 580 431 581
f 581 431 430
f 581 430 582
f 582 430 434
f 582 434 583
f 583 434 433
f 583 433 584
f 584 433 359
f 584 359 585
f 585 359 358
f 585 358 586
f 586 358 363
f 281 587 282
f 282 587 588
f 282 588 356
f 356 588 589
f 356 589 357
f 357 589 590
f 357 590 353
f 353 590 591
f 353 591 354
f 354 591 592
f 354 592 355
f 355 592 593
f 355 593 350
f 350 593 594
f 350 594 351
f 351 594 595
f 351 595 352
f 352 595 596
f 352 596 347
f 347 596 597
f 347 597 348
f 348 597 598
f 348 598 349
f 349 598 599
f 349 599 344
f 344 599 600
f 344 600 345
f 345 600 601
f 345 601 346
f 346 601 602
f 346 602 341
f 341 602 603
f 341 603 342
f 342 603 604
f 342 604 343
f 343 604 605
f 343 605 338
f 338 605 606
f 338 606 339
f 339 606 607
f 339 607 340
f 340 607 608
f 340 608 335
f 335 608 609
f 335 609 336
f 336 609 610
f 336 610 337
f 337 610 611
f 337 611 332
f 332 611 612
f 332 612 333
f 333 612 613
f 333 613 334
f 334 613 614
f 334 614 329
f 329 614 615
f 329 615 330
f 330 615 616
f 330 616 331
f 331 616 617
f 331 617 326
f 326 617 618
f 326 618 327
f 327 618 619
f 327 619 328
f 328 619 620
f 328 620 323
f 323 620 621
f 323 621 324
f 324 621 622
f 324 622 325
f 325 622 623
f 325 623 320
f 320 623 624
f 320 624 321
f 321 624 625
f 321 625 322
f 322 625 626
f 322 626 317
f 317 626 627
f 317 627 318
f 318 627 628
f 318 628 319
f 319 628 629
f 319 629 314
f 314 629 630
f 314 630 315
f 315 630 631
f 315 631 316
f 316 631 632
f 316 632 311
f 311 632 633
f 311 633 312
f 312 633 634
f 312 634 313
f 313 634 635
f 313 635 308
f 308 635 636
f 308 636 309
f 309 636 637
f 309 637 310
f 310 637 638
f 310 638 305
f 305 638 639
f 305 639 306
f 306 639 640
f 306 640 307
f 307 640 641
f 307 641 302
f 302 641 642
f 302 642 303
f 303 642 643
f 303 643 304
f 304 643 644
f 304 644 299
f 299 644 645
f 299 645 300
f 300 645 646
f 300 646 301
f 301 646 647
f 301 647 296
f 296 647 648
f 296 648 297
f 297 648 649
f 297 649 298
f 298 649 650
f 298 650 293
f 293 650 651
f 293 651 294
f 294 651 652
f 294 652 295
f 295 652 653
f 295 653 290
f 290 653 654
f 290 654 291
f 291 654 655
f 291 655 292
f 292 655 656
f 292 656 287
f 287 656 657
f 287 657 288
f 288 657 658
f 288 658 289
f 289 658 659
f 289 659 284
f 284 659 660
f 284 660 285
f 285 660 661
f 285 661 286
f 286 661 662
f 286 662 281
f 281 662 587
f 662 663 587
f 587 663 664
f 587 664 588
f 588 664 665
f 588 665 589
f 589 665 666
f 589 666 590
f 590 666 667
f 590 667 591
f 591 667 668
f 591 668 592
f 592 668 669
f 592 669 593
f 593 669 670
f 593 670 594
f 594 670 671
f 594 671 595
f 595 671 672
f 595 672 596
f 596 672 673
f 596 673 597
f 597 673 674
f 597 674 598
f 598 674 675
f 598 675 599
f 599 675 676
f 599 676 600
f 600 676 677
f 600 677 601
f 601 677 678
f 601 678 602
f 602 678 679
f 602 679 603
f 603 679 680
f 603 680 604
f 604 680 681
f 604 681 605
f 605 681 682
f 605 682 606
f 606 682 683
f 606 683 607
f 607 683 684
f 607 684 608
f 608 684 685
f 608 685 609
f 609 685 686
f 609 686 610
f 610 686 687
f 610 687 611
f 611 687 688
f 611 688 612
f 612 688 689
f 612 689 613
f 613 689 690
f 613 690 614
f 614 690 691
f 614 691 615
f 615 691 692
f 615 692 616
f 616 692 693
f 616 693 617
f 617 693 694
f 617 694 618
f 618 694 695
f 618 695 619
f 619 695 696
f 619 696 620
f 620 696 697
f 620 697 621
f 621 697 698
f 621 698 622
f 622 698 699
f 622 699 623
f 623 699 700
f 623 700 624
f 624 700 701
f 624 701 625
f 625 701 702
f 625 702 626
f 626 702 703
f 626 703 627
f 627 703 704
f 627 704 628
f 628 704 705
f 628 705 629
f 629 705 706
f 629 706 630
f 630 706 707
f 630 707 631
f 631 707 708
f 631 708 632
f 632 708 709
f 632 709 633
f 633 709 710
f 633 710 634
f 634 710 711
f 634 711 635
f 635 711 712
f 635 712 636
f 636 712 713
f 636 713 637
f 637 713 714
f 637 714 638
f 638 714 715
f 638 715 639
f 639 715 716
f 639 716 640
f 640 716 717
f 640 717 641
f 641 717 718
f 641 718 642
f 642 718 719
f 642 719 643
f 643 719 720
f 643 720 644
f 644 720 721
f 644 721 645
f 645 721 722
f 645 722 646
f 646 722 723
f 646 723 647
f 647 723 724
f 647 724 648
f 648 724 725
f 648 725 649
f 649 725 726
f 649 726 650
f 650 726 727
f 650 727 651
f 651 727 728
f 651 728 652
f 652 728 729
f 652 729 653
f 653 729 730
f 653 730 654
f 654 730 731
f 654 731 655
f 655 731 732
f 655 732 656
f 656 732 733
f 656 733 657
f 657 733 734
f 657 734 658
f 658 734 735
f 658 735 659
f 659 735 736
f 659 736 660
f 660 736 737
f 660 737 661
f 661 737 738
f 661 738 662
f 662 738 663
f 738 209 663
f 663 209 211
f 663 211 664
f 664 211 213
f 664 213 665
f 665 213 215
f 665 215 666
f 666 215 217
f 666 217 667
f 667 217 219
f 667 219 668
f 668 219 221
f 668 221 669
f 669 221 223
f 669 223 670
f 670 223 225
f 670 225 671
f 671 225 227
f 671 227 672
f 672 227 229
f 672 229 673
f 673 229 231
f 673 231 674
f 674 231 233
f 674 233 675
f 675 233 235
f 675 235 676
f 676 235 237
f 676 237 677
f 677 237 239
f 677 239 678
f 678 239 241
f 678 241 679
f 679 241 243
f 679 243 680
f 680 243 245
f 680 245 681
f 681 245 247
f 681 247 682
f 682 247 249
f 682 249 683
f 683 249 251
f 683 251 684
f 684 251 253
f 684 253 685
f 685 253 255
f 685 255 686
f 686 255 257
f 686 257 687
f 687 257 259
f 687 259 688
f 688 259 261
f 688 261 689
f 689 261 263
f 689 263 690
f 690 263 265
f 690 265 691
f 691 265 267
f 691 267 692
f 692 267 269
f 692 269 693
f 693 269 271
f 693 271 694
f 694 271 273
f 694 273 695
f 695 273 275
f 695 275 696
f 696 275 277
f 696 277 697
f 697 277 279
f 697 279 698
f 698 279 129
f 698 129 699
f 699 129 131
f 699 131 700
f 700 131 133
f 700 133 701
f 701 133 135
f 701 135 702
f 702 135 137
f 702 137 703
f 703 137 139
f 703 139 704
f 704 139 141
f 704 141 705
f 705 141 143
f 705 143 706
f 706 143 145
f 706 145 707
f 707 145 147
f 707 147 708
f 708 147 149
f 708 149 709
f 709 149 151
f 709 151 710
f 710 151 153
f 710 153 711
f 711 153 155
f 711 155 712
f 712 155 157
f 712 157 713
f 713 157 159
f 713 159 714
f 714 159 161
f 714 161 715
f 715 161 163
f 715 163 716
f 716 163 165
f 716 165 717
f 717 165 167
f 717 167 718
f 718 167 169
f 718 169 719
f 719 169 171
f 719 171 720
f 720 171 173
f 720 173 721
f 721 173 175
f 721 175 722
f 722 175 177
f 722 177 723
f 723 177 179
f 723 179 724
f 724 179 181
f 724 181 725
f 725 181 183
f 725 183 726
f 726 183 185
f 726 185 727
f 727 185 187
f 727 187 728
f 728 187 189
f 728 189 729
f 729 189 191
f 729 191 730
f 730 191 193
f 730 193 731
f 731 193 195
f 731 195 732
f 732 195 197
f 732 197 733
f 733 197 199
f 733 199 734
f 734 199 201
f 734 201 735
f 735 201 203
f 735 203 736
f 736 203 205
f 736 205 737
f 737 205 207
f 737 207 738
f 738 207 209
f 739 740 741
f 741 740 742
f 741 742 743
f 743 742 744
f 743 744 745
f 745 744 746
f 745 746 747
f 747 746 748
f 747 748 749
f 749 748 750
f 749 750 751
f 751 750 752
f 751 752 753
f 753 752 754
f 753 754 755
f 755 754 756
f 755 756 757
f 757 756 758
f 757 758 759
f 759 758 760
f 759 760 761
f 761 760 762
f 761 762 763
f 763 762 764
f 763 764 765
f 765 764 766
f 765 766 767
f 767 766 768
f 767 768 769
f 769 768 770
f 769 770 771
f 771 770 772
f 771 772 773
f 773 772 774
f 773 774 775
f 775 774 776
f 775 776 777
f 777 776 778
f 777 778 779
f 779 778 780
f 779 780 781
f 781 780 782
f 781 782 783
f 783 782 784
f 783 784 785
f 785 784 786
f 785 786 787
f 787 786 788
f 787 788 789
f 789 788 790
f 789 790 791
f 791 790 792
f 791 792 793
f 793 792 794
f 793 794 795
f 795 794 796
f 795 796 797
f 797 796 798
f 797 798 799
f 799 798 800
f 799 800 801
f 801 800 802
f 801 802 803
f 803 802 804
f 803 804 805
f 805 804 806
f 805 806 807
f 807 806 808
f 807 808 809
f 809 808 810
f 809 810 811
f 811 810 812
f 811 812 813
f 813 812 814
f 813 814 739
f 739 814 740
f 776 774 815
f 776 815 778
f 784 782 815
f 815 782 780
f 815 780 778
f 790 788 815
f 815 788 786
f 815 786 784
f 796 794 815
f 815 794 792
f 815 792 790
f 802 800 815
f 815 800 798
f 815 798 796
f 808 806 815
f 815 806 804
f 815 804 802
f 814 812 815
f 815 812 810
f 815 810 808
f 744 742 815
f 815 742 740
f 815 740 814
f 750 748 815
f 815 748 746
f 815 746 744
f 756 754 815
f 815 754 752
f 815 752 750
f 762 760 815
f 815 760 758
f 815 758 756
f 768 766 815
f 815 766 764
f 815 764 762
f 774 772 815
f 815 772 770
f 815 770 768
f 777 779 283
f 777 283 775
f 769 771 283
f 283 771 773
f 283 773 775
f 763 765 283
f 283 765 767
f 283 767 769
f 757 759 283
f 283 759 761
f 283 761 763
f 751 753 283
f 283 753 755
f 283 755 757
f 745 747 283
f 283 747 749
f 283 749 751
f 739 741 283
f 283 741 743
f 283 743 745
f 809 811 283
f 283 811 813
f 283 813 739
f 803 805 283
f 283 805 807
f 283 807 809
f 797 799 283
f 283 799 801
f 283 801 803
f 791 793 283
f 283 793 795
f 283 795 797
f 785 787 283
f 283 787 789
f 283 789 791
f 779 781 283
f 283 781 783
f 283 783 785
f 816 817 818
f 818 817 819
f 818 819 820
f 820 819 821
f 820 821 822
f 822 821 823
f 822 823 824
f 824 823 825
f 824 825 826
f 826 825 827
f 826 827 828
f 828 827 829
f 828 829 830
f 830 829 831
f 830 831 832
f 832 831 833
f 832 833 834
f 834 833 835
f 834 835 836
f 836 835 837
f 836 837 838
f 838 837 839
f 838 839 840
f 840 839 841
f 840 841 842
f 842 841 843
f 842 843 844
f 844 843 845
f 844 845 846
f 846 845 847
f 846 847 848
f 848 847 849
f 848 849 850
f 850 849 851
f 850 851 852
f 852 851 853
f 852 853 854
f 854 853 855
f 854 855 856
f 856 855 857
f 856 857 858
f 858 857 859
f 858 859 860
f 860 859 861
f 860 861 862
f 862 861 863
f 862 863 864
f 864 863 865
f 864 865 866
f 866 865 867
f 866 867 868
f 868 867 869
f 868 869 870
f 870 869 871
f 870 871 872
f 872 871 873
f 872 873 874
f 874 873 875
f 874 875 876
f 876 875 877
f 876 877 878
f 878 877 879
f 878 879 880
f 880 879 881
f 880 881 882
f 882 881 883
f 882 883 884
f 884 883 885
f 884 885 886
f 886 885 887
f 886 887 888
f 888 887 889
f 888 889 890
f 890 889 891
f 890 891 892
f 892 891 893
f 892 893 894
f 894 893 895
f 894 895 896
f 896 895 897
f 896 897 898
f 898 897 899
f 898 899 900
f 900 899 901
f 900 901 902
f 902 901 903
f 902 903 904
f 904 903 905
f 904 905 906
f 906 905 907
f 906 907 908
f 908 907 909
f 908 909 910
f 910 909 911
f 910 911 912
f 912 911 913
f 912 913 914
f 914 913 915
f 914 915 916
f 916 915 917
f 916 917 918
f 918 917 919
f 918 919 920
f 920 919 921
f 920 921 922
f 922 921 923
f 922 923 924
f 924 923 925
f 924 925 926
f 926 925 927
f 926 927 928
f 928 927 929
f 928 929 930
f 930 929 931
f 930 931 932
f 932 931 933
f 932 933 934
f 934 933 935
f 934 935 936
f 936 935 937
f 936 937 938
f 938 937 939
f 938 939 940
f 940 939 941
f 940 941 942
f 942 941 943
f 942 943 944
f 944 943 945
f 944 945 946
f 946 945 947
f 946 947 948
f 948 947 949
f 948 949 950
f 950 949 951
f 950 951 952
f 952 951 953
f 952 953 954
f 954 953 955
f 954 955 956
f 956 955 957
f 956 957 958
f 958 957 959
f 958 959 960
f 960 959 961
f 960 961 962
f 962 961 963
f 962 963 964
f 964 963 965
f 964 965 966
f 966 965 967
f 966 967 816
f 816 967 817
f 968 969 970
f 971 972 970
f 970 972 973
f 970 973 968
f 974 975 970
f 970 975 976
f 970 976 971
f 977 978 970
f 970 978 979
f 970 979 974
f 980 981 970
f 970 981 982
f 970 982 977
f 983 984 970
f 970 984 985
f 970 985 980
f 986 987 970
f 970 987 988
f 970 988 983
f 989 990 970
f 970 990 991
f 970 991 986
f 992 993 970
f 970 993 994
f 970 994 989
f 995 996 970
f 970 996 997
f 970 997 992
f 998 999 970
f 970 999 1000
f 970 1000 995
f 1001 1002 970
f 970 1002 1003
f 970 1003 998
f 1004 1005 970
f 970 1005 1006
f 970 1006 1001
f 1007 1008 970
f 970 1008 1009
f 970 1009 1004
f 1010 1011 970
f 970 1011 1012
f 970 1012 1007
f 1013 1014 970
f 970 1014 1015
f 970 1015 1010
f 1016 1017 970
f 970 1017 1018
f 970 1018 1013
f 1019 1020 970
f 970 1020 1021
f 970 1021 1016
f 1022 1023 970
f 970 1023 1024
f 970 1024 1019
f 1025 1026 970
f 970 1026 1027
f 970 1027 1022
f 1028 1029 970
f 970 1029 1030
f 970 1030 1025
f 1031 1032 970
f 970 1032 1033
f 970 1033 1028
f 1034 1035 970
f 970 1035 1036
f 970 1036 1031
f 1037 1038 970
f 970 1038 1039
f 970 1039 1034
f 1040 1041 970
f 970 1041 1042
f 970 1042 1037
f 969 1043 970
f 970 1043 1044
f 970 1044 1040
f 1045 1046 815
f 1047 1048 815
f 815 1048 1049
f 815 1049 1045
f 1050 1051 815
f 815 1051 1052
f 815 1052 1047
f 1053 1054 815
f 815 1054 1055
f 815 1055 1050
f 1056 1057 815
f 815 1057 1058
f 815 1058 1053
f 1059 1060 815
f 815 1060 1061
f 815 1061 1056
f 1062 1063 815
f 815 1063 1064
f 815 1064 1059
f 1065 1066 815
f 815 1066 1067
f 815 1067 1062
f 1068 1069 815
f 815 1069 1070
f 815 1070 1065
f 1071 1072 815
f 815 1072 1073
f 815 1073 1068
f 1074 1075 815
f 815 1075 1076
f 815 1076 1071
f 1077 1078 815
f 815 1078 1079
f 815 1079 1074
f 1080 1081 815
f 815 1081 1082
f 815 1082 1077
f 1083 1084 815
f 815 1084 1085
f 815 1085 1080
f 1086 1087 815
f 815 1087 1088
f 815 1088 1083
f 1089 1090 815
f 815 1090 1091
f 815 1091 1086
f 1092 1093 815
f 815 1093 1094
f 815 1094 1089
f 1095 1096 815
f 815 1096 1097
f 815 1097 1092
f 1098 1099 815
f 815 1099 1100
f 815 1100 1095
f 1101 1102 815
f 815 1102 1103
f 815 1103 1098
f 1104 1105 815
f 815 1105 1106
f 815 1106 1101
f 1107 1108 815
f 815 1108 1109
f 815 1109 1104
f 1110 1111 815
f 815 1111 1112
f 815 1112 1107
f 1113 1114 815
f 815 1114 1115
f 815 1115 1110
f 1116 1117 815
f 815 1117 1118
f 815 1118 1113
f 1046 1119 815
f 815 1119 1120
f 815 1120 1116
f 895 1121 897
f 897 1121 1122
f 897 1122 899
f 899 1122 1123
f 899 1123 901
f 901 1123 1124
f 901 1124 903
f 903 1124 1125
f 903 1125 905
f 905 1125 1126
f 905 1126 907
f 907 1126 1127
f 907 1127 909
f 909 1127 1128
f 909 1128 911
f 911 1128 1129
f 911 1129 913
f 913 1129 1130
f 913 1130 915
f 915 1130 1131
f 915 1131 917
f 917 1131 1132
f 917 1132 919
f 919 1132 1133
f 919 1133 921
f 921 1133 1134
f 921 1134 923
f 923 1134 1135
f 923 1135 925
f 925 1135 1136
f 925 1136 927
f 927 1136 1137
f 927 1137 929
f 929 1137 1138
f 929 1138 931
f 931 1138 1139
f 931 1139 933
f 933 1139 1140
f 933 1140 935
f 935 1140 1141
f 935 1141 937
f 937 1141 1142
f 937 1142 939
f 939 1142 1143
f 939 1143 941
f 941 1143 1144
f 941 1144 943
f 943 1144 1145
f 943 1145 945
f 945 1145 1146
f 945 1146 947
f 947 1146 1147
f 947 1147 949
f 949 1147 1148
f 949 1148 951
f 951 1148 1149
f 951 1149 953
f 953 1149 1150
f 953 1150 955
f 955 1150 1151
f 955 1151 957
f 957 1151 1152
f 957 1152 959
f 959 1152 1153
f 959 1153 961
f 961 1153 1154
f 961 1154 963
f 963 1154 1155
f 963 1155 965
f 965 1155 1156
f 965 1156 967
f 967 1156 1157
f 967 1157 817
f 817 1157 1158
f 817 1158 819
f 819 1158 1159
f 819 1159 821
f 821 1159 1160
f 821 1160 823
f 823 1160 1161
f 823 1161 825
f 825 1161 1162
f 825 1162 827
f 827 1162 1163
f 827 1163 829
f 829 1163 1164
f 829 1164 831
f 831 1164 1165
f 831 1165 833
f 833 1165 1166
f 833 1166 835
f 835 1166 1167
f 835 1167 837
f 837 1167 1168
f 837 1168 839
f 839 1168 1169
f 839 1169 841
f 841 1169 1170
f 841 1170 843
f 843 1170 1171
f 843 1171 845
f 845 1171 1172
f 845 1172 847
f 847 1172 1173
f 847 1173 849
f 849 1173 1174
f 849 1174 851
f 851 1174 1175
f 851 1175 853
f 853 1175 1176
f 853 1176 855
f 855 1176 1177
f 855 1177 857
f 857 1177 1178
f 857 1178 859
f 859 1178 1179
f 859 1179 861
f 861 1179 1180
f 861 1180 863
f 863 1180 1181
f 863 1181 865
f 865 1181 1182
f 865 1182 867
f 867 1182 1183
f 867 1183 869
f 869 1183 1184
f 869 1184 871
f 871 1184 1185
f 871 1185 873
f 873 1185 1186
f 873 1186 875
f 875 1186 1187
f 875 1187 877
f 877 1187 1188
f 877 1188 879
f 879 1188 1189
f 879 1189 881
f 881 1189 1190
f 881 1190 883
f 883 1190 1191
f 883 1191 885
f 885 1191 1192
f 885 1192 887
f 887 1192 1193
f 887 1193 889
f 889 1193 1194
f 889 1194 891
f 891 1194 1195
f 891 1195 893
f 893 1195 1196
f 893 1196 895
f 895 1196 1121
f 1196 1197 1121
f 1121 1197 1198
f 1121 1198 1122
f 1122 1198 1199
f 1122 1199 1123
f 1123 1199 1200
f 1123 1200 1124
f 1124 1200 1201
f 1124 1201 1125
f 1125 1201 1202
f 1125 1202 1126
f 1126 1202 1203
f 1126 1203 1127
f 1127 1203 1204
f 1127 1204 1128
f 1128 1204 1205
f 1128 1205 1129
f 1129 1205 1206
f 1129 1206 1130
f 1130 1206 1207
f 1130 1207 1131
f 1131 1207 1208
f 1131 1208 1132
f 1132 1208 1209
f 1132 1209 1133
f 1133 1209 1210
f 1133 1210 1134
f 1134 1210 1211
f 1134 1211 1135
f 1135 1211 1212
f 1135 1212 1136
f 1136 1212 1213
f 1136 1213 1137
f 1137 1213 1214
f 1137 1214 1138
f 1138 1214 1215
f 1138 1215 1139
f 1139 1215 1216
f 1139 1216 1140
f 1140 1216 1217
f 1140 1217 1141
f 1141 1217 1218
f 1141 1218 1142
f 1142 1218 1219
f 1142 1219 1143
f 1143 1219 1220
f 1143 1220 1144
f 1144 1220 1221
f 1144 1221 1145
f 1145 1221 1222
f 1145 1222 1146
f 1146 1222 1223
f 1146 1223 1147
f 1147 1223 1224
f 1147 1224 1148
f 1148 1224 1225
f 1148 1225 1149
f 1149 1225 1226
f 1149 1226 1150
f 1150 1226 1227
f 1150 1227 1151
f 1151 1227 1228
f 1151 1228 1152
f 1152 1228 1229
f 1152 1229 1153
f 1153 1229 1230
f 1153 1230 1154
f 1154 1230 1231
f 1154 1231 1155
f 1155 1231 1232
f 1155 1232 1156
f 1156 1232 1233
f 1156 1233 1157
f 1157 1233 1234
f 1157 1234 1158
f 1158 1234 1235
f 1158 1235 1159
f 1159 1235 1236
f 1159 1236 1160
f 1160 1236 1237
f 1160 1237 1161
f 1161 1237 1238
f 1161 1238 1162
f 1162 1238 1239
f 1162 1239 1163
f 1163 1239 1240
f 1163 1240 1164
f 1164 1240 1241
f 1164 1241 1165
f 1165 1241 1242
f 1165 1242 1166
f 1166 1242 1243
f 1166 1243 1167
f 1167 1243 1244
f 1167 1244 1168
f 1168 1244 1245
f 1168 1245 1169
f 1169 1245 1246
f 1169 1246 1170
f 1170 1246 1247
f 1170 1247 1171
f 1171 1247 1248
f 1171 1248 1172
f 1172 1248 1249
f 1172 1249 1173
f 1173 1249 1250
f 1173 1250 1174
f 1174 1250 1251
f 1174 1251 1175
f 1175 1251 1252
f 1175 1252 1176
f 1176 1252 1253
f 1176 1253 1177
f 1177 1253 1254
f 1177 1254 1178
f 1178 1254 1255
f 1178 1255 1179
f 1179 1255 1256
f 1179 1256 1180
f 1180 1256 1257
f 1180 1257 1181
f 1181 1257 1258
f 1181 1258 1182
f 1182 1258 1259
f 1182 1259 1183
f 1183 1259 1260
f 1183 1260 1184
f 1184 1260 1261
f 1184 1261 1185
f 1185 1261 1262
f 1185 1262 1186
f 1186 1262 1263
f 1186 1263 1187
f 1187 1263 1264
f 1187 1264 1188
f 1188 1264 1265
f 1188 1265 1189
f 1189 1265 1266
f 1189 1266 1190
f 1190 1266 1267
f 1190 1267 1191
f 1191 1267 1268
f 1191 1268 1192
f 1192 1268 1269
f 1192 1269 1193
f 1193 1269 1270
f 1193 1270 1194
f 1194 1270 1271
f 1194 1271 1195
f 1195 1271 1272
f 1195 1272 1196
f 1196 1272 1197
f 1272 1049 1197
f 1197 1049 1048
f 1197 1048 1198
f 1198 1048 1047
f 1198 1047 1199
f 1199 1047 1052
f 1199 1052 1200
f 1200 1052 1051
f 1200 1051 1201
f 1201 1051 1050
f 1201 1050 1202
f 1202 1050 1055
f 1202 1055 1203
f 1203 1055 1054
f 1203 1054 1204
f 1204 1054 1053
f 1204 1053 1205
f 1205 1053 1058
f 1205 1058 1206
f 1206 1058 1057
f 1206 1057 1207
f 1207 1057 1056
f 1207 1056 1208
f 1208 1056 1061
f 1208 1061 1209
f 1209 1061 1060
f 1209 1060 1210
f 1210 1060 1059
f 1210 1059 1211
f 1211 1059 1064
f 1211 1064 1212
f 1212 1064 1063
f 1212 1063 1213
f 1213 1063 1062
f 1213 1062 1214
f 1214 1062 1067
f 1214 1067 1215
f 1215 1067 1066
f 1215 1066 1216
f 1216 1066 1065
f 1216 1065 1217
f 1217 1065 1070
f 1217 1070 1218
f 1218 1070 1069
f 1218 1069 1219
f 1219 1069 1068
f 1219 1068 1220
f 1220 1068 1073
f 1220 1073 1221
f 1221 1073 1072
f 1221 1072 1222
f 1222 1072 1071
f 1222 1071 1223
f 1223 1071 1076
f 1223 1076 1224
f 1224 1076 1075
f 1224 1075 1225
f 1225 1075 1074
f 1225 1074 1226
f 1226 1074 1079
f 1226 1079 1227
f 1227 1079 1078
f 1227 1078 1228
f 1228 1078 1077
f 1228 1077 1229
f 1229 1077 1082
f 1229 1082 1230
f 1230 1082 1081
f 1230 1081 1231
f 1231 1081 1080
f 1231 1080 1232
f 1232 1080 1085
f 1232 1085 1233
f 1233 1085 1084
f 1233 1084 1234
f 1234 1084 1083
f 1234 1083 1235
f 1235 1083 1088
f 1235 1088 1236
f 1236 1088 1087
f 1236 1087 1237
f 1237 1087 1086
f 1237 1086 1238
f 1238 1086 1091
f 1238 1091 1239
f 1239 1091 1090
f 1239 1090 1240
f 1240 1090 1089
f 1240 1089 1241
f 1241 1089 1094
f 1241 1094 1242
f 1242 1094 1093
f 1242 1093 1243
f 1243 1093 1092
f 1243 1092 1244
f 1244 1092 1097
f 1244 1097 1245
f 1245 1097 1096
f 1245 1096 1246
f 1246 1096 1095
f 1246 1095 1247
f 1247 1095 1100
f 1247 1100 1248
f 1248 1100 1099
f 1248 1099 1249
f 1249 1099 1098
f 1249 1098 1250
f 1250 1098 1103
f 1250 1103 1251
f 1251 1103 1102
f 1251 1102 1252
f 1252 1102 1101
f 1252 1101 1253
f 1253 1101 1106
f 1253 1106 1254
f 1254 1106 1105
f 1254 1105 1255
f 1255 1105 1104
f 1255 1104 1256
f 1256 1104 1109
f 1256 1109 1257
f 1257 1109 1108
f 1257 1108 1258
f 1258 1108 1107
f 1258 1107 1259
f 1259 1107 1112
f 1259 1112 1260
f 1260 1112 1111
f 1260 1111 1261
f 1261 1111 1110
f 1261 1110 1262
f 1262 1110 1115
f 1262 1115 1263
f 1263 1115 1114
f 1263 1114 1264
f 1264 1114 1113
f 1264 1113 1265
f 1265 1113 1118
f 1265 1118 1266
f 1266 1118 1117
f 1266 1117 1267
f 1267 1117 1116
f 1267 1116 1268
f 1268 1116 1120
f 1268 1120 1269
f 1269 1120 1119
f 1269 1119 1270
f 1270 1119 1046
f 1270 1046 1271
f 1271 1046 1045
f 1271 1045 1272
f 1272 1045 1049
f 968 1273 969
f 969 1273 1274
f 969 1274 1043
f 1043 1274 1275
f 1043 1275 1044
f 1044 1275 1276
f 1044 1276 1040
f 1040 1276 1277
f 1040 1277 1041
f 1041 1277 1278
f 1041 1278 1042
f 1042 1278 1279
f 1042 1279 1037
f 1037 1279 1280
f 1037 1280 1038
f 1038 1280 1281
f 1038 1281 1039
f 1039 1281 1282
f 1039 1282 1034
f 1034 1282 1283
f 1034 1283 1035
f 1035 1283 1284
f 1035 1284 1036
f 1036 1284 1285
f 1036 1285 1031
f 1031 1285 1286
f 1031 1286 1032
f 1032 1286 1287
f 1032 1287 1033
f 1033 1287 1288
f 1033 1288 1028
f 1028 1288 1289
f 1028 1289 1029
f 1029 1289 1290
f 1029 1290 1030
f 1030 1290 1291
f 1030 1291 1025
f 1025 1291 1292
f 1025 1292 1026
f 1026 1292 1293
f 1026 1293 1027
f 1027 1293 1294
f 1027 1294 1022
f 1022 1294 1295
f 1022 1295 1023
f 1023 1295 1296
f 1023 1296 1024
f 1024 1296 1297
f 1024 1297 1019
f 1019 1297 1298
f 1019 1298 1020
f 1020 1298 1299
f 1020 1299 1021
f 1021 1299 1300
f 1021 1300 1016
f 1016 1300 1301
f 1016 1301 1017
f 1017 1301 1302
f 1017 1302 1018
f 1018 1302 1303
f 1018 1303 1013
f 1013 1303 1304
f 1013 1304 1014
f 1014 1304 1305
f 1014 1305 1015
f 1015 1305 1306
f 1015 1306 1010
f 1010 1306 1307
f 1010 1307 1011
f 1011 1307 1308
f 1011 1308 1012
f 1012 1308 1309
f 1012 1309 1007
f 1007 1309 1310
f 1007 1310 1008
f 1008 1310 1311
f 1008 1311 1009
f 1009 1311 1312
f 1009 1312 1004
f 1004 1312 1313
f 1004 1313 1005
f 1005 1313 1314
f 1005 1314 1006
f 1006 1314 1315
f 1006 1315 1001
f 1001 1315 1316
f 1001 1316 1002
f 1002 1316 1317
f 1002 1317 1003
f 1003 1317 1318
f 1003 1318 998
f 998 1318 1319
f 998 1319 999
f 999 1319 1320
f 999 1320 1000
f 1000 1320 1321
f 1000 1321 995
f 995 1321 1322
f 995 1322 996
f 996 1322 1323
f 996 1323 997
f 997 1323 1324
f 997 1324 992
f 992 1324 1325
f 992 1325 993
f 993 1325 1326
f 993 1326 994
f 994 1326 1327
f 994 1327 989
f 989 1327 1328
f 989 1328 990
f 990 1328 1329
f 990 1329 991
f 991 1329 1330
f 991 1330 986
f 986 1330 1331
f 986 1331 987
f 987 1331 1332
f 987 1332 988
f 988 1332 1333
f 988 1333 983
f 983 1333 1334
f 983 1334 984
f 984 1334 1335
f 984 1335 985
f 985 1335 1336
f 985 1336 980
f 980 1336 1337
f 980 1337 981
f 981 1337 1338
f 981 1338 982
f 982 1338 1339
f 982 1339 977
f 977 1339 1340
f 977 1340 978
f 978 1340 1341
f 978 1341 979
f 979 1341 1342
f 979 1342 974
f 974 1342 1343
f 974 1343 975
f 975 1343 1344
f 975 1344 976
f 976 1344 1345
f 976 1345 971
f 971 1345 1346
f 971 1346 972
f 972 1346 1347
f 972 1347 973
f 973 1347 1348
f 973 1348 968
f 968 1348 1273
f 1348 1349 1273
f 1273 1349 1350
f 1273 1350 1274
f 1274 1350 1351
f 1274 1351 1275
f 1275 1351 1352
f 1275 1352 1276
f 1276 1352 1353
f 1276 1353 1277
f 1277 1353 1354
f 1277 1354 1278
f 1278 1354 1355
f 1278 1355 1279
f 1279 1355 1356
f 1279 1356 1280
f 1280 1356 1357
f 1280 1357 1281
f 1281 1357 1358
f 1281 1358 1282
f 1282 1358 1359
f 1282 1359 1283
f 1283 1359 1360
f 1283 1360 1284
f 1284 1360 1361
f 1284 1361 1285
f 1285 1361 1362
f 1285 1362 1286
f 1286 1362 1363
f 1286 1363 1287
f 1287 1363 1364
f 1287 1364 1288
f 1288 1364 1365
f 1288 1365 1289
f 1289 1365 1366
f 1289 1366 1290
f 1290 1366 1367
f 1290 1367 1291
f 1291 1367 1368
f 1291 1368 1292
f 1292 1368 1369
f 1292 1369 1293
f 1293 1369 1370
f 1293 1370 1294
f 1294 1370 1371
f 1294 1371 1295
f 1295 1371 1372
f 1295 1372 1296
f 1296 1372 1373
f 1296 1373 1297
f 1297 1373 1374
f 1297 1374 1298
f 1298 1374 1375
f 1298 1375 1299
f 1299 1375 1376
f 1299 1376 1300
f 1300 1376 1377
f 1300 1377 1301
f 1301 1377 1378
f 1301 1378 1302
f 1302 1378 1379
f 1302 1379 1303
f 1303 1379 1380
f 1303 1380 1304
f 1304 1380 1381
f 1304 1381 1305
f 1305 1381 1382
f 1305 1382 1306
f 1306 1382 1383
f 1306 1383 1307
f 1307 1383 1384
f 1307 1384 1308
f 1308 1384 1385
f 1308 1385 1309
f 1309 1385 1386
f 1309 1386 1310
f 1310 1386 1387
f 1310 1387 1311
f 1311 1387 1388
f 1311 1388 1312
f 1312 1388 1389
f 1312 1389 1313
f 1313 1389 1390
f 1313 1390 1314
f 1314 1390 1391
f 1314 1391 1315
f 1315 1391 1392
f 1315 1392 1316
f 1316 1392 1393
f 1316 1393 1317
f 1317 1393 1394
f 1317 1394 1318
f 1318 1394 1395
f 1318 1395 1319
f 1319 1395 1396
f 1319 1396 1320
f 1320 1396 1397
f 1320 1397 1321
f 1321 1397 1398
f 1321 1398 1322
f 1322 1398 1399
f 1322 1399 1323
f 1323 1399 1400
f 1323 1400 1324
f 1324 1400 1401
f 1324 1401 1325
f 1325 1401 1402
f 1325 1402 1326
f 1326 1402 1403
f 1326 1403 1327
f 1327 1403 1404
f 1327 1404 1328
f 1328 1404 1405
f 1328 1405 1329
f 1329 1405 1406
f 1329 1406 1330
f 1330 1406 1407
f 1330 1407 1331
f 1331 1407 1408
f 1331 1408 1332
f 1332 1408 1409
f 1332 1409 1333
f 1333 1409 1410
f 1333 1410 1334
f 1334 1410 1411
f 1334 1411 1335
f 1335 1411 1412
f 1335 1412 1336
f 1336 1412 1413
f 1336 1413 1337
f 1337 1413 1414
f 1337 1414 1338
f 1338 1414 1415
f 1338 1415 1339
f 1339 1415 1416
f 1339 1416 1340
f 1340 1416 1417
f 1340 1417 1341
f 1341 1417 1418
f 1341 1418 1342
f 1342 1418 1419
f 1342 1419 1343
f 1343 1419 1420
f 1343 1420 1344
f 1344 1420 1421
f 1344 1421 1345
f 1345 1421 1422
f 1345 1422 1346
f 1346 1422 1423
f 1346 1423 1347
f 1347 1423 1424
f 1347 1424 1348
f 1348 1424 1349
f 1424 896 1349
f 1349 896 898
f 1349 898 1350
f 1350 898 900
f 1350 900 1351
f 1351 900 902
f 1351 902 1352
f 1352 902 904
f 1352 904 1353
f 1353 904 906
f 1353 906 1354
f 1354 906 908
f 1354 908 1355
f 1355 908 910
f 1355 910 1356
f 1356 910 912
f 1356 912 1357
f 1357 912 914
f 1357 914 1358
f 1358 914 916
f 1358 916 1359
f 1359 916 918
f 1359 918 1360
f 1360 918 920
f 1360 920 1361
f 1361 920 922
f 1361 922 1362
f 1362 922 924
f 1362 924 1363
f 1363 924 926
f 1363 926 1364
f 1364 926 928
f 1364 928 1365
f 1365 928 930
f 1365 930 1366
f 1366 930 932
f 1366 932 1367
f 1367 932 934
f 1367 934 1368
f 1368 934 936
f 1368 936 1369
f 1369 936 938
f 1369 938 1370
f 1370 938 940
f 1370 940 1371
f 1371 940 942
f 1371 942 1372
f 1372 942 944
f 1372 944 1373
f 1373 944 946
f 1373 946 1374
f 1374 946 948
f 1374 948 1375
f 1375 948 950
f 1375 950 1376
f 1376 950 952
f 1376 952 1377
f 1377 952 954
f 1377 954 1378
f 1378 954 956
f 1378 956 1379
f 1379 956 958
f 1379 958 1380
f 1380 958 960
f 1380 960 1381
f 1381 960 962
f 1381 962 1382
f 1382 962 964
f 1382 964 1383
f 1383 964 966
f 1383 966 1384
f 1384 966 816
f 1384 816 1385
f 1385 816 818
f 1385 818 1386
f 1386 818 820
f 1386 820 1387
f 1387 820 822
f 1387 822 1388
f 1388 822 824
f 1388 824 1389
f 1389 824 826
f 1389 826 1390
f 1390 826 828
f 1390 828 1391
f 1391 828 830
f 1391 830 1392
f 1392 830 832
f 1392 832 1393
f 1393 832 834
f 1393 834 1394
f 1394 834 836
f 1394 836 1395
f 1395 836 838
f 1395 838 1396
f 1396 838 840
f 1396 840 1397
f 1397 840 842
f 1397 842 1398
f 1398 842 844
f 1398 844 1399
f 1399 844 846
f 1399 846 1400
f 1400 846 848
f 1400 848 1401
f 1401 848 850
f 1401 850 1402
f 1402 850 852
f 1402 852 1403
f 1403 852 854
f 1403 854 1404
f 1404 854 856
f 1404 856 1405
f 1405 856 858
f 1405 858 1406
f 1406 858 860
f 1406 860 1407
f 1407 860 862
f 1407 862 1408
f 1408 862 864
f 1408 864 1409
f 1409 864 866
f 1409 866 1410
f 1410 866 868
f 1410 868 1411
f 1411 868 870
f 1411 870 1412
f 1412 870 872
f 1412 872 1413
f 1413 872 874
f 1413 874 1414
f 1414 874 876
f 1414 876 1415
f 1415 876 878
f 1415 878 1416
f 1416 878 880
f 1416 880 1417
f 1417 880 882
f 1417 882 1418
f 1418 882 884
f 1418 884 1419
f 1419 884 886
f 1419 886 1420
f 1420 886 888
f 1420 888 1421
f 1421 888 890
f 1421 890 1422
f 1422 890 892
f 1422 892 1423
f 1423 892 894
f 1423 894 1424
f 1424 894 896
f 1425 1426 1427
f 1428 1429 1430
f 1431 1432 1433
f 1434 1435 1432
f 1432 1435 1436
f 1432 1436 1433
f 1437 1438 1439
f 1439 1438 1440
f 1440 1441 1439
f 1439 1441 1442
f 1439 1442 1443
f 1444 1445 1446
f 1446 1445 1447
f 1446 1447 1448
f 1434 1432 1439
f 1439 1432 1449
f 1439 1449 1430
f 1450 1451 1449
f 1449 1451 1452
f 1449 1452 1430
f 1430 1452 1453
f 1430 1453 1428
f 1433 1454 1431
f 1431 1454 1455
f 1431 1455 1427
f 1443 1456 1439
f 1439 1456 1457
f 1439 1457 1434
f 1429 1458 1430
f 1430 1458 1459
f 1430 1459 1446
f 1446 1459 1460
f 1446 1460 1444
f 1448 1461 1446
f 1446 1461 1462
f 1446 1462 1437
f 1437 1462 1463
f 1437 1463 1438
f 1427 1426 1449
f 1449 1426 1464
f 1449 1464 1450
f 1455 1465 1427
f 1427 1465 1466
f 1427 1466 1467
f 1467 1468 1427
f 1427 1468 1469
f 1427 1469 1425
f 1470 1471 1472
f 1472 1471 1473
f 1472 1473 1474
f 1474 1473 1475
f 1474 1475 1476
f 1476 1475 1477
f 1476 1477 1478
f 1478 1477 1479
f 1478 1479 1480
f 1480 1479 1481
f 1480 1481 1482
f 1482 1481 1483
f 1482 1483 1484
f 1484 1483 1485
f 1484 1485 1486
f 1486 1485 1487
f 1486 1487 1488
f 1488 1487 1489
f 1488 1489 1490
f 1490 1489 1491
f 1490 1491 1492
f 1492 1491 1493
f 1492 1493 1494
f 1494 1493 1495
f 1494 1495 1496
f 1496 1495 1497
f 1496 1497 1498
f 1498 1497 1499
f 1498 1499 1500
f 1500 1499 1501
f 1500 1501 1502
f 1502 1501 1503
f 1502 1503 1504
f 1504 1503 1505
f 1504 1505 1506
f 1506 1505 1507
f 1506 1507 1470
f 1470 1507 1471
f 1508 1509 1510
f 1510 1509 1511
f 1510 1511 1512
f 1512 1511 1513
f 1512 1513 1514
f 1514 1513 1515
f 1514 1515 1516
f 1516 1515 1517
f 1516 1517 1518
f 1518 1517 1519
f 1518 1519 1520
f 1520 1519 1521
f 1520 1521 1522
f 1522 1521 1523
f 1522 1523 1524
f 1524 1523 1525
f 1524 1525 1526
f 1526 1525 1527
f 1526 1527 1528
f 1528 1527 1529
f 1528 1529 1530
f 1530 1529 1531
f 1530 1531 1532
f 1532 1531 1533
f 1532 1533 1534
f 1534 1533 1535
f 1534 1535 1536
f 1536 1535 1537
f 1536 1537 1538
f 1538 1537 1539
f 1538 1539 1540
f 1540 1539 1541
f 1540 1541 1542
f 1542 1541 1543
f 1542 1543 1544
f 1544 1543 1545
f 1544 1545 1546
f 1546 1545 1547
f 1546 1547 1508
f 1508 1547 1509
f 1431 1548 1432
f 1432 1548 1549
f 1550 1551 1449
f 1449 1551 1427
f 1552 1430 1553
f 1553 1430 1446
f 1554 1437 1555
f 1555 1437 1556
f 1555 1556 1557
f 1557 1556 1558
f 1557 1558 1559
f 1559 1558 1560
f 1559 1560 1561
f 1554 1562 1437
f 1437 1562 1563
f 1437 1563 1446
f 1564 1565 1566
f 1567 1568 1566
f 1566 1568 1569
f 1566 1569 1564
f 1560 1570 1561
f 1561 1570 1571
f 1561 1571 1567
f 1567 1571 1572
f 1567 1572 1568
f 1564 1573 1565
f 1565 1573 1574
f 1565 1574 1575
f 1575 1574 1576
f 1575 1576 1577
f 1563 1578 1446
f 1446 1578 1579
f 1446 1579 1553
f 1553 1579 1580
f 1553 1580 1581
f 1581 1580 1577
f 1581 1577 1582
f 1582 1577 1576
f 1556 1437 1583
f 1583 1437 1439
f 1427 1584 1585
f 1584 1427 1586
f 1586 1427 1551
f 1586 1551 1587
f 1587 1551 1588
f 1587 1588 1589
f 1590 1591 1592
f 1592 1591 1593
f 1592 1593 1594
f 1594 1593 1595
f 1594 1595 1596
f 1596 1595 1597
f 1596 1597 1598
f 1598 1597 1548
f 1598 1548 1599
f 1599 1548 1431
f 1599 1431 1600
f 1600 1431 1601
f 1588 1602 1589
f 1589 1602 1603
f 1589 1603 1604
f 1604 1603 1605
f 1604 1605 1606
f 1606 1605 1607
f 1606 1607 1608
f 1608 1607 1609
f 1608 1609 1610
f 1610 1609 1611
f 1610 1611 1612
f 1612 1611 1613
f 1612 1613 1590
f 1590 1613 1614
f 1590 1614 1591
f 1585 1615 1427
f 1427 1615 1616
f 1427 1616 1431
f 1431 1616 1617
f 1431 1617 1601
f 1474 1476 1432
f 1432 1476 1478
f 1432 1478 1449
f 1449 1478 1480
f 1449 1480 1482
f 1474 1432 1472
f 1472 1432 1549
f 1472 1549 1470
f 1470 1549 1618
f 1470 1618 1506
f 1506 1618 1619
f 1506 1619 1504
f 1498 1620 1496
f 1496 1620 1621
f 1496 1621 1494
f 1494 1621 1622
f 1494 1622 1492
f 1619 1623 1504
f 1504 1623 1624
f 1504 1624 1502
f 1502 1624 1625
f 1502 1625 1500
f 1500 1625 1626
f 1500 1626 1498
f 1498 1626 1627
f 1498 1627 1620
f 1482 1484 1449
f 1449 1484 1486
f 1449 1486 1550
f 1550 1486 1488
f 1550 1488 1628
f 1628 1488 1490
f 1628 1490 1629
f 1629 1490 1492
f 1629 1492 1630
f 1630 1492 1622
f 1537 1535 1631
f 1523 1521 1430
f 1430 1521 1519
f 1430 1519 1439
f 1439 1519 1517
f 1631 1535 1632
f 1632 1535 1533
f 1632 1533 1633
f 1633 1533 1531
f 1633 1531 1634
f 1634 1531 1529
f 1634 1529 1552
f 1552 1529 1527
f 1552 1527 1430
f 1430 1527 1525
f 1430 1525 1523
f 1631 1635 1537
f 1537 1635 1636
f 1537 1636 1539
f 1539 1636 1637
f 1539 1637 1541
f 1541 1637 1638
f 1541 1638 1543
f 1517 1515 1439
f 1439 1515 1513
f 1439 1513 1583
f 1583 1513 1511
f 1583 1511 1639
f 1639 1511 1509
f 1639 1509 1640
f 1640 1509 1547
f 1640 1547 1641
f 1641 1547 1545
f 1641 1545 1642
f 1642 1545 1543
f 1642 1543 1643
f 1643 1543 1638
f 1569 1637 1636
f 1569 1636 1564
f 1564 1636 1635
f 1564 1635 1573
f 1573 1635 1631
f 1573 1631 1574
f 1574 1631 1632
f 1574 1632 1576
f 1576 1632 1633
f 1576 1633 1582
f 1582 1633 1634
f 1582 1634 1581
f 1581 1634 1552
f 1581 1552 1553
f 1637 1569 1568
f 1637 1568 1638
f 1638 1568 1572
f 1638 1572 1643
f 1643 1572 1571
f 1643 1571 1642
f 1642 1571 1570
f 1642 1570 1641
f 1641 1570 1560
f 1641 1560 1640
f 1640 1560 1558
f 1640 1558 1639
f 1639 1558 1556
f 1639 1556 1583
f 1627 1611 1609
f 1627 1609 1620
f 1620 1609 1607
f 1620 1607 1621
f 1621 1607 1605
f 1621 1605 1622
f 1622 1605 1603
f 1622 1603 1630
f 1630 1603 1602
f 1630 1602 1629
f 1629 1602 1588
f 1629 1588 1628
f 1628 1588 1551
f 1628 1551 1550
f 1611 1627 1626
f 1611 1626 1613
f 1613 1626 1625
f 1613 1625 1614
f 1614 1625 1624
f 1614 1624 1591
f 1591 1624 1623
f 1591 1623 1593
f 1593 1623 1619
f 1593 1619 1595
f 1595 1619 1618
f 1595 1618 1597
f 1597 1618 1549
f 1597 1549 1548
f 1518 1644 1516
f 1516 1644 1645
f 1516 1645 1514
f 1510 1646 1508
f 1508 1646 1647
f 1508 1647 1546
f 1522 1648 1520
f 1520 1648 1649
f 1520 1649 1518
f 1518 1649 1650
f 1518 1650 1644
f 1542 1651 1540
f 1540 1651 1652
f 1540 1652 1538
f 1645 1653 1514
f 1514 1653 1654
f 1514 1654 1512
f 1512 1654 1655
f 1512 1655 1510
f 1510 1655 1656
f 1510 1656 1646
f 1652 1657 1538
f 1538 1657 1658
f 1538 1658 1536
f 1536 1658 1659
f 1536 1659 1534
f 1659 1660 1534
f 1534 1660 1661
f 1534 1661 1532
f 1532 1661 1662
f 1532 1662 1530
f 1530 1662 1663
f 1530 1663 1528
f 1528 1663 1664
f 1528 1664 1526
f 1526 1664 1665
f 1526 1665 1524
f 1524 1665 1666
f 1524 1666 1522
f 1522 1666 1667
f 1522 1667 1648
f 1647 1668 1546
f 1546 1668 1669
f 1546 1669 1544
f 1544 1669 1670
f 1544 1670 1542
f 1542 1670 1671
f 1542 1671 1651
f 1672 1567 1566
f 1672 1673 1567
f 1567 1673 1674
f 1567 1674 1561
f 1674 1675 1561
f 1561 1675 1676
f 1561 1676 1559
f 1559 1676 1677
f 1559 1677 1557
f 1557 1677 1678
f 1557 1678 1555
f 1678 1679 1555
f 1555 1679 1680
f 1555 1680 1554
f 1680 1681 1554
f 1554 1681 1682
f 1554 1682 1562
f 1682 1683 1562
f 1562 1683 1684
f 1562 1684 1563
f 1684 1685 1563
f 1563 1685 1686
f 1563 1686 1578
f 1686 1687 1578
f 1578 1687 1688
f 1578 1688 1579
f 1688 1689 1579
f 1579 1689 1690
f 1579 1690 1580
f 1690 1691 1580
f 1580 1691 1692
f 1580 1692 1577
f 1692 1693 1577
f 1577 1693 1694
f 1577 1694 1575
f 1694 1695 1575
f 1575 1695 1696
f 1575 1696 1565
f 1696 1697 1565
f 1565 1697 1698
f 1565 1698 1566
f 1566 1698 1699
f 1566 1699 1672
f 1672 1652 1673
f 1673 1652 1651
f 1673 1651 1674
f 1674 1651 1671
f 1674 1671 1675
f 1675 1671 1670
f 1675 1670 1676
f 1676 1670 1669
f 1676 1669 1677
f 1677 1669 1668
f 1677 1668 1678
f 1678 1668 1647
f 1678 1647 1679
f 1679 1647 1646
f 1679 1646 1680
f 1680 1646 1656
f 1680 1656 1681
f 1681 1656 1655
f 1681 1655 1682
f 1682 1655 1654
f 1682 1654 1683
f 1683 1654 1653
f 1683 1653 1684
f 1684 1653 1645
f 1684 1645 1685
f 1685 1645 1644
f 1685 1644 1686
f 1686 1644 1650
f 1686 1650 1687
f 1687 1650 1649
f 1687 1649 1688
f 1688 1649 1648
f 1688 1648 1689
f 1689 1648 1667
f 1689 1667 1690
f 1690 1667 1666
f 1690 1666 1691
f 1691 1666 1665
f 1691 1665 1692
f 1692 1665 1664
f 1692 1664 1693
f 1693 1664 1663
f 1693 1663 1694
f 1694 1663 1662
f 1694 1662 1695
f 1695 1662 1661
f 1695 1661 1696
f 1696 1661 1660
f 1696 1660 1697
f 1697 1660 1659
f 1697 1659 1698
f 1698 1659 1658
f 1698 1658 1699
f 1699 1658 1657
f 1699 1657 1672
f 1672 1657 1652
f 1481 1700 1483
f 1483 1700 1701
f 1483 1701 1485
f 1485 1701 1702
f 1485 1702 1487
f 1487 1702 1703
f 1487 1703 1489
f 1489 1703 1704
f 1489 1704 1491
f 1491 1704 1705
f 1491 1705 1493
f 1493 1705 1706
f 1493 1706 1495
f 1495 1706 1707
f 1495 1707 1497
f 1497 1707 1708
f 1497 1708 1499
f 1708 1709 1499
f 1499 1709 1710
f 1499 1710 1501
f 1501 1710 1711
f 1501 1711 1503
f 1503 1711 1712
f 1503 1712 1505
f 1505 1712 1713
f 1505 1713 1507
f 1507 1713 1714
f 1507 1714 1471
f 1471 1714 1715
f 1471 1715 1473
f 1473 1715 1716
f 1473 1716 1475
f 1475 1716 1717
f 1475 1717 1477
f 1477 1717 1718
f 1477 1718 1479
f 1479 1718 1719
f 1479 1719 1481
f 1481 1719 1720
f 1481 1720 1700
f 1715 1596 1716
f 1716 1596 1598
f 1716 1598 1717
f 1717 1598 1599
f 1717 1599 1718
f 1718 1599 1600
f 1718 1600 1719
f 1719 1600 1601
f 1719 1601 1720
f 1720 1601 1617
f 1720 1617 1700
f 1700 1617 1616
f 1700 1616 1701
f 1701 1616 1615
f 1701 1615 1702
f 1702 1615 1585
f 1702 1585 1703
f 1703 1585 1584
f 1703 1584 1704
f 1704 1584 1586
f 1704 1586 1705
f 1705 1586 1587
f 1705 1587 1706
f 1706 1587 1589
f 1706 1589 1707
f 1707 1589 1604
f 1707 1604 1708
f 1708 1604 1606
f 1708 1606 1709
f 1709 1606 1608
f 1709 1608 1710
f 1710 1608 1610
f 1710 1610 1711
f 1711 1610 1612
f 1711 1612 1712
f 1712 1612 1590
f 1712 1590 1713
f 1713 1590 1592
f 1713 1592 1714
f 1714 1592 1594
f 1714 1594 1715
f 1715 1594 1596
f 1721 1452 1722
f 1722 1452 1451
f 1722 1451 1723
f 1723 1451 1450
f 1723 1450 1724
f 1724 1450 1464
f 1724 1464 1725
f 1725 1464 1426
f 1725 1426 1726
f 1726 1426 1425
f 1726 1425 1727
f 1727 1425 1469
f 1727 1469 1728
f 1728 1469 1468
f 1728 1468 1729
f 1729 1468 1467
f 1729 1467 1730
f 1730 1467 1466
f 1730 1466 1731
f 1731 1466 1465
f 1731 1465 1732
f 1732 1465 1455
f 1732 1455 1733
f 1733 1455 1454
f 1733 1454 1734
f 1734 1454 1433
f 1734 1433 1735
f 1735 1433 1436
f 1735 1436 1736
f 1736 1436 1435
f 1736 1435 1737
f 1737 1435 1434
f 1737 1434 1738
f 1738 1434 1457
f 1738 1457 1739
f 1739 1457 1456
f 1739 1456 1740
f 1740 1456 1443
f 1740 1443 1741
f 1741 1443 1442
f 1741 1442 1742
f 1742 1442 1441
f 1742 1441 1743
f 1743 1441 1440
f 1743 1440 1744
f 1744 1440 1438
f 1744 1438 1745
f 1745 1438 1463
f 1745 1463 1746
f 1746 1463 1462
f 1746 1462 1747
f 1747 1462 1461
f 1747 1461 1748
f 1748 1461 1448
f 1748 1448 1749
f 1749 1448 1447
f 1749 1447 1750
f 1750 1447 1445
f 1750 1445 1751
f 1751 1445 1444
f 1751 1444 1752
f 1752 1444 1460
f 1752 1460 1753
f 1753 1460 1459
f 1753 1459 1754
f 1754 1459 1458
f 1754 1458 1755
f 1755 1458 1429
f 1755 1429 1756
f 1756 1429 1428
f 1756 1428 1757
f 1757 1428 1453
f 1757 1453 1721
f 1721 1453 1452
f 1721 1722 1758
f 1755 1756 1758
f 1758 1756 1757
f 1758 1757 1721
f 1752 1753 1758
f 1758 1753 1754
f 1758 1754 1755
f 1749 1750 1758
f 1758 1750 1751
f 1758 1751 1752
f 1746 1747 1758
f 1758 1747 1748
f 1758 1748 1749
f 1743 1744 1758
f 1758 1744 1745
f 1758 1745 1746
f 1740 1741 1758
f 1758 1741 1742
f 1758 1742 1743
f 1737 1738 1758
f 1758 1738 1739
f 1758 1739 1740
f 1734 1735 1758
f 1758 1735 1736
f 1758 1736 1737
f 1731 1732 1758
f 1758 1732 1733
f 1758 1733 1734
f 1728 1729 1758
f 1758 1729 1730
f 1758 1730 1731
f 1725 1726 1758
f 1758 1726 1727
f 1758 1727 1728
f 1722 1723 1758
f 1758 1723 1724
f 1758 1724 1725
f 1759 1760 1761
f 1761 1760 1762
f 1761 1762 1763
f 1763 1762 1764
f 1763 1764 1765
f 1765 1764 1766
f 1765 1766 1767
f 1767 1766 1768
f 1767 1768 1769
f 1769 1768 1770
f 1769 1770 1771
f 1771 1770 1772
f 1771 1772 1773
f 1773 1772 1774
f 1773 1774 1775
f 1775 1774 1776
f 1775 1776 1777
f 1777 1776 1778
f 1777 1778 1779
f 1779 1778 1780
f 1779 1780 1781
f 1781 1780 1782
f 1781 1782 1783
f 1783 1782 1784
f 1783 1784 1785
f 1785 1784 1786
f 1785 1786 1787
f 1787 1786 1788
f 1787 1788 1789
f 1789 1788 1790
f 1789 1790 1791
f 1791 1790 1792
f 1791 1792 1793
f 1793 1792 1794
f 1793 1794 1795
f 1795 1794 1796
f 1795 1796 1797
f 1797 1796 1798
f 1797 1798 1799
f 1799 1798 1800
f 1799 1800 1801
f 1801 1800 1802
f 1801 1802 1803
f 1803 1802 1804
f 1803 1804 1805
f 1805 1804 1806
f 1805 1806 1807
f 1807 1806 1808
f 1807 1808 1809
f 1809 1808 1810
f 1809 1810 1811
f 1811 1810 1812
f 1811 1812 1813
f 1813 1812 1814
f 1813 1814 1815
f 1815 1814 1816
f 1815 1816 1817
f 1817 1816 1818
f 1817 1818 1819
f 1819 1818 1820
f 1819 1820 1821
f 1821 1820 1822
f 1821 1822 1823
f 1823 1822 1824
f 1823 1824 1825
f 1825 1824 1826
f 1825 1826 1827
f 1827 1826 1828
f 1827 1828 1829
f 1829 1828 1830
f 1829 1830 1831
f 1831 1830 1832
f 1831 1832 1833
f 1833 1832 1834
f 1833 1834 1759
f 1759 1834 1760
f 1796 1794 1758
f 1796 1758 1798
f 1804 1802 1758
f 1758 1802 1800
f 1758 1800 1798
f 1810 1808 1758
f 1758 1808 1806
f 1758 1806 1804
f 1816 1814 1758
f 1758 1814 1812
f 1758 1812 1810
f 1822 1820 1758
f 1758 1820 1818
f 1758 1818 1816
f 1828 1826 1758
f 1758 1826 1824
f 1758 1824 1822
f 1834 1832 1758
f 1758 1832 1830
f 1758 1830 1828
f 1764 1762 1758
f 1758 1762 1760
f 1758 1760 1834
f 1770 1768 1758
f 1758 1768 1766
f 1758 1766 1764
f 1776 1774 1758
f 1758 1774 1772
f 1758 1772 1770
f 1782 1780 1758
f 1758 1780 1778
f 1758 1778 1776
f 1788 1786 1758
f 1758 1786 1784
f 1758 1784 1782
f 1794 1792 1758
f 1758 1792 1790
f 1758 1790 1788
f 1797 1799 970
f 1797 970 1795
f 1789 1791 970
f 970 1791 1793
f 970 1793 1795
f 1783 1785 970
f 970 1785 1787
f 970 1787 1789
f 1777 1779 970
f 970 1779 1781
f 970 1781 1783
f 1771 1773 970
f 970 1773 1775
f 970 1775 1777
f 1765 1767 970
f 970 1767 1769
f 970 1769 1771
f 1759 1761 970
f 970 1761 1763
f 970 1763 1765
f 1829 1831 970
f 970 1831 1833
f 970 1833 1759
f 1823 1825 970
f 970 1825 1827
f 970 1827 1829
f 1817 1819 970
f 970 1819 1821
f 970 1821 1823
f 1811 1813 970
f 970 1813 1815
f 970 1815 1817
f 1805 1807 970
f 970 1807 1809
f 970 1809 1811
f 1799 1801 970
f 970 1801 1803
f 970 1803 1805
f 97 1835 1836
f 1836 1835 1837
f 1836 1837 1838
f 1838 1837 1839
f 1838 1839 1840
f 1840 1839 1841
f 1840 1841 1842
f 1842 1841 1843
f 1842 1843 1844
f 1844 1843 1845
f 1844 1845 1846
f 1846 1845 1847
f 1846 1847 1848
f 1848 1847 1849
f 1848 1849 1850
f 1850 1849 1851
f 1850 1851 1852
f 1852 1851 1853
f 1852 1853 1854
f 1854 1853 1855
f 1854 1855 1856
f 1856 1855 1857
f 1856 1857 1858
f 1858 1857 1859
f 1858 1859 1860
f 1860 1859 1861
f 1860 1861 1862
f 1862 1861 1863
f 1862 1863 1864
f 1864 1863 1865
f 1864 1865 1866
f 1866 1865 1867
f 1866 1867 1868
f 1868 1867 1869
f 1868 1869 1870
f 1870 1869 1871
f 1870 1871 128
f 128 1871 1872
f 128 1872 1873
f 1873 1872 1874
f 1873 1874 1875
f 1875 1874 1876
f 1875 1876 1877
f 1877 1876 1878
f 1877 1878 1879
f 1879 1878 1880
f 1879 1880 1881
f 1881 1880 1882
f 1881 1882 1883
f 1883 1882 1884
f 1883 1884 1885
f 1885 1884 1886
f 1885 1886 1887
f 1887 1886 1888
f 1887 1888 1889
f 1889 1888 1890
f 1889 1890 1891
f 1891 1890 1892
f 1891 1892 1893
f 1893 1892 1894
f 1893 1894 1895
f 1895 1894 1896
f 1895 1896 1897
f 1897 1896 1898
f 1897 1898 1899
f 1899 1898 1900
f 1899 1900 1901
f 1901 1900 1902
f 1901 1902 1903
f 1903 1902 1904
f 1903 1904 1905
f 1905 1904 1906
f 1905 1906 1907
f 1907 1906 1908
f 1907 1908 97
f 97 1908 1835
f 1871 1869 360
f 1871 360 1872
f 1878 1876 360
f 360 1876 1874
f 360 1874 1872
f 1884 1882 360
f 360 1882 1880
f 360 1880 1878
f 1890 1888 360
f 360 1888 1886
f 360 1886 1884
f 1896 1894 360
f 360 1894 1892
f 360 1892 1890
f 1902 1900 360
f 360 1900 1898
f 360 1898 1896
f 1908 1906 360
f 360 1906 1904
f 360 1904 1902
f 1839 1837 360
f 360 1837 1835
f 360 1835 1908
f 1845 1843 360
f 360 1843 1841
f 360 1841 1839
f 1851 1849 360
f 360 1849 1847
f 360 1847 1845
f 1857 1855 360
f 360 1855 1853
f 360 1853 1851
f 1863 1861 360
f 360 1861 1859
f 360 1859 1857
f 1869 1867 360
f 360 1867 1865
f 360 1865 1863
f 128 1873 1909
f 128 1909 1870
f 1864 1866 1909
f 1909 1866 1868
f 1909 1868 1870
f 1858 1860 1909
f 1909 1860 1862
f 1909 1862 1864
f 1852 1854 1909
f 1909 1854 1856
f 1909 1856 1858
f 1846 1848 1909
f 1909 1848 1850
f 1909 1850 1852
f 1840 1842 1909
f 1909 1842 1844
f 1909 1844 1846
f 97 1836 1909
f 1909 1836 1838
f 1909 1838 1840
f 1903 1905 1909
f 1909 1905 1907
f 1909 1907 97
f 1897 1899 1909
f 1909 1899 1901
f 1909 1901 1903
f 1891 1893 1909
f 1909 1893 1895
f 1909 1895 1897
f 1885 1887 1909
f 1909 1887 1889
f 1909 1889 1891
f 1879 1881 1909
f 1909 1881 1883
f 1909 1883 1885
f 1873 1875 1909
f 1909 1875 1877
f 1909 1877 1879
f 1910 1911 1912
f 1912 1911 1913
f 1912 1913 1914
f 1915 1916 1917
f 1917 1916 1918
f 1917 1918 1919
f 1920 1921 1919
f 1919 1921 1910
f 1919 1910 1917
f 1917 1910 1912
f 1922 1923 1924
f 1924 1923 1925
f 1924 1925 1926
f 1927 1928 1929
f 1929 1922 1927
f 1927 1922 1924
f 1927 1924 1930
f 1930 1924 1931
f 1930 1931 1932
f 1932 1931 1933
f 1934 1935 1936
f 1936 1935 1937
f 1938 1939 1940
f 1940 1939 1941
f 1938 1940 1942
f 1942 1940 1943
f 1942 1943 1944
f 1935 1945 1937
f 1937 1945 1946
f 1937 1946 1947
f 1947 1946 1948
f 1947 1948 1949
f 1949 1948 1950
f 1949 1950 1951
f 1951 1950 1941
f 1951 1941 1952
f 1952 1941 1939
f 1944 1943 1953
f 1953 1943 1954
f 1953 1954 1955
f 1955 1954 1956
f 1956 1954 1957
f 1956 1957 1958
f 1958 1957 1959
f 1959 1957 1960
f 1959 1960 1936
f 1936 1960 1961
f 1936 1961 1934
f 1937 1947 1911
f 1911 1947 1913
f 1930 1932 1936
f 1936 1932 1959
f 1962 1963 1964
f 1964 1963 1965
f 1962 1964 1966
f 1966 1964 1967
f 1966 1967 1968
f 1963 1969 1965
f 1965 1969 1970
f 1965 1970 1971
f 1968 1967 1972
f 1972 1967 1973
f 1972 1973 1974
f 1974 1973 1975
f 1974 1975 1976
f 1976 1975 1977
f 1976 1977 1978
f 1970 1979 1971
f 1971 1979 1980
f 1971 1980 1981
f 1977 1982 1978
f 1978 1982 1983
f 1978 1983 1984
f 1980 1985 1981
f 1981 1985 1986
f 1981 1986 1987
f 1987 1986 1984
f 1987 1984 1988
f 1988 1984 1983
f 1978 1984 1923
f 1923 1984 1925
f 1918 1916 1976
f 1976 1916 1974
f 1989 1990 1991
f 1991 1990 1992
f 1993 1994 1995
f 1995 1994 1996
f 1916 1915 1997
f 1916 1997 1998
f 1998 1997 1999
f 1998 1999 2000
f 2000 1999 2001
f 2000 2001 2002
f 2002 2001 2003
f 2002 2003 2004
f 2004 2003 2005
f 2004 2005 2006
f 2006 2005 2007
f 2006 2007 2008
f 2008 2007 2009
f 2008 2009 2010
f 2010 2009 2011
f 2010 2011 2012
f 2012 2011 2013
f 2012 2013 2014
f 2014 2013 2015
f 2014 2015 2016
f 2016 2015 2017
f 2016 2017 2018
f 2018 2017 1926
f 2018 1926 1925
f 2019 2020 2021
f 2021 2020 2022
f 2021 2022 2023
f 2023 2022 2024
f 2023 2024 2025
f 2025 2024 1928
f 2025 1928 2026
f 2026 1928 1927
f 2026 1927 2027
f 2028 2029 2030
f 2030 2029 2031
f 2030 2031 2019
f 2019 2031 2032
f 2019 2032 2020
f 2033 2034 2035
f 2035 2034 1921
f 1921 2034 2036
f 1921 2036 1910
f 1910 2036 2037
f 1910 2037 2038
f 2035 2039 2033
f 2033 2039 2040
f 2033 2040 2041
f 2041 2040 2042
f 2041 2042 2028
f 2028 2042 2043
f 2028 2043 2029
f 2038 2044 1910
f 1910 2044 2045
f 1910 2045 1927
f 1927 2045 2046
f 1927 2046 2027
f 1929 1928 2024
f 1929 2024 2047
f 2047 2024 2022
f 2047 2022 2048
f 2048 2022 2020
f 2048 2020 2049
f 2049 2020 2032
f 2049 2032 2050
f 2050 2032 2031
f 2050 2031 2051
f 2051 2031 2029
f 2051 2029 2052
f 2052 2029 2043
f 2052 2043 2053
f 2053 2043 2042
f 2053 2042 2054
f 2054 2042 2040
f 2054 2040 2055
f 2055 2040 2039
f 2055 2039 2056
f 2056 2039 2035
f 2056 2035 2057
f 2057 2035 1921
f 2057 1921 1920
f 1914 1913 2058
f 1914 2058 2059
f 2059 2058 2060
f 2059 2060 2061
f 2061 2060 2062
f 2061 2062 2063
f 2063 2062 2064
f 2063 2064 2065
f 2065 2064 2066
f 2065 2066 2067
f 2067 2066 2068
f 2067 2068 2069
f 2069 2068 2070
f 2069 2070 2071
f 2071 2070 2072
f 2071 2072 2073
f 2073 2072 2074
f 2073 2074 2075
f 2075 2074 2076
f 2075 2076 2077
f 2077 2076 2078
f 2077 2078 2079
f 2079 2078 1932
f 2079 1932 1933
f 2080 2081 1919
f 1919 2081 2082
f 1919 2082 1920
f 1920 2082 2083
f 1920 2083 2057
f 2057 2083 2084
f 2057 2084 2056
f 2056 2084 2085
f 2056 2085 2055
f 2055 2085 2086
f 2087 2088 1922
f 1922 2088 2089
f 1922 2089 1919
f 1919 2089 2090
f 1919 2090 2080
f 2091 2052 2092
f 2092 2052 2053
f 2092 2053 2086
f 2086 2053 2054
f 2086 2054 2055
f 2087 1922 2093
f 2093 1922 1929
f 2093 1929 2094
f 2094 1929 2047
f 2094 2047 2095
f 2047 2048 2095
f 2095 2048 2049
f 2095 2049 2096
f 2096 2049 2050
f 2096 2050 2091
f 2091 2050 2051
f 2091 2051 2052
f 2045 2090 2046
f 2046 2090 2089
f 2046 2089 2027
f 2027 2089 2088
f 2027 2088 2026
f 2026 2088 2087
f 2026 2087 2025
f 2025 2087 2093
f 2025 2093 2023
f 2023 2093 2094
f 2023 2094 2021
f 2021 2094 2095
f 2021 2095 2019
f 2019 2095 2096
f 2019 2096 2030
f 2030 2096 2091
f 2030 2091 2028
f 2028 2091 2092
f 2028 2092 2041
f 2041 2092 2086
f 2041 2086 2033
f 2033 2086 2085
f 2033 2085 2034
f 2034 2085 2084
f 2034 2084 2036
f 2036 2084 2083
f 2036 2083 2037
f 2037 2083 2082
f 2037 2082 2038
f 2038 2082 2081
f 2038 2081 2044
f 2044 2081 2080
f 2044 2080 2045
f 2045 2080 2090
f 1915 1917 1991
f 2011 2009 2097
f 2097 2009 2098
f 2099 2100 1993
f 1993 2100 2101
f 2102 2103 2104
f 2011 2097 2013
f 2013 2097 2105
f 2013 2105 2015
f 2015 2105 2017
f 2017 2105 2099
f 2017 2099 1926
f 1926 2099 1993
f 1926 1993 1924
f 2106 1997 2107
f 2107 1997 1915
f 2107 1915 2108
f 2108 1915 1991
f 2108 1991 2104
f 2104 1991 1992
f 2104 1992 2102
f 2109 2001 2106
f 2106 2001 1999
f 2106 1999 1997
f 2009 2007 2098
f 2098 2007 2005
f 2098 2005 2109
f 2109 2005 2003
f 2109 2003 2001
f 2102 2110 2103
f 2103 2110 2111
f 2103 2111 2101
f 2101 2111 1994
f 2101 1994 1993
f 1989 1912 1914
f 1933 1931 1995
f 2069 2112 2113
f 2069 2071 2112
f 2112 2071 2073
f 2112 2073 2114
f 2115 2065 2113
f 2113 2065 2067
f 2113 2067 2069
f 2116 2061 2115
f 2115 2061 2063
f 2115 2063 2065
f 2117 2118 2119
f 2119 2118 1990
f 2119 1990 2120
f 2120 1990 1989
f 2120 1989 2121
f 2121 1989 1914
f 2121 1914 2116
f 2116 1914 2059
f 2116 2059 2061
f 2122 2123 2117
f 2117 2123 2124
f 2117 2124 2118
f 2073 2075 2114
f 2114 2075 2077
f 2114 2077 2125
f 2125 2077 2079
f 2125 2079 2126
f 2126 2079 1933
f 2126 1933 2127
f 2127 1933 1995
f 2127 1995 2122
f 2122 1995 1996
f 2122 1996 2123
f 1996 1994 2123
f 2123 1994 2111
f 2123 2111 2124
f 2124 2111 2110
f 2124 2110 2118
f 2118 2110 2102
f 2118 2102 1990
f 1990 2102 1992
f 1974 1916 1998
f 1974 1998 1972
f 1972 1998 2000
f 1972 2000 1968
f 1968 2000 2002
f 1968 2002 1966
f 1966 2002 2004
f 1966 2004 1962
f 1962 2004 2006
f 1962 2006 1963
f 1963 2006 2008
f 1963 2008 1969
f 1969 2008 2010
f 1969 2010 1970
f 1970 2010 2012
f 1970 2012 1979
f 1979 2012 2014
f 1979 2014 1980
f 1980 2014 2016
f 1980 2016 1985
f 1985 2016 2018
f 1985 2018 1986
f 1986 2018 1925
f 1986 1925 1984
f 1959 1932 2078
f 1959 2078 1958
f 1958 2078 2076
f 1958 2076 1956
f 1956 2076 2074
f 1956 2074 1955
f 1955 2074 2072
f 1955 2072 1953
f 1953 2072 2070
f 1953 2070 1944
f 1944 2070 2068
f 1944 2068 1942
f 1942 2068 2066
f 1942 2066 1938
f 1938 2066 2064
f 1938 2064 1939
f 1939 2064 2062
f 1939 2062 1952
f 1952 2062 2060
f 1952 2060 1951
f 1951 2060 2058
f 1951 2058 1949
f 1949 2058 1913
f 1949 1913 1947
f 1991 1917 1989
f 1989 1917 1912
f 1924 1993 1931
f 1931 1993 1995
f 1978 1923 1922
f 1976 1978 1918
f 1918 1978 1922
f 1918 1922 1919
f 1911 1910 1937
f 1937 1910 1927
f 1937 1927 1936
f 1936 1927 1930
f 2098 2128 2097
f 2097 2128 2129
f 2097 2129 2105
f 2105 2129 2130
f 2105 2130 2099
f 2099 2130 2131
f 2099 2131 2100
f 2100 2131 2132
f 2100 2132 2101
f 2101 2132 2133
f 2101 2133 2103
f 2103 2133 2134
f 2103 2134 2104
f 2104 2134 2135
f 2104 2135 2108
f 2108 2135 2136
f 2108 2136 2107
f 2107 2136 2137
f 2107 2137 2106
f 2106 2137 2138
f 2106 2138 2109
f 2109 2138 2139
f 2109 2139 2098
f 2098 2139 2128
f 2129 1971 2130
f 2130 1971 1981
f 2130 1981 2131
f 2131 1981 1987
f 2131 1987 2132
f 2132 1987 1988
f 2132 1988 2133
f 2133 1988 1983
f 2133 1983 2134
f 2134 1983 1982
f 2134 1982 2135
f 2135 1982 1977
f 2135 1977 2136
f 2136 1977 1975
f 2136 1975 2137
f 2137 1975 1973
f 2137 1973 2138
f 2138 1973 1967
f 2138 1967 2139
f 2139 1967 1964
f 2139 1964 2128
f 2128 1964 1965
f 2128 1965 2129
f 2129 1965 1971
f 2117 1935 2122
f 2122 1935 1934
f 2122 1934 2127
f 2127 1934 1961
f 2127 1961 2126
f 2126 1961 1960
f 2126 1960 2125
f 2125 1960 1957
f 2125 1957 2114
f 2114 1957 1954
f 2114 1954 2112
f 2112 1954 1943
f 2112 1943 2113
f 2113 1943 1940
f 2113 1940 2115
f 2115 1940 1941
f 2115 1941 2116
f 2116 1941 1950
f 2116 1950 2121
f 2121 1950 1948
f 2121 1948 2120
f 2120 1948 1946
f 2120 1946 2119
f 2119 1946 1945
f 2119 1945 2117
f 2117 1945 1935
f 2140 2141 2142
f 2142 2141 2143
f 2142 2143 2144
f 2144 2143 2145
f 2144 2145 2146
f 2146 2145 2147
f 2146 2147 2148
f 2148 2147 2149
f 2148 2149 2150
f 2150 2149 2151
f 2150 2151 2152
f 2152 2151 2153
f 2152 2153 2154
f 2154 2153 2155
f 2154 2155 2156
f 2156 2155 2157
f 2156 2157 2158
f 2158 2157 2159
f 2158 2159 2160
f 2160 2159 2161
f 2160 2161 2162
f 2162 2161 2163
f 2162 2163 2164
f 2164 2163 2165
f 2164 2165 2166
f 2166 2165 2167
f 2166 2167 2168
f 2168 2167 2169
f 2168 2169 2170
f 2170 2169 2171
f 2170 2171 2172
f 2172 2171 2173
f 2172 2173 2174
f 2174 2173 2175
f 2174 2175 2176
f 2176 2175 2177
f 2176 2177 2178
f 2178 2177 2179
f 2178 2179 2180
f 2180 2179 2181
f 2180 2181 2182
f 2182 2181 2183
f 2182 2183 2184
f 2184 2183 2185
f 2184 2185 2186
f 2186 2185 2187
f 2186 2187 2188
f 2188 2187 2189
f 2188 2189 2190
f 2190 2189 2191
f 2190 2191 2140
f 2140 2191 2141
f 2192 2193 2194
f 2194 2193 2195
f 2194 2195 2196
f 2196 2195 2197
f 2196 2197 2198
f 2198 2197 2199
f 2198 2199 2200
f 2200 2199 2201
f 2200 2201 2202
f 2202 2201 2203
f 2202 2203 2204
f 2204 2203 2205
f 2204 2205 2206
f 2206 2205 2207
f 2206 2207 2208
f 2208 2207 2209
f 2208 2209 2210
f 2210 2209 2211
f 2210 2211 2212
f 2212 2211 2213
f 2212 2213 2214
f 2214 2213 2215
f 2214 2215 2216
f 2216 2215 2217
f 2216 2217 2218
f 2218 2217 2219
f 2218 2219 2220
f 2220 2219 2221
f 2220 2221 2222
f 2222 2221 2223
f 2222 2223 2224
f 2224 2223 2225
f 2224 2225 2226
f 2226 2225 2227
f 2226 2227 2228
f 2228 2227 2229
f 2228 2229 2230
f 2230 2229 2231
f 2230 2231 2232
f 2232 2231 2233
f 2232 2233 2234
f 2234 2233 2235
f 2234 2235 2236
f 2236 2235 2237
f 2236 2237 2238
f 2238 2237 2239
f 2238 2239 2240
f 2240 2239 2241
f 2240 2241 2242
f 2242 2241 2243
f 2242 2243 2192
f 2192 2243 2193
f 2244 2245 2195
f 2195 2245 2246
f 2247 2248 2249
f 2250 2251 2252
f 2252 2251 2249
f 2252 2249 2253
f 2253 2249 2248
f 2253 2248 2254
f 2195 2193 2244
f 2244 2193 2243
f 2244 2243 2255
f 2255 2243 2241
f 2255 2241 2256
f 2256 2241 2239
f 2256 2239 2257
f 2257 2239 2237
f 2257 2237 2258
f 2258 2237 2235
f 2258 2235 2259
f 2259 2235 2233
f 2259 2233 2260
f 2260 2233 2231
f 2260 2231 2261
f 2261 2231 2229
f 2261 2229 2262
f 2262 2229 2227
f 2262 2227 2263
f 2264 2265 2266
f 2266 2265 2267
f 2268 2269 2225
f 2270 2225 2271
f 2271 2225 2269
f 2271 2269 2272
f 2263 2227 2273
f 2273 2227 2225
f 2273 2225 2274
f 2274 2225 2270
f 2274 2270 2275
f 2270 2276 2275
f 2275 2276 2277
f 2275 2277 2278
f 2278 2277 2279
f 2278 2279 2280
f 2280 2279 2281
f 2280 2281 2282
f 2282 2281 2283
f 2282 2283 2284
f 2284 2283 2285
f 2284 2285 2286
f 2286 2285 2287
f 2286 2287 2288
f 2288 2287 2289
f 2288 2289 2290
f 2290 2289 2291
f 2290 2291 2292
f 2292 2291 2293
f 2292 2293 2294
f 2294 2293 2246
f 2295 2296 2221
f 2221 2296 2297
f 2298 2299 2300
f 2301 2302 2303
f 2303 2302 2300
f 2303 2300 2304
f 2304 2300 2299
f 2304 2299 2305
f 2221 2219 2295
f 2295 2219 2217
f 2295 2217 2306
f 2306 2217 2215
f 2306 2215 2307
f 2307 2215 2213
f 2307 2213 2308
f 2308 2213 2211
f 2308 2211 2309
f 2309 2211 2209
f 2309 2209 2310
f 2310 2209 2207
f 2310 2207 2311
f 2311 2207 2205
f 2311 2205 2312
f 2312 2205 2203
f 2312 2203 2313
f 2313 2203 2201
f 2313 2201 2314
f 2315 2316 2317
f 2317 2316 2318
f 2319 2320 2199
f 2321 2199 2322
f 2322 2199 2320
f 2322 2320 2323
f 2314 2201 2324
f 2324 2201 2199
f 2324 2199 2325
f 2325 2199 2321
f 2325 2321 2326
f 2321 2327 2326
f 2326 2327 2328
f 2326 2328 2329
f 2329 2328 2330
f 2329 2330 2331
f 2331 2330 2332
f 2331 2332 2333
f 2333 2332 2334
f 2333 2334 2335
f 2335 2334 2336
f 2335 2336 2337
f 2337 2336 2338
f 2337 2338 2339
f 2339 2338 2340
f 2339 2340 2341
f 2341 2340 2342
f 2341 2342 2343
f 2343 2342 2344
f 2343 2344 2345
f 2345 2344 2297
f 2346 2347 2249
f 2249 2347 2348
f 2349 2350 2351
f 2351 2350 2249
f 2351 2249 2352
f 2353 2352 2354
f 2354 2352 2249
f 2354 2249 2355
f 2355 2249 2348
f 2355 2348 2356
f 2175 2173 2357
f 2358 2359 2360
f 2360 2359 2361
f 2360 2361 2362
f 2362 2361 2363
f 2362 2363 2364
f 2364 2363 2365
f 2364 2365 2366
f 2366 2365 2367
f 2366 2367 2368
f 2368 2367 2369
f 2368 2369 2370
f 2370 2369 2371
f 2370 2371 2372
f 2372 2371 2373
f 2372 2373 2374
f 2374 2373 2349
f 2374 2349 2375
f 2375 2349 2351
f 2376 2377 2143
f 2143 2377 2378
f 2379 2143 2380
f 2380 2143 2378
f 2380 2378 2358
f 2358 2378 2381
f 2358 2381 2359
f 2382 2383 2384
f 2384 2383 2266
f 2384 2266 2385
f 2143 2141 2376
f 2376 2141 2191
f 2376 2191 2386
f 2386 2191 2189
f 2386 2189 2387
f 2387 2189 2187
f 2387 2187 2388
f 2388 2187 2185
f 2388 2185 2389
f 2389 2185 2183
f 2389 2183 2390
f 2390 2183 2181
f 2390 2181 2391
f 2391 2181 2179
f 2391 2179 2392
f 2392 2179 2177
f 2392 2177 2393
f 2393 2177 2175
f 2393 2175 2394
f 2394 2175 2357
f 2379 2395 2396
f 2396 2395 2397
f 2396 2397 2398
f 2398 2397 2399
f 2398 2399 2400
f 2400 2399 2401
f 2400 2401 2402
f 2402 2401 2403
f 2402 2403 2404
f 2404 2403 2405
f 2404 2405 2406
f 2406 2405 2407
f 2406 2407 2408
f 2408 2407 2409
f 2408 2409 2410
f 2410 2409 2411
f 2410 2411 2412
f 2412 2411 2353
f 2412 2353 2413
f 2413 2353 2354
f 2384 2414 2382
f 2382 2414 2415
f 2382 2415 2416
f 2416 2415 2417
f 2416 2417 2418
f 2418 2417 2419
f 2418 2419 2420
f 2420 2419 2421
f 2420 2421 2422
f 2422 2421 2423
f 2422 2423 2424
f 2424 2423 2425
f 2424 2425 2426
f 2426 2425 2427
f 2426 2427 2428
f 2428 2427 2429
f 2428 2429 2430
f 2430 2429 2356
f 2430 2356 2431
f 2431 2356 2348
f 2432 2433 2434
f 2434 2433 2435
f 2434 2435 2436
f 2436 2435 2437
f 2436 2437 2438
f 2438 2437 2439
f 2438 2439 2440
f 2440 2439 2441
f 2440 2441 2442
f 2442 2441 2443
f 2442 2443 2444
f 2444 2443 2445
f 2444 2445 2446
f 2446 2445 2447
f 2446 2447 2448
f 2448 2447 2449
f 2448 2449 2450
f 2450 2449 2346
f 2450 2346 2451
f 2451 2346 2249
f 2451 2249 2452
f 2452 2249 2251
f 2267 2453 2454
f 2454 2453 2455
f 2454 2455 2456
f 2456 2455 2457
f 2456 2457 2458
f 2458 2457 2459
f 2458 2459 2460
f 2460 2459 2461
f 2460 2461 2462
f 2462 2461 2463
f 2462 2463 2464
f 2464 2463 2465
f 2464 2465 2466
f 2466 2465 2467
f 2466 2467 2468
f 2468 2467 2469
f 2468 2469 2470
f 2470 2469 2250
f 2470 2250 2471
f 2471 2250 2252
f 2383 2432 2266
f 2266 2432 2434
f 2266 2434 2264
f 2264 2434 2436
f 2264 2436 2472
f 2472 2436 2438
f 2472 2438 2473
f 2473 2438 2440
f 2473 2440 2474
f 2474 2440 2442
f 2474 2442 2475
f 2475 2442 2444
f 2475 2444 2476
f 2476 2444 2446
f 2476 2446 2477
f 2477 2446 2448
f 2477 2448 2478
f 2478 2448 2450
f 2478 2450 2479
f 2479 2450 2451
f 2479 2451 2480
f 2480 2451 2452
f 2269 2481 2272
f 2272 2481 2482
f 2272 2482 2483
f 2483 2482 2484
f 2483 2484 2485
f 2485 2484 2486
f 2485 2486 2487
f 2487 2486 2488
f 2487 2488 2489
f 2489 2488 2490
f 2489 2490 2491
f 2491 2490 2492
f 2491 2492 2493
f 2493 2492 2494
f 2493 2494 2495
f 2495 2494 2496
f 2495 2496 2497
f 2497 2496 2254
f 2497 2254 2498
f 2498 2254 2248
f 2320 2499 2323
f 2323 2499 2500
f 2323 2500 2501
f 2501 2500 2502
f 2501 2502 2503
f 2503 2502 2504
f 2503 2504 2505
f 2505 2504 2506
f 2505 2506 2507
f 2507 2506 2508
f 2507 2508 2509
f 2509 2508 2510
f 2509 2510 2511
f 2511 2510 2512
f 2511 2512 2513
f 2513 2512 2514
f 2513 2514 2515
f 2515 2514 2305
f 2515 2305 2516
f 2516 2305 2299
f 2318 2517 2518
f 2518 2517 2519
f 2518 2519 2520
f 2520 2519 2521
f 2520 2521 2522
f 2522 2521 2523
f 2522 2523 2524
f 2524 2523 2525
f 2524 2525 2526
f 2526 2525 2527
f 2526 2527 2528
f 2528 2527 2529
f 2528 2529 2530
f 2530 2529 2531
f 2530 2531 2532
f 2532 2531 2533
f 2532 2533 2534
f 2534 2533 2301
f 2534 2301 2535
f 2535 2301 2303
f 2536 2537 2300
f 2300 2537 2538
f 2539 2540 2147
f 2541 2147 2542
f 2542 2147 2540
f 2542 2540 2543
f 2544 2545 2541
f 2541 2545 2147
f 2147 2545 2546
f 2147 2546 2149
f 2547 2548 2549
f 2549 2548 2550
f 2549 2550 2551
f 2551 2550 2552
f 2551 2552 2553
f 2553 2552 2554
f 2553 2554 2555
f 2555 2554 2556
f 2555 2556 2557
f 2557 2556 2558
f 2557 2558 2559
f 2559 2558 2560
f 2559 2560 2561
f 2561 2560 2562
f 2561 2562 2563
f 2563 2562 2564
f 2563 2564 2565
f 2565 2564 2536
f 2565 2536 2566
f 2566 2536 2300
f 2566 2300 2567
f 2567 2300 2302
f 2568 2569 2169
f 2169 2569 2570
f 2571 2572 2317
f 2573 2574 2575
f 2575 2574 2317
f 2575 2317 2576
f 2576 2317 2572
f 2576 2572 2577
f 2574 2547 2317
f 2317 2547 2549
f 2317 2549 2315
f 2315 2549 2551
f 2315 2551 2578
f 2578 2551 2553
f 2578 2553 2579
f 2579 2553 2555
f 2579 2555 2580
f 2580 2555 2557
f 2580 2557 2581
f 2581 2557 2559
f 2581 2559 2582
f 2582 2559 2561
f 2582 2561 2583
f 2583 2561 2563
f 2583 2563 2584
f 2584 2563 2565
f 2584 2565 2585
f 2585 2565 2566
f 2585 2566 2586
f 2586 2566 2567
f 2575 2587 2573
f 2573 2587 2588
f 2573 2588 2589
f 2589 2588 2590
f 2589 2590 2591
f 2591 2590 2592
f 2591 2592 2593
f 2593 2592 2594
f 2593 2594 2595
f 2595 2594 2596
f 2595 2596 2597
f 2597 2596 2598
f 2597 2598 2599
f 2599 2598 2600
f 2599 2600 2601
f 2601 2600 2602
f 2601 2602 2603
f 2603 2602 2604
f 2603 2604 2605
f 2605 2604 2538
f 2572 2606 2577
f 2577 2606 2607
f 2577 2607 2608
f 2608 2607 2609
f 2608 2609 2610
f 2610 2609 2611
f 2610 2611 2612
f 2612 2611 2613
f 2612 2613 2614
f 2614 2613 2615
f 2614 2615 2616
f 2616 2615 2617
f 2616 2617 2618
f 2618 2617 2619
f 2618 2619 2620
f 2620 2619 2621
f 2620 2621 2622
f 2622 2621 2543
f 2622 2543 2623
f 2623 2543 2540
f 2570 2624 2625
f 2625 2624 2626
f 2625 2626 2627
f 2627 2626 2628
f 2627 2628 2629
f 2629 2628 2630
f 2629 2630 2631
f 2631 2630 2632
f 2631 2632 2633
f 2633 2632 2634
f 2633 2634 2635
f 2635 2634 2636
f 2635 2636 2637
f 2637 2636 2638
f 2637 2638 2639
f 2639 2638 2640
f 2639 2640 2641
f 2641 2640 2544
f 2641 2544 2642
f 2642 2544 2541
f 2169 2167 2568
f 2568 2167 2165
f 2568 2165 2643
f 2643 2165 2163
f 2643 2163 2644
f 2644 2163 2161
f 2644 2161 2645
f 2645 2161 2159
f 2645 2159 2646
f 2646 2159 2157
f 2646 2157 2647
f 2647 2157 2155
f 2647 2155 2648
f 2648 2155 2153
f 2648 2153 2649
f 2649 2153 2151
f 2649 2151 2650
f 2650 2151 2149
f 2650 2149 2651
f 2651 2149 2546
f 2293 2247 2246
f 2246 2247 2249
f 2246 2249 2195
f 2195 2249 2652
f 2195 2652 2197
f 2197 2652 2317
f 2197 2317 2199
f 2199 2317 2318
f 2199 2318 2319
f 2319 2318 2518
f 2625 2571 2570
f 2570 2571 2317
f 2570 2317 2169
f 2169 2317 2652
f 2169 2652 2171
f 2171 2652 2249
f 2171 2249 2173
f 2173 2249 2350
f 2173 2350 2357
f 2344 2298 2297
f 2297 2298 2300
f 2297 2300 2221
f 2221 2300 2653
f 2221 2653 2223
f 2223 2653 2266
f 2223 2266 2225
f 2225 2266 2267
f 2225 2267 2268
f 2268 2267 2454
f 2604 2539 2538
f 2538 2539 2147
f 2538 2147 2300
f 2300 2147 2145
f 2300 2145 2653
f 2653 2145 2143
f 2653 2143 2266
f 2266 2143 2379
f 2266 2379 2385
f 2385 2379 2396
f 2654 2224 2655
f 2655 2224 2226
f 2655 2226 2656
f 2656 2226 2228
f 2656 2228 2657
f 2657 2228 2230
f 2657 2230 2658
f 2658 2230 2232
f 2658 2232 2659
f 2659 2232 2234
f 2659 2234 2660
f 2660 2234 2236
f 2660 2236 2661
f 2661 2236 2238
f 2661 2238 2662
f 2662 2238 2240
f 2662 2240 2663
f 2663 2240 2242
f 2663 2242 2664
f 2664 2242 2192
f 2664 2192 2665
f 2665 2192 2194
f 2665 2194 2666
f 2667 2668 2669
f 2669 2668 2670
f 2669 2670 2671
f 2671 2670 2672
f 2671 2672 2673
f 2673 2672 2674
f 2673 2674 2675
f 2675 2674 2676
f 2675 2676 2677
f 2677 2676 2678
f 2677 2678 2679
f 2679 2678 2680
f 2679 2680 2681
f 2681 2680 2682
f 2681 2682 2683
f 2683 2682 2684
f 2683 2684 2685
f 2685 2684 2686
f 2685 2686 2687
f 2687 2686 2688
f 2687 2688 2689
f 2689 2688 2690
f 2689 2690 2691
f 2692 2693 2220
f 2694 2695 2696
f 2696 2695 2697
f 2696 2697 2698
f 2698 2697 2699
f 2698 2699 2700
f 2700 2699 2701
f 2700 2701 2702
f 2702 2701 2703
f 2702 2703 2704
f 2704 2703 2705
f 2704 2705 2706
f 2706 2705 2707
f 2706 2707 2708
f 2708 2707 2709
f 2708 2709 2710
f 2710 2709 2711
f 2710 2711 2712
f 2712 2711 2713
f 2712 2713 2714
f 2714 2713 2715
f 2714 2715 2716
f 2716 2715 2717
f 2716 2717 2693
f 2693 2717 2718
f 2693 2718 2220
f 2220 2718 2719
f 2220 2719 2218
f 2218 2719 2720
f 2218 2720 2216
f 2216 2720 2721
f 2216 2721 2214
f 2214 2721 2722
f 2214 2722 2212
f 2212 2722 2723
f 2212 2723 2210
f 2210 2723 2724
f 2210 2724 2208
f 2208 2724 2725
f 2208 2725 2206
f 2206 2725 2726
f 2206 2726 2204
f 2204 2726 2727
f 2204 2727 2202
f 2202 2727 2728
f 2202 2728 2200
f 2200 2728 2729
f 2200 2729 2198
f 2198 2729 2730
f 2731 2732 2142
f 2733 2734 2172
f 2734 2733 2735
f 2735 2733 2736
f 2735 2736 2737
f 2737 2736 2738
f 2737 2738 2739
f 2739 2738 2740
f 2739 2740 2741
f 2741 2740 2742
f 2741 2742 2743
f 2743 2742 2744
f 2743 2744 2745
f 2745 2744 2746
f 2745 2746 2747
f 2747 2746 2748
f 2747 2748 2749
f 2749 2748 2750
f 2749 2750 2751
f 2751 2750 2752
f 2751 2752 2753
f 2753 2752 2754
f 2753 2754 2732
f 2732 2754 2755
f 2732 2755 2142
f 2142 2755 2756
f 2142 2756 2140
f 2140 2756 2757
f 2140 2757 2190
f 2190 2757 2758
f 2190 2758 2188
f 2188 2758 2759
f 2188 2759 2186
f 2186 2759 2760
f 2186 2760 2184
f 2184 2760 2761
f 2184 2761 2182
f 2182 2761 2762
f 2182 2762 2180
f 2180 2762 2763
f 2180 2763 2178
f 2178 2763 2764
f 2178 2764 2176
f 2176 2764 2765
f 2176 2765 2174
f 2174 2765 2766
f 2174 2766 2172
f 2172 2766 2767
f 2172 2767 2733
f 2768 2769 2770
f 2770 2769 2771
f 2770 2771 2772
f 2772 2771 2773
f 2772 2773 2774
f 2774 2773 2775
f 2774 2775 2776
f 2776 2775 2777
f 2776 2777 2778
f 2778 2777 2779
f 2778 2779 2780
f 2780 2779 2781
f 2780 2781 2782
f 2782 2781 2783
f 2782 2783 2784
f 2784 2783 2785
f 2784 2785 2786
f 2786 2785 2787
f 2786 2787 2788
f 2788 2787 2789
f 2788 2789 2790
f 2790 2789 2791
f 2790 2791 2792
f 2793 2668 2794
f 2794 2668 2795
f 2794 2795 2796
f 2796 2795 2797
f 2796 2797 2798
f 2798 2797 2799
f 2798 2799 2800
f 2800 2799 2801
f 2800 2801 2802
f 2802 2801 2803
f 2802 2803 2804
f 2804 2803 2805
f 2804 2805 2806
f 2806 2805 2807
f 2806 2807 2808
f 2808 2807 2809
f 2808 2809 2810
f 2810 2809 2811
f 2810 2811 2812
f 2812 2811 2813
f 2812 2813 2814
f 2814 2813 2769
f 2814 2769 2815
f 2815 2769 2768
f 2815 2768 2816
f 2816 2768 2817
f 2816 2817 2818
f 2818 2817 2819
f 2818 2819 2820
f 2820 2819 2821
f 2820 2821 2822
f 2822 2821 2823
f 2822 2823 2824
f 2824 2823 2825
f 2824 2825 2826
f 2826 2825 2827
f 2826 2827 2828
f 2828 2827 2829
f 2828 2829 2830
f 2830 2829 2831
f 2830 2831 2832
f 2832 2831 2833
f 2832 2833 2834
f 2834 2833 2835
f 2834 2835 2836
f 2836 2835 2837
f 2836 2837 2142
f 2142 2837 2792
f 2142 2792 2731
f 2731 2792 2791
f 2838 2194 2839
f 2839 2194 2840
f 2839 2840 2841
f 2841 2840 2842
f 2841 2842 2843
f 2843 2842 2844
f 2843 2844 2845
f 2845 2844 2846
f 2845 2846 2847
f 2847 2846 2848
f 2847 2848 2849
f 2849 2848 2850
f 2849 2850 2851
f 2851 2850 2852
f 2851 2852 2853
f 2853 2852 2854
f 2853 2854 2855
f 2855 2854 2856
f 2855 2856 2857
f 2857 2856 2858
f 2857 2858 2859
f 2859 2858 2860
f 2859 2860 2861
f 2862 2769 2863
f 2863 2769 2813
f 2863 2813 2864
f 2864 2813 2811
f 2864 2811 2865
f 2865 2811 2809
f 2865 2809 2866
f 2866 2809 2807
f 2866 2807 2867
f 2867 2807 2805
f 2867 2805 2868
f 2868 2805 2803
f 2868 2803 2869
f 2869 2803 2801
f 2869 2801 2870
f 2870 2801 2799
f 2870 2799 2871
f 2871 2799 2797
f 2871 2797 2872
f 2872 2797 2795
f 2872 2795 2873
f 2873 2795 2668
f 2873 2668 2874
f 2860 2874 2861
f 2861 2874 2668
f 2861 2668 2875
f 2875 2668 2667
f 2875 2667 2876
f 2876 2667 2877
f 2876 2877 2878
f 2878 2877 2879
f 2878 2879 2880
f 2880 2879 2881
f 2880 2881 2882
f 2882 2881 2883
f 2882 2883 2884
f 2884 2883 2885
f 2884 2885 2886
f 2886 2885 2887
f 2886 2887 2888
f 2888 2887 2889
f 2888 2889 2890
f 2890 2889 2891
f 2890 2891 2892
f 2892 2891 2893
f 2892 2893 2894
f 2894 2893 2895
f 2894 2895 2838
f 2838 2895 2896
f 2838 2896 2194
f 2194 2896 2691
f 2194 2691 2666
f 2666 2691 2690
f 2897 2695 2898
f 2898 2695 2694
f 2898 2694 2899
f 2899 2694 2900
f 2899 2900 2901
f 2901 2900 2902
f 2901 2902 2903
f 2903 2902 2904
f 2903 2904 2905
f 2905 2904 2906
f 2905 2906 2907
f 2907 2906 2908
f 2907 2908 2909
f 2909 2908 2910
f 2909 2910 2911
f 2911 2910 2912
f 2911 2912 2913
f 2913 2912 2914
f 2913 2914 2915
f 2915 2914 2916
f 2915 2916 2917
f 2917 2916 2918
f 2917 2918 2919
f 2918 2692 2919
f 2919 2692 2220
f 2919 2220 2920
f 2920 2220 2921
f 2920 2921 2922
f 2922 2921 2923
f 2922 2923 2924
f 2924 2923 2925
f 2924 2925 2926
f 2926 2925 2927
f 2926 2927 2928
f 2928 2927 2929
f 2928 2929 2930
f 2930 2929 2931
f 2930 2931 2932
f 2932 2931 2933
f 2932 2933 2934
f 2934 2933 2935
f 2934 2935 2936
f 2936 2935 2937
f 2936 2937 2938
f 2938 2937 2939
f 2938 2939 2940
f 2940 2939 2941
f 2940 2941 2897
f 2897 2941 2942
f 2897 2942 2695
f 2695 2942 2943
f 2695 2943 2944
f 2944 2943 2945
f 2944 2945 2946
f 2946 2945 2947
f 2946 2947 2948
f 2948 2947 2949
f 2948 2949 2950
f 2950 2949 2951
f 2950 2951 2952
f 2952 2951 2953
f 2952 2953 2954
f 2954 2953 2955
f 2954 2955 2956
f 2956 2955 2957
f 2956 2957 2958
f 2958 2957 2959
f 2958 2959 2960
f 2960 2959 2961
f 2960 2961 2962
f 2962 2961 2963
f 2962 2963 2964
f 2964 2963 2965
f 2966 2967 2964
f 2968 2168 2969
f 2969 2168 2970
f 2969 2970 2971
f 2971 2970 2972
f 2971 2972 2973
f 2973 2972 2974
f 2973 2974 2975
f 2975 2974 2976
f 2975 2976 2977
f 2977 2976 2978
f 2977 2978 2979
f 2979 2978 2980
f 2979 2980 2981
f 2981 2980 2982
f 2981 2982 2983
f 2983 2982 2984
f 2983 2984 2985
f 2985 2984 2986
f 2985 2986 2987
f 2987 2986 2988
f 2987 2988 2989
f 2989 2988 2990
f 2989 2990 2967
f 2967 2990 2991
f 2967 2991 2964
f 2964 2991 2992
f 2964 2992 2962
f 2962 2992 2993
f 2962 2993 2960
f 2960 2993 2994
f 2960 2994 2958
f 2958 2994 2995
f 2958 2995 2956
f 2956 2995 2996
f 2956 2996 2954
f 2954 2996 2997
f 2954 2997 2952
f 2952 2997 2998
f 2952 2998 2950
f 2950 2998 2999
f 2950 2999 2948
f 2948 2999 3000
f 2948 3000 2946
f 2946 3000 3001
f 2946 3001 2944
f 2944 3001 3002
f 2944 3002 2695
f 2695 3002 3003
f 3004 2168 3005
f 3005 2168 2968
f 3005 2968 3006
f 3006 2968 3007
f 3006 3007 3008
f 3008 3007 3009
f 3008 3009 3010
f 3010 3009 3011
f 3010 3011 3012
f 3012 3011 3013
f 3012 3013 3014
f 3014 3013 3015
f 3014 3015 3016
f 3016 3015 3017
f 3016 3017 3018
f 3018 3017 3019
f 3018 3019 3020
f 3020 3019 3021
f 3020 3021 3022
f 3022 3021 3023
f 3022 3023 3024
f 3024 3023 3025
f 3024 3025 3026
f 3025 2966 3026
f 3026 2966 2964
f 3026 2964 3027
f 3027 2964 3028
f 3027 3028 3029
f 3029 3028 3030
f 3029 3030 3031
f 3031 3030 3032
f 3031 3032 3033
f 3033 3032 3034
f 3033 3034 3035
f 3035 3034 3036
f 3035 3036 3037
f 3037 3036 3038
f 3037 3038 3039
f 3039 3038 3040
f 3039 3040 3041
f 3041 3040 3042
f 3041 3042 3043
f 3043 3042 3044
f 3043 3044 3045
f 3045 3044 3046
f 3045 3046 3047
f 3047 3046 3048
f 3047 3048 3004
f 3004 3048 3049
f 3004 3049 2168
f 2168 3049 3050
f 2168 3050 2166
f 2166 3050 3051
f 2166 3051 2164
f 2164 3051 3052
f 2164 3052 2162
f 2162 3052 3053
f 2162 3053 2160
f 2160 3053 3054
f 2160 3054 2158
f 2158 3054 3055
f 2158 3055 2156
f 2156 3055 3056
f 2156 3056 2154
f 2154 3056 3057
f 2154 3057 2152
f 2152 3057 3058
f 2152 3058 2150
f 2150 3058 3059
f 2150 3059 2148
f 2148 3059 3060
f 2148 3060 2146
f 2146 3060 3061
f 2862 2840 2769
f 2769 2840 2194
f 2769 2194 3062
f 3062 2194 2196
f 3062 2196 2695
f 2695 2196 2198
f 2695 2198 2697
f 2697 2198 2730
f 2734 2771 2172
f 2172 2771 2769
f 2172 2769 2170
f 2170 2769 3062
f 2170 3062 2168
f 2168 3062 2695
f 2168 2695 2970
f 2970 2695 3003
f 2965 2921 2964
f 2964 2921 2220
f 2964 2220 3063
f 3063 2220 2222
f 3063 2222 2668
f 2668 2222 2224
f 2668 2224 2670
f 2670 2224 2654
f 3061 3028 2146
f 2146 3028 2964
f 2146 2964 2144
f 2144 2964 3063
f 2144 3063 2142
f 2142 3063 2668
f 2142 2668 2836
f 2836 2668 2793
f 2654 2273 2670
f 2670 2273 2274
f 2666 2246 2665
f 2665 2246 2245
f 2670 2274 2672
f 2672 2274 2275
f 2672 2275 2674
f 2674 2275 2278
f 2674 2278 2676
f 2676 2278 2280
f 2676 2280 2678
f 2678 2280 2282
f 2678 2282 2680
f 2680 2282 2284
f 2680 2284 2682
f 2682 2284 2286
f 2682 2286 2684
f 2684 2286 2288
f 2684 2288 2686
f 2686 2288 2290
f 2686 2290 2688
f 2688 2290 2292
f 2688 2292 2690
f 2690 2292 2294
f 2690 2294 2666
f 2666 2294 2246
f 2665 2245 2664
f 2664 2245 2244
f 2664 2244 2663
f 2663 2244 2255
f 2663 2255 2662
f 2662 2255 2256
f 2662 2256 2661
f 2661 2256 2257
f 2661 2257 2660
f 2660 2257 2258
f 2660 2258 2659
f 2659 2258 2259
f 2659 2259 2658
f 2658 2259 2260
f 2658 2260 2657
f 2657 2260 2261
f 2657 2261 2656
f 2656 2261 2262
f 2656 2262 2655
f 2655 2262 2263
f 2655 2263 2654
f 2654 2263 2273
f 2719 2718 2296
f 2296 2718 2297
f 2697 2730 2325
f 2325 2730 2324
f 2697 2325 2699
f 2699 2325 2326
f 2699 2326 2701
f 2701 2326 2329
f 2701 2329 2703
f 2703 2329 2331
f 2703 2331 2705
f 2705 2331 2333
f 2705 2333 2707
f 2707 2333 2335
f 2707 2335 2709
f 2709 2335 2337
f 2709 2337 2711
f 2711 2337 2339
f 2711 2339 2713
f 2713 2339 2341
f 2713 2341 2715
f 2715 2341 2343
f 2715 2343 2717
f 2717 2343 2345
f 2717 2345 2718
f 2718 2345 2297
f 2719 2296 2720
f 2720 2296 2295
f 2720 2295 2721
f 2721 2295 2306
f 2721 2306 2722
f 2722 2306 2307
f 2722 2307 2723
f 2723 2307 2308
f 2723 2308 2724
f 2724 2308 2309
f 2724 2309 2725
f 2725 2309 2310
f 2725 2310 2726
f 2726 2310 2311
f 2726 2311 2727
f 2727 2311 2312
f 2727 2312 2728
f 2728 2312 2313
f 2728 2313 2729
f 2729 2313 2314
f 2729 2314 2730
f 2730 2314 2324
f 2755 2378 2756
f 2756 2378 2377
f 2767 2357 2733
f 2733 2357 2350
f 2756 2377 2757
f 2757 2377 2376
f 2757 2376 2758
f 2758 2376 2386
f 2758 2386 2759
f 2759 2386 2387
f 2759 2387 2760
f 2760 2387 2388
f 2760 2388 2761
f 2761 2388 2389
f 2761 2389 2762
f 2762 2389 2390
f 2762 2390 2763
f 2763 2390 2391
f 2763 2391 2764
f 2764 2391 2392
f 2764 2392 2765
f 2765 2392 2393
f 2765 2393 2766
f 2766 2393 2394
f 2766 2394 2767
f 2767 2394 2357
f 2733 2350 2736
f 2736 2350 2349
f 2736 2349 2738
f 2738 2349 2373
f 2738 2373 2740
f 2740 2373 2371
f 2740 2371 2742
f 2742 2371 2369
f 2742 2369 2744
f 2744 2369 2367
f 2744 2367 2746
f 2746 2367 2365
f 2746 2365 2748
f 2748 2365 2363
f 2748 2363 2750
f 2750 2363 2361
f 2750 2361 2752
f 2752 2361 2359
f 2752 2359 2754
f 2754 2359 2381
f 2754 2381 2755
f 2755 2381 2378
f 2731 2379 2732
f 2732 2379 2380
f 2734 2351 2771
f 2771 2351 2352
f 2732 2380 2753
f 2753 2380 2358
f 2753 2358 2751
f 2751 2358 2360
f 2751 2360 2749
f 2749 2360 2362
f 2749 2362 2747
f 2747 2362 2364
f 2747 2364 2745
f 2745 2364 2366
f 2745 2366 2743
f 2743 2366 2368
f 2743 2368 2741
f 2741 2368 2370
f 2741 2370 2739
f 2739 2370 2372
f 2739 2372 2737
f 2737 2372 2374
f 2737 2374 2735
f 2735 2374 2375
f 2735 2375 2734
f 2734 2375 2351
f 2771 2352 2773
f 2773 2352 2353
f 2773 2353 2775
f 2775 2353 2411
f 2775 2411 2777
f 2777 2411 2409
f 2777 2409 2779
f 2779 2409 2407
f 2779 2407 2781
f 2781 2407 2405
f 2781 2405 2783
f 2783 2405 2403
f 2783 2403 2785
f 2785 2403 2401
f 2785 2401 2787
f 2787 2401 2399
f 2787 2399 2789
f 2789 2399 2397
f 2789 2397 2791
f 2791 2397 2395
f 2791 2395 2731
f 2731 2395 2379
f 2837 2384 2792
f 2792 2384 2385
f 2770 2354 2768
f 2768 2354 2355
f 2792 2385 2790
f 2790 2385 2396
f 2790 2396 2788
f 2788 2396 2398
f 2788 2398 2786
f 2786 2398 2400
f 2786 2400 2784
f 2784 2400 2402
f 2784 2402 2782
f 2782 2402 2404
f 2782 2404 2780
f 2780 2404 2406
f 2780 2406 2778
f 2778 2406 2408
f 2778 2408 2776
f 2776 2408 2410
f 2776 2410 2774
f 2774 2410 2412
f 2774 2412 2772
f 2772 2412 2413
f 2772 2413 2770
f 2770 2413 2354
f 2768 2355 2817
f 2817 2355 2356
f 2817 2356 2819
f 2819 2356 2429
f 2819 2429 2821
f 2821 2429 2427
f 2821 2427 2823
f 2823 2427 2425
f 2823 2425 2825
f 2825 2425 2423
f 2825 2423 2827
f 2827 2423 2421
f 2827 2421 2829
f 2829 2421 2419
f 2829 2419 2831
f 2831 2419 2417
f 2831 2417 2833
f 2833 2417 2415
f 2833 2415 2835
f 2835 2415 2414
f 2835 2414 2837
f 2837 2414 2384
f 2793 2432 2836
f 2836 2432 2383
f 2815 2348 2814
f 2814 2348 2347
f 2836 2383 2834
f 2834 2383 2382
f 2834 2382 2832
f 2832 2382 2416
f 2832 2416 2830
f 2830 2416 2418
f 2830 2418 2828
f 2828 2418 2420
f 2828 2420 2826
f 2826 2420 2422
f 2826 2422 2824
f 2824 2422 2424
f 2824 2424 2822
f 2822 2424 2426
f 2822 2426 2820
f 2820 2426 2428
f 2820 2428 2818
f 2818 2428 2430
f 2818 2430 2816
f 2816 2430 2431
f 2816 2431 2815
f 2815 2431 2348
f 2814 2347 2812
f 2812 2347 2346
f 2812 2346 2810
f 2810 2346 2449
f 2810 2449 2808
f 2808 2449 2447
f 2808 2447 2806
f 2806 2447 2445
f 2806 2445 2804
f 2804 2445 2443
f 2804 2443 2802
f 2802 2443 2441
f 2802 2441 2800
f 2800 2441 2439
f 2800 2439 2798
f 2798 2439 2437
f 2798 2437 2796
f 2796 2437 2435
f 2796 2435 2794
f 2794 2435 2433
f 2794 2433 2793
f 2793 2433 2432
f 2874 2267 2873
f 2873 2267 2265
f 2862 2452 2840
f 2840 2452 2251
f 2873 2265 2872
f 2872 2265 2264
f 2872 2264 2871
f 2871 2264 2472
f 2871 2472 2870
f 2870 2472 2473
f 2870 2473 2869
f 2869 2473 2474
f 2869 2474 2868
f 2868 2474 2475
f 2868 2475 2867
f 2867 2475 2476
f 2867 2476 2866
f 2866 2476 2477
f 2866 2477 2865
f 2865 2477 2478
f 2865 2478 2864
f 2864 2478 2479
f 2864 2479 2863
f 2863 2479 2480
f 2863 2480 2862
f 2862 2480 2452
f 2840 2251 2842
f 2842 2251 2250
f 2842 2250 2844
f 2844 2250 2469
f 2844 2469 2846
f 2846 2469 2467
f 2846 2467 2848
f 2848 2467 2465
f 2848 2465 2850
f 2850 2465 2463
f 2850 2463 2852
f 2852 2463 2461
f 2852 2461 2854
f 2854 2461 2459
f 2854 2459 2856
f 2856 2459 2457
f 2856 2457 2858
f 2858 2457 2455
f 2858 2455 2860
f 2860 2455 2453
f 2860 2453 2874
f 2874 2453 2267
f 2875 2269 2861
f 2861 2269 2268
f 2839 2252 2838
f 2838 2252 2253
f 2861 2268 2859
f 2859 2268 2454
f 2859 2454 2857
f 2857 2454 2456
f 2857 2456 2855
f 2855 2456 2458
f 2855 2458 2853
f 2853 2458 2460
f 2853 2460 2851
f 2851 2460 2462
f 2851 2462 2849
f 2849 2462 2464
f 2849 2464 2847
f 2847 2464 2466
f 2847 2466 2845
f 2845 2466 2468
f 2845 2468 2843
f 2843 2468 2470
f 2843 2470 2841
f 2841 2470 2471
f 2841 2471 2839
f 2839 2471 2252
f 2838 2253 2894
f 2894 2253 2254
f 2894 2254 2892
f 2892 2254 2496
f 2892 2496 2890
f 2890 2496 2494
f 2890 2494 2888
f 2888 2494 2492
f 2888 2492 2886
f 2886 2492 2490
f 2886 2490 2884
f 2884 2490 2488
f 2884 2488 2882
f 2882 2488 2486
f 2882 2486 2880
f 2880 2486 2484
f 2880 2484 2878
f 2878 2484 2482
f 2878 2482 2876
f 2876 2482 2481
f 2876 2481 2875
f 2875 2481 2269
f 2669 2270 2667
f 2667 2270 2271
f 2896 2248 2691
f 2691 2248 2247
f 2667 2271 2877
f 2877 2271 2272
f 2877 2272 2879
f 2879 2272 2483
f 2879 2483 2881
f 2881 2483 2485
f 2881 2485 2883
f 2883 2485 2487
f 2883 2487 2885
f 2885 2487 2489
f 2885 2489 2887
f 2887 2489 2491
f 2887 2491 2889
f 2889 2491 2493
f 2889 2493 2891
f 2891 2493 2495
f 2891 2495 2893
f 2893 2495 2497
f 2893 2497 2895
f 2895 2497 2498
f 2895 2498 2896
f 2896 2498 2248
f 2691 2247 2689
f 2689 2247 2293
f 2689 2293 2687
f 2687 2293 2291
f 2687 2291 2685
f 2685 2291 2289
f 2685 2289 2683
f 2683 2289 2287
f 2683 2287 2681
f 2681 2287 2285
f 2681 2285 2679
f 2679 2285 2283
f 2679 2283 2677
f 2677 2283 2281
f 2677 2281 2675
f 2675 2281 2279
f 2675 2279 2673
f 2673 2279 2277
f 2673 2277 2671
f 2671 2277 2276
f 2671 2276 2669
f 2669 2276 2270
f 2693 2692 2298
f 2298 2692 2299
f 2694 2696 2322
f 2322 2696 2321
f 2694 2322 2900
f 2900 2322 2323
f 2900 2323 2902
f 2902 2323 2501
f 2902 2501 2904
f 2904 2501 2503
f 2904 2503 2906
f 2906 2503 2505
f 2906 2505 2908
f 2908 2505 2507
f 2908 2507 2910
f 2910 2507 2509
f 2910 2509 2912
f 2912 2509 2511
f 2912 2511 2914
f 2914 2511 2513
f 2914 2513 2916
f 2916 2513 2515
f 2916 2515 2918
f 2918 2515 2516
f 2918 2516 2692
f 2692 2516 2299
f 2693 2298 2716
f 2716 2298 2344
f 2716 2344 2714
f 2714 2344 2342
f 2714 2342 2712
f 2712 2342 2340
f 2712 2340 2710
f 2710 2340 2338
f 2710 2338 2708
f 2708 2338 2336
f 2708 2336 2706
f 2706 2336 2334
f 2706 2334 2704
f 2704 2334 2332
f 2704 2332 2702
f 2702 2332 2330
f 2702 2330 2700
f 2700 2330 2328
f 2700 2328 2698
f 2698 2328 2327
f 2698 2327 2696
f 2696 2327 2321
f 2919 2920 2304
f 2304 2920 2303
f 2897 2898 2319
f 2319 2898 2320
f 2897 2319 2940
f 2940 2319 2518
f 2940 2518 2938
f 2938 2518 2520
f 2938 2520 2936
f 2936 2520 2522
f 2936 2522 2934
f 2934 2522 2524
f 2934 2524 2932
f 2932 2524 2526
f 2932 2526 2930
f 2930 2526 2528
f 2930 2528 2928
f 2928 2528 2530
f 2928 2530 2926
f 2926 2530 2532
f 2926 2532 2924
f 2924 2532 2534
f 2924 2534 2922
f 2922 2534 2535
f 2922 2535 2920
f 2920 2535 2303
f 2919 2304 2917
f 2917 2304 2305
f 2917 2305 2915
f 2915 2305 2514
f 2915 2514 2913
f 2913 2514 2512
f 2913 2512 2911
f 2911 2512 2510
f 2911 2510 2909
f 2909 2510 2508
f 2909 2508 2907
f 2907 2508 2506
f 2907 2506 2905
f 2905 2506 2504
f 2905 2504 2903
f 2903 2504 2502
f 2903 2502 2901
f 2901 2502 2500
f 2901 2500 2899
f 2899 2500 2499
f 2899 2499 2898
f 2898 2499 2320
f 2921 2965 2302
f 2302 2965 2567
f 2943 2942 2316
f 2316 2942 2318
f 2943 2316 2945
f 2945 2316 2315
f 2945 2315 2947
f 2947 2315 2578
f 2947 2578 2949
f 2949 2578 2579
f 2949 2579 2951
f 2951 2579 2580
f 2951 2580 2953
f 2953 2580 2581
f 2953 2581 2955
f 2955 2581 2582
f 2955 2582 2957
f 2957 2582 2583
f 2957 2583 2959
f 2959 2583 2584
f 2959 2584 2961
f 2961 2584 2585
f 2961 2585 2963
f 2963 2585 2586
f 2963 2586 2965
f 2965 2586 2567
f 2921 2302 2923
f 2923 2302 2301
f 2923 2301 2925
f 2925 2301 2533
f 2925 2533 2927
f 2927 2533 2531
f 2927 2531 2929
f 2929 2531 2529
f 2929 2529 2931
f 2931 2529 2527
f 2931 2527 2933
f 2933 2527 2525
f 2933 2525 2935
f 2935 2525 2523
f 2935 2523 2937
f 2937 2523 2521
f 2937 2521 2939
f 2939 2521 2519
f 2939 2519 2941
f 2941 2519 2517
f 2941 2517 2942
f 2942 2517 2318
f 2992 2991 2537
f 2537 2991 2538
f 2970 3003 2574
f 2574 3003 2547
f 2970 2574 2972
f 2972 2574 2573
f 2972 2573 2974
f 2974 2573 2589
f 2974 2589 2976
f 2976 2589 2591
f 2976 2591 2978
f 2978 2591 2593
f 2978 2593 2980
f 2980 2593 2595
f 2980 2595 2982
f 2982 2595 2597
f 2982 2597 2984
f 2984 2597 2599
f 2984 2599 2986
f 2986 2599 2601
f 2986 2601 2988
f 2988 2601 2603
f 2988 2603 2990
f 2990 2603 2605
f 2990 2605 2991
f 2991 2605 2538
f 2992 2537 2993
f 2993 2537 2536
f 2993 2536 2994
f 2994 2536 2564
f 2994 2564 2995
f 2995 2564 2562
f 2995 2562 2996
f 2996 2562 2560
f 2996 2560 2997
f 2997 2560 2558
f 2997 2558 2998
f 2998 2558 2556
f 2998 2556 2999
f 2999 2556 2554
f 2999 2554 3000
f 3000 2554 2552
f 3000 2552 3001
f 3001 2552 2550
f 3001 2550 3002
f 3002 2550 2548
f 3002 2548 3003
f 3003 2548 2547
f 2967 2966 2539
f 2539 2966 2540
f 2968 2969 2576
f 2576 2969 2575
f 2968 2576 3007
f 3007 2576 2577
f 3007 2577 3009
f 3009 2577 2608
f 3009 2608 3011
f 3011 2608 2610
f 3011 2610 3013
f 3013 2610 2612
f 3013 2612 3015
f 3015 2612 2614
f 3015 2614 3017
f 3017 2614 2616
f 3017 2616 3019
f 3019 2616 2618
f 3019 2618 3021
f 3021 2618 2620
f 3021 2620 3023
f 3023 2620 2622
f 3023 2622 3025
f 3025 2622 2623
f 3025 2623 2966
f 2966 2623 2540
f 2967 2539 2989
f 2989 2539 2604
f 2989 2604 2987
f 2987 2604 2602
f 2987 2602 2985
f 2985 2602 2600
f 2985 2600 2983
f 2983 2600 2598
f 2983 2598 2981
f 2981 2598 2596
f 2981 2596 2979
f 2979 2596 2594
f 2979 2594 2977
f 2977 2594 2592
f 2977 2592 2975
f 2975 2592 2590
f 2975 2590 2973
f 2973 2590 2588
f 2973 2588 2971
f 2971 2588 2587
f 2971 2587 2969
f 2969 2587 2575
f 3026 3027 2542
f 2542 3027 2541
f 3004 3005 2571
f 2571 3005 2572
f 3004 2571 3047
f 3047 2571 2625
f 3047 2625 3045
f 3045 2625 2627
f 3045 2627 3043
f 3043 2627 2629
f 3043 2629 3041
f 3041 2629 2631
f 3041 2631 3039
f 3039 2631 2633
f 3039 2633 3037
f 3037 2633 2635
f 3037 2635 3035
f 3035 2635 2637
f 3035 2637 3033
f 3033 2637 2639
f 3033 2639 3031
f 3031 2639 2641
f 3031 2641 3029
f 3029 2641 2642
f 3029 2642 3027
f 3027 2642 2541
f 3026 2542 3024
f 3024 2542 2543
f 3024 2543 3022
f 3022 2543 2621
f 3022 2621 3020
f 3020 2621 2619
f 3020 2619 3018
f 3018 2619 2617
f 3018 2617 3016
f 3016 2617 2615
f 3016 2615 3014
f 3014 2615 2613
f 3014 2613 3012
f 3012 2613 2611
f 3012 2611 3010
f 3010 2611 2609
f 3010 2609 3008
f 3008 2609 2607
f 3008 2607 3006
f 3006 2607 2606
f 3006 2606 3005
f 3005 2606 2572
f 3028 3061 2545
f 2545 3061 2546
f 3050 3049 2569
f 2569 3049 2570
f 3050 2569 3051
f 3051 2569 2568
f 3051 2568 3052
f 3052 2568 2643
f 3052 2643 3053
f 3053 2643 2644
f 3053 2644 3054
f 3054 2644 2645
f 3054 2645 3055
f 3055 2645 2646
f 3055 2646 3056
f 3056 2646 2647
f 3056 2647 3057
f 3057 2647 2648
f 3057 2648 3058
f 3058 2648 2649
f 3058 2649 3059
f 3059 2649 2650
f 3059 2650 3060
f 3060 2650 2651
f 3060 2651 3061
f 3061 2651 2546
f 3028 2545 3030
f 3030 2545 2544
f 3030 2544 3032
f 3032 2544 2640
f 3032 2640 3034
f 3034 2640 2638
f 3034 2638 3036
f 3036 2638 2636
f 3036 2636 3038
f 3038 2636 2634
f 3038 2634 3040
f 3040 2634 2632
f 3040 2632 3042
f 3042 2632 2630
f 3042 2630 3044
f 3044 2630 2628
f 3044 2628 3046
f 3046 2628 2626
f 3046 2626 3048
f 3048 2626 2624
f 3048 2624 3049
f 3049 2624 2570
f 3064 3065 3066
f 3066 3065 3067
f 3066 3067 3068
f 3068 3067 3069
f 3068 3069 3070
f 3070 3069 3071
f 3070 3071 3072
f 3072 3071 3073
f 3072 3073 3074
f 3074 3073 3075
f 3074 3075 3076
f 3076 3075 3077
f 3076 3077 3078
f 3078 3077 3079
f 3078 3079 3080
f 3080 3079 3081
f 3080 3081 3082
f 3082 3081 3083
f 3082 3083 3084
f 3084 3083 3085
f 3084 3085 3086
f 3086 3085 3087
f 3086 3087 3088
f 3088 3087 3089
f 3088 3089 3090
f 3090 3089 3091
f 3090 3091 3092
f 3092 3091 3093
f 3092 3093 3094
f 3094 3093 3095
f 3094 3095 3096
f 3096 3095 3097
f 3098 3099 3100
f 3100 3099 3101
f 3100 3101 3102
f 3102 3101 3103
f 3102 3103 3104
f 3104 3103 3105
f 3104 3105 3106
f 3106 3105 3107
f 3106 3107 3108
f 3108 3107 3109
f 3108 3109 3110
f 3110 3109 3111
f 3110 3111 3112
f 3112 3111 3113
f 3112 3113 3114
f 3114 3113 3115
f 3114 3115 3116
f 3116 3115 3117
f 3116 3117 3118
f 3118 3117 3119
f 3118 3119 3120
f 3120 3119 3121
f 3120 3121 3097
f 3097 3121 3122
f 3097 3122 3096
f 3123 3124 3125
f 3125 3124 3126
f 3125 3126 3127
f 3127 3126 3128
f 3127 3128 3129
f 3129 3128 3130
f 3129 3130 3131
f 3131 3130 3132
f 3131 3132 3133
f 3133 3132 3134
f 3133 3134 3135
f 3135 3134 3136
f 3135 3136 3137
f 3137 3136 3138
f 3137 3138 3139
f 3139 3138 3140
f 3139 3140 3141
f 3141 3140 3142
f 3141 3142 3143
f 3143 3142 3144
f 3143 3144 3145
f 3145 3144 3146
f 3145 3146 3147
f 3147 3146 3148
f 3147 3148 3149
f 3149 3148 3150
f 3149 3150 3151
f 3151 3150 3152
f 3151 3152 3153
f 3153 3152 3154
f 3153 3154 3155
f 3155 3154 3156
f 3157 3158 3159
f 3159 3158 3160
f 3159 3160 3161
f 3161 3160 3162
f 3161 3162 3163
f 3163 3162 3164
f 3163 3164 3165
f 3165 3164 3166
f 3165 3166 3167
f 3167 3166 3168
f 3167 3168 3169
f 3169 3168 3170
f 3169 3170 3171
f 3171 3170 3172
f 3171 3172 3173
f 3173 3172 3174
f 3173 3174 3175
f 3175 3174 3176
f 3175 3176 3177
f 3177 3176 3178
f 3177 3178 3179
f 3179 3178 3180
f 3179 3180 3156
f 3156 3180 3181
f 3156 3181 3155
f 3182 3183 3184
f 3182 3184 3185
f 3185 3184 3186
f 3185 3186 3187
f 3187 3186 3188
f 3187 3188 3189
f 3189 3188 3190
f 3189 3190 3191
f 3191 3190 3192
f 3191 3192 3193
f 3193 3192 3194
f 3193 3194 3195
f 3195 3194 3196
f 3195 3196 3197
f 3197 3196 3198
f 3197 3198 3199
f 3199 3198 3200
f 3199 3200 3201
f 3201 3200 3202
f 3201 3202 3203
f 3203 3202 3204
f 3203 3204 3205
f 3205 3204 3206
f 3205 3206 3207
f 3207 3206 3208
f 3207 3208 3209
f 3209 3208 3210
f 3209 3210 3211
f 3212 3213 3214
f 3214 3213 3215
f 3214 3215 3210
f 3210 3215 3216
f 3210 3216 3217
f 3217 3218 3210
f 3210 3218 3219
f 3210 3219 3220
f 3220 3221 3210
f 3210 3221 3222
f 3210 3222 3211
f 3211 3222 3223
f 3211 3223 3224
f 3224 3225 3211
f 3211 3225 3226
f 3211 3226 3227
f 3227 3226 3228
f 3229 3230 3214
f 3214 3230 3231
f 3214 3231 3212
f 3228 3232 3227
f 3227 3232 3233
f 3227 3233 3229
f 3229 3214 3227
f 3227 3214 3234
f 3227 3234 3235
f 3235 3234 3236
f 3235 3236 3237
f 3237 3236 3238
f 3237 3238 3239
f 3239 3238 3240
f 3239 3240 3241
f 3241 3240 3242
f 3241 3242 3243
f 3243 3242 3244
f 3243 3244 3245
f 3245 3244 3246
f 3245 3246 3247
f 3247 3246 3248
f 3247 3248 3249
f 3249 3248 3250
f 3249 3250 3251
f 3251 3250 3252
f 3251 3252 3253
f 3253 3252 3254
f 3253 3254 3255
f 3255 3254 3256
f 3255 3256 3257
f 3257 3256 3258
f 3257 3258 3259
f 3259 3258 3260
f 3259 3260 3261
f 3262 3154 3263
f 3263 3154 3152
f 3263 3152 3264
f 3262 3265 3154
f 3154 3265 3266
f 3154 3266 3267
f 3268 3269 3091
f 3091 3269 3270
f 3091 3270 3093
f 3270 3271 3093
f 3093 3271 3272
f 3093 3272 3095
f 3095 3272 3273
f 3095 3273 3274
f 3275 3276 3150
f 3150 3276 3277
f 3150 3277 3278
f 3278 3279 3150
f 3150 3279 3280
f 3150 3280 3152
f 3152 3280 3281
f 3152 3281 3264
f 3065 3157 3067
f 3067 3157 3159
f 3067 3159 3069
f 3069 3159 3161
f 3069 3161 3071
f 3071 3161 3163
f 3071 3163 3073
f 3073 3163 3165
f 3073 3165 3075
f 3075 3165 3167
f 3075 3167 3077
f 3077 3167 3169
f 3077 3169 3079
f 3079 3169 3171
f 3079 3171 3081
f 3081 3171 3173
f 3081 3173 3083
f 3083 3173 3175
f 3083 3175 3085
f 3085 3175 3177
f 3085 3177 3087
f 3087 3177 3179
f 3087 3179 3089
f 3089 3179 3156
f 3089 3156 3091
f 3091 3156 3154
f 3091 3154 3268
f 3268 3154 3267
f 3274 3275 3095
f 3095 3275 3150
f 3095 3150 3097
f 3097 3150 3148
f 3097 3148 3120
f 3120 3148 3146
f 3120 3146 3118
f 3118 3146 3144
f 3118 3144 3116
f 3116 3144 3142
f 3116 3142 3114
f 3114 3142 3140
f 3114 3140 3112
f 3112 3140 3138
f 3112 3138 3110
f 3110 3138 3136
f 3110 3136 3108
f 3108 3136 3134
f 3108 3134 3106
f 3106 3134 3132
f 3106 3132 3104
f 3104 3132 3130
f 3104 3130 3102
f 3102 3130 3128
f 3102 3128 3100
f 3100 3128 3126
f 3100 3126 3098
f 3098 3126 3124
f 3098 3124 3123
f 3183 3182 3123
f 3123 3182 3099
f 3123 3099 3098
f 3261 3260 3064
f 3064 3260 3158
f 3064 3158 3065
f 3065 3158 3157
f 3270 3269 3232
f 3232 3269 3233
f 3233 3269 3229
f 3229 3269 3268
f 3229 3268 3230
f 3230 3268 3267
f 3230 3267 3231
f 3231 3267 3266
f 3231 3266 3212
f 3266 3265 3212
f 3212 3265 3262
f 3212 3262 3213
f 3213 3262 3215
f 3215 3262 3263
f 3215 3263 3216
f 3216 3263 3264
f 3216 3264 3217
f 3217 3264 3281
f 3217 3281 3218
f 3281 3280 3218
f 3218 3280 3279
f 3218 3279 3219
f 3219 3279 3220
f 3220 3279 3278
f 3220 3278 3221
f 3221 3278 3277
f 3221 3277 3222
f 3222 3277 3276
f 3222 3276 3223
f 3223 3276 3275
f 3223 3275 3274
f 3270 3232 3271
f 3271 3232 3228
f 3271 3228 3272
f 3272 3228 3226
f 3272 3226 3273
f 3273 3226 3225
f 3273 3225 3274
f 3274 3225 3224
f 3274 3224 3223
f 3160 3158 3260
f 3184 3183 3123
f 3123 3125 3184
f 3184 3125 3127
f 3184 3127 3186
f 3186 3127 3129
f 3186 3129 3188
f 3188 3129 3131
f 3188 3131 3190
f 3190 3131 3133
f 3190 3133 3192
f 3192 3133 3135
f 3192 3135 3194
f 3194 3135 3137
f 3194 3137 3196
f 3196 3137 3139
f 3196 3139 3198
f 3198 3139 3141
f 3198 3141 3200
f 3200 3141 3143
f 3200 3143 3202
f 3202 3143 3145
f 3202 3145 3204
f 3204 3145 3147
f 3204 3147 3206
f 3206 3147 3149
f 3206 3149 3208
f 3208 3149 3151
f 3208 3151 3210
f 3210 3151 3153
f 3210 3153 3214
f 3214 3153 3155
f 3214 3155 3234
f 3234 3155 3181
f 3234 3181 3236
f 3236 3181 3180
f 3236 3180 3238
f 3238 3180 3178
f 3238 3178 3240
f 3240 3178 3176
f 3240 3176 3242
f 3242 3176 3174
f 3242 3174 3244
f 3244 3174 3172
f 3244 3172 3246
f 3246 3172 3170
f 3246 3170 3248
f 3248 3170 3168
f 3248 3168 3250
f 3250 3168 3166
f 3250 3166 3252
f 3252 3166 3164
f 3252 3164 3254
f 3254 3164 3162
f 3254 3162 3256
f 3256 3162 3160
f 3256 3160 3258
f 3258 3160 3260
f 3259 3261 3064
f 3101 3099 3182
f 3064 3066 3259
f 3259 3066 3068
f 3259 3068 3257
f 3257 3068 3070
f 3257 3070 3255
f 3255 3070 3072
f 3255 3072 3253
f 3253 3072 3074
f 3253 3074 3251
f 3251 3074 3076
f 3251 3076 3249
f 3249 3076 3078
f 3249 3078 3247
f 3247 3078 3080
f 3247 3080 3245
f 3245 3080 3082
f 3245 3082 3243
f 3243 3082 3084
f 3243 3084 3241
f 3241 3084 3086
f 3241 3086 3239
f 3239 3086 3088
f 3239 3088 3237
f 3237 3088 3090
f 3237 3090 3235
f 3235 3090 3092
f 3235 3092 3227
f 3227 3092 3094
f 3227 3094 3211
f 3211 3094 3096
f 3211 3096 3209
f 3209 3096 3122
f 3209 3122 3207
f 3207 3122 3121
f 3207 3121 3205
f 3205 3121 3119
f 3205 3119 3203
f 3203 3119 3117
f 3203 3117 3201
f 3201 3117 3115
f 3201 3115 3199
f 3199 3115 3113
f 3199 3113 3197
f 3197 3113 3111
f 3197 3111 3195
f 3195 3111 3109
f 3195 3109 3193
f 3193 3109 3107
f 3193 3107 3191
f 3191 3107 3105
f 3191 3105 3189
f 3189 3105 3103
f 3189 3103 3187
f 3187 3103 3101
f 3187 3101 3185
f 3185 3101 3182
f 3282 3283 3284
f 3284 3283 3285
f 3284 3285 3286
f 3286 3285 3287
f 3286 3287 3288
f 3288 3287 3289
f 3288 3289 3290
f 3290 3289 3291
f 3290 3291 3292
f 3292 3291 3293
f 3292 3293 3294
f 3294 3293 3295
f 3294 3295 3296
f 3296 3295 3297
f 3296 3297 3298
f 3298 3297 3299
f 3298 3299 3300
f 3300 3299 3301
f 3300 3301 3302
f 3302 3301 3303
f 3302 3303 3304
f 3304 3303 3305
f 3304 3305 3306
f 3306 3305 3307
f 3306 3307 3308
f 3308 3307 3309
f 3308 3309 3310
f 3310 3309 3311
f 3310 3311 3312
f 3312 3311 3313
f 3312 3313 3314
f 3314 3313 3315
f 3314 3315 3316
f 3316 3315 3317
f 3316 3317 3318
f 3318 3317 3319
f 3318 3319 3320
f 3320 3319 3321
f 3320 3321 3322
f 3322 3321 3323
f 3322 3323 3324
f 3324 3323 3325
f 3324 3325 3326
f 3326 3325 3327
f 3326 3327 3328
f 3328 3327 3329
f 3328 3329 3330
f 3330 3329 3331
f 3330 3331 3332
f 3332 3331 3333
f 3332 3333 3334
f 3334 3333 3335
f 3334 3335 3336
f 3336 3335 3337
f 3336 3337 3338
f 3338 3337 3339
f 3338 3339 3340
f 3340 3339 3341
f 3340 3341 3342
f 3342 3341 3343
f 3342 3343 3344
f 3344 3343 3345
f 3344 3345 3346
f 3346 3345 3347
f 3346 3347 3348
f 3348 3347 3349
f 3348 3349 3350
f 3350 3349 3351
f 3350 3351 3352
f 3352 3351 3353
f 3352 3353 3354
f 3354 3353 3355
f 3354 3355 3356
f 3356 3355 3357
f 3356 3357 3358
f 3358 3357 3359
f 3358 3359 3360
f 3360 3359 3282
f 3360 3282 3284
f 3303 3361 3305
f 3305 3361 3362
f 3305 3362 3307
f 3339 3363 3341
f 3341 3363 3364
f 3341 3364 3343
f 3351 3365 3353
f 3353 3365 3366
f 3353 3366 3355
f 3287 3367 3289
f 3289 3367 3368
f 3289 3368 3291
f 3295 3369 3297
f 3297 3369 3370
f 3297 3370 3299
f 3370 3371 3299
f 3299 3371 3372
f 3299 3372 3301
f 3301 3372 3373
f 3301 3373 3303
f 3303 3373 3374
f 3303 3374 3361
f 3331 3375 3333
f 3333 3375 3376
f 3333 3376 3335
f 3366 3377 3355
f 3355 3377 3378
f 3355 3378 3357
f 3357 3378 3379
f 3357 3379 3359
f 3359 3379 3380
f 3359 3380 3282
f 3282 3380 3381
f 3282 3381 3283
f 3283 3381 3382
f 3283 3382 3285
f 3285 3382 3383
f 3285 3383 3287
f 3287 3383 3384
f 3287 3384 3367
f 3368 3385 3291
f 3291 3385 3386
f 3291 3386 3293
f 3293 3386 3387
f 3293 3387 3295
f 3295 3387 3388
f 3295 3388 3369
f 3319 3389 3321
f 3321 3389 3390
f 3321 3390 3323
f 3376 3391 3335
f 3335 3391 3392
f 3335 3392 3337
f 3337 3392 3393
f 3337 3393 3339
f 3339 3393 3394
f 3339 3394 3363
f 3364 3395 3343
f 3343 3395 3396
f 3343 3396 3345
f 3345 3396 3397
f 3345 3397 3347
f 3390 3398 3323
f 3323 3398 3399
f 3323 3399 3325
f 3325 3399 3400
f 3325 3400 3327
f 3400 3401 3327
f 3327 3401 3402
f 3327 3402 3329
f 3329 3402 3403
f 3329 3403 3331
f 3331 3403 3404
f 3331 3404 3375
f 3397 3405 3347
f 3347 3405 3406
f 3347 3406 3349
f 3349 3406 3407
f 3349 3407 3351
f 3351 3407 3408
f 3351 3408 3365
f 3315 3409 3317
f 3317 3409 3410
f 3317 3410 3319
f 3319 3410 3411
f 3319 3411 3389
f 3362 3412 3307
f 3307 3412 3413
f 3307 3413 3309
f 3309 3413 3414
f 3309 3414 3311
f 3414 3415 3311
f 3311 3415 3416
f 3311 3416 3313
f 3313 3416 3417
f 3313 3417 3315
f 3315 3417 3418
f 3315 3418 3409
f 3419 3420 3421
f 3422 3423 3421
f 3421 3423 3424
f 3421 3424 3419
f 3425 3426 3422
f 3422 3426 3427
f 3422 3427 3423
f 3428 3429 3425
f 3425 3429 3430
f 3425 3430 3426
f 3431 3432 3428
f 3428 3432 3433
f 3428 3433 3429
f 3434 3435 3431
f 3431 3435 3436
f 3431 3436 3432
f 3437 3438 3434
f 3434 3438 3439
f 3434 3439 3435
f 3440 3441 3437
f 3437 3441 3442
f 3437 3442 3438
f 3443 3444 3440
f 3440 3444 3445
f 3440 3445 3441
f 3446 3447 3443
f 3443 3447 3448
f 3443 3448 3444
f 3449 3450 3446
f 3446 3450 3451
f 3446 3451 3447
f 3452 3453 3449
f 3449 3453 3454
f 3449 3454 3450
f 3455 3456 3452
f 3452 3456 3457
f 3452 3457 3453
f 3458 3459 3455
f 3455 3459 3460
f 3455 3460 3456
f 3461 3462 3463
f 3463 3462 3464
f 3463 3464 3465
f 3465 3464 3466
f 3465 3466 3458
f 3458 3466 3467
f 3458 3467 3459
f 3468 3469 3461
f 3461 3469 3470
f 3461 3470 3462
f 3471 3472 3468
f 3468 3472 3473
f 3468 3473 3469
f 3474 3475 3471
f 3471 3475 3476
f 3471 3476 3472
f 3477 3478 3474
f 3474 3478 3479
f 3474 3479 3475
f 3480 3481 3477
f 3477 3481 3482
f 3477 3482 3478
f 3483 3484 3480
f 3480 3484 3485
f 3480 3485 3481
f 3486 3487 3483
f 3483 3487 3488
f 3483 3488 3484
f 3489 3490 3486
f 3486 3490 3491
f 3486 3491 3487
f 3492 3493 3489
f 3489 3493 3494
f 3489 3494 3490
f 3495 3496 3492
f 3492 3496 3497
f 3492 3497 3493
f 3498 3499 3495
f 3495 3499 3500
f 3495 3500 3496
f 3501 3502 3498
f 3498 3502 3503
f 3498 3503 3499
f 3419 3504 3420
f 3420 3504 3505
f 3420 3505 3501
f 3501 3505 3506
f 3501 3506 3502
f 3421 3420 3507
f 3508 3509 3510
f 3511 3512 3513
f 3455 3452 3514
f 3515 3428 3516
f 3516 3428 3425
f 3516 3425 3507
f 3507 3425 3422
f 3507 3422 3421
f 3510 3517 3508
f 3508 3517 3452
f 3508 3452 3518
f 3518 3452 3449
f 3518 3449 3519
f 3513 3520 3511
f 3511 3520 3521
f 3511 3521 3517
f 3511 3522 3512
f 3512 3522 3474
f 3512 3474 3523
f 3523 3474 3471
f 3523 3471 3524
f 3524 3471 3468
f 3524 3468 3525
f 3526 3480 3522
f 3522 3480 3477
f 3522 3477 3474
f 3527 3486 3526
f 3526 3486 3483
f 3526 3483 3480
f 3521 3528 3517
f 3517 3528 3529
f 3517 3529 3452
f 3452 3529 3530
f 3452 3530 3514
f 3531 3492 3527
f 3527 3492 3489
f 3527 3489 3486
f 3509 3508 3532
f 3532 3508 3533
f 3532 3533 3534
f 3534 3533 3535
f 3534 3535 3536
f 3449 3446 3519
f 3519 3446 3443
f 3519 3443 3537
f 3537 3443 3440
f 3537 3440 3538
f 3538 3440 3437
f 3538 3437 3539
f 3539 3437 3434
f 3539 3434 3515
f 3515 3434 3431
f 3515 3431 3428
f 3468 3461 3525
f 3525 3461 3463
f 3525 3463 3540
f 3540 3463 3465
f 3540 3465 3514
f 3514 3465 3458
f 3514 3458 3455
f 3536 3507 3534
f 3534 3507 3420
f 3534 3420 3541
f 3541 3420 3501
f 3541 3501 3542
f 3542 3501 3498
f 3542 3498 3531
f 3531 3498 3495
f 3531 3495 3492
f 3543 3310 3544
f 3544 3310 3312
f 3544 3312 3545
f 3545 3312 3314
f 3545 3314 3546
f 3314 3316 3546
f 3546 3316 3318
f 3546 3318 3547
f 3547 3318 3320
f 3547 3320 3548
f 3548 3320 3322
f 3548 3322 3549
f 3550 3300 3551
f 3551 3300 3302
f 3551 3302 3552
f 3552 3302 3304
f 3552 3304 3553
f 3553 3304 3306
f 3553 3306 3543
f 3543 3306 3308
f 3543 3308 3310
f 3554 3344 3555
f 3555 3344 3346
f 3555 3346 3556
f 3556 3346 3348
f 3556 3348 3557
f 3348 3350 3557
f 3557 3350 3352
f 3557 3352 3558
f 3558 3352 3354
f 3558 3354 3559
f 3559 3354 3356
f 3559 3356 3560
f 3560 3356 3358
f 3560 3358 3561
f 3562 3336 3563
f 3563 3336 3338
f 3563 3338 3564
f 3564 3338 3340
f 3564 3340 3554
f 3554 3340 3342
f 3554 3342 3344
f 3322 3324 3549
f 3549 3324 3326
f 3549 3326 3565
f 3565 3326 3328
f 3565 3328 3566
f 3566 3328 3330
f 3566 3330 3567
f 3567 3330 3332
f 3567 3332 3562
f 3562 3332 3334
f 3562 3334 3336
f 3568 3292 3569
f 3569 3292 3294
f 3569 3294 3570
f 3570 3294 3296
f 3570 3296 3550
f 3550 3296 3298
f 3550 3298 3300
f 3358 3360 3561
f 3561 3360 3284
f 3561 3284 3571
f 3571 3284 3286
f 3571 3286 3572
f 3572 3286 3288
f 3572 3288 3568
f 3568 3288 3290
f 3568 3290 3292
f 3573 3549 3574
f 3574 3549 3565
f 3574 3565 3575
f 3575 3565 3566
f 3575 3566 3576
f 3576 3566 3567
f 3576 3567 3577
f 3577 3567 3562
f 3577 3562 3578
f 3578 3562 3563
f 3578 3563 3579
f 3579 3563 3564
f 3579 3564 3580
f 3580 3564 3554
f 3580 3554 3581
f 3581 3554 3555
f 3581 3555 3582
f 3582 3555 3556
f 3582 3556 3583
f 3583 3556 3557
f 3583 3557 3584
f 3584 3557 3558
f 3584 3558 3585
f 3585 3558 3559
f 3585 3559 3586
f 3586 3559 3560
f 3586 3560 3587
f 3587 3560 3561
f 3587 3561 3588
f 3588 3561 3571
f 3588 3571 3589
f 3589 3571 3572
f 3589 3572 3590
f 3590 3572 3568
f 3590 3568 3591
f 3591 3568 3569
f 3591 3569 3592
f 3592 3569 3570
f 3592 3570 3593
f 3593 3570 3550
f 3593 3550 3594
f 3594 3550 3551
f 3594 3551 3595
f 3595 3551 3552
f 3595 3552 3596
f 3596 3552 3553
f 3596 3553 3597
f 3597 3553 3543
f 3597 3543 3598
f 3598 3543 3544
f 3598 3544 3599
f 3599 3544 3545
f 3599 3545 3600
f 3600 3545 3546
f 3600 3546 3601
f 3601 3546 3547
f 3601 3547 3602
f 3602 3547 3548
f 3602 3548 3573
f 3573 3548 3549
f 3603 3604 3605
f 3606 3607 3608
f 3609 3610 3611
f 3611 3610 3612
f 3611 3612 3613
f 3613 3612 3614
f 3613 3614 3604
f 3604 3614 3615
f 3604 3615 3605
f 3608 3616 3606
f 3606 3616 3617
f 3606 3617 3618
f 3619 3620 3609
f 3609 3620 3621
f 3609 3621 3610
f 3617 3622 3618
f 3618 3622 3623
f 3618 3623 3621
f 3621 3623 3624
f 3621 3624 3610
f 3619 3625 3620
f 3620 3625 3626
f 3620 3626 3627
f 3627 3626 3628
f 3627 3628 3629
f 3630 3631 3632
f 3632 3631 3633
f 3632 3633 3634
f 3634 3633 3603
f 3634 3603 3635
f 3635 3603 3605
f 3636 3637 3638
f 3638 3637 3639
f 3638 3639 3640
f 3640 3639 3641
f 3640 3641 3642
f 3642 3641 3643
f 3642 3643 3607
f 3607 3643 3644
f 3607 3644 3608
f 3645 3646 3647
f 3647 3646 3648
f 3647 3648 3636
f 3636 3648 3649
f 3636 3649 3637
f 3650 3651 3629
f 3629 3651 3652
f 3629 3652 3647
f 3647 3652 3653
f 3647 3653 3645
f 3653 3654 3645
f 3645 3654 3655
f 3645 3655 3656
f 3656 3655 3657
f 3650 3629 3658
f 3658 3629 3628
f 3658 3628 3659
f 3659 3631 3658
f 3658 3631 3630
f 3658 3630 3660
f 3660 3630 3661
f 3660 3661 3662
f 3662 3661 3663
f 3662 3663 3664
f 3664 3663 3665
f 3664 3665 3666
f 3666 3665 3667
f 3666 3667 3657
f 3657 3667 3668
f 3657 3668 3656
f 3521 3620 3528
f 3528 3620 3627
f 3528 3627 3529
f 3529 3627 3629
f 3529 3629 3530
f 3530 3629 3647
f 3530 3647 3514
f 3514 3647 3636
f 3514 3636 3540
f 3540 3636 3638
f 3540 3638 3525
f 3525 3638 3640
f 3525 3640 3524
f 3524 3640 3642
f 3524 3642 3523
f 3523 3642 3607
f 3523 3607 3512
f 3512 3607 3606
f 3512 3606 3513
f 3513 3606 3618
f 3513 3618 3520
f 3520 3618 3621
f 3520 3621 3521
f 3521 3621 3620
f 3541 3604 3534
f 3534 3604 3603
f 3534 3603 3532
f 3532 3603 3633
f 3532 3633 3509
f 3509 3633 3631
f 3509 3631 3510
f 3510 3631 3659
f 3510 3659 3517
f 3517 3659 3628
f 3517 3628 3511
f 3511 3628 3626
f 3511 3626 3522
f 3522 3626 3625
f 3522 3625 3526
f 3526 3625 3619
f 3526 3619 3527
f 3527 3619 3609
f 3527 3609 3531
f 3531 3609 3611
f 3531 3611 3542
f 3542 3611 3613
f 3542 3613 3541
f 3541 3613 3604
f 3516 3660 3515
f 3515 3660 3662
f 3515 3662 3539
f 3539 3662 3664
f 3539 3664 3538
f 3538 3664 3666
f 3538 3666 3537
f 3537 3666 3657
f 3537 3657 3519
f 3519 3657 3655
f 3519 3655 3518
f 3518 3655 3654
f 3518 3654 3508
f 3508 3654 3653
f 3508 3653 3533
f 3533 3653 3652
f 3533 3652 3535
f 3535 3652 3651
f 3535 3651 3536
f 3536 3651 3650
f 3536 3650 3507
f 3507 3650 3658
f 3507 3658 3516
f 3516 3658 3660
f 3588 3637 3587
f 3587 3637 3649
f 3587 3649 3586
f 3586 3649 3648
f 3586 3648 3585
f 3585 3648 3646
f 3585 3646 3584
f 3584 3646 3645
f 3584 3645 3583
f 3583 3645 3656
f 3583 3656 3582
f 3582 3656 3668
f 3582 3668 3581
f 3581 3668 3667
f 3581 3667 3580
f 3580 3667 3665
f 3580 3665 3579
f 3579 3665 3663
f 3579 3663 3578
f 3578 3663 3661
f 3578 3661 3577
f 3577 3661 3630
f 3577 3630 3576
f 3576 3630 3632
f 3576 3632 3575
f 3575 3632 3634
f 3575 3634 3574
f 3574 3634 3635
f 3574 3635 3573
f 3573 3635 3605
f 3573 3605 3602
f 3602 3605 3615
f 3602 3615 3601
f 3601 3615 3614
f 3601 3614 3600
f 3600 3614 3612
f 3600 3612 3599
f 3599 3612 3610
f 3599 3610 3598
f 3598 3610 3624
f 3598 3624 3597
f 3597 3624 3623
f 3597 3623 3596
f 3596 3623 3622
f 3596 3622 3595
f 3595 3622 3617
f 3595 3617 3594
f 3594 3617 3616
f 3594 3616 3593
f 3593 3616 3608
f 3593 3608 3592
f 3592 3608 3644
f 3592 3644 3591
f 3591 3644 3643
f 3591 3643 3590
f 3590 3643 3641
f 3590 3641 3589
f 3589 3641 3639
f 3589 3639 3588
f 3588 3639 3637
f 3467 3380 3459
f 3459 3380 3379
f 3459 3379 3460
f 3460 3379 3378
f 3460 3378 3456
f 3456 3378 3377
f 3456 3377 3457
f 3457 3377 3366
f 3457 3366 3453
f 3453 3366 3365
f 3453 3365 3454
f 3454 3365 3408
f 3454 3408 3450
f 3450 3408 3407
f 3450 3407 3451
f 3451 3407 3406
f 3451 3406 3447
f 3447 3406 3405
f 3447 3405 3448
f 3448 3405 3397
f 3448 3397 3444
f 3444 3397 3396
f 3444 3396 3445
f 3445 3396 3395
f 3445 3395 3441
f 3441 3395 3364
f 3441 3364 3442
f 3442 3364 3363
f 3442 3363 3438
f 3438 3363 3394
f 3438 3394 3439
f 3439 3394 3393
f 3439 3393 3435
f 3435 3393 3392
f 3435 3392 3436
f 3436 3392 3391
f 3436 3391 3432
f 3432 3391 3376
f 3432 3376 3433
f 3433 3376 3375
f 3433 3375 3429
f 3429 3375 3404
f 3429 3404 3430
f 3430 3404 3403
f 3430 3403 3426
f 3426 3403 3402
f 3426 3402 3427
f 3427 3402 3401
f 3427 3401 3423
f 3423 3401 3400
f 3423 3400 3424
f 3424 3400 3399
f 3424 3399 3419
f 3419 3399 3398
f 3419 3398 3504
f 3504 3398 3390
f 3504 3390 3505
f 3505 3390 3389
f 3505 3389 3506
f 3506 3389 3411
f 3506 3411 3502
f 3502 3411 3410
f 3502 3410 3503
f 3503 3410 3409
f 3503 3409 3499
f 3499 3409 3418
f 3499 3418 3500
f 3500 3418 3417
f 3500 3417 3496
f 3496 3417 3416
f 3496 3416 3497
f 3497 3416 3415
f 3497 3415 3493
f 3493 3415 3414
f 3493 3414 3494
f 3494 3414 3413
f 3494 3413 3490
f 3490 3413 3412
f 3490 3412 3491
f 3491 3412 3362
f 3491 3362 3487
f 3487 3362 3361
f 3487 3361 3488
f 3488 3361 3374
f 3488 3374 3484
f 3484 3374 3373
f 3484 3373 3485
f 3485 3373 3372
f 3485 3372 3481
f 3481 3372 3371
f 3481 3371 3482
f 3482 3371 3370
f 3482 3370 3478
f 3478 3370 3369
f 3478 3369 3479
f 3479 3369 3388
f 3479 3388 3475
f 3475 3388 3387
f 3475 3387 3476
f 3476 3387 3386
f 3476 3386 3472
f 3472 3386 3385
f 3472 3385 3473
f 3473 3385 3368
f 3473 3368 3469
f 3469 3368 3367
f 3469 3367 3470
f 3470 3367 3384
f 3470 3384 3462
f 3462 3384 3383
f 3462 3383 3464
f 3464 3383 3382
f 3464 3382 3466
f 3466 3382 3381
f 3466 3381 3467
f 3467 3381 3380
f 3669 3670 3671
f 3672 3673 3669
f 3674 3675 3671
f 3671 3675 3676
f 3671 3676 3669
f 3669 3676 3677
f 3669 3677 3672
f 3678 3679 3680
f 3680 3679 3681
f 3682 3683 3674
f 3674 3683 3684
f 3674 3684 3675
f 3675 3684 3685
f 3675 3685 3681
f 3681 3685 3686
f 3681 3686 3680
f 3687 3688 3689
f 3690 3691 3692
f 3692 3691 3693
f 3689 3694 3687
f 3687 3694 3695
f 3687 3695 3691
f 3691 3695 3696
f 3691 3696 3693
f 3697 3698 3699
f 3699 3700 3697
f 3697 3700 3701
f 3697 3701 3702
f 3703 3704 3705
f 3705 3706 3703
f 3703 3706 3702
f 3703 3702 3707
f 3707 3702 3701
f 3707 3701 3708
f 3708 3701 3709
f 3710 3711 3712
f 3712 3711 3702
f 3712 3702 3713
f 3713 3702 3706
f 3714 3715 3716
f 3715 3717 3716
f 3716 3717 3718
f 3716 3718 3719
f 3719 3718 3720
f 3721 3712 3722
f 3723 3724 3722
f 3722 3724 3725
f 3722 3725 3721
f 3720 3726 3719
f 3719 3726 3727
f 3719 3727 3728
f 3728 3727 3729
f 3728 3729 3730
f 3725 3731 3721
f 3721 3731 3732
f 3721 3732 3733
f 3733 3732 3734
f 3733 3734 3735
f 3735 3734 3736
f 3735 3736 3716
f 3716 3736 3737
f 3716 3737 3714
f 3723 3722 3729
f 3729 3722 3738
f 3729 3738 3730
f 3739 3740 3741
f 3742 3743 3744
f 3744 3739 3742
f 3742 3739 3741
f 3742 3741 3745
f 3745 3741 3746
f 3745 3746 3747
f 3747 3746 3748
f 3749 3750 3751
f 3751 3750 3752
f 3753 3754 3728
f 3728 3754 3719
f 3755 3756 3757
f 3757 3756 3758
f 3759 3760 3761
f 3761 3760 3762
f 3763 3764 3765
f 3765 3764 3766
f 3767 3768 3769
f 3769 3768 3770
f 3771 3772 3773
f 3773 3772 3774
f 3775 3776 3777
f 3777 3776 3778
f 3705 3704 3779
f 3779 3704 3780
f 3781 3782 3749
f 3749 3782 3779
f 3749 3779 3750
f 3750 3779 3780
f 3750 3780 3783
f 3783 3780 3784
f 3708 3709 3785
f 3785 3709 3786
f 3787 3788 3755
f 3755 3788 3785
f 3755 3785 3756
f 3756 3785 3786
f 3756 3786 3789
f 3789 3786 3790
f 3699 3698 3791
f 3791 3698 3792
f 3793 3794 3698
f 3698 3794 3795
f 3698 3795 3796
f 3797 3798 3759
f 3759 3798 3791
f 3759 3791 3760
f 3760 3791 3792
f 3760 3792 3799
f 3799 3792 3800
f 3686 3792 3680
f 3680 3792 3698
f 3680 3698 3801
f 3801 3698 3796
f 3683 3682 3802
f 3802 3682 3803
f 3804 3805 3763
f 3763 3805 3802
f 3763 3802 3764
f 3764 3802 3803
f 3764 3803 3806
f 3806 3803 3807
f 3808 3670 3669
f 3809 3810 3768
f 3811 3812 3813
f 3813 3812 3669
f 3814 3815 3813
f 3816 3817 3767
f 3767 3817 3808
f 3767 3808 3768
f 3768 3808 3669
f 3768 3669 3809
f 3809 3669 3812
f 3818 3814 3819
f 3819 3814 3813
f 3819 3813 3820
f 3820 3813 3669
f 3821 3822 3823
f 3824 3825 3771
f 3771 3825 3826
f 3771 3826 3827
f 3827 3828 3771
f 3771 3828 3821
f 3771 3821 3772
f 3772 3821 3823
f 3829 3830 3831
f 3832 3833 3775
f 3775 3833 3834
f 3775 3834 3835
f 3835 3836 3775
f 3775 3836 3829
f 3775 3829 3776
f 3776 3829 3831
f 3837 3838 3839
f 3839 3838 3840
f 3839 3840 3841
f 3841 3840 3842
f 3843 3124 3844
f 3844 3124 3845
f 3753 3846 3847
f 3847 3846 3848
f 3847 3848 3849
f 3754 3753 3850
f 3850 3753 3847
f 3850 3847 3851
f 3851 3847 3849
f 3851 3849 3852
f 3754 3850 3124
f 3124 3850 3853
f 3124 3853 3845
f 3853 3854 3855
f 3854 3856 3855
f 3855 3856 3857
f 3855 3857 3858
f 3752 3859 3860
f 3860 3859 3861
f 3860 3861 3862
f 3751 3752 3863
f 3863 3752 3860
f 3863 3860 3864
f 3864 3860 3862
f 3864 3862 3865
f 3866 3867 3868
f 3868 3867 3869
f 3869 3870 3868
f 3868 3870 3871
f 3868 3871 3757
f 3872 3873 3874
f 3758 3875 3876
f 3876 3875 3877
f 3876 3877 3872
f 3872 3874 3876
f 3876 3874 3878
f 3876 3878 3758
f 3878 3879 3845
f 3858 3880 3855
f 3855 3880 3751
f 3855 3751 3853
f 3853 3751 3863
f 3853 3863 3845
f 3845 3863 3868
f 3845 3868 3878
f 3878 3868 3757
f 3878 3757 3758
f 3879 3881 3882
f 3881 3883 3882
f 3882 3883 3884
f 3882 3884 3885
f 3762 3886 3887
f 3887 3886 3888
f 3887 3888 3889
f 3761 3762 3890
f 3890 3762 3887
f 3890 3887 3891
f 3891 3887 3889
f 3891 3889 3892
f 3893 3894 3845
f 3895 3896 3897
f 3897 3896 3898
f 3898 3899 3897
f 3897 3899 3900
f 3897 3900 3765
f 3901 3902 3903
f 3766 3904 3905
f 3905 3904 3906
f 3905 3906 3901
f 3901 3903 3905
f 3905 3903 3907
f 3905 3907 3766
f 3907 3908 3845
f 3885 3909 3882
f 3882 3909 3761
f 3882 3761 3879
f 3879 3761 3890
f 3879 3890 3845
f 3845 3890 3897
f 3845 3897 3907
f 3907 3897 3765
f 3907 3765 3766
f 3908 3910 3911
f 3910 3912 3911
f 3911 3912 3913
f 3911 3913 3914
f 3770 3915 3916
f 3916 3915 3917
f 3916 3917 3918
f 3769 3770 3919
f 3919 3770 3916
f 3919 3916 3920
f 3920 3916 3918
f 3920 3918 3921
f 3922 3923 3924
f 3925 3926 3924
f 3924 3926 3773
f 3924 3773 3922
f 3923 3927 3924
f 3924 3927 3928
f 3924 3928 3925
f 3929 3930 3931
f 3774 3932 3933
f 3933 3932 3934
f 3933 3934 3929
f 3929 3931 3933
f 3933 3931 3935
f 3933 3935 3774
f 3935 3936 3845
f 3914 3937 3911
f 3911 3937 3769
f 3911 3769 3908
f 3908 3769 3919
f 3908 3919 3845
f 3845 3919 3922
f 3845 3922 3935
f 3935 3922 3773
f 3935 3773 3774
f 3936 3938 3939
f 3938 3940 3939
f 3939 3940 3941
f 3939 3941 3942
f 3778 3943 3944
f 3944 3943 3945
f 3944 3945 3946
f 3777 3778 3947
f 3947 3778 3944
f 3947 3944 3948
f 3948 3944 3946
f 3948 3946 3949
f 3950 3951 3952
f 3951 3953 3952
f 3952 3953 3954
f 3952 3954 3955
f 3955 3956 3952
f 3952 3956 3893
f 3952 3893 3950
f 3950 3893 3845
f 3950 3845 3947
f 3947 3845 3936
f 3947 3936 3777
f 3777 3936 3939
f 3777 3939 3957
f 3957 3939 3942
f 3702 3711 3716
f 3716 3711 3958
f 3959 3960 3843
f 3843 3960 3754
f 3843 3754 3124
f 3961 3719 3962
f 3962 3719 3754
f 3962 3754 3963
f 3963 3754 3960
f 3961 3964 3719
f 3719 3964 3965
f 3719 3965 3716
f 3965 3966 3716
f 3716 3966 3967
f 3716 3967 3968
f 3841 3702 3839
f 3839 3702 3716
f 3839 3716 3837
f 3837 3716 3968
f 3894 3969 3970
f 3971 3972 3973
f 3838 3974 3975
f 3970 3976 3894
f 3894 3976 3844
f 3894 3844 3845
f 3977 3842 3978
f 3978 3842 3840
f 3978 3840 3838
f 3973 3972 3894
f 3894 3972 3979
f 3894 3979 3969
f 3838 3975 3978
f 3978 3975 3980
f 3978 3980 3973
f 3973 3980 3981
f 3973 3981 3971
f 3893 3739 3894
f 3894 3739 3744
f 3982 3983 3984
f 3744 3985 3894
f 3894 3985 3982
f 3894 3982 3973
f 3973 3982 3984
f 3836 3986 3829
f 3829 3986 3987
f 3829 3987 3988
f 3947 3948 3989
f 3989 3948 3829
f 3989 3829 3990
f 3990 3829 3988
f 3991 3748 3992
f 3992 3748 3746
f 3992 3746 3993
f 3993 3746 3994
f 3994 3746 3995
f 3995 3746 3951
f 3995 3951 3950
f 3991 3992 3986
f 3986 3992 3987
f 3828 3996 3821
f 3821 3996 3997
f 3821 3997 3998
f 3935 3931 3999
f 3999 3931 3821
f 3999 3821 4000
f 4000 3821 3998
f 4001 3835 4002
f 4002 3835 3834
f 4002 3834 4003
f 4003 3834 4004
f 4004 3834 4005
f 4005 3834 3938
f 4005 3938 3936
f 4001 4002 3996
f 3996 4002 3997
f 3811 4006 3812
f 3812 4006 4007
f 3812 4007 4008
f 3919 3920 4009
f 4009 3920 3812
f 4009 3812 4010
f 4010 3812 4008
f 4011 3827 4012
f 4012 3827 3826
f 4012 3826 4013
f 4013 3826 4014
f 4014 3826 4015
f 4015 3826 3923
f 4015 3923 3922
f 4011 4012 4006
f 4006 4012 4007
f 3682 3674 3803
f 3803 3674 4016
f 3803 4016 4017
f 3907 3903 4018
f 4018 3903 3803
f 4018 3803 4019
f 4019 3803 4017
f 3671 3670 4020
f 4020 3670 3808
f 4020 3808 4021
f 4021 3808 4022
f 4022 3808 4023
f 4023 3808 3910
f 4023 3910 3908
f 3671 4020 3674
f 3674 4020 4016
f 3686 3685 3792
f 3792 3685 4024
f 3792 4024 4025
f 3890 3891 4026
f 4026 3891 3792
f 4026 3792 4027
f 4027 3792 4025
f 3684 3683 4028
f 4028 3683 3802
f 4028 3802 4029
f 4029 3802 4030
f 4030 3802 4031
f 4031 3802 3895
f 4031 3895 3897
f 3684 4028 3685
f 3685 4028 4024
f 3709 3701 3786
f 3786 3701 4032
f 3786 4032 4033
f 3878 3874 4034
f 4034 3874 3786
f 4034 3786 4035
f 4035 3786 4033
f 3700 3699 4036
f 4036 3699 3791
f 4036 3791 4037
f 4037 3791 4038
f 4038 3791 4039
f 4039 3791 3881
f 4039 3881 3879
f 3700 4036 3701
f 3701 4036 4032
f 3704 3703 3780
f 3780 3703 4040
f 3780 4040 4041
f 3863 3864 4042
f 4042 3864 3780
f 4042 3780 4043
f 4043 3780 4041
f 3707 3708 4044
f 4044 3708 3785
f 4044 3785 4045
f 4045 3785 4046
f 4046 3785 4047
f 4047 3785 3866
f 4047 3866 3868
f 3707 4044 3703
f 3703 4044 4040
f 3712 3713 3722
f 3722 3713 4048
f 3722 4048 4049
f 3850 3851 4050
f 4050 3851 3722
f 4050 3722 4051
f 4051 3722 4049
f 3706 3705 4052
f 4052 3705 3779
f 4052 3779 4053
f 4053 3779 4054
f 4054 3779 4055
f 4055 3779 3854
f 4055 3854 3853
f 4052 4048 3706
f 3706 4048 3713
f 4055 3853 4050
f 4050 3853 3850
f 4047 3868 4042
f 4042 3868 3863
f 4039 3879 4034
f 4034 3879 3878
f 4031 3897 4026
f 4026 3897 3890
f 4023 3908 4018
f 4018 3908 3907
f 4015 3922 4009
f 4009 3922 3919
f 4005 3936 3999
f 3999 3936 3935
f 3995 3950 3989
f 3989 3950 3947
f 4055 4050 4051
f 4055 4051 4054
f 4054 4051 4049
f 4054 4049 4053
f 4053 4049 4048
f 4053 4048 4052
f 4040 4044 4045
f 4040 4045 4041
f 4041 4045 4046
f 4041 4046 4043
f 4043 4046 4047
f 4043 4047 4042
f 4032 4036 4037
f 4032 4037 4033
f 4033 4037 4038
f 4033 4038 4035
f 4035 4038 4039
f 4035 4039 4034
f 4024 4028 4029
f 4024 4029 4025
f 4025 4029 4030
f 4025 4030 4027
f 4027 4030 4031
f 4027 4031 4026
f 4016 4020 4021
f 4016 4021 4017
f 4017 4021 4022
f 4017 4022 4019
f 4019 4022 4023
f 4019 4023 4018
f 4007 4012 4013
f 4007 4013 4008
f 4008 4013 4014
f 4008 4014 4010
f 4010 4014 4015
f 4010 4015 4009
f 3997 4002 4003
f 3997 4003 3998
f 3998 4003 4004
f 3998 4004 4000
f 4000 4004 4005
f 4000 4005 3999
f 3987 3992 3993
f 3987 3993 3988
f 3988 3993 3994
f 3988 3994 3990
f 3990 3994 3995
f 3990 3995 3989
f 3977 3978 3748
f 4056 3748 4057
f 4057 3748 3978
f 4057 3978 4058
f 4058 3978 4059
f 3836 3835 3986
f 3986 3835 4001
f 3748 3991 3977
f 3977 3991 3986
f 3977 3986 4060
f 4060 3986 4001
f 4060 4001 3996
f 3811 3813 4006
f 4006 3813 4060
f 4006 4060 4011
f 4011 4060 3996
f 4011 3996 3827
f 3827 3996 3828
f 3753 3728 3846
f 3846 3728 3730
f 3846 3730 3848
f 3848 3730 3849
f 3849 3730 3738
f 3849 3738 3852
f 3852 3738 3722
f 3852 3722 3851
f 3779 3782 3854
f 3854 3782 3856
f 3781 3749 3751
f 3751 3880 3781
f 3781 3880 3858
f 3781 3858 3782
f 3782 3858 3857
f 3782 3857 3856
f 3752 3750 3859
f 3859 3750 3783
f 3859 3783 3861
f 3861 3783 3862
f 3862 3783 3784
f 3862 3784 3865
f 3865 3784 3780
f 3865 3780 3864
f 3785 3788 3866
f 3866 3788 3867
f 3787 3755 3757
f 3757 3871 3787
f 3787 3871 3870
f 3787 3870 3788
f 3788 3870 3869
f 3788 3869 3867
f 3758 3756 3875
f 3875 3756 3789
f 3875 3789 3877
f 3877 3789 3872
f 3872 3789 3790
f 3872 3790 3873
f 3873 3790 3786
f 3873 3786 3874
f 3791 3798 3881
f 3881 3798 3883
f 3797 3759 3761
f 3761 3909 3797
f 3797 3909 3885
f 3797 3885 3798
f 3798 3885 3884
f 3798 3884 3883
f 3762 3760 3886
f 3886 3760 3799
f 3886 3799 3888
f 3888 3799 3889
f 3889 3799 3800
f 3889 3800 3892
f 3892 3800 3792
f 3892 3792 3891
f 3802 3805 3895
f 3895 3805 3896
f 3804 3763 3765
f 3765 3900 3804
f 3804 3900 3899
f 3804 3899 3805
f 3805 3899 3898
f 3805 3898 3896
f 3766 3764 3904
f 3904 3764 3806
f 3904 3806 3906
f 3906 3806 3901
f 3901 3806 3807
f 3901 3807 3902
f 3902 3807 3803
f 3902 3803 3903
f 3808 3817 3910
f 3910 3817 3912
f 3816 3767 3769
f 3769 3937 3816
f 3816 3937 3914
f 3816 3914 3817
f 3817 3914 3913
f 3817 3913 3912
f 3770 3768 3915
f 3915 3768 3810
f 3915 3810 3917
f 3917 3810 3918
f 3918 3810 3809
f 3918 3809 3921
f 3921 3809 3812
f 3921 3812 3920
f 3826 3825 3923
f 3923 3825 3927
f 3824 3771 3773
f 3773 3926 3824
f 3824 3926 3925
f 3824 3925 3825
f 3825 3925 3928
f 3825 3928 3927
f 3774 3772 3932
f 3932 3772 3823
f 3932 3823 3934
f 3934 3823 3929
f 3929 3823 3822
f 3929 3822 3930
f 3930 3822 3821
f 3930 3821 3931
f 3834 3833 3938
f 3938 3833 3940
f 3832 3775 3777
f 3777 3957 3832
f 3832 3957 3942
f 3832 3942 3833
f 3833 3942 3941
f 3833 3941 3940
f 3778 3776 3943
f 3943 3776 3831
f 3943 3831 3945
f 3945 3831 3946
f 3946 3831 3830
f 3946 3830 3949
f 3949 3830 3829
f 3949 3829 3948
f 3746 3741 3951
f 3951 3741 3953
f 3740 3739 3893
f 3893 3956 3740
f 3740 3956 3955
f 3740 3955 3741
f 3741 3955 3954
f 3741 3954 3953
f 3743 3742 4061
f 4061 3742 4062
f 4063 4064 4062
f 4062 4064 4056
f 4062 4056 4061
f 4061 4056 4057
f 4061 4057 3985
f 3985 4057 3982
f 3735 3716 4065
f 4065 3716 3958
f 3958 3711 4065
f 4065 3711 3710
f 4065 3710 4066
f 4066 3710 4067
f 4062 3742 3745
f 4062 3745 4063
f 4063 3745 3747
f 4063 3747 4064
f 4064 3747 3748
f 4064 3748 4056
f 3710 3712 3721
f 3710 3721 4067
f 4067 3721 3733
f 4067 3733 4066
f 4066 3733 3735
f 4066 3735 4065
f 3743 4061 3744
f 3744 4061 3985
f 3978 3973 3984
f 3978 3984 4059
f 4059 3984 3983
f 4059 3983 4058
f 4058 3983 3982
f 4058 3982 4057
f 3960 3970 3963
f 3963 3970 3969
f 3963 3969 3962
f 3962 3969 3979
f 3962 3979 3961
f 3961 3979 3972
f 3961 3972 3964
f 3964 3972 3971
f 3964 3971 3965
f 3965 3971 3981
f 3965 3981 3966
f 3966 3981 3980
f 3966 3980 3967
f 3967 3980 3975
f 3843 3844 3976
f 3843 3976 3959
f 3959 3976 3970
f 3959 3970 3960
f 3838 3837 3968
f 3838 3968 3974
f 3974 3968 3967
f 3974 3967 3975
f 4068 3737 4069
f 4069 3737 3736
f 4070 3718 4071
f 4071 3718 3717
f 4072 3729 4073
f 4073 3729 3727
f 4074 3731 4075
f 4075 3731 3725
f 4076 4077 4078
f 4078 4077 4079
f 3729 4072 3723
f 3723 4072 4080
f 3723 4080 3724
f 3724 4080 4081
f 3724 4081 3725
f 3725 4081 4075
f 3731 4074 3732
f 3732 4074 4082
f 3732 4082 3734
f 3734 4082 4083
f 3734 4083 3736
f 3736 4083 4069
f 3718 4070 3720
f 3720 4070 4084
f 3720 4084 3726
f 3726 4084 4085
f 3726 4085 3727
f 3727 4085 4073
f 3737 4068 3714
f 3714 4068 4086
f 3714 4086 3715
f 3715 4086 4087
f 3715 4087 3717
f 3717 4087 4071
f 3842 3977 4060
f 3841 3842 3691
f 3691 3842 3687
f 3842 4060 3687
f 3687 4060 4088
f 3687 4088 4089
f 4089 4090 3687
f 3687 4090 4091
f 3687 4091 4092
f 4093 4094 3691
f 3691 4094 4095
f 3702 3841 3697
f 3697 3841 3691
f 3697 3691 4096
f 4096 3691 4095
f 4096 4095 4097
f 3678 3680 3801
f 3691 3690 4093
f 4093 3690 3678
f 3678 3801 4093
f 4093 3801 3796
f 4093 3796 4094
f 4094 3796 3795
f 4094 3795 4095
f 4095 3795 3794
f 4095 3794 4097
f 4097 3794 3793
f 4097 3793 4096
f 4096 3793 3698
f 4096 3698 3697
f 3688 3687 4092
f 4060 3813 3815
f 3820 3669 3673
f 4060 3815 4088
f 4088 3815 3814
f 4088 3814 4089
f 4089 3814 3818
f 4089 3818 4090
f 4090 3818 3819
f 4090 3819 4091
f 4091 3819 3820
f 4091 3820 4092
f 4092 3820 3673
f 4092 3673 3688
f 4098 3678 4099
f 4099 3678 3690
f 4100 3676 4101
f 4101 3676 3675
f 4102 3688 4103
f 4103 3688 3673
f 4104 3696 4105
f 4105 3696 3695
f 4106 4107 4108
f 4108 4107 4109
f 3688 4102 3689
f 3689 4102 4110
f 3689 4110 3694
f 3694 4110 4111
f 3694 4111 3695
f 3695 4111 4105
f 3676 4100 3677
f 3677 4100 4112
f 3677 4112 3672
f 3672 4112 4113
f 3672 4113 3673
f 3673 4113 4103
f 3696 4104 3693
f 3693 4104 4114
f 3693 4114 3692
f 3692 4114 4115
f 3692 4115 3690
f 3690 4115 4099
f 3678 4098 3679
f 3679 4098 4116
f 3679 4116 3681
f 3681 4116 4117
f 3681 4117 3675
f 3675 4117 4101
f 4109 4118 4119
f 4120 4118 4109
f 4121 4120 4109
f 4121 4122 4120
f 4120 4122 4123
f 4120 4123 4118
f 4118 4123 4124
f 4118 4124 4119
f 4119 4124 4125
f 4122 4103 4123
f 4123 4103 4113
f 4123 4113 4124
f 4124 4113 4112
f 4124 4112 4125
f 4125 4112 4100
f 4100 4101 4125
f 4125 4101 4126
f 4125 4126 4119
f 4119 4126 4127
f 4119 4127 4109
f 4109 4127 4108
f 4102 4103 4128
f 4128 4103 4122
f 4128 4122 4129
f 4129 4122 4121
f 4129 4121 4107
f 4107 4121 4109
f 4108 4130 4131
f 4132 4130 4108
f 4127 4132 4108
f 4127 4126 4132
f 4132 4126 4133
f 4132 4133 4130
f 4130 4133 4134
f 4130 4134 4131
f 4131 4134 4135
f 4126 4101 4133
f 4133 4101 4117
f 4133 4117 4134
f 4134 4117 4116
f 4134 4116 4135
f 4135 4116 4098
f 4107 4136 4129
f 4137 4136 4107
f 4138 4137 4107
f 4138 4139 4137
f 4137 4139 4140
f 4137 4140 4136
f 4136 4140 4141
f 4136 4141 4129
f 4129 4141 4128
f 4139 4105 4140
f 4140 4105 4111
f 4140 4111 4141
f 4141 4111 4110
f 4141 4110 4128
f 4128 4110 4102
f 4098 4099 4135
f 4135 4099 4142
f 4135 4142 4131
f 4131 4142 4143
f 4131 4143 4108
f 4108 4143 4106
f 4104 4105 4144
f 4144 4105 4139
f 4144 4139 4145
f 4145 4139 4138
f 4145 4138 4106
f 4106 4138 4107
f 4106 4146 4145
f 4147 4146 4106
f 4143 4147 4106
f 4143 4142 4147
f 4147 4142 4148
f 4147 4148 4146
f 4146 4148 4149
f 4146 4149 4145
f 4145 4149 4144
f 4142 4099 4148
f 4148 4099 4115
f 4148 4115 4149
f 4149 4115 4114
f 4149 4114 4144
f 4144 4114 4104
f 4079 4150 4151
f 4152 4150 4079
f 4153 4152 4079
f 4153 4154 4152
f 4152 4154 4155
f 4152 4155 4150
f 4150 4155 4156
f 4150 4156 4151
f 4151 4156 4157
f 4154 4073 4155
f 4155 4073 4085
f 4155 4085 4156
f 4156 4085 4084
f 4156 4084 4157
f 4157 4084 4070
f 4070 4071 4157
f 4157 4071 4158
f 4157 4158 4151
f 4151 4158 4159
f 4151 4159 4079
f 4079 4159 4078
f 4072 4073 4160
f 4160 4073 4154
f 4160 4154 4161
f 4161 4154 4153
f 4161 4153 4077
f 4077 4153 4079
f 4078 4162 4163
f 4164 4162 4078
f 4159 4164 4078
f 4159 4158 4164
f 4164 4158 4165
f 4164 4165 4162
f 4162 4165 4166
f 4162 4166 4163
f 4163 4166 4167
f 4158 4071 4165
f 4165 4071 4087
f 4165 4087 4166
f 4166 4087 4086
f 4166 4086 4167
f 4167 4086 4068
f 4077 4168 4161
f 4169 4168 4077
f 4170 4169 4077
f 4170 4171 4169
f 4169 4171 4172
f 4169 4172 4168
f 4168 4172 4173
f 4168 4173 4161
f 4161 4173 4160
f 4171 4075 4172
f 4172 4075 4081
f 4172 4081 4173
f 4173 4081 4080
f 4173 4080 4160
f 4160 4080 4072
f 4068 4069 4167
f 4167 4069 4174
f 4167 4174 4163
f 4163 4174 4175
f 4163 4175 4078
f 4078 4175 4076
f 4074 4075 4176
f 4176 4075 4171
f 4176 4171 4177
f 4177 4171 4170
f 4177 4170 4076
f 4076 4170 4077
f 4076 4178 4177
f 4179 4178 4076
f 4175 4179 4076
f 4175 4174 4179
f 4179 4174 4180
f 4179 4180 4178
f 4178 4180 4181
f 4178 4181 4177
f 4177 4181 4176
f 4174 4069 4180
f 4180 4069 4083
f 4180 4083 4181
f 4181 4083 4082
f 4181 4082 4176
f 4176 4082 4074
f 4182 4183 4184
f 4185 4186 4182
f 4182 4186 4187
f 4182 4187 4188
f 4189 4190 4191
f 4191 4190 4192
f 4182 4184 4185
f 4185 4184 4191
f 4185 4191 4193
f 4193 4191 4192
f 4193 4192 4194
f 4195 4196 4197
f 4194 4198 4193
f 4193 4198 4195
f 4193 4195 4199
f 4199 4195 4197
f 4200 4201 4202
f 4203 4204 4205
f 4205 4204 4206
f 4200 4202 4207
f 4207 4202 4205
f 4207 4205 4208
f 4208 4205 4206
f 4208 4206 4209
f 4210 4211 4209
f 4209 4211 4212
f 4209 4212 4208
f 4208 4212 4213
f 4208 4213 4214
f 4214 4213 4215
f 4216 4217 4218
f 4218 4217 4214
f 4218 4214 4219
f 4219 4214 4215
f 4220 4221 4222
f 4223 4224 4225
f 4225 4224 4226
f 4222 4227 4220
f 4220 4227 4228
f 4220 4228 4224
f 4224 4228 4229
f 4224 4229 4226
f 4230 4231 4232
f 4232 4231 4233
f 4232 4233 4234
f 4234 4233 4235
f 4234 4235 4236
f 4237 4238 4239
f 4239 4238 4240
f 4240 4241 4239
f 4239 4241 4242
f 4239 4242 4243
f 4244 4245 4232
f 4232 4245 4246
f 4232 4246 4230
f 4241 4247 4242
f 4242 4247 4248
f 4242 4248 4249
f 4249 4248 4245
f 4249 4245 4250
f 4250 4245 4244
f 4236 4251 4234
f 4234 4251 4252
f 4234 4252 4253
f 4253 4252 4254
f 4253 4254 4237
f 4237 4254 4255
f 4237 4255 4238
f 4256 4215 4257
f 4258 4259 4257
f 4257 4259 4260
f 4257 4260 4256
f 4261 4262 4263
f 4263 4262 4259
f 4263 4259 4264
f 4264 4259 4258
f 4244 4232 4265
f 4265 4232 4266
f 4267 4268 4269
f 4269 4268 4270
f 4271 4272 4273
f 4273 4272 4274
f 4275 4276 4277
f 4277 4276 4278
f 4279 4280 4281
f 4281 4280 4282
f 4283 4284 4285
f 4285 4284 4286
f 4287 4288 4289
f 4289 4288 4290
f 4291 4292 4293
f 4293 4292 4294
f 4295 4296 4297
f 4297 4296 4298
f 4299 4300 4267
f 4267 4300 4297
f 4267 4297 4268
f 4268 4297 4298
f 4268 4298 4301
f 4301 4298 4302
f 4303 4304 4305
f 4305 4304 4306
f 4307 4308 4271
f 4271 4308 4305
f 4271 4305 4272
f 4272 4305 4306
f 4272 4306 4309
f 4309 4306 4310
f 4183 4182 4311
f 4311 4182 4312
f 4313 4314 4275
f 4275 4314 4311
f 4275 4311 4276
f 4276 4311 4312
f 4276 4312 4315
f 4315 4312 4316
f 4317 4318 4182
f 4182 4318 4319
f 4320 4312 4321
f 4321 4312 4182
f 4321 4182 4322
f 4322 4182 4319
f 4322 4319 4323
f 4190 4189 4324
f 4324 4189 4325
f 4326 4327 4279
f 4279 4327 4324
f 4279 4324 4280
f 4280 4324 4325
f 4280 4325 4328
f 4328 4325 4329
f 4330 4201 4200
f 4195 4198 4330
f 4330 4198 4331
f 4330 4200 4195
f 4195 4200 4332
f 4195 4332 4333
f 4334 4335 4283
f 4283 4335 4330
f 4283 4330 4284
f 4284 4330 4331
f 4284 4331 4336
f 4336 4331 4337
f 4333 4338 4195
f 4195 4338 4339
f 4195 4339 4340
f 4341 4342 4343
f 4344 4345 4287
f 4287 4345 4346
f 4287 4346 4204
f 4204 4203 4287
f 4287 4203 4341
f 4287 4341 4288
f 4288 4341 4343
f 4347 4348 4349
f 4350 4351 4291
f 4291 4351 4352
f 4291 4352 4211
f 4211 4210 4291
f 4291 4210 4347
f 4291 4347 4292
f 4292 4347 4349
f 4353 4354 4355
f 4355 4354 4356
f 4355 4356 4357
f 4358 4359 4360
f 4360 4359 4356
f 4360 4356 4361
f 4361 4356 4354
f 4358 4362 4359
f 4359 4362 4363
f 4359 4363 4214
f 4363 4364 4214
f 4214 4364 4365
f 4214 4365 4366
f 4367 4208 4368
f 4368 4208 4214
f 4368 4214 4369
f 4369 4214 4366
f 4370 4371 4234
f 4234 4371 4372
f 4266 4373 4374
f 4375 4376 4232
f 4377 4378 4379
f 4374 4380 4266
f 4266 4380 4381
f 4266 4381 3157
f 4372 4382 4234
f 4234 4382 4383
f 4234 4383 4377
f 4232 4376 4266
f 4266 4376 4384
f 4266 4384 4373
f 4377 4379 4234
f 4234 4379 4385
f 4234 4385 4232
f 4232 4385 4386
f 4232 4386 4375
f 4387 4388 4389
f 4389 4388 4390
f 4389 4390 4391
f 4356 4387 4392
f 4392 4387 4389
f 4392 4389 4393
f 4393 4389 4391
f 4393 4391 4394
f 4356 4392 4357
f 4357 4392 4395
f 4357 4395 3157
f 4395 4396 4397
f 4396 4398 4397
f 4397 4398 4399
f 4397 4399 4400
f 4294 4401 4402
f 4402 4401 4403
f 4402 4403 4404
f 4293 4294 4405
f 4405 4294 4402
f 4405 4402 4406
f 4406 4402 4404
f 4406 4404 4407
f 4408 4409 4410
f 4410 4409 4411
f 4411 4412 4410
f 4410 4412 4413
f 4410 4413 4289
f 4414 4415 4416
f 4290 4417 4418
f 4418 4417 4419
f 4418 4419 4414
f 4414 4416 4418
f 4418 4416 4420
f 4418 4420 4290
f 4420 4421 3157
f 4400 4422 4397
f 4397 4422 4293
f 4397 4293 4395
f 4395 4293 4405
f 4395 4405 3157
f 3157 4405 4410
f 3157 4410 4420
f 4420 4410 4289
f 4420 4289 4290
f 4421 4423 4424
f 4423 4425 4424
f 4424 4425 4426
f 4424 4426 4427
f 4286 4428 4429
f 4429 4428 4430
f 4429 4430 4431
f 4285 4286 4432
f 4432 4286 4429
f 4432 4429 4433
f 4433 4429 4431
f 4433 4431 4434
f 4265 4266 3157
f 4435 4436 4437
f 4437 4436 4438
f 4438 4439 4437
f 4437 4439 4440
f 4437 4440 4281
f 4441 4442 4443
f 4282 4444 4445
f 4445 4444 4446
f 4445 4446 4441
f 4441 4443 4445
f 4445 4443 4447
f 4445 4447 4282
f 4447 4448 3157
f 4427 4449 4424
f 4424 4449 4285
f 4424 4285 4421
f 4421 4285 4432
f 4421 4432 3157
f 3157 4432 4437
f 3157 4437 4447
f 4447 4437 4281
f 4447 4281 4282
f 4448 4450 4451
f 4450 4452 4451
f 4451 4452 4453
f 4451 4453 4454
f 4278 4455 4456
f 4456 4455 4457
f 4456 4457 4458
f 4277 4278 4459
f 4459 4278 4456
f 4459 4456 4460
f 4460 4456 4458
f 4460 4458 4461
f 4462 4463 4464
f 4465 4466 4464
f 4464 4466 4273
f 4464 4273 4462
f 4463 4467 4464
f 4464 4467 4468
f 4464 4468 4465
f 4469 4470 4471
f 4274 4472 4473
f 4473 4472 4474
f 4473 4474 4469
f 4469 4471 4473
f 4473 4471 4475
f 4473 4475 4274
f 4475 4476 3157
f 4454 4477 4451
f 4451 4477 4277
f 4451 4277 4448
f 4448 4277 4459
f 4448 4459 3157
f 3157 4459 4462
f 3157 4462 4475
f 4475 4462 4273
f 4475 4273 4274
f 4476 4478 4479
f 4478 4480 4479
f 4479 4480 4481
f 4479 4481 4482
f 4270 4483 4484
f 4484 4483 4485
f 4484 4485 4486
f 4269 4270 4487
f 4487 4270 4484
f 4487 4484 4488
f 4488 4484 4486
f 4488 4486 4489
f 4490 4491 4492
f 4491 4493 4492
f 4492 4493 4494
f 4492 4494 4495
f 4495 4496 4492
f 4492 4496 4265
f 4492 4265 4490
f 4490 4265 3157
f 4490 3157 4487
f 4487 3157 4476
f 4487 4476 4269
f 4269 4476 4479
f 4269 4479 4497
f 4497 4479 4482
f 4355 4357 4381
f 4381 4357 3157
f 4382 4367 4383
f 4383 4367 4368
f 4383 4368 4377
f 4377 4368 4369
f 4498 4499 4261
f 4500 4501 4359
f 4359 4501 4498
f 4359 4498 4356
f 4356 4498 4261
f 4356 4261 4387
f 4387 4261 4263
f 4212 4211 4502
f 4502 4211 4352
f 4502 4352 4503
f 4503 4352 4504
f 4504 4352 4505
f 4505 4352 4396
f 4505 4396 4395
f 4215 4213 4257
f 4257 4213 4506
f 4257 4506 4507
f 4392 4393 4508
f 4508 4393 4257
f 4508 4257 4509
f 4509 4257 4507
f 4212 4502 4213
f 4213 4502 4506
f 4206 4204 4510
f 4510 4204 4346
f 4510 4346 4511
f 4511 4346 4512
f 4512 4346 4513
f 4513 4346 4408
f 4513 4408 4410
f 4210 4209 4347
f 4347 4209 4514
f 4347 4514 4515
f 4405 4406 4516
f 4516 4406 4347
f 4516 4347 4517
f 4517 4347 4515
f 4206 4510 4209
f 4209 4510 4514
f 4202 4201 4518
f 4518 4201 4330
f 4518 4330 4519
f 4519 4330 4520
f 4520 4330 4521
f 4521 4330 4423
f 4521 4423 4421
f 4203 4205 4341
f 4341 4205 4522
f 4341 4522 4523
f 4420 4416 4524
f 4524 4416 4341
f 4524 4341 4525
f 4525 4341 4523
f 4202 4518 4205
f 4205 4518 4522
f 4192 4190 4526
f 4526 4190 4324
f 4526 4324 4527
f 4527 4324 4528
f 4528 4324 4529
f 4529 4324 4435
f 4529 4435 4437
f 4198 4194 4331
f 4331 4194 4530
f 4331 4530 4531
f 4432 4433 4532
f 4532 4433 4331
f 4532 4331 4533
f 4533 4331 4531
f 4192 4526 4194
f 4194 4526 4530
f 4184 4183 4534
f 4534 4183 4311
f 4534 4311 4535
f 4535 4311 4536
f 4536 4311 4537
f 4537 4311 4450
f 4537 4450 4448
f 4189 4191 4325
f 4325 4191 4538
f 4325 4538 4539
f 4447 4443 4540
f 4540 4443 4325
f 4540 4325 4541
f 4541 4325 4539
f 4184 4534 4191
f 4191 4534 4538
f 4542 4303 4543
f 4543 4303 4305
f 4543 4305 4544
f 4544 4305 4545
f 4545 4305 4546
f 4546 4305 4463
f 4546 4463 4462
f 4320 4547 4312
f 4312 4547 4548
f 4312 4548 4549
f 4459 4460 4550
f 4550 4460 4312
f 4550 4312 4551
f 4551 4312 4549
f 4542 4543 4547
f 4547 4543 4548
f 4552 4295 4553
f 4553 4295 4297
f 4553 4297 4554
f 4554 4297 4555
f 4555 4297 4556
f 4556 4297 4478
f 4556 4478 4476
f 4304 4557 4306
f 4306 4557 4558
f 4306 4558 4559
f 4475 4471 4560
f 4560 4471 4306
f 4560 4306 4561
f 4561 4306 4559
f 4552 4553 4557
f 4557 4553 4558
f 4562 4243 4563
f 4563 4243 4242
f 4563 4242 4564
f 4564 4242 4565
f 4565 4242 4566
f 4566 4242 4491
f 4566 4491 4490
f 4296 4567 4298
f 4298 4567 4568
f 4298 4568 4569
f 4487 4488 4570
f 4570 4488 4298
f 4570 4298 4571
f 4571 4298 4569
f 4563 4568 4562
f 4562 4568 4567
f 4566 4490 4570
f 4570 4490 4487
f 4556 4476 4560
f 4560 4476 4475
f 4546 4462 4550
f 4550 4462 4459
f 4537 4448 4540
f 4540 4448 4447
f 4529 4437 4532
f 4532 4437 4432
f 4521 4421 4524
f 4524 4421 4420
f 4513 4410 4516
f 4516 4410 4405
f 4505 4395 4508
f 4508 4395 4392
f 4506 4502 4503
f 4506 4503 4507
f 4507 4503 4504
f 4507 4504 4509
f 4509 4504 4505
f 4509 4505 4508
f 4514 4510 4511
f 4514 4511 4515
f 4515 4511 4512
f 4515 4512 4517
f 4517 4512 4513
f 4517 4513 4516
f 4522 4518 4519
f 4522 4519 4523
f 4523 4519 4520
f 4523 4520 4525
f 4525 4520 4521
f 4525 4521 4524
f 4530 4526 4527
f 4530 4527 4531
f 4531 4527 4528
f 4531 4528 4533
f 4533 4528 4529
f 4533 4529 4532
f 4538 4534 4535
f 4538 4535 4539
f 4539 4535 4536
f 4539 4536 4541
f 4541 4536 4537
f 4541 4537 4540
f 4548 4543 4544
f 4548 4544 4549
f 4549 4544 4545
f 4549 4545 4551
f 4551 4545 4546
f 4551 4546 4550
f 4558 4553 4554
f 4558 4554 4559
f 4559 4554 4555
f 4559 4555 4561
f 4561 4555 4556
f 4561 4556 4560
f 4566 4570 4571
f 4566 4571 4565
f 4565 4571 4569
f 4565 4569 4564
f 4564 4569 4568
f 4564 4568 4563
f 4371 4572 4243
f 4371 4243 4372
f 4296 4295 4567
f 4567 4295 4552
f 4243 4562 4372
f 4372 4562 4567
f 4372 4567 4573
f 4573 4567 4552
f 4573 4552 4557
f 4320 4321 4547
f 4547 4321 4573
f 4547 4573 4542
f 4542 4573 4557
f 4542 4557 4303
f 4303 4557 4304
f 4387 4263 4388
f 4388 4263 4264
f 4388 4264 4390
f 4390 4264 4391
f 4391 4264 4258
f 4391 4258 4394
f 4394 4258 4257
f 4394 4257 4393
f 4352 4351 4396
f 4396 4351 4398
f 4350 4291 4293
f 4293 4422 4350
f 4350 4422 4400
f 4350 4400 4351
f 4351 4400 4399
f 4351 4399 4398
f 4294 4292 4401
f 4401 4292 4349
f 4401 4349 4403
f 4403 4349 4404
f 4404 4349 4348
f 4404 4348 4407
f 4407 4348 4347
f 4407 4347 4406
f 4346 4345 4408
f 4408 4345 4409
f 4344 4287 4289
f 4289 4413 4344
f 4344 4413 4412
f 4344 4412 4345
f 4345 4412 4411
f 4345 4411 4409
f 4290 4288 4417
f 4417 4288 4343
f 4417 4343 4419
f 4419 4343 4414
f 4414 4343 4342
f 4414 4342 4415
f 4415 4342 4341
f 4415 4341 4416
f 4330 4335 4423
f 4423 4335 4425
f 4334 4283 4285
f 4285 4449 4334
f 4334 4449 4427
f 4334 4427 4335
f 4335 4427 4426
f 4335 4426 4425
f 4286 4284 4428
f 4428 4284 4336
f 4428 4336 4430
f 4430 4336 4431
f 4431 4336 4337
f 4431 4337 4434
f 4434 4337 4331
f 4434 4331 4433
f 4324 4327 4435
f 4435 4327 4436
f 4326 4279 4281
f 4281 4440 4326
f 4326 4440 4439
f 4326 4439 4327
f 4327 4439 4438
f 4327 4438 4436
f 4282 4280 4444
f 4444 4280 4328
f 4444 4328 4446
f 4446 4328 4441
f 4441 4328 4329
f 4441 4329 4442
f 4442 4329 4325
f 4442 4325 4443
f 4311 4314 4450
f 4450 4314 4452
f 4313 4275 4277
f 4277 4477 4313
f 4313 4477 4454
f 4313 4454 4314
f 4314 4454 4453
f 4314 4453 4452
f 4278 4276 4455
f 4455 4276 4315
f 4455 4315 4457
f 4457 4315 4458
f 4458 4315 4316
f 4458 4316 4461
f 4461 4316 4312
f 4461 4312 4460
f 4305 4308 4463
f 4463 4308 4467
f 4307 4271 4273
f 4273 4466 4307
f 4307 4466 4465
f 4307 4465 4308
f 4308 4465 4468
f 4308 4468 4467
f 4274 4272 4472
f 4472 4272 4309
f 4472 4309 4474
f 4474 4309 4469
f 4469 4309 4310
f 4469 4310 4470
f 4470 4310 4306
f 4470 4306 4471
f 4297 4300 4478
f 4478 4300 4480
f 4299 4267 4269
f 4269 4497 4299
f 4299 4497 4482
f 4299 4482 4300
f 4300 4482 4481
f 4300 4481 4480
f 4270 4268 4483
f 4483 4268 4301
f 4483 4301 4485
f 4485 4301 4486
f 4486 4301 4302
f 4486 4302 4489
f 4489 4302 4298
f 4489 4298 4488
f 4242 4249 4491
f 4491 4249 4493
f 4250 4244 4265
f 4265 4496 4250
f 4250 4496 4495
f 4250 4495 4249
f 4249 4495 4494
f 4249 4494 4493
f 4574 4575 4262
f 4262 4575 4259
f 4499 4498 4574
f 4574 4498 4218
f 4574 4218 4575
f 4575 4218 4219
f 4575 4219 4576
f 4576 4219 4577
f 4578 4370 4253
f 4253 4370 4234
f 4579 4580 4578
f 4578 4580 4572
f 4578 4572 4370
f 4370 4572 4371
f 4219 4215 4256
f 4219 4256 4577
f 4577 4256 4260
f 4577 4260 4576
f 4576 4260 4259
f 4576 4259 4575
f 4578 4253 4237
f 4578 4237 4579
f 4579 4237 4239
f 4579 4239 4580
f 4580 4239 4243
f 4580 4243 4572
f 4261 4499 4262
f 4262 4499 4574
f 4218 4498 4501
f 4218 4501 4216
f 4216 4501 4500
f 4216 4500 4217
f 4217 4500 4359
f 4217 4359 4214
f 4379 4365 4385
f 4385 4365 4364
f 4385 4364 4386
f 4386 4364 4363
f 4386 4363 4375
f 4375 4363 4362
f 4375 4362 4376
f 4376 4362 4358
f 4376 4358 4384
f 4384 4358 4360
f 4384 4360 4373
f 4373 4360 4361
f 4373 4361 4374
f 4374 4361 4354
f 4377 4369 4366
f 4377 4366 4378
f 4378 4366 4365
f 4378 4365 4379
f 4374 4354 4353
f 4374 4353 4380
f 4380 4353 4355
f 4380 4355 4381
f 4581 4246 4582
f 4582 4246 4245
f 4583 4235 4584
f 4584 4235 4233
f 4585 4254 4586
f 4586 4254 4252
f 4587 4241 4588
f 4588 4241 4240
f 4589 4590 4591
f 4591 4590 4592
f 4254 4585 4255
f 4255 4585 4593
f 4255 4593 4238
f 4238 4593 4594
f 4238 4594 4240
f 4240 4594 4588
f 4241 4587 4247
f 4247 4587 4595
f 4247 4595 4248
f 4248 4595 4596
f 4248 4596 4245
f 4245 4596 4582
f 4235 4583 4236
f 4236 4583 4597
f 4236 4597 4251
f 4251 4597 4598
f 4251 4598 4252
f 4252 4598 4586
f 4246 4581 4230
f 4230 4581 4599
f 4230 4599 4231
f 4231 4599 4600
f 4231 4600 4233
f 4233 4600 4584
f 4207 4208 4367
f 4367 4382 4573
f 4573 4382 4372
f 4601 4602 4573
f 4573 4602 4603
f 4573 4603 4604
f 4605 4606 4207
f 4604 4607 4573
f 4573 4607 4220
f 4573 4220 4367
f 4367 4220 4224
f 4367 4224 4207
f 4608 4605 4609
f 4609 4605 4207
f 4609 4207 4610
f 4610 4207 4224
f 4221 4220 4607
f 4573 4321 4322
f 4317 4182 4188
f 4573 4322 4601
f 4601 4322 4323
f 4601 4323 4602
f 4602 4323 4319
f 4602 4319 4603
f 4603 4319 4318
f 4603 4318 4604
f 4604 4318 4317
f 4604 4317 4607
f 4607 4317 4188
f 4607 4188 4221
f 4196 4195 4340
f 4224 4223 4610
f 4610 4223 4196
f 4196 4340 4610
f 4610 4340 4339
f 4610 4339 4609
f 4609 4339 4338
f 4609 4338 4608
f 4608 4338 4333
f 4608 4333 4605
f 4605 4333 4332
f 4605 4332 4606
f 4606 4332 4200
f 4606 4200 4207
f 4611 4612 4223
f 4223 4612 4196
f 4185 4193 4613
f 4613 4193 4614
f 4221 4188 4615
f 4615 4188 4616
f 4617 4618 4228
f 4228 4618 4229
f 4619 4620 4621
f 4621 4620 4622
f 4221 4615 4222
f 4222 4615 4623
f 4222 4623 4227
f 4227 4623 4624
f 4227 4624 4228
f 4228 4624 4617
f 4618 4617 4625
f 4625 4617 4626
f 4625 4626 4627
f 4627 4626 4628
f 4627 4628 4620
f 4620 4628 4622
f 4229 4618 4226
f 4226 4618 4629
f 4226 4629 4225
f 4225 4629 4630
f 4225 4630 4223
f 4223 4630 4611
f 4631 4626 4617
f 4631 4617 4632
f 4622 4628 4633
f 4633 4628 4634
f 4633 4634 4635
f 4635 4634 4636
f 4635 4636 4615
f 4615 4636 4623
f 4628 4626 4634
f 4634 4626 4631
f 4634 4631 4636
f 4636 4631 4632
f 4636 4632 4623
f 4623 4632 4624
f 4624 4632 4617
f 4637 4629 4618
f 4637 4618 4638
f 4611 4630 4639
f 4639 4630 4640
f 4639 4640 4641
f 4641 4640 4642
f 4641 4642 4620
f 4620 4642 4627
f 4630 4629 4640
f 4640 4629 4637
f 4640 4637 4642
f 4642 4637 4638
f 4642 4638 4627
f 4627 4638 4625
f 4625 4638 4618
f 4185 4613 4186
f 4186 4613 4643
f 4186 4643 4187
f 4187 4643 4644
f 4187 4644 4188
f 4188 4644 4616
f 4615 4616 4635
f 4635 4616 4645
f 4635 4645 4633
f 4633 4645 4646
f 4633 4646 4622
f 4622 4646 4621
f 4612 4611 4647
f 4647 4611 4639
f 4647 4639 4648
f 4648 4639 4641
f 4648 4641 4619
f 4619 4641 4620
f 4196 4612 4197
f 4197 4612 4649
f 4197 4649 4199
f 4199 4649 4650
f 4199 4650 4193
f 4193 4650 4614
f 4651 4645 4616
f 4651 4616 4652
f 4621 4646 4653
f 4653 4646 4654
f 4653 4654 4655
f 4655 4654 4656
f 4655 4656 4613
f 4613 4656 4643
f 4646 4645 4654
f 4654 4645 4651
f 4654 4651 4656
f 4656 4651 4652
f 4656 4652 4643
f 4643 4652 4644
f 4644 4652 4616
f 4657 4649 4612
f 4657 4612 4658
f 4614 4650 4659
f 4659 4650 4660
f 4659 4660 4661
f 4661 4660 4662
f 4661 4662 4619
f 4619 4662 4648
f 4650 4649 4660
f 4660 4649 4657
f 4660 4657 4662
f 4662 4657 4658
f 4662 4658 4648
f 4648 4658 4647
f 4647 4658 4612
f 4613 4614 4655
f 4655 4614 4659
f 4655 4659 4653
f 4653 4659 4661
f 4653 4661 4621
f 4621 4661 4619
f 4592 4663 4664
f 4665 4663 4592
f 4666 4665 4592
f 4666 4667 4665
f 4665 4667 4668
f 4665 4668 4663
f 4663 4668 4669
f 4663 4669 4664
f 4664 4669 4670
f 4667 4586 4668
f 4668 4586 4598
f 4668 4598 4669
f 4669 4598 4597
f 4669 4597 4670
f 4670 4597 4583
f 4583 4584 4670
f 4670 4584 4671
f 4670 4671 4664
f 4664 4671 4672
f 4664 4672 4592
f 4592 4672 4591
f 4585 4586 4673
f 4673 4586 4667
f 4673 4667 4674
f 4674 4667 4666
f 4674 4666 4590
f 4590 4666 4592
f 4591 4675 4676
f 4677 4675 4591
f 4672 4677 4591
f 4672 4671 4677
f 4677 4671 4678
f 4677 4678 4675
f 4675 4678 4679
f 4675 4679 4676
f 4676 4679 4680
f 4671 4584 4678
f 4678 4584 4600
f 4678 4600 4679
f 4679 4600 4599
f 4679 4599 4680
f 4680 4599 4581
f 4590 4681 4674
f 4682 4681 4590
f 4683 4682 4590
f 4683 4684 4682
f 4682 4684 4685
f 4682 4685 4681
f 4681 4685 4686
f 4681 4686 4674
f 4674 4686 4673
f 4684 4588 4685
f 4685 4588 4594
f 4685 4594 4686
f 4686 4594 4593
f 4686 4593 4673
f 4673 4593 4585
f 4581 4582 4680
f 4680 4582 4687
f 4680 4687 4676
f 4676 4687 4688
f 4676 4688 4591
f 4591 4688 4589
f 4587 4588 4689
f 4689 4588 4684
f 4689 4684 4690
f 4690 4684 4683
f 4690 4683 4589
f 4589 4683 4590
f 4589 4691 4690
f 4692 4691 4589
f 4688 4692 4589
f 4688 4687 4692
f 4692 4687 4693
f 4692 4693 4691
f 4691 4693 4694
f 4691 4694 4690
f 4690 4694 4689
f 4687 4582 4693
f 4693 4582 4596
f 4693 4596 4694
f 4694 4596 4595
f 4694 4595 4689
f 4689 4595 4587
f 4695 4696 4697
f 4697 4696 4698
f 4697 4698 4699
f 4700 4701 4702
f 4702 4701 4696
f 4702 4696 4703
f 4695 4704 4696
f 4696 4704 4705
f 4696 4705 4706
f 4707 4708 4709
f 4709 4708 4710
f 4709 4710 4698
f 4711 4712 4713
f 4714 4715 4716
f 4700 4717 4701
f 4701 4717 4718
f 4701 4718 4709
f 4709 4718 4719
f 4709 4719 4707
f 4720 4721 4722
f 4723 4724 4696
f 4696 4724 4725
f 4696 4725 4726
f 4713 4727 4711
f 4711 4727 4728
f 4711 4728 4729
f 4730 4731 4732
f 4732 4731 4713
f 4732 4713 4733
f 4733 4713 4712
f 4710 4734 4698
f 4698 4734 4735
f 4698 4735 4731
f 4731 4735 4716
f 4731 4716 4736
f 4730 4737 4731
f 4731 4737 4738
f 4731 4738 4698
f 4698 4738 4739
f 4698 4739 4699
f 4715 4740 4716
f 4716 4740 4741
f 4716 4741 4736
f 4729 4742 4711
f 4711 4742 4743
f 4711 4743 4706
f 4706 4743 4744
f 4706 4744 4696
f 4696 4744 4745
f 4696 4745 4723
f 4703 4696 4746
f 4746 4696 4726
f 4746 4726 4720
f 4720 4726 4747
f 4720 4747 4721
f 4722 4748 4720
f 4720 4748 4749
f 4720 4749 4716
f 4716 4749 4750
f 4716 4750 4714
f 4751 4752 4753
f 4753 4752 4754
f 4755 4756 4757
f 4757 4756 4758
f 4759 4760 4761
f 4761 4760 4762
f 4763 4764 4765
f 4765 4764 4766
f 4767 4761 4768
f 4768 4761 4769
f 4770 4771 4765
f 4765 4771 4772
f 4765 4772 4773
f 4766 4774 4765
f 4765 4774 4775
f 4765 4775 4770
f 4776 4759 4777
f 4777 4759 4761
f 4777 4761 4778
f 4778 4761 4767
f 4773 4779 4765
f 4765 4779 4780
f 4765 4780 4761
f 4761 4780 4781
f 4761 4781 4769
f 4782 4783 4784
f 4784 4783 4785
f 4786 4787 4788
f 4788 4787 4789
f 4790 4791 4788
f 4788 4791 4792
f 4788 4792 4793
f 4794 4784 4795
f 4795 4784 4796
f 4789 4797 4788
f 4788 4797 4798
f 4788 4798 4790
f 4799 4782 4800
f 4800 4782 4784
f 4800 4784 4801
f 4801 4784 4794
f 4793 4802 4788
f 4788 4802 4803
f 4788 4803 4784
f 4784 4803 4804
f 4784 4804 4796
f 4805 4806 4778
f 4807 4808 4778
f 4778 4808 4809
f 4778 4809 4805
f 4807 4778 4810
f 4810 4778 4767
f 4810 4767 4811
f 4812 4813 4792
f 4792 4813 4814
f 4792 4814 4815
f 4816 4817 4768
f 4768 4817 4818
f 4768 4818 4819
f 4819 4820 4768
f 4768 4820 4821
f 4768 4821 4767
f 4767 4821 4822
f 4767 4822 4811
f 4790 4823 4824
f 4824 4825 4790
f 4790 4825 4826
f 4790 4826 4791
f 4791 4826 4827
f 4827 4828 4791
f 4791 4828 4829
f 4791 4829 4792
f 4792 4829 4830
f 4792 4830 4812
f 4831 4832 4798
f 4798 4832 4833
f 4798 4833 4790
f 4790 4833 4834
f 4790 4834 4823
f 4770 4835 4836
f 4836 4837 4770
f 4770 4837 4838
f 4770 4838 4771
f 4771 4838 4839
f 4840 4841 4775
f 4775 4841 4842
f 4775 4842 4770
f 4770 4842 4843
f 4770 4843 4835
f 4844 4845 4801
f 4846 4847 4801
f 4801 4847 4848
f 4801 4848 4844
f 4846 4801 4849
f 4849 4801 4794
f 4849 4794 4850
f 4851 4852 4772
f 4772 4852 4853
f 4772 4853 4854
f 4839 4855 4771
f 4771 4855 4856
f 4771 4856 4772
f 4772 4856 4857
f 4772 4857 4851
f 4858 4859 4795
f 4795 4859 4860
f 4795 4860 4861
f 4861 4862 4795
f 4795 4862 4863
f 4795 4863 4794
f 4794 4863 4864
f 4794 4864 4850
f 4865 3212 4804
f 4803 3216 4866
f 4803 4866 4804
f 4804 4866 3213
f 4804 3213 4865
f 4867 3230 4779
f 4779 3230 4868
f 4779 4868 3233
f 4869 4780 3232
f 3232 4780 4779
f 3232 4779 4870
f 4870 4779 3233
f 3224 4781 4871
f 4871 4781 4780
f 4871 4780 3226
f 3226 4780 4869
f 3224 4872 4781
f 4781 4872 3223
f 4781 3223 4873
f 3221 4874 4802
f 4802 4874 3219
f 3219 4875 4802
f 4802 4875 3218
f 4802 3218 4803
f 4803 3218 4876
f 4803 4876 3216
f 4797 4776 4798
f 4798 4776 4777
f 4798 4777 4831
f 4831 4777 4778
f 4831 4778 4877
f 4877 4778 4806
f 4815 4816 4792
f 4792 4816 4768
f 4792 4768 4793
f 4793 4768 4769
f 4793 4769 4802
f 4802 4769 4781
f 4802 4781 3221
f 3221 4781 4873
f 3212 4867 4804
f 4804 4867 4779
f 4804 4779 4796
f 4796 4779 4773
f 4796 4773 4795
f 4795 4773 4772
f 4795 4772 4858
f 4858 4772 4854
f 4845 4878 4801
f 4801 4878 4840
f 4801 4840 4800
f 4800 4840 4775
f 4800 4775 4799
f 4799 4775 4774
f 4751 4759 4776
f 4752 4751 4789
f 4789 4751 4776
f 4789 4776 4797
f 4756 4782 4799
f 4758 4756 4766
f 4766 4756 4799
f 4766 4799 4774
f 4828 4827 4702
f 4810 4710 4807
f 4807 4710 4708
f 4707 4809 4708
f 4708 4809 4808
f 4708 4808 4807
f 4719 4806 4707
f 4707 4806 4805
f 4707 4805 4809
f 4833 4832 4718
f 4718 4832 4831
f 4718 4831 4719
f 4719 4831 4877
f 4719 4877 4806
f 4833 4718 4834
f 4834 4718 4717
f 4834 4717 4823
f 4823 4717 4824
f 4824 4717 4700
f 4824 4700 4825
f 4702 4827 4700
f 4700 4827 4826
f 4700 4826 4825
f 4703 4830 4702
f 4702 4830 4829
f 4702 4829 4828
f 4746 4720 4815
f 4815 4814 4746
f 4746 4814 4813
f 4746 4813 4703
f 4703 4813 4812
f 4703 4812 4830
f 4735 4818 4716
f 4716 4818 4817
f 4716 4817 4720
f 4720 4817 4816
f 4720 4816 4815
f 4734 4820 4735
f 4735 4820 4819
f 4735 4819 4818
f 4810 4811 4710
f 4710 4811 4822
f 4710 4822 4734
f 4734 4822 4821
f 4734 4821 4820
f 4853 4852 4730
f 4737 4857 4738
f 4738 4857 4856
f 4730 4852 4737
f 4737 4852 4851
f 4737 4851 4857
f 4853 4730 4854
f 4854 4730 4732
f 4854 4732 4858
f 4858 4732 4733
f 4858 4733 4859
f 4859 4733 4860
f 4860 4733 4712
f 4860 4712 4861
f 4861 4712 4862
f 4862 4712 4711
f 4862 4711 4863
f 4863 4711 4864
f 4864 4711 4706
f 4864 4706 4850
f 4705 4846 4706
f 4706 4846 4849
f 4706 4849 4850
f 4704 4848 4705
f 4705 4848 4847
f 4705 4847 4846
f 4695 4845 4704
f 4704 4845 4844
f 4704 4844 4848
f 4842 4841 4697
f 4697 4841 4840
f 4697 4840 4695
f 4695 4840 4878
f 4695 4878 4845
f 4842 4697 4843
f 4843 4697 4699
f 4843 4699 4835
f 4835 4699 4836
f 4836 4699 4739
f 4836 4739 4837
f 4856 4855 4738
f 4738 4855 4839
f 4738 4839 4739
f 4739 4839 4838
f 4739 4838 4837
f 4879 4880 4709
f 4709 4880 4701
f 4881 4882 4883
f 4883 4882 4884
f 4885 4698 4886
f 4886 4698 4696
f 4887 4888 4783
f 4783 4888 4785
f 4869 4889 3226
f 3226 4889 4890
f 3226 4890 4871
f 4871 4890 4891
f 4871 4891 3224
f 3224 4891 4892
f 3224 4892 4872
f 4872 4892 4893
f 4872 4893 3223
f 3223 4893 4894
f 3223 4894 4873
f 4873 4894 4895
f 4873 4895 3221
f 3221 4895 4896
f 3221 4896 4874
f 4874 4896 4897
f 4874 4897 3219
f 3219 4897 4898
f 3219 4898 4875
f 4875 4898 4899
f 4875 4899 3218
f 3218 4899 4900
f 3218 4900 4876
f 4876 4900 4901
f 4876 4901 3216
f 3216 4901 4902
f 3216 4902 4866
f 4866 4902 4903
f 4866 4903 3213
f 3213 4903 4904
f 3213 4904 4865
f 4865 4904 4905
f 4865 4905 3212
f 3212 4905 4906
f 3212 4906 4867
f 4867 4906 4907
f 4867 4907 3230
f 3230 4907 4908
f 3230 4908 4868
f 4868 4908 4909
f 4868 4909 3233
f 3233 4909 4910
f 3233 4910 4870
f 4870 4910 4911
f 4870 4911 3232
f 3232 4911 4912
f 3232 4912 4869
f 4869 4912 4889
f 4783 4782 4755
f 4755 4782 4756
f 4886 4696 4785
f 4785 4696 4784
f 4787 4754 4789
f 4789 4754 4752
f 4701 4788 4696
f 4696 4788 4784
f 4754 4787 4881
f 4880 4786 4701
f 4701 4786 4788
f 4786 4882 4787
f 4787 4882 4881
f 4883 4753 4881
f 4881 4753 4754
f 4753 4760 4751
f 4751 4760 4759
f 4786 4880 4882
f 4753 4883 4760
f 4879 4884 4880
f 4880 4884 4882
f 4884 4762 4883
f 4883 4762 4760
f 4884 4879 4762
f 4709 4761 4879
f 4879 4761 4762
f 4698 4765 4709
f 4709 4765 4761
f 4765 4698 4763
f 4763 4698 4885
f 4763 4885 4913
f 4913 4888 4763
f 4763 4888 4887
f 4763 4887 4764
f 4764 4887 4914
f 4758 4766 4757
f 4757 4766 4764
f 4757 4764 4914
f 4757 4914 4755
f 4755 4914 4887
f 4755 4887 4783
f 4886 4785 4885
f 4885 4785 4888
f 4885 4888 4913
f 4891 4736 4892
f 4892 4736 4741
f 4892 4741 4893
f 4893 4741 4740
f 4893 4740 4894
f 4894 4740 4715
f 4894 4715 4895
f 4895 4715 4714
f 4895 4714 4896
f 4896 4714 4750
f 4896 4750 4897
f 4897 4750 4749
f 4897 4749 4898
f 4898 4749 4748
f 4898 4748 4899
f 4899 4748 4722
f 4899 4722 4900
f 4900 4722 4721
f 4900 4721 4901
f 4901 4721 4747
f 4901 4747 4902
f 4902 4747 4726
f 4902 4726 4903
f 4903 4726 4725
f 4903 4725 4904
f 4904 4725 4724
f 4904 4724 4905
f 4905 4724 4723
f 4905 4723 4906
f 4906 4723 4745
f 4906 4745 4907
f 4907 4745 4744
f 4907 4744 4908
f 4908 4744 4743
f 4908 4743 4909
f 4909 4743 4742
f 4909 4742 4910
f 4910 4742 4729
f 4910 4729 4911
f 4911 4729 4728
f 4911 4728 4912
f 4912 4728 4727
f 4912 4727 4889
f 4889 4727 4713
f 4889 4713 4890
f 4890 4713 4731
f 4890 4731 4891
f 4891 4731 4736
f 4915 4916 4917
f 4917 4916 4918
f 4918 4916 4919
f 4918 4919 4920
f 4920 4919 4921
f 4920 4921 4922
f 4922 4921 4923
f 4922 4923 4924
f 4924 4923 4925
f 4924 4925 4926
f 4926 4925 4927
f 4926 4927 4928
f 4928 4927 4929
f 4928 4929 4930
f 4930 4929 4931
f 4930 4931 4932
f 4932 4931 4933
f 4932 4933 4934
f 4934 4933 4935
f 4934 4935 4936
f 4936 4935 4937
f 4936 4937 4938
f 4938 4937 4939
f 4938 4939 4940
f 4940 4939 4941
f 4940 4941 4942
f 4942 4941 4943
f 4942 4943 4944
f 4917 4945 4915
f 4915 4945 4946
f 4915 4946 4947
f 4947 4946 4948
f 4947 4948 4949
f 4949 4948 4950
f 4949 4950 4951
f 4951 4950 4952
f 4951 4952 4953
f 4953 4952 4954
f 4953 4954 4955
f 4955 4954 4956
f 4955 4956 4957
f 4957 4956 4958
f 4944 4943 4959
f 4959 4943 4960
f 4959 4960 4961
f 4961 4960 4962
f 4961 4962 4963
f 4963 4962 4964
f 4963 4964 4965
f 4965 4964 4966
f 4965 4966 4967
f 4967 4966 4968
f 4967 4968 4969
f 4969 4968 4970
f 4969 4970 4958
f 4958 4970 4971
f 4958 4971 4957
f 4972 4973 4974
f 4975 4976 4977
f 4973 4978 4979
f 4979 4980 4981
f 4974 4973 4982
f 4982 4973 4979
f 4982 4979 4983
f 4984 4985 4986
f 4986 4985 4987
f 4986 4987 4988
f 4988 4987 4989
f 4988 4989 4990
f 4991 4992 4993
f 4994 4972 4977
f 4977 4972 4974
f 4977 4974 4975
f 4975 4974 4995
f 4975 4995 4996
f 4996 4995 4997
f 4989 4998 4990
f 4990 4998 4999
f 4990 4999 5000
f 5000 4999 5001
f 5000 5001 5002
f 5002 5001 5003
f 5002 5003 4997
f 4997 5003 5004
f 4997 5004 4996
f 4993 4992 5005
f 5005 4992 5006
f 5005 5006 5007
f 5007 5006 5008
f 5008 5006 5009
f 5008 5009 5010
f 5010 5009 5011
f 5010 5011 5012
f 5012 5011 5013
f 5012 5013 5014
f 5015 5016 5017
f 5017 5016 5018
f 5017 5018 5019
f 5019 5018 5020
f 5019 5020 4984
f 4984 5020 5021
f 4984 5021 4985
f 4993 5022 4991
f 4991 5022 5023
f 4991 5023 5024
f 5024 5023 5025
f 5024 5025 5026
f 5026 5025 5027
f 5026 5027 5015
f 5015 5027 5028
f 5015 5028 5016
f 5014 5013 5029
f 5029 5013 5030
f 5029 5030 5031
f 5030 5032 5031
f 5031 5032 5033
f 5031 5033 5034
f 5034 5033 5035
f 5036 5035 4981
f 4981 5035 5037
f 4981 5037 4979
f 4979 5037 5038
f 4979 5038 4983
f 5036 5039 5035
f 5035 5039 5040
f 5035 5040 5041
f 5041 5042 5035
f 5035 5042 5043
f 5035 5043 5034
f 5044 5045 5046
f 5046 5045 5047
f 5048 5049 5046
f 5046 5049 5050
f 5046 5050 5051
f 5052 5053 5054
f 5055 5056 5047
f 5047 5056 5052
f 5047 5052 5046
f 5046 5052 5054
f 5046 5054 5048
f 5057 5058 5059
f 5059 5058 5060
f 5059 5060 5061
f 5061 5060 5062
f 5061 5062 5063
f 5063 5062 5064
f 5063 5064 5065
f 5065 5064 5066
f 5065 5066 5067
f 5067 5066 5068
f 5067 5068 5069
f 5069 5068 5070
f 5069 5070 5071
f 5071 5070 5072
f 5071 5072 5050
f 5050 5072 5073
f 5050 5073 5051
f 5052 5074 5053
f 5053 5074 5075
f 5053 5075 5076
f 5076 5075 5077
f 5076 5077 5078
f 5078 5077 5079
f 5078 5079 5080
f 5080 5079 5081
f 5080 5081 5082
f 5082 5081 5083
f 5082 5083 5084
f 5083 5085 5084
f 5084 5085 5086
f 5084 5086 5087
f 5087 5086 5088
f 5087 5088 5089
f 5089 5088 5090
f 5089 5090 5091
f 5091 5090 5092
f 5091 5092 5093
f 5093 5092 5094
f 5093 5094 5095
f 5095 5094 5096
f 5095 5096 5097
f 5097 5096 5098
f 5097 5098 5099
f 5099 5098 5100
f 5099 5100 5101
f 5101 5100 5102
f 5101 5102 5103
f 5103 5102 5104
f 5103 5104 5105
f 5105 5104 5106
f 5105 5106 5107
f 5107 5106 5108
f 5107 5108 5109
f 5109 5108 5110
f 5109 5110 5111
f 5111 5110 5112
f 5111 5112 5113
f 5113 5112 5114
f 5113 5114 5115
f 5115 5114 5116
f 5115 5116 5117
f 5117 5116 5118
f 5117 5118 5057
f 5057 5118 5119
f 5057 5119 5058
f 5120 5072 5070
f 5120 5070 5121
f 5121 5070 5068
f 5121 5068 5122
f 5122 5068 5066
f 5122 5066 5123
f 5123 5066 5064
f 5123 5064 5124
f 5124 5064 5062
f 5124 5062 5125
f 5125 5062 5060
f 5125 5060 5126
f 5126 5060 5058
f 5126 5058 5127
f 5127 5058 5119
f 5127 5119 5128
f 5128 5119 5118
f 5128 5118 5129
f 5129 5118 5116
f 5129 5116 5130
f 5130 5116 5114
f 5130 5114 5131
f 5131 5114 5112
f 5131 5112 5132
f 5132 5112 5110
f 5132 5110 5133
f 5133 5110 5108
f 5133 5108 5134
f 5134 5108 5106
f 5134 5106 5135
f 5135 5106 5104
f 5135 5104 5136
f 5136 5104 5102
f 5136 5102 5137
f 5137 5102 5100
f 5137 5100 5138
f 5138 5100 5098
f 5138 5098 5139
f 5139 5098 5096
f 5139 5096 5140
f 5140 5096 5094
f 5140 5094 5141
f 5141 5094 5092
f 5141 5092 5142
f 5142 5092 5090
f 5142 5090 5143
f 5143 5090 5088
f 5143 5088 5144
f 5144 5088 5086
f 5144 5086 5145
f 5145 5086 5085
f 5145 5085 5146
f 5146 5085 5083
f 5146 5083 5147
f 5147 5083 5081
f 5147 5081 5148
f 5148 5081 5079
f 5148 5079 5149
f 5149 5079 5077
f 5149 5077 5150
f 5150 5077 5075
f 5150 5075 5151
f 5151 5075 5074
f 5151 5074 5152
f 5152 5074 5052
f 5152 5052 5153
f 4986 4929 4984
f 4984 4929 4927
f 4984 4927 5019
f 5019 4927 4925
f 5019 4925 5017
f 5017 4925 4923
f 5017 4923 5015
f 5015 4923 4921
f 5015 4921 5026
f 5026 4921 4919
f 5026 4919 5024
f 5024 4919 4916
f 5024 4916 4991
f 4991 4916 4915
f 4991 4915 4992
f 4992 4915 4947
f 4992 4947 5006
f 5006 4947 4949
f 5006 4949 5009
f 5009 4949 4951
f 5009 4951 5011
f 5011 4951 4953
f 5011 4953 5013
f 5013 4953 4955
f 5013 4955 5030
f 5030 4955 4957
f 5030 4957 5032
f 5032 4957 4971
f 5032 4971 5033
f 5033 4971 4970
f 5033 4970 5035
f 5035 4970 4968
f 5035 4968 5037
f 5037 4968 4966
f 5037 4966 5038
f 5038 4966 4964
f 5038 4964 4983
f 4983 4964 4962
f 4983 4962 4982
f 4982 4962 4960
f 4982 4960 4974
f 4974 4960 4943
f 4974 4943 4995
f 4995 4943 4941
f 4995 4941 4997
f 4997 4941 4939
f 4997 4939 5002
f 5002 4939 4937
f 5002 4937 5000
f 5000 4937 4935
f 5000 4935 4990
f 4990 4935 4933
f 4990 4933 4988
f 4988 4933 4931
f 4988 4931 4986
f 4986 4931 4929
f 5154 5155 5156
f 5157 5158 4994
f 5159 5160 5161
f 5161 5160 5162
f 5161 5162 5163
f 5163 5162 5164
f 5163 5164 5165
f 5156 5166 5167
f 5164 5168 5165
f 5165 5168 5169
f 5165 5169 5170
f 5170 5169 5171
f 5170 5171 5156
f 5156 5171 5172
f 5156 5172 5166
f 4977 5154 4994
f 4994 5154 5156
f 4994 5156 5157
f 5157 5156 5167
f 5173 5174 5175
f 5175 5174 5176
f 5175 5176 5177
f 5177 5176 5178
f 5177 5178 5179
f 5179 5178 5180
f 5179 5180 5181
f 5158 5182 4994
f 4994 5182 5183
f 4994 5183 5184
f 5184 5183 5185
f 5184 5185 5186
f 5186 5185 5187
f 5186 5187 5188
f 5188 5187 5189
f 5188 5189 5173
f 5173 5189 5190
f 5173 5190 5174
f 5180 5191 5181
f 5181 5191 5192
f 5181 5192 5193
f 5193 5192 5194
f 5193 5194 5195
f 5195 5194 5196
f 5195 5196 5159
f 5159 5196 5197
f 5159 5197 5160
f 5198 5199 4978
f 4978 5199 5200
f 4978 5200 4979
f 5201 5198 5202
f 5202 5198 4978
f 5202 4978 5203
f 5203 4978 5204
f 5201 5205 5198
f 5198 5205 5206
f 5198 5206 5207
f 5207 5206 5208
f 5207 5208 5209
f 5210 5211 5212
f 5212 5211 5213
f 5212 5213 5214
f 5214 5213 5215
f 5214 5215 5216
f 5217 5218 5219
f 5219 5218 5220
f 5219 5220 5221
f 5221 5220 5222
f 5221 5222 5223
f 5223 5222 5224
f 5223 5224 4978
f 4978 5224 5225
f 4978 5225 5204
f 5208 5226 5209
f 5209 5226 5227
f 5209 5227 5228
f 5228 5227 5229
f 5228 5229 5230
f 5230 5229 5231
f 5230 5231 5210
f 5210 5231 5232
f 5210 5232 5211
f 5215 5233 5216
f 5216 5233 5234
f 5216 5234 5235
f 5235 5234 5236
f 5235 5236 5237
f 5237 5236 5238
f 5237 5238 5239
f 5239 5238 5240
f 5239 5240 5217
f 5217 5240 5241
f 5217 5241 5218
f 5242 5243 5244
f 5244 5243 5245
f 5244 5245 5246
f 5246 5245 5247
f 5246 5247 5248
f 5248 5247 5249
f 5248 5249 5250
f 5250 5249 5251
f 5250 5251 5252
f 5252 5251 5253
f 5252 5253 5254
f 5254 5253 5255
f 5254 5255 5256
f 5256 5255 5257
f 5256 5257 5258
f 5258 5257 5259
f 5258 5259 5260
f 5260 5259 5261
f 5260 5261 5262
f 5262 5261 5263
f 5262 5263 5264
f 5264 5263 5265
f 5264 5265 5266
f 5266 5265 5267
f 5266 5267 5268
f 5268 5267 5269
f 5268 5269 5270
f 5270 5269 5271
f 5270 5271 5272
f 5272 5271 5273
f 5272 5273 5274
f 5274 5273 5275
f 5274 5275 5276
f 5276 5275 5277
f 5276 5277 5278
f 5278 5277 5279
f 5278 5279 5280
f 5280 5279 5281
f 5280 5281 5282
f 5282 5281 5283
f 5282 5283 5284
f 5284 5283 5285
f 5284 5285 5286
f 5286 5285 5287
f 5286 5287 5288
f 5288 5287 5289
f 5288 5289 5290
f 5290 5289 5291
f 5290 5291 5292
f 5292 5291 5293
f 5292 5293 5242
f 5242 5293 5243
f 5294 5295 5296
f 5294 5296 5297
f 5297 5296 5298
f 5297 5298 5299
f 5299 5298 5300
f 5299 5300 5301
f 5301 5300 5302
f 5301 5302 5303
f 5303 5302 5304
f 5303 5304 5305
f 5305 5304 5306
f 5305 5306 5307
f 5307 5306 5308
f 5307 5308 5309
f 5309 5308 5310
f 5309 5310 5311
f 5311 5310 5312
f 5311 5312 5313
f 5313 5312 5045
f 5313 5045 5044
f 5314 5315 4972
f 4972 5315 4973
f 5315 5314 5316
f 5315 5316 5317
f 5317 5316 5318
f 5317 5318 5319
f 5319 5318 5320
f 5319 5320 5321
f 5321 5320 5322
f 5321 5322 5323
f 5323 5322 5295
f 5323 5295 5294
f 5324 5200 5051
f 5051 5200 5199
f 5051 5199 5046
f 5073 5072 5325
f 5325 5072 5120
f 5326 5153 5056
f 5056 5153 5052
f 5154 5327 5155
f 5155 5327 5055
f 5155 5055 5047
f 5328 5084 5329
f 5329 5084 5087
f 5329 5087 5330
f 5330 5087 5089
f 5330 5089 5331
f 5331 5089 5091
f 5331 5091 5332
f 5332 5091 5093
f 5332 5093 5333
f 5333 5093 5095
f 5333 5095 5334
f 5334 5095 5097
f 5334 5097 5335
f 5335 5097 5099
f 5335 5099 5336
f 5336 5099 5101
f 5336 5101 5337
f 5337 5101 5103
f 5337 5103 5338
f 5338 5103 5105
f 5338 5105 5339
f 5339 5105 5107
f 5339 5107 5340
f 5340 5107 5109
f 5340 5109 5341
f 5341 5109 5111
f 5341 5111 5342
f 5342 5111 5113
f 5342 5113 5343
f 5343 5113 5115
f 5343 5115 5344
f 5344 5115 5117
f 5344 5117 5345
f 5345 5117 5057
f 5345 5057 5346
f 5346 5057 5059
f 5346 5059 5347
f 5347 5059 5061
f 5347 5061 5348
f 5348 5061 5063
f 5348 5063 5349
f 5349 5063 5065
f 5349 5065 5350
f 5350 5065 5067
f 5350 5067 5351
f 5351 5067 5069
f 5351 5069 5352
f 5352 5069 5071
f 5352 5071 5353
f 5353 5071 5050
f 5353 5050 5354
f 5354 5050 5049
f 5354 5049 5355
f 5355 5049 5048
f 5355 5048 5356
f 5356 5048 5054
f 5356 5054 5357
f 5357 5054 5053
f 5357 5053 5358
f 5358 5053 5076
f 5358 5076 5359
f 5359 5076 5078
f 5359 5078 5360
f 5360 5078 5080
f 5360 5080 5361
f 5361 5080 5082
f 5361 5082 5328
f 5328 5082 5084
f 5362 5331 5363
f 5363 5331 5332
f 5363 5332 5364
f 5364 5332 5333
f 5364 5333 5365
f 5365 5333 5334
f 5365 5334 5366
f 5366 5334 5335
f 5366 5335 5367
f 5367 5335 5336
f 5367 5336 5368
f 5369 5359 5370
f 5370 5359 5360
f 5370 5360 5371
f 5371 5360 5361
f 5371 5361 5372
f 5372 5361 5328
f 5372 5328 5373
f 5373 5328 5329
f 5373 5329 5362
f 5362 5329 5330
f 5362 5330 5331
f 5374 5352 5375
f 5375 5352 5353
f 5375 5353 5376
f 5376 5353 5354
f 5376 5354 5377
f 5377 5354 5355
f 5377 5355 5378
f 5378 5355 5356
f 5378 5356 5379
f 5379 5356 5357
f 5379 5357 5369
f 5369 5357 5358
f 5369 5358 5359
f 5380 5345 5381
f 5381 5345 5346
f 5381 5346 5382
f 5382 5346 5347
f 5382 5347 5383
f 5383 5347 5348
f 5383 5348 5384
f 5384 5348 5349
f 5384 5349 5385
f 5385 5349 5350
f 5385 5350 5374
f 5374 5350 5351
f 5374 5351 5352
f 5336 5337 5368
f 5368 5337 5338
f 5368 5338 5386
f 5386 5338 5339
f 5386 5339 5387
f 5387 5339 5340
f 5387 5340 5388
f 5388 5340 5341
f 5388 5341 5389
f 5389 5341 5342
f 5389 5342 5390
f 5390 5342 5343
f 5390 5343 5380
f 5380 5343 5344
f 5380 5344 5345
f 4928 5373 4926
f 4926 5373 5362
f 4926 5362 4924
f 4924 5362 5363
f 4924 5363 4922
f 4922 5363 5364
f 4922 5364 4920
f 4920 5364 5365
f 4920 5365 4918
f 4918 5365 5366
f 4918 5366 4917
f 4917 5366 5367
f 4917 5367 4945
f 4945 5367 5368
f 4945 5368 4946
f 4946 5368 5386
f 4946 5386 4948
f 4948 5386 5387
f 4948 5387 4950
f 4950 5387 5388
f 4950 5388 4952
f 4952 5388 5389
f 4952 5389 4954
f 4954 5389 5390
f 4954 5390 4956
f 4956 5390 5380
f 4956 5380 4958
f 4958 5380 5381
f 4958 5381 4969
f 4969 5381 5382
f 4969 5382 4967
f 4967 5382 5383
f 4967 5383 4965
f 4965 5383 5384
f 4965 5384 4963
f 4963 5384 5385
f 4963 5385 4961
f 4961 5385 5374
f 4961 5374 4959
f 4959 5374 5375
f 4959 5375 4944
f 4944 5375 5376
f 4944 5376 4942
f 4942 5376 5377
f 4942 5377 4940
f 4940 5377 5378
f 4940 5378 4938
f 4938 5378 5379
f 4938 5379 4936
f 4936 5379 5369
f 4936 5369 4934
f 4934 5369 5370
f 4934 5370 4932
f 4932 5370 5371
f 4932 5371 4930
f 4930 5371 5372
f 4930 5372 4928
f 4928 5372 5373
f 5247 5176 5249
f 5249 5176 5174
f 5249 5174 5251
f 5251 5174 5190
f 5251 5190 5253
f 5253 5190 5189
f 5253 5189 5255
f 5255 5189 5187
f 5255 5187 5257
f 5257 5187 5185
f 5257 5185 5259
f 5259 5185 5183
f 5259 5183 5261
f 5261 5183 5182
f 5261 5182 5263
f 5263 5182 5158
f 5263 5158 5265
f 5265 5158 5157
f 5265 5157 5267
f 5267 5157 5167
f 5267 5167 5269
f 5269 5167 5166
f 5269 5166 5271
f 5271 5166 5172
f 5271 5172 5273
f 5273 5172 5171
f 5273 5171 5275
f 5275 5171 5169
f 5275 5169 5277
f 5277 5169 5168
f 5277 5168 5279
f 5279 5168 5164
f 5279 5164 5281
f 5281 5164 5162
f 5281 5162 5283
f 5283 5162 5160
f 5283 5160 5285
f 5285 5160 5197
f 5285 5197 5287
f 5287 5197 5196
f 5287 5196 5289
f 5289 5196 5194
f 5289 5194 5291
f 5291 5194 5192
f 5291 5192 5293
f 5293 5192 5191
f 5293 5191 5243
f 5243 5191 5180
f 5243 5180 5245
f 5245 5180 5178
f 5245 5178 5247
f 5247 5178 5176
f 5268 5205 5266
f 5266 5205 5201
f 5266 5201 5264
f 5264 5201 5202
f 5264 5202 5262
f 5262 5202 5203
f 5262 5203 5260
f 5260 5203 5204
f 5260 5204 5258
f 5258 5204 5225
f 5258 5225 5256
f 5256 5225 5224
f 5256 5224 5254
f 5254 5224 5222
f 5254 5222 5252
f 5252 5222 5220
f 5252 5220 5250
f 5250 5220 5218
f 5250 5218 5248
f 5248 5218 5241
f 5248 5241 5246
f 5246 5241 5240
f 5246 5240 5244
f 5244 5240 5238
f 5244 5238 5242
f 5242 5238 5236
f 5242 5236 5292
f 5292 5236 5234
f 5292 5234 5290
f 5290 5234 5233
f 5290 5233 5288
f 5288 5233 5215
f 5288 5215 5286
f 5286 5215 5213
f 5286 5213 5284
f 5284 5213 5211
f 5284 5211 5282
f 5282 5211 5232
f 5282 5232 5280
f 5280 5232 5231
f 5280 5231 5278
f 5278 5231 5229
f 5278 5229 5276
f 5276 5229 5227
f 5276 5227 5274
f 5274 5227 5226
f 5274 5226 5272
f 5272 5226 5208
f 5272 5208 5270
f 5270 5208 5206
f 5270 5206 5268
f 5268 5206 5205
f 5045 5156 5047
f 5047 5156 5155
f 5156 5045 5312
f 5156 5312 5170
f 5170 5312 5310
f 5170 5310 5165
f 5165 5310 5308
f 5165 5308 5163
f 5163 5308 5306
f 5163 5306 5161
f 5161 5306 5304
f 5161 5304 5159
f 5159 5304 5302
f 5159 5302 5195
f 5195 5302 5300
f 5195 5300 5193
f 5193 5300 5298
f 5193 5298 5181
f 5181 5298 5296
f 5181 5296 5179
f 5179 5296 5295
f 5179 5295 5177
f 5177 5295 5322
f 5177 5322 5175
f 5175 5322 5320
f 5175 5320 5173
f 5173 5320 5318
f 5173 5318 5188
f 5188 5318 5316
f 5188 5316 5186
f 5186 5316 5314
f 5186 5314 5184
f 5184 5314 4994
f 4994 5314 4972
f 5198 5044 5199
f 5199 5044 5046
f 5210 5305 5307
f 5210 5307 5230
f 5230 5307 5309
f 5230 5309 5228
f 5228 5309 5311
f 5228 5311 5209
f 5209 5311 5313
f 5209 5313 5207
f 5207 5313 5044
f 5207 5044 5198
f 5237 5294 5297
f 5237 5297 5235
f 5235 5297 5299
f 5235 5299 5216
f 5216 5299 5301
f 5216 5301 5214
f 5214 5301 5303
f 5214 5303 5212
f 5212 5303 5305
f 5212 5305 5210
f 5223 5315 5317
f 5223 5317 5221
f 5221 5317 5319
f 5221 5319 5219
f 5219 5319 5321
f 5219 5321 5217
f 5217 5321 5323
f 5217 5323 5239
f 5239 5323 5294
f 5239 5294 5237
f 4978 4973 5223
f 5223 4973 5315
f 5391 4980 5324
f 5324 4980 4979
f 5324 4979 5200
f 5120 4981 5325
f 5325 4981 4980
f 5325 4980 5391
f 4975 4996 5153
f 5153 4996 5004
f 5153 5004 5152
f 5152 5004 5003
f 5152 5003 5151
f 5151 5003 5001
f 5151 5001 5150
f 5150 5001 4999
f 5150 4999 5149
f 5149 4999 4998
f 5149 4998 5148
f 5148 4998 4989
f 5148 4989 5147
f 5147 4989 4987
f 5147 4987 5146
f 5146 4987 4985
f 5146 4985 5145
f 5145 4985 5021
f 5145 5021 5144
f 5144 5021 5020
f 5144 5020 5143
f 5143 5020 5018
f 5143 5018 5142
f 5142 5018 5016
f 5142 5016 5141
f 5141 5016 5028
f 5141 5028 5140
f 5140 5028 5027
f 5140 5027 5139
f 5139 5027 5025
f 5139 5025 5138
f 5138 5025 5023
f 5138 5023 5137
f 5137 5023 5022
f 5137 5022 5136
f 5136 5022 4993
f 5136 4993 5135
f 5135 4993 5005
f 5135 5005 5134
f 5134 5005 5007
f 5134 5007 5133
f 5133 5007 5008
f 5133 5008 5132
f 5132 5008 5010
f 5132 5010 5131
f 5131 5010 5012
f 5131 5012 5130
f 5130 5012 5014
f 5130 5014 5129
f 5129 5014 5029
f 5129 5029 5128
f 5128 5029 5031
f 5128 5031 5127
f 5127 5031 5034
f 5127 5034 5126
f 5126 5034 5043
f 5126 5043 5125
f 5125 5043 5042
f 5125 5042 5124
f 5124 5042 5041
f 5124 5041 5123
f 5123 5041 5040
f 5123 5040 5122
f 5122 5040 5039
f 5122 5039 5121
f 5121 5039 5036
f 5121 5036 5120
f 5120 5036 4981
f 5392 4976 5326
f 5326 4976 4975
f 5326 4975 5153
f 5392 5327 4976
f 4976 5327 5154
f 4976 5154 4977
f 5392 5326 5327
f 5327 5326 5056
f 5327 5056 5055
f 5391 5324 5325
f 5325 5324 5051
f 5325 5051 5073
f 5393 5394 5395
f 5396 5397 5398
f 5399 5400 5397
f 5401 5402 5403
f 5404 5405 5406
f 5406 5405 5407
f 5408 5409 5410
f 5411 5412 5413
f 5414 5415 5416
f 5417 5418 5419
f 5419 5418 5420
f 5419 5420 5421
f 5421 5420 5422
f 5423 5424 5410
f 5425 5426 5427
f 5427 5426 5428
f 5427 5428 5429
f 5416 5415 5430
f 5404 5431 5432
f 5433 5434 5435
f 5435 5434 5436
f 5435 5436 5437
f 5438 5439 5440
f 5440 5439 5441
f 5440 5441 5442
f 5442 5441 5443
f 5444 5445 5415
f 5415 5445 5446
f 5447 5448 5449
f 5449 5448 5450
f 5449 5450 5451
f 5399 5397 5452
f 5452 5397 5396
f 5452 5396 5453
f 5424 5429 5410
f 5410 5429 5428
f 5410 5428 5404
f 5404 5428 5454
f 5404 5454 5431
f 5453 5396 5455
f 5455 5396 5405
f 5455 5405 5456
f 5456 5405 5404
f 5456 5404 5395
f 5395 5404 5432
f 5395 5432 5393
f 5457 5458 5459
f 5460 5461 5462
f 5462 5461 5463
f 5464 5465 5466
f 5466 5465 5467
f 5466 5467 5411
f 5411 5467 5468
f 5468 5469 5411
f 5411 5469 5470
f 5411 5470 5450
f 5450 5470 5471
f 5450 5471 5451
f 5472 5473 5474
f 5474 5473 5475
f 5474 5475 5476
f 5477 5478 5479
f 5480 5481 5482
f 5482 5481 5408
f 5482 5408 5435
f 5435 5408 5410
f 5435 5410 5433
f 5433 5410 5483
f 5433 5483 5484
f 5413 5401 5411
f 5411 5401 5403
f 5411 5403 5466
f 5466 5403 5485
f 5466 5485 5486
f 5475 5487 5476
f 5476 5487 5488
f 5476 5488 5407
f 5407 5488 5489
f 5407 5489 5406
f 5406 5489 5490
f 5491 5492 5493
f 5493 5492 5494
f 5495 5496 5497
f 5497 5496 5435
f 5497 5435 5494
f 5494 5435 5437
f 5494 5437 5493
f 5483 5406 5498
f 5498 5499 5483
f 5483 5499 5500
f 5483 5500 5462
f 5414 5416 5486
f 5486 5416 5501
f 5486 5501 5466
f 5446 5502 5415
f 5415 5502 5396
f 5415 5396 5430
f 5430 5396 5398
f 5502 5503 5396
f 5396 5503 5504
f 5396 5504 5476
f 5476 5504 5505
f 5476 5505 5474
f 5420 5423 5422
f 5422 5423 5410
f 5422 5410 5506
f 5506 5410 5409
f 5506 5409 5507
f 5507 5409 5508
f 5509 5479 5510
f 5510 5479 5478
f 5510 5478 5511
f 5511 5478 5512
f 5513 5457 5514
f 5514 5457 5459
f 5514 5459 5515
f 5515 5459 5516
f 5515 5516 5479
f 5479 5516 5496
f 5479 5496 5477
f 5477 5496 5495
f 5441 5498 5443
f 5443 5498 5406
f 5443 5406 5517
f 5517 5406 5490
f 5517 5490 5518
f 5518 5490 5519
f 5463 5520 5462
f 5462 5520 5521
f 5462 5521 5483
f 5483 5521 5522
f 5483 5522 5484
f 5484 5522 5523
f 5484 5523 5524
f 5525 5526 5527
f 5527 5526 5528
f 5459 5529 5516
f 5516 5529 5530
f 5516 5530 5482
f 5482 5530 5531
f 5482 5531 5480
f 5480 5531 5527
f 5480 5527 5532
f 5532 5527 5528
f 5533 5534 5464
f 5464 5534 5465
f 5397 5400 5535
f 5535 5400 5536
f 5537 5449 5538
f 5538 5449 5451
f 5539 5540 5417
f 5417 5540 5418
f 5508 5409 5541
f 5541 5409 5542
f 5395 5394 5543
f 5543 5394 5544
f 5426 5425 5545
f 5545 5425 5546
f 5526 5525 5547
f 5547 5525 5548
f 5549 5550 5490
f 5490 5550 5519
f 5551 5552 5438
f 5438 5552 5439
f 5553 5554 5444
f 5444 5554 5445
f 5472 5474 5555
f 5555 5474 5556
f 5557 5558 5491
f 5491 5558 5492
f 5559 5560 5512
f 5512 5560 5511
f 5561 5562 5460
f 5460 5562 5461
f 5484 5524 5563
f 5563 5524 5564
f 5458 5457 5565
f 5565 5457 5566
f 5515 5479 5567
f 5567 5479 5568
f 5569 5570 5401
f 5401 5570 5402
f 5571 5572 5567
f 5537 5538 5573
f 5574 5575 5576
f 5576 5575 5537
f 5577 5562 5561
f 5578 5534 5533
f 5552 5551 5579
f 5579 5551 5580
f 5581 5550 5549
f 5535 5536 5582
f 5582 5536 5583
f 5582 5583 5584
f 5584 5583 5585
f 5586 5543 5544
f 5537 5573 5576
f 5576 5573 5587
f 5576 5587 5581
f 5588 5558 5557
f 5555 5556 5589
f 5589 5556 5590
f 5545 5546 5591
f 5591 5546 5592
f 5591 5592 5593
f 5593 5592 5594
f 5587 5595 5581
f 5581 5595 5596
f 5581 5596 5597
f 5597 5596 5578
f 5597 5578 5598
f 5599 5576 5600
f 5600 5576 5601
f 5583 5602 5585
f 5585 5602 5577
f 5585 5577 5603
f 5603 5577 5578
f 5603 5578 5604
f 5604 5578 5533
f 5557 5605 5588
f 5588 5605 5606
f 5588 5606 5586
f 5606 5607 5586
f 5586 5607 5608
f 5586 5608 5609
f 5610 5540 5539
f 5611 5578 5612
f 5612 5578 5577
f 5612 5577 5613
f 5613 5577 5561
f 5598 5578 5614
f 5614 5578 5611
f 5614 5611 5580
f 5580 5611 5615
f 5580 5615 5579
f 5609 5563 5564
f 5586 5616 5617
f 5617 5616 5577
f 5617 5577 5618
f 5618 5577 5602
f 5560 5559 5619
f 5620 5621 5569
f 5569 5621 5622
f 5569 5622 5570
f 5539 5623 5610
f 5610 5623 5624
f 5610 5624 5568
f 5624 5625 5568
f 5568 5625 5626
f 5568 5626 5627
f 5628 5576 5629
f 5629 5576 5581
f 5629 5581 5630
f 5630 5581 5549
f 5601 5576 5631
f 5631 5576 5628
f 5631 5628 5590
f 5590 5628 5632
f 5590 5632 5589
f 5554 5553 5599
f 5599 5553 5633
f 5599 5633 5576
f 5576 5633 5634
f 5634 5635 5576
f 5576 5635 5636
f 5576 5636 5622
f 5622 5636 5637
f 5622 5637 5570
f 5564 5638 5609
f 5609 5638 5639
f 5609 5639 5586
f 5586 5639 5640
f 5586 5640 5616
f 5592 5641 5594
f 5594 5641 5588
f 5594 5588 5642
f 5642 5588 5586
f 5642 5586 5643
f 5643 5586 5544
f 5610 5644 5645
f 5645 5644 5588
f 5645 5588 5646
f 5646 5588 5641
f 5627 5541 5542
f 5647 5560 5648
f 5648 5560 5619
f 5648 5619 5568
f 5568 5619 5649
f 5568 5649 5610
f 5610 5649 5650
f 5610 5650 5644
f 5651 5565 5566
f 5542 5652 5627
f 5627 5652 5653
f 5627 5653 5568
f 5568 5653 5654
f 5568 5654 5655
f 5547 5548 5656
f 5656 5548 5657
f 5658 5568 5657
f 5657 5568 5655
f 5657 5655 5656
f 5566 5571 5651
f 5651 5571 5567
f 5651 5567 5659
f 5659 5567 5568
f 5659 5568 5660
f 5660 5568 5658
f 5566 5457 5513
f 5566 5513 5571
f 5571 5513 5514
f 5571 5514 5572
f 5572 5514 5515
f 5572 5515 5567
f 5568 5479 5509
f 5568 5509 5648
f 5648 5509 5510
f 5648 5510 5647
f 5647 5510 5511
f 5647 5511 5560
f 5458 5565 5459
f 5459 5565 5651
f 5459 5651 5529
f 5529 5651 5659
f 5529 5659 5530
f 5530 5659 5660
f 5530 5660 5531
f 5531 5660 5658
f 5531 5658 5527
f 5527 5658 5657
f 5527 5657 5525
f 5525 5657 5548
f 5461 5562 5463
f 5463 5562 5577
f 5463 5577 5520
f 5520 5577 5616
f 5520 5616 5521
f 5521 5616 5640
f 5521 5640 5522
f 5522 5640 5639
f 5522 5639 5523
f 5523 5639 5638
f 5523 5638 5524
f 5524 5638 5564
f 5418 5540 5420
f 5420 5540 5610
f 5420 5610 5423
f 5423 5610 5645
f 5423 5645 5424
f 5424 5645 5646
f 5424 5646 5429
f 5429 5646 5641
f 5429 5641 5427
f 5427 5641 5592
f 5427 5592 5425
f 5425 5592 5546
f 5439 5552 5441
f 5441 5552 5579
f 5441 5579 5498
f 5498 5579 5615
f 5498 5615 5499
f 5499 5615 5611
f 5499 5611 5500
f 5500 5611 5612
f 5500 5612 5462
f 5462 5612 5613
f 5462 5613 5460
f 5460 5613 5561
f 5426 5545 5428
f 5428 5545 5591
f 5428 5591 5454
f 5454 5591 5593
f 5454 5593 5431
f 5431 5593 5594
f 5431 5594 5432
f 5432 5594 5642
f 5432 5642 5393
f 5393 5642 5643
f 5393 5643 5394
f 5394 5643 5544
f 5492 5558 5494
f 5494 5558 5588
f 5494 5588 5497
f 5497 5588 5644
f 5497 5644 5495
f 5495 5644 5650
f 5495 5650 5477
f 5477 5650 5649
f 5477 5649 5478
f 5478 5649 5619
f 5478 5619 5512
f 5512 5619 5559
f 5526 5547 5528
f 5528 5547 5656
f 5528 5656 5532
f 5532 5656 5655
f 5532 5655 5480
f 5480 5655 5654
f 5480 5654 5481
f 5481 5654 5653
f 5481 5653 5408
f 5408 5653 5652
f 5408 5652 5409
f 5409 5652 5542
f 5484 5563 5433
f 5433 5563 5609
f 5433 5609 5434
f 5434 5609 5608
f 5434 5608 5436
f 5436 5608 5607
f 5436 5607 5437
f 5437 5607 5606
f 5437 5606 5493
f 5493 5606 5605
f 5493 5605 5491
f 5491 5605 5557
f 5508 5541 5507
f 5507 5541 5627
f 5507 5627 5506
f 5506 5627 5626
f 5506 5626 5422
f 5422 5626 5625
f 5422 5625 5421
f 5421 5625 5624
f 5421 5624 5419
f 5419 5624 5623
f 5419 5623 5417
f 5417 5623 5539
f 5445 5554 5446
f 5446 5554 5599
f 5446 5599 5502
f 5502 5599 5600
f 5502 5600 5503
f 5503 5600 5601
f 5503 5601 5504
f 5504 5601 5631
f 5504 5631 5505
f 5505 5631 5590
f 5505 5590 5474
f 5474 5590 5556
f 5465 5534 5467
f 5467 5534 5578
f 5467 5578 5468
f 5468 5578 5596
f 5468 5596 5469
f 5469 5596 5595
f 5469 5595 5470
f 5470 5595 5587
f 5470 5587 5471
f 5471 5587 5573
f 5471 5573 5451
f 5451 5573 5538
f 5402 5570 5403
f 5403 5570 5637
f 5403 5637 5485
f 5485 5637 5636
f 5485 5636 5486
f 5486 5636 5635
f 5486 5635 5414
f 5414 5635 5634
f 5414 5634 5415
f 5415 5634 5633
f 5415 5633 5444
f 5444 5633 5553
f 5519 5550 5518
f 5518 5550 5581
f 5518 5581 5517
f 5517 5581 5597
f 5517 5597 5443
f 5443 5597 5598
f 5443 5598 5442
f 5442 5598 5614
f 5442 5614 5440
f 5440 5614 5580
f 5440 5580 5438
f 5438 5580 5551
f 5395 5543 5456
f 5456 5543 5586
f 5456 5586 5455
f 5455 5586 5617
f 5455 5617 5453
f 5453 5617 5618
f 5453 5618 5452
f 5452 5618 5602
f 5452 5602 5399
f 5399 5602 5583
f 5399 5583 5400
f 5400 5583 5536
f 5472 5555 5473
f 5473 5555 5589
f 5473 5589 5475
f 5475 5589 5632
f 5475 5632 5487
f 5487 5632 5628
f 5487 5628 5488
f 5488 5628 5629
f 5488 5629 5489
f 5489 5629 5630
f 5489 5630 5490
f 5490 5630 5549
f 5397 5535 5398
f 5398 5535 5582
f 5398 5582 5430
f 5430 5582 5584
f 5430 5584 5416
f 5416 5584 5585
f 5416 5585 5501
f 5501 5585 5603
f 5501 5603 5466
f 5466 5603 5604
f 5466 5604 5464
f 5464 5604 5533
f 5576 5450 5448
f 5576 5448 5574
f 5574 5448 5447
f 5574 5447 5575
f 5575 5447 5449
f 5575 5449 5537
f 5622 5411 5576
f 5576 5411 5450
f 5569 5401 5413
f 5569 5413 5620
f 5620 5413 5412
f 5620 5412 5621
f 5621 5412 5411
f 5621 5411 5622
f 5661 5662 5407
f 5407 5662 5476
f 5663 5661 5405
f 5405 5661 5407
f 5664 5663 5396
f 5396 5663 5405
f 5662 5664 5476
f 5476 5664 5396
f 5663 5664 5661
f 5661 5664 5662
f 5665 5666 5483
f 5483 5666 5406
f 5667 5665 5410
f 5410 5665 5483
f 5668 5667 5404
f 5404 5667 5410
f 5666 5668 5406
f 5406 5668 5404
f 5667 5668 5665
f 5665 5668 5666
f 5669 5670 5516
f 5516 5670 5496
f 5671 5669 5482
f 5482 5669 5516
f 5672 5671 5435
f 5435 5671 5482
f 5670 5672 5496
f 5496 5672 5435
f 5671 5672 5669
f 5669 5672 5670
f 5673 5674 5675
f 5676 5677 5675
f 5675 5677 5678
f 5675 5678 5673
f 5679 5680 5681
f 5681 5680 5682
f 5683 5684 5685
f 5685 5684 5686
f 5687 5688 5689
f 5690 5691 5689
f 5689 5691 5692
f 5689 5692 5687
f 5693 5694 5695
f 5696 5697 5698
f 5696 5698 5699
f 5700 5698 5701
f 5701 5698 5697
f 5701 5697 5702
f 5702 5697 5703
f 5702 5703 5704
f 5705 5706 5707
f 5707 5706 5702
f 5707 5702 5708
f 5708 5702 5704
f 5708 5704 5709
f 5710 5711 5712
f 5693 5695 5711
f 5711 5695 5713
f 5711 5713 5712
f 5714 5715 5716
f 5717 5718 5719
f 5719 5718 5720
f 5719 5720 5721
f 5721 5720 5722
f 5721 5722 5712
f 5712 5722 5723
f 5712 5723 5710
f 5714 5716 5724
f 5725 5726 5727
f 5727 5726 5728
f 5727 5728 5729
f 5717 5730 5718
f 5718 5730 5731
f 5718 5731 5716
f 5716 5731 5732
f 5716 5732 5724
f 5699 5698 5733
f 5733 5698 5727
f 5733 5727 5734
f 5734 5727 5729
f 5734 5729 5735
f 5736 5737 5716
f 5735 5738 5734
f 5734 5738 5739
f 5734 5739 5694
f 5694 5739 5740
f 5694 5740 5695
f 5715 5741 5716
f 5716 5741 5742
f 5716 5742 5736
f 5736 5742 5743
f 5736 5743 5744
f 5743 5745 5744
f 5744 5745 5746
f 5744 5746 5727
f 5727 5746 5747
f 5727 5747 5725
f 5748 5749 5750
f 5750 5749 5751
f 5750 5751 5698
f 5698 5751 5727
f 5752 5753 5754
f 5754 5753 5755
f 5754 5755 5756
f 5756 5755 5757
f 5758 5759 5760
f 5760 5759 5761
f 5760 5761 5762
f 5762 5761 5763
f 5762 5763 5764
f 5681 5682 5765
f 5765 5682 5766
f 5767 5768 5769
f 5767 5769 5760
f 5760 5769 5770
f 5760 5770 5771
f 5673 5772 5674
f 5674 5772 5762
f 5674 5762 5773
f 5773 5762 5764
f 5772 5774 5762
f 5762 5774 5775
f 5762 5775 5702
f 5702 5775 5776
f 5702 5776 5765
f 5777 5684 5683
f 5778 5779 5780
f 5780 5779 5781
f 5780 5781 5767
f 5767 5781 5782
f 5783 5784 5767
f 5767 5784 5785
f 5767 5785 5768
f 5785 5786 5768
f 5768 5786 5777
f 5768 5777 5787
f 5787 5777 5683
f 5771 5753 5760
f 5760 5753 5752
f 5760 5752 5758
f 5766 5788 5765
f 5765 5788 5789
f 5765 5789 5702
f 5702 5789 5790
f 5687 5783 5688
f 5688 5783 5767
f 5688 5767 5791
f 5791 5767 5782
f 5792 5778 5793
f 5793 5778 5794
f 5795 5796 5797
f 5797 5796 5798
f 5797 5798 5799
f 5800 5793 5801
f 5801 5793 5794
f 5801 5794 5799
f 5799 5794 5802
f 5799 5802 5797
f 5790 5803 5702
f 5702 5803 5749
f 5702 5749 5748
f 5748 5804 5702
f 5702 5804 5805
f 5702 5805 5701
f 5701 5805 5779
f 5701 5779 5806
f 5806 5779 5778
f 5806 5778 5807
f 5807 5778 5792
f 5808 5809 5810
f 5810 5809 5811
f 5810 5811 5812
f 5812 5811 5813
f 5812 5813 5814
f 5814 5813 5815
f 5814 5815 5816
f 5816 5815 5817
f 5816 5817 5818
f 5818 5817 5819
f 5818 5819 5820
f 5820 5819 5821
f 5820 5821 5822
f 5822 5821 5823
f 5822 5823 5824
f 5824 5823 5825
f 5824 5825 5826
f 5826 5825 5827
f 5826 5827 5828
f 5828 5827 5829
f 5828 5829 5830
f 5830 5829 5831
f 5830 5831 5808
f 5808 5831 5809
f 5832 5833 5834
f 5834 5833 5835
f 5834 5835 5836
f 5836 5835 5837
f 5836 5837 5838
f 5838 5837 5839
f 5838 5839 5840
f 5840 5839 5841
f 5840 5841 5842
f 5842 5841 5843
f 5842 5843 5844
f 5844 5843 5845
f 5844 5845 5846
f 5846 5845 5847
f 5846 5847 5848
f 5848 5847 5849
f 5848 5849 5850
f 5850 5849 5851
f 5850 5851 5852
f 5852 5851 5853
f 5852 5853 5854
f 5854 5853 5855
f 5854 5855 5832
f 5832 5855 5833
f 5856 5857 5858
f 5858 5857 5705
f 5858 5705 5859
f 5859 5705 5707
f 5860 5861 5677
f 5677 5861 5862
f 5862 5863 5677
f 5677 5863 5864
f 5677 5864 5678
f 5864 5865 5678
f 5678 5865 5866
f 5678 5866 5867
f 5867 5866 5868
f 5680 5679 5869
f 5869 5679 5870
f 5870 5871 5869
f 5869 5871 5872
f 5869 5872 5873
f 5873 5872 5874
f 5871 5875 5872
f 5872 5875 5876
f 5872 5876 5877
f 5877 5876 5878
f 5868 5866 5879
f 5879 5866 5880
f 5879 5880 5881
f 5881 5880 5882
f 5881 5882 5878
f 5878 5882 5883
f 5878 5883 5877
f 5884 5885 5886
f 5886 5885 5887
f 5886 5887 5888
f 5888 5887 5889
f 5888 5889 5890
f 5890 5889 5891
f 5890 5891 5892
f 5892 5891 5893
f 5892 5893 5894
f 5895 5727 5896
f 5896 5727 5751
f 5896 5751 5884
f 5884 5751 5897
f 5884 5897 5885
f 5895 5898 5727
f 5727 5898 5899
f 5727 5899 5744
f 5900 5901 5736
f 5736 5901 5902
f 5736 5902 5903
f 5899 5904 5744
f 5744 5904 5905
f 5744 5905 5736
f 5736 5905 5906
f 5736 5906 5900
f 5907 5908 5909
f 5909 5908 5910
f 5911 5912 5913
f 5913 5912 5914
f 5913 5914 5915
f 5915 5914 5916
f 5915 5916 5917
f 5893 5874 5894
f 5894 5874 5872
f 5894 5872 5918
f 5918 5872 5919
f 5918 5919 5911
f 5911 5919 5920
f 5911 5920 5912
f 5917 5916 5909
f 5909 5916 5921
f 5909 5921 5907
f 5907 5922 5908
f 5908 5922 5923
f 5908 5923 5924
f 5924 5925 5908
f 5908 5925 5926
f 5908 5926 5860
f 5860 5926 5927
f 5860 5927 5861
f 5903 5910 5736
f 5736 5910 5908
f 5736 5908 5737
f 5737 5908 5928
f 5929 5930 5931
f 5932 5933 5934
f 5934 5933 5935
f 5935 5933 5936
f 5935 5936 5937
f 5938 5939 5935
f 5935 5939 5940
f 5935 5940 5941
f 5941 5940 5942
f 5931 5943 5929
f 5929 5943 5944
f 5929 5944 5945
f 5945 5944 5938
f 5945 5938 5946
f 5946 5938 5935
f 5946 5935 5947
f 5947 5935 5937
f 5942 5948 5941
f 5941 5948 5949
f 5941 5949 5950
f 5949 5951 5950
f 5950 5951 5952
f 5950 5952 5930
f 5929 5953 5930
f 5930 5953 5954
f 5930 5954 5950
f 5950 5954 5955
f 5950 5955 5934
f 5934 5955 5956
f 5934 5956 5932
f 5957 5958 5959
f 5960 5718 5961
f 5961 5718 5716
f 5961 5716 5962
f 5960 5963 5718
f 5718 5963 5964
f 5718 5964 5965
f 5965 5964 5966
f 5965 5966 5967
f 5957 5968 5958
f 5958 5968 5969
f 5958 5969 5970
f 5970 5969 5971
f 5968 5972 5969
f 5969 5972 5973
f 5969 5973 5716
f 5716 5973 5974
f 5716 5974 5962
f 5959 5975 5957
f 5957 5975 5976
f 5957 5976 5967
f 5977 5965 5978
f 5978 5965 5967
f 5978 5967 5979
f 5979 5967 5976
f 5977 5980 5965
f 5965 5980 5981
f 5965 5981 5969
f 5969 5981 5982
f 5969 5982 5971
f 5983 5984 5676
f 5985 5986 5969
f 5987 5988 5941
f 5989 5990 5991
f 5992 5993 5757
f 5676 5984 5677
f 5969 5986 5965
f 5994 5995 5762
f 5984 5996 5677
f 5677 5996 5997
f 5677 5997 5860
f 5860 5997 5998
f 5860 5998 5908
f 5969 5928 5985
f 5985 5928 5908
f 5985 5908 5999
f 5999 5908 5998
f 5757 5993 5756
f 5756 5993 6000
f 5756 6000 6001
f 5986 6002 5965
f 5965 6002 6003
f 5965 6003 6004
f 6004 6003 6005
f 6006 6007 6008
f 5992 5757 6009
f 6009 5757 6010
f 6009 6010 6011
f 6011 6010 5987
f 6011 5987 6012
f 6012 5987 5941
f 6012 5941 6013
f 6014 5858 5762
f 5762 5858 5859
f 5762 5859 5994
f 5994 5859 6015
f 5994 6015 6016
f 6017 6018 6019
f 6019 6018 5983
f 6019 5983 6020
f 6020 5983 5676
f 6020 5676 6021
f 6021 5676 6022
f 6017 5989 6018
f 6018 5989 5991
f 6018 5991 6005
f 6005 5991 6023
f 6005 6023 6004
f 5995 6008 5762
f 5762 6008 6007
f 5762 6007 5760
f 5760 6007 6024
f 5760 6024 6025
f 6026 6027 6028
f 6028 6027 5760
f 6028 5760 6029
f 6029 5760 6025
f 6029 6025 6030
f 6031 6006 5756
f 5756 6006 6008
f 5756 6008 5676
f 5676 6008 6032
f 5676 6032 6022
f 6013 5941 6033
f 6033 5941 5950
f 6033 5950 6034
f 6034 5950 6035
f 6034 6035 6036
f 6036 6035 6037
f 6036 6037 6038
f 6038 6037 6039
f 6038 6039 6040
f 6001 6041 5756
f 5756 6041 6042
f 5756 6042 6031
f 6040 6043 6038
f 6038 6043 6044
f 6038 6044 6001
f 6001 6044 6045
f 6001 6045 6041
f 6046 6047 5690
f 5690 6047 6048
f 6049 6050 5767
f 5767 6050 6047
f 5767 6047 5780
f 5780 6047 6046
f 6051 6052 6053
f 6054 6055 5767
f 5767 6055 6056
f 5767 6056 6049
f 6049 6056 6057
f 6049 6057 6058
f 6053 6059 6051
f 6051 6059 6060
f 6051 6060 6061
f 6061 6060 6062
f 6061 6062 6063
f 6064 6065 6066
f 6067 5691 6068
f 6068 5691 6069
f 6048 6070 5690
f 5690 6070 6071
f 5690 6071 5691
f 5691 6071 6066
f 5691 6066 6069
f 6069 6066 6065
f 6062 6072 6063
f 6063 6072 6073
f 6063 6073 6066
f 6066 6073 6074
f 6066 6074 6064
f 5935 6075 5934
f 5934 6075 6076
f 5934 6076 6077
f 6067 6078 5691
f 5691 6078 6079
f 5691 6079 6080
f 6081 6082 5935
f 5935 6082 6083
f 5935 6083 6075
f 6084 5934 6085
f 6085 5934 6077
f 6085 6077 6053
f 6053 6077 6086
f 6053 6086 6059
f 5935 6087 6088
f 6079 6089 6080
f 6080 6089 6090
f 6080 6090 6088
f 6088 6090 6091
f 6091 6092 6088
f 6088 6092 6093
f 6088 6093 5935
f 5935 6093 6094
f 5935 6094 6081
f 6080 6095 5691
f 5691 6095 6096
f 6096 6097 5691
f 5691 6097 6098
f 5691 6098 5692
f 6098 6099 5692
f 5692 6099 6100
f 5692 6100 6101
f 6101 6100 6102
f 5685 5686 6103
f 6103 5686 6104
f 6104 6105 6103
f 6103 6105 6106
f 6103 6106 6107
f 6107 6106 6108
f 6105 6109 6106
f 6106 6109 6110
f 6106 6110 6111
f 6111 6110 6112
f 6102 6100 6113
f 6113 6100 6114
f 6113 6114 6115
f 6115 6114 6116
f 6115 6116 6112
f 6112 6116 6117
f 6112 6117 6111
f 6118 6119 6120
f 6120 6119 6121
f 6120 6121 6122
f 6122 6121 6123
f 6122 6123 6124
f 6124 6123 6125
f 6124 6125 6126
f 6126 6125 6127
f 6126 6127 6128
f 6129 5757 6130
f 6130 5757 5755
f 6130 5755 6118
f 6118 5755 6131
f 6118 6131 6119
f 6129 6132 5757
f 5757 6132 6133
f 5757 6133 6010
f 6134 6135 5987
f 5987 6135 6136
f 5987 6136 6137
f 6133 6138 6010
f 6010 6138 6139
f 6010 6139 5987
f 5987 6139 6140
f 5987 6140 6134
f 6141 6088 6142
f 6142 6088 6143
f 6144 6145 6146
f 6146 6145 6147
f 6144 6146 6148
f 6148 6146 6149
f 6148 6149 6150
f 6127 6108 6128
f 6128 6108 6106
f 6128 6106 6151
f 6151 6106 6152
f 6151 6152 6150
f 6150 6152 6153
f 6150 6153 6148
f 6147 6145 6142
f 6142 6145 6154
f 6142 6154 6141
f 6141 6155 6088
f 6088 6155 6156
f 6088 6156 6157
f 6157 6158 6088
f 6088 6158 6159
f 6088 6159 6080
f 6080 6159 6160
f 6080 6160 6095
f 6087 5988 6088
f 6088 5988 5987
f 6088 5987 6143
f 6143 5987 6137
f 5993 6161 6000
f 6000 6161 6162
f 6000 6162 6001
f 6001 6162 6163
f 6001 6163 6038
f 6038 6163 6164
f 6038 6164 6036
f 6036 6164 6165
f 6036 6165 6034
f 6034 6165 6166
f 6034 6166 6033
f 6033 6166 6167
f 6033 6167 6013
f 6013 6167 6168
f 6013 6168 6012
f 6012 6168 6169
f 6012 6169 6011
f 6011 6169 6170
f 6011 6170 6009
f 6009 6170 6171
f 6009 6171 5992
f 5992 6171 6172
f 5992 6172 5993
f 5993 6172 6161
f 5853 6173 5855
f 5855 6173 6174
f 5855 6174 5833
f 5833 6174 6175
f 5833 6175 5835
f 5835 6175 6176
f 5835 6176 5837
f 5837 6176 6177
f 5837 6177 5839
f 5839 6177 6178
f 5839 6178 5841
f 5841 6178 6179
f 5841 6179 5843
f 5843 6179 6180
f 5843 6180 5845
f 5845 6180 6181
f 5845 6181 5847
f 5847 6181 6182
f 5847 6182 5849
f 5849 6182 6183
f 5849 6183 5851
f 5851 6183 6184
f 5851 6184 5853
f 5853 6184 6173
f 6002 6185 6003
f 6003 6185 6186
f 6003 6186 6005
f 6005 6186 6187
f 6005 6187 6018
f 6018 6187 6188
f 6018 6188 5983
f 5983 6188 6189
f 5983 6189 5984
f 5984 6189 6190
f 5984 6190 5996
f 5996 6190 6191
f 5996 6191 5997
f 5997 6191 6192
f 5997 6192 5998
f 5998 6192 6193
f 5998 6193 5999
f 5999 6193 6194
f 5999 6194 5985
f 5985 6194 6195
f 5985 6195 5986
f 5986 6195 6196
f 5986 6196 6002
f 6002 6196 6185
f 5829 6197 5831
f 5831 6197 6198
f 5831 6198 5809
f 5809 6198 6199
f 5809 6199 5811
f 5811 6199 6200
f 5811 6200 5813
f 5813 6200 6201
f 5813 6201 5815
f 5815 6201 6202
f 5815 6202 5817
f 5817 6202 6203
f 5817 6203 5819
f 5819 6203 6204
f 5819 6204 5821
f 5821 6204 6205
f 5821 6205 5823
f 5823 6205 6206
f 5823 6206 5825
f 5825 6206 6207
f 5825 6207 5827
f 5827 6207 6208
f 5827 6208 5829
f 5829 6208 6197
f 6087 5935 5988
f 5988 5935 5941
f 5928 5969 5737
f 5737 5969 5716
f 5991 5723 5722
f 5991 5722 6023
f 6023 5722 5720
f 6023 5720 6004
f 6004 5720 5718
f 6004 5718 5965
f 6053 6039 6037
f 6053 6037 6085
f 6085 6037 6035
f 6085 6035 6084
f 6084 6035 5950
f 6084 5950 5934
f 6209 6210 6055
f 6055 6210 6026
f 6055 6026 6056
f 6056 6026 6028
f 6211 6212 6213
f 6213 6212 6214
f 6213 6214 6215
f 6215 6214 6216
f 6215 6216 6217
f 6217 6216 6218
f 6217 6218 6219
f 6219 6218 6220
f 6219 6220 6221
f 6221 6220 6222
f 6221 6222 6223
f 6223 6222 6224
f 6223 6224 6225
f 6225 6224 6226
f 6225 6226 6227
f 6227 6226 6228
f 6227 6228 6229
f 6229 6228 6230
f 6231 6232 6233
f 6233 6232 6234
f 6233 6234 6235
f 6235 6234 6236
f 6235 6236 6237
f 6237 6236 6238
f 6237 6238 6239
f 6239 6238 6240
f 6239 6240 6241
f 6241 6240 6242
f 6241 6242 6243
f 6243 6242 6244
f 6243 6244 6245
f 6245 6244 6246
f 6245 6246 6247
f 6247 6246 6248
f 6247 6248 6249
f 6249 6248 6250
f 6251 6252 5832
f 5832 6252 6253
f 5832 6253 5854
f 5854 6253 6254
f 5854 6254 5852
f 5852 6254 6255
f 5852 6255 5850
f 5850 6255 6256
f 5850 6256 5848
f 5848 6256 6257
f 5848 6257 5846
f 5846 6257 6258
f 5846 6258 5844
f 5844 6258 6259
f 5844 6259 5842
f 5842 6259 6260
f 5842 6260 5840
f 5840 6260 6261
f 5840 6261 5838
f 5838 6261 6262
f 5838 6262 5836
f 5836 6262 6263
f 5836 6263 5834
f 5834 6263 6251
f 5834 6251 5832
f 6260 6259 6264
f 6264 6265 6260
f 6260 6265 6266
f 6260 6266 6261
f 6266 6267 6261
f 6261 6267 6268
f 6261 6268 6262
f 6268 6269 6262
f 6262 6269 6270
f 6262 6270 6263
f 6270 6271 6263
f 6263 6271 6272
f 6263 6272 6251
f 6272 6273 6251
f 6251 6273 6274
f 6251 6274 6252
f 6274 6275 6252
f 6252 6275 6276
f 6252 6276 6253
f 6276 6277 6253
f 6253 6277 6278
f 6253 6278 6254
f 6278 6279 6254
f 6254 6279 6280
f 6254 6280 6255
f 6280 6281 6255
f 6255 6281 6282
f 6255 6282 6256
f 6282 6283 6256
f 6256 6283 6284
f 6256 6284 6257
f 6284 6285 6257
f 6257 6285 6286
f 6257 6286 6258
f 6286 6287 6258
f 6258 6287 6288
f 6258 6288 6259
f 6259 6288 6289
f 6259 6289 6264
f 6290 6291 5808
f 5808 6291 6292
f 5808 6292 5830
f 5830 6292 6293
f 5830 6293 5828
f 5828 6293 6294
f 5828 6294 5826
f 5826 6294 6295
f 5826 6295 5824
f 5824 6295 6296
f 5824 6296 5822
f 5822 6296 6297
f 5822 6297 5820
f 5820 6297 6298
f 5820 6298 5818
f 5818 6298 6299
f 5818 6299 5816
f 5816 6299 6300
f 5816 6300 5814
f 5814 6300 6301
f 5814 6301 5812
f 5812 6301 6302
f 5812 6302 5810
f 5810 6302 6290
f 5810 6290 5808
f 6299 6298 6303
f 6303 6304 6299
f 6299 6304 6305
f 6299 6305 6300
f 6305 6306 6300
f 6300 6306 6307
f 6300 6307 6301
f 6307 6308 6301
f 6301 6308 6309
f 6301 6309 6302
f 6309 6310 6302
f 6302 6310 6311
f 6302 6311 6290
f 6311 6312 6290
f 6290 6312 6313
f 6290 6313 6291
f 6313 6314 6291
f 6291 6314 6315
f 6291 6315 6292
f 6315 6316 6292
f 6292 6316 6317
f 6292 6317 6293
f 6317 6318 6293
f 6293 6318 6319
f 6293 6319 6294
f 6319 6320 6294
f 6294 6320 6321
f 6294 6321 6295
f 6321 6322 6295
f 6295 6322 6323
f 6295 6323 6296
f 6323 6324 6296
f 6296 6324 6325
f 6296 6325 6297
f 6325 6326 6297
f 6297 6326 6327
f 6297 6327 6298
f 6298 6327 6328
f 6298 6328 6303
f 5767 5760 6027
f 6329 6330 6027
f 6027 6330 6054
f 6027 6054 5767
f 6210 6209 6329
f 6329 6209 6330
f 5762 5702 5706
f 6331 6332 5706
f 5706 6332 6014
f 5706 6014 5762
f 5857 5856 6331
f 6331 5856 6332
f 6333 6334 5761
f 5761 6334 5763
f 5781 5779 6335
f 6335 5779 6336
f 6337 6338 6339
f 5750 5698 6340
f 6340 5698 6341
f 6342 6343 6339
f 6339 6343 6344
f 6339 6344 6337
f 6345 6346 6347
f 6347 6346 6343
f 6347 6343 6348
f 6348 6343 6342
f 6348 6342 6349
f 6349 6342 6350
f 6341 5698 6336
f 6336 5698 5700
f 6336 5700 6335
f 5689 6351 5690
f 5690 6351 6352
f 5690 6352 6046
f 6046 6352 6335
f 6046 6335 6353
f 6353 6335 5700
f 6353 5700 6337
f 6337 5700 6354
f 6337 6354 6338
f 5754 5756 6355
f 6355 5756 6356
f 5676 5675 6357
f 6357 6358 5676
f 5676 6358 6334
f 5676 6334 5756
f 5756 6334 6333
f 5756 6333 6356
f 5752 5754 5758
f 5758 5754 6355
f 5758 6355 5759
f 5759 6355 6356
f 5759 6356 5761
f 5761 6356 6333
f 5781 6335 5782
f 5782 6335 6352
f 5782 6352 5791
f 5791 6352 6351
f 5791 6351 5688
f 5688 6351 5689
f 5748 5750 5804
f 5804 5750 6340
f 5804 6340 5805
f 5805 6340 6341
f 5805 6341 5779
f 5779 6341 6336
f 5763 6334 5764
f 5764 6334 6358
f 5764 6358 5773
f 5773 6358 6357
f 5773 6357 5674
f 5674 6357 5675
f 6342 6339 5793
f 5793 6339 5792
f 6347 6348 5798
f 5798 6348 5799
f 5797 5802 6343
f 6343 5802 6344
f 6347 5798 5796
f 6347 5796 6345
f 6345 5796 5795
f 6345 5795 6346
f 6346 5795 5797
f 6346 5797 6343
f 6342 5793 5800
f 6342 5800 6350
f 6350 5800 5801
f 6350 5801 6349
f 6349 5801 5799
f 6349 5799 6348
f 6344 5802 6337
f 6337 5802 5794
f 6337 5794 6353
f 6353 5794 5778
f 6353 5778 6046
f 6046 5778 5780
f 5700 5701 6354
f 6354 5701 5806
f 6354 5806 6338
f 6338 5806 5807
f 6338 5807 6339
f 6339 5807 5792
f 5684 5777 5686
f 5686 5777 6104
f 6104 5777 6105
f 6105 5777 5786
f 6105 5786 6109
f 6109 5786 6110
f 6110 5786 5785
f 6110 5785 6112
f 6112 5785 6115
f 6115 5785 5784
f 6115 5784 6113
f 6113 5784 6102
f 6102 5784 5783
f 6102 5783 6101
f 6101 5783 5687
f 6101 5687 5692
f 5753 5771 5755
f 5755 5771 6131
f 6131 5771 6119
f 6119 5771 5770
f 6119 5770 6121
f 6121 5770 6123
f 6123 5770 5769
f 6123 5769 6125
f 6125 5769 6127
f 6127 5769 5768
f 6127 5768 6108
f 6108 5768 6107
f 6107 5768 5787
f 6107 5787 6103
f 6103 5787 5683
f 6103 5683 5685
f 5749 5803 5751
f 5751 5803 5897
f 5897 5803 5885
f 5885 5803 5790
f 5885 5790 5887
f 5887 5790 5889
f 5889 5790 5789
f 5889 5789 5891
f 5891 5789 5893
f 5893 5789 5788
f 5893 5788 5874
f 5874 5788 5873
f 5873 5788 5766
f 5873 5766 5869
f 5869 5766 5682
f 5869 5682 5680
f 5681 5765 5679
f 5679 5765 5870
f 5870 5765 5871
f 5871 5765 5776
f 5871 5776 5875
f 5875 5776 5876
f 5876 5776 5775
f 5876 5775 5878
f 5878 5775 5881
f 5881 5775 5774
f 5881 5774 5879
f 5879 5774 5868
f 5868 5774 5772
f 5868 5772 5867
f 5867 5772 5673
f 5867 5673 5678
f 5933 6096 6095
f 5933 6095 5936
f 6096 5933 6097
f 6097 5933 5932
f 6097 5932 6098
f 6098 5932 6099
f 6099 5932 5956
f 6099 5956 6100
f 6100 5956 6114
f 6114 5956 5955
f 6114 5955 6116
f 5954 5953 6152
f 6152 6106 5954
f 5954 6106 6111
f 5954 6111 5955
f 5955 6111 6117
f 5955 6117 6116
f 5929 5945 6145
f 6145 6144 5929
f 5929 6144 6148
f 5929 6148 5953
f 5953 6148 6153
f 5953 6153 6152
f 5947 6155 5946
f 5946 6155 6141
f 5946 6141 5945
f 5945 6141 6154
f 5945 6154 6145
f 5937 6157 5947
f 5947 6157 6156
f 5947 6156 6155
f 6095 6160 5936
f 5936 6160 6159
f 5936 6159 5937
f 5937 6159 6158
f 5937 6158 6157
f 5903 5902 5974
f 5961 5962 5900
f 5974 5902 5962
f 5962 5902 5901
f 5962 5901 5900
f 5903 5974 5910
f 5910 5974 5973
f 5910 5973 5909
f 5909 5973 5972
f 5909 5972 5917
f 5917 5972 5915
f 5915 5972 5968
f 5915 5968 5913
f 5913 5968 5911
f 5911 5968 5957
f 5911 5957 5918
f 5918 5957 5894
f 5894 5957 5967
f 5894 5967 5892
f 5892 5967 5890
f 5890 5967 5966
f 5890 5966 5888
f 5888 5966 5886
f 5886 5966 5964
f 5886 5964 5884
f 5884 5964 5896
f 5896 5964 5963
f 5896 5963 5895
f 5960 5899 5963
f 5963 5899 5898
f 5963 5898 5895
f 5900 5906 5961
f 5961 5906 5905
f 5961 5905 5960
f 5960 5905 5904
f 5960 5904 5899
f 5943 6126 6128
f 5943 6128 5944
f 6126 5943 6124
f 6124 5943 5931
f 6124 5931 6122
f 6122 5931 6120
f 6120 5931 5930
f 6120 5930 6118
f 6118 5930 6130
f 6130 5930 5952
f 6130 5952 6129
f 5951 5949 6139
f 6139 6138 5951
f 5951 6138 6133
f 5951 6133 5952
f 5952 6133 6132
f 5952 6132 6129
f 5948 5942 6136
f 6136 6135 5948
f 5948 6135 6134
f 5948 6134 5949
f 5949 6134 6140
f 5949 6140 6139
f 5939 6142 5940
f 5940 6142 6143
f 5940 6143 5942
f 5942 6143 6137
f 5942 6137 6136
f 5938 6146 5939
f 5939 6146 6147
f 5939 6147 6142
f 6128 6151 5944
f 5944 6151 6150
f 5944 6150 5938
f 5938 6150 6149
f 5938 6149 6146
f 5921 5916 5959
f 5976 5975 5912
f 5959 5916 5975
f 5975 5916 5914
f 5975 5914 5912
f 5921 5959 5907
f 5907 5959 5958
f 5907 5958 5922
f 5922 5958 5970
f 5922 5970 5923
f 5923 5970 5924
f 5924 5970 5971
f 5924 5971 5925
f 5925 5971 5926
f 5926 5971 5982
f 5926 5982 5927
f 5927 5982 5861
f 5861 5982 5981
f 5861 5981 5862
f 5862 5981 5863
f 5863 5981 5980
f 5863 5980 5864
f 5864 5980 5865
f 5865 5980 5977
f 5865 5977 5866
f 5866 5977 5880
f 5880 5977 5978
f 5880 5978 5882
f 5979 5877 5978
f 5978 5877 5883
f 5978 5883 5882
f 5912 5920 5976
f 5976 5920 5919
f 5976 5919 5979
f 5979 5919 5872
f 5979 5872 5877
f 6172 6180 6161
f 6161 6180 6179
f 6161 6179 6162
f 6162 6179 6178
f 6162 6178 6163
f 6163 6178 6177
f 6163 6177 6164
f 6164 6177 6176
f 6164 6176 6165
f 6165 6176 6175
f 6165 6175 6166
f 6166 6175 6174
f 6166 6174 6167
f 6167 6174 6173
f 6167 6173 6168
f 6168 6173 6184
f 6168 6184 6169
f 6169 6184 6183
f 6169 6183 6170
f 6170 6183 6182
f 6170 6182 6171
f 6171 6182 6181
f 6171 6181 6172
f 6172 6181 6180
f 6040 6359 6043
f 6043 6359 6360
f 6361 6362 6025
f 6025 6362 6363
f 6025 6363 6030
f 6360 6364 6043
f 6043 6364 6231
f 6043 6231 6044
f 6044 6231 6233
f 6044 6233 6045
f 6045 6233 6235
f 6045 6235 6041
f 6041 6235 6237
f 6041 6237 6042
f 6042 6237 6239
f 6042 6239 6031
f 6031 6239 6241
f 6031 6241 6006
f 6006 6241 6243
f 6006 6243 6007
f 6007 6243 6245
f 6007 6245 6024
f 6024 6245 6247
f 6024 6247 6025
f 6025 6247 6249
f 6025 6249 6361
f 6196 6204 6185
f 6185 6204 6203
f 6185 6203 6186
f 6186 6203 6202
f 6186 6202 6187
f 6187 6202 6201
f 6187 6201 6188
f 6188 6201 6200
f 6188 6200 6189
f 6189 6200 6199
f 6189 6199 6190
f 6190 6199 6198
f 6190 6198 6191
f 6191 6198 6197
f 6191 6197 6192
f 6192 6197 6208
f 6192 6208 6193
f 6193 6208 6207
f 6193 6207 6194
f 6194 6207 6206
f 6194 6206 6195
f 6195 6206 6205
f 6195 6205 6196
f 6196 6205 6204
f 6365 5990 6366
f 6366 5990 5989
f 6366 5989 6367
f 6367 5989 6229
f 5994 6016 6368
f 6229 5989 6227
f 6227 5989 6017
f 6227 6017 6225
f 6225 6017 6019
f 6225 6019 6223
f 6223 6019 6020
f 6223 6020 6221
f 6221 6020 6021
f 6221 6021 6219
f 6219 6021 6022
f 6219 6022 6217
f 6217 6022 6032
f 6217 6032 6215
f 6215 6032 6008
f 6215 6008 6213
f 6213 6008 5995
f 6213 5995 6211
f 6211 5995 5994
f 6211 5994 6369
f 6369 5994 6368
f 6369 6368 6370
f 6264 6069 6265
f 6265 6069 6065
f 6265 6065 6266
f 6266 6065 6064
f 6266 6064 6267
f 6267 6064 6074
f 6267 6074 6268
f 6268 6074 6073
f 6268 6073 6269
f 6269 6073 6072
f 6269 6072 6270
f 6270 6072 6062
f 6270 6062 6271
f 6271 6062 6060
f 6271 6060 6272
f 6272 6060 6059
f 6272 6059 6273
f 6273 6059 6086
f 6273 6086 6274
f 6274 6086 6077
f 6274 6077 6275
f 6275 6077 6076
f 6275 6076 6276
f 6276 6076 6075
f 6276 6075 6277
f 6277 6075 6083
f 6277 6083 6278
f 6278 6083 6082
f 6278 6082 6279
f 6279 6082 6081
f 6279 6081 6280
f 6280 6081 6094
f 6280 6094 6281
f 6281 6094 6093
f 6281 6093 6282
f 6282 6093 6092
f 6282 6092 6283
f 6283 6092 6091
f 6283 6091 6284
f 6284 6091 6090
f 6284 6090 6285
f 6285 6090 6089
f 6285 6089 6286
f 6286 6089 6079
f 6286 6079 6287
f 6287 6079 6078
f 6287 6078 6288
f 6288 6078 6067
f 6288 6067 6289
f 6289 6067 6068
f 6289 6068 6264
f 6264 6068 6069
f 6303 5730 6304
f 6304 5730 5717
f 6304 5717 6305
f 6305 5717 5719
f 6305 5719 6306
f 6306 5719 5721
f 6306 5721 6307
f 6307 5721 5712
f 6307 5712 6308
f 6308 5712 5713
f 6308 5713 6309
f 6309 5713 5695
f 6309 5695 6310
f 6310 5695 5740
f 6310 5740 6311
f 6311 5740 5739
f 6311 5739 6312
f 6312 5739 5738
f 6312 5738 6313
f 6313 5738 5735
f 6313 5735 6314
f 6314 5735 5729
f 6314 5729 6315
f 6315 5729 5728
f 6315 5728 6316
f 6316 5728 5726
f 6316 5726 6317
f 6317 5726 5725
f 6317 5725 6318
f 6318 5725 5747
f 6318 5747 6319
f 6319 5747 5746
f 6319 5746 6320
f 6320 5746 5745
f 6320 5745 6321
f 6321 5745 5743
f 6321 5743 6322
f 6322 5743 5742
f 6322 5742 6323
f 6323 5742 5741
f 6323 5741 6324
f 6324 5741 5715
f 6324 5715 6325
f 6325 5715 5714
f 6325 5714 6326
f 6326 5714 5724
f 6326 5724 6327
f 6327 5724 5732
f 6327 5732 6328
f 6328 5732 5731
f 6328 5731 6303
f 6303 5731 5730
f 5710 6371 5711
f 5711 6371 6372
f 6373 6374 5704
f 5704 6374 6375
f 5704 6375 5709
f 6372 6376 5711
f 5711 6376 6230
f 5711 6230 5693
f 5693 6230 6228
f 5693 6228 5694
f 5694 6228 6226
f 5694 6226 5734
f 5734 6226 6224
f 5734 6224 5733
f 5733 6224 6222
f 5733 6222 5699
f 5699 6222 6220
f 5699 6220 5696
f 5696 6220 6218
f 5696 6218 5697
f 5697 6218 6216
f 5697 6216 5703
f 5703 6216 6214
f 5703 6214 5704
f 5704 6214 6212
f 5704 6212 6373
f 6377 6052 6378
f 6378 6052 6051
f 6378 6051 6379
f 6379 6051 6232
f 6049 6058 6380
f 6232 6051 6234
f 6234 6051 6061
f 6234 6061 6236
f 6236 6061 6063
f 6236 6063 6238
f 6238 6063 6066
f 6238 6066 6240
f 6240 6066 6071
f 6240 6071 6242
f 6242 6071 6070
f 6242 6070 6244
f 6244 6070 6048
f 6244 6048 6246
f 6246 6048 6047
f 6246 6047 6248
f 6248 6047 6050
f 6248 6050 6250
f 6250 6050 6049
f 6250 6049 6381
f 6381 6049 6380
f 6381 6380 6382
f 6030 6363 6380
f 6380 6363 6362
f 6380 6362 6382
f 6361 6249 6250
f 6361 6250 6362
f 6362 6250 6381
f 6362 6381 6382
f 6380 6058 6030
f 6030 6058 6057
f 6030 6057 6029
f 6029 6057 6056
f 6029 6056 6028
f 6039 6053 6052
f 6039 6052 6040
f 6040 6052 6377
f 6040 6377 6359
f 6359 6377 6378
f 6359 6378 6360
f 6379 6232 6231
f 6379 6231 6378
f 6378 6231 6364
f 6378 6364 6360
f 5709 6375 6368
f 6368 6375 6374
f 6368 6374 6370
f 6373 6212 6211
f 6373 6211 6374
f 6374 6211 6369
f 6374 6369 6370
f 6368 6016 5709
f 5709 6016 6015
f 5709 6015 5708
f 5708 6015 5859
f 5708 5859 5707
f 5723 5991 5990
f 5723 5990 5710
f 5710 5990 6365
f 5710 6365 6371
f 6371 6365 6366
f 6371 6366 6372
f 6367 6229 6230
f 6367 6230 6366
f 6366 6230 6376
f 6366 6376 6372
f 5705 5857 5706
f 5706 5857 6331
f 6014 6332 5858
f 5858 6332 5856
f 6026 6210 6027
f 6027 6210 6329
f 6054 6330 6055
f 6055 6330 6209
f 6383 6384 6385
f 6386 6387 6388
f 6388 6387 6389
f 6388 6389 6383
f 6390 6391 6392
f 6393 6394 6395
f 6396 6397 6398
f 6395 6394 6399
f 6399 6394 6398
f 6399 6398 6400
f 6400 6398 6397
f 6400 6397 6401
f 6402 6403 6404
f 6402 6404 6405
f 6406 6403 6407
f 6407 6403 6402
f 6407 6402 6408
f 6408 6402 6409
f 6410 6411 6412
f 6412 6411 6413
f 6412 6413 6414
f 6414 6413 6415
f 6416 6417 6418
f 6410 6419 6411
f 6411 6419 6420
f 6411 6420 6417
f 6417 6420 6421
f 6417 6421 6418
f 6418 6422 6416
f 6416 6422 6423
f 6416 6423 6424
f 6424 6423 6425
f 6425 6426 6424
f 6424 6426 6390
f 6424 6390 6427
f 6427 6390 6392
f 6427 6392 6428
f 6429 6430 6431
f 6431 6430 6432
f 6433 6434 6411
f 6434 6435 6411
f 6411 6435 6436
f 6411 6436 6413
f 6413 6436 6437
f 6437 6438 6413
f 6413 6438 6390
f 6413 6390 6415
f 6415 6390 6426
f 6438 6439 6390
f 6390 6439 6440
f 6390 6440 6441
f 6398 6442 6396
f 6396 6442 6443
f 6396 6443 6444
f 6444 6443 6445
f 6444 6445 6446
f 6446 6445 6405
f 6446 6405 6447
f 6447 6405 6404
f 6448 6449 6450
f 6450 6449 6451
f 6450 6451 6452
f 6448 6453 6449
f 6449 6453 6454
f 6449 6454 6417
f 6454 6455 6417
f 6417 6455 6456
f 6417 6456 6411
f 6411 6456 6457
f 6411 6457 6458
f 6458 6459 6411
f 6411 6459 6460
f 6411 6460 6451
f 6451 6460 6461
f 6451 6461 6452
f 6451 6462 6463
f 6463 6464 6451
f 6451 6464 6465
f 6451 6465 6411
f 6411 6465 6466
f 6411 6466 6467
f 6467 6468 6411
f 6411 6468 6469
f 6411 6469 6433
f 6433 6469 6470
f 6385 6471 6472
f 6468 6473 6469
f 6469 6473 6474
f 6469 6474 6385
f 6385 6474 6475
f 6385 6475 6471
f 6472 6462 6385
f 6385 6462 6451
f 6385 6451 6383
f 6383 6451 6449
f 6383 6449 6388
f 6476 6477 6478
f 6479 6480 6481
f 6482 6476 6483
f 6483 6476 6478
f 6483 6478 6469
f 6477 6484 6478
f 6478 6484 6485
f 6478 6485 6486
f 6486 6485 6487
f 6486 6487 6488
f 6480 6489 6481
f 6481 6489 6490
f 6481 6490 6483
f 6483 6490 6491
f 6483 6491 6482
f 6492 6493 6486
f 6494 6495 6496
f 6488 6479 6486
f 6486 6479 6481
f 6486 6481 6492
f 6492 6481 6497
f 6495 6498 6496
f 6496 6498 6499
f 6496 6499 6481
f 6481 6499 6500
f 6481 6500 6497
f 6493 6501 6486
f 6486 6501 6502
f 6486 6502 6503
f 6503 6502 6504
f 6503 6504 6505
f 6506 6507 6503
f 6508 6509 6496
f 6508 6496 6510
f 6510 6496 6511
f 6510 6511 6512
f 6505 6494 6503
f 6503 6494 6496
f 6503 6496 6506
f 6506 6496 6509
f 6507 6513 6503
f 6503 6513 6514
f 6503 6514 6515
f 6515 6514 6516
f 6516 6517 6515
f 6515 6517 6518
f 6515 6518 6511
f 6511 6518 6519
f 6511 6519 6512
f 6440 6429 6441
f 6441 6429 6431
f 6441 6431 6520
f 6515 6521 6503
f 6503 6521 6522
f 6503 6522 6486
f 6486 6522 6523
f 6486 6523 6478
f 6524 6525 6526
f 6527 6520 6528
f 6528 6520 6529
f 6527 6524 6520
f 6520 6524 6526
f 6520 6526 6441
f 6441 6526 6530
f 6441 6530 6390
f 6390 6530 6531
f 6390 6531 6391
f 6525 6532 6526
f 6526 6532 6533
f 6526 6533 6534
f 6535 6536 6523
f 6523 6536 6537
f 6533 6538 6534
f 6534 6538 6539
f 6534 6539 6535
f 6537 6529 6523
f 6523 6529 6520
f 6523 6520 6478
f 6478 6520 6431
f 6478 6431 6469
f 6469 6431 6432
f 6469 6432 6470
f 6523 6540 6541
f 6542 6543 6522
f 6535 6523 6534
f 6534 6523 6541
f 6534 6541 6544
f 6543 6545 6522
f 6522 6545 6546
f 6522 6546 6523
f 6523 6546 6547
f 6523 6547 6540
f 6544 6548 6534
f 6534 6548 6549
f 6534 6549 6550
f 6550 6549 6551
f 6550 6551 6552
f 6553 6554 6395
f 6555 6556 6521
f 6557 6558 6522
f 6522 6558 6550
f 6522 6550 6542
f 6542 6550 6552
f 6556 6559 6521
f 6521 6559 6560
f 6521 6560 6522
f 6522 6560 6561
f 6522 6561 6557
f 6558 6562 6550
f 6550 6562 6563
f 6550 6563 6395
f 6395 6563 6564
f 6395 6564 6553
f 6554 6555 6395
f 6395 6555 6521
f 6395 6521 6393
f 6393 6521 6515
f 6393 6515 6565
f 6565 6515 6511
f 6565 6511 6566
f 6566 6511 6567
f 6566 6567 6568
f 6568 6567 6569
f 6568 6569 6409
f 6409 6569 6570
f 6409 6570 6408
f 6408 6570 6571
f 6408 6571 6572
f 6572 6571 6573
f 6572 6573 6574
f 6574 6573 6575
f 6574 6575 6576
f 6576 6575 6577
f 6576 6577 6384
f 6384 6577 6578
f 6384 6578 6385
f 6385 6578 6579
f 6385 6579 6469
f 6469 6579 6580
f 6469 6580 6483
f 6483 6580 6581
f 6483 6581 6481
f 6481 6581 6582
f 6481 6582 6496
f 6496 6582 6583
f 6496 6583 6511
f 6511 6583 6584
f 6511 6584 6567
f 6585 6586 6587
f 6588 6589 6590
f 6591 6592 6593
f 6594 6595 6596
f 6596 6595 6597
f 6597 6595 6598
f 6597 6598 6599
f 6600 6599 6601
f 6601 6599 6598
f 6601 6598 6602
f 6602 6598 6603
f 6602 6603 6604
f 6604 6603 6605
f 6604 6605 6606
f 6606 6605 6607
f 6606 6607 6608
f 6608 6607 6609
f 6608 6609 6610
f 6610 6609 6593
f 6610 6593 6611
f 6611 6593 6592
f 6611 6592 6612
f 6594 6613 6614
f 6614 6613 6615
f 6614 6615 6616
f 6589 6616 6617
f 6618 6619 6620
f 6621 6622 6619
f 6619 6622 6623
f 6619 6623 6620
f 6624 6625 6626
f 6625 6627 6626
f 6626 6627 6628
f 6626 6628 6629
f 6630 6631 6632
f 6632 6631 6633
f 6634 6635 6636
f 6636 6635 6637
f 6636 6637 6638
f 6628 6639 6629
f 6629 6639 6640
f 6629 6640 6641
f 6641 6640 6635
f 6641 6635 6642
f 6642 6635 6634
f 6643 6644 6645
f 6645 6644 6646
f 6645 6646 6647
f 6648 6649 6650
f 6650 6649 6651
f 6650 6651 6652
f 6651 6653 6652
f 6652 6653 6654
f 6652 6654 6655
f 6654 6656 6655
f 6655 6656 6657
f 6655 6657 6618
f 6618 6657 6658
f 6618 6658 6643
f 6643 6658 6659
f 6643 6659 6644
f 6652 6660 6661
f 6662 6663 6664
f 6652 6661 6650
f 6650 6661 6665
f 6650 6665 6666
f 6662 6664 6667
f 6660 6652 6668
f 6668 6652 6655
f 6668 6655 6669
f 6669 6655 6670
f 6669 6670 6671
f 6616 6615 6617
f 6617 6615 6672
f 6617 6672 6673
f 6673 6674 6617
f 6617 6674 6675
f 6617 6675 6676
f 6676 6675 6677
f 6676 6677 6678
f 6678 6679 6680
f 6680 6679 6681
f 6680 6681 6682
f 6681 6683 6682
f 6682 6683 6684
f 6682 6684 6613
f 6613 6684 6685
f 6613 6685 6615
f 6615 6685 6686
f 6615 6686 6672
f 6678 6680 6676
f 6676 6680 6687
f 6676 6687 6688
f 6688 6689 6676
f 6676 6689 6690
f 6676 6690 6691
f 6691 6690 6692
f 6691 6692 6693
f 6693 6694 6695
f 6695 6694 6696
f 6695 6696 6697
f 6696 6698 6697
f 6697 6698 6699
f 6697 6699 6682
f 6682 6699 6700
f 6682 6700 6680
f 6680 6700 6701
f 6680 6701 6687
f 6693 6695 6691
f 6691 6695 6702
f 6691 6702 6703
f 6704 6664 6587
f 6587 6664 6663
f 6587 6663 6585
f 6703 6705 6691
f 6691 6705 6706
f 6691 6706 6587
f 6587 6706 6707
f 6587 6707 6704
f 6704 6708 6664
f 6664 6708 6709
f 6664 6709 6710
f 6710 6709 6711
f 6710 6711 6697
f 6711 6712 6697
f 6697 6712 6713
f 6697 6713 6695
f 6695 6713 6714
f 6695 6714 6702
f 6715 6716 6670
f 6717 6718 6719
f 6618 6620 6655
f 6655 6620 6720
f 6655 6720 6670
f 6670 6720 6721
f 6670 6721 6715
f 6718 6722 6719
f 6719 6722 6723
f 6719 6723 6720
f 6720 6723 6724
f 6720 6724 6721
f 6716 6725 6670
f 6670 6725 6726
f 6670 6726 6727
f 6727 6726 6728
f 6727 6728 6729
f 6730 6731 6727
f 6732 6733 6734
f 6729 6717 6727
f 6727 6717 6719
f 6727 6719 6730
f 6730 6719 6735
f 6733 6736 6734
f 6734 6736 6737
f 6734 6737 6719
f 6719 6737 6738
f 6719 6738 6735
f 6731 6739 6727
f 6727 6739 6740
f 6727 6740 6741
f 6741 6740 6742
f 6741 6742 6743
f 6744 6745 6741
f 6746 6747 6734
f 6743 6732 6741
f 6741 6732 6734
f 6741 6734 6744
f 6744 6734 6747
f 6745 6748 6741
f 6741 6748 6749
f 6741 6749 6590
f 6590 6749 6750
f 6590 6750 6751
f 6751 6752 6590
f 6590 6752 6591
f 6590 6591 6588
f 6588 6591 6593
f 6752 6753 6591
f 6591 6753 6754
f 6591 6754 6734
f 6734 6754 6755
f 6734 6755 6746
f 6589 6617 6590
f 6590 6617 6676
f 6590 6676 6741
f 6741 6676 6691
f 6741 6691 6727
f 6727 6691 6587
f 6727 6587 6670
f 6670 6587 6586
f 6670 6586 6671
f 6647 6648 6645
f 6645 6648 6650
f 6645 6650 6626
f 6626 6650 6632
f 6626 6632 6624
f 6624 6632 6633
f 6756 6757 6636
f 6758 6759 6632
f 6632 6759 6760
f 6632 6760 6761
f 6638 6630 6636
f 6636 6630 6632
f 6636 6632 6756
f 6756 6632 6761
f 6762 6763 6764
f 6757 6765 6636
f 6636 6765 6766
f 6636 6766 6762
f 6762 6766 6767
f 6762 6767 6763
f 6768 6758 6710
f 6710 6758 6632
f 6710 6632 6664
f 6664 6632 6650
f 6664 6650 6667
f 6667 6650 6666
f 6594 6596 6613
f 6613 6596 6769
f 6613 6769 6682
f 6682 6769 6770
f 6682 6770 6697
f 6697 6770 6762
f 6697 6762 6710
f 6710 6762 6764
f 6710 6764 6768
f 6417 6626 6449
f 6449 6626 6629
f 6449 6629 6388
f 6427 6619 6424
f 6424 6619 6618
f 6424 6618 6416
f 6416 6618 6643
f 6416 6643 6417
f 6417 6643 6645
f 6417 6645 6626
f 6623 6391 6620
f 6620 6391 6531
f 6620 6531 6720
f 6531 6530 6720
f 6720 6530 6526
f 6720 6526 6719
f 6719 6526 6534
f 6719 6534 6734
f 6395 6399 6592
f 6534 6550 6734
f 6734 6550 6395
f 6734 6395 6591
f 6591 6395 6592
f 6404 6601 6447
f 6447 6601 6602
f 6447 6602 6446
f 6446 6602 6604
f 6446 6604 6444
f 6444 6604 6606
f 6444 6606 6396
f 6396 6606 6608
f 6396 6608 6397
f 6397 6608 6610
f 6389 6634 6383
f 6383 6634 6636
f 6383 6636 6384
f 6384 6636 6762
f 6597 6407 6596
f 6596 6407 6408
f 6596 6408 6769
f 6769 6408 6572
f 6769 6572 6770
f 6770 6572 6574
f 6770 6574 6762
f 6762 6574 6576
f 6762 6576 6384
f 6614 6771 6594
f 6594 6771 6772
f 6594 6772 6595
f 6614 6616 6771
f 6771 6616 6589
f 6771 6589 6588
f 6773 6771 6593
f 6593 6771 6588
f 6593 6609 6773
f 6773 6609 6607
f 6607 6605 6773
f 6773 6605 6603
f 6773 6603 6774
f 6774 6603 6598
f 6772 6774 6595
f 6595 6774 6598
f 6773 6774 6771
f 6771 6774 6772
f 6422 6644 6423
f 6423 6644 6659
f 6423 6659 6425
f 6425 6659 6658
f 6425 6658 6426
f 6426 6658 6657
f 6426 6657 6415
f 6415 6657 6656
f 6415 6656 6414
f 6414 6656 6654
f 6414 6654 6412
f 6412 6654 6653
f 6412 6653 6410
f 6410 6653 6651
f 6410 6651 6419
f 6419 6651 6649
f 6419 6649 6420
f 6420 6649 6648
f 6420 6648 6421
f 6421 6648 6647
f 6421 6647 6418
f 6418 6647 6646
f 6418 6646 6422
f 6422 6646 6644
f 6465 6756 6466
f 6466 6756 6761
f 6466 6761 6467
f 6467 6761 6760
f 6467 6760 6468
f 6468 6760 6759
f 6468 6759 6473
f 6473 6759 6758
f 6473 6758 6474
f 6474 6758 6768
f 6474 6768 6475
f 6475 6768 6764
f 6475 6764 6471
f 6471 6764 6763
f 6471 6763 6472
f 6472 6763 6767
f 6472 6767 6462
f 6462 6767 6766
f 6462 6766 6463
f 6463 6766 6765
f 6463 6765 6464
f 6464 6765 6757
f 6464 6757 6465
f 6465 6757 6756
f 6454 6628 6455
f 6455 6628 6627
f 6455 6627 6456
f 6456 6627 6625
f 6456 6625 6457
f 6457 6625 6624
f 6457 6624 6458
f 6458 6624 6633
f 6458 6633 6459
f 6459 6633 6631
f 6459 6631 6460
f 6460 6631 6630
f 6460 6630 6461
f 6461 6630 6638
f 6461 6638 6452
f 6452 6638 6637
f 6452 6637 6450
f 6450 6637 6635
f 6450 6635 6448
f 6448 6635 6640
f 6448 6640 6453
f 6453 6640 6639
f 6453 6639 6454
f 6454 6639 6628
f 6437 6661 6438
f 6438 6661 6660
f 6438 6660 6439
f 6439 6660 6668
f 6439 6668 6440
f 6440 6668 6669
f 6440 6669 6429
f 6429 6669 6671
f 6429 6671 6430
f 6430 6671 6586
f 6430 6586 6432
f 6432 6586 6585
f 6432 6585 6470
f 6470 6585 6663
f 6470 6663 6433
f 6433 6663 6662
f 6433 6662 6434
f 6434 6662 6667
f 6434 6667 6435
f 6435 6667 6666
f 6435 6666 6436
f 6436 6666 6665
f 6436 6665 6437
f 6437 6665 6661
f 6445 6775 6405
f 6405 6775 6776
f 6405 6776 6402
f 6445 6443 6775
f 6775 6443 6442
f 6775 6442 6398
f 6777 6775 6394
f 6394 6775 6398
f 6777 6394 6393
f 6393 6565 6777
f 6777 6565 6566
f 6777 6566 6778
f 6778 6566 6568
f 6778 6568 6409
f 6776 6778 6402
f 6402 6778 6409
f 6777 6778 6775
f 6775 6778 6776
f 6779 6580 6780
f 6780 6580 6579
f 6780 6579 6578
f 6571 6570 6781
f 6578 6577 6780
f 6780 6577 6575
f 6780 6575 6781
f 6781 6575 6573
f 6781 6573 6571
f 6567 6782 6569
f 6569 6782 6781
f 6569 6781 6570
f 6780 6781 6779
f 6779 6781 6782
f 6717 6535 6718
f 6718 6535 6539
f 6718 6539 6722
f 6722 6539 6538
f 6722 6538 6723
f 6723 6538 6533
f 6723 6533 6724
f 6724 6533 6532
f 6724 6532 6721
f 6721 6532 6525
f 6721 6525 6715
f 6715 6525 6524
f 6715 6524 6716
f 6716 6524 6527
f 6716 6527 6725
f 6725 6527 6528
f 6725 6528 6726
f 6726 6528 6529
f 6726 6529 6728
f 6728 6529 6537
f 6728 6537 6729
f 6729 6537 6536
f 6729 6536 6717
f 6717 6536 6535
f 6672 6518 6673
f 6673 6518 6517
f 6673 6517 6674
f 6674 6517 6516
f 6674 6516 6675
f 6675 6516 6514
f 6675 6514 6677
f 6677 6514 6513
f 6677 6513 6678
f 6678 6513 6507
f 6678 6507 6679
f 6679 6507 6506
f 6679 6506 6681
f 6681 6506 6509
f 6681 6509 6683
f 6683 6509 6508
f 6683 6508 6684
f 6684 6508 6510
f 6684 6510 6685
f 6685 6510 6512
f 6685 6512 6686
f 6686 6512 6519
f 6686 6519 6672
f 6672 6519 6518
f 6687 6494 6688
f 6688 6494 6505
f 6688 6505 6689
f 6689 6505 6504
f 6689 6504 6690
f 6690 6504 6502
f 6690 6502 6692
f 6692 6502 6501
f 6692 6501 6693
f 6693 6501 6493
f 6693 6493 6694
f 6694 6493 6492
f 6694 6492 6696
f 6696 6492 6497
f 6696 6497 6698
f 6698 6497 6500
f 6698 6500 6699
f 6699 6500 6499
f 6699 6499 6700
f 6700 6499 6498
f 6700 6498 6701
f 6701 6498 6495
f 6701 6495 6687
f 6687 6495 6494
f 6702 6479 6703
f 6703 6479 6488
f 6703 6488 6705
f 6705 6488 6487
f 6705 6487 6706
f 6706 6487 6485
f 6706 6485 6707
f 6707 6485 6484
f 6707 6484 6704
f 6704 6484 6477
f 6704 6477 6708
f 6708 6477 6476
f 6708 6476 6709
f 6709 6476 6482
f 6709 6482 6711
f 6711 6482 6491
f 6711 6491 6712
f 6712 6491 6490
f 6712 6490 6713
f 6713 6490 6489
f 6713 6489 6714
f 6714 6489 6480
f 6714 6480 6702
f 6702 6480 6479
f 6752 6555 6753
f 6753 6555 6554
f 6753 6554 6754
f 6754 6554 6553
f 6754 6553 6755
f 6755 6553 6564
f 6755 6564 6746
f 6746 6564 6563
f 6746 6563 6747
f 6747 6563 6562
f 6747 6562 6744
f 6744 6562 6558
f 6744 6558 6745
f 6745 6558 6557
f 6745 6557 6748
f 6748 6557 6561
f 6748 6561 6749
f 6749 6561 6560
f 6749 6560 6750
f 6750 6560 6559
f 6750 6559 6751
f 6751 6559 6556
f 6751 6556 6752
f 6752 6556 6555
f 6732 6542 6733
f 6733 6542 6552
f 6733 6552 6736
f 6736 6552 6551
f 6736 6551 6737
f 6737 6551 6549
f 6737 6549 6738
f 6738 6549 6548
f 6738 6548 6735
f 6735 6548 6544
f 6735 6544 6730
f 6730 6544 6541
f 6730 6541 6731
f 6731 6541 6540
f 6731 6540 6739
f 6739 6540 6547
f 6739 6547 6740
f 6740 6547 6546
f 6740 6546 6742
f 6742 6546 6545
f 6742 6545 6743
f 6743 6545 6543
f 6743 6543 6732
f 6732 6543 6542
f 6601 6404 6403
f 6601 6403 6600
f 6600 6403 6406
f 6600 6406 6599
f 6599 6406 6407
f 6599 6407 6597
f 6592 6399 6400
f 6592 6400 6612
f 6612 6400 6401
f 6612 6401 6611
f 6611 6401 6397
f 6611 6397 6610
f 6619 6427 6428
f 6619 6428 6621
f 6621 6428 6392
f 6621 6392 6622
f 6622 6392 6391
f 6622 6391 6623
f 6634 6389 6387
f 6634 6387 6642
f 6642 6387 6386
f 6642 6386 6641
f 6641 6386 6388
f 6641 6388 6629
f 6581 6580 6779
f 6567 6584 6782
f 6782 6584 6583
f 6782 6583 6779
f 6779 6583 6582
f 6779 6582 6581
f 6783 6784 6259
f 6259 6784 6785
f 6784 6786 6785
f 6785 6786 6787
f 6785 6787 6788
f 6789 6790 6791
f 6791 6790 6788
f 6791 6788 6792
f 6792 6788 6787
f 6789 6793 6790
f 6790 6793 6794
f 6790 6794 6795
f 6794 6796 6795
f 6795 6796 6797
f 6795 6797 6798
f 6799 6800 6801
f 6801 6800 6798
f 6801 6798 6802
f 6802 6798 6797
f 6799 6803 6800
f 6800 6803 6804
f 6800 6804 6805
f 6804 6806 6805
f 6805 6806 6807
f 6805 6807 6808
f 6807 6809 6808
f 6808 6809 6810
f 6808 6810 6811
f 6811 6810 6812
f 6811 6812 6813
f 6813 6812 6814
f 6813 6814 6815
f 6815 6814 6816
f 6815 6816 6817
f 6817 6818 6815
f 6815 6818 6819
f 6815 6819 6820
f 6819 6821 6820
f 6820 6821 6822
f 6820 6822 6823
f 6822 6824 6823
f 6823 6824 6825
f 6823 6825 6826
f 6825 6827 6826
f 6826 6827 6828
f 6826 6828 6829
f 6828 6830 6829
f 6829 6830 6831
f 6829 6831 6832
f 6831 6833 6832
f 6832 6833 6834
f 6832 6834 6835
f 6834 6836 6835
f 6835 6836 6837
f 6835 6837 6259
f 6259 6837 6838
f 6259 6838 6783
f 6827 6825 6839
f 6840 6841 6817
f 6839 6825 6842
f 6842 6825 6824
f 6842 6824 6843
f 6844 6845 6846
f 6846 6845 6847
f 6846 6847 6848
f 6848 6847 6849
f 6848 6849 6850
f 6851 6852 6844
f 6844 6852 6853
f 6844 6853 6845
f 6824 6822 6843
f 6843 6822 6821
f 6843 6821 6854
f 6854 6821 6819
f 6854 6819 6841
f 6841 6819 6818
f 6841 6818 6817
f 6855 6856 6857
f 6857 6856 6858
f 6857 6858 6851
f 6851 6858 6859
f 6851 6859 6852
f 6860 6861 6855
f 6855 6861 6862
f 6855 6862 6856
f 6812 6863 6814
f 6814 6863 6840
f 6814 6840 6816
f 6816 6840 6817
f 6812 6810 6863
f 6863 6810 6809
f 6863 6809 6864
f 6865 6866 6867
f 6867 6866 6868
f 6867 6868 6860
f 6860 6868 6869
f 6860 6869 6861
f 6809 6807 6864
f 6864 6807 6806
f 6864 6806 6870
f 6870 6806 6804
f 6870 6804 6871
f 6872 6873 6865
f 6865 6873 6874
f 6865 6874 6866
f 6875 6876 6872
f 6872 6876 6877
f 6872 6877 6873
f 6804 6803 6871
f 6871 6803 6799
f 6871 6799 6878
f 6799 6801 6878
f 6878 6801 6802
f 6878 6802 6879
f 6880 6881 6882
f 6882 6881 6883
f 6882 6883 6875
f 6875 6883 6884
f 6875 6884 6876
f 6802 6797 6879
f 6879 6797 6796
f 6879 6796 6885
f 6885 6796 6794
f 6885 6794 6886
f 6887 6888 6880
f 6880 6888 6889
f 6880 6889 6881
f 6890 6891 6887
f 6887 6891 6892
f 6887 6892 6888
f 6794 6793 6886
f 6886 6793 6789
f 6886 6789 6893
f 6789 6791 6893
f 6893 6791 6792
f 6893 6792 6894
f 6895 6896 6897
f 6897 6896 6898
f 6897 6898 6890
f 6890 6898 6899
f 6890 6899 6891
f 6792 6787 6894
f 6894 6787 6786
f 6894 6786 6900
f 6900 6786 6784
f 6900 6784 6901
f 6902 6903 6895
f 6895 6903 6904
f 6895 6904 6896
f 6905 6906 6902
f 6902 6906 6907
f 6902 6907 6903
f 6784 6783 6901
f 6901 6783 6838
f 6901 6838 6908
f 6909 6910 6905
f 6905 6910 6911
f 6905 6911 6906
f 6912 6913 6914
f 6914 6913 6915
f 6914 6915 6916
f 6916 6915 6917
f 6916 6917 6909
f 6909 6917 6918
f 6909 6918 6910
f 6848 6919 6846
f 6846 6919 6920
f 6846 6920 6844
f 6844 6920 6921
f 6844 6921 6851
f 6851 6921 6922
f 6851 6922 6857
f 6857 6922 6923
f 6857 6923 6855
f 6855 6923 6924
f 6855 6924 6860
f 6860 6924 6925
f 6860 6925 6867
f 6867 6925 6926
f 6867 6926 6865
f 6865 6926 6927
f 6865 6927 6872
f 6872 6927 6928
f 6872 6928 6875
f 6875 6928 6929
f 6875 6929 6882
f 6882 6929 6930
f 6882 6930 6880
f 6880 6930 6931
f 6880 6931 6887
f 6887 6931 6932
f 6887 6932 6890
f 6890 6932 6933
f 6890 6933 6897
f 6897 6933 6934
f 6897 6934 6895
f 6895 6934 6935
f 6895 6935 6902
f 6902 6935 6936
f 6902 6936 6905
f 6905 6936 6937
f 6905 6937 6909
f 6909 6937 6938
f 6909 6938 6916
f 6916 6938 6939
f 6916 6939 6914
f 6914 6939 6940
f 6919 6941 6920
f 6920 6941 6942
f 6920 6942 6921
f 6921 6942 6943
f 6921 6943 6922
f 6922 6943 6944
f 6922 6944 6923
f 6923 6944 6945
f 6923 6945 6924
f 6924 6945 6946
f 6924 6946 6925
f 6925 6946 6947
f 6925 6947 6926
f 6926 6947 6948
f 6926 6948 6927
f 6927 6948 6949
f 6927 6949 6928
f 6928 6949 6950
f 6928 6950 6929
f 6929 6950 6951
f 6929 6951 6930
f 6930 6951 6952
f 6930 6952 6931
f 6931 6952 6953
f 6931 6953 6932
f 6932 6953 6954
f 6932 6954 6933
f 6933 6954 6955
f 6933 6955 6934
f 6934 6955 6956
f 6934 6956 6935
f 6935 6956 6957
f 6935 6957 6936
f 6936 6957 6958
f 6936 6958 6937
f 6937 6958 6959
f 6937 6959 6938
f 6938 6959 6960
f 6938 6960 6939
f 6939 6960 6961
f 6939 6961 6940
f 6940 6961 6962
f 6941 6963 6942
f 6942 6963 6964
f 6942 6964 6943
f 6943 6964 6965
f 6943 6965 6944
f 6944 6965 6966
f 6944 6966 6945
f 6945 6966 6967
f 6945 6967 6946
f 6946 6967 6968
f 6946 6968 6947
f 6947 6968 6969
f 6947 6969 6948
f 6948 6969 6970
f 6948 6970 6949
f 6949 6970 6971
f 6949 6971 6950
f 6950 6971 6972
f 6950 6972 6951
f 6951 6972 6973
f 6951 6973 6952
f 6952 6973 6974
f 6952 6974 6953
f 6953 6974 6975
f 6953 6975 6954
f 6954 6975 6976
f 6954 6976 6955
f 6955 6976 6977
f 6955 6977 6956
f 6956 6977 6978
f 6956 6978 6957
f 6957 6978 6979
f 6957 6979 6958
f 6958 6979 6980
f 6958 6980 6959
f 6959 6980 6981
f 6959 6981 6960
f 6960 6981 6982
f 6960 6982 6961
f 6961 6982 6983
f 6961 6983 6962
f 6962 6983 6984
f 6963 6985 6964
f 6964 6985 6986
f 6964 6986 6965
f 6965 6986 6987
f 6965 6987 6966
f 6966 6987 6988
f 6966 6988 6967
f 6967 6988 6989
f 6967 6989 6968
f 6968 6989 6990
f 6968 6990 6969
f 6969 6990 6991
f 6969 6991 6970
f 6970 6991 6992
f 6970 6992 6971
f 6971 6992 6993
f 6971 6993 6972
f 6972 6993 6994
f 6972 6994 6973
f 6973 6994 6995
f 6973 6995 6974
f 6974 6995 6996
f 6974 6996 6975
f 6975 6996 6997
f 6975 6997 6976
f 6976 6997 6998
f 6976 6998 6977
f 6977 6998 6999
f 6977 6999 6978
f 6978 6999 7000
f 6978 7000 6979
f 6979 7000 7001
f 6979 7001 6980
f 6980 7001 7002
f 6980 7002 6981
f 6981 7002 7003
f 6981 7003 6982
f 6982 7003 7004
f 6982 7004 6983
f 6983 7004 7005
f 6983 7005 6984
f 6984 7005 7006
f 6985 7007 6986
f 6986 7007 7008
f 6986 7008 6987
f 6987 7008 7009
f 6987 7009 6988
f 6988 7009 7010
f 6988 7010 6989
f 6989 7010 7011
f 6989 7011 6990
f 6990 7011 7012
f 6990 7012 6991
f 6991 7012 7013
f 6991 7013 6992
f 6992 7013 7014
f 6992 7014 6993
f 6993 7014 7015
f 6993 7015 6994
f 6994 7015 7016
f 6994 7016 6995
f 6995 7016 7017
f 6995 7017 6996
f 6996 7017 7018
f 6996 7018 6997
f 6997 7018 7019
f 6997 7019 6998
f 6998 7019 7020
f 6998 7020 6999
f 6999 7020 7021
f 6999 7021 7000
f 7000 7021 7022
f 7000 7022 7001
f 7001 7022 7023
f 7001 7023 7002
f 7002 7023 7024
f 7002 7024 7003
f 7003 7024 7025
f 7003 7025 7004
f 7004 7025 7026
f 7004 7026 7005
f 7005 7026 7027
f 7005 7027 7006
f 7006 7027 7028
f 7007 7029 7008
f 7008 7029 7030
f 7008 7030 7009
f 7009 7030 7031
f 7009 7031 7010
f 7010 7031 7032
f 7010 7032 7011
f 7011 7032 7033
f 7011 7033 7012
f 7012 7033 7034
f 7012 7034 7013
f 7013 7034 7035
f 7013 7035 7014
f 7014 7035 7036
f 7014 7036 7015
f 7015 7036 7037
f 7015 7037 7016
f 7016 7037 7038
f 7016 7038 7017
f 7017 7038 7039
f 7017 7039 7018
f 7018 7039 7040
f 7018 7040 7019
f 7019 7040 7041
f 7019 7041 7020
f 7020 7041 7042
f 7020 7042 7021
f 7021 7042 7043
f 7021 7043 7022
f 7022 7043 7044
f 7022 7044 7023
f 7023 7044 7045
f 7023 7045 7024
f 7024 7045 7046
f 7024 7046 7025
f 7025 7046 7047
f 7025 7047 7026
f 7026 7047 7048
f 7026 7048 7027
f 7027 7048 7049
f 7027 7049 7028
f 7028 7049 7050
f 7029 6839 7030
f 7030 6839 6842
f 7030 6842 7031
f 7031 6842 6843
f 7031 6843 7032
f 7032 6843 6854
f 7032 6854 7033
f 7033 6854 6841
f 7033 6841 7034
f 7034 6841 6840
f 7034 6840 7035
f 7035 6840 6863
f 7035 6863 7036
f 7036 6863 6864
f 7036 6864 7037
f 7037 6864 6870
f 7037 6870 7038
f 7038 6870 6871
f 7038 6871 7039
f 7039 6871 6878
f 7039 6878 7040
f 7040 6878 6879
f 7040 6879 7041
f 7041 6879 6885
f 7041 6885 7042
f 7042 6885 6886
f 7042 6886 7043
f 7043 6886 6893
f 7043 6893 7044
f 7044 6893 6894
f 7044 6894 7045
f 7045 6894 6900
f 7045 6900 7046
f 7046 6900 6901
f 7046 6901 7047
f 7047 6901 6908
f 7047 6908 7048
f 7048 6908 7051
f 7048 7051 7049
f 7049 7051 7052
f 7049 7052 7050
f 7050 7052 7053
f 6850 7054 7055
f 7055 7054 6912
f 6838 6837 6908
f 6908 6837 6836
f 6908 6836 7051
f 7051 6836 6834
f 7051 6834 7052
f 7052 6834 6833
f 7052 6833 7053
f 7053 6833 6831
f 7053 6831 6830
f 6912 6914 7055
f 7055 6914 6940
f 7055 6940 7056
f 7056 6940 6962
f 7056 6962 7057
f 7057 6962 6984
f 7057 6984 7058
f 7058 6984 7006
f 7058 7006 7059
f 7059 7006 7028
f 7059 7028 7060
f 7060 7028 7050
f 7060 7050 7061
f 7061 7050 7053
f 7061 7053 7062
f 7062 7053 6830
f 7062 6830 6828
f 6850 7055 6848
f 6848 7055 7056
f 6848 7056 6919
f 6919 7056 7057
f 6919 7057 6941
f 6941 7057 7058
f 6941 7058 6963
f 6963 7058 7059
f 6963 7059 6985
f 6985 7059 7060
f 6985 7060 7007
f 7007 7060 7061
f 7007 7061 7029
f 7029 7061 7062
f 7029 7062 6839
f 6839 7062 6828
f 6839 6828 6827
f 6889 6888 7063
f 6858 6856 7064
f 7064 6856 7065
f 7065 6856 6862
f 7065 6862 7066
f 7064 7067 6858
f 6858 7067 7068
f 6858 7068 6859
f 6859 7068 7069
f 6859 7069 6852
f 6852 7069 7070
f 6852 7070 6853
f 7071 7054 7072
f 7072 7054 6850
f 6853 7070 6845
f 6845 7070 7073
f 6845 7073 6847
f 6847 7073 7074
f 6847 7074 6849
f 6849 7074 7075
f 6849 7075 6850
f 6850 7075 7076
f 6850 7076 7072
f 7077 6910 7078
f 7078 6910 6918
f 7078 6918 7079
f 7079 6918 6917
f 7079 6917 7080
f 7080 6917 6915
f 7080 6915 7081
f 7081 6915 6913
f 7081 6913 7071
f 7071 6913 6912
f 7071 6912 7054
f 7082 6898 7083
f 7083 6898 6896
f 7083 6896 7084
f 7084 6896 6904
f 7084 6904 7085
f 7085 6904 6903
f 7085 6903 7086
f 7086 6903 6907
f 7086 6907 7087
f 7087 6907 6906
f 7087 6906 7077
f 7077 6906 6911
f 7077 6911 6910
f 7063 6888 7088
f 7088 6888 6892
f 7088 6892 7089
f 7089 6892 6891
f 7089 6891 7082
f 7082 6891 6899
f 7082 6899 6898
f 7063 7090 6889
f 6889 7090 7091
f 6889 7091 6881
f 6881 7091 7092
f 6881 7092 6883
f 6883 7092 7093
f 6883 7093 6884
f 6884 7093 7094
f 6884 7094 6876
f 6876 7094 6877
f 6877 7094 7095
f 6877 7095 6873
f 6873 7095 7096
f 6873 7096 6874
f 6862 6861 7066
f 7066 6861 6869
f 7066 6869 7097
f 7097 6869 6868
f 7097 6868 7098
f 7098 6868 6866
f 7098 6866 7099
f 7099 6866 6874
f 7099 6874 7100
f 7100 6874 7096
f 7101 7102 7072
f 7103 7104 7105
f 7105 7104 7106
f 7107 7108 7086
f 7086 7087 7107
f 7107 7087 7077
f 7107 7077 7109
f 7109 7077 7078
f 7109 7078 7110
f 7111 7112 7113
f 7113 7114 7111
f 7111 7114 7115
f 7111 7115 7106
f 7106 7115 7116
f 7106 7116 7105
f 7117 7118 7119
f 7119 7118 7120
f 7119 7120 7112
f 7112 7120 7121
f 7112 7121 7113
f 7078 7079 7110
f 7110 7079 7080
f 7110 7080 7122
f 7122 7080 7081
f 7122 7081 7102
f 7102 7081 7071
f 7102 7071 7072
f 7123 7124 7125
f 7125 7124 7126
f 7125 7126 7117
f 7117 7126 7127
f 7117 7127 7118
f 7072 7076 7101
f 7101 7076 7075
f 7101 7075 7128
f 7129 7130 7123
f 7123 7130 7131
f 7123 7131 7124
f 7075 7074 7128
f 7128 7074 7073
f 7128 7073 7132
f 7133 7134 7129
f 7129 7134 7135
f 7129 7135 7130
f 7073 7070 7132
f 7132 7070 7069
f 7132 7069 7136
f 7136 7069 7068
f 7136 7068 7137
f 7138 7139 7140
f 7140 7139 7141
f 7140 7141 7133
f 7133 7141 7142
f 7133 7142 7134
f 7068 7067 7137
f 7137 7067 7064
f 7137 7064 7143
f 7144 7145 7138
f 7138 7145 7146
f 7138 7146 7139
f 7064 7065 7143
f 7143 7065 7066
f 7143 7066 7147
f 7148 7149 7144
f 7144 7149 7150
f 7144 7150 7145
f 7066 7097 7147
f 7147 7097 7098
f 7147 7098 7151
f 7151 7098 7099
f 7151 7099 7152
f 7153 7154 7155
f 7155 7154 7156
f 7155 7156 7148
f 7148 7156 7157
f 7148 7157 7149
f 7099 7100 7152
f 7152 7100 7096
f 7152 7096 7158
f 7159 7160 7153
f 7153 7160 7161
f 7153 7161 7154
f 7096 7095 7158
f 7158 7095 7094
f 7158 7094 7162
f 7163 7164 7159
f 7159 7164 7165
f 7159 7165 7160
f 7094 7093 7162
f 7162 7093 7092
f 7162 7092 7166
f 7166 7092 7091
f 7166 7091 7167
f 7168 7169 7163
f 7163 7169 7170
f 7163 7170 7164
f 7171 7172 7173
f 7173 7172 7174
f 7173 7174 7168
f 7168 7174 7175
f 7168 7175 7169
f 7091 7090 7167
f 7167 7090 7063
f 7167 7063 7176
f 7176 7063 7088
f 7176 7088 7177
f 7178 7179 7171
f 7171 7179 7180
f 7171 7180 7172
f 7104 7181 7106
f 7106 7181 7182
f 7106 7182 7111
f 7111 7182 7183
f 7111 7183 7112
f 7112 7183 7184
f 7112 7184 7119
f 7119 7184 7185
f 7119 7185 7117
f 7117 7185 7186
f 7117 7186 7125
f 7125 7186 7187
f 7125 7187 7123
f 7123 7187 7188
f 7123 7188 7129
f 7129 7188 7189
f 7129 7189 7133
f 7133 7189 7190
f 7133 7190 7140
f 7140 7190 7191
f 7140 7191 7138
f 7138 7191 7192
f 7138 7192 7144
f 7144 7192 7193
f 7144 7193 7148
f 7148 7193 7194
f 7148 7194 7155
f 7155 7194 7195
f 7155 7195 7153
f 7153 7195 7196
f 7153 7196 7159
f 7159 7196 7197
f 7159 7197 7163
f 7163 7197 7198
f 7163 7198 7168
f 7168 7198 7199
f 7168 7199 7173
f 7173 7199 7200
f 7173 7200 7171
f 7171 7200 7201
f 7171 7201 7178
f 7178 7201 7202
f 7178 7202 7203
f 7203 7202 7204
f 7181 7205 7182
f 7182 7205 7206
f 7182 7206 7183
f 7183 7206 7207
f 7183 7207 7184
f 7184 7207 7208
f 7184 7208 7185
f 7185 7208 7209
f 7185 7209 7186
f 7186 7209 7210
f 7186 7210 7187
f 7187 7210 7211
f 7187 7211 7188
f 7188 7211 7212
f 7188 7212 7189
f 7189 7212 7213
f 7189 7213 7190
f 7190 7213 7214
f 7190 7214 7191
f 7191 7214 7215
f 7191 7215 7192
f 7192 7215 7216
f 7192 7216 7193
f 7193 7216 7217
f 7193 7217 7194
f 7194 7217 7218
f 7194 7218 7195
f 7195 7218 7219
f 7195 7219 7196
f 7196 7219 7220
f 7196 7220 7197
f 7197 7220 7221
f 7197 7221 7198
f 7198 7221 7222
f 7198 7222 7199
f 7199 7222 7223
f 7199 7223 7200
f 7200 7223 7224
f 7200 7224 7201
f 7201 7224 7225
f 7201 7225 7202
f 7202 7225 7226
f 7202 7226 7204
f 7204 7226 7227
f 7205 7228 7206
f 7206 7228 7229
f 7206 7229 7207
f 7207 7229 7230
f 7207 7230 7208
f 7208 7230 7231
f 7208 7231 7209
f 7209 7231 7232
f 7209 7232 7210
f 7210 7232 7233
f 7210 7233 7211
f 7211 7233 7234
f 7211 7234 7212
f 7212 7234 7235
f 7212 7235 7213
f 7213 7235 7236
f 7213 7236 7214
f 7214 7236 7237
f 7214 7237 7215
f 7215 7237 7238
f 7215 7238 7216
f 7216 7238 7239
f 7216 7239 7217
f 7217 7239 7240
f 7217 7240 7218
f 7218 7240 7241
f 7218 7241 7219
f 7219 7241 7242
f 7219 7242 7220
f 7220 7242 7243
f 7220 7243 7221
f 7221 7243 7244
f 7221 7244 7222
f 7222 7244 7245
f 7222 7245 7223
f 7223 7245 7246
f 7223 7246 7224
f 7224 7246 7247
f 7224 7247 7225
f 7225 7247 7248
f 7225 7248 7226
f 7226 7248 7249
f 7226 7249 7227
f 7227 7249 7250
f 7228 7251 7229
f 7229 7251 7252
f 7229 7252 7230
f 7230 7252 7253
f 7230 7253 7231
f 7231 7253 7254
f 7231 7254 7232
f 7232 7254 7255
f 7232 7255 7233
f 7233 7255 7256
f 7233 7256 7234
f 7234 7256 7257
f 7234 7257 7235
f 7235 7257 7258
f 7235 7258 7236
f 7236 7258 7259
f 7236 7259 7237
f 7237 7259 7260
f 7237 7260 7238
f 7238 7260 7261
f 7238 7261 7239
f 7239 7261 7262
f 7239 7262 7240
f 7240 7262 7263
f 7240 7263 7241
f 7241 7263 7264
f 7241 7264 7242
f 7242 7264 7265
f 7242 7265 7243
f 7243 7265 7266
f 7243 7266 7244
f 7244 7266 7267
f 7244 7267 7245
f 7245 7267 7268
f 7245 7268 7246
f 7246 7268 7269
f 7246 7269 7247
f 7247 7269 7270
f 7247 7270 7248
f 7248 7270 7271
f 7248 7271 7249
f 7249 7271 7272
f 7249 7272 7250
f 7250 7272 7273
f 7251 7274 7252
f 7252 7274 7275
f 7252 7275 7253
f 7253 7275 7276
f 7253 7276 7254
f 7254 7276 7277
f 7254 7277 7255
f 7255 7277 7278
f 7255 7278 7256
f 7256 7278 7279
f 7256 7279 7257
f 7257 7279 7280
f 7257 7280 7258
f 7258 7280 7281
f 7258 7281 7259
f 7259 7281 7282
f 7259 7282 7260
f 7260 7282 7283
f 7260 7283 7261
f 7261 7283 7284
f 7261 7284 7262
f 7262 7284 7285
f 7262 7285 7263
f 7263 7285 7286
f 7263 7286 7264
f 7264 7286 7287
f 7264 7287 7265
f 7265 7287 7288
f 7265 7288 7266
f 7266 7288 7289
f 7266 7289 7267
f 7267 7289 7290
f 7267 7290 7268
f 7268 7290 7291
f 7268 7291 7269
f 7269 7291 7292
f 7269 7292 7270
f 7270 7292 7293
f 7270 7293 7271
f 7271 7293 7294
f 7271 7294 7272
f 7272 7294 7295
f 7272 7295 7273
f 7273 7295 7296
f 7274 7297 7275
f 7275 7297 7298
f 7275 7298 7276
f 7276 7298 7299
f 7276 7299 7277
f 7277 7299 7300
f 7277 7300 7278
f 7278 7300 7301
f 7278 7301 7279
f 7279 7301 7302
f 7279 7302 7280
f 7280 7302 7303
f 7280 7303 7281
f 7281 7303 7304
f 7281 7304 7282
f 7282 7304 7305
f 7282 7305 7283
f 7283 7305 7306
f 7283 7306 7284
f 7284 7306 7307
f 7284 7307 7285
f 7285 7307 7308
f 7285 7308 7286
f 7286 7308 7309
f 7286 7309 7287
f 7287 7309 7310
f 7287 7310 7288
f 7288 7310 7311
f 7288 7311 7289
f 7289 7311 7312
f 7289 7312 7290
f 7290 7312 7313
f 7290 7313 7291
f 7291 7313 7314
f 7291 7314 7292
f 7292 7314 7315
f 7292 7315 7293
f 7293 7315 7316
f 7293 7316 7294
f 7294 7316 7317
f 7294 7317 7295
f 7295 7317 7318
f 7295 7318 7296
f 7296 7318 7319
f 7297 7108 7298
f 7298 7108 7107
f 7298 7107 7299
f 7299 7107 7109
f 7299 7109 7300
f 7300 7109 7110
f 7300 7110 7301
f 7301 7110 7122
f 7301 7122 7302
f 7302 7122 7102
f 7302 7102 7303
f 7303 7102 7101
f 7303 7101 7304
f 7304 7101 7128
f 7304 7128 7305
f 7305 7128 7132
f 7305 7132 7306
f 7306 7132 7136
f 7306 7136 7307
f 7307 7136 7137
f 7307 7137 7308
f 7308 7137 7143
f 7308 7143 7309
f 7309 7143 7147
f 7309 7147 7310
f 7310 7147 7151
f 7310 7151 7311
f 7311 7151 7152
f 7311 7152 7312
f 7312 7152 7158
f 7312 7158 7313
f 7313 7158 7162
f 7313 7162 7314
f 7314 7162 7166
f 7314 7166 7315
f 7315 7166 7167
f 7315 7167 7316
f 7316 7167 7176
f 7316 7176 7317
f 7317 7176 7177
f 7317 7177 7318
f 7318 7177 7320
f 7318 7320 7319
f 7319 7320 7321
f 7103 7322 7203
f 7203 7322 7323
f 7203 7323 7178
f 7178 7323 7324
f 7178 7324 7179
f 7088 7089 7177
f 7177 7089 7082
f 7177 7082 7320
f 7320 7082 7083
f 7320 7083 7321
f 7321 7083 7084
f 7321 7084 7085
f 7103 7203 7104
f 7104 7203 7204
f 7104 7204 7181
f 7181 7204 7227
f 7181 7227 7205
f 7205 7227 7250
f 7205 7250 7228
f 7228 7250 7273
f 7228 7273 7251
f 7251 7273 7296
f 7251 7296 7274
f 7274 7296 7319
f 7274 7319 7297
f 7297 7319 7321
f 7297 7321 7108
f 7108 7321 7085
f 7108 7085 7086
f 7150 7325 7145
f 7145 7325 7326
f 7145 7326 7146
f 7146 7326 7327
f 7146 7327 7139
f 7139 7327 7328
f 7139 7328 7141
f 7141 7328 7329
f 7141 7329 7142
f 7142 7329 7330
f 7142 7330 7134
f 7134 7330 7331
f 7134 7331 7135
f 7135 7331 7332
f 7135 7332 7130
f 7130 7332 7333
f 7130 7333 7131
f 7131 7333 7334
f 7131 7334 7124
f 7124 7334 7335
f 7124 7335 7126
f 7126 7335 7336
f 7126 7336 7127
f 7127 7336 7337
f 7127 7337 7118
f 7118 7337 7338
f 7118 7338 7120
f 7120 7338 7339
f 7120 7339 7121
f 7121 7339 7340
f 7121 7340 7113
f 7113 7340 7341
f 7113 7341 7114
f 7114 7341 7342
f 7114 7342 7115
f 7115 7342 7343
f 7115 7343 7116
f 7116 7343 7344
f 7116 7344 7105
f 7105 7344 7345
f 7105 7345 7103
f 7103 7345 7346
f 7103 7346 7322
f 7322 7346 7347
f 7322 7347 7323
f 7323 7347 7348
f 7323 7348 7324
f 7324 7348 7349
f 7324 7349 7179
f 7179 7349 7350
f 7179 7350 7180
f 7180 7350 7351
f 7180 7351 7172
f 7172 7351 7352
f 7172 7352 7174
f 7174 7352 7353
f 7174 7353 7175
f 7175 7353 7354
f 7175 7354 7169
f 7169 7354 7355
f 7169 7355 7170
f 7170 7355 7356
f 7170 7356 7164
f 7164 7356 7357
f 7164 7357 7165
f 7165 7357 7358
f 7165 7358 7160
f 7160 7358 7359
f 7160 7359 7161
f 7161 7359 7360
f 7161 7360 7154
f 7154 7360 7361
f 7154 7361 7156
f 7156 7361 7362
f 7156 7362 7157
f 7157 7362 7363
f 7157 7363 7149
f 7149 7363 7364
f 7149 7364 7150
f 7150 7364 7325
f 7365 7366 7337
f 7367 7368 7344
f 7369 7370 7371
f 7371 7370 7372
f 7373 7346 7368
f 7368 7346 7345
f 7368 7345 7344
f 7374 7375 7376
f 7376 7377 7374
f 7374 7377 7378
f 7374 7378 7372
f 7372 7378 7379
f 7372 7379 7371
f 7344 7343 7367
f 7367 7343 7342
f 7367 7342 7380
f 7381 7382 7383
f 7383 7382 7384
f 7383 7384 7375
f 7375 7384 7385
f 7375 7385 7376
f 7342 7341 7380
f 7380 7341 7340
f 7380 7340 7386
f 7386 7340 7339
f 7386 7339 7366
f 7366 7339 7338
f 7366 7338 7337
f 7387 7388 7389
f 7389 7388 7390
f 7389 7390 7381
f 7381 7390 7391
f 7381 7391 7382
f 7337 7336 7365
f 7365 7336 7335
f 7365 7335 7392
f 7393 7394 7387
f 7387 7394 7395
f 7387 7395 7388
f 7335 7334 7392
f 7392 7334 7333
f 7392 7333 7396
f 7397 7398 7393
f 7393 7398 7399
f 7393 7399 7394
f 7333 7332 7396
f 7396 7332 7331
f 7396 7331 7400
f 7400 7331 7330
f 7400 7330 7401
f 7402 7403 7404
f 7404 7403 7405
f 7404 7405 7397
f 7397 7405 7406
f 7397 7406 7398
f 7330 7329 7401
f 7401 7329 7328
f 7401 7328 7407
f 7408 7409 7402
f 7402 7409 7410
f 7402 7410 7403
f 7328 7327 7407
f 7407 7327 7326
f 7407 7326 7411
f 7412 7413 7408
f 7408 7413 7414
f 7408 7414 7409
f 7326 7325 7411
f 7411 7325 7364
f 7411 7364 7415
f 7415 7364 7363
f 7415 7363 7416
f 7417 7418 7419
f 7419 7418 7420
f 7419 7420 7412
f 7412 7420 7421
f 7412 7421 7413
f 7363 7362 7416
f 7416 7362 7361
f 7416 7361 7422
f 7423 7424 7417
f 7417 7424 7425
f 7417 7425 7418
f 7361 7360 7422
f 7422 7360 7359
f 7422 7359 7426
f 7427 7428 7423
f 7423 7428 7429
f 7423 7429 7424
f 7359 7358 7426
f 7426 7358 7357
f 7426 7357 7430
f 7430 7357 7356
f 7430 7356 7431
f 7432 7433 7427
f 7427 7433 7434
f 7427 7434 7428
f 7435 7436 7437
f 7437 7436 7438
f 7437 7438 7432
f 7432 7438 7439
f 7432 7439 7433
f 7356 7355 7431
f 7431 7355 7354
f 7431 7354 7440
f 7440 7354 7353
f 7440 7353 7441
f 7442 7443 7435
f 7435 7443 7444
f 7435 7444 7436
f 7353 7352 7441
f 7441 7352 7351
f 7441 7351 7445
f 7370 7446 7372
f 7372 7446 7447
f 7372 7447 7374
f 7374 7447 7448
f 7374 7448 7375
f 7375 7448 7449
f 7375 7449 7383
f 7383 7449 7450
f 7383 7450 7381
f 7381 7450 7451
f 7381 7451 7389
f 7389 7451 7452
f 7389 7452 7387
f 7387 7452 7453
f 7387 7453 7393
f 7393 7453 7454
f 7393 7454 7397
f 7397 7454 7455
f 7397 7455 7404
f 7404 7455 7456
f 7404 7456 7402
f 7402 7456 7457
f 7402 7457 7408
f 7408 7457 7458
f 7408 7458 7412
f 7412 7458 7459
f 7412 7459 7419
f 7419 7459 7460
f 7419 7460 7417
f 7417 7460 7461
f 7417 7461 7423
f 7423 7461 7462
f 7423 7462 7427
f 7427 7462 7463
f 7427 7463 7432
f 7432 7463 7464
f 7432 7464 7437
f 7437 7464 7465
f 7437 7465 7435
f 7435 7465 7466
f 7435 7466 7442
f 7442 7466 7467
f 7442 7467 7468
f 7468 7467 7469
f 7446 7470 7447
f 7447 7470 7471
f 7447 7471 7448
f 7448 7471 7472
f 7448 7472 7449
f 7449 7472 7473
f 7449 7473 7450
f 7450 7473 7474
f 7450 7474 7451
f 7451 7474 7475
f 7451 7475 7452
f 7452 7475 7476
f 7452 7476 7453
f 7453 7476 7477
f 7453 7477 7454
f 7454 7477 7478
f 7454 7478 7455
f 7455 7478 7479
f 7455 7479 7456
f 7456 7479 7480
f 7456 7480 7457
f 7457 7480 7481
f 7457 7481 7458
f 7458 7481 7482
f 7458 7482 7459
f 7459 7482 7483
f 7459 7483 7460
f 7460 7483 7484
f 7460 7484 7461
f 7461 7484 7485
f 7461 7485 7462
f 7462 7485 7486
f 7462 7486 7463
f 7463 7486 7487
f 7463 7487 7464
f 7464 7487 7488
f 7464 7488 7465
f 7465 7488 7489
f 7465 7489 7466
f 7466 7489 7490
f 7466 7490 7467
f 7467 7490 7491
f 7467 7491 7469
f 7469 7491 7492
f 7470 7493 7471
f 7471 7493 7494
f 7471 7494 7472
f 7472 7494 7495
f 7472 7495 7473
f 7473 7495 7496
f 7473 7496 7474
f 7474 7496 7497
f 7474 7497 7475
f 7475 7497 7498
f 7475 7498 7476
f 7476 7498 7499
f 7476 7499 7477
f 7477 7499 7500
f 7477 7500 7478
f 7478 7500 7501
f 7478 7501 7479
f 7479 7501 7502
f 7479 7502 7480
f 7480 7502 7503
f 7480 7503 7481
f 7481 7503 7504
f 7481 7504 7482
f 7482 7504 7505
f 7482 7505 7483
f 7483 7505 7506
f 7483 7506 7484
f 7484 7506 7507
f 7484 7507 7485
f 7485 7507 7508
f 7485 7508 7486
f 7486 7508 7509
f 7486 7509 7487
f 7487 7509 7510
f 7487 7510 7488
f 7488 7510 7511
f 7488 7511 7489
f 7489 7511 7512
f 7489 7512 7490
f 7490 7512 7513
f 7490 7513 7491
f 7491 7513 7514
f 7491 7514 7492
f 7492 7514 7515
f 7493 7516 7494
f 7494 7516 7517
f 7494 7517 7495
f 7495 7517 7518
f 7495 7518 7496
f 7496 7518 7519
f 7496 7519 7497
f 7497 7519 7520
f 7497 7520 7498
f 7498 7520 7521
f 7498 7521 7499
f 7499 7521 7522
f 7499 7522 7500
f 7500 7522 7523
f 7500 7523 7501
f 7501 7523 7524
f 7501 7524 7502
f 7502 7524 7525
f 7502 7525 7503
f 7503 7525 7526
f 7503 7526 7504
f 7504 7526 7527
f 7504 7527 7505
f 7505 7527 7528
f 7505 7528 7506
f 7506 7528 7529
f 7506 7529 7507
f 7507 7529 7530
f 7507 7530 7508
f 7508 7530 7531
f 7508 7531 7509
f 7509 7531 7532
f 7509 7532 7510
f 7510 7532 7533
f 7510 7533 7511
f 7511 7533 7534
f 7511 7534 7512
f 7512 7534 7535
f 7512 7535 7513
f 7513 7535 7536
f 7513 7536 7514
f 7514 7536 7537
f 7514 7537 7515
f 7515 7537 7538
f 7516 7539 7517
f 7517 7539 7540
f 7517 7540 7518
f 7518 7540 7541
f 7518 7541 7519
f 7519 7541 7542
f 7519 7542 7520
f 7520 7542 7543
f 7520 7543 7521
f 7521 7543 7544
f 7521 7544 7522
f 7522 7544 7545
f 7522 7545 7523
f 7523 7545 7546
f 7523 7546 7524
f 7524 7546 7547
f 7524 7547 7525
f 7525 7547 7548
f 7525 7548 7526
f 7526 7548 7549
f 7526 7549 7527
f 7527 7549 7550
f 7527 7550 7528
f 7528 7550 7551
f 7528 7551 7529
f 7529 7551 7552
f 7529 7552 7530
f 7530 7552 7553
f 7530 7553 7531
f 7531 7553 7554
f 7531 7554 7532
f 7532 7554 7555
f 7532 7555 7533
f 7533 7555 7556
f 7533 7556 7534
f 7534 7556 7557
f 7534 7557 7535
f 7535 7557 7558
f 7535 7558 7536
f 7536 7558 7559
f 7536 7559 7537
f 7537 7559 7560
f 7537 7560 7538
f 7538 7560 7561
f 7539 7562 7540
f 7540 7562 7563
f 7540 7563 7541
f 7541 7563 7564
f 7541 7564 7542
f 7542 7564 7565
f 7542 7565 7543
f 7543 7565 7566
f 7543 7566 7544
f 7544 7566 7567
f 7544 7567 7545
f 7545 7567 7568
f 7545 7568 7546
f 7546 7568 7569
f 7546 7569 7547
f 7547 7569 7570
f 7547 7570 7548
f 7548 7570 7571
f 7548 7571 7549
f 7549 7571 7572
f 7549 7572 7550
f 7550 7572 7573
f 7550 7573 7551
f 7551 7573 7574
f 7551 7574 7552
f 7552 7574 7575
f 7552 7575 7553
f 7553 7575 7576
f 7553 7576 7554
f 7554 7576 7577
f 7554 7577 7555
f 7555 7577 7578
f 7555 7578 7556
f 7556 7578 7579
f 7556 7579 7557
f 7557 7579 7580
f 7557 7580 7558
f 7558 7580 7581
f 7558 7581 7559
f 7559 7581 7582
f 7559 7582 7560
f 7560 7582 7583
f 7560 7583 7561
f 7561 7583 7584
f 7562 7373 7563
f 7563 7373 7368
f 7563 7368 7564
f 7564 7368 7367
f 7564 7367 7565
f 7565 7367 7380
f 7565 7380 7566
f 7566 7380 7386
f 7566 7386 7567
f 7567 7386 7366
f 7567 7366 7568
f 7568 7366 7365
f 7568 7365 7569
f 7569 7365 7392
f 7569 7392 7570
f 7570 7392 7396
f 7570 7396 7571
f 7571 7396 7400
f 7571 7400 7572
f 7572 7400 7401
f 7572 7401 7573
f 7573 7401 7407
f 7573 7407 7574
f 7574 7407 7411
f 7574 7411 7575
f 7575 7411 7415
f 7575 7415 7576
f 7576 7415 7416
f 7576 7416 7577
f 7577 7416 7422
f 7577 7422 7578
f 7578 7422 7426
f 7578 7426 7579
f 7579 7426 7430
f 7579 7430 7580
f 7580 7430 7431
f 7580 7431 7581
f 7581 7431 7440
f 7581 7440 7582
f 7582 7440 7441
f 7582 7441 7583
f 7583 7441 7445
f 7583 7445 7584
f 7584 7445 7585
f 7369 7586 7468
f 7468 7586 7587
f 7468 7587 7442
f 7442 7587 7588
f 7442 7588 7443
f 7351 7350 7445
f 7445 7350 7349
f 7445 7349 7585
f 7585 7349 7348
f 7585 7348 7347
f 7369 7468 7370
f 7370 7468 7469
f 7370 7469 7446
f 7446 7469 7492
f 7446 7492 7470
f 7470 7492 7515
f 7470 7515 7493
f 7493 7515 7538
f 7493 7538 7516
f 7516 7538 7561
f 7516 7561 7539
f 7539 7561 7584
f 7539 7584 7562
f 7562 7584 7585
f 7562 7585 7373
f 7373 7585 7347
f 7373 7347 7346
f 7589 7391 7590
f 7590 7391 7390
f 7590 7390 7591
f 7591 7390 7388
f 7591 7388 7592
f 7592 7388 7395
f 7592 7395 7593
f 7593 7395 7394
f 7593 7394 7594
f 7594 7394 7399
f 7594 7399 7595
f 7399 7398 7595
f 7595 7398 7406
f 7595 7406 7596
f 7596 7406 7405
f 7596 7405 7597
f 7597 7405 7403
f 7597 7403 7598
f 7598 7403 7410
f 7598 7410 7599
f 7599 7410 7409
f 7599 7409 7600
f 7600 7409 7414
f 7600 7414 7601
f 7601 7414 7413
f 7601 7413 7602
f 7602 7413 7421
f 7602 7421 7603
f 7603 7421 7420
f 7603 7420 7604
f 7604 7420 7418
f 7604 7418 7605
f 7605 7418 7425
f 7605 7425 7606
f 7606 7425 7424
f 7606 7424 7607
f 7607 7424 7429
f 7607 7429 7608
f 7608 7429 7428
f 7608 7428 7609
f 7609 7428 7434
f 7609 7434 7610
f 7610 7434 7433
f 7610 7433 7611
f 7611 7433 7439
f 7611 7439 7612
f 7612 7439 7438
f 7612 7438 7613
f 7613 7438 7436
f 7613 7436 7614
f 7614 7436 7444
f 7614 7444 7615
f 7615 7444 7443
f 7615 7443 7616
f 7616 7443 7588
f 7616 7588 7617
f 7617 7588 7587
f 7617 7587 7618
f 7618 7587 7586
f 7618 7586 7619
f 7619 7586 7369
f 7619 7369 7620
f 7620 7369 7371
f 7620 7371 7621
f 7621 7371 7379
f 7621 7379 7622
f 7622 7379 7378
f 7622 7378 7623
f 7623 7378 7377
f 7623 7377 7624
f 7624 7377 7376
f 7624 7376 7625
f 7625 7376 7385
f 7625 7385 7626
f 7626 7385 7384
f 7626 7384 7589
f 7589 7384 7382
f 7589 7382 7391
f 7627 7628 7629
f 7625 7626 7630
f 7628 7631 7632
f 7633 7634 7635
f 7636 7637 7600
f 7638 7639 7640
f 7640 7639 7641
f 7642 7590 7591
f 7642 7591 7643
f 7643 7591 7592
f 7643 7592 7644
f 7645 7646 7647
f 7647 7646 7648
f 7647 7648 7641
f 7641 7648 7649
f 7641 7649 7640
f 7650 7651 7652
f 7652 7651 7653
f 7652 7653 7645
f 7645 7653 7654
f 7645 7654 7646
f 7592 7593 7644
f 7644 7593 7594
f 7644 7594 7655
f 7655 7594 7595
f 7655 7595 7656
f 7656 7595 7596
f 7656 7596 7657
f 7658 7659 7650
f 7650 7659 7660
f 7650 7660 7651
f 7596 7597 7657
f 7657 7597 7598
f 7657 7598 7637
f 7637 7598 7599
f 7637 7599 7600
f 7661 7662 7658
f 7658 7662 7663
f 7658 7663 7659
f 7664 7665 7661
f 7661 7665 7666
f 7661 7666 7662
f 7600 7601 7636
f 7636 7601 7602
f 7636 7602 7667
f 7668 7669 7664
f 7664 7669 7670
f 7664 7670 7665
f 7602 7603 7667
f 7667 7603 7604
f 7667 7604 7671
f 7604 7605 7671
f 7671 7605 7606
f 7671 7606 7672
f 7672 7606 7607
f 7672 7607 7673
f 7674 7675 7676
f 7676 7675 7677
f 7676 7677 7668
f 7668 7677 7678
f 7668 7678 7669
f 7679 7680 7674
f 7674 7680 7681
f 7674 7681 7675
f 7607 7608 7673
f 7673 7608 7609
f 7673 7609 7682
f 7683 7684 7679
f 7679 7684 7685
f 7679 7685 7680
f 7609 7610 7682
f 7682 7610 7611
f 7682 7611 7686
f 7611 7612 7686
f 7686 7612 7613
f 7686 7613 7687
f 7687 7613 7614
f 7687 7614 7688
f 7689 7690 7691
f 7691 7690 7692
f 7691 7692 7683
f 7683 7692 7693
f 7683 7693 7684
f 7694 7695 7689
f 7689 7695 7696
f 7689 7696 7690
f 7614 7615 7688
f 7688 7615 7616
f 7688 7616 7697
f 7698 7699 7694
f 7694 7699 7700
f 7694 7700 7695
f 7616 7617 7697
f 7697 7617 7618
f 7697 7618 7701
f 7701 7618 7619
f 7701 7619 7702
f 7635 7634 7703
f 7634 7704 7703
f 7703 7704 7705
f 7703 7705 7698
f 7698 7705 7706
f 7698 7706 7699
f 7639 7707 7641
f 7641 7707 7708
f 7641 7708 7647
f 7647 7708 7709
f 7647 7709 7645
f 7645 7709 7710
f 7645 7710 7652
f 7652 7710 7711
f 7652 7711 7650
f 7650 7711 7712
f 7650 7712 7658
f 7658 7712 7713
f 7658 7713 7661
f 7661 7713 7714
f 7661 7714 7664
f 7664 7714 7715
f 7664 7715 7668
f 7668 7715 7716
f 7668 7716 7676
f 7676 7716 7717
f 7676 7717 7674
f 7674 7717 7718
f 7674 7718 7679
f 7679 7718 7719
f 7679 7719 7683
f 7683 7719 7720
f 7683 7720 7691
f 7691 7720 7721
f 7691 7721 7689
f 7689 7721 7722
f 7689 7722 7694
f 7694 7722 7723
f 7694 7723 7698
f 7698 7723 7724
f 7698 7724 7703
f 7703 7724 7725
f 7703 7725 7635
f 7635 7725 7726
f 7707 7727 7708
f 7708 7727 7728
f 7708 7728 7709
f 7709 7728 7729
f 7709 7729 7710
f 7710 7729 7730
f 7710 7730 7711
f 7711 7730 7731
f 7711 7731 7712
f 7712 7731 7732
f 7712 7732 7713
f 7713 7732 7733
f 7713 7733 7714
f 7714 7733 7734
f 7714 7734 7715
f 7715 7734 7735
f 7715 7735 7716
f 7716 7735 7736
f 7716 7736 7717
f 7717 7736 7737
f 7717 7737 7718
f 7718 7737 7738
f 7718 7738 7719
f 7719 7738 7739
f 7719 7739 7720
f 7720 7739 7740
f 7720 7740 7721
f 7721 7740 7741
f 7721 7741 7722
f 7722 7741 7742
f 7722 7742 7723
f 7723 7742 7743
f 7723 7743 7724
f 7724 7743 7744
f 7724 7744 7725
f 7725 7744 7745
f 7725 7745 7726
f 7726 7745 7746
f 7727 7747 7728
f 7728 7747 7748
f 7728 7748 7729
f 7729 7748 7749
f 7729 7749 7730
f 7730 7749 7750
f 7730 7750 7731
f 7731 7750 7751
f 7731 7751 7732
f 7732 7751 7752
f 7732 7752 7733
f 7733 7752 7753
f 7733 7753 7734
f 7734 7753 7754
f 7734 7754 7735
f 7735 7754 7755
f 7735 7755 7736
f 7736 7755 7756
f 7736 7756 7737
f 7737 7756 7757
f 7737 7757 7738
f 7738 7757 7758
f 7738 7758 7739
f 7739 7758 7759
f 7739 7759 7740
f 7740 7759 7760
f 7740 7760 7741
f 7741 7760 7761
f 7741 7761 7742
f 7742 7761 7762
f 7742 7762 7743
f 7743 7762 7763
f 7743 7763 7744
f 7744 7763 7764
f 7744 7764 7745
f 7745 7764 7765
f 7745 7765 7746
f 7746 7765 7766
f 7747 7767 7748
f 7748 7767 7768
f 7748 7768 7749
f 7749 7768 7769
f 7749 7769 7750
f 7750 7769 7770
f 7750 7770 7751
f 7751 7770 7771
f 7751 7771 7752
f 7752 7771 7772
f 7752 7772 7753
f 7753 7772 7773
f 7753 7773 7754
f 7754 7773 7774
f 7754 7774 7755
f 7755 7774 7775
f 7755 7775 7756
f 7756 7775 7776
f 7756 7776 7757
f 7757 7776 7777
f 7757 7777 7758
f 7758 7777 7778
f 7758 7778 7759
f 7759 7778 7779
f 7759 7779 7760
f 7760 7779 7780
f 7760 7780 7761
f 7761 7780 7781
f 7761 7781 7762
f 7762 7781 7782
f 7762 7782 7763
f 7763 7782 7783
f 7763 7783 7764
f 7764 7783 7784
f 7764 7784 7765
f 7765 7784 7785
f 7765 7785 7766
f 7766 7785 7786
f 7767 7787 7768
f 7768 7787 7788
f 7768 7788 7769
f 7769 7788 7789
f 7769 7789 7770
f 7770 7789 7790
f 7770 7790 7771
f 7771 7790 7791
f 7771 7791 7772
f 7772 7791 7792
f 7772 7792 7773
f 7773 7792 7793
f 7773 7793 7774
f 7774 7793 7794
f 7774 7794 7775
f 7775 7794 7795
f 7775 7795 7776
f 7776 7795 7796
f 7776 7796 7777
f 7777 7796 7797
f 7777 7797 7778
f 7778 7797 7798
f 7778 7798 7779
f 7779 7798 7799
f 7779 7799 7780
f 7780 7799 7800
f 7780 7800 7781
f 7781 7800 7801
f 7781 7801 7782
f 7782 7801 7802
f 7782 7802 7783
f 7783 7802 7803
f 7783 7803 7784
f 7784 7803 7804
f 7784 7804 7785
f 7785 7804 7805
f 7785 7805 7786
f 7786 7805 7806
f 7787 7807 7788
f 7788 7807 7808
f 7788 7808 7789
f 7789 7808 7809
f 7789 7809 7790
f 7790 7809 7810
f 7790 7810 7791
f 7791 7810 7811
f 7791 7811 7792
f 7792 7811 7812
f 7792 7812 7793
f 7793 7812 7813
f 7793 7813 7794
f 7794 7813 7814
f 7794 7814 7795
f 7795 7814 7815
f 7795 7815 7796
f 7796 7815 7816
f 7796 7816 7797
f 7797 7816 7817
f 7797 7817 7798
f 7798 7817 7818
f 7798 7818 7799
f 7799 7818 7819
f 7799 7819 7800
f 7800 7819 7820
f 7800 7820 7801
f 7801 7820 7821
f 7801 7821 7802
f 7802 7821 7822
f 7802 7822 7803
f 7803 7822 7823
f 7803 7823 7804
f 7804 7823 7824
f 7804 7824 7805
f 7805 7824 7825
f 7805 7825 7806
f 7806 7825 7826
f 7807 7642 7808
f 7808 7642 7643
f 7808 7643 7809
f 7809 7643 7644
f 7809 7644 7810
f 7810 7644 7655
f 7810 7655 7811
f 7811 7655 7656
f 7811 7656 7812
f 7812 7656 7657
f 7812 7657 7813
f 7813 7657 7637
f 7813 7637 7814
f 7814 7637 7636
f 7814 7636 7815
f 7815 7636 7667
f 7815 7667 7816
f 7816 7667 7671
f 7816 7671 7817
f 7817 7671 7672
f 7817 7672 7818
f 7818 7672 7673
f 7818 7673 7819
f 7819 7673 7682
f 7819 7682 7820
f 7820 7682 7686
f 7820 7686 7821
f 7821 7686 7687
f 7821 7687 7822
f 7822 7687 7688
f 7822 7688 7823
f 7823 7688 7697
f 7823 7697 7824
f 7824 7697 7701
f 7824 7701 7825
f 7825 7701 7702
f 7825 7702 7826
f 7826 7702 7827
f 7619 7620 7702
f 7702 7620 7621
f 7702 7621 7827
f 7827 7621 7622
f 7827 7622 7623
f 7633 7635 7631
f 7631 7635 7726
f 7631 7726 7632
f 7632 7726 7746
f 7632 7746 7828
f 7828 7746 7766
f 7828 7766 7829
f 7829 7766 7786
f 7829 7786 7830
f 7830 7786 7806
f 7830 7806 7831
f 7831 7806 7826
f 7831 7826 7832
f 7832 7826 7827
f 7832 7827 7833
f 7833 7827 7623
f 7833 7623 7624
f 7628 7632 7629
f 7629 7632 7828
f 7629 7828 7834
f 7834 7828 7829
f 7834 7829 7835
f 7835 7829 7830
f 7835 7830 7836
f 7836 7830 7831
f 7836 7831 7837
f 7837 7831 7832
f 7837 7832 7838
f 7838 7832 7833
f 7838 7833 7630
f 7630 7833 7624
f 7630 7624 7625
f 7627 7629 7839
f 7839 7629 7834
f 7839 7834 7840
f 7840 7834 7835
f 7840 7835 7841
f 7841 7835 7836
f 7841 7836 7842
f 7842 7836 7837
f 7842 7837 7843
f 7843 7837 7838
f 7843 7838 7844
f 7844 7838 7630
f 7844 7630 7845
f 7845 7630 7626
f 7845 7626 7589
f 7638 7846 7627
f 7627 7846 7847
f 7627 7847 7628
f 7628 7847 7848
f 7628 7848 7631
f 7631 7848 7849
f 7631 7849 7633
f 7638 7627 7639
f 7639 7627 7839
f 7639 7839 7707
f 7707 7839 7840
f 7707 7840 7727
f 7727 7840 7841
f 7727 7841 7747
f 7747 7841 7842
f 7747 7842 7767
f 7767 7842 7843
f 7767 7843 7787
f 7787 7843 7844
f 7787 7844 7807
f 7807 7844 7845
f 7807 7845 7642
f 7642 7845 7589
f 7642 7589 7590
f 7675 7681 7850
f 7850 7681 7851
f 7675 7850 7677
f 7677 7850 7852
f 7677 7852 7678
f 7853 7670 7852
f 7852 7670 7669
f 7852 7669 7678
f 7854 7666 7853
f 7853 7666 7665
f 7853 7665 7670
f 6298 7855 7660
f 7660 7659 6298
f 6298 7659 7663
f 6298 7663 7854
f 7854 7663 7662
f 7854 7662 7666
f 7856 7653 7855
f 7855 7653 7651
f 7855 7651 7660
f 7857 7646 7856
f 7856 7646 7654
f 7856 7654 7653
f 7858 7649 7857
f 7857 7649 7648
f 7857 7648 7646
f 7859 7638 7858
f 7858 7638 7640
f 7858 7640 7649
f 7860 7847 7859
f 7859 7847 7846
f 7859 7846 7638
f 7861 7849 7860
f 7860 7849 7848
f 7860 7848 7847
f 7862 7634 7861
f 7861 7634 7633
f 7861 7633 7849
f 7699 7706 7863
f 7863 7706 7705
f 7863 7705 7862
f 7862 7705 7704
f 7862 7704 7634
f 7699 7863 7700
f 7700 7863 7864
f 7700 7864 7695
f 7695 7864 7696
f 7696 7864 7865
f 7696 7865 7690
f 7690 7865 7692
f 7692 7865 7866
f 7692 7866 7693
f 7681 7680 7851
f 7851 7680 7685
f 7851 7685 7866
f 7866 7685 7684
f 7866 7684 7693
f 7867 6788 7868
f 7868 6788 6790
f 7868 6790 7869
f 7869 6790 6795
f 7869 6795 7870
f 6795 6798 7870
f 7870 6798 6800
f 7870 6800 7871
f 7871 6800 6805
f 7871 6805 7872
f 7872 6805 6808
f 7872 6808 7873
f 7873 6808 6811
f 7873 6811 7874
f 7874 6811 6813
f 7874 6813 7875
f 7876 6832 7877
f 7877 6832 6835
f 7877 6835 7878
f 7878 6835 6259
f 7878 6259 7867
f 7867 6259 6785
f 7867 6785 6788
f 6813 6815 7875
f 7875 6815 6820
f 7875 6820 7879
f 7879 6820 6823
f 7879 6823 7880
f 7880 6823 6826
f 7880 6826 7876
f 7876 6826 6829
f 7876 6829 6832
f 7881 7865 7882
f 7882 7865 7864
f 7882 7864 7883
f 7883 7864 7863
f 7883 7863 7884
f 7863 7862 7884
f 7884 7862 7861
f 7884 7861 7885
f 7885 7861 7860
f 7885 7860 7886
f 7886 7860 7859
f 7886 7859 7887
f 7887 7859 7858
f 7887 7858 7888
f 7889 7852 7890
f 7890 7852 7850
f 7890 7850 7891
f 7891 7850 7851
f 7891 7851 7881
f 7881 7851 7866
f 7881 7866 7865
f 7858 7857 7888
f 7888 7857 7856
f 7888 7856 7892
f 7892 7856 7855
f 7892 7855 7893
f 7893 7855 6298
f 7893 6298 7894
f 7894 6298 7854
f 7894 7854 7889
f 7889 7854 7853
f 7889 7853 7852
f 7895 7877 7896
f 7896 7877 7878
f 7895 7897 7877
f 7877 7897 7898
f 7877 7898 7876
f 7898 7899 7876
f 7876 7899 7900
f 7876 7900 7880
f 7900 7901 7880
f 7880 7901 7902
f 7880 7902 7879
f 7902 7903 7879
f 7879 7903 7904
f 7879 7904 7875
f 7904 7905 7875
f 7875 7905 7906
f 7875 7906 7874
f 7907 7872 7873
f 7906 7908 7874
f 7874 7908 7909
f 7874 7909 7873
f 7873 7909 7910
f 7873 7910 7907
f 7907 7911 7872
f 7872 7911 7912
f 7872 7912 7871
f 7912 7913 7871
f 7871 7913 7914
f 7871 7914 7870
f 7914 7915 7870
f 7870 7915 7916
f 7870 7916 7869
f 7917 7868 7918
f 7918 7868 7869
f 7918 7869 7919
f 7919 7869 7916
f 7917 7920 7868
f 7868 7920 7921
f 7868 7921 7867
f 7921 7922 7867
f 7867 7922 7923
f 7867 7923 7878
f 7878 7923 7924
f 7878 7924 7896
f 7925 7916 7915
f 7926 7927 7928
f 7929 7930 7931
f 7931 7930 7932
f 7928 7927 7930
f 7930 7927 7933
f 7930 7933 7932
f 7934 7928 7935
f 7935 7928 7930
f 7935 7930 7936
f 7936 7930 7929
f 7936 7929 7937
f 7899 7938 7900
f 7900 7938 7939
f 7900 7939 7901
f 7901 7939 7940
f 7901 7940 7902
f 7941 7942 7943
f 7943 7942 7926
f 7944 7934 7945
f 7945 7934 7935
f 7945 7935 7946
f 7946 7935 7936
f 7946 7936 7947
f 7947 7936 7937
f 7947 7937 7948
f 7949 7950 7941
f 7951 7944 7952
f 7952 7944 7945
f 7952 7945 7953
f 7953 7945 7946
f 7953 7946 7954
f 7954 7946 7947
f 7954 7947 7955
f 7955 7947 7948
f 7955 7948 7956
f 7899 7898 7938
f 7938 7898 7897
f 7938 7897 7957
f 7957 7897 7895
f 7957 7895 7958
f 7959 7960 7950
f 7961 7951 7962
f 7962 7951 7952
f 7962 7952 7963
f 7963 7952 7953
f 7963 7953 7964
f 7964 7953 7954
f 7964 7954 7965
f 7965 7954 7955
f 7965 7955 7966
f 7966 7955 7956
f 7966 7956 7967
f 7895 7896 7958
f 7958 7896 7924
f 7958 7924 7968
f 7969 7970 7971
f 7971 7970 7972
f 7973 7961 7974
f 7974 7961 7962
f 7974 7962 7975
f 7975 7962 7963
f 7975 7963 7976
f 7976 7963 7964
f 7976 7964 7977
f 7977 7964 7965
f 7977 7965 7978
f 7978 7965 7966
f 7978 7966 7979
f 7979 7966 7967
f 7979 7967 7980
f 7924 7923 7968
f 7968 7923 7922
f 7968 7922 7981
f 7982 7983 7969
f 7984 7973 7985
f 7985 7973 7974
f 7985 7974 7981
f 7981 7974 7975
f 7981 7975 7968
f 7968 7975 7976
f 7968 7976 7958
f 7958 7976 7977
f 7958 7977 7957
f 7957 7977 7978
f 7957 7978 7938
f 7938 7978 7979
f 7938 7979 7939
f 7939 7979 7980
f 7939 7980 7940
f 7986 7987 7988
f 7989 7990 7991
f 7991 7990 7987
f 7922 7921 7981
f 7981 7921 7920
f 7981 7920 7985
f 7985 7920 7917
f 7985 7917 7984
f 7984 7917 7918
f 7984 7918 7919
f 7926 7928 7943
f 7943 7928 7934
f 7943 7934 7992
f 7992 7934 7944
f 7992 7944 7993
f 7993 7944 7951
f 7993 7951 7994
f 7994 7951 7961
f 7994 7961 7995
f 7995 7961 7973
f 7995 7973 7996
f 7996 7973 7984
f 7996 7984 7925
f 7925 7984 7919
f 7925 7919 7916
f 7997 7998 7989
f 7941 7943 7949
f 7949 7943 7992
f 7949 7992 7999
f 7999 7992 7993
f 7999 7993 8000
f 8000 7993 7994
f 8000 7994 8001
f 8001 7994 7995
f 8001 7995 8002
f 8002 7995 7996
f 8002 7996 8003
f 8003 7996 7925
f 8003 7925 8004
f 8004 7925 7915
f 8004 7915 7914
f 8005 8006 8007
f 7969 7971 7982
f 7982 7971 8008
f 7982 8008 8009
f 8009 8008 8010
f 8009 8010 8011
f 8011 8010 8012
f 8011 8012 8013
f 8013 8012 8014
f 8013 8014 8015
f 8015 8014 8016
f 8015 8016 8017
f 8017 8016 8018
f 8017 8018 8019
f 7950 7949 7959
f 7959 7949 7999
f 7959 7999 8020
f 8020 7999 8000
f 8020 8000 8021
f 8021 8000 8001
f 8021 8001 8022
f 8022 8001 8002
f 8022 8002 8023
f 8023 8002 8003
f 8023 8003 8024
f 8024 8003 8004
f 8024 8004 8025
f 8025 8004 7914
f 8025 7914 7913
f 7913 8018 8025
f 8025 8018 8016
f 8025 8016 8024
f 8024 8016 8014
f 8024 8014 8023
f 8023 8014 8012
f 8023 8012 8022
f 8022 8012 8010
f 8022 8010 8021
f 8021 8010 8008
f 8021 8008 8020
f 8020 8008 7971
f 8020 7971 7959
f 7959 7971 7972
f 7959 7972 7960
f 8026 8027 8028
f 8029 8030 8031
f 7987 7986 7991
f 7991 7986 8032
f 7991 8032 8033
f 8033 8032 8034
f 8033 8034 8035
f 8035 8034 8036
f 8035 8036 8037
f 8037 8036 8038
f 8037 8038 8039
f 8039 8038 8040
f 8039 8040 8041
f 8041 8040 8042
f 8041 8042 8043
f 7913 7912 8018
f 8018 7912 7911
f 8018 7911 8019
f 8019 7911 7907
f 8019 7907 7910
f 7910 8042 8019
f 8019 8042 8040
f 8019 8040 8017
f 8017 8040 8038
f 8017 8038 8015
f 8015 8038 8036
f 8015 8036 8013
f 8013 8036 8034
f 8013 8034 8011
f 8011 8034 8032
f 8011 8032 8009
f 8009 8032 7986
f 8009 7986 7982
f 7982 7986 7988
f 7982 7988 7983
f 8044 8045 8046
f 8046 8045 8047
f 8046 8047 8048
f 8049 8044 8050
f 8050 8044 8046
f 8050 8046 8029
f 8029 8046 8048
f 8029 8048 8030
f 8051 8049 8052
f 8052 8049 8050
f 8052 8050 8053
f 8053 8050 8029
f 8053 8029 8026
f 8026 8029 8031
f 8026 8031 8027
f 8054 8051 8055
f 8055 8051 8052
f 8055 8052 8056
f 8056 8052 8053
f 8056 8053 8057
f 8057 8053 8026
f 8057 8026 8005
f 8005 8026 8028
f 8005 8028 8006
f 8058 8054 8059
f 8059 8054 8055
f 8059 8055 8060
f 8060 8055 8056
f 8060 8056 8061
f 8061 8056 8057
f 8061 8057 8062
f 8062 8057 8005
f 8062 8005 8063
f 8063 8005 8007
f 8063 8007 8064
f 8065 8058 8066
f 8066 8058 8059
f 8066 8059 8067
f 8067 8059 8060
f 8067 8060 8068
f 8068 8060 8061
f 8068 8061 8069
f 8069 8061 8062
f 8069 8062 8070
f 8070 8062 8063
f 8070 8063 7997
f 7997 8063 8064
f 7997 8064 7998
f 7910 7909 8042
f 8042 7909 7908
f 8042 7908 8043
f 8043 7908 7906
f 8043 7906 7905
f 7989 7991 7997
f 7997 7991 8033
f 7997 8033 8070
f 8070 8033 8035
f 8070 8035 8069
f 8069 8035 8037
f 8069 8037 8068
f 8068 8037 8039
f 8068 8039 8067
f 8067 8039 8041
f 8067 8041 8066
f 8066 8041 8043
f 8066 8043 8065
f 8065 8043 7905
f 8065 7905 7904
f 8071 8072 8045
f 8045 8072 8073
f 8045 8073 8047
f 7904 7903 8065
f 8065 7903 8074
f 8065 8074 8058
f 8058 8074 8075
f 8058 8075 8054
f 8054 8075 8076
f 8054 8076 8051
f 8051 8076 8077
f 8051 8077 8049
f 8049 8077 8078
f 8049 8078 8044
f 8044 8078 8079
f 8044 8079 8045
f 8045 8079 8080
f 8045 8080 8071
f 8071 8080 8081
f 7903 7902 8074
f 8074 7902 7940
f 8074 7940 8075
f 8075 7940 7980
f 8075 7980 8076
f 8076 7980 7967
f 8076 7967 8077
f 8077 7967 7956
f 8077 7956 8078
f 8078 7956 7948
f 8078 7948 8079
f 8079 7948 7937
f 8079 7937 8080
f 8080 7937 7929
f 8080 7929 8081
f 8081 7929 7931
f 8071 8081 8082
f 8082 8081 7931
f 8082 7931 8083
f 8083 7931 7932
f 8083 7932 8084
f 8084 7932 7933
f 8084 7933 8085
f 8085 7933 7927
f 8085 7927 8086
f 8086 7927 7926
f 8086 7926 8087
f 8087 7926 7942
f 8087 7942 8088
f 8088 7942 7941
f 8088 7941 8089
f 8089 7941 7950
f 8089 7950 8090
f 8090 7950 7960
f 8090 7960 8091
f 8091 7960 7972
f 8091 7972 8092
f 8092 7972 7970
f 8092 7970 8093
f 8093 7970 7969
f 8093 7969 8094
f 8094 7969 7983
f 8094 7983 8095
f 8095 7983 7988
f 8095 7988 8096
f 8096 7988 7987
f 8096 7987 8097
f 8097 7987 7990
f 8097 7990 8098
f 8098 7990 7989
f 8098 7989 8099
f 8099 7989 7998
f 8099 7998 8100
f 8100 7998 8064
f 8100 8064 8101
f 8101 8064 8007
f 8101 8007 8102
f 8102 8007 8006
f 8102 8006 8103
f 8103 8006 8028
f 8103 8028 8104
f 8104 8028 8027
f 8104 8027 8105
f 8027 8031 8105
f 8105 8031 8030
f 8105 8030 8106
f 8106 8030 8048
f 8106 8048 8107
f 8107 8048 8047
f 8107 8047 8108
f 8108 8047 8073
f 8108 8073 8109
f 8109 8073 8072
f 8109 8072 8110
f 8110 8072 8071
f 8110 8071 8111
f 8111 8071 8082
f 8112 8087 8088
f 8113 8090 8114
f 8114 8090 8091
f 8115 8116 8117
f 8117 8116 8118
f 8117 8118 8119
f 8119 8118 8120
f 8091 8092 8114
f 8114 8092 8093
f 8114 8093 8121
f 8121 8093 8094
f 8121 8094 8122
f 8122 8094 8095
f 8122 8095 8123
f 8123 8095 8096
f 8124 8125 8126
f 8126 8125 8127
f 8126 8127 8120
f 8120 8127 8128
f 8120 8128 8119
f 8096 8097 8123
f 8123 8097 8098
f 8123 8098 8129
f 8130 8131 8124
f 8124 8131 8132
f 8124 8132 8125
f 8098 8099 8129
f 8129 8099 8100
f 8129 8100 8133
f 8133 8100 8101
f 8133 8101 8134
f 8101 8102 8134
f 8134 8102 8103
f 8134 8103 8135
f 8136 8137 8138
f 8138 8137 8139
f 8138 8139 8140
f 8140 8139 8141
f 8140 8141 8142
f 8142 8141 8143
f 8142 8143 8130
f 8130 8143 8144
f 8130 8144 8131
f 8145 8146 8147
f 8147 8146 8136
f 8103 8104 8135
f 8135 8104 8105
f 8135 8105 8148
f 8148 8105 8106
f 8148 8106 8149
f 8149 8106 8107
f 8149 8107 8150
f 8151 8152 8153
f 8153 8152 8145
f 8107 8108 8150
f 8150 8108 8109
f 8150 8109 8154
f 8155 8156 8157
f 8157 8156 8158
f 8157 8158 8151
f 8151 8158 8159
f 8151 8159 8152
f 8109 8110 8154
f 8154 8110 8111
f 8154 8111 8160
f 8160 8111 8082
f 8160 8082 8161
f 8082 8083 8161
f 8161 8083 8084
f 8161 8084 8162
f 8162 8084 8085
f 8162 8085 8112
f 8112 8085 8086
f 8112 8086 8087
f 8155 8157 8163
f 8163 8157 8164
f 8163 8164 8165
f 8165 8164 8166
f 8165 8166 8167
f 8167 8166 8168
f 8167 8168 8169
f 8115 8170 8116
f 8116 8170 8171
f 8116 8171 8172
f 8172 8171 8173
f 8172 8173 8174
f 8174 8173 8175
f 8174 8175 8168
f 8168 8175 8176
f 8168 8176 8169
f 8177 8138 8178
f 8178 8138 8140
f 8178 8140 8179
f 8179 8140 8142
f 8179 8142 8180
f 8180 8142 8130
f 8180 8130 8181
f 8181 8130 8124
f 8181 8124 8182
f 8182 8124 8126
f 8182 8126 8183
f 8183 8126 8120
f 8183 8120 8184
f 8184 8120 8118
f 8184 8118 8185
f 8185 8118 8116
f 8185 8116 8186
f 8186 8116 8172
f 8186 8172 8187
f 8187 8172 8174
f 8187 8174 8188
f 8188 8174 8168
f 8188 8168 8189
f 8189 8168 8166
f 8189 8166 8190
f 8190 8166 8164
f 8190 8164 8191
f 8191 8164 8157
f 8191 8157 8192
f 8192 8157 8151
f 8192 8151 8193
f 8193 8151 8153
f 8194 8177 8195
f 8195 8177 8178
f 8195 8178 8196
f 8196 8178 8179
f 8196 8179 8197
f 8197 8179 8180
f 8197 8180 8198
f 8198 8180 8181
f 8198 8181 8199
f 8199 8181 8182
f 8199 8182 8200
f 8200 8182 8183
f 8200 8183 8201
f 8201 8183 8184
f 8201 8184 8202
f 8202 8184 8185
f 8202 8185 8203
f 8203 8185 8186
f 8203 8186 8204
f 8204 8186 8187
f 8204 8187 8205
f 8205 8187 8188
f 8205 8188 8206
f 8206 8188 8189
f 8206 8189 8207
f 8207 8189 8190
f 8207 8190 8208
f 8208 8190 8191
f 8208 8191 8209
f 8209 8191 8192
f 8209 8192 8210
f 8210 8192 8193
f 8211 8194 8212
f 8212 8194 8195
f 8212 8195 8213
f 8213 8195 8196
f 8213 8196 8214
f 8214 8196 8197
f 8214 8197 8215
f 8215 8197 8198
f 8215 8198 8216
f 8216 8198 8199
f 8216 8199 8217
f 8217 8199 8200
f 8217 8200 8218
f 8218 8200 8201
f 8218 8201 8219
f 8219 8201 8202
f 8219 8202 8220
f 8220 8202 8203
f 8220 8203 8221
f 8221 8203 8204
f 8221 8204 8222
f 8222 8204 8205
f 8222 8205 8223
f 8223 8205 8206
f 8223 8206 8224
f 8224 8206 8207
f 8224 8207 8225
f 8225 8207 8208
f 8225 8208 8226
f 8226 8208 8209
f 8226 8209 8227
f 8227 8209 8210
f 8228 8211 8229
f 8229 8211 8212
f 8229 8212 8230
f 8230 8212 8213
f 8230 8213 8231
f 8231 8213 8214
f 8231 8214 8232
f 8232 8214 8215
f 8232 8215 8233
f 8233 8215 8216
f 8233 8216 8234
f 8234 8216 8217
f 8234 8217 8235
f 8235 8217 8218
f 8235 8218 8236
f 8236 8218 8219
f 8236 8219 8237
f 8237 8219 8220
f 8237 8220 8238
f 8238 8220 8221
f 8238 8221 8239
f 8239 8221 8222
f 8239 8222 8240
f 8240 8222 8223
f 8240 8223 8241
f 8241 8223 8224
f 8241 8224 8242
f 8242 8224 8225
f 8242 8225 8243
f 8243 8225 8226
f 8243 8226 8244
f 8244 8226 8227
f 8245 8228 8246
f 8246 8228 8229
f 8246 8229 8247
f 8247 8229 8230
f 8247 8230 8248
f 8248 8230 8231
f 8248 8231 8249
f 8249 8231 8232
f 8249 8232 8250
f 8250 8232 8233
f 8250 8233 8251
f 8251 8233 8234
f 8251 8234 8252
f 8252 8234 8235
f 8252 8235 8253
f 8253 8235 8236
f 8253 8236 8254
f 8254 8236 8237
f 8254 8237 8255
f 8255 8237 8238
f 8255 8238 8256
f 8256 8238 8239
f 8256 8239 8257
f 8257 8239 8240
f 8257 8240 8258
f 8258 8240 8241
f 8258 8241 8259
f 8259 8241 8242
f 8259 8242 8260
f 8260 8242 8243
f 8260 8243 8261
f 8261 8243 8244
f 8112 8245 8162
f 8162 8245 8246
f 8162 8246 8161
f 8161 8246 8247
f 8161 8247 8160
f 8160 8247 8248
f 8160 8248 8154
f 8154 8248 8249
f 8154 8249 8150
f 8150 8249 8250
f 8150 8250 8149
f 8149 8250 8251
f 8149 8251 8148
f 8148 8251 8252
f 8148 8252 8135
f 8135 8252 8253
f 8135 8253 8134
f 8134 8253 8254
f 8134 8254 8133
f 8133 8254 8255
f 8133 8255 8129
f 8129 8255 8256
f 8129 8256 8123
f 8123 8256 8257
f 8123 8257 8122
f 8122 8257 8258
f 8122 8258 8121
f 8121 8258 8259
f 8121 8259 8114
f 8114 8259 8260
f 8114 8260 8113
f 8113 8260 8261
f 8136 8138 8147
f 8147 8138 8177
f 8147 8177 8262
f 8262 8177 8194
f 8262 8194 8263
f 8263 8194 8211
f 8263 8211 8264
f 8264 8211 8228
f 8264 8228 8265
f 8265 8228 8245
f 8265 8245 8266
f 8266 8245 8112
f 8266 8112 8267
f 8267 8112 8088
f 8267 8088 8089
f 8145 8147 8153
f 8153 8147 8262
f 8153 8262 8193
f 8193 8262 8263
f 8193 8263 8210
f 8210 8263 8264
f 8210 8264 8227
f 8227 8264 8265
f 8227 8265 8244
f 8244 8265 8266
f 8244 8266 8261
f 8261 8266 8267
f 8261 8267 8113
f 8113 8267 8089
f 8113 8089 8090
f 8137 8268 8139
f 8139 8268 8269
f 8139 8269 8141
f 8141 8269 8270
f 8141 8270 8143
f 8143 8270 8271
f 8143 8271 8144
f 8144 8271 8272
f 8144 8272 8131
f 8131 8272 8273
f 8131 8273 8132
f 8132 8273 8274
f 8132 8274 8125
f 8125 8274 8275
f 8125 8275 8127
f 8127 8275 8276
f 8127 8276 8128
f 8128 8276 8277
f 8128 8277 8119
f 8119 8277 8278
f 8119 8278 8117
f 8117 8278 8279
f 8117 8279 8115
f 8115 8279 8280
f 8115 8280 8170
f 8170 8280 8281
f 8170 8281 8171
f 8171 8281 8282
f 8171 8282 8173
f 8173 8282 8283
f 8173 8283 8175
f 8175 8283 8284
f 8175 8284 8176
f 8176 8284 8285
f 8176 8285 8169
f 8169 8285 8286
f 8169 8286 8167
f 8167 8286 8287
f 8167 8287 8165
f 8165 8287 8288
f 8165 8288 8163
f 8163 8288 8289
f 8163 8289 8155
f 8155 8289 8290
f 8155 8290 8156
f 8156 8290 8291
f 8156 8291 8158
f 8158 8291 8292
f 8158 8292 8159
f 8159 8292 8293
f 8159 8293 8152
f 8152 8293 8294
f 8152 8294 8145
f 8145 8294 8295
f 8145 8295 8146
f 8146 8295 8296
f 8146 8296 8136
f 8136 8296 8297
f 8136 8297 8137
f 8137 8297 8268
f 8298 8287 8286
f 8299 8284 8300
f 8300 8284 8283
f 8301 8302 8303
f 8303 8302 8304
f 8303 8304 8305
f 8305 8304 8306
f 8283 8282 8300
f 8300 8282 8281
f 8300 8281 8307
f 8307 8281 8280
f 8307 8280 8308
f 8308 8280 8279
f 8308 8279 8309
f 8309 8279 8278
f 8310 8311 8312
f 8312 8311 8313
f 8312 8313 8306
f 8306 8313 8314
f 8306 8314 8305
f 8278 8277 8309
f 8309 8277 8276
f 8309 8276 8315
f 8316 8317 8310
f 8310 8317 8318
f 8310 8318 8311
f 8276 8275 8315
f 8315 8275 8274
f 8315 8274 8319
f 8319 8274 8273
f 8319 8273 8320
f 8273 8272 8320
f 8320 8272 8271
f 8320 8271 8321
f 8322 8323 8324
f 8324 8323 8325
f 8324 8325 8326
f 8326 8325 8327
f 8326 8327 8328
f 8328 8327 8329
f 8328 8329 8316
f 8316 8329 8330
f 8316 8330 8317
f 8331 8332 8333
f 8333 8332 8322
f 8271 8270 8321
f 8321 8270 8269
f 8321 8269 8334
f 8334 8269 8268
f 8334 8268 8335
f 8335 8268 8297
f 8335 8297 8336
f 8337 8338 8339
f 8339 8338 8331
f 8297 8296 8336
f 8336 8296 8295
f 8336 8295 8340
f 8341 8342 8343
f 8343 8342 8344
f 8343 8344 8337
f 8337 8344 8345
f 8337 8345 8338
f 8295 8294 8340
f 8340 8294 8293
f 8340 8293 8346
f 8346 8293 8292
f 8346 8292 8347
f 8292 8291 8347
f 8347 8291 8290
f 8347 8290 8348
f 8348 8290 8289
f 8348 8289 8298
f 8298 8289 8288
f 8298 8288 8287
f 8341 8343 8349
f 8349 8343 8350
f 8349 8350 8351
f 8351 8350 8352
f 8351 8352 8353
f 8353 8352 8354
f 8353 8354 8355
f 8301 8356 8302
f 8302 8356 8357
f 8302 8357 8358
f 8358 8357 8359
f 8358 8359 8360
f 8360 8359 8361
f 8360 8361 8354
f 8354 8361 8362
f 8354 8362 8355
f 8363 8324 8364
f 8364 8324 8326
f 8364 8326 8365
f 8365 8326 8328
f 8365 8328 8366
f 8366 8328 8316
f 8366 8316 8367
f 8367 8316 8310
f 8367 8310 8368
f 8368 8310 8312
f 8368 8312 8369
f 8369 8312 8306
f 8369 8306 8370
f 8370 8306 8304
f 8370 8304 8371
f 8371 8304 8302
f 8371 8302 8372
f 8372 8302 8358
f 8372 8358 8373
f 8373 8358 8360
f 8373 8360 8374
f 8374 8360 8354
f 8374 8354 8375
f 8375 8354 8352
f 8375 8352 8376
f 8376 8352 8350
f 8376 8350 8377
f 8377 8350 8343
f 8377 8343 8378
f 8378 8343 8337
f 8378 8337 8379
f 8379 8337 8339
f 8380 8363 8381
f 8381 8363 8364
f 8381 8364 8382
f 8382 8364 8365
f 8382 8365 8383
f 8383 8365 8366
f 8383 8366 8384
f 8384 8366 8367
f 8384 8367 8385
f 8385 8367 8368
f 8385 8368 8386
f 8386 8368 8369
f 8386 8369 8387
f 8387 8369 8370
f 8387 8370 8388
f 8388 8370 8371
f 8388 8371 8389
f 8389 8371 8372
f 8389 8372 8390
f 8390 8372 8373
f 8390 8373 8391
f 8391 8373 8374
f 8391 8374 8392
f 8392 8374 8375
f 8392 8375 8393
f 8393 8375 8376
f 8393 8376 8394
f 8394 8376 8377
f 8394 8377 8395
f 8395 8377 8378
f 8395 8378 8396
f 8396 8378 8379
f 8397 8380 8398
f 8398 8380 8381
f 8398 8381 8399
f 8399 8381 8382
f 8399 8382 8400
f 8400 8382 8383
f 8400 8383 8401
f 8401 8383 8384
f 8401 8384 8402
f 8402 8384 8385
f 8402 8385 8403
f 8403 8385 8386
f 8403 8386 8404
f 8404 8386 8387
f 8404 8387 8405
f 8405 8387 8388
f 8405 8388 8406
f 8406 8388 8389
f 8406 8389 8407
f 8407 8389 8390
f 8407 8390 8408
f 8408 8390 8391
f 8408 8391 8409
f 8409 8391 8392
f 8409 8392 8410
f 8410 8392 8393
f 8410 8393 8411
f 8411 8393 8394
f 8411 8394 8412
f 8412 8394 8395
f 8412 8395 8413
f 8413 8395 8396
f 8414 8397 8415
f 8415 8397 8398
f 8415 8398 8416
f 8416 8398 8399
f 8416 8399 8417
f 8417 8399 8400
f 8417 8400 8418
f 8418 8400 8401
f 8418 8401 8419
f 8419 8401 8402
f 8419 8402 8420
f 8420 8402 8403
f 8420 8403 8421
f 8421 8403 8404
f 8421 8404 8422
f 8422 8404 8405
f 8422 8405 8423
f 8423 8405 8406
f 8423 8406 8424
f 8424 8406 8407
f 8424 8407 8425
f 8425 8407 8408
f 8425 8408 8426
f 8426 8408 8409
f 8426 8409 8427
f 8427 8409 8410
f 8427 8410 8428
f 8428 8410 8411
f 8428 8411 8429
f 8429 8411 8412
f 8429 8412 8430
f 8430 8412 8413
f 8431 8414 8432
f 8432 8414 8415
f 8432 8415 8433
f 8433 8415 8416
f 8433 8416 8434
f 8434 8416 8417
f 8434 8417 8435
f 8435 8417 8418
f 8435 8418 8436
f 8436 8418 8419
f 8436 8419 8437
f 8437 8419 8420
f 8437 8420 8438
f 8438 8420 8421
f 8438 8421 8439
f 8439 8421 8422
f 8439 8422 8440
f 8440 8422 8423
f 8440 8423 8441
f 8441 8423 8424
f 8441 8424 8442
f 8442 8424 8425
f 8442 8425 8443
f 8443 8425 8426
f 8443 8426 8444
f 8444 8426 8427
f 8444 8427 8445
f 8445 8427 8428
f 8445 8428 8446
f 8446 8428 8429
f 8446 8429 8447
f 8447 8429 8430
f 8298 8431 8348
f 8348 8431 8432
f 8348 8432 8347
f 8347 8432 8433
f 8347 8433 8346
f 8346 8433 8434
f 8346 8434 8340
f 8340 8434 8435
f 8340 8435 8336
f 8336 8435 8436
f 8336 8436 8335
f 8335 8436 8437
f 8335 8437 8334
f 8334 8437 8438
f 8334 8438 8321
f 8321 8438 8439
f 8321 8439 8320
f 8320 8439 8440
f 8320 8440 8319
f 8319 8440 8441
f 8319 8441 8315
f 8315 8441 8442
f 8315 8442 8309
f 8309 8442 8443
f 8309 8443 8308
f 8308 8443 8444
f 8308 8444 8307
f 8307 8444 8445
f 8307 8445 8300
f 8300 8445 8446
f 8300 8446 8299
f 8299 8446 8447
f 8322 8324 8333
f 8333 8324 8363
f 8333 8363 8448
f 8448 8363 8380
f 8448 8380 8449
f 8449 8380 8397
f 8449 8397 8450
f 8450 8397 8414
f 8450 8414 8451
f 8451 8414 8431
f 8451 8431 8452
f 8452 8431 8298
f 8452 8298 8453
f 8453 8298 8286
f 8453 8286 8285
f 8331 8333 8339
f 8339 8333 8448
f 8339 8448 8379
f 8379 8448 8449
f 8379 8449 8396
f 8396 8449 8450
f 8396 8450 8413
f 8413 8450 8451
f 8413 8451 8430
f 8430 8451 8452
f 8430 8452 8447
f 8447 8452 8453
f 8447 8453 8299
f 8299 8453 8285
f 8299 8285 8284
f 8330 8329 8454
f 8454 8329 8327
f 8454 8327 8455
f 8455 8327 8325
f 8455 8325 8456
f 8457 8314 8458
f 8458 8314 8313
f 8458 8313 8459
f 8459 8313 8311
f 8459 8311 8460
f 8460 8311 8318
f 8460 8318 8461
f 8461 8318 8317
f 8461 8317 8462
f 8462 8317 8330
f 8462 8330 8463
f 8463 8330 8454
f 8351 8353 8464
f 8464 8353 8355
f 8464 8355 8465
f 8465 8355 8362
f 8465 8362 8466
f 8466 8362 8361
f 8466 8361 8467
f 8467 8361 8359
f 8467 8359 8468
f 8468 8359 8357
f 8468 8357 8469
f 8469 8357 8356
f 8469 8356 8470
f 8470 8356 8301
f 8470 8301 8471
f 8471 8301 8303
f 8471 8303 8457
f 8457 8303 8305
f 8457 8305 8314
f 8464 8472 8351
f 8351 8472 8473
f 8351 8473 8349
f 8349 8473 8474
f 8456 8325 8475
f 8475 8325 8323
f 8475 8323 8476
f 8476 8323 8322
f 8476 8322 8477
f 8477 8322 8332
f 8477 8332 8478
f 8478 8332 8331
f 8478 8331 8479
f 8479 8331 8338
f 8479 8338 8480
f 8480 8338 8345
f 8480 8345 8481
f 8481 8345 8344
f 8481 8344 8482
f 8482 8344 8342
f 8482 8342 8474
f 8474 8342 8341
f 8474 8341 8349
f 8483 8484 8485
f 8481 8482 8486
f 8486 8482 8474
f 8486 8474 8487
f 8487 8474 8473
f 8487 8473 8488
f 8488 8473 8489
f 8490 8491 8492
f 8492 8491 8493
f 8492 8493 8494
f 8494 8493 8495
f 8473 8472 8489
f 8489 8472 8464
f 8489 8464 8496
f 8496 8464 8465
f 8497 8498 8499
f 8499 8498 8500
f 8499 8500 8495
f 8495 8500 8501
f 8495 8501 8494
f 8465 8466 8496
f 8496 8466 8467
f 8496 8467 8502
f 8502 8467 8468
f 8502 8468 8503
f 8504 8505 8497
f 8497 8505 8506
f 8497 8506 8498
f 8468 8469 8503
f 8503 8469 8470
f 8503 8470 8507
f 8508 8509 8510
f 8510 8509 8511
f 8510 8511 8512
f 8512 8511 8513
f 8512 8513 8504
f 8504 8513 8514
f 8504 8514 8505
f 8470 8471 8507
f 8507 8471 8457
f 8507 8457 8515
f 8515 8457 8458
f 8515 8458 8516
f 8516 8458 8459
f 8516 8459 8517
f 8518 8519 8520
f 8520 8519 8521
f 8520 8521 8508
f 8508 8521 8522
f 8508 8522 8509
f 8459 8460 8517
f 8517 8460 8461
f 8517 8461 8523
f 8524 8525 8526
f 8526 8525 8527
f 8526 8527 8528
f 8528 8527 8518
f 8461 8462 8523
f 8523 8462 8463
f 8523 8463 8529
f 8529 8463 8454
f 8529 8454 8530
f 8485 8484 8526
f 8526 8484 8531
f 8526 8531 8524
f 8454 8455 8530
f 8530 8455 8456
f 8530 8456 8532
f 8532 8456 8475
f 8532 8475 8533
f 8533 8475 8476
f 8483 8485 8534
f 8534 8485 8535
f 8534 8535 8536
f 8536 8535 8537
f 8536 8537 8538
f 8538 8537 8539
f 8538 8539 8540
f 8480 8541 8479
f 8479 8541 8542
f 8479 8542 8478
f 8478 8542 8533
f 8478 8533 8477
f 8477 8533 8476
f 8490 8543 8491
f 8491 8543 8544
f 8491 8544 8545
f 8545 8544 8546
f 8545 8546 8547
f 8547 8546 8548
f 8547 8548 8539
f 8539 8548 8549
f 8539 8549 8540
f 8550 8520 8551
f 8551 8520 8508
f 8551 8508 8552
f 8552 8508 8510
f 8552 8510 8553
f 8553 8510 8512
f 8553 8512 8554
f 8554 8512 8504
f 8554 8504 8555
f 8555 8504 8497
f 8555 8497 8556
f 8556 8497 8499
f 8556 8499 8557
f 8557 8499 8495
f 8557 8495 8558
f 8558 8495 8493
f 8558 8493 8559
f 8559 8493 8491
f 8559 8491 8560
f 8560 8491 8545
f 8560 8545 8561
f 8561 8545 8547
f 8561 8547 8562
f 8562 8547 8539
f 8562 8539 8563
f 8563 8539 8537
f 8563 8537 8564
f 8564 8537 8535
f 8564 8535 8565
f 8565 8535 8485
f 8565 8485 8566
f 8566 8485 8526
f 8566 8526 8567
f 8567 8526 8528
f 8568 8550 8569
f 8569 8550 8551
f 8569 8551 8570
f 8570 8551 8552
f 8570 8552 8571
f 8571 8552 8553
f 8571 8553 8572
f 8572 8553 8554
f 8572 8554 8573
f 8573 8554 8555
f 8573 8555 8574
f 8574 8555 8556
f 8574 8556 8575
f 8575 8556 8557
f 8575 8557 8576
f 8576 8557 8558
f 8576 8558 8577
f 8577 8558 8559
f 8577 8559 8578
f 8578 8559 8560
f 8578 8560 8579
f 8579 8560 8561
f 8579 8561 8580
f 8580 8561 8562
f 8580 8562 8581
f 8581 8562 8563
f 8581 8563 8582
f 8582 8563 8564
f 8582 8564 8583
f 8583 8564 8565
f 8583 8565 8584
f 8584 8565 8566
f 8584 8566 8585
f 8585 8566 8567
f 8586 8568 8587
f 8587 8568 8569
f 8587 8569 8588
f 8588 8569 8570
f 8588 8570 8589
f 8589 8570 8571
f 8589 8571 8590
f 8590 8571 8572
f 8590 8572 8591
f 8591 8572 8573
f 8591 8573 8592
f 8592 8573 8574
f 8592 8574 8593
f 8593 8574 8575
f 8593 8575 8594
f 8594 8575 8576
f 8594 8576 8595
f 8595 8576 8577
f 8595 8577 8596
f 8596 8577 8578
f 8596 8578 8597
f 8597 8578 8579
f 8597 8579 8598
f 8598 8579 8580
f 8598 8580 8599
f 8599 8580 8581
f 8599 8581 8600
f 8600 8581 8582
f 8600 8582 8601
f 8601 8582 8583
f 8601 8583 8602
f 8602 8583 8584
f 8602 8584 8603
f 8603 8584 8585
f 8604 8586 8605
f 8605 8586 8587
f 8605 8587 8606
f 8606 8587 8588
f 8606 8588 8607
f 8607 8588 8589
f 8607 8589 8608
f 8608 8589 8590
f 8608 8590 8609
f 8609 8590 8591
f 8609 8591 8610
f 8610 8591 8592
f 8610 8592 8611
f 8611 8592 8593
f 8611 8593 8612
f 8612 8593 8594
f 8612 8594 8613
f 8613 8594 8595
f 8613 8595 8614
f 8614 8595 8596
f 8614 8596 8615
f 8615 8596 8597
f 8615 8597 8616
f 8616 8597 8598
f 8616 8598 8617
f 8617 8598 8599
f 8617 8599 8618
f 8618 8599 8600
f 8618 8600 8619
f 8619 8600 8601
f 8619 8601 8620
f 8620 8601 8602
f 8620 8602 8621
f 8621 8602 8603
f 8622 8604 8623
f 8623 8604 8605
f 8623 8605 8624
f 8624 8605 8606
f 8624 8606 8625
f 8625 8606 8607
f 8625 8607 8626
f 8626 8607 8608
f 8626 8608 8627
f 8627 8608 8609
f 8627 8609 8628
f 8628 8609 8610
f 8628 8610 8629
f 8629 8610 8611
f 8629 8611 8630
f 8630 8611 8612
f 8630 8612 8631
f 8631 8612 8613
f 8631 8613 8632
f 8632 8613 8614
f 8632 8614 8633
f 8633 8614 8615
f 8633 8615 8634
f 8634 8615 8616
f 8634 8616 8635
f 8635 8616 8617
f 8635 8617 8636
f 8636 8617 8618
f 8636 8618 8637
f 8637 8618 8619
f 8637 8619 8638
f 8638 8619 8620
f 8638 8620 8639
f 8639 8620 8621
f 8541 8622 8542
f 8542 8622 8623
f 8542 8623 8533
f 8533 8623 8624
f 8533 8624 8532
f 8532 8624 8625
f 8532 8625 8530
f 8530 8625 8626
f 8530 8626 8529
f 8529 8626 8627
f 8529 8627 8523
f 8523 8627 8628
f 8523 8628 8517
f 8517 8628 8629
f 8517 8629 8516
f 8516 8629 8630
f 8516 8630 8515
f 8515 8630 8631
f 8515 8631 8507
f 8507 8631 8632
f 8507 8632 8503
f 8503 8632 8633
f 8503 8633 8502
f 8502 8633 8634
f 8502 8634 8496
f 8496 8634 8635
f 8496 8635 8489
f 8489 8635 8636
f 8489 8636 8488
f 8488 8636 8637
f 8488 8637 8487
f 8487 8637 8638
f 8487 8638 8486
f 8486 8638 8639
f 8518 8520 8528
f 8528 8520 8550
f 8528 8550 8567
f 8567 8550 8568
f 8567 8568 8585
f 8585 8568 8586
f 8585 8586 8603
f 8603 8586 8604
f 8603 8604 8621
f 8621 8604 8622
f 8621 8622 8639
f 8639 8622 8541
f 8639 8541 8486
f 8486 8541 8480
f 8486 8480 8481
f 7891 7881 8511
f 7882 8514 7881
f 7881 8514 8513
f 7881 8513 8511
f 8500 8498 7883
f 7883 8498 8506
f 7883 8506 7882
f 7882 8506 8505
f 7882 8505 8514
f 8500 7883 8501
f 8501 7883 7884
f 8501 7884 8494
f 8494 7884 8492
f 8492 7884 7885
f 8492 7885 8490
f 8490 7885 8543
f 8543 7885 7886
f 8543 7886 8544
f 7887 8548 7886
f 7886 8548 8546
f 7886 8546 8544
f 8538 8540 7887
f 7887 8540 8549
f 7887 8549 8548
f 8538 7887 8536
f 8536 7887 7888
f 8536 7888 8534
f 8534 7888 7892
f 8534 7892 8483
f 8483 7892 8484
f 8484 7892 7893
f 8484 7893 8531
f 8531 7893 8524
f 8524 7893 7894
f 8524 7894 8525
f 8525 7894 7889
f 8525 7889 8527
f 7890 8519 7889
f 7889 8519 8518
f 7889 8518 8527
f 8511 8509 7891
f 7891 8509 8522
f 7891 8522 7890
f 7890 8522 8521
f 7890 8521 8519

