# https://github.com/mikedh/trimesh

o left_hand_mid_PIP_link.STL
v -0.01587833 0.00762497 0.03593427
v -0.01597918 0.00760644 0.03595900
v -0.01575463 0.00760644 0.03670947
v -0.01565677 0.00762497 0.03667475
v -0.01537982 0.00760644 0.03759026
v -0.01528695 0.00762497 0.03754382
v -0.01490001 0.00760644 0.03841854
v -0.01481352 0.00762497 0.03836108
v -0.01432239 0.00760644 0.03918184
v -0.01424359 0.00762497 0.03911423
v -0.01365567 0.00760644 0.03986869
v -0.01358574 0.00762497 0.03979193
v -0.01290988 0.00760644 0.04046874
v -0.01284987 0.00762497 0.04038400
v -0.01209623 0.00760644 0.04097297
v -0.01204705 0.00762497 0.04088152
v -0.01122697 0.00760644 0.04137379
v -0.01118936 0.00762497 0.04127701
v -0.01031518 0.00760644 0.04166518
v -0.01028969 0.00762497 0.04156452
v -0.00937457 0.00760644 0.04184274
v -0.00936160 0.00762497 0.04173972
v -0.00841930 0.00760644 0.04190381
v -0.00841904 0.00762497 0.04179998
v -0.00746374 0.00760644 0.04184747
v -0.00747620 0.00762497 0.04174438
v -0.00652226 0.00760644 0.04167456
v -0.00654725 0.00762497 0.04157377
v -0.00560904 0.00760644 0.04138769
v -0.00564618 0.00762497 0.04129072
v -0.00473781 0.00760644 0.04099117
v -0.00478654 0.00762497 0.04089948
v -0.00392168 0.00760644 0.04049097
v -0.00398126 0.00762497 0.04040593
v -0.00317292 0.00760644 0.03989461
v -0.00324247 0.00762497 0.03981751
v -0.00250282 0.00760644 0.03921107
v -0.00258128 0.00762497 0.03914307
v -0.00192143 0.00760644 0.03845064
v -0.00200763 0.00762497 0.03839274
v -0.00143752 0.00760644 0.03762474
v -0.00153016 0.00762497 0.03757784
v -0.00105837 0.00760644 0.03674581
v -0.00115606 0.00762497 0.03671061
v -0.00078967 0.00760644 0.03582708
v -0.00089094 0.00762497 0.03580410
v -0.00063548 0.00760644 0.03488236
v -0.00073879 0.00762497 0.03487195
v -0.00059616 0.00760644 0.03410000
v -0.00070000 0.00762497 0.03410000
v -0.00045826 0.00732498 0.03506369
v -0.00044030 0.00732498 0.03490202
v -0.00045875 0.00742881 0.03490016
v -0.00040000 0.00732498 0.03410000
v -0.00041854 0.00742881 0.03410000
v -0.00059837 0.00732498 0.03587049
v -0.00061646 0.00742881 0.03586638
v -0.00074220 0.00732498 0.03641476
v -0.00089127 0.00742881 0.03680603
v -0.00087382 0.00732498 0.03681232
v -0.00125420 0.00732498 0.03769689
v -0.00127905 0.00742881 0.03770496
v -0.00126251 0.00732498 0.03771334
v -0.00177398 0.00742881 0.03854966
v -0.00175858 0.00732498 0.03856000
v -0.00197902 0.00732498 0.03887190
v -0.00236859 0.00742881 0.03932741
v -0.00235458 0.00732498 0.03933955
v -0.00289506 0.00732498 0.03990480
v -0.00305395 0.00742881 0.04002650
v -0.00304153 0.00732498 0.04004027
v -0.00381975 0.00742881 0.04063643
v -0.00380911 0.00732498 0.04065162
v -0.00647952 0.00742881 0.04184696
v -0.00553888 0.00732498 0.04157088
v -0.00554552 0.00742881 0.04155356
v -0.00518681 0.00732498 0.04142635
v -0.00465445 0.00742881 0.04114802
v -0.00464575 0.00732498 0.04116439
v -0.00397504 0.00732498 0.04076482
v -0.00744243 0.00742881 0.04202381
v -0.00649427 0.00732498 0.04186970
v -0.00647506 0.00732498 0.04186496
v -0.00841974 0.00742881 0.04208143
v -0.00785849 0.00732498 0.04208165
v -0.00744020 0.00732498 0.04204221
v -0.01059419 0.00732498 0.04179321
v -0.01036332 0.00732498 0.04185535
v -0.01035877 0.00742881 0.04183737
v -0.00939907 0.00732498 0.04203737
v -0.00939675 0.00742881 0.04201897
v -0.00923883 0.00732498 0.04205590
v -0.00841978 0.00732498 0.04209998
v -0.01129803 0.00732498 0.04155663
v -0.01129131 0.00742881 0.04153935
v -0.01188420 0.00732498 0.04130141
v -0.01218036 0.00742881 0.04112941
v -0.01218914 0.00732498 0.04114574
v -0.01301253 0.00742881 0.04061370
v -0.01302324 0.00732498 0.04062883
v -0.01307045 0.00732498 0.04059514
v -0.01377530 0.00742881 0.03999999
v -0.01378778 0.00732498 0.04001370
v -0.01411761 0.00732498 0.03969544
v -0.01445719 0.00742881 0.03929751
v -0.01447126 0.00732498 0.03930958
v -0.01499449 0.00732498 0.03862910
v -0.01504795 0.00742881 0.03851683
v -0.01506340 0.00732498 0.03852709
v -0.01553869 0.00742881 0.03766970
v -0.01555527 0.00732498 0.03767800
v -0.01615169 0.00742881 0.03600131
v -0.01616970 0.00732498 0.03600573
v -0.01593950 0.00732498 0.03677506
v -0.01608436 0.00753712 0.03598480
v -0.01592202 0.00742881 0.03676886
v -0.01567498 0.00732498 0.03742787
v -0.01585669 0.00753712 0.03674568
v -0.01547669 0.00753712 0.03763869
v -0.01499021 0.00753712 0.03847847
v -0.01440458 0.00753712 0.03925237
v -0.01372861 0.00753712 0.03994874
v -0.01297246 0.00753712 0.04055712
v -0.01214752 0.00753712 0.04106835
v -0.01126620 0.00753712 0.04147474
v -0.01034175 0.00753712 0.04177016
v -0.00938809 0.00753712 0.04195019
v -0.00841957 0.00753712 0.04201211
v -0.00745074 0.00753712 0.04195498
v -0.00649620 0.00753712 0.04177967
v -0.00557031 0.00753712 0.04148882
v -0.00468699 0.00753712 0.04108680
v -0.00385953 0.00753712 0.04057966
v -0.00310039 0.00753712 0.03997502
v -0.00242098 0.00753712 0.03928200
v -0.00183153 0.00753712 0.03851101
v -0.00134090 0.00753712 0.03767365
v -0.00095649 0.00753712 0.03678253
v -0.00068406 0.00753712 0.03585104
v -0.00052773 0.00753712 0.03489321
v -0.00048787 0.00753712 0.03410000
v -0.01607767 0.00762497 0.03468592
v -0.01610000 0.00762497 0.03410000
v -0.01618121 0.00760644 0.03469382
v -0.01620384 0.00760644 0.03410000
v -0.01628919 0.00753712 0.03470206
v -0.01631213 0.00753712 0.03410000
v -0.01635832 0.00742881 0.03470734
v -0.01638146 0.00742881 0.03410000
v -0.01637680 0.00732498 0.03470875
v -0.01640000 0.00732498 0.03410000
v -0.01599623 0.00762497 0.03535989
v -0.01609866 0.00760644 0.03537688
v -0.01620550 0.00753712 0.03539460
v -0.01627389 0.00742881 0.03540595
v -0.01629218 0.00732498 0.03540898
v -0.00241733 0.00732498 0.02878891
v -0.00260882 0.00732498 0.02858074
v -0.00262224 0.00742881 0.02859354
v -0.00061695 0.00760644 0.03353077
v -0.00043980 0.00742881 0.03351782
v -0.00041083 0.00732498 0.03368392
v -0.00072051 0.00762497 0.03353835
v -0.00073328 0.00760644 0.03264356
v -0.00083529 0.00762497 0.03266294
v -0.00095040 0.00760644 0.03177549
v -0.00104953 0.00762497 0.03180642
v -0.00126547 0.00760644 0.03093798
v -0.00136040 0.00762497 0.03098006
v -0.00167434 0.00760644 0.03014205
v -0.00176383 0.00762497 0.03019471
v -0.00217164 0.00760644 0.02939816
v -0.00225451 0.00762497 0.02946072
v -0.00275082 0.00760644 0.02871608
v -0.00282599 0.00762497 0.02878772
v -0.00267242 0.00753712 0.02864136
v -0.00298735 0.00753664 0.02832824
v -0.00307853 0.00759928 0.02836832
v -0.00292552 0.00744610 0.02830168
v -0.00290001 0.00732755 0.02829053
v -0.00290000 0.00732498 0.02829053
v -0.00201507 0.00732498 0.02927997
v -0.00202987 0.00742881 0.02929114
v -0.00159548 0.00732498 0.02989304
v -0.00152126 0.00742881 0.03005197
v -0.00150528 0.00732498 0.03004256
v -0.00110308 0.00742881 0.03086601
v -0.00108613 0.00732498 0.03085850
v -0.00042131 0.00732498 0.03351646
v -0.00054056 0.00732498 0.03260694
v -0.00055878 0.00742881 0.03261041
v -0.00063030 0.00732498 0.03219427
v -0.00078084 0.00742881 0.03172258
v -0.00076314 0.00732498 0.03171706
v -0.00097506 0.00732498 0.03112170
v -0.00208520 0.00753712 0.02933291
v -0.00158101 0.00753712 0.03008712
v -0.00116646 0.00753712 0.03089410
v -0.00084702 0.00753712 0.03174323
v -0.00062688 0.00753712 0.03262334
v -0.00050894 0.00753712 0.03352287
v -0.00320000 0.00762497 0.02842109
v -0.01568409 -0.00097502 0.03588662
v -0.01568409 0.00762497 0.03588662
v -0.01565513 -0.00097502 0.03600081
v -0.01565513 0.00762497 0.03600081
v -0.01522029 -0.00097502 0.03721988
v -0.01522029 0.00762497 0.03721988
v -0.01458233 -0.00097502 0.03834603
v -0.01458233 0.00762497 0.03834603
v -0.01376026 -0.00097502 0.03934572
v -0.01376026 0.00762497 0.03934572
v -0.01277855 -0.00097502 0.04018920
v -0.01277855 0.00762497 0.04018920
v -0.01166644 -0.00097502 0.04085132
v -0.01166644 0.00762497 0.04085132
v -0.01045705 -0.00097502 0.04131239
v -0.01045705 0.00762497 0.04131239
v -0.00918640 -0.00097502 0.04155866
v -0.00918640 0.00762497 0.04155866
v -0.00789233 -0.00097502 0.04158280
v -0.00789233 0.00762497 0.04158280
v -0.00661338 -0.00097502 0.04138409
v -0.00661338 0.00762497 0.04138409
v -0.00538764 -0.00097502 0.04096846
v -0.00538764 0.00762497 0.04096846
v -0.00425160 -0.00097502 0.04034827
v -0.00425160 0.00762497 0.04034827
v -0.00323912 -0.00097502 0.03954199
v -0.00323912 0.00762497 0.03954199
v -0.00238033 -0.00097502 0.03857365
v -0.00238033 0.00762497 0.03857365
v -0.00170082 -0.00097502 0.03747208
v -0.00170082 0.00762497 0.03747208
v -0.00122081 -0.00097502 0.03627009
v -0.00122081 0.00762497 0.03627009
v -0.00095461 -0.00097502 0.03500346
v -0.00095461 0.00762497 0.03500346
v -0.00091015 -0.00097502 0.03370993
v -0.00091015 0.00762497 0.03370993
v -0.00108874 -0.00097502 0.03242801
v -0.00108874 0.00762497 0.03242801
v -0.00111591 -0.00097502 0.03231338
v -0.00111591 0.00762497 0.03231338
v -0.00114487 -0.00097502 0.03219919
v -0.00114487 0.00762497 0.03219919
v -0.00157971 -0.00097502 0.03098012
v -0.00157971 0.00762497 0.03098012
v -0.00221767 -0.00097502 0.02985397
v -0.00221767 0.00762497 0.02985397
v -0.00303974 -0.00097502 0.02885428
v -0.00303974 0.00762497 0.02885428
v -0.00402145 -0.00097502 0.02801080
v -0.00402145 0.00762497 0.02801080
v -0.00513356 -0.00097502 0.02734868
v -0.00513356 0.00762497 0.02734868
v -0.00634295 -0.00097502 0.02688761
v -0.00634295 0.00762497 0.02688761
v -0.00761360 -0.00097502 0.02664134
v -0.00761360 0.00762497 0.02664134
v -0.00890767 -0.00097502 0.02661720
v -0.00890767 0.00762497 0.02661720
v -0.01018662 -0.00097502 0.02681591
v -0.01018662 0.00762497 0.02681591
v -0.01141236 -0.00097502 0.02723155
v -0.01141236 0.00762497 0.02723155
v -0.01254840 -0.00097502 0.02785173
v -0.01254840 0.00762497 0.02785173
v -0.01356088 -0.00097502 0.02865801
v -0.01356088 0.00762497 0.02865801
v -0.01441967 -0.00097502 0.02962635
v -0.01441967 0.00762497 0.02962635
v -0.01509918 -0.00097502 0.03072792
v -0.01509918 0.00762497 0.03072792
v -0.01557919 -0.00097502 0.03192992
v -0.01557919 0.00762497 0.03192992
v -0.01584538 -0.00097502 0.03319654
v -0.01584538 0.00762497 0.03319654
v -0.01588985 -0.00097502 0.03449007
v -0.01588985 0.00762497 0.03449007
v -0.01571126 -0.00097502 0.03577199
v -0.01571126 0.00762497 0.03577199
v -0.01616970 -0.00097502 0.03600573
v -0.00060133 -0.00097502 0.03231655
v -0.00063030 -0.00097502 0.03219427
v -0.00041083 -0.00097502 0.03368392
v -0.00045826 -0.00097502 0.03506369
v -0.00074220 -0.00097502 0.03641476
v -0.00125420 -0.00097502 0.03769689
v -0.00197902 -0.00097502 0.03887190
v -0.00289506 -0.00097502 0.03990480
v -0.00397504 -0.00097502 0.04076482
v -0.00518681 -0.00097502 0.04142635
v -0.00649427 -0.00097502 0.04186970
v -0.00785849 -0.00097502 0.04208165
v -0.00923883 -0.00097502 0.04205590
v -0.01059419 -0.00097502 0.04179321
v -0.01188420 -0.00097502 0.04130141
v -0.01307045 -0.00097502 0.04059514
v -0.01411761 -0.00097502 0.03969544
v -0.01499449 -0.00097502 0.03862910
v -0.01567498 -0.00097502 0.03742787
v -0.01613881 -0.00097502 0.03612753
v -0.00097506 -0.00097502 0.03112170
v -0.00320000 -0.00097502 0.02802053
v -0.00312569 -0.00096566 0.02808471
v -0.00241733 -0.00097502 0.02878891
v -0.00308170 -0.00095070 0.02812385
v -0.00298176 -0.00088085 0.02821410
v -0.00290000 -0.00067497 0.02829053
v -0.00291972 -0.00078196 0.02827133
v -0.00159548 -0.00097502 0.02989304
v -0.01631792 -0.00097502 0.03524305
v -0.01390000 0.00732498 0.02829053
v -0.01390000 -0.00067497 0.02829053
v -0.01412835 -0.00097502 0.02851556
v -0.01389939 -0.00069417 0.02828989
v -0.01387198 -0.00080157 0.02826352
v -0.01380359 -0.00089533 0.02820073
v -0.01369760 -0.00095869 0.02810544
v -0.01360000 -0.00097502 0.02802053
v -0.01639965 -0.00097502 0.03402558
v -0.01637869 0.00732498 0.03351646
v -0.01629528 -0.00097502 0.03280983
v -0.01629528 0.00732498 0.03280983
v -0.01625944 0.00732498 0.03260694
v -0.01600723 -0.00097502 0.03162411
v -0.01603686 0.00732498 0.03171706
v -0.01571387 0.00732498 0.03085850
v -0.01554220 -0.00097502 0.03049598
v -0.01554220 0.00732498 0.03049598
v -0.01529472 0.00732498 0.03004256
v -0.01491101 -0.00097502 0.02945170
v -0.01491101 0.00732498 0.02945170
v -0.01478493 0.00732498 0.02927997
v -0.01419118 0.00732498 0.02858074
v -0.01636020 0.00742881 0.03351782
v -0.01624122 0.00742881 0.03261041
v -0.01601916 0.00742881 0.03172258
v -0.01569692 0.00742881 0.03086601
v -0.01527874 0.00742881 0.03005197
v -0.01477013 0.00742881 0.02929114
v -0.01417776 0.00742881 0.02859354
v -0.01404918 0.00760644 0.02871608
v -0.01369441 0.00760977 0.02838008
v -0.01380748 0.00754171 0.02833048
v -0.01397401 0.00762497 0.02878772
v -0.01360000 0.00762497 0.02842109
v -0.01462836 0.00760644 0.02939816
v -0.01454549 0.00762497 0.02946072
v -0.01512566 0.00760644 0.03014205
v -0.01503617 0.00762497 0.03019471
v -0.01553453 0.00760644 0.03093798
v -0.01543960 0.00762497 0.03098006
v -0.01584960 0.00760644 0.03177549
v -0.01575048 0.00762497 0.03180642
v -0.01606672 0.00760644 0.03264356
v -0.01596471 0.00762497 0.03266294
v -0.01618305 0.00760644 0.03353077
v -0.01607949 0.00762497 0.03353835
v -0.01387719 0.00743978 0.02830051
v -0.01412758 0.00753712 0.02864136
v -0.01471480 0.00753712 0.02933291
v -0.01521899 0.00753712 0.03008712
v -0.01563354 0.00753712 0.03089410
v -0.01595298 0.00753712 0.03174323
v -0.01617312 0.00753712 0.03262334
v -0.01629106 0.00753712 0.03352287
v -0.01178648 0.00591033 0.02710000
v -0.01305000 0.00612502 0.02710000
v -0.01175000 0.00612502 0.02710000
v -0.01301352 0.00633966 0.02710000
v -0.01178648 0.00633966 0.02710000
v -0.01224118 0.00675528 0.02710000
v -0.01196146 0.00660478 0.02710000
v -0.01255882 0.00675528 0.02710000
v -0.01283854 0.00660478 0.02710000
v -0.01224118 0.00549470 0.02710000
v -0.01255882 0.00549470 0.02710000
v -0.01196146 0.00564521 0.02710000
v -0.01283854 0.00564521 0.02710000
v -0.01301352 0.00591033 0.02710000
v -0.00378648 0.00073968 0.02710000
v -0.00375000 0.00052499 0.02710000
v -0.00501352 0.00073968 0.02710000
v -0.00424118 0.00115531 0.02710000
v -0.00396146 0.00100480 0.02710000
v -0.00455882 0.00115531 0.02710000
v -0.00483854 0.00100480 0.02710000
v -0.00424118 -0.00010527 0.02710000
v -0.00455882 -0.00010527 0.02710000
v -0.00396146 0.00004523 0.02710000
v -0.00483854 0.00004523 0.02710000
v -0.00378648 0.00031029 0.02710000
v -0.00501352 0.00031029 0.02710000
v -0.00505000 0.00052499 0.02710000
v -0.00378648 0.00633966 0.02710000
v -0.00375000 0.00612502 0.02710000
v -0.00501352 0.00633966 0.02710000
v -0.00424118 0.00675528 0.02710000
v -0.00396146 0.00660478 0.02710000
v -0.00455882 0.00675528 0.02710000
v -0.00483854 0.00660478 0.02710000
v -0.00424118 0.00549470 0.02710000
v -0.00455882 0.00549470 0.02710000
v -0.00396146 0.00564521 0.02710000
v -0.00483854 0.00564521 0.02710000
v -0.00378648 0.00591033 0.02710000
v -0.00501352 0.00591033 0.02710000
v -0.00505000 0.00612502 0.02710000
v -0.00320000 0.00762497 0.02510000
v -0.01360000 0.00762497 0.02510000
v -0.00309616 0.00760644 0.02510000
v -0.00298787 0.00753712 0.02510000
v -0.00291854 0.00742881 0.02510000
v -0.00290000 0.00732498 0.02510000
v -0.00290000 -0.00067497 0.02510000
v -0.00291854 -0.00077886 0.02510000
v -0.00298787 -0.00088711 0.02510000
v -0.00309616 -0.00095649 0.02510000
v -0.00320000 -0.00097502 0.02510000
v -0.01360000 -0.00097502 0.02510000
v -0.01370384 -0.00095649 0.02510000
v -0.01381213 -0.00088711 0.02510000
v -0.01388146 -0.00077886 0.02510000
v -0.01390000 -0.00067497 0.02510000
v -0.01390000 0.00732498 0.02510000
v -0.01388146 0.00742881 0.02510000
v -0.01381213 0.00753712 0.02510000
v -0.01370384 0.00760644 0.02510000
v -0.01175000 0.00612502 0.02510000
v -0.01178648 0.00591033 0.02510000
v -0.01196146 0.00564521 0.02510000
v -0.01224118 0.00549470 0.02510000
v -0.01255882 0.00549470 0.02510000
v -0.01283854 0.00564521 0.02510000
v -0.01301352 0.00591033 0.02510000
v -0.01305000 0.00612502 0.02510000
v -0.01301352 0.00633966 0.02510000
v -0.01283854 0.00660478 0.02510000
v -0.01255882 0.00675528 0.02510000
v -0.01224118 0.00675528 0.02510000
v -0.01196146 0.00660478 0.02510000
v -0.01178648 0.00633966 0.02510000
v -0.00375000 0.00052499 0.02510000
v -0.00378648 0.00031029 0.02510000
v -0.00396146 0.00004523 0.02510000
v -0.00424118 -0.00010527 0.02510000
v -0.00455882 -0.00010527 0.02510000
v -0.00483854 0.00004523 0.02510000
v -0.00501352 0.00031029 0.02510000
v -0.00505000 0.00052499 0.02510000
v -0.00501352 0.00073968 0.02510000
v -0.00483854 0.00100480 0.02510000
v -0.00455882 0.00115531 0.02510000
v -0.00424118 0.00115531 0.02510000
v -0.00396146 0.00100480 0.02510000
v -0.00378648 0.00073968 0.02510000
v -0.00375000 0.00612502 0.02510000
v -0.00378648 0.00591033 0.02510000
v -0.00396146 0.00564521 0.02510000
v -0.00424118 0.00549470 0.02510000
v -0.00455882 0.00549470 0.02510000
v -0.00483854 0.00564521 0.02510000
v -0.00501352 0.00591033 0.02510000
v -0.00505000 0.00612502 0.02510000
v -0.00501352 0.00633966 0.02510000
v -0.00483854 0.00660478 0.02510000
v -0.00455882 0.00675528 0.02510000
v -0.00424118 0.00675528 0.02510000
v -0.00396146 0.00660478 0.02510000
v -0.00378648 0.00633966 0.02510000
v -0.01178648 0.00031029 0.02710000
v -0.01305000 0.00052499 0.02710000
v -0.01175000 0.00052499 0.02710000
v -0.01301352 0.00073968 0.02710000
v -0.01178648 0.00073968 0.02710000
v -0.01224118 0.00115531 0.02710000
v -0.01196146 0.00100480 0.02710000
v -0.01255882 0.00115531 0.02710000
v -0.01283854 0.00100480 0.02710000
v -0.01224118 -0.00010527 0.02710000
v -0.01255882 -0.00010527 0.02710000
v -0.01196146 0.00004523 0.02710000
v -0.01283854 0.00004523 0.02710000
v -0.01301352 0.00031029 0.02710000
v -0.01224118 0.00115531 0.02510000
v -0.01196146 0.00100480 0.02510000
v -0.01255882 0.00115531 0.02510000
v -0.01283854 0.00004523 0.02510000
v -0.01255882 -0.00010527 0.02510000
v -0.01224118 -0.00010527 0.02510000
v -0.01196146 0.00004523 0.02510000
v -0.01178648 0.00031029 0.02510000
v -0.01178648 0.00073968 0.02510000
v -0.01175000 0.00052499 0.02510000
v -0.01301352 0.00031029 0.02510000
v -0.01283854 0.00100480 0.02510000
v -0.01301352 0.00073968 0.02510000
v -0.01305000 0.00052499 0.02510000
v -0.00111591 0.00712501 0.03231338
v -0.00092610 0.00762497 0.03347486
v -0.00092610 0.00712501 0.03347486
v -0.00092032 0.00762497 0.03465173
v -0.00092032 0.00712501 0.03465173
v -0.00109872 0.00762497 0.03581502
v -0.00109872 0.00712501 0.03581502
v -0.00145690 0.00762497 0.03693607
v -0.00145690 0.00712501 0.03693607
v -0.00198604 0.00762497 0.03798730
v -0.00198604 0.00712501 0.03798730
v -0.00267311 0.00762497 0.03894280
v -0.00267311 0.00712501 0.03894280
v -0.00350120 0.00762497 0.03977906
v -0.00350120 0.00712501 0.03977906
v -0.00444991 0.00762497 0.04047549
v -0.00444991 0.00712501 0.04047549
v -0.00549589 0.00762497 0.04101492
v -0.00549589 0.00712501 0.04101492
v -0.00661338 0.00712501 0.04138409
v -0.00777486 0.00762497 0.04157390
v -0.00777486 0.00712501 0.04157390
v -0.00895173 0.00762497 0.04157968
v -0.00895173 0.00712501 0.04157968
v -0.01011502 0.00762497 0.04140128
v -0.01011502 0.00712501 0.04140128
v -0.01123607 0.00762497 0.04104310
v -0.01123607 0.00712501 0.04104310
v -0.01228730 0.00762497 0.04051396
v -0.01228730 0.00712501 0.04051396
v -0.01324280 0.00762497 0.03982689
v -0.01324280 0.00712501 0.03982689
v -0.01407906 0.00762497 0.03899880
v -0.01407906 0.00712501 0.03899880
v -0.01477549 0.00762497 0.03805009
v -0.01477549 0.00712501 0.03805009
v -0.01531492 0.00762497 0.03700411
v -0.01531492 0.00712501 0.03700411
v -0.01568409 0.00712501 0.03588662
v -0.01587390 0.00762497 0.03472514
v -0.01587390 0.00712501 0.03472514
v -0.01587968 0.00762497 0.03354827
v -0.01587968 0.00712501 0.03354827
v -0.01570128 0.00762497 0.03238498
v -0.01570128 0.00712501 0.03238498
v -0.01534310 0.00762497 0.03126393
v -0.01534310 0.00712501 0.03126393
v -0.01481396 0.00762497 0.03021270
v -0.01481396 0.00712501 0.03021270
v -0.01412689 0.00762497 0.02925720
v -0.01412689 0.00712501 0.02925720
v -0.01329880 0.00762497 0.02842094
v -0.01329880 0.00712501 0.02842094
v -0.01235009 0.00762497 0.02772451
v -0.01235009 0.00712501 0.02772451
v -0.01130411 0.00762497 0.02718508
v -0.01130411 0.00712501 0.02718508
v -0.01018662 0.00712501 0.02681591
v -0.00902514 0.00762497 0.02662610
v -0.00902514 0.00712501 0.02662610
v -0.00784827 0.00762497 0.02662032
v -0.00784827 0.00712501 0.02662032
v -0.00668498 0.00762497 0.02679872
v -0.00668498 0.00712501 0.02679872
v -0.00556393 0.00762497 0.02715690
v -0.00556393 0.00712501 0.02715690
v -0.00451270 0.00762497 0.02768604
v -0.00451270 0.00712501 0.02768604
v -0.00355720 0.00762497 0.02837311
v -0.00355720 0.00712501 0.02837311
v -0.00272094 0.00762497 0.02920120
v -0.00272094 0.00712501 0.02920120
v -0.00202451 0.00762497 0.03014991
v -0.00202451 0.00712501 0.03014991
v -0.00148508 0.00762497 0.03119589
v -0.00148508 0.00712501 0.03119589
v -0.00903710 -0.00760532 0.03449220
v -0.00899938 -0.00760532 0.03454773
v -0.00903868 -0.00759495 0.03449317
v -0.00900087 -0.00759495 0.03454884
v -0.00898515 -0.00762309 0.03453710
v -0.00899383 -0.00761617 0.03454358
v -0.00903120 -0.00761617 0.03448857
v -0.00897683 -0.00762499 0.03453089
v -0.00902198 -0.00762309 0.03448289
v -0.00901314 -0.00762499 0.03447744
v -0.00906438 -0.00762309 0.03440341
v -0.00905494 -0.00762499 0.03439909
v -0.00909668 -0.00762309 0.03431931
v -0.00908678 -0.00762499 0.03431619
v -0.00911838 -0.00762309 0.03423188
v -0.00910817 -0.00762499 0.03423000
v -0.00912915 -0.00762309 0.03414243
v -0.00911878 -0.00762499 0.03414183
v -0.00912883 -0.00762309 0.03405235
v -0.00911847 -0.00762499 0.03405302
v -0.00911742 -0.00762309 0.03396299
v -0.00910722 -0.00762499 0.03396494
v -0.00909509 -0.00762309 0.03387571
v -0.00908521 -0.00762499 0.03387890
v -0.00906219 -0.00762309 0.03379184
v -0.00905278 -0.00762499 0.03379622
v -0.00901922 -0.00762309 0.03371267
v -0.00901042 -0.00762499 0.03371818
v -0.00896683 -0.00762309 0.03363939
v -0.00895877 -0.00762499 0.03364593
v -0.00890581 -0.00762309 0.03357311
v -0.00889862 -0.00762499 0.03358060
v -0.00883710 -0.00762309 0.03351485
v -0.00883089 -0.00762499 0.03352316
v -0.00876174 -0.00762309 0.03346549
v -0.00875660 -0.00762499 0.03347451
v -0.00868087 -0.00762309 0.03342578
v -0.00867688 -0.00762499 0.03343537
v -0.00859574 -0.00762309 0.03339633
v -0.00859295 -0.00762499 0.03340634
v -0.00850762 -0.00762309 0.03337759
v -0.00850609 -0.00762499 0.03338786
v -0.00841787 -0.00762309 0.03336984
v -0.00841762 -0.00762499 0.03338021
v -0.00832785 -0.00762309 0.03337319
v -0.00832887 -0.00762499 0.03338352
v -0.00823892 -0.00762309 0.03338760
v -0.00824121 -0.00762499 0.03339773
v -0.00815244 -0.00762309 0.03341285
v -0.00815596 -0.00762499 0.03342262
v -0.00806973 -0.00762309 0.03344855
v -0.00807443 -0.00762499 0.03345781
v -0.00799205 -0.00762309 0.03349416
v -0.00799785 -0.00762499 0.03350278
v -0.00792057 -0.00762309 0.03354900
v -0.00792739 -0.00762499 0.03355683
v -0.00785638 -0.00762309 0.03361221
v -0.00786411 -0.00762499 0.03361914
v -0.00784316 -0.00760532 0.03360035
v -0.00780062 -0.00760532 0.03365227
v -0.00780617 -0.00761617 0.03365642
v -0.00799657 -0.00759495 0.03346774
v -0.00798109 -0.00759495 0.03347789
v -0.00798213 -0.00760532 0.03347943
v -0.00790769 -0.00759495 0.03353420
v -0.00790891 -0.00760532 0.03353560
v -0.00789388 -0.00759495 0.03354652
v -0.00784178 -0.00759495 0.03359910
v -0.00779913 -0.00759495 0.03365116
v -0.00806086 -0.00759495 0.03343106
v -0.00806170 -0.00760532 0.03343271
v -0.00811129 -0.00759495 0.03340780
v -0.00814642 -0.00760532 0.03339614
v -0.00814580 -0.00759495 0.03339439
v -0.00823500 -0.00760532 0.03337028
v -0.00823459 -0.00759495 0.03336847
v -0.00832609 -0.00760532 0.03335552
v -0.00832591 -0.00759495 0.03335367
v -0.00836283 -0.00759495 0.03335092
v -0.00841830 -0.00760532 0.03335208
v -0.00841835 -0.00759495 0.03335023
v -0.00849217 -0.00759495 0.03335569
v -0.00851024 -0.00760532 0.03336002
v -0.00851051 -0.00759495 0.03335819
v -0.00860050 -0.00760532 0.03337922
v -0.00860099 -0.00759495 0.03337744
v -0.00891811 -0.00760532 0.03356029
v -0.00884884 -0.00759495 0.03349913
v -0.00884773 -0.00760532 0.03350062
v -0.00877145 -0.00759495 0.03344845
v -0.00877054 -0.00760532 0.03345006
v -0.00873885 -0.00759495 0.03343091
v -0.00868771 -0.00760532 0.03340939
v -0.00868842 -0.00759495 0.03340767
v -0.00861877 -0.00759495 0.03338262
v -0.00898061 -0.00760532 0.03362818
v -0.00894546 -0.00759495 0.03358525
v -0.00891940 -0.00759495 0.03355896
v -0.00908758 -0.00759495 0.03380045
v -0.00907998 -0.00759495 0.03378357
v -0.00907830 -0.00760532 0.03378435
v -0.00903585 -0.00759495 0.03370227
v -0.00903428 -0.00760532 0.03370325
v -0.00902584 -0.00759495 0.03368669
v -0.00898205 -0.00759495 0.03362701
v -0.00911376 -0.00759495 0.03386968
v -0.00911200 -0.00760532 0.03387025
v -0.00912885 -0.00759495 0.03392312
v -0.00913486 -0.00760532 0.03395965
v -0.00913669 -0.00759495 0.03395931
v -0.00914655 -0.00760532 0.03405119
v -0.00914840 -0.00759495 0.03405107
v -0.00914688 -0.00760532 0.03414347
v -0.00914873 -0.00759495 0.03414357
v -0.00914567 -0.00759495 0.03418047
v -0.00913585 -0.00760532 0.03423508
v -0.00913767 -0.00759495 0.03423541
v -0.00912073 -0.00759495 0.03430747
v -0.00911362 -0.00760532 0.03432464
v -0.00911539 -0.00759495 0.03432520
v -0.00908054 -0.00760532 0.03441078
v -0.00908223 -0.00759495 0.03441155
v -0.00907433 -0.00759495 0.03442830
v -0.00907423 -0.00761617 0.03440790
v -0.00910701 -0.00761617 0.03432256
v -0.00912903 -0.00761617 0.03423383
v -0.00913996 -0.00761617 0.03414306
v -0.00913963 -0.00761617 0.03405164
v -0.00912805 -0.00761617 0.03396095
v -0.00910540 -0.00761617 0.03387238
v -0.00907201 -0.00761617 0.03378728
v -0.00902840 -0.00761617 0.03370693
v -0.00897523 -0.00761617 0.03363255
v -0.00891331 -0.00761617 0.03356529
v -0.00884358 -0.00761617 0.03350617
v -0.00876710 -0.00761617 0.03345608
v -0.00868504 -0.00761617 0.03341579
v -0.00859864 -0.00761617 0.03338590
v -0.00850922 -0.00761617 0.03336688
v -0.00841814 -0.00761617 0.03335901
v -0.00832678 -0.00761617 0.03336241
v -0.00823653 -0.00761617 0.03337704
v -0.00814877 -0.00761617 0.03340266
v -0.00806484 -0.00761617 0.03343889
v -0.00798600 -0.00761617 0.03348518
v -0.00791346 -0.00761617 0.03354083
v -0.00784832 -0.00761617 0.03360498
v -0.00782317 -0.00762499 0.03366911
v -0.00781485 -0.00762309 0.03366290
v -0.00895684 -0.00760532 0.03459965
v -0.00777802 -0.00762309 0.03371711
v -0.00778686 -0.00762499 0.03372256
v -0.00773562 -0.00762309 0.03379659
v -0.00774506 -0.00762499 0.03380091
v -0.00770332 -0.00762309 0.03388069
v -0.00771322 -0.00762499 0.03388381
v -0.00768162 -0.00762309 0.03396812
v -0.00769183 -0.00762499 0.03397000
v -0.00767085 -0.00762309 0.03405757
v -0.00768122 -0.00762499 0.03405817
v -0.00767117 -0.00762309 0.03414765
v -0.00768153 -0.00762499 0.03414698
v -0.00768258 -0.00762309 0.03423701
v -0.00769278 -0.00762499 0.03423507
v -0.00770491 -0.00762309 0.03432429
v -0.00771479 -0.00762499 0.03432110
v -0.00773781 -0.00762309 0.03440816
v -0.00774722 -0.00762499 0.03440377
v -0.00778078 -0.00762309 0.03448733
v -0.00778958 -0.00762499 0.03448182
v -0.00783317 -0.00762309 0.03456062
v -0.00784123 -0.00762499 0.03455407
v -0.00789419 -0.00762309 0.03462689
v -0.00790138 -0.00762499 0.03461940
v -0.00796290 -0.00762309 0.03468515
v -0.00796911 -0.00762499 0.03467683
v -0.00803826 -0.00762309 0.03473451
v -0.00804340 -0.00762499 0.03472549
v -0.00811912 -0.00762309 0.03477422
v -0.00812312 -0.00762499 0.03476463
v -0.00820426 -0.00762309 0.03480367
v -0.00820705 -0.00762499 0.03479366
v -0.00829238 -0.00762309 0.03482241
v -0.00829391 -0.00762499 0.03481214
v -0.00838213 -0.00762309 0.03483016
v -0.00838238 -0.00762499 0.03481979
v -0.00847215 -0.00762309 0.03482681
v -0.00847113 -0.00762499 0.03481648
v -0.00856108 -0.00762309 0.03481240
v -0.00855879 -0.00762499 0.03480227
v -0.00864756 -0.00762309 0.03478715
v -0.00864404 -0.00762499 0.03477738
v -0.00873027 -0.00762309 0.03475145
v -0.00872557 -0.00762499 0.03474219
v -0.00880795 -0.00762309 0.03470584
v -0.00880215 -0.00762499 0.03469722
v -0.00887943 -0.00762309 0.03465100
v -0.00887261 -0.00762499 0.03464317
v -0.00894362 -0.00762309 0.03458779
v -0.00893589 -0.00762499 0.03458086
v -0.00880343 -0.00759495 0.03473226
v -0.00881891 -0.00759495 0.03472211
v -0.00881787 -0.00760532 0.03472057
v -0.00889231 -0.00759495 0.03466580
v -0.00889109 -0.00760532 0.03466440
v -0.00890612 -0.00759495 0.03465348
v -0.00895822 -0.00759495 0.03460089
v -0.00873914 -0.00759495 0.03476894
v -0.00873830 -0.00760532 0.03476729
v -0.00868872 -0.00759495 0.03479220
v -0.00865358 -0.00760532 0.03480386
v -0.00865420 -0.00759495 0.03480561
v -0.00856500 -0.00760532 0.03482972
v -0.00856541 -0.00759495 0.03483153
v -0.00847391 -0.00760532 0.03484448
v -0.00847409 -0.00759495 0.03484633
v -0.00843717 -0.00759495 0.03484908
v -0.00838169 -0.00760532 0.03484792
v -0.00838165 -0.00759495 0.03484977
v -0.00830783 -0.00759495 0.03484432
v -0.00828976 -0.00760532 0.03483998
v -0.00828949 -0.00759495 0.03484181
v -0.00819950 -0.00760532 0.03482078
v -0.00819901 -0.00759495 0.03482256
v -0.00788189 -0.00760532 0.03463970
v -0.00795116 -0.00759495 0.03470087
v -0.00795227 -0.00760532 0.03469938
v -0.00802855 -0.00759495 0.03475155
v -0.00802946 -0.00760532 0.03474994
v -0.00806115 -0.00759495 0.03476909
v -0.00811229 -0.00760532 0.03479061
v -0.00811158 -0.00759495 0.03479233
v -0.00818123 -0.00759495 0.03481739
v -0.00781939 -0.00760532 0.03457182
v -0.00785454 -0.00759495 0.03461475
v -0.00788060 -0.00759495 0.03464104
v -0.00771242 -0.00759495 0.03439955
v -0.00772002 -0.00759495 0.03441643
v -0.00772170 -0.00760532 0.03441565
v -0.00776415 -0.00759495 0.03449773
v -0.00776572 -0.00760532 0.03449675
v -0.00777416 -0.00759495 0.03451331
v -0.00781795 -0.00759495 0.03457299
v -0.00768624 -0.00759495 0.03433032
v -0.00768800 -0.00760532 0.03432975
v -0.00767116 -0.00759495 0.03427688
v -0.00766514 -0.00760532 0.03424035
v -0.00766331 -0.00759495 0.03424069
v -0.00765345 -0.00760532 0.03414881
v -0.00765160 -0.00759495 0.03414893
v -0.00765312 -0.00760532 0.03405653
v -0.00765127 -0.00759495 0.03405643
v -0.00765433 -0.00759495 0.03401953
v -0.00766415 -0.00760532 0.03396492
v -0.00766233 -0.00759495 0.03396459
v -0.00767927 -0.00759495 0.03389253
v -0.00768638 -0.00760532 0.03387536
v -0.00768461 -0.00759495 0.03387480
v -0.00771946 -0.00760532 0.03378922
v -0.00771777 -0.00759495 0.03378845
v -0.00776132 -0.00759495 0.03370683
v -0.00776290 -0.00760532 0.03370780
v -0.00772567 -0.00759495 0.03377170
v -0.00776880 -0.00761617 0.03371143
v -0.00772577 -0.00761617 0.03379210
v -0.00769299 -0.00761617 0.03387744
v -0.00767097 -0.00761617 0.03396617
v -0.00766004 -0.00761617 0.03405694
v -0.00766037 -0.00761617 0.03414836
v -0.00767195 -0.00761617 0.03423905
v -0.00769460 -0.00761617 0.03432762
v -0.00772799 -0.00761617 0.03441272
v -0.00777160 -0.00761617 0.03449307
v -0.00782477 -0.00761617 0.03456745
v -0.00788669 -0.00761617 0.03463471
v -0.00795642 -0.00761617 0.03469383
v -0.00803290 -0.00761617 0.03474392
v -0.00811496 -0.00761617 0.03478421
v -0.00820136 -0.00761617 0.03481410
v -0.00829078 -0.00761617 0.03483312
v -0.00838186 -0.00761617 0.03484099
v -0.00847322 -0.00761617 0.03483759
v -0.00856347 -0.00761617 0.03482296
v -0.00865123 -0.00761617 0.03479734
v -0.00873516 -0.00761617 0.03476111
v -0.00881400 -0.00761617 0.03471482
v -0.00888654 -0.00761617 0.03465917
v -0.00895168 -0.00761617 0.03459503
v -0.00780626 -0.00645495 0.03364178
v -0.00779913 -0.00645495 0.03365116
v -0.00900087 -0.00645495 0.03454884
v -0.00900784 -0.00645495 0.03453935
v -0.00907433 -0.00645495 0.03442830
v -0.00912073 -0.00645495 0.03430747
v -0.00914567 -0.00645495 0.03418047
v -0.00914840 -0.00645495 0.03405107
v -0.00912885 -0.00645495 0.03392312
v -0.00908758 -0.00645495 0.03380045
v -0.00902584 -0.00645495 0.03368669
v -0.00894546 -0.00645495 0.03358525
v -0.00884884 -0.00645495 0.03349913
v -0.00873885 -0.00645495 0.03343091
v -0.00861877 -0.00645495 0.03338262
v -0.00849217 -0.00645495 0.03335569
v -0.00836283 -0.00645495 0.03335092
v -0.00823459 -0.00645495 0.03336847
v -0.00811129 -0.00645495 0.03340780
v -0.00799657 -0.00645495 0.03346774
v -0.00789388 -0.00645495 0.03354652
v -0.00899374 -0.00645495 0.03455822
v -0.00779216 -0.00645495 0.03366065
v -0.00772567 -0.00645495 0.03377170
v -0.00767927 -0.00645495 0.03389253
v -0.00765433 -0.00645495 0.03401953
v -0.00765160 -0.00645495 0.03414893
v -0.00767116 -0.00645495 0.03427688
v -0.00771242 -0.00645495 0.03439955
v -0.00777416 -0.00645495 0.03451331
v -0.00785454 -0.00645495 0.03461475
v -0.00795116 -0.00645495 0.03470087
v -0.00806115 -0.00645495 0.03476909
v -0.00818123 -0.00645495 0.03481739
v -0.00830783 -0.00645495 0.03484432
v -0.00843717 -0.00645495 0.03484908
v -0.00856541 -0.00645495 0.03483153
v -0.00868872 -0.00645495 0.03479220
v -0.00880343 -0.00645495 0.03473226
v -0.00890612 -0.00645495 0.03465348
v -0.00853916 -0.00762499 0.04209879
v -0.00853916 -0.00642503 0.04209879
v -0.00903712 -0.00642503 0.04207459
v -0.00978873 -0.00762499 0.04197854
v -0.00978873 -0.00642503 0.04197854
v -0.01100411 -0.00642503 0.04166430
v -0.01100411 -0.00762499 0.04166430
v -0.01215537 -0.00642503 0.04116380
v -0.01215537 -0.00762499 0.04116380
v -0.01321415 -0.00642503 0.04048936
v -0.01321415 -0.00762499 0.04048936
v -0.01415440 -0.00642503 0.03965760
v -0.01415440 -0.00762499 0.03965760
v -0.01495295 -0.00642503 0.03868899
v -0.01495295 -0.00762499 0.03868899
v -0.01559015 -0.00642503 0.03760738
v -0.01559015 -0.00762499 0.03760738
v -0.01605030 -0.00642503 0.03643942
v -0.01605030 -0.00762499 0.03643942
v -0.01632208 -0.00642503 0.03521384
v -0.01632208 -0.00762499 0.03521384
v -0.01639879 -0.00642503 0.03396084
v -0.01639879 -0.00762499 0.03396084
v -0.01627854 -0.00642503 0.03271127
v -0.01627854 -0.00762499 0.03271127
v -0.01596430 -0.00642503 0.03149589
v -0.01596430 -0.00762499 0.03149589
v -0.01546380 -0.00642503 0.03034464
v -0.01546380 -0.00762499 0.03034464
v -0.01478936 -0.00642503 0.02928585
v -0.01478936 -0.00762499 0.02928585
v -0.01395760 -0.00642503 0.02834560
v -0.01395760 -0.00762499 0.02834560
v -0.01298899 -0.00642503 0.02754705
v -0.01298899 -0.00762499 0.02754705
v -0.01190738 -0.00642503 0.02690985
v -0.01190738 -0.00762499 0.02690985
v -0.01073941 -0.00642503 0.02644970
v -0.01073941 -0.00762499 0.02644970
v -0.00951384 -0.00642503 0.02617792
v -0.00951384 -0.00762499 0.02617792
v -0.00826084 -0.00642503 0.02610121
v -0.00826084 -0.00762499 0.02610121
v -0.00559983 -0.00642503 0.04159394
v -0.00606059 -0.00762499 0.04175030
v -0.00498662 -0.00642503 0.04133525
v -0.00489262 -0.00762499 0.04129015
v -0.00489262 -0.00642503 0.04129015
v -0.00381101 -0.00762499 0.04065295
v -0.00381101 -0.00642503 0.04065295
v -0.00284240 -0.00762499 0.03985440
v -0.00284240 -0.00642503 0.03985440
v -0.00201064 -0.00762499 0.03891415
v -0.00201064 -0.00642503 0.03891415
v -0.00133620 -0.00762499 0.03785536
v -0.00133620 -0.00642503 0.03785536
v -0.00083570 -0.00762499 0.03670411
v -0.00083570 -0.00642503 0.03670411
v -0.00052146 -0.00762499 0.03548873
v -0.00052146 -0.00642503 0.03548873
v -0.00040121 -0.00762499 0.03423916
v -0.00040121 -0.00642503 0.03423916
v -0.00047792 -0.00762499 0.03298616
v -0.00047792 -0.00642503 0.03298616
v -0.00074970 -0.00762499 0.03176058
v -0.00074970 -0.00642503 0.03176058
v -0.00120985 -0.00762499 0.03059262
v -0.00120985 -0.00642503 0.03059262
v -0.00184705 -0.00762499 0.02951101
v -0.00184705 -0.00642503 0.02951101
v -0.00264560 -0.00762499 0.02854240
v -0.00264560 -0.00642503 0.02854240
v -0.00358585 -0.00762499 0.02771064
v -0.00358585 -0.00642503 0.02771064
v -0.00464463 -0.00762499 0.02703620
v -0.00464463 -0.00642503 0.02703620
v -0.00579589 -0.00762499 0.02653570
v -0.00579589 -0.00642503 0.02653570
v -0.00701127 -0.00762499 0.02622146
v -0.00701127 -0.00642503 0.02622146
v -0.00606059 -0.00642503 0.04175030
v -0.00728616 -0.00642503 0.04202208
v -0.00728616 -0.00762499 0.04202208
v -0.00752315 -0.00762499 0.03589754
v -0.00701060 -0.00762499 0.03553860
v -0.00663405 -0.00762499 0.03503884
v -0.00643036 -0.00762499 0.03444718
v -0.00660246 -0.00762499 0.03322316
v -0.00696140 -0.00762499 0.03271060
v -0.00746116 -0.00762499 0.03233405
v -0.00927685 -0.00762499 0.03230246
v -0.00978940 -0.00762499 0.03266140
v -0.00933884 -0.00762499 0.03586595
v -0.00874718 -0.00762499 0.03606964
v -0.00641948 -0.00762499 0.03382154
v -0.01036964 -0.00762499 0.03375282
v -0.01038052 -0.00762499 0.03437846
v -0.01019754 -0.00762499 0.03497685
v -0.00812154 -0.00762499 0.03608052
v -0.00843479 -0.00762499 0.03609970
v -0.01016595 -0.00762499 0.03316116
v -0.00983860 -0.00762499 0.03548940
v -0.00805282 -0.00762499 0.03213036
v -0.00867846 -0.00762499 0.03211948
v -0.00836521 -0.00762499 0.03210030
v -0.01158921 -0.00642503 0.03635401
v -0.01163195 -0.00642503 0.03654008
v -0.01118451 -0.00642503 0.03655099
v -0.00521079 -0.00642503 0.03184599
v -0.00516805 -0.00642503 0.03165992
v -0.00632897 -0.00642503 0.03174878
v -0.00384867 -0.00642503 0.03234643
v -0.00395351 -0.00642503 0.03246724
v -0.00384228 -0.00642503 0.03346266
v -0.00410919 -0.00642503 0.03257865
v -0.00428834 -0.00642503 0.03264710
v -0.00447738 -0.00642503 0.03266802
v -0.00459443 -0.00642503 0.03265695
v -0.00604621 -0.00642503 0.03377085
v -0.00477601 -0.00642503 0.03260028
v -0.00493859 -0.00642503 0.03249935
v -0.00507003 -0.00642503 0.03236026
v -0.00516178 -0.00642503 0.03219276
v -0.00520497 -0.00642503 0.03203658
v -0.00376062 -0.00642503 0.03217634
v -0.00371789 -0.00642503 0.03199027
v -0.00372370 -0.00642503 0.03179969
v -0.00376689 -0.00642503 0.03164351
v -0.00385864 -0.00642503 0.03147600
v -0.00399008 -0.00642503 0.03133691
v -0.00415266 -0.00642503 0.03123598
v -0.00481948 -0.00642503 0.03125761
v -0.00654993 -0.00642503 0.03016867
v -0.00497517 -0.00642503 0.03136902
v -0.00508001 -0.00642503 0.03148983
v -0.00464034 -0.00642503 0.03118916
v -0.00445129 -0.00642503 0.03116824
v -0.00434601 -0.00642503 0.02986048
v -0.00433424 -0.00642503 0.03117931
v -0.01171999 -0.00642503 0.03671018
v -0.01182483 -0.00642503 0.03683098
v -0.01198052 -0.00642503 0.03694239
v -0.01215966 -0.00642503 0.03701084
v -0.01234871 -0.00642503 0.03703176
v -0.01246576 -0.00642503 0.03702069
v -0.01264734 -0.00642503 0.03696402
v -0.01280992 -0.00642503 0.03686309
v -0.01202399 -0.00642503 0.03559972
v -0.01186141 -0.00642503 0.03570065
v -0.01146727 -0.00642503 0.03452892
v -0.01294136 -0.00642503 0.03672400
v -0.01303311 -0.00642503 0.03655650
v -0.01307630 -0.00642503 0.03640031
v -0.01308211 -0.00642503 0.03620972
v -0.01303938 -0.00642503 0.03602366
v -0.01295133 -0.00642503 0.03585356
v -0.01284649 -0.00642503 0.03573276
v -0.01269081 -0.00642503 0.03562135
v -0.01172997 -0.00642503 0.03583974
v -0.01163822 -0.00642503 0.03600724
v -0.01159503 -0.00642503 0.03616342
v -0.01251166 -0.00642503 0.03555290
v -0.01232262 -0.00642503 0.03553198
v -0.01220557 -0.00642503 0.03554305
v -0.01256906 -0.00642503 0.03246470
v -0.01273164 -0.00642503 0.03236377
v -0.01164172 -0.00642503 0.03221086
v -0.01174656 -0.00642503 0.03233166
v -0.01175003 -0.00642503 0.03250685
v -0.01190224 -0.00642503 0.03244307
v -0.01208139 -0.00642503 0.03251152
v -0.01227043 -0.00642503 0.03253244
v -0.01238748 -0.00642503 0.03252137
v -0.01286308 -0.00642503 0.03222468
v -0.01295483 -0.00642503 0.03205718
v -0.01299802 -0.00642503 0.03190100
v -0.01300384 -0.00642503 0.03171041
v -0.01296110 -0.00642503 0.03152434
v -0.01287306 -0.00642503 0.03135425
v -0.01276822 -0.00642503 0.03123344
v -0.01261253 -0.00642503 0.03112203
v -0.01243339 -0.00642503 0.03105358
v -0.01224434 -0.00642503 0.03103266
v -0.01197099 -0.00642503 0.03092674
v -0.01212729 -0.00642503 0.03104373
v -0.01194571 -0.00642503 0.03110040
v -0.01125751 -0.00642503 0.03082697
v -0.01178313 -0.00642503 0.03120133
v -0.01151675 -0.00642503 0.03166411
v -0.01151094 -0.00642503 0.03185470
v -0.01103655 -0.00642503 0.03240708
v -0.01155367 -0.00642503 0.03204076
v -0.01165169 -0.00642503 0.03134042
v -0.01155994 -0.00642503 0.03150792
v -0.00874718 -0.00642503 0.03606964
v -0.00933884 -0.00642503 0.03586595
v -0.00983042 -0.00642503 0.03636164
v -0.00701060 -0.00642503 0.03553860
v -0.00752315 -0.00642503 0.03589754
v -0.00640406 -0.00642503 0.03588250
v -0.00812154 -0.00642503 0.03608052
v -0.00843479 -0.00642503 0.03609970
v -0.01039594 -0.00642503 0.03231750
v -0.01016595 -0.00642503 0.03316116
v -0.00978940 -0.00642503 0.03266140
v -0.00805282 -0.00642503 0.03213036
v -0.00746116 -0.00642503 0.03233405
v -0.00696958 -0.00642503 0.03183836
v -0.00696140 -0.00642503 0.03271060
v -0.00660246 -0.00642503 0.03322316
v -0.00641948 -0.00642503 0.03382154
v -0.00576345 -0.00642503 0.03579292
v -0.00643036 -0.00642503 0.03444718
v -0.00663405 -0.00642503 0.03503884
v -0.00927685 -0.00642503 0.03230246
v -0.00867846 -0.00642503 0.03211948
v -0.00836521 -0.00642503 0.03210030
v -0.01036964 -0.00642503 0.03375282
v -0.01038052 -0.00642503 0.03437846
v -0.01075379 -0.00642503 0.03442915
v -0.01019754 -0.00642503 0.03497685
v -0.01047103 -0.00642503 0.03645122
v -0.00983860 -0.00642503 0.03548940
v -0.00816660 -0.00642503 0.03791717
v -0.00800402 -0.00642503 0.03801810
v -0.00834818 -0.00642503 0.03786049
v -0.00878995 -0.00642503 0.03928147
v -0.00895253 -0.00642503 0.03918054
v -0.00908397 -0.00642503 0.03904145
v -0.00846523 -0.00642503 0.03784943
v -0.00865428 -0.00642503 0.03787035
v -0.00773764 -0.00642503 0.03848087
v -0.00773183 -0.00642503 0.03867146
v -0.00777456 -0.00642503 0.03885753
v -0.00787258 -0.00642503 0.03815719
v -0.00778083 -0.00642503 0.03832470
v -0.00918199 -0.00642503 0.03834111
v -0.00909395 -0.00642503 0.03817102
v -0.00917572 -0.00642503 0.03887394
v -0.00921891 -0.00642503 0.03871777
v -0.00922472 -0.00642503 0.03852718
v -0.00898911 -0.00642503 0.03805021
v -0.00883342 -0.00642503 0.03793880
v -0.00786261 -0.00642503 0.03902762
v -0.00796745 -0.00642503 0.03914843
v -0.00812313 -0.00642503 0.03925984
v -0.00830228 -0.00642503 0.03932829
v -0.00849132 -0.00642503 0.03934921
v -0.00860837 -0.00642503 0.03933814
v -0.01238175 -0.00642503 0.02798933
v -0.01166828 -0.00642503 0.02788956
v -0.01102766 -0.00642503 0.02779997
v -0.00760130 -0.00642503 0.02732084
v -0.00696069 -0.00642503 0.02723126
v -0.00355952 -0.00642503 0.03548473
v -0.00528325 -0.00642503 0.03653590
v -0.00528906 -0.00642503 0.03634530
v -0.00524633 -0.00642503 0.03615924
v -0.00471862 -0.00642503 0.03568848
v -0.00452957 -0.00642503 0.03566756
v -0.00441252 -0.00642503 0.03567863
v -0.00423094 -0.00642503 0.03573530
v -0.00485429 -0.00642503 0.03709960
v -0.00501687 -0.00642503 0.03699867
v -0.00514831 -0.00642503 0.03685958
v -0.00524006 -0.00642503 0.03669208
v -0.00406836 -0.00642503 0.03583623
v -0.00393692 -0.00642503 0.03597532
v -0.00384517 -0.00642503 0.03614282
v -0.00380198 -0.00642503 0.03629900
v -0.00379616 -0.00642503 0.03648959
v -0.00383890 -0.00642503 0.03667566
v -0.00392694 -0.00642503 0.03684575
v -0.00515828 -0.00642503 0.03598914
v -0.00505344 -0.00642503 0.03586834
v -0.00489776 -0.00642503 0.03575693
v -0.00403178 -0.00642503 0.03696655
v -0.00418747 -0.00642503 0.03707797
v -0.00436661 -0.00642503 0.03714642
v -0.00455566 -0.00642503 0.03716734
v -0.00467271 -0.00642503 0.03715627
v -0.00719054 -0.00642503 0.03025826
v -0.00863340 -0.00642503 0.03028283
v -0.00879598 -0.00642503 0.03018190
v -0.01061690 -0.00642503 0.03073739
v -0.00830868 -0.00642503 0.02885079
v -0.00819163 -0.00642503 0.02886186
v -0.00801005 -0.00642503 0.02891853
v -0.00784747 -0.00642503 0.02901946
v -0.00771603 -0.00642503 0.02915855
v -0.00845182 -0.00642503 0.03033950
v -0.00892742 -0.00642503 0.03004281
v -0.00901917 -0.00642503 0.02987531
v -0.00906236 -0.00642503 0.02971913
v -0.00906817 -0.00642503 0.02952854
v -0.00902544 -0.00642503 0.02934247
v -0.00893739 -0.00642503 0.02917238
v -0.00762428 -0.00642503 0.02932606
v -0.00758109 -0.00642503 0.02948223
v -0.00757527 -0.00642503 0.02967283
v -0.00761801 -0.00642503 0.02985889
v -0.00770605 -0.00642503 0.03002899
v -0.00781089 -0.00642503 0.03014979
v -0.00883255 -0.00642503 0.02905157
v -0.00867687 -0.00642503 0.02894016
v -0.00849773 -0.00642503 0.02887171
v -0.00796658 -0.00642503 0.03026120
v -0.00814572 -0.00642503 0.03032965
v -0.00833477 -0.00642503 0.03035057
v -0.00708472 -0.00702501 0.03359174
v -0.00712701 -0.00695683 0.03360882
v -0.00710603 -0.00694705 0.03360575
v -0.00714438 -0.00697220 0.03361136
v -0.00715670 -0.00699187 0.03361316
v -0.00706030 -0.00694705 0.03359906
v -0.00703932 -0.00695683 0.03359599
v -0.00708316 -0.00694359 0.03360240
v -0.00724933 -0.00679351 0.03390739
v -0.00724562 -0.00679208 0.03393111
v -0.00720789 -0.00676287 0.03392559
v -0.00680846 -0.00685168 0.03378151
v -0.00677918 -0.00690485 0.03377660
v -0.00681634 -0.00691451 0.03371211
v -0.00676777 -0.00693632 0.03377460
v -0.00676108 -0.00696279 0.03377334
v -0.00679541 -0.00698949 0.03370905
v -0.00700315 -0.00702501 0.03359057
v -0.00700335 -0.00701440 0.03359072
v -0.00692448 -0.00700451 0.03361110
v -0.00692406 -0.00702501 0.03361055
v -0.00685353 -0.00699605 0.03365147
v -0.00685283 -0.00702501 0.03365031
v -0.00679432 -0.00702501 0.03370716
v -0.00675492 -0.00702501 0.03377180
v -0.00682534 -0.00682963 0.03378426
v -0.00685750 -0.00684858 0.03371813
v -0.00684774 -0.00680567 0.03378787
v -0.00688784 -0.00677134 0.03379942
v -0.00684245 -0.00679804 0.03381548
v -0.00683335 -0.00679208 0.03387079
v -0.00721386 -0.00677134 0.03384712
v -0.00727843 -0.00682856 0.03385657
v -0.00725829 -0.00680567 0.03385999
v -0.00726333 -0.00681068 0.03386088
v -0.00687108 -0.00676287 0.03387631
v -0.00696585 -0.00673498 0.03381083
v -0.00695166 -0.00672532 0.03388810
v -0.00705085 -0.00672258 0.03382327
v -0.00703948 -0.00671245 0.03390095
v -0.00713585 -0.00673498 0.03383571
v -0.00712730 -0.00672532 0.03391379
v -0.00729964 -0.00685514 0.03386736
v -0.00732427 -0.00690199 0.03386327
v -0.00732565 -0.00690282 0.03387200
v -0.00734758 -0.00698556 0.03386668
v -0.00734484 -0.00696362 0.03387544
v -0.00732831 -0.00698949 0.03378701
v -0.00732989 -0.00702501 0.03378552
v -0.00734987 -0.00702501 0.03386461
v -0.00728912 -0.00699605 0.03371520
v -0.00729012 -0.00702501 0.03371429
v -0.00723271 -0.00700451 0.03365620
v -0.00723327 -0.00702501 0.03365579
v -0.00716321 -0.00702501 0.03361398
v -0.00716297 -0.00701440 0.03361408
v -0.00722060 -0.00696112 0.03365443
v -0.00719679 -0.00692297 0.03365095
v -0.00716325 -0.00689329 0.03364604
v -0.00712274 -0.00687433 0.03364011
v -0.00707859 -0.00686790 0.03363365
v -0.00703444 -0.00687433 0.03362719
v -0.00699393 -0.00689329 0.03362127
v -0.00727200 -0.00693465 0.03371270
v -0.00723836 -0.00688077 0.03370778
v -0.00719096 -0.00683881 0.03370084
v -0.00713371 -0.00681211 0.03369246
v -0.00707132 -0.00680305 0.03368334
v -0.00700893 -0.00681211 0.03367421
v -0.00695168 -0.00683881 0.03366583
v -0.00687064 -0.00693465 0.03365397
v -0.00693659 -0.00696112 0.03361287
v -0.00700962 -0.00699187 0.03359164
v -0.00690428 -0.00688077 0.03365890
v -0.00696039 -0.00692297 0.03361636
v -0.00702195 -0.00697220 0.03359345
v -0.00730737 -0.00691451 0.03378395
v -0.00726622 -0.00684858 0.03377793
v -0.00720823 -0.00679720 0.03376944
v -0.00713819 -0.00676454 0.03375920
v -0.00706186 -0.00675334 0.03374803
v -0.00698553 -0.00676454 0.03373686
v -0.00691549 -0.00679720 0.03372661
v -0.00735103 -0.00702501 0.03387657
v -0.00734359 -0.00686575 0.03373471
v -0.00749724 -0.00690437 0.03347572
v -0.00747344 -0.00685156 0.03345810
v -0.00740917 -0.00686575 0.03358260
v -0.00751179 -0.00696028 0.03348648
v -0.00751743 -0.00702501 0.03349063
v -0.00751737 -0.00701798 0.03349058
v -0.00744931 -0.00702501 0.03360356
v -0.00744052 -0.00694812 0.03359897
v -0.00738639 -0.00702501 0.03374951
v -0.00737701 -0.00694812 0.03374627
v -0.00744171 -0.00680567 0.03343458
v -0.00736584 -0.00680567 0.03355997
v -0.00729739 -0.00680567 0.03371874
v -0.00723194 -0.00704540 0.03365559
v -0.00716253 -0.00703550 0.03361388
v -0.00715629 -0.00705792 0.03361297
v -0.00676777 -0.00711371 0.03377460
v -0.00677853 -0.00714363 0.03377649
v -0.00681747 -0.00713504 0.03371055
v -0.00680753 -0.00719691 0.03378135
v -0.00682534 -0.00722040 0.03378426
v -0.00685848 -0.00720073 0.03371655
v -0.00684774 -0.00724436 0.03378787
v -0.00688852 -0.00727809 0.03379712
v -0.00691626 -0.00725199 0.03372500
v -0.00729718 -0.00719846 0.03386692
v -0.00732632 -0.00714565 0.03387212
v -0.00732404 -0.00714780 0.03386084
v -0.00700384 -0.00703550 0.03359067
v -0.00676075 -0.00708557 0.03377327
v -0.00679661 -0.00706030 0.03370750
v -0.00692538 -0.00704540 0.03361074
v -0.00685470 -0.00705386 0.03365059
v -0.00732760 -0.00706030 0.03378519
v -0.00734731 -0.00706435 0.03386424
v -0.00734414 -0.00708963 0.03387532
v -0.00735095 -0.00703205 0.03387655
v -0.00720789 -0.00728704 0.03392559
v -0.00724559 -0.00725807 0.03393110
v -0.00721386 -0.00727809 0.03384472
v -0.00725169 -0.00725425 0.03389330
v -0.00725340 -0.00725223 0.03388420
v -0.00687108 -0.00728704 0.03387631
v -0.00683769 -0.00725652 0.03384332
v -0.00683341 -0.00725807 0.03387080
v -0.00728825 -0.00705386 0.03371402
v -0.00721990 -0.00708855 0.03365383
v -0.00714404 -0.00707758 0.03361118
v -0.00690522 -0.00716854 0.03365798
v -0.00695239 -0.00721026 0.03366488
v -0.00696110 -0.00712646 0.03361597
v -0.00699446 -0.00715602 0.03362085
v -0.00702233 -0.00707758 0.03359337
v -0.00701007 -0.00705792 0.03359158
v -0.00693743 -0.00708855 0.03361250
v -0.00687173 -0.00711490 0.03365308
v -0.00703960 -0.00709284 0.03359590
v -0.00730674 -0.00713504 0.03378213
v -0.00727121 -0.00711490 0.03371153
v -0.00725829 -0.00724436 0.03385999
v -0.00727831 -0.00722099 0.03385415
v -0.00726573 -0.00720073 0.03377613
v -0.00723773 -0.00716854 0.03370663
v -0.00719622 -0.00712646 0.03365036
v -0.00720795 -0.00725199 0.03376768
v -0.00719056 -0.00721026 0.03369972
v -0.00716287 -0.00715602 0.03364548
v -0.00712677 -0.00709284 0.03360865
v -0.00710591 -0.00710250 0.03360560
v -0.00712257 -0.00717486 0.03363959
v -0.00713357 -0.00723685 0.03369139
v -0.00713816 -0.00728453 0.03375747
v -0.00713602 -0.00731445 0.03383333
v -0.00712730 -0.00732459 0.03391379
v -0.00703948 -0.00733746 0.03390095
v -0.00705119 -0.00732685 0.03382092
v -0.00706210 -0.00729562 0.03374634
v -0.00707147 -0.00724603 0.03368230
v -0.00707866 -0.00718130 0.03363317
v -0.00708318 -0.00710584 0.03360227
v -0.00695166 -0.00732459 0.03388810
v -0.00696637 -0.00731445 0.03380851
v -0.00698605 -0.00728453 0.03373522
v -0.00700938 -0.00723685 0.03367322
v -0.00703475 -0.00717486 0.03362674
v -0.00706045 -0.00710250 0.03359895
v -0.00698279 -0.00724436 0.03339398
v -0.00694605 -0.00724436 0.03347312
v -0.00690729 -0.00719453 0.03345640
v -0.00679260 -0.00702501 0.03362015
v -0.00680532 -0.00711359 0.03362395
v -0.00684238 -0.00719453 0.03363501
v -0.00687846 -0.00724436 0.03366197
v -0.00688283 -0.00724436 0.03364709
v -0.00702915 -0.00724436 0.03330772
v -0.00710743 -0.00724436 0.03318555
v -0.00708943 -0.00722040 0.03317174
v -0.00699260 -0.00719453 0.03328659
v -0.00707584 -0.00719822 0.03316136
v -0.00705217 -0.00714518 0.03314343
v -0.00695912 -0.00711359 0.03326724
v -0.00704289 -0.00711371 0.03313652
v -0.00703738 -0.00708712 0.03313252
v -0.00694762 -0.00702501 0.03326060
v -0.00703203 -0.00702501 0.03312909
v -0.00703710 -0.00696446 0.03313232
v -0.00695912 -0.00693632 0.03326724
v -0.00704289 -0.00693632 0.03313652
v -0.00705165 -0.00690640 0.03314304
v -0.00699260 -0.00685550 0.03328659
v -0.00707509 -0.00685311 0.03316079
v -0.00708943 -0.00682963 0.03317174
v -0.00702915 -0.00680567 0.03330772
v -0.00710743 -0.00680567 0.03318555
v -0.00688283 -0.00680567 0.03364709
v -0.00684238 -0.00685550 0.03363501
v -0.00680532 -0.00693632 0.03362395
v -0.00687178 -0.00711359 0.03344109
v -0.00685958 -0.00702501 0.03343583
v -0.00687178 -0.00693632 0.03344109
v -0.00690729 -0.00685550 0.03345640
v -0.00694605 -0.00680567 0.03347312
v -0.00703937 -0.00695718 0.03420600
v -0.00705664 -0.00697244 0.03420852
v -0.00699425 -0.00702501 0.03421015
v -0.00701852 -0.00694741 0.03420294
v -0.00699579 -0.00694407 0.03419962
v -0.00697306 -0.00694741 0.03419629
v -0.00695220 -0.00695718 0.03419324
v -0.00693493 -0.00697244 0.03419071
v -0.00692268 -0.00699211 0.03418892
v -0.00707513 -0.00701440 0.03421123
v -0.00707630 -0.00702501 0.03421127
v -0.00706890 -0.00699211 0.03421031
v -0.00681324 -0.00684918 0.03402576
v -0.00680088 -0.00682963 0.03395139
v -0.00682338 -0.00680567 0.03395435
v -0.00687102 -0.00679804 0.03403421
v -0.00678299 -0.00685311 0.03394907
v -0.00677223 -0.00691486 0.03401976
v -0.00675381 -0.00690640 0.03394543
v -0.00674297 -0.00693632 0.03394416
v -0.00675137 -0.00698973 0.03401671
v -0.00673586 -0.00696446 0.03394342
v -0.00691531 -0.00702501 0.03418772
v -0.00691644 -0.00701440 0.03418801
v -0.00684493 -0.00702501 0.03414550
v -0.00715359 -0.00700463 0.03419115
v -0.00715582 -0.00702501 0.03419098
v -0.00728236 -0.00698973 0.03409439
v -0.00728586 -0.00702501 0.03409319
v -0.00722732 -0.00702501 0.03415070
v -0.00732389 -0.00698556 0.03402430
v -0.00732741 -0.00702501 0.03402242
v -0.00733091 -0.00702501 0.03401377
v -0.00732463 -0.00696350 0.03401303
v -0.00730063 -0.00690223 0.03402090
v -0.00723960 -0.00679804 0.03397915
v -0.00719044 -0.00677181 0.03400477
v -0.00723738 -0.00680567 0.03400287
v -0.00725489 -0.00682891 0.03401420
v -0.00727689 -0.00685192 0.03400744
v -0.00730637 -0.00690521 0.03401088
v -0.00711260 -0.00673557 0.03399339
v -0.00702778 -0.00672318 0.03398097
v -0.00694295 -0.00673557 0.03396856
v -0.00686511 -0.00677181 0.03395718
v -0.00726150 -0.00691486 0.03409134
v -0.00722049 -0.00684918 0.03408534
v -0.00716271 -0.00679804 0.03407689
v -0.00709292 -0.00676550 0.03406668
v -0.00701686 -0.00675441 0.03405555
v -0.00694081 -0.00676550 0.03404442
v -0.00682955 -0.00679351 0.03389850
v -0.00672985 -0.00702501 0.03394316
v -0.00674836 -0.00702501 0.03401455
v -0.00679072 -0.00699617 0.03408787
v -0.00680775 -0.00693513 0.03409037
v -0.00684124 -0.00688149 0.03409526
v -0.00688841 -0.00683964 0.03410217
v -0.00694540 -0.00681318 0.03411051
v -0.00700750 -0.00680400 0.03411959
v -0.00706959 -0.00681318 0.03412867
v -0.00712658 -0.00683964 0.03413701
v -0.00717375 -0.00688149 0.03414391
v -0.00720724 -0.00693513 0.03414881
v -0.00722427 -0.00699617 0.03415130
v -0.00714154 -0.00696148 0.03418939
v -0.00711787 -0.00692357 0.03418593
v -0.00708451 -0.00689400 0.03418105
v -0.00704422 -0.00687517 0.03417515
v -0.00700031 -0.00686873 0.03416873
v -0.00695640 -0.00687517 0.03416231
v -0.00691610 -0.00689400 0.03415641
v -0.00688274 -0.00692357 0.03415153
v -0.00685907 -0.00696148 0.03414806
v -0.00684702 -0.00700463 0.03414630
v -0.00678798 -0.00702501 0.03408642
v -0.00716895 -0.00695683 0.03351154
v -0.00718272 -0.00697220 0.03352243
v -0.00712750 -0.00702501 0.03349252
v -0.00715231 -0.00694705 0.03349839
v -0.00713419 -0.00694359 0.03348406
v -0.00711606 -0.00694705 0.03346974
v -0.00709942 -0.00695683 0.03345659
v -0.00708565 -0.00697220 0.03344570
v -0.00707588 -0.00699187 0.03343798
v -0.00719746 -0.00701440 0.03353408
v -0.00719756 -0.00702501 0.03353432
v -0.00719249 -0.00699187 0.03353015
v -0.00706342 -0.00684858 0.03324053
v -0.00710940 -0.00679720 0.03327687
v -0.00703079 -0.00691451 0.03321473
v -0.00701419 -0.00698949 0.03320161
v -0.00707065 -0.00702501 0.03343401
v -0.00707091 -0.00701440 0.03343405
v -0.00703088 -0.00702501 0.03336278
v -0.00727596 -0.00700451 0.03355587
v -0.00727605 -0.00702501 0.03355657
v -0.00743671 -0.00698949 0.03353558
v -0.00743671 -0.00702501 0.03353776
v -0.00735762 -0.00702501 0.03355774
v -0.00750787 -0.00698556 0.03349491
v -0.00750794 -0.00702501 0.03349799
v -0.00748939 -0.00690199 0.03348030
v -0.00748473 -0.00679208 0.03337654
v -0.00745549 -0.00679804 0.03341513
v -0.00740185 -0.00677134 0.03341110
v -0.00745305 -0.00682856 0.03345157
v -0.00745481 -0.00676287 0.03335290
v -0.00734000 -0.00673498 0.03336222
v -0.00739092 -0.00672532 0.03330239
v -0.00727260 -0.00672258 0.03330895
v -0.00732129 -0.00671245 0.03324736
v -0.00720521 -0.00673498 0.03325567
v -0.00725166 -0.00672532 0.03319232
v -0.00714336 -0.00677134 0.03320679
v -0.00718776 -0.00676287 0.03314181
v -0.00742011 -0.00691451 0.03352246
v -0.00738748 -0.00684858 0.03349667
v -0.00734151 -0.00679720 0.03346033
v -0.00728597 -0.00676454 0.03341644
v -0.00722545 -0.00675334 0.03336860
v -0.00716493 -0.00676454 0.03332076
v -0.00714070 -0.00679351 0.03314028
v -0.00715784 -0.00679208 0.03311817
v -0.00701208 -0.00702501 0.03320212
v -0.00701223 -0.00699605 0.03328340
v -0.00702580 -0.00693465 0.03329413
v -0.00705247 -0.00688077 0.03331521
v -0.00709005 -0.00683881 0.03334491
v -0.00713544 -0.00681211 0.03338079
v -0.00718491 -0.00680305 0.03341989
v -0.00723438 -0.00681211 0.03345899
v -0.00727977 -0.00683881 0.03349487
v -0.00731735 -0.00688077 0.03352458
v -0.00734402 -0.00693465 0.03354566
v -0.00735759 -0.00699605 0.03355638
v -0.00726636 -0.00696112 0.03354828
v -0.00724749 -0.00692297 0.03353336
v -0.00722090 -0.00689329 0.03351235
v -0.00718878 -0.00687433 0.03348695
v -0.00715377 -0.00686790 0.03345929
v -0.00711877 -0.00687433 0.03343162
v -0.00708664 -0.00689329 0.03340623
v -0.00706005 -0.00692297 0.03338521
v -0.00704118 -0.00696112 0.03337029
v -0.00703158 -0.00700451 0.03336270
v -0.00701091 -0.00702501 0.03328369
v -0.00744582 -0.00723935 0.03343762
v -0.00747545 -0.00719489 0.03345959
v -0.00742011 -0.00718416 0.03356216
v -0.00749668 -0.00714720 0.03347531
v -0.00751237 -0.00708641 0.03348690
v -0.00745111 -0.00710190 0.03357918
v -0.00736255 -0.00710190 0.03379122
v -0.00740051 -0.00710190 0.03368449
v -0.00744171 -0.00724436 0.03343458
v -0.00737726 -0.00724436 0.03353865
v -0.00732272 -0.00724436 0.03365215
v -0.00736785 -0.00718416 0.03367091
v -0.00728181 -0.00724436 0.03376719
v -0.00732866 -0.00718416 0.03378114
v -0.00687846 -0.00762499 0.03366197
v -0.00715784 -0.00725795 0.03311817
v -0.00715784 -0.00762499 0.03311817
v -0.00712388 -0.00725199 0.03316275
v -0.00713388 -0.00762499 0.03314928
v -0.00698279 -0.00762499 0.03339398
v -0.00682623 -0.00725199 0.03392652
v -0.00682433 -0.00762499 0.03394441
v -0.00682218 -0.00724436 0.03423198
v -0.00681667 -0.00724436 0.03409928
v -0.00682218 -0.00762499 0.03423198
v -0.00682338 -0.00724436 0.03395435
v -0.00682433 -0.00724746 0.03394450
v -0.00696178 -0.00724436 0.03476217
v -0.00695034 -0.00725199 0.03473665
v -0.00697238 -0.00762499 0.03478472
v -0.00692869 -0.00725807 0.03468480
v -0.00687208 -0.00762499 0.03451520
v -0.00691866 -0.00725652 0.03465886
v -0.00689964 -0.00724436 0.03460582
v -0.00753503 -0.00762499 0.03542619
v -0.00753503 -0.00724436 0.03542619
v -0.00748555 -0.00724436 0.03539257
v -0.00746288 -0.00725199 0.03537619
v -0.00741821 -0.00725807 0.03534210
v -0.00730942 -0.00762499 0.03524786
v -0.00739655 -0.00725652 0.03532466
v -0.00834888 -0.00724436 0.03568251
v -0.00825435 -0.00724436 0.03567662
v -0.00834888 -0.00762499 0.03568251
v -0.00822653 -0.00725199 0.03567377
v -0.00806348 -0.00762499 0.03564716
v -0.00817080 -0.00725807 0.03566659
v -0.00814332 -0.00725652 0.03566231
v -0.00808787 -0.00724436 0.03565226
v -0.00876635 -0.00724436 0.03564037
v -0.00863597 -0.00762499 0.03566565
v -0.00890582 -0.00724436 0.03560036
v -0.00891527 -0.00762499 0.03559714
v -0.00891509 -0.00724734 0.03559720
v -0.00895886 -0.00725652 0.03558134
v -0.00906217 -0.00724436 0.03553822
v -0.00903665 -0.00725199 0.03554966
v -0.00917758 -0.00762499 0.03547924
v -0.00898480 -0.00725807 0.03557131
v -0.00961742 -0.00762499 0.03511234
v -0.00964216 -0.00762499 0.03508183
v -0.00964216 -0.00725795 0.03508183
v -0.00687208 -0.00724436 0.03451520
v -0.00685963 -0.00724436 0.03446635
v -0.00682740 -0.00724436 0.03428408
v -0.00735356 -0.00724436 0.03528824
v -0.00730942 -0.00724436 0.03524786
v -0.00711978 -0.00762499 0.03503166
v -0.00711978 -0.00724436 0.03503166
v -0.00697238 -0.00724436 0.03478472
v -0.00760771 -0.00724436 0.03547085
v -0.00778918 -0.00762499 0.03556077
v -0.00777312 -0.00724436 0.03555395
v -0.00806348 -0.00724436 0.03564716
v -0.00794709 -0.00724436 0.03561717
v -0.00778918 -0.00724436 0.03556077
v -0.00863597 -0.00724436 0.03566565
v -0.00858408 -0.00724436 0.03567260
v -0.00839929 -0.00724436 0.03568333
v -0.00962460 -0.00725652 0.03510362
v -0.00958824 -0.00724436 0.03514644
v -0.00941423 -0.00762499 0.03531585
v -0.00941423 -0.00724436 0.03531585
v -0.00917758 -0.00724436 0.03547924
v -0.00886616 -0.00762499 0.03516949
v -0.00887413 -0.00725247 0.03516598
v -0.00889719 -0.00724436 0.03515542
v -0.00908453 -0.00762499 0.03504473
v -0.00880874 -0.00725676 0.03519272
v -0.00876300 -0.00724436 0.03520876
v -0.00862613 -0.00762499 0.03524454
v -0.00883093 -0.00725807 0.03518420
v -0.00886626 -0.00725437 0.03516944
v -0.00815999 -0.00724436 0.03524171
v -0.00820761 -0.00725676 0.03525069
v -0.00812619 -0.00762499 0.03523408
v -0.00823110 -0.00725807 0.03525441
v -0.00837559 -0.00762499 0.03526641
v -0.00827762 -0.00725247 0.03526023
v -0.00830287 -0.00724436 0.03526262
v -0.00788950 -0.00762499 0.03514905
v -0.00767654 -0.00762499 0.03501527
v -0.00767653 -0.00725807 0.03501530
v -0.00771390 -0.00725247 0.03504360
v -0.00773458 -0.00724436 0.03505829
v -0.00779894 -0.00724436 0.03509992
v -0.00735981 -0.00762499 0.03462832
v -0.00727076 -0.00762499 0.03439312
v -0.00730728 -0.00725676 0.03450873
v -0.00731580 -0.00725807 0.03453093
v -0.00733402 -0.00725247 0.03457413
v -0.00734458 -0.00724436 0.03459719
v -0.00725177 -0.00762499 0.03389343
v -0.00723417 -0.00762499 0.03414430
v -0.00723977 -0.00725247 0.03397762
v -0.00723738 -0.00724436 0.03400287
v -0.00732272 -0.00762499 0.03365215
v -0.00744372 -0.00762499 0.03343168
v -0.00748473 -0.00762499 0.03337654
v -0.00748473 -0.00725795 0.03337654
v -0.00745535 -0.00725187 0.03341534
v -0.00908453 -0.00724436 0.03504473
v -0.00926874 -0.00724436 0.03487871
v -0.00927109 -0.00762499 0.03487608
v -0.00929999 -0.00725640 0.03484238
v -0.00931527 -0.00762499 0.03482345
v -0.00931527 -0.00725795 0.03482345
v -0.00837559 -0.00724436 0.03526641
v -0.00850145 -0.00724436 0.03526225
v -0.00862613 -0.00724436 0.03524454
v -0.00788950 -0.00724436 0.03514905
v -0.00800555 -0.00724436 0.03519796
v -0.00812619 -0.00724436 0.03523408
v -0.00735981 -0.00724436 0.03462832
v -0.00749720 -0.00724436 0.03483896
v -0.00749720 -0.00762499 0.03483896
v -0.00762129 -0.00724436 0.03496874
v -0.00765804 -0.00725676 0.03500034
v -0.00723417 -0.00724436 0.03414430
v -0.00727076 -0.00724436 0.03439312
v -0.00729124 -0.00724436 0.03446300
v -0.00692227 -0.00705803 0.03418873
v -0.00691600 -0.00703562 0.03418782
v -0.00695196 -0.00709320 0.03419308
v -0.00693459 -0.00707782 0.03419054
v -0.00697294 -0.00710298 0.03419615
v -0.00699580 -0.00710631 0.03419949
v -0.00701867 -0.00710298 0.03420284
v -0.00703965 -0.00709320 0.03420591
v -0.00705702 -0.00707782 0.03420845
v -0.00706934 -0.00705803 0.03421025
v -0.00707561 -0.00703562 0.03421117
v -0.00686511 -0.00727869 0.03395478
v -0.00732485 -0.00706447 0.03402204
v -0.00684626 -0.00704552 0.03414569
v -0.00678985 -0.00705398 0.03408669
v -0.00673619 -0.00708712 0.03394345
v -0.00675066 -0.00706042 0.03401488
v -0.00674297 -0.00711371 0.03394416
v -0.00677160 -0.00713552 0.03401794
v -0.00675447 -0.00714518 0.03394550
v -0.00678393 -0.00719822 0.03394920
v -0.00681275 -0.00720144 0.03402397
v -0.00680088 -0.00722040 0.03395139
v -0.00687074 -0.00725282 0.03403245
v -0.00694312 -0.00731505 0.03396619
v -0.00702812 -0.00732745 0.03397863
v -0.00711312 -0.00731505 0.03399106
v -0.00719112 -0.00727869 0.03400248
v -0.00732479 -0.00708569 0.03401305
v -0.00730670 -0.00714398 0.03401092
v -0.00730154 -0.00714804 0.03401863
v -0.00727736 -0.00719739 0.03400749
v -0.00725570 -0.00722147 0.03401192
v -0.00694078 -0.00728537 0.03404270
v -0.00701711 -0.00729657 0.03405387
v -0.00709344 -0.00728537 0.03406503
v -0.00716348 -0.00725282 0.03407528
v -0.00722147 -0.00720144 0.03408377
v -0.00726262 -0.00713552 0.03408979
v -0.00728356 -0.00706042 0.03409285
v -0.00680697 -0.00711526 0.03408920
v -0.00684061 -0.00716914 0.03409412
v -0.00688800 -0.00721122 0.03410105
v -0.00694526 -0.00723792 0.03410943
v -0.00700765 -0.00724698 0.03411856
v -0.00707004 -0.00723792 0.03412769
v -0.00712729 -0.00721122 0.03413606
v -0.00717469 -0.00716914 0.03414300
v -0.00720833 -0.00711526 0.03414792
v -0.00722544 -0.00705398 0.03415042
v -0.00685837 -0.00708891 0.03414746
v -0.00688218 -0.00712706 0.03415095
v -0.00691572 -0.00715674 0.03415585
v -0.00695623 -0.00717558 0.03416178
v -0.00700038 -0.00718213 0.03416824
v -0.00704453 -0.00717558 0.03417470
v -0.00708504 -0.00715674 0.03418063
v -0.00711858 -0.00712706 0.03418554
v -0.00714238 -0.00708891 0.03418902
v -0.00715449 -0.00704552 0.03419079
v -0.00707614 -0.00705792 0.03343835
v -0.00707120 -0.00703550 0.03343444
v -0.00709955 -0.00709284 0.03345685
v -0.00708586 -0.00707758 0.03344603
v -0.00711608 -0.00710250 0.03346992
v -0.00713411 -0.00710584 0.03348416
v -0.00715213 -0.00710250 0.03349841
v -0.00716867 -0.00709284 0.03351148
v -0.00718236 -0.00707758 0.03352230
v -0.00719207 -0.00705792 0.03352998
v -0.00719702 -0.00703550 0.03353389
v -0.00714216 -0.00727809 0.03320887
v -0.00750591 -0.00706435 0.03349639
v -0.00703193 -0.00704540 0.03336361
v -0.00701239 -0.00705386 0.03328486
v -0.00701389 -0.00706030 0.03320355
v -0.00703043 -0.00713504 0.03321663
v -0.00706295 -0.00720073 0.03324233
v -0.00745120 -0.00722099 0.03345314
v -0.00740011 -0.00727809 0.03341275
v -0.00748747 -0.00714780 0.03348181
v -0.00718776 -0.00728704 0.03314181
v -0.00720387 -0.00731445 0.03325765
v -0.00725166 -0.00732459 0.03319232
v -0.00727113 -0.00732685 0.03331081
v -0.00732129 -0.00733746 0.03324736
v -0.00733839 -0.00731445 0.03336397
v -0.00739092 -0.00732459 0.03330239
v -0.00745481 -0.00728704 0.03335290
v -0.00710876 -0.00725199 0.03327854
v -0.00716409 -0.00728453 0.03332227
v -0.00722439 -0.00729562 0.03336994
v -0.00728470 -0.00728453 0.03341760
v -0.00734003 -0.00725199 0.03346134
v -0.00738584 -0.00720073 0.03349755
v -0.00741836 -0.00713504 0.03352325
v -0.00743490 -0.00706030 0.03353632
v -0.00702589 -0.00711490 0.03329553
v -0.00705244 -0.00716854 0.03331652
v -0.00708984 -0.00721026 0.03334608
v -0.00713503 -0.00723685 0.03338179
v -0.00718426 -0.00724603 0.03342071
v -0.00723350 -0.00723685 0.03345963
v -0.00727868 -0.00721026 0.03349534
v -0.00731608 -0.00716854 0.03352491
v -0.00734263 -0.00711490 0.03354589
v -0.00735613 -0.00705386 0.03355657
v -0.00704148 -0.00708855 0.03337116
v -0.00706025 -0.00712646 0.03338600
v -0.00708670 -0.00715602 0.03340690
v -0.00711865 -0.00717486 0.03343216
v -0.00715347 -0.00718130 0.03345967
v -0.00718828 -0.00717486 0.03348719
v -0.00722023 -0.00715602 0.03351244
v -0.00724668 -0.00712646 0.03353335
v -0.00726545 -0.00708855 0.03354819
v -0.00727500 -0.00704540 0.03355573
v -0.00678547 -0.00719453 0.03428898
v -0.00676802 -0.00702501 0.03448814
v -0.00678094 -0.00711359 0.03448507
v -0.00681700 -0.00708557 0.03463667
v -0.00681856 -0.00719453 0.03447612
v -0.00683401 -0.00714363 0.03463057
v -0.00682375 -0.00711371 0.03463430
v -0.00687843 -0.00722040 0.03461389
v -0.00686156 -0.00719691 0.03462028
v -0.00677445 -0.00719453 0.03409927
v -0.00673578 -0.00711359 0.03409925
v -0.00672250 -0.00702501 0.03409924
v -0.00673578 -0.00693632 0.03409925
v -0.00677445 -0.00685550 0.03409927
v -0.00681667 -0.00680567 0.03409928
v -0.00689964 -0.00680567 0.03460582
v -0.00685963 -0.00680567 0.03446635
v -0.00687843 -0.00682963 0.03461389
v -0.00681856 -0.00685550 0.03447612
v -0.00678094 -0.00693632 0.03448507
v -0.00683463 -0.00690485 0.03463034
v -0.00686244 -0.00685168 0.03461995
v -0.00681122 -0.00702501 0.03463831
v -0.00681732 -0.00696279 0.03463656
v -0.00682375 -0.00693632 0.03463430
v -0.00674706 -0.00711359 0.03429348
v -0.00673388 -0.00702501 0.03429502
v -0.00674706 -0.00693632 0.03429348
v -0.00678547 -0.00685550 0.03428898
v -0.00682740 -0.00680567 0.03428408
v -0.00721176 -0.00680567 0.03305356
v -0.00719417 -0.00682963 0.03303923
v -0.00725673 -0.00684918 0.03299716
v -0.00751507 -0.00702501 0.03300219
v -0.00744556 -0.00701440 0.03296082
v -0.00744501 -0.00702501 0.03296039
v -0.00745050 -0.00699211 0.03296473
v -0.00736757 -0.00700463 0.03293898
v -0.00736653 -0.00702501 0.03293815
v -0.00718093 -0.00685168 0.03302841
v -0.00715803 -0.00690485 0.03300952
v -0.00722422 -0.00691486 0.03297146
v -0.00714399 -0.00696279 0.03299764
v -0.00724247 -0.00677181 0.03308196
v -0.00750042 -0.00677181 0.03328585
v -0.00753126 -0.00680567 0.03332129
v -0.00749980 -0.00679351 0.03335785
v -0.00758469 -0.00690604 0.03336616
v -0.00756206 -0.00685264 0.03334719
v -0.00755151 -0.00682891 0.03332623
v -0.00760825 -0.00702501 0.03337108
v -0.00760338 -0.00702501 0.03338181
v -0.00759866 -0.00696422 0.03337786
v -0.00757192 -0.00702501 0.03306070
v -0.00757138 -0.00701440 0.03306028
v -0.00761169 -0.00702501 0.03313193
v -0.00761064 -0.00700463 0.03313110
v -0.00763167 -0.00702501 0.03321103
v -0.00763018 -0.00699617 0.03320985
v -0.00763049 -0.00702501 0.03329260
v -0.00762868 -0.00698973 0.03329116
v -0.00760622 -0.00698556 0.03336948
v -0.00728496 -0.00702501 0.03293698
v -0.00728644 -0.00699617 0.03293815
v -0.00737712 -0.00696148 0.03294653
v -0.00746022 -0.00697244 0.03297241
v -0.00720586 -0.00702501 0.03295695
v -0.00720768 -0.00698973 0.03295839
v -0.00729994 -0.00693513 0.03294882
v -0.00739590 -0.00692357 0.03296136
v -0.00747391 -0.00695718 0.03298323
v -0.00732649 -0.00688149 0.03296981
v -0.00719338 -0.00679804 0.03307483
v -0.00730254 -0.00679804 0.03303337
v -0.00736389 -0.00683964 0.03299937
v -0.00742234 -0.00689400 0.03298227
v -0.00757962 -0.00684918 0.03325239
v -0.00753381 -0.00679804 0.03321618
v -0.00759013 -0.00688149 0.03317820
v -0.00755273 -0.00683964 0.03314863
v -0.00758232 -0.00692357 0.03310871
v -0.00755587 -0.00689400 0.03308781
v -0.00755672 -0.00697244 0.03304869
v -0.00756643 -0.00699211 0.03305637
v -0.00760109 -0.00696148 0.03312355
v -0.00761668 -0.00693513 0.03319918
v -0.00761214 -0.00691486 0.03327809
v -0.00758778 -0.00690223 0.03335490
v -0.00754302 -0.00695718 0.03303786
v -0.00730418 -0.00673557 0.03313074
v -0.00735788 -0.00676550 0.03307711
v -0.00740908 -0.00681318 0.03303508
v -0.00745429 -0.00687517 0.03300752
v -0.00749044 -0.00694741 0.03299630
v -0.00750847 -0.00694407 0.03301055
v -0.00748911 -0.00686873 0.03303504
v -0.00745831 -0.00680400 0.03307400
v -0.00741818 -0.00675441 0.03312477
v -0.00737144 -0.00672318 0.03318390
v -0.00743870 -0.00673557 0.03323707
v -0.00747848 -0.00676550 0.03317244
v -0.00750755 -0.00681318 0.03311292
v -0.00752392 -0.00687517 0.03306256
v -0.00752649 -0.00694741 0.03302479
v -0.00713942 -0.00702501 0.03299323
v -0.00990036 -0.00724436 0.03359418
v -0.00992792 -0.00724436 0.03368480
v -0.00992792 -0.00762499 0.03368480
v -0.00718258 -0.00762499 0.03308767
v -0.00967612 -0.00725199 0.03503725
v -0.00966612 -0.00762499 0.03505072
v -0.00969257 -0.00724436 0.03501445
v -0.00981721 -0.00762499 0.03480603
v -0.00977085 -0.00724436 0.03489228
v -0.00981721 -0.00724436 0.03480603
v -0.00997567 -0.00724746 0.03425550
v -0.00997377 -0.00725199 0.03427348
v -0.00997567 -0.00762499 0.03425559
v -0.00996659 -0.00725807 0.03432921
v -0.00992153 -0.00762499 0.03453803
v -0.00996231 -0.00725652 0.03435668
v -0.00995226 -0.00724436 0.03441213
v -0.00997662 -0.00724436 0.03424565
v -0.00997782 -0.00762499 0.03396802
v -0.00998333 -0.00724436 0.03410072
v -0.00983822 -0.00724436 0.03343783
v -0.00984966 -0.00725199 0.03346335
v -0.00982762 -0.00762499 0.03341528
v -0.00987131 -0.00725807 0.03351520
v -0.00988134 -0.00725652 0.03354114
v -0.00926497 -0.00762499 0.03277381
v -0.00926497 -0.00724436 0.03277381
v -0.00931445 -0.00724436 0.03280743
v -0.00933712 -0.00725199 0.03282381
v -0.00938179 -0.00725807 0.03285789
v -0.00949058 -0.00762499 0.03295214
v -0.00940345 -0.00725652 0.03287534
v -0.00854565 -0.00724436 0.03252338
v -0.00857348 -0.00725199 0.03252623
v -0.00845112 -0.00762499 0.03251749
v -0.00873652 -0.00762499 0.03255284
v -0.00862920 -0.00725807 0.03253341
v -0.00865668 -0.00725652 0.03253769
v -0.00871213 -0.00724436 0.03254774
v -0.00784114 -0.00725652 0.03261866
v -0.00788491 -0.00724734 0.03260280
v -0.00788472 -0.00762499 0.03260286
v -0.00789418 -0.00724436 0.03259964
v -0.00816403 -0.00762499 0.03253435
v -0.00803365 -0.00724436 0.03255963
v -0.00816403 -0.00724436 0.03253435
v -0.00773783 -0.00724436 0.03266178
v -0.00776335 -0.00725199 0.03265034
v -0.00762242 -0.00762499 0.03272076
v -0.00781520 -0.00725807 0.03262869
v -0.00992153 -0.00724436 0.03453803
v -0.00991717 -0.00724436 0.03455291
v -0.00985395 -0.00724436 0.03472688
v -0.00994037 -0.00724436 0.03373365
v -0.00997260 -0.00724436 0.03391592
v -0.00997782 -0.00724436 0.03396802
v -0.00944644 -0.00724436 0.03291177
v -0.00949058 -0.00724436 0.03295214
v -0.00968022 -0.00762499 0.03316834
v -0.00968022 -0.00724436 0.03316834
v -0.00982762 -0.00724436 0.03341528
v -0.00901082 -0.00762499 0.03263923
v -0.00902688 -0.00724436 0.03264605
v -0.00919229 -0.00724436 0.03272915
v -0.00873652 -0.00724436 0.03255284
v -0.00885291 -0.00724436 0.03258283
v -0.00901082 -0.00724436 0.03263923
v -0.00821592 -0.00724436 0.03252740
v -0.00840071 -0.00724436 0.03251667
v -0.00845112 -0.00724436 0.03251749
v -0.00717540 -0.00725652 0.03309638
v -0.00721176 -0.00724436 0.03305356
v -0.00738577 -0.00762499 0.03288415
v -0.00738577 -0.00724436 0.03288415
v -0.00762242 -0.00724436 0.03272076
v -0.00737464 -0.00762499 0.03575866
v -0.00719080 -0.00762499 0.03562981
v -0.00702298 -0.00762499 0.03548069
v -0.00757208 -0.00762499 0.03586552
v -0.00778049 -0.00762499 0.03594897
v -0.00687341 -0.00762499 0.03531327
v -0.00674408 -0.00762499 0.03512977
v -0.00663669 -0.00762499 0.03493262
v -0.01034110 -0.00762499 0.03391391
v -0.00655268 -0.00762499 0.03472443
v -0.00649315 -0.00762499 0.03450796
v -0.00888746 -0.00762499 0.03598809
v -0.00910124 -0.00762499 0.03591955
v -0.00799711 -0.00762499 0.03600793
v -0.00821907 -0.00762499 0.03604159
v -0.00844343 -0.00762499 0.03604952
v -0.00866722 -0.00762499 0.03603160
v -0.01005592 -0.00762499 0.03307023
v -0.00992659 -0.00762499 0.03288673
v -0.01034962 -0.00762499 0.03413824
v -0.01033231 -0.00762499 0.03436207
v -0.01028938 -0.00762499 0.03458243
v -0.01022141 -0.00762499 0.03479639
v -0.01012930 -0.00762499 0.03500113
v -0.00645890 -0.00762499 0.03428609
v -0.00645038 -0.00762499 0.03406176
v -0.00646769 -0.00762499 0.03383793
v -0.00651062 -0.00762499 0.03361757
v -0.00657859 -0.00762499 0.03340361
v -0.00667070 -0.00762499 0.03319887
v -0.01030685 -0.00762499 0.03369204
v -0.01024732 -0.00762499 0.03347557
v -0.01016331 -0.00762499 0.03326738
v -0.00687019 -0.00762499 0.03289080
v -0.00696286 -0.00762499 0.03278200
v -0.00730179 -0.00762499 0.03248865
v -0.00712387 -0.00762499 0.03262556
v -0.00858093 -0.00762499 0.03215841
v -0.00835657 -0.00762499 0.03215048
v -0.00977702 -0.00762499 0.03271931
v -0.00960920 -0.00762499 0.03257019
v -0.00942536 -0.00762499 0.03244134
v -0.00992981 -0.00762499 0.03530920
v -0.00983714 -0.00762499 0.03541800
v -0.00813278 -0.00762499 0.03216840
v -0.00791254 -0.00762499 0.03221191
v -0.00769876 -0.00762499 0.03228045
v -0.00749427 -0.00762499 0.03237311
v -0.00922792 -0.00762499 0.03233448
v -0.00901951 -0.00762499 0.03225103
v -0.00880289 -0.00762499 0.03219207
v -0.00930573 -0.00762499 0.03582689
v -0.00949821 -0.00762499 0.03571135
v -0.00967613 -0.00762499 0.03557444
v -0.00678574 -0.00762499 0.03300608
v -0.01001426 -0.00762499 0.03519392
v -0.00928493 -0.00702501 0.03519781
v -0.00932609 -0.00709284 0.03521677
v -0.00930956 -0.00710250 0.03520370
v -0.00933978 -0.00707758 0.03522759
v -0.00961224 -0.00728704 0.03505819
v -0.00922862 -0.00703550 0.03513973
v -0.00922779 -0.00702501 0.03513890
v -0.00935544 -0.00702501 0.03523980
v -0.00935444 -0.00703550 0.03523918
v -0.00943445 -0.00702501 0.03526199
v -0.00943243 -0.00704540 0.03526102
v -0.00951651 -0.00702501 0.03526285
v -0.00951356 -0.00705386 0.03526185
v -0.00959596 -0.00702501 0.03524232
v -0.00959232 -0.00706030 0.03524161
v -0.00966058 -0.00702501 0.03520677
v -0.00965627 -0.00708557 0.03520258
v -0.00923357 -0.00705792 0.03514363
v -0.00918936 -0.00704540 0.03506890
v -0.00918795 -0.00702501 0.03506716
v -0.00929958 -0.00727809 0.03491415
v -0.00924849 -0.00722099 0.03487376
v -0.00923830 -0.00719811 0.03485312
v -0.00921222 -0.00714780 0.03484510
v -0.00921556 -0.00714470 0.03483405
v -0.00920147 -0.00708653 0.03482225
v -0.00934519 -0.00728704 0.03484710
v -0.00961980 -0.00719691 0.03517219
v -0.00960583 -0.00722040 0.03516077
v -0.00954327 -0.00720073 0.03520283
v -0.00949746 -0.00725199 0.03516662
v -0.00916816 -0.00702501 0.03498751
v -0.00916982 -0.00705386 0.03499015
v -0.00919891 -0.00708855 0.03507645
v -0.00924328 -0.00707758 0.03515131
v -0.00927608 -0.00717486 0.03513744
v -0.00929153 -0.00710584 0.03518945
v -0.00931089 -0.00718130 0.03516496
v -0.00934571 -0.00717486 0.03519248
v -0.00937766 -0.00715602 0.03521773
v -0.00940411 -0.00712646 0.03523864
v -0.00916980 -0.00702501 0.03490546
v -0.00917132 -0.00706030 0.03490884
v -0.00918332 -0.00711490 0.03500082
v -0.00921768 -0.00712646 0.03509128
v -0.00925698 -0.00709284 0.03516214
v -0.00924727 -0.00721026 0.03505137
v -0.00929245 -0.00723685 0.03508708
v -0.00934169 -0.00724603 0.03512600
v -0.00939093 -0.00723685 0.03516492
v -0.00943611 -0.00721026 0.03520063
v -0.00947351 -0.00716854 0.03523019
v -0.00919273 -0.00702501 0.03482666
v -0.00919378 -0.00706435 0.03483052
v -0.00918786 -0.00713504 0.03492191
v -0.00920987 -0.00716854 0.03502180
v -0.00924413 -0.00715602 0.03511219
v -0.00927351 -0.00710250 0.03517521
v -0.00922038 -0.00720073 0.03494761
v -0.00926619 -0.00725199 0.03498382
v -0.00932152 -0.00728453 0.03502756
v -0.00938182 -0.00729562 0.03507522
v -0.00944212 -0.00728453 0.03512289
v -0.00964248 -0.00714363 0.03519090
v -0.00957578 -0.00713504 0.03522854
v -0.00950006 -0.00711490 0.03525118
v -0.00942288 -0.00708855 0.03525348
v -0.00934950 -0.00705792 0.03523527
v -0.00955753 -0.00727809 0.03511804
v -0.00949582 -0.00731445 0.03506926
v -0.00942856 -0.00732685 0.03501610
v -0.00936130 -0.00731445 0.03496293
v -0.00954834 -0.00732459 0.03500768
v -0.00947871 -0.00733746 0.03495264
v -0.00940908 -0.00732459 0.03489761
v -0.00919662 -0.00702501 0.03481819
v -0.00921111 -0.00707782 0.03532381
v -0.00921571 -0.00705803 0.03533539
v -0.00919827 -0.00702501 0.03526234
v -0.00920463 -0.00709320 0.03530750
v -0.00919679 -0.00710298 0.03528779
v -0.00918826 -0.00710631 0.03526632
v -0.00917973 -0.00710298 0.03524485
v -0.00917189 -0.00709320 0.03522515
v -0.00916541 -0.00707782 0.03520884
v -0.00916081 -0.00705803 0.03519726
v -0.00921805 -0.00703562 0.03534128
v -0.00921831 -0.00702501 0.03534193
v -0.00915821 -0.00702501 0.03519072
v -0.00915847 -0.00703562 0.03519137
v -0.00910088 -0.00702501 0.03513200
v -0.00919355 -0.00705398 0.03550108
v -0.00919425 -0.00702501 0.03550285
v -0.00921694 -0.00702501 0.03542398
v -0.00915095 -0.00706042 0.03557093
v -0.00915181 -0.00702501 0.03557309
v -0.00909925 -0.00702501 0.03562482
v -0.00909633 -0.00708712 0.03561917
v -0.00914314 -0.00713552 0.03555126
v -0.00912778 -0.00720144 0.03551261
v -0.00907743 -0.00719822 0.03557496
v -0.00908897 -0.00714518 0.03560232
v -0.00904168 -0.00727869 0.03550186
v -0.00907086 -0.00722040 0.03555918
v -0.00897074 -0.00728704 0.03553593
v -0.00901256 -0.00731505 0.03542860
v -0.00894065 -0.00732459 0.03546024
v -0.00898083 -0.00732745 0.03534877
v -0.00890787 -0.00733746 0.03537777
v -0.00894910 -0.00731505 0.03526894
v -0.00887509 -0.00732459 0.03529529
v -0.00891998 -0.00727869 0.03519568
v -0.00884501 -0.00728704 0.03521960
v -0.00885987 -0.00702501 0.03506898
v -0.00886230 -0.00708569 0.03507463
v -0.00887006 -0.00706447 0.03507009
v -0.00886951 -0.00714398 0.03509137
v -0.00887876 -0.00714804 0.03509199
v -0.00888120 -0.00719739 0.03511849
v -0.00889587 -0.00722147 0.03513503
v -0.00910613 -0.00725282 0.03545815
v -0.00907998 -0.00728537 0.03539237
v -0.00905149 -0.00729657 0.03532068
v -0.00902300 -0.00728537 0.03524900
v -0.00899685 -0.00725282 0.03518322
v -0.00897520 -0.00720144 0.03512876
v -0.00895984 -0.00713552 0.03509010
v -0.00895203 -0.00706042 0.03507044
v -0.00886910 -0.00702501 0.03506768
v -0.00918716 -0.00711526 0.03548501
v -0.00917460 -0.00716914 0.03545342
v -0.00915691 -0.00721122 0.03540890
v -0.00913554 -0.00723792 0.03535513
v -0.00911225 -0.00724698 0.03529654
v -0.00908896 -0.00723792 0.03523794
v -0.00906759 -0.00721122 0.03518417
v -0.00904989 -0.00716914 0.03513966
v -0.00903733 -0.00711526 0.03510806
v -0.00903095 -0.00705398 0.03509199
v -0.00895117 -0.00702501 0.03506828
v -0.00921644 -0.00704552 0.03542273
v -0.00921192 -0.00708891 0.03541136
v -0.00920303 -0.00712706 0.03538900
v -0.00919051 -0.00715674 0.03535750
v -0.00917539 -0.00717558 0.03531945
v -0.00915891 -0.00718213 0.03527799
v -0.00914243 -0.00717558 0.03523653
v -0.00912731 -0.00715674 0.03519848
v -0.00911479 -0.00712706 0.03516698
v -0.00910590 -0.00708891 0.03514462
v -0.00910138 -0.00704552 0.03513325
v -0.00903024 -0.00702501 0.03509022
v -0.00893430 -0.00711371 0.03567625
v -0.00893057 -0.00714363 0.03566599
v -0.00885399 -0.00713504 0.03566523
v -0.00892028 -0.00719691 0.03563844
v -0.00891389 -0.00722040 0.03562157
v -0.00883868 -0.00720073 0.03562672
v -0.00861747 -0.00702501 0.03549320
v -0.00859775 -0.00703550 0.03541474
v -0.00859749 -0.00702501 0.03541410
v -0.00865724 -0.00702501 0.03556442
v -0.00865698 -0.00703550 0.03556378
v -0.00893831 -0.00702501 0.03568878
v -0.00893667 -0.00708557 0.03568299
v -0.00886178 -0.00706030 0.03568482
v -0.00871360 -0.00704540 0.03562169
v -0.00871409 -0.00702501 0.03562293
v -0.00878345 -0.00705386 0.03566298
v -0.00878415 -0.00702501 0.03566473
v -0.00886263 -0.00702501 0.03568698
v -0.00860007 -0.00705792 0.03542060
v -0.00859916 -0.00704540 0.03533377
v -0.00859866 -0.00702501 0.03533253
v -0.00874955 -0.00719846 0.03517161
v -0.00873949 -0.00714565 0.03514377
v -0.00873086 -0.00714780 0.03515138
v -0.00873335 -0.00708963 0.03512674
v -0.00877199 -0.00727809 0.03525487
v -0.00881711 -0.00725199 0.03557245
v -0.00889343 -0.00727809 0.03556042
v -0.00862091 -0.00702501 0.03525404
v -0.00862161 -0.00705386 0.03525580
v -0.00860365 -0.00708855 0.03534508
v -0.00860465 -0.00707758 0.03543211
v -0.00866271 -0.00702501 0.03518398
v -0.00866356 -0.00706030 0.03518614
v -0.00862797 -0.00711490 0.03527179
v -0.00861249 -0.00712646 0.03536732
v -0.00861109 -0.00709284 0.03544832
v -0.00876459 -0.00716854 0.03561553
v -0.00874698 -0.00721026 0.03557122
v -0.00870026 -0.00712646 0.03558814
v -0.00868781 -0.00715602 0.03555681
v -0.00865008 -0.00707758 0.03554641
v -0.00865466 -0.00705792 0.03555793
v -0.00870910 -0.00708855 0.03561038
v -0.00877709 -0.00711490 0.03564698
v -0.00864364 -0.00709284 0.03553019
v -0.00867135 -0.00713504 0.03520573
v -0.00872217 -0.00706435 0.03512954
v -0.00872122 -0.00702501 0.03512714
v -0.00873101 -0.00703205 0.03512023
v -0.00873099 -0.00702501 0.03512015
v -0.00874793 -0.00722099 0.03519434
v -0.00868666 -0.00720073 0.03524424
v -0.00864046 -0.00716854 0.03530324
v -0.00870823 -0.00725199 0.03529851
v -0.00865807 -0.00721026 0.03534755
v -0.00862494 -0.00715602 0.03539865
v -0.00880104 -0.00731445 0.03532797
v -0.00873428 -0.00728453 0.03536405
v -0.00867935 -0.00723685 0.03540106
v -0.00863999 -0.00717486 0.03543649
v -0.00861888 -0.00710250 0.03546792
v -0.00862737 -0.00710584 0.03548926
v -0.00865638 -0.00718130 0.03547773
v -0.00870253 -0.00724603 0.03545938
v -0.00876267 -0.00729562 0.03543548
v -0.00883271 -0.00732685 0.03540764
v -0.00886438 -0.00731445 0.03548731
v -0.00879106 -0.00728453 0.03550691
v -0.00872571 -0.00723685 0.03551771
v -0.00867277 -0.00717486 0.03551897
v -0.00863585 -0.00710250 0.03551061
v -0.00839927 -0.00719453 0.03572555
v -0.00877612 -0.00719453 0.03568144
v -0.00878507 -0.00711359 0.03571906
v -0.00878814 -0.00702501 0.03573198
v -0.00858898 -0.00719453 0.03571453
v -0.00825139 -0.00722040 0.03569912
v -0.00824920 -0.00719822 0.03571607
v -0.00824550 -0.00714518 0.03574554
v -0.00839925 -0.00711359 0.03576422
v -0.00824416 -0.00711371 0.03575704
v -0.00824345 -0.00708712 0.03576381
v -0.00839924 -0.00702501 0.03577750
v -0.00824316 -0.00702501 0.03577015
v -0.00824342 -0.00696446 0.03576414
v -0.00839925 -0.00693632 0.03576422
v -0.00824416 -0.00693632 0.03575704
v -0.00824543 -0.00690640 0.03574619
v -0.00839927 -0.00685550 0.03572555
v -0.00824907 -0.00685311 0.03571701
v -0.00825139 -0.00682963 0.03569912
v -0.00839929 -0.00680567 0.03568333
v -0.00825435 -0.00680567 0.03567662
v -0.00890582 -0.00680567 0.03560036
v -0.00876635 -0.00680567 0.03564037
v -0.00891389 -0.00682963 0.03562157
v -0.00877612 -0.00685550 0.03568144
v -0.00878507 -0.00693632 0.03571906
v -0.00893034 -0.00690485 0.03566537
v -0.00891995 -0.00685168 0.03563756
v -0.00893656 -0.00696279 0.03568268
v -0.00893430 -0.00693632 0.03567625
v -0.00859348 -0.00711359 0.03575294
v -0.00859502 -0.00702501 0.03576612
v -0.00859348 -0.00693632 0.03575294
v -0.00858898 -0.00685550 0.03571453
v -0.00858408 -0.00680567 0.03567260
v -0.00849054 -0.00707782 0.03556541
v -0.00848873 -0.00705803 0.03557773
v -0.00851015 -0.00702501 0.03550576
v -0.00849308 -0.00709320 0.03554804
v -0.00849615 -0.00710298 0.03552706
v -0.00849949 -0.00710631 0.03550420
v -0.00850284 -0.00710298 0.03548133
v -0.00850591 -0.00709320 0.03546035
v -0.00850845 -0.00707782 0.03544299
v -0.00851025 -0.00705803 0.03543065
v -0.00848782 -0.00703562 0.03558400
v -0.00848771 -0.00702501 0.03558469
v -0.00851127 -0.00702501 0.03542370
v -0.00851117 -0.00703562 0.03542439
v -0.00849098 -0.00702501 0.03534418
v -0.00838669 -0.00705398 0.03571014
v -0.00838642 -0.00702501 0.03571203
v -0.00844550 -0.00702501 0.03565507
v -0.00831488 -0.00706042 0.03574934
v -0.00831454 -0.00702501 0.03575164
v -0.00831794 -0.00713552 0.03572840
v -0.00832397 -0.00720144 0.03568725
v -0.00825478 -0.00727869 0.03563489
v -0.00831192 -0.00722147 0.03524430
v -0.00830248 -0.00727869 0.03530888
v -0.00817631 -0.00728704 0.03562892
v -0.00826619 -0.00731505 0.03555688
v -0.00818810 -0.00732459 0.03554834
v -0.00827863 -0.00732745 0.03547188
v -0.00820095 -0.00733746 0.03546052
v -0.00829106 -0.00731505 0.03538688
v -0.00821379 -0.00732459 0.03537270
v -0.00822559 -0.00728704 0.03529211
v -0.00831356 -0.00702501 0.03516901
v -0.00831286 -0.00708641 0.03517526
v -0.00832204 -0.00706447 0.03517515
v -0.00831066 -0.00714720 0.03519464
v -0.00831863 -0.00714804 0.03519846
v -0.00830766 -0.00719489 0.03522089
v -0.00830346 -0.00723935 0.03525753
v -0.00833245 -0.00725282 0.03562926
v -0.00834270 -0.00728537 0.03555922
v -0.00835386 -0.00729657 0.03548289
v -0.00836503 -0.00728537 0.03540656
v -0.00837528 -0.00725282 0.03533652
v -0.00838376 -0.00720144 0.03527853
v -0.00838978 -0.00713552 0.03523738
v -0.00839285 -0.00706042 0.03521644
v -0.00832241 -0.00702501 0.03517259
v -0.00838920 -0.00711526 0.03569303
v -0.00839412 -0.00716914 0.03565939
v -0.00840105 -0.00721122 0.03561199
v -0.00840943 -0.00723792 0.03555474
v -0.00841856 -0.00724698 0.03549235
v -0.00842768 -0.00723792 0.03542996
v -0.00843606 -0.00721122 0.03537271
v -0.00844300 -0.00716914 0.03532531
v -0.00844792 -0.00711526 0.03529168
v -0.00845042 -0.00705398 0.03527456
v -0.00839318 -0.00702501 0.03521414
v -0.00844569 -0.00704552 0.03565374
v -0.00844746 -0.00708891 0.03564163
v -0.00845095 -0.00712706 0.03561782
v -0.00845585 -0.00715674 0.03558428
v -0.00846178 -0.00717558 0.03554377
v -0.00846824 -0.00718213 0.03549962
v -0.00847470 -0.00717558 0.03545547
v -0.00848063 -0.00715674 0.03541496
v -0.00848554 -0.00712706 0.03538142
v -0.00848902 -0.00708891 0.03535762
v -0.00849079 -0.00704552 0.03534551
v -0.00845070 -0.00702501 0.03527268
v -0.00795559 -0.00704540 0.03526806
v -0.00791388 -0.00703550 0.03533747
v -0.00791297 -0.00705792 0.03534371
v -0.00789174 -0.00702501 0.03541528
v -0.00807459 -0.00711371 0.03573222
v -0.00807649 -0.00714363 0.03572147
v -0.00801055 -0.00713504 0.03568253
v -0.00808135 -0.00719691 0.03569247
v -0.00808426 -0.00722040 0.03567467
v -0.00801655 -0.00720073 0.03564152
v -0.00809712 -0.00727809 0.03561148
v -0.00802500 -0.00725199 0.03558374
v -0.00816691 -0.00719846 0.03520282
v -0.00817212 -0.00714565 0.03517368
v -0.00816084 -0.00714780 0.03517596
v -0.00791398 -0.00702501 0.03533679
v -0.00789057 -0.00702501 0.03549685
v -0.00789066 -0.00703550 0.03549616
v -0.00807180 -0.00702501 0.03574508
v -0.00807327 -0.00708557 0.03573925
v -0.00800750 -0.00706030 0.03570339
v -0.00791074 -0.00704540 0.03557462
v -0.00791054 -0.00702501 0.03557594
v -0.00795059 -0.00705386 0.03564530
v -0.00795031 -0.00702501 0.03564717
v -0.00800716 -0.00702501 0.03570568
v -0.00795578 -0.00702501 0.03526673
v -0.00801429 -0.00702501 0.03520988
v -0.00808519 -0.00706030 0.03517240
v -0.00816424 -0.00706435 0.03515269
v -0.00816462 -0.00702501 0.03515013
v -0.00817532 -0.00708963 0.03515586
v -0.00817655 -0.00703205 0.03514905
v -0.00817657 -0.00702501 0.03514897
v -0.00814472 -0.00727809 0.03528614
v -0.00808552 -0.00702501 0.03517011
v -0.00801402 -0.00705386 0.03521175
v -0.00795383 -0.00708855 0.03528010
v -0.00791118 -0.00707758 0.03535596
v -0.00795798 -0.00716854 0.03559478
v -0.00796488 -0.00721026 0.03554761
v -0.00791596 -0.00712646 0.03553890
v -0.00792084 -0.00715602 0.03550554
v -0.00789337 -0.00707758 0.03547767
v -0.00789158 -0.00705792 0.03548993
v -0.00791250 -0.00708855 0.03556257
v -0.00795308 -0.00711490 0.03562827
v -0.00789590 -0.00709284 0.03546041
v -0.00808213 -0.00713504 0.03519326
v -0.00801153 -0.00711490 0.03522879
v -0.00815415 -0.00722099 0.03522170
v -0.00807613 -0.00720073 0.03523427
v -0.00800663 -0.00716854 0.03526227
v -0.00795036 -0.00712646 0.03530378
v -0.00806768 -0.00725199 0.03529205
v -0.00799973 -0.00721026 0.03530945
v -0.00794548 -0.00715602 0.03533714
v -0.00790865 -0.00709284 0.03537323
v -0.00790560 -0.00710250 0.03539409
v -0.00793959 -0.00717486 0.03537743
v -0.00799139 -0.00723685 0.03536643
v -0.00805747 -0.00728453 0.03536184
v -0.00813333 -0.00731445 0.03536398
v -0.00812092 -0.00732685 0.03544881
v -0.00804634 -0.00729562 0.03543790
v -0.00798230 -0.00724603 0.03542853
v -0.00793316 -0.00718130 0.03542134
v -0.00790227 -0.00710584 0.03541682
v -0.00810851 -0.00731445 0.03553363
v -0.00803521 -0.00728453 0.03551395
v -0.00797322 -0.00723685 0.03549062
v -0.00792674 -0.00717486 0.03546525
v -0.00789895 -0.00710250 0.03543955
v -0.00758659 -0.00719453 0.03550740
v -0.00792395 -0.00711359 0.03569468
v -0.00792015 -0.00702501 0.03570740
v -0.00793501 -0.00719453 0.03565763
v -0.00775640 -0.00719453 0.03559271
v -0.00747174 -0.00722040 0.03541057
v -0.00746136 -0.00719822 0.03542416
v -0.00744344 -0.00714518 0.03544782
v -0.00756724 -0.00711359 0.03554088
v -0.00743652 -0.00711371 0.03545712
v -0.00743252 -0.00708712 0.03546263
v -0.00756059 -0.00702501 0.03555238
v -0.00742909 -0.00702501 0.03546797
v -0.00743232 -0.00696446 0.03546290
v -0.00756724 -0.00693632 0.03554088
v -0.00743652 -0.00693632 0.03545712
v -0.00744304 -0.00690640 0.03544835
v -0.00758659 -0.00685550 0.03550740
v -0.00746079 -0.00685311 0.03542491
v -0.00747174 -0.00682963 0.03541057
v -0.00760771 -0.00680567 0.03547085
v -0.00748555 -0.00680567 0.03539257
v -0.00808787 -0.00680567 0.03565226
v -0.00794709 -0.00680567 0.03561717
v -0.00808426 -0.00682963 0.03567467
v -0.00793501 -0.00685550 0.03565763
v -0.00792395 -0.00693632 0.03569468
v -0.00807660 -0.00690485 0.03572082
v -0.00808151 -0.00685168 0.03569154
v -0.00807334 -0.00696279 0.03573892
v -0.00807459 -0.00693632 0.03573222
v -0.00774109 -0.00711359 0.03562823
v -0.00773583 -0.00702501 0.03564042
v -0.00774109 -0.00693632 0.03562823
v -0.00775640 -0.00685550 0.03559271
v -0.00777312 -0.00680567 0.03555395
v -0.00774570 -0.00707782 0.03541435
v -0.00773798 -0.00705803 0.03542412
v -0.00779252 -0.00702501 0.03537250
v -0.00775659 -0.00709320 0.03540058
v -0.00776974 -0.00710298 0.03538394
v -0.00778406 -0.00710631 0.03536582
v -0.00779839 -0.00710298 0.03534769
v -0.00781154 -0.00709320 0.03533105
v -0.00782243 -0.00707782 0.03531728
v -0.00783015 -0.00705803 0.03530751
v -0.00773405 -0.00703562 0.03542909
v -0.00773362 -0.00702501 0.03542964
v -0.00783451 -0.00702501 0.03530199
v -0.00783408 -0.00703562 0.03530253
v -0.00785671 -0.00702501 0.03522298
v -0.00758340 -0.00705398 0.03548777
v -0.00758222 -0.00702501 0.03548926
v -0.00766187 -0.00702501 0.03546948
v -0.00750162 -0.00706042 0.03548581
v -0.00750017 -0.00702501 0.03548763
v -0.00751474 -0.00713552 0.03546921
v -0.00754053 -0.00720144 0.03543658
v -0.00750679 -0.00727869 0.03535664
v -0.00775157 -0.00722147 0.03504695
v -0.00771110 -0.00727869 0.03509815
v -0.00744181 -0.00728704 0.03531224
v -0.00755568 -0.00731505 0.03529479
v -0.00749232 -0.00732459 0.03524834
v -0.00760895 -0.00732745 0.03522740
v -0.00754736 -0.00733746 0.03517871
v -0.00766222 -0.00731505 0.03516000
v -0.00760239 -0.00732459 0.03510908
v -0.00765290 -0.00728704 0.03504519
v -0.00779063 -0.00702501 0.03498257
v -0.00778690 -0.00708641 0.03498764
v -0.00779491 -0.00706447 0.03499213
v -0.00777531 -0.00714720 0.03500332
v -0.00778030 -0.00714804 0.03501061
v -0.00775959 -0.00719489 0.03502455
v -0.00773763 -0.00723935 0.03505418
v -0.00757687 -0.00725282 0.03539060
v -0.00762077 -0.00728537 0.03533507
v -0.00766860 -0.00729657 0.03527455
v -0.00771644 -0.00728537 0.03521403
v -0.00776033 -0.00725282 0.03515850
v -0.00779667 -0.00720144 0.03511252
v -0.00782247 -0.00713552 0.03507989
v -0.00783559 -0.00706042 0.03506329
v -0.00779651 -0.00702501 0.03499009
v -0.00759413 -0.00711526 0.03547420
v -0.00761521 -0.00716914 0.03544753
v -0.00764491 -0.00721122 0.03540995
v -0.00768079 -0.00723792 0.03536456
v -0.00771989 -0.00724698 0.03531509
v -0.00775899 -0.00723792 0.03526562
v -0.00779487 -0.00721122 0.03522023
v -0.00782458 -0.00716914 0.03518265
v -0.00784566 -0.00711526 0.03515598
v -0.00785638 -0.00705398 0.03514241
v -0.00783703 -0.00702501 0.03506146
v -0.00766270 -0.00704552 0.03546842
v -0.00767029 -0.00708891 0.03545882
v -0.00768521 -0.00712706 0.03543995
v -0.00770623 -0.00715674 0.03541335
v -0.00773162 -0.00717558 0.03538124
v -0.00775929 -0.00718213 0.03534623
v -0.00778696 -0.00717558 0.03531123
v -0.00781234 -0.00715674 0.03527910
v -0.00783336 -0.00712706 0.03525251
v -0.00784828 -0.00708891 0.03523364
v -0.00785587 -0.00704552 0.03522404
v -0.00785756 -0.00702501 0.03514092
v -0.00730219 -0.00702501 0.03498493
v -0.00728323 -0.00709284 0.03502609
v -0.00729630 -0.00710250 0.03500956
v -0.00727241 -0.00707758 0.03503978
v -0.00736027 -0.00703550 0.03492862
v -0.00736070 -0.00702501 0.03492808
v -0.00726039 -0.00702501 0.03505499
v -0.00726082 -0.00703550 0.03505445
v -0.00729323 -0.00702501 0.03536058
v -0.00729742 -0.00708557 0.03535627
v -0.00725839 -0.00706030 0.03529232
v -0.00723898 -0.00704540 0.03513243
v -0.00723815 -0.00702501 0.03513347
v -0.00723815 -0.00705386 0.03521356
v -0.00723698 -0.00702501 0.03521505
v -0.00725695 -0.00702501 0.03529414
v -0.00735637 -0.00705792 0.03493357
v -0.00743110 -0.00704540 0.03488936
v -0.00743193 -0.00702501 0.03488831
v -0.00758585 -0.00727809 0.03499958
v -0.00762624 -0.00722099 0.03494849
v -0.00764688 -0.00719811 0.03493830
v -0.00765490 -0.00714780 0.03491222
v -0.00766595 -0.00714470 0.03491556
v -0.00767775 -0.00708653 0.03490147
v -0.00732781 -0.00719691 0.03531980
v -0.00733923 -0.00722040 0.03530583
v -0.00729716 -0.00720073 0.03524327
v -0.00733337 -0.00725199 0.03519746
v -0.00751103 -0.00702501 0.03486833
v -0.00750985 -0.00705386 0.03486982
v -0.00742355 -0.00708855 0.03489891
v -0.00734869 -0.00707758 0.03494328
v -0.00736256 -0.00717486 0.03497608
v -0.00731055 -0.00710584 0.03499153
v -0.00733504 -0.00718130 0.03501089
v -0.00730752 -0.00717486 0.03504571
v -0.00728227 -0.00715602 0.03507766
v -0.00726136 -0.00712646 0.03510410
v -0.00759260 -0.00702501 0.03486951
v -0.00759116 -0.00706030 0.03487132
v -0.00749918 -0.00711490 0.03488332
v -0.00740872 -0.00712646 0.03491768
v -0.00733786 -0.00709284 0.03495698
v -0.00744863 -0.00721026 0.03494727
v -0.00741292 -0.00723685 0.03499245
v -0.00737400 -0.00724603 0.03504169
v -0.00733508 -0.00723685 0.03509092
v -0.00729937 -0.00721026 0.03513610
v -0.00726981 -0.00716854 0.03517351
v -0.00767108 -0.00702501 0.03489175
v -0.00766948 -0.00706435 0.03489378
v -0.00757809 -0.00713504 0.03488786
v -0.00747820 -0.00716854 0.03490987
v -0.00738781 -0.00715602 0.03494413
v -0.00732479 -0.00710250 0.03497351
v -0.00755239 -0.00720073 0.03492038
v -0.00751618 -0.00725199 0.03496619
v -0.00747244 -0.00728453 0.03502152
v -0.00742478 -0.00729562 0.03508182
v -0.00737711 -0.00728453 0.03514212
v -0.00730910 -0.00714363 0.03534248
v -0.00727146 -0.00713504 0.03527578
v -0.00724882 -0.00711490 0.03520006
v -0.00724653 -0.00708855 0.03512288
v -0.00726473 -0.00705792 0.03504950
v -0.00738196 -0.00727809 0.03525753
v -0.00743074 -0.00731445 0.03519582
v -0.00748390 -0.00732685 0.03512856
v -0.00753707 -0.00731445 0.03506130
v -0.00768181 -0.00702501 0.03489662
v -0.00717619 -0.00707782 0.03491111
v -0.00716461 -0.00705803 0.03491571
v -0.00723766 -0.00702501 0.03489827
v -0.00719250 -0.00709320 0.03490463
v -0.00721221 -0.00710298 0.03489679
v -0.00723368 -0.00710631 0.03488826
v -0.00725515 -0.00710298 0.03487973
v -0.00727485 -0.00709320 0.03487189
v -0.00729117 -0.00707782 0.03486541
v -0.00730274 -0.00705803 0.03486081
v -0.00715872 -0.00703562 0.03491805
v -0.00715807 -0.00702501 0.03491831
v -0.00730928 -0.00702501 0.03485821
v -0.00730863 -0.00703562 0.03485847
v -0.00736800 -0.00702501 0.03480088
v -0.00699892 -0.00705398 0.03489355
v -0.00699715 -0.00702501 0.03489425
v -0.00707602 -0.00702501 0.03491694
v -0.00692907 -0.00706042 0.03485096
v -0.00692691 -0.00702501 0.03485181
v -0.00687518 -0.00702501 0.03479924
v -0.00688083 -0.00708712 0.03479633
v -0.00694873 -0.00713552 0.03484314
v -0.00698739 -0.00720144 0.03482778
v -0.00692504 -0.00719822 0.03477744
v -0.00689768 -0.00714518 0.03478897
v -0.00699814 -0.00727869 0.03474168
v -0.00694082 -0.00722040 0.03477086
v -0.00696407 -0.00728704 0.03467074
v -0.00707140 -0.00731505 0.03471256
v -0.00703975 -0.00732459 0.03464065
v -0.00715123 -0.00732745 0.03468083
v -0.00712223 -0.00733746 0.03460787
v -0.00723106 -0.00731505 0.03464910
v -0.00720471 -0.00732459 0.03457509
v -0.00730432 -0.00727869 0.03461998
v -0.00728040 -0.00728704 0.03454501
v -0.00743102 -0.00702501 0.03455987
v -0.00742537 -0.00708569 0.03456230
v -0.00742991 -0.00706447 0.03457006
v -0.00740863 -0.00714398 0.03456951
v -0.00740802 -0.00714804 0.03457876
v -0.00738151 -0.00719739 0.03458120
v -0.00736497 -0.00722147 0.03459587
v -0.00704185 -0.00725282 0.03480613
v -0.00710763 -0.00728537 0.03477998
v -0.00717932 -0.00729657 0.03475149
v -0.00725100 -0.00728537 0.03472300
v -0.00731678 -0.00725282 0.03469685
v -0.00737124 -0.00720144 0.03467520
v -0.00740990 -0.00713552 0.03465984
v -0.00742956 -0.00706042 0.03465202
v -0.00743232 -0.00702501 0.03456910
v -0.00701499 -0.00711526 0.03488716
v -0.00704658 -0.00716914 0.03487460
v -0.00709110 -0.00721122 0.03485691
v -0.00714487 -0.00723792 0.03483554
v -0.00720346 -0.00724698 0.03481225
v -0.00726206 -0.00723792 0.03478896
v -0.00731583 -0.00721122 0.03476759
v -0.00736034 -0.00716914 0.03474989
v -0.00739194 -0.00711526 0.03473733
v -0.00740801 -0.00705398 0.03473095
v -0.00743172 -0.00702501 0.03465116
v -0.00707727 -0.00704552 0.03491644
v -0.00708864 -0.00708891 0.03491192
v -0.00711100 -0.00712706 0.03490303
v -0.00714250 -0.00715674 0.03489051
v -0.00718055 -0.00717558 0.03487539
v -0.00722201 -0.00718213 0.03485891
v -0.00726348 -0.00717558 0.03484243
v -0.00730152 -0.00715674 0.03482731
v -0.00733302 -0.00712706 0.03481479
v -0.00735538 -0.00708891 0.03480590
v -0.00736675 -0.00704552 0.03480138
v -0.00740978 -0.00702501 0.03473024
v -0.00700681 -0.00702501 0.03431747
v -0.00696980 -0.00709284 0.03434364
v -0.00698939 -0.00710250 0.03433585
v -0.00695359 -0.00707758 0.03435008
v -0.00683477 -0.00713504 0.03455399
v -0.00708526 -0.00703550 0.03429775
v -0.00708590 -0.00702501 0.03429749
v -0.00693558 -0.00702501 0.03435724
v -0.00693622 -0.00703550 0.03435699
v -0.00681518 -0.00706030 0.03456178
v -0.00687831 -0.00704540 0.03441359
v -0.00687707 -0.00702501 0.03441409
v -0.00683703 -0.00705386 0.03448345
v -0.00683527 -0.00702501 0.03448414
v -0.00681302 -0.00702501 0.03456263
v -0.00707940 -0.00705792 0.03430007
v -0.00716623 -0.00704540 0.03429916
v -0.00716747 -0.00702501 0.03429867
v -0.00724513 -0.00727809 0.03447199
v -0.00730566 -0.00722099 0.03444793
v -0.00732863 -0.00719811 0.03444943
v -0.00734861 -0.00714780 0.03443086
v -0.00735652 -0.00714470 0.03443927
v -0.00737378 -0.00708653 0.03443297
v -0.00687328 -0.00720073 0.03453868
v -0.00692755 -0.00725199 0.03451711
v -0.00724596 -0.00702501 0.03432091
v -0.00724420 -0.00705386 0.03432161
v -0.00715492 -0.00708855 0.03430365
v -0.00706789 -0.00707758 0.03430465
v -0.00706351 -0.00717486 0.03433999
v -0.00701074 -0.00710584 0.03432737
v -0.00702227 -0.00718130 0.03435638
v -0.00698103 -0.00717486 0.03437277
v -0.00694319 -0.00715602 0.03438781
v -0.00691186 -0.00712646 0.03440026
v -0.00731601 -0.00702501 0.03436271
v -0.00731386 -0.00706030 0.03436356
v -0.00722821 -0.00711490 0.03432797
v -0.00713268 -0.00712646 0.03431249
v -0.00705168 -0.00709284 0.03431109
v -0.00715245 -0.00721026 0.03435807
v -0.00709894 -0.00723685 0.03437934
v -0.00704061 -0.00724603 0.03440253
v -0.00698229 -0.00723685 0.03442571
v -0.00692877 -0.00721026 0.03444698
v -0.00688447 -0.00716854 0.03446459
v -0.00737286 -0.00702501 0.03442122
v -0.00737046 -0.00706435 0.03442217
v -0.00729427 -0.00713504 0.03437135
v -0.00719676 -0.00716854 0.03434046
v -0.00710135 -0.00715602 0.03432494
v -0.00703209 -0.00710250 0.03431888
v -0.00725576 -0.00720073 0.03438666
v -0.00720149 -0.00725199 0.03440823
v -0.00713595 -0.00728453 0.03443428
v -0.00706452 -0.00729562 0.03446267
v -0.00699309 -0.00728453 0.03449106
v -0.00685302 -0.00711490 0.03447709
v -0.00688962 -0.00708855 0.03440910
v -0.00694208 -0.00705792 0.03435466
v -0.00693958 -0.00727809 0.03459343
v -0.00701269 -0.00731445 0.03456438
v -0.00709236 -0.00732685 0.03453271
v -0.00717203 -0.00731445 0.03450105
v -0.00737972 -0.00702501 0.03443079
v -0.00837662 -0.00718416 0.03521754
v -0.00837735 -0.00710190 0.03518219
v -0.00837756 -0.00702501 0.03517227
v -0.00849413 -0.00710190 0.03517832
v -0.00849326 -0.00702501 0.03516844
v -0.00860980 -0.00710190 0.03516190
v -0.00860788 -0.00702501 0.03515216
v -0.00849720 -0.00718416 0.03521355
v -0.00861666 -0.00718416 0.03519659
v -0.00782412 -0.00718416 0.03505803
v -0.00784234 -0.00710190 0.03502772
v -0.00784746 -0.00702501 0.03501921
v -0.00792637 -0.00710190 0.03507330
v -0.00793071 -0.00702501 0.03506438
v -0.00803403 -0.00710190 0.03511868
v -0.00803739 -0.00702501 0.03510934
v -0.00814596 -0.00710190 0.03515219
v -0.00814829 -0.00702501 0.03514254
v -0.00791089 -0.00718416 0.03510510
v -0.00802207 -0.00718416 0.03515196
v -0.00813766 -0.00718416 0.03518656
v -0.00796907 -0.00725807 0.03301580
v -0.00793374 -0.00725437 0.03303055
v -0.00793384 -0.00762499 0.03303051
v -0.00867381 -0.00762499 0.03296592
v -0.00859239 -0.00725676 0.03294931
v -0.00856890 -0.00725807 0.03294559
v -0.00842441 -0.00762499 0.03293359
v -0.00852238 -0.00725247 0.03293977
v -0.00849713 -0.00724436 0.03293739
v -0.00912346 -0.00762499 0.03318473
v -0.00912348 -0.00725807 0.03318470
v -0.00891049 -0.00762499 0.03305095
v -0.00908610 -0.00725247 0.03315640
v -0.00906542 -0.00724436 0.03314171
v -0.00944019 -0.00762499 0.03357168
v -0.00952924 -0.00762499 0.03380688
v -0.00949272 -0.00725676 0.03369126
v -0.00948420 -0.00725807 0.03366907
v -0.00946598 -0.00725247 0.03362587
v -0.00945542 -0.00724436 0.03360281
v -0.00955064 -0.00725652 0.03429272
v -0.00955441 -0.00725807 0.03426890
v -0.00954823 -0.00762499 0.03430657
v -0.00956583 -0.00762499 0.03405570
v -0.00956052 -0.00725163 0.03421959
v -0.00956262 -0.00724436 0.03419713
v -0.00947728 -0.00724436 0.03454785
v -0.00951819 -0.00724436 0.03443281
v -0.00947728 -0.00762499 0.03454785
v -0.00954171 -0.00724436 0.03434001
v -0.00954818 -0.00725413 0.03430688
v -0.00942274 -0.00724436 0.03466136
v -0.00935628 -0.00762499 0.03476832
v -0.00935829 -0.00724436 0.03476543
v -0.00934465 -0.00725187 0.03478466
v -0.00750001 -0.00725640 0.03335762
v -0.00752891 -0.00762499 0.03332392
v -0.00753126 -0.00724436 0.03332129
v -0.00771547 -0.00762499 0.03315527
v -0.00792587 -0.00725247 0.03303402
v -0.00790281 -0.00724436 0.03304458
v -0.00771547 -0.00724436 0.03315527
v -0.00842441 -0.00724436 0.03293359
v -0.00817387 -0.00724436 0.03295546
v -0.00817387 -0.00762499 0.03295546
v -0.00803700 -0.00724436 0.03299124
v -0.00799126 -0.00725676 0.03300728
v -0.00891049 -0.00724436 0.03305095
v -0.00867381 -0.00724436 0.03296592
v -0.00864001 -0.00724436 0.03295829
v -0.00944019 -0.00724436 0.03357168
v -0.00930280 -0.00724436 0.03336104
v -0.00930280 -0.00762499 0.03336104
v -0.00917871 -0.00724436 0.03323125
v -0.00914196 -0.00725676 0.03319966
v -0.00956583 -0.00724436 0.03405570
v -0.00952924 -0.00724436 0.03380688
v -0.00950876 -0.00724436 0.03373700
v -0.00866035 -0.00762499 0.03485645
v -0.00851923 -0.00762499 0.03489107
v -0.00837417 -0.00762499 0.03489958
v -0.00822997 -0.00762499 0.03488172
v -0.00809138 -0.00762499 0.03483807
v -0.00916878 -0.00762499 0.03432132
v -0.00911606 -0.00762499 0.03445673
v -0.00903973 -0.00762499 0.03458036
v -0.00902762 -0.00762499 0.03459608
v -0.00901512 -0.00762499 0.03461150
v -0.00891245 -0.00762499 0.03471432
v -0.00879288 -0.00762499 0.03479688
v -0.00796296 -0.00762499 0.03477008
v -0.00784897 -0.00762499 0.03467997
v -0.00775315 -0.00762499 0.03457073
v -0.00767868 -0.00762499 0.03444597
v -0.00762800 -0.00762499 0.03430979
v -0.00760278 -0.00762499 0.03416669
v -0.00895103 -0.00762499 0.03352003
v -0.00904685 -0.00762499 0.03362927
v -0.00912132 -0.00762499 0.03375404
v -0.00917200 -0.00762499 0.03389021
v -0.00919722 -0.00762499 0.03403331
v -0.00919613 -0.00762499 0.03417861
v -0.00760387 -0.00762499 0.03402139
v -0.00763122 -0.00762499 0.03387868
v -0.00768394 -0.00762499 0.03374327
v -0.00776028 -0.00762499 0.03361963
v -0.00777238 -0.00762499 0.03360392
v -0.00778488 -0.00762499 0.03358851
v -0.00788755 -0.00762499 0.03348568
v -0.00800712 -0.00762499 0.03340312
v -0.00813965 -0.00762499 0.03334355
v -0.00828077 -0.00762499 0.03330893
v -0.00842583 -0.00762499 0.03330042
v -0.00857003 -0.00762499 0.03331828
v -0.00870862 -0.00762499 0.03336193
v -0.00883704 -0.00762499 0.03342992
v -0.00747391 -0.00709284 0.03298323
v -0.00749044 -0.00710250 0.03299630
v -0.00746022 -0.00707758 0.03297241
v -0.00757138 -0.00703550 0.03306028
v -0.00744556 -0.00703550 0.03296082
v -0.00714373 -0.00708557 0.03299742
v -0.00720768 -0.00706030 0.03295839
v -0.00736757 -0.00704540 0.03293898
v -0.00728644 -0.00705386 0.03293815
v -0.00761064 -0.00704540 0.03313110
v -0.00756643 -0.00705792 0.03305637
v -0.00750042 -0.00727809 0.03328585
v -0.00755151 -0.00722099 0.03332623
v -0.00756170 -0.00719811 0.03334688
v -0.00758778 -0.00714780 0.03335490
v -0.00758444 -0.00714470 0.03336595
v -0.00759853 -0.00708653 0.03337775
v -0.00718020 -0.00719691 0.03302781
v -0.00719417 -0.00722040 0.03303923
v -0.00725673 -0.00720073 0.03299716
v -0.00730254 -0.00725199 0.03303337
v -0.00763018 -0.00705386 0.03320985
v -0.00760109 -0.00708855 0.03312355
v -0.00755672 -0.00707758 0.03304869
v -0.00752392 -0.00717486 0.03306256
v -0.00750847 -0.00710584 0.03301055
v -0.00748911 -0.00718130 0.03303504
v -0.00745429 -0.00717486 0.03300752
v -0.00742234 -0.00715602 0.03298227
v -0.00739590 -0.00712646 0.03296136
v -0.00762868 -0.00706030 0.03329116
v -0.00761668 -0.00711490 0.03319918
v -0.00758232 -0.00712646 0.03310871
v -0.00754302 -0.00709284 0.03303786
v -0.00755273 -0.00721026 0.03314863
v -0.00750755 -0.00723685 0.03311292
v -0.00745831 -0.00724603 0.03307400
v -0.00740908 -0.00723685 0.03303508
v -0.00736389 -0.00721026 0.03299937
v -0.00732649 -0.00716854 0.03296981
v -0.00752649 -0.00710250 0.03302479
v -0.00755587 -0.00715602 0.03308781
v -0.00759013 -0.00716854 0.03317820
v -0.00761214 -0.00713504 0.03327809
v -0.00760622 -0.00706435 0.03336948
v -0.00757962 -0.00720073 0.03325239
v -0.00753381 -0.00725199 0.03321618
v -0.00747848 -0.00728453 0.03317244
v -0.00741818 -0.00729562 0.03312477
v -0.00735788 -0.00728453 0.03307711
v -0.00715752 -0.00714363 0.03300910
v -0.00722422 -0.00713504 0.03297146
v -0.00729994 -0.00711490 0.03294882
v -0.00737712 -0.00708855 0.03294653
v -0.00745050 -0.00705792 0.03296473
v -0.00724247 -0.00727809 0.03308196
v -0.00730418 -0.00731445 0.03313074
v -0.00737144 -0.00732685 0.03318390
v -0.00743870 -0.00731445 0.03323707
v -0.00687831 -0.00700463 0.03441359
v -0.00693622 -0.00701440 0.03435699
v -0.00694208 -0.00699211 0.03435466
v -0.00687328 -0.00684918 0.03453868
v -0.00683477 -0.00691486 0.03455399
v -0.00683703 -0.00699617 0.03448345
v -0.00681518 -0.00698973 0.03456178
v -0.00693958 -0.00677181 0.03459343
v -0.00696407 -0.00676287 0.03467074
v -0.00692863 -0.00679208 0.03468482
v -0.00724513 -0.00677181 0.03447199
v -0.00729124 -0.00680567 0.03446300
v -0.00728040 -0.00676287 0.03454501
v -0.00730718 -0.00679351 0.03450853
v -0.00731583 -0.00679208 0.03453092
v -0.00735682 -0.00690604 0.03443916
v -0.00732907 -0.00685264 0.03444927
v -0.00730566 -0.00682891 0.03444793
v -0.00737394 -0.00696422 0.03443291
v -0.00737046 -0.00698556 0.03442217
v -0.00731386 -0.00698973 0.03436356
v -0.00724420 -0.00699617 0.03432161
v -0.00716623 -0.00700463 0.03429916
v -0.00708526 -0.00701440 0.03429775
v -0.00685302 -0.00693513 0.03447709
v -0.00688962 -0.00696148 0.03440910
v -0.00688447 -0.00688149 0.03446459
v -0.00691186 -0.00692357 0.03440026
v -0.00695359 -0.00697244 0.03435008
v -0.00696980 -0.00695718 0.03434364
v -0.00694319 -0.00689400 0.03438781
v -0.00692877 -0.00683964 0.03444698
v -0.00692755 -0.00679804 0.03451711
v -0.00690887 -0.00679804 0.03463237
v -0.00725576 -0.00684918 0.03438666
v -0.00720149 -0.00679804 0.03440823
v -0.00719676 -0.00688149 0.03434046
v -0.00715245 -0.00683964 0.03435807
v -0.00713268 -0.00692357 0.03431249
v -0.00710135 -0.00689400 0.03432494
v -0.00706789 -0.00697244 0.03430465
v -0.00707940 -0.00699211 0.03430007
v -0.00715492 -0.00696148 0.03430365
v -0.00722821 -0.00693513 0.03432797
v -0.00729427 -0.00691486 0.03437135
v -0.00734861 -0.00690223 0.03443086
v -0.00705168 -0.00695718 0.03431109
v -0.00703975 -0.00672532 0.03464065
v -0.00701269 -0.00673557 0.03456438
v -0.00699309 -0.00676550 0.03449106
v -0.00698229 -0.00681318 0.03442571
v -0.00698103 -0.00687517 0.03437277
v -0.00698939 -0.00694741 0.03433585
v -0.00712223 -0.00671245 0.03460787
v -0.00709236 -0.00672318 0.03453271
v -0.00706452 -0.00675441 0.03446267
v -0.00704061 -0.00680400 0.03440253
v -0.00702227 -0.00686873 0.03435638
v -0.00701074 -0.00694407 0.03432737
v -0.00720471 -0.00672532 0.03457509
v -0.00717203 -0.00673557 0.03450105
v -0.00713595 -0.00676550 0.03443428
v -0.00709894 -0.00681318 0.03437934
v -0.00706351 -0.00687517 0.03433999
v -0.00703209 -0.00694741 0.03431888
v -0.00758889 -0.00707782 0.03287619
v -0.00758429 -0.00705803 0.03286461
v -0.00760173 -0.00702501 0.03293766
v -0.00759537 -0.00709320 0.03289250
v -0.00760321 -0.00710298 0.03291221
v -0.00761174 -0.00710631 0.03293368
v -0.00762027 -0.00710298 0.03295515
v -0.00762811 -0.00709320 0.03297485
v -0.00763459 -0.00707782 0.03299117
v -0.00763919 -0.00705803 0.03300274
v -0.00758195 -0.00703562 0.03285872
v -0.00758169 -0.00702501 0.03285807
v -0.00764179 -0.00702501 0.03300928
v -0.00764153 -0.00703562 0.03300863
v -0.00769912 -0.00702501 0.03306800
v -0.00760645 -0.00705398 0.03269892
v -0.00760575 -0.00702501 0.03269715
v -0.00758306 -0.00702501 0.03277602
v -0.00764905 -0.00706042 0.03262907
v -0.00764819 -0.00702501 0.03262691
v -0.00770075 -0.00702501 0.03257519
v -0.00770367 -0.00708712 0.03258083
v -0.00765686 -0.00713552 0.03264873
v -0.00767222 -0.00720144 0.03268739
v -0.00772256 -0.00719822 0.03262504
v -0.00771103 -0.00714518 0.03259768
v -0.00775832 -0.00727869 0.03269814
v -0.00772914 -0.00722040 0.03264082
v -0.00782926 -0.00728704 0.03266407
v -0.00778744 -0.00731505 0.03277140
v -0.00785935 -0.00732459 0.03273975
v -0.00781917 -0.00732745 0.03285123
v -0.00789213 -0.00733746 0.03282223
v -0.00785090 -0.00731505 0.03293106
v -0.00792491 -0.00732459 0.03290471
v -0.00788002 -0.00727869 0.03300432
v -0.00795499 -0.00728704 0.03298040
v -0.00794013 -0.00702501 0.03313102
v -0.00793770 -0.00708569 0.03312537
v -0.00792994 -0.00706447 0.03312991
v -0.00793049 -0.00714398 0.03310863
v -0.00792124 -0.00714804 0.03310802
v -0.00791880 -0.00719739 0.03308151
v -0.00790413 -0.00722147 0.03306497
v -0.00769387 -0.00725282 0.03274185
v -0.00772002 -0.00728537 0.03280763
v -0.00774851 -0.00729657 0.03287932
v -0.00777700 -0.00728537 0.03295100
v -0.00780315 -0.00725282 0.03301678
v -0.00782480 -0.00720144 0.03307124
v -0.00784016 -0.00713552 0.03310990
v -0.00784797 -0.00706042 0.03312956
v -0.00793090 -0.00702501 0.03313232
v -0.00761284 -0.00711526 0.03271499
v -0.00762540 -0.00716914 0.03274658
v -0.00764309 -0.00721122 0.03279110
v -0.00766446 -0.00723792 0.03284487
v -0.00768775 -0.00724698 0.03290347
v -0.00771104 -0.00723792 0.03296206
v -0.00773241 -0.00721122 0.03301583
v -0.00775011 -0.00716914 0.03306035
v -0.00776267 -0.00711526 0.03309194
v -0.00776905 -0.00705398 0.03310801
v -0.00784883 -0.00702501 0.03313172
v -0.00758356 -0.00704552 0.03277727
v -0.00758808 -0.00708891 0.03278864
v -0.00759697 -0.00712706 0.03281100
v -0.00760949 -0.00715674 0.03284250
v -0.00762461 -0.00717558 0.03288055
v -0.00764109 -0.00718213 0.03292201
v -0.00765757 -0.00717558 0.03296347
v -0.00767269 -0.00715674 0.03300152
v -0.00768521 -0.00712706 0.03303302
v -0.00769410 -0.00708891 0.03305538
v -0.00769862 -0.00704552 0.03306675
v -0.00776976 -0.00702501 0.03310978
v -0.00818253 -0.00702501 0.03270681
v -0.00815636 -0.00709284 0.03266980
v -0.00816415 -0.00710250 0.03268939
v -0.00814992 -0.00707758 0.03265359
v -0.00786570 -0.00711371 0.03252375
v -0.00786943 -0.00714363 0.03253401
v -0.00794601 -0.00713504 0.03253477
v -0.00820225 -0.00703550 0.03278526
v -0.00820251 -0.00702501 0.03278590
v -0.00814276 -0.00702501 0.03263558
v -0.00814302 -0.00703550 0.03263622
v -0.00786169 -0.00702501 0.03251122
v -0.00786333 -0.00708557 0.03251700
v -0.00793822 -0.00706030 0.03251518
v -0.00808640 -0.00704540 0.03257831
v -0.00808591 -0.00702501 0.03257707
v -0.00801655 -0.00705386 0.03253702
v -0.00801586 -0.00702501 0.03253527
v -0.00793737 -0.00702501 0.03251302
v -0.00819993 -0.00705792 0.03277940
v -0.00820084 -0.00704540 0.03286623
v -0.00820134 -0.00702501 0.03286747
v -0.00802801 -0.00727809 0.03294513
v -0.00805207 -0.00722099 0.03300565
v -0.00805057 -0.00719811 0.03302863
v -0.00806914 -0.00714780 0.03304861
v -0.00806073 -0.00714470 0.03305652
v -0.00806703 -0.00708653 0.03307378
v -0.00787972 -0.00719691 0.03256156
v -0.00788611 -0.00722040 0.03257843
v -0.00796132 -0.00720073 0.03257328
v -0.00798289 -0.00725199 0.03262755
v -0.00817909 -0.00702501 0.03294596
v -0.00817839 -0.00705386 0.03294420
v -0.00819635 -0.00708855 0.03285492
v -0.00819535 -0.00707758 0.03276789
v -0.00816001 -0.00717486 0.03276351
v -0.00817263 -0.00710584 0.03271074
v -0.00814362 -0.00718130 0.03272227
v -0.00812723 -0.00717486 0.03268103
v -0.00811219 -0.00715602 0.03264319
v -0.00809974 -0.00712646 0.03261186
v -0.00813729 -0.00702501 0.03301601
v -0.00813644 -0.00706030 0.03301386
v -0.00817204 -0.00711490 0.03292821
v -0.00818751 -0.00712646 0.03283268
v -0.00818891 -0.00709284 0.03275168
v -0.00814193 -0.00721026 0.03285245
v -0.00812065 -0.00723685 0.03279893
v -0.00809747 -0.00724603 0.03274062
v -0.00807429 -0.00723685 0.03268229
v -0.00805302 -0.00721026 0.03262877
v -0.00803541 -0.00716854 0.03258447
v -0.00807878 -0.00702501 0.03307286
v -0.00807783 -0.00706435 0.03307046
v -0.00812865 -0.00713504 0.03299427
v -0.00815954 -0.00716854 0.03289676
v -0.00817506 -0.00715602 0.03280135
v -0.00818112 -0.00710250 0.03273209
v -0.00811334 -0.00720073 0.03295576
v -0.00809177 -0.00725199 0.03290149
v -0.00806572 -0.00728453 0.03283595
v -0.00803733 -0.00729562 0.03276452
v -0.00800894 -0.00728453 0.03269309
v -0.00802291 -0.00711490 0.03255302
v -0.00809090 -0.00708855 0.03258962
v -0.00814534 -0.00705792 0.03264208
v -0.00799896 -0.00731445 0.03287202
v -0.00796729 -0.00732685 0.03279236
v -0.00793562 -0.00731445 0.03271269
v -0.00790657 -0.00727809 0.03263958
v -0.00806921 -0.00702501 0.03307972
v -0.00840073 -0.00719453 0.03247445
v -0.00802388 -0.00719453 0.03251856
v -0.00801493 -0.00711359 0.03248094
v -0.00801186 -0.00702501 0.03246802
v -0.00821102 -0.00719453 0.03248547
v -0.00854861 -0.00722040 0.03250089
v -0.00855081 -0.00719822 0.03248393
v -0.00855450 -0.00714518 0.03245447
v -0.00840075 -0.00711359 0.03243578
v -0.00855584 -0.00711371 0.03244296
v -0.00855655 -0.00708712 0.03243619
v -0.00840076 -0.00702501 0.03242250
v -0.00855684 -0.00702501 0.03242985
v -0.00855658 -0.00696446 0.03243586
v -0.00840075 -0.00693632 0.03243578
v -0.00855584 -0.00693632 0.03244296
v -0.00855458 -0.00690640 0.03245382
v -0.00840073 -0.00685550 0.03247445
v -0.00855093 -0.00685311 0.03248299
v -0.00854861 -0.00682963 0.03250089
v -0.00840071 -0.00680567 0.03251667
v -0.00854565 -0.00680567 0.03252338
v -0.00789418 -0.00680567 0.03259964
v -0.00803365 -0.00680567 0.03255963
v -0.00788611 -0.00682963 0.03257843
v -0.00802388 -0.00685550 0.03251856
v -0.00801493 -0.00693632 0.03248094
v -0.00786966 -0.00690485 0.03253463
v -0.00788005 -0.00685168 0.03256244
v -0.00786344 -0.00696279 0.03251733
v -0.00786570 -0.00693632 0.03252375
v -0.00820652 -0.00711359 0.03244707
v -0.00820498 -0.00702501 0.03243387
v -0.00820652 -0.00693632 0.03244707
v -0.00821102 -0.00685550 0.03248547
v -0.00821592 -0.00680567 0.03252740
v -0.00830946 -0.00707782 0.03263459
v -0.00831127 -0.00705803 0.03262227
v -0.00828985 -0.00702501 0.03269425
v -0.00830692 -0.00709320 0.03265196
v -0.00830385 -0.00710298 0.03267294
v -0.00830051 -0.00710631 0.03269580
v -0.00829716 -0.00710298 0.03271867
v -0.00829409 -0.00709320 0.03273965
v -0.00829155 -0.00707782 0.03275701
v -0.00828975 -0.00705803 0.03276934
v -0.00831219 -0.00703562 0.03261600
v -0.00831229 -0.00702501 0.03261531
v -0.00828873 -0.00702501 0.03277630
v -0.00828883 -0.00703562 0.03277561
v -0.00830902 -0.00702501 0.03285582
v -0.00841331 -0.00705398 0.03248985
v -0.00841358 -0.00702501 0.03248797
v -0.00835450 -0.00702501 0.03254493
v -0.00848512 -0.00706042 0.03245066
v -0.00848546 -0.00702501 0.03244836
v -0.00848206 -0.00713552 0.03247160
v -0.00847603 -0.00720144 0.03251275
v -0.00854522 -0.00727869 0.03256511
v -0.00862369 -0.00728704 0.03257108
v -0.00853381 -0.00731505 0.03264312
v -0.00861190 -0.00732459 0.03265166
v -0.00852137 -0.00732745 0.03272812
v -0.00859905 -0.00733746 0.03273948
v -0.00850894 -0.00731505 0.03281312
v -0.00858621 -0.00732459 0.03282730
v -0.00849752 -0.00727869 0.03289112
v -0.00857441 -0.00728704 0.03290789
v -0.00848623 -0.00702501 0.03303090
v -0.00848695 -0.00708569 0.03302479
v -0.00847796 -0.00706447 0.03302485
v -0.00848908 -0.00714398 0.03300670
v -0.00848137 -0.00714804 0.03300153
v -0.00849251 -0.00719739 0.03297736
v -0.00848808 -0.00722147 0.03295570
v -0.00846755 -0.00725282 0.03257074
v -0.00845730 -0.00728537 0.03264078
v -0.00844614 -0.00729657 0.03271711
v -0.00843497 -0.00728537 0.03279344
v -0.00842472 -0.00725282 0.03286348
v -0.00841624 -0.00720144 0.03292147
v -0.00841022 -0.00713552 0.03296262
v -0.00840715 -0.00706042 0.03298356
v -0.00847759 -0.00702501 0.03302741
v -0.00841080 -0.00711526 0.03250697
v -0.00840588 -0.00716914 0.03254061
v -0.00839895 -0.00721122 0.03258801
v -0.00839057 -0.00723792 0.03264526
v -0.00838144 -0.00724698 0.03270765
v -0.00837232 -0.00723792 0.03277004
v -0.00836394 -0.00721122 0.03282729
v -0.00835700 -0.00716914 0.03287468
v -0.00835208 -0.00711526 0.03290832
v -0.00834958 -0.00705398 0.03292544
v -0.00840682 -0.00702501 0.03298586
v -0.00835431 -0.00704552 0.03254626
v -0.00835254 -0.00708891 0.03255837
v -0.00834905 -0.00712706 0.03258217
v -0.00834415 -0.00715674 0.03261572
v -0.00833822 -0.00717558 0.03265623
v -0.00833176 -0.00718213 0.03270038
v -0.00832530 -0.00717558 0.03274453
v -0.00831937 -0.00715674 0.03278504
v -0.00831447 -0.00712706 0.03281858
v -0.00831098 -0.00708891 0.03284238
v -0.00830921 -0.00704552 0.03285449
v -0.00834931 -0.00702501 0.03292732
v -0.00890826 -0.00702501 0.03278472
v -0.00890410 -0.00709284 0.03273959
v -0.00890105 -0.00710250 0.03276045
v -0.00890663 -0.00707758 0.03272233
v -0.00872541 -0.00711371 0.03246778
v -0.00872351 -0.00714363 0.03247853
v -0.00878945 -0.00713504 0.03251747
v -0.00884422 -0.00702501 0.03293327
v -0.00888602 -0.00702501 0.03286321
v -0.00888612 -0.00703550 0.03286253
v -0.00890944 -0.00702501 0.03270315
v -0.00890933 -0.00703550 0.03270384
v -0.00872820 -0.00702501 0.03245492
v -0.00872673 -0.00708557 0.03246075
v -0.00879250 -0.00706030 0.03249661
v -0.00888926 -0.00704540 0.03262538
v -0.00888946 -0.00702501 0.03262406
v -0.00884941 -0.00705386 0.03255470
v -0.00884969 -0.00702501 0.03255283
v -0.00879284 -0.00702501 0.03249432
v -0.00878571 -0.00702501 0.03299012
v -0.00884441 -0.00704540 0.03293194
v -0.00888703 -0.00705792 0.03285629
v -0.00865528 -0.00727809 0.03291386
v -0.00864585 -0.00722099 0.03297830
v -0.00863307 -0.00719811 0.03299745
v -0.00863916 -0.00714780 0.03302404
v -0.00862792 -0.00714470 0.03302668
v -0.00862475 -0.00708653 0.03304479
v -0.00871865 -0.00719691 0.03250753
v -0.00871574 -0.00722040 0.03252534
v -0.00878345 -0.00720073 0.03255848
v -0.00877500 -0.00725199 0.03261626
v -0.00871448 -0.00702501 0.03302989
v -0.00878598 -0.00705386 0.03298825
v -0.00884617 -0.00708855 0.03291990
v -0.00888882 -0.00707758 0.03284404
v -0.00886041 -0.00717486 0.03282257
v -0.00889773 -0.00710584 0.03278318
v -0.00886684 -0.00718130 0.03277866
v -0.00887326 -0.00717486 0.03273475
v -0.00887916 -0.00715602 0.03269446
v -0.00888404 -0.00712646 0.03266110
v -0.00863538 -0.00702501 0.03304987
v -0.00871481 -0.00706030 0.03302760
v -0.00878847 -0.00711490 0.03297121
v -0.00884964 -0.00712646 0.03289622
v -0.00889135 -0.00709284 0.03282677
v -0.00880027 -0.00721026 0.03289055
v -0.00880861 -0.00723685 0.03283357
v -0.00881770 -0.00724603 0.03277147
v -0.00882678 -0.00723685 0.03270938
v -0.00883512 -0.00721026 0.03265239
v -0.00884202 -0.00716854 0.03260522
v -0.00889440 -0.00710250 0.03280591
v -0.00885452 -0.00715602 0.03286287
v -0.00879337 -0.00716854 0.03293773
v -0.00871787 -0.00713504 0.03300674
v -0.00863576 -0.00706435 0.03304731
v -0.00872387 -0.00720073 0.03296573
v -0.00873232 -0.00725199 0.03290795
v -0.00874253 -0.00728453 0.03283816
v -0.00875366 -0.00729562 0.03276210
v -0.00876479 -0.00728453 0.03268605
v -0.00884692 -0.00711490 0.03257173
v -0.00888750 -0.00708855 0.03263742
v -0.00890842 -0.00705792 0.03271007
v -0.00870288 -0.00727809 0.03258853
v -0.00869149 -0.00731445 0.03266637
v -0.00867908 -0.00732685 0.03275120
v -0.00866667 -0.00731445 0.03283602
v -0.00862366 -0.00702501 0.03305101
v -0.00921341 -0.00719453 0.03269260
v -0.00923276 -0.00693632 0.03265912
v -0.00936348 -0.00693632 0.03274288
v -0.00936768 -0.00696446 0.03273710
v -0.00923941 -0.00702501 0.03264762
v -0.00935696 -0.00690640 0.03275165
v -0.00921341 -0.00685550 0.03269260
v -0.00933921 -0.00685311 0.03277509
v -0.00932826 -0.00682963 0.03278943
v -0.00919229 -0.00680567 0.03272915
v -0.00931445 -0.00680567 0.03280743
v -0.00871213 -0.00680567 0.03254774
v -0.00885291 -0.00680567 0.03258283
v -0.00871574 -0.00682963 0.03252534
v -0.00886499 -0.00685550 0.03254238
v -0.00871849 -0.00685168 0.03250846
v -0.00872340 -0.00690485 0.03247918
v -0.00887605 -0.00693632 0.03250532
v -0.00872541 -0.00693632 0.03246778
v -0.00872666 -0.00696279 0.03246108
v -0.00887985 -0.00702501 0.03249260
v -0.00887605 -0.00711359 0.03250532
v -0.00886499 -0.00719453 0.03254238
v -0.00904360 -0.00719453 0.03260729
v -0.00923276 -0.00711359 0.03265912
v -0.00935656 -0.00714518 0.03275217
v -0.00933864 -0.00719822 0.03277584
v -0.00932826 -0.00722040 0.03278943
v -0.00937091 -0.00702501 0.03273203
v -0.00936748 -0.00708712 0.03273738
v -0.00936348 -0.00711371 0.03274288
v -0.00905891 -0.00711359 0.03257177
v -0.00906417 -0.00702501 0.03255958
v -0.00905891 -0.00693632 0.03257177
v -0.00904360 -0.00685550 0.03260729
v -0.00902688 -0.00680567 0.03264605
v -0.00905430 -0.00707782 0.03278565
v -0.00906202 -0.00705803 0.03277588
v -0.00900748 -0.00702501 0.03282750
v -0.00904341 -0.00709320 0.03279942
v -0.00903026 -0.00710298 0.03281606
v -0.00901593 -0.00710631 0.03283419
v -0.00900161 -0.00710298 0.03285231
v -0.00898846 -0.00709320 0.03286895
v -0.00897757 -0.00707782 0.03288272
v -0.00896985 -0.00705803 0.03289249
v -0.00906595 -0.00703562 0.03277091
v -0.00906638 -0.00702501 0.03277036
v -0.00896549 -0.00702501 0.03289801
v -0.00896592 -0.00703562 0.03289746
v -0.00894330 -0.00702501 0.03297702
v -0.00921660 -0.00705398 0.03271223
v -0.00921778 -0.00702501 0.03271074
v -0.00913813 -0.00702501 0.03273052
v -0.00929838 -0.00706042 0.03271419
v -0.00929983 -0.00702501 0.03271237
v -0.00928526 -0.00713552 0.03273079
v -0.00925947 -0.00720144 0.03276342
v -0.00929321 -0.00727869 0.03284336
v -0.00935819 -0.00728704 0.03288776
v -0.00924432 -0.00731505 0.03290521
v -0.00930768 -0.00732459 0.03295166
v -0.00919105 -0.00732745 0.03297260
v -0.00925264 -0.00733746 0.03302129
v -0.00913778 -0.00731505 0.03304000
v -0.00919761 -0.00732459 0.03309092
v -0.00908890 -0.00727869 0.03310185
v -0.00914710 -0.00728704 0.03315481
v -0.00900922 -0.00702501 0.03321725
v -0.00901291 -0.00708569 0.03321232
v -0.00900509 -0.00706447 0.03320787
v -0.00902380 -0.00714398 0.03319771
v -0.00901970 -0.00714804 0.03318939
v -0.00904143 -0.00719739 0.03317402
v -0.00904842 -0.00722147 0.03315305
v -0.00922313 -0.00725282 0.03280940
v -0.00917923 -0.00728537 0.03286493
v -0.00913140 -0.00729657 0.03292545
v -0.00908356 -0.00728537 0.03298597
v -0.00903967 -0.00725282 0.03304150
v -0.00900333 -0.00720144 0.03308748
v -0.00897753 -0.00713552 0.03312011
v -0.00896441 -0.00706042 0.03313671
v -0.00900349 -0.00702501 0.03320991
v -0.00920587 -0.00711526 0.03272580
v -0.00918479 -0.00716914 0.03275247
v -0.00915509 -0.00721122 0.03279005
v -0.00911921 -0.00723792 0.03283544
v -0.00908011 -0.00724698 0.03288491
v -0.00904101 -0.00723792 0.03293438
v -0.00900513 -0.00721122 0.03297977
v -0.00897542 -0.00716914 0.03301735
v -0.00895434 -0.00711526 0.03304402
v -0.00894362 -0.00705398 0.03305759
v -0.00896297 -0.00702501 0.03313854
v -0.00913730 -0.00704552 0.03273158
v -0.00912971 -0.00708891 0.03274118
v -0.00911479 -0.00712706 0.03276005
v -0.00909377 -0.00715674 0.03278664
v -0.00906838 -0.00717558 0.03281877
v -0.00904071 -0.00718213 0.03285377
v -0.00901304 -0.00717558 0.03288877
v -0.00898765 -0.00715674 0.03292090
v -0.00896664 -0.00712706 0.03294749
v -0.00895172 -0.00708891 0.03296636
v -0.00894413 -0.00704552 0.03297596
v -0.00894244 -0.00702501 0.03305908
v -0.00949781 -0.00702501 0.03321507
v -0.00951677 -0.00709284 0.03317391
v -0.00950370 -0.00710250 0.03319044
v -0.00952759 -0.00707758 0.03316022
v -0.00943973 -0.00703550 0.03327138
v -0.00943930 -0.00702501 0.03327192
v -0.00953961 -0.00702501 0.03314501
v -0.00953918 -0.00703550 0.03314555
v -0.00956185 -0.00702501 0.03306653
v -0.00956102 -0.00704540 0.03306757
v -0.00956302 -0.00702501 0.03298495
v -0.00956185 -0.00705386 0.03298644
v -0.00954305 -0.00702501 0.03290586
v -0.00954161 -0.00706030 0.03290768
v -0.00950677 -0.00702501 0.03283942
v -0.00950258 -0.00708557 0.03284374
v -0.00944363 -0.00705792 0.03326643
v -0.00936890 -0.00704540 0.03331064
v -0.00936807 -0.00702501 0.03331169
v -0.00921415 -0.00727809 0.03320042
v -0.00917376 -0.00722099 0.03325151
v -0.00915312 -0.00719811 0.03326170
v -0.00914510 -0.00714780 0.03328777
v -0.00913405 -0.00714470 0.03328444
v -0.00912225 -0.00708653 0.03329853
v -0.00947219 -0.00719691 0.03288020
v -0.00946077 -0.00722040 0.03289417
v -0.00950284 -0.00720073 0.03295673
v -0.00946663 -0.00725199 0.03300254
v -0.00928897 -0.00702501 0.03333167
v -0.00929015 -0.00705386 0.03333018
v -0.00937645 -0.00708855 0.03330109
v -0.00945131 -0.00707758 0.03325672
v -0.00943744 -0.00717486 0.03322392
v -0.00948945 -0.00710584 0.03320847
v -0.00946496 -0.00718130 0.03318911
v -0.00949248 -0.00717486 0.03315429
v -0.00951773 -0.00715602 0.03312235
v -0.00953864 -0.00712646 0.03309590
v -0.00920740 -0.00702501 0.03333049
v -0.00920884 -0.00706030 0.03332868
v -0.00930082 -0.00711490 0.03331668
v -0.00939128 -0.00712646 0.03328232
v -0.00946214 -0.00709284 0.03324302
v -0.00935137 -0.00721026 0.03325273
v -0.00938708 -0.00723685 0.03320755
v -0.00942600 -0.00724603 0.03315831
v -0.00946492 -0.00723685 0.03310908
v -0.00950063 -0.00721026 0.03306390
v -0.00953019 -0.00716854 0.03302649
v -0.00912892 -0.00702501 0.03330825
v -0.00913052 -0.00706435 0.03330622
v -0.00922191 -0.00713504 0.03331214
v -0.00932181 -0.00716854 0.03329013
v -0.00941219 -0.00715602 0.03325587
v -0.00947521 -0.00710250 0.03322649
v -0.00924761 -0.00720073 0.03327962
v -0.00928382 -0.00725199 0.03323381
v -0.00932756 -0.00728453 0.03317848
v -0.00937522 -0.00729562 0.03311818
v -0.00942289 -0.00728453 0.03305788
v -0.00949090 -0.00714363 0.03285752
v -0.00952854 -0.00713504 0.03292422
v -0.00955118 -0.00711490 0.03299994
v -0.00955348 -0.00708855 0.03307712
v -0.00953527 -0.00705792 0.03315050
v -0.00941804 -0.00727809 0.03294247
v -0.00936926 -0.00731445 0.03300418
v -0.00931610 -0.00732685 0.03307144
v -0.00926293 -0.00731445 0.03313870
v -0.00911819 -0.00702501 0.03330338
v -0.00962381 -0.00707782 0.03328889
v -0.00963539 -0.00705803 0.03328429
v -0.00956234 -0.00702501 0.03330173
v -0.00960750 -0.00709320 0.03329537
v -0.00958779 -0.00710298 0.03330320
v -0.00956632 -0.00710631 0.03331174
v -0.00954485 -0.00710298 0.03332027
v -0.00952515 -0.00709320 0.03332810
v -0.00950883 -0.00707782 0.03333459
v -0.00949726 -0.00705803 0.03333919
v -0.00964128 -0.00703562 0.03328195
v -0.00964192 -0.00702501 0.03328169
v -0.00949072 -0.00702501 0.03334179
v -0.00949137 -0.00703562 0.03334153
v -0.00943200 -0.00702501 0.03339912
v -0.00980108 -0.00705398 0.03330645
v -0.00980285 -0.00702501 0.03330575
v -0.00972398 -0.00702501 0.03328306
v -0.00987093 -0.00706042 0.03334904
v -0.00987309 -0.00702501 0.03334819
v -0.00992482 -0.00702501 0.03340076
v -0.00991917 -0.00708712 0.03340367
v -0.00985127 -0.00713552 0.03335686
v -0.00981261 -0.00720144 0.03337222
v -0.00987496 -0.00719822 0.03342257
v -0.00990232 -0.00714518 0.03341103
v -0.00980186 -0.00727869 0.03345832
v -0.00985918 -0.00722040 0.03342914
v -0.00983593 -0.00728704 0.03352926
v -0.00972860 -0.00731505 0.03348744
v -0.00976025 -0.00732459 0.03355934
v -0.00964877 -0.00732745 0.03351917
v -0.00967777 -0.00733746 0.03359213
v -0.00956894 -0.00731505 0.03355090
v -0.00959529 -0.00732459 0.03362491
v -0.00949568 -0.00727869 0.03358002
v -0.00951960 -0.00728704 0.03365499
v -0.00936898 -0.00702501 0.03364013
v -0.00937463 -0.00708569 0.03363770
v -0.00937009 -0.00706447 0.03362994
v -0.00939137 -0.00714398 0.03363049
v -0.00939198 -0.00714804 0.03362124
v -0.00941848 -0.00719739 0.03361880
v -0.00943503 -0.00722147 0.03360413
v -0.00975815 -0.00725282 0.03339387
v -0.00969237 -0.00728537 0.03342002
v -0.00962068 -0.00729657 0.03344851
v -0.00954900 -0.00728537 0.03347700
v -0.00948322 -0.00725282 0.03350315
v -0.00942876 -0.00720144 0.03352480
v -0.00939010 -0.00713552 0.03354016
v -0.00937044 -0.00706042 0.03354798
v -0.00936768 -0.00702501 0.03363090
v -0.00978501 -0.00711526 0.03331284
v -0.00975342 -0.00716914 0.03332540
v -0.00970890 -0.00721122 0.03334309
v -0.00965513 -0.00723792 0.03336446
v -0.00959654 -0.00724698 0.03338775
v -0.00953794 -0.00723792 0.03341104
v -0.00948417 -0.00721122 0.03343241
v -0.00943966 -0.00716914 0.03345011
v -0.00940806 -0.00711526 0.03346267
v -0.00939199 -0.00705398 0.03346905
v -0.00936828 -0.00702501 0.03354884
v -0.00972273 -0.00704552 0.03328356
v -0.00971136 -0.00708891 0.03328808
v -0.00968900 -0.00712706 0.03329697
v -0.00965750 -0.00715674 0.03330949
v -0.00961945 -0.00717558 0.03332461
v -0.00957799 -0.00718213 0.03334109
v -0.00953653 -0.00717558 0.03335757
v -0.00949848 -0.00715674 0.03337269
v -0.00946698 -0.00712706 0.03338521
v -0.00944462 -0.00708891 0.03339410
v -0.00943325 -0.00704552 0.03339862
v -0.00939022 -0.00702501 0.03346976
v -0.00979319 -0.00702501 0.03388253
v -0.00983020 -0.00709284 0.03385636
v -0.00981061 -0.00710250 0.03386415
v -0.00984641 -0.00707758 0.03384992
v -0.00997625 -0.00711371 0.03356570
v -0.00996599 -0.00714363 0.03356943
v -0.00996523 -0.00713504 0.03364601
v -0.00971474 -0.00703550 0.03390225
v -0.00971410 -0.00702501 0.03390251
v -0.00986442 -0.00702501 0.03384276
v -0.00986378 -0.00703550 0.03384301
v -0.00998878 -0.00702501 0.03356169
v -0.00998300 -0.00708557 0.03356333
v -0.00998482 -0.00706030 0.03363822
v -0.00992169 -0.00704540 0.03378640
v -0.00992293 -0.00702501 0.03378591
v -0.00996297 -0.00705386 0.03371655
v -0.00996473 -0.00702501 0.03371586
v -0.00998698 -0.00702501 0.03363737
v -0.00972060 -0.00705792 0.03389993
v -0.00963377 -0.00704540 0.03390084
v -0.00963253 -0.00702501 0.03390134
v -0.00955487 -0.00727809 0.03372801
v -0.00949434 -0.00722099 0.03375207
v -0.00947137 -0.00719811 0.03375057
v -0.00945139 -0.00714780 0.03376914
v -0.00944348 -0.00714470 0.03376073
v -0.00942622 -0.00708653 0.03376703
v -0.00993844 -0.00719691 0.03357972
v -0.00992157 -0.00722040 0.03358611
v -0.00992672 -0.00720073 0.03366132
v -0.00987246 -0.00725199 0.03368289
v -0.00955404 -0.00702501 0.03387909
v -0.00955580 -0.00705386 0.03387839
v -0.00964508 -0.00708855 0.03389635
v -0.00973211 -0.00707758 0.03389535
v -0.00973649 -0.00717486 0.03386001
v -0.00978926 -0.00710584 0.03387263
v -0.00977773 -0.00718130 0.03384363
v -0.00981897 -0.00717486 0.03382723
v -0.00985681 -0.00715602 0.03381219
v -0.00988814 -0.00712646 0.03379974
v -0.00948399 -0.00702501 0.03383729
v -0.00948614 -0.00706030 0.03383644
v -0.00957179 -0.00711490 0.03387203
v -0.00966732 -0.00712646 0.03388751
v -0.00974832 -0.00709284 0.03388891
v -0.00964755 -0.00721026 0.03384193
v -0.00970106 -0.00723685 0.03382066
v -0.00975939 -0.00724603 0.03379747
v -0.00981771 -0.00723685 0.03377429
v -0.00987122 -0.00721026 0.03375302
v -0.00991553 -0.00716854 0.03373541
v -0.00942714 -0.00702501 0.03377878
v -0.00942954 -0.00706435 0.03377783
v -0.00950573 -0.00713504 0.03382865
v -0.00960324 -0.00716854 0.03385954
v -0.00969865 -0.00715602 0.03387506
v -0.00976791 -0.00710250 0.03388112
v -0.00954424 -0.00720073 0.03381334
v -0.00959851 -0.00725199 0.03379177
v -0.00966405 -0.00728453 0.03376572
v -0.00973548 -0.00729562 0.03373733
v -0.00980691 -0.00728453 0.03370894
v -0.00994698 -0.00711490 0.03372291
v -0.00991038 -0.00708855 0.03379090
v -0.00985792 -0.00705792 0.03384534
v -0.00986042 -0.00727809 0.03360657
v -0.00978731 -0.00731445 0.03363562
v -0.00970764 -0.00732685 0.03366729
v -0.00962797 -0.00731445 0.03369895
v -0.00942028 -0.00702501 0.03376921
v -0.01001453 -0.00719453 0.03391102
v -0.01003198 -0.00702501 0.03371186
v -0.01001906 -0.00711359 0.03371493
v -0.00998144 -0.00719453 0.03372388
v -0.00999912 -0.00722040 0.03424861
v -0.01002555 -0.00719453 0.03410073
v -0.01001607 -0.00719822 0.03425080
v -0.01004553 -0.00714518 0.03425450
v -0.01006422 -0.00711359 0.03410075
v -0.01005703 -0.00711371 0.03425584
v -0.01006381 -0.00708712 0.03425655
v -0.01007750 -0.00702501 0.03410076
v -0.01007015 -0.00702501 0.03425684
v -0.01006414 -0.00696446 0.03425658
v -0.01006422 -0.00693632 0.03410075
v -0.01005703 -0.00693632 0.03425584
v -0.01004618 -0.00690640 0.03425457
v -0.01002555 -0.00685550 0.03410073
v -0.01001701 -0.00685311 0.03425093
v -0.00999912 -0.00682963 0.03424861
v -0.00998333 -0.00680567 0.03410072
v -0.00997662 -0.00680567 0.03424565
v -0.00990036 -0.00680567 0.03359418
v -0.00994037 -0.00680567 0.03373365
v -0.00992157 -0.00682963 0.03358611
v -0.00998144 -0.00685550 0.03372388
v -0.01001906 -0.00693632 0.03371493
v -0.00996537 -0.00690485 0.03356966
v -0.00993756 -0.00685168 0.03358005
v -0.00998268 -0.00696279 0.03356344
v -0.00997625 -0.00693632 0.03356570
v -0.01005294 -0.00711359 0.03390652
v -0.01006612 -0.00702501 0.03390498
v -0.01005294 -0.00693632 0.03390652
v -0.01001453 -0.00685550 0.03391102
v -0.00997260 -0.00680567 0.03391592
v -0.00984804 -0.00709320 0.03400692
v -0.00986541 -0.00707782 0.03400946
v -0.00980575 -0.00702501 0.03398985
v -0.00982706 -0.00710298 0.03400385
v -0.00980419 -0.00710631 0.03400051
v -0.00978133 -0.00710298 0.03399716
v -0.00976035 -0.00709320 0.03399409
v -0.00974298 -0.00707782 0.03399155
v -0.00973066 -0.00705803 0.03398975
v -0.00993489 -0.00727869 0.03424522
v -0.00988400 -0.00703562 0.03401218
v -0.00988469 -0.00702501 0.03401228
v -0.00987773 -0.00705803 0.03401127
v -0.00972370 -0.00702501 0.03398873
v -0.00972439 -0.00703562 0.03398883
v -0.00964418 -0.00702501 0.03400902
v -0.00995374 -0.00704552 0.03405431
v -0.00995507 -0.00702501 0.03405450
v -0.01001015 -0.00705398 0.03411331
v -0.01001203 -0.00702501 0.03411359
v -0.01004934 -0.00706042 0.03418512
v -0.01005164 -0.00702501 0.03418546
v -0.01002840 -0.00713552 0.03418206
v -0.00998725 -0.00720144 0.03417603
v -0.00992926 -0.00725282 0.03416755
v -0.00992892 -0.00728704 0.03432369
v -0.00985688 -0.00731505 0.03423381
v -0.00984834 -0.00732459 0.03431190
v -0.00977188 -0.00732745 0.03422137
v -0.00976052 -0.00733746 0.03429905
v -0.00968688 -0.00731505 0.03420894
v -0.00967270 -0.00732459 0.03428620
v -0.00960888 -0.00727869 0.03419752
v -0.00959211 -0.00728704 0.03427441
v -0.00946909 -0.00702501 0.03418623
v -0.00947521 -0.00708569 0.03418695
v -0.00947515 -0.00706447 0.03417796
v -0.00949330 -0.00714398 0.03418908
v -0.00949846 -0.00714804 0.03418137
v -0.00952264 -0.00719739 0.03419251
v -0.00954430 -0.00722147 0.03418808
v -0.00985922 -0.00728537 0.03415730
v -0.00978289 -0.00729657 0.03414613
v -0.00970656 -0.00728537 0.03413497
v -0.00963652 -0.00725282 0.03412472
v -0.00957853 -0.00720144 0.03411623
v -0.00953737 -0.00713552 0.03411021
v -0.00951644 -0.00706042 0.03410715
v -0.00947259 -0.00702501 0.03417759
v -0.00999303 -0.00711526 0.03411080
v -0.00995939 -0.00716914 0.03410588
v -0.00991200 -0.00721122 0.03409895
v -0.00985474 -0.00723792 0.03409057
v -0.00979235 -0.00724698 0.03408144
v -0.00972996 -0.00723792 0.03407232
v -0.00967271 -0.00721122 0.03406394
v -0.00962531 -0.00716914 0.03405700
v -0.00959167 -0.00711526 0.03405208
v -0.00957456 -0.00705398 0.03404958
v -0.00951414 -0.00702501 0.03410682
v -0.00994163 -0.00708891 0.03405254
v -0.00991782 -0.00712706 0.03404905
v -0.00988428 -0.00715674 0.03404415
v -0.00984377 -0.00717558 0.03403822
v -0.00979962 -0.00718213 0.03403176
v -0.00975547 -0.00717558 0.03402530
v -0.00971496 -0.00715674 0.03401937
v -0.00968142 -0.00712706 0.03401447
v -0.00965762 -0.00708891 0.03401098
v -0.00964551 -0.00704552 0.03400921
v -0.00957268 -0.00702501 0.03404931
v -0.01003223 -0.00711371 0.03442541
v -0.01002147 -0.00714363 0.03442351
v -0.00998253 -0.00713504 0.03448945
v -0.00999247 -0.00719691 0.03441865
v -0.00997466 -0.00722040 0.03441574
v -0.00994152 -0.00720073 0.03448345
v -0.00991147 -0.00727809 0.03440288
v -0.00988374 -0.00725199 0.03447499
v -0.00971528 -0.00702501 0.03460826
v -0.00963747 -0.00703550 0.03458612
v -0.00963679 -0.00702501 0.03458602
v -0.00979685 -0.00702501 0.03460943
v -0.00979616 -0.00703550 0.03460934
v -0.01004508 -0.00702501 0.03442820
v -0.01003925 -0.00708557 0.03442673
v -0.01000339 -0.00706030 0.03449250
v -0.00987462 -0.00704540 0.03458926
v -0.00987594 -0.00702501 0.03458945
v -0.00994530 -0.00705386 0.03454941
v -0.00994717 -0.00702501 0.03454969
v -0.01000568 -0.00702501 0.03449284
v -0.00964371 -0.00705792 0.03458703
v -0.00956806 -0.00704540 0.03454441
v -0.00956673 -0.00702501 0.03454421
v -0.00950282 -0.00719846 0.03433308
v -0.00947368 -0.00714565 0.03432788
v -0.00947596 -0.00714780 0.03433916
v -0.00945586 -0.00708963 0.03432468
v -0.00958614 -0.00727809 0.03435528
v -0.00950988 -0.00702501 0.03448571
v -0.00951175 -0.00705386 0.03448598
v -0.00958010 -0.00708855 0.03454617
v -0.00965596 -0.00707758 0.03458882
v -0.00947011 -0.00702501 0.03441448
v -0.00947240 -0.00706030 0.03441482
v -0.00952879 -0.00711490 0.03448847
v -0.00960378 -0.00712646 0.03454963
v -0.00967323 -0.00709284 0.03459135
v -0.00989478 -0.00716854 0.03454202
v -0.00984761 -0.00721026 0.03453512
v -0.00983890 -0.00712646 0.03458404
v -0.00980554 -0.00715602 0.03457915
v -0.00977767 -0.00707758 0.03460663
v -0.00978993 -0.00705792 0.03460842
v -0.00986257 -0.00708855 0.03458750
v -0.00992827 -0.00711490 0.03454692
v -0.00976040 -0.00709284 0.03460410
v -0.00949326 -0.00713504 0.03441787
v -0.00945269 -0.00706435 0.03433576
v -0.00945013 -0.00702501 0.03433539
v -0.00944905 -0.00703205 0.03432345
v -0.00944897 -0.00702501 0.03432343
v -0.00952169 -0.00722099 0.03434585
v -0.00953427 -0.00720073 0.03442387
v -0.00956227 -0.00716854 0.03449337
v -0.00959205 -0.00725199 0.03443232
v -0.00960944 -0.00721026 0.03450027
v -0.00963713 -0.00715602 0.03455452
v -0.00966398 -0.00731445 0.03436667
v -0.00966184 -0.00728453 0.03444253
v -0.00966643 -0.00723685 0.03450861
v -0.00967743 -0.00717486 0.03456041
v -0.00969409 -0.00710250 0.03459440
v -0.00971682 -0.00710584 0.03459772
v -0.00972134 -0.00718130 0.03456683
v -0.00972853 -0.00724603 0.03451770
v -0.00973790 -0.00729562 0.03445366
v -0.00974881 -0.00732685 0.03437908
v -0.00983363 -0.00731445 0.03439149
v -0.00981395 -0.00728453 0.03446478
v -0.00979062 -0.00723685 0.03452678
v -0.00976525 -0.00717486 0.03457326
v -0.00973955 -0.00710250 0.03460105
v -0.00989271 -0.00719453 0.03474360
v -0.01000740 -0.00702501 0.03457985
v -0.00999468 -0.00711359 0.03457605
v -0.00995762 -0.00719453 0.03456499
v -0.00971057 -0.00722040 0.03502826
v -0.00980740 -0.00719453 0.03491341
v -0.00972416 -0.00719822 0.03503864
v -0.00974783 -0.00714518 0.03505656
v -0.00984088 -0.00711359 0.03493276
v -0.00975711 -0.00711371 0.03506348
v -0.00976262 -0.00708712 0.03506748
v -0.00985238 -0.00702501 0.03493940
v -0.00976797 -0.00702501 0.03507091
v -0.00976290 -0.00696446 0.03506768
v -0.00984088 -0.00693632 0.03493276
v -0.00975711 -0.00693632 0.03506348
v -0.00974835 -0.00690640 0.03505696
v -0.00980740 -0.00685550 0.03491341
v -0.00972491 -0.00685311 0.03503921
v -0.00971057 -0.00682963 0.03502826
v -0.00977085 -0.00680567 0.03489228
v -0.00969257 -0.00680567 0.03501445
v -0.00995226 -0.00680567 0.03441213
v -0.00991717 -0.00680567 0.03455291
v -0.00997466 -0.00682963 0.03441574
v -0.00995762 -0.00685550 0.03456499
v -0.00999468 -0.00693632 0.03457605
v -0.01002082 -0.00690485 0.03442340
v -0.00999154 -0.00685168 0.03441849
v -0.01003892 -0.00696279 0.03442666
v -0.01003222 -0.00693632 0.03442540
v -0.00992822 -0.00711359 0.03475891
v -0.00994042 -0.00702501 0.03476417
v -0.00992822 -0.00693632 0.03475891
v -0.00989271 -0.00685550 0.03474360
v -0.00985395 -0.00680567 0.03472688
v -0.00972386 -0.00705792 0.03476165
v -0.00972880 -0.00703550 0.03476556
v -0.00967250 -0.00702501 0.03470748
v -0.00970045 -0.00709284 0.03474315
v -0.00971414 -0.00707758 0.03475397
v -0.00968392 -0.00710250 0.03473008
v -0.00966589 -0.00710584 0.03471584
v -0.00964787 -0.00710250 0.03470159
v -0.00963133 -0.00709284 0.03468852
v -0.00961764 -0.00707758 0.03467770
v -0.00960793 -0.00705792 0.03467002
v -0.00965784 -0.00727809 0.03499114
v -0.00960244 -0.00702501 0.03466568
v -0.00960298 -0.00703550 0.03466611
v -0.00952395 -0.00702501 0.03464343
v -0.00976912 -0.00702501 0.03483722
v -0.00972935 -0.00702501 0.03476599
v -0.00978910 -0.00702501 0.03491631
v -0.00976807 -0.00704540 0.03483639
v -0.00978792 -0.00702501 0.03499788
v -0.00978761 -0.00705386 0.03491514
v -0.00978611 -0.00706030 0.03499645
v -0.00976957 -0.00713504 0.03498337
v -0.00973705 -0.00720073 0.03495767
v -0.00934880 -0.00722099 0.03474686
v -0.00939989 -0.00727809 0.03478725
v -0.00928257 -0.00702501 0.03470937
v -0.00928763 -0.00708641 0.03471310
v -0.00929409 -0.00706435 0.03470361
v -0.00930332 -0.00714720 0.03472469
v -0.00931253 -0.00714780 0.03471819
v -0.00932455 -0.00719489 0.03474041
v -0.00935418 -0.00723935 0.03476238
v -0.00959613 -0.00731445 0.03494235
v -0.00952887 -0.00732685 0.03488919
v -0.00946161 -0.00731445 0.03483603
v -0.00969124 -0.00725199 0.03492146
v -0.00963591 -0.00728453 0.03487772
v -0.00957561 -0.00729562 0.03483006
v -0.00951530 -0.00728453 0.03478240
v -0.00945997 -0.00725199 0.03473866
v -0.00941416 -0.00720073 0.03470245
v -0.00938164 -0.00713504 0.03467675
v -0.00936511 -0.00706030 0.03466368
v -0.00929206 -0.00702501 0.03470201
v -0.00977411 -0.00711490 0.03490447
v -0.00974756 -0.00716854 0.03488348
v -0.00971016 -0.00721026 0.03485392
v -0.00966498 -0.00723685 0.03481821
v -0.00961574 -0.00724603 0.03477929
v -0.00956650 -0.00723685 0.03474037
v -0.00952132 -0.00721026 0.03470466
v -0.00948392 -0.00716854 0.03467509
v -0.00945737 -0.00711490 0.03465411
v -0.00944387 -0.00705386 0.03464343
v -0.00936329 -0.00702501 0.03466224
v -0.00975852 -0.00708855 0.03482884
v -0.00973975 -0.00712646 0.03481400
v -0.00971330 -0.00715602 0.03479310
v -0.00968135 -0.00717486 0.03476784
v -0.00964653 -0.00718130 0.03474033
v -0.00961172 -0.00717486 0.03471281
v -0.00957977 -0.00715602 0.03468756
v -0.00955332 -0.00712646 0.03466665
v -0.00953455 -0.00708855 0.03465181
v -0.00952500 -0.00704540 0.03464426
v -0.00944238 -0.00702501 0.03464226
v -0.00685661 -0.00762189 0.03288006
v -0.00677141 -0.00762189 0.03299638
v -0.00996904 -0.00757505 0.03534021
v -0.00996661 -0.00759233 0.03533829
v -0.00987172 -0.00759233 0.03544970
v -0.00987399 -0.00757505 0.03545179
v -0.00970683 -0.00759233 0.03560991
v -0.00970885 -0.00757505 0.03561225
v -0.00952463 -0.00759233 0.03575011
v -0.00952637 -0.00757505 0.03575267
v -0.00932751 -0.00759233 0.03586844
v -0.00932895 -0.00757505 0.03587117
v -0.00911811 -0.00759233 0.03596332
v -0.00911922 -0.00757505 0.03596621
v -0.00889918 -0.00759233 0.03603351
v -0.00889996 -0.00757505 0.03603650
v -0.00867364 -0.00759233 0.03607807
v -0.00867407 -0.00757505 0.03608113
v -0.00844448 -0.00759233 0.03609641
v -0.00844455 -0.00757505 0.03609950
v -0.00821472 -0.00759233 0.03608830
v -0.00821443 -0.00757505 0.03609137
v -0.00798742 -0.00759233 0.03605382
v -0.00798678 -0.00757505 0.03605685
v -0.00776559 -0.00759233 0.03599345
v -0.00776460 -0.00757505 0.03599638
v -0.00755216 -0.00759233 0.03590799
v -0.00755085 -0.00757505 0.03591079
v -0.00734998 -0.00759233 0.03579856
v -0.00734835 -0.00757505 0.03580119
v -0.00716171 -0.00759233 0.03566661
v -0.00715979 -0.00757505 0.03566904
v -0.00698985 -0.00759233 0.03551390
v -0.00698767 -0.00757505 0.03551609
v -0.00683669 -0.00759233 0.03534246
v -0.00683427 -0.00757505 0.03534438
v -0.00670424 -0.00759233 0.03515454
v -0.00670162 -0.00757505 0.03515617
v -0.00659428 -0.00759233 0.03495265
v -0.00659148 -0.00757505 0.03495397
v -0.00650824 -0.00759233 0.03473945
v -0.00650531 -0.00757505 0.03474044
v -0.00644728 -0.00759233 0.03451778
v -0.00644426 -0.00757505 0.03451842
v -0.00641220 -0.00759233 0.03429057
v -0.00640913 -0.00757505 0.03429087
v -0.00640347 -0.00759233 0.03406084
v -0.00640038 -0.00757505 0.03406078
v -0.00642121 -0.00759233 0.03383162
v -0.00641814 -0.00757505 0.03383121
v -0.00646517 -0.00759233 0.03360596
v -0.00646217 -0.00757505 0.03360520
v -0.00653477 -0.00759233 0.03338685
v -0.00653189 -0.00757505 0.03338575
v -0.00662910 -0.00759233 0.03317720
v -0.00662636 -0.00757505 0.03317577
v -0.00674690 -0.00759233 0.03297977
v -0.00674434 -0.00757505 0.03297804
v -0.00683339 -0.00759233 0.03286171
v -0.00683096 -0.00757505 0.03285979
v -0.00665536 -0.00762189 0.03319088
v -0.00656243 -0.00762189 0.03339742
v -0.00649385 -0.00762189 0.03361329
v -0.00645054 -0.00762189 0.03383560
v -0.00643307 -0.00762189 0.03406142
v -0.00644167 -0.00762189 0.03428775
v -0.00647623 -0.00762189 0.03451158
v -0.00653629 -0.00762189 0.03472997
v -0.00662104 -0.00762189 0.03494000
v -0.00672938 -0.00762189 0.03513891
v -0.00685986 -0.00762189 0.03532404
v -0.00701076 -0.00762189 0.03549295
v -0.00718006 -0.00762189 0.03564339
v -0.00736554 -0.00762189 0.03577338
v -0.00756473 -0.00762189 0.03588118
v -0.00777499 -0.00762189 0.03596538
v -0.00799354 -0.00762189 0.03602486
v -0.00821747 -0.00762189 0.03605882
v -0.00844382 -0.00762189 0.03606682
v -0.00866959 -0.00762189 0.03604875
v -0.00889178 -0.00762189 0.03600485
v -0.00910746 -0.00762189 0.03593570
v -0.00931376 -0.00762189 0.03584222
v -0.00950795 -0.00762189 0.03572565
v -0.00968746 -0.00762189 0.03558753
v -0.00984990 -0.00762189 0.03542969
v -0.00994339 -0.00762189 0.03531994
v -0.00995755 -0.00761033 0.03533113
v -0.00986320 -0.00761033 0.03544189
v -0.00969927 -0.00761033 0.03560118
v -0.00951812 -0.00761033 0.03574056
v -0.00932215 -0.00761033 0.03585820
v -0.00911395 -0.00761033 0.03595254
v -0.00889630 -0.00761033 0.03602232
v -0.00867206 -0.00761033 0.03606663
v -0.00844422 -0.00761033 0.03608486
v -0.00821579 -0.00761033 0.03607679
v -0.00798981 -0.00761033 0.03604252
v -0.00776926 -0.00761033 0.03598250
v -0.00755707 -0.00761033 0.03589753
v -0.00735605 -0.00761033 0.03578873
v -0.00716887 -0.00761033 0.03565755
v -0.00699801 -0.00761033 0.03550573
v -0.00684573 -0.00761033 0.03533527
v -0.00671405 -0.00761033 0.03514844
v -0.00660472 -0.00761033 0.03494771
v -0.00651919 -0.00761033 0.03473575
v -0.00645858 -0.00761033 0.03451536
v -0.00642371 -0.00761033 0.03428947
v -0.00641503 -0.00761033 0.03406106
v -0.00643266 -0.00761033 0.03383317
v -0.00647636 -0.00761033 0.03360882
v -0.00654557 -0.00761033 0.03339098
v -0.00663935 -0.00761033 0.03318254
v -0.00675647 -0.00761033 0.03298625
v -0.00684245 -0.00761033 0.03286887
v -0.00695010 -0.00762189 0.03277031
v -0.00693680 -0.00761033 0.03275811
v -0.00692828 -0.00759233 0.03275030
v -0.00692601 -0.00757505 0.03274821
v -0.00709317 -0.00759233 0.03259009
v -0.00709115 -0.00757505 0.03258775
v -0.00727537 -0.00759233 0.03244989
v -0.00727363 -0.00757505 0.03244733
v -0.00747249 -0.00759233 0.03233156
v -0.00747105 -0.00757505 0.03232883
v -0.00768189 -0.00759233 0.03223668
v -0.00768078 -0.00757505 0.03223379
v -0.00790082 -0.00759233 0.03216649
v -0.00790004 -0.00757505 0.03216350
v -0.00812636 -0.00759233 0.03212193
v -0.00812593 -0.00757505 0.03211887
v -0.00835552 -0.00759233 0.03210359
v -0.00835545 -0.00757505 0.03210049
v -0.00858528 -0.00759233 0.03211170
v -0.00858557 -0.00757505 0.03210863
v -0.00881258 -0.00759233 0.03214618
v -0.00881322 -0.00757505 0.03214315
v -0.00903441 -0.00759233 0.03220655
v -0.00903540 -0.00757505 0.03220361
v -0.00924784 -0.00759233 0.03229201
v -0.00924915 -0.00757505 0.03228921
v -0.00945002 -0.00759233 0.03240144
v -0.00945165 -0.00757505 0.03239881
v -0.00963829 -0.00759233 0.03253338
v -0.00964021 -0.00757505 0.03253096
v -0.00981015 -0.00759233 0.03268610
v -0.00981233 -0.00757505 0.03268391
v -0.00996331 -0.00759233 0.03285754
v -0.00996573 -0.00757505 0.03285562
v -0.01009576 -0.00759233 0.03304546
v -0.01009838 -0.00757505 0.03304383
v -0.01020573 -0.00759233 0.03324736
v -0.01020852 -0.00757505 0.03324603
v -0.01029176 -0.00759233 0.03346055
v -0.01029469 -0.00757505 0.03345956
v -0.01035272 -0.00759233 0.03368222
v -0.01035574 -0.00757505 0.03368158
v -0.01038780 -0.00759233 0.03390943
v -0.01039087 -0.00757505 0.03390913
v -0.01039653 -0.00759233 0.03413916
v -0.01039962 -0.00757505 0.03413922
v -0.01037879 -0.00759233 0.03436838
v -0.01038186 -0.00757505 0.03436879
v -0.01033483 -0.00759233 0.03459404
v -0.01033783 -0.00757505 0.03459480
v -0.01026523 -0.00759233 0.03481315
v -0.01026811 -0.00757505 0.03481425
v -0.01017090 -0.00759233 0.03502281
v -0.01017364 -0.00757505 0.03502423
v -0.01005310 -0.00759233 0.03522023
v -0.01005566 -0.00757505 0.03522196
v -0.00711254 -0.00762189 0.03261247
v -0.00729205 -0.00762189 0.03247435
v -0.00748624 -0.00762189 0.03235778
v -0.00769254 -0.00762189 0.03226430
v -0.00790822 -0.00762189 0.03219515
v -0.00813041 -0.00762189 0.03215125
v -0.00835618 -0.00762189 0.03213318
v -0.00858253 -0.00762189 0.03214118
v -0.00880647 -0.00762189 0.03217514
v -0.00902501 -0.00762189 0.03223462
v -0.00923527 -0.00762189 0.03231882
v -0.00943446 -0.00762189 0.03242662
v -0.00961994 -0.00762189 0.03255661
v -0.00978924 -0.00762189 0.03270705
v -0.00994014 -0.00762189 0.03287596
v -0.01007062 -0.00762189 0.03306109
v -0.01017896 -0.00762189 0.03326000
v -0.01026371 -0.00762189 0.03347003
v -0.01032377 -0.00762189 0.03368841
v -0.01035833 -0.00762189 0.03391225
v -0.01036693 -0.00762189 0.03413858
v -0.01034946 -0.00762189 0.03436440
v -0.01030615 -0.00762189 0.03458671
v -0.01023757 -0.00762189 0.03480257
v -0.01014465 -0.00762189 0.03500912
v -0.01002859 -0.00762189 0.03520362
v -0.00710073 -0.00761033 0.03259882
v -0.00728188 -0.00761033 0.03245944
v -0.00747785 -0.00761033 0.03234180
v -0.00768605 -0.00761033 0.03224746
v -0.00790370 -0.00761033 0.03217768
v -0.00812794 -0.00761033 0.03213337
v -0.00835578 -0.00761033 0.03211514
v -0.00858421 -0.00761033 0.03212321
v -0.00881019 -0.00761033 0.03215748
v -0.00903074 -0.00761033 0.03221750
v -0.00924293 -0.00761033 0.03230247
v -0.00944395 -0.00761033 0.03241127
v -0.00963113 -0.00761033 0.03254245
v -0.00980199 -0.00761033 0.03269428
v -0.00995427 -0.00761033 0.03286473
v -0.01008595 -0.00761033 0.03305156
v -0.01019528 -0.00761033 0.03325229
v -0.01028081 -0.00761033 0.03346425
v -0.01034142 -0.00761033 0.03368464
v -0.01037629 -0.00761033 0.03391053
v -0.01038497 -0.00761033 0.03413894
v -0.01036734 -0.00761033 0.03436683
v -0.01032364 -0.00761033 0.03459118
v -0.01025443 -0.00761033 0.03480902
v -0.01016065 -0.00761033 0.03501746
v -0.01004353 -0.00761033 0.03521375
v -0.00922833 -0.00701440 0.03513933
v -0.00923331 -0.00699187 0.03514326
v -0.00925685 -0.00695683 0.03516188
v -0.00927349 -0.00694705 0.03517503
v -0.00924308 -0.00697220 0.03515099
v -0.00930974 -0.00694705 0.03520368
v -0.00932638 -0.00695683 0.03521683
v -0.00929161 -0.00694359 0.03518935
v -0.00930020 -0.00679351 0.03484214
v -0.00931527 -0.00679208 0.03482345
v -0.00934519 -0.00676287 0.03484710
v -0.00961907 -0.00685168 0.03517159
v -0.00964198 -0.00690485 0.03519048
v -0.00957754 -0.00691451 0.03522775
v -0.00951502 -0.00699605 0.03526167
v -0.00935489 -0.00701440 0.03523937
v -0.00943339 -0.00700451 0.03526116
v -0.00959414 -0.00698949 0.03524087
v -0.00965601 -0.00696279 0.03520236
v -0.00960583 -0.00682963 0.03516077
v -0.00954491 -0.00684858 0.03520196
v -0.00958824 -0.00680567 0.03514644
v -0.00955928 -0.00677134 0.03511639
v -0.00960662 -0.00679804 0.03512517
v -0.00964216 -0.00679208 0.03508183
v -0.00961224 -0.00676287 0.03505819
v -0.00949743 -0.00673498 0.03506751
v -0.00954834 -0.00672532 0.03500768
v -0.00943003 -0.00672258 0.03501423
v -0.00947871 -0.00671245 0.03495264
v -0.00936264 -0.00673498 0.03496096
v -0.00940908 -0.00672532 0.03489761
v -0.00930079 -0.00677134 0.03491208
v -0.00926874 -0.00680567 0.03487871
v -0.00924959 -0.00682856 0.03487160
v -0.00923794 -0.00685264 0.03485281
v -0.00921325 -0.00690199 0.03484288
v -0.00921531 -0.00690604 0.03483384
v -0.00919476 -0.00698556 0.03482827
v -0.00920134 -0.00696422 0.03482214
v -0.00917162 -0.00698949 0.03490690
v -0.00916965 -0.00699605 0.03498869
v -0.00918901 -0.00700451 0.03506799
v -0.00919861 -0.00696112 0.03507558
v -0.00921748 -0.00692297 0.03509049
v -0.00924407 -0.00689329 0.03511152
v -0.00927619 -0.00687433 0.03513690
v -0.00931120 -0.00686790 0.03516457
v -0.00934620 -0.00687433 0.03519224
v -0.00937832 -0.00689329 0.03521763
v -0.00918322 -0.00693465 0.03499941
v -0.00920990 -0.00688077 0.03502050
v -0.00924748 -0.00683881 0.03505020
v -0.00929287 -0.00681211 0.03508608
v -0.00934234 -0.00680305 0.03512518
v -0.00939180 -0.00681211 0.03516428
v -0.00943720 -0.00683881 0.03520016
v -0.00950145 -0.00693465 0.03525095
v -0.00942379 -0.00696112 0.03525357
v -0.00934992 -0.00699187 0.03523544
v -0.00934015 -0.00697220 0.03522771
v -0.00940492 -0.00692297 0.03523865
v -0.00947478 -0.00688077 0.03522987
v -0.00918822 -0.00691451 0.03492002
v -0.00922085 -0.00684858 0.03494582
v -0.00926683 -0.00679720 0.03498216
v -0.00932236 -0.00676454 0.03502605
v -0.00938288 -0.00675334 0.03507389
v -0.00944340 -0.00676454 0.03512172
v -0.00949893 -0.00679720 0.03516562
v -0.00916081 -0.00699187 0.03519726
v -0.00915847 -0.00701440 0.03519137
v -0.00917189 -0.00695683 0.03522515
v -0.00916541 -0.00697220 0.03520883
v -0.00917973 -0.00694705 0.03524485
v -0.00918826 -0.00694359 0.03526632
v -0.00919679 -0.00694705 0.03528779
v -0.00920463 -0.00695683 0.03530750
v -0.00921111 -0.00697220 0.03532381
v -0.00921571 -0.00699187 0.03533539
v -0.00921805 -0.00701440 0.03534128
v -0.00912777 -0.00684858 0.03551261
v -0.00907086 -0.00682963 0.03555918
v -0.00906217 -0.00680567 0.03553822
v -0.00910613 -0.00679720 0.03545815
v -0.00907780 -0.00685311 0.03557583
v -0.00914314 -0.00691451 0.03555127
v -0.00908923 -0.00690640 0.03560293
v -0.00915095 -0.00698949 0.03557093
v -0.00909647 -0.00696446 0.03561948
v -0.00910138 -0.00700451 0.03513325
v -0.00903095 -0.00699605 0.03509199
v -0.00895202 -0.00698949 0.03507044
v -0.00886237 -0.00696350 0.03507479
v -0.00887006 -0.00698556 0.03507009
v -0.00887876 -0.00690199 0.03509199
v -0.00883092 -0.00679208 0.03518417
v -0.00887554 -0.00679804 0.03516537
v -0.00891998 -0.00677134 0.03519568
v -0.00889719 -0.00680567 0.03515542
v -0.00889587 -0.00682856 0.03513503
v -0.00888139 -0.00685192 0.03511892
v -0.00886964 -0.00690521 0.03509167
v -0.00884501 -0.00676287 0.03521960
v -0.00894909 -0.00673498 0.03526894
v -0.00887509 -0.00672532 0.03529529
v -0.00898083 -0.00672258 0.03534877
v -0.00890787 -0.00671245 0.03537777
v -0.00901256 -0.00673498 0.03542861
v -0.00894065 -0.00672532 0.03546024
v -0.00904167 -0.00677134 0.03550186
v -0.00897074 -0.00676287 0.03553593
v -0.00895984 -0.00691451 0.03509010
v -0.00897520 -0.00684858 0.03512876
v -0.00899685 -0.00679720 0.03518322
v -0.00902299 -0.00676454 0.03524900
v -0.00905149 -0.00675334 0.03532068
v -0.00907998 -0.00676454 0.03539237
v -0.00901072 -0.00679351 0.03556079
v -0.00898482 -0.00679208 0.03557137
v -0.00903733 -0.00693465 0.03510806
v -0.00904989 -0.00688077 0.03513965
v -0.00906758 -0.00683881 0.03518417
v -0.00908896 -0.00681211 0.03523794
v -0.00911225 -0.00680305 0.03529654
v -0.00913554 -0.00681211 0.03535513
v -0.00915691 -0.00683881 0.03540890
v -0.00917460 -0.00688077 0.03545342
v -0.00918716 -0.00693465 0.03548501
v -0.00919355 -0.00699605 0.03550108
v -0.00910590 -0.00696112 0.03514462
v -0.00911479 -0.00692297 0.03516698
v -0.00912731 -0.00689329 0.03519848
v -0.00914243 -0.00687433 0.03523653
v -0.00915891 -0.00686790 0.03527799
v -0.00917539 -0.00687433 0.03531945
v -0.00919051 -0.00689329 0.03535750
v -0.00920303 -0.00692297 0.03538900
v -0.00921192 -0.00696112 0.03541136
v -0.00921644 -0.00700451 0.03542273
v -0.00871360 -0.00700463 0.03562169
v -0.00865698 -0.00701440 0.03556378
v -0.00865466 -0.00699211 0.03555793
v -0.00874870 -0.00685514 0.03516926
v -0.00876126 -0.00681068 0.03520394
v -0.00874793 -0.00682891 0.03519434
v -0.00883868 -0.00684918 0.03562672
v -0.00885399 -0.00691486 0.03566523
v -0.00878345 -0.00699617 0.03566298
v -0.00886178 -0.00698973 0.03568482
v -0.00889343 -0.00677181 0.03556042
v -0.00877199 -0.00677181 0.03525487
v -0.00876300 -0.00680567 0.03520876
v -0.00880853 -0.00679351 0.03519282
v -0.00873311 -0.00696362 0.03512607
v -0.00872217 -0.00698556 0.03512954
v -0.00866356 -0.00698973 0.03518614
v -0.00862161 -0.00699617 0.03525580
v -0.00859916 -0.00700463 0.03533377
v -0.00859775 -0.00701440 0.03541474
v -0.00877709 -0.00693513 0.03564698
v -0.00870910 -0.00696148 0.03561038
v -0.00876459 -0.00688149 0.03561553
v -0.00870026 -0.00692357 0.03558814
v -0.00865008 -0.00697244 0.03554641
v -0.00864364 -0.00695718 0.03553019
v -0.00868781 -0.00689400 0.03555681
v -0.00874698 -0.00683964 0.03557122
v -0.00881711 -0.00679804 0.03557245
v -0.00893237 -0.00679804 0.03559113
v -0.00868666 -0.00684918 0.03524424
v -0.00870823 -0.00679804 0.03529851
v -0.00864046 -0.00688149 0.03530324
v -0.00865807 -0.00683964 0.03534755
v -0.00861249 -0.00692357 0.03536732
v -0.00862494 -0.00689400 0.03539865
v -0.00860465 -0.00697244 0.03543211
v -0.00860007 -0.00699211 0.03542060
v -0.00860365 -0.00696148 0.03534508
v -0.00862797 -0.00693513 0.03527179
v -0.00867135 -0.00691486 0.03520573
v -0.00873086 -0.00690223 0.03515138
v -0.00873972 -0.00690282 0.03514441
v -0.00861109 -0.00695718 0.03544832
v -0.00886438 -0.00673557 0.03548731
v -0.00879106 -0.00676550 0.03550691
v -0.00872571 -0.00681318 0.03551771
v -0.00867277 -0.00687517 0.03551897
v -0.00863585 -0.00694741 0.03551061
v -0.00883271 -0.00672318 0.03540764
v -0.00876267 -0.00675441 0.03543548
v -0.00870253 -0.00680400 0.03545938
v -0.00865638 -0.00686873 0.03547773
v -0.00862737 -0.00694407 0.03548926
v -0.00880104 -0.00673557 0.03532797
v -0.00873428 -0.00676550 0.03536405
v -0.00867935 -0.00681318 0.03540106
v -0.00863999 -0.00687517 0.03543649
v -0.00861888 -0.00694741 0.03546792
v -0.00851025 -0.00699187 0.03543065
v -0.00851117 -0.00701440 0.03542439
v -0.00850591 -0.00695683 0.03546035
v -0.00850845 -0.00697220 0.03544298
v -0.00850284 -0.00694705 0.03548133
v -0.00849949 -0.00694359 0.03550420
v -0.00849615 -0.00694705 0.03552706
v -0.00849308 -0.00695683 0.03554804
v -0.00849054 -0.00697220 0.03556541
v -0.00848873 -0.00699187 0.03557773
v -0.00848782 -0.00701440 0.03558401
v -0.00831278 -0.00696028 0.03517597
v -0.00832204 -0.00698556 0.03517515
v -0.00831863 -0.00690199 0.03519846
v -0.00832396 -0.00684858 0.03568725
v -0.00833245 -0.00679720 0.03562926
v -0.00831794 -0.00691451 0.03572840
v -0.00831488 -0.00698949 0.03574934
v -0.00849079 -0.00700451 0.03534551
v -0.00845042 -0.00699605 0.03527456
v -0.00839285 -0.00698949 0.03521644
v -0.00831355 -0.00701798 0.03516909
v -0.00823110 -0.00679208 0.03525438
v -0.00827914 -0.00679804 0.03526041
v -0.00830247 -0.00677134 0.03530888
v -0.00830287 -0.00680567 0.03526262
v -0.00831192 -0.00682856 0.03524430
v -0.00830738 -0.00685156 0.03522337
v -0.00831074 -0.00690437 0.03519396
v -0.00822559 -0.00676287 0.03529211
v -0.00829106 -0.00673498 0.03538688
v -0.00821379 -0.00672532 0.03537270
v -0.00827862 -0.00672258 0.03547188
v -0.00820095 -0.00671245 0.03546052
v -0.00826619 -0.00673498 0.03555688
v -0.00818810 -0.00672532 0.03554834
v -0.00825477 -0.00677134 0.03563489
v -0.00817631 -0.00676287 0.03562892
v -0.00838978 -0.00691451 0.03523737
v -0.00838376 -0.00684858 0.03527853
v -0.00837528 -0.00679720 0.03533652
v -0.00836503 -0.00676454 0.03540656
v -0.00835386 -0.00675334 0.03548289
v -0.00834270 -0.00676454 0.03555922
v -0.00819851 -0.00679351 0.03567045
v -0.00817079 -0.00679208 0.03566666
v -0.00844792 -0.00693465 0.03529167
v -0.00844299 -0.00688077 0.03532531
v -0.00843606 -0.00683881 0.03537271
v -0.00842768 -0.00681211 0.03542996
v -0.00841856 -0.00680305 0.03549235
v -0.00840943 -0.00681211 0.03555474
v -0.00840105 -0.00683881 0.03561199
v -0.00839412 -0.00688077 0.03565940
v -0.00838919 -0.00693465 0.03569303
v -0.00838669 -0.00699605 0.03571014
v -0.00848902 -0.00696112 0.03535762
v -0.00848553 -0.00692297 0.03538142
v -0.00848063 -0.00689329 0.03541496
v -0.00847470 -0.00687433 0.03545547
v -0.00846824 -0.00686790 0.03549962
v -0.00846178 -0.00687433 0.03554377
v -0.00845585 -0.00689329 0.03558429
v -0.00845095 -0.00692297 0.03561782
v -0.00844746 -0.00696112 0.03564163
v -0.00844569 -0.00700451 0.03565374
v -0.00791074 -0.00700463 0.03557462
v -0.00789066 -0.00701440 0.03549616
v -0.00789158 -0.00699211 0.03548993
v -0.00816735 -0.00685514 0.03520036
v -0.00816089 -0.00681068 0.03523667
v -0.00815415 -0.00682891 0.03522170
v -0.00801655 -0.00684918 0.03564152
v -0.00801055 -0.00691486 0.03568253
v -0.00795059 -0.00699617 0.03564530
v -0.00800750 -0.00698973 0.03570339
v -0.00809712 -0.00677181 0.03561148
v -0.00814472 -0.00677181 0.03528614
v -0.00815999 -0.00680567 0.03524171
v -0.00820739 -0.00679351 0.03525067
v -0.00817544 -0.00696362 0.03515516
v -0.00816424 -0.00698556 0.03515269
v -0.00808519 -0.00698973 0.03517240
v -0.00801402 -0.00699617 0.03521175
v -0.00795559 -0.00700463 0.03526806
v -0.00791388 -0.00701440 0.03533747
v -0.00795308 -0.00693513 0.03562827
v -0.00791250 -0.00696148 0.03556257
v -0.00795798 -0.00688149 0.03559478
v -0.00791596 -0.00692357 0.03553890
v -0.00789337 -0.00697244 0.03547767
v -0.00789590 -0.00695718 0.03546041
v -0.00792084 -0.00689400 0.03550554
v -0.00796488 -0.00683964 0.03554761
v -0.00802500 -0.00679804 0.03558374
v -0.00811548 -0.00679804 0.03565755
v -0.00807613 -0.00684918 0.03523427
v -0.00806768 -0.00679804 0.03529205
v -0.00800663 -0.00688149 0.03526227
v -0.00799973 -0.00683964 0.03530945
v -0.00795036 -0.00692357 0.03530378
v -0.00794548 -0.00689400 0.03533714
v -0.00791118 -0.00697244 0.03535596
v -0.00791297 -0.00699211 0.03534371
v -0.00795383 -0.00696148 0.03528010
v -0.00801153 -0.00693513 0.03522879
v -0.00808213 -0.00691486 0.03519326
v -0.00816084 -0.00690223 0.03517596
v -0.00817200 -0.00690282 0.03517435
v -0.00790865 -0.00695718 0.03537323
v -0.00810851 -0.00673557 0.03553363
v -0.00803521 -0.00676550 0.03551395
v -0.00797322 -0.00681318 0.03549062
v -0.00792674 -0.00687517 0.03546525
v -0.00789895 -0.00694741 0.03543955
v -0.00812092 -0.00672318 0.03544881
v -0.00804634 -0.00675441 0.03543790
v -0.00798230 -0.00680400 0.03542853
v -0.00793316 -0.00686873 0.03542134
v -0.00790227 -0.00694407 0.03541682
v -0.00813333 -0.00673557 0.03536398
v -0.00805747 -0.00676550 0.03536184
v -0.00799139 -0.00681318 0.03536643
v -0.00793959 -0.00687517 0.03537743
v -0.00790560 -0.00694741 0.03539409
v -0.00783015 -0.00699187 0.03530751
v -0.00783408 -0.00701440 0.03530253
v -0.00781154 -0.00695683 0.03533105
v -0.00782243 -0.00697220 0.03531728
v -0.00779839 -0.00694705 0.03534769
v -0.00778406 -0.00694359 0.03536582
v -0.00776974 -0.00694705 0.03538394
v -0.00775659 -0.00695683 0.03540058
v -0.00774570 -0.00697220 0.03541435
v -0.00773798 -0.00699187 0.03542412
v -0.00773405 -0.00701440 0.03542909
v -0.00778648 -0.00696028 0.03498821
v -0.00779491 -0.00698556 0.03499212
v -0.00778030 -0.00690199 0.03501061
v -0.00754053 -0.00684858 0.03543658
v -0.00757687 -0.00679720 0.03539060
v -0.00751473 -0.00691451 0.03546921
v -0.00750161 -0.00698949 0.03548581
v -0.00785587 -0.00700451 0.03522404
v -0.00785638 -0.00699605 0.03514241
v -0.00783559 -0.00698949 0.03506329
v -0.00779058 -0.00701798 0.03498264
v -0.00767654 -0.00679208 0.03501527
v -0.00771513 -0.00679804 0.03504451
v -0.00771110 -0.00677134 0.03509815
v -0.00773458 -0.00680567 0.03505829
v -0.00775157 -0.00682856 0.03504695
v -0.00775810 -0.00685156 0.03502656
v -0.00777572 -0.00690437 0.03500276
v -0.00765290 -0.00676287 0.03504519
v -0.00766222 -0.00673498 0.03516000
v -0.00760239 -0.00672532 0.03510908
v -0.00760895 -0.00672258 0.03522740
v -0.00754736 -0.00671245 0.03517871
v -0.00755567 -0.00673498 0.03529479
v -0.00749232 -0.00672532 0.03524834
v -0.00750679 -0.00677134 0.03535664
v -0.00744181 -0.00676287 0.03531224
v -0.00782247 -0.00691451 0.03507989
v -0.00779667 -0.00684858 0.03511252
v -0.00776033 -0.00679720 0.03515849
v -0.00771644 -0.00676454 0.03521403
v -0.00766860 -0.00675334 0.03527455
v -0.00762076 -0.00676454 0.03533507
v -0.00744028 -0.00679351 0.03535930
v -0.00741817 -0.00679208 0.03534216
v -0.00784566 -0.00693465 0.03515598
v -0.00782458 -0.00688077 0.03518265
v -0.00779487 -0.00683881 0.03522023
v -0.00775899 -0.00681211 0.03526562
v -0.00771989 -0.00680305 0.03531509
v -0.00768079 -0.00681211 0.03536456
v -0.00764491 -0.00683881 0.03540995
v -0.00761521 -0.00688077 0.03544753
v -0.00759412 -0.00693465 0.03547420
v -0.00758340 -0.00699605 0.03548777
v -0.00784828 -0.00696112 0.03523364
v -0.00783336 -0.00692297 0.03525251
v -0.00781234 -0.00689329 0.03527910
v -0.00778696 -0.00687433 0.03531123
v -0.00775929 -0.00686790 0.03534623
v -0.00773162 -0.00687433 0.03538124
v -0.00770623 -0.00689329 0.03541335
v -0.00768521 -0.00692297 0.03543995
v -0.00767029 -0.00696112 0.03545882
v -0.00766270 -0.00700451 0.03546842
v -0.00735356 -0.00680567 0.03528824
v -0.00733923 -0.00682963 0.03530583
v -0.00729716 -0.00684918 0.03524327
v -0.00726082 -0.00701440 0.03505445
v -0.00723898 -0.00700463 0.03513243
v -0.00726473 -0.00699211 0.03504950
v -0.00732841 -0.00685168 0.03531906
v -0.00730952 -0.00690485 0.03534197
v -0.00727146 -0.00691486 0.03527578
v -0.00729764 -0.00696279 0.03535601
v -0.00738196 -0.00677181 0.03525753
v -0.00758585 -0.00677181 0.03499958
v -0.00762129 -0.00680567 0.03496874
v -0.00765786 -0.00679351 0.03500020
v -0.00766616 -0.00690604 0.03491531
v -0.00764719 -0.00685264 0.03493794
v -0.00762624 -0.00682891 0.03494849
v -0.00767786 -0.00696422 0.03490134
v -0.00766948 -0.00698556 0.03489378
v -0.00759116 -0.00698973 0.03487132
v -0.00750985 -0.00699617 0.03486982
v -0.00743110 -0.00700463 0.03488936
v -0.00736027 -0.00701440 0.03492862
v -0.00723815 -0.00699617 0.03521356
v -0.00724653 -0.00696148 0.03512288
v -0.00727241 -0.00697244 0.03503978
v -0.00728323 -0.00695718 0.03502609
v -0.00726136 -0.00692357 0.03510410
v -0.00724882 -0.00693513 0.03520006
v -0.00725839 -0.00698973 0.03529232
v -0.00726981 -0.00688149 0.03517351
v -0.00737483 -0.00679804 0.03530662
v -0.00733337 -0.00679804 0.03519746
v -0.00729937 -0.00683964 0.03513610
v -0.00728227 -0.00689400 0.03507766
v -0.00755239 -0.00684918 0.03492038
v -0.00751618 -0.00679804 0.03496619
v -0.00747820 -0.00688149 0.03490987
v -0.00744863 -0.00683964 0.03494727
v -0.00740872 -0.00692357 0.03491768
v -0.00738781 -0.00689400 0.03494413
v -0.00734869 -0.00697244 0.03494328
v -0.00735637 -0.00699211 0.03493357
v -0.00742355 -0.00696148 0.03489891
v -0.00749918 -0.00693513 0.03488332
v -0.00757809 -0.00691486 0.03488786
v -0.00765490 -0.00690223 0.03491222
v -0.00733786 -0.00695718 0.03495698
v -0.00743074 -0.00673557 0.03519582
v -0.00737711 -0.00676550 0.03514212
v -0.00733508 -0.00681318 0.03509092
v -0.00730752 -0.00687517 0.03504571
v -0.00729630 -0.00694741 0.03500956
v -0.00731055 -0.00694407 0.03499153
v -0.00733504 -0.00686873 0.03501089
v -0.00737400 -0.00680400 0.03504169
v -0.00742478 -0.00675441 0.03508182
v -0.00748390 -0.00672318 0.03512856
v -0.00753707 -0.00673557 0.03506130
v -0.00747244 -0.00676550 0.03502152
v -0.00741292 -0.00681318 0.03499245
v -0.00736256 -0.00687517 0.03497608
v -0.00732479 -0.00694741 0.03497351
v -0.00730274 -0.00699187 0.03486081
v -0.00730863 -0.00701440 0.03485847
v -0.00727485 -0.00695683 0.03487189
v -0.00729117 -0.00697220 0.03486541
v -0.00725515 -0.00694705 0.03487973
v -0.00723368 -0.00694359 0.03488826
v -0.00721220 -0.00694705 0.03489679
v -0.00719250 -0.00695683 0.03490463
v -0.00717619 -0.00697220 0.03491111
v -0.00716461 -0.00699187 0.03491571
v -0.00715872 -0.00701440 0.03491805
v -0.00698739 -0.00684858 0.03482777
v -0.00694082 -0.00682963 0.03477086
v -0.00696178 -0.00680567 0.03476217
v -0.00704185 -0.00679720 0.03480613
v -0.00692417 -0.00685311 0.03477780
v -0.00694873 -0.00691451 0.03484314
v -0.00689707 -0.00690640 0.03478923
v -0.00692907 -0.00698949 0.03485095
v -0.00688052 -0.00696446 0.03479647
v -0.00736675 -0.00700451 0.03480138
v -0.00740801 -0.00699605 0.03473094
v -0.00742956 -0.00698949 0.03465202
v -0.00742521 -0.00696350 0.03456237
v -0.00742991 -0.00698556 0.03457006
v -0.00740802 -0.00690199 0.03457876
v -0.00733463 -0.00679804 0.03457554
v -0.00730432 -0.00677134 0.03461998
v -0.00734458 -0.00680567 0.03459719
v -0.00736497 -0.00682856 0.03459587
v -0.00738108 -0.00685192 0.03458139
v -0.00740833 -0.00690521 0.03456964
v -0.00723106 -0.00673498 0.03464909
v -0.00715123 -0.00672258 0.03468082
v -0.00707140 -0.00673498 0.03471256
v -0.00699814 -0.00677134 0.03474167
v -0.00740990 -0.00691451 0.03465984
v -0.00737124 -0.00684858 0.03467520
v -0.00731678 -0.00679720 0.03469685
v -0.00725100 -0.00676454 0.03472300
v -0.00717931 -0.00675334 0.03475149
v -0.00710763 -0.00676454 0.03477998
v -0.00693921 -0.00679351 0.03471072
v -0.00739194 -0.00693465 0.03473733
v -0.00736034 -0.00688077 0.03474989
v -0.00731583 -0.00683881 0.03476758
v -0.00726206 -0.00681211 0.03478896
v -0.00720346 -0.00680305 0.03481225
v -0.00714487 -0.00681211 0.03483554
v -0.00709110 -0.00683881 0.03485691
v -0.00704658 -0.00688077 0.03487460
v -0.00701499 -0.00693465 0.03488716
v -0.00699892 -0.00699605 0.03489355
v -0.00735538 -0.00696112 0.03480590
v -0.00733302 -0.00692297 0.03481479
v -0.00730152 -0.00689329 0.03482731
v -0.00726348 -0.00687433 0.03484243
v -0.00722201 -0.00686790 0.03485891
v -0.00718055 -0.00687433 0.03487539
v -0.00714250 -0.00689329 0.03489051
v -0.00711100 -0.00692297 0.03490303
v -0.00708864 -0.00696112 0.03491192
v -0.00707727 -0.00700451 0.03491644
v -0.00844583 -0.00694812 0.03518145
v -0.00844940 -0.00680567 0.03526562
v -0.00844733 -0.00686575 0.03521678
v -0.00860516 -0.00694812 0.03516280
v -0.00861186 -0.00686575 0.03519752
v -0.00862112 -0.00680567 0.03524552
v -0.00789897 -0.00694812 0.03505948
v -0.00785997 -0.00680567 0.03513416
v -0.00788260 -0.00686575 0.03509083
v -0.00804627 -0.00694812 0.03512299
v -0.00803471 -0.00686575 0.03515641
v -0.00801874 -0.00680567 0.03520261
v -0.00937989 -0.00718416 0.03463783
v -0.00934889 -0.00710190 0.03462082
v -0.00934019 -0.00702501 0.03461605
v -0.00939950 -0.00710190 0.03451551
v -0.00939033 -0.00702501 0.03451170
v -0.00943745 -0.00710190 0.03440878
v -0.00942794 -0.00702501 0.03440595
v -0.00943215 -0.00718416 0.03452909
v -0.00947134 -0.00718416 0.03441887
v -0.00780919 -0.00759233 0.03363300
v -0.00781161 -0.00757505 0.03363492
v -0.00782332 -0.00757505 0.03362047
v -0.00780012 -0.00761033 0.03362584
v -0.00782095 -0.00759233 0.03361850
v -0.00778596 -0.00762189 0.03361465
v -0.00781207 -0.00761033 0.03361111
v -0.00779819 -0.00762189 0.03359957
v -0.00789863 -0.00762189 0.03349897
v -0.00801562 -0.00762189 0.03341819
v -0.00814528 -0.00762189 0.03335991
v -0.00828335 -0.00762189 0.03332605
v -0.00842527 -0.00762189 0.03331771
v -0.00856635 -0.00762189 0.03333519
v -0.00870195 -0.00762189 0.03337789
v -0.00882758 -0.00762189 0.03344442
v -0.00893911 -0.00762189 0.03353257
v -0.00903285 -0.00762189 0.03363945
v -0.00910572 -0.00762189 0.03376152
v -0.00915530 -0.00762189 0.03389475
v -0.00917997 -0.00762189 0.03403476
v -0.00917891 -0.00762189 0.03417692
v -0.00915215 -0.00762189 0.03431654
v -0.00910057 -0.00762189 0.03444901
v -0.00902589 -0.00762189 0.03456997
v -0.00901404 -0.00762189 0.03458535
v -0.00791957 -0.00757505 0.03352407
v -0.00791760 -0.00759233 0.03352170
v -0.00803167 -0.00757505 0.03344667
v -0.00803016 -0.00759233 0.03344398
v -0.00815592 -0.00757505 0.03339083
v -0.00815492 -0.00759233 0.03338791
v -0.00828822 -0.00757505 0.03335838
v -0.00828776 -0.00759233 0.03335532
v -0.00842421 -0.00757505 0.03335039
v -0.00842431 -0.00759233 0.03334730
v -0.00855940 -0.00757505 0.03336713
v -0.00856006 -0.00759233 0.03336412
v -0.00868934 -0.00757505 0.03340806
v -0.00869053 -0.00759233 0.03340521
v -0.00880972 -0.00757505 0.03347180
v -0.00881141 -0.00759233 0.03346922
v -0.00891659 -0.00757505 0.03355628
v -0.00891872 -0.00759233 0.03355404
v -0.00900642 -0.00757505 0.03365869
v -0.00900892 -0.00759233 0.03365687
v -0.00907624 -0.00757505 0.03377566
v -0.00907903 -0.00759233 0.03377432
v -0.00912375 -0.00757505 0.03390333
v -0.00912674 -0.00759233 0.03390251
v -0.00914739 -0.00757505 0.03403748
v -0.00915047 -0.00759233 0.03403722
v -0.00914637 -0.00757505 0.03417370
v -0.00914945 -0.00759233 0.03417401
v -0.00912073 -0.00757505 0.03430749
v -0.00912370 -0.00759233 0.03430834
v -0.00907131 -0.00757505 0.03443443
v -0.00907407 -0.00759233 0.03443581
v -0.00899974 -0.00757505 0.03455034
v -0.00900221 -0.00759233 0.03455220
v -0.00898839 -0.00757505 0.03456508
v -0.00899081 -0.00759233 0.03456699
v -0.00791019 -0.00761033 0.03351283
v -0.00802448 -0.00761033 0.03343392
v -0.00815116 -0.00761033 0.03337698
v -0.00828604 -0.00761033 0.03334390
v -0.00842469 -0.00761033 0.03333575
v -0.00856252 -0.00761033 0.03335283
v -0.00869498 -0.00761033 0.03339455
v -0.00881772 -0.00761033 0.03345954
v -0.00892668 -0.00761033 0.03354566
v -0.00901826 -0.00761033 0.03365007
v -0.00908944 -0.00761033 0.03376932
v -0.00913789 -0.00761033 0.03389949
v -0.00916198 -0.00761033 0.03403626
v -0.00916094 -0.00761033 0.03417514
v -0.00913480 -0.00761033 0.03431154
v -0.00908442 -0.00761033 0.03444096
v -0.00901145 -0.00761033 0.03455914
v -0.00899988 -0.00761033 0.03457416
v -0.00779779 -0.00759233 0.03364780
v -0.00900181 -0.00762189 0.03460043
v -0.00890137 -0.00762189 0.03470103
v -0.00878438 -0.00762189 0.03478181
v -0.00865472 -0.00762189 0.03484009
v -0.00851665 -0.00762189 0.03487395
v -0.00837473 -0.00762189 0.03488228
v -0.00823365 -0.00762189 0.03486481
v -0.00809805 -0.00762189 0.03482211
v -0.00797242 -0.00762189 0.03475558
v -0.00786089 -0.00762189 0.03466742
v -0.00776715 -0.00762189 0.03456055
v -0.00769428 -0.00762189 0.03443848
v -0.00764470 -0.00762189 0.03430525
v -0.00762003 -0.00762189 0.03416524
v -0.00762109 -0.00762189 0.03402308
v -0.00764785 -0.00762189 0.03388346
v -0.00769943 -0.00762189 0.03375099
v -0.00777411 -0.00762189 0.03363002
v -0.00780026 -0.00757505 0.03364966
v -0.00772593 -0.00759233 0.03376419
v -0.00772869 -0.00757505 0.03376557
v -0.00767630 -0.00759233 0.03389166
v -0.00767927 -0.00757505 0.03389251
v -0.00765055 -0.00759233 0.03402599
v -0.00765363 -0.00757505 0.03402630
v -0.00764953 -0.00759233 0.03416277
v -0.00765261 -0.00757505 0.03416252
v -0.00767326 -0.00759233 0.03429748
v -0.00767625 -0.00757505 0.03429667
v -0.00772097 -0.00759233 0.03442568
v -0.00772376 -0.00757505 0.03442434
v -0.00779108 -0.00759233 0.03454313
v -0.00779358 -0.00757505 0.03454131
v -0.00788128 -0.00759233 0.03464596
v -0.00788341 -0.00757505 0.03464372
v -0.00798859 -0.00759233 0.03473078
v -0.00799028 -0.00757505 0.03472820
v -0.00810947 -0.00759233 0.03479479
v -0.00811066 -0.00757505 0.03479194
v -0.00823994 -0.00759233 0.03483589
v -0.00824060 -0.00757505 0.03483286
v -0.00837569 -0.00759233 0.03485270
v -0.00837579 -0.00757505 0.03484961
v -0.00851224 -0.00759233 0.03484468
v -0.00851178 -0.00757505 0.03484162
v -0.00864508 -0.00759233 0.03481210
v -0.00864408 -0.00757505 0.03480917
v -0.00876984 -0.00759233 0.03475602
v -0.00876833 -0.00757505 0.03475333
v -0.00888241 -0.00759233 0.03467830
v -0.00888043 -0.00757505 0.03467593
v -0.00897905 -0.00759233 0.03458150
v -0.00897667 -0.00757505 0.03457953
v -0.00898794 -0.00761033 0.03458889
v -0.00888981 -0.00761033 0.03468717
v -0.00877552 -0.00761033 0.03476608
v -0.00864884 -0.00761033 0.03482302
v -0.00851396 -0.00761033 0.03485610
v -0.00837531 -0.00761033 0.03486425
v -0.00823748 -0.00761033 0.03484717
v -0.00810502 -0.00761033 0.03480545
v -0.00798228 -0.00761033 0.03474046
v -0.00787332 -0.00761033 0.03465434
v -0.00778174 -0.00761033 0.03454993
v -0.00771055 -0.00761033 0.03443068
v -0.00766211 -0.00761033 0.03430051
v -0.00763802 -0.00761033 0.03416374
v -0.00763906 -0.00761033 0.03402486
v -0.00766520 -0.00761033 0.03388846
v -0.00771558 -0.00761033 0.03375904
v -0.00778855 -0.00761033 0.03364086
v -0.00763919 -0.00699187 0.03300275
v -0.00764153 -0.00701440 0.03300863
v -0.00762811 -0.00695683 0.03297485
v -0.00763459 -0.00697220 0.03299117
v -0.00762027 -0.00694705 0.03295515
v -0.00761174 -0.00694359 0.03293368
v -0.00760321 -0.00694705 0.03291221
v -0.00759537 -0.00695683 0.03289250
v -0.00758889 -0.00697220 0.03287619
v -0.00758429 -0.00699187 0.03286461
v -0.00758195 -0.00701440 0.03285872
v -0.00767223 -0.00684858 0.03268738
v -0.00772914 -0.00682963 0.03264082
v -0.00773783 -0.00680567 0.03266178
v -0.00769387 -0.00679720 0.03274184
v -0.00772220 -0.00685311 0.03262417
v -0.00765686 -0.00691451 0.03264873
v -0.00771077 -0.00690640 0.03259707
v -0.00764905 -0.00698949 0.03262907
v -0.00770353 -0.00696446 0.03258052
v -0.00769862 -0.00700451 0.03306675
v -0.00776905 -0.00699605 0.03310801
v -0.00784798 -0.00698949 0.03312956
v -0.00793763 -0.00696350 0.03312521
v -0.00792994 -0.00698556 0.03312991
v -0.00792124 -0.00690199 0.03310801
v -0.00796908 -0.00679208 0.03301583
v -0.00792446 -0.00679804 0.03303463
v -0.00788002 -0.00677134 0.03300432
v -0.00790281 -0.00680567 0.03304458
v -0.00790413 -0.00682856 0.03306497
v -0.00791861 -0.00685192 0.03308108
v -0.00793036 -0.00690521 0.03310833
v -0.00795499 -0.00676287 0.03298040
v -0.00785091 -0.00673498 0.03293106
v -0.00792491 -0.00672532 0.03290471
v -0.00781917 -0.00672258 0.03285123
v -0.00789213 -0.00671245 0.03282223
v -0.00778744 -0.00673498 0.03277139
v -0.00785935 -0.00672532 0.03273975
v -0.00775832 -0.00677134 0.03269814
v -0.00782926 -0.00676287 0.03266407
v -0.00784016 -0.00691451 0.03310990
v -0.00782480 -0.00684858 0.03307124
v -0.00780315 -0.00679720 0.03301678
v -0.00777700 -0.00676454 0.03295100
v -0.00774851 -0.00675334 0.03287932
v -0.00772002 -0.00676454 0.03280763
v -0.00778928 -0.00679351 0.03263921
v -0.00781518 -0.00679208 0.03262863
v -0.00776267 -0.00693465 0.03309194
v -0.00775011 -0.00688077 0.03306035
v -0.00773242 -0.00683881 0.03301583
v -0.00771104 -0.00681211 0.03296206
v -0.00768775 -0.00680305 0.03290346
v -0.00766446 -0.00681211 0.03284487
v -0.00764309 -0.00683881 0.03279110
v -0.00762540 -0.00688077 0.03274658
v -0.00761284 -0.00693465 0.03271499
v -0.00760645 -0.00699605 0.03269892
v -0.00769410 -0.00696112 0.03305538
v -0.00768521 -0.00692297 0.03303302
v -0.00767269 -0.00689329 0.03300152
v -0.00765757 -0.00687433 0.03296347
v -0.00764109 -0.00686790 0.03292201
v -0.00762461 -0.00687433 0.03288055
v -0.00760949 -0.00689329 0.03284250
v -0.00759697 -0.00692297 0.03281100
v -0.00758808 -0.00696112 0.03278864
v -0.00758356 -0.00700451 0.03277727
v -0.00808640 -0.00700463 0.03257831
v -0.00814302 -0.00701440 0.03263622
v -0.00814534 -0.00699211 0.03264208
v -0.00796132 -0.00684918 0.03257328
v -0.00794601 -0.00691486 0.03253477
v -0.00801655 -0.00699617 0.03253702
v -0.00793822 -0.00698973 0.03251518
v -0.00790657 -0.00677181 0.03263958
v -0.00802801 -0.00677181 0.03294513
v -0.00803700 -0.00680567 0.03299124
v -0.00799147 -0.00679351 0.03300718
v -0.00806084 -0.00690604 0.03305682
v -0.00805073 -0.00685264 0.03302908
v -0.00805207 -0.00682891 0.03300565
v -0.00806709 -0.00696422 0.03307394
v -0.00807783 -0.00698556 0.03307046
v -0.00813644 -0.00698973 0.03301386
v -0.00817839 -0.00699617 0.03294420
v -0.00820084 -0.00700463 0.03286623
v -0.00820225 -0.00701440 0.03278526
v -0.00802291 -0.00693513 0.03255302
v -0.00809090 -0.00696148 0.03258962
v -0.00803541 -0.00688149 0.03258447
v -0.00809974 -0.00692357 0.03261186
v -0.00814992 -0.00697244 0.03265359
v -0.00815636 -0.00695718 0.03266980
v -0.00811219 -0.00689400 0.03264319
v -0.00805302 -0.00683964 0.03262877
v -0.00798289 -0.00679804 0.03262755
v -0.00786763 -0.00679804 0.03260887
v -0.00811334 -0.00684918 0.03295576
v -0.00809177 -0.00679804 0.03290149
v -0.00815954 -0.00688149 0.03289676
v -0.00814193 -0.00683964 0.03285245
v -0.00818751 -0.00692357 0.03283268
v -0.00817506 -0.00689400 0.03280135
v -0.00819535 -0.00697244 0.03276789
v -0.00819993 -0.00699211 0.03277940
v -0.00819635 -0.00696148 0.03285492
v -0.00817204 -0.00693513 0.03292821
v -0.00812865 -0.00691486 0.03299427
v -0.00806914 -0.00690223 0.03304861
v -0.00818891 -0.00695718 0.03275168
v -0.00793562 -0.00673557 0.03271269
v -0.00800894 -0.00676550 0.03269309
v -0.00807429 -0.00681318 0.03268229
v -0.00812723 -0.00687517 0.03268103
v -0.00816415 -0.00694741 0.03268939
v -0.00796729 -0.00672318 0.03279236
v -0.00803733 -0.00675441 0.03276452
v -0.00809747 -0.00680400 0.03274062
v -0.00814362 -0.00686873 0.03272227
v -0.00817263 -0.00694407 0.03271074
v -0.00799896 -0.00673557 0.03287202
v -0.00806572 -0.00676550 0.03283595
v -0.00812065 -0.00681318 0.03279893
v -0.00816001 -0.00687517 0.03276351
v -0.00818112 -0.00694741 0.03273209
v -0.00828975 -0.00699187 0.03276934
v -0.00828883 -0.00701440 0.03277561
v -0.00829409 -0.00695683 0.03273965
v -0.00829155 -0.00697220 0.03275702
v -0.00829716 -0.00694705 0.03271867
v -0.00830051 -0.00694359 0.03269580
v -0.00830385 -0.00694705 0.03267294
v -0.00830692 -0.00695683 0.03265196
v -0.00830946 -0.00697220 0.03263459
v -0.00831127 -0.00699187 0.03262227
v -0.00831219 -0.00701440 0.03261599
v -0.00847604 -0.00684858 0.03251275
v -0.00846755 -0.00679720 0.03257074
v -0.00848206 -0.00691451 0.03247160
v -0.00848512 -0.00698949 0.03245066
v -0.00830921 -0.00700451 0.03285449
v -0.00834958 -0.00699605 0.03292544
v -0.00840715 -0.00698949 0.03298356
v -0.00848697 -0.00696350 0.03302463
v -0.00847796 -0.00698556 0.03302485
v -0.00848137 -0.00690199 0.03300153
v -0.00856890 -0.00679208 0.03294562
v -0.00852086 -0.00679804 0.03293959
v -0.00849753 -0.00677134 0.03289112
v -0.00849713 -0.00680567 0.03293739
v -0.00848808 -0.00682856 0.03295570
v -0.00849256 -0.00685192 0.03297689
v -0.00848912 -0.00690521 0.03300637
v -0.00857441 -0.00676287 0.03290789
v -0.00850894 -0.00673498 0.03281312
v -0.00858621 -0.00672532 0.03282730
v -0.00852138 -0.00672258 0.03272812
v -0.00859905 -0.00671245 0.03273948
v -0.00853381 -0.00673498 0.03264312
v -0.00861190 -0.00672532 0.03265166
v -0.00854522 -0.00677134 0.03256511
v -0.00862369 -0.00676287 0.03257108
v -0.00841022 -0.00691451 0.03296263
v -0.00841624 -0.00684858 0.03292147
v -0.00842472 -0.00679720 0.03286348
v -0.00843497 -0.00676454 0.03279344
v -0.00844614 -0.00675334 0.03271711
v -0.00845730 -0.00676454 0.03264078
v -0.00860149 -0.00679351 0.03252955
v -0.00862921 -0.00679208 0.03253334
v -0.00835208 -0.00693465 0.03290833
v -0.00835701 -0.00688077 0.03287469
v -0.00836394 -0.00683881 0.03282729
v -0.00837232 -0.00681211 0.03277004
v -0.00838144 -0.00680305 0.03270765
v -0.00839057 -0.00681211 0.03264526
v -0.00839895 -0.00683881 0.03258801
v -0.00840588 -0.00688077 0.03254061
v -0.00841081 -0.00693465 0.03250697
v -0.00841331 -0.00699605 0.03248985
v -0.00831098 -0.00696112 0.03284238
v -0.00831447 -0.00692297 0.03281858
v -0.00831937 -0.00689329 0.03278504
v -0.00832530 -0.00687433 0.03274453
v -0.00833176 -0.00686790 0.03270038
v -0.00833822 -0.00687433 0.03265623
v -0.00834415 -0.00689329 0.03261571
v -0.00834905 -0.00692297 0.03258217
v -0.00835254 -0.00696112 0.03255837
v -0.00835431 -0.00700451 0.03254626
v -0.00888926 -0.00700463 0.03262538
v -0.00890933 -0.00701440 0.03270384
v -0.00890842 -0.00699211 0.03271007
v -0.00878345 -0.00684918 0.03255848
v -0.00878945 -0.00691486 0.03251747
v -0.00884941 -0.00699617 0.03255470
v -0.00879250 -0.00698973 0.03249661
v -0.00870288 -0.00677181 0.03258853
v -0.00865528 -0.00677181 0.03291386
v -0.00864001 -0.00680567 0.03295829
v -0.00859261 -0.00679351 0.03294933
v -0.00862787 -0.00690604 0.03302700
v -0.00863299 -0.00685264 0.03299792
v -0.00864585 -0.00682891 0.03297830
v -0.00862472 -0.00696422 0.03304495
v -0.00863576 -0.00698556 0.03304731
v -0.00871481 -0.00698973 0.03302760
v -0.00878598 -0.00699617 0.03298825
v -0.00884441 -0.00700463 0.03293194
v -0.00888612 -0.00701440 0.03286253
v -0.00884692 -0.00693513 0.03257173
v -0.00888750 -0.00696148 0.03263742
v -0.00884202 -0.00688149 0.03260522
v -0.00888404 -0.00692357 0.03266110
v -0.00890663 -0.00697244 0.03272233
v -0.00890410 -0.00695718 0.03273959
v -0.00887916 -0.00689400 0.03269446
v -0.00883512 -0.00683964 0.03265239
v -0.00877500 -0.00679804 0.03261626
v -0.00868452 -0.00679804 0.03254245
v -0.00872387 -0.00684918 0.03296573
v -0.00873232 -0.00679804 0.03290795
v -0.00879337 -0.00688149 0.03293773
v -0.00880027 -0.00683964 0.03289055
v -0.00884964 -0.00692357 0.03289622
v -0.00885452 -0.00689400 0.03286287
v -0.00888882 -0.00697244 0.03284404
v -0.00888703 -0.00699211 0.03285629
v -0.00884617 -0.00696148 0.03291990
v -0.00878847 -0.00693513 0.03297121
v -0.00871787 -0.00691486 0.03300674
v -0.00863916 -0.00690223 0.03302404
v -0.00889135 -0.00695718 0.03282677
v -0.00869149 -0.00673557 0.03266637
v -0.00876479 -0.00676550 0.03268605
v -0.00882678 -0.00681318 0.03270938
v -0.00887326 -0.00687517 0.03273475
v -0.00890105 -0.00694741 0.03276045
v -0.00867908 -0.00672318 0.03275120
v -0.00875366 -0.00675441 0.03276210
v -0.00881770 -0.00680400 0.03277147
v -0.00886684 -0.00686873 0.03277866
v -0.00889773 -0.00694407 0.03278318
v -0.00866667 -0.00673557 0.03283602
v -0.00874253 -0.00676550 0.03283816
v -0.00880861 -0.00681318 0.03283357
v -0.00886041 -0.00687517 0.03282257
v -0.00889440 -0.00694741 0.03280591
v -0.00896985 -0.00699187 0.03289249
v -0.00896592 -0.00701440 0.03289746
v -0.00898846 -0.00695683 0.03286895
v -0.00897757 -0.00697220 0.03288272
v -0.00900161 -0.00694705 0.03285231
v -0.00901594 -0.00694359 0.03283419
v -0.00903026 -0.00694705 0.03281606
v -0.00904341 -0.00695683 0.03279942
v -0.00905430 -0.00697220 0.03278565
v -0.00906202 -0.00699187 0.03277588
v -0.00906595 -0.00701440 0.03277091
v -0.00925947 -0.00684858 0.03276342
v -0.00922313 -0.00679720 0.03280940
v -0.00928527 -0.00691451 0.03273079
v -0.00929839 -0.00698949 0.03271419
v -0.00894413 -0.00700451 0.03297596
v -0.00894362 -0.00699605 0.03305759
v -0.00896441 -0.00698949 0.03313671
v -0.00901301 -0.00696350 0.03321218
v -0.00900509 -0.00698556 0.03320787
v -0.00901970 -0.00690199 0.03318939
v -0.00912346 -0.00679208 0.03318473
v -0.00908487 -0.00679804 0.03315549
v -0.00908890 -0.00677134 0.03310185
v -0.00906542 -0.00680567 0.03314171
v -0.00904843 -0.00682856 0.03315305
v -0.00904172 -0.00685192 0.03317364
v -0.00902399 -0.00690521 0.03319745
v -0.00914710 -0.00676287 0.03315481
v -0.00913778 -0.00673498 0.03304000
v -0.00919761 -0.00672532 0.03309092
v -0.00919105 -0.00672258 0.03297260
v -0.00925264 -0.00671245 0.03302129
v -0.00924433 -0.00673498 0.03290521
v -0.00930768 -0.00672532 0.03295166
v -0.00929321 -0.00677134 0.03284336
v -0.00935819 -0.00676287 0.03288776
v -0.00897754 -0.00691451 0.03312011
v -0.00900333 -0.00684858 0.03308748
v -0.00903967 -0.00679720 0.03304151
v -0.00908356 -0.00676454 0.03298597
v -0.00913140 -0.00675334 0.03292545
v -0.00917924 -0.00676454 0.03286493
v -0.00935972 -0.00679351 0.03284070
v -0.00938183 -0.00679208 0.03285784
v -0.00895434 -0.00693465 0.03304402
v -0.00897542 -0.00688077 0.03301735
v -0.00900513 -0.00683881 0.03297977
v -0.00904101 -0.00681211 0.03293438
v -0.00908011 -0.00680305 0.03288491
v -0.00911921 -0.00681211 0.03283544
v -0.00915509 -0.00683881 0.03279005
v -0.00918479 -0.00688077 0.03275247
v -0.00920587 -0.00693465 0.03272580
v -0.00921660 -0.00699605 0.03271223
v -0.00895172 -0.00696112 0.03296636
v -0.00896664 -0.00692297 0.03294749
v -0.00898766 -0.00689329 0.03292090
v -0.00901304 -0.00687433 0.03288877
v -0.00904071 -0.00686790 0.03285377
v -0.00906838 -0.00687433 0.03281877
v -0.00909377 -0.00689329 0.03278664
v -0.00911479 -0.00692297 0.03276005
v -0.00912971 -0.00696112 0.03274118
v -0.00913730 -0.00700451 0.03273158
v -0.00944644 -0.00680567 0.03291177
v -0.00946077 -0.00682963 0.03289417
v -0.00950284 -0.00684918 0.03295673
v -0.00953918 -0.00701440 0.03314555
v -0.00956102 -0.00700463 0.03306757
v -0.00953527 -0.00699211 0.03315050
v -0.00947159 -0.00685168 0.03288094
v -0.00949048 -0.00690485 0.03285803
v -0.00952854 -0.00691486 0.03292422
v -0.00950236 -0.00696279 0.03284399
v -0.00941804 -0.00677181 0.03294247
v -0.00921415 -0.00677181 0.03320042
v -0.00917871 -0.00680567 0.03323125
v -0.00914214 -0.00679351 0.03319980
v -0.00913384 -0.00690604 0.03328469
v -0.00915281 -0.00685264 0.03326206
v -0.00917376 -0.00682891 0.03325151
v -0.00912214 -0.00696422 0.03329866
v -0.00913052 -0.00698556 0.03330622
v -0.00920884 -0.00698973 0.03332868
v -0.00929015 -0.00699617 0.03333018
v -0.00936890 -0.00700463 0.03331064
v -0.00943973 -0.00701440 0.03327138
v -0.00956185 -0.00699617 0.03298644
v -0.00955348 -0.00696148 0.03307712
v -0.00952759 -0.00697244 0.03316022
v -0.00951677 -0.00695718 0.03317391
v -0.00953864 -0.00692357 0.03309590
v -0.00955118 -0.00693513 0.03299994
v -0.00954161 -0.00698973 0.03290768
v -0.00953019 -0.00688149 0.03302649
v -0.00942517 -0.00679804 0.03289338
v -0.00946663 -0.00679804 0.03300254
v -0.00950063 -0.00683964 0.03306390
v -0.00951773 -0.00689400 0.03312235
v -0.00924761 -0.00684918 0.03327962
v -0.00928382 -0.00679804 0.03323381
v -0.00932181 -0.00688149 0.03329013
v -0.00935137 -0.00683964 0.03325273
v -0.00939128 -0.00692357 0.03328232
v -0.00941219 -0.00689400 0.03325587
v -0.00945131 -0.00697244 0.03325672
v -0.00944363 -0.00699211 0.03326643
v -0.00937645 -0.00696148 0.03330109
v -0.00930082 -0.00693513 0.03331668
v -0.00922191 -0.00691486 0.03331214
v -0.00914510 -0.00690223 0.03328777
v -0.00946214 -0.00695718 0.03324302
v -0.00936926 -0.00673557 0.03300418
v -0.00942289 -0.00676550 0.03305788
v -0.00946492 -0.00681318 0.03310908
v -0.00949248 -0.00687517 0.03315429
v -0.00950370 -0.00694741 0.03319044
v -0.00948945 -0.00694407 0.03320847
v -0.00946496 -0.00686873 0.03318911
v -0.00942600 -0.00680400 0.03315831
v -0.00937522 -0.00675441 0.03311818
v -0.00931610 -0.00672318 0.03307144
v -0.00926293 -0.00673557 0.03313870
v -0.00932756 -0.00676550 0.03317848
v -0.00938708 -0.00681318 0.03320755
v -0.00943744 -0.00687517 0.03322392
v -0.00947521 -0.00694741 0.03322649
v -0.00949726 -0.00699187 0.03333919
v -0.00949137 -0.00701440 0.03334153
v -0.00952515 -0.00695683 0.03332810
v -0.00950883 -0.00697220 0.03333459
v -0.00954485 -0.00694705 0.03332027
v -0.00956632 -0.00694359 0.03331174
v -0.00958779 -0.00694705 0.03330320
v -0.00960750 -0.00695683 0.03329537
v -0.00962381 -0.00697220 0.03328889
v -0.00963539 -0.00699187 0.03328429
v -0.00964128 -0.00701440 0.03328195
v -0.00981261 -0.00684858 0.03337223
v -0.00985918 -0.00682963 0.03342914
v -0.00983822 -0.00680567 0.03343783
v -0.00975815 -0.00679720 0.03339387
v -0.00987583 -0.00685311 0.03342220
v -0.00985127 -0.00691451 0.03335686
v -0.00990293 -0.00690640 0.03341077
v -0.00987093 -0.00698949 0.03334905
v -0.00991948 -0.00696446 0.03340353
v -0.00943325 -0.00700451 0.03339862
v -0.00939199 -0.00699605 0.03346905
v -0.00937044 -0.00698949 0.03354798
v -0.00937479 -0.00696350 0.03363763
v -0.00937009 -0.00698556 0.03362994
v -0.00939198 -0.00690199 0.03362124
v -0.00948417 -0.00679208 0.03366908
v -0.00946537 -0.00679804 0.03362446
v -0.00949568 -0.00677134 0.03358002
v -0.00945542 -0.00680567 0.03360281
v -0.00943503 -0.00682856 0.03360413
v -0.00941892 -0.00685192 0.03361861
v -0.00939167 -0.00690521 0.03363036
v -0.00951960 -0.00676287 0.03365499
v -0.00956894 -0.00673498 0.03355091
v -0.00959529 -0.00672532 0.03362491
v -0.00964877 -0.00672258 0.03351917
v -0.00967777 -0.00671245 0.03359213
v -0.00972860 -0.00673498 0.03348744
v -0.00976025 -0.00672532 0.03355934
v -0.00980186 -0.00677134 0.03345833
v -0.00983593 -0.00676287 0.03352926
v -0.00939010 -0.00691451 0.03354016
v -0.00942876 -0.00684858 0.03352480
v -0.00948322 -0.00679720 0.03350315
v -0.00954900 -0.00676454 0.03347700
v -0.00962069 -0.00675334 0.03344851
v -0.00969237 -0.00676454 0.03342002
v -0.00986079 -0.00679351 0.03348928
v -0.00987137 -0.00679208 0.03351518
v -0.00940806 -0.00693465 0.03346267
v -0.00943966 -0.00688077 0.03345011
v -0.00948417 -0.00683881 0.03343242
v -0.00953794 -0.00681211 0.03341104
v -0.00959654 -0.00680305 0.03338775
v -0.00965513 -0.00681211 0.03336446
v -0.00970890 -0.00683881 0.03334309
v -0.00975342 -0.00688077 0.03332540
v -0.00978501 -0.00693465 0.03331284
v -0.00980108 -0.00699605 0.03330645
v -0.00944462 -0.00696112 0.03339410
v -0.00946698 -0.00692297 0.03338521
v -0.00949848 -0.00689329 0.03337269
v -0.00953653 -0.00687433 0.03335757
v -0.00957799 -0.00686790 0.03334109
v -0.00961945 -0.00687433 0.03332461
v -0.00965750 -0.00689329 0.03330949
v -0.00968900 -0.00692297 0.03329697
v -0.00971136 -0.00696112 0.03328808
v -0.00972273 -0.00700451 0.03328356
v -0.00992169 -0.00700463 0.03378640
v -0.00986378 -0.00701440 0.03384301
v -0.00985792 -0.00699211 0.03384534
v -0.00992672 -0.00684918 0.03366132
v -0.00996523 -0.00691486 0.03364601
v -0.00996297 -0.00699617 0.03371655
v -0.00998482 -0.00698973 0.03363822
v -0.00986042 -0.00677181 0.03360657
v -0.00955487 -0.00677181 0.03372801
v -0.00950876 -0.00680567 0.03373700
v -0.00949282 -0.00679351 0.03369147
v -0.00944318 -0.00690604 0.03376084
v -0.00947093 -0.00685264 0.03375073
v -0.00949434 -0.00682891 0.03375207
v -0.00942606 -0.00696422 0.03376709
v -0.00942954 -0.00698556 0.03377783
v -0.00948614 -0.00698973 0.03383644
v -0.00955580 -0.00699617 0.03387839
v -0.00963377 -0.00700463 0.03390084
v -0.00971474 -0.00701440 0.03390225
v -0.00994698 -0.00693513 0.03372291
v -0.00991038 -0.00696148 0.03379090
v -0.00991553 -0.00688149 0.03373541
v -0.00988814 -0.00692357 0.03379974
v -0.00984641 -0.00697244 0.03384992
v -0.00983020 -0.00695718 0.03385636
v -0.00985681 -0.00689400 0.03381219
v -0.00987122 -0.00683964 0.03375302
v -0.00987246 -0.00679804 0.03368289
v -0.00989113 -0.00679804 0.03356763
v -0.00954424 -0.00684918 0.03381334
v -0.00959851 -0.00679804 0.03379177
v -0.00960324 -0.00688149 0.03385954
v -0.00964755 -0.00683964 0.03384193
v -0.00966732 -0.00692357 0.03388751
v -0.00969865 -0.00689400 0.03387506
v -0.00973211 -0.00697244 0.03389535
v -0.00972060 -0.00699211 0.03389993
v -0.00964508 -0.00696148 0.03389635
v -0.00957179 -0.00693513 0.03387203
v -0.00950573 -0.00691486 0.03382865
v -0.00945139 -0.00690223 0.03376914
v -0.00974832 -0.00695718 0.03388891
v -0.00978731 -0.00673557 0.03363562
v -0.00980691 -0.00676550 0.03370894
v -0.00981771 -0.00681318 0.03377429
v -0.00981897 -0.00687517 0.03382723
v -0.00981061 -0.00694741 0.03386415
v -0.00970764 -0.00672318 0.03366729
v -0.00973548 -0.00675441 0.03373733
v -0.00975939 -0.00680400 0.03379747
v -0.00977773 -0.00686873 0.03384363
v -0.00978926 -0.00694407 0.03387263
v -0.00962797 -0.00673557 0.03369895
v -0.00966405 -0.00676550 0.03376572
v -0.00970106 -0.00681318 0.03382066
v -0.00973649 -0.00687517 0.03386001
v -0.00976791 -0.00694741 0.03388112
v -0.00973066 -0.00699187 0.03398975
v -0.00972439 -0.00701440 0.03398883
v -0.00976035 -0.00695683 0.03399409
v -0.00974298 -0.00697220 0.03399155
v -0.00978133 -0.00694705 0.03399716
v -0.00980419 -0.00694359 0.03400051
v -0.00982706 -0.00694705 0.03400385
v -0.00984804 -0.00695683 0.03400692
v -0.00986541 -0.00697220 0.03400946
v -0.00987773 -0.00699187 0.03401127
v -0.00988400 -0.00701440 0.03401218
v -0.00998725 -0.00684858 0.03417604
v -0.00992926 -0.00679720 0.03416755
v -0.01002840 -0.00691451 0.03418206
v -0.01004934 -0.00698949 0.03418512
v -0.00964551 -0.00700451 0.03400921
v -0.00957456 -0.00699605 0.03404958
v -0.00951644 -0.00698949 0.03410715
v -0.00947537 -0.00696350 0.03418697
v -0.00947515 -0.00698556 0.03417796
v -0.00949846 -0.00690199 0.03418137
v -0.00955438 -0.00679208 0.03426890
v -0.00956040 -0.00679804 0.03422086
v -0.00960887 -0.00677134 0.03419753
v -0.00956262 -0.00680567 0.03419713
v -0.00954430 -0.00682856 0.03418808
v -0.00952311 -0.00685192 0.03419256
v -0.00949363 -0.00690521 0.03418912
v -0.00959211 -0.00676287 0.03427441
v -0.00968688 -0.00673498 0.03420894
v -0.00967270 -0.00672532 0.03428620
v -0.00977188 -0.00672258 0.03422138
v -0.00976052 -0.00671245 0.03429905
v -0.00985688 -0.00673498 0.03423381
v -0.00984834 -0.00672532 0.03431190
v -0.00993489 -0.00677134 0.03424523
v -0.00992892 -0.00676287 0.03432369
v -0.00953737 -0.00691451 0.03411022
v -0.00957853 -0.00684858 0.03411624
v -0.00963652 -0.00679720 0.03412472
v -0.00970656 -0.00676454 0.03413497
v -0.00978289 -0.00675334 0.03414614
v -0.00985922 -0.00676454 0.03415731
v -0.00997045 -0.00679351 0.03430149
v -0.00996665 -0.00679208 0.03432921
v -0.00959167 -0.00693465 0.03405209
v -0.00962531 -0.00688077 0.03405701
v -0.00967271 -0.00683881 0.03406394
v -0.00972996 -0.00681211 0.03407232
v -0.00979235 -0.00680305 0.03408144
v -0.00985474 -0.00681211 0.03409057
v -0.00991200 -0.00683881 0.03409895
v -0.00995939 -0.00688077 0.03410589
v -0.00999303 -0.00693465 0.03411081
v -0.01001015 -0.00699605 0.03411331
v -0.00965762 -0.00696112 0.03401098
v -0.00968142 -0.00692297 0.03401447
v -0.00971496 -0.00689329 0.03401937
v -0.00975547 -0.00687433 0.03402530
v -0.00979962 -0.00686790 0.03403176
v -0.00984377 -0.00687433 0.03403822
v -0.00988428 -0.00689329 0.03404415
v -0.00991782 -0.00692297 0.03404905
v -0.00994163 -0.00696112 0.03405254
v -0.00995374 -0.00700451 0.03405431
v -0.00987462 -0.00700463 0.03458926
v -0.00979616 -0.00701440 0.03460934
v -0.00978993 -0.00699211 0.03460842
v -0.00950036 -0.00685514 0.03433265
v -0.00953667 -0.00681068 0.03433912
v -0.00952169 -0.00682891 0.03434585
v -0.00994152 -0.00684918 0.03448345
v -0.00998253 -0.00691486 0.03448945
v -0.00994530 -0.00699617 0.03454941
v -0.01000339 -0.00698973 0.03449250
v -0.00991147 -0.00677181 0.03440288
v -0.00958614 -0.00677181 0.03435528
v -0.00954171 -0.00680567 0.03434001
v -0.00955067 -0.00679351 0.03429261
v -0.00945516 -0.00696362 0.03432456
v -0.00945269 -0.00698556 0.03433576
v -0.00947240 -0.00698973 0.03441482
v -0.00951175 -0.00699617 0.03448598
v -0.00956806 -0.00700463 0.03454441
v -0.00963747 -0.00701440 0.03458612
v -0.00992827 -0.00693513 0.03454692
v -0.00986257 -0.00696148 0.03458750
v -0.00989478 -0.00688149 0.03454202
v -0.00983890 -0.00692357 0.03458404
v -0.00977767 -0.00697244 0.03460663
v -0.00976040 -0.00695718 0.03460410
v -0.00980554 -0.00689400 0.03457915
v -0.00984761 -0.00683964 0.03453512
v -0.00988374 -0.00679804 0.03447499
v -0.00995755 -0.00679804 0.03438452
v -0.00953427 -0.00684918 0.03442387
v -0.00959205 -0.00679804 0.03443232
v -0.00956227 -0.00688149 0.03449337
v -0.00960944 -0.00683964 0.03450027
v -0.00960378 -0.00692357 0.03454963
v -0.00963713 -0.00689400 0.03455452
v -0.00965596 -0.00697244 0.03458882
v -0.00964371 -0.00699211 0.03458703
v -0.00958010 -0.00696148 0.03454617
v -0.00952879 -0.00693513 0.03448847
v -0.00949326 -0.00691486 0.03441787
v -0.00947596 -0.00690223 0.03433916
v -0.00947435 -0.00690282 0.03432800
v -0.00967323 -0.00695718 0.03459135
v -0.00983363 -0.00673557 0.03439149
v -0.00981395 -0.00676550 0.03446478
v -0.00979062 -0.00681318 0.03452678
v -0.00976525 -0.00687517 0.03457326
v -0.00973955 -0.00694741 0.03460105
v -0.00974881 -0.00672318 0.03437908
v -0.00973790 -0.00675441 0.03445366
v -0.00972853 -0.00680400 0.03451770
v -0.00972134 -0.00686873 0.03456683
v -0.00971682 -0.00694407 0.03459772
v -0.00966398 -0.00673557 0.03436667
v -0.00966184 -0.00676550 0.03444253
v -0.00966643 -0.00681318 0.03450861
v -0.00967743 -0.00687517 0.03456041
v -0.00969409 -0.00694741 0.03459440
v -0.00960793 -0.00699211 0.03467002
v -0.00960298 -0.00701440 0.03466611
v -0.00963133 -0.00695718 0.03468852
v -0.00961764 -0.00697244 0.03467770
v -0.00964787 -0.00694741 0.03470159
v -0.00966589 -0.00694407 0.03471584
v -0.00968392 -0.00694741 0.03473008
v -0.00970045 -0.00695718 0.03474315
v -0.00971414 -0.00697244 0.03475397
v -0.00972386 -0.00699211 0.03476165
v -0.00972880 -0.00701440 0.03476556
v -0.00928821 -0.00696028 0.03471352
v -0.00929409 -0.00698556 0.03470361
v -0.00931253 -0.00690223 0.03471819
v -0.00973705 -0.00684918 0.03495767
v -0.00969124 -0.00679804 0.03492146
v -0.00976957 -0.00691486 0.03498337
v -0.00978611 -0.00698973 0.03499645
v -0.00952500 -0.00700463 0.03464426
v -0.00944387 -0.00699617 0.03464343
v -0.00936511 -0.00698973 0.03466368
v -0.00928263 -0.00701798 0.03470942
v -0.00934451 -0.00679804 0.03478486
v -0.00939989 -0.00677181 0.03478725
v -0.00935829 -0.00680567 0.03476543
v -0.00934880 -0.00682891 0.03474686
v -0.00932656 -0.00685156 0.03474190
v -0.00930276 -0.00690437 0.03472428
v -0.00946161 -0.00673557 0.03483603
v -0.00952887 -0.00672318 0.03488919
v -0.00959613 -0.00673557 0.03494235
v -0.00965784 -0.00677181 0.03499114
v -0.00938164 -0.00691486 0.03467675
v -0.00941416 -0.00684918 0.03470245
v -0.00945997 -0.00679804 0.03473866
v -0.00951530 -0.00676550 0.03478240
v -0.00957561 -0.00675441 0.03483006
v -0.00963591 -0.00676550 0.03487772
v -0.00965930 -0.00679351 0.03505972
v -0.00945737 -0.00693513 0.03465411
v -0.00948392 -0.00688149 0.03467509
v -0.00952132 -0.00683964 0.03470466
v -0.00956650 -0.00681318 0.03474037
v -0.00961574 -0.00680400 0.03477929
v -0.00966498 -0.00681318 0.03481821
v -0.00971016 -0.00683964 0.03485392
v -0.00974756 -0.00688149 0.03488348
v -0.00977411 -0.00693513 0.03490447
v -0.00978761 -0.00699617 0.03491514
v -0.00953455 -0.00696148 0.03465181
v -0.00955332 -0.00692357 0.03466665
v -0.00957977 -0.00689400 0.03468756
v -0.00961172 -0.00687517 0.03471281
v -0.00964653 -0.00686873 0.03474033
v -0.00968135 -0.00687517 0.03476784
v -0.00971330 -0.00689400 0.03479310
v -0.00973975 -0.00692357 0.03481400
v -0.00975852 -0.00696148 0.03482884
v -0.00976807 -0.00700463 0.03483639
v -0.00945641 -0.00686575 0.03446529
v -0.00942299 -0.00694812 0.03445373
v -0.00939083 -0.00686575 0.03461740
v -0.00935948 -0.00694812 0.03460103
v -0.00943416 -0.00680567 0.03464003
v -0.00950261 -0.00680567 0.03448126
v -0.00102828 -0.00632502 0.03720770
v -0.00102828 -0.00242502 0.03720770
v -0.00107800 -0.00242502 0.03732310
v -0.00107800 -0.00632502 0.03732310
v -0.00174118 -0.00242502 0.03853397
v -0.00174118 -0.00632502 0.03853397
v -0.00260266 -0.00242502 0.03961279
v -0.00260266 -0.00632502 0.03961279
v -0.00363680 -0.00242502 0.04052743
v -0.00363680 -0.00632502 0.04052743
v -0.00481279 -0.00242502 0.04125066
v -0.00481279 -0.00632502 0.04125066
v -0.00609561 -0.00242502 0.04176093
v -0.00609561 -0.00632502 0.04176093
v -0.00744706 -0.00242502 0.04204304
v -0.00744706 -0.00632502 0.04204304
v -0.00882689 -0.00242502 0.04208860
v -0.00882689 -0.00632502 0.04208860
v -0.01019401 -0.00242502 0.04189625
v -0.01019401 -0.00632502 0.04189625
v -0.01150770 -0.00242502 0.04147172
v -0.01150770 -0.00632502 0.04147172
v -0.01231121 -0.00242502 0.04107872
v -0.01272883 -0.00632502 0.04082764
v -0.01272883 -0.00242502 0.04082764
v -0.01382105 -0.00242502 0.03998321
v -0.01382105 -0.00632502 0.03998321
v -0.01475182 -0.00242502 0.03896357
v -0.01475182 -0.00632502 0.03896357
v -0.01549343 -0.00242502 0.03779909
v -0.01549343 -0.00632502 0.03779909
v -0.01602378 -0.00242502 0.03652444
v -0.01602378 -0.00632502 0.03652444
v -0.01632709 -0.00242502 0.03517758
v -0.01632709 -0.00632502 0.03517758
v -0.01639432 -0.00242502 0.03379864
v -0.01639432 -0.00632502 0.03379864
v -0.01622347 -0.00242502 0.03242867
v -0.01622347 -0.00632502 0.03242867
v -0.01581962 -0.00242502 0.03110848
v -0.01581962 -0.00632502 0.03110848
v -0.01577172 -0.00242502 0.03099230
v -0.01577172 -0.00632502 0.03099230
v -0.00529230 -0.00302501 0.02672828
v -0.00515839 -0.00302501 0.02678618
v -0.00407117 -0.00632502 0.02737235
v -0.00515839 -0.00242502 0.02678618
v -0.00448879 -0.00242502 0.02712128
v -0.00529230 -0.00632502 0.02672828
v -0.00660599 -0.00632502 0.02630375
v -0.00660599 -0.00302501 0.02630375
v -0.00797311 -0.00632502 0.02611140
v -0.00797311 -0.00302501 0.02611140
v -0.00935294 -0.00632502 0.02615696
v -0.00935294 -0.00302501 0.02615696
v -0.01070439 -0.00632502 0.02643907
v -0.01070439 -0.00302501 0.02643907
v -0.01198721 -0.00242502 0.02694934
v -0.01167860 -0.00242502 0.02680269
v -0.01167860 -0.00302501 0.02680269
v -0.01198721 -0.00632502 0.02694934
v -0.01316320 -0.00632502 0.02767257
v -0.01316320 -0.00242502 0.02767257
v -0.01419734 -0.00632502 0.02858721
v -0.01419734 -0.00242502 0.02858721
v -0.01505882 -0.00632502 0.02966603
v -0.01505882 -0.00242502 0.02966603
v -0.01572200 -0.00632502 0.03087690
v -0.01572200 -0.00242502 0.03087690
v -0.00407117 -0.00242502 0.02737235
v -0.00297895 -0.00242502 0.02821679
v -0.00297895 -0.00632502 0.02821679
v -0.00204818 -0.00242502 0.02923643
v -0.00204818 -0.00632502 0.02923643
v -0.00130657 -0.00242502 0.03040091
v -0.00130657 -0.00632502 0.03040091
v -0.00077621 -0.00242502 0.03167556
v -0.00077621 -0.00632502 0.03167556
v -0.00047291 -0.00242502 0.03302241
v -0.00047291 -0.00632502 0.03302241
v -0.00040568 -0.00242502 0.03440136
v -0.00040568 -0.00632502 0.03440136
v -0.00057653 -0.00242502 0.03577133
v -0.00057653 -0.00632502 0.03577133
v -0.00098038 -0.00242502 0.03709152
v -0.00098038 -0.00632502 0.03709152
v -0.00520897 -0.00632502 0.03975348
v -0.00519320 -0.00632502 0.03971239
v -0.00446328 -0.00632502 0.03926171
v -0.01405348 -0.00632502 0.03729104
v -0.01401239 -0.00632502 0.03730680
v -0.01356171 -0.00632502 0.03803672
v -0.00761536 -0.00632502 0.04054429
v -0.00758507 -0.00632502 0.04051236
v -0.00673824 -0.00632502 0.04037532
v -0.00195571 -0.00632502 0.03331536
v -0.00198764 -0.00632502 0.03328507
v -0.00212468 -0.00632502 0.03243824
v -0.00223261 -0.00632502 0.03207322
v -0.00226983 -0.00632502 0.03204974
v -0.00256945 -0.00632502 0.03124592
v -0.01487354 -0.00632502 0.03361234
v -0.01484814 -0.00632502 0.03364828
v -0.01487893 -0.00632502 0.03450557
v -0.01484429 -0.00632502 0.03488464
v -0.01481236 -0.00632502 0.03491493
v -0.01467532 -0.00632502 0.03576176
v -0.00799443 -0.00632502 0.04057894
v -0.00554592 -0.00632502 0.03993055
v -0.00419532 -0.00632502 0.03906082
v -0.00416734 -0.00632502 0.03902231
v -0.00415989 -0.00632502 0.03897893
v -0.00357551 -0.00632502 0.03840062
v -0.00417298 -0.00632502 0.03893521
v -0.00362070 -0.00632502 0.03838568
v -0.00417452 -0.00632502 0.03893260
v -0.00368117 -0.00632502 0.03835424
v -0.00260585 -0.00632502 0.03702785
v -0.00261556 -0.00632502 0.03698493
v -0.01488098 -0.00632502 0.03356533
v -0.01423055 -0.00632502 0.03695408
v -0.01014121 -0.00632502 0.04035402
v -0.01010101 -0.00632502 0.04033611
v -0.00926620 -0.00632502 0.04053356
v -0.00893467 -0.00632502 0.04058098
v -0.00888766 -0.00632502 0.04057354
v -0.00794957 -0.00632502 0.04058734
v -0.00794655 -0.00632502 0.04058717
v -0.00766002 -0.00632502 0.04056076
v -0.00550126 -0.00632502 0.03992115
v -0.00549853 -0.00632502 0.03991983
v -0.00524392 -0.00632502 0.03978579
v -0.00450722 -0.00632502 0.03925920
v -0.00519751 -0.00632502 0.03966695
v -0.00454863 -0.00632502 0.03923572
v -0.00519851 -0.00632502 0.03966410
v -0.00460180 -0.00632502 0.03919309
v -0.00442131 -0.00632502 0.03924378
v -0.00441889 -0.00632502 0.03924196
v -0.00261696 -0.00632502 0.03707414
v -0.00212594 -0.00632502 0.03238967
v -0.00220774 -0.00632502 0.03211381
v -0.01419415 -0.00632502 0.03117214
v -0.01418444 -0.00632502 0.03121507
v -0.01422115 -0.00632502 0.03699874
v -0.01421984 -0.00632502 0.03700147
v -0.01408579 -0.00632502 0.03725608
v -0.01355919 -0.00632502 0.03799278
v -0.01396696 -0.00632502 0.03730249
v -0.01353572 -0.00632502 0.03795137
v -0.01396410 -0.00632502 0.03730149
v -0.01349309 -0.00632502 0.03789820
v -0.01354196 -0.00632502 0.03808111
v -0.01336082 -0.00632502 0.03830468
v -0.01018878 -0.00632502 0.04035214
v -0.00677788 -0.00632502 0.04035618
v -0.00757166 -0.00632502 0.04046874
v -0.00680715 -0.00632502 0.04031865
v -0.00757149 -0.00632502 0.04046572
v -0.00683997 -0.00632502 0.04025891
v -0.00669261 -0.00632502 0.04037482
v -0.00668967 -0.00632502 0.04037406
v -0.00641381 -0.00632502 0.04029226
v -0.00637322 -0.00632502 0.04026739
v -0.00634974 -0.00632502 0.04023017
v -0.00558853 -0.00632502 0.03991951
v -0.00634510 -0.00632502 0.04018476
v -0.00562456 -0.00632502 0.03988841
v -0.00634552 -0.00632502 0.04018176
v -0.00566840 -0.00632502 0.03983622
v -0.00191902 -0.00632502 0.03463467
v -0.00192646 -0.00632502 0.03458766
v -0.00192107 -0.00632502 0.03369443
v -0.00191266 -0.00632502 0.03364957
v -0.01418304 -0.00632502 0.03112586
v -0.00422410 -0.00632502 0.03864143
v -0.00416810 -0.00632502 0.03850624
v -0.00406214 -0.00632502 0.03839668
v -0.00330831 -0.00632502 0.03814520
v -0.00328837 -0.00632502 0.03810198
v -0.00328953 -0.00632502 0.03805798
v -0.00282920 -0.00632502 0.03737677
v -0.00331090 -0.00632502 0.03801766
v -0.00287644 -0.00632502 0.03737094
v -0.00331292 -0.00632502 0.03801540
v -0.00294188 -0.00632502 0.03735190
v -0.00264439 -0.00632502 0.03694955
v -0.00229698 -0.00632502 0.03622700
v -0.00214382 -0.00632502 0.03247788
v -0.00203126 -0.00632502 0.03327166
v -0.00218135 -0.00632502 0.03250715
v -0.00203429 -0.00632502 0.03327149
v -0.00224109 -0.00632502 0.03253997
v -0.00193924 -0.00632502 0.03336002
v -0.00212518 -0.00632502 0.03239261
v -0.00258049 -0.00632502 0.03128853
v -0.00231524 -0.00632502 0.03204510
v -0.00261159 -0.00632502 0.03132456
v -0.00231823 -0.00632502 0.03204552
v -0.00266378 -0.00632502 0.03136840
v -0.00918464 -0.00632502 0.02765571
v -0.00921493 -0.00632502 0.02768764
v -0.01006176 -0.00632502 0.02782468
v -0.01042678 -0.00632502 0.02793261
v -0.01045026 -0.00632502 0.02796983
v -0.01125408 -0.00632502 0.02826945
v -0.01485243 -0.00632502 0.03447044
v -0.01480796 -0.00632502 0.03366994
v -0.01480991 -0.00632502 0.03444904
v -0.01480503 -0.00632502 0.03367070
v -0.01474492 -0.00632502 0.03442851
v -0.01465618 -0.00632502 0.03572212
v -0.01476874 -0.00632502 0.03492834
v -0.01461865 -0.00632502 0.03569285
v -0.01476571 -0.00632502 0.03492851
v -0.01455891 -0.00632502 0.03566003
v -0.01486076 -0.00632502 0.03483998
v -0.01467482 -0.00632502 0.03580739
v -0.01467406 -0.00632502 0.03581033
v -0.01459226 -0.00632502 0.03608619
v -0.01456739 -0.00632502 0.03612678
v -0.01453017 -0.00632502 0.03615026
v -0.01421950 -0.00632502 0.03691147
v -0.01448476 -0.00632502 0.03615490
v -0.01418841 -0.00632502 0.03687544
v -0.01448176 -0.00632502 0.03615448
v -0.01413622 -0.00632502 0.03683160
v -0.01354378 -0.00632502 0.03807870
v -0.01332231 -0.00632502 0.03833266
v -0.01327893 -0.00632502 0.03834011
v -0.01270062 -0.00632502 0.03892449
v -0.01323521 -0.00632502 0.03832702
v -0.01268568 -0.00632502 0.03887930
v -0.01323260 -0.00632502 0.03832548
v -0.01265424 -0.00632502 0.03881883
v -0.00885172 -0.00632502 0.04054814
v -0.00802957 -0.00632502 0.04055243
v -0.00883006 -0.00632502 0.04050796
v -0.00805096 -0.00632502 0.04050991
v -0.00882930 -0.00632502 0.04050503
v -0.00807149 -0.00632502 0.04044492
v -0.00519033 -0.00632502 0.03936884
v -0.00510903 -0.00632502 0.03924718
v -0.00498373 -0.00632502 0.03916039
v -0.00353192 -0.00632502 0.03839451
v -0.00349425 -0.00632502 0.03836874
v -0.00349224 -0.00632502 0.03836648
v -0.00234445 -0.00632502 0.03623049
v -0.00264681 -0.00632502 0.03694772
v -0.00241234 -0.00632502 0.03622459
v -0.00191283 -0.00632502 0.03364655
v -0.01159103 -0.00632502 0.02844652
v -0.01160680 -0.00632502 0.02848761
v -0.01233672 -0.00632502 0.02893829
v -0.01415561 -0.00632502 0.03125045
v -0.01450302 -0.00632502 0.03197300
v -0.01480071 -0.00632502 0.03320451
v -0.01483357 -0.00632502 0.03323380
v -0.01485056 -0.00632502 0.03327616
v -0.01485099 -0.00632502 0.03327916
v -0.01488734 -0.00632502 0.03455043
v -0.01488717 -0.00632502 0.03455345
v -0.01366884 -0.00632502 0.03730967
v -0.01354718 -0.00632502 0.03739097
v -0.01346039 -0.00632502 0.03751627
v -0.00929549 -0.00632502 0.04050071
v -0.01007193 -0.00632502 0.04030094
v -0.00930817 -0.00632502 0.04045483
v -0.01007061 -0.00632502 0.04029821
v -0.00931563 -0.00632502 0.04038709
v -0.00922384 -0.00632502 0.04055056
v -0.00922084 -0.00632502 0.04055099
v -0.00745095 -0.00632502 0.04019606
v -0.00732928 -0.00632502 0.04011477
v -0.00718031 -0.00632502 0.04008254
v -0.00627990 -0.00632502 0.03989378
v -0.00617643 -0.00632502 0.03979031
v -0.00603661 -0.00632502 0.03972964
v -0.00380918 -0.00632502 0.03832506
v -0.00394388 -0.00632502 0.03834038
v -0.00422733 -0.00632502 0.03879292
v -0.00278764 -0.00632502 0.03736228
v -0.00275573 -0.00632502 0.03732966
v -0.00275419 -0.00632502 0.03732704
v -0.00225904 -0.00632502 0.03620468
v -0.00223410 -0.00632502 0.03616646
v -0.00214786 -0.00632502 0.03588878
v -0.00214598 -0.00632502 0.03584122
v -0.00216389 -0.00632502 0.03580101
v -0.00199929 -0.00632502 0.03499549
v -0.00219906 -0.00632502 0.03577193
v -0.00204516 -0.00632502 0.03500817
v -0.00220179 -0.00632502 0.03577061
v -0.00211291 -0.00632502 0.03501563
v -0.00195186 -0.00632502 0.03455172
v -0.00194757 -0.00632502 0.03372956
v -0.00199204 -0.00632502 0.03453006
v -0.00199009 -0.00632502 0.03375096
v -0.00199497 -0.00632502 0.03452930
v -0.00205508 -0.00632502 0.03377149
v -0.00274652 -0.00632502 0.03090897
v -0.00278761 -0.00632502 0.03089320
v -0.00323829 -0.00632502 0.03016328
v -0.01011033 -0.00632502 0.02782594
v -0.01038619 -0.00632502 0.02790774
v -0.01349169 -0.00632502 0.03005479
v -0.01351163 -0.00632502 0.03009802
v -0.01351047 -0.00632502 0.03014202
v -0.01397080 -0.00632502 0.03082323
v -0.01348910 -0.00632502 0.03018234
v -0.01392356 -0.00632502 0.03082907
v -0.01348708 -0.00632502 0.03018460
v -0.01385812 -0.00632502 0.03084810
v -0.01445555 -0.00632502 0.03196951
v -0.01415319 -0.00632502 0.03125228
v -0.01438766 -0.00632502 0.03197541
v -0.01454096 -0.00632502 0.03199532
v -0.01456590 -0.00632502 0.03203354
v -0.01465214 -0.00632502 0.03231122
v -0.01465402 -0.00632502 0.03235878
v -0.01463611 -0.00632502 0.03239899
v -0.01460094 -0.00632502 0.03242807
v -0.01475484 -0.00632502 0.03319183
v -0.01459821 -0.00632502 0.03242939
v -0.01468709 -0.00632502 0.03318437
v -0.01244520 -0.00632502 0.03919169
v -0.01240198 -0.00632502 0.03921162
v -0.01235798 -0.00632502 0.03921047
v -0.01167677 -0.00632502 0.03967080
v -0.01231765 -0.00632502 0.03918910
v -0.01167093 -0.00632502 0.03962356
v -0.01231540 -0.00632502 0.03918708
v -0.01165190 -0.00632502 0.03955812
v -0.01137414 -0.00632502 0.03988304
v -0.01132786 -0.00632502 0.03989416
v -0.01128493 -0.00632502 0.03988444
v -0.01052700 -0.00632502 0.04020302
v -0.01124954 -0.00632502 0.03985561
v -0.01053049 -0.00632502 0.04015556
v -0.01124772 -0.00632502 0.03985319
v -0.01052459 -0.00632502 0.04008766
v -0.01050468 -0.00632502 0.04024096
v -0.01046645 -0.00632502 0.04026590
v -0.01046360 -0.00632502 0.04026689
v -0.00472166 -0.00632502 0.03913950
v -0.00485676 -0.00632502 0.03912825
v -0.00522305 -0.00632502 0.03951679
v -0.00341835 -0.00632502 0.03773949
v -0.00338980 -0.00632502 0.03759597
v -0.00330725 -0.00632502 0.03746784
v -0.00223311 -0.00632502 0.03616359
v -0.00196643 -0.00632502 0.03496620
v -0.00194944 -0.00632502 0.03492384
v -0.00194901 -0.00632502 0.03492084
v -0.00230394 -0.00632502 0.03315095
v -0.00238523 -0.00632502 0.03302928
v -0.00241746 -0.00632502 0.03288031
v -0.00260622 -0.00632502 0.03197990
v -0.00270969 -0.00632502 0.03187643
v -0.00277036 -0.00632502 0.03173660
v -0.00665879 -0.00632502 0.02784598
v -0.00669899 -0.00632502 0.02786389
v -0.00753380 -0.00632502 0.02766643
v -0.00786533 -0.00632502 0.02761902
v -0.00791234 -0.00632502 0.02762646
v -0.00880557 -0.00632502 0.02762107
v -0.01130147 -0.00632502 0.02828017
v -0.01155608 -0.00632502 0.02841421
v -0.01322449 -0.00632502 0.02979938
v -0.01326808 -0.00632502 0.02980549
v -0.01330575 -0.00632502 0.02983126
v -0.01330776 -0.00632502 0.02983352
v -0.01401236 -0.00632502 0.03083772
v -0.01404427 -0.00632502 0.03087034
v -0.01404581 -0.00632502 0.03087295
v -0.01456689 -0.00632502 0.03203641
v -0.01456408 -0.00632502 0.03384154
v -0.01450808 -0.00632502 0.03397672
v -0.01450554 -0.00632502 0.03412912
v -0.01449606 -0.00632502 0.03504905
v -0.01441477 -0.00632502 0.03517072
v -0.01438254 -0.00632502 0.03531969
v -0.01419378 -0.00632502 0.03622010
v -0.01409031 -0.00632502 0.03632357
v -0.01402964 -0.00632502 0.03646339
v -0.01343950 -0.00632502 0.03777834
v -0.01342825 -0.00632502 0.03764324
v -0.01381679 -0.00632502 0.03727695
v -0.01294143 -0.00632502 0.03827590
v -0.01280624 -0.00632502 0.03833190
v -0.01269668 -0.00632502 0.03843786
v -0.01269451 -0.00632502 0.03896808
v -0.01266874 -0.00632502 0.03900575
v -0.01266648 -0.00632502 0.03900776
v -0.01166228 -0.00632502 0.03971236
v -0.01162966 -0.00632502 0.03974427
v -0.01162705 -0.00632502 0.03974581
v -0.00865847 -0.00632502 0.04026408
v -0.00852328 -0.00632502 0.04020808
v -0.00837088 -0.00632502 0.04020554
v -0.00693019 -0.00632502 0.04016354
v -0.00705070 -0.00632502 0.04010144
v -0.00753780 -0.00632502 0.04032023
v -0.00577549 -0.00632502 0.03976028
v -0.00590580 -0.00632502 0.03972289
v -0.00634086 -0.00632502 0.04003250
v -0.00280404 -0.00632502 0.03669769
v -0.00280404 -0.00632502 0.03655136
v -0.00274807 -0.00632502 0.03640959
v -0.00258016 -0.00632502 0.03119853
v -0.00271421 -0.00632502 0.03094392
v -0.00661122 -0.00632502 0.02784786
v -0.00885043 -0.00632502 0.02761266
v -0.00885345 -0.00632502 0.02761283
v -0.00913998 -0.00632502 0.02763924
v -0.01002212 -0.00632502 0.02784382
v -0.00922834 -0.00632502 0.02773126
v -0.00999285 -0.00632502 0.02788135
v -0.00922851 -0.00632502 0.02773429
v -0.00996003 -0.00632502 0.02794109
v -0.01010739 -0.00632502 0.02782518
v -0.01121147 -0.00632502 0.02828049
v -0.01045490 -0.00632502 0.02801524
v -0.01117544 -0.00632502 0.02831159
v -0.01045448 -0.00632502 0.02801823
v -0.01113160 -0.00632502 0.02836378
v -0.00985605 -0.00632502 0.04009522
v -0.00971254 -0.00632502 0.04006667
v -0.00956257 -0.00632502 0.04009391
v -0.00307312 -0.00632502 0.03734825
v -0.00320224 -0.00632502 0.03738955
v -0.00339197 -0.00632502 0.03788869
v -0.00240478 -0.00632502 0.03555605
v -0.00243333 -0.00632502 0.03541254
v -0.00240609 -0.00632502 0.03526257
v -0.00223592 -0.00632502 0.03435847
v -0.00229192 -0.00632502 0.03422328
v -0.00229446 -0.00632502 0.03407088
v -0.00233647 -0.00632502 0.03263019
v -0.00239856 -0.00632502 0.03275070
v -0.00217978 -0.00632502 0.03323780
v -0.00273972 -0.00632502 0.03147549
v -0.00277712 -0.00632502 0.03160580
v -0.00246750 -0.00632502 0.03204086
v -0.00325804 -0.00632502 0.03011889
v -0.00343918 -0.00632502 0.02989532
v -0.01129874 -0.00632502 0.02827885
v -0.01229278 -0.00632502 0.02894081
v -0.01160249 -0.00632502 0.02853305
v -0.01225137 -0.00632502 0.02896428
v -0.01160149 -0.00632502 0.02853590
v -0.01219820 -0.00632502 0.02900691
v -0.01260468 -0.00632502 0.02913918
v -0.01263266 -0.00632502 0.02917769
v -0.01264011 -0.00632502 0.02922107
v -0.01262702 -0.00632502 0.02926479
v -0.01317930 -0.00632502 0.02981432
v -0.01262548 -0.00632502 0.02926740
v -0.01311883 -0.00632502 0.02984576
v -0.01338165 -0.00632502 0.03046051
v -0.01341020 -0.00632502 0.03060403
v -0.01349275 -0.00632502 0.03073215
v -0.01399596 -0.00632502 0.03150232
v -0.01399596 -0.00632502 0.03164864
v -0.01405193 -0.00632502 0.03179041
v -0.01439522 -0.00632502 0.03264395
v -0.01436667 -0.00632502 0.03278746
v -0.01439391 -0.00632502 0.03293743
v -0.01463377 -0.00632502 0.03435863
v -0.01454936 -0.00632502 0.03425255
v -0.01466891 -0.00632502 0.03373213
v -0.01446353 -0.00632502 0.03556981
v -0.01440144 -0.00632502 0.03544930
v -0.01462022 -0.00632502 0.03496220
v -0.01406028 -0.00632502 0.03672451
v -0.01402288 -0.00632502 0.03659420
v -0.01433250 -0.00632502 0.03615914
v -0.01262506 -0.00632502 0.03869082
v -0.01264038 -0.00632502 0.03855613
v -0.01309291 -0.00632502 0.03827267
v -0.01203949 -0.00632502 0.03908165
v -0.01189597 -0.00632502 0.03911019
v -0.01176784 -0.00632502 0.03919275
v -0.01099768 -0.00632502 0.03969596
v -0.01085136 -0.00632502 0.03969596
v -0.01070959 -0.00632502 0.03975193
v -0.00814137 -0.00632502 0.04033377
v -0.00824744 -0.00632502 0.04024936
v -0.00876787 -0.00632502 0.04036891
v -0.00254177 -0.00632502 0.03624662
v -0.00266035 -0.00632502 0.03631232
v -0.00274906 -0.00632502 0.03683888
v -0.00257885 -0.00632502 0.03120126
v -0.00324081 -0.00632502 0.03020722
v -0.00283304 -0.00632502 0.03089751
v -0.00326428 -0.00632502 0.03024863
v -0.00283590 -0.00632502 0.03089851
v -0.00330691 -0.00632502 0.03030180
v -0.00794828 -0.00632502 0.02765186
v -0.00877044 -0.00632502 0.02764757
v -0.00796994 -0.00632502 0.02769203
v -0.00874904 -0.00632502 0.02769009
v -0.00797070 -0.00632502 0.02769497
v -0.00872851 -0.00632502 0.02775508
v -0.01237869 -0.00632502 0.02895622
v -0.01238111 -0.00632502 0.02895804
v -0.00936248 -0.00632502 0.04026445
v -0.00945006 -0.00632502 0.04016096
v -0.00998381 -0.00632502 0.04017669
v -0.00223555 -0.00632502 0.03506248
v -0.00233904 -0.00632502 0.03515005
v -0.00232331 -0.00632502 0.03568381
v -0.00216623 -0.00632502 0.03384137
v -0.00225064 -0.00632502 0.03394745
v -0.00213109 -0.00632502 0.03446787
v -0.00325622 -0.00632502 0.03012131
v -0.00347769 -0.00632502 0.02986734
v -0.00352107 -0.00632502 0.02985989
v -0.00409938 -0.00632502 0.02927551
v -0.00356479 -0.00632502 0.02987298
v -0.00411432 -0.00632502 0.02932070
v -0.00356740 -0.00632502 0.02987452
v -0.00414576 -0.00632502 0.02938117
v -0.00435480 -0.00632502 0.02900831
v -0.00439802 -0.00632502 0.02898837
v -0.00444202 -0.00632502 0.02898953
v -0.00512323 -0.00632502 0.02852920
v -0.00448234 -0.00632502 0.02901090
v -0.00512907 -0.00632502 0.02857644
v -0.00448460 -0.00632502 0.02901292
v -0.00514810 -0.00632502 0.02864188
v -0.00542586 -0.00632502 0.02831696
v -0.00547214 -0.00632502 0.02830585
v -0.00551507 -0.00632502 0.02831556
v -0.00627300 -0.00632502 0.02799698
v -0.00555046 -0.00632502 0.02834439
v -0.00626951 -0.00632502 0.02804445
v -0.00555228 -0.00632502 0.02834681
v -0.00627541 -0.00632502 0.02811234
v -0.00750451 -0.00632502 0.02769929
v -0.00672807 -0.00632502 0.02789906
v -0.00749183 -0.00632502 0.02774516
v -0.00672939 -0.00632502 0.02790179
v -0.00748437 -0.00632502 0.02781291
v -0.00757616 -0.00632502 0.02764944
v -0.00757916 -0.00632502 0.02764901
v -0.00934905 -0.00632502 0.02800393
v -0.00947072 -0.00632502 0.02808523
v -0.00961969 -0.00632502 0.02811746
v -0.01052010 -0.00632502 0.02830622
v -0.01062357 -0.00632502 0.02840969
v -0.01076339 -0.00632502 0.02847036
v -0.01372688 -0.00632502 0.03085175
v -0.01359776 -0.00632502 0.03081045
v -0.01340803 -0.00632502 0.03031131
v -0.01425823 -0.00632502 0.03195339
v -0.01413964 -0.00632502 0.03188768
v -0.01405094 -0.00632502 0.03136112
v -0.01456445 -0.00632502 0.03313752
v -0.01446096 -0.00632502 0.03304994
v -0.01447669 -0.00632502 0.03251619
v -0.01164825 -0.00632502 0.03942688
v -0.01168955 -0.00632502 0.03929776
v -0.01218869 -0.00632502 0.03910803
v -0.01054662 -0.00632502 0.03995823
v -0.01061231 -0.00632502 0.03983964
v -0.01113888 -0.00632502 0.03975094
v -0.00410549 -0.00632502 0.02923192
v -0.00413126 -0.00632502 0.02919425
v -0.00413352 -0.00632502 0.02919224
v -0.00513772 -0.00632502 0.02848764
v -0.00517034 -0.00632502 0.02845573
v -0.00517295 -0.00632502 0.02845419
v -0.00629532 -0.00632502 0.02795904
v -0.00633354 -0.00632502 0.02793410
v -0.00633640 -0.00632502 0.02793311
v -0.01160967 -0.00632502 0.02883116
v -0.01169097 -0.00632502 0.02895282
v -0.01181627 -0.00632502 0.02903961
v -0.01257590 -0.00632502 0.02955857
v -0.01263190 -0.00632502 0.02969376
v -0.01273786 -0.00632502 0.02980332
v -0.00313116 -0.00632502 0.03089033
v -0.00325282 -0.00632502 0.03080903
v -0.00333961 -0.00632502 0.03068373
v -0.00814153 -0.00632502 0.02793592
v -0.00827672 -0.00632502 0.02799192
v -0.00842912 -0.00632502 0.02799446
v -0.00986981 -0.00632502 0.02803647
v -0.00974930 -0.00632502 0.02809856
v -0.00926220 -0.00632502 0.02787977
v -0.01102451 -0.00632502 0.02843972
v -0.01089420 -0.00632502 0.02847712
v -0.01045914 -0.00632502 0.02816750
v -0.00385857 -0.00632502 0.02992410
v -0.00399376 -0.00632502 0.02986810
v -0.00410332 -0.00632502 0.02976214
v -0.00476051 -0.00632502 0.02911835
v -0.00490403 -0.00632502 0.02908980
v -0.00503216 -0.00632502 0.02900725
v -0.00580232 -0.00632502 0.02850404
v -0.00594864 -0.00632502 0.02850404
v -0.00609041 -0.00632502 0.02844807
v -0.00694395 -0.00632502 0.02810478
v -0.00708746 -0.00632502 0.02813333
v -0.00723743 -0.00632502 0.02810609
v -0.01207834 -0.00632502 0.02906050
v -0.01194324 -0.00632502 0.02907175
v -0.01157695 -0.00632502 0.02868321
v -0.01299082 -0.00632502 0.02987494
v -0.01285612 -0.00632502 0.02985962
v -0.01257267 -0.00632502 0.02940709
v -0.00336050 -0.00632502 0.03042166
v -0.00337175 -0.00632502 0.03055676
v -0.00298321 -0.00632502 0.03092305
v -0.00865863 -0.00632502 0.02786623
v -0.00855255 -0.00632502 0.02795064
v -0.00803213 -0.00632502 0.02783109
v -0.00417494 -0.00632502 0.02950918
v -0.00415962 -0.00632502 0.02964387
v -0.00370709 -0.00632502 0.02992733
v -0.00515175 -0.00632502 0.02877312
v -0.00511045 -0.00632502 0.02890224
v -0.00461131 -0.00632502 0.02909197
v -0.00625338 -0.00632502 0.02824177
v -0.00618769 -0.00632502 0.02836035
v -0.00566112 -0.00632502 0.02844906
v -0.00743752 -0.00632502 0.02793555
v -0.00734994 -0.00632502 0.02803904
v -0.00681619 -0.00632502 0.02802331
v -0.01147471 -0.00302501 0.02725649
v -0.00767747 -0.00302501 0.02663225
v -0.00535169 -0.00302501 0.02724469
v -0.00578705 -0.00302501 0.02706711
v -0.00640323 -0.00302501 0.02686797
v -0.00703598 -0.00302501 0.02672254
v -0.01087215 -0.00302501 0.02701642
v -0.01025173 -0.00302501 0.02682961
v -0.00961640 -0.00302501 0.02669667
v -0.00897331 -0.00302501 0.02661936
v -0.00832466 -0.00302501 0.02659786
v -0.01147471 -0.00242502 0.02725649
v -0.00535169 -0.00242502 0.02724469
v -0.00448879 -0.00097502 0.02712128
v -0.00437966 -0.00097502 0.02718358
v -0.00437966 -0.00242502 0.02718358
v -0.00325039 -0.00097502 0.02797778
v -0.00325039 -0.00242502 0.02797778
v -0.00250003 -0.00097502 0.02869719
v -0.00227449 -0.00242502 0.02895432
v -0.00289324 -0.00097502 0.02829693
v -0.00320002 -0.00097502 0.02802051
v -0.00085275 -0.00097502 0.03675312
v -0.00050899 -0.00242502 0.03541602
v -0.00050899 -0.00097502 0.03541602
v -0.00040023 -0.00242502 0.03403973
v -0.00040023 -0.00097502 0.03403973
v -0.00052971 -0.00242502 0.03266523
v -0.00052971 -0.00097502 0.03266523
v -0.00089358 -0.00242502 0.03133347
v -0.00089358 -0.00097502 0.03133347
v -0.00148101 -0.00242502 0.03008409
v -0.00148101 -0.00097502 0.03008409
v -0.00227449 -0.00097502 0.02895432
v -0.00152147 -0.00097502 0.03818483
v -0.00142128 -0.00242502 0.03801121
v -0.00142128 -0.00097502 0.03801121
v -0.00085275 -0.00242502 0.03675312
v -0.00171775 -0.00097502 0.03849858
v -0.00186351 -0.00097502 0.03871240
v -0.00219765 -0.00242502 0.03915281
v -0.00219765 -0.00097502 0.03915281
v -0.00315873 -0.00097502 0.04014393
v -0.00315873 -0.00242502 0.04014393
v -0.00427591 -0.00097502 0.04095506
v -0.00427591 -0.00242502 0.04095506
v -0.00551590 -0.00097502 0.04156204
v -0.00551590 -0.00242502 0.04156204
v -0.00684179 -0.00097502 0.04194678
v -0.00684179 -0.00242502 0.04194678
v -0.00821408 -0.00097502 0.04209784
v -0.00821408 -0.00242502 0.04209784
v -0.00959191 -0.00097502 0.04201071
v -0.00959191 -0.00242502 0.04201071
v -0.01093425 -0.00097502 0.04168799
v -0.01093425 -0.00242502 0.04168799
v -0.01220111 -0.00097502 0.04113929
v -0.01220111 -0.00242502 0.04113929
v -0.01231121 -0.00097502 0.04107872
v -0.01242034 -0.00097502 0.04101642
v -0.01242034 -0.00242502 0.04101642
v -0.01354961 -0.00097502 0.04022222
v -0.01354961 -0.00242502 0.04022222
v -0.01452551 -0.00097502 0.03924568
v -0.01452551 -0.00242502 0.03924568
v -0.01495461 -0.00097502 0.03868662
v -0.01531900 -0.00242502 0.03811591
v -0.01531900 -0.00097502 0.03811591
v -0.01590642 -0.00097502 0.03686653
v -0.01590642 -0.00242502 0.03686653
v -0.01627029 -0.00097502 0.03553477
v -0.01627029 -0.00242502 0.03553477
v -0.01639977 -0.00097502 0.03416027
v -0.01639977 -0.00242502 0.03416027
v -0.01629101 -0.00097502 0.03278398
v -0.01629101 -0.00242502 0.03278398
v -0.01594725 -0.00097502 0.03144688
v -0.01594725 -0.00242502 0.03144688
v -0.01537872 -0.00097502 0.03018879
v -0.01537872 -0.00242502 0.03018879
v -0.01460235 -0.00097502 0.02904719
v -0.01460235 -0.00242502 0.02904719
v -0.01366770 -0.00097502 0.02807910
v -0.01364127 -0.00242502 0.02805607
v -0.01401581 -0.00097502 0.02840240
v -0.01449041 -0.00097502 0.02891281
v -0.01364127 -0.00097502 0.02805607
v -0.01252409 -0.00097502 0.02724494
v -0.01252409 -0.00242502 0.02724494
v -0.01167861 -0.00242502 0.02680267
v -0.01128410 -0.00097502 0.02663796
v -0.01128410 -0.00242502 0.02663796
v -0.00995821 -0.00097502 0.02625322
v -0.00995821 -0.00242502 0.02625322
v -0.00858592 -0.00097502 0.02610216
v -0.00858592 -0.00242502 0.02610216
v -0.00720809 -0.00097502 0.02618929
v -0.00720809 -0.00242502 0.02618929
v -0.00586575 -0.00097502 0.02651201
v -0.00586575 -0.00242502 0.02651201
v -0.00515838 -0.00242502 0.02678615
v -0.00459889 -0.00097502 0.02706071
v -0.00459889 -0.00242502 0.02706071
v -0.01068293 -0.00097502 0.02651698
v -0.01057983 -0.00097502 0.04131847
v -0.01071390 -0.00097502 0.04137957
v -0.01296781 -0.00097502 0.02821931
v -0.01290314 -0.00097502 0.02826436
v -0.01249905 -0.00097502 0.02821259
v -0.00215001 -0.00097502 0.03408768
v -0.00217676 -0.00097502 0.03467815
v -0.00205335 -0.00097502 0.03446080
v -0.00225943 -0.00097502 0.03526441
v -0.00196910 -0.00097502 0.03685694
v -0.00172309 -0.00097502 0.03682254
v -0.01092672 -0.00097502 0.03981648
v -0.01085764 -0.00097502 0.03995052
v -0.01037449 -0.00097502 0.04002980
v -0.01293149 -0.00097502 0.03840454
v -0.01315240 -0.00097502 0.03842079
v -0.01250396 -0.00097502 0.03881380
v -0.01289858 -0.00097502 0.04023591
v -0.01203965 -0.00097502 0.03918103
v -0.01156998 -0.00097502 0.03948646
v -0.01145563 -0.00097502 0.03955212
v -0.01075413 -0.00097502 0.04059531
v -0.01061339 -0.00097502 0.04064214
v -0.00980471 -0.00097502 0.04019010
v -0.01054872 -0.00097502 0.04068719
v -0.00922240 -0.00097502 0.04029564
v -0.01046654 -0.00097502 0.04078414
v -0.01041485 -0.00097502 0.04092331
v -0.00575938 -0.00097502 0.03976468
v -0.00630643 -0.00097502 0.03998900
v -0.00584994 -0.00097502 0.04029400
v -0.00687274 -0.00097502 0.04016051
v -0.00863298 -0.00097502 0.04034571
v -0.00870063 -0.00097502 0.04069264
v -0.00804155 -0.00097502 0.04033961
v -0.00745269 -0.00097502 0.04027778
v -0.00523500 -0.00097502 0.03948934
v -0.00404892 -0.00097502 0.04004215
v -0.00473962 -0.00097502 0.03916596
v -0.00419208 -0.00097502 0.03901842
v -0.00427678 -0.00097502 0.03879706
v -0.00283190 -0.00097502 0.03693892
v -0.00226104 -0.00097502 0.03734158
v -0.00208674 -0.00097502 0.03806474
v -0.00222748 -0.00097502 0.03801791
v -0.00229216 -0.00097502 0.03797287
v -0.00237433 -0.00097502 0.03787591
v -0.00385155 -0.00097502 0.03838642
v -0.00346617 -0.00097502 0.03793657
v -0.00242602 -0.00097502 0.03773674
v -0.00312553 -0.00097502 0.03745295
v -0.00242289 -0.00097502 0.03758580
v -0.00236628 -0.00097502 0.03744958
v -0.00239708 -0.00097502 0.03583971
v -0.00258870 -0.00097502 0.03640020
v -0.00217933 -0.00097502 0.03349616
v -0.00171863 -0.00097502 0.03441399
v -0.00226420 -0.00097502 0.03291070
v -0.00239872 -0.00097502 0.03199100
v -0.00259778 -0.00097502 0.03177685
v -0.00240425 -0.00097502 0.03233542
v -0.00417041 -0.00097502 0.02836524
v -0.00411380 -0.00097502 0.02822902
v -0.00571567 -0.00097502 0.02812297
v -0.00338847 -0.00097502 0.02853158
v -0.00344508 -0.00097502 0.02866781
v -0.00355032 -0.00097502 0.02877581
v -0.00284375 -0.00097502 0.03123830
v -0.00338534 -0.00097502 0.02838065
v -0.00313916 -0.00097502 0.03072568
v -0.00368439 -0.00097502 0.02883691
v -0.00348203 -0.00097502 0.03024305
v -0.00400856 -0.00097502 0.02812102
v -0.00387449 -0.00097502 0.02805992
v -0.00372462 -0.00097502 0.02805264
v -0.00386851 -0.00097502 0.02979546
v -0.00383426 -0.00097502 0.02884418
v -0.00429604 -0.00097502 0.02938620
v -0.00358388 -0.00097502 0.02809948
v -0.00351921 -0.00097502 0.02814452
v -0.00343703 -0.00097502 0.02824148
v -0.00587328 -0.00097502 0.02838352
v -0.00534437 -0.00097502 0.02864788
v -0.00417354 -0.00097502 0.02851618
v -0.00523002 -0.00097502 0.02871354
v -0.00412185 -0.00097502 0.02865535
v -0.00476035 -0.00097502 0.02901897
v -0.00403967 -0.00097502 0.02875230
v -0.00397500 -0.00097502 0.02879735
v -0.00875845 -0.00097502 0.02786039
v -0.00816702 -0.00097502 0.02785428
v -0.00763450 -0.00097502 0.02753234
v -0.00757760 -0.00097502 0.02790436
v -0.00583348 -0.00097502 0.02728049
v -0.00699529 -0.00097502 0.02800990
v -0.00642551 -0.00097502 0.02817020
v -0.00934731 -0.00097502 0.02792222
v -0.01048520 -0.00097502 0.02793097
v -0.00992726 -0.00097502 0.02803949
v -0.01238124 -0.00097502 0.02905507
v -0.01206038 -0.00097502 0.02903404
v -0.01156500 -0.00097502 0.02871066
v -0.01104062 -0.00097502 0.02843532
v -0.01049357 -0.00097502 0.02821100
v -0.01421130 -0.00097502 0.03179980
v -0.01396810 -0.00097502 0.03126108
v -0.01442217 -0.00097502 0.02934047
v -0.01367447 -0.00097502 0.03074704
v -0.01333383 -0.00097502 0.03026343
v -0.01294845 -0.00097502 0.02981358
v -0.01252322 -0.00097502 0.02940294
v -0.01454057 -0.00097502 0.03293559
v -0.01440292 -0.00097502 0.03236029
v -0.01439575 -0.00097502 0.03586458
v -0.01453580 -0.00097502 0.03528930
v -0.01446143 -0.00097502 0.03619592
v -0.01462067 -0.00097502 0.03470384
v -0.01480680 -0.00097502 0.03372612
v -0.01464999 -0.00097502 0.03411232
v -0.01462324 -0.00097502 0.03352185
v -0.01331797 -0.00097502 0.03795695
v -0.01366084 -0.00097502 0.03747432
v -0.01413117 -0.00097502 0.03855765
v -0.01395625 -0.00097502 0.03696170
v -0.01420222 -0.00097502 0.03642315
v -0.01282097 -0.00097502 0.02836131
v -0.01276928 -0.00097502 0.02850048
v -0.01277241 -0.00097502 0.02865142
v -0.01282902 -0.00097502 0.02878764
v -0.01293426 -0.00097502 0.02889564
v -0.01306832 -0.00097502 0.02895674
v -0.01321819 -0.00097502 0.02896402
v -0.01335893 -0.00097502 0.02891718
v -0.01342361 -0.00097502 0.02887214
v -0.01350578 -0.00097502 0.02877518
v -0.01355747 -0.00097502 0.02863602
v -0.01355434 -0.00097502 0.02848508
v -0.01349773 -0.00097502 0.02834885
v -0.01339249 -0.00097502 0.02824086
v -0.01325843 -0.00097502 0.02817976
v -0.01310856 -0.00097502 0.02817248
v -0.01253944 -0.00097502 0.02792371
v -0.01490398 -0.00097502 0.03750304
v -0.01476992 -0.00097502 0.03744194
v -0.01461683 -0.00097502 0.03621765
v -0.01462005 -0.00097502 0.03743466
v -0.01447930 -0.00097502 0.03748149
v -0.01472968 -0.00097502 0.03822620
v -0.01457981 -0.00097502 0.03821892
v -0.01428657 -0.00097502 0.03857939
v -0.01444575 -0.00097502 0.03815782
v -0.01506896 -0.00097502 0.03789820
v -0.01506583 -0.00097502 0.03774726
v -0.01500922 -0.00097502 0.03761103
v -0.01487042 -0.00097502 0.03817936
v -0.01493509 -0.00097502 0.03813432
v -0.01501727 -0.00097502 0.03803736
v -0.01441463 -0.00097502 0.03752654
v -0.01433245 -0.00097502 0.03762349
v -0.01428076 -0.00097502 0.03776266
v -0.01428390 -0.00097502 0.03791360
v -0.01434051 -0.00097502 0.03804982
v -0.01086377 -0.00097502 0.04138685
v -0.01100451 -0.00097502 0.04134001
v -0.01106918 -0.00097502 0.04129497
v -0.01041798 -0.00097502 0.04107425
v -0.01047459 -0.00097502 0.04121047
v -0.01119991 -0.00097502 0.04090791
v -0.01114331 -0.00097502 0.04077168
v -0.01103807 -0.00097502 0.04066369
v -0.01090400 -0.00097502 0.04060259
v -0.01115136 -0.00097502 0.04119801
v -0.01120305 -0.00097502 0.04105885
v -0.00620683 -0.00097502 0.04084414
v -0.00615022 -0.00097502 0.04070792
v -0.00604498 -0.00097502 0.04059992
v -0.00572081 -0.00097502 0.04131581
v -0.00587068 -0.00097502 0.04132308
v -0.00601142 -0.00097502 0.04127625
v -0.00607610 -0.00097502 0.04123121
v -0.00615827 -0.00097502 0.04113425
v -0.00620996 -0.00097502 0.04099508
v -0.00547345 -0.00097502 0.04072038
v -0.00542177 -0.00097502 0.04085955
v -0.00555563 -0.00097502 0.04062342
v -0.00542490 -0.00097502 0.04101049
v -0.00548151 -0.00097502 0.04114671
v -0.00558675 -0.00097502 0.04125471
v -0.00591092 -0.00097502 0.04053882
v -0.00576105 -0.00097502 0.04053155
v -0.00562030 -0.00097502 0.04057838
v -0.00168951 -0.00097502 0.03746204
v -0.00163782 -0.00097502 0.03760121
v -0.00177169 -0.00097502 0.03736509
v -0.00164096 -0.00097502 0.03775215
v -0.00169757 -0.00097502 0.03788837
v -0.00180281 -0.00097502 0.03799637
v -0.00193687 -0.00097502 0.03805747
v -0.00212698 -0.00097502 0.03728048
v -0.00197711 -0.00097502 0.03727321
v -0.00183636 -0.00097502 0.03732004
v -0.00206400 -0.00097502 0.03194420
v -0.00089332 -0.00097502 0.03296007
v -0.00099856 -0.00097502 0.03306806
v -0.00162177 -0.00097502 0.03280844
v -0.00161864 -0.00097502 0.03265750
v -0.00156203 -0.00097502 0.03252128
v -0.00145679 -0.00097502 0.03241328
v -0.00132273 -0.00097502 0.03235218
v -0.00117286 -0.00097502 0.03234490
v -0.00083671 -0.00097502 0.03282384
v -0.00083358 -0.00097502 0.03267290
v -0.00113262 -0.00097502 0.03312917
v -0.00128249 -0.00097502 0.03313644
v -0.00142324 -0.00097502 0.03308961
v -0.00148791 -0.00097502 0.03304457
v -0.00157008 -0.00097502 0.03294761
v -0.00103212 -0.00097502 0.03239174
v -0.00096744 -0.00097502 0.03243678
v -0.00088527 -0.00097502 0.03253374
v -0.00138837 -0.00097502 0.03677573
v -0.01496221 -0.00097502 0.03374785
v -0.01599566 -0.00097502 0.03284110
v -0.01593905 -0.00097502 0.03270487
v -0.01521060 -0.00097502 0.03285650
v -0.01521373 -0.00097502 0.03300744
v -0.01527034 -0.00097502 0.03314367
v -0.01583381 -0.00097502 0.03259688
v -0.01569975 -0.00097502 0.03253578
v -0.01554988 -0.00097502 0.03252850
v -0.01540914 -0.00097502 0.03257534
v -0.01537558 -0.00097502 0.03325166
v -0.01550964 -0.00097502 0.03331276
v -0.01565951 -0.00097502 0.03332004
v -0.01580026 -0.00097502 0.03327321
v -0.01534446 -0.00097502 0.03262038
v -0.01526229 -0.00097502 0.03271734
v -0.01586493 -0.00097502 0.03322816
v -0.01594711 -0.00097502 0.03313120
v -0.01599880 -0.00097502 0.03299204
v -0.00810225 -0.00097502 0.02688377
v -0.00815886 -0.00097502 0.02701999
v -0.00767490 -0.00097502 0.02724346
v -0.00888418 -0.00097502 0.02671742
v -0.00882757 -0.00097502 0.02658120
v -0.00815081 -0.00097502 0.02659366
v -0.00809912 -0.00097502 0.02673283
v -0.00872233 -0.00097502 0.02647320
v -0.00823298 -0.00097502 0.02649670
v -0.01052559 -0.00097502 0.02764209
v -0.00888731 -0.00097502 0.02686836
v -0.00826410 -0.00097502 0.02712799
v -0.00839816 -0.00097502 0.02718909
v -0.00854803 -0.00097502 0.02719636
v -0.00868878 -0.00097502 0.02714953
v -0.00858827 -0.00097502 0.02641210
v -0.00843840 -0.00097502 0.02640483
v -0.00829765 -0.00097502 0.02645166
v -0.00875345 -0.00097502 0.02710449
v -0.00883562 -0.00097502 0.02700753
v -0.00587388 -0.00097502 0.02699161
v -0.00158525 -0.00242502 0.03256200
v -0.00162631 -0.00242502 0.03270500
v -0.00240425 -0.00242502 0.03233542
v -0.00577071 -0.00242502 0.04165564
v -0.00641223 -0.00242502 0.04184915
v -0.00594644 -0.00242502 0.04130523
v -0.00087819 -0.00242502 0.03293492
v -0.00083070 -0.00242502 0.03279245
v -0.00047732 -0.00242502 0.03299009
v -0.00430843 -0.00242502 0.02829717
v -0.00417543 -0.00242502 0.02839316
v -0.00416823 -0.00242502 0.02854131
v -0.00258870 -0.00242502 0.03640020
v -0.00219108 -0.00242502 0.03730229
v -0.00283190 -0.00242502 0.03693892
v -0.00231446 -0.00242502 0.03738550
v -0.00312553 -0.00242502 0.03745295
v -0.00882757 -0.00242502 0.02658120
v -0.01152224 -0.00242502 0.02772334
v -0.00872233 -0.00242502 0.02647320
v -0.00858827 -0.00242502 0.02641210
v -0.01558267 -0.00242502 0.03194543
v -0.01573732 -0.00242502 0.03254542
v -0.01586691 -0.00242502 0.03262241
v -0.01518755 -0.00242502 0.03833466
v -0.01551855 -0.00242502 0.03775065
v -0.01506555 -0.00242502 0.03791779
v -0.01078114 -0.00242502 0.04138996
v -0.01038751 -0.00242502 0.04184924
v -0.01092578 -0.00242502 0.04137383
v -0.01102909 -0.00242502 0.04165569
v -0.00523002 -0.00242502 0.02871354
v -0.00534437 -0.00242502 0.02864788
v -0.00484018 -0.00242502 0.02795675
v -0.01252322 -0.00242502 0.02940294
v -0.01294845 -0.00242502 0.02981358
v -0.01313887 -0.00242502 0.02896724
v -0.00839816 -0.00242502 0.02718909
v -0.00826410 -0.00242502 0.02712799
v -0.00543158 -0.00242502 0.02765031
v -0.00815886 -0.00242502 0.02701999
v -0.00523552 -0.00242502 0.02730029
v -0.00810225 -0.00242502 0.02688377
v -0.01501045 -0.00242502 0.03804844
v -0.01491005 -0.00242502 0.03815379
v -0.01481128 -0.00242502 0.03888574
v -0.01477339 -0.00242502 0.03821902
v -0.00239991 -0.00242502 0.03751134
v -0.00243164 -0.00242502 0.03765740
v -0.00346617 -0.00242502 0.03793657
v -0.00240939 -0.00242502 0.03780244
v -0.00385155 -0.00242502 0.03838642
v -0.00238054 -0.00242502 0.03786511
v -0.00512935 -0.00242502 0.04040218
v -0.00557008 -0.00242502 0.04061184
v -0.00570219 -0.00242502 0.04054408
v -0.01331797 -0.00242502 0.03795695
v -0.01427768 -0.00242502 0.03787563
v -0.01366084 -0.00242502 0.03747432
v -0.01428820 -0.00242502 0.03772713
v -0.01395625 -0.00242502 0.03696170
v -0.00553810 -0.00242502 0.04121493
v -0.00514867 -0.00242502 0.04140959
v -0.00565925 -0.00242502 0.04129558
v -0.00579788 -0.00242502 0.04132725
v -0.00102819 -0.00242502 0.03720773
v -0.00131348 -0.00242502 0.03781231
v -0.00163426 -0.00242502 0.03771070
v -0.01169816 -0.00242502 0.02736406
v -0.01282528 -0.00242502 0.02743502
v -0.01317030 -0.00242502 0.02816847
v -0.01336771 -0.00242502 0.02782922
v -0.01331747 -0.00242502 0.02819877
v -0.01387600 -0.00242502 0.02826761
v -0.01624749 -0.00242502 0.03254372
v -0.01600189 -0.00242502 0.03287544
v -0.01634997 -0.00242502 0.03320469
v -0.01599275 -0.00242502 0.03302068
v -0.01639692 -0.00242502 0.03387455
v -0.01593003 -0.00242502 0.03315850
v -0.00540000 -0.00242502 0.02766494
v -0.00587328 -0.00242502 0.02838352
v -0.00226420 -0.00242502 0.03291070
v -0.00161093 -0.00242502 0.03285635
v -0.00217933 -0.00242502 0.03349616
v -0.00154137 -0.00242502 0.03298866
v -0.00215001 -0.00242502 0.03408768
v -0.00145092 -0.00242502 0.03307318
v -0.00136864 -0.00242502 0.03311500
v -0.00745269 -0.00242502 0.04027778
v -0.00687274 -0.00242502 0.04016051
v -0.00406884 -0.00242502 0.03972621
v -0.00630643 -0.00242502 0.03998900
v -0.00575938 -0.00242502 0.03976468
v -0.01037449 -0.00242502 0.04002980
v -0.00980471 -0.00242502 0.04019010
v -0.01047559 -0.00242502 0.04077048
v -0.00888418 -0.00242502 0.02671742
v -0.00888731 -0.00242502 0.02686836
v -0.00883562 -0.00242502 0.02700753
v -0.00164890 -0.00242502 0.03839231
v -0.00176111 -0.00242502 0.03796381
v -0.00167521 -0.00242502 0.03785037
v -0.00059772 -0.00242502 0.03233207
v -0.00366927 -0.00242502 0.02806405
v -0.00391873 -0.00242502 0.02747284
v -0.00353884 -0.00242502 0.02812863
v -0.00338061 -0.00242502 0.02787057
v -0.00344207 -0.00242502 0.02823290
v -0.00287688 -0.00242502 0.02831239
v -0.00809912 -0.00242502 0.02673283
v -0.00815081 -0.00242502 0.02659366
v -0.01302148 -0.00242502 0.02819274
v -0.01283351 -0.00242502 0.02805167
v -0.01228066 -0.00242502 0.02768401
v -0.01225411 -0.00242502 0.02708932
v -0.01343617 -0.00242502 0.02827546
v -0.01352256 -0.00242502 0.02839256
v -0.01434316 -0.00242502 0.02874403
v -0.01356315 -0.00242502 0.02853845
v -0.01233523 -0.00242502 0.04048261
v -0.01176890 -0.00242502 0.04079946
v -0.01222030 -0.00242502 0.04112890
v -0.01120503 -0.00242502 0.04105579
v -0.01165154 -0.00242502 0.04140954
v -0.01115186 -0.00242502 0.04119671
v -0.01105217 -0.00242502 0.04130906
v -0.00476035 -0.00242502 0.02901897
v -0.00410780 -0.00242502 0.02867725
v -0.00429604 -0.00242502 0.02938620
v -0.00399876 -0.00242502 0.02878333
v -0.00386851 -0.00242502 0.02979546
v -0.00386044 -0.00242502 0.02884001
v -0.00348203 -0.00242502 0.03024305
v -0.00373660 -0.00242502 0.02884661
v -0.00364677 -0.00242502 0.02882573
v -0.00523500 -0.00242502 0.03948934
v -0.00473962 -0.00242502 0.03916596
v -0.00358478 -0.00242502 0.03931767
v -0.00427678 -0.00242502 0.03879706
v -0.00314128 -0.00242502 0.03887084
v -0.00273957 -0.00242502 0.03838645
v -0.00599656 -0.00242502 0.04057008
v -0.00585020 -0.00242502 0.04052856
v -0.00458488 -0.00242502 0.04008853
v -0.01549306 -0.00242502 0.03378066
v -0.01545421 -0.00242502 0.03329488
v -0.01532945 -0.00242502 0.03321416
v -0.01435459 -0.00242502 0.03759024
v -0.01446536 -0.00242502 0.03748981
v -0.01420222 -0.00242502 0.03642315
v -0.01460200 -0.00242502 0.03743678
v -0.01439575 -0.00242502 0.03586458
v -0.01467054 -0.00242502 0.03743052
v -0.00642551 -0.00242502 0.02817020
v -0.00699529 -0.00242502 0.02800990
v -0.00203112 -0.00242502 0.03894129
v -0.00203704 -0.00242502 0.03807024
v -0.00188907 -0.00242502 0.03804242
v -0.00083782 -0.00242502 0.03265035
v -0.00089622 -0.00242502 0.03251703
v -0.00077309 -0.00242502 0.03168539
v -0.00100241 -0.00242502 0.03240903
v -0.00823298 -0.00242502 0.02649670
v -0.00829765 -0.00242502 0.02645166
v -0.00843840 -0.00242502 0.02640483
v -0.01579935 -0.00242502 0.03714209
v -0.01501992 -0.00242502 0.03762543
v -0.01506974 -0.00242502 0.03776763
v -0.00607770 -0.00242502 0.04123143
v -0.00667410 -0.00242502 0.04139749
v -0.00731152 -0.00242502 0.04151882
v -0.00706677 -0.00242502 0.04198821
v -0.00795816 -0.00242502 0.04158466
v -0.00773103 -0.00242502 0.04207198
v -0.00861016 -0.00242502 0.04159461
v -0.00840004 -0.00242502 0.04210010
v -0.00925802 -0.00242502 0.04154883
v -0.00906836 -0.00242502 0.04207204
v -0.00990167 -0.00242502 0.04144683
v -0.00973315 -0.00242502 0.04198821
v -0.01053946 -0.00242502 0.04128848
v -0.01063453 -0.00242502 0.04135204
v -0.01299444 -0.00242502 0.02893108
v -0.01287117 -0.00242502 0.02884190
v -0.01206038 -0.00242502 0.02903404
v -0.01279153 -0.00242502 0.02871536
v -0.01156500 -0.00242502 0.02871066
v -0.01276308 -0.00242502 0.02857167
v -0.00757760 -0.00242502 0.02790436
v -0.00816702 -0.00242502 0.02785428
v -0.00854803 -0.00242502 0.02719636
v -0.00875845 -0.00242502 0.02786039
v -0.00868878 -0.00242502 0.02714953
v -0.00934731 -0.00242502 0.02792222
v -0.00875345 -0.00242502 0.02710449
v -0.00097367 -0.00242502 0.03305135
v -0.00041224 -0.00242502 0.03365698
v -0.00091374 -0.00242502 0.03366670
v -0.01465954 -0.00242502 0.03823145
v -0.01427287 -0.00242502 0.03876263
v -0.01438898 -0.00242502 0.03940441
v -0.01384545 -0.00242502 0.03925444
v -0.01392281 -0.00242502 0.03988794
v -0.01337866 -0.00242502 0.03970592
v -0.01342046 -0.00242502 0.04032901
v -0.01287287 -0.00242502 0.04011738
v -0.01288304 -0.00242502 0.04072620
v -0.00149556 -0.00242502 0.03244381
v -0.00162536 -0.00242502 0.03197404
v -0.00183976 -0.00242502 0.03138318
v -0.00259778 -0.00242502 0.03177685
v -0.00210698 -0.00242502 0.03081199
v -0.00284375 -0.00242502 0.03123830
v -0.00242522 -0.00242502 0.03026431
v -0.00313916 -0.00242502 0.03072568
v -0.00278826 -0.00242502 0.02974988
v -0.00319560 -0.00242502 0.02927002
v -0.00204637 -0.00242502 0.03726935
v -0.00184364 -0.00242502 0.03682565
v -0.00162813 -0.00242502 0.03623530
v -0.00239708 -0.00242502 0.03583971
v -0.00146570 -0.00242502 0.03562601
v -0.00225943 -0.00242502 0.03526441
v -0.00135749 -0.00242502 0.03500191
v -0.00217676 -0.00242502 0.03467815
v -0.00130495 -0.00242502 0.03437454
v -0.00130857 -0.00242502 0.03374521
v -0.01549381 -0.00242502 0.03440875
v -0.01464999 -0.00242502 0.03411232
v -0.01462067 -0.00242502 0.03470384
v -0.01462324 -0.00242502 0.03352185
v -0.01524206 -0.00242502 0.03309362
v -0.01454057 -0.00242502 0.03293559
v -0.01520496 -0.00242502 0.03294607
v -0.01440292 -0.00242502 0.03236029
v -0.01522529 -0.00242502 0.03279794
v -0.01421130 -0.00242502 0.03179980
v -0.01529587 -0.00242502 0.03266954
v -0.01534440 -0.00242502 0.03262069
v -0.01494257 -0.00242502 0.03685854
v -0.01516123 -0.00242502 0.03626817
v -0.01453580 -0.00242502 0.03528930
v -0.01532642 -0.00242502 0.03566051
v -0.01543815 -0.00242502 0.03503681
v -0.01328632 -0.00242502 0.02894888
v -0.01362800 -0.00242502 0.02929568
v -0.01403234 -0.00242502 0.02977632
v -0.01333383 -0.00242502 0.03026343
v -0.01439346 -0.00242502 0.03029322
v -0.01367447 -0.00242502 0.03074704
v -0.01470884 -0.00242502 0.03084286
v -0.01396810 -0.00242502 0.03126108
v -0.01497296 -0.00242502 0.03141458
v -0.01518503 -0.00242502 0.03200751
v -0.00545018 -0.00242502 0.04109162
v -0.00541823 -0.00242502 0.04098197
v -0.00454844 -0.00242502 0.04111182
v -0.00482775 -0.00242502 0.04069320
v -0.00397608 -0.00242502 0.04076562
v -0.00426904 -0.00242502 0.04035751
v -0.00343428 -0.00242502 0.04037229
v -0.00374328 -0.00242502 0.03997609
v -0.00292706 -0.00242502 0.03993509
v -0.00325019 -0.00242502 0.03954930
v -0.00245862 -0.00242502 0.03945729
v -0.00279717 -0.00242502 0.03908317
v -0.00238693 -0.00242502 0.03858049
v -0.00241269 -0.00242502 0.02879407
v -0.00338516 -0.00242502 0.02852312
v -0.00338686 -0.00242502 0.02837257
v -0.00381998 -0.00242502 0.02804958
v -0.00393102 -0.00242502 0.02807684
v -0.00448308 -0.00242502 0.02770614
v -0.00455966 -0.00242502 0.02708204
v -0.00506363 -0.00242502 0.02738386
v -0.01536887 -0.00242502 0.03133254
v -0.01609000 -0.00242502 0.03189439
v -0.01596019 -0.00242502 0.03274018
v -0.01585069 -0.00242502 0.03324132
v -0.01589594 -0.00242502 0.03389668
v -0.01638817 -0.00242502 0.03454307
v -0.01588467 -0.00242502 0.03454810
v -0.01632345 -0.00242502 0.03520725
v -0.01581732 -0.00242502 0.03519396
v -0.01620252 -0.00242502 0.03586688
v -0.01569437 -0.00242502 0.03583422
v -0.01602717 -0.00242502 0.03651437
v -0.01551731 -0.00242502 0.03645960
v -0.01528715 -0.00242502 0.03706643
v -0.00611474 -0.00242502 0.04066165
v -0.00619084 -0.00242502 0.04078703
v -0.00620898 -0.00242502 0.04085350
v -0.01057905 -0.00242502 0.04066347
v -0.01071789 -0.00242502 0.04060124
v -0.01092672 -0.00242502 0.03981648
v -0.01086728 -0.00242502 0.04059547
v -0.01145563 -0.00242502 0.03955212
v -0.01100611 -0.00242502 0.04064264
v -0.01156998 -0.00242502 0.03948646
v -0.01106267 -0.00242502 0.04068189
v -0.01276887 -0.00242502 0.02850296
v -0.01225329 -0.00242502 0.02813642
v -0.01170853 -0.00242502 0.02781795
v -0.01104062 -0.00242502 0.02843532
v -0.01049357 -0.00242502 0.02821100
v -0.00164619 -0.00242502 0.03755973
v -0.00169213 -0.00242502 0.03745528
v -0.00142539 -0.00242502 0.03685435
v -0.00090485 -0.00242502 0.03431547
v -0.00040311 -0.00242502 0.03432608
v -0.00095223 -0.00242502 0.03496378
v -0.00045011 -0.00242502 0.03499392
v -0.00105560 -0.00242502 0.03560772
v -0.00055261 -0.00242502 0.03565565
v -0.00121317 -0.00242502 0.03623793
v -0.00071008 -0.00242502 0.03630575
v -0.00092159 -0.00242502 0.03694156
v -0.01355561 -0.00242502 0.02865301
v -0.01401151 -0.00242502 0.02912593
v -0.01476976 -0.00242502 0.02925951
v -0.01442159 -0.00242502 0.02963216
v -0.01515324 -0.00242502 0.02981096
v -0.01478515 -0.00242502 0.03017020
v -0.01548784 -0.00242502 0.03038933
v -0.01510250 -0.00242502 0.03073966
v -0.01577200 -0.00242502 0.03099218
v -0.01587794 -0.00242502 0.03125697
v -0.00992726 -0.00242502 0.02803949
v -0.00110468 -0.00242502 0.03235854
v -0.00128671 -0.00242502 0.03172662
v -0.00100138 -0.00242502 0.03105664
v -0.00152043 -0.00242502 0.03111790
v -0.00128187 -0.00242502 0.03044868
v -0.00180487 -0.00242502 0.03053381
v -0.00161208 -0.00242502 0.02986615
v -0.00213966 -0.00242502 0.02997405
v -0.00198967 -0.00242502 0.02931374
v -0.00252012 -0.00242502 0.02944696
v -0.00294399 -0.00242502 0.02895570
v -0.01041787 -0.00242502 0.04090732
v -0.00994554 -0.00242502 0.04103004
v -0.00932695 -0.00242502 0.04113977
v -0.00922240 -0.00242502 0.04029564
v -0.00869877 -0.00242502 0.04119394
v -0.00863298 -0.00242502 0.04034571
v -0.00806529 -0.00242502 0.04119214
v -0.00804155 -0.00242502 0.04033961
v -0.00743832 -0.00242502 0.04113493
v -0.00681919 -0.00242502 0.04102208
v -0.01432139 -0.00242502 0.03801762
v -0.01403863 -0.00242502 0.03841504
v -0.01363540 -0.00242502 0.03889667
v -0.01293149 -0.00242502 0.03840454
v -0.01318903 -0.00242502 0.03934198
v -0.01250396 -0.00242502 0.03881380
v -0.01270256 -0.00242502 0.03974786
v -0.01203965 -0.00242502 0.03918103
v -0.01218547 -0.00242502 0.04010710
v -0.01163858 -0.00242502 0.04041871
v -0.00577212 -0.00242502 0.04165616
v -0.00514906 -0.00242502 0.04140969
v -0.01038896 -0.00242502 0.04184888
v -0.01165240 -0.00242502 0.04140906
v -0.01102938 -0.00242502 0.04165561
v -0.00287775 -0.00242502 0.02831164
v -0.00338060 -0.00242502 0.02787047
v -0.00391940 -0.00242502 0.02747247
v -0.00164917 -0.00242502 0.03839260
v -0.00131400 -0.00242502 0.03781344
v -0.00641258 -0.00242502 0.04184926
v -0.00059803 -0.00242502 0.03233094
v -0.00077303 -0.00242502 0.03168530
v -0.00047731 -0.00242502 0.03299003
v -0.01518800 -0.00242502 0.03833364
v -0.01480990 -0.00242502 0.03888685
v -0.01551809 -0.00242502 0.03775159
v -0.01624735 -0.00242502 0.03254466
v -0.01608982 -0.00242502 0.03189354
v -0.00448876 -0.00242502 0.02712123
v -0.00455799 -0.00242502 0.02708288
v -0.00454973 -0.00242502 0.04111263
v -0.01639683 -0.00242502 0.03387374
v -0.01635000 -0.00242502 0.03320621
v -0.00041228 -0.00242502 0.03365586
v -0.00040316 -0.00242502 0.03432579
v -0.00044995 -0.00242502 0.03499335
v -0.00055255 -0.00242502 0.03565484
v -0.00071004 -0.00242502 0.03630598
v -0.00092123 -0.00242502 0.03694053
v -0.00203200 -0.00242502 0.03894250
v -0.00245885 -0.00242502 0.03945756
v -0.00292805 -0.00242502 0.03993595
v -0.00343485 -0.00242502 0.04037285
v -0.00397688 -0.00242502 0.04076603
v -0.01387208 -0.00242502 0.02826414
v -0.01434117 -0.00242502 0.02874250
v -0.01282295 -0.00242502 0.02743381
v -0.01336533 -0.00242502 0.02782735
v -0.00100182 -0.00242502 0.03105585
v -0.00128207 -0.00242502 0.03044808
v -0.00161227 -0.00242502 0.02986596
v -0.00199030 -0.00242502 0.02931285
v -0.00241269 -0.00242502 0.02879405
v -0.00706804 -0.00242502 0.04198837
v -0.00773194 -0.00242502 0.04207214
v -0.00840086 -0.00242502 0.04209999
v -0.00906989 -0.00242502 0.04207200
v -0.00973351 -0.00242502 0.04198809
v -0.01231125 -0.00242502 0.04107879
v -0.01222029 -0.00242502 0.04112900
v -0.01225033 -0.00242502 0.02708741
v -0.01438761 -0.00242502 0.03940564
v -0.01392259 -0.00242502 0.03988801
v -0.01341981 -0.00242502 0.04032921
v -0.01288134 -0.00242502 0.04072703
v -0.01638774 -0.00242502 0.03454373
v -0.01632276 -0.00242502 0.03520951
v -0.01620206 -0.00242502 0.03586860
v -0.01602713 -0.00242502 0.03651423
v -0.01579844 -0.00242502 0.03714352
v -0.01587861 -0.00242502 0.03125906
v -0.01476809 -0.00242502 0.02925761
v -0.01515078 -0.00242502 0.02980735
v -0.01548605 -0.00242502 0.03038668
v -0.00600000 -0.00242502 0.03570000
v -0.00540000 -0.00242502 0.02266494
v -0.01140000 -0.00242502 0.02266494
v -0.00990000 -0.00242502 0.02940000
v -0.00690000 -0.00242502 0.02940000
v -0.01140000 -0.00242502 0.02766494
v -0.00280000 -0.00242502 0.03250000
v -0.00990000 -0.00242502 0.03240000
v -0.00280000 -0.00242502 0.03570000
v -0.00600000 -0.00242502 0.03250000
v -0.00986554 -0.00242502 0.03442104
v -0.00989962 -0.00242502 0.03413316
v -0.00967228 -0.00242502 0.03330491
v -0.00980120 -0.00242502 0.03356467
v -0.00987830 -0.00242502 0.03384404
v -0.00949549 -0.00242502 0.03307537
v -0.00927799 -0.00242502 0.03288344
v -0.00902770 -0.00242502 0.03273766
v -0.00692170 -0.00242502 0.03435596
v -0.00690038 -0.00242502 0.03406684
v -0.00699880 -0.00242502 0.03463533
v -0.00712772 -0.00242502 0.03489509
v -0.00730451 -0.00242502 0.03512463
v -0.00840000 -0.00242502 0.03560000
v -0.00868862 -0.00242502 0.03557217
v -0.00896676 -0.00242502 0.03548880
v -0.00922339 -0.00242502 0.03535415
v -0.00848260 -0.00242502 0.03260220
v -0.00840000 -0.00242502 0.03260000
v -0.00811138 -0.00242502 0.03262782
v -0.00783324 -0.00242502 0.03271120
v -0.00757661 -0.00242502 0.03284585
v -0.00735084 -0.00242502 0.03302798
v -0.00716409 -0.00242502 0.03324947
v -0.00702382 -0.00242502 0.03350327
v -0.00693446 -0.00242502 0.03377896
v -0.00752201 -0.00242502 0.03531656
v -0.00777230 -0.00242502 0.03546234
v -0.00804662 -0.00242502 0.03555814
v -0.00944916 -0.00242502 0.03517202
v -0.00963591 -0.00242502 0.03495053
v -0.00977618 -0.00242502 0.03469673
v -0.00875338 -0.00242502 0.03264186
v -0.00690000 -0.00242502 0.03240000
v -0.00831740 -0.00242502 0.03559780
v -0.01140000 -0.00302501 0.02766494
v -0.01140000 -0.00302501 0.02266494
v -0.00540000 -0.00302501 0.02266494
v -0.00540000 -0.00302501 0.02766494
v -0.00699880 -0.00302501 0.03463533
v -0.00692170 -0.00302501 0.03435596
v -0.00133435 -0.00302501 0.03480411
v -0.01395000 -0.00302501 0.03480000
v -0.01443854 -0.00302501 0.03783443
v -0.01474712 -0.00302501 0.03728274
v -0.00777230 -0.00302501 0.03546234
v -0.00752201 -0.00302501 0.03531656
v -0.00967228 -0.00302501 0.03330491
v -0.00980120 -0.00302501 0.03356467
v -0.01395000 -0.00302501 0.03340000
v -0.00987830 -0.00302501 0.03384404
v -0.00896676 -0.00302501 0.03548880
v -0.00868862 -0.00302501 0.03557217
v -0.00741924 -0.00302501 0.04113265
v -0.00804662 -0.00302501 0.03555814
v -0.00730451 -0.00302501 0.03512463
v -0.00712772 -0.00302501 0.03489509
v -0.00989962 -0.00302501 0.03413316
v -0.00986554 -0.00302501 0.03442104
v -0.00977618 -0.00302501 0.03469673
v -0.01536087 -0.00302501 0.03549869
v -0.01505000 -0.00302501 0.03480000
v -0.01520861 -0.00302501 0.03611445
v -0.01500358 -0.00302501 0.03671020
v -0.00963591 -0.00302501 0.03495053
v -0.00944916 -0.00302501 0.03517202
v -0.00922339 -0.00302501 0.03535415
v -0.01113352 -0.00302501 0.04065289
v -0.01170235 -0.00302501 0.04038603
v -0.00690038 -0.00302501 0.03406684
v -0.00693446 -0.00302501 0.03377896
v -0.00702382 -0.00302501 0.03350327
v -0.00386565 -0.00302501 0.02863590
v -0.00770000 -0.00302501 0.02855000
v -0.00436712 -0.00302501 0.02825558
v -0.00489886 -0.00302501 0.02792281
v -0.00804767 -0.00302501 0.04119148
v -0.00868213 -0.00302501 0.04119447
v -0.00930918 -0.00302501 0.04114217
v -0.01224490 -0.00302501 0.04006950
v -0.01276089 -0.00302501 0.03970297
v -0.01324302 -0.00302501 0.03929223
v -0.01368297 -0.00302501 0.03884452
v -0.01408191 -0.00302501 0.03835824
v -0.00716409 -0.00302501 0.03324947
v -0.00735084 -0.00302501 0.03302798
v -0.00757661 -0.00302501 0.03284585
v -0.00783324 -0.00302501 0.03271120
v -0.00875338 -0.00302501 0.03264186
v -0.00902770 -0.00302501 0.03273766
v -0.00910000 -0.00302501 0.02855000
v -0.00927799 -0.00302501 0.03288344
v -0.00949549 -0.00302501 0.03307537
v -0.00129979 -0.00302501 0.03417742
v -0.00132134 -0.00302501 0.03354871
v -0.01510760 -0.00302501 0.03177028
v -0.01487340 -0.00302501 0.03118332
v -0.01458733 -0.00302501 0.03061729
v -0.01425558 -0.00302501 0.03008356
v -0.01249247 -0.00302501 0.02829733
v -0.01196251 -0.00302501 0.02795798
v -0.00910000 -0.00302501 0.02745000
v -0.00770000 -0.00302501 0.02745000
v -0.01545802 -0.00302501 0.03487561
v -0.01549914 -0.00302501 0.03424966
v -0.01505000 -0.00302501 0.03340000
v -0.00992744 -0.00302501 0.04103442
v -0.01053793 -0.00302501 0.04087060
v -0.00831740 -0.00302501 0.03559780
v -0.00232459 -0.00302501 0.03777422
v -0.00267589 -0.00302501 0.03830105
v -0.00398369 -0.00302501 0.03965933
v -0.00449521 -0.00302501 0.04003031
v -0.00840000 -0.00302501 0.03560000
v -0.00680240 -0.00302501 0.04101847
v -0.00619519 -0.00302501 0.04084900
v -0.00339649 -0.00302501 0.02906266
v -0.00296827 -0.00302501 0.02952698
v -0.00258561 -0.00302501 0.03002407
v -0.00224738 -0.00302501 0.03055599
v -0.00195588 -0.00302501 0.03111945
v -0.00171649 -0.00302501 0.03170243
v -0.01387771 -0.00302501 0.02958192
v -0.01345329 -0.00302501 0.02911251
v -0.01298884 -0.00302501 0.02868187
v -0.00142552 -0.00302501 0.03542972
v -0.00157187 -0.00302501 0.03604665
v -0.00153080 -0.00302501 0.03230166
v -0.00139869 -0.00302501 0.03291900
v -0.01548392 -0.00302501 0.03361880
v -0.01541250 -0.00302501 0.03298836
v -0.01528704 -0.00302501 0.03237161
v -0.00306891 -0.00302501 0.03879039
v -0.00350520 -0.00302501 0.03924369
v -0.00503373 -0.00302501 0.04035209
v -0.00560149 -0.00302501 0.04062558
v -0.00811138 -0.00302501 0.03262782
v -0.00840000 -0.00302501 0.03260000
v -0.00848260 -0.00302501 0.03260220
v -0.00177019 -0.00302501 0.03664273
v -0.00202101 -0.00302501 0.03721873
v -0.00250000 0.00120000 -0.00000000
v -0.00224083 0.00100000 -0.00051834
v -0.00297719 0.00100000 0.00095439
v -0.00250000 0.00200000 -0.00000000
v -0.00307432 0.00122683 0.00114864
v -0.00326282 0.00150317 0.00152564
v -0.00350788 0.00173087 0.00201575
v -0.00379730 0.00189859 0.00259460
v -0.00412728 0.00200000 0.00325456
v -0.00800000 0.00186603 0.00500000
v -0.00750000 0.00200000 0.00500000
v -0.01173668 0.00200000 0.00500000
v -0.00836603 0.00150000 0.00500000
v -0.01330000 -0.00380000 0.00500000
v -0.00836603 -0.00150000 0.00500000
v -0.00850000 -0.00100000 0.00500000
v -0.01182265 0.00204530 0.00500000
v -0.00380000 -0.00580000 0.00500000
v -0.00340000 -0.00580000 0.00500000
v -0.00380000 -0.00500000 0.00500000
v -0.00340000 -0.00059303 0.00500000
v -0.00396077 -0.00440000 0.00500000
v -0.00341445 -0.00060579 0.00500000
v -0.00400000 -0.00092068 0.00500000
v -0.00400000 -0.00100000 0.00500000
v -0.00413397 -0.00150000 0.00500000
v -0.00450000 -0.00186603 0.00500000
v -0.00440000 -0.00396077 0.00500000
v -0.00500000 -0.00380000 0.00500000
v -0.01240000 0.00380000 0.00500000
v -0.01330000 0.00380000 0.00500000
v -0.01240000 0.00220000 0.00500000
v -0.01210110 0.00215628 0.00500000
v -0.00850000 0.00100000 0.00500000
v -0.00500000 -0.00200000 0.00500000
v -0.00750000 -0.00200000 0.00500000
v -0.00800000 -0.00186603 0.00500000
v -0.00064952 0.00100000 -0.00037500
v -0.00075000 0.00100000 -0.00000000
v -0.00150000 0.00100000 0.00250000
v -0.00064952 0.00100000 0.00037500
v -0.00037500 0.00100000 0.00064952
v -0.00215054 0.00100000 -0.00081559
v -0.00172158 0.00100000 -0.00152518
v -0.00037500 0.00100000 -0.00064952
v -0.00106886 0.00100000 -0.00203655
v -0.00000000 0.00100000 -0.00075000
v 0.00064952 0.00100000 -0.00037500
v 0.00223317 0.00100000 -0.00055043
v 0.00075000 0.00100000 -0.00000000
v 0.00228323 0.00100000 0.00027723
v 0.00064952 0.00100000 0.00037500
v -0.00297719 0.00100000 0.00250000
v 0.00203655 0.00100000 0.00106886
v 0.00152518 0.00100000 0.00172157
v 0.00037500 0.00100000 0.00064952
v 0.00081559 0.00100000 0.00215054
v -0.00000000 0.00100000 0.00075000
v -0.00000000 0.00100000 0.00230000
v -0.00065056 0.00100000 0.00242940
v -0.00120208 0.00100000 0.00279792
v -0.00150000 0.00100000 0.00320000
v -0.00027723 0.00100000 -0.00228323
v 0.00055043 0.00100000 -0.00223317
v 0.00037500 0.00100000 -0.00064952
v 0.00130655 0.00100000 -0.00189286
v 0.00189286 0.00100000 -0.00130655
v -0.00307432 0.00122683 0.00505452
v -0.00295209 0.00091686 0.00510592
v -0.00290000 0.00600000 0.00513397
v -0.00340000 0.00600000 0.00500000
v -0.00340000 0.00164303 0.00500000
v -0.00321730 0.00144761 0.00501683
v -0.00290120 0.00058492 0.00513328
v -0.00293109 0.00022121 0.00511676
v -0.00290000 -0.00580000 0.00513397
v -0.00318228 -0.00035088 0.00502399
v -0.00302252 -0.00006876 0.00507398
v -0.00240000 -0.00580000 0.00600000
v -0.00240000 0.00600000 0.00600000
v -0.00253397 -0.00580000 0.00550000
v -0.00253397 0.00600000 0.00550000
v -0.00297160 0.00098291 0.00262962
v -0.00150000 0.00093301 0.00275000
v -0.00295656 0.00093301 0.00275000
v -0.00150000 0.00075000 0.00293301
v -0.00291697 0.00075000 0.00293301
v -0.00150000 0.00050000 0.00300000
v -0.00290021 0.00050000 0.00300000
v -0.00290120 0.00058492 0.00299274
v -0.00387500 -0.00093301 0.00275000
v -0.00390569 -0.00089121 0.00281137
v -0.00360983 -0.00075000 0.00293301
v -0.00330484 -0.00050000 0.00300000
v -0.00150000 -0.00050000 0.00300000
v -0.00341445 -0.00060579 0.00298868
v -0.00150000 -0.00075000 0.00293301
v -0.00150000 -0.00093301 0.00275000
v -0.00150000 -0.00100000 0.00250000
v -0.00375000 -0.00100000 0.00250000
v -0.00643923 0.00200000 0.02270000
v -0.00606332 0.00200000 0.02310000
v -0.01173668 0.00200000 0.02310000
v -0.00480000 0.00200000 -0.00030000
v -0.00467272 0.00200000 -0.00030000
v -0.00480000 0.00200000 0.00300000
v -0.00467272 0.00200000 0.00434544
v -0.00490000 0.00200000 0.00480000
v -0.00540000 0.00200000 0.00480000
v -0.00750000 0.00200000 0.00300000
v -0.00600000 0.00200000 0.00496077
v -0.00643923 0.00200000 0.00540000
v -0.00660000 0.00200000 0.00600000
v -0.01155548 0.00200000 0.02295252
v -0.01129243 0.00200000 0.02256183
v -0.00660000 0.00200000 0.02210000
v -0.01120000 0.00200000 0.02210000
v -0.01120000 0.00200000 0.00600000
v -0.01136077 0.00200000 0.00540000
v -0.00248193 0.00200000 -0.00030000
v -0.00412728 0.00200000 -0.00030000
v -0.00400000 -0.00100000 0.00300000
v -0.00400000 -0.00092068 0.00300000
v -0.00478117 0.00197576 0.00456234
v -0.00478117 0.00197576 0.00500000
v -0.00500000 0.00200000 0.00500000
v -0.00050000 -0.00600000 0.01085000
v -0.00050000 -0.00600000 0.01210000
v -0.00165275 -0.00600000 0.01085000
v -0.00220000 -0.00600000 0.01210000
v -0.00165275 -0.00600000 0.00910000
v -0.00220000 -0.00600000 0.00910000
v -0.00290000 0.00600000 0.02310000
v -0.00150000 0.00600000 0.02310000
v -0.00265000 0.00600000 0.02303301
v -0.00246699 0.00600000 0.02285000
v -0.00050000 0.00600000 0.01825000
v -0.00050000 0.00600000 0.01195000
v -0.00150000 0.00600000 0.01825000
v -0.00165275 0.00600000 0.01195000
v -0.00240000 0.00600000 0.02260000
v -0.00240000 0.00600000 0.00910000
v -0.00165275 0.00600000 0.00910000
v -0.00150000 0.00575897 0.00910000
v -0.00150000 0.00575897 0.01195000
v -0.00150000 -0.00575897 0.00910000
v -0.00150000 -0.00575897 0.01085000
v -0.00800000 0.00186603 0.00300000
v -0.01350000 0.00400000 0.00300000
v -0.00836603 0.00150000 0.00300000
v -0.00500000 0.00220000 0.00300000
v -0.00500000 0.00380000 0.00300000
v -0.00480000 0.00400000 0.00300000
v -0.01350000 0.00080000 0.00300000
v -0.01330000 0.00100000 0.00300000
v -0.00870000 0.00100000 0.00300000
v -0.00850000 0.00100000 0.00300000
v -0.00850000 0.00080000 0.00300000
v -0.01350000 -0.00380000 0.00300000
v -0.01350000 -0.00080000 0.00300000
v -0.01330000 -0.00100000 0.00300000
v -0.00836603 -0.00150000 0.00300000
v -0.00870000 -0.00100000 0.00300000
v -0.00850000 -0.00100000 0.00300000
v -0.00850000 -0.00080000 0.00300000
v -0.00480000 -0.00400000 0.00300000
v -0.01330000 -0.00400000 0.00300000
v -0.00500000 -0.00380000 0.00300000
v -0.00750000 -0.00200000 0.00300000
v -0.00500000 -0.00220000 0.00300000
v -0.00480000 -0.00200000 0.00300000
v -0.00800000 -0.00186603 0.00300000
v -0.00250000 -0.00200000 -0.00000000
v -0.00250000 -0.00120000 -0.00000000
v -0.00248193 -0.00200000 -0.00030000
v -0.00233754 -0.00120000 -0.00088651
v -0.00244949 -0.00220000 -0.00050000
v -0.00244949 -0.00380000 -0.00050000
v -0.00233754 -0.00380000 -0.00088651
v -0.00187128 -0.00120000 -0.00165781
v -0.00187128 -0.00380000 -0.00165781
v -0.00116181 -0.00120000 -0.00221364
v -0.00116181 -0.00380000 -0.00221364
v -0.00030134 -0.00120000 -0.00248177
v -0.00030134 -0.00380000 -0.00248177
v 0.00059829 -0.00120000 -0.00242735
v 0.00059829 -0.00380000 -0.00242735
v 0.00142016 -0.00120000 -0.00205746
v 0.00142016 -0.00380000 -0.00205746
v 0.00205746 -0.00120000 -0.00142016
v 0.00205746 -0.00380000 -0.00142016
v 0.00242735 -0.00120000 -0.00059829
v 0.00242735 -0.00380000 -0.00059829
v 0.00248177 -0.00120000 0.00030134
v 0.00248177 -0.00380000 0.00030134
v 0.00221364 -0.00120000 0.00116181
v 0.00221364 -0.00380000 0.00116181
v 0.00165781 -0.00120000 0.00187128
v 0.00165781 -0.00380000 0.00187128
v 0.00088651 -0.00120000 0.00233754
v 0.00088651 -0.00380000 0.00233754
v -0.00000000 -0.00120000 0.00250000
v -0.00000000 -0.00380000 0.00250000
v -0.00244949 0.00220000 -0.00050000
v -0.00244949 0.00380000 -0.00050000
v -0.00233754 0.00380000 -0.00088651
v -0.00233754 0.00120000 -0.00088651
v -0.00187128 0.00380000 -0.00165781
v -0.00187128 0.00120000 -0.00165781
v -0.00116181 0.00380000 -0.00221364
v -0.00116181 0.00120000 -0.00221364
v -0.00030134 0.00380000 -0.00248177
v -0.00030134 0.00120000 -0.00248177
v 0.00059829 0.00380000 -0.00242735
v 0.00059829 0.00120000 -0.00242735
v 0.00142016 0.00380000 -0.00205746
v 0.00142016 0.00120000 -0.00205746
v 0.00205746 0.00380000 -0.00142016
v 0.00205746 0.00120000 -0.00142016
v 0.00242735 0.00380000 -0.00059829
v 0.00242735 0.00120000 -0.00059829
v 0.00248177 0.00380000 0.00030134
v 0.00248177 0.00120000 0.00030134
v 0.00221364 0.00380000 0.00116181
v 0.00221364 0.00120000 0.00116181
v 0.00165781 0.00380000 0.00187128
v 0.00165781 0.00120000 0.00187128
v 0.00088651 0.00380000 0.00233754
v 0.00088651 0.00120000 0.00233754
v -0.00000000 0.00380000 0.00250000
v -0.00000000 0.00120000 0.00250000
v -0.00429289 -0.00170711 0.00358579
v -0.00413397 -0.00150000 0.00326795
v -0.00403407 -0.00125882 0.00306815
v -0.00224083 -0.00100000 -0.00051834
v -0.00474118 -0.00196593 0.00448236
v -0.00450000 -0.00186603 0.00400000
v -0.00400855 -0.00113053 0.00301711
v -0.00500000 0.00220000 0.00500000
v -0.00302252 -0.00006876 0.00300000
v -0.00870000 -0.00100000 -0.00060000
v -0.01017110 -0.00100000 0.00033564
v -0.00983123 -0.00100000 -0.00015674
v -0.00975911 -0.00100000 -0.00075067
v -0.00883871 -0.00100000 -0.00138665
v -0.00997127 -0.00100000 -0.00131008
v -0.01100000 -0.00100000 -0.00185000
v -0.01060061 -0.00100000 -0.00286506
v -0.01041910 -0.00100000 -0.00170682
v -0.00985000 -0.00100000 -0.00259186
v -0.00923810 -0.00100000 -0.00207841
v -0.01182890 -0.00100000 0.00033564
v -0.01216877 -0.00100000 -0.00015674
v -0.01330000 -0.00100000 -0.00060000
v -0.01224089 -0.00100000 -0.00075067
v -0.01316129 -0.00100000 -0.00138665
v -0.01202873 -0.00100000 -0.00131008
v -0.01276190 -0.00100000 -0.00207841
v -0.01158090 -0.00100000 -0.00170682
v -0.01215000 -0.00100000 -0.00259186
v -0.01139939 -0.00100000 -0.00286506
v -0.01129914 -0.00100000 0.00061368
v -0.01100000 -0.00100000 0.00065000
v -0.01070086 -0.00100000 0.00061368
v -0.01070086 0.00100000 0.00061368
v -0.01100000 0.00100000 0.00065000
v -0.01330000 0.00100000 -0.00060000
v -0.01224089 0.00100000 -0.00075067
v -0.01316129 0.00100000 -0.00138665
v -0.01202873 0.00100000 -0.00131008
v -0.01276190 0.00100000 -0.00207841
v -0.01129914 0.00100000 0.00061368
v -0.01182890 0.00100000 0.00033564
v -0.01216877 0.00100000 -0.00015674
v -0.01215000 0.00100000 -0.00259186
v -0.01158090 0.00100000 -0.00170682
v -0.01139939 0.00100000 -0.00286506
v -0.01100000 0.00100000 -0.00185000
v -0.01060061 0.00100000 -0.00286506
v -0.01041910 0.00100000 -0.00170682
v -0.00985000 0.00100000 -0.00259186
v -0.00923810 0.00100000 -0.00207841
v -0.00997127 0.00100000 -0.00131008
v -0.00883871 0.00100000 -0.00138665
v -0.00975911 0.00100000 -0.00075067
v -0.00870000 0.00100000 -0.00060000
v -0.00983123 0.00100000 -0.00015674
v -0.01017110 0.00100000 0.00033564
v -0.00150000 0.00400000 0.00320000
v -0.00150000 0.00400000 0.00300146
v -0.00150000 0.00575897 0.00300146
v -0.00150000 -0.00400000 0.01210000
v -0.00150000 -0.00505000 0.01210000
v -0.00150000 -0.00505000 0.01085000
v -0.00150000 0.00742500 0.02310000
v -0.00150000 0.00742500 0.02490000
v -0.00150000 -0.00100000 0.02490000
v -0.00150000 -0.00575897 0.00300146
v -0.00150000 -0.00400000 0.00300146
v -0.00150000 -0.00400000 0.00320000
v -0.00150000 0.00392826 0.00336656
v -0.00150000 0.00300000 0.02015000
v -0.00150000 0.00505000 0.01825000
v -0.00150000 0.00465000 0.02015000
v -0.00150000 0.00465000 0.02110000
v -0.00150000 -0.00550000 0.00710000
v -0.00150000 -0.00575897 0.00710000
v -0.00150000 -0.00505000 0.01935000
v -0.00150000 -0.00300000 0.02015000
v -0.00150000 -0.00600000 0.01935000
v -0.00150000 -0.00465000 0.02015000
v -0.00150000 -0.00600000 0.02010000
v -0.00150000 -0.00465000 0.02110000
v -0.00150000 -0.00500000 0.02110000
v -0.00150000 -0.00100000 0.02110000
v -0.00150000 -0.00300000 0.02110000
v -0.00150000 -0.00391889 0.00339107
v -0.00150000 -0.00383205 0.00368825
v -0.00150000 -0.00380000 0.00400000
v -0.00150000 -0.00100000 0.00320000
v -0.00150000 -0.00107633 0.00337847
v -0.00150000 0.00575897 0.00710000
v -0.00150000 0.00550000 0.00710000
v -0.00150000 0.00380000 0.00400000
v -0.00150000 0.00500000 0.00723397
v -0.00150000 0.00120000 0.00400000
v -0.00150000 0.00463397 0.00760000
v -0.00150000 -0.00120000 0.00400000
v -0.00150000 0.00315000 0.00910000
v -0.00150000 -0.00315000 0.00910000
v -0.00150000 0.00383290 0.00368412
v -0.00150000 -0.00505000 0.01810000
v -0.00150000 -0.00400000 0.01810000
v -0.00150000 0.00107641 0.00337868
v -0.00150000 0.00116662 0.00368177
v -0.00150000 -0.00116841 0.00369055
v -0.00150000 -0.00450000 0.00810000
v -0.00150000 -0.00463397 0.00760000
v -0.00150000 0.00315000 0.01005000
v -0.00150000 0.00505000 0.01195000
v -0.00150000 -0.00315000 0.01005000
v -0.00150000 -0.00550000 0.02096603
v -0.00150000 -0.00586603 0.02060000
v -0.00150000 0.00300000 0.02110000
v -0.00150000 0.00550000 0.00910000
v -0.00150000 0.00500000 0.00896603
v -0.00150000 0.00463397 0.00860000
v -0.00150000 0.00450000 0.00810000
v -0.00150000 -0.00500000 0.00723397
v -0.00150000 -0.00550000 0.00910000
v -0.00150000 -0.00500000 0.00896603
v -0.00150000 -0.00463397 0.00860000
v -0.00220000 -0.00100000 0.02110000
v -0.00220000 -0.00500000 0.02110000
v -0.00050000 -0.00300000 0.02110000
v -0.00050000 -0.00465000 0.02110000
v -0.00050000 -0.00300000 0.02015000
v -0.00050000 -0.00465000 0.02015000
v -0.00290000 0.00168750 0.02310000
v -0.00366388 0.00570000 0.02310000
v -0.00355000 0.00612500 0.02310000
v -0.00366388 0.00655000 0.02310000
v -0.00397500 0.00686112 0.02310000
v -0.00440000 0.00697500 0.02310000
v -0.00532500 0.00742500 0.02310000
v -0.00482500 0.00686112 0.02310000
v -0.00513612 0.00570000 0.02310000
v -0.00532500 0.00168750 0.02310000
v -0.00525000 0.00612500 0.02310000
v -0.00513612 0.00655000 0.02310000
v -0.00482500 0.00538888 0.02310000
v -0.00440000 0.00527500 0.02310000
v -0.00397500 0.00538888 0.02310000
v -0.00513612 0.00010000 0.02310000
v -0.00532500 -0.00080000 0.02310000
v -0.00525000 0.00052500 0.02310000
v -0.00513612 0.00095000 0.02310000
v -0.00397500 -0.00021112 0.02310000
v -0.00290000 -0.00080000 0.02310000
v -0.00440000 -0.00032500 0.02310000
v -0.00482500 -0.00021112 0.02310000
v -0.00366388 0.00010000 0.02310000
v -0.00355000 0.00052500 0.02310000
v -0.00366388 0.00095000 0.02310000
v -0.00397500 0.00126112 0.02310000
v -0.00440000 0.00137500 0.02310000
v -0.00482500 0.00126112 0.02310000
v -0.01370000 0.00168750 0.02310000
v -0.01240000 0.00137500 0.02310000
v -0.01282500 0.00126112 0.02310000
v -0.01313612 0.00010000 0.02310000
v -0.01370000 -0.00080000 0.02310000
v -0.01325000 0.00052500 0.02310000
v -0.01313612 0.00095000 0.02310000
v -0.01282500 -0.00021112 0.02310000
v -0.01240000 -0.00032500 0.02310000
v -0.01166388 0.00095000 0.02310000
v -0.01197500 0.00126112 0.02310000
v -0.01197500 -0.00021112 0.02310000
v -0.01166388 0.00010000 0.02310000
v -0.01155000 0.00052500 0.02310000
v -0.01313612 0.00570000 0.02310000
v -0.01325000 0.00612500 0.02310000
v -0.01370000 0.00742500 0.02310000
v -0.01313612 0.00655000 0.02310000
v -0.01282500 0.00686112 0.02310000
v -0.01199404 0.00212074 0.02310000
v -0.01240000 0.00220000 0.02310000
v -0.01240000 0.00380000 0.02310000
v -0.00597735 0.00204530 0.02310000
v -0.00569890 0.00215628 0.02310000
v -0.01182265 0.00395470 0.02310000
v -0.01240000 0.00527500 0.02310000
v -0.01173668 0.00400000 0.02310000
v -0.01197500 0.00538888 0.02310000
v -0.00606332 0.00400000 0.02310000
v -0.01282500 0.00538888 0.02310000
v -0.01210110 0.00384372 0.02310000
v -0.00598691 0.00395951 0.02310000
v -0.01240000 0.00697500 0.02310000
v -0.01197500 0.00686112 0.02310000
v -0.01166388 0.00570000 0.02310000
v -0.01155000 0.00612500 0.02310000
v -0.01166388 0.00655000 0.02310000
v -0.00540000 0.00220000 0.02310000
v -0.00540000 0.00380000 0.02310000
v -0.00569686 0.00384313 0.02310000
v -0.00350788 0.00173087 0.00500000
v -0.00411669 0.00199800 0.00500000
v -0.00540000 0.00380000 0.00500000
v -0.00540000 0.00220000 0.00500000
v -0.00500000 0.00380000 0.00500000
v -0.00396077 0.00440000 0.00500000
v -0.00440000 0.00396077 0.00500000
v -0.00380000 0.00500000 0.00500000
v -0.00380000 0.00600000 0.00500000
v -0.00220000 -0.00600000 0.02010000
v -0.00220000 -0.00600000 0.01810000
v -0.00050000 -0.00600000 0.01935000
v -0.00050000 -0.00600000 0.01810000
v -0.00050000 -0.00505000 0.01810000
v -0.00050000 -0.00505000 0.01935000
v -0.00220000 -0.00100000 0.02260000
v -0.00229378 -0.00100000 0.02295000
v -0.00255000 -0.00100000 0.02320622
v -0.01370000 -0.00100000 0.02490000
v -0.01370000 -0.00100000 0.02330000
v -0.00290000 -0.00100000 0.02330000
v -0.00236077 -0.00600000 0.00540000
v -0.00280000 -0.00600000 0.00496077
v -0.00165275 -0.00600000 0.00300146
v -0.00380000 -0.00600000 0.00300146
v -0.00340000 -0.00600000 0.00480000
v -0.00380000 -0.00600000 0.00480000
v -0.00220000 -0.00600000 0.00600000
v -0.00165275 -0.00600000 0.00710000
v -0.00220000 -0.00600000 0.00710000
v -0.00450000 -0.00413397 0.00300146
v -0.00500000 -0.00400000 0.00300146
v -0.00400000 -0.00580000 0.00300146
v -0.00400000 -0.00500000 0.00300146
v -0.00413397 -0.00450000 0.00300146
v -0.00057403 -0.00380000 0.00261418
v -0.00057403 -0.00120000 0.00261418
v -0.00057729 -0.00380000 0.00261554
v -0.00057729 -0.00120000 0.00261554
v -0.00106066 -0.00380000 0.00293934
v -0.00106066 -0.00120000 0.00293934
v -0.00106565 -0.00380000 0.00294435
v -0.00106565 -0.00120000 0.00294435
v -0.00138582 -0.00380000 0.00342598
v -0.00138582 -0.00120000 0.00342598
v -0.00138984 -0.00380000 0.00343578
v -0.00138984 -0.00120000 0.00343578
v -0.00057403 0.00120000 0.00261418
v -0.00057403 0.00380000 0.00261418
v -0.00106066 0.00120000 0.00293934
v -0.00106066 0.00380000 0.00293934
v -0.00138582 0.00120000 0.00342598
v -0.00138582 0.00380000 0.00342598
v -0.00240000 -0.00080000 0.02260000
v -0.00240000 -0.00080000 0.02090000
v -0.00240000 -0.00500000 0.00723397
v -0.00240000 -0.00463397 0.00760000
v -0.00240000 -0.00580000 0.02010000
v -0.00240000 -0.00569282 0.02050000
v -0.00240000 -0.00540000 0.02079282
v -0.00240000 -0.00450000 0.00810000
v -0.00240000 -0.00463397 0.00860000
v -0.00240000 -0.00400000 0.01210000
v -0.00240000 -0.00500000 0.00896603
v -0.00240000 -0.00580000 0.01210000
v -0.00240000 -0.00550000 0.00910000
v -0.00240000 -0.00580000 0.00910000
v -0.00240000 0.00550000 0.00910000
v -0.00240000 0.00500000 0.00896603
v -0.00240000 -0.00400000 0.01810000
v -0.00240000 0.00463397 0.00860000
v -0.00240000 0.00450000 0.00810000
v -0.00240000 -0.00580000 0.01810000
v -0.00240000 -0.00500000 0.02090000
v -0.00240000 -0.00550000 0.00710000
v -0.00240000 -0.00580000 0.00710000
v -0.00240000 0.00463397 0.00760000
v -0.00240000 0.00500000 0.00723397
v -0.00240000 0.00550000 0.00710000
v -0.00240000 0.00600000 0.00710000
v -0.00850000 0.00080000 -0.00060000
v -0.00850000 -0.00080000 -0.00060000
v -0.00865077 -0.00080000 -0.00145505
v -0.00865077 0.00080000 -0.00145505
v -0.00908489 -0.00080000 -0.00220697
v -0.00908489 0.00080000 -0.00220697
v -0.00975000 -0.00080000 -0.00276506
v -0.00975000 0.00080000 -0.00276506
v -0.01056588 -0.00080000 -0.00306202
v -0.01056588 0.00080000 -0.00306202
v -0.01143412 -0.00080000 -0.00306202
v -0.01143412 0.00080000 -0.00306202
v -0.01225000 -0.00080000 -0.00276506
v -0.01225000 0.00080000 -0.00276506
v -0.01291511 -0.00080000 -0.00220697
v -0.01291511 0.00080000 -0.00220697
v -0.01334923 -0.00080000 -0.00145505
v -0.01334923 0.00080000 -0.00145505
v -0.01350000 -0.00080000 -0.00060000
v -0.01350000 0.00080000 -0.00060000
v -0.00400000 0.00600000 0.00480000
v -0.00400000 0.00600000 0.00300146
v -0.00165275 0.00600000 0.00300146
v -0.00165275 0.00600000 0.00710000
v -0.00500000 -0.00400000 0.00480000
v -0.01330000 -0.00400000 0.00480000
v -0.00000000 -0.00400000 0.00230000
v -0.00065426 -0.00400000 0.00243094
v 0.00223317 -0.00400000 -0.00055043
v -0.00120773 -0.00400000 0.00280360
v 0.00081559 -0.00400000 0.00215054
v 0.00152518 -0.00400000 0.00172157
v 0.00203655 -0.00400000 0.00106886
v 0.00228323 -0.00400000 0.00027723
v -0.00172158 -0.00400000 -0.00152518
v -0.00106886 -0.00400000 -0.00203655
v -0.00215054 -0.00400000 -0.00081559
v -0.00027723 -0.00400000 -0.00228323
v -0.00228035 -0.00400000 -0.00030000
v -0.00480000 -0.00400000 -0.00030000
v -0.00057500 -0.00400000 -0.00000000
v -0.00049796 -0.00400000 0.00028750
v -0.00028750 -0.00400000 0.00049796
v -0.00000000 -0.00400000 0.00057500
v 0.00028750 -0.00400000 0.00049796
v 0.00049797 -0.00400000 0.00028750
v 0.00057500 -0.00400000 -0.00000000
v 0.00189286 -0.00400000 -0.00130655
v 0.00049797 -0.00400000 -0.00028750
v 0.00130655 -0.00400000 -0.00189286
v 0.00028750 -0.00400000 -0.00049796
v 0.00055043 -0.00400000 -0.00223317
v -0.00000000 -0.00400000 -0.00057500
v -0.00028750 -0.00400000 -0.00049796
v -0.00049796 -0.00400000 -0.00028750
v 0.00037500 0.00400000 0.00064952
v -0.00000000 0.00400000 0.00075000
v -0.00000000 0.00400000 0.00230000
v -0.00540000 0.00400000 0.00480000
v -0.00500000 0.00400000 0.00480000
v -0.00500000 0.00400000 0.00300146
v -0.00120208 0.00400000 0.00279792
v -0.00480000 0.00400000 -0.00030000
v -0.00228035 0.00400000 -0.00030000
v -0.01136077 0.00400000 0.02270000
v -0.00600000 0.00400000 0.00496077
v -0.00037500 0.00400000 0.00064952
v -0.00065056 0.00400000 0.00242940
v -0.01350000 0.00400000 0.00480000
v -0.01240000 0.00400000 0.00480000
v -0.01180000 0.00400000 0.00496077
v -0.00064952 0.00400000 0.00037500
v -0.00075000 0.00400000 -0.00000000
v -0.00215054 0.00400000 -0.00081559
v -0.00064952 0.00400000 -0.00037500
v -0.00172158 0.00400000 -0.00152518
v -0.00037500 0.00400000 -0.00064952
v 0.00081559 0.00400000 0.00215054
v 0.00152518 0.00400000 0.00172157
v 0.00064952 0.00400000 0.00037500
v 0.00203655 0.00400000 0.00106886
v 0.00075000 0.00400000 -0.00000000
v 0.00037500 0.00400000 -0.00064952
v 0.00055043 0.00400000 -0.00223317
v -0.00000000 0.00400000 -0.00075000
v -0.00027723 0.00400000 -0.00228323
v -0.00106886 0.00400000 -0.00203655
v -0.00643923 0.00400000 0.02270000
v -0.00660000 0.00400000 0.02210000
v -0.01120000 0.00400000 0.02210000
v -0.00643923 0.00400000 0.00540000
v -0.01136077 0.00400000 0.00540000
v -0.01120000 0.00400000 0.00600000
v 0.00228323 0.00400000 0.00027723
v 0.00223317 0.00400000 -0.00055043
v 0.00064952 0.00400000 -0.00037500
v 0.00189286 0.00400000 -0.00130655
v 0.00130655 0.00400000 -0.00189286
v -0.00660000 0.00400000 0.00600000
v -0.00450000 0.00413397 0.00300146
v -0.00400000 0.00500000 0.00300146
v -0.00413397 0.00450000 0.00300146
v -0.01282500 -0.00021112 0.02510000
v -0.01370000 -0.00080000 0.02510000
v -0.01240000 -0.00032500 0.02510000
v -0.00170000 -0.00080000 0.02510000
v -0.00355000 0.00052500 0.02510000
v -0.00366388 0.00010000 0.02510000
v -0.00397500 -0.00021112 0.02510000
v -0.00440000 -0.00032500 0.02510000
v -0.01166388 0.00095000 0.02510000
v -0.01197500 0.00126112 0.02510000
v -0.00482500 -0.00021112 0.02510000
v -0.01240000 0.00137500 0.02510000
v -0.01155000 0.00052500 0.02510000
v -0.01166388 0.00010000 0.02510000
v -0.01197500 -0.00021112 0.02510000
v -0.01282500 0.00538888 0.02510000
v -0.01313612 0.00570000 0.02510000
v -0.01325000 0.00612500 0.02510000
v -0.01370000 0.00742500 0.02510000
v -0.01313612 0.00655000 0.02510000
v -0.00440000 0.00697500 0.02510000
v -0.00397500 0.00686112 0.02510000
v -0.00170000 0.00742500 0.02510000
v -0.00366388 0.00655000 0.02510000
v -0.01282500 0.00686112 0.02510000
v -0.01240000 0.00697500 0.02510000
v -0.01197500 0.00686112 0.02510000
v -0.00366388 0.00095000 0.02510000
v -0.00397500 0.00126112 0.02510000
v -0.01313612 0.00010000 0.02510000
v -0.01325000 0.00052500 0.02510000
v -0.01313612 0.00095000 0.02510000
v -0.01282500 0.00126112 0.02510000
v -0.01240000 0.00527500 0.02510000
v -0.01197500 0.00538888 0.02510000
v -0.01155000 0.00612500 0.02510000
v -0.00525000 0.00612500 0.02510000
v -0.01166388 0.00655000 0.02510000
v -0.00513612 0.00655000 0.02510000
v -0.00482500 0.00686112 0.02510000
v -0.00513612 0.00010000 0.02510000
v -0.00525000 0.00052500 0.02510000
v -0.00513612 0.00095000 0.02510000
v -0.01166388 0.00570000 0.02510000
v -0.00482500 0.00126112 0.02510000
v -0.00355000 0.00612500 0.02510000
v -0.00366388 0.00570000 0.02510000
v -0.00397500 0.00538888 0.02510000
v -0.00440000 0.00137500 0.02510000
v -0.00440000 0.00527500 0.02510000
v -0.00482500 0.00538888 0.02510000
v -0.00513612 0.00570000 0.02510000
v -0.00065426 -0.00100000 0.00243094
v -0.00000000 -0.00100000 0.00230000
v -0.00000000 -0.00100000 0.00057500
v 0.00028750 -0.00100000 0.00049796
v -0.00120773 -0.00100000 0.00280360
v 0.00028750 -0.00100000 -0.00049796
v 0.00055043 -0.00100000 -0.00223317
v -0.00000000 -0.00100000 -0.00057500
v -0.00027723 -0.00100000 -0.00228323
v -0.00028750 -0.00100000 -0.00049796
v -0.00106886 -0.00100000 -0.00203655
v -0.00172158 -0.00100000 -0.00152518
v -0.00049796 -0.00100000 -0.00028750
v -0.00215054 -0.00100000 -0.00081559
v -0.00057500 -0.00100000 -0.00000000
v -0.00049796 -0.00100000 0.00028750
v -0.00028750 -0.00100000 0.00049796
v 0.00081559 -0.00100000 0.00215054
v 0.00152518 -0.00100000 0.00172157
v 0.00049797 -0.00100000 0.00028750
v 0.00203655 -0.00100000 0.00106886
v 0.00057500 -0.00100000 -0.00000000
v 0.00228323 -0.00100000 0.00027723
v 0.00223317 -0.00100000 -0.00055043
v 0.00049797 -0.00100000 -0.00028750
v 0.00189286 -0.00100000 -0.00130655
v 0.00130655 -0.00100000 -0.00189286
v -0.00265000 -0.00080000 0.02303301
v -0.00246699 -0.00080000 0.02285000
v -0.01390000 -0.00080000 0.02330000
v -0.01390000 -0.00080000 0.02490000
v -0.01390000 0.00742500 0.02330000
v -0.01390000 0.00742500 0.02490000
v -0.00050000 0.00300000 0.02110000
v -0.00050000 0.00465000 0.02110000
v -0.00220000 -0.00586603 0.02060000
v -0.00220000 -0.00550000 0.02096603
v -0.00050000 0.00505000 0.01195000
v -0.00050000 0.00505000 0.01825000
v -0.00050000 -0.00505000 0.01210000
v -0.00050000 -0.00505000 0.01085000
v -0.00050000 0.00300000 0.02015000
v -0.00050000 0.00465000 0.02015000
v -0.00050000 -0.00315000 0.01005000
v -0.00050000 0.00315000 0.01005000
v -0.00050000 -0.00315000 0.00910000
v -0.00050000 0.00315000 0.00910000
v 0.00027500 -0.00397500 -0.00047631
v 0.00047631 -0.00397500 -0.00027500
v 0.00055000 -0.00397500 -0.00000000
v 0.00047631 -0.00397500 0.00027500
v 0.00027500 -0.00397500 0.00047631
v -0.00000000 -0.00397500 0.00055000
v -0.00027500 -0.00397500 0.00047631
v -0.00047631 -0.00397500 0.00027500
v -0.00055000 -0.00397500 -0.00000000
v -0.00047631 -0.00397500 -0.00027500
v -0.00027500 -0.00397500 -0.00047631
v -0.00000000 -0.00397500 -0.00055000
v -0.00000000 -0.00102500 0.00055000
v 0.00027500 -0.00102500 0.00047631
v 0.00047631 -0.00102500 0.00027500
v 0.00055000 -0.00102500 -0.00000000
v 0.00047631 -0.00102500 -0.00027500
v 0.00027500 -0.00102500 -0.00047631
v -0.00000000 -0.00102500 -0.00055000
v -0.00027500 -0.00102500 -0.00047631
v -0.00047631 -0.00102500 -0.00027500
v -0.00055000 -0.00102500 -0.00000000
v -0.00047631 -0.00102500 0.00027500
v -0.00027500 -0.00102500 0.00047631
v -0.01350000 -0.00380000 0.00480000
v -0.01370000 0.00762500 0.02330000
v -0.01370000 0.00762500 0.02490000
v -0.00170000 0.00762500 0.02330000
v -0.00170000 0.00762500 0.02490000
v -0.00400000 -0.00580000 0.00480000
v -0.00400000 -0.00500000 0.00480000
v -0.00400000 0.00500000 0.00480000
v -0.00480000 -0.00200000 -0.00030000
v -0.00640000 0.00220000 0.00600000
v -0.00640000 0.00380000 0.00600000
v -0.00640000 0.00220000 0.02210000
v -0.00640000 0.00380000 0.02210000
v -0.01140000 0.00220000 0.02210000
v -0.01140000 0.00380000 0.02210000
v -0.01140000 0.00220000 0.00600000
v -0.01140000 0.00380000 0.00600000
v -0.00480000 0.00220000 -0.00050000
v -0.00480000 0.00380000 -0.00050000
v -0.00500000 0.00220000 -0.00030000
v -0.00500000 0.00380000 -0.00030000
v -0.00480000 -0.00380000 -0.00050000
v -0.00480000 -0.00220000 -0.00050000
v -0.00500000 -0.00380000 -0.00030000
v -0.00500000 -0.00220000 -0.00030000
v -0.00626603 0.00220000 0.02260000
v -0.00626603 0.00380000 0.02260000
v -0.00590000 0.00220000 0.02296603
v -0.00590000 0.00380000 0.02296603
v -0.01147702 0.00220000 0.02248486
v -0.01153397 0.00380000 0.02260000
v -0.01153397 0.00220000 0.02260000
v -0.01169623 0.00220000 0.02281043
v -0.01190000 0.00380000 0.02296603
v -0.01202386 0.00220000 0.02302656
v -0.01190000 0.00220000 0.02296603
v -0.00590000 0.00220000 0.00513397
v -0.00590000 0.00380000 0.00513397
v -0.00626603 0.00220000 0.00550000
v -0.00626603 0.00380000 0.00550000
v -0.01190000 0.00380000 0.00513397
v -0.01190000 0.00220000 0.00513397
v -0.01153397 0.00380000 0.00550000
v -0.01153397 0.00220000 0.00550000
v -0.00413397 0.00450000 0.00480000
v -0.00450000 0.00413397 0.00480000
v -0.00413397 -0.00450000 0.00480000
v -0.00450000 -0.00413397 0.00480000
v -0.01340000 -0.00390000 0.00490000
v 0.00020000 -0.00300000 0.01850000
v 0.00020000 -0.00361875 0.01795000
v -0.00080000 -0.00300000 0.01850000
v -0.00080000 -0.00361875 0.01795000
v 0.00020000 0.00300000 0.01850000
v -0.00080000 0.00300000 0.01850000
v 0.00020000 0.00340000 0.01810000
v -0.00080000 0.00340000 0.01810000
v 0.00020000 0.00340000 0.01210000
v -0.00080000 0.00340000 0.01210000
v 0.00020000 0.00300000 0.01170000
v -0.00080000 0.00300000 0.01170000
v 0.00020000 -0.00361875 0.01225000
v 0.00020000 -0.00300000 0.01170000
v -0.00080000 -0.00361875 0.01225000
v -0.00080000 -0.00300000 0.01170000
v -0.00150000 -0.00125000 0.01775000
v -0.00080000 -0.00125000 0.01775000
v -0.00150000 -0.00127679 0.01785000
v -0.00080000 -0.00127679 0.01785000
v -0.00150000 -0.00135000 0.01792320
v -0.00080000 -0.00135000 0.01792320
v -0.00150000 -0.00145000 0.01795000
v -0.00080000 -0.00145000 0.01795000
v -0.00150000 -0.00145000 0.01225000
v -0.00080000 -0.00145000 0.01225000
v -0.00150000 -0.00135000 0.01227679
v -0.00080000 -0.00135000 0.01227679
v -0.00150000 -0.00127679 0.01235000
v -0.00080000 -0.00127679 0.01235000
v -0.00150000 -0.00125000 0.01245000
v -0.00080000 -0.00125000 0.01245000
v -0.00150000 -0.00425000 0.01225000
v 0.00020000 -0.00425000 0.01225000
v 0.00020000 -0.00425000 0.01795000
v -0.00150000 -0.00425000 0.01795000
v -0.00080000 0.00425000 0.01210000
v -0.00080000 0.00425000 0.01810000
v -0.00098641 0.00250000 0.01105000
v -0.00104000 0.00250000 0.01085000
v -0.00024000 0.00250000 0.01085000
v -0.00064000 0.00250000 0.01125000
v -0.00084000 0.00250000 0.01119641
v -0.00044000 0.00250000 0.01119641
v -0.00029359 0.00250000 0.01105000
v -0.00029359 -0.00250000 0.01105000
v -0.00024000 -0.00250000 0.01085000
v -0.00104000 -0.00250000 0.01085000
v -0.00044000 -0.00250000 0.01119641
v -0.00098641 -0.00250000 0.01105000
v -0.00084000 -0.00250000 0.01119641
v -0.00064000 -0.00250000 0.01125000
v -0.00084000 0.00250000 0.01900359
v -0.00064000 0.00250000 0.01895000
v -0.00044000 0.00250000 0.01900359
v -0.00104000 0.00250000 0.01935000
v -0.00098641 0.00250000 0.01915000
v -0.00024000 0.00250000 0.01935000
v -0.00029359 0.00250000 0.01915000
v -0.00104000 -0.00250000 0.01935000
v -0.00024000 -0.00250000 0.01935000
v -0.00029359 -0.00250000 0.01915000
v -0.00098641 -0.00250000 0.01915000
v -0.00084000 -0.00250000 0.01900359
v -0.00064000 -0.00250000 0.01895000
v -0.00044000 -0.00250000 0.01900359
v 0.00020000 -0.00425000 0.01180000
v -0.00150000 -0.00425000 0.01180000
v 0.00020000 -0.00395643 0.01175350
v -0.00150000 -0.00395643 0.01175350
v 0.00020000 -0.00369160 0.01161857
v -0.00150000 -0.00369160 0.01161857
v 0.00020000 -0.00348143 0.01140840
v -0.00150000 -0.00348143 0.01140840
v 0.00020000 -0.00334650 0.01114357
v -0.00150000 -0.00334650 0.01114357
v 0.00020000 -0.00330000 0.01085000
v -0.00150000 -0.00330000 0.01085000
v 0.00020000 0.00425000 0.01840000
v -0.00150000 0.00425000 0.01840000
v 0.00020000 0.00395643 0.01844650
v -0.00150000 0.00395643 0.01844650
v 0.00020000 0.00369160 0.01858143
v -0.00150000 0.00369160 0.01858143
v 0.00020000 0.00348143 0.01879160
v -0.00150000 0.00348143 0.01879160
v 0.00020000 0.00334650 0.01905643
v -0.00150000 0.00334650 0.01905643
v 0.00020000 0.00330000 0.01935000
v -0.00150000 0.00330000 0.01935000
v 0.00020000 0.00330000 0.01085000
v -0.00150000 0.00330000 0.01085000
v 0.00020000 0.00334650 0.01114357
v -0.00150000 0.00334650 0.01114357
v 0.00020000 0.00348143 0.01140840
v -0.00150000 0.00348143 0.01140840
v 0.00020000 0.00369160 0.01161857
v -0.00150000 0.00369160 0.01161857
v 0.00020000 0.00395643 0.01175350
v -0.00150000 0.00395643 0.01175350
v 0.00020000 0.00425000 0.01180000
v -0.00150000 0.00425000 0.01180000
v 0.00020000 -0.00330000 0.01935000
v -0.00150000 -0.00330000 0.01935000
v 0.00020000 -0.00334650 0.01905643
v -0.00150000 -0.00334650 0.01905643
v 0.00020000 -0.00348143 0.01879160
v -0.00150000 -0.00348143 0.01879160
v 0.00020000 -0.00369160 0.01858143
v -0.00150000 -0.00369160 0.01858143
v 0.00020000 -0.00395643 0.01844650
v -0.00150000 -0.00395643 0.01844650
v 0.00020000 -0.00425000 0.01840000
v -0.00150000 -0.00425000 0.01840000
v 0.00020000 0.00425000 0.01210000
v 0.00020000 0.00425000 0.01810000
v 0.00110000 -0.00425000 0.01185000
v 0.00030000 -0.00425000 0.01185000
v 0.00110000 -0.00394098 0.01180106
v 0.00030000 -0.00394098 0.01180106
v 0.00110000 -0.00366221 0.01165902
v 0.00030000 -0.00366221 0.01165902
v 0.00110000 -0.00344098 0.01143778
v 0.00030000 -0.00344098 0.01143778
v 0.00110000 -0.00329894 0.01115902
v 0.00030000 -0.00329894 0.01115902
v 0.00110000 -0.00325000 0.01085000
v 0.00030000 -0.00325000 0.01085000
v 0.00110000 -0.00325000 0.01935000
v 0.00030000 -0.00325000 0.01935000
v 0.00110000 -0.00329894 0.01904098
v 0.00030000 -0.00329894 0.01904098
v 0.00110000 -0.00344098 0.01876221
v 0.00030000 -0.00344098 0.01876221
v 0.00110000 -0.00366221 0.01854098
v 0.00030000 -0.00366221 0.01854098
v 0.00110000 -0.00394098 0.01839894
v 0.00030000 -0.00394098 0.01839894
v 0.00110000 -0.00425000 0.01835000
v 0.00030000 -0.00425000 0.01835000
v 0.00110000 0.00325000 0.01085000
v 0.00030000 0.00325000 0.01085000
v 0.00110000 0.00329894 0.01115902
v 0.00030000 0.00329894 0.01115902
v 0.00110000 0.00344098 0.01143778
v 0.00030000 0.00344098 0.01143778
v 0.00110000 0.00366221 0.01165902
v 0.00030000 0.00366221 0.01165902
v 0.00110000 0.00394098 0.01180106
v 0.00030000 0.00394098 0.01180106
v 0.00110000 0.00425000 0.01185000
v 0.00030000 0.00425000 0.01185000
v 0.00110000 0.00425000 0.01835000
v 0.00030000 0.00425000 0.01835000
v 0.00110000 0.00394098 0.01839894
v 0.00030000 0.00394098 0.01839894
v 0.00110000 0.00366221 0.01854098
v 0.00030000 0.00366221 0.01854098
v 0.00110000 0.00344098 0.01876221
v 0.00030000 0.00344098 0.01876221
v 0.00110000 0.00329894 0.01904098
v 0.00030000 0.00329894 0.01904098
v 0.00110000 0.00325000 0.01935000
v 0.00030000 0.00325000 0.01935000
v -0.00063000 0.00395000 0.01760000
v -0.00063000 0.00395000 0.01260000
v -0.00063000 -0.00105000 0.01760000
v -0.00063000 -0.00105000 0.01260000
v 0.00030000 -0.00105000 0.01260000
v 0.00030000 0.00395000 0.01260000
v 0.00030000 0.00395000 0.01760000
v 0.00030000 -0.00105000 0.01760000
v -0.00003885 -0.00325000 0.01265000
v -0.00003885 -0.00325000 0.01755000
v -0.00115000 -0.00325000 0.01265000
v -0.00115000 -0.00325000 0.01755000
v -0.00003885 -0.00425000 0.01265000
v -0.00115000 -0.00425000 0.01265000
v -0.00003885 -0.00425000 0.01755000
v -0.00115000 -0.00425000 0.01755000
v -0.00145000 -0.00155000 0.01785000
v -0.00145000 -0.00155000 0.01235000
v -0.00145000 -0.00425000 0.01785000
v -0.00145000 -0.00425000 0.01235000
v 0.00030000 -0.00425000 0.01235000
v 0.00030000 -0.00155000 0.01235000
v 0.00030000 -0.00155000 0.01785000
v 0.00030000 -0.00425000 0.01785000
v 0.00110000 -0.00311299 0.01160000
v 0.00110000 -0.00350000 0.01198701
v 0.00150000 -0.00311299 0.01160000
v 0.00150000 -0.00350000 0.01198701
v 0.00110000 0.00350000 0.01198701
v 0.00110000 0.00311299 0.01160000
v 0.00150000 0.00350000 0.01198701
v 0.00150000 0.00311299 0.01160000
v 0.00110000 0.00311299 0.01860000
v 0.00110000 0.00350000 0.01821299
v 0.00150000 0.00311299 0.01860000
v 0.00150000 0.00350000 0.01821299
v 0.00110000 -0.00350000 0.01821299
v 0.00110000 -0.00311299 0.01860000
v 0.00150000 -0.00350000 0.01821299
v 0.00150000 -0.00311299 0.01860000
v -0.00065000 0.00200000 0.01115000
v -0.00065000 -0.00200000 0.01115000
v -0.00047500 -0.00200000 0.01110311
v -0.00047500 0.00200000 0.01110311
v -0.00034689 -0.00200000 0.01097500
v -0.00034689 0.00200000 0.01097500
v -0.00030000 -0.00200000 0.01080000
v -0.00030000 0.00200000 0.01080000
v -0.00082500 0.00200000 0.01110311
v -0.00082500 -0.00200000 0.01110311
v -0.00095311 0.00200000 0.01097500
v -0.00095311 -0.00200000 0.01097500
v -0.00100000 0.00200000 0.01080000
v -0.00100000 -0.00200000 0.01080000
v -0.00065000 -0.00200000 0.01905000
v -0.00065000 0.00200000 0.01905000
v -0.00047500 0.00200000 0.01909689
v -0.00047500 -0.00200000 0.01909689
v -0.00034689 0.00200000 0.01922500
v -0.00034689 -0.00200000 0.01922500
v -0.00030000 0.00200000 0.01940000
v -0.00030000 -0.00200000 0.01940000
v -0.00082500 -0.00200000 0.01909689
v -0.00082500 0.00200000 0.01909689
v -0.00095311 -0.00200000 0.01922500
v -0.00095311 0.00200000 0.01922500
v -0.00100000 -0.00200000 0.01940000
v -0.00100000 0.00200000 0.01940000
v -0.00150000 -0.00500000 0.01225000
v 0.00050000 -0.00500000 0.01225000
v -0.00150000 -0.00430000 0.01225000
v 0.00050000 -0.00430000 0.01225000
v 0.00050000 -0.00500000 0.01795000
v 0.00050000 -0.00430000 0.01795000
v -0.00150000 -0.00500000 0.01795000
v -0.00150000 -0.00430000 0.01795000
v 0.00150000 -0.00373431 0.02010000
v -0.00150000 -0.00373431 0.02010000
v 0.00150000 -0.00500000 0.01883432
v -0.00150000 -0.00500000 0.01883432
v 0.00150000 0.00500000 0.01883432
v -0.00150000 0.00500000 0.01883432
v 0.00150000 0.00373431 0.02010000
v -0.00150000 0.00373431 0.02010000
v 0.00150000 0.00373431 0.01010000
v -0.00150000 0.00373431 0.01010000
v 0.00150000 0.00500000 0.01136569
v -0.00150000 0.00500000 0.01136569
v 0.00150000 -0.00500000 0.01136569
v -0.00150000 -0.00500000 0.01136569
v 0.00150000 -0.00373431 0.01010000
v -0.00150000 -0.00373431 0.01010000
v 0.00110000 -0.00377099 0.01152812
v 0.00110000 -0.00357188 0.01132901
v 0.00110000 -0.00344405 0.01107812
v 0.00110000 0.00357188 0.01132901
v 0.00110000 0.00377099 0.01152812
v 0.00110000 0.00402188 0.01165595
v 0.00110000 0.00344405 0.01107812
v 0.00110000 0.00340000 0.01080000
v 0.00110000 -0.00340000 0.01080000
v 0.00110000 0.00377099 0.01867189
v 0.00110000 0.00357188 0.01887099
v 0.00110000 0.00344405 0.01912189
v 0.00110000 0.00402188 0.01854405
v 0.00110000 0.00430000 0.01850000
v 0.00110000 0.00430000 0.01170000
v 0.00110000 -0.00402188 0.01165595
v 0.00110000 -0.00430000 0.01170000
v 0.00110000 -0.00430000 0.01850000
v 0.00110000 -0.00402188 0.01854405
v 0.00110000 -0.00377099 0.01867189
v 0.00110000 -0.00357188 0.01887099
v 0.00110000 -0.00344405 0.01912189
v 0.00110000 -0.00340000 0.01940000
v 0.00110000 0.00340000 0.01940000
v -0.00150000 -0.00430000 0.01170000
v -0.00150000 -0.00402188 0.01165595
v -0.00150000 -0.00377099 0.01152812
v -0.00150000 -0.00357188 0.01132901
v -0.00150000 -0.00344405 0.01107812
v -0.00150000 -0.00340000 0.01080000
v -0.00150000 0.00340000 0.01080000
v -0.00150000 0.00344405 0.01107812
v -0.00150000 0.00357188 0.01132901
v -0.00150000 0.00377099 0.01152812
v -0.00150000 0.00402188 0.01165595
v -0.00150000 0.00430000 0.01170000
v -0.00150000 0.00430000 0.01850000
v -0.00150000 0.00402188 0.01854405
v -0.00150000 0.00377099 0.01867189
v -0.00150000 0.00357188 0.01887099
v -0.00150000 0.00344405 0.01912189
v -0.00150000 0.00340000 0.01940000
v -0.00150000 -0.00340000 0.01940000
v -0.00150000 -0.00344405 0.01912189
v -0.00150000 -0.00357188 0.01887099
v -0.00150000 -0.00377099 0.01867189
v -0.00150000 -0.00402188 0.01854405
v -0.00150000 -0.00430000 0.01850000
v 0.00150000 0.00345000 0.01815000
v 0.00120000 0.00345000 0.01815000
v 0.00150000 0.00305000 0.01855000
v 0.00120000 0.00305000 0.01855000
v 0.00150000 -0.00305000 0.01855000
v 0.00120000 -0.00305000 0.01855000
v 0.00150000 -0.00345000 0.01815000
v 0.00120000 -0.00345000 0.01815000
v 0.00150000 -0.00345000 0.01205000
v 0.00120000 -0.00345000 0.01205000
v 0.00150000 -0.00305000 0.01165000
v 0.00120000 -0.00305000 0.01165000
v 0.00150000 0.00305000 0.01165000
v 0.00120000 0.00305000 0.01165000
v 0.00150000 0.00345000 0.01205000
v 0.00120000 0.00345000 0.01205000
f 1 2 3
f 1 3 4
f 4 3 5
f 4 5 6
f 6 5 7
f 6 7 8
f 8 7 9
f 8 9 10
f 10 9 11
f 10 11 12
f 12 11 13
f 12 13 14
f 14 13 15
f 14 15 16
f 16 15 17
f 16 17 18
f 18 17 19
f 18 19 20
f 20 19 21
f 20 21 22
f 22 21 23
f 22 23 24
f 24 23 25
f 24 25 26
f 26 25 27
f 26 27 28
f 28 27 29
f 28 29 30
f 30 29 31
f 30 31 32
f 32 31 33
f 32 33 34
f 34 33 35
f 34 35 36
f 36 35 37
f 36 37 38
f 38 37 39
f 38 39 40
f 40 39 41
f 40 41 42
f 42 41 43
f 42 43 44
f 44 43 45
f 44 45 46
f 46 45 47
f 46 47 48
f 48 47 49
f 48 49 50
f 51 52 53
f 53 52 54
f 53 54 55
f 51 53 56
f 56 53 57
f 56 57 58
f 58 57 59
f 58 59 60
f 60 59 61
f 61 59 62
f 61 62 63
f 63 62 64
f 63 64 65
f 65 64 66
f 66 64 67
f 66 67 68
f 68 67 69
f 69 67 70
f 69 70 71
f 71 70 72
f 71 72 73
f 74 75 76
f 76 75 77
f 76 77 78
f 78 77 79
f 78 79 72
f 72 79 80
f 72 80 73
f 81 82 74
f 74 82 83
f 74 83 75
f 84 85 81
f 81 85 86
f 81 86 82
f 87 88 89
f 89 88 90
f 89 90 91
f 91 90 92
f 91 92 84
f 84 92 93
f 84 93 85
f 87 89 94
f 94 89 95
f 94 95 96
f 96 95 97
f 96 97 98
f 98 97 99
f 98 99 100
f 100 99 101
f 101 99 102
f 101 102 103
f 103 102 104
f 104 102 105
f 104 105 106
f 106 105 107
f 107 105 108
f 107 108 109
f 109 108 110
f 109 110 111
f 112 113 114
f 115 112 116
f 116 112 114
f 116 114 110
f 110 114 117
f 110 117 111
f 2 115 118
f 2 118 3
f 3 118 119
f 3 119 5
f 5 119 120
f 5 120 7
f 7 120 121
f 7 121 9
f 9 121 122
f 9 122 11
f 11 122 123
f 11 123 13
f 13 123 124
f 13 124 15
f 15 124 125
f 15 125 17
f 17 125 126
f 17 126 19
f 19 126 127
f 19 127 21
f 21 127 128
f 21 128 23
f 23 128 129
f 23 129 25
f 25 129 130
f 25 130 27
f 27 130 131
f 27 131 29
f 29 131 132
f 29 132 31
f 31 132 133
f 31 133 33
f 33 133 134
f 33 134 35
f 35 134 135
f 35 135 37
f 37 135 136
f 37 136 39
f 39 136 137
f 39 137 41
f 41 137 138
f 41 138 43
f 43 138 139
f 43 139 45
f 45 139 140
f 45 140 47
f 47 140 141
f 47 141 49
f 115 116 118
f 118 116 110
f 118 110 119
f 119 110 108
f 119 108 120
f 120 108 105
f 120 105 121
f 121 105 102
f 121 102 122
f 122 102 99
f 122 99 123
f 123 99 97
f 123 97 124
f 124 97 95
f 124 95 125
f 125 95 89
f 125 89 126
f 126 89 91
f 126 91 127
f 127 91 84
f 127 84 128
f 128 84 81
f 128 81 129
f 129 81 74
f 129 74 130
f 130 74 76
f 130 76 131
f 131 76 78
f 131 78 132
f 132 78 72
f 132 72 133
f 133 72 70
f 133 70 134
f 134 70 67
f 134 67 135
f 135 67 64
f 135 64 136
f 136 64 62
f 136 62 137
f 137 62 59
f 137 59 138
f 138 59 57
f 138 57 139
f 139 57 53
f 139 53 140
f 140 53 55
f 140 55 141
f 142 143 144
f 144 143 145
f 144 145 146
f 146 145 147
f 146 147 148
f 148 147 149
f 148 149 150
f 150 149 151
f 1 152 2
f 2 152 153
f 2 153 115
f 115 153 154
f 115 154 112
f 112 154 155
f 112 155 113
f 113 155 156
f 152 142 153
f 153 142 144
f 153 144 154
f 154 144 146
f 154 146 155
f 155 146 148
f 155 148 156
f 156 148 150
f 157 158 159
f 50 49 160
f 55 54 161
f 161 54 162
f 50 160 163
f 163 160 164
f 163 164 165
f 165 164 166
f 165 166 167
f 167 166 168
f 167 168 169
f 169 168 170
f 169 170 171
f 171 170 172
f 171 172 173
f 173 172 174
f 173 174 175
f 176 177 178
f 159 179 177
f 179 159 180
f 180 159 158
f 180 158 181
f 157 159 182
f 182 159 183
f 182 183 184
f 184 183 185
f 184 185 186
f 186 185 187
f 186 187 188
f 162 189 161
f 161 189 190
f 161 190 191
f 191 190 192
f 191 192 193
f 193 192 194
f 193 194 187
f 187 194 195
f 187 195 188
f 177 176 159
f 159 176 196
f 159 196 183
f 183 196 197
f 183 197 185
f 185 197 198
f 185 198 187
f 187 198 199
f 187 199 193
f 193 199 200
f 193 200 191
f 191 200 201
f 191 201 161
f 161 201 141
f 161 141 55
f 202 175 178
f 178 175 174
f 178 174 176
f 176 174 172
f 176 172 196
f 196 172 170
f 196 170 197
f 197 170 168
f 197 168 198
f 198 168 166
f 198 166 199
f 199 166 164
f 199 164 200
f 200 164 160
f 200 160 201
f 201 160 49
f 201 49 141
f 203 204 205
f 205 204 206
f 205 206 207
f 207 206 208
f 207 208 209
f 209 208 210
f 209 210 211
f 211 210 212
f 211 212 213
f 213 212 214
f 213 214 215
f 215 214 216
f 215 216 217
f 217 216 218
f 217 218 219
f 219 218 220
f 219 220 221
f 221 220 222
f 221 222 223
f 223 222 224
f 223 224 225
f 225 224 226
f 225 226 227
f 227 226 228
f 227 228 229
f 229 228 230
f 229 230 231
f 231 230 232
f 231 232 233
f 233 232 234
f 233 234 235
f 235 234 236
f 235 236 237
f 237 236 238
f 237 238 239
f 239 238 240
f 239 240 241
f 241 240 242
f 241 242 243
f 243 242 244
f 243 244 245
f 245 244 246
f 245 246 247
f 247 246 248
f 247 248 249
f 249 248 250
f 249 250 251
f 251 250 252
f 251 252 253
f 253 252 254
f 253 254 255
f 255 254 256
f 255 256 257
f 257 256 258
f 257 258 259
f 259 258 260
f 259 260 261
f 261 260 262
f 261 262 263
f 263 262 264
f 263 264 265
f 265 264 266
f 265 266 267
f 267 266 268
f 267 268 269
f 269 268 270
f 269 270 271
f 271 270 272
f 271 272 273
f 273 272 274
f 273 274 275
f 275 274 276
f 275 276 277
f 277 276 278
f 277 278 279
f 279 278 280
f 279 280 281
f 281 280 282
f 281 282 203
f 203 282 204
f 114 113 283
f 284 285 192
f 192 190 284
f 284 190 189
f 284 189 286
f 52 287 54
f 54 287 286
f 54 286 162
f 162 286 189
f 52 51 287
f 287 51 56
f 287 56 288
f 56 58 288
f 288 58 60
f 288 60 289
f 289 60 61
f 289 61 290
f 290 61 63
f 290 63 65
f 69 291 68
f 68 291 290
f 68 290 66
f 66 290 65
f 69 71 291
f 291 71 73
f 291 73 292
f 73 80 292
f 292 80 79
f 292 79 293
f 83 294 75
f 75 294 293
f 75 293 77
f 77 293 79
f 83 82 294
f 294 82 86
f 294 86 295
f 92 296 93
f 93 296 295
f 93 295 85
f 85 295 86
f 92 90 296
f 296 90 88
f 296 88 297
f 88 87 297
f 297 87 94
f 297 94 298
f 100 299 98
f 98 299 298
f 98 298 96
f 96 298 94
f 100 101 299
f 299 101 103
f 299 103 300
f 103 104 300
f 300 104 106
f 300 106 301
f 111 302 109
f 109 302 301
f 109 301 107
f 107 301 106
f 111 117 302
f 302 117 114
f 302 114 303
f 303 114 283
f 192 285 194
f 194 285 304
f 305 306 307
f 307 306 308
f 307 308 309
f 181 158 310
f 310 158 307
f 310 307 311
f 311 307 309
f 184 312 182
f 182 312 307
f 182 307 157
f 157 307 158
f 184 186 312
f 312 186 188
f 312 188 304
f 304 188 195
f 304 195 194
f 313 283 113
f 314 315 316
f 316 315 317
f 316 317 318
f 318 319 316
f 316 319 320
f 316 320 321
f 113 156 313
f 313 156 150
f 313 150 322
f 150 151 322
f 322 151 323
f 322 323 324
f 323 325 324
f 324 325 326
f 324 326 327
f 326 328 327
f 327 328 329
f 327 329 330
f 329 331 330
f 330 331 332
f 330 332 333
f 332 334 333
f 333 334 335
f 333 335 316
f 316 335 336
f 316 336 314
f 323 151 337
f 337 151 149
f 323 337 325
f 325 337 338
f 325 338 326
f 326 338 339
f 326 339 328
f 328 339 340
f 328 340 329
f 329 340 331
f 331 340 341
f 331 341 332
f 332 341 334
f 334 341 342
f 334 342 335
f 335 342 343
f 335 343 336
f 344 345 346
f 347 348 345
f 345 344 347
f 347 344 349
f 347 349 350
f 350 349 351
f 350 351 352
f 352 351 353
f 352 353 354
f 354 353 355
f 354 355 356
f 356 355 357
f 356 357 358
f 358 357 359
f 358 359 360
f 143 360 145
f 145 360 359
f 145 359 147
f 314 336 361
f 361 336 343
f 361 343 362
f 362 343 342
f 362 342 363
f 363 342 341
f 363 341 364
f 364 341 340
f 364 340 365
f 365 340 339
f 365 339 366
f 366 339 338
f 366 338 367
f 367 338 337
f 367 337 368
f 368 337 149
f 368 149 147
f 147 359 368
f 368 359 357
f 368 357 367
f 367 357 355
f 367 355 366
f 366 355 353
f 366 353 365
f 365 353 351
f 365 351 364
f 364 351 349
f 364 349 363
f 363 349 344
f 363 344 362
f 362 344 346
f 362 346 361
f 369 370 371
f 371 370 372
f 371 372 373
f 374 375 376
f 376 375 373
f 376 373 377
f 377 373 372
f 378 379 380
f 380 379 381
f 380 381 369
f 369 381 382
f 369 382 370
f 383 384 385
f 386 387 388
f 388 387 383
f 388 383 389
f 389 383 385
f 390 391 392
f 392 391 393
f 392 393 394
f 394 393 395
f 394 395 384
f 384 395 396
f 384 396 385
f 397 398 399
f 400 401 402
f 402 401 397
f 402 397 403
f 403 397 399
f 404 405 406
f 406 405 407
f 406 407 408
f 408 407 409
f 408 409 398
f 398 409 410
f 398 410 399
f 171 173 250
f 260 258 411
f 411 258 256
f 411 256 202
f 202 256 254
f 202 254 252
f 348 270 268
f 260 411 262
f 262 411 412
f 262 412 264
f 348 268 412
f 412 268 266
f 412 266 264
f 240 163 242
f 242 163 165
f 250 173 252
f 252 173 175
f 252 175 202
f 10 12 212
f 171 250 169
f 169 250 248
f 169 248 167
f 167 248 246
f 167 246 165
f 165 246 244
f 165 244 242
f 236 46 238
f 238 46 48
f 238 48 240
f 240 48 50
f 240 50 163
f 232 40 234
f 234 40 42
f 234 42 236
f 236 42 44
f 236 44 46
f 212 12 214
f 214 12 14
f 214 14 216
f 280 278 360
f 222 26 224
f 224 26 28
f 224 28 226
f 274 272 350
f 270 348 272
f 272 348 347
f 272 347 350
f 14 16 216
f 216 16 18
f 216 18 218
f 218 18 20
f 218 20 220
f 220 20 22
f 220 22 222
f 222 22 24
f 222 24 26
f 10 212 8
f 8 212 210
f 8 210 6
f 6 210 208
f 6 208 4
f 4 208 206
f 4 206 1
f 1 206 204
f 1 204 282
f 350 352 274
f 274 352 354
f 274 354 276
f 276 354 356
f 276 356 278
f 278 356 358
f 278 358 360
f 28 30 226
f 226 30 32
f 226 32 228
f 228 32 34
f 228 34 230
f 230 34 36
f 230 36 232
f 232 36 38
f 232 38 40
f 360 143 280
f 280 143 142
f 280 142 282
f 282 142 152
f 282 152 1
f 413 411 202
f 202 178 413
f 413 178 177
f 413 177 414
f 414 177 179
f 414 179 415
f 415 179 180
f 415 180 416
f 416 180 181
f 417 416 310
f 310 416 181
f 418 417 310
f 310 311 418
f 418 311 309
f 418 309 419
f 419 309 308
f 419 308 420
f 420 308 306
f 420 306 421
f 421 306 305
f 257 421 255
f 255 421 305
f 257 259 421
f 421 259 261
f 421 261 422
f 285 245 304
f 304 245 247
f 304 247 312
f 312 247 249
f 312 249 307
f 307 249 251
f 307 251 305
f 305 251 253
f 305 253 255
f 261 263 422
f 422 263 265
f 422 265 321
f 321 265 267
f 321 267 316
f 316 267 269
f 316 269 333
f 333 269 271
f 333 271 330
f 330 271 273
f 330 273 327
f 327 273 275
f 327 275 324
f 324 275 277
f 324 277 322
f 322 277 279
f 322 279 313
f 313 279 281
f 313 281 283
f 283 281 203
f 283 203 303
f 303 203 205
f 303 205 302
f 302 205 207
f 302 207 301
f 301 207 209
f 301 209 300
f 300 209 211
f 300 211 299
f 299 211 213
f 299 213 298
f 298 213 215
f 298 215 297
f 297 215 217
f 297 217 296
f 296 217 219
f 296 219 295
f 295 219 221
f 295 221 294
f 294 221 223
f 294 223 293
f 293 223 225
f 293 225 292
f 292 225 227
f 292 227 291
f 291 227 229
f 291 229 290
f 290 229 231
f 290 231 289
f 289 231 233
f 289 233 288
f 288 233 235
f 288 235 287
f 287 235 237
f 287 237 286
f 286 237 239
f 286 239 284
f 284 239 241
f 284 241 285
f 285 241 243
f 285 243 245
f 423 422 321
f 321 320 423
f 423 320 319
f 423 319 424
f 424 319 318
f 424 318 425
f 425 318 317
f 425 317 426
f 426 317 315
f 315 314 426
f 426 314 427
f 428 427 314
f 345 348 412
f 314 361 428
f 428 361 346
f 428 346 429
f 429 346 345
f 429 345 430
f 430 345 412
f 371 431 369
f 369 431 432
f 369 432 380
f 380 432 433
f 380 433 378
f 378 433 434
f 378 434 379
f 379 434 435
f 379 435 381
f 381 435 436
f 381 436 382
f 382 436 437
f 382 437 370
f 370 437 438
f 370 438 372
f 372 438 439
f 372 439 377
f 377 439 440
f 377 440 376
f 376 440 441
f 376 441 374
f 374 441 442
f 374 442 375
f 375 442 443
f 375 443 373
f 373 443 444
f 373 444 371
f 371 444 431
f 384 445 394
f 394 445 446
f 394 446 392
f 392 446 447
f 392 447 390
f 390 447 448
f 390 448 391
f 391 448 449
f 391 449 393
f 393 449 450
f 393 450 395
f 395 450 451
f 395 451 396
f 396 451 452
f 396 452 385
f 385 452 453
f 385 453 389
f 389 453 454
f 389 454 388
f 388 454 455
f 388 455 386
f 386 455 456
f 386 456 387
f 387 456 457
f 387 457 383
f 383 457 458
f 383 458 384
f 384 458 445
f 398 459 408
f 408 459 460
f 408 460 406
f 406 460 461
f 406 461 404
f 404 461 462
f 404 462 405
f 405 462 463
f 405 463 407
f 407 463 464
f 407 464 409
f 409 464 465
f 409 465 410
f 410 465 466
f 410 466 399
f 399 466 467
f 399 467 403
f 403 467 468
f 403 468 402
f 402 468 469
f 402 469 400
f 400 469 470
f 400 470 401
f 401 470 471
f 401 471 397
f 397 471 472
f 397 472 398
f 398 472 459
f 473 474 475
f 475 474 476
f 475 476 477
f 478 479 480
f 480 479 477
f 480 477 481
f 481 477 476
f 482 483 484
f 484 483 485
f 484 485 473
f 473 485 486
f 473 486 474
f 417 458 416
f 416 458 457
f 416 457 456
f 413 471 411
f 411 471 470
f 411 470 469
f 416 472 415
f 415 472 471
f 415 471 414
f 414 471 413
f 462 456 463
f 463 456 455
f 463 455 464
f 418 419 420
f 462 461 456
f 456 461 460
f 456 460 416
f 416 460 459
f 416 459 472
f 433 432 487
f 487 432 431
f 487 431 488
f 447 446 417
f 417 446 445
f 417 445 458
f 417 418 447
f 447 418 420
f 447 420 448
f 448 420 421
f 448 421 449
f 449 421 422
f 467 488 468
f 468 488 431
f 468 431 469
f 469 431 444
f 469 444 411
f 489 435 487
f 487 435 434
f 487 434 433
f 422 423 490
f 490 491 422
f 422 491 492
f 422 492 449
f 449 492 493
f 449 493 450
f 450 493 494
f 467 466 488
f 488 466 465
f 488 465 495
f 495 465 464
f 495 464 496
f 496 464 455
f 496 455 454
f 428 429 430
f 440 439 427
f 426 497 425
f 425 497 490
f 425 490 424
f 424 490 423
f 427 428 440
f 440 428 430
f 440 430 441
f 441 430 412
f 441 412 442
f 442 412 411
f 442 411 443
f 443 411 444
f 439 438 427
f 427 438 437
f 427 437 426
f 426 437 436
f 426 436 435
f 489 498 435
f 435 498 499
f 435 499 426
f 426 499 500
f 426 500 497
f 454 453 496
f 496 453 452
f 496 452 494
f 494 452 451
f 494 451 450
f 475 496 473
f 473 496 494
f 473 494 484
f 484 494 493
f 484 493 482
f 482 493 492
f 482 492 483
f 483 492 491
f 483 491 485
f 485 491 490
f 485 490 486
f 486 490 497
f 486 497 474
f 474 497 500
f 474 500 476
f 476 500 499
f 476 499 481
f 481 499 498
f 481 498 480
f 480 498 489
f 480 489 478
f 478 489 487
f 478 487 479
f 479 487 488
f 479 488 477
f 477 488 495
f 477 495 475
f 475 495 496
f 501 244 502
f 501 502 503
f 503 502 504
f 503 504 505
f 505 504 506
f 505 506 507
f 507 506 508
f 507 508 509
f 509 508 510
f 509 510 511
f 511 510 512
f 511 512 513
f 513 512 514
f 513 514 515
f 515 514 516
f 515 516 517
f 517 516 518
f 517 518 519
f 519 518 224
f 519 224 520
f 520 224 521
f 520 521 522
f 522 521 523
f 522 523 524
f 524 523 525
f 524 525 526
f 526 525 527
f 526 527 528
f 528 527 529
f 528 529 530
f 530 529 531
f 530 531 532
f 532 531 533
f 532 533 534
f 534 533 535
f 534 535 536
f 536 535 537
f 536 537 538
f 538 537 204
f 538 204 539
f 539 204 540
f 539 540 541
f 541 540 542
f 541 542 543
f 543 542 544
f 543 544 545
f 545 544 546
f 545 546 547
f 547 546 548
f 547 548 549
f 549 548 550
f 549 550 551
f 551 550 552
f 551 552 553
f 553 552 554
f 553 554 555
f 555 554 556
f 555 556 557
f 557 556 264
f 557 264 558
f 558 264 559
f 558 559 560
f 560 559 561
f 560 561 562
f 562 561 563
f 562 563 564
f 564 563 565
f 564 565 566
f 566 565 567
f 566 567 568
f 568 567 569
f 568 569 570
f 570 569 571
f 570 571 572
f 572 571 573
f 572 573 574
f 574 573 575
f 574 575 576
f 576 575 244
f 576 244 501
f 548 546 502
f 556 554 502
f 244 575 561
f 561 575 573
f 561 573 563
f 569 567 565
f 556 502 264
f 554 552 502
f 502 552 550
f 502 550 548
f 546 544 502
f 502 544 542
f 502 542 540
f 204 512 540
f 540 512 510
f 540 510 508
f 204 537 512
f 512 537 535
f 512 535 514
f 514 535 516
f 508 506 540
f 540 506 504
f 540 504 502
f 563 573 565
f 565 573 571
f 565 571 569
f 244 561 502
f 502 561 559
f 502 559 264
f 535 533 516
f 516 533 531
f 516 531 529
f 521 224 523
f 523 224 525
f 529 527 516
f 516 527 525
f 516 525 518
f 518 525 224
f 577 578 579
f 579 578 580
f 581 582 583
f 584 581 585
f 584 585 586
f 586 585 587
f 586 587 588
f 588 587 589
f 588 589 590
f 590 589 591
f 590 591 592
f 592 591 593
f 592 593 594
f 594 593 595
f 594 595 596
f 596 595 597
f 596 597 598
f 598 597 599
f 598 599 600
f 600 599 601
f 600 601 602
f 602 601 603
f 602 603 604
f 604 603 605
f 604 605 606
f 606 605 607
f 606 607 608
f 608 607 609
f 608 609 610
f 610 609 611
f 610 611 612
f 612 611 613
f 612 613 614
f 614 613 615
f 614 615 616
f 616 615 617
f 616 617 618
f 618 617 619
f 618 619 620
f 620 619 621
f 620 621 622
f 622 621 623
f 622 623 624
f 624 623 625
f 624 625 626
f 626 625 627
f 626 627 628
f 628 627 629
f 628 629 630
f 630 629 631
f 630 631 632
f 632 631 633
f 632 633 634
f 635 636 637
f 638 639 640
f 640 639 641
f 640 641 642
f 642 641 643
f 642 643 635
f 635 643 644
f 635 644 636
f 636 644 645
f 638 640 646
f 646 640 647
f 646 647 648
f 648 647 649
f 648 649 650
f 650 649 651
f 650 651 652
f 652 651 653
f 652 653 654
f 654 653 655
f 655 653 656
f 655 656 657
f 657 656 658
f 658 656 659
f 658 659 660
f 660 659 661
f 660 661 662
f 663 664 665
f 665 664 666
f 665 666 667
f 667 666 668
f 667 668 669
f 669 668 670
f 669 670 661
f 661 670 671
f 661 671 662
f 672 673 663
f 663 673 674
f 663 674 664
f 675 676 677
f 677 676 678
f 677 678 679
f 679 678 680
f 679 680 672
f 672 680 681
f 672 681 673
f 675 677 682
f 682 677 683
f 682 683 684
f 684 683 685
f 684 685 686
f 686 685 687
f 686 687 688
f 688 687 689
f 688 689 690
f 690 689 691
f 691 689 692
f 691 692 693
f 693 692 694
f 694 692 695
f 694 695 696
f 696 695 697
f 696 697 698
f 577 579 697
f 697 579 699
f 697 699 698
f 581 583 585
f 585 583 700
f 585 700 587
f 587 700 701
f 587 701 589
f 589 701 702
f 589 702 591
f 591 702 703
f 591 703 593
f 593 703 704
f 593 704 595
f 595 704 705
f 595 705 597
f 597 705 706
f 597 706 599
f 599 706 707
f 599 707 601
f 601 707 708
f 601 708 603
f 603 708 709
f 603 709 605
f 605 709 710
f 605 710 607
f 607 710 711
f 607 711 609
f 609 711 712
f 609 712 611
f 611 712 713
f 611 713 613
f 613 713 714
f 613 714 615
f 615 714 715
f 615 715 617
f 617 715 716
f 617 716 619
f 619 716 717
f 619 717 621
f 621 717 718
f 621 718 623
f 623 718 719
f 623 719 625
f 625 719 720
f 625 720 627
f 627 720 721
f 627 721 629
f 629 721 722
f 629 722 631
f 631 722 723
f 631 723 633
f 724 634 725
f 725 634 633
f 725 633 637
f 637 633 723
f 637 723 635
f 635 723 722
f 635 722 642
f 642 722 721
f 642 721 640
f 640 721 720
f 640 720 647
f 647 720 719
f 647 719 649
f 649 719 718
f 649 718 651
f 651 718 717
f 651 717 653
f 653 717 716
f 653 716 656
f 656 716 715
f 656 715 659
f 659 715 714
f 659 714 661
f 661 714 713
f 661 713 669
f 669 713 712
f 669 712 667
f 667 712 711
f 667 711 665
f 665 711 710
f 665 710 663
f 663 710 709
f 663 709 672
f 672 709 708
f 672 708 679
f 679 708 707
f 679 707 677
f 677 707 706
f 677 706 683
f 683 706 705
f 683 705 685
f 685 705 704
f 685 704 687
f 687 704 703
f 687 703 689
f 689 703 702
f 689 702 692
f 692 702 701
f 692 701 695
f 695 701 700
f 695 700 697
f 697 700 583
f 697 583 577
f 577 583 582
f 577 582 578
f 580 578 726
f 724 725 727
f 724 727 728
f 728 727 729
f 728 729 730
f 730 729 731
f 730 731 732
f 732 731 733
f 732 733 734
f 734 733 735
f 734 735 736
f 736 735 737
f 736 737 738
f 738 737 739
f 738 739 740
f 740 739 741
f 740 741 742
f 742 741 743
f 742 743 744
f 744 743 745
f 744 745 746
f 746 745 747
f 746 747 748
f 748 747 749
f 748 749 750
f 750 749 751
f 750 751 752
f 752 751 753
f 752 753 754
f 754 753 755
f 754 755 756
f 756 755 757
f 756 757 758
f 758 757 759
f 758 759 760
f 760 759 761
f 760 761 762
f 762 761 763
f 762 763 764
f 764 763 765
f 764 765 766
f 766 765 767
f 766 767 768
f 768 767 769
f 768 769 770
f 770 769 771
f 770 771 772
f 772 771 773
f 772 773 774
f 774 773 775
f 774 775 776
f 776 775 581
f 776 581 584
f 777 778 779
f 779 778 780
f 779 780 781
f 781 780 782
f 781 782 726
f 726 782 783
f 726 783 580
f 777 779 784
f 784 779 785
f 784 785 786
f 786 785 787
f 786 787 788
f 788 787 789
f 788 789 790
f 790 789 791
f 790 791 792
f 792 791 793
f 793 791 794
f 793 794 795
f 795 794 796
f 796 794 797
f 796 797 798
f 798 797 799
f 798 799 800
f 801 802 803
f 803 802 804
f 803 804 805
f 805 804 806
f 805 806 807
f 807 806 808
f 807 808 799
f 799 808 809
f 799 809 800
f 810 811 801
f 801 811 812
f 801 812 802
f 813 814 815
f 815 814 816
f 815 816 817
f 817 816 818
f 817 818 810
f 810 818 819
f 810 819 811
f 813 815 820
f 820 815 821
f 820 821 822
f 822 821 823
f 822 823 824
f 824 823 825
f 824 825 826
f 826 825 827
f 826 827 828
f 828 827 829
f 829 827 830
f 829 830 831
f 831 830 832
f 832 830 833
f 832 833 834
f 834 833 835
f 834 835 836
f 636 645 837
f 637 636 838
f 838 636 837
f 838 837 835
f 835 837 839
f 835 839 836
f 725 637 840
f 725 840 727
f 727 840 841
f 727 841 729
f 729 841 842
f 729 842 731
f 731 842 843
f 731 843 733
f 733 843 844
f 733 844 735
f 735 844 845
f 735 845 737
f 737 845 846
f 737 846 739
f 739 846 847
f 739 847 741
f 741 847 848
f 741 848 743
f 743 848 849
f 743 849 745
f 745 849 850
f 745 850 747
f 747 850 851
f 747 851 749
f 749 851 852
f 749 852 751
f 751 852 853
f 751 853 753
f 753 853 854
f 753 854 755
f 755 854 855
f 755 855 757
f 757 855 856
f 757 856 759
f 759 856 857
f 759 857 761
f 761 857 858
f 761 858 763
f 763 858 859
f 763 859 765
f 765 859 860
f 765 860 767
f 767 860 861
f 767 861 769
f 769 861 862
f 769 862 771
f 771 862 863
f 771 863 773
f 773 863 864
f 773 864 775
f 775 864 582
f 775 582 581
f 637 838 840
f 840 838 835
f 840 835 841
f 841 835 833
f 841 833 842
f 842 833 830
f 842 830 843
f 843 830 827
f 843 827 844
f 844 827 825
f 844 825 845
f 845 825 823
f 845 823 846
f 846 823 821
f 846 821 847
f 847 821 815
f 847 815 848
f 848 815 817
f 848 817 849
f 849 817 810
f 849 810 850
f 850 810 801
f 850 801 851
f 851 801 803
f 851 803 852
f 852 803 805
f 852 805 853
f 853 805 807
f 853 807 854
f 854 807 799
f 854 799 855
f 855 799 797
f 855 797 856
f 856 797 794
f 856 794 857
f 857 794 791
f 857 791 858
f 858 791 789
f 858 789 859
f 859 789 787
f 859 787 860
f 860 787 785
f 860 785 861
f 861 785 779
f 861 779 862
f 862 779 781
f 862 781 863
f 863 781 726
f 863 726 864
f 864 726 578
f 864 578 582
f 865 866 645
f 579 580 867
f 867 868 579
f 579 868 869
f 579 869 699
f 699 869 698
f 698 869 870
f 698 870 696
f 871 693 870
f 870 693 694
f 870 694 696
f 872 690 871
f 871 690 691
f 871 691 693
f 873 686 872
f 872 686 688
f 872 688 690
f 874 682 873
f 873 682 684
f 873 684 686
f 680 678 875
f 875 678 676
f 875 676 874
f 874 676 675
f 874 675 682
f 680 875 681
f 681 875 876
f 681 876 673
f 673 876 674
f 674 876 877
f 674 877 664
f 664 877 666
f 666 877 878
f 666 878 668
f 668 878 670
f 670 878 879
f 670 879 671
f 671 879 662
f 662 879 880
f 662 880 660
f 881 657 880
f 880 657 658
f 880 658 660
f 882 654 881
f 881 654 655
f 881 655 657
f 883 650 882
f 882 650 652
f 882 652 654
f 884 646 883
f 883 646 648
f 883 648 650
f 885 639 884
f 884 639 638
f 884 638 646
f 645 644 865
f 865 644 643
f 865 643 885
f 885 643 641
f 885 641 639
f 774 776 728
f 728 776 584
f 728 584 724
f 724 584 634
f 634 584 586
f 634 586 588
f 762 728 760
f 760 728 730
f 744 746 754
f 606 608 634
f 634 608 610
f 634 610 612
f 612 614 634
f 634 614 616
f 634 616 632
f 632 616 630
f 730 732 760
f 760 732 734
f 760 734 736
f 736 738 760
f 760 738 740
f 760 740 758
f 758 740 756
f 762 764 728
f 728 764 766
f 728 766 768
f 768 770 728
f 728 770 772
f 728 772 774
f 618 620 622
f 756 740 754
f 754 740 742
f 754 742 744
f 746 748 754
f 754 748 750
f 754 750 752
f 622 624 618
f 618 624 626
f 618 626 616
f 616 626 628
f 616 628 630
f 588 590 634
f 634 590 592
f 634 592 594
f 594 596 634
f 634 596 598
f 634 598 600
f 600 602 634
f 634 602 604
f 634 604 606
f 837 645 866
f 886 867 580
f 866 887 837
f 837 887 888
f 837 888 839
f 839 888 836
f 836 888 889
f 836 889 834
f 890 831 889
f 889 831 832
f 889 832 834
f 891 828 890
f 890 828 829
f 890 829 831
f 892 824 891
f 891 824 826
f 891 826 828
f 893 820 892
f 892 820 822
f 892 822 824
f 818 816 894
f 894 816 814
f 894 814 893
f 893 814 813
f 893 813 820
f 818 894 819
f 819 894 895
f 819 895 811
f 811 895 812
f 812 895 896
f 812 896 802
f 802 896 804
f 804 896 897
f 804 897 806
f 806 897 808
f 808 897 898
f 808 898 809
f 809 898 800
f 800 898 899
f 800 899 798
f 900 795 899
f 899 795 796
f 899 796 798
f 901 792 900
f 900 792 793
f 900 793 795
f 902 788 901
f 901 788 790
f 901 790 792
f 903 784 902
f 902 784 786
f 902 786 788
f 904 778 903
f 903 778 777
f 903 777 784
f 580 783 886
f 886 783 782
f 886 782 904
f 904 782 780
f 904 780 778
f 905 906 907
f 905 907 908
f 907 909 908
f 908 909 910
f 908 910 911
f 911 910 912
f 911 912 913
f 913 912 914
f 913 914 915
f 915 914 916
f 915 916 917
f 917 916 918
f 917 918 919
f 919 918 920
f 919 920 921
f 921 920 922
f 921 922 923
f 923 922 924
f 923 924 925
f 925 924 926
f 925 926 927
f 927 926 928
f 927 928 929
f 929 928 930
f 929 930 931
f 931 930 932
f 931 932 933
f 933 932 934
f 933 934 935
f 935 934 936
f 935 936 937
f 937 936 938
f 937 938 939
f 939 938 940
f 939 940 941
f 941 940 942
f 941 942 943
f 943 942 944
f 943 944 945
f 945 944 946
f 945 946 947
f 948 949 950
f 950 949 951
f 950 951 952
f 952 951 953
f 952 953 954
f 954 953 955
f 954 955 956
f 956 955 957
f 956 957 958
f 958 957 959
f 958 959 960
f 960 959 961
f 960 961 962
f 962 961 963
f 962 963 964
f 964 963 965
f 964 965 966
f 966 965 967
f 966 967 968
f 968 967 969
f 968 969 970
f 970 969 971
f 970 971 972
f 972 971 973
f 972 973 974
f 974 973 975
f 974 975 976
f 976 975 977
f 976 977 978
f 978 977 979
f 978 979 980
f 980 979 981
f 980 981 982
f 982 981 983
f 982 983 984
f 984 983 947
f 984 947 946
f 948 985 949
f 949 985 986
f 949 986 987
f 987 986 906
f 987 906 905
f 988 989 953
f 990 957 989
f 989 957 955
f 989 955 953
f 991 961 990
f 990 961 959
f 990 959 957
f 992 993 973
f 994 977 993
f 993 977 975
f 993 975 973
f 939 995 996
f 911 997 998
f 999 965 991
f 991 965 963
f 991 963 961
f 973 971 992
f 992 971 969
f 992 969 999
f 999 969 967
f 999 967 965
f 927 1000 1001
f 1002 923 1001
f 1001 923 925
f 1001 925 927
f 953 951 988
f 988 951 949
f 988 949 1003
f 1003 949 987
f 1003 987 1004
f 1004 987 905
f 1004 905 998
f 998 905 908
f 998 908 911
f 1005 935 996
f 996 935 937
f 996 937 939
f 927 929 1000
f 1000 929 931
f 1000 931 1005
f 1005 931 933
f 1005 933 935
f 1006 919 1002
f 1002 919 921
f 1002 921 923
f 911 913 997
f 997 913 915
f 997 915 1006
f 1006 915 917
f 1006 917 919
f 1007 981 994
f 994 981 979
f 994 979 977
f 939 941 995
f 995 941 943
f 995 943 1008
f 1008 943 945
f 1008 945 1009
f 1009 945 947
f 1009 947 1007
f 1007 947 983
f 1007 983 981
f 1010 1011 1012
f 1013 1014 1015
f 1016 1017 1018
f 1018 1017 1019
f 1018 1019 1020
f 1021 1022 1023
f 1023 1022 1024
f 1023 1024 1025
f 1025 1026 1023
f 1023 1026 1027
f 1023 1027 1015
f 1015 1027 1028
f 1015 1028 1013
f 1029 968 1030
f 1030 968 970
f 1030 970 1031
f 1031 970 1032
f 1032 970 972
f 1032 972 1033
f 1033 972 1034
f 1034 972 974
f 1034 974 1035
f 1036 1037 1038
f 1038 1037 1039
f 1040 1041 1042
f 1042 1041 1043
f 1042 1043 1035
f 1044 1045 909
f 909 1045 1046
f 909 1046 910
f 910 1046 1047
f 910 1047 912
f 912 1047 1048
f 912 1048 914
f 914 1048 1049
f 914 1049 916
f 916 1049 1050
f 916 1050 918
f 918 1050 1051
f 918 1051 920
f 1052 1053 1054
f 1051 1055 920
f 920 1055 1056
f 920 1056 922
f 1056 1057 922
f 922 1057 1058
f 922 1058 924
f 924 1058 1059
f 1059 1060 924
f 924 1060 1061
f 924 1061 1062
f 1053 1063 1054
f 1054 1063 1064
f 1054 1064 1012
f 1012 1064 1065
f 1012 1065 1010
f 1066 1067 1054
f 1054 1067 1068
f 1054 1068 1052
f 1069 1070 926
f 1071 1072 1073
f 1073 1072 1074
f 1073 1074 1075
f 1075 1076 926
f 926 1076 1077
f 926 1077 1069
f 1070 1078 926
f 926 1078 1079
f 926 1079 928
f 928 1079 1080
f 928 1080 930
f 930 1080 1081
f 930 1081 1082
f 1082 1083 930
f 930 1083 1084
f 930 1084 1085
f 1086 1087 1088
f 1087 1089 1088
f 1088 1089 1090
f 1088 1090 1091
f 1091 1090 1092
f 1093 1094 1095
f 1095 1094 1096
f 1092 1097 1091
f 1091 1097 1098
f 1091 1098 1093
f 1099 1100 1101
f 1102 1103 1104
f 1104 1103 1105
f 1104 1105 1101
f 1101 1105 1106
f 1101 1106 1099
f 1107 1108 1109
f 1110 1111 1112
f 1112 1111 1113
f 1112 1113 1015
f 1015 1113 1114
f 1015 1114 1023
f 1023 1114 1115
f 1023 1115 1116
f 1116 1115 1117
f 1116 1117 1104
f 1104 1117 1118
f 1104 1118 1102
f 1109 1119 1107
f 1107 1119 1120
f 1107 1120 1112
f 1112 1120 1121
f 1112 1121 1110
f 1108 1107 1122
f 1122 1107 1095
f 1122 1095 1123
f 1123 1095 1124
f 1123 1124 1125
f 1125 1124 1126
f 1125 1126 1127
f 1128 1129 1104
f 1128 1104 1130
f 1131 1132 907
f 907 1132 1133
f 1130 1104 1134
f 1134 1104 1101
f 1134 1101 1135
f 1136 1137 948
f 948 1137 1138
f 1129 1139 1104
f 1104 1139 1140
f 1104 1140 1136
f 1101 1141 1142
f 1133 1143 907
f 907 1143 1144
f 907 1144 1101
f 1101 1144 1145
f 1101 1145 1141
f 1142 1146 1101
f 1101 1146 1147
f 1101 1147 1135
f 1138 1148 948
f 948 1148 1149
f 948 1149 985
f 985 1149 1150
f 985 1150 986
f 986 1150 1151
f 986 1151 906
f 906 1151 1152
f 906 1152 907
f 907 1152 1153
f 907 1153 1131
f 1100 1127 1101
f 1101 1127 1126
f 1101 1126 907
f 907 1126 909
f 1075 926 1073
f 1073 926 924
f 1073 924 1054
f 1054 924 1062
f 1054 1062 1066
f 936 934 1088
f 1085 1086 930
f 930 1086 1088
f 930 1088 932
f 932 1088 934
f 936 1154 938
f 938 1154 1155
f 938 1155 940
f 940 1155 1156
f 940 1156 942
f 1157 946 1156
f 1156 946 944
f 1156 944 942
f 978 980 1042
f 1042 980 982
f 984 1158 982
f 982 1158 1037
f 982 1037 1042
f 1042 1037 1036
f 1042 1036 1040
f 1035 974 1042
f 1042 974 976
f 1042 976 978
f 1029 1016 968
f 968 1016 1018
f 968 1018 966
f 966 1018 1159
f 956 958 1159
f 1159 958 960
f 960 962 1159
f 1159 962 964
f 1159 964 966
f 1160 1161 1116
f 1116 1161 1162
f 1163 1164 1159
f 1159 1164 1165
f 1159 1165 1166
f 1167 1168 950
f 950 1168 1169
f 950 1169 1170
f 1166 1171 1159
f 1159 1171 1172
f 1159 1172 1173
f 1173 1174 1159
f 1159 1174 1175
f 1159 1175 956
f 956 1175 1176
f 956 1176 1177
f 1162 1178 1116
f 1116 1178 1179
f 1116 1179 1180
f 1177 1181 956
f 956 1181 1182
f 956 1182 954
f 954 1182 1183
f 954 1183 952
f 952 1183 1184
f 952 1184 950
f 950 1184 1185
f 950 1185 1167
f 1136 948 1104
f 1104 948 950
f 1104 950 1116
f 1116 950 1170
f 1116 1170 1160
f 1020 1021 1018
f 1018 1021 1023
f 1018 1023 1159
f 1159 1023 1116
f 1159 1116 1163
f 1163 1116 1180
f 984 946 1158
f 1158 946 1157
f 1158 1157 1037
f 1037 1157 1186
f 1187 1188 1189
f 1190 1191 1157
f 1191 1192 1157
f 1157 1192 1193
f 1157 1193 1194
f 1187 1189 1195
f 1188 1196 1189
f 1189 1196 1197
f 1189 1197 1198
f 1199 1200 1156
f 1156 1200 1201
f 1194 1202 1157
f 1157 1202 1203
f 1157 1203 1186
f 1186 1203 1204
f 1204 1205 1186
f 1186 1205 1206
f 1186 1206 1207
f 1201 1208 1156
f 1156 1208 1209
f 1156 1209 1157
f 1157 1209 1210
f 1157 1210 1190
f 1207 1211 1186
f 1186 1211 1212
f 1186 1212 1189
f 1189 1212 1213
f 1189 1213 1195
f 1093 1095 1091
f 1091 1095 1107
f 1091 1107 1189
f 1189 1107 1112
f 1189 1112 1186
f 1186 1112 1015
f 1186 1015 1037
f 1037 1015 1014
f 1037 1014 1039
f 1096 1071 1095
f 1095 1071 1073
f 1095 1073 1124
f 1124 1073 1054
f 1124 1054 1126
f 1126 1054 1012
f 1126 1012 909
f 909 1012 1011
f 909 1011 1044
f 936 1088 1154
f 1154 1088 1091
f 1154 1091 1155
f 1155 1091 1189
f 1155 1189 1156
f 1156 1189 1198
f 1156 1198 1199
f 1106 1004 1099
f 1099 1004 998
f 1099 998 1100
f 1100 998 997
f 1100 997 1127
f 1127 997 1006
f 1127 1006 1125
f 1125 1006 1002
f 1125 1002 1123
f 1123 1002 1001
f 1123 1001 1122
f 1122 1001 1000
f 1122 1000 1108
f 1108 1000 1005
f 1108 1005 1109
f 1109 1005 996
f 1109 996 1119
f 1119 996 995
f 1119 995 1120
f 1120 995 1008
f 1120 1008 1121
f 1121 1008 1009
f 1121 1009 1110
f 1110 1009 1007
f 1110 1007 1111
f 1111 1007 994
f 1111 994 1113
f 1113 994 993
f 1113 993 1114
f 1114 993 992
f 1114 992 1115
f 1115 992 999
f 1115 999 1117
f 1117 999 991
f 1117 991 1118
f 1118 991 990
f 1118 990 1102
f 1102 990 989
f 1102 989 1103
f 1103 989 988
f 1103 988 1105
f 1105 988 1003
f 1105 1003 1106
f 1106 1003 1004
f 1214 1215 1216
f 1217 1215 1214
f 1218 1217 1214
f 1214 1219 1220
f 1221 1219 1214
f 1216 1221 1214
f 1222 1223 1224
f 1225 1226 1227
f 1228 1229 1230
f 1231 1232 1233
f 1231 1233 1234
f 1234 1233 1235
f 1234 1235 1236
f 1236 1235 1230
f 1236 1230 1237
f 1237 1230 1229
f 1237 1229 1238
f 1239 1240 1241
f 1241 1240 1242
f 1241 1242 1243
f 1243 1242 1244
f 1245 1246 1247
f 1247 1246 1248
f 1244 1242 1249
f 1249 1242 1250
f 1249 1250 1251
f 1251 1250 1252
f 1251 1252 1253
f 1253 1252 1254
f 1253 1254 1255
f 1255 1254 1245
f 1255 1245 1224
f 1224 1245 1247
f 1224 1247 1222
f 1248 1246 1256
f 1256 1246 1257
f 1256 1257 1258
f 1258 1257 1259
f 1258 1259 1260
f 1261 1262 1263
f 1264 1265 1262
f 1266 1267 1265
f 1214 1268 1269
f 1269 1268 1267
f 1218 1214 1269
f 1267 1266 1269
f 1269 1266 1270
f 1269 1270 1218
f 1218 1270 1271
f 1218 1271 1217
f 1217 1271 1272
f 1217 1272 1215
f 1215 1272 1273
f 1215 1273 1216
f 1216 1273 1274
f 1216 1274 1221
f 1221 1274 1275
f 1221 1275 1219
f 1219 1275 1276
f 1219 1276 1220
f 1265 1264 1266
f 1266 1264 1277
f 1266 1277 1270
f 1270 1277 1278
f 1270 1278 1271
f 1271 1278 1279
f 1271 1279 1272
f 1272 1279 1280
f 1272 1280 1273
f 1273 1280 1281
f 1273 1281 1274
f 1274 1281 1282
f 1274 1282 1275
f 1275 1282 1283
f 1275 1283 1276
f 1226 1228 1227
f 1227 1228 1230
f 1227 1230 1284
f 1284 1230 1235
f 1284 1235 1285
f 1285 1235 1233
f 1285 1233 1286
f 1286 1233 1232
f 1286 1232 1214
f 1231 1214 1232
f 1239 1225 1240
f 1240 1225 1227
f 1240 1227 1287
f 1287 1227 1284
f 1287 1284 1288
f 1288 1284 1285
f 1288 1285 1289
f 1289 1285 1286
f 1289 1286 1214
f 1262 1261 1264
f 1264 1261 1290
f 1264 1290 1277
f 1277 1290 1291
f 1277 1291 1278
f 1278 1291 1292
f 1278 1292 1279
f 1279 1292 1293
f 1279 1293 1280
f 1280 1293 1294
f 1280 1294 1281
f 1281 1294 1295
f 1281 1295 1282
f 1282 1295 1296
f 1282 1296 1283
f 1297 1260 1263
f 1263 1260 1259
f 1263 1259 1261
f 1261 1259 1257
f 1261 1257 1290
f 1290 1257 1246
f 1290 1246 1291
f 1291 1246 1245
f 1291 1245 1292
f 1292 1245 1254
f 1292 1254 1293
f 1293 1254 1252
f 1293 1252 1294
f 1294 1252 1250
f 1294 1250 1295
f 1295 1250 1242
f 1295 1242 1296
f 1296 1242 1240
f 1296 1240 1283
f 1283 1240 1287
f 1283 1287 1276
f 1276 1287 1288
f 1276 1288 1220
f 1220 1288 1289
f 1220 1289 1214
f 1248 1256 1298
f 1299 1300 1301
f 1299 1301 1302
f 1303 1304 1305
f 1305 1304 1306
f 1305 1306 1307
f 1307 1306 1308
f 1297 1307 1260
f 1260 1307 1308
f 1260 1308 1258
f 1300 1309 1301
f 1301 1309 1310
f 1301 1310 1298
f 1298 1310 1311
f 1298 1311 1248
f 1248 1311 1247
f 1304 1302 1306
f 1306 1302 1301
f 1306 1301 1308
f 1308 1301 1298
f 1308 1298 1258
f 1258 1298 1256
f 1312 1313 1314
f 1314 1313 1214
f 1315 1316 1317
f 1318 1319 1320
f 1321 1322 1323
f 1324 1325 1326
f 1268 1214 1313
f 1231 1327 1214
f 1238 1328 1329
f 1327 1231 1330
f 1330 1231 1234
f 1330 1234 1331
f 1331 1234 1236
f 1331 1236 1329
f 1329 1236 1237
f 1329 1237 1238
f 1268 1313 1267
f 1267 1313 1312
f 1267 1312 1265
f 1332 1333 1263
f 1333 1334 1263
f 1263 1334 1335
f 1263 1335 1297
f 1336 1337 1338
f 1338 1337 1339
f 1338 1339 1340
f 1322 1321 1341
f 1341 1321 1342
f 1341 1342 1343
f 1262 1265 1344
f 1344 1265 1312
f 1344 1312 1345
f 1345 1312 1314
f 1345 1314 1346
f 1346 1314 1214
f 1319 1321 1320
f 1320 1321 1323
f 1320 1323 1347
f 1347 1323 1348
f 1347 1348 1349
f 1349 1348 1350
f 1349 1350 1351
f 1351 1352 1349
f 1349 1352 1353
f 1349 1353 1347
f 1347 1353 1354
f 1347 1354 1320
f 1320 1354 1317
f 1320 1317 1318
f 1318 1317 1316
f 1328 1315 1329
f 1329 1315 1317
f 1329 1317 1331
f 1331 1317 1354
f 1331 1354 1330
f 1330 1354 1353
f 1330 1353 1327
f 1327 1353 1352
f 1327 1352 1214
f 1351 1214 1352
f 1350 1355 1351
f 1351 1355 1214
f 1325 1334 1326
f 1326 1334 1333
f 1326 1333 1356
f 1356 1333 1332
f 1356 1332 1357
f 1358 1324 1359
f 1359 1324 1326
f 1359 1326 1360
f 1360 1326 1356
f 1360 1356 1361
f 1361 1356 1357
f 1361 1357 1362
f 1340 1358 1338
f 1338 1358 1359
f 1338 1359 1363
f 1363 1359 1360
f 1363 1360 1364
f 1364 1360 1361
f 1364 1361 1365
f 1365 1361 1362
f 1365 1362 1366
f 1366 1367 1365
f 1365 1367 1368
f 1365 1368 1364
f 1364 1368 1369
f 1364 1369 1363
f 1363 1369 1370
f 1363 1370 1338
f 1338 1370 1371
f 1338 1371 1336
f 1336 1371 1372
f 1373 1372 1374
f 1374 1372 1371
f 1374 1371 1375
f 1375 1371 1370
f 1375 1370 1376
f 1376 1370 1369
f 1376 1369 1377
f 1377 1369 1368
f 1377 1368 1378
f 1378 1368 1367
f 1378 1367 1214
f 1366 1214 1367
f 1263 1262 1332
f 1332 1262 1344
f 1332 1344 1357
f 1357 1344 1345
f 1357 1345 1362
f 1362 1345 1346
f 1362 1346 1366
f 1366 1346 1214
f 1379 1373 1380
f 1380 1373 1374
f 1380 1374 1381
f 1381 1374 1375
f 1381 1375 1382
f 1382 1375 1376
f 1382 1376 1383
f 1383 1376 1377
f 1383 1377 1384
f 1384 1377 1378
f 1384 1378 1214
f 1341 1379 1322
f 1322 1379 1380
f 1322 1380 1323
f 1323 1380 1381
f 1323 1381 1348
f 1348 1381 1382
f 1348 1382 1350
f 1350 1382 1383
f 1350 1383 1355
f 1355 1383 1384
f 1355 1384 1214
f 1385 1386 1387
f 1388 1389 1328
f 1319 1318 1390
f 1390 1318 1316
f 1390 1316 1389
f 1389 1316 1315
f 1389 1315 1328
f 1321 1319 1391
f 1391 1319 1390
f 1391 1390 1392
f 1392 1390 1386
f 1385 1387 1393
f 1394 1393 1395
f 1395 1393 1396
f 1395 1396 1397
f 1397 1396 1398
f 1398 1396 1399
f 1398 1399 1400
f 1400 1399 1401
f 1401 1399 1402
f 1401 1402 1403
f 1403 1402 1404
f 1404 1402 1405
f 1404 1405 1406
f 1406 1405 1407
f 1407 1405 1408
f 1407 1408 1409
f 1409 1408 1410
f 1410 1408 1411
f 1410 1411 1412
f 1241 1413 1239
f 1239 1413 1414
f 1415 1226 1414
f 1414 1226 1225
f 1414 1225 1239
f 1328 1238 1388
f 1388 1238 1229
f 1388 1229 1415
f 1415 1229 1228
f 1415 1228 1226
f 1386 1390 1387
f 1387 1390 1389
f 1387 1389 1416
f 1416 1389 1388
f 1416 1388 1417
f 1417 1388 1415
f 1417 1415 1418
f 1418 1415 1414
f 1418 1414 1419
f 1419 1414 1413
f 1419 1413 1420
f 1393 1387 1396
f 1396 1387 1416
f 1396 1416 1399
f 1399 1416 1417
f 1399 1417 1402
f 1402 1417 1418
f 1402 1418 1405
f 1405 1418 1419
f 1405 1419 1408
f 1408 1419 1420
f 1408 1420 1411
f 1421 1422 1423
f 1421 1423 1424
f 1425 1424 1423
f 1426 1425 1423
f 1427 1426 1423
f 1428 1427 1423
f 1429 1428 1423
f 1423 1430 1431
f 1432 1430 1423
f 1422 1432 1423
f 1433 1434 1435
f 1433 1435 1436
f 1434 1433 1437
f 1437 1433 1438
f 1437 1438 1439
f 1439 1438 1440
f 1440 1438 1441
f 1440 1441 1442
f 1423 1443 1444
f 1444 1443 1445
f 1429 1423 1444
f 1446 1447 1431
f 1448 1449 1450
f 1451 1452 1449
f 1453 1452 1454
f 1454 1452 1451
f 1454 1451 1455
f 1223 1456 1457
f 1457 1456 1458
f 1457 1458 1459
f 1459 1458 1460
f 1459 1460 1455
f 1455 1460 1461
f 1455 1461 1454
f 1223 1457 1224
f 1224 1457 1462
f 1224 1462 1255
f 1255 1462 1463
f 1255 1463 1253
f 1253 1463 1464
f 1253 1464 1251
f 1251 1464 1465
f 1251 1465 1249
f 1449 1448 1451
f 1451 1448 1466
f 1451 1466 1455
f 1455 1466 1467
f 1455 1467 1459
f 1459 1467 1468
f 1459 1468 1457
f 1457 1468 1469
f 1457 1469 1462
f 1462 1469 1470
f 1462 1470 1463
f 1463 1470 1471
f 1463 1471 1464
f 1464 1471 1436
f 1464 1436 1465
f 1465 1436 1435
f 1465 1435 1249
f 1249 1435 1472
f 1249 1472 1244
f 1473 1442 1474
f 1474 1442 1441
f 1474 1441 1475
f 1475 1441 1438
f 1475 1438 1476
f 1476 1438 1433
f 1476 1433 1477
f 1477 1433 1436
f 1477 1436 1478
f 1478 1436 1471
f 1478 1471 1479
f 1479 1471 1470
f 1479 1470 1480
f 1480 1470 1469
f 1480 1469 1481
f 1481 1469 1468
f 1481 1468 1482
f 1482 1468 1467
f 1482 1467 1483
f 1483 1467 1466
f 1483 1466 1484
f 1484 1466 1448
f 1484 1448 1485
f 1485 1448 1450
f 1485 1450 1447
f 1447 1446 1485
f 1485 1446 1486
f 1485 1486 1484
f 1484 1486 1487
f 1484 1487 1483
f 1483 1487 1488
f 1483 1488 1482
f 1482 1488 1489
f 1482 1489 1481
f 1481 1489 1490
f 1481 1490 1480
f 1480 1490 1491
f 1480 1491 1479
f 1479 1491 1492
f 1479 1492 1478
f 1478 1492 1493
f 1478 1493 1477
f 1477 1493 1494
f 1477 1494 1476
f 1476 1494 1495
f 1476 1495 1475
f 1475 1495 1496
f 1475 1496 1474
f 1431 1430 1446
f 1446 1430 1432
f 1446 1432 1486
f 1486 1432 1422
f 1486 1422 1487
f 1487 1422 1421
f 1487 1421 1488
f 1488 1421 1424
f 1488 1424 1489
f 1489 1424 1425
f 1489 1425 1490
f 1490 1425 1426
f 1490 1426 1491
f 1491 1426 1427
f 1491 1427 1492
f 1492 1427 1428
f 1492 1428 1493
f 1493 1428 1429
f 1493 1429 1494
f 1494 1429 1444
f 1494 1444 1495
f 1495 1444 1445
f 1495 1445 1496
f 1497 1498 1499
f 1497 1499 1500
f 1501 1500 1499
f 1502 1501 1499
f 1503 1502 1499
f 1504 1503 1499
f 1505 1504 1499
f 1499 1506 1507
f 1508 1506 1499
f 1498 1508 1499
f 1509 1410 1412
f 1509 1412 1510
f 1410 1509 1409
f 1409 1509 1511
f 1409 1511 1407
f 1407 1511 1406
f 1406 1511 1512
f 1406 1512 1404
f 1499 1513 1514
f 1514 1513 1515
f 1505 1499 1514
f 1516 1517 1507
f 1518 1519 1520
f 1521 1522 1519
f 1303 1522 1304
f 1304 1522 1521
f 1304 1521 1302
f 1302 1521 1523
f 1524 1525 1526
f 1526 1525 1309
f 1526 1309 1527
f 1527 1309 1300
f 1527 1300 1523
f 1523 1300 1299
f 1523 1299 1302
f 1524 1526 1528
f 1528 1526 1529
f 1528 1529 1530
f 1530 1529 1531
f 1530 1531 1532
f 1532 1531 1533
f 1532 1533 1534
f 1534 1533 1535
f 1534 1535 1536
f 1519 1518 1521
f 1521 1518 1537
f 1521 1537 1523
f 1523 1537 1538
f 1523 1538 1527
f 1527 1538 1539
f 1527 1539 1526
f 1526 1539 1540
f 1526 1540 1529
f 1529 1540 1541
f 1529 1541 1531
f 1531 1541 1542
f 1531 1542 1533
f 1533 1542 1510
f 1533 1510 1535
f 1535 1510 1412
f 1535 1412 1536
f 1536 1412 1543
f 1536 1543 1544
f 1403 1404 1545
f 1545 1404 1512
f 1545 1512 1546
f 1546 1512 1511
f 1546 1511 1547
f 1547 1511 1509
f 1547 1509 1548
f 1548 1509 1510
f 1548 1510 1549
f 1549 1510 1542
f 1549 1542 1550
f 1550 1542 1541
f 1550 1541 1551
f 1551 1541 1540
f 1551 1540 1552
f 1552 1540 1539
f 1552 1539 1553
f 1553 1539 1538
f 1553 1538 1554
f 1554 1538 1537
f 1554 1537 1555
f 1555 1537 1518
f 1555 1518 1556
f 1556 1518 1520
f 1556 1520 1517
f 1517 1516 1556
f 1556 1516 1557
f 1556 1557 1555
f 1555 1557 1558
f 1555 1558 1554
f 1554 1558 1559
f 1554 1559 1553
f 1553 1559 1560
f 1553 1560 1552
f 1552 1560 1561
f 1552 1561 1551
f 1551 1561 1562
f 1551 1562 1550
f 1550 1562 1563
f 1550 1563 1549
f 1549 1563 1564
f 1549 1564 1548
f 1548 1564 1565
f 1548 1565 1547
f 1547 1565 1566
f 1547 1566 1546
f 1546 1566 1567
f 1546 1567 1545
f 1507 1506 1516
f 1516 1506 1508
f 1516 1508 1557
f 1557 1508 1498
f 1557 1498 1558
f 1558 1498 1497
f 1558 1497 1559
f 1559 1497 1500
f 1559 1500 1560
f 1560 1500 1501
f 1560 1501 1561
f 1561 1501 1502
f 1561 1502 1562
f 1562 1502 1503
f 1562 1503 1563
f 1563 1503 1504
f 1563 1504 1564
f 1564 1504 1505
f 1564 1505 1565
f 1565 1505 1514
f 1565 1514 1566
f 1566 1514 1515
f 1566 1515 1567
f 1568 1569 1570
f 1571 1572 1573
f 1307 1297 1335
f 1307 1335 1574
f 1574 1575 1307
f 1307 1575 1573
f 1307 1573 1305
f 1305 1573 1572
f 1305 1572 1303
f 1576 1568 1577
f 1577 1568 1570
f 1577 1570 1578
f 1578 1570 1579
f 1578 1579 1580
f 1580 1579 1581
f 1358 1580 1324
f 1324 1580 1581
f 1324 1581 1325
f 1325 1581 1334
f 1569 1571 1570
f 1570 1571 1573
f 1570 1573 1579
f 1579 1573 1575
f 1579 1575 1581
f 1581 1575 1574
f 1581 1574 1334
f 1334 1574 1335
f 1321 1391 1582
f 1583 1584 1585
f 1585 1584 1586
f 1585 1586 1394
f 1394 1586 1587
f 1394 1587 1393
f 1588 1343 1589
f 1589 1343 1582
f 1582 1343 1342
f 1582 1342 1321
f 1590 1591 1592
f 1592 1591 1593
f 1592 1593 1589
f 1589 1593 1594
f 1589 1594 1588
f 1595 1596 1597
f 1597 1596 1598
f 1597 1598 1599
f 1599 1598 1600
f 1599 1600 1601
f 1602 1603 1604
f 1604 1605 1602
f 1602 1605 1606
f 1602 1606 1607
f 1607 1606 1608
f 1609 1610 1611
f 1611 1610 1612
f 1611 1612 1613
f 1612 1614 1613
f 1613 1614 1615
f 1613 1615 1616
f 1617 1618 1619
f 1619 1618 1620
f 1619 1620 1621
f 1621 1620 1622
f 1623 1624 1625
f 1625 1624 1620
f 1620 1624 1626
f 1620 1626 1622
f 1627 1628 1629
f 1391 1392 1582
f 1582 1392 1386
f 1582 1386 1587
f 1587 1386 1385
f 1587 1385 1393
f 1601 1630 1599
f 1599 1630 1631
f 1599 1631 1592
f 1592 1631 1632
f 1592 1632 1590
f 1608 1633 1607
f 1607 1633 1634
f 1607 1634 1635
f 1635 1634 1636
f 1635 1636 1597
f 1597 1636 1637
f 1597 1637 1595
f 1603 1602 1638
f 1638 1602 1639
f 1638 1639 1640
f 1616 1641 1613
f 1613 1641 1642
f 1613 1642 1639
f 1639 1642 1643
f 1639 1643 1640
f 1617 1644 1618
f 1618 1644 1645
f 1618 1645 1611
f 1611 1645 1646
f 1611 1646 1609
f 1629 1647 1627
f 1627 1647 1648
f 1627 1648 1649
f 1649 1648 1650
f 1649 1650 1625
f 1625 1650 1651
f 1625 1651 1623
f 1652 1653 1654
f 1652 1654 1655
f 1656 1652 1657
f 1657 1652 1658
f 1656 1659 1652
f 1652 1659 1660
f 1652 1660 1653
f 1661 1662 1663
f 1663 1662 1664
f 1663 1664 1665
f 1665 1664 1666
f 1665 1666 1667
f 1668 1669 1670
f 1670 1671 1668
f 1668 1671 1672
f 1668 1672 1673
f 1674 1675 1676
f 1676 1677 1674
f 1674 1677 1678
f 1674 1678 1679
f 1680 1339 1337
f 1680 1337 1681
f 1681 1337 1682
f 1681 1682 1683
f 1578 1580 1684
f 1684 1580 1358
f 1684 1358 1680
f 1680 1358 1340
f 1680 1340 1339
f 1578 1684 1577
f 1577 1684 1685
f 1577 1685 1576
f 1686 1687 1685
f 1685 1687 1688
f 1685 1688 1576
f 1654 1689 1655
f 1655 1689 1690
f 1655 1690 1691
f 1691 1690 1692
f 1691 1692 1693
f 1693 1692 1694
f 1667 1695 1665
f 1665 1695 1696
f 1665 1696 1658
f 1658 1696 1697
f 1658 1697 1657
f 1673 1698 1668
f 1668 1698 1699
f 1668 1699 1663
f 1663 1699 1700
f 1663 1700 1661
f 1679 1701 1674
f 1674 1701 1702
f 1674 1702 1703
f 1703 1702 1704
f 1703 1704 1669
f 1669 1704 1705
f 1669 1705 1670
f 1683 1706 1681
f 1681 1706 1707
f 1681 1707 1675
f 1675 1707 1708
f 1675 1708 1676
f 1709 1710 1423
f 1711 1712 1423
f 1711 1423 1713
f 1714 1713 1423
f 1715 1714 1423
f 1716 1715 1423
f 1717 1716 1423
f 1718 1717 1423
f 1719 1718 1423
f 1588 1594 1720
f 1431 1719 1423
f 1721 1452 1453
f 1445 1443 1710
f 1710 1443 1423
f 1712 1709 1423
f 1496 1445 1722
f 1474 1496 1723
f 1473 1474 1724
f 1724 1474 1725
f 1724 1725 1726
f 1726 1725 1727
f 1726 1727 1728
f 1728 1727 1729
f 1729 1727 1730
f 1729 1730 1731
f 1731 1730 1593
f 1593 1730 1732
f 1593 1732 1594
f 1588 1720 1343
f 1343 1720 1341
f 1341 1720 1733
f 1341 1733 1379
f 1379 1733 1734
f 1379 1734 1373
f 1373 1734 1735
f 1373 1735 1372
f 1372 1735 1736
f 1372 1736 1336
f 1453 1737 1721
f 1721 1737 1738
f 1721 1738 1739
f 1739 1738 1740
f 1739 1740 1741
f 1741 1740 1683
f 1741 1683 1736
f 1736 1683 1682
f 1736 1682 1336
f 1336 1682 1337
f 1594 1732 1720
f 1720 1732 1742
f 1720 1742 1733
f 1733 1742 1743
f 1733 1743 1734
f 1734 1743 1744
f 1734 1744 1735
f 1735 1744 1745
f 1735 1745 1736
f 1736 1745 1746
f 1736 1746 1741
f 1741 1746 1747
f 1741 1747 1739
f 1739 1747 1748
f 1739 1748 1721
f 1721 1748 1449
f 1721 1449 1452
f 1474 1723 1725
f 1725 1723 1749
f 1725 1749 1727
f 1727 1749 1750
f 1727 1750 1730
f 1730 1750 1751
f 1730 1751 1732
f 1732 1751 1752
f 1732 1752 1742
f 1742 1752 1753
f 1742 1753 1743
f 1743 1753 1754
f 1743 1754 1744
f 1744 1754 1755
f 1744 1755 1745
f 1745 1755 1756
f 1745 1756 1746
f 1746 1756 1757
f 1746 1757 1747
f 1747 1757 1758
f 1747 1758 1748
f 1748 1758 1450
f 1748 1450 1449
f 1496 1722 1723
f 1723 1722 1759
f 1723 1759 1749
f 1749 1759 1760
f 1749 1760 1750
f 1750 1760 1761
f 1750 1761 1751
f 1751 1761 1762
f 1751 1762 1752
f 1752 1762 1763
f 1752 1763 1753
f 1753 1763 1764
f 1753 1764 1754
f 1754 1764 1765
f 1754 1765 1755
f 1755 1765 1766
f 1755 1766 1756
f 1756 1766 1767
f 1756 1767 1757
f 1757 1767 1768
f 1757 1768 1758
f 1758 1768 1447
f 1758 1447 1450
f 1445 1710 1722
f 1722 1710 1709
f 1722 1709 1759
f 1759 1709 1712
f 1759 1712 1760
f 1760 1712 1711
f 1760 1711 1761
f 1761 1711 1713
f 1761 1713 1762
f 1762 1713 1714
f 1762 1714 1763
f 1763 1714 1715
f 1763 1715 1764
f 1764 1715 1716
f 1764 1716 1765
f 1765 1716 1717
f 1765 1717 1766
f 1766 1717 1718
f 1766 1718 1767
f 1767 1718 1719
f 1767 1719 1768
f 1768 1719 1431
f 1768 1431 1447
f 1769 1770 1499
f 1771 1772 1499
f 1771 1499 1773
f 1774 1773 1499
f 1775 1774 1499
f 1776 1775 1499
f 1777 1776 1499
f 1778 1777 1499
f 1779 1778 1499
f 1585 1394 1780
f 1507 1779 1499
f 1781 1522 1303
f 1515 1513 1770
f 1770 1513 1499
f 1772 1769 1499
f 1567 1515 1782
f 1545 1567 1783
f 1403 1545 1401
f 1401 1545 1784
f 1401 1784 1400
f 1400 1784 1785
f 1400 1785 1398
f 1398 1785 1397
f 1397 1785 1786
f 1397 1786 1395
f 1585 1780 1583
f 1787 1576 1788
f 1788 1576 1688
f 1303 1572 1781
f 1781 1572 1571
f 1781 1571 1789
f 1789 1571 1569
f 1789 1569 1787
f 1787 1569 1568
f 1787 1568 1576
f 1583 1780 1790
f 1790 1780 1791
f 1790 1791 1792
f 1792 1791 1793
f 1792 1793 1794
f 1794 1793 1795
f 1794 1795 1796
f 1796 1795 1788
f 1796 1788 1797
f 1797 1788 1688
f 1797 1688 1687
f 1395 1786 1394
f 1394 1786 1798
f 1394 1798 1780
f 1780 1798 1799
f 1780 1799 1791
f 1791 1799 1800
f 1791 1800 1793
f 1793 1800 1801
f 1793 1801 1795
f 1795 1801 1802
f 1795 1802 1788
f 1788 1802 1803
f 1788 1803 1787
f 1787 1803 1804
f 1787 1804 1789
f 1789 1804 1805
f 1789 1805 1781
f 1781 1805 1519
f 1781 1519 1522
f 1545 1783 1784
f 1784 1783 1806
f 1784 1806 1785
f 1785 1806 1807
f 1785 1807 1786
f 1786 1807 1808
f 1786 1808 1798
f 1798 1808 1809
f 1798 1809 1799
f 1799 1809 1810
f 1799 1810 1800
f 1800 1810 1811
f 1800 1811 1801
f 1801 1811 1812
f 1801 1812 1802
f 1802 1812 1813
f 1802 1813 1803
f 1803 1813 1814
f 1803 1814 1804
f 1804 1814 1815
f 1804 1815 1805
f 1805 1815 1520
f 1805 1520 1519
f 1567 1782 1783
f 1783 1782 1816
f 1783 1816 1806
f 1806 1816 1817
f 1806 1817 1807
f 1807 1817 1818
f 1807 1818 1808
f 1808 1818 1819
f 1808 1819 1809
f 1809 1819 1820
f 1809 1820 1810
f 1810 1820 1821
f 1810 1821 1811
f 1811 1821 1822
f 1811 1822 1812
f 1812 1822 1823
f 1812 1823 1813
f 1813 1823 1824
f 1813 1824 1814
f 1814 1824 1825
f 1814 1825 1815
f 1815 1825 1517
f 1815 1517 1520
f 1515 1770 1782
f 1782 1770 1769
f 1782 1769 1816
f 1816 1769 1772
f 1816 1772 1817
f 1817 1772 1771
f 1817 1771 1818
f 1818 1771 1773
f 1818 1773 1819
f 1819 1773 1774
f 1819 1774 1820
f 1820 1774 1775
f 1820 1775 1821
f 1821 1775 1776
f 1821 1776 1822
f 1822 1776 1777
f 1822 1777 1823
f 1823 1777 1778
f 1823 1778 1824
f 1824 1778 1779
f 1824 1779 1825
f 1825 1779 1507
f 1825 1507 1517
f 1590 1632 1826
f 1827 1828 1829
f 1830 1831 1828
f 1828 1831 1832
f 1828 1832 1829
f 1601 1833 1830
f 1830 1833 1834
f 1830 1834 1831
f 1632 1631 1830
f 1830 1631 1630
f 1830 1630 1601
f 1590 1826 1591
f 1593 1591 1731
f 1731 1591 1835
f 1731 1835 1729
f 1729 1835 1728
f 1728 1835 1836
f 1728 1836 1726
f 1726 1836 1724
f 1724 1836 1837
f 1724 1837 1473
f 1473 1837 1442
f 1442 1837 1838
f 1442 1838 1440
f 1440 1838 1439
f 1439 1838 1839
f 1439 1839 1437
f 1437 1839 1434
f 1434 1839 1840
f 1434 1840 1435
f 1841 1842 1843
f 1843 1842 1844
f 1845 1846 1844
f 1844 1846 1847
f 1844 1847 1843
f 1829 1848 1827
f 1827 1848 1849
f 1827 1849 1845
f 1845 1849 1850
f 1845 1850 1846
f 1632 1830 1826
f 1826 1830 1828
f 1826 1828 1851
f 1851 1828 1827
f 1851 1827 1852
f 1852 1827 1845
f 1852 1845 1853
f 1853 1845 1844
f 1853 1844 1854
f 1854 1844 1842
f 1854 1842 1855
f 1591 1826 1835
f 1835 1826 1851
f 1835 1851 1836
f 1836 1851 1852
f 1836 1852 1837
f 1837 1852 1853
f 1837 1853 1838
f 1838 1853 1854
f 1838 1854 1839
f 1839 1854 1855
f 1839 1855 1840
f 1856 1857 1858
f 1859 1860 1861
f 1859 1862 1860
f 1860 1862 1863
f 1860 1863 1861
f 1861 1863 1864
f 1865 1866 1867
f 1867 1866 1868
f 1869 1536 1544
f 1870 1871 1528
f 1528 1871 1872
f 1528 1872 1524
f 1873 1874 1875
f 1876 1877 1878
f 1859 1879 1880
f 1880 1879 1881
f 1880 1881 1882
f 1882 1881 1883
f 1882 1883 1884
f 1884 1883 1885
f 1884 1885 1886
f 1886 1885 1876
f 1886 1876 1887
f 1887 1876 1878
f 1888 1864 1889
f 1889 1864 1863
f 1889 1863 1890
f 1890 1863 1862
f 1890 1862 1891
f 1891 1862 1859
f 1892 1888 1893
f 1893 1888 1889
f 1893 1889 1894
f 1894 1889 1890
f 1894 1890 1895
f 1895 1890 1891
f 1895 1891 1896
f 1896 1891 1859
f 1857 1865 1858
f 1858 1865 1867
f 1858 1867 1897
f 1544 1898 1869
f 1869 1898 1856
f 1869 1856 1899
f 1899 1856 1858
f 1899 1858 1900
f 1900 1858 1897
f 1900 1897 1901
f 1874 1871 1875
f 1875 1871 1870
f 1875 1870 1902
f 1902 1870 1903
f 1902 1903 1904
f 1904 1903 1905
f 1904 1905 1906
f 1906 1905 1907
f 1906 1907 1908
f 1908 1909 1906
f 1906 1909 1910
f 1906 1910 1904
f 1904 1910 1911
f 1904 1911 1902
f 1902 1911 1912
f 1902 1912 1875
f 1875 1912 1913
f 1875 1913 1873
f 1878 1873 1887
f 1887 1873 1913
f 1887 1913 1886
f 1886 1913 1912
f 1886 1912 1884
f 1884 1912 1911
f 1884 1911 1882
f 1882 1911 1910
f 1882 1910 1880
f 1880 1910 1909
f 1880 1909 1859
f 1908 1859 1909
f 1907 1914 1908
f 1908 1914 1859
f 1534 1536 1915
f 1915 1536 1869
f 1915 1869 1916
f 1916 1869 1899
f 1916 1899 1917
f 1917 1899 1900
f 1917 1900 1918
f 1918 1900 1901
f 1918 1901 1919
f 1919 1920 1918
f 1918 1920 1921
f 1918 1921 1917
f 1917 1921 1922
f 1917 1922 1916
f 1916 1922 1923
f 1916 1923 1915
f 1915 1923 1924
f 1915 1924 1534
f 1534 1924 1532
f 1530 1532 1925
f 1925 1532 1924
f 1925 1924 1926
f 1926 1924 1923
f 1926 1923 1927
f 1927 1923 1922
f 1927 1922 1928
f 1928 1922 1921
f 1928 1921 1929
f 1929 1921 1920
f 1929 1920 1859
f 1919 1859 1920
f 1930 1892 1868
f 1868 1892 1893
f 1868 1893 1867
f 1867 1893 1894
f 1867 1894 1897
f 1897 1894 1895
f 1897 1895 1901
f 1901 1895 1896
f 1901 1896 1919
f 1919 1896 1859
f 1528 1530 1870
f 1870 1530 1925
f 1870 1925 1903
f 1903 1925 1926
f 1903 1926 1905
f 1905 1926 1927
f 1905 1927 1907
f 1907 1927 1928
f 1907 1928 1914
f 1914 1928 1929
f 1914 1929 1859
f 1931 1932 1933
f 1934 1584 1583
f 1629 1628 1935
f 1935 1628 1936
f 1935 1936 1937
f 1937 1936 1938
f 1937 1938 1939
f 1939 1938 1940
f 1941 1942 1943
f 1943 1942 1944
f 1943 1944 1945
f 1945 1944 1946
f 1945 1946 1947
f 1941 1943 1948
f 1948 1943 1949
f 1948 1949 1950
f 1951 1952 1953
f 1953 1952 1954
f 1953 1954 1933
f 1933 1954 1955
f 1933 1955 1931
f 1956 1957 1958
f 1958 1959 1956
f 1956 1959 1960
f 1956 1960 1961
f 1961 1960 1962
f 1963 1964 1965
f 1965 1964 1966
f 1964 1967 1966
f 1966 1967 1968
f 1966 1968 1969
f 1970 1971 1972
f 1972 1971 1973
f 1972 1973 1974
f 1974 1973 1975
f 1974 1975 1976
f 1977 1978 1979
f 1979 1978 1972
f 1972 1978 1980
f 1972 1980 1970
f 1947 1981 1945
f 1945 1981 1982
f 1945 1982 1938
f 1938 1982 1983
f 1938 1983 1940
f 1932 1984 1933
f 1933 1984 1985
f 1933 1985 1949
f 1949 1985 1986
f 1949 1986 1950
f 1962 1987 1961
f 1961 1987 1988
f 1961 1988 1989
f 1989 1988 1990
f 1989 1990 1953
f 1953 1990 1991
f 1953 1991 1951
f 1992 1993 1956
f 1956 1993 1994
f 1956 1994 1957
f 1969 1995 1966
f 1966 1995 1996
f 1966 1996 1992
f 1992 1996 1997
f 1992 1997 1993
f 1976 1998 1974
f 1974 1998 1999
f 1974 1999 1965
f 1965 1999 2000
f 1965 2000 1963
f 1583 2001 1934
f 1934 2001 2002
f 1934 2002 2003
f 2003 2002 2004
f 2003 2004 1979
f 1979 2004 2005
f 1979 2005 1977
f 1639 1602 2006
f 2006 1602 2007
f 2007 1602 1607
f 2007 1607 2008
f 2006 2009 1639
f 1639 2009 2010
f 1639 2010 1613
f 2008 1607 2011
f 2011 1607 1635
f 2011 1635 2012
f 2012 1635 1597
f 2012 1597 2013
f 1933 1949 2014
f 2013 1597 2015
f 2015 1597 1599
f 2015 1599 2016
f 1618 2017 1620
f 1620 2017 2018
f 1620 2018 1625
f 2010 2019 1613
f 1613 2019 2020
f 1613 2020 1611
f 1611 2020 2021
f 1611 2021 1618
f 1618 2021 2022
f 1618 2022 2017
f 1953 2023 1989
f 1989 2023 2024
f 1989 2024 1961
f 2014 1949 2025
f 2025 1949 1943
f 2025 1943 2026
f 2026 1943 2027
f 2027 1943 1945
f 2027 1945 2028
f 2028 1945 1938
f 2028 1938 2029
f 2016 1599 2030
f 2030 1599 1592
f 2030 1592 2031
f 2031 1592 1589
f 2031 1589 2032
f 2032 1589 2033
f 2033 1589 1582
f 2033 1582 2034
f 2034 1582 1587
f 2034 1587 2035
f 2014 2036 1933
f 1933 2036 2037
f 1933 2037 1953
f 1953 2037 2038
f 1953 2038 2023
f 2039 1934 2040
f 2040 1934 2003
f 1979 2041 2003
f 2003 2041 2042
f 2003 2042 2040
f 1966 2043 1965
f 1965 2043 2044
f 1965 2044 1974
f 2024 2045 1961
f 1961 2045 2046
f 1961 2046 1956
f 1956 2046 2047
f 1956 2047 1992
f 2048 1627 2049
f 2049 1627 1649
f 2044 2050 1974
f 1974 2050 2051
f 1974 2051 1972
f 1972 2051 2052
f 1972 2052 1979
f 1979 2052 2053
f 1979 2053 2041
f 2047 2054 1992
f 1992 2054 2055
f 1992 2055 1966
f 1966 2055 2056
f 1966 2056 2043
f 2018 2057 1625
f 1625 2057 2058
f 1625 2058 1649
f 1649 2058 2059
f 1649 2059 2049
f 2035 1587 2060
f 2060 1587 1586
f 2060 1586 2039
f 2039 1586 1584
f 2039 1584 1934
f 2029 1938 2061
f 2061 1938 1936
f 2061 1936 2048
f 2048 1936 1628
f 2048 1628 1627
f 2062 2063 2064
f 2065 2063 2062
f 1647 1629 2066
f 2062 2067 2068
f 2062 2069 2070
f 2070 2069 2071
f 2070 2071 2072
f 2072 2071 2073
f 2072 2073 2074
f 2074 2073 2075
f 2074 2075 2076
f 2076 2075 2077
f 2076 2077 2078
f 2062 2079 2067
f 2067 2079 2080
f 2067 2080 2068
f 2068 2080 2081
f 2082 1690 2083
f 2083 1690 2084
f 2083 2084 2085
f 2085 2084 2086
f 2085 2086 2087
f 2088 1694 1692
f 1647 2066 1648
f 2089 2090 2091
f 2091 2090 1648
f 2091 1648 2092
f 2093 2081 2094
f 2094 2081 2080
f 2094 2080 2095
f 2095 2080 2079
f 2095 2079 2096
f 2096 2079 2062
f 2097 2098 2099
f 2099 2098 2064
f 2099 2064 2100
f 2100 2064 2063
f 2100 2063 2101
f 2101 2063 2065
f 2101 2065 2102
f 2103 2093 2104
f 2104 2093 2094
f 2104 2094 2105
f 2105 2094 2095
f 2105 2095 2106
f 2106 2095 2096
f 2106 2096 2107
f 2107 2096 2062
f 2108 2097 2109
f 2109 2097 2099
f 2109 2099 2110
f 2110 2099 2100
f 2110 2100 2111
f 2111 2100 2101
f 2111 2101 2112
f 2112 2101 2102
f 2112 2102 2113
f 2114 2103 2115
f 2115 2103 2104
f 2115 2104 2116
f 2116 2104 2105
f 2116 2105 2117
f 2117 2105 2106
f 2117 2106 2118
f 2118 2106 2107
f 2118 2107 2119
f 2119 2107 2062
f 2120 2108 2121
f 2121 2108 2109
f 2121 2109 2122
f 2122 2109 2110
f 2122 2110 2123
f 2123 2110 2111
f 2123 2111 2124
f 2124 2111 2112
f 2124 2112 2092
f 2092 2112 2113
f 2092 2113 2091
f 2125 2089 2126
f 2126 2089 2091
f 2126 2091 2127
f 2127 2091 2113
f 2127 2113 2128
f 2128 2113 2102
f 2128 2102 2129
f 2129 2102 2065
f 2129 2065 2062
f 2078 2125 2076
f 2076 2125 2126
f 2076 2126 2074
f 2074 2126 2127
f 2074 2127 2072
f 2072 2127 2128
f 2072 2128 2070
f 2070 2128 2129
f 2070 2129 2062
f 1648 2130 2092
f 2092 2130 2131
f 2092 2131 2124
f 2124 2131 2132
f 2124 2132 2123
f 2123 2132 2133
f 2123 2133 2122
f 2122 2133 2082
f 2122 2082 2121
f 2121 2082 2083
f 2121 2083 2120
f 2120 2083 2085
f 1648 2066 2130
f 2130 2066 2134
f 2130 2134 2131
f 2131 2134 2135
f 2131 2135 2132
f 2132 2135 2136
f 2132 2136 2133
f 2133 2136 2088
f 2133 2088 2082
f 2082 2088 1692
f 2082 1692 1690
f 2098 2062 2064
f 2137 2114 2087
f 2087 2114 2115
f 2087 2115 2085
f 2085 2115 2116
f 2085 2116 2120
f 2120 2116 2117
f 2120 2117 2108
f 2108 2117 2118
f 2108 2118 2097
f 2097 2118 2119
f 2097 2119 2098
f 2098 2119 2062
f 2138 2139 2140
f 2138 2140 2141
f 2142 2141 2140
f 2143 2142 2140
f 2144 2143 2140
f 2145 2144 2140
f 2146 2145 2140
f 2147 2146 2140
f 2140 2148 2149
f 2140 2150 2151
f 2151 2150 2152
f 2147 2140 2151
f 2153 2154 2155
f 2156 2157 2154
f 2158 2157 2159
f 2159 2157 2156
f 2159 2156 2160
f 2161 2162 2160
f 2160 2162 2163
f 2160 2163 2159
f 1626 1624 2164
f 2164 1624 1623
f 2164 1623 2161
f 2161 1623 2165
f 2161 2165 2162
f 1626 2164 2166
f 2166 2164 2167
f 2166 2167 2168
f 2168 2167 2169
f 2168 2169 2170
f 2170 2169 2171
f 2170 2171 2172
f 2172 2171 2173
f 2172 2173 2174
f 2174 2173 1660
f 2174 1660 1659
f 2175 2176 2177
f 2177 2176 2178
f 2177 2178 2179
f 2179 2178 2180
f 2179 2180 2181
f 2181 2180 1654
f 2181 1654 2173
f 2173 1654 1653
f 2173 1653 1660
f 2161 2182 2164
f 2164 2182 2183
f 2164 2183 2167
f 2167 2183 2184
f 2167 2184 2169
f 2169 2184 2185
f 2169 2185 2171
f 2171 2185 2186
f 2171 2186 2173
f 2173 2186 2187
f 2173 2187 2181
f 2181 2187 2188
f 2181 2188 2179
f 2179 2188 2189
f 2179 2189 2177
f 2177 2189 2190
f 2177 2190 2175
f 2154 2153 2156
f 2156 2153 2191
f 2156 2191 2160
f 2160 2191 2192
f 2160 2192 2161
f 2161 2192 2193
f 2161 2193 2182
f 2182 2193 2194
f 2182 2194 2183
f 2183 2194 2195
f 2183 2195 2184
f 2184 2195 2196
f 2184 2196 2185
f 2185 2196 2197
f 2185 2197 2186
f 2186 2197 2198
f 2186 2198 2187
f 2187 2198 2199
f 2187 2199 2188
f 2188 2199 2200
f 2188 2200 2189
f 2189 2200 2201
f 2189 2201 2190
f 2155 2202 2153
f 2153 2202 2203
f 2153 2203 2191
f 2191 2203 2204
f 2191 2204 2192
f 2192 2204 2205
f 2192 2205 2193
f 2193 2205 2206
f 2193 2206 2194
f 2194 2206 2207
f 2194 2207 2195
f 2195 2207 2208
f 2195 2208 2196
f 2196 2208 2209
f 2196 2209 2197
f 2197 2209 2210
f 2197 2210 2198
f 2198 2210 2211
f 2198 2211 2199
f 2199 2211 2212
f 2199 2212 2200
f 2200 2212 2213
f 2200 2213 2201
f 2202 2139 2203
f 2203 2139 2138
f 2203 2138 2204
f 2204 2138 2141
f 2204 2141 2205
f 2205 2141 2142
f 2205 2142 2206
f 2206 2142 2143
f 2206 2143 2207
f 2207 2143 2144
f 2207 2144 2208
f 2208 2144 2145
f 2208 2145 2209
f 2209 2145 2146
f 2209 2146 2210
f 2210 2146 2147
f 2210 2147 2211
f 2211 2147 2151
f 2211 2151 2212
f 2212 2151 2152
f 2212 2152 2213
f 2155 2149 2202
f 2202 2149 2148
f 2202 2148 2139
f 2139 2148 2140
f 2214 2215 2216
f 2217 2218 2219
f 2220 2221 2222
f 2223 2224 2220
f 2225 2226 2227
f 2224 2223 2228
f 2228 2223 2229
f 2228 2229 2230
f 2230 2229 2231
f 2230 2231 2227
f 2227 2231 2232
f 2227 2232 2225
f 2220 2233 2221
f 2221 2233 2234
f 2221 2234 2222
f 2222 2234 2235
f 2236 2237 2238
f 2238 2237 2239
f 2174 1659 1656
f 2174 1656 2240
f 2241 1619 2242
f 2242 1619 1621
f 2242 1621 2166
f 2166 1621 1622
f 2166 1622 1626
f 2243 2235 2244
f 2244 2235 2234
f 2244 2234 2245
f 2245 2234 2233
f 2245 2233 2246
f 2246 2233 2220
f 2247 2243 2248
f 2248 2243 2244
f 2248 2244 2249
f 2249 2244 2245
f 2249 2245 2250
f 2250 2245 2246
f 2250 2246 2251
f 2251 2246 2220
f 2218 1619 2219
f 2219 1619 2241
f 2219 2241 2252
f 2252 2241 2253
f 2252 2253 2254
f 2254 2253 2255
f 2254 2255 2256
f 2256 2257 2254
f 2254 2257 2258
f 2254 2258 2252
f 2252 2258 2259
f 2252 2259 2219
f 2219 2259 2216
f 2219 2216 2217
f 2217 2216 2215
f 2226 2214 2227
f 2227 2214 2216
f 2227 2216 2230
f 2230 2216 2259
f 2230 2259 2228
f 2228 2259 2258
f 2228 2258 2224
f 2224 2258 2257
f 2224 2257 2220
f 2256 2220 2257
f 2255 2260 2256
f 2256 2260 2220
f 2261 2238 2262
f 2262 2238 2239
f 2262 2239 2263
f 2263 2239 2264
f 2263 2264 2265
f 1657 2236 2266
f 2266 2236 2238
f 2266 2238 2267
f 2267 2238 2261
f 2267 2261 2268
f 1656 1657 2240
f 2240 1657 2266
f 2240 2266 2269
f 2269 2266 2267
f 2269 2267 2270
f 2270 2267 2268
f 2270 2268 2271
f 2172 2174 2272
f 2272 2174 2240
f 2272 2240 2273
f 2273 2240 2269
f 2273 2269 2274
f 2274 2269 2270
f 2274 2270 2275
f 2275 2270 2271
f 2275 2271 2276
f 2276 2277 2275
f 2275 2277 2278
f 2275 2278 2274
f 2274 2278 2279
f 2274 2279 2273
f 2273 2279 2280
f 2273 2280 2272
f 2272 2280 2281
f 2272 2281 2172
f 2172 2281 2170
f 2168 2170 2282
f 2282 2170 2281
f 2282 2281 2283
f 2283 2281 2280
f 2283 2280 2284
f 2284 2280 2279
f 2284 2279 2285
f 2285 2279 2278
f 2285 2278 2286
f 2286 2278 2277
f 2286 2277 2220
f 2276 2220 2277
f 2263 2247 2262
f 2262 2247 2248
f 2262 2248 2261
f 2261 2248 2249
f 2261 2249 2268
f 2268 2249 2250
f 2268 2250 2271
f 2271 2250 2251
f 2271 2251 2276
f 2276 2251 2220
f 2166 2168 2242
f 2242 2168 2282
f 2242 2282 2241
f 2241 2282 2283
f 2241 2283 2253
f 2253 2283 2284
f 2253 2284 2255
f 2255 2284 2285
f 2255 2285 2260
f 2260 2285 2286
f 2260 2286 2220
f 1609 1646 2287
f 1644 1617 2288
f 2289 2214 2226
f 2289 2226 2290
f 2214 2289 2215
f 2215 2289 2288
f 2215 2288 2217
f 2217 2288 2218
f 2218 2288 1617
f 2218 1617 1619
f 2291 1645 1644
f 1645 2291 1646
f 1610 1609 2292
f 2292 1609 2287
f 2292 2287 2293
f 2293 2287 2294
f 2294 2287 2295
f 2294 2295 2296
f 2296 2295 2297
f 2297 2295 2298
f 2297 2298 2299
f 2299 2298 2300
f 2300 2298 2301
f 2300 2301 2302
f 2302 2301 2303
f 2303 2301 2304
f 2303 2304 2305
f 2305 2304 2306
f 2306 2304 2307
f 2306 2307 2308
f 2309 2310 2311
f 2311 2310 2312
f 2313 2314 2312
f 2312 2314 2315
f 2312 2315 2311
f 2226 2225 2290
f 2290 2225 2316
f 2290 2316 2313
f 2313 2316 2317
f 2313 2317 2314
f 1644 2288 2291
f 2291 2288 2289
f 2291 2289 2318
f 2318 2289 2290
f 2318 2290 2319
f 2319 2290 2313
f 2319 2313 2320
f 2320 2313 2312
f 2320 2312 2321
f 2321 2312 2310
f 2321 2310 2322
f 1646 2291 2287
f 2287 2291 2318
f 2287 2318 2295
f 2295 2318 2319
f 2295 2319 2298
f 2298 2319 2320
f 2298 2320 2301
f 2301 2320 2321
f 2301 2321 2304
f 2304 2321 2322
f 2304 2322 2307
f 2323 2324 2325
f 2323 2325 2326
f 2327 2326 2325
f 2328 2327 2325
f 2329 2328 2325
f 2330 2329 2325
f 2331 2330 2325
f 2332 2331 2325
f 2325 2333 2334
f 2325 2335 2336
f 2336 2335 2337
f 2332 2325 2336
f 2338 2339 2340
f 2341 2342 2339
f 2299 2342 2297
f 2297 2342 2341
f 2297 2341 2296
f 2296 2341 2343
f 2344 2293 2343
f 2343 2293 2294
f 2343 2294 2296
f 1614 1612 2345
f 2345 1612 1610
f 2345 1610 2344
f 2344 1610 2292
f 2344 2292 2293
f 2346 1667 2347
f 2347 1667 1666
f 1614 2345 2348
f 2348 2345 2349
f 2348 2349 2350
f 2350 2349 2351
f 2350 2351 2352
f 2352 2351 2353
f 2352 2353 2354
f 2354 2353 2347
f 2354 2347 2355
f 2355 2347 1666
f 2355 1666 1664
f 2356 2357 2358
f 2358 2357 2359
f 2358 2359 2360
f 2360 2359 2361
f 2360 2361 2346
f 2346 2361 2362
f 2346 2362 1667
f 2344 2363 2345
f 2345 2363 2364
f 2345 2364 2349
f 2349 2364 2365
f 2349 2365 2351
f 2351 2365 2366
f 2351 2366 2353
f 2353 2366 2367
f 2353 2367 2347
f 2347 2367 2368
f 2347 2368 2346
f 2346 2368 2369
f 2346 2369 2360
f 2360 2369 2370
f 2360 2370 2358
f 2358 2370 2371
f 2358 2371 2356
f 2339 2338 2341
f 2341 2338 2372
f 2341 2372 2343
f 2343 2372 2373
f 2343 2373 2344
f 2344 2373 2374
f 2344 2374 2363
f 2363 2374 2375
f 2363 2375 2364
f 2364 2375 2376
f 2364 2376 2365
f 2365 2376 2377
f 2365 2377 2366
f 2366 2377 2378
f 2366 2378 2367
f 2367 2378 2379
f 2367 2379 2368
f 2368 2379 2380
f 2368 2380 2369
f 2369 2380 2381
f 2369 2381 2370
f 2370 2381 2382
f 2370 2382 2371
f 2340 2383 2338
f 2338 2383 2384
f 2338 2384 2372
f 2372 2384 2385
f 2372 2385 2373
f 2373 2385 2386
f 2373 2386 2374
f 2374 2386 2387
f 2374 2387 2375
f 2375 2387 2388
f 2375 2388 2376
f 2376 2388 2389
f 2376 2389 2377
f 2377 2389 2390
f 2377 2390 2378
f 2378 2390 2391
f 2378 2391 2379
f 2379 2391 2392
f 2379 2392 2380
f 2380 2392 2393
f 2380 2393 2381
f 2381 2393 2394
f 2381 2394 2382
f 2383 2324 2384
f 2384 2324 2323
f 2384 2323 2385
f 2385 2323 2326
f 2385 2326 2386
f 2386 2326 2327
f 2386 2327 2387
f 2387 2327 2328
f 2387 2328 2388
f 2388 2328 2329
f 2388 2329 2389
f 2389 2329 2330
f 2389 2330 2390
f 2390 2330 2331
f 2390 2331 2391
f 2391 2331 2332
f 2391 2332 2392
f 2392 2332 2336
f 2392 2336 2393
f 2393 2336 2337
f 2393 2337 2394
f 2340 2334 2383
f 2383 2334 2333
f 2383 2333 2324
f 2324 2333 2325
f 2395 2396 2397
f 2397 2396 2398
f 2399 2400 2401
f 2402 2403 2404
f 1616 2405 2406
f 2407 2408 2409
f 2410 2398 2396
f 2411 2412 2398
f 2413 2414 2415
f 2412 2411 2416
f 2416 2411 2417
f 2416 2417 2418
f 2418 2417 2419
f 2418 2419 2415
f 2415 2419 2420
f 2415 2420 2413
f 2410 2396 2421
f 2421 2396 2395
f 2421 2395 2422
f 2423 2424 2425
f 2424 2426 2425
f 2425 2426 2427
f 2425 2427 2428
f 2355 1664 1662
f 2355 1662 2429
f 2405 1616 2348
f 2348 1616 1615
f 2348 1615 1614
f 2430 2422 2431
f 2431 2422 2395
f 2431 2395 2432
f 2432 2395 2397
f 2432 2397 2433
f 2433 2397 2398
f 2403 1616 2404
f 2404 1616 2406
f 2404 2406 2434
f 2434 2406 2435
f 2434 2435 2436
f 2436 2435 2437
f 2436 2437 2438
f 2438 2439 2436
f 2436 2439 2440
f 2436 2440 2434
f 2434 2440 2441
f 2434 2441 2404
f 2404 2441 2401
f 2404 2401 2402
f 2402 2401 2400
f 2414 2399 2415
f 2415 2399 2401
f 2415 2401 2418
f 2418 2401 2441
f 2418 2441 2416
f 2416 2441 2440
f 2416 2440 2412
f 2412 2440 2439
f 2412 2439 2398
f 2438 2398 2439
f 2437 2442 2438
f 2438 2442 2398
f 2408 2426 2409
f 2409 2426 2424
f 2409 2424 2443
f 2443 2424 2423
f 2443 2423 2444
f 1661 2407 2445
f 2445 2407 2409
f 2445 2409 2446
f 2446 2409 2443
f 2446 2443 2447
f 2447 2443 2444
f 2447 2444 2448
f 1662 1661 2429
f 2429 1661 2445
f 2429 2445 2449
f 2449 2445 2446
f 2449 2446 2450
f 2450 2446 2447
f 2450 2447 2451
f 2451 2447 2448
f 2451 2448 2452
f 2452 2453 2451
f 2451 2453 2454
f 2451 2454 2450
f 2450 2454 2455
f 2450 2455 2449
f 2449 2455 2456
f 2449 2456 2429
f 2429 2456 2457
f 2429 2457 2355
f 2355 2457 2354
f 2352 2354 2458
f 2458 2354 2457
f 2458 2457 2459
f 2459 2457 2456
f 2459 2456 2460
f 2460 2456 2455
f 2460 2455 2461
f 2461 2455 2454
f 2461 2454 2462
f 2462 2454 2453
f 2462 2453 2398
f 2452 2398 2453
f 2425 2430 2423
f 2423 2430 2431
f 2423 2431 2444
f 2444 2431 2432
f 2444 2432 2448
f 2448 2432 2433
f 2448 2433 2452
f 2452 2433 2398
f 2350 2352 2463
f 2463 2352 2458
f 2463 2458 2464
f 2464 2458 2459
f 2464 2459 2465
f 2465 2459 2460
f 2465 2460 2466
f 2466 2460 2461
f 2466 2461 2467
f 2467 2461 2462
f 2467 2462 2398
f 2348 2350 2405
f 2405 2350 2463
f 2405 2463 2406
f 2406 2463 2464
f 2406 2464 2435
f 2435 2464 2465
f 2435 2465 2437
f 2437 2465 2466
f 2437 2466 2442
f 2442 2466 2467
f 2442 2467 2398
f 1603 1638 2468
f 2469 2399 2414
f 2469 2414 2470
f 2399 2469 2400
f 2400 2469 2471
f 2400 2471 2402
f 1616 2403 1641
f 1641 2403 2402
f 1641 2402 1642
f 1642 2402 2471
f 1642 2471 1643
f 2472 1640 1643
f 1640 2472 1638
f 2473 1604 1603
f 2473 1603 2474
f 2474 1603 2468
f 2474 2468 2475
f 2475 2468 2476
f 2475 2476 2477
f 2477 2476 2478
f 2478 2476 2479
f 2478 2479 2480
f 2480 2479 2481
f 2481 2479 2482
f 2481 2482 2483
f 2483 2482 2484
f 2484 2482 2485
f 2484 2485 2486
f 2486 2485 2487
f 2487 2485 2488
f 2487 2488 2489
f 2490 2491 2492
f 2492 2491 2493
f 2494 2495 2493
f 2493 2495 2496
f 2493 2496 2492
f 2414 2413 2470
f 2470 2413 2497
f 2470 2497 2494
f 2494 2497 2498
f 2494 2498 2495
f 1643 2471 2472
f 2472 2471 2469
f 2472 2469 2499
f 2499 2469 2470
f 2499 2470 2500
f 2500 2470 2494
f 2500 2494 2501
f 2501 2494 2493
f 2501 2493 2502
f 2502 2493 2491
f 2502 2491 2503
f 1638 2472 2468
f 2468 2472 2499
f 2468 2499 2476
f 2476 2499 2500
f 2476 2500 2479
f 2479 2500 2501
f 2479 2501 2482
f 2482 2501 2502
f 2482 2502 2485
f 2485 2502 2503
f 2485 2503 2488
f 2504 2505 2506
f 2504 2506 2507
f 2508 2507 2506
f 2509 2508 2506
f 2510 2509 2506
f 2511 2510 2506
f 2512 2511 2506
f 2513 2512 2506
f 2506 2514 2515
f 2506 2516 2517
f 2517 2516 2518
f 2513 2506 2517
f 2519 2520 2521
f 2522 2523 2520
f 2480 2523 2478
f 2478 2523 2522
f 2478 2522 2477
f 2477 2522 2524
f 2525 2474 2524
f 2524 2474 2475
f 2524 2475 2477
f 1606 1605 2526
f 2526 1605 1604
f 2526 1604 2525
f 2525 1604 2473
f 2525 2473 2474
f 2527 1672 2528
f 2528 1672 1671
f 1606 2526 2529
f 2529 2526 2530
f 2529 2530 2531
f 2531 2530 2532
f 2531 2532 2533
f 2533 2532 2534
f 2533 2534 2535
f 2535 2534 2528
f 2535 2528 2536
f 2536 2528 1671
f 2536 1671 1670
f 2537 2538 2539
f 2539 2538 2540
f 2539 2540 2541
f 2541 2540 2542
f 2541 2542 2527
f 2527 2542 2543
f 2527 2543 1672
f 2525 2544 2526
f 2526 2544 2545
f 2526 2545 2530
f 2530 2545 2546
f 2530 2546 2532
f 2532 2546 2547
f 2532 2547 2534
f 2534 2547 2548
f 2534 2548 2528
f 2528 2548 2549
f 2528 2549 2527
f 2527 2549 2550
f 2527 2550 2541
f 2541 2550 2551
f 2541 2551 2539
f 2539 2551 2552
f 2539 2552 2537
f 2520 2519 2522
f 2522 2519 2553
f 2522 2553 2524
f 2524 2553 2554
f 2524 2554 2525
f 2525 2554 2555
f 2525 2555 2544
f 2544 2555 2556
f 2544 2556 2545
f 2545 2556 2557
f 2545 2557 2546
f 2546 2557 2558
f 2546 2558 2547
f 2547 2558 2559
f 2547 2559 2548
f 2548 2559 2560
f 2548 2560 2549
f 2549 2560 2561
f 2549 2561 2550
f 2550 2561 2562
f 2550 2562 2551
f 2551 2562 2563
f 2551 2563 2552
f 2521 2564 2519
f 2519 2564 2565
f 2519 2565 2553
f 2553 2565 2566
f 2553 2566 2554
f 2554 2566 2567
f 2554 2567 2555
f 2555 2567 2568
f 2555 2568 2556
f 2556 2568 2569
f 2556 2569 2557
f 2557 2569 2570
f 2557 2570 2558
f 2558 2570 2571
f 2558 2571 2559
f 2559 2571 2572
f 2559 2572 2560
f 2560 2572 2573
f 2560 2573 2561
f 2561 2573 2574
f 2561 2574 2562
f 2562 2574 2575
f 2562 2575 2563
f 2564 2505 2565
f 2565 2505 2504
f 2565 2504 2566
f 2566 2504 2507
f 2566 2507 2567
f 2567 2507 2508
f 2567 2508 2568
f 2568 2508 2509
f 2568 2509 2569
f 2569 2509 2510
f 2569 2510 2570
f 2570 2510 2511
f 2570 2511 2571
f 2571 2511 2512
f 2571 2512 2572
f 2572 2512 2513
f 2572 2513 2573
f 2573 2513 2517
f 2573 2517 2574
f 2574 2517 2518
f 2574 2518 2575
f 2521 2515 2564
f 2564 2515 2514
f 2564 2514 2505
f 2505 2514 2506
f 2576 2577 2578
f 2579 2577 2576
f 1608 1606 2529
f 2576 2580 2581
f 2582 2583 2576
f 2584 2585 2586
f 2583 2582 2587
f 2587 2582 2588
f 2587 2588 2589
f 2589 2588 2590
f 2589 2590 2586
f 2586 2590 2591
f 2586 2591 2584
f 2576 2592 2580
f 2580 2592 2593
f 2580 2593 2581
f 2581 2593 2594
f 2595 1704 2596
f 2596 1704 2597
f 2596 2597 2598
f 2598 2597 2599
f 2598 2599 2600
f 2536 1670 1705
f 1608 2529 1633
f 2601 2602 2603
f 2603 2602 1633
f 2603 1633 2604
f 2605 2594 2606
f 2606 2594 2593
f 2606 2593 2607
f 2607 2593 2592
f 2607 2592 2608
f 2608 2592 2576
f 2609 2610 2611
f 2611 2610 2578
f 2611 2578 2612
f 2612 2578 2577
f 2612 2577 2613
f 2613 2577 2579
f 2613 2579 2614
f 2615 2605 2616
f 2616 2605 2606
f 2616 2606 2617
f 2617 2606 2607
f 2617 2607 2618
f 2618 2607 2608
f 2618 2608 2619
f 2619 2608 2576
f 2620 2609 2621
f 2621 2609 2611
f 2621 2611 2622
f 2622 2611 2612
f 2622 2612 2623
f 2623 2612 2613
f 2623 2613 2624
f 2624 2613 2614
f 2624 2614 2625
f 2626 2615 2627
f 2627 2615 2616
f 2627 2616 2628
f 2628 2616 2617
f 2628 2617 2629
f 2629 2617 2618
f 2629 2618 2630
f 2630 2618 2619
f 2630 2619 2631
f 2631 2619 2576
f 2632 2620 2633
f 2633 2620 2621
f 2633 2621 2634
f 2634 2621 2622
f 2634 2622 2635
f 2635 2622 2623
f 2635 2623 2636
f 2636 2623 2624
f 2636 2624 2604
f 2604 2624 2625
f 2604 2625 2603
f 2637 2601 2638
f 2638 2601 2603
f 2638 2603 2639
f 2639 2603 2625
f 2639 2625 2640
f 2640 2625 2614
f 2640 2614 2641
f 2641 2614 2579
f 2641 2579 2576
f 2585 2637 2586
f 2586 2637 2638
f 2586 2638 2589
f 2589 2638 2639
f 2589 2639 2587
f 2587 2639 2640
f 2587 2640 2583
f 2583 2640 2641
f 2583 2641 2576
f 1633 2642 2604
f 2604 2642 2643
f 2604 2643 2636
f 2636 2643 2644
f 2636 2644 2635
f 2635 2644 2645
f 2635 2645 2634
f 2634 2645 2595
f 2634 2595 2633
f 2633 2595 2596
f 2633 2596 2632
f 2632 2596 2598
f 1633 2529 2642
f 2642 2529 2531
f 2642 2531 2643
f 2643 2531 2533
f 2643 2533 2644
f 2644 2533 2535
f 2644 2535 2645
f 2645 2535 2536
f 2645 2536 2595
f 2595 2536 1705
f 2595 1705 1704
f 2610 2576 2578
f 2646 2626 2600
f 2600 2626 2627
f 2600 2627 2598
f 2598 2627 2628
f 2598 2628 2632
f 2632 2628 2629
f 2632 2629 2620
f 2620 2629 2630
f 2620 2630 2609
f 2609 2630 2631
f 2609 2631 2610
f 2610 2631 2576
f 2647 2648 2649
f 2647 2649 2650
f 2651 2650 2649
f 2652 2651 2649
f 2653 2652 2649
f 2654 2653 2649
f 2655 2654 2649
f 2656 2655 2649
f 2649 2657 2658
f 2649 2659 2660
f 2660 2659 2661
f 2656 2649 2660
f 2662 2663 2664
f 2665 2666 2663
f 2667 2666 2668
f 2668 2666 2665
f 2668 2665 2669
f 2670 2671 2669
f 2669 2671 2672
f 2669 2672 2668
f 1598 1596 2673
f 2673 1596 1595
f 2673 1595 2670
f 2670 1595 2674
f 2670 2674 2671
f 1598 2673 2675
f 2675 2673 2676
f 2675 2676 2677
f 2677 2676 2678
f 2677 2678 2679
f 2679 2678 2680
f 2679 2680 2681
f 2681 2680 2682
f 2681 2682 2683
f 2684 2685 2686
f 2686 2685 2687
f 2686 2687 2688
f 2688 2687 2689
f 2688 2689 2690
f 2690 2689 1679
f 2690 1679 2682
f 2682 1679 1678
f 2682 1678 2683
f 2683 1678 1677
f 2670 2691 2673
f 2673 2691 2692
f 2673 2692 2676
f 2676 2692 2693
f 2676 2693 2678
f 2678 2693 2694
f 2678 2694 2680
f 2680 2694 2695
f 2680 2695 2682
f 2682 2695 2696
f 2682 2696 2690
f 2690 2696 2697
f 2690 2697 2688
f 2688 2697 2698
f 2688 2698 2686
f 2686 2698 2699
f 2686 2699 2684
f 2663 2662 2665
f 2665 2662 2700
f 2665 2700 2669
f 2669 2700 2701
f 2669 2701 2670
f 2670 2701 2702
f 2670 2702 2691
f 2691 2702 2703
f 2691 2703 2692
f 2692 2703 2704
f 2692 2704 2693
f 2693 2704 2705
f 2693 2705 2694
f 2694 2705 2706
f 2694 2706 2695
f 2695 2706 2707
f 2695 2707 2696
f 2696 2707 2708
f 2696 2708 2697
f 2697 2708 2709
f 2697 2709 2698
f 2698 2709 2710
f 2698 2710 2699
f 2664 2711 2662
f 2662 2711 2712
f 2662 2712 2700
f 2700 2712 2713
f 2700 2713 2701
f 2701 2713 2714
f 2701 2714 2702
f 2702 2714 2715
f 2702 2715 2703
f 2703 2715 2716
f 2703 2716 2704
f 2704 2716 2717
f 2704 2717 2705
f 2705 2717 2718
f 2705 2718 2706
f 2706 2718 2719
f 2706 2719 2707
f 2707 2719 2720
f 2707 2720 2708
f 2708 2720 2721
f 2708 2721 2709
f 2709 2721 2722
f 2709 2722 2710
f 2711 2648 2712
f 2712 2648 2647
f 2712 2647 2713
f 2713 2647 2650
f 2713 2650 2714
f 2714 2650 2651
f 2714 2651 2715
f 2715 2651 2652
f 2715 2652 2716
f 2716 2652 2653
f 2716 2653 2717
f 2717 2653 2654
f 2717 2654 2718
f 2718 2654 2655
f 2718 2655 2719
f 2719 2655 2656
f 2719 2656 2720
f 2720 2656 2660
f 2720 2660 2721
f 2721 2660 2661
f 2721 2661 2722
f 2664 2658 2711
f 2711 2658 2657
f 2711 2657 2648
f 2648 2657 2649
f 2723 2724 2725
f 2726 2724 2723
f 1832 1831 2727
f 1600 1598 2675
f 2723 2728 2729
f 2730 2731 2723
f 1848 1829 2732
f 2731 2730 2733
f 2733 2730 2734
f 2733 2734 2735
f 2735 2734 2736
f 2735 2736 2732
f 2732 2736 2737
f 2732 2737 1848
f 2723 2738 2728
f 2728 2738 2739
f 2728 2739 2729
f 2729 2739 2740
f 2741 1708 2742
f 2742 1708 2743
f 2742 2743 2744
f 2744 2743 2745
f 2744 2745 2746
f 2683 1677 1676
f 1600 2675 1601
f 1834 1833 2747
f 2747 1833 1601
f 2747 1601 2748
f 2749 2740 2750
f 2750 2740 2739
f 2750 2739 2751
f 2751 2739 2738
f 2751 2738 2752
f 2752 2738 2723
f 2753 2754 2755
f 2755 2754 2725
f 2755 2725 2756
f 2756 2725 2724
f 2756 2724 2757
f 2757 2724 2726
f 2757 2726 2758
f 2759 2749 2760
f 2760 2749 2750
f 2760 2750 2761
f 2761 2750 2751
f 2761 2751 2762
f 2762 2751 2752
f 2762 2752 2763
f 2763 2752 2723
f 2764 2753 2765
f 2765 2753 2755
f 2765 2755 2766
f 2766 2755 2756
f 2766 2756 2767
f 2767 2756 2757
f 2767 2757 2768
f 2768 2757 2758
f 2768 2758 2769
f 2770 2759 2771
f 2771 2759 2760
f 2771 2760 2772
f 2772 2760 2761
f 2772 2761 2773
f 2773 2761 2762
f 2773 2762 2774
f 2774 2762 2763
f 2774 2763 2775
f 2775 2763 2723
f 2776 2764 2777
f 2777 2764 2765
f 2777 2765 2778
f 2778 2765 2766
f 2778 2766 2779
f 2779 2766 2767
f 2779 2767 2780
f 2780 2767 2768
f 2780 2768 2748
f 2748 2768 2769
f 2748 2769 2747
f 1831 1834 2727
f 2727 1834 2747
f 2727 2747 2781
f 2781 2747 2769
f 2781 2769 2782
f 2782 2769 2758
f 2782 2758 2783
f 2783 2758 2726
f 2783 2726 2723
f 1829 1832 2732
f 2732 1832 2727
f 2732 2727 2735
f 2735 2727 2781
f 2735 2781 2733
f 2733 2781 2782
f 2733 2782 2731
f 2731 2782 2783
f 2731 2783 2723
f 1601 2784 2748
f 2748 2784 2785
f 2748 2785 2780
f 2780 2785 2786
f 2780 2786 2779
f 2779 2786 2787
f 2779 2787 2778
f 2778 2787 2741
f 2778 2741 2777
f 2777 2741 2742
f 2777 2742 2776
f 2776 2742 2744
f 1601 2675 2784
f 2784 2675 2677
f 2784 2677 2785
f 2785 2677 2679
f 2785 2679 2786
f 2786 2679 2681
f 2786 2681 2787
f 2787 2681 2683
f 2787 2683 2741
f 2741 2683 1676
f 2741 1676 1708
f 2754 2723 2725
f 2788 2770 2746
f 2746 2770 2771
f 2746 2771 2744
f 2744 2771 2772
f 2744 2772 2776
f 2776 2772 2773
f 2776 2773 2764
f 2764 2773 2774
f 2764 2774 2753
f 2753 2774 2775
f 2753 2775 2754
f 2754 2775 2723
f 2362 2361 2789
f 2790 2791 2792
f 2792 2791 2793
f 2792 2793 2794
f 2794 2793 2795
f 2794 2795 2264
f 2264 2795 2265
f 2356 2791 2357
f 2357 2791 2790
f 2357 2790 2359
f 1667 2362 1695
f 1695 2362 2789
f 1695 2789 1696
f 1696 2789 2796
f 1696 2796 1697
f 1697 2796 2797
f 1657 1697 2236
f 2236 1697 2797
f 2236 2797 2237
f 2237 2797 2239
f 2361 2359 2789
f 2789 2359 2790
f 2789 2790 2796
f 2796 2790 2792
f 2796 2792 2797
f 2797 2792 2794
f 2797 2794 2239
f 2239 2794 2264
f 2543 2542 2798
f 2799 2800 2801
f 2801 2800 2802
f 2801 2802 2803
f 2803 2802 2804
f 2803 2804 2805
f 2805 2804 2806
f 2805 2806 2427
f 2427 2806 2428
f 2537 2800 2538
f 2538 2800 2799
f 2538 2799 2540
f 1672 2543 1673
f 1673 2543 2798
f 1673 2798 1698
f 1698 2798 2807
f 1698 2807 1699
f 1699 2807 2808
f 1699 2808 1700
f 1700 2808 2809
f 1661 1700 2407
f 2407 1700 2809
f 2407 2809 2408
f 2408 2809 2426
f 2542 2540 2798
f 2798 2540 2799
f 2798 2799 2807
f 2807 2799 2801
f 2807 2801 2808
f 2808 2801 2803
f 2808 2803 2809
f 2809 2803 2805
f 2809 2805 2426
f 2426 2805 2427
f 2810 2811 2812
f 2813 2814 2815
f 2813 2815 2816
f 2816 2815 2817
f 2816 2817 2818
f 2819 2820 2821
f 2821 2820 2822
f 2821 2822 2823
f 2824 2825 2826
f 2826 2827 2824
f 2824 2827 2828
f 2824 2828 2829
f 2830 2831 2832
f 2832 2831 2833
f 2833 2831 2834
f 2833 2834 2835
f 2836 2837 2838
f 2838 2837 2839
f 2838 2839 2832
f 2832 2839 2840
f 2832 2840 2830
f 2836 2838 2841
f 2841 2838 2842
f 2841 2842 2843
f 1693 1694 2842
f 2842 1694 2844
f 2842 2844 2843
f 1687 1686 2845
f 2845 1686 2846
f 2845 2846 2847
f 2847 2846 2848
f 2811 2849 2812
f 2812 2849 2850
f 2812 2850 2848
f 2848 2850 2851
f 2848 2851 2847
f 2818 2852 2816
f 2816 2852 2853
f 2816 2853 2854
f 2854 2853 2855
f 2854 2855 2812
f 2812 2855 2856
f 2812 2856 2810
f 2823 2857 2821
f 2821 2857 2858
f 2821 2858 2813
f 2813 2858 2859
f 2813 2859 2814
f 2829 2860 2824
f 2824 2860 2861
f 2824 2861 2862
f 2862 2861 2863
f 2862 2863 2819
f 2819 2863 2864
f 2819 2864 2820
f 2835 2865 2833
f 2833 2865 2866
f 2833 2866 2825
f 2825 2866 2867
f 2825 2867 2826
f 1652 2868 1658
f 1658 2868 2869
f 1658 2869 1665
f 1665 2869 2870
f 1665 2870 1663
f 1663 2870 2871
f 1663 2871 1668
f 1668 2871 2872
f 1668 2872 1669
f 2832 2873 2838
f 2838 2873 2874
f 2838 2874 2842
f 2842 2874 2875
f 2842 2875 1693
f 1693 2875 2876
f 1693 2876 1691
f 1691 2876 2877
f 1691 2877 1655
f 1655 2877 2878
f 1655 2878 1652
f 1652 2878 2879
f 1652 2879 2868
f 2872 2880 1669
f 1669 2880 2881
f 1669 2881 1703
f 1703 2881 2882
f 1703 2882 1674
f 1674 2882 2883
f 1674 2883 1675
f 1675 2883 2884
f 1675 2884 1681
f 1681 2884 2885
f 1681 2885 1680
f 2819 2886 2862
f 2862 2886 2887
f 2862 2887 2824
f 2824 2887 2888
f 2824 2888 2825
f 2825 2888 2889
f 2825 2889 2833
f 2833 2889 2890
f 2833 2890 2832
f 2832 2890 2891
f 2832 2891 2873
f 2885 2892 1680
f 1680 2892 2893
f 1680 2893 1684
f 1684 2893 2894
f 1684 2894 1685
f 1685 2894 2895
f 1685 2895 1686
f 1686 2895 2896
f 1686 2896 2846
f 2846 2896 2897
f 2846 2897 2848
f 2848 2897 2898
f 2848 2898 2812
f 2898 2899 2812
f 2812 2899 2900
f 2812 2900 2854
f 2854 2900 2901
f 2854 2901 2816
f 2816 2901 2902
f 2816 2902 2813
f 2813 2902 2903
f 2813 2903 2821
f 2821 2903 2904
f 2821 2904 2819
f 2819 2904 2905
f 2819 2905 2886
f 1859 2906 2907
f 2908 2906 1859
f 2001 1583 1790
f 1881 1879 2909
f 1861 2910 1859
f 1930 2911 2912
f 2910 1861 2913
f 2913 1861 1864
f 2913 1864 2914
f 2914 1864 1888
f 2914 1888 2912
f 2912 1888 1892
f 2912 1892 1930
f 1883 1881 2915
f 2915 1881 2909
f 2915 2909 2916
f 2916 2909 1859
f 2917 2847 2918
f 2918 2847 2919
f 2918 2919 2920
f 2920 2919 2921
f 2920 2921 2922
f 1797 1687 2845
f 2001 1790 2002
f 2923 2924 2925
f 2925 2924 2002
f 2925 2002 2926
f 1885 1883 2927
f 2927 1883 2915
f 2927 2915 2928
f 2928 2915 2916
f 2928 2916 2929
f 2929 2916 1859
f 2930 2931 2932
f 2932 2931 2907
f 2932 2907 2933
f 2933 2907 2906
f 2933 2906 2934
f 2934 2906 2908
f 2934 2908 2935
f 1876 1885 2936
f 2936 1885 2927
f 2936 2927 2937
f 2937 2927 2928
f 2937 2928 2938
f 2938 2928 2929
f 2938 2929 2939
f 2939 2929 1859
f 2940 2930 2941
f 2941 2930 2932
f 2941 2932 2942
f 2942 2932 2933
f 2942 2933 2943
f 2943 2933 2934
f 2943 2934 2944
f 2944 2934 2935
f 2944 2935 2945
f 1859 2946 2939
f 2939 2946 2947
f 2939 2947 2938
f 2938 2947 2948
f 2938 2948 2937
f 2937 2948 2949
f 2937 2949 2936
f 2936 2949 2950
f 2936 2950 1876
f 1879 1859 2909
f 2951 2940 2952
f 2952 2940 2941
f 2952 2941 2953
f 2953 2941 2942
f 2953 2942 2954
f 2954 2942 2943
f 2954 2943 2955
f 2955 2943 2944
f 2955 2944 2926
f 2926 2944 2945
f 2926 2945 2925
f 2956 2923 2957
f 2957 2923 2925
f 2957 2925 2958
f 2958 2925 2945
f 2958 2945 2959
f 2959 2945 2935
f 2959 2935 2960
f 2960 2935 2908
f 2960 2908 1859
f 2911 2956 2912
f 2912 2956 2957
f 2912 2957 2914
f 2914 2957 2958
f 2914 2958 2913
f 2913 2958 2959
f 2913 2959 2910
f 2910 2959 2960
f 2910 2960 1859
f 2002 2961 2926
f 2926 2961 2962
f 2926 2962 2955
f 2955 2962 2963
f 2955 2963 2954
f 2954 2963 2964
f 2954 2964 2953
f 2953 2964 2917
f 2953 2917 2952
f 2952 2917 2918
f 2952 2918 2951
f 2951 2918 2920
f 2002 1790 2961
f 2961 1790 1792
f 2961 1792 2962
f 2962 1792 1794
f 2962 1794 2963
f 2963 1794 1796
f 2963 1796 2964
f 2964 1796 1797
f 2964 1797 2917
f 2917 1797 2845
f 2917 2845 2847
f 2931 1859 2907
f 1877 1876 2922
f 2922 1876 2950
f 2922 2950 2920
f 2920 2950 2949
f 2920 2949 2951
f 2951 2949 2948
f 2951 2948 2940
f 2940 2948 2947
f 2940 2947 2930
f 2930 2947 2946
f 2930 2946 2931
f 2931 2946 1859
f 2965 2966 2967
f 2967 2966 2723
f 1841 1843 2968
f 1847 1846 2969
f 2730 2723 2966
f 2730 2966 2734
f 2734 2966 2965
f 2734 2965 2736
f 2970 2971 2737
f 1848 2737 1849
f 1849 2737 2971
f 1849 2971 1850
f 2972 2973 2974
f 2975 2976 2977
f 2977 2976 2978
f 2977 2978 2979
f 2980 2981 2982
f 2788 2983 2770
f 2770 2983 2984
f 2770 2984 2759
f 2759 2984 2985
f 2759 2985 2749
f 2749 2985 2986
f 2749 2986 2740
f 2740 2986 2987
f 2740 2987 2729
f 2729 2987 2988
f 2729 2988 2723
f 1846 1850 2969
f 2969 1850 2971
f 2969 2971 2989
f 2989 2971 2970
f 2989 2970 2990
f 1843 1847 2968
f 2968 1847 2969
f 2968 2969 2991
f 2991 2969 2989
f 2991 2989 2992
f 2992 2989 2990
f 2992 2990 2993
f 2993 2994 2992
f 2992 2994 2995
f 2992 2995 2991
f 2991 2995 2996
f 2991 2996 2968
f 2968 2996 2997
f 2968 2997 1841
f 1841 2997 2972
f 1841 2972 2998
f 2998 2972 2974
f 2981 2976 2982
f 2982 2976 2975
f 2982 2975 2999
f 2999 2975 3000
f 2999 3000 3001
f 3001 3000 3002
f 3001 3002 3003
f 3003 3002 3004
f 3003 3004 3005
f 3005 3006 3003
f 3003 3006 3007
f 3003 3007 3001
f 3001 3007 3008
f 3001 3008 2999
f 2999 3008 3009
f 2999 3009 2982
f 2982 3009 3010
f 2982 3010 2980
f 2983 2980 2984
f 2984 2980 3010
f 2984 3010 2985
f 2985 3010 3009
f 2985 3009 2986
f 2986 3009 3008
f 2986 3008 2987
f 2987 3008 3007
f 2987 3007 2988
f 2988 3007 3006
f 2988 3006 2723
f 3005 2723 3006
f 3004 3011 3005
f 3005 3011 2723
f 3012 2973 3013
f 3013 2973 2972
f 3013 2972 3014
f 3014 2972 2997
f 3014 2997 3015
f 3015 2997 2996
f 3015 2996 3016
f 3016 2996 2995
f 3016 2995 3017
f 3017 2995 2994
f 3017 2994 2723
f 2993 2723 2994
f 2737 2736 2970
f 2970 2736 2965
f 2970 2965 2990
f 2990 2965 2967
f 2990 2967 2993
f 2993 2967 2723
f 3018 3012 3019
f 3019 3012 3013
f 3019 3013 3020
f 3020 3013 3014
f 3020 3014 3021
f 3021 3014 3015
f 3021 3015 3022
f 3022 3015 3016
f 3022 3016 3023
f 3023 3016 3017
f 3023 3017 2723
f 3024 3018 3025
f 3025 3018 3019
f 3025 3019 3026
f 3026 3019 3020
f 3026 3020 3027
f 3027 3020 3021
f 3027 3021 3028
f 3028 3021 3022
f 3028 3022 3029
f 3029 3022 3023
f 3029 3023 2723
f 2977 3024 2975
f 2975 3024 3025
f 2975 3025 3000
f 3000 3025 3026
f 3000 3026 3002
f 3002 3026 3027
f 3002 3027 3004
f 3004 3027 3028
f 3004 3028 3011
f 3011 3028 3029
f 3011 3029 2723
f 3030 3031 3032
f 3030 3032 3033
f 3034 3033 3032
f 3035 3034 3032
f 3036 3035 3032
f 3037 3036 3032
f 3038 3037 3032
f 3039 3038 3032
f 3032 3040 3041
f 3032 3042 3043
f 3043 3042 3044
f 3039 3032 3043
f 3045 3046 3047
f 3048 3049 3046
f 3050 3049 3051
f 3051 3049 3048
f 3051 3048 3052
f 3053 3054 3052
f 3052 3054 3055
f 3052 3055 3051
f 1980 1978 3056
f 3056 1978 1977
f 3056 1977 3053
f 3053 1977 3057
f 3053 3057 3054
f 1980 3056 3058
f 3058 3056 3059
f 3058 3059 3060
f 3060 3059 3061
f 3060 3061 3062
f 3062 3061 3063
f 3062 3063 3064
f 3064 3063 3065
f 3064 3065 3066
f 3066 3065 2811
f 3066 2811 2810
f 3067 3068 3069
f 3069 3068 3070
f 3069 3070 3071
f 3071 3070 3072
f 3071 3072 3073
f 3073 3072 2850
f 3073 2850 3065
f 3065 2850 2849
f 3065 2849 2811
f 3053 3074 3056
f 3056 3074 3075
f 3056 3075 3059
f 3059 3075 3076
f 3059 3076 3061
f 3061 3076 3077
f 3061 3077 3063
f 3063 3077 3078
f 3063 3078 3065
f 3065 3078 3079
f 3065 3079 3073
f 3073 3079 3080
f 3073 3080 3071
f 3071 3080 3081
f 3071 3081 3069
f 3069 3081 3082
f 3069 3082 3067
f 3046 3045 3048
f 3048 3045 3083
f 3048 3083 3052
f 3052 3083 3084
f 3052 3084 3053
f 3053 3084 3085
f 3053 3085 3074
f 3074 3085 3086
f 3074 3086 3075
f 3075 3086 3087
f 3075 3087 3076
f 3076 3087 3088
f 3076 3088 3077
f 3077 3088 3089
f 3077 3089 3078
f 3078 3089 3090
f 3078 3090 3079
f 3079 3090 3091
f 3079 3091 3080
f 3080 3091 3092
f 3080 3092 3081
f 3081 3092 3093
f 3081 3093 3082
f 3047 3094 3045
f 3045 3094 3095
f 3045 3095 3083
f 3083 3095 3096
f 3083 3096 3084
f 3084 3096 3097
f 3084 3097 3085
f 3085 3097 3098
f 3085 3098 3086
f 3086 3098 3099
f 3086 3099 3087
f 3087 3099 3100
f 3087 3100 3088
f 3088 3100 3101
f 3088 3101 3089
f 3089 3101 3102
f 3089 3102 3090
f 3090 3102 3103
f 3090 3103 3091
f 3091 3103 3104
f 3091 3104 3092
f 3092 3104 3105
f 3092 3105 3093
f 3094 3031 3095
f 3095 3031 3030
f 3095 3030 3096
f 3096 3030 3033
f 3096 3033 3097
f 3097 3033 3034
f 3097 3034 3098
f 3098 3034 3035
f 3098 3035 3099
f 3099 3035 3036
f 3099 3036 3100
f 3100 3036 3037
f 3100 3037 3101
f 3101 3037 3038
f 3101 3038 3102
f 3102 3038 3039
f 3102 3039 3103
f 3103 3039 3043
f 3103 3043 3104
f 3104 3043 3044
f 3104 3044 3105
f 3047 3041 3094
f 3094 3041 3040
f 3094 3040 3031
f 3031 3040 3032
f 3106 3107 3108
f 3109 3107 3106
f 3110 3111 3112
f 1970 1980 3058
f 3106 3113 3114
f 3115 3116 3106
f 3117 3118 3119
f 3116 3115 3120
f 3120 3115 3121
f 3120 3121 3122
f 3122 3121 3123
f 3122 3123 3119
f 3119 3123 3124
f 3119 3124 3117
f 3106 3125 3113
f 3113 3125 3126
f 3113 3126 3114
f 3114 3126 3127
f 3128 2855 3129
f 3129 2855 3130
f 3129 3130 3131
f 3131 3130 3132
f 3131 3132 3133
f 3066 2810 2856
f 1970 3058 1971
f 3134 3135 3136
f 3136 3135 1973
f 3136 1973 3137
f 3138 3127 3139
f 3139 3127 3126
f 3139 3126 3140
f 3140 3126 3125
f 3140 3125 3141
f 3141 3125 3106
f 3142 3143 3144
f 3144 3143 3108
f 3144 3108 3145
f 3145 3108 3107
f 3145 3107 3146
f 3146 3107 3109
f 3146 3109 3147
f 3148 3138 3149
f 3149 3138 3139
f 3149 3139 3150
f 3150 3139 3140
f 3150 3140 3151
f 3151 3140 3141
f 3151 3141 3152
f 3152 3141 3106
f 3153 3142 3154
f 3154 3142 3144
f 3154 3144 3155
f 3155 3144 3145
f 3155 3145 3156
f 3156 3145 3146
f 3156 3146 3157
f 3157 3146 3147
f 3157 3147 3158
f 3159 3148 3160
f 3160 3148 3149
f 3160 3149 3161
f 3161 3149 3150
f 3161 3150 3162
f 3162 3150 3151
f 3162 3151 3163
f 3163 3151 3152
f 3163 3152 3164
f 3164 3152 3106
f 3165 3153 3166
f 3166 3153 3154
f 3166 3154 3167
f 3167 3154 3155
f 3167 3155 3168
f 3168 3155 3156
f 3168 3156 3169
f 3169 3156 3157
f 3169 3157 3137
f 3137 3157 3158
f 3137 3158 3136
f 3111 3134 3112
f 3112 3134 3136
f 3112 3136 3170
f 3170 3136 3158
f 3170 3158 3171
f 3171 3158 3147
f 3171 3147 3172
f 3172 3147 3109
f 3172 3109 3106
f 3118 3110 3119
f 3119 3110 3112
f 3119 3112 3122
f 3122 3112 3170
f 3122 3170 3120
f 3120 3170 3171
f 3120 3171 3116
f 3116 3171 3172
f 3116 3172 3106
f 3131 3165 3129
f 3129 3165 3166
f 3129 3166 3128
f 3128 3166 3167
f 3128 3167 3173
f 3173 3167 3168
f 3173 3168 3174
f 3174 3168 3169
f 3174 3169 3175
f 3175 3169 3137
f 3175 3137 3176
f 3176 3137 1973
f 3176 1973 1971
f 1971 3058 3176
f 3176 3058 3060
f 3176 3060 3175
f 3175 3060 3062
f 3175 3062 3174
f 3174 3062 3064
f 3174 3064 3173
f 3173 3064 3066
f 3173 3066 3128
f 3128 3066 2856
f 3128 2856 2855
f 3143 3106 3108
f 3177 3159 3133
f 3133 3159 3160
f 3133 3160 3131
f 3131 3160 3161
f 3131 3161 3165
f 3165 3161 3162
f 3165 3162 3153
f 3153 3162 3163
f 3153 3163 3142
f 3142 3163 3164
f 3142 3164 3143
f 3143 3164 3106
f 2000 1999 3178
f 1976 1975 3179
f 3180 3110 3118
f 3180 3118 3181
f 3110 3180 3111
f 3111 3180 3179
f 3111 3179 3134
f 3134 3179 3135
f 3135 3179 1975
f 3135 1975 1973
f 3182 1998 1976
f 1998 3182 1999
f 1963 2000 3183
f 3183 2000 3178
f 3183 3178 3184
f 3184 3178 3185
f 3185 3178 3186
f 3185 3186 3187
f 3187 3186 3188
f 3188 3186 3189
f 3188 3189 3190
f 3190 3189 3191
f 3191 3189 3192
f 3191 3192 3193
f 3193 3192 3194
f 3194 3192 3195
f 3194 3195 3196
f 3196 3195 3197
f 3197 3195 3198
f 3197 3198 3199
f 3200 3201 3202
f 3202 3201 3203
f 3204 3205 3203
f 3203 3205 3206
f 3203 3206 3202
f 3118 3117 3181
f 3181 3117 3207
f 3181 3207 3204
f 3204 3207 3208
f 3204 3208 3205
f 1976 3179 3182
f 3182 3179 3180
f 3182 3180 3209
f 3209 3180 3181
f 3209 3181 3210
f 3210 3181 3204
f 3210 3204 3211
f 3211 3204 3203
f 3211 3203 3212
f 3212 3203 3201
f 3212 3201 3213
f 1999 3182 3178
f 3178 3182 3209
f 3178 3209 3186
f 3186 3209 3210
f 3186 3210 3189
f 3189 3210 3211
f 3189 3211 3192
f 3192 3211 3212
f 3192 3212 3195
f 3195 3212 3213
f 3195 3213 3198
f 3214 3215 3216
f 3214 3216 3217
f 3218 3217 3216
f 3219 3218 3216
f 3220 3219 3216
f 3221 3220 3216
f 3222 3221 3216
f 3223 3222 3216
f 3216 3224 3225
f 3216 3226 3227
f 3227 3226 3228
f 3223 3216 3227
f 3229 3230 3231
f 3232 3233 3230
f 3190 3233 3188
f 3188 3233 3232
f 3188 3232 3187
f 3187 3232 3234
f 3235 3184 3234
f 3234 3184 3185
f 3234 3185 3187
f 1967 1964 3236
f 3236 1964 1963
f 3236 1963 3235
f 3235 1963 3183
f 3235 3183 3184
f 1967 3236 3237
f 3237 3236 3238
f 3237 3238 3239
f 3239 3238 3240
f 3239 3240 3241
f 3241 3240 3242
f 3241 3242 3243
f 3243 3242 3244
f 3243 3244 3245
f 3246 3247 3248
f 3248 3247 3249
f 3248 3249 3250
f 3250 3249 3251
f 3250 3251 3252
f 3252 3251 2818
f 3252 2818 3244
f 3244 2818 2817
f 3244 2817 3245
f 3245 2817 2815
f 3235 3253 3236
f 3236 3253 3254
f 3236 3254 3238
f 3238 3254 3255
f 3238 3255 3240
f 3240 3255 3256
f 3240 3256 3242
f 3242 3256 3257
f 3242 3257 3244
f 3244 3257 3258
f 3244 3258 3252
f 3252 3258 3259
f 3252 3259 3250
f 3250 3259 3260
f 3250 3260 3248
f 3248 3260 3261
f 3248 3261 3246
f 3230 3229 3232
f 3232 3229 3262
f 3232 3262 3234
f 3234 3262 3263
f 3234 3263 3235
f 3235 3263 3264
f 3235 3264 3253
f 3253 3264 3265
f 3253 3265 3254
f 3254 3265 3266
f 3254 3266 3255
f 3255 3266 3267
f 3255 3267 3256
f 3256 3267 3268
f 3256 3268 3257
f 3257 3268 3269
f 3257 3269 3258
f 3258 3269 3270
f 3258 3270 3259
f 3259 3270 3271
f 3259 3271 3260
f 3260 3271 3272
f 3260 3272 3261
f 3231 3273 3229
f 3229 3273 3274
f 3229 3274 3262
f 3262 3274 3275
f 3262 3275 3263
f 3263 3275 3276
f 3263 3276 3264
f 3264 3276 3277
f 3264 3277 3265
f 3265 3277 3278
f 3265 3278 3266
f 3266 3278 3279
f 3266 3279 3267
f 3267 3279 3280
f 3267 3280 3268
f 3268 3280 3281
f 3268 3281 3269
f 3269 3281 3282
f 3269 3282 3270
f 3270 3282 3283
f 3270 3283 3271
f 3271 3283 3284
f 3271 3284 3272
f 3273 3215 3274
f 3274 3215 3214
f 3274 3214 3275
f 3275 3214 3217
f 3275 3217 3276
f 3276 3217 3218
f 3276 3218 3277
f 3277 3218 3219
f 3277 3219 3278
f 3278 3219 3220
f 3278 3220 3279
f 3279 3220 3221
f 3279 3221 3280
f 3280 3221 3222
f 3280 3222 3281
f 3281 3222 3223
f 3281 3223 3282
f 3282 3223 3227
f 3282 3227 3283
f 3283 3227 3228
f 3283 3228 3284
f 3231 3225 3273
f 3273 3225 3224
f 3273 3224 3215
f 3215 3224 3216
f 3285 3286 3287
f 3288 3286 3285
f 3289 3290 3291
f 1968 1967 3237
f 3292 3293 3294
f 3295 3296 3285
f 3297 3298 3299
f 3296 3295 3300
f 3300 3295 3301
f 3300 3301 3302
f 3302 3301 3303
f 3302 3303 3299
f 3299 3303 3304
f 3299 3304 3297
f 3305 3292 3306
f 3306 3292 3294
f 3306 3294 3307
f 3307 3294 3285
f 3308 2859 3309
f 3309 2859 3310
f 3309 3310 3311
f 3311 3310 3312
f 3311 3312 3313
f 3245 2815 2814
f 1968 3237 1969
f 3314 3315 3316
f 3316 3315 1969
f 3316 1969 3317
f 3318 3305 3319
f 3319 3305 3306
f 3319 3306 3320
f 3320 3306 3307
f 3320 3307 3321
f 3321 3307 3285
f 3322 3323 3324
f 3324 3323 3287
f 3324 3287 3325
f 3325 3287 3286
f 3325 3286 3326
f 3326 3286 3288
f 3326 3288 3327
f 3328 3318 3329
f 3329 3318 3319
f 3329 3319 3330
f 3330 3319 3320
f 3330 3320 3331
f 3331 3320 3321
f 3331 3321 3332
f 3332 3321 3285
f 3333 3322 3334
f 3334 3322 3324
f 3334 3324 3335
f 3335 3324 3325
f 3335 3325 3336
f 3336 3325 3326
f 3336 3326 3337
f 3337 3326 3327
f 3337 3327 3338
f 3285 3339 3332
f 3332 3339 3340
f 3332 3340 3331
f 3331 3340 3341
f 3331 3341 3330
f 3330 3341 3342
f 3330 3342 3329
f 3329 3342 3343
f 3329 3343 3328
f 3293 3285 3294
f 3344 3333 3345
f 3345 3333 3334
f 3345 3334 3346
f 3346 3334 3335
f 3346 3335 3347
f 3347 3335 3336
f 3347 3336 3348
f 3348 3336 3337
f 3348 3337 3317
f 3317 3337 3338
f 3317 3338 3316
f 3290 3314 3291
f 3291 3314 3316
f 3291 3316 3349
f 3349 3316 3338
f 3349 3338 3350
f 3350 3338 3327
f 3350 3327 3351
f 3351 3327 3288
f 3351 3288 3285
f 3298 3289 3299
f 3299 3289 3291
f 3299 3291 3302
f 3302 3291 3349
f 3302 3349 3300
f 3300 3349 3350
f 3300 3350 3296
f 3296 3350 3351
f 3296 3351 3285
f 1969 3352 3317
f 3317 3352 3353
f 3317 3353 3348
f 3348 3353 3354
f 3348 3354 3347
f 3347 3354 3355
f 3347 3355 3346
f 3346 3355 3308
f 3346 3308 3345
f 3345 3308 3309
f 3345 3309 3344
f 3344 3309 3311
f 1969 3237 3352
f 3352 3237 3239
f 3352 3239 3353
f 3353 3239 3241
f 3353 3241 3354
f 3354 3241 3243
f 3354 3243 3355
f 3355 3243 3245
f 3355 3245 3308
f 3308 3245 2814
f 3308 2814 2859
f 3323 3285 3287
f 3356 3328 3313
f 3313 3328 3343
f 3313 3343 3311
f 3311 3343 3342
f 3311 3342 3344
f 3344 3342 3341
f 3344 3341 3333
f 3333 3341 3340
f 3333 3340 3322
f 3322 3340 3339
f 3322 3339 3323
f 3323 3339 3285
f 1957 1994 3357
f 3358 3359 3360
f 3358 3360 3361
f 3359 3358 3362
f 3362 3358 3363
f 3362 3363 3364
f 3364 3363 3365
f 3365 3363 3366
f 3365 3366 3367
f 3368 3369 3370
f 3370 3369 3371
f 3370 3371 3372
f 3372 3371 3373
f 3373 3371 3374
f 3373 3374 3375
f 3375 3374 3376
f 3376 3374 3377
f 3376 3377 3297
f 3297 3377 3298
f 3298 3377 3378
f 3298 3378 3289
f 3289 3378 3290
f 3290 3378 3379
f 3290 3379 3314
f 1969 3315 1995
f 1995 3315 3314
f 1995 3314 1996
f 1996 3314 3379
f 1996 3379 1997
f 3380 1993 1997
f 1993 3380 1994
f 3381 3382 3357
f 3357 3382 3383
f 3357 3383 1957
f 1957 3383 3384
f 1957 3384 1958
f 3360 3385 3361
f 3361 3385 3386
f 3361 3386 3381
f 3381 3386 3387
f 3381 3387 3382
f 1997 3379 3380
f 3380 3379 3378
f 3380 3378 3388
f 3388 3378 3377
f 3388 3377 3389
f 3389 3377 3374
f 3389 3374 3390
f 3390 3374 3371
f 3390 3371 3391
f 3391 3371 3369
f 3391 3369 3392
f 1994 3380 3357
f 3357 3380 3388
f 3357 3388 3381
f 3381 3388 3389
f 3381 3389 3361
f 3361 3389 3390
f 3361 3390 3358
f 3358 3390 3391
f 3358 3391 3363
f 3363 3391 3392
f 3363 3392 3366
f 3393 3394 3395
f 3393 3395 3396
f 3397 3396 3395
f 3398 3397 3395
f 3399 3398 3395
f 3400 3399 3395
f 3401 3400 3395
f 3402 3401 3395
f 3395 3403 3404
f 3395 3405 3406
f 3406 3405 3407
f 3402 3395 3406
f 3408 3409 3410
f 3411 3412 3409
f 3385 3412 3386
f 3386 3412 3411
f 3386 3411 3387
f 3387 3411 3413
f 3414 3383 3413
f 3413 3383 3382
f 3413 3382 3387
f 1960 1959 3415
f 3415 1959 1958
f 3415 1958 3414
f 3414 1958 3384
f 3414 3384 3383
f 1960 3415 3416
f 3416 3415 3417
f 3416 3417 3418
f 3418 3417 3419
f 3418 3419 3420
f 3420 3419 3421
f 3420 3421 3422
f 3422 3421 3423
f 3422 3423 3424
f 3425 3426 3427
f 3427 3426 3428
f 3427 3428 3429
f 3429 3428 3430
f 3429 3430 3431
f 3431 3430 2823
f 3431 2823 3423
f 3423 2823 2822
f 3423 2822 3424
f 3424 2822 2820
f 3414 3432 3415
f 3415 3432 3433
f 3415 3433 3417
f 3417 3433 3434
f 3417 3434 3419
f 3419 3434 3435
f 3419 3435 3421
f 3421 3435 3436
f 3421 3436 3423
f 3423 3436 3437
f 3423 3437 3431
f 3431 3437 3438
f 3431 3438 3429
f 3429 3438 3439
f 3429 3439 3427
f 3427 3439 3440
f 3427 3440 3425
f 3409 3408 3411
f 3411 3408 3441
f 3411 3441 3413
f 3413 3441 3442
f 3413 3442 3414
f 3414 3442 3443
f 3414 3443 3432
f 3432 3443 3444
f 3432 3444 3433
f 3433 3444 3445
f 3433 3445 3434
f 3434 3445 3446
f 3434 3446 3435
f 3435 3446 3447
f 3435 3447 3436
f 3436 3447 3448
f 3436 3448 3437
f 3437 3448 3449
f 3437 3449 3438
f 3438 3449 3450
f 3438 3450 3439
f 3439 3450 3451
f 3439 3451 3440
f 3410 3452 3408
f 3408 3452 3453
f 3408 3453 3441
f 3441 3453 3454
f 3441 3454 3442
f 3442 3454 3455
f 3442 3455 3443
f 3443 3455 3456
f 3443 3456 3444
f 3444 3456 3457
f 3444 3457 3445
f 3445 3457 3458
f 3445 3458 3446
f 3446 3458 3459
f 3446 3459 3447
f 3447 3459 3460
f 3447 3460 3448
f 3448 3460 3461
f 3448 3461 3449
f 3449 3461 3462
f 3449 3462 3450
f 3450 3462 3463
f 3450 3463 3451
f 3452 3394 3453
f 3453 3394 3393
f 3453 3393 3454
f 3454 3393 3396
f 3454 3396 3455
f 3455 3396 3397
f 3455 3397 3456
f 3456 3397 3398
f 3456 3398 3457
f 3457 3398 3399
f 3457 3399 3458
f 3458 3399 3400
f 3458 3400 3459
f 3459 3400 3401
f 3459 3401 3460
f 3460 3401 3402
f 3460 3402 3461
f 3461 3402 3406
f 3461 3406 3462
f 3462 3406 3407
f 3462 3407 3463
f 3410 3404 3452
f 3452 3404 3403
f 3452 3403 3394
f 3394 3403 3395
f 3464 3465 3466
f 3467 3465 3464
f 1962 1960 3416
f 3464 3468 3469
f 3464 3470 3471
f 3471 3470 3472
f 3471 3472 3473
f 3473 3472 3474
f 3473 3474 3475
f 3475 3474 3476
f 3475 3476 3477
f 3477 3476 3478
f 3477 3478 3479
f 3464 3480 3468
f 3468 3480 3481
f 3468 3481 3469
f 3469 3481 3482
f 3483 2863 3484
f 3484 2863 3485
f 3484 3485 3486
f 3486 3485 3487
f 3486 3487 3488
f 3424 2820 2864
f 1962 3416 1987
f 3489 3490 3491
f 3491 3490 1987
f 3491 1987 3492
f 3493 3482 3494
f 3494 3482 3481
f 3494 3481 3495
f 3495 3481 3480
f 3495 3480 3496
f 3496 3480 3464
f 3497 3498 3499
f 3499 3498 3466
f 3499 3466 3500
f 3500 3466 3465
f 3500 3465 3501
f 3501 3465 3467
f 3501 3467 3502
f 3503 3493 3504
f 3504 3493 3494
f 3504 3494 3505
f 3505 3494 3495
f 3505 3495 3506
f 3506 3495 3496
f 3506 3496 3507
f 3507 3496 3464
f 3508 3497 3509
f 3509 3497 3499
f 3509 3499 3510
f 3510 3499 3500
f 3510 3500 3511
f 3511 3500 3501
f 3511 3501 3512
f 3512 3501 3502
f 3512 3502 3513
f 3514 3503 3515
f 3515 3503 3504
f 3515 3504 3516
f 3516 3504 3505
f 3516 3505 3517
f 3517 3505 3506
f 3517 3506 3518
f 3518 3506 3507
f 3518 3507 3519
f 3519 3507 3464
f 3520 3508 3521
f 3521 3508 3509
f 3521 3509 3522
f 3522 3509 3510
f 3522 3510 3523
f 3523 3510 3511
f 3523 3511 3524
f 3524 3511 3512
f 3524 3512 3492
f 3492 3512 3513
f 3492 3513 3491
f 3525 3489 3526
f 3526 3489 3491
f 3526 3491 3527
f 3527 3491 3513
f 3527 3513 3528
f 3528 3513 3502
f 3528 3502 3529
f 3529 3502 3467
f 3529 3467 3464
f 3479 3525 3477
f 3477 3525 3526
f 3477 3526 3475
f 3475 3526 3527
f 3475 3527 3473
f 3473 3527 3528
f 3473 3528 3471
f 3471 3528 3529
f 3471 3529 3464
f 1987 3530 3492
f 3492 3530 3531
f 3492 3531 3524
f 3524 3531 3532
f 3524 3532 3523
f 3523 3532 3533
f 3523 3533 3522
f 3522 3533 3483
f 3522 3483 3521
f 3521 3483 3484
f 3521 3484 3520
f 3520 3484 3486
f 1987 3416 3530
f 3530 3416 3418
f 3530 3418 3531
f 3531 3418 3420
f 3531 3420 3532
f 3532 3420 3422
f 3532 3422 3533
f 3533 3422 3424
f 3533 3424 3483
f 3483 3424 2864
f 3483 2864 2863
f 3498 3464 3466
f 3534 3514 3488
f 3488 3514 3515
f 3488 3515 3486
f 3486 3515 3516
f 3486 3516 3520
f 3520 3516 3517
f 3520 3517 3508
f 3508 3517 3518
f 3508 3518 3497
f 3497 3518 3519
f 3497 3519 3498
f 3498 3519 3464
f 3535 3536 3537
f 3535 3537 3538
f 3539 3538 3537
f 3540 3539 3537
f 3541 3540 3537
f 3542 3541 3537
f 3543 3542 3537
f 3544 3543 3537
f 3537 3545 3546
f 3537 3547 3548
f 3548 3547 3549
f 3544 3537 3548
f 3550 3551 3552
f 3553 3554 3551
f 3555 3554 3556
f 3556 3554 3553
f 3556 3553 3557
f 3558 3559 3557
f 3557 3559 3560
f 3557 3560 3556
f 1954 1952 3561
f 3561 1952 1951
f 3561 1951 3558
f 3558 1951 3562
f 3558 3562 3559
f 1954 3561 3563
f 3563 3561 3564
f 3563 3564 3565
f 3565 3564 3566
f 3565 3566 3567
f 3567 3566 3568
f 3567 3568 3569
f 3569 3568 3570
f 3569 3570 3571
f 3572 3573 3574
f 3574 3573 3575
f 3574 3575 3576
f 3576 3575 3577
f 3576 3577 3578
f 3578 3577 2829
f 3578 2829 3570
f 3570 2829 2828
f 3570 2828 3571
f 3571 2828 2827
f 3558 3579 3561
f 3561 3579 3580
f 3561 3580 3564
f 3564 3580 3581
f 3564 3581 3566
f 3566 3581 3582
f 3566 3582 3568
f 3568 3582 3583
f 3568 3583 3570
f 3570 3583 3584
f 3570 3584 3578
f 3578 3584 3585
f 3578 3585 3576
f 3576 3585 3586
f 3576 3586 3574
f 3574 3586 3587
f 3574 3587 3572
f 3551 3550 3553
f 3553 3550 3588
f 3553 3588 3557
f 3557 3588 3589
f 3557 3589 3558
f 3558 3589 3590
f 3558 3590 3579
f 3579 3590 3591
f 3579 3591 3580
f 3580 3591 3592
f 3580 3592 3581
f 3581 3592 3593
f 3581 3593 3582
f 3582 3593 3594
f 3582 3594 3583
f 3583 3594 3595
f 3583 3595 3584
f 3584 3595 3596
f 3584 3596 3585
f 3585 3596 3597
f 3585 3597 3586
f 3586 3597 3598
f 3586 3598 3587
f 3552 3599 3550
f 3550 3599 3600
f 3550 3600 3588
f 3588 3600 3601
f 3588 3601 3589
f 3589 3601 3602
f 3589 3602 3590
f 3590 3602 3603
f 3590 3603 3591
f 3591 3603 3604
f 3591 3604 3592
f 3592 3604 3605
f 3592 3605 3593
f 3593 3605 3606
f 3593 3606 3594
f 3594 3606 3607
f 3594 3607 3595
f 3595 3607 3608
f 3595 3608 3596
f 3596 3608 3609
f 3596 3609 3597
f 3597 3609 3610
f 3597 3610 3598
f 3599 3536 3600
f 3600 3536 3535
f 3600 3535 3601
f 3601 3535 3538
f 3601 3538 3602
f 3602 3538 3539
f 3602 3539 3603
f 3603 3539 3540
f 3603 3540 3604
f 3604 3540 3541
f 3604 3541 3605
f 3605 3541 3542
f 3605 3542 3606
f 3606 3542 3543
f 3606 3543 3607
f 3607 3543 3544
f 3607 3544 3608
f 3608 3544 3548
f 3608 3548 3609
f 3609 3548 3549
f 3609 3549 3610
f 3552 3546 3599
f 3599 3546 3545
f 3599 3545 3536
f 3536 3545 3537
f 3611 3612 3613
f 3614 3612 3611
f 3615 3616 3617
f 1955 1954 3563
f 3611 3618 3619
f 3620 3621 3611
f 3622 3623 3624
f 3621 3620 3625
f 3625 3620 3626
f 3625 3626 3627
f 3627 3626 3628
f 3627 3628 3624
f 3624 3628 3629
f 3624 3629 3622
f 3611 3630 3618
f 3618 3630 3631
f 3618 3631 3619
f 3619 3631 3632
f 3633 2867 3634
f 3634 2867 3635
f 3634 3635 3636
f 3636 3635 3637
f 3636 3637 3638
f 3571 2827 2826
f 1955 3563 1931
f 3639 3640 3641
f 3641 3640 1931
f 3641 1931 3642
f 3643 3632 3644
f 3644 3632 3631
f 3644 3631 3645
f 3645 3631 3630
f 3645 3630 3646
f 3646 3630 3611
f 3647 3648 3649
f 3649 3648 3613
f 3649 3613 3650
f 3650 3613 3612
f 3650 3612 3651
f 3651 3612 3614
f 3651 3614 3652
f 3653 3643 3654
f 3654 3643 3644
f 3654 3644 3655
f 3655 3644 3645
f 3655 3645 3656
f 3656 3645 3646
f 3656 3646 3657
f 3657 3646 3611
f 3658 3647 3659
f 3659 3647 3649
f 3659 3649 3660
f 3660 3649 3650
f 3660 3650 3661
f 3661 3650 3651
f 3661 3651 3662
f 3662 3651 3652
f 3662 3652 3663
f 3664 3653 3665
f 3665 3653 3654
f 3665 3654 3666
f 3666 3654 3655
f 3666 3655 3667
f 3667 3655 3656
f 3667 3656 3668
f 3668 3656 3657
f 3668 3657 3669
f 3669 3657 3611
f 3670 3658 3671
f 3671 3658 3659
f 3671 3659 3672
f 3672 3659 3660
f 3672 3660 3673
f 3673 3660 3661
f 3673 3661 3674
f 3674 3661 3662
f 3674 3662 3642
f 3642 3662 3663
f 3642 3663 3641
f 3616 3639 3617
f 3617 3639 3641
f 3617 3641 3675
f 3675 3641 3663
f 3675 3663 3676
f 3676 3663 3652
f 3676 3652 3677
f 3677 3652 3614
f 3677 3614 3611
f 3623 3615 3624
f 3624 3615 3617
f 3624 3617 3627
f 3627 3617 3675
f 3627 3675 3625
f 3625 3675 3676
f 3625 3676 3621
f 3621 3676 3677
f 3621 3677 3611
f 1931 3678 3642
f 3642 3678 3679
f 3642 3679 3674
f 3674 3679 3680
f 3674 3680 3673
f 3673 3680 3681
f 3673 3681 3672
f 3672 3681 3633
f 3672 3633 3671
f 3671 3633 3634
f 3671 3634 3670
f 3670 3634 3636
f 1931 3563 3678
f 3678 3563 3565
f 3678 3565 3679
f 3679 3565 3567
f 3679 3567 3680
f 3680 3567 3569
f 3680 3569 3681
f 3681 3569 3571
f 3681 3571 3633
f 3633 3571 2826
f 3633 2826 2867
f 3648 3611 3613
f 3682 3664 3638
f 3638 3664 3665
f 3638 3665 3636
f 3636 3665 3666
f 3636 3666 3670
f 3670 3666 3667
f 3670 3667 3658
f 3658 3667 3668
f 3658 3668 3647
f 3647 3668 3669
f 3647 3669 3648
f 3648 3669 3611
f 1986 1985 3683
f 3684 3685 3623
f 3686 3616 3685
f 3685 3616 3615
f 3685 3615 3623
f 1931 3640 3686
f 3686 3640 3639
f 3686 3639 3616
f 1985 1984 3686
f 3686 1984 1932
f 3686 1932 1931
f 1986 3683 1950
f 1948 1950 3687
f 3687 1950 3688
f 3687 3688 3689
f 3689 3688 3690
f 3690 3688 3691
f 3690 3691 3692
f 3692 3691 3693
f 3693 3691 3694
f 3693 3694 3695
f 3695 3694 3696
f 3696 3694 3697
f 3696 3697 3698
f 3698 3697 3699
f 3699 3697 3700
f 3699 3700 3701
f 3701 3700 3702
f 3702 3700 3703
f 3702 3703 3704
f 3705 3706 3707
f 3707 3706 3708
f 3709 3710 3708
f 3708 3710 3711
f 3708 3711 3707
f 3623 3622 3684
f 3684 3622 3712
f 3684 3712 3709
f 3709 3712 3713
f 3709 3713 3710
f 1985 3686 3683
f 3683 3686 3685
f 3683 3685 3714
f 3714 3685 3684
f 3714 3684 3715
f 3715 3684 3709
f 3715 3709 3716
f 3716 3709 3708
f 3716 3708 3717
f 3717 3708 3706
f 3717 3706 3718
f 1950 3683 3688
f 3688 3683 3714
f 3688 3714 3691
f 3691 3714 3715
f 3691 3715 3694
f 3694 3715 3716
f 3694 3716 3697
f 3697 3716 3717
f 3697 3717 3700
f 3700 3717 3718
f 3700 3718 3703
f 3719 3720 3721
f 3719 3721 3722
f 3723 3722 3721
f 3724 3723 3721
f 3725 3724 3721
f 3726 3725 3721
f 3727 3726 3721
f 1942 1941 3728
f 3721 3729 3730
f 3731 3729 3721
f 3720 3731 3721
f 3721 3732 3733
f 3733 3732 3734
f 3727 3721 3733
f 3735 3736 3730
f 3737 3738 3736
f 3739 3740 3738
f 3695 3740 3693
f 3693 3740 3739
f 3693 3739 3692
f 3692 3739 3741
f 3692 3741 3690
f 3690 3741 3689
f 3689 3741 3742
f 3689 3742 3687
f 3687 3742 1948
f 1948 3742 3743
f 1948 3743 1941
f 1942 3728 1944
f 1944 3728 3744
f 3744 3728 3745
f 3744 3745 3746
f 3746 3745 3747
f 3746 3747 3748
f 3748 3747 3749
f 3748 3749 3750
f 3750 3749 3751
f 3750 3751 3752
f 3753 3754 3755
f 3755 3754 3756
f 3755 3756 3757
f 3757 3756 3758
f 3757 3758 3759
f 3759 3758 2835
f 3759 2835 3751
f 3751 2835 2834
f 3751 2834 3752
f 3752 2834 2831
f 1941 3743 3728
f 3728 3743 3760
f 3728 3760 3745
f 3745 3760 3761
f 3745 3761 3747
f 3747 3761 3762
f 3747 3762 3749
f 3749 3762 3763
f 3749 3763 3751
f 3751 3763 3764
f 3751 3764 3759
f 3759 3764 3765
f 3759 3765 3757
f 3757 3765 3766
f 3757 3766 3755
f 3755 3766 3767
f 3755 3767 3753
f 3738 3737 3739
f 3739 3737 3768
f 3739 3768 3741
f 3741 3768 3769
f 3741 3769 3742
f 3742 3769 3770
f 3742 3770 3743
f 3743 3770 3771
f 3743 3771 3760
f 3760 3771 3772
f 3760 3772 3761
f 3761 3772 3773
f 3761 3773 3762
f 3762 3773 3774
f 3762 3774 3763
f 3763 3774 3775
f 3763 3775 3764
f 3764 3775 3776
f 3764 3776 3765
f 3765 3776 3777
f 3765 3777 3766
f 3766 3777 3778
f 3766 3778 3767
f 3736 3735 3737
f 3737 3735 3779
f 3737 3779 3768
f 3768 3779 3780
f 3768 3780 3769
f 3769 3780 3781
f 3769 3781 3770
f 3770 3781 3782
f 3770 3782 3771
f 3771 3782 3783
f 3771 3783 3772
f 3772 3783 3784
f 3772 3784 3773
f 3773 3784 3785
f 3773 3785 3774
f 3774 3785 3786
f 3774 3786 3775
f 3775 3786 3787
f 3775 3787 3776
f 3776 3787 3788
f 3776 3788 3777
f 3777 3788 3789
f 3777 3789 3778
f 3730 3729 3735
f 3735 3729 3731
f 3735 3731 3779
f 3779 3731 3720
f 3779 3720 3780
f 3780 3720 3719
f 3780 3719 3781
f 3781 3719 3722
f 3781 3722 3782
f 3782 3722 3723
f 3782 3723 3783
f 3783 3723 3724
f 3783 3724 3784
f 3784 3724 3725
f 3784 3725 3785
f 3785 3725 3726
f 3785 3726 3786
f 3786 3726 3727
f 3786 3727 3787
f 3787 3727 3733
f 3787 3733 3788
f 3788 3733 3734
f 3788 3734 3789
f 3790 3791 3792
f 3793 3794 3795
f 1947 3796 3797
f 3798 3799 3800
f 3801 3802 3798
f 3803 3804 3805
f 3802 3801 3806
f 3806 3801 3807
f 3806 3807 3808
f 3808 3807 3809
f 3808 3809 3805
f 3805 3809 3810
f 3805 3810 3803
f 3798 3811 3799
f 3799 3811 3812
f 3799 3812 3800
f 3800 3812 3813
f 3814 3815 3816
f 3816 3815 3817
f 2840 3818 2830
f 2830 3818 3752
f 2830 3752 2831
f 3796 1947 3744
f 3744 1947 1946
f 3744 1946 1944
f 3819 3813 3820
f 3820 3813 3812
f 3820 3812 3821
f 3821 3812 3811
f 3821 3811 3822
f 3822 3811 3798
f 3823 3819 3824
f 3824 3819 3820
f 3824 3820 3825
f 3825 3820 3821
f 3825 3821 3826
f 3826 3821 3822
f 3826 3822 3827
f 3827 3822 3798
f 3794 1947 3795
f 3795 1947 3797
f 3795 3797 3828
f 3828 3797 3829
f 3828 3829 3830
f 3830 3829 3831
f 3830 3831 3832
f 3832 3833 3830
f 3830 3833 3834
f 3830 3834 3828
f 3828 3834 3835
f 3828 3835 3795
f 3795 3835 3792
f 3795 3792 3793
f 3793 3792 3791
f 3804 3790 3805
f 3805 3790 3792
f 3805 3792 3808
f 3808 3792 3835
f 3808 3835 3806
f 3806 3835 3834
f 3806 3834 3802
f 3802 3834 3833
f 3802 3833 3798
f 3832 3798 3833
f 3831 3836 3832
f 3832 3836 3798
f 3837 3816 3838
f 3838 3816 3817
f 3838 3817 3839
f 3839 3817 3840
f 3839 3840 3841
f 2839 3814 3842
f 3842 3814 3816
f 3842 3816 3843
f 3843 3816 3837
f 3843 3837 3844
f 2840 2839 3818
f 3818 2839 3842
f 3818 3842 3845
f 3845 3842 3843
f 3845 3843 3846
f 3846 3843 3844
f 3846 3844 3847
f 3750 3752 3848
f 3848 3752 3818
f 3848 3818 3849
f 3849 3818 3845
f 3849 3845 3850
f 3850 3845 3846
f 3850 3846 3851
f 3851 3846 3847
f 3851 3847 3852
f 3852 3853 3851
f 3851 3853 3854
f 3851 3854 3850
f 3850 3854 3855
f 3850 3855 3849
f 3849 3855 3856
f 3849 3856 3848
f 3848 3856 3857
f 3848 3857 3750
f 3750 3857 3748
f 3746 3748 3858
f 3858 3748 3857
f 3858 3857 3859
f 3859 3857 3856
f 3859 3856 3860
f 3860 3856 3855
f 3860 3855 3861
f 3861 3855 3854
f 3861 3854 3862
f 3862 3854 3853
f 3862 3853 3798
f 3852 3798 3853
f 3839 3823 3838
f 3838 3823 3824
f 3838 3824 3837
f 3837 3824 3825
f 3837 3825 3844
f 3844 3825 3826
f 3844 3826 3847
f 3847 3826 3827
f 3847 3827 3852
f 3852 3827 3798
f 3744 3746 3796
f 3796 3746 3858
f 3796 3858 3797
f 3797 3858 3859
f 3797 3859 3829
f 3829 3859 3860
f 3829 3860 3831
f 3831 3860 3861
f 3831 3861 3836
f 3836 3861 3862
f 3836 3862 3798
f 1940 1983 3863
f 3864 3865 3804
f 3794 3793 3866
f 3866 3793 3791
f 3866 3791 3865
f 3865 3791 3790
f 3865 3790 3804
f 1947 3794 1981
f 1981 3794 3866
f 1981 3866 1982
f 1982 3866 1983
f 1940 3863 1939
f 1937 1939 3867
f 3867 1939 3868
f 3867 3868 3869
f 3869 3868 3870
f 3870 3868 3871
f 3870 3871 3872
f 3872 3871 3873
f 3873 3871 3874
f 3873 3874 3875
f 3875 3874 3876
f 3876 3874 3877
f 3876 3877 3878
f 3878 3877 3879
f 3879 3877 3880
f 3879 3880 3881
f 3881 3880 3882
f 3882 3880 3883
f 3882 3883 3884
f 3885 3886 3887
f 3887 3886 3888
f 3889 3890 3888
f 3888 3890 3891
f 3888 3891 3887
f 3804 3803 3864
f 3864 3803 3892
f 3864 3892 3889
f 3889 3892 3893
f 3889 3893 3890
f 1983 3866 3863
f 3863 3866 3865
f 3863 3865 3894
f 3894 3865 3864
f 3894 3864 3895
f 3895 3864 3889
f 3895 3889 3896
f 3896 3889 3888
f 3896 3888 3897
f 3897 3888 3886
f 3897 3886 3898
f 1939 3863 3868
f 3868 3863 3894
f 3868 3894 3871
f 3871 3894 3895
f 3871 3895 3874
f 3874 3895 3896
f 3874 3896 3877
f 3877 3896 3897
f 3877 3897 3880
f 3880 3897 3898
f 3880 3898 3883
f 3899 3900 3901
f 3902 3903 3901
f 3902 3901 3904
f 3905 3904 3901
f 3906 3905 3901
f 3907 3906 3901
f 3908 3907 3901
f 3909 3908 3901
f 1935 1937 3910
f 3901 3911 3912
f 3912 3911 3913
f 3909 3901 3912
f 3914 3915 3900
f 3900 3915 3901
f 3903 3899 3901
f 3916 3914 3917
f 3918 3916 3919
f 3875 3918 3873
f 3873 3918 3920
f 3873 3920 3872
f 3872 3920 3921
f 3872 3921 3870
f 3870 3921 3869
f 3869 3921 3922
f 3869 3922 3867
f 1935 3910 1629
f 3923 2843 3924
f 3924 2843 2844
f 3925 3926 3927
f 3927 3926 3928
f 3927 3928 3929
f 3929 3928 3930
f 3929 3930 3923
f 3923 3930 3931
f 3923 3931 2843
f 1629 3910 2066
f 2066 3910 3932
f 2066 3932 2134
f 2134 3932 3933
f 2134 3933 2135
f 2135 3933 3934
f 2135 3934 2136
f 2136 3934 3924
f 2136 3924 2088
f 2088 3924 2844
f 2088 2844 1694
f 3867 3922 1937
f 1937 3922 3935
f 1937 3935 3910
f 3910 3935 3936
f 3910 3936 3932
f 3932 3936 3937
f 3932 3937 3933
f 3933 3937 3938
f 3933 3938 3934
f 3934 3938 3939
f 3934 3939 3924
f 3924 3939 3940
f 3924 3940 3923
f 3923 3940 3941
f 3923 3941 3929
f 3929 3941 3942
f 3929 3942 3927
f 3927 3942 3943
f 3927 3943 3925
f 3918 3919 3920
f 3920 3919 3944
f 3920 3944 3921
f 3921 3944 3945
f 3921 3945 3922
f 3922 3945 3946
f 3922 3946 3935
f 3935 3946 3947
f 3935 3947 3936
f 3936 3947 3948
f 3936 3948 3937
f 3937 3948 3949
f 3937 3949 3938
f 3938 3949 3950
f 3938 3950 3939
f 3939 3950 3951
f 3939 3951 3940
f 3940 3951 3952
f 3940 3952 3941
f 3941 3952 3953
f 3941 3953 3942
f 3942 3953 3954
f 3942 3954 3943
f 3916 3917 3919
f 3919 3917 3955
f 3919 3955 3944
f 3944 3955 3956
f 3944 3956 3945
f 3945 3956 3957
f 3945 3957 3946
f 3946 3957 3958
f 3946 3958 3947
f 3947 3958 3959
f 3947 3959 3948
f 3948 3959 3960
f 3948 3960 3949
f 3949 3960 3961
f 3949 3961 3950
f 3950 3961 3962
f 3950 3962 3951
f 3951 3962 3963
f 3951 3963 3952
f 3952 3963 3964
f 3952 3964 3953
f 3953 3964 3965
f 3953 3965 3954
f 3914 3900 3917
f 3917 3900 3899
f 3917 3899 3955
f 3955 3899 3903
f 3955 3903 3956
f 3956 3903 3902
f 3956 3902 3957
f 3957 3902 3904
f 3957 3904 3958
f 3958 3904 3905
f 3958 3905 3959
f 3959 3905 3906
f 3959 3906 3960
f 3960 3906 3907
f 3960 3907 3961
f 3961 3907 3908
f 3961 3908 3962
f 3962 3908 3909
f 3962 3909 3963
f 3963 3909 3912
f 3963 3912 3964
f 3964 3912 3913
f 3964 3913 3965
f 2039 3966 3967
f 3968 3969 3970
f 3968 3970 3971
f 3971 3970 3972
f 3971 3972 3973
f 3973 3972 3974
f 3973 3974 3975
f 3975 3974 3976
f 3975 3976 3977
f 3977 3976 3978
f 3977 3978 3979
f 3979 3978 3980
f 3979 3980 3981
f 3981 3980 3982
f 3981 3982 3983
f 3983 3982 3984
f 3983 3984 3985
f 3985 3984 3986
f 3985 3986 3987
f 3987 3986 3988
f 3987 3988 3989
f 3989 3988 3990
f 3989 3990 3991
f 3991 3990 3992
f 3991 3992 3993
f 3993 3992 3994
f 3993 3994 3995
f 3995 3994 3996
f 3995 3996 3997
f 3997 3996 3998
f 3997 3998 3999
f 3999 3998 4000
f 3999 4000 4001
f 4001 4000 4002
f 4001 4002 4003
f 4003 4002 4004
f 4003 4004 4005
f 4005 4004 4006
f 4005 4006 4007
f 4007 4006 4008
f 4007 4008 4009
f 4009 4008 4010
f 4009 4010 4011
f 4011 4010 4012
f 4011 4012 4013
f 4013 4012 4014
f 4013 4014 4015
f 4015 4014 4016
f 4015 4016 4017
f 4017 4016 4018
f 4017 4018 4019
f 4019 4018 4020
f 4019 4020 4021
f 4021 4020 4022
f 4021 4022 4023
f 4023 4022 4024
f 4023 4024 4025
f 2039 3967 2060
f 2060 3967 4026
f 2060 4026 2035
f 2035 4026 4027
f 2035 4027 2034
f 2034 4027 4028
f 2034 4028 2033
f 2033 4028 4029
f 2033 4029 2032
f 2032 4029 4030
f 2032 4030 2031
f 2031 4030 4031
f 2031 4031 2030
f 2030 4031 4032
f 2030 4032 2016
f 2016 4032 4033
f 2016 4033 2015
f 2015 4033 4034
f 2015 4034 2013
f 2013 4034 4035
f 2013 4035 2012
f 2012 4035 4036
f 2012 4036 2011
f 2011 4036 4037
f 2011 4037 2008
f 2008 4037 4038
f 2008 4038 2007
f 2007 4038 4039
f 2007 4039 2006
f 2006 4039 4040
f 2006 4040 2009
f 2009 4040 4041
f 2009 4041 2010
f 2010 4041 4042
f 2010 4042 2019
f 2019 4042 4043
f 2019 4043 2020
f 2020 4043 4044
f 2020 4044 2021
f 2021 4044 4045
f 2021 4045 2022
f 2022 4045 4046
f 2022 4046 2017
f 2017 4046 4047
f 2017 4047 2018
f 2018 4047 4048
f 2018 4048 2057
f 2057 4048 4049
f 2057 4049 2058
f 2058 4049 4050
f 2058 4050 2059
f 2059 4050 4051
f 2059 4051 2049
f 2048 2049 4052
f 4052 2049 4051
f 4052 4051 4053
f 3969 4053 4054
f 3969 4054 3970
f 3970 4054 4055
f 3970 4055 3972
f 3972 4055 4056
f 3972 4056 3974
f 3974 4056 4057
f 3974 4057 3976
f 3976 4057 4058
f 3976 4058 3978
f 3978 4058 4059
f 3978 4059 3980
f 3980 4059 4060
f 3980 4060 3982
f 3982 4060 4061
f 3982 4061 3984
f 3984 4061 4062
f 3984 4062 3986
f 3986 4062 4063
f 3986 4063 3988
f 3988 4063 4064
f 3988 4064 3990
f 3990 4064 4065
f 3990 4065 3992
f 3992 4065 4066
f 3992 4066 3994
f 3994 4066 4067
f 3994 4067 3996
f 3996 4067 4068
f 3996 4068 3998
f 3998 4068 4069
f 3998 4069 4000
f 4000 4069 4070
f 4000 4070 4002
f 4002 4070 4071
f 4002 4071 4004
f 4004 4071 4072
f 4004 4072 4006
f 4006 4072 4073
f 4006 4073 4008
f 4008 4073 4074
f 4008 4074 4010
f 4010 4074 4075
f 4010 4075 4012
f 4012 4075 4076
f 4012 4076 4014
f 4014 4076 4077
f 4014 4077 4016
f 4016 4077 4078
f 4016 4078 4018
f 4018 4078 4079
f 4018 4079 4020
f 4020 4079 4080
f 4020 4080 4022
f 4022 4080 4081
f 4022 4081 4024
f 4053 4051 4054
f 4054 4051 4050
f 4054 4050 4055
f 4055 4050 4049
f 4055 4049 4056
f 4056 4049 4048
f 4056 4048 4057
f 4057 4048 4047
f 4057 4047 4058
f 4058 4047 4046
f 4058 4046 4059
f 4059 4046 4045
f 4059 4045 4060
f 4060 4045 4044
f 4060 4044 4061
f 4061 4044 4043
f 4061 4043 4062
f 4062 4043 4042
f 4062 4042 4063
f 4063 4042 4041
f 4063 4041 4064
f 4064 4041 4040
f 4064 4040 4065
f 4065 4040 4039
f 4065 4039 4066
f 4066 4039 4038
f 4066 4038 4067
f 4067 4038 4037
f 4067 4037 4068
f 4068 4037 4036
f 4068 4036 4069
f 4069 4036 4035
f 4069 4035 4070
f 4070 4035 4034
f 4070 4034 4071
f 4071 4034 4033
f 4071 4033 4072
f 4072 4033 4032
f 4072 4032 4073
f 4073 4032 4031
f 4073 4031 4074
f 4074 4031 4030
f 4074 4030 4075
f 4075 4030 4029
f 4075 4029 4076
f 4076 4029 4028
f 4076 4028 4077
f 4077 4028 4027
f 4077 4027 4078
f 4078 4027 4026
f 4078 4026 4079
f 4079 4026 3967
f 4079 3967 4080
f 4080 3967 3966
f 4080 3966 4081
f 3966 2039 2040
f 4081 3966 4082
f 4024 4081 4083
f 4025 4024 4084
f 4025 4084 4085
f 4085 4084 4086
f 4085 4086 4087
f 4087 4086 4088
f 4087 4088 4089
f 4089 4088 4090
f 4089 4090 4091
f 4091 4090 4092
f 4091 4092 4093
f 4093 4092 4094
f 4093 4094 4095
f 4095 4094 4096
f 4095 4096 4097
f 4097 4096 4098
f 4097 4098 4099
f 4099 4098 4100
f 4099 4100 4101
f 4101 4100 4102
f 4101 4102 4103
f 4103 4102 4104
f 4103 4104 4105
f 4105 4104 4106
f 4105 4106 4107
f 4107 4106 4108
f 4107 4108 4109
f 4109 4108 4110
f 4109 4110 4111
f 4111 4110 4112
f 4111 4112 4113
f 4113 4112 4114
f 4113 4114 4115
f 4115 4114 4116
f 4115 4116 4117
f 4117 4116 4118
f 4117 4118 4119
f 4119 4118 4120
f 4119 4120 4121
f 4121 4120 4122
f 4121 4122 4123
f 4123 4122 4124
f 4123 4124 4125
f 4125 4124 4126
f 4125 4126 4127
f 4127 4126 4128
f 4127 4128 4129
f 4129 4128 4130
f 4129 4130 4131
f 4131 4130 4132
f 4131 4132 4133
f 4133 4132 4134
f 4133 4134 4135
f 4135 4134 4136
f 4135 4136 4137
f 4137 4136 3969
f 4137 3969 3968
f 3966 2040 4082
f 4082 2040 2042
f 4082 2042 4138
f 4138 2042 2041
f 4138 2041 4139
f 4139 2041 2053
f 4139 2053 4140
f 4140 2053 2052
f 4140 2052 4141
f 4141 2052 2051
f 4141 2051 4142
f 4142 2051 2050
f 4142 2050 4143
f 4143 2050 2044
f 4143 2044 4144
f 4144 2044 2043
f 4144 2043 4145
f 4145 2043 2056
f 4145 2056 4146
f 4146 2056 2055
f 4146 2055 4147
f 4147 2055 2054
f 4147 2054 4148
f 4148 2054 2047
f 4148 2047 4149
f 4149 2047 2046
f 4149 2046 4150
f 4150 2046 2045
f 4150 2045 4151
f 4151 2045 2024
f 4151 2024 4152
f 4152 2024 2023
f 4152 2023 4153
f 4153 2023 2038
f 4153 2038 4154
f 4154 2038 2037
f 4154 2037 4155
f 4155 2037 2036
f 4155 2036 4156
f 4156 2036 2014
f 4156 2014 4157
f 4157 2014 2025
f 4157 2025 4158
f 4158 2025 2026
f 4158 2026 4159
f 4159 2026 2027
f 4159 2027 4160
f 4160 2027 2028
f 4160 2028 4161
f 4161 2028 2029
f 4161 2029 4162
f 4162 2029 2061
f 4162 2061 4163
f 4163 2061 2048
f 4163 2048 4052
f 4024 4083 4084
f 4084 4083 4164
f 4084 4164 4086
f 4086 4164 4165
f 4086 4165 4088
f 4088 4165 4166
f 4088 4166 4090
f 4090 4166 4167
f 4090 4167 4092
f 4092 4167 4168
f 4092 4168 4094
f 4094 4168 4169
f 4094 4169 4096
f 4096 4169 4170
f 4096 4170 4098
f 4098 4170 4171
f 4098 4171 4100
f 4100 4171 4172
f 4100 4172 4102
f 4102 4172 4173
f 4102 4173 4104
f 4104 4173 4174
f 4104 4174 4106
f 4106 4174 4175
f 4106 4175 4108
f 4108 4175 4176
f 4108 4176 4110
f 4110 4176 4177
f 4110 4177 4112
f 4112 4177 4178
f 4112 4178 4114
f 4114 4178 4179
f 4114 4179 4116
f 4116 4179 4180
f 4116 4180 4118
f 4118 4180 4181
f 4118 4181 4120
f 4120 4181 4182
f 4120 4182 4122
f 4122 4182 4183
f 4122 4183 4124
f 4124 4183 4184
f 4124 4184 4126
f 4126 4184 4185
f 4126 4185 4128
f 4128 4185 4186
f 4128 4186 4130
f 4130 4186 4187
f 4130 4187 4132
f 4132 4187 4188
f 4132 4188 4134
f 4134 4188 4189
f 4134 4189 4136
f 4136 4189 4053
f 4136 4053 3969
f 4081 4082 4083
f 4083 4082 4138
f 4083 4138 4164
f 4164 4138 4139
f 4164 4139 4165
f 4165 4139 4140
f 4165 4140 4166
f 4166 4140 4141
f 4166 4141 4167
f 4167 4141 4142
f 4167 4142 4168
f 4168 4142 4143
f 4168 4143 4169
f 4169 4143 4144
f 4169 4144 4170
f 4170 4144 4145
f 4170 4145 4171
f 4171 4145 4146
f 4171 4146 4172
f 4172 4146 4147
f 4172 4147 4173
f 4173 4147 4148
f 4173 4148 4174
f 4174 4148 4149
f 4174 4149 4175
f 4175 4149 4150
f 4175 4150 4176
f 4176 4150 4151
f 4176 4151 4177
f 4177 4151 4152
f 4177 4152 4178
f 4178 4152 4153
f 4178 4153 4179
f 4179 4153 4154
f 4179 4154 4180
f 4180 4154 4155
f 4180 4155 4181
f 4181 4155 4156
f 4181 4156 4182
f 4182 4156 4157
f 4182 4157 4183
f 4183 4157 4158
f 4183 4158 4184
f 4184 4158 4159
f 4184 4159 4185
f 4185 4159 4160
f 4185 4160 4186
f 4186 4160 4161
f 4186 4161 4187
f 4187 4161 4162
f 4187 4162 4188
f 4188 4162 4163
f 4188 4163 4189
f 4189 4163 4052
f 4189 4052 4053
f 2062 4190 4191
f 2062 4192 4193
f 4194 4192 2062
f 4191 4194 2062
f 2062 4195 4196
f 4197 4195 2062
f 4193 4197 2062
f 2068 4190 2062
f 4198 4199 4200
f 4201 4202 4203
f 2075 2073 4204
f 2071 2069 4205
f 4205 2069 2062
f 4204 2073 4206
f 4204 4207 2075
f 2075 4207 4208
f 2075 4208 2077
f 4209 4210 4211
f 4211 4210 4212
f 4211 4212 4213
f 4213 4212 4214
f 4214 4212 4215
f 4215 4212 4216
f 4215 4216 4217
f 4217 4216 4218
f 4217 4218 4219
f 4219 4218 4220
f 4219 4220 4221
f 4221 4220 4222
f 4221 4222 4200
f 4198 4200 4223
f 4200 4222 4223
f 4223 4222 4224
f 4223 4224 4225
f 4225 4224 4226
f 4225 4226 4227
f 4227 4226 4228
f 4227 4228 4229
f 2137 4229 2114
f 2114 4229 4228
f 2114 4228 2103
f 2093 2103 4230
f 2081 2093 4231
f 2068 2081 4232
f 2068 4232 4190
f 4190 4232 4233
f 4190 4233 4191
f 4191 4233 4234
f 4191 4234 4194
f 4194 4234 4235
f 4194 4235 4192
f 4192 4235 4236
f 4192 4236 4193
f 4193 4236 4237
f 4193 4237 4197
f 4197 4237 4238
f 4197 4238 4195
f 4195 4238 4239
f 4195 4239 4196
f 2081 4231 4232
f 4232 4231 4240
f 4232 4240 4233
f 4233 4240 4241
f 4233 4241 4234
f 4234 4241 4242
f 4234 4242 4235
f 4235 4242 4243
f 4235 4243 4236
f 4236 4243 4244
f 4236 4244 4237
f 4237 4244 4245
f 4237 4245 4238
f 4238 4245 4246
f 4238 4246 4239
f 4202 4208 4203
f 4203 4208 4207
f 4203 4207 4247
f 4247 4207 4204
f 4247 4204 4248
f 4248 4204 4206
f 4248 4206 4249
f 4249 4250 4248
f 4248 4250 4251
f 4248 4251 4247
f 4247 4251 4252
f 4247 4252 4203
f 4203 4252 4210
f 4203 4210 4201
f 4201 4210 4209
f 2093 4230 4231
f 4231 4230 4253
f 4231 4253 4240
f 4240 4253 4254
f 4240 4254 4241
f 4241 4254 4255
f 4241 4255 4242
f 4242 4255 4256
f 4242 4256 4243
f 4243 4256 4257
f 4243 4257 4244
f 4244 4257 4258
f 4244 4258 4245
f 4245 4258 4259
f 4245 4259 4246
f 2103 4228 4230
f 4230 4228 4226
f 4230 4226 4253
f 4253 4226 4224
f 4253 4224 4254
f 4254 4224 4222
f 4254 4222 4255
f 4255 4222 4220
f 4255 4220 4256
f 4256 4220 4218
f 4256 4218 4257
f 4257 4218 4216
f 4257 4216 4258
f 4258 4216 4212
f 4258 4212 4259
f 4259 4212 4210
f 4259 4210 4246
f 4246 4210 4252
f 4246 4252 4239
f 4239 4252 4251
f 4239 4251 4196
f 4196 4251 4250
f 4196 4250 2062
f 4249 2062 4250
f 2073 2071 4206
f 4206 2071 4205
f 4206 4205 4249
f 4249 4205 2062
f 4260 4261 2140
f 4262 4263 2140
f 4262 2140 4264
f 4265 4264 2140
f 4266 4265 2140
f 4267 4266 2140
f 4268 4267 2140
f 4269 4268 2140
f 4270 4269 2140
f 2149 4270 2140
f 4271 4272 4273
f 4271 4273 4274
f 4272 4271 4275
f 4275 4271 4276
f 4275 4276 4277
f 4277 4276 4278
f 4277 4278 4279
f 4279 4278 2157
f 4279 2157 2158
f 2152 2150 4261
f 4261 2150 2140
f 4263 4260 2140
f 2213 2152 4280
f 2201 2213 4281
f 2190 2201 4282
f 2175 2190 4283
f 4283 2190 4284
f 4283 4284 4285
f 4286 4287 4288
f 4288 4287 4289
f 4288 4289 4290
f 4290 4289 4291
f 4290 4291 4285
f 4285 4291 4292
f 4285 4292 4283
f 4286 4288 4293
f 4293 4288 4294
f 4293 4294 4295
f 4295 4294 4296
f 4295 4296 4297
f 4297 4296 4298
f 4297 4298 4299
f 4299 4298 4300
f 4299 4300 4301
f 2190 4282 4284
f 4284 4282 4302
f 4284 4302 4285
f 4285 4302 4303
f 4285 4303 4290
f 4290 4303 4304
f 4290 4304 4288
f 4288 4304 4305
f 4288 4305 4294
f 4294 4305 4306
f 4294 4306 4296
f 4296 4306 4307
f 4296 4307 4298
f 4298 4307 4274
f 4298 4274 4300
f 4300 4274 4273
f 4300 4273 4301
f 4301 4273 4308
f 4301 4308 4309
f 2201 4281 4282
f 4282 4281 4310
f 4282 4310 4302
f 4302 4310 4311
f 4302 4311 4303
f 4303 4311 4312
f 4303 4312 4304
f 4304 4312 4313
f 4304 4313 4305
f 4305 4313 4314
f 4305 4314 4306
f 4306 4314 4315
f 4306 4315 4307
f 4307 4315 4316
f 4307 4316 4274
f 4274 4316 4317
f 4274 4317 4271
f 4271 4317 4318
f 4271 4318 4276
f 4276 4318 4319
f 4276 4319 4278
f 4278 4319 2154
f 4278 2154 2157
f 2213 4280 4281
f 4281 4280 4320
f 4281 4320 4310
f 4310 4320 4321
f 4310 4321 4311
f 4311 4321 4322
f 4311 4322 4312
f 4312 4322 4323
f 4312 4323 4313
f 4313 4323 4324
f 4313 4324 4314
f 4314 4324 4325
f 4314 4325 4315
f 4315 4325 4326
f 4315 4326 4316
f 4316 4326 4327
f 4316 4327 4317
f 4317 4327 4328
f 4317 4328 4318
f 4318 4328 4329
f 4318 4329 4319
f 4319 4329 2155
f 4319 2155 2154
f 2152 4261 4280
f 4280 4261 4260
f 4280 4260 4320
f 4320 4260 4263
f 4320 4263 4321
f 4321 4263 4262
f 4321 4262 4322
f 4322 4262 4264
f 4322 4264 4323
f 4323 4264 4265
f 4323 4265 4324
f 4324 4265 4266
f 4324 4266 4325
f 4325 4266 4267
f 4325 4267 4326
f 4326 4267 4268
f 4326 4268 4327
f 4327 4268 4269
f 4327 4269 4328
f 4328 4269 4270
f 4328 4270 4329
f 4329 4270 2149
f 4329 2149 2155
f 4330 4331 4332
f 4332 4331 2220
f 4333 4334 4335
f 2309 2311 4336
f 2315 2314 4337
f 2223 2220 4331
f 2223 4331 2229
f 2229 4331 4330
f 2229 4330 2231
f 4338 4339 2232
f 2225 2232 2316
f 2316 2232 4339
f 2316 4339 2317
f 4340 4301 4309
f 4341 4342 4293
f 4293 4342 4343
f 4293 4343 4286
f 2265 4344 2263
f 2263 4344 4345
f 2263 4345 2247
f 2247 4345 4346
f 2247 4346 2243
f 2243 4346 4347
f 2243 4347 2235
f 2235 4347 4348
f 2235 4348 2222
f 2222 4348 4349
f 2222 4349 2220
f 2314 2317 4337
f 4337 2317 4339
f 4337 4339 4350
f 4350 4339 4338
f 4350 4338 4351
f 2311 2315 4336
f 4336 2315 4337
f 4336 4337 4352
f 4352 4337 4350
f 4352 4350 4353
f 4353 4350 4351
f 4353 4351 4354
f 4354 4355 4353
f 4353 4355 4356
f 4353 4356 4352
f 4352 4356 4357
f 4352 4357 4336
f 4336 4357 4358
f 4336 4358 2309
f 2309 4358 4340
f 2309 4340 4359
f 4359 4340 4309
f 4334 4342 4335
f 4335 4342 4341
f 4335 4341 4360
f 4360 4341 4361
f 4360 4361 4362
f 4362 4361 4363
f 4362 4363 4364
f 4364 4363 4365
f 4364 4365 4366
f 4366 4367 4364
f 4364 4367 4368
f 4364 4368 4362
f 4362 4368 4369
f 4362 4369 4360
f 4360 4369 4370
f 4360 4370 4335
f 4335 4370 4371
f 4335 4371 4333
f 4333 4371 4372
f 4344 4372 4345
f 4345 4372 4371
f 4345 4371 4346
f 4346 4371 4370
f 4346 4370 4347
f 4347 4370 4369
f 4347 4369 4348
f 4348 4369 4368
f 4348 4368 4349
f 4349 4368 4367
f 4349 4367 2220
f 4366 2220 4367
f 4365 4373 4366
f 4366 4373 2220
f 4299 4301 4374
f 4374 4301 4340
f 4374 4340 4375
f 4375 4340 4358
f 4375 4358 4376
f 4376 4358 4357
f 4376 4357 4377
f 4377 4357 4356
f 4377 4356 4378
f 4378 4356 4355
f 4378 4355 2220
f 4354 2220 4355
f 2232 2231 4338
f 4338 2231 4330
f 4338 4330 4351
f 4351 4330 4332
f 4351 4332 4354
f 4354 4332 2220
f 4297 4299 4379
f 4379 4299 4374
f 4379 4374 4380
f 4380 4374 4375
f 4380 4375 4381
f 4381 4375 4376
f 4381 4376 4382
f 4382 4376 4377
f 4382 4377 4383
f 4383 4377 4378
f 4383 4378 2220
f 4295 4297 4384
f 4384 4297 4379
f 4384 4379 4385
f 4385 4379 4380
f 4385 4380 4386
f 4386 4380 4381
f 4386 4381 4387
f 4387 4381 4382
f 4387 4382 4388
f 4388 4382 4383
f 4388 4383 2220
f 4293 4295 4341
f 4341 4295 4384
f 4341 4384 4361
f 4361 4384 4385
f 4361 4385 4363
f 4363 4385 4386
f 4363 4386 4365
f 4365 4386 4387
f 4365 4387 4373
f 4373 4387 4388
f 4373 4388 2220
f 4389 4390 2325
f 4391 4392 2325
f 4391 2325 4393
f 4394 4393 2325
f 4395 4394 2325
f 4396 4395 2325
f 4397 4396 2325
f 4398 4397 2325
f 4399 4398 2325
f 4400 4401 4402
f 2334 4399 2325
f 4403 2306 2308
f 4403 2308 4404
f 2306 4403 2305
f 2305 4403 4405
f 2305 4405 2303
f 2303 4405 2302
f 2302 4405 4406
f 2302 4406 2300
f 2300 4406 2342
f 2300 2342 2299
f 2337 2335 4390
f 4390 2335 2325
f 4392 4389 2325
f 2394 2337 4407
f 2382 2394 4408
f 2371 2382 4409
f 4401 4400 2371
f 2371 4400 4410
f 2371 4410 2356
f 4411 4412 4413
f 4413 4412 4414
f 4413 4414 4415
f 4415 4414 4416
f 4415 4416 4402
f 4402 4416 4417
f 4402 4417 4400
f 4411 4413 4418
f 4418 4413 4419
f 4418 4419 4420
f 4420 4419 4421
f 4420 4421 4422
f 4422 4421 4423
f 4422 4423 4424
f 4424 4423 4425
f 4424 4425 4426
f 2371 4409 4401
f 4401 4409 4427
f 4401 4427 4402
f 4402 4427 4428
f 4402 4428 4415
f 4415 4428 4429
f 4415 4429 4413
f 4413 4429 4430
f 4413 4430 4419
f 4419 4430 4431
f 4419 4431 4421
f 4421 4431 4432
f 4421 4432 4423
f 4423 4432 4404
f 4423 4404 4425
f 4425 4404 2308
f 4425 2308 4426
f 4426 2308 4433
f 4426 4433 4434
f 2382 4408 4409
f 4409 4408 4435
f 4409 4435 4427
f 4427 4435 4436
f 4427 4436 4428
f 4428 4436 4437
f 4428 4437 4429
f 4429 4437 4438
f 4429 4438 4430
f 4430 4438 4439
f 4430 4439 4431
f 4431 4439 4440
f 4431 4440 4432
f 4432 4440 4441
f 4432 4441 4404
f 4404 4441 4442
f 4404 4442 4403
f 4403 4442 4443
f 4403 4443 4405
f 4405 4443 4444
f 4405 4444 4406
f 4406 4444 2339
f 4406 2339 2342
f 2394 4407 4408
f 4408 4407 4445
f 4408 4445 4435
f 4435 4445 4446
f 4435 4446 4436
f 4436 4446 4447
f 4436 4447 4437
f 4437 4447 4448
f 4437 4448 4438
f 4438 4448 4449
f 4438 4449 4439
f 4439 4449 4450
f 4439 4450 4440
f 4440 4450 4451
f 4440 4451 4441
f 4441 4451 4452
f 4441 4452 4442
f 4442 4452 4453
f 4442 4453 4443
f 4443 4453 4454
f 4443 4454 4444
f 4444 4454 2340
f 4444 2340 2339
f 2337 4390 4407
f 4407 4390 4389
f 4407 4389 4445
f 4445 4389 4392
f 4445 4392 4446
f 4446 4392 4391
f 4446 4391 4447
f 4447 4391 4393
f 4447 4393 4448
f 4448 4393 4394
f 4448 4394 4449
f 4449 4394 4395
f 4449 4395 4450
f 4450 4395 4396
f 4450 4396 4451
f 4451 4396 4397
f 4451 4397 4452
f 4452 4397 4398
f 4452 4398 4453
f 4453 4398 4399
f 4453 4399 4454
f 4454 4399 2334
f 4454 2334 2340
f 4455 4456 4457
f 4457 4456 2398
f 4458 4459 4460
f 2490 2492 4461
f 2496 2495 4462
f 2411 2398 4456
f 2411 4456 2417
f 2417 4456 4455
f 2417 4455 2419
f 4463 4464 2420
f 2413 2420 2497
f 2497 2420 4464
f 2497 4464 2498
f 4465 4426 4434
f 4466 4467 4418
f 4418 4467 4468
f 4418 4468 4411
f 2428 4469 2425
f 2425 4469 4470
f 2425 4470 2430
f 2430 4470 4471
f 2430 4471 2422
f 2422 4471 4472
f 2422 4472 2421
f 2421 4472 4473
f 2421 4473 2410
f 2410 4473 4474
f 2410 4474 2398
f 2495 2498 4462
f 4462 2498 4464
f 4462 4464 4475
f 4475 4464 4463
f 4475 4463 4476
f 2492 2496 4461
f 4461 2496 4462
f 4461 4462 4477
f 4477 4462 4475
f 4477 4475 4478
f 4478 4475 4476
f 4478 4476 4479
f 4479 4480 4478
f 4478 4480 4481
f 4478 4481 4477
f 4477 4481 4482
f 4477 4482 4461
f 4461 4482 4483
f 4461 4483 2490
f 2490 4483 4465
f 2490 4465 4484
f 4484 4465 4434
f 4459 4467 4460
f 4460 4467 4466
f 4460 4466 4485
f 4485 4466 4486
f 4485 4486 4487
f 4487 4486 4488
f 4487 4488 4489
f 4489 4488 4490
f 4489 4490 4491
f 4491 4492 4489
f 4489 4492 4493
f 4489 4493 4487
f 4487 4493 4494
f 4487 4494 4485
f 4485 4494 4495
f 4485 4495 4460
f 4460 4495 4496
f 4460 4496 4458
f 4458 4496 4497
f 4469 4497 4470
f 4470 4497 4496
f 4470 4496 4471
f 4471 4496 4495
f 4471 4495 4472
f 4472 4495 4494
f 4472 4494 4473
f 4473 4494 4493
f 4473 4493 4474
f 4474 4493 4492
f 4474 4492 2398
f 4491 2398 4492
f 4490 4498 4491
f 4491 4498 2398
f 4424 4426 4499
f 4499 4426 4465
f 4499 4465 4500
f 4500 4465 4483
f 4500 4483 4501
f 4501 4483 4482
f 4501 4482 4502
f 4502 4482 4481
f 4502 4481 4503
f 4503 4481 4480
f 4503 4480 2398
f 4479 2398 4480
f 2420 2419 4463
f 4463 2419 4455
f 4463 4455 4476
f 4476 4455 4457
f 4476 4457 4479
f 4479 4457 2398
f 4422 4424 4504
f 4504 4424 4499
f 4504 4499 4505
f 4505 4499 4500
f 4505 4500 4506
f 4506 4500 4501
f 4506 4501 4507
f 4507 4501 4502
f 4507 4502 4508
f 4508 4502 4503
f 4508 4503 2398
f 4420 4422 4509
f 4509 4422 4504
f 4509 4504 4510
f 4510 4504 4505
f 4510 4505 4511
f 4511 4505 4506
f 4511 4506 4512
f 4512 4506 4507
f 4512 4507 4513
f 4513 4507 4508
f 4513 4508 2398
f 4418 4420 4466
f 4466 4420 4509
f 4466 4509 4486
f 4486 4509 4510
f 4486 4510 4488
f 4488 4510 4511
f 4488 4511 4490
f 4490 4511 4512
f 4490 4512 4498
f 4498 4512 4513
f 4498 4513 2398
f 4514 4515 2506
f 4516 4517 2506
f 4516 2506 4518
f 4519 4518 2506
f 4520 4519 2506
f 4521 4520 2506
f 4522 4521 2506
f 4523 4522 2506
f 4524 4523 2506
f 4525 4526 4527
f 2515 4524 2506
f 4528 2487 2489
f 4528 2489 4529
f 2487 4528 2486
f 2486 4528 4530
f 2486 4530 2484
f 2484 4530 2483
f 2483 4530 4531
f 2483 4531 2481
f 2481 4531 2523
f 2481 2523 2480
f 2518 2516 4515
f 4515 2516 2506
f 4517 4514 2506
f 2575 2518 4532
f 2563 2575 4533
f 2552 2563 4534
f 4526 4525 2552
f 2552 4525 4535
f 2552 4535 2537
f 4536 4537 4538
f 4538 4537 4539
f 4538 4539 4540
f 4540 4539 4541
f 4540 4541 4527
f 4527 4541 4542
f 4527 4542 4525
f 4536 4538 4543
f 4543 4538 4544
f 4543 4544 4545
f 4545 4544 4546
f 4545 4546 4547
f 4547 4546 4548
f 4547 4548 4549
f 4549 4548 4550
f 4549 4550 4551
f 2552 4534 4526
f 4526 4534 4552
f 4526 4552 4527
f 4527 4552 4553
f 4527 4553 4540
f 4540 4553 4554
f 4540 4554 4538
f 4538 4554 4555
f 4538 4555 4544
f 4544 4555 4556
f 4544 4556 4546
f 4546 4556 4557
f 4546 4557 4548
f 4548 4557 4529
f 4548 4529 4550
f 4550 4529 2489
f 4550 2489 4551
f 4551 2489 4558
f 4551 4558 4559
f 2563 4533 4534
f 4534 4533 4560
f 4534 4560 4552
f 4552 4560 4561
f 4552 4561 4553
f 4553 4561 4562
f 4553 4562 4554
f 4554 4562 4563
f 4554 4563 4555
f 4555 4563 4564
f 4555 4564 4556
f 4556 4564 4565
f 4556 4565 4557
f 4557 4565 4566
f 4557 4566 4529
f 4529 4566 4567
f 4529 4567 4528
f 4528 4567 4568
f 4528 4568 4530
f 4530 4568 4569
f 4530 4569 4531
f 4531 4569 2520
f 4531 2520 2523
f 2575 4532 4533
f 4533 4532 4570
f 4533 4570 4560
f 4560 4570 4571
f 4560 4571 4561
f 4561 4571 4572
f 4561 4572 4562
f 4562 4572 4573
f 4562 4573 4563
f 4563 4573 4574
f 4563 4574 4564
f 4564 4574 4575
f 4564 4575 4565
f 4565 4575 4576
f 4565 4576 4566
f 4566 4576 4577
f 4566 4577 4567
f 4567 4577 4578
f 4567 4578 4568
f 4568 4578 4579
f 4568 4579 4569
f 4569 4579 2521
f 4569 2521 2520
f 2518 4515 4532
f 4532 4515 4514
f 4532 4514 4570
f 4570 4514 4517
f 4570 4517 4571
f 4571 4517 4516
f 4571 4516 4572
f 4572 4516 4518
f 4572 4518 4573
f 4573 4518 4519
f 4573 4519 4574
f 4574 4519 4520
f 4574 4520 4575
f 4575 4520 4521
f 4575 4521 4576
f 4576 4521 4522
f 4576 4522 4577
f 4577 4522 4523
f 4577 4523 4578
f 4578 4523 4524
f 4578 4524 4579
f 4579 4524 2515
f 4579 2515 2521
f 4580 4581 4582
f 2588 2582 4583
f 2590 2588 4584
f 4584 2588 4583
f 4584 4583 4585
f 4585 4583 2576
f 4586 4587 4588
f 4588 4587 4589
f 4590 4551 4559
f 4591 4592 4543
f 4543 4592 4593
f 4543 4593 4536
f 4594 4595 4596
f 2646 4597 2626
f 2626 4597 4598
f 2626 4598 2615
f 2615 4598 4599
f 2615 4599 2605
f 2605 4599 4600
f 2605 4600 2594
f 2594 4600 4601
f 2594 4601 2581
f 2581 4601 4602
f 2581 4602 2576
f 2591 2590 4603
f 4603 2590 4584
f 4603 4584 4604
f 4604 4584 4585
f 4604 4585 4605
f 4605 4585 2576
f 2576 4606 4605
f 4605 4606 4607
f 4605 4607 4604
f 4604 4607 4608
f 4604 4608 4603
f 4603 4608 4609
f 4603 4609 2591
f 2582 2576 4583
f 4581 4586 4582
f 4582 4586 4588
f 4582 4588 4610
f 4559 4611 4590
f 4590 4611 4580
f 4590 4580 4612
f 4612 4580 4582
f 4612 4582 4613
f 4613 4582 4610
f 4613 4610 4614
f 4595 4592 4596
f 4596 4592 4591
f 4596 4591 4615
f 4615 4591 4616
f 4615 4616 4617
f 4617 4616 4618
f 4617 4618 4619
f 4619 4618 4620
f 4619 4620 4621
f 4621 4622 4619
f 4619 4622 4623
f 4619 4623 4617
f 4617 4623 4624
f 4617 4624 4615
f 4615 4624 4625
f 4615 4625 4596
f 4596 4625 4626
f 4596 4626 4594
f 4597 4594 4598
f 4598 4594 4626
f 4598 4626 4599
f 4599 4626 4625
f 4599 4625 4600
f 4600 4625 4624
f 4600 4624 4601
f 4601 4624 4623
f 4601 4623 4602
f 4602 4623 4622
f 4602 4622 2576
f 4621 2576 4622
f 4620 4627 4621
f 4621 4627 2576
f 4549 4551 4628
f 4628 4551 4590
f 4628 4590 4629
f 4629 4590 4612
f 4629 4612 4630
f 4630 4612 4613
f 4630 4613 4631
f 4631 4613 4614
f 4631 4614 4632
f 4632 4633 4631
f 4631 4633 4634
f 4631 4634 4630
f 4630 4634 4635
f 4630 4635 4629
f 4629 4635 4636
f 4629 4636 4628
f 4628 4636 4637
f 4628 4637 4549
f 4549 4637 4547
f 4545 4547 4638
f 4638 4547 4637
f 4638 4637 4639
f 4639 4637 4636
f 4639 4636 4640
f 4640 4636 4635
f 4640 4635 4641
f 4641 4635 4634
f 4641 4634 4642
f 4642 4634 4633
f 4642 4633 2576
f 4632 2576 4633
f 2584 2591 4589
f 4589 2591 4609
f 4589 4609 4588
f 4588 4609 4608
f 4588 4608 4610
f 4610 4608 4607
f 4610 4607 4614
f 4614 4607 4606
f 4614 4606 4632
f 4632 4606 2576
f 4543 4545 4591
f 4591 4545 4638
f 4591 4638 4616
f 4616 4638 4639
f 4616 4639 4618
f 4618 4639 4640
f 4618 4640 4620
f 4620 4640 4641
f 4620 4641 4627
f 4627 4641 4642
f 4627 4642 2576
f 4643 4644 2649
f 4645 4646 2649
f 4645 2649 4647
f 4648 4647 2649
f 4649 4648 2649
f 4650 4649 2649
f 4651 4650 2649
f 4652 4651 2649
f 4653 4652 2649
f 2658 4653 2649
f 4654 4655 4656
f 4654 4656 4657
f 4655 4654 4658
f 4658 4654 4659
f 4658 4659 4660
f 4660 4659 4661
f 4660 4661 4662
f 4662 4661 2666
f 4662 2666 2667
f 2661 2659 4644
f 4644 2659 2649
f 4646 4643 2649
f 2722 2661 4663
f 2710 2722 4664
f 2699 2710 4665
f 2684 2699 4666
f 4666 2699 4667
f 4666 4667 4668
f 2979 4669 4670
f 4670 4669 4671
f 4670 4671 4672
f 4672 4671 4673
f 4672 4673 4668
f 4668 4673 4674
f 4668 4674 4666
f 2979 4670 2977
f 2977 4670 4675
f 2977 4675 3024
f 3024 4675 4676
f 3024 4676 3018
f 3018 4676 4677
f 3018 4677 3012
f 3012 4677 4678
f 3012 4678 2973
f 2699 4665 4667
f 4667 4665 4679
f 4667 4679 4668
f 4668 4679 4680
f 4668 4680 4672
f 4672 4680 4681
f 4672 4681 4670
f 4670 4681 4682
f 4670 4682 4675
f 4675 4682 4683
f 4675 4683 4676
f 4676 4683 4684
f 4676 4684 4677
f 4677 4684 4657
f 4677 4657 4678
f 4678 4657 4656
f 4678 4656 2973
f 2973 4656 4685
f 2973 4685 2974
f 2710 4664 4665
f 4665 4664 4686
f 4665 4686 4679
f 4679 4686 4687
f 4679 4687 4680
f 4680 4687 4688
f 4680 4688 4681
f 4681 4688 4689
f 4681 4689 4682
f 4682 4689 4690
f 4682 4690 4683
f 4683 4690 4691
f 4683 4691 4684
f 4684 4691 4692
f 4684 4692 4657
f 4657 4692 4693
f 4657 4693 4654
f 4654 4693 4694
f 4654 4694 4659
f 4659 4694 4695
f 4659 4695 4661
f 4661 4695 2663
f 4661 2663 2666
f 2722 4663 4664
f 4664 4663 4696
f 4664 4696 4686
f 4686 4696 4697
f 4686 4697 4687
f 4687 4697 4698
f 4687 4698 4688
f 4688 4698 4699
f 4688 4699 4689
f 4689 4699 4700
f 4689 4700 4690
f 4690 4700 4701
f 4690 4701 4691
f 4691 4701 4702
f 4691 4702 4692
f 4692 4702 4703
f 4692 4703 4693
f 4693 4703 4704
f 4693 4704 4694
f 4694 4704 4705
f 4694 4705 4695
f 4695 4705 2664
f 4695 2664 2663
f 2661 4644 4663
f 4663 4644 4643
f 4663 4643 4696
f 4696 4643 4646
f 4696 4646 4697
f 4697 4646 4645
f 4697 4645 4698
f 4698 4645 4647
f 4698 4647 4699
f 4699 4647 4648
f 4699 4648 4700
f 4700 4648 4649
f 4700 4649 4701
f 4701 4649 4650
f 4701 4650 4702
f 4702 4650 4651
f 4702 4651 4703
f 4703 4651 4652
f 4703 4652 4704
f 4704 4652 4653
f 4704 4653 4705
f 4705 4653 2658
f 4705 2658 2664
f 4410 4400 4706
f 4707 4708 4414
f 4414 4708 4416
f 4706 4400 4708
f 4708 4400 4417
f 4708 4417 4416
f 4709 2795 2793
f 2265 2795 4344
f 4344 2795 4709
f 4344 4709 4372
f 4372 4709 4710
f 4372 4710 4333
f 4333 4710 4334
f 4342 4334 4711
f 4711 4334 4710
f 4711 4710 4707
f 4707 4710 4708
f 4708 4710 4709
f 4708 4709 4706
f 4706 4709 2793
f 4706 2793 4410
f 4410 2793 2791
f 4410 2791 2356
f 4535 4525 4712
f 4713 4714 4539
f 4539 4714 4541
f 4712 4525 4714
f 4714 4525 4542
f 4714 4542 4541
f 2806 2804 4715
f 4715 2804 2802
f 2428 2806 4469
f 4469 2806 4715
f 4469 4715 4497
f 4497 4715 4716
f 4497 4716 4458
f 4458 4716 4459
f 4467 4459 4717
f 4717 4459 4716
f 4717 4716 4713
f 4713 4716 4714
f 4714 4716 4715
f 4714 4715 4712
f 4712 4715 2802
f 4712 2802 4535
f 4535 2802 2800
f 4535 2800 2537
f 3931 3930 4718
f 4719 4720 4721
f 4721 4720 4722
f 4721 4722 4723
f 4723 4722 4724
f 4723 4724 3840
f 3840 4724 3841
f 3925 4720 3926
f 3926 4720 4719
f 3926 4719 3928
f 2843 3931 2841
f 2841 3931 4718
f 2841 4718 2836
f 2836 4718 4725
f 2836 4725 2837
f 2837 4725 4726
f 2839 2837 3814
f 3814 2837 4726
f 3814 4726 3815
f 3815 4726 3817
f 3930 3928 4718
f 4718 3928 4719
f 4718 4719 4725
f 4725 4719 4721
f 4725 4721 4726
f 4726 4721 4723
f 4726 4723 3817
f 3817 4723 3840
f 4727 4728 4729
f 4730 4727 4731
f 4732 4730 4733
f 2896 4732 4734
f 2896 4734 2897
f 2897 4734 4735
f 2897 4735 2898
f 2898 4735 4736
f 2898 4736 2899
f 2899 4736 4737
f 2899 4737 2900
f 2900 4737 4738
f 2900 4738 2901
f 2901 4738 4739
f 2901 4739 2902
f 2902 4739 4740
f 2902 4740 2903
f 2903 4740 4741
f 2903 4741 2904
f 2904 4741 4742
f 2904 4742 2905
f 2905 4742 4743
f 2905 4743 2886
f 2886 4743 4744
f 2886 4744 2887
f 2887 4744 4745
f 2887 4745 2888
f 2888 4745 4746
f 2888 4746 2889
f 2889 4746 4747
f 2889 4747 2890
f 2890 4747 4748
f 2890 4748 2891
f 2891 4748 4749
f 2891 4749 2873
f 2873 4749 4750
f 2873 4750 2874
f 2874 4750 4751
f 2874 4751 2875
f 2875 4751 4752
f 2875 4752 2876
f 4727 4729 4731
f 4731 4729 4753
f 4731 4753 4754
f 4754 4753 4755
f 4754 4755 4756
f 4756 4755 4757
f 4756 4757 4758
f 4758 4757 4759
f 4758 4759 4760
f 4760 4759 4761
f 4760 4761 4762
f 4762 4761 4763
f 4762 4763 4764
f 4764 4763 4765
f 4764 4765 4766
f 4766 4765 4767
f 4766 4767 4768
f 4768 4767 4769
f 4768 4769 4770
f 4770 4769 4771
f 4770 4771 4772
f 4772 4771 4773
f 4772 4773 4774
f 4774 4773 4775
f 4774 4775 4776
f 4776 4775 4777
f 4776 4777 4778
f 4778 4777 4779
f 4778 4779 4780
f 4780 4779 4781
f 4780 4781 4782
f 4782 4781 4783
f 4782 4783 4784
f 4784 4783 4785
f 4784 4785 4786
f 4786 4785 4787
f 4786 4787 4788
f 4732 4733 4734
f 4734 4733 4789
f 4734 4789 4735
f 4735 4789 4790
f 4735 4790 4736
f 4736 4790 4791
f 4736 4791 4737
f 4737 4791 4792
f 4737 4792 4738
f 4738 4792 4793
f 4738 4793 4739
f 4739 4793 4794
f 4739 4794 4740
f 4740 4794 4795
f 4740 4795 4741
f 4741 4795 4796
f 4741 4796 4742
f 4742 4796 4797
f 4742 4797 4743
f 4743 4797 4798
f 4743 4798 4744
f 4744 4798 4799
f 4744 4799 4745
f 4745 4799 4800
f 4745 4800 4746
f 4746 4800 4801
f 4746 4801 4747
f 4747 4801 4802
f 4747 4802 4748
f 4748 4802 4803
f 4748 4803 4749
f 4749 4803 4804
f 4749 4804 4750
f 4750 4804 4805
f 4750 4805 4751
f 4751 4805 4806
f 4751 4806 4752
f 4730 4731 4733
f 4733 4731 4754
f 4733 4754 4789
f 4789 4754 4756
f 4789 4756 4790
f 4790 4756 4758
f 4790 4758 4791
f 4791 4758 4760
f 4791 4760 4792
f 4792 4760 4762
f 4792 4762 4793
f 4793 4762 4764
f 4793 4764 4794
f 4794 4764 4766
f 4794 4766 4795
f 4795 4766 4768
f 4795 4768 4796
f 4796 4768 4770
f 4796 4770 4797
f 4797 4770 4772
f 4797 4772 4798
f 4798 4772 4774
f 4798 4774 4799
f 4799 4774 4776
f 4799 4776 4800
f 4800 4776 4778
f 4800 4778 4801
f 4801 4778 4780
f 4801 4780 4802
f 4802 4780 4782
f 4802 4782 4803
f 4803 4782 4784
f 4803 4784 4804
f 4804 4784 4786
f 4804 4786 4805
f 4805 4786 4788
f 4805 4788 4806
f 4728 4727 4807
f 2876 4752 4808
f 2876 4808 2877
f 2877 4808 4809
f 2877 4809 2878
f 2878 4809 4810
f 2878 4810 2879
f 2879 4810 4811
f 2879 4811 2868
f 2868 4811 4812
f 2868 4812 2869
f 2869 4812 4813
f 2869 4813 2870
f 2870 4813 4814
f 2870 4814 2871
f 2871 4814 4815
f 2871 4815 2872
f 2872 4815 4816
f 2872 4816 2880
f 2880 4816 4817
f 2880 4817 2881
f 2881 4817 4818
f 2881 4818 2882
f 2882 4818 4819
f 2882 4819 2883
f 2883 4819 4820
f 2883 4820 2884
f 2884 4820 4821
f 2884 4821 2885
f 2885 4821 4822
f 2885 4822 2892
f 2892 4822 4823
f 2892 4823 2893
f 2893 4823 4824
f 2893 4824 2894
f 2894 4824 4825
f 2894 4825 2895
f 2895 4825 4732
f 2895 4732 2896
f 4728 4807 4826
f 4826 4807 4827
f 4826 4827 4828
f 4828 4827 4829
f 4828 4829 4830
f 4830 4829 4831
f 4830 4831 4832
f 4832 4831 4833
f 4832 4833 4834
f 4834 4833 4835
f 4834 4835 4836
f 4836 4835 4837
f 4836 4837 4838
f 4838 4837 4839
f 4838 4839 4840
f 4840 4839 4841
f 4840 4841 4842
f 4842 4841 4843
f 4842 4843 4844
f 4844 4843 4845
f 4844 4845 4846
f 4846 4845 4847
f 4846 4847 4848
f 4848 4847 4849
f 4848 4849 4850
f 4850 4849 4851
f 4850 4851 4852
f 4852 4851 4853
f 4852 4853 4854
f 4854 4853 4855
f 4854 4855 4856
f 4856 4855 4857
f 4856 4857 4858
f 4858 4857 4859
f 4858 4859 4860
f 4787 4860 4788
f 4788 4860 4859
f 4788 4859 4806
f 4752 4806 4861
f 4752 4861 4808
f 4808 4861 4862
f 4808 4862 4809
f 4809 4862 4863
f 4809 4863 4810
f 4810 4863 4864
f 4810 4864 4811
f 4811 4864 4865
f 4811 4865 4812
f 4812 4865 4866
f 4812 4866 4813
f 4813 4866 4867
f 4813 4867 4814
f 4814 4867 4868
f 4814 4868 4815
f 4815 4868 4869
f 4815 4869 4816
f 4816 4869 4870
f 4816 4870 4817
f 4817 4870 4871
f 4817 4871 4818
f 4818 4871 4872
f 4818 4872 4819
f 4819 4872 4873
f 4819 4873 4820
f 4820 4873 4874
f 4820 4874 4821
f 4821 4874 4875
f 4821 4875 4822
f 4822 4875 4876
f 4822 4876 4823
f 4823 4876 4877
f 4823 4877 4824
f 4824 4877 4878
f 4824 4878 4825
f 4825 4878 4730
f 4825 4730 4732
f 4806 4859 4861
f 4861 4859 4857
f 4861 4857 4862
f 4862 4857 4855
f 4862 4855 4863
f 4863 4855 4853
f 4863 4853 4864
f 4864 4853 4851
f 4864 4851 4865
f 4865 4851 4849
f 4865 4849 4866
f 4866 4849 4847
f 4866 4847 4867
f 4867 4847 4845
f 4867 4845 4868
f 4868 4845 4843
f 4868 4843 4869
f 4869 4843 4841
f 4869 4841 4870
f 4870 4841 4839
f 4870 4839 4871
f 4871 4839 4837
f 4871 4837 4872
f 4872 4837 4835
f 4872 4835 4873
f 4873 4835 4833
f 4873 4833 4874
f 4874 4833 4831
f 4874 4831 4875
f 4875 4831 4829
f 4875 4829 4876
f 4876 4829 4827
f 4876 4827 4877
f 4877 4827 4807
f 4877 4807 4878
f 4878 4807 4727
f 4878 4727 4730
f 4879 4880 3032
f 4881 4882 3032
f 4881 3032 4883
f 4884 4883 3032
f 4885 4884 3032
f 4886 4885 3032
f 4887 4886 3032
f 4888 4887 3032
f 4889 4888 3032
f 3041 4889 3032
f 4890 4891 4892
f 4890 4892 4893
f 4891 4890 4894
f 4894 4890 4895
f 4894 4895 4896
f 4896 4895 4897
f 4896 4897 4898
f 4898 4897 3049
f 4898 3049 3050
f 3044 3042 4880
f 4880 3042 3032
f 4882 4879 3032
f 3105 3044 4899
f 3093 3105 4900
f 3082 3093 4901
f 3067 3082 4902
f 4902 3082 4903
f 4902 4903 4904
f 4905 4906 4907
f 4907 4906 4908
f 4907 4908 4909
f 4909 4908 4910
f 4909 4910 4904
f 4904 4910 4911
f 4904 4911 4902
f 4905 4907 4912
f 4912 4907 4913
f 4912 4913 4914
f 4914 4913 4915
f 4914 4915 4916
f 4916 4915 4917
f 4916 4917 4918
f 4918 4917 4919
f 4918 4919 4920
f 3082 4901 4903
f 4903 4901 4921
f 4903 4921 4904
f 4904 4921 4922
f 4904 4922 4909
f 4909 4922 4923
f 4909 4923 4907
f 4907 4923 4924
f 4907 4924 4913
f 4913 4924 4925
f 4913 4925 4915
f 4915 4925 4926
f 4915 4926 4917
f 4917 4926 4893
f 4917 4893 4919
f 4919 4893 4892
f 4919 4892 4920
f 4920 4892 4927
f 4920 4927 4928
f 3093 4900 4901
f 4901 4900 4929
f 4901 4929 4921
f 4921 4929 4930
f 4921 4930 4922
f 4922 4930 4931
f 4922 4931 4923
f 4923 4931 4932
f 4923 4932 4924
f 4924 4932 4933
f 4924 4933 4925
f 4925 4933 4934
f 4925 4934 4926
f 4926 4934 4935
f 4926 4935 4893
f 4893 4935 4936
f 4893 4936 4890
f 4890 4936 4937
f 4890 4937 4895
f 4895 4937 4938
f 4895 4938 4897
f 4897 4938 3046
f 4897 3046 3049
f 3105 4899 4900
f 4900 4899 4939
f 4900 4939 4929
f 4929 4939 4940
f 4929 4940 4930
f 4930 4940 4941
f 4930 4941 4931
f 4931 4941 4942
f 4931 4942 4932
f 4932 4942 4943
f 4932 4943 4933
f 4933 4943 4944
f 4933 4944 4934
f 4934 4944 4945
f 4934 4945 4935
f 4935 4945 4946
f 4935 4946 4936
f 4936 4946 4947
f 4936 4947 4937
f 4937 4947 4948
f 4937 4948 4938
f 4938 4948 3047
f 4938 3047 3046
f 3044 4880 4899
f 4899 4880 4879
f 4899 4879 4939
f 4939 4879 4882
f 4939 4882 4940
f 4940 4882 4881
f 4940 4881 4941
f 4941 4881 4883
f 4941 4883 4942
f 4942 4883 4884
f 4942 4884 4943
f 4943 4884 4885
f 4943 4885 4944
f 4944 4885 4886
f 4944 4886 4945
f 4945 4886 4887
f 4945 4887 4946
f 4946 4887 4888
f 4946 4888 4947
f 4947 4888 4889
f 4947 4889 4948
f 4948 4889 3041
f 4948 3041 3047
f 4949 4950 4951
f 4951 4950 3106
f 3200 3202 4952
f 3206 3205 4953
f 3115 3106 4950
f 3115 4950 3121
f 3121 4950 4949
f 3121 4949 3123
f 4954 4955 3124
f 3117 3124 3207
f 3207 3124 4955
f 3207 4955 3208
f 4956 4920 4928
f 4957 4958 4912
f 4912 4958 4959
f 4912 4959 4905
f 4960 4961 4962
f 3177 4963 3159
f 3159 4963 4964
f 3159 4964 3148
f 3148 4964 4965
f 3148 4965 3138
f 3138 4965 4966
f 3138 4966 3127
f 3127 4966 4967
f 3127 4967 3114
f 3114 4967 4968
f 3114 4968 3106
f 3205 3208 4953
f 4953 3208 4955
f 4953 4955 4969
f 4969 4955 4954
f 4969 4954 4970
f 3202 3206 4952
f 4952 3206 4953
f 4952 4953 4971
f 4971 4953 4969
f 4971 4969 4972
f 4972 4969 4970
f 4972 4970 4973
f 4973 4974 4972
f 4972 4974 4975
f 4972 4975 4971
f 4971 4975 4976
f 4971 4976 4952
f 4952 4976 4977
f 4952 4977 3200
f 3200 4977 4956
f 3200 4956 4978
f 4978 4956 4928
f 4961 4958 4962
f 4962 4958 4957
f 4962 4957 4979
f 4979 4957 4980
f 4979 4980 4981
f 4981 4980 4982
f 4981 4982 4983
f 4983 4982 4984
f 4983 4984 4985
f 4985 4986 4983
f 4983 4986 4987
f 4983 4987 4981
f 4981 4987 4988
f 4981 4988 4979
f 4979 4988 4989
f 4979 4989 4962
f 4962 4989 4990
f 4962 4990 4960
f 4963 4960 4964
f 4964 4960 4990
f 4964 4990 4965
f 4965 4990 4989
f 4965 4989 4966
f 4966 4989 4988
f 4966 4988 4967
f 4967 4988 4987
f 4967 4987 4968
f 4968 4987 4986
f 4968 4986 3106
f 4985 3106 4986
f 4984 4991 4985
f 4985 4991 3106
f 4918 4920 4992
f 4992 4920 4956
f 4992 4956 4993
f 4993 4956 4977
f 4993 4977 4994
f 4994 4977 4976
f 4994 4976 4995
f 4995 4976 4975
f 4995 4975 4996
f 4996 4975 4974
f 4996 4974 3106
f 4973 3106 4974
f 3124 3123 4954
f 4954 3123 4949
f 4954 4949 4970
f 4970 4949 4951
f 4970 4951 4973
f 4973 4951 3106
f 4916 4918 4997
f 4997 4918 4992
f 4997 4992 4998
f 4998 4992 4993
f 4998 4993 4999
f 4999 4993 4994
f 4999 4994 5000
f 5000 4994 4995
f 5000 4995 5001
f 5001 4995 4996
f 5001 4996 3106
f 4914 4916 5002
f 5002 4916 4997
f 5002 4997 5003
f 5003 4997 4998
f 5003 4998 5004
f 5004 4998 4999
f 5004 4999 5005
f 5005 4999 5000
f 5005 5000 5006
f 5006 5000 5001
f 5006 5001 3106
f 4912 4914 4957
f 4957 4914 5002
f 4957 5002 4980
f 4980 5002 5003
f 4980 5003 4982
f 4982 5003 5004
f 4982 5004 4984
f 4984 5004 5005
f 4984 5005 4991
f 4991 5005 5006
f 4991 5006 3106
f 5007 5008 3216
f 5009 5010 3216
f 5009 3216 5011
f 5012 5011 3216
f 5013 5012 3216
f 5014 5013 3216
f 5015 5014 3216
f 5016 5015 3216
f 5017 5016 3216
f 3225 5017 3216
f 5018 3197 3199
f 5018 3199 5019
f 3197 5018 3196
f 3196 5018 5020
f 3196 5020 3194
f 3194 5020 3193
f 3193 5020 5021
f 3193 5021 3191
f 3191 5021 3233
f 3191 3233 3190
f 3228 3226 5008
f 5008 3226 3216
f 5010 5007 3216
f 3284 3228 5022
f 3272 3284 5023
f 3261 3272 5024
f 3246 3261 5025
f 5025 3261 5026
f 5025 5026 5027
f 5028 5029 5030
f 5030 5029 5031
f 5030 5031 5032
f 5032 5031 5033
f 5032 5033 5027
f 5027 5033 5034
f 5027 5034 5025
f 5028 5030 5035
f 5035 5030 5036
f 5035 5036 5037
f 5037 5036 5038
f 5037 5038 5039
f 5039 5038 5040
f 5039 5040 5041
f 5041 5040 5042
f 5041 5042 5043
f 3261 5024 5026
f 5026 5024 5044
f 5026 5044 5027
f 5027 5044 5045
f 5027 5045 5032
f 5032 5045 5046
f 5032 5046 5030
f 5030 5046 5047
f 5030 5047 5036
f 5036 5047 5048
f 5036 5048 5038
f 5038 5048 5049
f 5038 5049 5040
f 5040 5049 5019
f 5040 5019 5042
f 5042 5019 3199
f 5042 3199 5043
f 5043 3199 5050
f 5043 5050 5051
f 3272 5023 5024
f 5024 5023 5052
f 5024 5052 5044
f 5044 5052 5053
f 5044 5053 5045
f 5045 5053 5054
f 5045 5054 5046
f 5046 5054 5055
f 5046 5055 5047
f 5047 5055 5056
f 5047 5056 5048
f 5048 5056 5057
f 5048 5057 5049
f 5049 5057 5058
f 5049 5058 5019
f 5019 5058 5059
f 5019 5059 5018
f 5018 5059 5060
f 5018 5060 5020
f 5020 5060 5061
f 5020 5061 5021
f 5021 5061 3230
f 5021 3230 3233
f 3284 5022 5023
f 5023 5022 5062
f 5023 5062 5052
f 5052 5062 5063
f 5052 5063 5053
f 5053 5063 5064
f 5053 5064 5054
f 5054 5064 5065
f 5054 5065 5055
f 5055 5065 5066
f 5055 5066 5056
f 5056 5066 5067
f 5056 5067 5057
f 5057 5067 5068
f 5057 5068 5058
f 5058 5068 5069
f 5058 5069 5059
f 5059 5069 5070
f 5059 5070 5060
f 5060 5070 5071
f 5060 5071 5061
f 5061 5071 3231
f 5061 3231 3230
f 3228 5008 5022
f 5022 5008 5007
f 5022 5007 5062
f 5062 5007 5010
f 5062 5010 5063
f 5063 5010 5009
f 5063 5009 5064
f 5064 5009 5011
f 5064 5011 5065
f 5065 5011 5012
f 5065 5012 5066
f 5066 5012 5013
f 5066 5013 5067
f 5067 5013 5014
f 5067 5014 5068
f 5068 5014 5015
f 5068 5015 5069
f 5069 5015 5016
f 5069 5016 5070
f 5070 5016 5017
f 5070 5017 5071
f 5071 5017 3225
f 5071 3225 3231
f 5072 5073 5074
f 5074 5073 3285
f 3368 3370 5075
f 3372 3373 5076
f 3295 3285 5073
f 3295 5073 3301
f 3301 5073 5072
f 3301 5072 3303
f 5077 5078 3304
f 3297 3304 3376
f 3376 3304 5078
f 3376 5078 3375
f 5079 5043 5051
f 5080 5081 5035
f 5035 5081 5082
f 5035 5082 5028
f 5083 5084 5085
f 3356 5086 3328
f 3328 5086 5087
f 3328 5087 3318
f 3318 5087 5088
f 3318 5088 3305
f 3305 5088 5089
f 3305 5089 3292
f 3292 5089 5090
f 3292 5090 3293
f 3293 5090 5091
f 3293 5091 3285
f 3373 3375 5076
f 5076 3375 5078
f 5076 5078 5092
f 5092 5078 5077
f 5092 5077 5093
f 3370 3372 5075
f 5075 3372 5076
f 5075 5076 5094
f 5094 5076 5092
f 5094 5092 5095
f 5095 5092 5093
f 5095 5093 5096
f 5096 5097 5095
f 5095 5097 5098
f 5095 5098 5094
f 5094 5098 5099
f 5094 5099 5075
f 5075 5099 5100
f 5075 5100 3368
f 3368 5100 5079
f 3368 5079 5101
f 5101 5079 5051
f 5084 5081 5085
f 5085 5081 5080
f 5085 5080 5102
f 5102 5080 5103
f 5102 5103 5104
f 5104 5103 5105
f 5104 5105 5106
f 5106 5105 5107
f 5106 5107 5108
f 5108 5109 5106
f 5106 5109 5110
f 5106 5110 5104
f 5104 5110 5111
f 5104 5111 5102
f 5102 5111 5112
f 5102 5112 5085
f 5085 5112 5113
f 5085 5113 5083
f 5086 5083 5087
f 5087 5083 5113
f 5087 5113 5088
f 5088 5113 5112
f 5088 5112 5089
f 5089 5112 5111
f 5089 5111 5090
f 5090 5111 5110
f 5090 5110 5091
f 5091 5110 5109
f 5091 5109 3285
f 5108 3285 5109
f 5107 5114 5108
f 5108 5114 3285
f 5041 5043 5115
f 5115 5043 5079
f 5115 5079 5116
f 5116 5079 5100
f 5116 5100 5117
f 5117 5100 5099
f 5117 5099 5118
f 5118 5099 5098
f 5118 5098 5119
f 5119 5098 5097
f 5119 5097 3285
f 5096 3285 5097
f 3304 3303 5077
f 5077 3303 5072
f 5077 5072 5093
f 5093 5072 5074
f 5093 5074 5096
f 5096 5074 3285
f 5039 5041 5120
f 5120 5041 5115
f 5120 5115 5121
f 5121 5115 5116
f 5121 5116 5122
f 5122 5116 5117
f 5122 5117 5123
f 5123 5117 5118
f 5123 5118 5124
f 5124 5118 5119
f 5124 5119 3285
f 5037 5039 5125
f 5125 5039 5120
f 5125 5120 5126
f 5126 5120 5121
f 5126 5121 5127
f 5127 5121 5122
f 5127 5122 5128
f 5128 5122 5123
f 5128 5123 5129
f 5129 5123 5124
f 5129 5124 3285
f 5035 5037 5080
f 5080 5037 5125
f 5080 5125 5103
f 5103 5125 5126
f 5103 5126 5105
f 5105 5126 5127
f 5105 5127 5107
f 5107 5127 5128
f 5107 5128 5114
f 5114 5128 5129
f 5114 5129 3285
f 5130 5131 3395
f 5132 5133 3395
f 5132 3395 5134
f 5135 5134 3395
f 5136 5135 3395
f 5137 5136 3395
f 5138 5137 3395
f 5139 5138 3395
f 5140 5139 3395
f 3404 5140 3395
f 5141 3365 3367
f 5141 3367 5142
f 3365 5141 3364
f 3364 5141 5143
f 3364 5143 3362
f 3362 5143 3359
f 3359 5143 5144
f 3359 5144 3360
f 3360 5144 3412
f 3360 3412 3385
f 3407 3405 5131
f 5131 3405 3395
f 5133 5130 3395
f 3463 3407 5145
f 3451 3463 5146
f 3440 3451 5147
f 3425 3440 5148
f 5148 3440 5149
f 5148 5149 5150
f 5151 5152 5153
f 5153 5152 5154
f 5153 5154 5155
f 5155 5154 5156
f 5155 5156 5150
f 5150 5156 5157
f 5150 5157 5148
f 5151 5153 5158
f 5158 5153 5159
f 5158 5159 5160
f 5160 5159 5161
f 5160 5161 5162
f 5162 5161 5163
f 5162 5163 5164
f 5164 5163 5165
f 5164 5165 5166
f 3440 5147 5149
f 5149 5147 5167
f 5149 5167 5150
f 5150 5167 5168
f 5150 5168 5155
f 5155 5168 5169
f 5155 5169 5153
f 5153 5169 5170
f 5153 5170 5159
f 5159 5170 5171
f 5159 5171 5161
f 5161 5171 5172
f 5161 5172 5163
f 5163 5172 5142
f 5163 5142 5165
f 5165 5142 3367
f 5165 3367 5166
f 5166 3367 5173
f 5166 5173 5174
f 3451 5146 5147
f 5147 5146 5175
f 5147 5175 5167
f 5167 5175 5176
f 5167 5176 5168
f 5168 5176 5177
f 5168 5177 5169
f 5169 5177 5178
f 5169 5178 5170
f 5170 5178 5179
f 5170 5179 5171
f 5171 5179 5180
f 5171 5180 5172
f 5172 5180 5181
f 5172 5181 5142
f 5142 5181 5182
f 5142 5182 5141
f 5141 5182 5183
f 5141 5183 5143
f 5143 5183 5184
f 5143 5184 5144
f 5144 5184 3409
f 5144 3409 3412
f 3463 5145 5146
f 5146 5145 5185
f 5146 5185 5175
f 5175 5185 5186
f 5175 5186 5176
f 5176 5186 5187
f 5176 5187 5177
f 5177 5187 5188
f 5177 5188 5178
f 5178 5188 5189
f 5178 5189 5179
f 5179 5189 5190
f 5179 5190 5180
f 5180 5190 5191
f 5180 5191 5181
f 5181 5191 5192
f 5181 5192 5182
f 5182 5192 5193
f 5182 5193 5183
f 5183 5193 5194
f 5183 5194 5184
f 5184 5194 3410
f 5184 3410 3409
f 3407 5131 5145
f 5145 5131 5130
f 5145 5130 5185
f 5185 5130 5133
f 5185 5133 5186
f 5186 5133 5132
f 5186 5132 5187
f 5187 5132 5134
f 5187 5134 5188
f 5188 5134 5135
f 5188 5135 5189
f 5189 5135 5136
f 5189 5136 5190
f 5190 5136 5137
f 5190 5137 5191
f 5191 5137 5138
f 5191 5138 5192
f 5192 5138 5139
f 5192 5139 5193
f 5193 5139 5140
f 5193 5140 5194
f 5194 5140 3404
f 5194 3404 3410
f 5195 5196 5197
f 3472 3470 5198
f 3474 3472 5199
f 5199 3472 5198
f 5199 5198 5200
f 5200 5198 3464
f 5201 5202 5203
f 5203 5202 5204
f 5205 5166 5174
f 5206 5207 5158
f 5158 5207 5208
f 5158 5208 5151
f 5209 5210 5211
f 3534 5212 3514
f 3514 5212 5213
f 3514 5213 3503
f 3503 5213 5214
f 3503 5214 3493
f 3493 5214 5215
f 3493 5215 3482
f 3482 5215 5216
f 3482 5216 3469
f 3469 5216 5217
f 3469 5217 3464
f 3476 3474 5218
f 5218 3474 5199
f 5218 5199 5219
f 5219 5199 5200
f 5219 5200 5220
f 5220 5200 3464
f 3464 5221 5220
f 5220 5221 5222
f 5220 5222 5219
f 5219 5222 5223
f 5219 5223 5218
f 5218 5223 5224
f 5218 5224 3476
f 3470 3464 5198
f 5196 5201 5197
f 5197 5201 5203
f 5197 5203 5225
f 5174 5226 5205
f 5205 5226 5195
f 5205 5195 5227
f 5227 5195 5197
f 5227 5197 5228
f 5228 5197 5225
f 5228 5225 5229
f 5210 5207 5211
f 5211 5207 5206
f 5211 5206 5230
f 5230 5206 5231
f 5230 5231 5232
f 5232 5231 5233
f 5232 5233 5234
f 5234 5233 5235
f 5234 5235 5236
f 5236 5237 5234
f 5234 5237 5238
f 5234 5238 5232
f 5232 5238 5239
f 5232 5239 5230
f 5230 5239 5240
f 5230 5240 5211
f 5211 5240 5241
f 5211 5241 5209
f 5212 5209 5213
f 5213 5209 5241
f 5213 5241 5214
f 5214 5241 5240
f 5214 5240 5215
f 5215 5240 5239
f 5215 5239 5216
f 5216 5239 5238
f 5216 5238 5217
f 5217 5238 5237
f 5217 5237 3464
f 5236 3464 5237
f 5235 5242 5236
f 5236 5242 3464
f 5164 5166 5243
f 5243 5166 5205
f 5243 5205 5244
f 5244 5205 5227
f 5244 5227 5245
f 5245 5227 5228
f 5245 5228 5246
f 5246 5228 5229
f 5246 5229 5247
f 5247 5248 5246
f 5246 5248 5249
f 5246 5249 5245
f 5245 5249 5250
f 5245 5250 5244
f 5244 5250 5251
f 5244 5251 5243
f 5243 5251 5252
f 5243 5252 5164
f 5164 5252 5162
f 5160 5162 5253
f 5253 5162 5252
f 5253 5252 5254
f 5254 5252 5251
f 5254 5251 5255
f 5255 5251 5250
f 5255 5250 5256
f 5256 5250 5249
f 5256 5249 5257
f 5257 5249 5248
f 5257 5248 3464
f 5247 3464 5248
f 3478 3476 5204
f 5204 3476 5224
f 5204 5224 5203
f 5203 5224 5223
f 5203 5223 5225
f 5225 5223 5222
f 5225 5222 5229
f 5229 5222 5221
f 5229 5221 5247
f 5247 5221 3464
f 5158 5160 5206
f 5206 5160 5253
f 5206 5253 5231
f 5231 5253 5254
f 5231 5254 5233
f 5233 5254 5255
f 5233 5255 5235
f 5235 5255 5256
f 5235 5256 5242
f 5242 5256 5257
f 5242 5257 3464
f 5258 5259 3537
f 5260 5261 3537
f 5260 3537 5262
f 5263 5262 3537
f 5264 5263 3537
f 5265 5264 3537
f 5266 5265 3537
f 5267 5266 3537
f 5268 5267 3537
f 3546 5268 3537
f 5269 5270 5271
f 5269 5271 5272
f 5270 5269 5273
f 5273 5269 5274
f 5273 5274 5275
f 5275 5274 5276
f 5275 5276 5277
f 5277 5276 3554
f 5277 3554 3555
f 3549 3547 5259
f 5259 3547 3537
f 5261 5258 3537
f 3610 3549 5278
f 3598 3610 5279
f 3587 3598 5280
f 3572 3587 5281
f 5281 3587 5282
f 5281 5282 5283
f 5284 5285 5286
f 5286 5285 5287
f 5286 5287 5288
f 5288 5287 5289
f 5288 5289 5283
f 5283 5289 5290
f 5283 5290 5281
f 5284 5286 5291
f 5291 5286 5292
f 5291 5292 5293
f 5293 5292 5294
f 5293 5294 5295
f 5295 5294 5296
f 5295 5296 5297
f 5297 5296 5298
f 5297 5298 5299
f 3587 5280 5282
f 5282 5280 5300
f 5282 5300 5283
f 5283 5300 5301
f 5283 5301 5288
f 5288 5301 5302
f 5288 5302 5286
f 5286 5302 5303
f 5286 5303 5292
f 5292 5303 5304
f 5292 5304 5294
f 5294 5304 5305
f 5294 5305 5296
f 5296 5305 5272
f 5296 5272 5298
f 5298 5272 5271
f 5298 5271 5299
f 5299 5271 5306
f 5299 5306 5307
f 3598 5279 5280
f 5280 5279 5308
f 5280 5308 5300
f 5300 5308 5309
f 5300 5309 5301
f 5301 5309 5310
f 5301 5310 5302
f 5302 5310 5311
f 5302 5311 5303
f 5303 5311 5312
f 5303 5312 5304
f 5304 5312 5313
f 5304 5313 5305
f 5305 5313 5314
f 5305 5314 5272
f 5272 5314 5315
f 5272 5315 5269
f 5269 5315 5316
f 5269 5316 5274
f 5274 5316 5317
f 5274 5317 5276
f 5276 5317 3551
f 5276 3551 3554
f 3610 5278 5279
f 5279 5278 5318
f 5279 5318 5308
f 5308 5318 5319
f 5308 5319 5309
f 5309 5319 5320
f 5309 5320 5310
f 5310 5320 5321
f 5310 5321 5311
f 5311 5321 5322
f 5311 5322 5312
f 5312 5322 5323
f 5312 5323 5313
f 5313 5323 5324
f 5313 5324 5314
f 5314 5324 5325
f 5314 5325 5315
f 5315 5325 5326
f 5315 5326 5316
f 5316 5326 5327
f 5316 5327 5317
f 5317 5327 3552
f 5317 3552 3551
f 3549 5259 5278
f 5278 5259 5258
f 5278 5258 5318
f 5318 5258 5261
f 5318 5261 5319
f 5319 5261 5260
f 5319 5260 5320
f 5320 5260 5262
f 5320 5262 5321
f 5321 5262 5263
f 5321 5263 5322
f 5322 5263 5264
f 5322 5264 5323
f 5323 5264 5265
f 5323 5265 5324
f 5324 5265 5266
f 5324 5266 5325
f 5325 5266 5267
f 5325 5267 5326
f 5326 5267 5268
f 5326 5268 5327
f 5327 5268 3546
f 5327 3546 3552
f 5328 5329 5330
f 5330 5329 3611
f 3705 3707 5331
f 3711 3710 5332
f 3620 3611 5329
f 3620 5329 3626
f 3626 5329 5328
f 3626 5328 3628
f 5333 5334 3629
f 3622 3629 3712
f 3712 3629 5334
f 3712 5334 3713
f 5335 5299 5307
f 5336 5337 5291
f 5291 5337 5338
f 5291 5338 5284
f 5339 5340 5341
f 3682 5342 3664
f 3664 5342 5343
f 3664 5343 3653
f 3653 5343 5344
f 3653 5344 3643
f 3643 5344 5345
f 3643 5345 3632
f 3632 5345 5346
f 3632 5346 3619
f 3619 5346 5347
f 3619 5347 3611
f 3710 3713 5332
f 5332 3713 5334
f 5332 5334 5348
f 5348 5334 5333
f 5348 5333 5349
f 3707 3711 5331
f 5331 3711 5332
f 5331 5332 5350
f 5350 5332 5348
f 5350 5348 5351
f 5351 5348 5349
f 5351 5349 5352
f 5352 5353 5351
f 5351 5353 5354
f 5351 5354 5350
f 5350 5354 5355
f 5350 5355 5331
f 5331 5355 5356
f 5331 5356 3705
f 3705 5356 5335
f 3705 5335 5357
f 5357 5335 5307
f 5340 5337 5341
f 5341 5337 5336
f 5341 5336 5358
f 5358 5336 5359
f 5358 5359 5360
f 5360 5359 5361
f 5360 5361 5362
f 5362 5361 5363
f 5362 5363 5364
f 5364 5365 5362
f 5362 5365 5366
f 5362 5366 5360
f 5360 5366 5367
f 5360 5367 5358
f 5358 5367 5368
f 5358 5368 5341
f 5341 5368 5369
f 5341 5369 5339
f 5342 5339 5343
f 5343 5339 5369
f 5343 5369 5344
f 5344 5369 5368
f 5344 5368 5345
f 5345 5368 5367
f 5345 5367 5346
f 5346 5367 5366
f 5346 5366 5347
f 5347 5366 5365
f 5347 5365 3611
f 5364 3611 5365
f 5363 5370 5364
f 5364 5370 3611
f 5297 5299 5371
f 5371 5299 5335
f 5371 5335 5372
f 5372 5335 5356
f 5372 5356 5373
f 5373 5356 5355
f 5373 5355 5374
f 5374 5355 5354
f 5374 5354 5375
f 5375 5354 5353
f 5375 5353 3611
f 5352 3611 5353
f 3629 3628 5333
f 5333 3628 5328
f 5333 5328 5349
f 5349 5328 5330
f 5349 5330 5352
f 5352 5330 3611
f 5295 5297 5376
f 5376 5297 5371
f 5376 5371 5377
f 5377 5371 5372
f 5377 5372 5378
f 5378 5372 5373
f 5378 5373 5379
f 5379 5373 5374
f 5379 5374 5380
f 5380 5374 5375
f 5380 5375 3611
f 5293 5295 5381
f 5381 5295 5376
f 5381 5376 5382
f 5382 5376 5377
f 5382 5377 5383
f 5383 5377 5378
f 5383 5378 5384
f 5384 5378 5379
f 5384 5379 5385
f 5385 5379 5380
f 5385 5380 3611
f 5291 5293 5336
f 5336 5293 5381
f 5336 5381 5359
f 5359 5381 5382
f 5359 5382 5361
f 5361 5382 5383
f 5361 5383 5363
f 5363 5383 5384
f 5363 5384 5370
f 5370 5384 5385
f 5370 5385 3611
f 5386 5387 3721
f 5388 5389 3721
f 5388 3721 5390
f 5391 5390 3721
f 5392 5391 3721
f 5393 5392 3721
f 5394 5393 3721
f 5395 5394 3721
f 5396 5395 3721
f 3730 5396 3721
f 5397 3702 3704
f 5397 3704 5398
f 3702 5397 3701
f 3701 5397 5399
f 3701 5399 3699
f 3699 5399 3698
f 3698 5399 5400
f 3698 5400 3696
f 3696 5400 3740
f 3696 3740 3695
f 3734 3732 5387
f 5387 3732 3721
f 5389 5386 3721
f 3789 3734 5401
f 3778 3789 5402
f 3767 3778 5403
f 3753 3767 5404
f 5404 3767 5405
f 5404 5405 5406
f 5407 5408 5409
f 5409 5408 5410
f 5409 5410 5411
f 5411 5410 5412
f 5411 5412 5406
f 5406 5412 5413
f 5406 5413 5404
f 5407 5409 5414
f 5414 5409 5415
f 5414 5415 5416
f 5416 5415 5417
f 5416 5417 5418
f 5418 5417 5419
f 5418 5419 5420
f 5420 5419 5421
f 5420 5421 5422
f 3767 5403 5405
f 5405 5403 5423
f 5405 5423 5406
f 5406 5423 5424
f 5406 5424 5411
f 5411 5424 5425
f 5411 5425 5409
f 5409 5425 5426
f 5409 5426 5415
f 5415 5426 5427
f 5415 5427 5417
f 5417 5427 5428
f 5417 5428 5419
f 5419 5428 5398
f 5419 5398 5421
f 5421 5398 3704
f 5421 3704 5422
f 5422 3704 5429
f 5422 5429 5430
f 3778 5402 5403
f 5403 5402 5431
f 5403 5431 5423
f 5423 5431 5432
f 5423 5432 5424
f 5424 5432 5433
f 5424 5433 5425
f 5425 5433 5434
f 5425 5434 5426
f 5426 5434 5435
f 5426 5435 5427
f 5427 5435 5436
f 5427 5436 5428
f 5428 5436 5437
f 5428 5437 5398
f 5398 5437 5438
f 5398 5438 5397
f 5397 5438 5439
f 5397 5439 5399
f 5399 5439 5440
f 5399 5440 5400
f 5400 5440 3738
f 5400 3738 3740
f 3789 5401 5402
f 5402 5401 5441
f 5402 5441 5431
f 5431 5441 5442
f 5431 5442 5432
f 5432 5442 5443
f 5432 5443 5433
f 5433 5443 5444
f 5433 5444 5434
f 5434 5444 5445
f 5434 5445 5435
f 5435 5445 5446
f 5435 5446 5436
f 5436 5446 5447
f 5436 5447 5437
f 5437 5447 5448
f 5437 5448 5438
f 5438 5448 5449
f 5438 5449 5439
f 5439 5449 5450
f 5439 5450 5440
f 5440 5450 3736
f 5440 3736 3738
f 3734 5387 5401
f 5401 5387 5386
f 5401 5386 5441
f 5441 5386 5389
f 5441 5389 5442
f 5442 5389 5388
f 5442 5388 5443
f 5443 5388 5390
f 5443 5390 5444
f 5444 5390 5391
f 5444 5391 5445
f 5445 5391 5392
f 5445 5392 5446
f 5446 5392 5393
f 5446 5393 5447
f 5447 5393 5394
f 5447 5394 5448
f 5448 5394 5395
f 5448 5395 5449
f 5449 5395 5396
f 5449 5396 5450
f 5450 5396 3730
f 5450 3730 3736
f 5451 5452 5453
f 5453 5452 3798
f 5454 5455 5456
f 3885 3887 5457
f 3891 3890 5458
f 3801 3798 5452
f 3801 5452 3807
f 3807 5452 5451
f 3807 5451 3809
f 5459 5460 3810
f 3803 3810 3892
f 3892 3810 5460
f 3892 5460 3893
f 5461 5422 5430
f 5462 5463 5414
f 5414 5463 5464
f 5414 5464 5407
f 3841 5465 3839
f 3839 5465 5466
f 3839 5466 3823
f 3823 5466 5467
f 3823 5467 3819
f 3819 5467 5468
f 3819 5468 3813
f 3813 5468 5469
f 3813 5469 3800
f 3800 5469 5470
f 3800 5470 3798
f 3890 3893 5458
f 5458 3893 5460
f 5458 5460 5471
f 5471 5460 5459
f 5471 5459 5472
f 3887 3891 5457
f 5457 3891 5458
f 5457 5458 5473
f 5473 5458 5471
f 5473 5471 5474
f 5474 5471 5472
f 5474 5472 5475
f 5475 5476 5474
f 5474 5476 5477
f 5474 5477 5473
f 5473 5477 5478
f 5473 5478 5457
f 5457 5478 5479
f 5457 5479 3885
f 3885 5479 5461
f 3885 5461 5480
f 5480 5461 5430
f 5455 5463 5456
f 5456 5463 5462
f 5456 5462 5481
f 5481 5462 5482
f 5481 5482 5483
f 5483 5482 5484
f 5483 5484 5485
f 5485 5484 5486
f 5485 5486 5487
f 5487 5488 5485
f 5485 5488 5489
f 5485 5489 5483
f 5483 5489 5490
f 5483 5490 5481
f 5481 5490 5491
f 5481 5491 5456
f 5456 5491 5492
f 5456 5492 5454
f 5454 5492 5493
f 5465 5493 5466
f 5466 5493 5492
f 5466 5492 5467
f 5467 5492 5491
f 5467 5491 5468
f 5468 5491 5490
f 5468 5490 5469
f 5469 5490 5489
f 5469 5489 5470
f 5470 5489 5488
f 5470 5488 3798
f 5487 3798 5488
f 5486 5494 5487
f 5487 5494 3798
f 5420 5422 5495
f 5495 5422 5461
f 5495 5461 5496
f 5496 5461 5479
f 5496 5479 5497
f 5497 5479 5478
f 5497 5478 5498
f 5498 5478 5477
f 5498 5477 5499
f 5499 5477 5476
f 5499 5476 3798
f 5475 3798 5476
f 3810 3809 5459
f 5459 3809 5451
f 5459 5451 5472
f 5472 5451 5453
f 5472 5453 5475
f 5475 5453 3798
f 5418 5420 5500
f 5500 5420 5495
f 5500 5495 5501
f 5501 5495 5496
f 5501 5496 5502
f 5502 5496 5497
f 5502 5497 5503
f 5503 5497 5498
f 5503 5498 5504
f 5504 5498 5499
f 5504 5499 3798
f 5416 5418 5505
f 5505 5418 5500
f 5505 5500 5506
f 5506 5500 5501
f 5506 5501 5507
f 5507 5501 5502
f 5507 5502 5508
f 5508 5502 5503
f 5508 5503 5509
f 5509 5503 5504
f 5509 5504 3798
f 5414 5416 5462
f 5462 5416 5505
f 5462 5505 5482
f 5482 5505 5506
f 5482 5506 5484
f 5484 5506 5507
f 5484 5507 5486
f 5486 5507 5508
f 5486 5508 5494
f 5494 5508 5509
f 5494 5509 3798
f 5510 5511 3901
f 5512 5513 3901
f 5512 3901 5514
f 5515 5514 3901
f 5516 5515 3901
f 5517 5516 3901
f 5518 5517 3901
f 5519 5518 3901
f 5520 5519 3901
f 5521 5522 5523
f 3915 5520 3901
f 5524 3882 3884
f 5524 3884 5525
f 3882 5524 3881
f 3881 5524 5526
f 3881 5526 3879
f 3879 5526 3878
f 3878 5526 5527
f 3878 5527 3876
f 3876 5527 3918
f 3876 3918 3875
f 3913 3911 5511
f 5511 3911 3901
f 5513 5510 3901
f 3965 3913 5528
f 3954 3965 5529
f 3943 3954 5530
f 5522 5521 3943
f 3943 5521 5531
f 3943 5531 3925
f 4199 5532 5533
f 5533 5532 5534
f 5533 5534 5535
f 5535 5534 5536
f 5535 5536 5523
f 5523 5536 5537
f 5523 5537 5521
f 4199 5533 4200
f 4200 5533 5538
f 4200 5538 4221
f 4221 5538 5539
f 4221 5539 4219
f 4219 5539 5540
f 4219 5540 4217
f 4217 5540 5541
f 4217 5541 4215
f 3943 5530 5522
f 5522 5530 5542
f 5522 5542 5523
f 5523 5542 5543
f 5523 5543 5535
f 5535 5543 5544
f 5535 5544 5533
f 5533 5544 5545
f 5533 5545 5538
f 5538 5545 5546
f 5538 5546 5539
f 5539 5546 5547
f 5539 5547 5540
f 5540 5547 5525
f 5540 5525 5541
f 5541 5525 3884
f 5541 3884 4215
f 4215 3884 5548
f 4215 5548 4214
f 3954 5529 5530
f 5530 5529 5549
f 5530 5549 5542
f 5542 5549 5550
f 5542 5550 5543
f 5543 5550 5551
f 5543 5551 5544
f 5544 5551 5552
f 5544 5552 5545
f 5545 5552 5553
f 5545 5553 5546
f 5546 5553 5554
f 5546 5554 5547
f 5547 5554 5555
f 5547 5555 5525
f 5525 5555 5556
f 5525 5556 5524
f 5524 5556 5557
f 5524 5557 5526
f 5526 5557 5558
f 5526 5558 5527
f 5527 5558 3916
f 5527 3916 3918
f 3965 5528 5529
f 5529 5528 5559
f 5529 5559 5549
f 5549 5559 5560
f 5549 5560 5550
f 5550 5560 5561
f 5550 5561 5551
f 5551 5561 5562
f 5551 5562 5552
f 5552 5562 5563
f 5552 5563 5553
f 5553 5563 5564
f 5553 5564 5554
f 5554 5564 5565
f 5554 5565 5555
f 5555 5565 5566
f 5555 5566 5556
f 5556 5566 5567
f 5556 5567 5557
f 5557 5567 5568
f 5557 5568 5558
f 5558 5568 3914
f 5558 3914 3916
f 3913 5511 5528
f 5528 5511 5510
f 5528 5510 5559
f 5559 5510 5513
f 5559 5513 5560
f 5560 5513 5512
f 5560 5512 5561
f 5561 5512 5514
f 5561 5514 5562
f 5562 5514 5515
f 5562 5515 5563
f 5563 5515 5516
f 5563 5516 5564
f 5564 5516 5517
f 5564 5517 5565
f 5565 5517 5518
f 5565 5518 5566
f 5566 5518 5519
f 5566 5519 5567
f 5567 5519 5520
f 5567 5520 5568
f 5568 5520 3915
f 5568 3915 3914
f 5455 5454 5569
f 5493 5465 5570
f 5537 5536 5571
f 5537 5571 5521
f 3925 5531 4720
f 4720 5531 5572
f 4720 5572 4722
f 4722 5572 5570
f 4722 5570 4724
f 4724 5570 5465
f 4724 5465 3841
f 5536 5534 5571
f 5571 5534 5573
f 5571 5573 5569
f 5569 5573 5574
f 5569 5574 5455
f 5455 5574 5463
f 5531 5521 5572
f 5572 5521 5571
f 5572 5571 5570
f 5570 5571 5569
f 5570 5569 5493
f 5493 5569 5454
f 5575 5576 5577
f 5575 5577 5578
f 5578 5577 5579
f 5578 5579 5580
f 5580 5579 5581
f 5580 5581 5582
f 5582 5581 5583
f 5582 5583 5584
f 5584 5583 5585
f 5584 5585 5586
f 5586 5585 5587
f 5586 5587 5588
f 5588 5587 5589
f 5588 5589 5590
f 5590 5589 5591
f 5590 5591 5592
f 5592 5591 5593
f 5592 5593 5594
f 5594 5593 5595
f 5594 5595 5596
f 5596 5595 5597
f 5596 5597 5598
f 5597 5599 5598
f 5598 5599 5600
f 5598 5600 5601
f 5601 5600 5602
f 5601 5602 5603
f 5603 5602 5604
f 5603 5604 5605
f 5605 5604 5606
f 5605 5606 5607
f 5607 5606 5608
f 5607 5608 5609
f 5609 5608 5610
f 5609 5610 5611
f 5611 5610 5612
f 5611 5612 5613
f 5613 5612 5614
f 5613 5614 5615
f 5615 5614 5616
f 5615 5616 5617
f 5618 5619 5620
f 5620 5619 5621
f 5620 5621 5622
f 5620 5623 5618
f 5618 5623 5624
f 5618 5624 5625
f 5625 5624 5626
f 5625 5626 5627
f 5627 5626 5628
f 5627 5628 5629
f 5629 5628 5630
f 5629 5630 5631
f 5632 5633 5634
f 5631 5630 5634
f 5634 5630 5635
f 5634 5635 5632
f 5632 5635 5636
f 5632 5636 5637
f 5637 5636 5638
f 5637 5638 5639
f 5639 5638 5640
f 5639 5640 5641
f 5641 5640 5642
f 5641 5642 5643
f 5643 5642 5617
f 5643 5617 5616
f 5622 5644 5620
f 5620 5644 5645
f 5620 5645 5646
f 5646 5645 5647
f 5646 5647 5648
f 5648 5647 5649
f 5648 5649 5650
f 5650 5649 5651
f 5650 5651 5652
f 5652 5651 5653
f 5652 5653 5654
f 5654 5653 5655
f 5654 5655 5656
f 5656 5655 5657
f 5656 5657 5658
f 5658 5657 5659
f 5658 5659 5660
f 5660 5659 5576
f 5660 5576 5575
f 5661 5662 5663
f 5664 5665 5666
f 5667 5668 5669
f 5670 5671 5672
f 5673 5674 5675
f 5676 5677 5678
f 5679 5680 5681
f 5590 5592 5682
f 5586 5588 5683
f 5684 5685 5582
f 5582 5685 5686
f 5582 5686 5687
f 5687 5686 5688
f 5687 5688 5689
f 5689 5688 5690
f 5689 5690 5691
f 5692 5693 5578
f 5694 5676 5611
f 5605 5607 5695
f 5696 5697 5698
f 5699 5700 5592
f 5682 5701 5590
f 5590 5701 5702
f 5590 5702 5703
f 5683 5704 5586
f 5586 5704 5705
f 5586 5705 5706
f 5663 5662 5707
f 5707 5662 5708
f 5707 5708 5709
f 5709 5708 5710
f 5709 5710 5711
f 5706 5661 5586
f 5586 5661 5663
f 5586 5663 5584
f 5584 5663 5712
f 5584 5712 5582
f 5582 5712 5713
f 5582 5713 5684
f 5692 5578 5714
f 5715 5716 5652
f 5717 5718 5642
f 5695 5719 5605
f 5605 5719 5720
f 5605 5720 5721
f 5666 5665 5722
f 5722 5665 5723
f 5722 5723 5724
f 5724 5723 5725
f 5724 5725 5726
f 5727 5728 5603
f 5729 5696 5594
f 5669 5668 5730
f 5730 5668 5731
f 5730 5731 5732
f 5732 5731 5733
f 5732 5733 5734
f 5703 5667 5590
f 5590 5667 5669
f 5590 5669 5588
f 5588 5669 5735
f 5588 5735 5736
f 5736 5737 5588
f 5588 5737 5738
f 5588 5738 5683
f 5683 5738 5739
f 5683 5739 5740
f 5740 5739 5741
f 5740 5741 5742
f 5742 5741 5743
f 5742 5743 5744
f 5745 5746 5656
f 5656 5747 5748
f 5717 5642 5749
f 5603 5728 5601
f 5750 5751 5752
f 5753 5754 5580
f 5580 5754 5755
f 5580 5755 5756
f 5756 5755 5757
f 5756 5757 5758
f 5758 5757 5759
f 5758 5759 5760
f 5693 5761 5762
f 5672 5671 5763
f 5763 5671 5764
f 5763 5764 5765
f 5765 5764 5766
f 5765 5766 5767
f 5768 5670 5654
f 5654 5670 5672
f 5654 5672 5652
f 5652 5672 5769
f 5652 5769 5715
f 5675 5674 5770
f 5770 5674 5771
f 5770 5771 5772
f 5772 5771 5773
f 5772 5773 5774
f 5775 5776 5777
f 5778 5779 5780
f 5678 5677 5781
f 5781 5677 5782
f 5781 5782 5783
f 5783 5782 5784
f 5783 5784 5785
f 5681 5680 5786
f 5786 5680 5787
f 5786 5787 5788
f 5788 5787 5789
f 5788 5789 5790
f 5791 5679 5609
f 5609 5679 5681
f 5609 5681 5607
f 5607 5681 5792
f 5607 5792 5793
f 5793 5794 5607
f 5607 5794 5795
f 5607 5795 5695
f 5695 5795 5796
f 5695 5796 5797
f 5797 5796 5798
f 5797 5798 5799
f 5799 5798 5800
f 5799 5800 5801
f 5721 5664 5605
f 5605 5664 5666
f 5605 5666 5603
f 5603 5666 5802
f 5603 5802 5727
f 5728 5803 5601
f 5601 5803 5804
f 5601 5804 5805
f 5805 5804 5806
f 5805 5806 5807
f 5807 5806 5808
f 5807 5808 5809
f 5592 5700 5682
f 5682 5700 5810
f 5682 5810 5811
f 5811 5810 5812
f 5811 5812 5813
f 5813 5812 5814
f 5813 5814 5815
f 5816 5817 5818
f 5687 5819 5582
f 5582 5819 5820
f 5582 5820 5580
f 5580 5820 5821
f 5580 5821 5753
f 5762 5761 5822
f 5822 5761 5823
f 5822 5823 5824
f 5656 5748 5654
f 5654 5748 5825
f 5654 5825 5768
f 5826 5827 5828
f 5718 5829 5830
f 5831 5832 5613
f 5613 5832 5833
f 5613 5833 5611
f 5611 5833 5834
f 5611 5834 5694
f 5676 5678 5611
f 5611 5678 5835
f 5611 5835 5609
f 5609 5835 5836
f 5609 5836 5791
f 5837 5838 5839
f 5698 5697 5840
f 5840 5697 5841
f 5840 5841 5842
f 5842 5841 5843
f 5842 5843 5844
f 5696 5698 5594
f 5594 5698 5845
f 5594 5845 5592
f 5592 5845 5846
f 5592 5846 5699
f 5847 5848 5849
f 5850 5851 5852
f 5853 5691 5854
f 5854 5691 5690
f 5854 5690 5752
f 5752 5690 5855
f 5752 5855 5750
f 5756 5856 5580
f 5580 5856 5857
f 5580 5857 5578
f 5578 5857 5858
f 5578 5858 5714
f 5693 5762 5578
f 5578 5762 5859
f 5578 5859 5575
f 5575 5859 5860
f 5575 5860 5660
f 5861 5862 5658
f 5658 5862 5863
f 5658 5863 5864
f 5864 5863 5865
f 5864 5865 5866
f 5866 5865 5867
f 5866 5867 5868
f 5656 5746 5747
f 5747 5746 5869
f 5747 5869 5870
f 5870 5869 5871
f 5870 5871 5872
f 5872 5871 5873
f 5872 5873 5874
f 5875 5876 5877
f 5878 5879 5630
f 5880 5881 5640
f 5640 5881 5882
f 5640 5882 5883
f 5883 5882 5884
f 5883 5884 5885
f 5885 5884 5886
f 5885 5886 5887
f 5830 5829 5888
f 5888 5829 5889
f 5888 5889 5890
f 5718 5830 5642
f 5642 5830 5891
f 5642 5891 5617
f 5617 5891 5892
f 5617 5892 5615
f 5893 5894 5613
f 5613 5894 5895
f 5613 5895 5831
f 5831 5895 5896
f 5831 5896 5897
f 5897 5896 5898
f 5897 5898 5899
f 5900 5901 5598
f 5598 5901 5902
f 5598 5902 5903
f 5903 5902 5904
f 5903 5904 5905
f 5905 5904 5906
f 5905 5906 5907
f 5908 5909 5596
f 5596 5909 5910
f 5596 5910 5911
f 5911 5910 5912
f 5911 5912 5913
f 5913 5912 5914
f 5913 5914 5915
f 5911 5916 5596
f 5596 5916 5917
f 5596 5917 5594
f 5594 5917 5918
f 5594 5918 5729
f 5919 5711 5920
f 5920 5711 5710
f 5920 5710 5818
f 5818 5710 5921
f 5818 5921 5816
f 5922 5923 5924
f 5660 5860 5658
f 5658 5860 5925
f 5658 5925 5861
f 5864 5926 5658
f 5658 5926 5927
f 5658 5927 5656
f 5656 5927 5928
f 5656 5928 5745
f 5929 5930 5931
f 5932 5933 5934
f 5935 5936 5937
f 5938 5939 5626
f 5628 5626 5940
f 5941 5942 5635
f 5943 5944 5638
f 5638 5944 5945
f 5638 5945 5640
f 5640 5945 5946
f 5640 5946 5880
f 5883 5947 5640
f 5640 5947 5948
f 5640 5948 5642
f 5642 5948 5949
f 5642 5949 5749
f 5615 5892 5613
f 5613 5892 5950
f 5613 5950 5893
f 5951 5952 5953
f 5954 5955 5956
f 5957 5958 5959
f 5960 5726 5961
f 5961 5726 5725
f 5961 5725 5839
f 5839 5725 5962
f 5839 5962 5837
f 5963 5964 5965
f 5805 5966 5601
f 5601 5966 5967
f 5601 5967 5598
f 5598 5967 5968
f 5598 5968 5900
f 5903 5969 5598
f 5598 5969 5970
f 5598 5970 5596
f 5596 5970 5971
f 5596 5971 5908
f 5972 5973 5974
f 5975 5734 5976
f 5976 5734 5733
f 5976 5733 5849
f 5849 5733 5977
f 5849 5977 5847
f 5978 5744 5979
f 5979 5744 5743
f 5979 5743 5852
f 5852 5743 5980
f 5852 5980 5850
f 5981 5982 5983
f 5984 5985 5650
f 5986 5935 5624
f 5940 5987 5628
f 5628 5987 5988
f 5628 5988 5989
f 5777 5776 5990
f 5990 5776 5991
f 5990 5991 5992
f 5992 5991 5993
f 5992 5993 5994
f 5989 5775 5628
f 5628 5775 5777
f 5628 5777 5630
f 5630 5777 5995
f 5630 5995 5878
f 5780 5779 5996
f 5996 5779 5997
f 5996 5997 5998
f 5998 5997 5999
f 5998 5999 6000
f 6001 6002 6003
f 6004 5760 6005
f 6005 5760 5759
f 6005 5759 5924
f 5924 5759 6006
f 5924 6006 5922
f 6007 6008 6009
f 6010 6011 6012
f 6013 5767 6014
f 6014 5767 5766
f 6014 5766 5931
f 5931 5766 6015
f 5931 6015 5929
f 6016 5774 6017
f 6017 5774 5773
f 6017 5773 5934
f 5934 5773 6018
f 5934 6018 5932
f 6019 6020 5648
f 5879 5778 5630
f 5630 5778 5780
f 5630 5780 5635
f 5635 5780 6021
f 5635 6021 5941
f 5828 5827 6022
f 6022 5827 6023
f 6022 6023 6024
f 6024 6023 6025
f 6024 6025 6026
f 6027 6028 5638
f 5638 6028 6029
f 5638 6029 5943
f 5943 6029 6030
f 5943 6030 6031
f 6031 6030 6032
f 6031 6032 6033
f 6034 6035 6036
f 6037 6038 6039
f 6040 6041 6042
f 6043 5785 6044
f 6044 5785 5784
f 6044 5784 5953
f 5953 5784 6045
f 5953 6045 5951
f 6046 5790 6047
f 6047 5790 5789
f 6047 5789 5956
f 5956 5789 6048
f 5956 6048 5954
f 6049 5801 6050
f 6050 5801 5800
f 6050 5800 5959
f 5959 5800 6051
f 5959 6051 5957
f 6052 5809 6053
f 6053 5809 5808
f 6053 5808 5965
f 5965 5808 6054
f 5965 6054 5963
f 6055 6056 6057
f 6058 6059 6060
f 6061 5815 6062
f 6062 5815 5814
f 6062 5814 5974
f 5974 5814 6063
f 5974 6063 5972
f 6064 5824 6065
f 6065 5824 5823
f 6065 5823 5983
f 5983 5823 6066
f 5983 6066 5981
f 5716 5673 5652
f 5652 5673 5675
f 5652 5675 5650
f 5650 5675 6067
f 5650 6067 5984
f 5877 5876 6068
f 6068 5876 6069
f 6068 6069 6070
f 6070 6069 6071
f 6070 6071 6072
f 5648 6020 5646
f 5626 5939 5940
f 5940 5939 6073
f 5940 6073 6074
f 6074 6073 6075
f 6074 6075 6076
f 6076 6075 6077
f 6076 6077 6078
f 5942 5826 5635
f 5635 5826 5828
f 5635 5828 5636
f 5636 5828 6079
f 5636 6079 5638
f 5638 6079 6080
f 5638 6080 6027
f 6081 5844 6082
f 6082 5844 5843
f 6082 5843 6003
f 6003 5843 6083
f 6003 6083 6001
f 6084 5868 6085
f 6085 5868 5867
f 6085 5867 6009
f 6009 5867 6086
f 6009 6086 6007
f 6087 5874 6088
f 6088 5874 5873
f 6088 5873 6012
f 6012 5873 6089
f 6012 6089 6010
f 5985 5875 5650
f 5650 5875 5877
f 5650 5877 5648
f 5648 5877 6090
f 5648 6090 6019
f 6020 6091 5646
f 5646 6091 6092
f 5646 6092 6093
f 6093 6092 6094
f 6093 6094 6095
f 6095 6094 6096
f 6095 6096 6097
f 6098 6099 5620
f 5620 6099 6100
f 5620 6100 6101
f 6101 6100 6102
f 6101 6102 6103
f 6103 6102 6104
f 6103 6104 6105
f 6106 6107 5623
f 5623 6107 6108
f 5623 6108 6109
f 6109 6108 6110
f 6109 6110 6111
f 6111 6110 6112
f 6111 6112 6113
f 5937 5936 6114
f 6114 5936 6115
f 6114 6115 6116
f 6116 6115 6117
f 6116 6117 6118
f 5935 5937 5624
f 5624 5937 6119
f 5624 6119 5626
f 5626 6119 6120
f 5626 6120 5938
f 6121 6122 6123
f 6124 6125 6126
f 6127 5887 6128
f 6128 5887 5886
f 6128 5886 6036
f 6036 5886 6129
f 6036 6129 6034
f 6130 5890 6131
f 6131 5890 5889
f 6131 5889 6039
f 6039 5889 6132
f 6039 6132 6037
f 6133 5899 6134
f 6134 5899 5898
f 6134 5898 6042
f 6042 5898 6135
f 6042 6135 6040
f 6136 5907 6137
f 6137 5907 5906
f 6137 5906 6057
f 6057 5906 6138
f 6057 6138 6055
f 6139 5915 6140
f 6140 5915 5914
f 6140 5914 6060
f 6060 5914 6141
f 6060 6141 6058
f 6093 6142 5646
f 5646 6142 6143
f 5646 6143 5620
f 5620 6143 6144
f 5620 6144 6098
f 6101 6145 5620
f 5620 6145 6146
f 5620 6146 5623
f 5623 6146 6147
f 5623 6147 6106
f 6109 6148 5623
f 5623 6148 6149
f 5623 6149 5624
f 5624 6149 6150
f 5624 6150 5986
f 6151 6152 6153
f 6154 6155 6156
f 6157 6158 6159
f 6160 6161 6162
f 6163 5994 6164
f 6164 5994 5993
f 6164 5993 6123
f 6123 5993 6165
f 6123 6165 6121
f 6166 6000 6167
f 6167 6000 5999
f 6167 5999 6126
f 6126 5999 6168
f 6126 6168 6124
f 6169 6170 6171
f 6172 6173 6174
f 6175 6176 6177
f 6178 6179 6180
f 6181 6026 6182
f 6182 6026 6025
f 6182 6025 6153
f 6153 6025 6183
f 6153 6183 6151
f 6184 6033 6185
f 6185 6033 6032
f 6185 6032 6156
f 6156 6032 6186
f 6156 6186 6154
f 6187 6072 6188
f 6188 6072 6071
f 6188 6071 6159
f 6159 6071 6189
f 6159 6189 6157
f 6190 6078 6191
f 6191 6078 6077
f 6191 6077 6162
f 6162 6077 6192
f 6162 6192 6160
f 6193 6097 6194
f 6194 6097 6096
f 6194 6096 6171
f 6171 6096 6195
f 6171 6195 6169
f 6196 6105 6197
f 6197 6105 6104
f 6197 6104 6174
f 6174 6104 6198
f 6174 6198 6172
f 6199 6113 6200
f 6200 6113 6112
f 6200 6112 6177
f 6177 6112 6201
f 6177 6201 6175
f 6202 6118 6203
f 6203 6118 6117
f 6203 6117 6180
f 6180 6117 6204
f 6180 6204 6178
f 5631 5634 6205
f 5625 5627 6206
f 6207 5619 6208
f 6208 5619 5618
f 6208 5618 6209
f 6209 5618 5625
f 6209 5625 6210
f 6210 5625 6206
f 6205 6211 5631
f 5631 6211 6212
f 5631 6212 5629
f 6212 6213 5629
f 5629 6213 6214
f 5629 6214 5627
f 5627 6214 6215
f 5627 6215 6206
f 6216 6205 5633
f 5633 6205 5634
f 5621 5619 6217
f 6217 5619 6207
f 5622 6218 6219
f 5622 6219 6220
f 6220 6219 6221
f 6220 6221 6222
f 6223 6224 6225
f 6225 6224 6222
f 6225 6222 6226
f 6226 6222 6221
f 6227 6228 6229
f 6229 6228 6230
f 6229 6230 6231
f 6231 6230 6232
f 6231 6232 6233
f 6233 6232 6234
f 6233 6234 6235
f 6235 6234 6236
f 6235 6236 6237
f 6237 6236 6224
f 6237 6224 6238
f 6238 6224 6223
f 6239 6240 6241
f 6241 6240 5576
f 6241 5576 6227
f 6227 5576 6242
f 6227 6242 6228
f 6239 6243 6240
f 6240 6243 6244
f 6240 6244 6245
f 6244 6246 6245
f 6245 6246 6247
f 6245 6247 6248
f 6248 6247 6249
f 6248 6249 6250
f 6250 6249 6251
f 6250 6251 6252
f 6252 6251 6253
f 6252 6253 6254
f 6254 6253 6255
f 6254 6255 6256
f 6256 6255 6257
f 6256 6257 6258
f 6258 6257 6259
f 6258 6259 6260
f 6260 6259 6261
f 6260 6261 6262
f 6262 6261 6263
f 6262 6263 5597
f 5597 6263 6264
f 5597 6264 6265
f 6265 6264 6266
f 6265 6266 6267
f 6267 6266 6268
f 6267 6268 6269
f 6269 6268 6270
f 6269 6270 6271
f 6270 6272 6271
f 6271 6272 6273
f 6271 6273 6274
f 6274 6273 6275
f 6274 6275 6276
f 6276 6275 6277
f 6276 6277 6278
f 6278 6277 6279
f 6278 6279 6280
f 6280 6279 6281
f 6280 6281 6282
f 6282 6281 5616
f 5616 6281 6283
f 5616 6283 6284
f 6284 6283 6285
f 6284 6285 6286
f 6287 6288 6289
f 6289 6288 6286
f 6289 6286 6290
f 6290 6286 6285
f 6287 6291 6288
f 6288 6291 6292
f 6288 6292 6293
f 6293 6292 6294
f 6294 6292 6295
f 6294 6295 6296
f 6296 6295 6297
f 6296 6297 6298
f 6298 6297 6299
f 6298 6299 6300
f 6300 6299 6301
f 6300 6301 6302
f 6302 6301 6303
f 6302 6303 6304
f 6304 6303 6305
f 6305 6303 6306
f 6305 6306 6307
f 6307 6306 6218
f 6307 6218 5622
f 6295 6308 6297
f 6309 6310 6257
f 6311 6312 6313
f 6314 6315 6316
f 6317 6318 6319
f 6320 6321 6322
f 6323 6324 6325
f 6325 6324 6326
f 6325 6326 6327
f 6327 6326 6328
f 6321 6320 6326
f 6326 6320 6329
f 6326 6329 6328
f 6321 6330 6322
f 6322 6330 6331
f 6322 6331 6332
f 6332 6331 6333
f 6332 6333 6334
f 6334 6333 6335
f 6334 6335 6336
f 6337 6338 6339
f 6339 6338 6340
f 6341 6342 6343
f 6343 6342 6344
f 6337 6339 6345
f 6345 6339 6346
f 6345 6346 6347
f 6347 6346 6348
f 6347 6348 6349
f 6318 6350 6351
f 6348 6244 6352
f 6352 6353 6348
f 6348 6353 6354
f 6348 6354 6355
f 6349 6348 6356
f 6356 6348 6355
f 6356 6355 6357
f 6357 6355 6358
f 6357 6358 6359
f 6359 6358 6360
f 6359 6360 6350
f 6350 6360 6361
f 6350 6361 6351
f 6317 6362 6318
f 6318 6362 6363
f 6318 6363 6350
f 6314 6316 6364
f 6364 6316 6365
f 6364 6365 6366
f 6367 6368 6369
f 6370 6371 6372
f 6373 6374 6368
f 6368 6374 6375
f 6368 6375 6376
f 6367 6225 6368
f 6368 6225 6226
f 6368 6226 6373
f 6373 6226 6377
f 6376 6375 6378
f 6378 6375 6379
f 6378 6379 6380
f 6381 6382 6219
f 6219 6382 6383
f 6219 6383 6221
f 6380 6379 6384
f 6384 6379 6385
f 6384 6385 6386
f 6383 6387 6221
f 6221 6387 6388
f 6221 6388 6226
f 6226 6388 6389
f 6226 6389 6377
f 6372 6390 6370
f 6370 6390 6391
f 6370 6391 6392
f 6392 6391 6393
f 6392 6393 6394
f 6394 6393 6395
f 6394 6395 6396
f 6396 6395 6386
f 6396 6386 6397
f 6397 6386 6385
f 6398 6399 6400
f 6400 6399 6401
f 6400 6401 6402
f 6402 6401 6403
f 6402 6403 6372
f 6372 6403 6404
f 6372 6404 6390
f 6398 6400 6405
f 6405 6400 6406
f 6405 6406 6407
f 6313 6408 6409
f 6409 6410 6313
f 6313 6410 6411
f 6313 6411 6406
f 6406 6411 6412
f 6406 6412 6407
f 6413 6414 6415
f 6415 6414 6416
f 6416 6417 6415
f 6415 6417 6418
f 6415 6418 6408
f 6408 6418 6419
f 6408 6419 6409
f 6420 6421 6283
f 6283 6421 6413
f 6283 6413 6285
f 6285 6413 6415
f 6285 6415 6290
f 6422 6423 6424
f 6424 6423 6425
f 6424 6425 6426
f 6426 6425 6427
f 6426 6427 6428
f 6429 6430 6431
f 6431 6430 6432
f 6431 6432 6424
f 6424 6432 6433
f 6424 6433 6422
f 6312 6434 6313
f 6313 6434 6435
f 6313 6435 6408
f 6408 6435 6436
f 6408 6436 6437
f 6437 6438 6408
f 6408 6438 6439
f 6408 6439 6415
f 6415 6439 6440
f 6415 6440 6441
f 6441 6442 6415
f 6415 6442 6443
f 6415 6443 6290
f 6290 6443 6444
f 6290 6444 6289
f 6444 6445 6289
f 6289 6445 6446
f 6289 6446 6287
f 6287 6446 6447
f 6448 6449 6450
f 6450 6449 6311
f 6451 6452 6453
f 6453 6452 6454
f 6453 6454 6455
f 6456 6270 6457
f 6457 6270 6458
f 6457 6458 6459
f 6272 6460 6273
f 6273 6460 6461
f 6273 6461 6462
f 6456 6463 6270
f 6270 6463 6464
f 6270 6464 6272
f 6272 6464 6465
f 6272 6465 6460
f 6466 6467 6424
f 6424 6467 6468
f 6424 6468 6431
f 6431 6468 6469
f 6431 6469 6458
f 6458 6469 6470
f 6458 6470 6459
f 6257 6310 6259
f 6310 6471 6259
f 6259 6471 6472
f 6259 6472 6261
f 6261 6472 6473
f 6341 6334 6342
f 6342 6334 6336
f 6342 6336 6255
f 6255 6336 6474
f 6255 6474 6257
f 6257 6474 6475
f 6257 6475 6309
f 6476 6477 6326
f 6326 6477 6478
f 6326 6478 6321
f 6321 6478 6479
f 6321 6479 6330
f 6473 6480 6261
f 6261 6480 6481
f 6261 6481 6263
f 6263 6481 6476
f 6263 6476 6264
f 6264 6476 6326
f 6264 6326 6266
f 6266 6326 6324
f 6482 6483 6342
f 6483 6484 6342
f 6342 6484 6339
f 6342 6339 6344
f 6344 6339 6340
f 6251 6485 6253
f 6253 6485 6486
f 6486 6487 6253
f 6253 6487 6488
f 6253 6488 6255
f 6255 6488 6489
f 6255 6489 6342
f 6342 6489 6490
f 6342 6490 6482
f 6491 6492 6249
f 6493 6491 6346
f 6492 6494 6249
f 6249 6494 6495
f 6249 6495 6251
f 6251 6495 6496
f 6251 6496 6485
f 6484 6497 6339
f 6339 6497 6498
f 6339 6498 6346
f 6346 6498 6499
f 6346 6499 6493
f 6500 6501 6319
f 6500 6319 6502
f 6501 6503 6239
f 6239 6503 6504
f 6239 6504 6243
f 6243 6504 6505
f 6243 6505 6244
f 6244 6505 6506
f 6244 6506 6352
f 6351 6507 6318
f 6318 6507 6508
f 6318 6508 6319
f 6319 6508 6509
f 6319 6509 6502
f 6369 6366 6367
f 6367 6366 6510
f 6367 6510 6225
f 6225 6510 6223
f 6235 6237 6510
f 6510 6237 6238
f 6510 6238 6223
f 6231 6511 6512
f 6231 6512 6229
f 6366 6365 6510
f 6510 6365 6513
f 6510 6513 6514
f 6514 6515 6510
f 6510 6515 6516
f 6510 6516 6235
f 6235 6516 6517
f 6235 6517 6518
f 6511 6231 6519
f 6519 6231 6233
f 6519 6233 6520
f 6521 6522 6365
f 6365 6522 6523
f 6523 6524 6365
f 6365 6524 6525
f 6365 6525 6513
f 6518 6526 6235
f 6235 6526 6527
f 6235 6527 6233
f 6233 6527 6528
f 6233 6528 6520
f 6501 6239 6319
f 6319 6239 6241
f 6319 6241 6529
f 6529 6241 6227
f 6529 6227 6229
f 6491 6249 6346
f 6346 6249 6247
f 6346 6247 6348
f 6348 6247 6246
f 6348 6246 6244
f 6270 6268 6458
f 6458 6268 6266
f 6458 6266 6431
f 6431 6266 6324
f 6431 6324 6429
f 6429 6324 6323
f 6462 6451 6273
f 6273 6451 6453
f 6273 6453 6275
f 6275 6453 6530
f 6275 6530 6277
f 6531 6532 6279
f 6279 6532 6281
f 6283 6533 6530
f 6530 6533 6534
f 6530 6534 6535
f 6532 6536 6281
f 6281 6536 6537
f 6281 6537 6283
f 6283 6537 6538
f 6283 6538 6539
f 6535 6540 6530
f 6530 6540 6541
f 6530 6541 6277
f 6277 6541 6542
f 6277 6542 6543
f 6539 6544 6283
f 6283 6544 6545
f 6283 6545 6533
f 6543 6546 6277
f 6277 6546 6547
f 6277 6547 6279
f 6279 6547 6548
f 6279 6548 6531
f 6447 6448 6287
f 6287 6448 6450
f 6287 6450 6291
f 6291 6450 6292
f 6549 6550 6551
f 6552 6553 6308
f 6554 6555 6301
f 6297 6308 6299
f 6299 6308 6553
f 6299 6553 6556
f 6554 6301 6557
f 6549 6551 6555
f 6292 6450 6295
f 6295 6450 6558
f 6295 6558 6308
f 6308 6558 6559
f 6308 6559 6552
f 6550 6560 6551
f 6551 6560 6561
f 6551 6561 6558
f 6558 6561 6562
f 6558 6562 6563
f 6556 6564 6299
f 6299 6564 6565
f 6299 6565 6301
f 6301 6565 6566
f 6301 6566 6557
f 6563 6567 6558
f 6558 6567 6568
f 6558 6568 6559
f 6555 6551 6301
f 6301 6551 6569
f 6301 6569 6303
f 6306 6402 6218
f 6218 6402 6372
f 6218 6372 6219
f 6219 6372 6371
f 6219 6371 6381
f 6512 6521 6229
f 6229 6521 6365
f 6229 6365 6529
f 6529 6365 6316
f 6529 6316 6319
f 6319 6316 6315
f 6319 6315 6317
f 6311 6313 6450
f 6450 6313 6406
f 6450 6406 6558
f 6558 6406 6400
f 6558 6400 6551
f 6551 6400 6402
f 6551 6402 6569
f 6569 6402 6306
f 6569 6306 6303
f 6455 6466 6453
f 6453 6466 6424
f 6453 6424 6530
f 6530 6424 6426
f 6530 6426 6283
f 6283 6426 6428
f 6283 6428 6420
f 6570 6571 6572
f 6573 6574 6575
f 6576 6577 6578
f 6579 6580 6581
f 6582 6583 6584
f 6584 6583 6585
f 6584 6585 6586
f 6587 6588 6589
f 6589 6588 6590
f 6591 6592 6593
f 6594 6595 6596
f 6597 6598 6599
f 6599 6598 6600
f 6601 6602 6603
f 6604 6605 6606
f 6607 6608 6609
f 6609 6608 6610
f 6609 6610 6611
f 6611 6610 6612
f 6596 6613 6594
f 6594 6613 6614
f 6594 6614 6615
f 6615 6614 6616
f 6585 6617 6586
f 6586 6617 6618
f 6586 6618 6619
f 6619 6618 6620
f 6619 6620 6621
f 6621 6620 6622
f 6623 6624 6625
f 6626 6627 6628
f 6628 6627 6629
f 6628 6629 6630
f 6631 6632 6633
f 6633 6632 6573
f 6633 6573 6634
f 6634 6573 6575
f 6635 6636 6637
f 6300 6590 6298
f 6298 6590 6588
f 6298 6588 6296
f 6296 6588 6638
f 6639 6640 6641
f 6641 6640 6642
f 6641 6642 6643
f 6644 6645 6646
f 6646 6645 6647
f 6646 6647 6648
f 6648 6647 6649
f 6603 6602 6650
f 6650 6602 6651
f 6650 6651 6609
f 6572 6571 6652
f 6652 6571 6653
f 6652 6653 6654
f 6654 6653 6655
f 6654 6655 6656
f 6656 6655 6657
f 6656 6657 6658
f 6659 6660 6661
f 6661 6660 6662
f 6661 6662 6663
f 6664 6665 6666
f 6587 6667 6588
f 6588 6667 6668
f 6588 6668 6669
f 6670 6671 6636
f 6636 6671 6672
f 6636 6672 6637
f 6578 6577 6673
f 6674 6675 6676
f 6676 6675 6677
f 6676 6677 6678
f 6678 6677 6679
f 6304 6680 6302
f 6302 6680 6681
f 6682 6640 6683
f 6683 6640 6639
f 6683 6639 6684
f 6684 6639 6685
f 6684 6685 6638
f 6638 6685 6294
f 6638 6294 6296
f 6642 6686 6643
f 6643 6686 6687
f 6643 6687 6688
f 6688 6687 6689
f 6690 6691 6692
f 6692 6691 6693
f 6692 6693 6694
f 6694 6693 6695
f 6694 6695 6600
f 6600 6695 6696
f 6600 6696 6599
f 6603 6579 6601
f 6601 6579 6581
f 6601 6581 6697
f 6697 6581 6698
f 6697 6698 6699
f 6699 6698 6700
f 6699 6700 6701
f 6701 6700 6702
f 6701 6702 6703
f 6703 6702 6704
f 6703 6704 6705
f 6663 6706 6661
f 6661 6706 6707
f 6661 6707 6708
f 6708 6707 6709
f 6708 6709 6710
f 6710 6709 6621
f 6710 6621 6711
f 6711 6621 6622
f 6712 6659 6713
f 6713 6659 6661
f 6713 6661 6625
f 6625 6661 6714
f 6625 6714 6623
f 6715 6716 6717
f 6629 6718 6630
f 6630 6718 6719
f 6630 6719 6720
f 6720 6719 6721
f 6720 6721 6722
f 6722 6721 6723
f 6609 6651 6607
f 6607 6651 6724
f 6607 6724 6725
f 6726 6727 6670
f 6670 6727 6728
f 6670 6728 6671
f 6577 6729 6673
f 6673 6729 6730
f 6673 6730 6731
f 6731 6730 6732
f 6681 6733 6302
f 6302 6733 6734
f 6302 6734 6300
f 6300 6734 6735
f 6300 6735 6590
f 6736 6737 6595
f 6595 6737 6738
f 6595 6738 6596
f 6739 6575 6740
f 6740 6575 6574
f 6740 6574 6741
f 6741 6574 6742
f 6741 6742 6743
f 6743 6742 6744
f 6743 6744 6745
f 6745 6744 6746
f 6745 6746 6747
f 6747 6746 6748
f 6747 6748 6749
f 6749 6748 6750
f 6749 6750 6751
f 6751 6750 6598
f 6751 6598 6752
f 6752 6598 6597
f 6606 6753 6604
f 6604 6753 6754
f 6604 6754 6755
f 6755 6754 6756
f 6755 6756 6757
f 6757 6756 6758
f 6725 6759 6607
f 6607 6759 6760
f 6607 6760 6761
f 6761 6760 6762
f 6761 6762 6763
f 6763 6762 6764
f 6763 6764 6765
f 6576 6578 6766
f 6766 6578 6767
f 6766 6767 6768
f 6616 6769 6615
f 6615 6769 6770
f 6615 6770 6771
f 6771 6770 6772
f 6771 6772 6773
f 6773 6772 6774
f 6773 6774 6775
f 6775 6774 6776
f 6775 6776 6777
f 6777 6776 6690
f 6777 6690 5597
f 5597 6690 6692
f 6778 6570 6779
f 6779 6570 6572
f 6779 6572 6780
f 6780 6572 6781
f 6780 6781 6782
f 6782 6781 6783
f 6782 6783 6784
f 6784 6783 6785
f 6784 6785 6786
f 6786 6785 6703
f 6786 6703 6787
f 6787 6703 6705
f 6788 6583 6789
f 6789 6583 6582
f 6789 6582 6790
f 6790 6582 6791
f 6790 6791 6792
f 6792 6791 6793
f 6792 6793 6794
f 6794 6793 6795
f 6794 6795 6796
f 6796 6795 6656
f 6796 6656 6797
f 6797 6656 6658
f 6798 6799 6800
f 6798 6715 6799
f 6799 6715 6717
f 6799 6717 6801
f 6801 6717 6802
f 6801 6802 6803
f 6803 6802 6804
f 6803 6804 6805
f 6805 6804 6806
f 6805 6806 6807
f 6807 6806 6808
f 6807 6808 6809
f 6723 6810 6722
f 6722 6810 6811
f 6722 6811 6812
f 6812 6811 6813
f 6812 6813 6800
f 6800 6813 6814
f 6800 6814 6798
f 6815 6606 6816
f 6816 6606 6605
f 6816 6605 6817
f 6817 6605 6818
f 6817 6818 6819
f 6819 6818 6820
f 6819 6820 6821
f 6821 6820 6822
f 6821 6822 6823
f 6823 6822 6807
f 6823 6807 6824
f 6824 6807 6809
f 6631 6825 6632
f 6632 6825 6826
f 6632 6826 6827
f 6827 6826 6828
f 6827 6828 6829
f 6829 6828 6830
f 6829 6830 6831
f 6831 6830 6832
f 6831 6832 6833
f 6833 6832 6834
f 6833 6834 6835
f 6835 6834 6836
f 6835 6836 6726
f 6726 6836 6837
f 6726 6837 6727
f 6838 6839 6679
f 6679 6839 6840
f 6679 6840 6678
f 6674 6841 6675
f 6675 6841 6842
f 6675 6842 5622
f 5622 6842 6843
f 5622 6843 6844
f 6844 6843 6845
f 6844 6845 6305
f 6305 6845 6611
f 6305 6611 6304
f 6304 6611 6612
f 6304 6612 6680
f 6846 6591 6847
f 6847 6591 6593
f 6847 6593 6644
f 6644 6593 6848
f 6644 6848 6645
f 6649 6849 6648
f 6648 6849 6850
f 6648 6850 6851
f 6851 6850 6852
f 6851 6852 6853
f 6853 6852 6854
f 6853 6854 6855
f 6855 6854 6856
f 6855 6856 6857
f 6857 6856 6858
f 6857 6858 6736
f 6736 6858 6859
f 6736 6859 6737
f 6712 6860 6659
f 6659 6860 6861
f 6659 6861 6862
f 6666 6863 6664
f 6664 6863 6864
f 6664 6864 6865
f 6865 6864 6866
f 6865 6866 6867
f 6867 6866 6868
f 6867 6868 6869
f 6869 6868 6870
f 6758 6871 6757
f 6757 6871 6872
f 6757 6872 6873
f 6873 6588 6757
f 6757 6588 6669
f 6757 6669 6874
f 6874 6669 6875
f 6637 6876 6635
f 6635 6876 6877
f 6635 6877 6878
f 6768 6767 6879
f 6879 6767 6880
f 6879 6880 6881
f 6881 6880 6882
f 6881 6882 6883
f 6883 6882 6884
f 6883 6884 6885
f 6885 6884 6886
f 6885 6886 6878
f 6878 6886 6887
f 6878 6887 6635
f 6689 6888 6688
f 6688 6888 6889
f 6688 6889 6890
f 6890 6889 6891
f 6890 6891 6892
f 6892 6891 6893
f 6892 6893 6894
f 6894 6893 6895
f 6894 6895 6896
f 6896 6895 6846
f 6896 6846 6897
f 6897 6846 6847
f 6765 6764 6669
f 6669 6764 6898
f 6669 6898 6875
f 6732 6899 6731
f 6731 6899 6900
f 6731 6900 6901
f 6901 6900 6902
f 6901 6902 6903
f 6903 6902 6904
f 6903 6904 6905
f 6905 6904 6906
f 6905 6906 6907
f 6907 6906 6908
f 6907 6908 6838
f 6838 6908 6909
f 6838 6909 6839
f 6910 6666 6911
f 6911 6666 6665
f 6911 6665 6912
f 6912 6665 6913
f 6912 6913 6914
f 6914 6913 6915
f 6914 6915 6916
f 6916 6915 6917
f 6916 6917 6918
f 6918 6917 6659
f 6918 6659 6919
f 6919 6659 6862
f 6920 6627 6921
f 6921 6627 6626
f 6921 6626 6922
f 6922 6626 6923
f 6922 6923 6924
f 6924 6923 6925
f 6924 6925 6926
f 6926 6925 6927
f 6926 6927 6928
f 6928 6927 6869
f 6928 6869 6929
f 6929 6869 6870
f 6638 6216 5633
f 6930 6931 6631
f 6752 6597 6932
f 6933 6934 6696
f 6678 6935 6676
f 6676 6935 6936
f 6676 6936 6674
f 6674 6936 6937
f 6674 6937 6841
f 6841 6937 6842
f 6671 6938 6672
f 6672 6938 6939
f 6575 6940 6634
f 6634 6940 6930
f 6634 6930 6633
f 6633 6930 6631
f 6941 6942 6732
f 6577 6943 6729
f 6729 6943 6941
f 6729 6941 6730
f 6730 6941 6732
f 6932 6597 6934
f 6934 6597 6599
f 6934 6599 6696
f 6944 6945 6616
f 6596 6946 6613
f 6613 6946 6944
f 6613 6944 6614
f 6614 6944 6616
f 6947 6848 6948
f 6948 6848 6593
f 6842 6937 6843
f 6843 6937 6949
f 6843 6949 6845
f 6845 6949 6950
f 6845 6950 6611
f 6611 6950 5621
f 6611 5621 6217
f 6878 6877 6876
f 6951 6826 6931
f 6931 6826 6825
f 6931 6825 6631
f 6952 6649 6953
f 6953 6649 6647
f 6953 6647 6947
f 6947 6647 6645
f 6947 6645 6848
f 6577 6576 6943
f 6943 6576 6766
f 6943 6766 6954
f 6954 6766 6768
f 6954 6768 6955
f 6955 6768 6879
f 6955 6879 6956
f 6956 6879 6881
f 6956 6881 6957
f 6957 6881 6883
f 6957 6883 6958
f 6958 6883 6885
f 6958 6885 6959
f 6959 6885 6878
f 6959 6878 5576
f 5576 6878 6876
f 5576 6876 6939
f 6939 6876 6637
f 6939 6637 6672
f 6671 6728 6938
f 6938 6728 6727
f 6938 6727 6960
f 6960 6727 6837
f 6960 6837 6961
f 6961 6837 6836
f 6961 6836 6962
f 6962 6836 6834
f 6962 6834 6963
f 6963 6834 6832
f 6963 6832 6964
f 6964 6832 6830
f 6964 6830 6951
f 6951 6830 6828
f 6951 6828 6826
f 6965 6966 6689
f 6640 6967 6642
f 6642 6967 6968
f 6642 6968 6686
f 6686 6968 6965
f 6686 6965 6687
f 6687 6965 6689
f 6640 6682 6967
f 6967 6682 6683
f 6967 6683 6684
f 6899 6732 6900
f 6900 6732 6942
f 6900 6942 6902
f 6902 6942 6969
f 6902 6969 6904
f 6904 6969 6970
f 6904 6970 6906
f 6906 6970 6971
f 6906 6971 6908
f 6908 6971 6972
f 6908 6972 6909
f 6909 6972 6973
f 6909 6973 6839
f 6839 6973 6935
f 6839 6935 6840
f 6840 6935 6678
f 6575 6739 6940
f 6940 6739 6740
f 6940 6740 6974
f 6974 6740 6741
f 6974 6741 6975
f 6975 6741 6743
f 6975 6743 6976
f 6976 6743 6745
f 6976 6745 6977
f 6977 6745 6747
f 6977 6747 6978
f 6978 6747 6749
f 6978 6749 6932
f 6932 6749 6751
f 6932 6751 6752
f 6690 6979 6691
f 6691 6979 6980
f 6691 6980 6693
f 6693 6980 6933
f 6693 6933 6695
f 6695 6933 6696
f 6638 5633 6684
f 6684 5633 6981
f 6684 6981 6967
f 6769 6616 6770
f 6770 6616 6945
f 6770 6945 6772
f 6772 6945 6982
f 6772 6982 6774
f 6774 6982 6983
f 6774 6983 6776
f 6776 6983 6984
f 6776 6984 6690
f 6690 6984 6985
f 6690 6985 6979
f 6849 6649 6850
f 6850 6649 6952
f 6850 6952 6852
f 6852 6952 6986
f 6852 6986 6854
f 6854 6986 6987
f 6854 6987 6856
f 6856 6987 6988
f 6856 6988 6858
f 6858 6988 6989
f 6858 6989 6859
f 6859 6989 6990
f 6859 6990 6737
f 6737 6990 6946
f 6737 6946 6738
f 6738 6946 6596
f 6593 6592 6948
f 6948 6592 6591
f 6948 6591 6991
f 6991 6591 6846
f 6991 6846 5616
f 5616 6846 6895
f 6888 6689 6889
f 6889 6689 6966
f 6889 6966 6891
f 6891 6966 6992
f 6891 6992 6893
f 6893 6992 6993
f 6893 6993 6895
f 6895 6993 6994
f 6895 6994 5616
f 6868 6866 6995
f 6650 6996 6997
f 6806 6804 6606
f 6998 6999 7000
f 6653 6571 7001
f 7001 6571 6570
f 6787 6705 6704
f 7002 6754 6753
f 6570 6778 7001
f 7001 6778 6779
f 7001 6779 6780
f 6719 7002 6721
f 6721 7002 6723
f 6698 6581 6999
f 6999 6581 6580
f 6999 6580 6579
f 6997 7000 6650
f 6650 7000 6999
f 6650 6999 6603
f 6603 6999 6579
f 6792 7003 6790
f 6790 7003 6789
f 6792 6794 7003
f 7003 6794 6796
f 7003 6796 6797
f 6653 7001 6655
f 6655 7001 7003
f 6655 7003 6657
f 6657 7003 6797
f 6657 6797 6658
f 6866 6864 6995
f 6995 6864 6863
f 6995 6863 6666
f 6717 6723 6802
f 6802 6723 7002
f 6802 7002 6804
f 6804 7002 6753
f 6804 6753 6606
f 6717 6716 6715
f 6780 6782 7001
f 7001 6782 6784
f 7001 6784 6786
f 6786 6787 7001
f 7001 6787 6704
f 7001 6704 7004
f 7004 6704 6702
f 7004 6702 6700
f 6719 7005 7006
f 7000 6588 6998
f 6998 6588 6873
f 6998 6873 6872
f 6811 6810 6813
f 6813 6810 6723
f 6813 6723 6814
f 6620 6618 6995
f 6788 6789 6583
f 6583 6789 7003
f 6583 7003 6585
f 6585 7003 6995
f 6585 6995 6617
f 6617 6995 6618
f 7007 7002 7008
f 7008 7002 6719
f 7008 6719 7009
f 7009 6719 7006
f 7007 7010 7002
f 7002 7010 7011
f 7002 7011 7012
f 7013 6995 7014
f 7014 6995 7004
f 7013 7015 6995
f 6995 7015 7016
f 6995 7016 7017
f 6920 6921 6868
f 6754 7002 6756
f 6756 7002 6998
f 6756 6998 6758
f 6758 6998 6872
f 6758 6872 6871
f 6717 6715 6723
f 6723 6715 6798
f 6723 6798 6814
f 7018 7019 6718
f 6718 7019 7020
f 6718 7020 7021
f 7022 7023 7004
f 7004 7023 7024
f 7004 7024 7025
f 7025 7026 7004
f 7004 7026 7027
f 7004 7027 7028
f 7028 7029 7004
f 7004 7029 7030
f 7004 7030 7014
f 7017 7031 6995
f 6995 7031 7032
f 6995 7032 7033
f 6806 6606 6808
f 6808 6606 6815
f 6808 6815 6816
f 6712 6995 6860
f 6860 6995 6666
f 6860 6666 6861
f 6861 6666 6910
f 6861 6910 6911
f 7021 7034 6718
f 6718 7034 7035
f 6718 7035 6719
f 6719 7035 7036
f 6719 7036 7005
f 7012 7037 7002
f 7002 7037 7022
f 7002 7022 7038
f 7038 7022 7004
f 7038 7004 6999
f 6999 7004 6700
f 6999 6700 6698
f 6920 6868 6627
f 6627 6868 6995
f 6627 6995 6629
f 6629 6995 7033
f 6629 7033 6718
f 6718 7033 7039
f 6718 7039 7018
f 6921 6922 6868
f 6868 6922 6924
f 6868 6924 6926
f 6926 6928 6868
f 6868 6928 6929
f 6868 6929 6870
f 6712 6713 6995
f 6995 6713 6625
f 6995 6625 6620
f 6620 6625 6624
f 6620 6624 6623
f 6816 6817 6808
f 6808 6817 6819
f 6808 6819 6821
f 6821 6823 6808
f 6808 6823 6824
f 6808 6824 6809
f 6911 6912 6861
f 6861 6912 6914
f 6861 6914 6916
f 6916 6918 6861
f 6861 6918 6919
f 6861 6919 6862
f 6623 6714 6620
f 6620 6714 6661
f 6620 6661 6708
f 6708 6710 6620
f 6620 6710 6711
f 6620 6711 6622
f 7000 6997 7040
f 7040 6997 7041
f 6997 6996 7041
f 7041 6996 7042
f 6996 6650 7042
f 7042 6650 7043
f 7044 7045 7046
f 7047 7048 7049
f 7050 7051 7046
f 7052 7053 7054
f 7054 7053 7055
f 7054 7055 7047
f 7056 7057 7058
f 7050 7046 7059
f 7051 7060 7046
f 7046 7060 7061
f 7046 7061 7044
f 7055 7062 7047
f 7047 7062 7063
f 7047 7063 7064
f 7065 7066 7067
f 7067 7066 7047
f 7067 7047 7068
f 7068 7047 7049
f 7064 7069 7047
f 7047 7069 7070
f 7047 7070 7058
f 7058 7070 7071
f 7058 7071 7056
f 7047 7072 7073
f 7045 7074 7046
f 7046 7074 7075
f 7046 7075 7076
f 7077 7078 7079
f 7079 7078 7080
f 7058 7081 7047
f 7047 7081 7082
f 7047 7082 7083
f 7073 7084 7047
f 7047 7084 7085
f 7047 7085 7086
f 7086 7087 7047
f 7047 7087 7088
f 7047 7088 7048
f 7089 7090 7078
f 7078 7090 7091
f 7078 7091 7092
f 7093 7094 7095
f 7095 7094 7096
f 7095 7096 7054
f 7054 7096 7097
f 7054 7097 7052
f 7076 7089 7046
f 7046 7089 7078
f 7046 7078 7098
f 7098 7078 7099
f 7100 7101 7054
f 7054 7101 7102
f 7054 7102 7103
f 7104 7105 7095
f 7095 7105 7040
f 7095 7040 7106
f 7106 7040 7041
f 7106 7041 7107
f 7107 7041 7042
f 7107 7042 7078
f 7078 7042 7043
f 7078 7043 7080
f 7065 7108 7066
f 7066 7108 7109
f 7066 7109 7110
f 7083 7111 7047
f 7047 7111 7112
f 7047 7112 7072
f 7113 7114 7115
f 7113 7116 7117
f 7057 7118 7058
f 7058 7118 7113
f 7058 7113 7119
f 7119 7113 7120
f 7077 7121 7078
f 7078 7121 7122
f 7078 7122 7123
f 7123 7124 7078
f 7078 7124 7125
f 7078 7125 7126
f 7103 7127 7054
f 7054 7127 7128
f 7054 7128 7095
f 7095 7128 7129
f 7095 7129 7104
f 7059 7046 7113
f 7113 7046 7130
f 7113 7130 7131
f 7126 7132 7078
f 7078 7132 7133
f 7078 7133 7099
f 7109 7134 7110
f 7110 7134 7135
f 7110 7135 7054
f 7054 7135 7136
f 7054 7136 7100
f 7115 7137 7113
f 7113 7137 7138
f 7113 7138 7116
f 7117 7139 7113
f 7113 7139 7140
f 7113 7140 7120
f 7092 7141 7078
f 7078 7141 7142
f 7078 7142 7095
f 7095 7142 7143
f 7095 7143 7093
f 7131 7144 7113
f 7113 7144 7145
f 7113 7145 7114
f 7146 7147 7148
f 7146 7148 7149
f 7149 7148 7150
f 7149 7150 7151
f 7151 7152 7149
f 7149 7152 7153
f 7149 7153 7154
f 7155 7156 7157
f 7155 7157 7158
f 7159 7160 7161
f 7159 7157 7162
f 7163 7164 7165
f 7165 7164 7166
f 7165 7166 7167
f 7167 7166 7168
f 7169 7170 7168
f 7168 7170 7171
f 7168 7171 7167
f 7167 7171 7172
f 7167 7172 7173
f 7173 7172 7174
f 7175 7176 7177
f 7177 7176 7159
f 7177 7159 7178
f 7178 7159 7162
f 7159 7161 7157
f 7157 7161 7179
f 7157 7179 7158
f 7172 7180 7174
f 7174 7180 7181
f 7174 7181 7159
f 7159 7181 7182
f 7159 7182 7160
f 7183 7184 7185
f 7185 7184 7186
f 7185 7186 7187
f 7147 7188 7183
f 7183 7188 7189
f 7183 7189 7190
f 7190 7189 7191
f 7190 7191 7192
f 7193 7194 7195
f 7195 7194 7196
f 7195 7196 7197
f 7147 7183 7148
f 7148 7183 7185
f 7148 7185 7198
f 7196 7199 7197
f 7197 7199 7200
f 7197 7200 7201
f 7201 7200 7202
f 7201 7202 7203
f 7203 7202 7204
f 7203 7204 7187
f 7187 7204 7205
f 7187 7205 7185
f 7185 7205 7206
f 7185 7206 7207
f 7191 7208 7192
f 7192 7208 7209
f 7192 7209 7210
f 7210 7209 7211
f 7210 7211 7193
f 7193 7211 7212
f 7193 7212 7194
f 7213 7214 7215
f 7216 7217 7215
f 7215 7217 7218
f 7215 7218 7213
f 7219 7220 7221
f 7166 7164 7222
f 7222 7164 7221
f 7222 7221 7223
f 7223 7221 7220
f 7224 7225 7226
f 7226 7225 7227
f 7226 7227 7221
f 7221 7227 7215
f 7221 7215 7219
f 7219 7215 7214
f 7198 7185 7228
f 7228 7185 7229
f 7228 7229 7230
f 7230 7229 7231
f 7230 7231 7232
f 7233 7234 7231
f 7231 7234 7235
f 7231 7235 7232
f 7236 7237 7238
f 7239 7240 7241
f 7241 7240 7242
f 7241 7242 7238
f 7238 7242 7243
f 7238 7243 7236
f 7236 7243 7244
f 7236 7244 7245
f 7246 7247 7248
f 7249 7250 7251
f 7251 7250 7252
f 7252 7253 7251
f 7251 7253 7254
f 7251 7254 7255
f 7255 7254 7256
f 7255 7256 7156
f 7156 7256 7257
f 7156 7257 7258
f 7248 7259 7246
f 7246 7259 7260
f 7246 7260 7261
f 7261 7260 7262
f 7261 7262 7258
f 7258 7262 7263
f 7258 7263 7156
f 7156 7263 7264
f 7156 7264 7157
f 7265 7149 7266
f 7266 7149 7154
f 7267 7170 7268
f 7268 7170 7169
f 7269 7270 7271
f 7272 7273 7274
f 7274 7273 7275
f 7274 7275 7276
f 7276 7275 7277
f 7278 7279 7280
f 7280 7279 7281
f 7282 7283 7284
f 7284 7283 7285
f 7281 7279 7286
f 7286 7279 7284
f 7286 7284 7287
f 7287 7284 7285
f 7287 7285 7288
f 7288 7285 7289
f 7289 7285 7290
f 7291 7292 7276
f 7276 7292 7274
f 7255 7293 7294
f 7294 7293 7295
f 7251 7255 7296
f 7296 7255 7294
f 7296 7294 7297
f 7297 7294 7298
f 7299 7294 7300
f 7300 7294 7295
f 7300 7295 7301
f 7301 7295 7302
f 7301 7302 7303
f 7304 7305 7306
f 7307 7308 7309
f 7309 7308 7310
f 7311 7312 7313
f 7313 7312 7314
f 7313 7314 7315
f 7315 7314 7316
f 7306 7308 7304
f 7304 7308 7307
f 7304 7307 7312
f 7312 7307 7317
f 7312 7317 7314
f 7318 7319 7320
f 7320 7319 7321
f 7320 7321 7322
f 7322 7321 7323
f 7323 7321 7324
f 7324 7321 7325
f 7324 7325 7326
f 7326 7325 7327
f 7326 7327 7328
f 7328 7327 7329
f 7328 7329 7330
f 7330 7329 7331
f 7330 7331 7332
f 7332 7331 7333
f 7332 7333 7334
f 7334 7333 7335
f 7334 7335 7336
f 7336 7335 7337
f 7336 7337 7338
f 7338 7337 7339
f 7338 7339 7340
f 7340 7339 7341
f 7340 7341 7342
f 7342 7341 7343
f 7342 7343 7344
f 7344 7343 7345
f 7344 7345 7346
f 7346 7345 7347
f 7346 7347 7348
f 7349 7350 7351
f 7146 7149 7352
f 7352 7149 7265
f 7352 7265 7349
f 7349 7351 7352
f 7352 7351 7353
f 7352 7353 7354
f 7354 7353 7355
f 7354 7355 7356
f 7356 7355 7357
f 7356 7357 7358
f 7358 7357 7359
f 7358 7359 7360
f 7360 7359 7361
f 7360 7361 7362
f 7362 7361 7363
f 7362 7363 7364
f 7364 7363 7365
f 7364 7365 7366
f 7366 7365 7367
f 7366 7367 7368
f 7368 7367 7369
f 7368 7369 7370
f 7370 7369 7371
f 7370 7371 7372
f 7372 7371 7373
f 7372 7373 7374
f 7374 7373 7375
f 7374 7375 7376
f 7377 7378 7318
f 7379 7236 7245
f 7378 7379 7318
f 7318 7379 7245
f 7318 7245 7319
f 7319 7245 7380
f 7180 7381 7318
f 7318 7381 7382
f 7318 7382 7377
f 7268 7237 7267
f 7267 7237 7236
f 7267 7236 7383
f 7383 7236 7379
f 7252 7269 7253
f 7253 7269 7271
f 7253 7271 7384
f 7234 7233 7385
f 7385 7233 7240
f 7385 7240 7239
f 7386 7308 7387
f 7387 7388 7386
f 7386 7388 7389
f 7386 7389 7390
f 7390 7389 7391
f 7392 7393 7394
f 7394 7393 7395
f 7394 7395 7391
f 7391 7395 7396
f 7391 7396 7390
f 7397 7306 7398
f 7398 7306 7399
f 7398 7399 7400
f 7400 7399 7401
f 7400 7401 7402
f 7402 7401 7403
f 7402 7403 7404
f 7404 7403 7405
f 7404 7405 7392
f 7392 7405 7406
f 7392 7406 7393
f 7397 7407 7306
f 7306 7407 7408
f 7306 7408 7308
f 7308 7408 7409
f 7308 7409 7387
f 7410 7411 7301
f 7301 7411 7300
f 7412 7413 7414
f 7414 7413 7415
f 7414 7415 7416
f 7411 7417 7300
f 7300 7417 7418
f 7300 7418 7412
f 7412 7418 7419
f 7412 7419 7413
f 7416 7415 7420
f 7420 7415 7421
f 7420 7421 7422
f 7422 7421 7423
f 7422 7423 7424
f 7424 7423 7425
f 7424 7425 7426
f 7426 7425 7427
f 7427 7425 7428
f 7427 7428 7429
f 7429 7428 7430
f 7429 7430 7431
f 7431 7430 7432
f 7431 7432 7301
f 7301 7432 7433
f 7301 7433 7410
f 7434 7435 7436
f 7437 7438 7439
f 7440 7441 7279
f 7279 7441 7442
f 7443 7444 7445
f 7229 7185 7207
f 7434 7436 7446
f 7447 7448 7449
f 7449 7448 7450
f 7451 7452 7443
f 7453 7454 7455
f 7455 7454 7456
f 7455 7456 7457
f 7456 7458 7459
f 7460 7461 7454
f 7445 7462 7443
f 7443 7462 7463
f 7443 7463 7464
f 7244 7243 7465
f 7465 7243 7242
f 7465 7242 7466
f 7467 7468 7469
f 7469 7468 7470
f 7469 7470 7471
f 7471 7470 7472
f 7471 7472 7473
f 7473 7472 7474
f 7473 7474 7464
f 7464 7474 7475
f 7464 7475 7443
f 7467 7469 7436
f 7436 7469 7476
f 7436 7476 7446
f 7229 7207 7231
f 7453 7477 7454
f 7454 7477 7478
f 7454 7478 7460
f 7207 7479 7231
f 7231 7479 7480
f 7231 7480 7233
f 7233 7480 7471
f 7233 7471 7240
f 7240 7471 7473
f 7240 7473 7242
f 7242 7473 7481
f 7242 7481 7466
f 7475 7482 7483
f 7484 7485 7486
f 7486 7485 7448
f 7486 7448 7439
f 7439 7448 7447
f 7439 7447 7437
f 7459 7487 7456
f 7456 7487 7488
f 7456 7488 7457
f 7448 7284 7450
f 7450 7284 7279
f 7450 7279 7489
f 7489 7279 7442
f 7489 7442 7447
f 7447 7442 7460
f 7447 7460 7437
f 7437 7460 7478
f 7289 7290 7490
f 7490 7290 7485
f 7490 7485 7491
f 7491 7485 7484
f 7491 7484 7492
f 7492 7484 7474
f 7492 7474 7493
f 7493 7474 7472
f 7475 7483 7443
f 7443 7483 7494
f 7443 7494 7451
f 7292 7291 7439
f 7439 7291 7495
f 7439 7495 7486
f 7486 7495 7496
f 7486 7496 7475
f 7475 7496 7497
f 7475 7497 7482
f 7498 7499 7458
f 7458 7499 7459
f 7460 7498 7461
f 7461 7498 7458
f 7461 7458 7500
f 7500 7458 7501
f 7502 7503 7454
f 7454 7503 7456
f 7500 7501 7502
f 7502 7501 7503
f 7504 7505 7278
f 7278 7505 7506
f 7440 7279 7278
f 7506 7507 7278
f 7278 7507 7508
f 7278 7508 7440
f 7440 7508 7509
f 7440 7509 7510
f 7510 7509 7511
f 7512 7513 7514
f 7514 7513 7510
f 7514 7510 7515
f 7515 7510 7511
f 7512 7516 7513
f 7513 7516 7517
f 7513 7517 7504
f 7504 7517 7518
f 7504 7518 7505
f 7519 7520 7521
f 7521 7520 7513
f 7521 7513 7522
f 7523 7524 7525
f 7525 7524 7520
f 7525 7520 7526
f 7526 7520 7519
f 7523 7527 7524
f 7524 7527 7528
f 7524 7528 7504
f 7504 7528 7529
f 7529 7530 7504
f 7504 7530 7531
f 7504 7531 7513
f 7513 7531 7532
f 7513 7532 7522
f 7533 7534 7535
f 7536 7537 7538
f 7538 7537 7533
f 7538 7533 7539
f 7539 7533 7535
f 7536 7540 7537
f 7537 7540 7541
f 7537 7541 7520
f 7513 7542 7543
f 7541 7544 7520
f 7520 7544 7545
f 7520 7545 7513
f 7513 7545 7546
f 7513 7546 7542
f 7547 7533 7548
f 7548 7533 7549
f 7548 7549 7550
f 7550 7549 7551
f 7552 7533 7553
f 7553 7533 7547
f 7553 7547 7554
f 7552 7248 7533
f 7533 7248 7513
f 7533 7513 7534
f 7534 7513 7543
f 7248 7247 7513
f 7513 7247 7555
f 7513 7555 7556
f 7557 7558 7559
f 7559 7558 7560
f 7559 7560 7561
f 7547 7562 7554
f 7554 7562 7558
f 7554 7558 7563
f 7563 7558 7557
f 7564 7561 7510
f 7551 7549 7565
f 7565 7549 7510
f 7565 7510 7566
f 7560 7567 7561
f 7561 7567 7568
f 7561 7568 7510
f 7510 7568 7569
f 7510 7569 7566
f 7556 7570 7513
f 7513 7570 7571
f 7513 7571 7510
f 7510 7571 7572
f 7510 7572 7564
f 7217 7216 7573
f 7573 7216 7574
f 7575 7576 7577
f 7577 7576 7384
f 7271 7578 7384
f 7384 7578 7579
f 7384 7579 7577
f 7271 7270 7578
f 7578 7270 7574
f 7578 7574 7580
f 7580 7574 7216
f 7580 7216 7581
f 7457 7582 7455
f 7455 7582 7583
f 7455 7583 7584
f 7584 7583 7585
f 7477 7453 7586
f 7586 7453 7587
f 7585 7586 7584
f 7584 7586 7587
f 7498 7460 7588
f 7588 7460 7442
f 7588 7442 7589
f 7589 7442 7590
f 7591 7592 7442
f 7442 7592 7593
f 7442 7593 7590
f 7594 7595 7596
f 7596 7595 7597
f 7597 7595 7598
f 7597 7598 7599
f 7594 7596 7600
f 7600 7596 7601
f 7600 7601 7602
f 7603 7604 7444
f 7443 7596 7597
f 7597 7605 7443
f 7443 7605 7606
f 7443 7606 7444
f 7444 7606 7607
f 7444 7607 7603
f 7348 7347 7608
f 7608 7347 7609
f 7608 7609 7610
f 7610 7609 7611
f 7610 7611 7612
f 7612 7611 7613
f 7612 7613 7614
f 7614 7613 7615
f 7614 7615 7616
f 7616 7615 7617
f 7616 7617 7618
f 7618 7617 7619
f 7618 7619 7464
f 7464 7619 7473
f 7376 7375 7620
f 7620 7375 7621
f 7620 7621 7622
f 7622 7621 7623
f 7622 7623 7624
f 7624 7623 7625
f 7624 7625 7471
f 7471 7625 7469
f 7626 7286 7627
f 7627 7286 7287
f 7628 7629 7225
f 7630 7631 7632
f 7629 7633 7225
f 7225 7633 7634
f 7225 7634 7635
f 7635 7634 7636
f 7635 7636 7637
f 7637 7636 7638
f 7637 7638 7639
f 7287 7640 7627
f 7627 7640 7641
f 7627 7641 7642
f 7642 7641 7643
f 7642 7643 7635
f 7635 7643 7644
f 7642 7645 7627
f 7627 7645 7630
f 7627 7630 7646
f 7646 7630 7632
f 7628 7225 7647
f 7647 7225 7224
f 7647 7224 7648
f 7644 7649 7635
f 7635 7649 7650
f 7635 7650 7225
f 7225 7650 7651
f 7225 7651 7652
f 7653 7654 7655
f 7653 7655 7656
f 7656 7655 7657
f 7656 7657 7658
f 7658 7657 7659
f 7658 7659 7660
f 7660 7659 7661
f 7660 7661 7662
f 7662 7661 7663
f 7662 7663 7664
f 7664 7663 7665
f 7664 7665 7666
f 7666 7665 7667
f 7666 7667 7668
f 7668 7667 7669
f 7668 7669 7670
f 7670 7669 7671
f 7670 7671 7672
f 7673 7581 7674
f 7674 7581 7216
f 7674 7216 7675
f 7216 7215 7675
f 7675 7215 7227
f 7675 7227 7676
f 7676 7227 7225
f 7676 7225 7652
f 7604 7677 7678
f 7679 7680 7681
f 7681 7680 7682
f 7681 7682 7444
f 7444 7682 7445
f 7683 7679 7684
f 7684 7679 7681
f 7684 7681 7685
f 7685 7681 7686
f 7687 7688 7689
f 7689 7688 7690
f 7689 7690 7691
f 7691 7690 7311
f 7691 7311 7692
f 7311 7693 7694
f 7678 7312 7604
f 7604 7312 7311
f 7604 7311 7444
f 7694 7695 7311
f 7311 7695 7696
f 7311 7696 7444
f 7444 7696 7697
f 7444 7697 7681
f 7697 7698 7681
f 7681 7698 7699
f 7681 7699 7700
f 7700 7699 7701
f 7700 7701 7702
f 7702 7701 7703
f 7702 7703 7704
f 7704 7703 7705
f 7704 7705 7690
f 7690 7705 7706
f 7690 7706 7311
f 7311 7706 7707
f 7311 7707 7693
f 7708 7709 7710
f 7711 7712 7713
f 7298 7714 7715
f 7715 7714 7716
f 7717 7559 7561
f 7711 7713 7718
f 7709 7719 7710
f 7710 7719 7716
f 7710 7716 7720
f 7720 7716 7714
f 7721 7722 7294
f 7294 7722 7723
f 7719 7724 7716
f 7716 7724 7725
f 7716 7725 7726
f 7726 7725 7727
f 7726 7727 7728
f 7728 7727 7729
f 7710 7730 7708
f 7708 7730 7731
f 7708 7731 7732
f 7732 7731 7733
f 7732 7733 7734
f 7735 7736 7737
f 7737 7736 7738
f 7737 7738 7729
f 7729 7738 7739
f 7729 7739 7728
f 7561 7740 7717
f 7717 7740 7741
f 7717 7741 7742
f 7434 7714 7435
f 7435 7714 7298
f 7435 7298 7713
f 7713 7298 7294
f 7713 7294 7718
f 7718 7294 7723
f 7718 7723 7743
f 7743 7723 7744
f 7743 7744 7745
f 7733 7746 7734
f 7734 7746 7747
f 7734 7747 7748
f 7748 7747 7749
f 7748 7749 7735
f 7735 7749 7750
f 7735 7750 7736
f 7742 7741 7745
f 7745 7741 7751
f 7745 7751 7743
f 7435 7713 7752
f 7753 7674 7675
f 7752 7754 7435
f 7435 7754 7753
f 7435 7753 7436
f 7436 7753 7675
f 7755 7756 7757
f 7757 7756 7758
f 7759 7760 7758
f 7758 7760 7761
f 7758 7761 7762
f 7763 7762 7764
f 7764 7762 7765
f 7764 7765 7766
f 7763 7767 7762
f 7762 7767 7768
f 7762 7768 7758
f 7758 7768 7769
f 7758 7769 7757
f 7770 7771 7756
f 7756 7771 7772
f 7756 7772 7773
f 7773 7772 7774
f 7775 7776 7777
f 7777 7776 7778
f 7774 7779 7773
f 7773 7779 7780
f 7773 7780 7777
f 7777 7780 7781
f 7777 7781 7775
f 7759 7758 7782
f 7782 7758 7777
f 7782 7777 7783
f 7755 7784 7756
f 7756 7784 7785
f 7756 7785 7770
f 7785 7786 7770
f 7770 7786 7787
f 7770 7787 7788
f 7788 7787 7766
f 7788 7766 7789
f 7790 7791 7792
f 7792 7791 7793
f 7792 7793 7781
f 7781 7793 7794
f 7781 7794 7775
f 7765 7795 7766
f 7766 7795 7796
f 7766 7796 7789
f 7789 7796 7797
f 7789 7797 7798
f 7798 7797 7799
f 7798 7799 7790
f 7778 7800 7777
f 7777 7800 7801
f 7777 7801 7783
f 7783 7801 7802
f 7783 7802 7803
f 7803 7802 7804
f 7803 7804 7799
f 7799 7804 7805
f 7799 7805 7790
f 7790 7805 7806
f 7790 7806 7791
f 7807 7808 7809
f 7809 7808 7810
f 7244 7465 7811
f 7812 7813 7814
f 7814 7813 7815
f 7814 7815 7816
f 7815 7817 7816
f 7816 7817 7818
f 7816 7818 7819
f 7819 7818 7820
f 7819 7820 7821
f 7821 7820 7380
f 7821 7380 7822
f 7822 7380 7245
f 7822 7245 7823
f 7823 7245 7244
f 7823 7244 7809
f 7809 7244 7811
f 7809 7811 7807
f 7808 7824 7810
f 7810 7824 7825
f 7810 7825 7826
f 7826 7825 7827
f 7826 7827 7828
f 7827 7829 7828
f 7828 7829 7830
f 7828 7830 7831
f 7831 7830 7832
f 7831 7832 7812
f 7812 7832 7833
f 7812 7833 7813
f 7737 7192 7735
f 7735 7192 7210
f 7735 7210 7748
f 7748 7210 7193
f 7748 7193 7734
f 7734 7193 7195
f 7734 7195 7732
f 7732 7195 7197
f 7732 7197 7708
f 7708 7197 7201
f 7708 7201 7709
f 7709 7201 7203
f 7709 7203 7719
f 7719 7203 7187
f 7719 7187 7724
f 7724 7187 7186
f 7724 7186 7725
f 7725 7186 7184
f 7725 7184 7727
f 7727 7184 7183
f 7727 7183 7729
f 7729 7183 7190
f 7729 7190 7737
f 7737 7190 7192
f 7423 7392 7425
f 7425 7392 7394
f 7425 7394 7428
f 7428 7394 7391
f 7428 7391 7430
f 7430 7391 7389
f 7430 7389 7432
f 7432 7389 7388
f 7432 7388 7433
f 7433 7388 7387
f 7433 7387 7410
f 7410 7387 7409
f 7410 7409 7411
f 7411 7409 7408
f 7411 7408 7417
f 7417 7408 7407
f 7417 7407 7418
f 7418 7407 7397
f 7418 7397 7419
f 7419 7397 7398
f 7419 7398 7413
f 7413 7398 7400
f 7413 7400 7415
f 7415 7400 7402
f 7415 7402 7421
f 7421 7402 7404
f 7421 7404 7423
f 7423 7404 7392
f 7504 7278 7280
f 7524 7504 7834
f 7834 7504 7280
f 7834 7280 7835
f 7835 7280 7281
f 7835 7281 7626
f 7626 7281 7286
f 7836 7837 7838
f 7838 7837 7839
f 7840 7841 7489
f 7489 7841 7450
f 7528 7759 7529
f 7529 7759 7782
f 7529 7782 7530
f 7530 7782 7783
f 7530 7783 7531
f 7531 7783 7803
f 7531 7803 7532
f 7532 7803 7799
f 7532 7799 7522
f 7522 7799 7797
f 7522 7797 7521
f 7521 7797 7796
f 7521 7796 7519
f 7519 7796 7795
f 7519 7795 7526
f 7526 7795 7765
f 7526 7765 7525
f 7525 7765 7762
f 7525 7762 7523
f 7523 7762 7761
f 7523 7761 7527
f 7527 7761 7760
f 7527 7760 7528
f 7528 7760 7759
f 7568 7790 7569
f 7569 7790 7792
f 7569 7792 7566
f 7566 7792 7781
f 7566 7781 7565
f 7565 7781 7780
f 7565 7780 7551
f 7551 7780 7779
f 7551 7779 7550
f 7550 7779 7774
f 7550 7774 7548
f 7548 7774 7772
f 7548 7772 7547
f 7547 7772 7771
f 7547 7771 7562
f 7562 7771 7770
f 7562 7770 7558
f 7558 7770 7788
f 7558 7788 7560
f 7560 7788 7789
f 7560 7789 7567
f 7567 7789 7798
f 7567 7798 7568
f 7568 7798 7790
f 7546 7767 7542
f 7542 7767 7763
f 7542 7763 7543
f 7543 7763 7764
f 7543 7764 7534
f 7534 7764 7766
f 7534 7766 7535
f 7535 7766 7787
f 7535 7787 7539
f 7539 7787 7786
f 7539 7786 7538
f 7538 7786 7785
f 7538 7785 7536
f 7536 7785 7784
f 7536 7784 7540
f 7540 7784 7755
f 7540 7755 7541
f 7541 7755 7757
f 7541 7757 7544
f 7544 7757 7769
f 7544 7769 7545
f 7545 7769 7768
f 7545 7768 7546
f 7546 7768 7767
f 7506 7800 7507
f 7507 7800 7778
f 7507 7778 7508
f 7508 7778 7776
f 7508 7776 7509
f 7509 7776 7775
f 7509 7775 7511
f 7511 7775 7794
f 7511 7794 7515
f 7515 7794 7793
f 7515 7793 7514
f 7514 7793 7791
f 7514 7791 7512
f 7512 7791 7806
f 7512 7806 7516
f 7516 7806 7805
f 7516 7805 7517
f 7517 7805 7804
f 7517 7804 7518
f 7518 7804 7802
f 7518 7802 7505
f 7505 7802 7801
f 7505 7801 7506
f 7506 7801 7800
f 7582 7457 7488
f 7582 7488 7842
f 7842 7488 7487
f 7842 7487 7843
f 7843 7487 7459
f 7843 7459 7499
f 7844 7845 7485
f 7485 7845 7448
f 7844 7485 7283
f 7283 7485 7290
f 7283 7290 7285
f 7845 7282 7448
f 7448 7282 7284
f 7283 7282 7844
f 7844 7282 7845
f 7846 7847 7438
f 7438 7847 7439
f 7584 7587 7455
f 7455 7587 7453
f 7439 7847 7292
f 7292 7847 7272
f 7292 7272 7274
f 7273 7272 7846
f 7846 7272 7847
f 7447 7449 7848
f 7848 7449 7849
f 7841 7849 7450
f 7450 7849 7449
f 7458 7456 7501
f 7501 7456 7503
f 7848 7849 7840
f 7840 7849 7841
f 7850 7851 7486
f 7486 7851 7484
f 7852 7850 7475
f 7475 7850 7486
f 7853 7852 7474
f 7474 7852 7475
f 7851 7853 7484
f 7484 7853 7474
f 7852 7853 7850
f 7850 7853 7851
f 7854 7703 7855
f 7855 7703 7701
f 7855 7701 7856
f 7856 7701 7699
f 7856 7699 7857
f 7857 7699 7698
f 7857 7698 7858
f 7858 7698 7697
f 7858 7697 7859
f 7859 7697 7696
f 7859 7696 7860
f 7860 7696 7695
f 7860 7695 7861
f 7861 7695 7694
f 7861 7694 7862
f 7862 7694 7693
f 7862 7693 7863
f 7863 7693 7707
f 7863 7707 7864
f 7864 7707 7706
f 7864 7706 7865
f 7865 7706 7705
f 7865 7705 7854
f 7854 7705 7703
f 7859 7866 7858
f 7858 7866 7867
f 7858 7867 7857
f 7857 7867 7868
f 7857 7868 7856
f 7856 7868 7869
f 7856 7869 7855
f 7855 7869 7870
f 7855 7870 7854
f 7854 7870 7871
f 7854 7871 7865
f 7865 7871 7872
f 7865 7872 7864
f 7864 7872 7873
f 7864 7873 7863
f 7863 7873 7874
f 7863 7874 7862
f 7862 7874 7875
f 7862 7875 7861
f 7861 7875 7876
f 7861 7876 7860
f 7860 7876 7877
f 7860 7877 7859
f 7859 7877 7866
f 7867 7810 7868
f 7868 7810 7826
f 7868 7826 7869
f 7869 7826 7828
f 7869 7828 7870
f 7870 7828 7831
f 7870 7831 7871
f 7871 7831 7812
f 7871 7812 7872
f 7872 7812 7814
f 7872 7814 7873
f 7873 7814 7816
f 7873 7816 7874
f 7874 7816 7819
f 7874 7819 7875
f 7875 7819 7821
f 7875 7821 7876
f 7876 7821 7822
f 7876 7822 7877
f 7877 7822 7823
f 7877 7823 7866
f 7866 7823 7809
f 7866 7809 7867
f 7867 7809 7810
f 7721 7294 7878
f 7878 7294 7299
f 7304 7878 7305
f 7305 7878 7299
f 7305 7299 7671
f 7671 7299 7672
f 7161 7309 7179
f 7179 7309 7310
f 7302 7179 7303
f 7303 7179 7310
f 7303 7310 7653
f 7653 7310 7654
f 7585 7583 7645
f 7586 7585 7477
f 7477 7585 7645
f 7477 7645 7478
f 7478 7645 7642
f 7437 7635 7438
f 7438 7635 7637
f 7637 7275 7438
f 7438 7275 7273
f 7438 7273 7846
f 7642 7635 7478
f 7478 7635 7437
f 7454 7461 7502
f 7502 7461 7500
f 7848 7840 7447
f 7447 7840 7489
f 7675 7676 7436
f 7436 7676 7467
f 7443 7452 7596
f 7596 7452 7601
f 7879 7880 7881
f 7881 7880 7882
f 7883 7884 7605
f 7605 7884 7606
f 7673 7674 7885
f 7885 7674 7753
f 7316 7314 7181
f 7320 7886 7318
f 7318 7886 7316
f 7318 7316 7180
f 7180 7316 7181
f 7887 7888 7889
f 7889 7888 7890
f 7891 7892 7893
f 7893 7892 7894
f 7895 7896 7349
f 7349 7896 7350
f 7296 7297 7897
f 7897 7297 7898
f 7899 7900 7323
f 7323 7900 7322
f 7313 7315 7901
f 7901 7315 7902
f 7889 7890 7903
f 7903 7890 7904
f 7903 7904 7905
f 7905 7904 7906
f 7905 7906 7570
f 7570 7906 7571
f 7891 7907 7892
f 7892 7907 7908
f 7907 7909 7908
f 7908 7909 7910
f 7908 7910 7911
f 7553 7554 7912
f 7912 7554 7911
f 7912 7911 7913
f 7913 7911 7910
f 7576 7575 7914
f 7914 7575 7915
f 7914 7915 7916
f 7916 7915 7917
f 7916 7917 7887
f 7887 7917 7888
f 7175 7177 7918
f 7918 7177 7919
f 7918 7919 7920
f 7920 7919 7921
f 7920 7921 7894
f 7894 7921 7893
f 7638 7495 7291
f 7276 7277 7291
f 7291 7277 7639
f 7291 7639 7638
f 7602 7601 7648
f 7648 7601 7452
f 7648 7452 7647
f 7647 7452 7451
f 7287 7288 7640
f 7640 7288 7289
f 7640 7289 7490
f 7676 7652 7467
f 7467 7652 7651
f 7467 7651 7468
f 7493 7644 7492
f 7492 7644 7643
f 7492 7643 7491
f 7491 7643 7641
f 7491 7641 7490
f 7490 7641 7640
f 7468 7651 7470
f 7470 7651 7650
f 7470 7650 7472
f 7472 7650 7649
f 7472 7649 7493
f 7493 7649 7644
f 7495 7638 7496
f 7496 7638 7636
f 7496 7636 7497
f 7497 7636 7634
f 7497 7634 7482
f 7482 7634 7633
f 7482 7633 7483
f 7483 7633 7629
f 7483 7629 7494
f 7494 7629 7628
f 7494 7628 7451
f 7451 7628 7647
f 7885 7753 7922
f 7922 7753 7754
f 7922 7754 7923
f 7923 7754 7752
f 7923 7752 7712
f 7712 7752 7713
f 7606 7884 7607
f 7607 7884 7924
f 7607 7924 7603
f 7603 7924 7925
f 7603 7925 7604
f 7604 7925 7677
f 7557 7559 7717
f 7554 7563 7911
f 7911 7563 7557
f 7911 7557 7908
f 7908 7557 7717
f 7908 7717 7892
f 7892 7717 7742
f 7745 7894 7742
f 7742 7894 7892
f 7894 7745 7920
f 7920 7745 7744
f 7920 7744 7918
f 7918 7744 7723
f 7918 7723 7175
f 7175 7723 7722
f 7721 7176 7722
f 7722 7176 7175
f 7176 7721 7159
f 7159 7721 7878
f 7159 7878 7926
f 7572 7571 7906
f 7572 7906 7564
f 7564 7906 7904
f 7564 7904 7561
f 7890 7741 7904
f 7904 7741 7740
f 7904 7740 7561
f 7888 7751 7890
f 7890 7751 7741
f 7575 7711 7915
f 7915 7711 7718
f 7915 7718 7917
f 7917 7718 7743
f 7917 7743 7888
f 7888 7743 7751
f 7577 7712 7575
f 7575 7712 7711
f 7712 7577 7923
f 7923 7577 7579
f 7923 7579 7922
f 7922 7579 7578
f 7922 7578 7885
f 7885 7578 7580
f 7885 7580 7673
f 7673 7580 7581
f 7553 7912 7552
f 7552 7912 7248
f 7248 7912 7913
f 7248 7913 7259
f 7259 7913 7910
f 7259 7910 7260
f 7891 7262 7907
f 7907 7262 7260
f 7907 7260 7909
f 7909 7260 7910
f 7893 7263 7891
f 7891 7263 7262
f 7162 7157 7264
f 7177 7178 7919
f 7919 7178 7162
f 7919 7162 7921
f 7921 7162 7264
f 7921 7264 7893
f 7893 7264 7263
f 7880 7773 7882
f 7882 7773 7777
f 7441 7882 7777
f 7440 7881 7441
f 7441 7881 7882
f 7773 7880 7839
f 7758 7442 7777
f 7777 7442 7441
f 7549 7879 7510
f 7510 7879 7881
f 7510 7881 7440
f 7879 7838 7880
f 7880 7838 7839
f 7837 7756 7839
f 7839 7756 7773
f 7756 7591 7758
f 7758 7591 7442
f 7879 7549 7838
f 7756 7837 7591
f 7537 7836 7533
f 7533 7836 7838
f 7533 7838 7549
f 7836 7592 7837
f 7837 7592 7591
f 7836 7537 7592
f 7524 7593 7520
f 7520 7593 7592
f 7520 7592 7537
f 7626 7588 7835
f 7835 7588 7589
f 7835 7589 7834
f 7834 7589 7590
f 7834 7590 7524
f 7524 7590 7593
f 7498 7588 7627
f 7627 7588 7626
f 7689 7691 7323
f 7323 7324 7689
f 7689 7324 7326
f 7689 7326 7687
f 7687 7326 7328
f 7687 7328 7688
f 7688 7328 7330
f 7688 7330 7690
f 7690 7330 7332
f 7690 7332 7704
f 7704 7332 7334
f 7704 7334 7702
f 7702 7334 7336
f 7702 7336 7700
f 7700 7336 7338
f 7700 7338 7681
f 7681 7338 7340
f 7681 7340 7686
f 7686 7340 7342
f 7686 7342 7685
f 7685 7342 7344
f 7685 7344 7684
f 7684 7344 7346
f 7684 7346 7683
f 7683 7346 7348
f 7683 7348 7679
f 7680 7679 7348
f 7348 7608 7680
f 7680 7608 7610
f 7680 7610 7682
f 7464 7463 7618
f 7618 7463 7462
f 7618 7462 7616
f 7616 7462 7445
f 7616 7445 7614
f 7614 7445 7682
f 7614 7682 7612
f 7612 7682 7610
f 7321 7319 7380
f 7380 7820 7321
f 7321 7820 7818
f 7321 7818 7325
f 7325 7818 7817
f 7325 7817 7327
f 7327 7817 7815
f 7327 7815 7329
f 7329 7815 7813
f 7329 7813 7331
f 7331 7813 7833
f 7331 7833 7333
f 7333 7833 7832
f 7333 7832 7335
f 7335 7832 7830
f 7335 7830 7337
f 7337 7830 7829
f 7337 7829 7339
f 7339 7829 7827
f 7339 7827 7341
f 7341 7827 7825
f 7341 7825 7343
f 7343 7825 7824
f 7343 7824 7345
f 7345 7824 7808
f 7345 7808 7347
f 7481 7473 7619
f 7481 7619 7466
f 7466 7619 7617
f 7466 7617 7465
f 7465 7617 7615
f 7465 7615 7811
f 7811 7615 7613
f 7811 7613 7807
f 7347 7808 7609
f 7609 7808 7807
f 7609 7807 7611
f 7611 7807 7613
f 7188 7147 7146
f 7146 7352 7188
f 7188 7352 7354
f 7188 7354 7189
f 7189 7354 7356
f 7189 7356 7191
f 7191 7356 7358
f 7191 7358 7208
f 7208 7358 7360
f 7208 7360 7209
f 7209 7360 7362
f 7209 7362 7211
f 7211 7362 7364
f 7211 7364 7212
f 7212 7364 7366
f 7212 7366 7194
f 7194 7366 7368
f 7194 7368 7196
f 7196 7368 7370
f 7196 7370 7199
f 7199 7370 7372
f 7199 7372 7200
f 7200 7372 7374
f 7200 7374 7202
f 7202 7374 7376
f 7202 7376 7204
f 7471 7480 7624
f 7624 7480 7479
f 7624 7479 7622
f 7479 7207 7622
f 7622 7207 7206
f 7622 7206 7620
f 7620 7206 7205
f 7620 7205 7376
f 7376 7205 7204
f 7351 7350 7716
f 7716 7726 7351
f 7351 7726 7728
f 7351 7728 7353
f 7353 7728 7739
f 7353 7739 7355
f 7355 7739 7738
f 7355 7738 7357
f 7357 7738 7736
f 7357 7736 7359
f 7359 7736 7750
f 7359 7750 7361
f 7361 7750 7749
f 7361 7749 7363
f 7363 7749 7747
f 7363 7747 7365
f 7365 7747 7746
f 7365 7746 7367
f 7367 7746 7733
f 7367 7733 7369
f 7369 7733 7731
f 7369 7731 7371
f 7371 7731 7730
f 7371 7730 7373
f 7373 7730 7710
f 7373 7710 7375
f 7476 7469 7625
f 7623 7434 7625
f 7625 7434 7446
f 7625 7446 7476
f 7375 7710 7621
f 7621 7710 7720
f 7621 7720 7623
f 7623 7720 7714
f 7623 7714 7434
f 7646 7499 7627
f 7627 7499 7498
f 7630 7582 7842
f 7630 7842 7631
f 7631 7842 7843
f 7631 7843 7632
f 7632 7843 7499
f 7632 7499 7646
f 7582 7630 7583
f 7583 7630 7645
f 7275 7637 7277
f 7277 7637 7639
f 7304 7312 7878
f 7878 7312 7678
f 7878 7678 7926
f 7926 7678 7159
f 7159 7678 7677
f 7159 7677 7174
f 7884 7165 7924
f 7924 7165 7167
f 7924 7167 7925
f 7925 7167 7173
f 7925 7173 7677
f 7677 7173 7174
f 7599 7883 7597
f 7597 7883 7605
f 7883 7163 7884
f 7884 7163 7165
f 7883 7599 7163
f 7598 7164 7599
f 7599 7164 7163
f 7164 7598 7221
f 7221 7598 7595
f 7221 7595 7226
f 7226 7595 7594
f 7226 7594 7224
f 7224 7594 7600
f 7602 7648 7600
f 7600 7648 7224
f 7412 7672 7300
f 7300 7672 7299
f 7431 7653 7656
f 7431 7656 7429
f 7429 7656 7658
f 7429 7658 7427
f 7427 7658 7660
f 7427 7660 7426
f 7426 7660 7662
f 7426 7662 7424
f 7424 7662 7664
f 7424 7664 7422
f 7422 7664 7666
f 7422 7666 7420
f 7420 7666 7668
f 7420 7668 7416
f 7416 7668 7670
f 7416 7670 7414
f 7414 7670 7672
f 7414 7672 7412
f 7653 7431 7303
f 7303 7431 7301
f 7671 7399 7305
f 7305 7399 7306
f 7399 7671 7669
f 7399 7669 7401
f 7401 7669 7667
f 7401 7667 7403
f 7403 7667 7665
f 7403 7665 7405
f 7405 7665 7663
f 7405 7663 7406
f 7406 7663 7661
f 7406 7661 7393
f 7393 7661 7659
f 7393 7659 7395
f 7395 7659 7657
f 7395 7657 7396
f 7396 7657 7655
f 7396 7655 7390
f 7390 7655 7654
f 7390 7654 7386
f 7310 7308 7654
f 7654 7308 7386
f 7900 7886 7322
f 7322 7886 7320
f 7886 7902 7316
f 7316 7902 7315
f 7886 7900 7902
f 7899 7901 7900
f 7900 7901 7902
f 7901 7692 7313
f 7313 7692 7311
f 7901 7899 7692
f 7692 7899 7691
f 7691 7899 7323
f 7896 7715 7350
f 7350 7715 7716
f 7715 7898 7298
f 7298 7898 7297
f 7715 7896 7898
f 7895 7897 7896
f 7896 7897 7898
f 7897 7249 7296
f 7296 7249 7251
f 7897 7895 7249
f 7895 7349 7265
f 7265 7266 7895
f 7895 7266 7250
f 7895 7250 7249
f 7381 7180 7172
f 7171 7377 7172
f 7172 7377 7382
f 7172 7382 7381
f 7267 7383 7170
f 7170 7383 7379
f 7170 7379 7171
f 7171 7379 7378
f 7171 7378 7377
f 7179 7302 7158
f 7158 7302 7295
f 7158 7295 7155
f 7155 7295 7293
f 7155 7293 7156
f 7156 7293 7255
f 7181 7314 7182
f 7182 7314 7317
f 7182 7317 7160
f 7160 7317 7307
f 7160 7307 7161
f 7161 7307 7309
f 7555 7247 7246
f 7570 7556 7905
f 7905 7556 7555
f 7905 7555 7903
f 7903 7555 7246
f 7903 7246 7889
f 7889 7246 7261
f 7258 7887 7261
f 7261 7887 7889
f 7887 7258 7916
f 7916 7258 7257
f 7916 7257 7914
f 7914 7257 7256
f 7914 7256 7576
f 7576 7256 7254
f 7253 7384 7254
f 7254 7384 7576
f 7150 7148 7198
f 7154 7153 7573
f 7573 7153 7152
f 7573 7152 7217
f 7217 7152 7151
f 7217 7151 7218
f 7218 7151 7150
f 7218 7150 7213
f 7213 7150 7198
f 7213 7198 7228
f 7270 7269 7574
f 7574 7269 7252
f 7250 7266 7252
f 7252 7266 7154
f 7252 7154 7574
f 7574 7154 7573
f 7228 7230 7213
f 7213 7230 7232
f 7213 7232 7214
f 7214 7232 7235
f 7214 7235 7219
f 7219 7235 7234
f 7219 7234 7220
f 7220 7234 7385
f 7220 7385 7223
f 7237 7268 7238
f 7238 7268 7169
f 7238 7169 7241
f 7241 7169 7168
f 7241 7168 7239
f 7239 7168 7166
f 7239 7166 7385
f 7385 7166 7222
f 7385 7222 7223
f 7927 7928 7929
f 7929 7928 7930
f 7931 7932 7933
f 7933 7932 7934
f 7935 7936 7937
f 7937 7936 7938
f 7939 7940 7941
f 7941 7940 7942
f 7937 7938 7940
f 7940 7938 7942
f 7927 7929 7931
f 7931 7929 7932
f 7943 7944 7945
f 7945 7944 7946
f 7945 7946 7947
f 7947 7946 7948
f 7947 7948 7949
f 7949 7948 7950
f 7951 7952 7953
f 7953 7952 7954
f 7953 7954 7955
f 7955 7954 7956
f 7955 7956 7957
f 7957 7956 7958
f 7958 7944 7957
f 7957 7944 7943
f 7952 7951 7941
f 7941 7951 7959
f 7941 7959 7939
f 7939 7959 7960
f 7928 7961 7930
f 7930 7961 7962
f 7930 7962 7950
f 7950 7962 7949
f 7958 7956 7938
f 7958 7938 7944
f 7944 7938 7936
f 7944 7936 7946
f 7941 7942 7952
f 7952 7942 7938
f 7952 7938 7954
f 7954 7938 7956
f 7932 7929 7950
f 7950 7929 7930
f 7963 7964 7936
f 7936 7964 7934
f 7936 7934 7946
f 7946 7934 7932
f 7946 7932 7948
f 7948 7932 7950
f 7965 7966 7967
f 7968 7969 7970
f 7970 7969 7965
f 7970 7965 7971
f 7971 7965 7967
f 7972 7973 7974
f 7972 7974 7975
f 7976 7977 7974
f 7974 7977 7978
f 7974 7978 7975
f 7974 7966 7976
f 7976 7966 7965
f 7976 7965 7977
f 7977 7965 7969
f 7977 7969 7978
f 7978 7969 7968
f 7978 7968 7975
f 7975 7968 7970
f 7975 7970 7972
f 7972 7970 7971
f 7972 7971 7973
f 7973 7971 7967
f 7979 7980 7981
f 7982 7983 7984
f 7984 7983 7979
f 7984 7979 7985
f 7985 7979 7981
f 7986 7987 7988
f 7989 7986 7990
f 7990 7986 7988
f 7990 7988 7991
f 7991 7988 7992
f 7987 7984 7988
f 7988 7984 7985
f 7988 7985 7992
f 7992 7985 7981
f 7992 7981 7991
f 7991 7981 7980
f 7991 7980 7990
f 7990 7980 7979
f 7990 7979 7989
f 7989 7979 7983
f 7989 7983 7986
f 7986 7983 7982
f 7993 7994 7995
f 7995 7994 7996
f 7995 7996 7997
f 7997 7996 7998
f 7997 7998 7999
f 7999 7998 8000
f 7999 8000 8001
f 8001 8000 8002
f 8001 8002 8003
f 8003 8002 8004
f 8005 8006 8007
f 8007 8006 8008
f 8007 8008 8009
f 8009 8008 8010
f 8009 8010 8011
f 8011 8010 8012
f 8011 8012 8013
f 8013 8012 8014
f 8013 8014 8015
f 8015 8014 8016
f 8017 8018 8019
f 8019 8018 8020
f 8019 8020 8021
f 8021 8020 8022
f 8021 8022 8023
f 8023 8022 8024
f 8023 8024 8025
f 8025 8024 8026
f 8025 8026 8027
f 8027 8026 8028
f 8029 8030 8031
f 8031 8030 8032
f 8031 8032 8033
f 8033 8032 8034
f 8033 8034 8035
f 8035 8034 8036
f 8035 8036 8037
f 8037 8036 8038
f 8037 8038 8039
f 8039 8038 8040
f 8019 8021 7937
f 8027 8041 8025
f 8025 8041 7935
f 7939 7960 7993
f 7937 8021 7935
f 7935 8021 8023
f 7935 8023 8025
f 7993 7995 7939
f 7939 7995 7997
f 7939 7997 7940
f 7940 7997 7999
f 7999 8001 7940
f 7940 8001 8003
f 7940 8003 7937
f 7937 8003 8017
f 7937 8017 8019
f 8032 8030 8016
f 7951 7953 8002
f 8002 8000 7951
f 7951 8000 7998
f 7951 7998 7959
f 7959 7998 7996
f 7959 7996 7994
f 8036 7949 8038
f 8038 7949 7962
f 8038 7962 8040
f 8036 8034 7949
f 7949 8034 8032
f 7949 8032 7947
f 7947 8032 8016
f 8012 8026 8014
f 8014 8026 7943
f 8014 7943 8016
f 8016 7943 7945
f 8016 7945 7947
f 8006 8028 8008
f 8008 8028 8026
f 8008 8026 8010
f 8010 8026 8012
f 8026 8024 7943
f 7943 8024 8022
f 7943 8022 7957
f 7957 8022 8020
f 7957 8020 7955
f 7955 8020 8018
f 7955 8018 7953
f 7953 8018 8004
f 7953 8004 8002
f 8041 8027 7963
f 7963 8027 8028
f 7963 8028 7964
f 7964 8028 8006
f 7964 8006 8042
f 8042 8006 8005
f 7959 7994 7960
f 7960 7994 7993
f 7966 8018 7967
f 7967 8018 8017
f 7967 8017 7973
f 7973 8017 8003
f 7973 8003 7974
f 7974 8003 8004
f 7974 8004 7966
f 7966 8004 8018
f 7987 8029 7984
f 7984 8029 8015
f 7984 8015 7982
f 7982 8015 8016
f 7982 8016 7986
f 7986 8016 8030
f 7986 8030 7987
f 7987 8030 8029
f 8029 7927 8015
f 8015 7927 7931
f 8015 7931 8013
f 7933 8042 8005
f 8029 8031 7927
f 7927 8031 8033
f 7927 8033 7928
f 8005 8007 7933
f 7933 8007 8009
f 7933 8009 7931
f 7931 8009 8011
f 7931 8011 8013
f 8039 7961 8037
f 8037 7961 7928
f 8037 7928 8035
f 8035 7928 8033
f 7961 8039 7962
f 7962 8039 8040
f 7934 7964 7933
f 7933 7964 8042
f 7935 8041 7936
f 7936 8041 7963
f 8043 8044 8045
f 8045 8044 8046
f 8045 8046 8047
f 8047 8046 8048
f 8047 8048 8049
f 8049 8048 8050
f 8049 8050 8051
f 8051 8050 8052
f 8051 8052 8053
f 8053 8052 8054
f 8055 8056 8057
f 8057 8056 8058
f 8057 8058 8059
f 8059 8058 8060
f 8059 8060 8061
f 8061 8060 8062
f 8061 8062 8063
f 8063 8062 8064
f 8063 8064 8065
f 8065 8064 8066
f 8067 8068 8069
f 8069 8068 8070
f 8069 8070 8071
f 8071 8070 8072
f 8071 8072 8073
f 8073 8072 8074
f 8073 8074 8075
f 8075 8074 8076
f 8075 8076 8077
f 8077 8076 8078
f 8079 8080 8081
f 8081 8080 8082
f 8081 8082 8083
f 8083 8082 8084
f 8083 8084 8085
f 8085 8084 8086
f 8085 8086 8087
f 8087 8086 8088
f 8087 8088 8089
f 8089 8088 8090
f 8078 8080 8077
f 8077 8080 8079
f 8055 8089 8056
f 8056 8089 8090
f 8067 8053 8068
f 8068 8053 8054
f 8091 8092 8093
f 8093 8092 8094
f 8094 8092 8095
f 8095 8092 8096
f 8092 8091 8096
f 8096 8091 8097
f 8091 8093 8097
f 8097 8093 8098
f 8093 8094 8098
f 8098 8094 8095
f 8099 8100 8101
f 8101 8100 8102
f 8099 8101 8103
f 8103 8101 8104
f 8100 8099 8105
f 8105 8099 8103
f 8102 8100 8106
f 8106 8100 8105
f 8101 8102 8104
f 8104 8102 8106
f 8075 8077 8079
f 8059 8061 8087
f 8061 8063 8087
f 8087 8063 8065
f 8087 8065 8085
f 8085 8065 8043
f 8089 8055 8087
f 8087 8055 8057
f 8087 8057 8059
f 8079 8081 8049
f 8049 8081 8083
f 8049 8083 8047
f 8047 8083 8085
f 8047 8085 8045
f 8045 8085 8043
f 8053 8067 8051
f 8051 8067 8069
f 8051 8069 8049
f 8049 8069 8071
f 8049 8071 8079
f 8079 8071 8073
f 8079 8073 8075
f 8107 8108 8109
f 8109 8108 8110
f 8110 8108 8111
f 8111 8108 8112
f 8108 8107 8112
f 8112 8107 8113
f 8107 8109 8113
f 8113 8109 8114
f 8111 8044 8043
f 8065 8066 8114
f 8065 8114 8043
f 8043 8114 8111
f 8111 8114 8103
f 8111 8103 8110
f 8110 8103 8104
f 8110 8104 8109
f 8109 8104 8106
f 8109 8106 8114
f 8114 8106 8105
f 8114 8105 8103
f 8054 8052 8112
f 8113 8098 8112
f 8112 8098 8095
f 8062 8060 8113
f 8052 8050 8112
f 8112 8050 8048
f 8112 8048 8111
f 8111 8048 8046
f 8111 8046 8044
f 8096 8097 8080
f 8062 8113 8064
f 8064 8113 8114
f 8064 8114 8066
f 8080 8078 8096
f 8096 8078 8076
f 8096 8076 8095
f 8095 8076 8074
f 8074 8072 8095
f 8095 8072 8070
f 8095 8070 8112
f 8112 8070 8068
f 8112 8068 8054
f 8060 8058 8113
f 8113 8058 8056
f 8113 8056 8098
f 8098 8056 8090
f 8098 8090 8088
f 8088 8086 8098
f 8098 8086 8084
f 8098 8084 8097
f 8097 8084 8082
f 8097 8082 8080
f 8115 8116 8117
f 8117 8116 8118
f 8119 8120 8121
f 8121 8120 8122
f 8123 8124 8125
f 8125 8124 8126
f 8127 8128 8129
f 8129 8128 8130
f 8131 8132 8133
f 8131 8133 8134
f 8134 8133 8135
f 8134 8135 8136
f 8136 8135 8137
f 8136 8137 8138
f 8132 8131 8139
f 8132 8139 8140
f 8140 8139 8141
f 8140 8141 8142
f 8142 8141 8143
f 8142 8143 8144
f 8135 8133 8137
f 8137 8133 8132
f 8132 8140 8137
f 8137 8140 8142
f 8137 8142 8144
f 8141 8139 8131
f 8143 8141 8138
f 8138 8141 8131
f 8138 8131 8136
f 8136 8131 8134
f 8145 8146 8147
f 8145 8147 8148
f 8148 8147 8149
f 8148 8149 8150
f 8150 8149 8151
f 8150 8151 8152
f 8146 8145 8153
f 8146 8153 8154
f 8154 8153 8155
f 8154 8155 8156
f 8156 8155 8157
f 8156 8157 8158
f 8148 8150 8152
f 8153 8145 8155
f 8155 8145 8148
f 8155 8148 8157
f 8157 8148 8152
f 8147 8146 8154
f 8151 8149 8158
f 8158 8149 8147
f 8158 8147 8156
f 8156 8147 8154
f 8159 8160 8161
f 8161 8160 8162
f 8160 8163 8162
f 8162 8163 8164
f 8163 8165 8164
f 8164 8165 8166
f 8167 8168 8169
f 8169 8168 8170
f 8171 8172 8173
f 8173 8172 8174
f 8175 8176 8177
f 8177 8176 8178
f 8179 8180 8181
f 8181 8180 8182
f 8130 8128 8125
f 8125 8128 8123
f 8118 8116 8129
f 8129 8116 8127
f 8122 8120 8117
f 8117 8120 8115
f 8126 8124 8121
f 8121 8124 8119
f 8183 8116 8184
f 8184 8116 8115
f 8184 8115 8185
f 8186 8120 8187
f 8187 8120 8119
f 8187 8119 8188
f 8186 8189 8120
f 8120 8189 8190
f 8120 8190 8115
f 8115 8190 8191
f 8115 8191 8185
f 8192 8124 8193
f 8193 8124 8123
f 8193 8123 8194
f 8192 8195 8124
f 8124 8195 8196
f 8124 8196 8119
f 8119 8196 8197
f 8119 8197 8188
f 8183 8198 8116
f 8116 8198 8199
f 8116 8199 8127
f 8127 8199 8200
f 8200 8201 8127
f 8127 8201 8202
f 8127 8202 8128
f 8128 8202 8203
f 8203 8204 8128
f 8128 8204 8205
f 8128 8205 8123
f 8123 8205 8206
f 8123 8206 8194
f 8207 8199 8198
f 8207 8198 8208
f 8208 8198 8183
f 8208 8183 8209
f 8209 8183 8184
f 8209 8184 8210
f 8210 8184 8185
f 8210 8185 8211
f 8211 8185 8191
f 8211 8191 8212
f 8213 8190 8189
f 8213 8189 8214
f 8214 8189 8186
f 8214 8186 8215
f 8215 8186 8187
f 8215 8187 8216
f 8216 8187 8188
f 8216 8188 8217
f 8217 8188 8197
f 8217 8197 8218
f 8219 8196 8195
f 8219 8195 8220
f 8220 8195 8192
f 8220 8192 8221
f 8221 8192 8193
f 8221 8193 8222
f 8222 8193 8194
f 8222 8194 8223
f 8223 8194 8206
f 8223 8206 8224
f 8225 8205 8204
f 8225 8204 8226
f 8226 8204 8203
f 8226 8203 8227
f 8227 8203 8202
f 8227 8202 8228
f 8228 8202 8201
f 8228 8201 8229
f 8229 8201 8200
f 8229 8200 8230
f 8137 8191 8138
f 8138 8191 8190
f 8138 8190 8143
f 8143 8190 8213
f 8143 8213 8144
f 8144 8213 8212
f 8144 8212 8137
f 8137 8212 8191
f 8219 8218 8196
f 8196 8218 8197
f 8166 8230 8164
f 8164 8230 8200
f 8164 8200 8162
f 8162 8200 8199
f 8162 8199 8161
f 8161 8199 8207
f 8180 8159 8161
f 8161 8207 8180
f 8180 8207 8208
f 8180 8208 8209
f 8209 8210 8180
f 8180 8210 8211
f 8180 8211 8182
f 8182 8211 8212
f 8182 8212 8176
f 8212 8213 8176
f 8176 8213 8214
f 8176 8214 8215
f 8215 8216 8176
f 8176 8216 8217
f 8176 8217 8178
f 8178 8217 8218
f 8178 8218 8172
f 8218 8219 8172
f 8172 8219 8220
f 8172 8220 8221
f 8168 8226 8227
f 8221 8222 8172
f 8172 8222 8223
f 8172 8223 8174
f 8174 8223 8224
f 8174 8224 8168
f 8168 8224 8225
f 8168 8225 8226
f 8166 8165 8230
f 8230 8165 8170
f 8230 8170 8229
f 8229 8170 8168
f 8229 8168 8228
f 8228 8168 8227
f 8173 8174 8167
f 8167 8174 8168
f 8177 8178 8171
f 8171 8178 8172
f 8181 8182 8175
f 8175 8182 8176
f 8159 8180 8160
f 8160 8180 8179
f 8160 8179 8163
f 8163 8179 8169
f 8163 8169 8165
f 8165 8169 8170
f 8152 8205 8157
f 8157 8205 8225
f 8157 8225 8158
f 8158 8225 8224
f 8158 8224 8151
f 8151 8224 8206
f 8151 8206 8152
f 8152 8206 8205
f 8130 8167 8129
f 8129 8167 8169
f 8129 8169 8118
f 8118 8169 8179
f 8118 8179 8117
f 8117 8179 8181
f 8117 8181 8122
f 8122 8181 8175
f 8122 8175 8121
f 8121 8175 8177
f 8121 8177 8126
f 8126 8177 8171
f 8126 8171 8125
f 8125 8171 8173
f 8125 8173 8130
f 8130 8173 8167
f 8231 8232 8233
f 8233 8232 8234
f 8235 8236 8237
f 8237 8236 8238
f 8239 8240 8241
f 8241 8240 8242
f 8243 8244 8245
f 8245 8244 8246
f 8242 8240 8244
f 8244 8240 8238
f 8244 8238 8246
f 8246 8238 8236
f 8246 8236 8232
f 8232 8236 8234
f 8241 8242 8243
f 8243 8242 8244
f 8245 8246 8231
f 8231 8246 8232
f 8233 8234 8235
f 8235 8234 8236
f 8237 8238 8239
f 8239 8238 8240
f 8241 8243 8245
f 8237 8239 8235
f 8235 8239 8241
f 8235 8241 8233
f 8233 8241 8245
f 8233 8245 8231

