# https://github.com/mikedh/trimesh

o right_hand_thumb_MCP_link.STL
v -0.00080000 0.00340000 0.00610000
v 0.00020000 0.00285000 0.00548125
v 0.00020000 0.00340000 0.00610000
v -0.00080000 0.00285000 0.00548125
v 0.00020000 0.00300000 0.01250000
v -0.00080000 0.00340000 0.01210000
v 0.00020000 0.00340000 0.01210000
v -0.00080000 0.00300000 0.01250000
v 0.00020000 -0.00340000 0.01210000
v -0.00080000 -0.00300000 0.01250000
v 0.00020000 -0.00300000 0.01250000
v -0.00080000 -0.00340000 0.01210000
v -0.00080000 -0.00285000 0.00548125
v 0.00020000 -0.00340000 0.00610000
v 0.00020000 -0.00285000 0.00548125
v -0.00080000 -0.00340000 0.00610000
v -0.00150000 0.00275000 0.00782320
v -0.00080000 0.00265000 0.00785000
v -0.00150000 0.00265000 0.00785000
v -0.00080000 0.00275000 0.00782320
v -0.00150000 0.00282320 0.00775000
v -0.00080000 0.00282320 0.00775000
v -0.00150000 0.00285000 0.00765000
v -0.00080000 0.00285000 0.00765000
v -0.00150000 -0.00282320 0.00775000
v -0.00080000 -0.00285000 0.00765000
v -0.00150000 -0.00285000 0.00765000
v -0.00080000 -0.00282320 0.00775000
v -0.00150000 -0.00275000 0.00782320
v -0.00080000 -0.00275000 0.00782320
v -0.00150000 -0.00265000 0.00785000
v -0.00080000 -0.00265000 0.00785000
v -0.00150000 -0.00285000 0.00485000
v 0.00020000 -0.00285000 0.00485000
v 0.00020000 0.00285000 0.00485000
v -0.00150000 0.00285000 0.00485000
v -0.00080000 0.00300000 0.01335000
v -0.00080000 -0.00300000 0.01335000
v -0.00024000 -0.00425000 0.01160000
v -0.00104000 -0.00425000 0.01160000
v -0.00098641 -0.00405000 0.01160000
v -0.00044000 -0.00390359 0.01160000
v -0.00084000 -0.00390359 0.01160000
v -0.00064000 -0.00385000 0.01160000
v -0.00029359 -0.00405000 0.01160000
v -0.00104000 -0.00425000 0.00660000
v -0.00024000 -0.00425000 0.00660000
v -0.00029359 -0.00405000 0.00660000
v -0.00044000 -0.00390359 0.00660000
v -0.00084000 -0.00390359 0.00660000
v -0.00098641 -0.00405000 0.00660000
v -0.00064000 -0.00385000 0.00660000
v -0.00044000 0.00390359 0.01160000
v -0.00064000 0.00385000 0.01160000
v -0.00084000 0.00390359 0.01160000
v -0.00024000 0.00425000 0.01160000
v -0.00098641 0.00405000 0.01160000
v -0.00104000 0.00425000 0.01160000
v -0.00029359 0.00405000 0.01160000
v -0.00029359 0.00405000 0.00660000
v -0.00024000 0.00425000 0.00660000
v -0.00104000 0.00425000 0.00660000
v -0.00084000 0.00390359 0.00660000
v -0.00098641 0.00405000 0.00660000
v -0.00064000 0.00385000 0.00660000
v -0.00044000 0.00390359 0.00660000
v 0.00020000 -0.00334650 0.00514357
v -0.00150000 -0.00330000 0.00485000
v 0.00020000 -0.00330000 0.00485000
v -0.00150000 -0.00334650 0.00514357
v 0.00020000 -0.00348143 0.00540840
v -0.00150000 -0.00348143 0.00540840
v 0.00020000 -0.00369160 0.00561857
v -0.00150000 -0.00369160 0.00561857
v 0.00020000 -0.00395643 0.00575350
v -0.00150000 -0.00395643 0.00575350
v 0.00020000 -0.00425000 0.00580000
v -0.00150000 -0.00425000 0.00580000
v 0.00020000 0.00334650 0.01305643
v -0.00150000 0.00330000 0.01335000
v 0.00020000 0.00330000 0.01335000
v -0.00150000 0.00334650 0.01305643
v 0.00020000 0.00348143 0.01279160
v -0.00150000 0.00348143 0.01279160
v 0.00020000 0.00369160 0.01258143
v -0.00150000 0.00369160 0.01258143
v 0.00020000 0.00395643 0.01244650
v -0.00150000 0.00395643 0.01244650
v 0.00020000 0.00425000 0.01240000
v -0.00150000 0.00425000 0.01240000
v 0.00020000 -0.00395643 0.01244650
v -0.00150000 -0.00425000 0.01240000
v 0.00020000 -0.00425000 0.01240000
v -0.00150000 -0.00395643 0.01244650
v 0.00020000 -0.00369160 0.01258143
v -0.00150000 -0.00369160 0.01258143
v 0.00020000 -0.00348143 0.01279160
v -0.00150000 -0.00348143 0.01279160
v 0.00020000 -0.00334650 0.01305643
v -0.00150000 -0.00334650 0.01305643
v 0.00020000 -0.00330000 0.01335000
v -0.00150000 -0.00330000 0.01335000
v 0.00020000 0.00395643 0.00575350
v -0.00150000 0.00425000 0.00580000
v 0.00020000 0.00425000 0.00580000
v -0.00150000 0.00395643 0.00575350
v 0.00020000 0.00369160 0.00561857
v -0.00150000 0.00369160 0.00561857
v 0.00020000 0.00348143 0.00540840
v -0.00150000 0.00348143 0.00540840
v 0.00020000 0.00334650 0.00514357
v -0.00150000 0.00334650 0.00514357
v 0.00020000 0.00330000 0.00485000
v -0.00150000 0.00330000 0.00485000
v 0.00020000 -0.00300000 0.01335000
v 0.00020000 0.00300000 0.01335000
v 0.00110000 -0.00329894 0.00515902
v 0.00030000 -0.00325000 0.00485000
v 0.00110000 -0.00325000 0.00485000
v 0.00030000 -0.00329894 0.00515902
v 0.00110000 -0.00344098 0.00543779
v 0.00030000 -0.00344098 0.00543779
v 0.00110000 -0.00366221 0.00565902
v 0.00030000 -0.00366221 0.00565902
v 0.00110000 -0.00394098 0.00580106
v 0.00030000 -0.00394098 0.00580106
v 0.00110000 -0.00425000 0.00585000
v 0.00030000 -0.00425000 0.00585000
v 0.00110000 0.00394098 0.00580106
v 0.00030000 0.00425000 0.00585000
v 0.00110000 0.00425000 0.00585000
v 0.00030000 0.00394098 0.00580106
v 0.00110000 0.00366221 0.00565902
v 0.00030000 0.00366221 0.00565902
v 0.00110000 0.00344098 0.00543779
v 0.00030000 0.00344098 0.00543779
v 0.00110000 0.00329894 0.00515902
v 0.00030000 0.00329894 0.00515902
v 0.00110000 0.00325000 0.00485000
v 0.00030000 0.00325000 0.00485000
v 0.00110000 -0.00394098 0.01239894
v 0.00030000 -0.00425000 0.01235000
v 0.00110000 -0.00425000 0.01235000
v 0.00030000 -0.00394098 0.01239894
v 0.00110000 -0.00366221 0.01254098
v 0.00030000 -0.00366221 0.01254098
v 0.00110000 -0.00344098 0.01276221
v 0.00030000 -0.00344098 0.01276221
v 0.00110000 -0.00329894 0.01304098
v 0.00030000 -0.00329894 0.01304098
v 0.00110000 -0.00325000 0.01335000
v 0.00030000 -0.00325000 0.01335000
v 0.00110000 0.00329894 0.01304098
v 0.00030000 0.00325000 0.01335000
v 0.00110000 0.00325000 0.01335000
v 0.00030000 0.00329894 0.01304098
v 0.00110000 0.00344098 0.01276221
v 0.00030000 0.00344098 0.01276221
v 0.00110000 0.00366221 0.01254098
v 0.00030000 0.00366221 0.01254098
v 0.00110000 0.00394098 0.01239894
v 0.00030000 0.00394098 0.01239894
v 0.00110000 0.00425000 0.01235000
v 0.00030000 0.00425000 0.01235000
v -0.00063000 0.00250000 0.00805000
v -0.00063000 -0.00250000 0.01305000
v -0.00063000 0.00250000 0.01305000
v -0.00063000 -0.00250000 0.00805000
v 0.00030000 -0.00250000 0.00805000
v 0.00030000 -0.00250000 0.01305000
v 0.00030000 0.00250000 0.01305000
v 0.00030000 0.00250000 0.00805000
v -0.00115000 -0.00245000 0.00585000
v -0.00003885 0.00245000 0.00585000
v -0.00003885 -0.00245000 0.00585000
v -0.00115000 0.00245000 0.00585000
v -0.00003885 -0.00245000 0.00485000
v -0.00115000 -0.00245000 0.00485000
v -0.00003885 0.00245000 0.00485000
v -0.00115000 0.00245000 0.00485000
v -0.00145000 0.00275000 0.00485000
v -0.00145000 -0.00275000 0.00755000
v -0.00145000 0.00275000 0.00755000
v -0.00145000 -0.00275000 0.00485000
v 0.00030000 -0.00275000 0.00485000
v 0.00030000 -0.00275000 0.00755000
v 0.00030000 0.00275000 0.00755000
v 0.00030000 0.00275000 0.00485000
v 0.00150000 -0.00350000 0.00598701
v 0.00110000 -0.00311299 0.00560000
v 0.00110000 -0.00350000 0.00598701
v 0.00150000 -0.00311299 0.00560000
v 0.00150000 -0.00311299 0.01260000
v 0.00110000 -0.00350000 0.01221299
v 0.00110000 -0.00311299 0.01260000
v 0.00150000 -0.00350000 0.01221299
v 0.00150000 0.00350000 0.01221299
v 0.00110000 0.00311299 0.01260000
v 0.00110000 0.00350000 0.01221299
v 0.00150000 0.00311299 0.01260000
v 0.00150000 0.00311299 0.00560000
v 0.00110000 0.00350000 0.00598701
v 0.00110000 0.00311299 0.00560000
v 0.00150000 0.00350000 0.00598701
v -0.00047500 -0.00399689 0.00710000
v -0.00065000 -0.00395000 0.00710000
v -0.00065000 -0.00395000 0.01110000
v -0.00047500 -0.00399689 0.01110000
v -0.00034689 -0.00412500 0.00710000
v -0.00034689 -0.00412500 0.01110000
v -0.00030000 -0.00430000 0.00710000
v -0.00030000 -0.00430000 0.01110000
v -0.00082500 -0.00399689 0.01110000
v -0.00082500 -0.00399689 0.00710000
v -0.00095311 -0.00412500 0.01110000
v -0.00095311 -0.00412500 0.00710000
v -0.00100000 -0.00430000 0.01110000
v -0.00100000 -0.00430000 0.00710000
v -0.00047500 0.00399689 0.01110000
v -0.00065000 0.00395000 0.01110000
v -0.00065000 0.00395000 0.00710000
v -0.00047500 0.00399689 0.00710000
v -0.00034689 0.00412500 0.01110000
v -0.00034689 0.00412500 0.00710000
v -0.00030000 0.00430000 0.01110000
v -0.00030000 0.00430000 0.00710000
v -0.00082500 0.00399689 0.00710000
v -0.00082500 0.00399689 0.01110000
v -0.00095311 0.00412500 0.00710000
v -0.00095311 0.00412500 0.01110000
v -0.00100000 0.00430000 0.00710000
v -0.00100000 0.00430000 0.01110000
v -0.00150000 -0.00285000 0.00480000
v 0.00050000 -0.00285000 0.00410000
v -0.00150000 -0.00285000 0.00410000
v 0.00050000 -0.00285000 0.00480000
v 0.00050000 0.00285000 0.00410000
v 0.00050000 0.00285000 0.00480000
v -0.00150000 0.00285000 0.00410000
v -0.00150000 0.00285000 0.00480000
v 0.00150000 0.00373431 0.00410000
v -0.00150000 0.00500000 0.00536569
v 0.00150000 0.00500000 0.00536569
v -0.00150000 0.00373431 0.00410000
v 0.00150000 0.00500000 0.01283431
v -0.00150000 0.00373431 0.01410000
v 0.00150000 0.00373431 0.01410000
v -0.00150000 0.00500000 0.01283431
v 0.00150000 -0.00373431 0.01410000
v -0.00150000 -0.00500000 0.01283431
v 0.00150000 -0.00500000 0.01283431
v -0.00150000 -0.00373431 0.01410000
v 0.00150000 -0.00500000 0.00536569
v -0.00150000 -0.00373431 0.00410000
v 0.00150000 -0.00373431 0.00410000
v -0.00150000 -0.00500000 0.00536569
v 0.00110000 -0.00377099 0.00552812
v 0.00110000 -0.00357188 0.00532901
v 0.00110000 -0.00402188 0.00565595
v 0.00110000 -0.00357188 0.01287099
v 0.00110000 -0.00377099 0.01267189
v 0.00110000 -0.00344405 0.01312189
v 0.00110000 -0.00402188 0.01254405
v 0.00110000 -0.00430000 0.01250000
v 0.00110000 -0.00430000 0.00570000
v 0.00110000 0.00377099 0.01267189
v 0.00110000 0.00357188 0.01287099
v 0.00110000 0.00402188 0.01254405
v 0.00110000 0.00344405 0.01312189
v 0.00110000 0.00340000 0.01340000
v 0.00110000 -0.00340000 0.01340000
v 0.00110000 -0.00344405 0.00507812
v 0.00110000 -0.00340000 0.00480000
v 0.00110000 0.00340000 0.00480000
v 0.00110000 0.00344405 0.00507812
v 0.00110000 0.00357188 0.00532901
v 0.00110000 0.00377099 0.00552812
v 0.00110000 0.00402188 0.00565595
v 0.00110000 0.00430000 0.00570000
v 0.00110000 0.00430000 0.01250000
v -0.00150000 -0.00340000 0.00480000
v -0.00150000 -0.00344405 0.00507812
v -0.00150000 -0.00357188 0.00532901
v -0.00150000 -0.00377099 0.00552812
v -0.00150000 -0.00402188 0.00565595
v -0.00150000 -0.00430000 0.00570000
v -0.00150000 -0.00430000 0.01250000
v -0.00150000 -0.00402188 0.01254405
v -0.00150000 -0.00377099 0.01267189
v -0.00150000 -0.00357188 0.01287099
v -0.00150000 -0.00344405 0.01312189
v -0.00150000 -0.00340000 0.01340000
v -0.00150000 0.00340000 0.01340000
v -0.00150000 0.00344405 0.01312189
v -0.00150000 0.00357188 0.01287099
v -0.00150000 0.00377099 0.01267189
v -0.00150000 0.00402188 0.01254405
v -0.00150000 0.00430000 0.01250000
v -0.00150000 0.00430000 0.00570000
v -0.00150000 0.00402188 0.00565595
v -0.00150000 0.00377099 0.00552812
v -0.00150000 0.00357188 0.00532901
v -0.00150000 0.00344405 0.00507812
v -0.00150000 0.00340000 0.00480000
v 0.00150000 0.00345000 0.01215000
v 0.00120000 0.00305000 0.01255000
v 0.00150000 0.00305000 0.01255000
v 0.00120000 0.00345000 0.01215000
v 0.00150000 0.00305000 0.00565000
v 0.00120000 0.00345000 0.00605000
v 0.00150000 0.00345000 0.00605000
v 0.00120000 0.00305000 0.00565000
v 0.00150000 -0.00345000 0.00605000
v 0.00120000 -0.00305000 0.00565000
v 0.00150000 -0.00305000 0.00565000
v 0.00120000 -0.00345000 0.00605000
v 0.00150000 -0.00305000 0.01255000
v 0.00120000 -0.00345000 0.01215000
v 0.00150000 -0.00345000 0.01215000
v 0.00120000 -0.00305000 0.01255000
v 0.00202254 -0.00100000 0.00146946
v 0.00237764 -0.00100000 -0.00077254
v 0.00146946 -0.00100000 0.00202254
v 0.00250000 -0.00100000 -0.00000000
v 0.00237764 -0.00100000 0.00077254
v -0.00000000 -0.00100000 0.00250000
v -0.00050000 -0.00100000 0.00250000
v -0.00050000 -0.00100000 0.00258579
v 0.00077254 -0.00100000 0.00237764
v -0.00077254 -0.00100000 -0.00237764
v -0.00037500 -0.00100000 -0.00064952
v -0.00000000 -0.00100000 -0.00075000
v -0.00064952 -0.00100000 -0.00037500
v -0.00237764 -0.00100000 -0.00077254
v -0.00075000 -0.00100000 -0.00000000
v -0.00202254 -0.00100000 -0.00146946
v -0.00146946 -0.00100000 -0.00202254
v -0.00037500 -0.00100000 0.00064952
v -0.00000000 -0.00100000 0.00075000
v -0.00297719 -0.00100000 0.00250000
v -0.00064952 -0.00100000 0.00037500
v -0.00297719 -0.00100000 0.00095439
v -0.00250000 -0.00100000 -0.00000000
v 0.00037500 -0.00100000 0.00064952
v 0.00064952 -0.00100000 0.00037500
v 0.00075000 -0.00100000 -0.00000000
v 0.00202254 -0.00100000 -0.00146946
v 0.00064952 -0.00100000 -0.00037500
v 0.00146946 -0.00100000 -0.00202254
v 0.00037500 -0.00100000 -0.00064952
v 0.00077254 -0.00100000 -0.00237764
v -0.00000000 -0.00100000 -0.00250000
v -0.00248877 -0.00450574 0.00558811
v -0.00268778 0.00415766 0.00529805
v -0.00269289 -0.00415147 0.00529289
v -0.00254015 0.00438735 0.00548946
v -0.00247612 0.00454078 0.00561732
v -0.00246047 0.00458904 0.00565753
v -0.00240000 -0.00500000 0.00600000
v -0.00240989 0.00483167 0.00585972
v -0.00240000 0.00500000 0.00600000
v -0.00292583 -0.00024785 0.00511957
v -0.00309024 0.00385903 0.00504919
v -0.00305388 0.00013679 0.00506181
v -0.00301732 0.00389134 0.00507612
v -0.00279901 0.00404090 0.00520075
v -0.00292583 -0.00080215 0.00511957
v -0.00305388 -0.00118679 0.00506181
v -0.00290000 -0.00052431 0.00513397
v -0.00269289 0.00415147 0.00529289
v -0.00325127 0.00043958 0.00501112
v -0.00340000 0.00380000 0.00500000
v -0.00340000 0.00059303 0.00500000
v -0.00312694 0.00026829 0.00503800
v -0.00329739 -0.00380634 0.00500528
v -0.00340000 -0.00164303 0.00500000
v -0.00340000 -0.00380000 0.00500000
v -0.00325084 -0.00148907 0.00501119
v -0.00298183 -0.00390996 0.00509163
v -0.00312714 -0.00131862 0.00503795
v -0.00297160 -0.00098291 0.00262962
v -0.00050000 -0.00093301 0.00275000
v -0.00295656 -0.00093301 0.00275000
v -0.00290021 -0.00050000 0.00300000
v -0.00050000 -0.00050000 0.00300000
v -0.00050000 -0.00075000 0.00293301
v -0.00290369 -0.00063018 0.00298276
v -0.00291697 -0.00075000 0.00293301
v -0.00292583 -0.00080215 0.00289837
v -0.00380874 0.00085355 0.00285355
v -0.00390569 0.00089121 0.00281137
v -0.00384567 0.00096194 0.00269134
v -0.00375000 0.00100000 0.00250000
v -0.00050000 0.00100000 0.00250000
v -0.00050000 0.00096194 0.00269134
v -0.00050000 0.00085355 0.00285355
v -0.00352221 0.00069134 0.00296194
v -0.00050000 0.00069134 0.00296194
v -0.00330484 0.00050000 0.00300000
v -0.00050000 0.00050000 0.00300000
v -0.00400000 -0.00197068 0.00500000
v -0.00400000 -0.00200000 0.00300000
v -0.00400000 -0.00200000 0.00500000
v -0.00400000 -0.00197068 0.00300000
v -0.00400000 0.00100000 0.00300000
v -0.00400000 0.00092068 0.00500000
v -0.00400000 0.00100000 0.00500000
v -0.00400000 0.00092068 0.00300000
v -0.00614000 -0.00200000 0.00500000
v -0.00467272 -0.00200000 0.00300000
v -0.00614000 -0.00200000 0.00300000
v -0.00467272 -0.00200000 0.00500000
v -0.00412728 -0.00200000 0.00300000
v -0.00412728 -0.00200000 0.00500000
v -0.00050000 0.00380000 0.00258579
v -0.00000000 0.00100000 0.00250000
v -0.00000000 0.00380000 0.00250000
v -0.00050000 0.00100000 0.00258579
v -0.00000000 -0.00380000 0.00250000
v -0.00050000 -0.00380000 0.00258579
v -0.00380000 -0.00400000 0.00320000
v -0.00380000 -0.00400000 -0.00029854
v -0.00340000 -0.00400000 0.00300146
v -0.01050000 -0.00400000 0.00480000
v -0.01050000 -0.00400000 0.00320000
v -0.00340000 -0.00400000 0.00480000
v -0.00050000 -0.00400000 0.00300146
v -0.00050000 -0.00400000 0.00237519
v -0.00228054 -0.00400000 -0.00029854
v -0.00000000 -0.00400000 0.00230000
v -0.00218743 -0.00400000 -0.00071074
v -0.00075000 -0.00400000 -0.00000000
v -0.00064952 -0.00400000 -0.00037500
v -0.00186074 -0.00400000 -0.00135191
v -0.00135191 -0.00400000 -0.00186074
v -0.00037500 -0.00400000 -0.00064952
v -0.00071074 -0.00400000 -0.00218743
v -0.00000000 -0.00400000 -0.00075000
v -0.00000000 -0.00400000 -0.00230000
v 0.00071074 -0.00400000 -0.00218743
v 0.00037500 -0.00400000 -0.00064952
v 0.00135191 -0.00400000 -0.00186074
v 0.00186074 -0.00400000 -0.00135191
v 0.00064952 -0.00400000 -0.00037500
v 0.00218743 -0.00400000 -0.00071074
v 0.00075000 -0.00400000 -0.00000000
v 0.00230000 -0.00400000 -0.00000000
v 0.00218743 -0.00400000 0.00071074
v 0.00064952 -0.00400000 0.00037500
v 0.00186074 -0.00400000 0.00135191
v 0.00135191 -0.00400000 0.00186074
v 0.00037500 -0.00400000 0.00064952
v 0.00071074 -0.00400000 0.00218743
v -0.00000000 -0.00400000 0.00075000
v -0.00037500 -0.00400000 0.00064952
v -0.00064952 -0.00400000 0.00037500
v -0.00244979 0.00220000 -0.00049854
v -0.00244979 0.00380000 -0.00049854
v -0.00237764 0.00380000 -0.00077254
v -0.00248211 0.00200000 -0.00029854
v -0.00250000 0.00100000 -0.00000000
v -0.00250000 0.00200000 -0.00000000
v -0.00237764 0.00100000 -0.00077254
v -0.00202254 0.00100000 -0.00146946
v -0.00202254 0.00380000 -0.00146946
v -0.00146946 0.00100000 -0.00202254
v -0.00146946 0.00380000 -0.00202254
v -0.00077254 0.00100000 -0.00237764
v -0.00077254 0.00380000 -0.00237764
v -0.00000000 0.00100000 -0.00250000
v -0.00000000 0.00380000 -0.00250000
v 0.00077254 0.00100000 -0.00237764
v 0.00077254 0.00380000 -0.00237764
v 0.00146946 0.00100000 -0.00202254
v 0.00146946 0.00380000 -0.00202254
v 0.00202254 0.00100000 -0.00146946
v 0.00202254 0.00380000 -0.00146946
v 0.00237764 0.00100000 -0.00077254
v 0.00237764 0.00380000 -0.00077254
v 0.00250000 0.00100000 -0.00000000
v 0.00250000 0.00380000 -0.00000000
v 0.00237764 0.00100000 0.00077254
v 0.00237764 0.00380000 0.00077254
v 0.00202254 0.00100000 0.00146946
v 0.00202254 0.00380000 0.00146946
v 0.00146946 0.00100000 0.00202254
v 0.00146946 0.00380000 0.00202254
v 0.00077254 0.00100000 0.00237764
v 0.00077254 0.00380000 0.00237764
v -0.00237764 -0.00380000 -0.00077254
v -0.00244979 -0.00380000 -0.00049854
v -0.00244979 -0.00220000 -0.00049854
v -0.00250000 -0.00200000 -0.00000000
v -0.00248211 -0.00200000 -0.00029854
v -0.00202254 -0.00380000 -0.00146946
v -0.00146946 -0.00380000 -0.00202254
v -0.00077254 -0.00380000 -0.00237764
v -0.00000000 -0.00380000 -0.00250000
v 0.00077254 -0.00380000 -0.00237764
v 0.00146946 -0.00380000 -0.00202254
v 0.00202254 -0.00380000 -0.00146946
v 0.00237764 -0.00380000 -0.00077254
v 0.00250000 -0.00380000 -0.00000000
v 0.00237764 -0.00380000 0.00077254
v 0.00202254 -0.00380000 0.00146946
v 0.00146946 -0.00380000 0.00202254
v 0.00077254 -0.00380000 0.00237764
v -0.00400000 0.00200000 0.00300000
v -0.00312714 -0.00131862 0.00125428
v -0.00329569 -0.00154014 0.00159138
v -0.00373977 -0.00187188 0.00247954
v -0.00350227 -0.00172670 0.00200455
v -0.00292583 -0.00024785 0.00300000
v -0.00312714 0.00026862 0.00300000
v -0.00240000 -0.00600000 0.00300146
v -0.00165275 -0.00600000 0.00300146
v -0.00165275 -0.00600000 0.00595000
v -0.00150000 -0.00600000 0.01490000
v -0.00240000 -0.00600000 0.01490000
v -0.00240000 -0.00600000 0.01330000
v -0.00150000 -0.00600000 0.01225000
v -0.00050000 -0.00600000 0.00595000
v -0.00050000 -0.00600000 0.01225000
v -0.00240000 -0.00600000 0.01260000
v -0.00246699 -0.00600000 0.01285000
v -0.00260000 -0.00600000 0.01310000
v -0.00265000 -0.00600000 0.01303301
v -0.00290000 -0.00600000 0.01310000
v -0.01014000 0.00080000 0.00600000
v -0.01014000 -0.00100000 0.01260000
v -0.01014000 0.00080000 0.01260000
v -0.01014000 -0.00100000 0.00600000
v -0.00150000 -0.00575897 0.00300146
v -0.00150000 -0.00465000 0.00300146
v -0.00150000 -0.00465000 0.00415000
v -0.00150000 -0.00300000 0.01425000
v -0.00150000 0.00300000 0.01510000
v -0.00150000 -0.00300000 0.01510000
v -0.00150000 0.00300000 0.01425000
v -0.00150000 0.00400000 0.01210000
v -0.00150000 0.00505000 0.01210000
v -0.00150000 0.00505000 0.01335000
v -0.00150000 -0.00465000 0.01510000
v -0.00150000 -0.00580000 0.01510000
v -0.00150000 -0.00465000 0.01425000
v -0.00150000 -0.00505000 0.01225000
v -0.00150000 0.00575897 0.00485000
v -0.00150000 0.00465000 0.00300146
v -0.00150000 0.00575897 0.00300146
v -0.00150000 0.00465000 0.00415000
v -0.00150000 0.00505000 0.00485000
v -0.00150000 0.00465000 0.01425000
v -0.00150000 0.00600000 0.01410000
v -0.00150000 0.00592388 0.01448268
v -0.00150000 -0.00505000 0.00595000
v -0.00150000 -0.00575897 0.00595000
v -0.00150000 0.00600000 0.01335000
v -0.00150000 0.00400000 0.00610000
v -0.00150000 0.00505000 0.00610000
v -0.00150000 0.00538268 0.01502388
v -0.00150000 0.00570711 0.01480711
v -0.00150000 0.00500000 0.01510000
v -0.00150000 0.00465000 0.01510000
v -0.00165275 0.00600000 0.00485000
v -0.00050000 0.00600000 0.00610000
v -0.00050000 0.00600000 0.00485000
v -0.00240000 0.00600000 0.00610000
v -0.00165275 0.00600000 0.00300146
v -0.00240000 0.00600000 0.00300146
v -0.01100000 0.00100000 -0.00290000
v -0.01100000 0.00100000 -0.00185000
v -0.01045765 0.00100000 -0.00172621
v -0.01330000 0.00100000 0.00300000
v -0.01100000 0.00100000 0.00065000
v -0.01154235 0.00100000 0.00052621
v -0.01171074 0.00100000 -0.00278743
v -0.01154235 0.00100000 -0.00172621
v -0.01235191 0.00100000 -0.00246074
v -0.01197729 0.00100000 -0.00137936
v -0.01286074 0.00100000 -0.00195191
v -0.00870000 0.00100000 0.00300000
v -0.01318743 0.00100000 -0.00131074
v -0.01221866 0.00100000 -0.00087815
v -0.01330000 0.00100000 -0.00060000
v -0.01221866 0.00100000 -0.00032185
v -0.01197729 0.00100000 0.00017936
v -0.01045765 0.00100000 0.00052621
v -0.01002271 0.00100000 0.00017936
v -0.00870000 0.00100000 -0.00060000
v -0.00978134 0.00100000 -0.00032185
v -0.00881257 0.00100000 -0.00131074
v -0.00978134 0.00100000 -0.00087815
v -0.00913926 0.00100000 -0.00195191
v -0.01002271 0.00100000 -0.00137936
v -0.00964809 0.00100000 -0.00246074
v -0.01028926 0.00100000 -0.00278743
v -0.01197729 -0.00100000 0.00017936
v -0.01154235 -0.00100000 0.00052621
v -0.01330000 -0.00100000 0.00300000
v -0.01330000 -0.00100000 -0.00060000
v -0.01221866 -0.00100000 -0.00032185
v -0.01318743 -0.00100000 -0.00131074
v -0.01221866 -0.00100000 -0.00087815
v -0.01286074 -0.00100000 -0.00195191
v -0.01197729 -0.00100000 -0.00137936
v -0.01235191 -0.00100000 -0.00246074
v -0.01154235 -0.00100000 -0.00172621
v -0.01171074 -0.00100000 -0.00278743
v -0.01045765 -0.00100000 0.00052621
v -0.00870000 -0.00100000 0.00300000
v -0.01100000 -0.00100000 0.00065000
v -0.01100000 -0.00100000 -0.00290000
v -0.01100000 -0.00100000 -0.00185000
v -0.01028926 -0.00100000 -0.00278743
v -0.01045765 -0.00100000 -0.00172621
v -0.00964809 -0.00100000 -0.00246074
v -0.01002271 -0.00100000 -0.00137936
v -0.00913926 -0.00100000 -0.00195191
v -0.00881257 -0.00100000 -0.00131074
v -0.00978134 -0.00100000 -0.00087815
v -0.00870000 -0.00100000 -0.00060000
v -0.00978134 -0.00100000 -0.00032185
v -0.01002271 -0.00100000 0.00017936
v -0.00614000 -0.00100000 0.01310000
v -0.01020699 -0.00100000 0.01285000
v -0.00652268 -0.00100000 0.01302388
v -0.01039000 -0.00100000 0.01303301
v -0.01064000 -0.00100000 0.01310000
v -0.00714000 -0.00100000 0.00500000
v -0.01075732 -0.00100000 0.00507612
v -0.01114000 -0.00100000 0.00500000
v -0.01043289 -0.00100000 0.00529289
v -0.01021612 -0.00100000 0.00561732
v -0.00714000 -0.00100000 0.01210000
v -0.00706388 -0.00100000 0.01248268
v -0.00684711 -0.00100000 0.01280711
v -0.00240000 0.00500000 0.00300146
v -0.00240000 0.00400000 0.01210000
v -0.00240000 0.00100000 0.01490000
v -0.00240000 0.00500000 0.01490000
v -0.00240000 -0.00500000 0.00300146
v -0.00240000 0.00400000 0.00610000
v -0.00240000 0.00580000 0.01410000
v -0.00240000 0.00580000 0.01210000
v -0.00240000 0.00556569 0.01466569
v -0.00240000 0.00530615 0.01483910
v -0.00240000 0.00573910 0.01440615
v -0.00240000 0.00100000 0.01308990
v -0.00240000 0.00083963 0.01280298
v -0.00240000 0.00080000 0.01260000
v -0.00714000 0.00100000 0.00300000
v -0.00714000 0.00100000 0.00500000
v -0.00714000 0.00080000 0.00500000
v -0.00714000 0.00080000 0.01210000
v -0.00714000 -0.00100000 0.00300000
v -0.00050000 0.00465000 0.01425000
v -0.00050000 0.00300000 0.01425000
v -0.00050000 0.00465000 0.01510000
v -0.00050000 0.00300000 0.01510000
v -0.00350227 -0.00172670 0.00500000
v -0.00734000 0.00100000 0.00500000
v -0.00706388 0.00138268 0.00500000
v -0.00429289 0.00170711 0.00500000
v -0.00407612 0.00138268 0.00500000
v -0.01320459 -0.00172469 0.00500000
v -0.01292487 -0.00240000 0.00500000
v -0.01330000 -0.00100000 0.00500000
v -0.01114000 0.00080000 0.00500000
v -0.01330000 0.00100000 0.00500000
v -0.00706388 -0.00138268 0.00500000
v -0.01050000 -0.00380000 0.00500000
v -0.00684711 -0.00170711 0.00500000
v -0.01190000 0.00342487 0.00500000
v -0.01072579 0.00088239 0.00500000
v -0.01047667 0.00100000 0.00500000
v -0.01092838 0.00082215 0.00500000
v -0.00350227 0.00067670 0.00500000
v -0.00684711 0.00170711 0.00500000
v -0.00652268 0.00192388 0.00500000
v -0.01050000 0.00380000 0.00500000
v -0.01122469 -0.00370459 0.00500000
v -0.01190000 -0.00342487 0.00500000
v -0.01247990 -0.00297990 0.00500000
v -0.01320459 0.00172469 0.00500000
v -0.01292487 0.00240000 0.00500000
v -0.01247990 0.00297990 0.00500000
v -0.00652268 -0.00192388 0.00500000
v -0.01122469 0.00370459 0.00500000
v -0.00461732 0.00192388 0.00500000
v -0.00500000 0.00200000 0.00500000
v -0.00614000 0.00200000 0.00500000
v -0.00220000 0.00600000 0.01410000
v -0.00220000 0.00600000 0.01210000
v -0.00050000 0.00600000 0.01335000
v -0.00050000 0.00600000 0.01210000
v -0.00050000 0.00505000 0.01210000
v -0.00050000 0.00505000 0.01335000
v -0.01050000 0.00380000 0.00300000
v -0.00400000 0.00380000 0.00300000
v -0.00850000 0.00080000 0.00300000
v -0.00706388 0.00138268 0.00300000
v -0.01122469 0.00370459 0.00300000
v -0.01190000 0.00342487 0.00300000
v -0.01247990 0.00297990 0.00300000
v -0.00407612 0.00138268 0.00300000
v -0.00429289 0.00170711 0.00300000
v -0.01122469 -0.00370459 0.00300000
v -0.01190000 -0.00342487 0.00300000
v -0.01050000 -0.00380000 0.00300000
v -0.00400000 -0.00380000 0.00300000
v -0.01292487 0.00240000 0.00300000
v -0.01320459 0.00172469 0.00300000
v -0.00850000 -0.00080000 0.00300000
v -0.00706388 -0.00138268 0.00300000
v -0.00684711 -0.00170711 0.00300000
v -0.00652268 -0.00192388 0.00300000
v -0.01320459 -0.00172469 0.00300000
v -0.00461732 0.00192388 0.00300000
v -0.00500000 0.00200000 0.00300000
v -0.00684711 0.00170711 0.00300000
v -0.00652268 0.00192388 0.00300000
v -0.00614000 0.00200000 0.00300000
v -0.01292487 -0.00240000 0.00300000
v -0.01247990 -0.00297990 0.00300000
v -0.00305388 0.00406181 0.00300146
v -0.00269289 0.00429289 0.00300146
v -0.00050000 0.00400000 0.00300146
v -0.00050000 0.00465000 0.00300146
v -0.00340000 0.00400000 0.00300146
v -0.00246181 0.00465388 0.00300146
v -0.00862236 0.00080000 -0.00137254
v -0.00850000 0.00080000 -0.00060000
v -0.00850000 -0.00080000 -0.00060000
v -0.00862236 -0.00080000 -0.00137254
v -0.00897746 0.00080000 -0.00206946
v -0.00897746 -0.00080000 -0.00206946
v -0.00953054 0.00080000 -0.00262254
v -0.00953054 -0.00080000 -0.00262254
v -0.01022746 0.00080000 -0.00297764
v -0.01022746 -0.00080000 -0.00297764
v -0.01100000 0.00080000 -0.00310000
v -0.01100000 -0.00080000 -0.00310000
v -0.01177254 0.00080000 -0.00297764
v -0.01177254 -0.00080000 -0.00297764
v -0.01246946 0.00080000 -0.00262254
v -0.01246946 -0.00080000 -0.00262254
v -0.01302254 0.00080000 -0.00206946
v -0.01302254 -0.00080000 -0.00206946
v -0.01337764 0.00080000 -0.00137254
v -0.01337764 -0.00080000 -0.00137254
v -0.01350000 0.00080000 -0.00060000
v -0.01350000 -0.00080000 -0.00060000
v -0.00340000 0.00400000 0.00480000
v -0.01050000 0.00400000 0.00320000
v -0.01050000 0.00400000 0.00480000
v -0.00380000 0.00400000 0.00320000
v -0.00380000 0.00400000 -0.00029854
v -0.00050000 0.00400000 0.00237519
v -0.00000000 0.00400000 0.00230000
v -0.00228054 0.00400000 -0.00029854
v -0.00071074 0.00400000 -0.00218743
v -0.00135191 0.00400000 -0.00186074
v -0.00028750 0.00400000 -0.00049796
v -0.00000000 0.00400000 -0.00057500
v 0.00049797 0.00400000 0.00028750
v 0.00218743 0.00400000 0.00071074
v 0.00057500 0.00400000 -0.00000000
v 0.00186074 0.00400000 0.00135191
v 0.00028750 0.00400000 0.00049796
v -0.00000000 0.00400000 -0.00230000
v 0.00071074 0.00400000 -0.00218743
v 0.00028750 0.00400000 -0.00049796
v 0.00135191 0.00400000 -0.00186074
v 0.00049797 0.00400000 -0.00028750
v 0.00186074 0.00400000 -0.00135191
v 0.00218743 0.00400000 -0.00071074
v 0.00230000 0.00400000 -0.00000000
v -0.00186074 0.00400000 -0.00135191
v -0.00049796 0.00400000 -0.00028750
v -0.00218743 0.00400000 -0.00071074
v -0.00057500 0.00400000 -0.00000000
v -0.00049796 0.00400000 0.00028750
v -0.00028750 0.00400000 0.00049796
v -0.00000000 0.00400000 0.00057500
v 0.00071074 0.00400000 0.00218743
v 0.00135191 0.00400000 0.00186074
v -0.00269289 -0.00429289 0.00300146
v -0.00305388 -0.00406181 0.00300146
v -0.00050000 -0.00465000 0.00300146
v -0.00246181 -0.00465388 0.00300146
v -0.00057500 0.00100000 -0.00000000
v -0.00049796 0.00100000 -0.00028750
v -0.00049796 0.00100000 0.00028750
v -0.00028750 0.00100000 0.00049796
v -0.00000000 0.00100000 0.00057500
v -0.00028750 0.00100000 -0.00049796
v -0.00000000 0.00100000 -0.00057500
v 0.00028750 0.00100000 -0.00049796
v 0.00028750 0.00100000 0.00049796
v 0.00049797 0.00100000 0.00028750
v 0.00049797 0.00100000 -0.00028750
v 0.00057500 0.00100000 -0.00000000
v -0.00220000 0.00080000 0.01510000
v -0.00355000 -0.00052500 0.01510000
v -0.00366388 -0.00095000 0.01510000
v -0.00050000 -0.00465000 0.01510000
v -0.00050000 -0.00300000 0.01510000
v -0.01370000 -0.00742500 0.01510000
v -0.01325000 -0.00612500 0.01510000
v -0.01370000 0.00080000 0.01510000
v -0.01313612 -0.00655000 0.01510000
v -0.00482500 -0.00126112 0.01510000
v -0.00482500 -0.00538888 0.01510000
v -0.00440000 -0.00527500 0.01510000
v -0.00260000 -0.00580000 0.01510000
v -0.00355000 -0.00612500 0.01510000
v -0.01240000 0.00032500 0.01510000
v -0.01282500 0.00021112 0.01510000
v -0.01313612 -0.00010000 0.01510000
v -0.01325000 -0.00052500 0.01510000
v -0.00397500 -0.00126112 0.01510000
v -0.00220000 0.00500000 0.01510000
v -0.00440000 0.00032500 0.01510000
v -0.01240000 -0.00137500 0.01510000
v -0.00482500 0.00021112 0.01510000
v -0.01197500 -0.00126112 0.01510000
v -0.01166388 -0.00095000 0.01510000
v -0.00440000 -0.00137500 0.01510000
v -0.00397500 -0.00538888 0.01510000
v -0.00366388 -0.00570000 0.01510000
v -0.01240000 -0.00527500 0.01510000
v -0.01313612 -0.00095000 0.01510000
v -0.01282500 -0.00538888 0.01510000
v -0.01313612 -0.00570000 0.01510000
v -0.01282500 -0.00686112 0.01510000
v -0.01240000 -0.00697500 0.01510000
v -0.00513612 -0.00655000 0.01510000
v -0.00482500 -0.00686112 0.01510000
v -0.00440000 -0.00697500 0.01510000
v -0.00260000 -0.00742500 0.01510000
v -0.00397500 -0.00686112 0.01510000
v -0.00366388 -0.00655000 0.01510000
v -0.01282500 -0.00126112 0.01510000
v -0.01197500 -0.00538888 0.01510000
v -0.00366388 -0.00010000 0.01510000
v -0.00397500 0.00021112 0.01510000
v -0.01197500 -0.00686112 0.01510000
v -0.01166388 -0.00655000 0.01510000
v -0.00525000 -0.00612500 0.01510000
v -0.01155000 -0.00612500 0.01510000
v -0.00513612 -0.00570000 0.01510000
v -0.00513612 -0.00010000 0.01510000
v -0.00525000 -0.00052500 0.01510000
v -0.00513612 -0.00095000 0.01510000
v -0.01166388 -0.00570000 0.01510000
v -0.01155000 -0.00052500 0.01510000
v -0.01166388 -0.00010000 0.01510000
v -0.01197500 0.00021112 0.01510000
v -0.00220000 0.00592388 0.01448268
v -0.00220000 0.00570711 0.01480711
v -0.00220000 0.00538268 0.01502388
v -0.00050000 -0.00505000 0.01225000
v -0.00050000 -0.00505000 0.00595000
v -0.00050000 0.00505000 0.00485000
v -0.00050000 0.00505000 0.00610000
v -0.00050000 -0.00300000 0.01425000
v -0.00050000 -0.00465000 0.01425000
v 0.00047631 0.00397500 -0.00027500
v 0.00027500 0.00397500 -0.00047631
v 0.00055000 0.00397500 -0.00000000
v 0.00047631 0.00397500 0.00027500
v 0.00027500 0.00397500 0.00047631
v -0.00000000 0.00397500 0.00055000
v -0.00027500 0.00397500 0.00047631
v -0.00047631 0.00397500 0.00027500
v -0.00055000 0.00397500 -0.00000000
v -0.00047631 0.00397500 -0.00027500
v -0.00027500 0.00397500 -0.00047631
v -0.00000000 0.00397500 -0.00055000
v -0.00000000 0.00102500 0.00055000
v 0.00027500 0.00102500 0.00047631
v 0.00047631 0.00102500 0.00027500
v 0.00055000 0.00102500 -0.00000000
v 0.00047631 0.00102500 -0.00027500
v 0.00027500 0.00102500 -0.00047631
v -0.00000000 0.00102500 -0.00055000
v -0.00027500 0.00102500 -0.00047631
v -0.00047631 0.00102500 -0.00027500
v -0.00055000 0.00102500 -0.00000000
v -0.00047631 0.00102500 0.00027500
v -0.00027500 0.00102500 0.00047631
v -0.01350000 0.00100000 0.00480000
v -0.01350000 -0.00100000 0.00320000
v -0.01350000 -0.00100000 0.00480000
v -0.01350000 -0.00080000 0.00320000
v -0.01350000 0.00080000 0.00320000
v -0.01350000 0.00100000 0.00320000
v -0.01003378 0.00100000 0.01295000
v -0.01029000 0.00100000 0.01320622
v -0.01064000 0.00100000 0.01330000
v -0.01370000 0.00100000 0.01490000
v -0.01370000 0.00100000 0.01330000
v -0.00263060 0.00100000 0.01324608
v -0.00290000 0.00100000 0.01330000
v -0.00240270 0.00100000 0.01309264
v -0.01029147 0.00100000 0.00515147
v -0.00659922 0.00100000 0.01320866
v -0.00614000 0.00100000 0.01330000
v -0.00994000 0.00100000 0.00600000
v -0.00994000 0.00100000 0.01260000
v -0.01003134 0.00100000 0.00554078
v -0.00734000 0.00100000 0.01210000
v -0.00724866 0.00100000 0.01255922
v -0.00698853 0.00100000 0.01294853
v -0.00260000 -0.00742500 0.01310000
v -0.01313612 -0.00570000 0.01310000
v -0.01282500 -0.00538888 0.01310000
v -0.01166388 -0.00095000 0.01310000
v -0.00366388 -0.00655000 0.01310000
v -0.00355000 -0.00612500 0.01310000
v -0.00397500 -0.00686112 0.01310000
v -0.00440000 -0.00697500 0.01310000
v -0.01166388 -0.00655000 0.01310000
v -0.01197500 -0.00686112 0.01310000
v -0.01240000 -0.00697500 0.01310000
v -0.01370000 -0.00742500 0.01310000
v -0.01325000 -0.00052500 0.01310000
v -0.01370000 0.00080000 0.01310000
v -0.01313612 -0.00010000 0.01310000
v -0.01166388 -0.00010000 0.01310000
v -0.01064000 0.00080000 0.01310000
v -0.01155000 -0.00052500 0.01310000
v -0.00482500 -0.00686112 0.01310000
v -0.00513612 -0.00655000 0.01310000
v -0.01155000 -0.00612500 0.01310000
v -0.00525000 -0.00612500 0.01310000
v -0.01166388 -0.00570000 0.01310000
v -0.01282500 -0.00686112 0.01310000
v -0.01313612 -0.00655000 0.01310000
v -0.01325000 -0.00612500 0.01310000
v -0.00482500 -0.00126112 0.01310000
v -0.00440000 -0.00137500 0.01310000
v -0.01240000 -0.00527500 0.01310000
v -0.01197500 -0.00538888 0.01310000
v -0.00513612 -0.00570000 0.01310000
v -0.01197500 -0.00126112 0.01310000
v -0.01240000 -0.00137500 0.01310000
v -0.01282500 -0.00126112 0.01310000
v -0.01313612 -0.00095000 0.01310000
v -0.01282500 0.00021112 0.01310000
v -0.01240000 0.00032500 0.01310000
v -0.01197500 0.00021112 0.01310000
v -0.00513612 -0.00095000 0.01310000
v -0.00525000 -0.00052500 0.01310000
v -0.00614000 0.00080000 0.01310000
v -0.00513612 -0.00010000 0.01310000
v -0.00482500 0.00021112 0.01310000
v -0.00440000 0.00032500 0.01310000
v -0.00290000 0.00080000 0.01310000
v -0.00397500 0.00021112 0.01310000
v -0.00366388 -0.00010000 0.01310000
v -0.00397500 -0.00538888 0.01310000
v -0.00366388 -0.00570000 0.01310000
v -0.00355000 -0.00052500 0.01310000
v -0.00366388 -0.00095000 0.01310000
v -0.00397500 -0.00126112 0.01310000
v -0.00440000 -0.00527500 0.01310000
v -0.00482500 -0.00538888 0.01310000
v -0.01390000 0.00080000 0.01490000
v -0.01390000 -0.00742500 0.01330000
v -0.01390000 -0.00742500 0.01490000
v -0.01390000 0.00080000 0.01330000
v -0.00270757 0.00080000 0.01306149
v -0.00265000 0.00080000 0.01303301
v -0.00254478 0.00080000 0.01295188
v -0.00246699 0.00080000 0.01285000
v -0.00243672 0.00080000 0.01278807
v -0.00240000 -0.00742500 0.01490000
v -0.00240000 -0.00742500 0.01330000
v -0.01370000 -0.00762500 0.01490000
v -0.00260000 -0.00762500 0.01330000
v -0.00260000 -0.00762500 0.01490000
v -0.01370000 -0.00762500 0.01330000
v -0.00380000 -0.00380000 -0.00049854
v -0.00380000 -0.00220000 -0.00049854
v -0.00400000 -0.00200000 -0.00029854
v -0.00400000 -0.00380000 -0.00029854
v -0.00380000 0.00220000 -0.00049854
v -0.00380000 0.00380000 -0.00049854
v -0.00400000 0.00200000 -0.00029854
v -0.00400000 0.00380000 -0.00029854
v -0.00050000 -0.00465000 0.00415000
v -0.00050000 0.00465000 0.00415000
v -0.00269289 -0.00429289 0.00515147
v -0.00254015 -0.00448946 0.00538735
v -0.00247612 -0.00461732 0.00554078
v -0.00240989 -0.00485972 0.00583167
v -0.00309024 -0.00404919 0.00485903
v -0.00301732 -0.00407612 0.00489134
v -0.00279901 -0.00420075 0.00504090
v -0.00329739 0.00400528 0.00480634
v -0.00298183 0.00409163 0.00490996
v -0.00269289 0.00429289 0.00515147
v -0.00248877 0.00458811 0.00550574
v -0.01339778 -0.00177646 0.00480000
v -0.01339778 -0.00177646 0.00320000
v -0.01309808 -0.00250000 0.00480000
v -0.01309808 -0.00250000 0.00320000
v -0.01262132 -0.00312132 0.00480000
v -0.01262132 -0.00312132 0.00320000
v -0.01200000 -0.00359808 0.00480000
v -0.01200000 -0.00359808 0.00320000
v -0.01127646 -0.00389778 0.00480000
v -0.01127646 -0.00389778 0.00320000
v -0.01127646 0.00389778 0.00480000
v -0.01127646 0.00389778 0.00320000
v -0.01200000 0.00359808 0.00480000
v -0.01200000 0.00359808 0.00320000
v -0.01262132 0.00312132 0.00480000
v -0.01262132 0.00312132 0.00320000
v -0.01309808 0.00250000 0.00480000
v -0.01309808 0.00250000 0.00320000
v -0.01339778 0.00177646 0.00480000
v -0.01339778 0.00177646 0.00320000
v -0.00390000 -0.00390000 -0.00039854
v -0.00390000 0.00390000 -0.00039854
v -0.01380000 0.00090000 0.01320000
v -0.00320491 0.00392114 0.00492114
v -0.00247612 0.00457905 0.00557905
v -0.00301732 0.00398373 0.00498373
v -0.00269289 0.00422218 0.00522218
v -0.00247612 -0.00457905 0.00557905
v -0.00301732 -0.00398373 0.00498373
v -0.00269289 -0.00422218 0.00522218
v -0.00320491 -0.00392114 0.00492114
v -0.01075732 0.00080000 0.00507612
v -0.01043289 0.00080000 0.00529289
v -0.01021612 0.00080000 0.00561732
v -0.00652268 0.00080000 0.01302388
v -0.00684711 0.00080000 0.01280711
v -0.00706388 0.00080000 0.01248268
v -0.01039000 0.00080000 0.01303301
v -0.01020699 0.00080000 0.01285000
v -0.01575463 -0.00760644 0.02670947
v -0.01597918 -0.00760644 0.02595900
v -0.01587833 -0.00762497 0.02593426
v -0.01565677 -0.00762497 0.02667475
v -0.01537982 -0.00760644 0.02759026
v -0.01528695 -0.00762497 0.02754382
v -0.01490001 -0.00760644 0.02841854
v -0.01481352 -0.00762497 0.02836108
v -0.01432239 -0.00760644 0.02918184
v -0.01424359 -0.00762497 0.02911423
v -0.01365567 -0.00760644 0.02986869
v -0.01358574 -0.00762497 0.02979193
v -0.01290988 -0.00760644 0.03046874
v -0.01284987 -0.00762497 0.03038400
v -0.01209623 -0.00760644 0.03097297
v -0.01204705 -0.00762497 0.03088152
v -0.01122697 -0.00760644 0.03137380
v -0.01118936 -0.00762497 0.03127701
v -0.01031518 -0.00760644 0.03166518
v -0.01028969 -0.00762497 0.03156452
v -0.00937457 -0.00760644 0.03184274
v -0.00936160 -0.00762497 0.03173972
v -0.00841930 -0.00760644 0.03190381
v -0.00841904 -0.00762497 0.03179998
v -0.00746374 -0.00760644 0.03184747
v -0.00747620 -0.00762497 0.03174438
v -0.00652226 -0.00760644 0.03167456
v -0.00654725 -0.00762497 0.03157378
v -0.00560904 -0.00760644 0.03138769
v -0.00564618 -0.00762497 0.03129072
v -0.00473781 -0.00760644 0.03099117
v -0.00478654 -0.00762497 0.03089948
v -0.00392168 -0.00760644 0.03049097
v -0.00398126 -0.00762497 0.03040593
v -0.00317292 -0.00760644 0.02989461
v -0.00324247 -0.00762497 0.02981751
v -0.00250282 -0.00760644 0.02921107
v -0.00258128 -0.00762497 0.02914307
v -0.00192143 -0.00760644 0.02845063
v -0.00200763 -0.00762497 0.02839275
v -0.00143752 -0.00760644 0.02762474
v -0.00153016 -0.00762497 0.02757784
v -0.00105837 -0.00760644 0.02674581
v -0.00115606 -0.00762497 0.02671061
v -0.00078967 -0.00760644 0.02582708
v -0.00089094 -0.00762497 0.02580409
v -0.00063548 -0.00760644 0.02488236
v -0.00073879 -0.00762497 0.02487195
v -0.00059616 -0.00760644 0.02410000
v -0.00070000 -0.00762497 0.02410000
v -0.00045875 -0.00742881 0.02490016
v -0.00044030 -0.00732498 0.02490202
v -0.00045826 -0.00732498 0.02506369
v -0.00040000 -0.00732498 0.02410000
v -0.00041854 -0.00742881 0.02410000
v -0.00059837 -0.00732498 0.02587049
v -0.00061646 -0.00742881 0.02586639
v -0.00074220 -0.00732498 0.02641476
v -0.00089127 -0.00742881 0.02680603
v -0.00087382 -0.00732498 0.02681232
v -0.00125420 -0.00732498 0.02769689
v -0.00127905 -0.00742881 0.02770496
v -0.00126251 -0.00732498 0.02771334
v -0.00177398 -0.00742881 0.02854966
v -0.00175858 -0.00732498 0.02856000
v -0.00197902 -0.00732498 0.02887190
v -0.00236859 -0.00742881 0.02932741
v -0.00235458 -0.00732498 0.02933955
v -0.00289506 -0.00732498 0.02990479
v -0.00305395 -0.00742881 0.03002650
v -0.00304153 -0.00732498 0.03004027
v -0.00381975 -0.00742881 0.03063643
v -0.00380911 -0.00732498 0.03065162
v -0.00554552 -0.00742881 0.03155356
v -0.00553888 -0.00732498 0.03157088
v -0.00647952 -0.00742881 0.03184696
v -0.00518681 -0.00732498 0.03142635
v -0.00465445 -0.00742881 0.03114802
v -0.00464575 -0.00732498 0.03116439
v -0.00397504 -0.00732498 0.03076482
v -0.00649427 -0.00732498 0.03186970
v -0.00744243 -0.00742881 0.03202381
v -0.00647506 -0.00732498 0.03186496
v -0.00785849 -0.00732498 0.03208165
v -0.00841974 -0.00742881 0.03208143
v -0.00744020 -0.00732498 0.03204222
v -0.01035877 -0.00742881 0.03183737
v -0.01036332 -0.00732498 0.03185534
v -0.01059419 -0.00732498 0.03179321
v -0.00939907 -0.00732498 0.03203737
v -0.00939675 -0.00742881 0.03201897
v -0.00923883 -0.00732498 0.03205590
v -0.00841978 -0.00732498 0.03209998
v -0.01129803 -0.00732498 0.03155664
v -0.01129131 -0.00742881 0.03153935
v -0.01188420 -0.00732498 0.03130141
v -0.01218036 -0.00742881 0.03112941
v -0.01218914 -0.00732498 0.03114574
v -0.01301253 -0.00742881 0.03061370
v -0.01302324 -0.00732498 0.03062883
v -0.01307045 -0.00732498 0.03059514
v -0.01377530 -0.00742881 0.02999999
v -0.01378778 -0.00732498 0.03001370
v -0.01411761 -0.00732498 0.02969544
v -0.01445719 -0.00742881 0.02929751
v -0.01447126 -0.00732498 0.02930958
v -0.01499449 -0.00732498 0.02862910
v -0.01504795 -0.00742881 0.02851683
v -0.01506340 -0.00732498 0.02852709
v -0.01553869 -0.00742881 0.02766970
v -0.01555527 -0.00732498 0.02767799
v -0.01593950 -0.00732498 0.02677506
v -0.01616970 -0.00732498 0.02600573
v -0.01615169 -0.00742881 0.02600131
v -0.01592202 -0.00742881 0.02676886
v -0.01608436 -0.00753712 0.02598480
v -0.01567498 -0.00732498 0.02742787
v -0.01585669 -0.00753712 0.02674568
v -0.01547669 -0.00753712 0.02763869
v -0.01499021 -0.00753712 0.02847847
v -0.01440458 -0.00753712 0.02925237
v -0.01372861 -0.00753712 0.02994874
v -0.01297246 -0.00753712 0.03055712
v -0.01214752 -0.00753712 0.03106835
v -0.01126620 -0.00753712 0.03147474
v -0.01034175 -0.00753712 0.03177017
v -0.00938809 -0.00753712 0.03195019
v -0.00841957 -0.00753712 0.03201211
v -0.00745074 -0.00753712 0.03195498
v -0.00649620 -0.00753712 0.03177967
v -0.00557031 -0.00753712 0.03148882
v -0.00468699 -0.00753712 0.03108680
v -0.00385953 -0.00753712 0.03057966
v -0.00310039 -0.00753712 0.02997502
v -0.00242098 -0.00753712 0.02928200
v -0.00183153 -0.00753712 0.02851101
v -0.00134090 -0.00753712 0.02767365
v -0.00095649 -0.00753712 0.02678253
v -0.00068406 -0.00753712 0.02585104
v -0.00052773 -0.00753712 0.02489321
v -0.00048787 -0.00753712 0.02410000
v -0.01618121 -0.00760644 0.02469382
v -0.01610000 -0.00762497 0.02410000
v -0.01607767 -0.00762497 0.02468592
v -0.01620384 -0.00760644 0.02410000
v -0.01628919 -0.00753712 0.02470206
v -0.01631213 -0.00753712 0.02410000
v -0.01635832 -0.00742881 0.02470734
v -0.01638146 -0.00742881 0.02410000
v -0.01637680 -0.00732498 0.02470875
v -0.01640000 -0.00732498 0.02410000
v -0.01599623 -0.00762497 0.02535989
v -0.01609866 -0.00760644 0.02537688
v -0.01620550 -0.00753712 0.02539460
v -0.01627389 -0.00742881 0.02540594
v -0.01629218 -0.00732498 0.02540898
v -0.00262224 -0.00742881 0.01859354
v -0.00260882 -0.00732498 0.01858074
v -0.00241733 -0.00732498 0.01878891
v -0.00061695 -0.00760644 0.02353077
v -0.00043980 -0.00742881 0.02351781
v -0.00041083 -0.00732498 0.02368392
v -0.00072051 -0.00762497 0.02353834
v -0.00073328 -0.00760644 0.02264355
v -0.00083529 -0.00762497 0.02266293
v -0.00095040 -0.00760644 0.02177549
v -0.00104953 -0.00762497 0.02180642
v -0.00126547 -0.00760644 0.02093798
v -0.00136040 -0.00762497 0.02098006
v -0.00167434 -0.00760644 0.02014205
v -0.00176383 -0.00762497 0.02019471
v -0.00217164 -0.00760644 0.01939816
v -0.00225451 -0.00762497 0.01946072
v -0.00275082 -0.00760644 0.01871608
v -0.00282599 -0.00762497 0.01878772
v -0.00307853 -0.00759928 0.01836832
v -0.00298735 -0.00753664 0.01832824
v -0.00267242 -0.00753712 0.01864136
v -0.00292552 -0.00744610 0.01830168
v -0.00290001 -0.00732755 0.01829053
v -0.00290000 -0.00732498 0.01829053
v -0.00201507 -0.00732498 0.01927997
v -0.00202987 -0.00742881 0.01929114
v -0.00159548 -0.00732498 0.01989304
v -0.00152126 -0.00742881 0.02005197
v -0.00150528 -0.00732498 0.02004256
v -0.00110308 -0.00742881 0.02086601
v -0.00108613 -0.00732498 0.02085850
v -0.00042131 -0.00732498 0.02351646
v -0.00054056 -0.00732498 0.02260694
v -0.00055878 -0.00742881 0.02261041
v -0.00063030 -0.00732498 0.02219427
v -0.00078084 -0.00742881 0.02172258
v -0.00076314 -0.00732498 0.02171706
v -0.00097506 -0.00732498 0.02112170
v -0.00208520 -0.00753712 0.01933291
v -0.00158101 -0.00753712 0.02008712
v -0.00116646 -0.00753712 0.02089410
v -0.00084702 -0.00753712 0.02174323
v -0.00062688 -0.00753712 0.02262334
v -0.00050894 -0.00753712 0.02352287
v -0.00320000 -0.00762497 0.01842109
v -0.01565513 0.00097502 0.02600081
v -0.01568409 -0.00762497 0.02588662
v -0.01568409 0.00097502 0.02588662
v -0.01565513 -0.00762497 0.02600081
v -0.01522029 0.00097502 0.02721988
v -0.01522029 -0.00762497 0.02721988
v -0.01458233 0.00097502 0.02834603
v -0.01458233 -0.00762497 0.02834603
v -0.01376026 0.00097502 0.02934572
v -0.01376026 -0.00762497 0.02934572
v -0.01277855 0.00097502 0.03018920
v -0.01277855 -0.00762497 0.03018920
v -0.01166644 0.00097502 0.03085132
v -0.01166644 -0.00762497 0.03085132
v -0.01045705 0.00097502 0.03131239
v -0.01045705 -0.00762497 0.03131239
v -0.00918640 0.00097502 0.03155866
v -0.00918640 -0.00762497 0.03155866
v -0.00789233 0.00097502 0.03158280
v -0.00789233 -0.00762497 0.03158280
v -0.00661338 0.00097502 0.03138409
v -0.00661338 -0.00762497 0.03138409
v -0.00538764 0.00097502 0.03096845
v -0.00538764 -0.00762497 0.03096845
v -0.00425160 0.00097502 0.03034827
v -0.00425160 -0.00762497 0.03034827
v -0.00323912 0.00097502 0.02954199
v -0.00323912 -0.00762497 0.02954199
v -0.00238033 0.00097502 0.02857365
v -0.00238033 -0.00762497 0.02857365
v -0.00170082 0.00097502 0.02747208
v -0.00170082 -0.00762497 0.02747208
v -0.00122081 0.00097502 0.02627008
v -0.00122081 -0.00762497 0.02627008
v -0.00095461 0.00097502 0.02500346
v -0.00095461 -0.00762497 0.02500346
v -0.00091015 0.00097502 0.02370993
v -0.00091015 -0.00762497 0.02370993
v -0.00108874 0.00097502 0.02242801
v -0.00108874 -0.00762497 0.02242801
v -0.00111591 0.00097502 0.02231338
v -0.00111591 -0.00762497 0.02231338
v -0.00114487 0.00097502 0.02219919
v -0.00114487 -0.00762497 0.02219919
v -0.00157971 0.00097502 0.02098012
v -0.00157971 -0.00762497 0.02098012
v -0.00221767 0.00097502 0.01985397
v -0.00221767 -0.00762497 0.01985397
v -0.00303974 0.00097502 0.01885428
v -0.00303974 -0.00762497 0.01885428
v -0.00402145 0.00097502 0.01801080
v -0.00402145 -0.00762497 0.01801080
v -0.00513356 0.00097502 0.01734868
v -0.00513356 -0.00762497 0.01734868
v -0.00634295 0.00097502 0.01688761
v -0.00634295 -0.00762497 0.01688761
v -0.00761360 0.00097502 0.01664134
v -0.00761360 -0.00762497 0.01664134
v -0.00890767 0.00097502 0.01661720
v -0.00890767 -0.00762497 0.01661720
v -0.01018662 0.00097502 0.01681591
v -0.01018662 -0.00762497 0.01681591
v -0.01141236 0.00097502 0.01723155
v -0.01141236 -0.00762497 0.01723155
v -0.01254840 0.00097502 0.01785173
v -0.01254840 -0.00762497 0.01785173
v -0.01356088 0.00097502 0.01865801
v -0.01356088 -0.00762497 0.01865801
v -0.01441967 0.00097502 0.01962635
v -0.01441967 -0.00762497 0.01962635
v -0.01509918 0.00097502 0.02072792
v -0.01509918 -0.00762497 0.02072792
v -0.01557919 0.00097502 0.02192992
v -0.01557919 -0.00762497 0.02192992
v -0.01584538 0.00097502 0.02319654
v -0.01584538 -0.00762497 0.02319654
v -0.01588985 0.00097502 0.02449007
v -0.01588985 -0.00762497 0.02449007
v -0.01571126 0.00097502 0.02577199
v -0.01571126 -0.00762497 0.02577199
v -0.01616970 0.00097502 0.02600573
v -0.00063030 0.00097502 0.02219427
v -0.00060133 0.00097502 0.02231655
v -0.00041083 0.00097502 0.02368392
v -0.00045826 0.00097502 0.02506369
v -0.00074220 0.00097502 0.02641476
v -0.00125420 0.00097502 0.02769689
v -0.00197902 0.00097502 0.02887190
v -0.00289506 0.00097502 0.02990479
v -0.00397504 0.00097502 0.03076482
v -0.00518681 0.00097502 0.03142635
v -0.00649427 0.00097502 0.03186970
v -0.00785849 0.00097502 0.03208165
v -0.00923883 0.00097502 0.03205590
v -0.01059419 0.00097502 0.03179321
v -0.01188420 0.00097502 0.03130141
v -0.01307045 0.00097502 0.03059514
v -0.01411761 0.00097502 0.02969544
v -0.01499449 0.00097502 0.02862910
v -0.01567498 0.00097502 0.02742787
v -0.01613881 0.00097502 0.02612754
v -0.00097506 0.00097502 0.02112170
v -0.00241733 0.00097502 0.01878891
v -0.00312569 0.00096566 0.01808471
v -0.00320000 0.00097502 0.01802053
v -0.00308170 0.00095070 0.01812385
v -0.00298176 0.00088085 0.01821410
v -0.00290000 0.00067497 0.01829053
v -0.00291972 0.00078196 0.01827133
v -0.00159548 0.00097502 0.01989304
v -0.01631792 0.00097502 0.02524305
v -0.01412835 0.00097502 0.01851556
v -0.01390000 0.00067497 0.01829053
v -0.01390000 -0.00732498 0.01829053
v -0.01389939 0.00069417 0.01828989
v -0.01387198 0.00080157 0.01826352
v -0.01380359 0.00089533 0.01820073
v -0.01369760 0.00095869 0.01810544
v -0.01360000 0.00097502 0.01802053
v -0.01639965 0.00097502 0.02402558
v -0.01637869 -0.00732498 0.02351646
v -0.01629528 0.00097502 0.02280984
v -0.01629528 -0.00732498 0.02280984
v -0.01625944 -0.00732498 0.02260694
v -0.01600723 0.00097502 0.02162411
v -0.01603686 -0.00732498 0.02171706
v -0.01571387 -0.00732498 0.02085850
v -0.01554220 0.00097502 0.02049598
v -0.01554220 -0.00732498 0.02049598
v -0.01529472 -0.00732498 0.02004256
v -0.01491101 0.00097502 0.01945170
v -0.01491101 -0.00732498 0.01945170
v -0.01478493 -0.00732498 0.01927997
v -0.01419118 -0.00732498 0.01858074
v -0.01636020 -0.00742881 0.02351781
v -0.01624122 -0.00742881 0.02261041
v -0.01601916 -0.00742881 0.02172258
v -0.01569692 -0.00742881 0.02086601
v -0.01527874 -0.00742881 0.02005197
v -0.01477013 -0.00742881 0.01929114
v -0.01417776 -0.00742881 0.01859354
v -0.01380748 -0.00754171 0.01833048
v -0.01369441 -0.00760977 0.01838008
v -0.01404918 -0.00760644 0.01871608
v -0.01360000 -0.00762497 0.01842109
v -0.01397401 -0.00762497 0.01878772
v -0.01462836 -0.00760644 0.01939816
v -0.01454549 -0.00762497 0.01946072
v -0.01512566 -0.00760644 0.02014205
v -0.01503617 -0.00762497 0.02019471
v -0.01553453 -0.00760644 0.02093798
v -0.01543960 -0.00762497 0.02098006
v -0.01584960 -0.00760644 0.02177549
v -0.01575048 -0.00762497 0.02180642
v -0.01606672 -0.00760644 0.02264355
v -0.01596471 -0.00762497 0.02266293
v -0.01618305 -0.00760644 0.02353077
v -0.01607949 -0.00762497 0.02353834
v -0.01387719 -0.00743978 0.01830051
v -0.01412758 -0.00753712 0.01864136
v -0.01471480 -0.00753712 0.01933291
v -0.01521899 -0.00753712 0.02008712
v -0.01563354 -0.00753712 0.02089410
v -0.01595298 -0.00753712 0.02174323
v -0.01617312 -0.00753712 0.02262334
v -0.01629106 -0.00753712 0.02352287
v -0.01175000 -0.00612502 0.01710000
v -0.01305000 -0.00612502 0.01710000
v -0.01178648 -0.00591033 0.01710000
v -0.01301352 -0.00633966 0.01710000
v -0.01178648 -0.00633966 0.01710000
v -0.01255882 -0.00675528 0.01710000
v -0.01196146 -0.00660478 0.01710000
v -0.01224118 -0.00675528 0.01710000
v -0.01283854 -0.00660478 0.01710000
v -0.01196146 -0.00564521 0.01710000
v -0.01255882 -0.00549470 0.01710000
v -0.01224118 -0.00549470 0.01710000
v -0.01283854 -0.00564521 0.01710000
v -0.01301352 -0.00591033 0.01710000
v -0.00501352 -0.00073968 0.01710000
v -0.00375000 -0.00052499 0.01710000
v -0.00378648 -0.00073968 0.01710000
v -0.00455882 -0.00115531 0.01710000
v -0.00396146 -0.00100480 0.01710000
v -0.00424118 -0.00115531 0.01710000
v -0.00483854 -0.00100480 0.01710000
v -0.00396146 -0.00004523 0.01710000
v -0.00455882 0.00010527 0.01710000
v -0.00424118 0.00010527 0.01710000
v -0.00483854 -0.00004523 0.01710000
v -0.00378648 -0.00031029 0.01710000
v -0.00501352 -0.00031029 0.01710000
v -0.00505000 -0.00052499 0.01710000
v -0.00501352 -0.00633966 0.01710000
v -0.00375000 -0.00612502 0.01710000
v -0.00378648 -0.00633966 0.01710000
v -0.00455882 -0.00675528 0.01710000
v -0.00396146 -0.00660478 0.01710000
v -0.00424118 -0.00675528 0.01710000
v -0.00483854 -0.00660478 0.01710000
v -0.00396146 -0.00564521 0.01710000
v -0.00455882 -0.00549470 0.01710000
v -0.00424118 -0.00549470 0.01710000
v -0.00483854 -0.00564521 0.01710000
v -0.00378648 -0.00591033 0.01710000
v -0.00501352 -0.00591033 0.01710000
v -0.00505000 -0.00612502 0.01710000
v -0.00320000 -0.00762497 0.01510000
v -0.01360000 -0.00762497 0.01510000
v -0.00309616 -0.00760644 0.01510000
v -0.00298787 -0.00753712 0.01510000
v -0.00291854 -0.00742881 0.01510000
v -0.00290000 -0.00732498 0.01510000
v -0.00290000 0.00067497 0.01510000
v -0.00291854 0.00077886 0.01510000
v -0.00298787 0.00088711 0.01510000
v -0.00309616 0.00095649 0.01510000
v -0.00320000 0.00097502 0.01510000
v -0.01360000 0.00097502 0.01510000
v -0.01370384 0.00095649 0.01510000
v -0.01381213 0.00088711 0.01510000
v -0.01388146 0.00077886 0.01510000
v -0.01390000 0.00067497 0.01510000
v -0.01390000 -0.00732498 0.01510000
v -0.01388146 -0.00742881 0.01510000
v -0.01381213 -0.00753712 0.01510000
v -0.01370384 -0.00760644 0.01510000
v -0.01175000 -0.00612502 0.01510000
v -0.01178648 -0.00591033 0.01510000
v -0.01196146 -0.00564521 0.01510000
v -0.01224118 -0.00549470 0.01510000
v -0.01255882 -0.00549470 0.01510000
v -0.01283854 -0.00564521 0.01510000
v -0.01301352 -0.00591033 0.01510000
v -0.01305000 -0.00612502 0.01510000
v -0.01301352 -0.00633966 0.01510000
v -0.01283854 -0.00660478 0.01510000
v -0.01255882 -0.00675528 0.01510000
v -0.01224118 -0.00675528 0.01510000
v -0.01196146 -0.00660478 0.01510000
v -0.01178648 -0.00633966 0.01510000
v -0.00375000 -0.00052499 0.01510000
v -0.00378648 -0.00031029 0.01510000
v -0.00396146 -0.00004523 0.01510000
v -0.00424118 0.00010527 0.01510000
v -0.00455882 0.00010527 0.01510000
v -0.00483854 -0.00004523 0.01510000
v -0.00501352 -0.00031029 0.01510000
v -0.00505000 -0.00052499 0.01510000
v -0.00501352 -0.00073968 0.01510000
v -0.00483854 -0.00100480 0.01510000
v -0.00455882 -0.00115531 0.01510000
v -0.00424118 -0.00115531 0.01510000
v -0.00396146 -0.00100480 0.01510000
v -0.00378648 -0.00073968 0.01510000
v -0.00375000 -0.00612502 0.01510000
v -0.00378648 -0.00591033 0.01510000
v -0.00396146 -0.00564521 0.01510000
v -0.00424118 -0.00549470 0.01510000
v -0.00455882 -0.00549470 0.01510000
v -0.00483854 -0.00564521 0.01510000
v -0.00501352 -0.00591033 0.01510000
v -0.00505000 -0.00612502 0.01510000
v -0.00501352 -0.00633966 0.01510000
v -0.00483854 -0.00660478 0.01510000
v -0.00455882 -0.00675528 0.01510000
v -0.00424118 -0.00675528 0.01510000
v -0.00396146 -0.00660478 0.01510000
v -0.00378648 -0.00633966 0.01510000
v -0.01175000 -0.00052499 0.01710000
v -0.01305000 -0.00052499 0.01710000
v -0.01178648 -0.00031029 0.01710000
v -0.01301352 -0.00073968 0.01710000
v -0.01178648 -0.00073968 0.01710000
v -0.01255882 -0.00115531 0.01710000
v -0.01196146 -0.00100480 0.01710000
v -0.01224118 -0.00115531 0.01710000
v -0.01283854 -0.00100480 0.01710000
v -0.01196146 -0.00004523 0.01710000
v -0.01255882 0.00010527 0.01710000
v -0.01224118 0.00010527 0.01710000
v -0.01283854 -0.00004523 0.01710000
v -0.01301352 -0.00031029 0.01710000
v -0.01224118 -0.00115531 0.01510000
v -0.01196146 -0.00100480 0.01510000
v -0.01255882 -0.00115531 0.01510000
v -0.01283854 -0.00004523 0.01510000
v -0.01255882 0.00010527 0.01510000
v -0.01224118 0.00010527 0.01510000
v -0.01196146 -0.00004523 0.01510000
v -0.01178648 -0.00031029 0.01510000
v -0.01178648 -0.00073968 0.01510000
v -0.01175000 -0.00052499 0.01510000
v -0.01301352 -0.00031029 0.01510000
v -0.01283854 -0.00100480 0.01510000
v -0.01301352 -0.00073968 0.01510000
v -0.01305000 -0.00052499 0.01510000
v -0.00092610 -0.00762497 0.02347486
v -0.00111591 -0.00712501 0.02231338
v -0.00092610 -0.00712501 0.02347486
v -0.00092032 -0.00762497 0.02465173
v -0.00092032 -0.00712501 0.02465173
v -0.00109872 -0.00762497 0.02581502
v -0.00109872 -0.00712501 0.02581502
v -0.00145690 -0.00762497 0.02693607
v -0.00145690 -0.00712501 0.02693607
v -0.00198604 -0.00762497 0.02798730
v -0.00198604 -0.00712501 0.02798730
v -0.00267311 -0.00762497 0.02894280
v -0.00267311 -0.00712501 0.02894280
v -0.00350120 -0.00762497 0.02977906
v -0.00350120 -0.00712501 0.02977906
v -0.00444991 -0.00762497 0.03047549
v -0.00444991 -0.00712501 0.03047549
v -0.00549589 -0.00762497 0.03101492
v -0.00549589 -0.00712501 0.03101492
v -0.00661338 -0.00712501 0.03138409
v -0.00777486 -0.00762497 0.03157390
v -0.00777486 -0.00712501 0.03157390
v -0.00895173 -0.00762497 0.03157968
v -0.00895173 -0.00712501 0.03157968
v -0.01011502 -0.00762497 0.03140128
v -0.01011502 -0.00712501 0.03140128
v -0.01123607 -0.00762497 0.03104310
v -0.01123607 -0.00712501 0.03104310
v -0.01228730 -0.00762497 0.03051396
v -0.01228730 -0.00712501 0.03051396
v -0.01324280 -0.00762497 0.02982689
v -0.01324280 -0.00712501 0.02982689
v -0.01407906 -0.00762497 0.02899880
v -0.01407906 -0.00712501 0.02899880
v -0.01477549 -0.00762497 0.02805009
v -0.01477549 -0.00712501 0.02805009
v -0.01531492 -0.00762497 0.02700411
v -0.01531492 -0.00712501 0.02700411
v -0.01568409 -0.00712501 0.02588662
v -0.01587390 -0.00762497 0.02472514
v -0.01587390 -0.00712501 0.02472514
v -0.01587968 -0.00762497 0.02354827
v -0.01587968 -0.00712501 0.02354827
v -0.01570128 -0.00762497 0.02238498
v -0.01570128 -0.00712501 0.02238498
v -0.01534310 -0.00762497 0.02126393
v -0.01534310 -0.00712501 0.02126393
v -0.01481396 -0.00762497 0.02021270
v -0.01481396 -0.00712501 0.02021270
v -0.01412689 -0.00762497 0.01925720
v -0.01412689 -0.00712501 0.01925720
v -0.01329880 -0.00762497 0.01842094
v -0.01329880 -0.00712501 0.01842094
v -0.01235009 -0.00762497 0.01772451
v -0.01235009 -0.00712501 0.01772451
v -0.01130411 -0.00762497 0.01718508
v -0.01130411 -0.00712501 0.01718508
v -0.01018662 -0.00712501 0.01681591
v -0.00902514 -0.00762497 0.01662610
v -0.00902514 -0.00712501 0.01662610
v -0.00784827 -0.00762497 0.01662032
v -0.00784827 -0.00712501 0.01662032
v -0.00668498 -0.00762497 0.01679872
v -0.00668498 -0.00712501 0.01679872
v -0.00556393 -0.00762497 0.01715690
v -0.00556393 -0.00712501 0.01715690
v -0.00451270 -0.00762497 0.01768604
v -0.00451270 -0.00712501 0.01768604
v -0.00355720 -0.00762497 0.01837311
v -0.00355720 -0.00712501 0.01837311
v -0.00272094 -0.00762497 0.01920120
v -0.00272094 -0.00712501 0.01920120
v -0.00202451 -0.00762497 0.02014991
v -0.00202451 -0.00712501 0.02014991
v -0.00148508 -0.00762497 0.02119589
v -0.00148508 -0.00712501 0.02119589
v -0.00903868 0.00759495 0.02449317
v -0.00899938 0.00760532 0.02454773
v -0.00903710 0.00760532 0.02449220
v -0.00900087 0.00759495 0.02454884
v -0.00903120 0.00761617 0.02448856
v -0.00899383 0.00761617 0.02454358
v -0.00898515 0.00762309 0.02453710
v -0.00902198 0.00762309 0.02448289
v -0.00897683 0.00762499 0.02453089
v -0.00901314 0.00762499 0.02447744
v -0.00906438 0.00762309 0.02440341
v -0.00905494 0.00762499 0.02439909
v -0.00909668 0.00762309 0.02431931
v -0.00908678 0.00762499 0.02431619
v -0.00911838 0.00762309 0.02423187
v -0.00910817 0.00762499 0.02423000
v -0.00912915 0.00762309 0.02414243
v -0.00911878 0.00762499 0.02414183
v -0.00912883 0.00762309 0.02405235
v -0.00911847 0.00762499 0.02405302
v -0.00911742 0.00762309 0.02396299
v -0.00910722 0.00762499 0.02396493
v -0.00909509 0.00762309 0.02387571
v -0.00908521 0.00762499 0.02387890
v -0.00906219 0.00762309 0.02379185
v -0.00905278 0.00762499 0.02379622
v -0.00901922 0.00762309 0.02371267
v -0.00901042 0.00762499 0.02371817
v -0.00896683 0.00762309 0.02363938
v -0.00895877 0.00762499 0.02364593
v -0.00890581 0.00762309 0.02357311
v -0.00889862 0.00762499 0.02358060
v -0.00883710 0.00762309 0.02351485
v -0.00883089 0.00762499 0.02352317
v -0.00876174 0.00762309 0.02346549
v -0.00875660 0.00762499 0.02347451
v -0.00868087 0.00762309 0.02342578
v -0.00867688 0.00762499 0.02343537
v -0.00859574 0.00762309 0.02339633
v -0.00859295 0.00762499 0.02340634
v -0.00850762 0.00762309 0.02337759
v -0.00850609 0.00762499 0.02338786
v -0.00841787 0.00762309 0.02336984
v -0.00841762 0.00762499 0.02338022
v -0.00832785 0.00762309 0.02337319
v -0.00832887 0.00762499 0.02338352
v -0.00823892 0.00762309 0.02338760
v -0.00824121 0.00762499 0.02339773
v -0.00815244 0.00762309 0.02341285
v -0.00815596 0.00762499 0.02342262
v -0.00806973 0.00762309 0.02344855
v -0.00807443 0.00762499 0.02345781
v -0.00799205 0.00762309 0.02349417
v -0.00799785 0.00762499 0.02350278
v -0.00792057 0.00762309 0.02354899
v -0.00792739 0.00762499 0.02355683
v -0.00785638 0.00762309 0.02361221
v -0.00786411 0.00762499 0.02361914
v -0.00780617 0.00761617 0.02365642
v -0.00780062 0.00760532 0.02365227
v -0.00784316 0.00760532 0.02360034
v -0.00798213 0.00760532 0.02347943
v -0.00798109 0.00759495 0.02347789
v -0.00799657 0.00759495 0.02346774
v -0.00790769 0.00759495 0.02353420
v -0.00790891 0.00760532 0.02353559
v -0.00789388 0.00759495 0.02354652
v -0.00784178 0.00759495 0.02359910
v -0.00779913 0.00759495 0.02365116
v -0.00806086 0.00759495 0.02343106
v -0.00806170 0.00760532 0.02343271
v -0.00811129 0.00759495 0.02340780
v -0.00814642 0.00760532 0.02339614
v -0.00814580 0.00759495 0.02339439
v -0.00823500 0.00760532 0.02337028
v -0.00823459 0.00759495 0.02336847
v -0.00832609 0.00760532 0.02335551
v -0.00832591 0.00759495 0.02335367
v -0.00836283 0.00759495 0.02335092
v -0.00841830 0.00760532 0.02335208
v -0.00841835 0.00759495 0.02335022
v -0.00849217 0.00759495 0.02335569
v -0.00851024 0.00760532 0.02336002
v -0.00851051 0.00759495 0.02335819
v -0.00860050 0.00760532 0.02337922
v -0.00860099 0.00759495 0.02337744
v -0.00884773 0.00760532 0.02350062
v -0.00884884 0.00759495 0.02349913
v -0.00891811 0.00760532 0.02356029
v -0.00877145 0.00759495 0.02344845
v -0.00877054 0.00760532 0.02345006
v -0.00873885 0.00759495 0.02343091
v -0.00868771 0.00760532 0.02340939
v -0.00868842 0.00759495 0.02340768
v -0.00861877 0.00759495 0.02338262
v -0.00894546 0.00759495 0.02358525
v -0.00898061 0.00760532 0.02362818
v -0.00891940 0.00759495 0.02355896
v -0.00907830 0.00760532 0.02378435
v -0.00907998 0.00759495 0.02378357
v -0.00908758 0.00759495 0.02380045
v -0.00903585 0.00759495 0.02370227
v -0.00903428 0.00760532 0.02370325
v -0.00902584 0.00759495 0.02368669
v -0.00898205 0.00759495 0.02362701
v -0.00911376 0.00759495 0.02386969
v -0.00911200 0.00760532 0.02387026
v -0.00912885 0.00759495 0.02392312
v -0.00913486 0.00760532 0.02395965
v -0.00913669 0.00759495 0.02395931
v -0.00914655 0.00760532 0.02405119
v -0.00914840 0.00759495 0.02405107
v -0.00914688 0.00760532 0.02414346
v -0.00914873 0.00759495 0.02414357
v -0.00914567 0.00759495 0.02418047
v -0.00913585 0.00760532 0.02423508
v -0.00913767 0.00759495 0.02423542
v -0.00912073 0.00759495 0.02430747
v -0.00911362 0.00760532 0.02432464
v -0.00911539 0.00759495 0.02432520
v -0.00908054 0.00760532 0.02441078
v -0.00908223 0.00759495 0.02441156
v -0.00907433 0.00759495 0.02442830
v -0.00907423 0.00761617 0.02440790
v -0.00910701 0.00761617 0.02432256
v -0.00912903 0.00761617 0.02423383
v -0.00913996 0.00761617 0.02414306
v -0.00913963 0.00761617 0.02405164
v -0.00912805 0.00761617 0.02396095
v -0.00910540 0.00761617 0.02387238
v -0.00907201 0.00761617 0.02378728
v -0.00902840 0.00761617 0.02370693
v -0.00897523 0.00761617 0.02363255
v -0.00891331 0.00761617 0.02356530
v -0.00884358 0.00761617 0.02350617
v -0.00876710 0.00761617 0.02345608
v -0.00868504 0.00761617 0.02341579
v -0.00859864 0.00761617 0.02338590
v -0.00850922 0.00761617 0.02336688
v -0.00841814 0.00761617 0.02335901
v -0.00832678 0.00761617 0.02336241
v -0.00823653 0.00761617 0.02337704
v -0.00814877 0.00761617 0.02340266
v -0.00806484 0.00761617 0.02343889
v -0.00798600 0.00761617 0.02348518
v -0.00791346 0.00761617 0.02354082
v -0.00784832 0.00761617 0.02360497
v -0.00781485 0.00762309 0.02366290
v -0.00782317 0.00762499 0.02366911
v -0.00895684 0.00760532 0.02459966
v -0.00777802 0.00762309 0.02371711
v -0.00778686 0.00762499 0.02372256
v -0.00773562 0.00762309 0.02379659
v -0.00774506 0.00762499 0.02380091
v -0.00770332 0.00762309 0.02388069
v -0.00771322 0.00762499 0.02388381
v -0.00768162 0.00762309 0.02396813
v -0.00769183 0.00762499 0.02397000
v -0.00767085 0.00762309 0.02405757
v -0.00768122 0.00762499 0.02405817
v -0.00767117 0.00762309 0.02414765
v -0.00768153 0.00762499 0.02414698
v -0.00768258 0.00762309 0.02423701
v -0.00769278 0.00762499 0.02423507
v -0.00770491 0.00762309 0.02432429
v -0.00771479 0.00762499 0.02432110
v -0.00773781 0.00762309 0.02440815
v -0.00774722 0.00762499 0.02440377
v -0.00778078 0.00762309 0.02448733
v -0.00778958 0.00762499 0.02448183
v -0.00783317 0.00762309 0.02456062
v -0.00784123 0.00762499 0.02455407
v -0.00789419 0.00762309 0.02462689
v -0.00790138 0.00762499 0.02461940
v -0.00796290 0.00762309 0.02468515
v -0.00796911 0.00762499 0.02467683
v -0.00803826 0.00762309 0.02473451
v -0.00804340 0.00762499 0.02472549
v -0.00811912 0.00762309 0.02477422
v -0.00812312 0.00762499 0.02476463
v -0.00820426 0.00762309 0.02480367
v -0.00820705 0.00762499 0.02479366
v -0.00829238 0.00762309 0.02482241
v -0.00829391 0.00762499 0.02481214
v -0.00838213 0.00762309 0.02483016
v -0.00838238 0.00762499 0.02481978
v -0.00847215 0.00762309 0.02482681
v -0.00847113 0.00762499 0.02481648
v -0.00856108 0.00762309 0.02481240
v -0.00855879 0.00762499 0.02480227
v -0.00864756 0.00762309 0.02478715
v -0.00864404 0.00762499 0.02477738
v -0.00873027 0.00762309 0.02475145
v -0.00872557 0.00762499 0.02474219
v -0.00880795 0.00762309 0.02470583
v -0.00880215 0.00762499 0.02469722
v -0.00887943 0.00762309 0.02465101
v -0.00887261 0.00762499 0.02464317
v -0.00894362 0.00762309 0.02458779
v -0.00893589 0.00762499 0.02458086
v -0.00881787 0.00760532 0.02472057
v -0.00881891 0.00759495 0.02472211
v -0.00880343 0.00759495 0.02473226
v -0.00889231 0.00759495 0.02466580
v -0.00889109 0.00760532 0.02466441
v -0.00890612 0.00759495 0.02465348
v -0.00895822 0.00759495 0.02460089
v -0.00873914 0.00759495 0.02476894
v -0.00873830 0.00760532 0.02476729
v -0.00868872 0.00759495 0.02479220
v -0.00865358 0.00760532 0.02480386
v -0.00865420 0.00759495 0.02480561
v -0.00856500 0.00760532 0.02482972
v -0.00856541 0.00759495 0.02483153
v -0.00847391 0.00760532 0.02484449
v -0.00847409 0.00759495 0.02484633
v -0.00843717 0.00759495 0.02484908
v -0.00838169 0.00760532 0.02484792
v -0.00838165 0.00759495 0.02484978
v -0.00830783 0.00759495 0.02484431
v -0.00828976 0.00760532 0.02483998
v -0.00828949 0.00759495 0.02484181
v -0.00819950 0.00760532 0.02482078
v -0.00819901 0.00759495 0.02482257
v -0.00795227 0.00760532 0.02469938
v -0.00795116 0.00759495 0.02470087
v -0.00788189 0.00760532 0.02463971
v -0.00802855 0.00759495 0.02475155
v -0.00802946 0.00760532 0.02474994
v -0.00806115 0.00759495 0.02476909
v -0.00811229 0.00760532 0.02479061
v -0.00811158 0.00759495 0.02479232
v -0.00818123 0.00759495 0.02481738
v -0.00785454 0.00759495 0.02461475
v -0.00781939 0.00760532 0.02457182
v -0.00788060 0.00759495 0.02464104
v -0.00772170 0.00760532 0.02441565
v -0.00772002 0.00759495 0.02441643
v -0.00771242 0.00759495 0.02439955
v -0.00776415 0.00759495 0.02449773
v -0.00776572 0.00760532 0.02449675
v -0.00777416 0.00759495 0.02451331
v -0.00781795 0.00759495 0.02457299
v -0.00768624 0.00759495 0.02433031
v -0.00768800 0.00760532 0.02432974
v -0.00767116 0.00759495 0.02427688
v -0.00766514 0.00760532 0.02424035
v -0.00766331 0.00759495 0.02424069
v -0.00765345 0.00760532 0.02414881
v -0.00765160 0.00759495 0.02414893
v -0.00765312 0.00760532 0.02405654
v -0.00765127 0.00759495 0.02405643
v -0.00765433 0.00759495 0.02401953
v -0.00766415 0.00760532 0.02396492
v -0.00766233 0.00759495 0.02396458
v -0.00767927 0.00759495 0.02389253
v -0.00768638 0.00760532 0.02387536
v -0.00768461 0.00759495 0.02387480
v -0.00771946 0.00760532 0.02378922
v -0.00771777 0.00759495 0.02378845
v -0.00776132 0.00759495 0.02370683
v -0.00776290 0.00760532 0.02370780
v -0.00772567 0.00759495 0.02377170
v -0.00776880 0.00761617 0.02371144
v -0.00772577 0.00761617 0.02379210
v -0.00769299 0.00761617 0.02387744
v -0.00767097 0.00761617 0.02396617
v -0.00766004 0.00761617 0.02405694
v -0.00766037 0.00761617 0.02414836
v -0.00767195 0.00761617 0.02423904
v -0.00769460 0.00761617 0.02432762
v -0.00772799 0.00761617 0.02441272
v -0.00777160 0.00761617 0.02449307
v -0.00782477 0.00761617 0.02456745
v -0.00788669 0.00761617 0.02463470
v -0.00795642 0.00761617 0.02469383
v -0.00803290 0.00761617 0.02474392
v -0.00811496 0.00761617 0.02478421
v -0.00820136 0.00761617 0.02481410
v -0.00829078 0.00761617 0.02483312
v -0.00838186 0.00761617 0.02484099
v -0.00847322 0.00761617 0.02483759
v -0.00856347 0.00761617 0.02482296
v -0.00865123 0.00761617 0.02479734
v -0.00873516 0.00761617 0.02476111
v -0.00881400 0.00761617 0.02471482
v -0.00888654 0.00761617 0.02465918
v -0.00895168 0.00761617 0.02459503
v -0.00779913 0.00645495 0.02365116
v -0.00780626 0.00645495 0.02364178
v -0.00900087 0.00645495 0.02454884
v -0.00900784 0.00645495 0.02453935
v -0.00907433 0.00645495 0.02442830
v -0.00912073 0.00645495 0.02430747
v -0.00914567 0.00645495 0.02418047
v -0.00914840 0.00645495 0.02405107
v -0.00912885 0.00645495 0.02392312
v -0.00908758 0.00645495 0.02380045
v -0.00902584 0.00645495 0.02368669
v -0.00894546 0.00645495 0.02358525
v -0.00884884 0.00645495 0.02349913
v -0.00873885 0.00645495 0.02343091
v -0.00861877 0.00645495 0.02338262
v -0.00849217 0.00645495 0.02335569
v -0.00836283 0.00645495 0.02335092
v -0.00823459 0.00645495 0.02336847
v -0.00811129 0.00645495 0.02340780
v -0.00799657 0.00645495 0.02346774
v -0.00789388 0.00645495 0.02354652
v -0.00899374 0.00645495 0.02455822
v -0.00779216 0.00645495 0.02366065
v -0.00772567 0.00645495 0.02377170
v -0.00767927 0.00645495 0.02389253
v -0.00765433 0.00645495 0.02401953
v -0.00765160 0.00645495 0.02414893
v -0.00767116 0.00645495 0.02427688
v -0.00771242 0.00645495 0.02439955
v -0.00777416 0.00645495 0.02451331
v -0.00785454 0.00645495 0.02461475
v -0.00795116 0.00645495 0.02470087
v -0.00806115 0.00645495 0.02476909
v -0.00818123 0.00645495 0.02481738
v -0.00830783 0.00645495 0.02484431
v -0.00843717 0.00645495 0.02484908
v -0.00856541 0.00645495 0.02483153
v -0.00868872 0.00645495 0.02479220
v -0.00880343 0.00645495 0.02473226
v -0.00890612 0.00645495 0.02465348
v -0.00903712 0.00642503 0.03207459
v -0.00853916 0.00642503 0.03209879
v -0.00853916 0.00762499 0.03209879
v -0.00978873 0.00762499 0.03197854
v -0.00978873 0.00642503 0.03197854
v -0.01100411 0.00642503 0.03166430
v -0.01100411 0.00762499 0.03166430
v -0.01215537 0.00642503 0.03116380
v -0.01215537 0.00762499 0.03116380
v -0.01321415 0.00642503 0.03048936
v -0.01321415 0.00762499 0.03048936
v -0.01415440 0.00642503 0.02965760
v -0.01415440 0.00762499 0.02965760
v -0.01495295 0.00642503 0.02868899
v -0.01495295 0.00762499 0.02868899
v -0.01559015 0.00642503 0.02760738
v -0.01559015 0.00762499 0.02760738
v -0.01605030 0.00642503 0.02643942
v -0.01605030 0.00762499 0.02643942
v -0.01632208 0.00642503 0.02521384
v -0.01632208 0.00762499 0.02521384
v -0.01639879 0.00642503 0.02396084
v -0.01639879 0.00762499 0.02396084
v -0.01627854 0.00642503 0.02271127
v -0.01627854 0.00762499 0.02271127
v -0.01596430 0.00642503 0.02149589
v -0.01596430 0.00762499 0.02149589
v -0.01546380 0.00642503 0.02034464
v -0.01546380 0.00762499 0.02034464
v -0.01478936 0.00642503 0.01928585
v -0.01478936 0.00762499 0.01928585
v -0.01395760 0.00642503 0.01834560
v -0.01395760 0.00762499 0.01834560
v -0.01298899 0.00642503 0.01754705
v -0.01298899 0.00762499 0.01754705
v -0.01190738 0.00642503 0.01690985
v -0.01190738 0.00762499 0.01690985
v -0.01073941 0.00642503 0.01644970
v -0.01073941 0.00762499 0.01644970
v -0.00951384 0.00642503 0.01617792
v -0.00951384 0.00762499 0.01617792
v -0.00826084 0.00642503 0.01610121
v -0.00826084 0.00762499 0.01610121
v -0.00498662 0.00642503 0.03133525
v -0.00606059 0.00762499 0.03175030
v -0.00559983 0.00642503 0.03159393
v -0.00489262 0.00762499 0.03129015
v -0.00489262 0.00642503 0.03129015
v -0.00381101 0.00762499 0.03065295
v -0.00381101 0.00642503 0.03065295
v -0.00284240 0.00762499 0.02985440
v -0.00284240 0.00642503 0.02985440
v -0.00201064 0.00762499 0.02891415
v -0.00201064 0.00642503 0.02891415
v -0.00133620 0.00762499 0.02785536
v -0.00133620 0.00642503 0.02785536
v -0.00083570 0.00762499 0.02670411
v -0.00083570 0.00642503 0.02670411
v -0.00052146 0.00762499 0.02548873
v -0.00052146 0.00642503 0.02548873
v -0.00040121 0.00762499 0.02423916
v -0.00040121 0.00642503 0.02423916
v -0.00047792 0.00762499 0.02298616
v -0.00047792 0.00642503 0.02298616
v -0.00074970 0.00762499 0.02176058
v -0.00074970 0.00642503 0.02176058
v -0.00120985 0.00762499 0.02059262
v -0.00120985 0.00642503 0.02059262
v -0.00184705 0.00762499 0.01951101
v -0.00184705 0.00642503 0.01951101
v -0.00264560 0.00762499 0.01854240
v -0.00264560 0.00642503 0.01854240
v -0.00358585 0.00762499 0.01771064
v -0.00358585 0.00642503 0.01771064
v -0.00464463 0.00762499 0.01703620
v -0.00464463 0.00642503 0.01703620
v -0.00579589 0.00762499 0.01653570
v -0.00579589 0.00642503 0.01653570
v -0.00701127 0.00762499 0.01622146
v -0.00701127 0.00642503 0.01622146
v -0.00606059 0.00642503 0.03175030
v -0.00728616 0.00642503 0.03202208
v -0.00728616 0.00762499 0.03202208
v -0.00701060 0.00762499 0.02553860
v -0.00752315 0.00762499 0.02589754
v -0.00663405 0.00762499 0.02503884
v -0.00643036 0.00762499 0.02444718
v -0.00696140 0.00762499 0.02271060
v -0.00660246 0.00762499 0.02322315
v -0.00746116 0.00762499 0.02233405
v -0.00978940 0.00762499 0.02266140
v -0.00927685 0.00762499 0.02230246
v -0.00874718 0.00762499 0.02606964
v -0.00933884 0.00762499 0.02586595
v -0.00641948 0.00762499 0.02382154
v -0.01038052 0.00762499 0.02437846
v -0.01036964 0.00762499 0.02375282
v -0.01019754 0.00762499 0.02497685
v -0.00812154 0.00762499 0.02608052
v -0.00843479 0.00762499 0.02609970
v -0.01016595 0.00762499 0.02316116
v -0.00983860 0.00762499 0.02548940
v -0.00805282 0.00762499 0.02213036
v -0.00867846 0.00762499 0.02211948
v -0.00836521 0.00762499 0.02210030
v -0.01118451 0.00642503 0.02655099
v -0.01163195 0.00642503 0.02654008
v -0.01158921 0.00642503 0.02635401
v -0.00632897 0.00642503 0.02174878
v -0.00516805 0.00642503 0.02165992
v -0.00521079 0.00642503 0.02184599
v -0.00384228 0.00642503 0.02346266
v -0.00395351 0.00642503 0.02246724
v -0.00384867 0.00642503 0.02234643
v -0.00410919 0.00642503 0.02257865
v -0.00428834 0.00642503 0.02264710
v -0.00604621 0.00642503 0.02377085
v -0.00459443 0.00642503 0.02265695
v -0.00447738 0.00642503 0.02266802
v -0.00477601 0.00642503 0.02260028
v -0.00493859 0.00642503 0.02249935
v -0.00507003 0.00642503 0.02236026
v -0.00516178 0.00642503 0.02219276
v -0.00520497 0.00642503 0.02203657
v -0.00371789 0.00642503 0.02199027
v -0.00376062 0.00642503 0.02217634
v -0.00372370 0.00642503 0.02179968
v -0.00376689 0.00642503 0.02164350
v -0.00385864 0.00642503 0.02147600
v -0.00399008 0.00642503 0.02133691
v -0.00415266 0.00642503 0.02123598
v -0.00497517 0.00642503 0.02136902
v -0.00654993 0.00642503 0.02016868
v -0.00481948 0.00642503 0.02125761
v -0.00508001 0.00642503 0.02148983
v -0.00434601 0.00642503 0.01986048
v -0.00445129 0.00642503 0.02116824
v -0.00464034 0.00642503 0.02118916
v -0.00433424 0.00642503 0.02117931
v -0.01182483 0.00642503 0.02683098
v -0.01171999 0.00642503 0.02671017
v -0.01198052 0.00642503 0.02694239
v -0.01215966 0.00642503 0.02701084
v -0.01234871 0.00642503 0.02703176
v -0.01246576 0.00642503 0.02702069
v -0.01264734 0.00642503 0.02696402
v -0.01280992 0.00642503 0.02686309
v -0.01146727 0.00642503 0.02452892
v -0.01186141 0.00642503 0.02570065
v -0.01202399 0.00642503 0.02559972
v -0.01294136 0.00642503 0.02672400
v -0.01303311 0.00642503 0.02655650
v -0.01307630 0.00642503 0.02640032
v -0.01308211 0.00642503 0.02620973
v -0.01303938 0.00642503 0.02602366
v -0.01295133 0.00642503 0.02585357
v -0.01284649 0.00642503 0.02573276
v -0.01269081 0.00642503 0.02562135
v -0.01172997 0.00642503 0.02583974
v -0.01163822 0.00642503 0.02600724
v -0.01159503 0.00642503 0.02616343
v -0.01232262 0.00642503 0.02553198
v -0.01251166 0.00642503 0.02555290
v -0.01220557 0.00642503 0.02554305
v -0.01273164 0.00642503 0.02236377
v -0.01256906 0.00642503 0.02246470
v -0.01175003 0.00642503 0.02250685
v -0.01174656 0.00642503 0.02233166
v -0.01164172 0.00642503 0.02221086
v -0.01190224 0.00642503 0.02244307
v -0.01208139 0.00642503 0.02251152
v -0.01227043 0.00642503 0.02253244
v -0.01238748 0.00642503 0.02252137
v -0.01286308 0.00642503 0.02222468
v -0.01295483 0.00642503 0.02205718
v -0.01299802 0.00642503 0.02190100
v -0.01300384 0.00642503 0.02171041
v -0.01296110 0.00642503 0.02152434
v -0.01287306 0.00642503 0.02135425
v -0.01276822 0.00642503 0.02123344
v -0.01261253 0.00642503 0.02112203
v -0.01197099 0.00642503 0.02092674
v -0.01224434 0.00642503 0.02103266
v -0.01243339 0.00642503 0.02105358
v -0.01212729 0.00642503 0.02104373
v -0.01194571 0.00642503 0.02110040
v -0.01125751 0.00642503 0.02082697
v -0.01178313 0.00642503 0.02120133
v -0.01103655 0.00642503 0.02240708
v -0.01151094 0.00642503 0.02185469
v -0.01151675 0.00642503 0.02166411
v -0.01155367 0.00642503 0.02204076
v -0.01165169 0.00642503 0.02134042
v -0.01155994 0.00642503 0.02150793
v -0.00983042 0.00642503 0.02636164
v -0.00933884 0.00642503 0.02586595
v -0.00874718 0.00642503 0.02606964
v -0.00640406 0.00642503 0.02588250
v -0.00752315 0.00642503 0.02589754
v -0.00701060 0.00642503 0.02553860
v -0.00812154 0.00642503 0.02608052
v -0.00843479 0.00642503 0.02609970
v -0.00978940 0.00642503 0.02266140
v -0.01016595 0.00642503 0.02316116
v -0.01039594 0.00642503 0.02231750
v -0.00696958 0.00642503 0.02183836
v -0.00746116 0.00642503 0.02233405
v -0.00805282 0.00642503 0.02213036
v -0.00696140 0.00642503 0.02271060
v -0.00660246 0.00642503 0.02322315
v -0.00641948 0.00642503 0.02382154
v -0.00576345 0.00642503 0.02579292
v -0.00643036 0.00642503 0.02444718
v -0.00663405 0.00642503 0.02503884
v -0.00927685 0.00642503 0.02230246
v -0.00867846 0.00642503 0.02211948
v -0.00836521 0.00642503 0.02210030
v -0.01036964 0.00642503 0.02375282
v -0.01038052 0.00642503 0.02437846
v -0.01075379 0.00642503 0.02442915
v -0.01019754 0.00642503 0.02497685
v -0.01047103 0.00642503 0.02645122
v -0.00983860 0.00642503 0.02548940
v -0.00800402 0.00642503 0.02801810
v -0.00816660 0.00642503 0.02791717
v -0.00834818 0.00642503 0.02786050
v -0.00895253 0.00642503 0.02918054
v -0.00878995 0.00642503 0.02928147
v -0.00908397 0.00642503 0.02904145
v -0.00846523 0.00642503 0.02784943
v -0.00865428 0.00642503 0.02787035
v -0.00773183 0.00642503 0.02867146
v -0.00773764 0.00642503 0.02848087
v -0.00777456 0.00642503 0.02885753
v -0.00787258 0.00642503 0.02815719
v -0.00778083 0.00642503 0.02832469
v -0.00909395 0.00642503 0.02817102
v -0.00918199 0.00642503 0.02834111
v -0.00917572 0.00642503 0.02887394
v -0.00921891 0.00642503 0.02871777
v -0.00922472 0.00642503 0.02852718
v -0.00898911 0.00642503 0.02805021
v -0.00883342 0.00642503 0.02793880
v -0.00786261 0.00642503 0.02902762
v -0.00796745 0.00642503 0.02914843
v -0.00812313 0.00642503 0.02925984
v -0.00830228 0.00642503 0.02932829
v -0.00849132 0.00642503 0.02934921
v -0.00860837 0.00642503 0.02933814
v -0.01238175 0.00642503 0.01798933
v -0.01166828 0.00642503 0.01788955
v -0.01102766 0.00642503 0.01779997
v -0.00760130 0.00642503 0.01732084
v -0.00696069 0.00642503 0.01723126
v -0.00355952 0.00642503 0.02548473
v -0.00528906 0.00642503 0.02634531
v -0.00528325 0.00642503 0.02653589
v -0.00524633 0.00642503 0.02615924
v -0.00452957 0.00642503 0.02566756
v -0.00471862 0.00642503 0.02568848
v -0.00441252 0.00642503 0.02567863
v -0.00423094 0.00642503 0.02573530
v -0.00501687 0.00642503 0.02699867
v -0.00485429 0.00642503 0.02709960
v -0.00514831 0.00642503 0.02685958
v -0.00524006 0.00642503 0.02669207
v -0.00406836 0.00642503 0.02583623
v -0.00393692 0.00642503 0.02597532
v -0.00384517 0.00642503 0.02614282
v -0.00380198 0.00642503 0.02629900
v -0.00379616 0.00642503 0.02648959
v -0.00383890 0.00642503 0.02667566
v -0.00392694 0.00642503 0.02684575
v -0.00515828 0.00642503 0.02598915
v -0.00505344 0.00642503 0.02586834
v -0.00489776 0.00642503 0.02575693
v -0.00403178 0.00642503 0.02696656
v -0.00418747 0.00642503 0.02707797
v -0.00436661 0.00642503 0.02714642
v -0.00455566 0.00642503 0.02716734
v -0.00467271 0.00642503 0.02715627
v -0.00719054 0.00642503 0.02025826
v -0.01061690 0.00642503 0.02073739
v -0.00879598 0.00642503 0.02018190
v -0.00863340 0.00642503 0.02028283
v -0.00819163 0.00642503 0.01886186
v -0.00830868 0.00642503 0.01885079
v -0.00801005 0.00642503 0.01891853
v -0.00784747 0.00642503 0.01901946
v -0.00771603 0.00642503 0.01915855
v -0.00845182 0.00642503 0.02033950
v -0.00892742 0.00642503 0.02004281
v -0.00901917 0.00642503 0.01987531
v -0.00906236 0.00642503 0.01971913
v -0.00902544 0.00642503 0.01934247
v -0.00906817 0.00642503 0.01952854
v -0.00893739 0.00642503 0.01917238
v -0.00762428 0.00642503 0.01932606
v -0.00758109 0.00642503 0.01948223
v -0.00757527 0.00642503 0.01967282
v -0.00761801 0.00642503 0.01985889
v -0.00770605 0.00642503 0.02002899
v -0.00781089 0.00642503 0.02014979
v -0.00883255 0.00642503 0.01905157
v -0.00867687 0.00642503 0.01894016
v -0.00849773 0.00642503 0.01887171
v -0.00796658 0.00642503 0.02026120
v -0.00814572 0.00642503 0.02032965
v -0.00833477 0.00642503 0.02035057
v -0.00710603 0.00694705 0.02360575
v -0.00712701 0.00695683 0.02360881
v -0.00708472 0.00702501 0.02359174
v -0.00714438 0.00697220 0.02361136
v -0.00715670 0.00699187 0.02361316
v -0.00703932 0.00695683 0.02359599
v -0.00706030 0.00694705 0.02359905
v -0.00708316 0.00694359 0.02360240
v -0.00720789 0.00676287 0.02392559
v -0.00724562 0.00679208 0.02393111
v -0.00724933 0.00679351 0.02390739
v -0.00681634 0.00691451 0.02371211
v -0.00677918 0.00690485 0.02377660
v -0.00680846 0.00685168 0.02378151
v -0.00679541 0.00698949 0.02370905
v -0.00676108 0.00696279 0.02377334
v -0.00676777 0.00693632 0.02377459
v -0.00692448 0.00700451 0.02361110
v -0.00700335 0.00701440 0.02359072
v -0.00700315 0.00702501 0.02359056
v -0.00692406 0.00702501 0.02361054
v -0.00685353 0.00699605 0.02365147
v -0.00685283 0.00702501 0.02365031
v -0.00679432 0.00702501 0.02370716
v -0.00675492 0.00702501 0.02377180
v -0.00684774 0.00680567 0.02378787
v -0.00685750 0.00684858 0.02371813
v -0.00682534 0.00682963 0.02378426
v -0.00688784 0.00677134 0.02379942
v -0.00684245 0.00679804 0.02381548
v -0.00683335 0.00679208 0.02387079
v -0.00725829 0.00680567 0.02385999
v -0.00727843 0.00682856 0.02385657
v -0.00721386 0.00677134 0.02384712
v -0.00726333 0.00681068 0.02386088
v -0.00687108 0.00676287 0.02387631
v -0.00696585 0.00673498 0.02381083
v -0.00695166 0.00672532 0.02388810
v -0.00705085 0.00672258 0.02382327
v -0.00703948 0.00671245 0.02390095
v -0.00713585 0.00673498 0.02383570
v -0.00712730 0.00672532 0.02391380
v -0.00729964 0.00685514 0.02386735
v -0.00732427 0.00690199 0.02386327
v -0.00732565 0.00690282 0.02387200
v -0.00734758 0.00698556 0.02386668
v -0.00734484 0.00696362 0.02387545
v -0.00734987 0.00702501 0.02386462
v -0.00732989 0.00702501 0.02378552
v -0.00732831 0.00698949 0.02378701
v -0.00729012 0.00702501 0.02371429
v -0.00728912 0.00699605 0.02371520
v -0.00723327 0.00702501 0.02365578
v -0.00723271 0.00700451 0.02365620
v -0.00716297 0.00701440 0.02361408
v -0.00716321 0.00702501 0.02361398
v -0.00722060 0.00696112 0.02365443
v -0.00719679 0.00692297 0.02365095
v -0.00716325 0.00689329 0.02364604
v -0.00712274 0.00687433 0.02364011
v -0.00707859 0.00686790 0.02363365
v -0.00703444 0.00687433 0.02362719
v -0.00699393 0.00689329 0.02362126
v -0.00727200 0.00693465 0.02371270
v -0.00723836 0.00688077 0.02370778
v -0.00719096 0.00683881 0.02370084
v -0.00713371 0.00681211 0.02369246
v -0.00707132 0.00680305 0.02368334
v -0.00700893 0.00681211 0.02367421
v -0.00695168 0.00683881 0.02366583
v -0.00687064 0.00693465 0.02365397
v -0.00693659 0.00696112 0.02361288
v -0.00700962 0.00699187 0.02359164
v -0.00690428 0.00688077 0.02365890
v -0.00696039 0.00692297 0.02361636
v -0.00702195 0.00697220 0.02359344
v -0.00730737 0.00691451 0.02378395
v -0.00726622 0.00684858 0.02377793
v -0.00720823 0.00679720 0.02376944
v -0.00713819 0.00676454 0.02375920
v -0.00706186 0.00675334 0.02374803
v -0.00698553 0.00676454 0.02373686
v -0.00691549 0.00679720 0.02372661
v -0.00735103 0.00702501 0.02387657
v -0.00734359 0.00686575 0.02373471
v -0.00740917 0.00686575 0.02358260
v -0.00747344 0.00685156 0.02345810
v -0.00749724 0.00690437 0.02347572
v -0.00751179 0.00696028 0.02348648
v -0.00744931 0.00702501 0.02360356
v -0.00751737 0.00701798 0.02349058
v -0.00751743 0.00702501 0.02349063
v -0.00744052 0.00694812 0.02359897
v -0.00738639 0.00702501 0.02374951
v -0.00737701 0.00694812 0.02374627
v -0.00744171 0.00680567 0.02343458
v -0.00736584 0.00680567 0.02355997
v -0.00729739 0.00680567 0.02371874
v -0.00715629 0.00705792 0.02361297
v -0.00716253 0.00703550 0.02361388
v -0.00723194 0.00704540 0.02365559
v -0.00681747 0.00713504 0.02371055
v -0.00677853 0.00714363 0.02377649
v -0.00676777 0.00711371 0.02377459
v -0.00685848 0.00720073 0.02371655
v -0.00682534 0.00722040 0.02378426
v -0.00680753 0.00719691 0.02378135
v -0.00691626 0.00725199 0.02372500
v -0.00688852 0.00727809 0.02379712
v -0.00684774 0.00724436 0.02378787
v -0.00732404 0.00714780 0.02386084
v -0.00732632 0.00714565 0.02387212
v -0.00729718 0.00719846 0.02386691
v -0.00700384 0.00703550 0.02359067
v -0.00679661 0.00706030 0.02370750
v -0.00676075 0.00708557 0.02377327
v -0.00692538 0.00704540 0.02361074
v -0.00685470 0.00705386 0.02365059
v -0.00734731 0.00706435 0.02386424
v -0.00732760 0.00706030 0.02378519
v -0.00734414 0.00708963 0.02387532
v -0.00735095 0.00703205 0.02387655
v -0.00721386 0.00727809 0.02384472
v -0.00724559 0.00725807 0.02393110
v -0.00720789 0.00728704 0.02392559
v -0.00725169 0.00725425 0.02389330
v -0.00725340 0.00725223 0.02388420
v -0.00687108 0.00728704 0.02387631
v -0.00683769 0.00725652 0.02384332
v -0.00683341 0.00725807 0.02387080
v -0.00728825 0.00705386 0.02371402
v -0.00721990 0.00708855 0.02365383
v -0.00714404 0.00707758 0.02361118
v -0.00690522 0.00716854 0.02365798
v -0.00695239 0.00721026 0.02366488
v -0.00696110 0.00712646 0.02361596
v -0.00699446 0.00715602 0.02362084
v -0.00702233 0.00707758 0.02359337
v -0.00701007 0.00705792 0.02359158
v -0.00693743 0.00708855 0.02361250
v -0.00687173 0.00711490 0.02365308
v -0.00703960 0.00709284 0.02359590
v -0.00730674 0.00713504 0.02378213
v -0.00727121 0.00711490 0.02371153
v -0.00727831 0.00722099 0.02385415
v -0.00725829 0.00724436 0.02385999
v -0.00726573 0.00720073 0.02377613
v -0.00723773 0.00716854 0.02370663
v -0.00719622 0.00712646 0.02365036
v -0.00720795 0.00725199 0.02376768
v -0.00719056 0.00721026 0.02369973
v -0.00716287 0.00715602 0.02364548
v -0.00712677 0.00709284 0.02360865
v -0.00710591 0.00710250 0.02360560
v -0.00712257 0.00717486 0.02363959
v -0.00713357 0.00723685 0.02369139
v -0.00713816 0.00728453 0.02375747
v -0.00713602 0.00731445 0.02383333
v -0.00712730 0.00732459 0.02391380
v -0.00705119 0.00732685 0.02382092
v -0.00703948 0.00733746 0.02390095
v -0.00706210 0.00729562 0.02374634
v -0.00707147 0.00724603 0.02368230
v -0.00707866 0.00718130 0.02363316
v -0.00708318 0.00710584 0.02360227
v -0.00696637 0.00731445 0.02380851
v -0.00695166 0.00732459 0.02388810
v -0.00698605 0.00728453 0.02373521
v -0.00700938 0.00723685 0.02367322
v -0.00703475 0.00717486 0.02362674
v -0.00706045 0.00710250 0.02359895
v -0.00690729 0.00719453 0.02345640
v -0.00694605 0.00724436 0.02347312
v -0.00698279 0.00724436 0.02339397
v -0.00680532 0.00711359 0.02362395
v -0.00679260 0.00702501 0.02362015
v -0.00684238 0.00719453 0.02363501
v -0.00687846 0.00724436 0.02366196
v -0.00688283 0.00724436 0.02364709
v -0.00702915 0.00724436 0.02330771
v -0.00708943 0.00722040 0.02317174
v -0.00710743 0.00724436 0.02318555
v -0.00699260 0.00719453 0.02328659
v -0.00707584 0.00719822 0.02316136
v -0.00705217 0.00714518 0.02314343
v -0.00695912 0.00711359 0.02326724
v -0.00704289 0.00711371 0.02313652
v -0.00703738 0.00708712 0.02313252
v -0.00694762 0.00702501 0.02326060
v -0.00703203 0.00702501 0.02312909
v -0.00703710 0.00696446 0.02313232
v -0.00695912 0.00693632 0.02326724
v -0.00704289 0.00693632 0.02313652
v -0.00705165 0.00690640 0.02314304
v -0.00699260 0.00685550 0.02328659
v -0.00707509 0.00685311 0.02316079
v -0.00708943 0.00682963 0.02317174
v -0.00702915 0.00680567 0.02330771
v -0.00710743 0.00680567 0.02318555
v -0.00688283 0.00680567 0.02364709
v -0.00684238 0.00685550 0.02363501
v -0.00680532 0.00693632 0.02362395
v -0.00687178 0.00711359 0.02344109
v -0.00685958 0.00702501 0.02343583
v -0.00687178 0.00693632 0.02344109
v -0.00690729 0.00685550 0.02345640
v -0.00694605 0.00680567 0.02347312
v -0.00699425 0.00702501 0.02421015
v -0.00705664 0.00697244 0.02420852
v -0.00703937 0.00695718 0.02420600
v -0.00701852 0.00694741 0.02420294
v -0.00699579 0.00694407 0.02419962
v -0.00697306 0.00694741 0.02419629
v -0.00695220 0.00695718 0.02419324
v -0.00693493 0.00697244 0.02419071
v -0.00692268 0.00699211 0.02418892
v -0.00707630 0.00702501 0.02421127
v -0.00707513 0.00701440 0.02421123
v -0.00706890 0.00699211 0.02421032
v -0.00682338 0.00680567 0.02395435
v -0.00680088 0.00682963 0.02395139
v -0.00681324 0.00684918 0.02402576
v -0.00687102 0.00679804 0.02403421
v -0.00678299 0.00685311 0.02394907
v -0.00677223 0.00691486 0.02401976
v -0.00675381 0.00690640 0.02394542
v -0.00674297 0.00693632 0.02394416
v -0.00675137 0.00698973 0.02401671
v -0.00673586 0.00696446 0.02394342
v -0.00691644 0.00701440 0.02418801
v -0.00691531 0.00702501 0.02418771
v -0.00684493 0.00702501 0.02414550
v -0.00715582 0.00702501 0.02419098
v -0.00715359 0.00700463 0.02419115
v -0.00722732 0.00702501 0.02415070
v -0.00728586 0.00702501 0.02409318
v -0.00728236 0.00698973 0.02409439
v -0.00732741 0.00702501 0.02402242
v -0.00732389 0.00698556 0.02402430
v -0.00732463 0.00696350 0.02401303
v -0.00733091 0.00702501 0.02401377
v -0.00730063 0.00690223 0.02402090
v -0.00719044 0.00677181 0.02400477
v -0.00723960 0.00679804 0.02397915
v -0.00723738 0.00680567 0.02400287
v -0.00725489 0.00682891 0.02401420
v -0.00727689 0.00685192 0.02400744
v -0.00730637 0.00690521 0.02401088
v -0.00711260 0.00673557 0.02399339
v -0.00702778 0.00672318 0.02398098
v -0.00694295 0.00673557 0.02396856
v -0.00686511 0.00677181 0.02395718
v -0.00726150 0.00691486 0.02409134
v -0.00722049 0.00684918 0.02408534
v -0.00716271 0.00679804 0.02407689
v -0.00709292 0.00676550 0.02406668
v -0.00701686 0.00675441 0.02405555
v -0.00694081 0.00676550 0.02404442
v -0.00682955 0.00679351 0.02389850
v -0.00674836 0.00702501 0.02401454
v -0.00672985 0.00702501 0.02394316
v -0.00679072 0.00699617 0.02408787
v -0.00680775 0.00693513 0.02409037
v -0.00684124 0.00688149 0.02409526
v -0.00688841 0.00683964 0.02410217
v -0.00694540 0.00681318 0.02411050
v -0.00700750 0.00680400 0.02411959
v -0.00706959 0.00681318 0.02412868
v -0.00712658 0.00683964 0.02413701
v -0.00717375 0.00688149 0.02414391
v -0.00720724 0.00693513 0.02414881
v -0.00722427 0.00699617 0.02415130
v -0.00714154 0.00696148 0.02418939
v -0.00711787 0.00692357 0.02418593
v -0.00708451 0.00689400 0.02418105
v -0.00704422 0.00687517 0.02417515
v -0.00700031 0.00686873 0.02416873
v -0.00695640 0.00687517 0.02416230
v -0.00691610 0.00689400 0.02415641
v -0.00688274 0.00692357 0.02415153
v -0.00685907 0.00696148 0.02414806
v -0.00684702 0.00700463 0.02414630
v -0.00678798 0.00702501 0.02408642
v -0.00712750 0.00702501 0.02349252
v -0.00718272 0.00697220 0.02352243
v -0.00716895 0.00695683 0.02351154
v -0.00715231 0.00694705 0.02349839
v -0.00713419 0.00694359 0.02348406
v -0.00711606 0.00694705 0.02346974
v -0.00709942 0.00695683 0.02345659
v -0.00708565 0.00697220 0.02344570
v -0.00707588 0.00699187 0.02343798
v -0.00719756 0.00702501 0.02353432
v -0.00719746 0.00701440 0.02353408
v -0.00719249 0.00699187 0.02353015
v -0.00706342 0.00684858 0.02324053
v -0.00710940 0.00679720 0.02327687
v -0.00703079 0.00691451 0.02321473
v -0.00701419 0.00698949 0.02320161
v -0.00707091 0.00701440 0.02343405
v -0.00707065 0.00702501 0.02343401
v -0.00703088 0.00702501 0.02336278
v -0.00727605 0.00702501 0.02355656
v -0.00727596 0.00700451 0.02355587
v -0.00735762 0.00702501 0.02355774
v -0.00743671 0.00702501 0.02353776
v -0.00743671 0.00698949 0.02353559
v -0.00750794 0.00702501 0.02349799
v -0.00750787 0.00698556 0.02349491
v -0.00748939 0.00690199 0.02348030
v -0.00740185 0.00677134 0.02341110
v -0.00745549 0.00679804 0.02341513
v -0.00748473 0.00679208 0.02337654
v -0.00745305 0.00682856 0.02345157
v -0.00745481 0.00676287 0.02335290
v -0.00734000 0.00673498 0.02336222
v -0.00739092 0.00672532 0.02330239
v -0.00727260 0.00672258 0.02330895
v -0.00732129 0.00671245 0.02324736
v -0.00720521 0.00673498 0.02325567
v -0.00725166 0.00672532 0.02319232
v -0.00714336 0.00677134 0.02320679
v -0.00718776 0.00676287 0.02314181
v -0.00742011 0.00691451 0.02352246
v -0.00738748 0.00684858 0.02349667
v -0.00734151 0.00679720 0.02346033
v -0.00728597 0.00676454 0.02341644
v -0.00722545 0.00675334 0.02336860
v -0.00716493 0.00676454 0.02332076
v -0.00714070 0.00679351 0.02314028
v -0.00715784 0.00679208 0.02311817
v -0.00701208 0.00702501 0.02320212
v -0.00701223 0.00699605 0.02328340
v -0.00702580 0.00693465 0.02329412
v -0.00705247 0.00688077 0.02331521
v -0.00709005 0.00683881 0.02334491
v -0.00713544 0.00681211 0.02338079
v -0.00718491 0.00680305 0.02341989
v -0.00723438 0.00681211 0.02345899
v -0.00727977 0.00683881 0.02349487
v -0.00731735 0.00688077 0.02352458
v -0.00734402 0.00693465 0.02354566
v -0.00735759 0.00699605 0.02355639
v -0.00726636 0.00696112 0.02354828
v -0.00724749 0.00692297 0.02353336
v -0.00722090 0.00689329 0.02351234
v -0.00718878 0.00687433 0.02348696
v -0.00715377 0.00686790 0.02345929
v -0.00711877 0.00687433 0.02343162
v -0.00708664 0.00689329 0.02340623
v -0.00706005 0.00692297 0.02338521
v -0.00704118 0.00696112 0.02337029
v -0.00703158 0.00700451 0.02336270
v -0.00701091 0.00702501 0.02328369
v -0.00742011 0.00718416 0.02356216
v -0.00747545 0.00719489 0.02345959
v -0.00744582 0.00723935 0.02343763
v -0.00745111 0.00710190 0.02357918
v -0.00751237 0.00708641 0.02348690
v -0.00749668 0.00714720 0.02347531
v -0.00736255 0.00710190 0.02379122
v -0.00740051 0.00710190 0.02368449
v -0.00737726 0.00724436 0.02353865
v -0.00744171 0.00724436 0.02343458
v -0.00732272 0.00724436 0.02365215
v -0.00736785 0.00718416 0.02367091
v -0.00728181 0.00724436 0.02376719
v -0.00732866 0.00718416 0.02378114
v -0.00687846 0.00762499 0.02366196
v -0.00712388 0.00725199 0.02316275
v -0.00715784 0.00762499 0.02311817
v -0.00715784 0.00725795 0.02311817
v -0.00713388 0.00762499 0.02314927
v -0.00698279 0.00762499 0.02339397
v -0.00682433 0.00762499 0.02394441
v -0.00682623 0.00725199 0.02392652
v -0.00682218 0.00762499 0.02423198
v -0.00681667 0.00724436 0.02409928
v -0.00682218 0.00724436 0.02423198
v -0.00682338 0.00724436 0.02395435
v -0.00682433 0.00724746 0.02394450
v -0.00697238 0.00762499 0.02478472
v -0.00695034 0.00725199 0.02473665
v -0.00696178 0.00724436 0.02476217
v -0.00692869 0.00725807 0.02468480
v -0.00687208 0.00762499 0.02451520
v -0.00691866 0.00725652 0.02465886
v -0.00689964 0.00724436 0.02460582
v -0.00748555 0.00724436 0.02539257
v -0.00753503 0.00724436 0.02542619
v -0.00753503 0.00762499 0.02542619
v -0.00746288 0.00725199 0.02537619
v -0.00741821 0.00725807 0.02534210
v -0.00730942 0.00762499 0.02524786
v -0.00739655 0.00725652 0.02532466
v -0.00834888 0.00762499 0.02568251
v -0.00825435 0.00724436 0.02567662
v -0.00834888 0.00724436 0.02568251
v -0.00822653 0.00725199 0.02567377
v -0.00806348 0.00762499 0.02564716
v -0.00817080 0.00725807 0.02566659
v -0.00814332 0.00725652 0.02566231
v -0.00808787 0.00724436 0.02565226
v -0.00890582 0.00724436 0.02560036
v -0.00863597 0.00762499 0.02566565
v -0.00876635 0.00724436 0.02564037
v -0.00891527 0.00762499 0.02559714
v -0.00891509 0.00724734 0.02559720
v -0.00895886 0.00725652 0.02558134
v -0.00917758 0.00762499 0.02547924
v -0.00903665 0.00725199 0.02554966
v -0.00906217 0.00724436 0.02553822
v -0.00898480 0.00725807 0.02557131
v -0.00964216 0.00725795 0.02508183
v -0.00964216 0.00762499 0.02508183
v -0.00961742 0.00762499 0.02511233
v -0.00687208 0.00724436 0.02451520
v -0.00685963 0.00724436 0.02446635
v -0.00682740 0.00724436 0.02428408
v -0.00735356 0.00724436 0.02528824
v -0.00730942 0.00724436 0.02524786
v -0.00711978 0.00762499 0.02503166
v -0.00711978 0.00724436 0.02503166
v -0.00697238 0.00724436 0.02478472
v -0.00760771 0.00724436 0.02547085
v -0.00778918 0.00762499 0.02556077
v -0.00777312 0.00724436 0.02555395
v -0.00806348 0.00724436 0.02564716
v -0.00794709 0.00724436 0.02561717
v -0.00778918 0.00724436 0.02556077
v -0.00863597 0.00724436 0.02566565
v -0.00858408 0.00724436 0.02567260
v -0.00839929 0.00724436 0.02568333
v -0.00962460 0.00725652 0.02510362
v -0.00958824 0.00724436 0.02514644
v -0.00941423 0.00762499 0.02531585
v -0.00941423 0.00724436 0.02531585
v -0.00917758 0.00724436 0.02547924
v -0.00889719 0.00724436 0.02515542
v -0.00887413 0.00725247 0.02516598
v -0.00886616 0.00762499 0.02516949
v -0.00908453 0.00762499 0.02504474
v -0.00876300 0.00724436 0.02520876
v -0.00880874 0.00725676 0.02519272
v -0.00862613 0.00762499 0.02524454
v -0.00883093 0.00725807 0.02518420
v -0.00886626 0.00725437 0.02516944
v -0.00812619 0.00762499 0.02523408
v -0.00820761 0.00725676 0.02525069
v -0.00815999 0.00724436 0.02524171
v -0.00823110 0.00725807 0.02525441
v -0.00837559 0.00762499 0.02526641
v -0.00827762 0.00725247 0.02526023
v -0.00830287 0.00724436 0.02526262
v -0.00767653 0.00725807 0.02501530
v -0.00767654 0.00762499 0.02501527
v -0.00788950 0.00762499 0.02514905
v -0.00771390 0.00725247 0.02504360
v -0.00773458 0.00724436 0.02505829
v -0.00779894 0.00724436 0.02509992
v -0.00730728 0.00725676 0.02450874
v -0.00727076 0.00762499 0.02439312
v -0.00735981 0.00762499 0.02462832
v -0.00731580 0.00725807 0.02453093
v -0.00733402 0.00725247 0.02457413
v -0.00734458 0.00724436 0.02459719
v -0.00725177 0.00762499 0.02389343
v -0.00723417 0.00762499 0.02414430
v -0.00723977 0.00725247 0.02397762
v -0.00723738 0.00724436 0.02400287
v -0.00732272 0.00762499 0.02365215
v -0.00744372 0.00762499 0.02343168
v -0.00748473 0.00725795 0.02337654
v -0.00748473 0.00762499 0.02337654
v -0.00745535 0.00725187 0.02341534
v -0.00908453 0.00724436 0.02504474
v -0.00926874 0.00724436 0.02487871
v -0.00927109 0.00762499 0.02487608
v -0.00929999 0.00725640 0.02484238
v -0.00931527 0.00762499 0.02482346
v -0.00931527 0.00725795 0.02482346
v -0.00837559 0.00724436 0.02526641
v -0.00850145 0.00724436 0.02526225
v -0.00862613 0.00724436 0.02524454
v -0.00788950 0.00724436 0.02514905
v -0.00800555 0.00724436 0.02519796
v -0.00812619 0.00724436 0.02523408
v -0.00735981 0.00724436 0.02462832
v -0.00749720 0.00724436 0.02483896
v -0.00749720 0.00762499 0.02483896
v -0.00762129 0.00724436 0.02496875
v -0.00765804 0.00725676 0.02500034
v -0.00723417 0.00724436 0.02414430
v -0.00727076 0.00724436 0.02439312
v -0.00729124 0.00724436 0.02446300
v -0.00691600 0.00703562 0.02418781
v -0.00692227 0.00705803 0.02418873
v -0.00693459 0.00707782 0.02419054
v -0.00695196 0.00709320 0.02419308
v -0.00697294 0.00710298 0.02419615
v -0.00699580 0.00710631 0.02419949
v -0.00701867 0.00710298 0.02420284
v -0.00703965 0.00709320 0.02420591
v -0.00705702 0.00707782 0.02420845
v -0.00706934 0.00705803 0.02421025
v -0.00707561 0.00703562 0.02421117
v -0.00686511 0.00727869 0.02395478
v -0.00732485 0.00706447 0.02402204
v -0.00684626 0.00704552 0.02414569
v -0.00678985 0.00705398 0.02408669
v -0.00673619 0.00708712 0.02394345
v -0.00675066 0.00706042 0.02401488
v -0.00674297 0.00711371 0.02394416
v -0.00677160 0.00713552 0.02401794
v -0.00675447 0.00714518 0.02394550
v -0.00678393 0.00719822 0.02394919
v -0.00681275 0.00720144 0.02402397
v -0.00680088 0.00722040 0.02395139
v -0.00687074 0.00725282 0.02403245
v -0.00694312 0.00731505 0.02396619
v -0.00702812 0.00732745 0.02397863
v -0.00711312 0.00731505 0.02399106
v -0.00719112 0.00727869 0.02400248
v -0.00732479 0.00708569 0.02401305
v -0.00730670 0.00714398 0.02401092
v -0.00730154 0.00714804 0.02401863
v -0.00727736 0.00719739 0.02400749
v -0.00725570 0.00722147 0.02401192
v -0.00694078 0.00728537 0.02404270
v -0.00701711 0.00729657 0.02405386
v -0.00709344 0.00728537 0.02406503
v -0.00716348 0.00725282 0.02407528
v -0.00722147 0.00720144 0.02408376
v -0.00726262 0.00713552 0.02408979
v -0.00728356 0.00706042 0.02409285
v -0.00680697 0.00711526 0.02408919
v -0.00684061 0.00716914 0.02409412
v -0.00688800 0.00721122 0.02410105
v -0.00694526 0.00723792 0.02410943
v -0.00700765 0.00724698 0.02411856
v -0.00707004 0.00723792 0.02412768
v -0.00712729 0.00721122 0.02413606
v -0.00717469 0.00716914 0.02414300
v -0.00720833 0.00711526 0.02414792
v -0.00722544 0.00705398 0.02415042
v -0.00685837 0.00708891 0.02414746
v -0.00688218 0.00712706 0.02415095
v -0.00691572 0.00715674 0.02415585
v -0.00695623 0.00717558 0.02416178
v -0.00700038 0.00718213 0.02416824
v -0.00704453 0.00717558 0.02417470
v -0.00708504 0.00715674 0.02418063
v -0.00711858 0.00712706 0.02418553
v -0.00714238 0.00708891 0.02418902
v -0.00715449 0.00704552 0.02419079
v -0.00707120 0.00703550 0.02343444
v -0.00707614 0.00705792 0.02343835
v -0.00708586 0.00707758 0.02344603
v -0.00709955 0.00709284 0.02345685
v -0.00711608 0.00710250 0.02346992
v -0.00713411 0.00710584 0.02348416
v -0.00715213 0.00710250 0.02349841
v -0.00716867 0.00709284 0.02351148
v -0.00718236 0.00707758 0.02352230
v -0.00719207 0.00705792 0.02352998
v -0.00719702 0.00703550 0.02353389
v -0.00714216 0.00727809 0.02320886
v -0.00750591 0.00706435 0.02349639
v -0.00703193 0.00704540 0.02336361
v -0.00701239 0.00705386 0.02328486
v -0.00701389 0.00706030 0.02320355
v -0.00703043 0.00713504 0.02321663
v -0.00706295 0.00720073 0.02324233
v -0.00740011 0.00727809 0.02341275
v -0.00745120 0.00722099 0.02345314
v -0.00748747 0.00714780 0.02348181
v -0.00718776 0.00728704 0.02314181
v -0.00720387 0.00731445 0.02325765
v -0.00725166 0.00732459 0.02319232
v -0.00727113 0.00732685 0.02331081
v -0.00732129 0.00733746 0.02324736
v -0.00733839 0.00731445 0.02336397
v -0.00739092 0.00732459 0.02330239
v -0.00745481 0.00728704 0.02335290
v -0.00710876 0.00725199 0.02327854
v -0.00716409 0.00728453 0.02332227
v -0.00722439 0.00729562 0.02336994
v -0.00728470 0.00728453 0.02341760
v -0.00734003 0.00725199 0.02346134
v -0.00738584 0.00720073 0.02349755
v -0.00741836 0.00713504 0.02352325
v -0.00743490 0.00706030 0.02353632
v -0.00702589 0.00711490 0.02329553
v -0.00705244 0.00716854 0.02331652
v -0.00708984 0.00721026 0.02334608
v -0.00713503 0.00723685 0.02338180
v -0.00718426 0.00724603 0.02342071
v -0.00723350 0.00723685 0.02345963
v -0.00727868 0.00721026 0.02349534
v -0.00731608 0.00716854 0.02352491
v -0.00734263 0.00711490 0.02354589
v -0.00735613 0.00705386 0.02355657
v -0.00704148 0.00708855 0.02337116
v -0.00706025 0.00712646 0.02338600
v -0.00708670 0.00715602 0.02340690
v -0.00711865 0.00717486 0.02343215
v -0.00715347 0.00718130 0.02345967
v -0.00718828 0.00717486 0.02348719
v -0.00722023 0.00715602 0.02351244
v -0.00724668 0.00712646 0.02353335
v -0.00726545 0.00708855 0.02354819
v -0.00727500 0.00704540 0.02355574
v -0.00678547 0.00719453 0.02428898
v -0.00681700 0.00708557 0.02463667
v -0.00678094 0.00711359 0.02448507
v -0.00676802 0.00702501 0.02448814
v -0.00683401 0.00714363 0.02463057
v -0.00681856 0.00719453 0.02447612
v -0.00682375 0.00711371 0.02463430
v -0.00687843 0.00722040 0.02461389
v -0.00686156 0.00719691 0.02462028
v -0.00677445 0.00719453 0.02409927
v -0.00673578 0.00711359 0.02409925
v -0.00672250 0.00702501 0.02409924
v -0.00673578 0.00693632 0.02409925
v -0.00677445 0.00685550 0.02409927
v -0.00681667 0.00680567 0.02409928
v -0.00687843 0.00682963 0.02461389
v -0.00685963 0.00680567 0.02446635
v -0.00689964 0.00680567 0.02460582
v -0.00681856 0.00685550 0.02447612
v -0.00683463 0.00690485 0.02463034
v -0.00678094 0.00693632 0.02448507
v -0.00686244 0.00685168 0.02461995
v -0.00681122 0.00702501 0.02463831
v -0.00681732 0.00696279 0.02463656
v -0.00682375 0.00693632 0.02463430
v -0.00674706 0.00711359 0.02429348
v -0.00673388 0.00702501 0.02429502
v -0.00674706 0.00693632 0.02429348
v -0.00678547 0.00685550 0.02428898
v -0.00682740 0.00680567 0.02428408
v -0.00725673 0.00684918 0.02299716
v -0.00719417 0.00682963 0.02303923
v -0.00721176 0.00680567 0.02305356
v -0.00744501 0.00702501 0.02296039
v -0.00744556 0.00701440 0.02296082
v -0.00751507 0.00702501 0.02300219
v -0.00745050 0.00699211 0.02296473
v -0.00736757 0.00700463 0.02293898
v -0.00736653 0.00702501 0.02293815
v -0.00722422 0.00691486 0.02297146
v -0.00715803 0.00690485 0.02300952
v -0.00718093 0.00685168 0.02302841
v -0.00714399 0.00696279 0.02299764
v -0.00724247 0.00677181 0.02308196
v -0.00753126 0.00680567 0.02332129
v -0.00750042 0.00677181 0.02328585
v -0.00749980 0.00679351 0.02335786
v -0.00755151 0.00682891 0.02332624
v -0.00756206 0.00685264 0.02334719
v -0.00758469 0.00690604 0.02336616
v -0.00759866 0.00696422 0.02337786
v -0.00760338 0.00702501 0.02338181
v -0.00760825 0.00702501 0.02337108
v -0.00757138 0.00701440 0.02306027
v -0.00757192 0.00702501 0.02306070
v -0.00761169 0.00702501 0.02313193
v -0.00761064 0.00700463 0.02313110
v -0.00763167 0.00702501 0.02321102
v -0.00763018 0.00699617 0.02320985
v -0.00763049 0.00702501 0.02329260
v -0.00762868 0.00698973 0.02329116
v -0.00760622 0.00698556 0.02336948
v -0.00728644 0.00699617 0.02293815
v -0.00728496 0.00702501 0.02293698
v -0.00737712 0.00696148 0.02294653
v -0.00746022 0.00697244 0.02297241
v -0.00720768 0.00698973 0.02295839
v -0.00720586 0.00702501 0.02295695
v -0.00729994 0.00693513 0.02294882
v -0.00739590 0.00692357 0.02296136
v -0.00747391 0.00695718 0.02298323
v -0.00732649 0.00688149 0.02296981
v -0.00719338 0.00679804 0.02307483
v -0.00730254 0.00679804 0.02303337
v -0.00736389 0.00683964 0.02299937
v -0.00742234 0.00689400 0.02298227
v -0.00757962 0.00684918 0.02325239
v -0.00753381 0.00679804 0.02321618
v -0.00759013 0.00688149 0.02317820
v -0.00755273 0.00683964 0.02314863
v -0.00758232 0.00692357 0.02310872
v -0.00755587 0.00689400 0.02308781
v -0.00755672 0.00697244 0.02304869
v -0.00756643 0.00699211 0.02305637
v -0.00760109 0.00696148 0.02312355
v -0.00761668 0.00693513 0.02319918
v -0.00761214 0.00691486 0.02327809
v -0.00758778 0.00690223 0.02335490
v -0.00754302 0.00695718 0.02303786
v -0.00730418 0.00673557 0.02313074
v -0.00735788 0.00676550 0.02307711
v -0.00740908 0.00681318 0.02303508
v -0.00745429 0.00687517 0.02300752
v -0.00749044 0.00694741 0.02299630
v -0.00750847 0.00694407 0.02301055
v -0.00748911 0.00686873 0.02303504
v -0.00745831 0.00680400 0.02307400
v -0.00741818 0.00675441 0.02312477
v -0.00737144 0.00672318 0.02318390
v -0.00743870 0.00673557 0.02323707
v -0.00747848 0.00676550 0.02317244
v -0.00750755 0.00681318 0.02311292
v -0.00752392 0.00687517 0.02306256
v -0.00752649 0.00694741 0.02302479
v -0.00713942 0.00702501 0.02299323
v -0.00992792 0.00762499 0.02368480
v -0.00992792 0.00724436 0.02368480
v -0.00990036 0.00724436 0.02359418
v -0.00718258 0.00762499 0.02308767
v -0.00967612 0.00725199 0.02503725
v -0.00966612 0.00762499 0.02505073
v -0.00969257 0.00724436 0.02501445
v -0.00981721 0.00762499 0.02480603
v -0.00977085 0.00724436 0.02489229
v -0.00981721 0.00724436 0.02480603
v -0.00997567 0.00762499 0.02425559
v -0.00997377 0.00725199 0.02427348
v -0.00997567 0.00724746 0.02425550
v -0.00996659 0.00725807 0.02432920
v -0.00992153 0.00762499 0.02453803
v -0.00996231 0.00725652 0.02435668
v -0.00995226 0.00724436 0.02441213
v -0.00997662 0.00724436 0.02424565
v -0.00997782 0.00762499 0.02396802
v -0.00998333 0.00724436 0.02410071
v -0.00982762 0.00762499 0.02341528
v -0.00984966 0.00725199 0.02346335
v -0.00983822 0.00724436 0.02343783
v -0.00987131 0.00725807 0.02351520
v -0.00988134 0.00725652 0.02354114
v -0.00931445 0.00724436 0.02280743
v -0.00926497 0.00724436 0.02277381
v -0.00926497 0.00762499 0.02277381
v -0.00933712 0.00725199 0.02282381
v -0.00938179 0.00725807 0.02285790
v -0.00949058 0.00762499 0.02295214
v -0.00940345 0.00725652 0.02287534
v -0.00845112 0.00762499 0.02251749
v -0.00857348 0.00725199 0.02252623
v -0.00854565 0.00724436 0.02252338
v -0.00873652 0.00762499 0.02255284
v -0.00862920 0.00725807 0.02253341
v -0.00865668 0.00725652 0.02253769
v -0.00871213 0.00724436 0.02254774
v -0.00788472 0.00762499 0.02260286
v -0.00788491 0.00724734 0.02260280
v -0.00784114 0.00725652 0.02261866
v -0.00789418 0.00724436 0.02259964
v -0.00816403 0.00762499 0.02253435
v -0.00803365 0.00724436 0.02255963
v -0.00816403 0.00724436 0.02253435
v -0.00762242 0.00762499 0.02272076
v -0.00776335 0.00725199 0.02265034
v -0.00773783 0.00724436 0.02266178
v -0.00781520 0.00725807 0.02262869
v -0.00992153 0.00724436 0.02453803
v -0.00991717 0.00724436 0.02455291
v -0.00985395 0.00724436 0.02472688
v -0.00994037 0.00724436 0.02373365
v -0.00997260 0.00724436 0.02391592
v -0.00997782 0.00724436 0.02396802
v -0.00944644 0.00724436 0.02291176
v -0.00949058 0.00724436 0.02295214
v -0.00968022 0.00762499 0.02316834
v -0.00968022 0.00724436 0.02316834
v -0.00982762 0.00724436 0.02341528
v -0.00902688 0.00724436 0.02264605
v -0.00901082 0.00762499 0.02263923
v -0.00919229 0.00724436 0.02272915
v -0.00873652 0.00724436 0.02255284
v -0.00885291 0.00724436 0.02258283
v -0.00901082 0.00724436 0.02263923
v -0.00821592 0.00724436 0.02252740
v -0.00840071 0.00724436 0.02251667
v -0.00845112 0.00724436 0.02251749
v -0.00717540 0.00725652 0.02309638
v -0.00721176 0.00724436 0.02305356
v -0.00738577 0.00762499 0.02288415
v -0.00738577 0.00724436 0.02288415
v -0.00762242 0.00724436 0.02272076
v -0.00737464 0.00762499 0.02575866
v -0.00719080 0.00762499 0.02562981
v -0.00702298 0.00762499 0.02548069
v -0.00757208 0.00762499 0.02586552
v -0.00778049 0.00762499 0.02594898
v -0.00687341 0.00762499 0.02531327
v -0.00674408 0.00762499 0.02512977
v -0.00663669 0.00762499 0.02493262
v -0.01034110 0.00762499 0.02391391
v -0.00655268 0.00762499 0.02472443
v -0.00649315 0.00762499 0.02450797
v -0.00888746 0.00762499 0.02598809
v -0.00910124 0.00762499 0.02591955
v -0.00799711 0.00762499 0.02600793
v -0.00821907 0.00762499 0.02604159
v -0.00844343 0.00762499 0.02604952
v -0.00866722 0.00762499 0.02603160
v -0.01005592 0.00762499 0.02307023
v -0.00992659 0.00762499 0.02288673
v -0.01034962 0.00762499 0.02413824
v -0.01033231 0.00762499 0.02436207
v -0.01028938 0.00762499 0.02458243
v -0.01022141 0.00762499 0.02479639
v -0.01012930 0.00762499 0.02500113
v -0.00645890 0.00762499 0.02428610
v -0.00645038 0.00762499 0.02406176
v -0.00646769 0.00762499 0.02383793
v -0.00651062 0.00762499 0.02361757
v -0.00657859 0.00762499 0.02340361
v -0.00667070 0.00762499 0.02319887
v -0.01030685 0.00762499 0.02369203
v -0.01024732 0.00762499 0.02347557
v -0.01016331 0.00762499 0.02326738
v -0.00696286 0.00762499 0.02278200
v -0.00687019 0.00762499 0.02289080
v -0.00730179 0.00762499 0.02248865
v -0.00712387 0.00762499 0.02262556
v -0.00858093 0.00762499 0.02215841
v -0.00835657 0.00762499 0.02215048
v -0.00977702 0.00762499 0.02271931
v -0.00960920 0.00762499 0.02257019
v -0.00942536 0.00762499 0.02244134
v -0.00983714 0.00762499 0.02541800
v -0.00992981 0.00762499 0.02530920
v -0.00813278 0.00762499 0.02216840
v -0.00791254 0.00762499 0.02221191
v -0.00769876 0.00762499 0.02228045
v -0.00749427 0.00762499 0.02237311
v -0.00922792 0.00762499 0.02233448
v -0.00901951 0.00762499 0.02225102
v -0.00880289 0.00762499 0.02219207
v -0.00930573 0.00762499 0.02582689
v -0.00949821 0.00762499 0.02571135
v -0.00967613 0.00762499 0.02557444
v -0.00678574 0.00762499 0.02300609
v -0.01001426 0.00762499 0.02519392
v -0.00930956 0.00710250 0.02520370
v -0.00932609 0.00709284 0.02521677
v -0.00928493 0.00702501 0.02519781
v -0.00933978 0.00707758 0.02522759
v -0.00961224 0.00728704 0.02505819
v -0.00922779 0.00702501 0.02513890
v -0.00922862 0.00703550 0.02513973
v -0.00935444 0.00703550 0.02523918
v -0.00935544 0.00702501 0.02523980
v -0.00943445 0.00702501 0.02526199
v -0.00943243 0.00704540 0.02526102
v -0.00951651 0.00702501 0.02526285
v -0.00951356 0.00705386 0.02526185
v -0.00959596 0.00702501 0.02524231
v -0.00959232 0.00706030 0.02524161
v -0.00966058 0.00702501 0.02520677
v -0.00965627 0.00708557 0.02520258
v -0.00923357 0.00705792 0.02514363
v -0.00918936 0.00704540 0.02506890
v -0.00918795 0.00702501 0.02506715
v -0.00924849 0.00722099 0.02487376
v -0.00929958 0.00727809 0.02491415
v -0.00923830 0.00719811 0.02485312
v -0.00921222 0.00714780 0.02484510
v -0.00921556 0.00714470 0.02483405
v -0.00920147 0.00708653 0.02482225
v -0.00934519 0.00728704 0.02484710
v -0.00954327 0.00720073 0.02520284
v -0.00960583 0.00722040 0.02516077
v -0.00961980 0.00719691 0.02517219
v -0.00949746 0.00725199 0.02516663
v -0.00916982 0.00705386 0.02499015
v -0.00916816 0.00702501 0.02498751
v -0.00919891 0.00708855 0.02507645
v -0.00924328 0.00707758 0.02515131
v -0.00931089 0.00718130 0.02516496
v -0.00929153 0.00710584 0.02518945
v -0.00927608 0.00717486 0.02513744
v -0.00934571 0.00717486 0.02519248
v -0.00937766 0.00715602 0.02521773
v -0.00940411 0.00712646 0.02523864
v -0.00917132 0.00706030 0.02490884
v -0.00916980 0.00702501 0.02490546
v -0.00918332 0.00711490 0.02500082
v -0.00921768 0.00712646 0.02509128
v -0.00925698 0.00709284 0.02516214
v -0.00929245 0.00723685 0.02508708
v -0.00924727 0.00721026 0.02505137
v -0.00934169 0.00724603 0.02512600
v -0.00939093 0.00723685 0.02516492
v -0.00943611 0.00721026 0.02520063
v -0.00947351 0.00716854 0.02523019
v -0.00919378 0.00706435 0.02483052
v -0.00919273 0.00702501 0.02482666
v -0.00918786 0.00713504 0.02492191
v -0.00920987 0.00716854 0.02502180
v -0.00924413 0.00715602 0.02511219
v -0.00927351 0.00710250 0.02517521
v -0.00926619 0.00725199 0.02498382
v -0.00922038 0.00720073 0.02494761
v -0.00932152 0.00728453 0.02502756
v -0.00938182 0.00729562 0.02507523
v -0.00944212 0.00728453 0.02512289
v -0.00957578 0.00713504 0.02522854
v -0.00964248 0.00714363 0.02519090
v -0.00950006 0.00711490 0.02525118
v -0.00942288 0.00708855 0.02525347
v -0.00934950 0.00705792 0.02523527
v -0.00955753 0.00727809 0.02511804
v -0.00949582 0.00731445 0.02506926
v -0.00942856 0.00732685 0.02501610
v -0.00936130 0.00731445 0.02496293
v -0.00954834 0.00732459 0.02500768
v -0.00947871 0.00733746 0.02495264
v -0.00940908 0.00732459 0.02489761
v -0.00919662 0.00702501 0.02481819
v -0.00919827 0.00702501 0.02526234
v -0.00921571 0.00705803 0.02533539
v -0.00921111 0.00707782 0.02532381
v -0.00920463 0.00709320 0.02530750
v -0.00919679 0.00710298 0.02528779
v -0.00918826 0.00710631 0.02526632
v -0.00917973 0.00710298 0.02524485
v -0.00917189 0.00709320 0.02522515
v -0.00916541 0.00707782 0.02520883
v -0.00916081 0.00705803 0.02519726
v -0.00921831 0.00702501 0.02534193
v -0.00921805 0.00703562 0.02534128
v -0.00915847 0.00703562 0.02519137
v -0.00915821 0.00702501 0.02519072
v -0.00910088 0.00702501 0.02513200
v -0.00921694 0.00702501 0.02542398
v -0.00919425 0.00702501 0.02550285
v -0.00919355 0.00705398 0.02550108
v -0.00915181 0.00702501 0.02557309
v -0.00915095 0.00706042 0.02557093
v -0.00909633 0.00708712 0.02561918
v -0.00909925 0.00702501 0.02562482
v -0.00914314 0.00713552 0.02555127
v -0.00907743 0.00719822 0.02557496
v -0.00912778 0.00720144 0.02551261
v -0.00908897 0.00714518 0.02560232
v -0.00904168 0.00727869 0.02550186
v -0.00907086 0.00722040 0.02555918
v -0.00897074 0.00728704 0.02553593
v -0.00901256 0.00731505 0.02542860
v -0.00894065 0.00732459 0.02546025
v -0.00898083 0.00732745 0.02534877
v -0.00890787 0.00733746 0.02537777
v -0.00894910 0.00731505 0.02526894
v -0.00887509 0.00732459 0.02529529
v -0.00891998 0.00727869 0.02519568
v -0.00884501 0.00728704 0.02521960
v -0.00887006 0.00706447 0.02507009
v -0.00886230 0.00708569 0.02507463
v -0.00885987 0.00702501 0.02506898
v -0.00886951 0.00714398 0.02509137
v -0.00887876 0.00714804 0.02509198
v -0.00888120 0.00719739 0.02511849
v -0.00889587 0.00722147 0.02513503
v -0.00910613 0.00725282 0.02545815
v -0.00907998 0.00728537 0.02539237
v -0.00905149 0.00729657 0.02532068
v -0.00902300 0.00728537 0.02524900
v -0.00899685 0.00725282 0.02518322
v -0.00897520 0.00720144 0.02512876
v -0.00895984 0.00713552 0.02509010
v -0.00895203 0.00706042 0.02507044
v -0.00886910 0.00702501 0.02506768
v -0.00918716 0.00711526 0.02548501
v -0.00917460 0.00716914 0.02545341
v -0.00915691 0.00721122 0.02540890
v -0.00913554 0.00723792 0.02535513
v -0.00911225 0.00724698 0.02529654
v -0.00908896 0.00723792 0.02523794
v -0.00906759 0.00721122 0.02518417
v -0.00904989 0.00716914 0.02513966
v -0.00903733 0.00711526 0.02510806
v -0.00903095 0.00705398 0.02509199
v -0.00895117 0.00702501 0.02506828
v -0.00921644 0.00704552 0.02542273
v -0.00921192 0.00708891 0.02541136
v -0.00920303 0.00712706 0.02538900
v -0.00919051 0.00715674 0.02535750
v -0.00917539 0.00717558 0.02531945
v -0.00915891 0.00718213 0.02527799
v -0.00914243 0.00717558 0.02523652
v -0.00912731 0.00715674 0.02519848
v -0.00911479 0.00712706 0.02516698
v -0.00910590 0.00708891 0.02514462
v -0.00910138 0.00704552 0.02513325
v -0.00903024 0.00702501 0.02509023
v -0.00885399 0.00713504 0.02566523
v -0.00893057 0.00714363 0.02566599
v -0.00893430 0.00711371 0.02567625
v -0.00883868 0.00720073 0.02562672
v -0.00891389 0.00722040 0.02562157
v -0.00892028 0.00719691 0.02563844
v -0.00859749 0.00702501 0.02541410
v -0.00859775 0.00703550 0.02541474
v -0.00861747 0.00702501 0.02549319
v -0.00865698 0.00703550 0.02556378
v -0.00865724 0.00702501 0.02556442
v -0.00886178 0.00706030 0.02568482
v -0.00893667 0.00708557 0.02568300
v -0.00893831 0.00702501 0.02568878
v -0.00871360 0.00704540 0.02562169
v -0.00871409 0.00702501 0.02562293
v -0.00878345 0.00705386 0.02566298
v -0.00878415 0.00702501 0.02566473
v -0.00886263 0.00702501 0.02568698
v -0.00860007 0.00705792 0.02542060
v -0.00859916 0.00704540 0.02533377
v -0.00859866 0.00702501 0.02533253
v -0.00873086 0.00714780 0.02515139
v -0.00873949 0.00714565 0.02514377
v -0.00874955 0.00719846 0.02517161
v -0.00873335 0.00708963 0.02512674
v -0.00877199 0.00727809 0.02525487
v -0.00889343 0.00727809 0.02556042
v -0.00881711 0.00725199 0.02557245
v -0.00862161 0.00705386 0.02525580
v -0.00862091 0.00702501 0.02525404
v -0.00860365 0.00708855 0.02534508
v -0.00860465 0.00707758 0.02543211
v -0.00866356 0.00706030 0.02518614
v -0.00866271 0.00702501 0.02518399
v -0.00862797 0.00711490 0.02527179
v -0.00861249 0.00712646 0.02536732
v -0.00861109 0.00709284 0.02544832
v -0.00876459 0.00716854 0.02561553
v -0.00874698 0.00721026 0.02557123
v -0.00870026 0.00712646 0.02558814
v -0.00868781 0.00715602 0.02555681
v -0.00865008 0.00707758 0.02554641
v -0.00865466 0.00705792 0.02555792
v -0.00870910 0.00708855 0.02561038
v -0.00877709 0.00711490 0.02564698
v -0.00864364 0.00709284 0.02553020
v -0.00872217 0.00706435 0.02512954
v -0.00867135 0.00713504 0.02520573
v -0.00872122 0.00702501 0.02512714
v -0.00873101 0.00703205 0.02512023
v -0.00873099 0.00702501 0.02512015
v -0.00874793 0.00722099 0.02519434
v -0.00868666 0.00720073 0.02524424
v -0.00864046 0.00716854 0.02530324
v -0.00870823 0.00725199 0.02529851
v -0.00865807 0.00721026 0.02534755
v -0.00862494 0.00715602 0.02539865
v -0.00880104 0.00731445 0.02532797
v -0.00873428 0.00728453 0.02536405
v -0.00867935 0.00723685 0.02540107
v -0.00863999 0.00717486 0.02543649
v -0.00861888 0.00710250 0.02546791
v -0.00862737 0.00710584 0.02548926
v -0.00865638 0.00718130 0.02547773
v -0.00870253 0.00724603 0.02545939
v -0.00876267 0.00729562 0.02543548
v -0.00883271 0.00732685 0.02540764
v -0.00886438 0.00731445 0.02548731
v -0.00879106 0.00728453 0.02550691
v -0.00872571 0.00723685 0.02551771
v -0.00867277 0.00717486 0.02551897
v -0.00863585 0.00710250 0.02551061
v -0.00839927 0.00719453 0.02572555
v -0.00877612 0.00719453 0.02568144
v -0.00878507 0.00711359 0.02571906
v -0.00878814 0.00702501 0.02573198
v -0.00858898 0.00719453 0.02571453
v -0.00825139 0.00722040 0.02569912
v -0.00824920 0.00719822 0.02571607
v -0.00824550 0.00714518 0.02574553
v -0.00839925 0.00711359 0.02576422
v -0.00824416 0.00711371 0.02575703
v -0.00824345 0.00708712 0.02576381
v -0.00839924 0.00702501 0.02577750
v -0.00824316 0.00702501 0.02577015
v -0.00824342 0.00696446 0.02576414
v -0.00839925 0.00693632 0.02576422
v -0.00824416 0.00693632 0.02575704
v -0.00824543 0.00690640 0.02574619
v -0.00839927 0.00685550 0.02572555
v -0.00824907 0.00685311 0.02571701
v -0.00825139 0.00682963 0.02569912
v -0.00839929 0.00680567 0.02568333
v -0.00825435 0.00680567 0.02567662
v -0.00891389 0.00682963 0.02562157
v -0.00876635 0.00680567 0.02564037
v -0.00890582 0.00680567 0.02560036
v -0.00877612 0.00685550 0.02568144
v -0.00893034 0.00690485 0.02566537
v -0.00878507 0.00693632 0.02571906
v -0.00891995 0.00685168 0.02563756
v -0.00893656 0.00696279 0.02568268
v -0.00893430 0.00693632 0.02567625
v -0.00859348 0.00711359 0.02575294
v -0.00859502 0.00702501 0.02576612
v -0.00859348 0.00693632 0.02575294
v -0.00858898 0.00685550 0.02571453
v -0.00858408 0.00680567 0.02567260
v -0.00851015 0.00702501 0.02550576
v -0.00848873 0.00705803 0.02557773
v -0.00849054 0.00707782 0.02556541
v -0.00849308 0.00709320 0.02554804
v -0.00849615 0.00710298 0.02552706
v -0.00849949 0.00710631 0.02550419
v -0.00850284 0.00710298 0.02548133
v -0.00850591 0.00709320 0.02546035
v -0.00850845 0.00707782 0.02544298
v -0.00851025 0.00705803 0.02543066
v -0.00848771 0.00702501 0.02558469
v -0.00848782 0.00703562 0.02558400
v -0.00851117 0.00703562 0.02542439
v -0.00851127 0.00702501 0.02542370
v -0.00849098 0.00702501 0.02534418
v -0.00844550 0.00702501 0.02565507
v -0.00838642 0.00702501 0.02571203
v -0.00838669 0.00705398 0.02571015
v -0.00831454 0.00702501 0.02575164
v -0.00831488 0.00706042 0.02574934
v -0.00831794 0.00713552 0.02572840
v -0.00832397 0.00720144 0.02568725
v -0.00825478 0.00727869 0.02563489
v -0.00830248 0.00727869 0.02530888
v -0.00831192 0.00722147 0.02524430
v -0.00817631 0.00728704 0.02562892
v -0.00826619 0.00731505 0.02555688
v -0.00818810 0.00732459 0.02554834
v -0.00827863 0.00732745 0.02547188
v -0.00820095 0.00733746 0.02546052
v -0.00829106 0.00731505 0.02538688
v -0.00821379 0.00732459 0.02537270
v -0.00822559 0.00728704 0.02529211
v -0.00832204 0.00706447 0.02517515
v -0.00831286 0.00708641 0.02517526
v -0.00831356 0.00702501 0.02516901
v -0.00831066 0.00714720 0.02519464
v -0.00831863 0.00714804 0.02519847
v -0.00830766 0.00719489 0.02522089
v -0.00830346 0.00723935 0.02525753
v -0.00833245 0.00725282 0.02562926
v -0.00834270 0.00728537 0.02555922
v -0.00835386 0.00729657 0.02548289
v -0.00836503 0.00728537 0.02540656
v -0.00837528 0.00725282 0.02533652
v -0.00838376 0.00720144 0.02527853
v -0.00838978 0.00713552 0.02523738
v -0.00839285 0.00706042 0.02521644
v -0.00832241 0.00702501 0.02517259
v -0.00838920 0.00711526 0.02569303
v -0.00839412 0.00716914 0.02565939
v -0.00840105 0.00721122 0.02561199
v -0.00840943 0.00723792 0.02555474
v -0.00841856 0.00724698 0.02549235
v -0.00842768 0.00723792 0.02542996
v -0.00843606 0.00721122 0.02537271
v -0.00844300 0.00716914 0.02532532
v -0.00844792 0.00711526 0.02529167
v -0.00845042 0.00705398 0.02527456
v -0.00839318 0.00702501 0.02521414
v -0.00844569 0.00704552 0.02565374
v -0.00844746 0.00708891 0.02564163
v -0.00845095 0.00712706 0.02561782
v -0.00845585 0.00715674 0.02558428
v -0.00846178 0.00717558 0.02554377
v -0.00846824 0.00718213 0.02549962
v -0.00847470 0.00717558 0.02545547
v -0.00848063 0.00715674 0.02541496
v -0.00848554 0.00712706 0.02538142
v -0.00848902 0.00708891 0.02535762
v -0.00849079 0.00704552 0.02534551
v -0.00845070 0.00702501 0.02527268
v -0.00791297 0.00705792 0.02534371
v -0.00791388 0.00703550 0.02533747
v -0.00795559 0.00704540 0.02526806
v -0.00789174 0.00702501 0.02541528
v -0.00801055 0.00713504 0.02568253
v -0.00807649 0.00714363 0.02572147
v -0.00807459 0.00711371 0.02573222
v -0.00801655 0.00720073 0.02564152
v -0.00808426 0.00722040 0.02567466
v -0.00808135 0.00719691 0.02569247
v -0.00802500 0.00725199 0.02558374
v -0.00809712 0.00727809 0.02561148
v -0.00816084 0.00714780 0.02517596
v -0.00817212 0.00714565 0.02517368
v -0.00816691 0.00719846 0.02520282
v -0.00791398 0.00702501 0.02533679
v -0.00789066 0.00703550 0.02549616
v -0.00789057 0.00702501 0.02549685
v -0.00800750 0.00706030 0.02570339
v -0.00807327 0.00708557 0.02573925
v -0.00807180 0.00702501 0.02574508
v -0.00791074 0.00704540 0.02557462
v -0.00791054 0.00702501 0.02557594
v -0.00795059 0.00705386 0.02564530
v -0.00795031 0.00702501 0.02564717
v -0.00800716 0.00702501 0.02570568
v -0.00795578 0.00702501 0.02526673
v -0.00801429 0.00702501 0.02520988
v -0.00816462 0.00702501 0.02515014
v -0.00816424 0.00706435 0.02515269
v -0.00808519 0.00706030 0.02517240
v -0.00817532 0.00708963 0.02515586
v -0.00817655 0.00703205 0.02514905
v -0.00817657 0.00702501 0.02514897
v -0.00814472 0.00727809 0.02528614
v -0.00801402 0.00705386 0.02521175
v -0.00808552 0.00702501 0.02517011
v -0.00795383 0.00708855 0.02528010
v -0.00791118 0.00707758 0.02535596
v -0.00795798 0.00716854 0.02559478
v -0.00796488 0.00721026 0.02554761
v -0.00791596 0.00712646 0.02553890
v -0.00792084 0.00715602 0.02550554
v -0.00789337 0.00707758 0.02547767
v -0.00789158 0.00705792 0.02548993
v -0.00791250 0.00708855 0.02556258
v -0.00795308 0.00711490 0.02562827
v -0.00789590 0.00709284 0.02546041
v -0.00808213 0.00713504 0.02519326
v -0.00801153 0.00711490 0.02522879
v -0.00815415 0.00722099 0.02522169
v -0.00807613 0.00720073 0.02523427
v -0.00800663 0.00716854 0.02526227
v -0.00795036 0.00712646 0.02530378
v -0.00806768 0.00725199 0.02529205
v -0.00799973 0.00721026 0.02530945
v -0.00794548 0.00715602 0.02533713
v -0.00790865 0.00709284 0.02537323
v -0.00790560 0.00710250 0.02539409
v -0.00793959 0.00717486 0.02537743
v -0.00799139 0.00723685 0.02536643
v -0.00805747 0.00728453 0.02536184
v -0.00813333 0.00731445 0.02536398
v -0.00812092 0.00732685 0.02544881
v -0.00804634 0.00729562 0.02543790
v -0.00798230 0.00724603 0.02542853
v -0.00793316 0.00718130 0.02542134
v -0.00790227 0.00710584 0.02541682
v -0.00810851 0.00731445 0.02553363
v -0.00803521 0.00728453 0.02551395
v -0.00797322 0.00723685 0.02549062
v -0.00792674 0.00717486 0.02546525
v -0.00789895 0.00710250 0.02543955
v -0.00758659 0.00719453 0.02550740
v -0.00792395 0.00711359 0.02569468
v -0.00792015 0.00702501 0.02570741
v -0.00793501 0.00719453 0.02565762
v -0.00775640 0.00719453 0.02559271
v -0.00747174 0.00722040 0.02541057
v -0.00746136 0.00719822 0.02542416
v -0.00744344 0.00714518 0.02544782
v -0.00756724 0.00711359 0.02554088
v -0.00743652 0.00711371 0.02545711
v -0.00743252 0.00708712 0.02546262
v -0.00756059 0.00702501 0.02555238
v -0.00742909 0.00702501 0.02546797
v -0.00743232 0.00696446 0.02546290
v -0.00756724 0.00693632 0.02554088
v -0.00743652 0.00693632 0.02545711
v -0.00744304 0.00690640 0.02544835
v -0.00758659 0.00685550 0.02550740
v -0.00746079 0.00685311 0.02542491
v -0.00747174 0.00682963 0.02541057
v -0.00760771 0.00680567 0.02547085
v -0.00748555 0.00680567 0.02539257
v -0.00808426 0.00682963 0.02567466
v -0.00794709 0.00680567 0.02561717
v -0.00808787 0.00680567 0.02565226
v -0.00793501 0.00685550 0.02565762
v -0.00807660 0.00690485 0.02572082
v -0.00792395 0.00693632 0.02569468
v -0.00808151 0.00685168 0.02569154
v -0.00807334 0.00696279 0.02573892
v -0.00807459 0.00693632 0.02573222
v -0.00774109 0.00711359 0.02562822
v -0.00773583 0.00702501 0.02564042
v -0.00774109 0.00693632 0.02562822
v -0.00775640 0.00685550 0.02559271
v -0.00777312 0.00680567 0.02555395
v -0.00779252 0.00702501 0.02537250
v -0.00773798 0.00705803 0.02542412
v -0.00774570 0.00707782 0.02541435
v -0.00775659 0.00709320 0.02540058
v -0.00776974 0.00710298 0.02538394
v -0.00778406 0.00710631 0.02536581
v -0.00779839 0.00710298 0.02534769
v -0.00781154 0.00709320 0.02533105
v -0.00782243 0.00707782 0.02531728
v -0.00783015 0.00705803 0.02530751
v -0.00773362 0.00702501 0.02542964
v -0.00773405 0.00703562 0.02542909
v -0.00783408 0.00703562 0.02530254
v -0.00783451 0.00702501 0.02530199
v -0.00785671 0.00702501 0.02522298
v -0.00766187 0.00702501 0.02546948
v -0.00758222 0.00702501 0.02548926
v -0.00758340 0.00705398 0.02548777
v -0.00750017 0.00702501 0.02548763
v -0.00750162 0.00706042 0.02548581
v -0.00751474 0.00713552 0.02546921
v -0.00754053 0.00720144 0.02543658
v -0.00750679 0.00727869 0.02535664
v -0.00771110 0.00727869 0.02509815
v -0.00775157 0.00722147 0.02504695
v -0.00744181 0.00728704 0.02531224
v -0.00755568 0.00731505 0.02529479
v -0.00749232 0.00732459 0.02524834
v -0.00760895 0.00732745 0.02522740
v -0.00754736 0.00733746 0.02517871
v -0.00766222 0.00731505 0.02516000
v -0.00760239 0.00732459 0.02510908
v -0.00765290 0.00728704 0.02504519
v -0.00779491 0.00706447 0.02499213
v -0.00778690 0.00708641 0.02498763
v -0.00779063 0.00702501 0.02498257
v -0.00777531 0.00714720 0.02500332
v -0.00778030 0.00714804 0.02501061
v -0.00775959 0.00719489 0.02502455
v -0.00773763 0.00723935 0.02505418
v -0.00757687 0.00725282 0.02539060
v -0.00762077 0.00728537 0.02533507
v -0.00766860 0.00729657 0.02527455
v -0.00771644 0.00728537 0.02521403
v -0.00776033 0.00725282 0.02515849
v -0.00779667 0.00720144 0.02511252
v -0.00782247 0.00713552 0.02507989
v -0.00783559 0.00706042 0.02506329
v -0.00779651 0.00702501 0.02499009
v -0.00759413 0.00711526 0.02547421
v -0.00761521 0.00716914 0.02544753
v -0.00764491 0.00721122 0.02540995
v -0.00768079 0.00723792 0.02536456
v -0.00771989 0.00724698 0.02531509
v -0.00775899 0.00723792 0.02526562
v -0.00779487 0.00721122 0.02522023
v -0.00782458 0.00716914 0.02518265
v -0.00784566 0.00711526 0.02515598
v -0.00785638 0.00705398 0.02514241
v -0.00783703 0.00702501 0.02506146
v -0.00766270 0.00704552 0.02546842
v -0.00767029 0.00708891 0.02545882
v -0.00768521 0.00712706 0.02543995
v -0.00770623 0.00715674 0.02541335
v -0.00773162 0.00717558 0.02538123
v -0.00775929 0.00718213 0.02534623
v -0.00778696 0.00717558 0.02531123
v -0.00781234 0.00715674 0.02527910
v -0.00783336 0.00712706 0.02525251
v -0.00784828 0.00708891 0.02523364
v -0.00785587 0.00704552 0.02522404
v -0.00785756 0.00702501 0.02514092
v -0.00729630 0.00710250 0.02500956
v -0.00728323 0.00709284 0.02502609
v -0.00730219 0.00702501 0.02498493
v -0.00727241 0.00707758 0.02503978
v -0.00736070 0.00702501 0.02492808
v -0.00736027 0.00703550 0.02492862
v -0.00726082 0.00703550 0.02505444
v -0.00726039 0.00702501 0.02505499
v -0.00725839 0.00706030 0.02529232
v -0.00729742 0.00708557 0.02535627
v -0.00729323 0.00702501 0.02536058
v -0.00723898 0.00704540 0.02513243
v -0.00723815 0.00702501 0.02513347
v -0.00723815 0.00705386 0.02521356
v -0.00723698 0.00702501 0.02521504
v -0.00725695 0.00702501 0.02529414
v -0.00735637 0.00705792 0.02493357
v -0.00743110 0.00704540 0.02488936
v -0.00743193 0.00702501 0.02488831
v -0.00762624 0.00722099 0.02494849
v -0.00758585 0.00727809 0.02499959
v -0.00764688 0.00719811 0.02493830
v -0.00765490 0.00714780 0.02491222
v -0.00766595 0.00714470 0.02491556
v -0.00767775 0.00708653 0.02490147
v -0.00729716 0.00720073 0.02524327
v -0.00733923 0.00722040 0.02530583
v -0.00732781 0.00719691 0.02531980
v -0.00733337 0.00725199 0.02519746
v -0.00750985 0.00705386 0.02486982
v -0.00751103 0.00702501 0.02486833
v -0.00742355 0.00708855 0.02489891
v -0.00734869 0.00707758 0.02494328
v -0.00733504 0.00718130 0.02501089
v -0.00731055 0.00710584 0.02499153
v -0.00736256 0.00717486 0.02497608
v -0.00730752 0.00717486 0.02504571
v -0.00728227 0.00715602 0.02507766
v -0.00726136 0.00712646 0.02510411
v -0.00759116 0.00706030 0.02487132
v -0.00759260 0.00702501 0.02486951
v -0.00749918 0.00711490 0.02488332
v -0.00740872 0.00712646 0.02491768
v -0.00733786 0.00709284 0.02495698
v -0.00741292 0.00723685 0.02499245
v -0.00744863 0.00721026 0.02494727
v -0.00737400 0.00724603 0.02504169
v -0.00733508 0.00723685 0.02509093
v -0.00729937 0.00721026 0.02513611
v -0.00726981 0.00716854 0.02517351
v -0.00766948 0.00706435 0.02489378
v -0.00767108 0.00702501 0.02489175
v -0.00757809 0.00713504 0.02488786
v -0.00747820 0.00716854 0.02490987
v -0.00738781 0.00715602 0.02494413
v -0.00732479 0.00710250 0.02497351
v -0.00751618 0.00725199 0.02496619
v -0.00755239 0.00720073 0.02492038
v -0.00747244 0.00728453 0.02502152
v -0.00742478 0.00729562 0.02508182
v -0.00737711 0.00728453 0.02514212
v -0.00727146 0.00713504 0.02527578
v -0.00730910 0.00714363 0.02534248
v -0.00724882 0.00711490 0.02520006
v -0.00724653 0.00708855 0.02512288
v -0.00726473 0.00705792 0.02504950
v -0.00738196 0.00727809 0.02525754
v -0.00743074 0.00731445 0.02519582
v -0.00748390 0.00732685 0.02512856
v -0.00753707 0.00731445 0.02506130
v -0.00768181 0.00702501 0.02489662
v -0.00723766 0.00702501 0.02489827
v -0.00716461 0.00705803 0.02491571
v -0.00717619 0.00707782 0.02491111
v -0.00719250 0.00709320 0.02490463
v -0.00721221 0.00710298 0.02489679
v -0.00723368 0.00710631 0.02488826
v -0.00725515 0.00710298 0.02487973
v -0.00727485 0.00709320 0.02487189
v -0.00729117 0.00707782 0.02486541
v -0.00730274 0.00705803 0.02486081
v -0.00715807 0.00702501 0.02491831
v -0.00715872 0.00703562 0.02491805
v -0.00730863 0.00703562 0.02485847
v -0.00730928 0.00702501 0.02485821
v -0.00736800 0.00702501 0.02480088
v -0.00707602 0.00702501 0.02491694
v -0.00699715 0.00702501 0.02489425
v -0.00699892 0.00705398 0.02489355
v -0.00692691 0.00702501 0.02485181
v -0.00692907 0.00706042 0.02485095
v -0.00688083 0.00708712 0.02479633
v -0.00687518 0.00702501 0.02479924
v -0.00694873 0.00713552 0.02484314
v -0.00692504 0.00719822 0.02477743
v -0.00698739 0.00720144 0.02482777
v -0.00689768 0.00714518 0.02478897
v -0.00699814 0.00727869 0.02474168
v -0.00694082 0.00722040 0.02477086
v -0.00696407 0.00728704 0.02467074
v -0.00707140 0.00731505 0.02471256
v -0.00703975 0.00732459 0.02464066
v -0.00715123 0.00732745 0.02468083
v -0.00712223 0.00733746 0.02460787
v -0.00723106 0.00731505 0.02464910
v -0.00720471 0.00732459 0.02457509
v -0.00730432 0.00727869 0.02461998
v -0.00728040 0.00728704 0.02454501
v -0.00742991 0.00706447 0.02457006
v -0.00742537 0.00708569 0.02456230
v -0.00743102 0.00702501 0.02455987
v -0.00740863 0.00714398 0.02456951
v -0.00740802 0.00714804 0.02457876
v -0.00738151 0.00719739 0.02458121
v -0.00736497 0.00722147 0.02459587
v -0.00704185 0.00725282 0.02480613
v -0.00710763 0.00728537 0.02477998
v -0.00717932 0.00729657 0.02475149
v -0.00725100 0.00728537 0.02472300
v -0.00731678 0.00725282 0.02469685
v -0.00737124 0.00720144 0.02467520
v -0.00740990 0.00713552 0.02465984
v -0.00742956 0.00706042 0.02465203
v -0.00743232 0.00702501 0.02456910
v -0.00701499 0.00711526 0.02488716
v -0.00704658 0.00716914 0.02487460
v -0.00709110 0.00721122 0.02485691
v -0.00714487 0.00723792 0.02483554
v -0.00720346 0.00724698 0.02481225
v -0.00726206 0.00723792 0.02478896
v -0.00731583 0.00721122 0.02476759
v -0.00736034 0.00716914 0.02474989
v -0.00739194 0.00711526 0.02473734
v -0.00740801 0.00705398 0.02473095
v -0.00743172 0.00702501 0.02465117
v -0.00707727 0.00704552 0.02491644
v -0.00708864 0.00708891 0.02491192
v -0.00711100 0.00712706 0.02490303
v -0.00714250 0.00715674 0.02489051
v -0.00718055 0.00717558 0.02487539
v -0.00722201 0.00718213 0.02485891
v -0.00726348 0.00717558 0.02484243
v -0.00730152 0.00715674 0.02482731
v -0.00733302 0.00712706 0.02481479
v -0.00735538 0.00708891 0.02480590
v -0.00736675 0.00704552 0.02480138
v -0.00740978 0.00702501 0.02473024
v -0.00698939 0.00710250 0.02433585
v -0.00696980 0.00709284 0.02434364
v -0.00700681 0.00702501 0.02431747
v -0.00695359 0.00707758 0.02435008
v -0.00683477 0.00713504 0.02455399
v -0.00708590 0.00702501 0.02429749
v -0.00708526 0.00703550 0.02429775
v -0.00693622 0.00703550 0.02435698
v -0.00693558 0.00702501 0.02435724
v -0.00681518 0.00706030 0.02456178
v -0.00687831 0.00704540 0.02441359
v -0.00687707 0.00702501 0.02441409
v -0.00683703 0.00705386 0.02448345
v -0.00683527 0.00702501 0.02448414
v -0.00681302 0.00702501 0.02456263
v -0.00707940 0.00705792 0.02430007
v -0.00716623 0.00704540 0.02429916
v -0.00716747 0.00702501 0.02429866
v -0.00730566 0.00722099 0.02444793
v -0.00724513 0.00727809 0.02447199
v -0.00732863 0.00719811 0.02444943
v -0.00734861 0.00714780 0.02443086
v -0.00735652 0.00714470 0.02443927
v -0.00737378 0.00708653 0.02443297
v -0.00687328 0.00720073 0.02453868
v -0.00692755 0.00725199 0.02451711
v -0.00724420 0.00705386 0.02432161
v -0.00724596 0.00702501 0.02432091
v -0.00715492 0.00708855 0.02430365
v -0.00706789 0.00707758 0.02430465
v -0.00702227 0.00718130 0.02435638
v -0.00701074 0.00710584 0.02432737
v -0.00706351 0.00717486 0.02433999
v -0.00698103 0.00717486 0.02437277
v -0.00694319 0.00715602 0.02438781
v -0.00691186 0.00712646 0.02440026
v -0.00731386 0.00706030 0.02436356
v -0.00731601 0.00702501 0.02436271
v -0.00722821 0.00711490 0.02432797
v -0.00713268 0.00712646 0.02431249
v -0.00705168 0.00709284 0.02431110
v -0.00709894 0.00723685 0.02437935
v -0.00715245 0.00721026 0.02435808
v -0.00704061 0.00724603 0.02440253
v -0.00698229 0.00723685 0.02442571
v -0.00692877 0.00721026 0.02444698
v -0.00688447 0.00716854 0.02446459
v -0.00737046 0.00706435 0.02442217
v -0.00737286 0.00702501 0.02442122
v -0.00729427 0.00713504 0.02437135
v -0.00719676 0.00716854 0.02434046
v -0.00710135 0.00715602 0.02432494
v -0.00703209 0.00710250 0.02431888
v -0.00720149 0.00725199 0.02440823
v -0.00725576 0.00720073 0.02438666
v -0.00713595 0.00728453 0.02443428
v -0.00706452 0.00729562 0.02446267
v -0.00699309 0.00728453 0.02449106
v -0.00685302 0.00711490 0.02447709
v -0.00688962 0.00708855 0.02440910
v -0.00694208 0.00705792 0.02435466
v -0.00693958 0.00727809 0.02459343
v -0.00701269 0.00731445 0.02456438
v -0.00709236 0.00732685 0.02453271
v -0.00717203 0.00731445 0.02450104
v -0.00737972 0.00702501 0.02443079
v -0.00837662 0.00718416 0.02521754
v -0.00849413 0.00710190 0.02517832
v -0.00837756 0.00702501 0.02517227
v -0.00837735 0.00710190 0.02518219
v -0.00849326 0.00702501 0.02516844
v -0.00860980 0.00710190 0.02516190
v -0.00860788 0.00702501 0.02515216
v -0.00849720 0.00718416 0.02521355
v -0.00861666 0.00718416 0.02519659
v -0.00782412 0.00718416 0.02505803
v -0.00792637 0.00710190 0.02507330
v -0.00784746 0.00702501 0.02501921
v -0.00784234 0.00710190 0.02502772
v -0.00793071 0.00702501 0.02506438
v -0.00803403 0.00710190 0.02511868
v -0.00803739 0.00702501 0.02510934
v -0.00814596 0.00710190 0.02515219
v -0.00814829 0.00702501 0.02514254
v -0.00791089 0.00718416 0.02510510
v -0.00802207 0.00718416 0.02515196
v -0.00813766 0.00718416 0.02518656
v -0.00793384 0.00762499 0.02303051
v -0.00793374 0.00725437 0.02303056
v -0.00796907 0.00725807 0.02301580
v -0.00856890 0.00725807 0.02294559
v -0.00859239 0.00725676 0.02294930
v -0.00867381 0.00762499 0.02296592
v -0.00842441 0.00762499 0.02293359
v -0.00852238 0.00725247 0.02293977
v -0.00849713 0.00724436 0.02293738
v -0.00891049 0.00762499 0.02305095
v -0.00912348 0.00725807 0.02318470
v -0.00912346 0.00762499 0.02318473
v -0.00908610 0.00725247 0.02315640
v -0.00906542 0.00724436 0.02314171
v -0.00949272 0.00725676 0.02369126
v -0.00952924 0.00762499 0.02380688
v -0.00944019 0.00762499 0.02357168
v -0.00948420 0.00725807 0.02366907
v -0.00946598 0.00725247 0.02362587
v -0.00945542 0.00724436 0.02360281
v -0.00954823 0.00762499 0.02430657
v -0.00955441 0.00725807 0.02426890
v -0.00955064 0.00725652 0.02429272
v -0.00956583 0.00762499 0.02405570
v -0.00956052 0.00725163 0.02421958
v -0.00956262 0.00724436 0.02419713
v -0.00947728 0.00762499 0.02454785
v -0.00951819 0.00724436 0.02443281
v -0.00947728 0.00724436 0.02454785
v -0.00954171 0.00724436 0.02434001
v -0.00954818 0.00725413 0.02430688
v -0.00942274 0.00724436 0.02466135
v -0.00935628 0.00762499 0.02476832
v -0.00935829 0.00724436 0.02476542
v -0.00934465 0.00725187 0.02478466
v -0.00750001 0.00725640 0.02335762
v -0.00752891 0.00762499 0.02332392
v -0.00753126 0.00724436 0.02332129
v -0.00771547 0.00762499 0.02315526
v -0.00792587 0.00725247 0.02303402
v -0.00790281 0.00724436 0.02304458
v -0.00771547 0.00724436 0.02315526
v -0.00842441 0.00724436 0.02293359
v -0.00817387 0.00724436 0.02295546
v -0.00817387 0.00762499 0.02295546
v -0.00803700 0.00724436 0.02299124
v -0.00799126 0.00725676 0.02300728
v -0.00891049 0.00724436 0.02305095
v -0.00867381 0.00724436 0.02296592
v -0.00864001 0.00724436 0.02295829
v -0.00944019 0.00724436 0.02357168
v -0.00930280 0.00724436 0.02336104
v -0.00930280 0.00762499 0.02336104
v -0.00917871 0.00724436 0.02323125
v -0.00914196 0.00725676 0.02319966
v -0.00956583 0.00724436 0.02405570
v -0.00952924 0.00724436 0.02380688
v -0.00950876 0.00724436 0.02373700
v -0.00866035 0.00762499 0.02485645
v -0.00851923 0.00762499 0.02489107
v -0.00837417 0.00762499 0.02489958
v -0.00822997 0.00762499 0.02488172
v -0.00809138 0.00762499 0.02483807
v -0.00916878 0.00762499 0.02432132
v -0.00911606 0.00762499 0.02445673
v -0.00903973 0.00762499 0.02458037
v -0.00902762 0.00762499 0.02459608
v -0.00901512 0.00762499 0.02461150
v -0.00891245 0.00762499 0.02471432
v -0.00879288 0.00762499 0.02479688
v -0.00796296 0.00762499 0.02477007
v -0.00784897 0.00762499 0.02467997
v -0.00775315 0.00762499 0.02457073
v -0.00767868 0.00762499 0.02444597
v -0.00762800 0.00762499 0.02430979
v -0.00760278 0.00762499 0.02416668
v -0.00895103 0.00762499 0.02352003
v -0.00904685 0.00762499 0.02362927
v -0.00912132 0.00762499 0.02375403
v -0.00917200 0.00762499 0.02389021
v -0.00919722 0.00762499 0.02403332
v -0.00919613 0.00762499 0.02417862
v -0.00760387 0.00762499 0.02402138
v -0.00763122 0.00762499 0.02387868
v -0.00768394 0.00762499 0.02374327
v -0.00776028 0.00762499 0.02361963
v -0.00777238 0.00762499 0.02360392
v -0.00778488 0.00762499 0.02358850
v -0.00788755 0.00762499 0.02348568
v -0.00800712 0.00762499 0.02340312
v -0.00813965 0.00762499 0.02334355
v -0.00828077 0.00762499 0.02330893
v -0.00842583 0.00762499 0.02330042
v -0.00857003 0.00762499 0.02331828
v -0.00870862 0.00762499 0.02336193
v -0.00883704 0.00762499 0.02342993
v -0.00749044 0.00710250 0.02299630
v -0.00747391 0.00709284 0.02298323
v -0.00746022 0.00707758 0.02297241
v -0.00757138 0.00703550 0.02306027
v -0.00744556 0.00703550 0.02296082
v -0.00720768 0.00706030 0.02295839
v -0.00714373 0.00708557 0.02299742
v -0.00736757 0.00704540 0.02293898
v -0.00728644 0.00705386 0.02293815
v -0.00761064 0.00704540 0.02313110
v -0.00756643 0.00705792 0.02305637
v -0.00755151 0.00722099 0.02332624
v -0.00750042 0.00727809 0.02328585
v -0.00756170 0.00719811 0.02334688
v -0.00758778 0.00714780 0.02335490
v -0.00758444 0.00714470 0.02336595
v -0.00759853 0.00708653 0.02337775
v -0.00725673 0.00720073 0.02299716
v -0.00719417 0.00722040 0.02303923
v -0.00718020 0.00719691 0.02302781
v -0.00730254 0.00725199 0.02303337
v -0.00763018 0.00705386 0.02320985
v -0.00760109 0.00708855 0.02312355
v -0.00755672 0.00707758 0.02304869
v -0.00748911 0.00718130 0.02303504
v -0.00750847 0.00710584 0.02301055
v -0.00752392 0.00717486 0.02306256
v -0.00745429 0.00717486 0.02300752
v -0.00742234 0.00715602 0.02298227
v -0.00739590 0.00712646 0.02296136
v -0.00762868 0.00706030 0.02329116
v -0.00761668 0.00711490 0.02319918
v -0.00758232 0.00712646 0.02310872
v -0.00754302 0.00709284 0.02303786
v -0.00750755 0.00723685 0.02311292
v -0.00755273 0.00721026 0.02314863
v -0.00745831 0.00724603 0.02307400
v -0.00740908 0.00723685 0.02303508
v -0.00736389 0.00721026 0.02299937
v -0.00732649 0.00716854 0.02296981
v -0.00752649 0.00710250 0.02302479
v -0.00755587 0.00715602 0.02308781
v -0.00759013 0.00716854 0.02317820
v -0.00761214 0.00713504 0.02327809
v -0.00760622 0.00706435 0.02336948
v -0.00753381 0.00725199 0.02321618
v -0.00757962 0.00720073 0.02325239
v -0.00747848 0.00728453 0.02317244
v -0.00741818 0.00729562 0.02312477
v -0.00735788 0.00728453 0.02307711
v -0.00722422 0.00713504 0.02297146
v -0.00715752 0.00714363 0.02300910
v -0.00729994 0.00711490 0.02294882
v -0.00737712 0.00708855 0.02294653
v -0.00745050 0.00705792 0.02296473
v -0.00724247 0.00727809 0.02308196
v -0.00730418 0.00731445 0.02313074
v -0.00737144 0.00732685 0.02318390
v -0.00743870 0.00731445 0.02323707
v -0.00694208 0.00699211 0.02435466
v -0.00693622 0.00701440 0.02435698
v -0.00687831 0.00700463 0.02441359
v -0.00687328 0.00684918 0.02453868
v -0.00683477 0.00691486 0.02455399
v -0.00681518 0.00698973 0.02456178
v -0.00683703 0.00699617 0.02448345
v -0.00692863 0.00679208 0.02468482
v -0.00696407 0.00676287 0.02467074
v -0.00693958 0.00677181 0.02459343
v -0.00728040 0.00676287 0.02454501
v -0.00729124 0.00680567 0.02446300
v -0.00724513 0.00677181 0.02447199
v -0.00730718 0.00679351 0.02450853
v -0.00731583 0.00679208 0.02453092
v -0.00730566 0.00682891 0.02444793
v -0.00732907 0.00685264 0.02444927
v -0.00735682 0.00690604 0.02443916
v -0.00737394 0.00696422 0.02443291
v -0.00737046 0.00698556 0.02442217
v -0.00731386 0.00698973 0.02436356
v -0.00724420 0.00699617 0.02432161
v -0.00716623 0.00700463 0.02429916
v -0.00708526 0.00701440 0.02429775
v -0.00685302 0.00693513 0.02447709
v -0.00688962 0.00696148 0.02440910
v -0.00688447 0.00688149 0.02446459
v -0.00691186 0.00692357 0.02440026
v -0.00695359 0.00697244 0.02435008
v -0.00696980 0.00695718 0.02434364
v -0.00694319 0.00689400 0.02438781
v -0.00692877 0.00683964 0.02444698
v -0.00692755 0.00679804 0.02451711
v -0.00690887 0.00679804 0.02463237
v -0.00725576 0.00684918 0.02438666
v -0.00720149 0.00679804 0.02440823
v -0.00719676 0.00688149 0.02434046
v -0.00715245 0.00683964 0.02435808
v -0.00713268 0.00692357 0.02431249
v -0.00710135 0.00689400 0.02432494
v -0.00706789 0.00697244 0.02430465
v -0.00707940 0.00699211 0.02430007
v -0.00715492 0.00696148 0.02430365
v -0.00722821 0.00693513 0.02432797
v -0.00729427 0.00691486 0.02437135
v -0.00734861 0.00690223 0.02443086
v -0.00705168 0.00695718 0.02431110
v -0.00701269 0.00673557 0.02456438
v -0.00703975 0.00672532 0.02464066
v -0.00699309 0.00676550 0.02449106
v -0.00698229 0.00681318 0.02442571
v -0.00698103 0.00687517 0.02437277
v -0.00698939 0.00694741 0.02433585
v -0.00709236 0.00672318 0.02453271
v -0.00712223 0.00671245 0.02460787
v -0.00706452 0.00675441 0.02446267
v -0.00704061 0.00680400 0.02440253
v -0.00702227 0.00686873 0.02435638
v -0.00701074 0.00694407 0.02432737
v -0.00717203 0.00673557 0.02450104
v -0.00720471 0.00672532 0.02457509
v -0.00713595 0.00676550 0.02443428
v -0.00709894 0.00681318 0.02437935
v -0.00706351 0.00687517 0.02433999
v -0.00703209 0.00694741 0.02431888
v -0.00760173 0.00702501 0.02293766
v -0.00758429 0.00705803 0.02286461
v -0.00758889 0.00707782 0.02287619
v -0.00759537 0.00709320 0.02289250
v -0.00760321 0.00710298 0.02291220
v -0.00761174 0.00710631 0.02293368
v -0.00762027 0.00710298 0.02295515
v -0.00762811 0.00709320 0.02297485
v -0.00763459 0.00707782 0.02299117
v -0.00763919 0.00705803 0.02300274
v -0.00758169 0.00702501 0.02285807
v -0.00758195 0.00703562 0.02285872
v -0.00764153 0.00703562 0.02300863
v -0.00764179 0.00702501 0.02300928
v -0.00769912 0.00702501 0.02306800
v -0.00758306 0.00702501 0.02277602
v -0.00760575 0.00702501 0.02269715
v -0.00760645 0.00705398 0.02269892
v -0.00764819 0.00702501 0.02262691
v -0.00764905 0.00706042 0.02262907
v -0.00770367 0.00708712 0.02258082
v -0.00770075 0.00702501 0.02257518
v -0.00765686 0.00713552 0.02264873
v -0.00772256 0.00719822 0.02262504
v -0.00767222 0.00720144 0.02268739
v -0.00771103 0.00714518 0.02259768
v -0.00775832 0.00727869 0.02269814
v -0.00772914 0.00722040 0.02264082
v -0.00782926 0.00728704 0.02266407
v -0.00778744 0.00731505 0.02277140
v -0.00785935 0.00732459 0.02273975
v -0.00781917 0.00732745 0.02285123
v -0.00789213 0.00733746 0.02282223
v -0.00785090 0.00731505 0.02293106
v -0.00792491 0.00732459 0.02290471
v -0.00788002 0.00727869 0.02300432
v -0.00795499 0.00728704 0.02298040
v -0.00792994 0.00706447 0.02312991
v -0.00793770 0.00708569 0.02312537
v -0.00794013 0.00702501 0.02313102
v -0.00793049 0.00714398 0.02310863
v -0.00792124 0.00714804 0.02310802
v -0.00791880 0.00719739 0.02308151
v -0.00790413 0.00722147 0.02306497
v -0.00769387 0.00725282 0.02274185
v -0.00772002 0.00728537 0.02280763
v -0.00774851 0.00729657 0.02287932
v -0.00777700 0.00728537 0.02295100
v -0.00780315 0.00725282 0.02301678
v -0.00782480 0.00720144 0.02307124
v -0.00784016 0.00713552 0.02310990
v -0.00784797 0.00706042 0.02312956
v -0.00793090 0.00702501 0.02313232
v -0.00761284 0.00711526 0.02271499
v -0.00762540 0.00716914 0.02274659
v -0.00764309 0.00721122 0.02279110
v -0.00766446 0.00723792 0.02284487
v -0.00768775 0.00724698 0.02290346
v -0.00771104 0.00723792 0.02296206
v -0.00773241 0.00721122 0.02301583
v -0.00775011 0.00716914 0.02306034
v -0.00776267 0.00711526 0.02309194
v -0.00776905 0.00705398 0.02310801
v -0.00784883 0.00702501 0.02313172
v -0.00758356 0.00704552 0.02277727
v -0.00758808 0.00708891 0.02278864
v -0.00759697 0.00712706 0.02281100
v -0.00760949 0.00715674 0.02284250
v -0.00762461 0.00717558 0.02288055
v -0.00764109 0.00718213 0.02292201
v -0.00765757 0.00717558 0.02296348
v -0.00767269 0.00715674 0.02300152
v -0.00768521 0.00712706 0.02303302
v -0.00769410 0.00708891 0.02305538
v -0.00769862 0.00704552 0.02306675
v -0.00776976 0.00702501 0.02310978
v -0.00816415 0.00710250 0.02268939
v -0.00815636 0.00709284 0.02266980
v -0.00818253 0.00702501 0.02270681
v -0.00814992 0.00707758 0.02265359
v -0.00794601 0.00713504 0.02253477
v -0.00786943 0.00714363 0.02253401
v -0.00786570 0.00711371 0.02252375
v -0.00820251 0.00702501 0.02278590
v -0.00820225 0.00703550 0.02278526
v -0.00814302 0.00703550 0.02263622
v -0.00814276 0.00702501 0.02263558
v -0.00793822 0.00706030 0.02251518
v -0.00786333 0.00708557 0.02251700
v -0.00786169 0.00702501 0.02251122
v -0.00808640 0.00704540 0.02257831
v -0.00808591 0.00702501 0.02257707
v -0.00801655 0.00705386 0.02253702
v -0.00801586 0.00702501 0.02253527
v -0.00793737 0.00702501 0.02251302
v -0.00819993 0.00705792 0.02277940
v -0.00820084 0.00704540 0.02286623
v -0.00820134 0.00702501 0.02286747
v -0.00805207 0.00722099 0.02300566
v -0.00802801 0.00727809 0.02294513
v -0.00805057 0.00719811 0.02302863
v -0.00806914 0.00714780 0.02304861
v -0.00806073 0.00714470 0.02305652
v -0.00806703 0.00708653 0.02307378
v -0.00796132 0.00720073 0.02257328
v -0.00788611 0.00722040 0.02257843
v -0.00787972 0.00719691 0.02256156
v -0.00798289 0.00725199 0.02262755
v -0.00817839 0.00705386 0.02294420
v -0.00817909 0.00702501 0.02294596
v -0.00819635 0.00708855 0.02285492
v -0.00819535 0.00707758 0.02276789
v -0.00814362 0.00718130 0.02272227
v -0.00817263 0.00710584 0.02271074
v -0.00816001 0.00717486 0.02276351
v -0.00812723 0.00717486 0.02268103
v -0.00811219 0.00715602 0.02264319
v -0.00809974 0.00712646 0.02261186
v -0.00813644 0.00706030 0.02301386
v -0.00813729 0.00702501 0.02301602
v -0.00817204 0.00711490 0.02292821
v -0.00818751 0.00712646 0.02283268
v -0.00818891 0.00709284 0.02275168
v -0.00812065 0.00723685 0.02279893
v -0.00814193 0.00721026 0.02285245
v -0.00809747 0.00724603 0.02274061
v -0.00807429 0.00723685 0.02268229
v -0.00805302 0.00721026 0.02262877
v -0.00803541 0.00716854 0.02258447
v -0.00807783 0.00706435 0.02307046
v -0.00807878 0.00702501 0.02307286
v -0.00812865 0.00713504 0.02299427
v -0.00815954 0.00716854 0.02289676
v -0.00817506 0.00715602 0.02280135
v -0.00818112 0.00710250 0.02273209
v -0.00809177 0.00725199 0.02290149
v -0.00811334 0.00720073 0.02295576
v -0.00806572 0.00728453 0.02283595
v -0.00803733 0.00729562 0.02276452
v -0.00800894 0.00728453 0.02269309
v -0.00802291 0.00711490 0.02255302
v -0.00809090 0.00708855 0.02258962
v -0.00814534 0.00705792 0.02264208
v -0.00799896 0.00731445 0.02287203
v -0.00796729 0.00732685 0.02279236
v -0.00793562 0.00731445 0.02271269
v -0.00790657 0.00727809 0.02263958
v -0.00806921 0.00702501 0.02307972
v -0.00840073 0.00719453 0.02247445
v -0.00802388 0.00719453 0.02251856
v -0.00801493 0.00711359 0.02248094
v -0.00801186 0.00702501 0.02246802
v -0.00821102 0.00719453 0.02248547
v -0.00854861 0.00722040 0.02250088
v -0.00855081 0.00719822 0.02248393
v -0.00855450 0.00714518 0.02245447
v -0.00840075 0.00711359 0.02243578
v -0.00855584 0.00711371 0.02244296
v -0.00855655 0.00708712 0.02243619
v -0.00840076 0.00702501 0.02242250
v -0.00855684 0.00702501 0.02242985
v -0.00855658 0.00696446 0.02243586
v -0.00840075 0.00693632 0.02243578
v -0.00855584 0.00693632 0.02244296
v -0.00855458 0.00690640 0.02245381
v -0.00840073 0.00685550 0.02247445
v -0.00855093 0.00685311 0.02248299
v -0.00854861 0.00682963 0.02250088
v -0.00840071 0.00680567 0.02251667
v -0.00854565 0.00680567 0.02252338
v -0.00788611 0.00682963 0.02257843
v -0.00803365 0.00680567 0.02255963
v -0.00789418 0.00680567 0.02259964
v -0.00802388 0.00685550 0.02251856
v -0.00786966 0.00690485 0.02253463
v -0.00801493 0.00693632 0.02248094
v -0.00788005 0.00685168 0.02256244
v -0.00786344 0.00696279 0.02251732
v -0.00786570 0.00693632 0.02252375
v -0.00820652 0.00711359 0.02244706
v -0.00820498 0.00702501 0.02243388
v -0.00820652 0.00693632 0.02244706
v -0.00821102 0.00685550 0.02248547
v -0.00821592 0.00680567 0.02252740
v -0.00828985 0.00702501 0.02269424
v -0.00831127 0.00705803 0.02262227
v -0.00830946 0.00707782 0.02263459
v -0.00830692 0.00709320 0.02265196
v -0.00830385 0.00710298 0.02267294
v -0.00830051 0.00710631 0.02269581
v -0.00829716 0.00710298 0.02271867
v -0.00829409 0.00709320 0.02273965
v -0.00829155 0.00707782 0.02275702
v -0.00828975 0.00705803 0.02276934
v -0.00831229 0.00702501 0.02261531
v -0.00831219 0.00703562 0.02261600
v -0.00828883 0.00703562 0.02277561
v -0.00828873 0.00702501 0.02277630
v -0.00830902 0.00702501 0.02285582
v -0.00835450 0.00702501 0.02254493
v -0.00841358 0.00702501 0.02248797
v -0.00841331 0.00705398 0.02248986
v -0.00848546 0.00702501 0.02244836
v -0.00848512 0.00706042 0.02245066
v -0.00848206 0.00713552 0.02247160
v -0.00847603 0.00720144 0.02251275
v -0.00854522 0.00727869 0.02256511
v -0.00862369 0.00728704 0.02257108
v -0.00853381 0.00731505 0.02264312
v -0.00861190 0.00732459 0.02265166
v -0.00852137 0.00732745 0.02272812
v -0.00859905 0.00733746 0.02273948
v -0.00850894 0.00731505 0.02281312
v -0.00858621 0.00732459 0.02282730
v -0.00849752 0.00727869 0.02289112
v -0.00857441 0.00728704 0.02290789
v -0.00847796 0.00706447 0.02302485
v -0.00848695 0.00708569 0.02302479
v -0.00848623 0.00702501 0.02303091
v -0.00848908 0.00714398 0.02300670
v -0.00848137 0.00714804 0.02300153
v -0.00849251 0.00719739 0.02297736
v -0.00848808 0.00722147 0.02295570
v -0.00846755 0.00725282 0.02257074
v -0.00845730 0.00728537 0.02264078
v -0.00844614 0.00729657 0.02271711
v -0.00843497 0.00728537 0.02279344
v -0.00842472 0.00725282 0.02286348
v -0.00841624 0.00720144 0.02292147
v -0.00841022 0.00713552 0.02296262
v -0.00840715 0.00706042 0.02298356
v -0.00847759 0.00702501 0.02302741
v -0.00841080 0.00711526 0.02250697
v -0.00840588 0.00716914 0.02254061
v -0.00839895 0.00721122 0.02258801
v -0.00839057 0.00723792 0.02264526
v -0.00838144 0.00724698 0.02270765
v -0.00837232 0.00723792 0.02277004
v -0.00836394 0.00721122 0.02282729
v -0.00835700 0.00716914 0.02287469
v -0.00835208 0.00711526 0.02290833
v -0.00834958 0.00705398 0.02292544
v -0.00840682 0.00702501 0.02298586
v -0.00835431 0.00704552 0.02254626
v -0.00835254 0.00708891 0.02255837
v -0.00834905 0.00712706 0.02258218
v -0.00834415 0.00715674 0.02261572
v -0.00833822 0.00717558 0.02265623
v -0.00833176 0.00718213 0.02270038
v -0.00832530 0.00717558 0.02274453
v -0.00831937 0.00715674 0.02278504
v -0.00831447 0.00712706 0.02281858
v -0.00831098 0.00708891 0.02284238
v -0.00830921 0.00704552 0.02285449
v -0.00834931 0.00702501 0.02292732
v -0.00890105 0.00710250 0.02276045
v -0.00890410 0.00709284 0.02273960
v -0.00890826 0.00702501 0.02278472
v -0.00890663 0.00707758 0.02272233
v -0.00878945 0.00713504 0.02251747
v -0.00872351 0.00714363 0.02247853
v -0.00872541 0.00711371 0.02246778
v -0.00888612 0.00703550 0.02286253
v -0.00888602 0.00702501 0.02286321
v -0.00884422 0.00702501 0.02293327
v -0.00890933 0.00703550 0.02270384
v -0.00890944 0.00702501 0.02270315
v -0.00879250 0.00706030 0.02249661
v -0.00872673 0.00708557 0.02246075
v -0.00872820 0.00702501 0.02245492
v -0.00888926 0.00704540 0.02262538
v -0.00888946 0.00702501 0.02262406
v -0.00884941 0.00705386 0.02255470
v -0.00884969 0.00702501 0.02255283
v -0.00879284 0.00702501 0.02249432
v -0.00884441 0.00704540 0.02293194
v -0.00878571 0.00702501 0.02299012
v -0.00888703 0.00705792 0.02285629
v -0.00864585 0.00722099 0.02297831
v -0.00865528 0.00727809 0.02291386
v -0.00863307 0.00719811 0.02299745
v -0.00863916 0.00714780 0.02302404
v -0.00862792 0.00714470 0.02302668
v -0.00862475 0.00708653 0.02304478
v -0.00878345 0.00720073 0.02255848
v -0.00871574 0.00722040 0.02252534
v -0.00871865 0.00719691 0.02250753
v -0.00877500 0.00725199 0.02261626
v -0.00878598 0.00705386 0.02298825
v -0.00871448 0.00702501 0.02302989
v -0.00884617 0.00708855 0.02291990
v -0.00888882 0.00707758 0.02284404
v -0.00886684 0.00718130 0.02277866
v -0.00889773 0.00710584 0.02278318
v -0.00886041 0.00717486 0.02282257
v -0.00887326 0.00717486 0.02273475
v -0.00887916 0.00715602 0.02269446
v -0.00888404 0.00712646 0.02266110
v -0.00871481 0.00706030 0.02302760
v -0.00863538 0.00702501 0.02304986
v -0.00878847 0.00711490 0.02297121
v -0.00884964 0.00712646 0.02289622
v -0.00889135 0.00709284 0.02282677
v -0.00880861 0.00723685 0.02283357
v -0.00880027 0.00721026 0.02289055
v -0.00881770 0.00724603 0.02277147
v -0.00882678 0.00723685 0.02270938
v -0.00883512 0.00721026 0.02265239
v -0.00884202 0.00716854 0.02260522
v -0.00889440 0.00710250 0.02280591
v -0.00885452 0.00715602 0.02286287
v -0.00879337 0.00716854 0.02293773
v -0.00871787 0.00713504 0.02300674
v -0.00863576 0.00706435 0.02304731
v -0.00873232 0.00725199 0.02290795
v -0.00872387 0.00720073 0.02296573
v -0.00874253 0.00728453 0.02283816
v -0.00875366 0.00729562 0.02276210
v -0.00876479 0.00728453 0.02268605
v -0.00884692 0.00711490 0.02257173
v -0.00888750 0.00708855 0.02263742
v -0.00890842 0.00705792 0.02271007
v -0.00870288 0.00727809 0.02258852
v -0.00869149 0.00731445 0.02266637
v -0.00867908 0.00732685 0.02275119
v -0.00866667 0.00731445 0.02283602
v -0.00862366 0.00702501 0.02305101
v -0.00921341 0.00719453 0.02269260
v -0.00936768 0.00696446 0.02273710
v -0.00936348 0.00693632 0.02274289
v -0.00923276 0.00693632 0.02265912
v -0.00923941 0.00702501 0.02264762
v -0.00935696 0.00690640 0.02275165
v -0.00921341 0.00685550 0.02269260
v -0.00933921 0.00685311 0.02277509
v -0.00932826 0.00682963 0.02278943
v -0.00919229 0.00680567 0.02272915
v -0.00931445 0.00680567 0.02280743
v -0.00871574 0.00682963 0.02252534
v -0.00885291 0.00680567 0.02258283
v -0.00871213 0.00680567 0.02254774
v -0.00886499 0.00685550 0.02254238
v -0.00871849 0.00685168 0.02250846
v -0.00872340 0.00690485 0.02247918
v -0.00887605 0.00693632 0.02250532
v -0.00872541 0.00693632 0.02246778
v -0.00872666 0.00696279 0.02246108
v -0.00887985 0.00702501 0.02249260
v -0.00887605 0.00711359 0.02250532
v -0.00886499 0.00719453 0.02254238
v -0.00904360 0.00719453 0.02260729
v -0.00935656 0.00714518 0.02275218
v -0.00923276 0.00711359 0.02265912
v -0.00933864 0.00719822 0.02277584
v -0.00932826 0.00722040 0.02278943
v -0.00937091 0.00702501 0.02273203
v -0.00936748 0.00708712 0.02273738
v -0.00936348 0.00711371 0.02274289
v -0.00905891 0.00711359 0.02257178
v -0.00906417 0.00702501 0.02255958
v -0.00905891 0.00693632 0.02257178
v -0.00904360 0.00685550 0.02260729
v -0.00902688 0.00680567 0.02264605
v -0.00900748 0.00702501 0.02282750
v -0.00906202 0.00705803 0.02277588
v -0.00905430 0.00707782 0.02278565
v -0.00904341 0.00709320 0.02279942
v -0.00903026 0.00710298 0.02281606
v -0.00901593 0.00710631 0.02283419
v -0.00900161 0.00710298 0.02285231
v -0.00898846 0.00709320 0.02286895
v -0.00897757 0.00707782 0.02288272
v -0.00896985 0.00705803 0.02289249
v -0.00906638 0.00702501 0.02277036
v -0.00906595 0.00703562 0.02277091
v -0.00896592 0.00703562 0.02289746
v -0.00896549 0.00702501 0.02289801
v -0.00894330 0.00702501 0.02297702
v -0.00913813 0.00702501 0.02273052
v -0.00921778 0.00702501 0.02271074
v -0.00921660 0.00705398 0.02271223
v -0.00929983 0.00702501 0.02271237
v -0.00929838 0.00706042 0.02271419
v -0.00928526 0.00713552 0.02273079
v -0.00925947 0.00720144 0.02276342
v -0.00929321 0.00727869 0.02284336
v -0.00935819 0.00728704 0.02288776
v -0.00924432 0.00731505 0.02290521
v -0.00930768 0.00732459 0.02295166
v -0.00919105 0.00732745 0.02297260
v -0.00925264 0.00733746 0.02302129
v -0.00913778 0.00731505 0.02304000
v -0.00919761 0.00732459 0.02309092
v -0.00908890 0.00727869 0.02310185
v -0.00914710 0.00728704 0.02315481
v -0.00900509 0.00706447 0.02320787
v -0.00901291 0.00708569 0.02321232
v -0.00900922 0.00702501 0.02321725
v -0.00902380 0.00714398 0.02319771
v -0.00901970 0.00714804 0.02318939
v -0.00904143 0.00719739 0.02317402
v -0.00904842 0.00722147 0.02315305
v -0.00922313 0.00725282 0.02280940
v -0.00917923 0.00728537 0.02286493
v -0.00913140 0.00729657 0.02292545
v -0.00908356 0.00728537 0.02298597
v -0.00903967 0.00725282 0.02304150
v -0.00900333 0.00720144 0.02308748
v -0.00897753 0.00713552 0.02312011
v -0.00896441 0.00706042 0.02313671
v -0.00900349 0.00702501 0.02320991
v -0.00920587 0.00711526 0.02272579
v -0.00918479 0.00716914 0.02275247
v -0.00915509 0.00721122 0.02279005
v -0.00911921 0.00723792 0.02283544
v -0.00908011 0.00724698 0.02288491
v -0.00904101 0.00723792 0.02293438
v -0.00900513 0.00721122 0.02297977
v -0.00897542 0.00716914 0.02301735
v -0.00895434 0.00711526 0.02304402
v -0.00894362 0.00705398 0.02305759
v -0.00896297 0.00702501 0.02313854
v -0.00913730 0.00704552 0.02273158
v -0.00912971 0.00708891 0.02274118
v -0.00911479 0.00712706 0.02276005
v -0.00909377 0.00715674 0.02278665
v -0.00906838 0.00717558 0.02281877
v -0.00904071 0.00718213 0.02285377
v -0.00901304 0.00717558 0.02288877
v -0.00898765 0.00715674 0.02292090
v -0.00896664 0.00712706 0.02294749
v -0.00895172 0.00708891 0.02296636
v -0.00894413 0.00704552 0.02297596
v -0.00894244 0.00702501 0.02305908
v -0.00950370 0.00710250 0.02319044
v -0.00951677 0.00709284 0.02317391
v -0.00949781 0.00702501 0.02321507
v -0.00952759 0.00707758 0.02316022
v -0.00943930 0.00702501 0.02327192
v -0.00943973 0.00703550 0.02327138
v -0.00953918 0.00703550 0.02314556
v -0.00953961 0.00702501 0.02314501
v -0.00956185 0.00702501 0.02306653
v -0.00956102 0.00704540 0.02306757
v -0.00956302 0.00702501 0.02298496
v -0.00956185 0.00705386 0.02298644
v -0.00954305 0.00702501 0.02290586
v -0.00954161 0.00706030 0.02290768
v -0.00950677 0.00702501 0.02283942
v -0.00950258 0.00708557 0.02284373
v -0.00944363 0.00705792 0.02326643
v -0.00936890 0.00704540 0.02331064
v -0.00936807 0.00702501 0.02331169
v -0.00917376 0.00722099 0.02325151
v -0.00921415 0.00727809 0.02320042
v -0.00915312 0.00719811 0.02326170
v -0.00914510 0.00714780 0.02328778
v -0.00913405 0.00714470 0.02328444
v -0.00912225 0.00708653 0.02329853
v -0.00950284 0.00720073 0.02295673
v -0.00946077 0.00722040 0.02289417
v -0.00947219 0.00719691 0.02288020
v -0.00946663 0.00725199 0.02300254
v -0.00929015 0.00705386 0.02333018
v -0.00928897 0.00702501 0.02333167
v -0.00937645 0.00708855 0.02330109
v -0.00945131 0.00707758 0.02325672
v -0.00946496 0.00718130 0.02318911
v -0.00948945 0.00710584 0.02320847
v -0.00943744 0.00717486 0.02322392
v -0.00949248 0.00717486 0.02315429
v -0.00951773 0.00715602 0.02312234
v -0.00953864 0.00712646 0.02309589
v -0.00920884 0.00706030 0.02332868
v -0.00920740 0.00702501 0.02333049
v -0.00930082 0.00711490 0.02331668
v -0.00939128 0.00712646 0.02328232
v -0.00946214 0.00709284 0.02324302
v -0.00938708 0.00723685 0.02320755
v -0.00935137 0.00721026 0.02325273
v -0.00942600 0.00724603 0.02315831
v -0.00946492 0.00723685 0.02310907
v -0.00950063 0.00721026 0.02306389
v -0.00953019 0.00716854 0.02302649
v -0.00913052 0.00706435 0.02330622
v -0.00912892 0.00702501 0.02330825
v -0.00922191 0.00713504 0.02331214
v -0.00932181 0.00716854 0.02329013
v -0.00941219 0.00715602 0.02325587
v -0.00947521 0.00710250 0.02322649
v -0.00928382 0.00725199 0.02323381
v -0.00924761 0.00720073 0.02327962
v -0.00932756 0.00728453 0.02317848
v -0.00937522 0.00729562 0.02311818
v -0.00942289 0.00728453 0.02305788
v -0.00952854 0.00713504 0.02292422
v -0.00949090 0.00714363 0.02285752
v -0.00955118 0.00711490 0.02299994
v -0.00955348 0.00708855 0.02307712
v -0.00953527 0.00705792 0.02315050
v -0.00941804 0.00727809 0.02294246
v -0.00936926 0.00731445 0.02300418
v -0.00931610 0.00732685 0.02307144
v -0.00926293 0.00731445 0.02313870
v -0.00911819 0.00702501 0.02330338
v -0.00956234 0.00702501 0.02330173
v -0.00963539 0.00705803 0.02328429
v -0.00962381 0.00707782 0.02328889
v -0.00960750 0.00709320 0.02329537
v -0.00958779 0.00710298 0.02330321
v -0.00956632 0.00710631 0.02331174
v -0.00954485 0.00710298 0.02332027
v -0.00952515 0.00709320 0.02332811
v -0.00950883 0.00707782 0.02333459
v -0.00949726 0.00705803 0.02333919
v -0.00964192 0.00702501 0.02328169
v -0.00964128 0.00703562 0.02328195
v -0.00949137 0.00703562 0.02334153
v -0.00949072 0.00702501 0.02334179
v -0.00943200 0.00702501 0.02339912
v -0.00972398 0.00702501 0.02328306
v -0.00980285 0.00702501 0.02330575
v -0.00980108 0.00705398 0.02330645
v -0.00987309 0.00702501 0.02334819
v -0.00987093 0.00706042 0.02334905
v -0.00991917 0.00708712 0.02340367
v -0.00992482 0.00702501 0.02340075
v -0.00985127 0.00713552 0.02335686
v -0.00987496 0.00719822 0.02342257
v -0.00981261 0.00720144 0.02337223
v -0.00990232 0.00714518 0.02341103
v -0.00980186 0.00727869 0.02345832
v -0.00985918 0.00722040 0.02342914
v -0.00983593 0.00728704 0.02352926
v -0.00972860 0.00731505 0.02348744
v -0.00976025 0.00732459 0.02355934
v -0.00964877 0.00732745 0.02351917
v -0.00967777 0.00733746 0.02359213
v -0.00956894 0.00731505 0.02355090
v -0.00959529 0.00732459 0.02362491
v -0.00949568 0.00727869 0.02358002
v -0.00951960 0.00728704 0.02365499
v -0.00937009 0.00706447 0.02362994
v -0.00937463 0.00708569 0.02363770
v -0.00936898 0.00702501 0.02364013
v -0.00939137 0.00714398 0.02363049
v -0.00939198 0.00714804 0.02362124
v -0.00941848 0.00719739 0.02361879
v -0.00943503 0.00722147 0.02360413
v -0.00975815 0.00725282 0.02339387
v -0.00969237 0.00728537 0.02342002
v -0.00962068 0.00729657 0.02344851
v -0.00954900 0.00728537 0.02347700
v -0.00948322 0.00725282 0.02350315
v -0.00942876 0.00720144 0.02352480
v -0.00939010 0.00713552 0.02354016
v -0.00937044 0.00706042 0.02354797
v -0.00936768 0.00702501 0.02363090
v -0.00978501 0.00711526 0.02331284
v -0.00975342 0.00716914 0.02332540
v -0.00970890 0.00721122 0.02334309
v -0.00965513 0.00723792 0.02336446
v -0.00959654 0.00724698 0.02338775
v -0.00953794 0.00723792 0.02341104
v -0.00948417 0.00721122 0.02343241
v -0.00943966 0.00716914 0.02345011
v -0.00940806 0.00711526 0.02346267
v -0.00939199 0.00705398 0.02346905
v -0.00936828 0.00702501 0.02354883
v -0.00972273 0.00704552 0.02328356
v -0.00971136 0.00708891 0.02328808
v -0.00968900 0.00712706 0.02329697
v -0.00965750 0.00715674 0.02330949
v -0.00961945 0.00717558 0.02332461
v -0.00957799 0.00718213 0.02334109
v -0.00953653 0.00717558 0.02335757
v -0.00949848 0.00715674 0.02337269
v -0.00946698 0.00712706 0.02338521
v -0.00944462 0.00708891 0.02339410
v -0.00943325 0.00704552 0.02339862
v -0.00939022 0.00702501 0.02346976
v -0.00981061 0.00710250 0.02386415
v -0.00983020 0.00709284 0.02385636
v -0.00979319 0.00702501 0.02388253
v -0.00984641 0.00707758 0.02384992
v -0.00996523 0.00713504 0.02364601
v -0.00996599 0.00714363 0.02356943
v -0.00997625 0.00711371 0.02356570
v -0.00971410 0.00702501 0.02390251
v -0.00971474 0.00703550 0.02390225
v -0.00986378 0.00703550 0.02384302
v -0.00986442 0.00702501 0.02384276
v -0.00998482 0.00706030 0.02363822
v -0.00998300 0.00708557 0.02356333
v -0.00998878 0.00702501 0.02356169
v -0.00992169 0.00704540 0.02378641
v -0.00992293 0.00702501 0.02378591
v -0.00996297 0.00705386 0.02371655
v -0.00996473 0.00702501 0.02371586
v -0.00998698 0.00702501 0.02363737
v -0.00972060 0.00705792 0.02389993
v -0.00963377 0.00704540 0.02390084
v -0.00963253 0.00702501 0.02390134
v -0.00949434 0.00722099 0.02375207
v -0.00955487 0.00727809 0.02372801
v -0.00947137 0.00719811 0.02375057
v -0.00945139 0.00714780 0.02376914
v -0.00944348 0.00714470 0.02376073
v -0.00942622 0.00708653 0.02376703
v -0.00992672 0.00720073 0.02366132
v -0.00992157 0.00722040 0.02358611
v -0.00993844 0.00719691 0.02357972
v -0.00987246 0.00725199 0.02368289
v -0.00955580 0.00705386 0.02387839
v -0.00955404 0.00702501 0.02387909
v -0.00964508 0.00708855 0.02389635
v -0.00973211 0.00707758 0.02389535
v -0.00977773 0.00718130 0.02384362
v -0.00978926 0.00710584 0.02387263
v -0.00973649 0.00717486 0.02386001
v -0.00981897 0.00717486 0.02382723
v -0.00985681 0.00715602 0.02381219
v -0.00988814 0.00712646 0.02379974
v -0.00948614 0.00706030 0.02383644
v -0.00948399 0.00702501 0.02383729
v -0.00957179 0.00711490 0.02387203
v -0.00966732 0.00712646 0.02388751
v -0.00974832 0.00709284 0.02388890
v -0.00970106 0.00723685 0.02382065
v -0.00964755 0.00721026 0.02384192
v -0.00975939 0.00724603 0.02379747
v -0.00981771 0.00723685 0.02377429
v -0.00987122 0.00721026 0.02375302
v -0.00991553 0.00716854 0.02373541
v -0.00942954 0.00706435 0.02377783
v -0.00942714 0.00702501 0.02377878
v -0.00950573 0.00713504 0.02382865
v -0.00960324 0.00716854 0.02385954
v -0.00969865 0.00715602 0.02387506
v -0.00976791 0.00710250 0.02388112
v -0.00959851 0.00725199 0.02379177
v -0.00954424 0.00720073 0.02381334
v -0.00966405 0.00728453 0.02376572
v -0.00973548 0.00729562 0.02373733
v -0.00980691 0.00728453 0.02370894
v -0.00994698 0.00711490 0.02372291
v -0.00991038 0.00708855 0.02379090
v -0.00985792 0.00705792 0.02384534
v -0.00986042 0.00727809 0.02360657
v -0.00978731 0.00731445 0.02363562
v -0.00970764 0.00732685 0.02366729
v -0.00962797 0.00731445 0.02369896
v -0.00942028 0.00702501 0.02376921
v -0.01001453 0.00719453 0.02391102
v -0.01001906 0.00711359 0.02371493
v -0.01003198 0.00702501 0.02371186
v -0.00998144 0.00719453 0.02372388
v -0.00999912 0.00722040 0.02424861
v -0.01002555 0.00719453 0.02410073
v -0.01001607 0.00719822 0.02425081
v -0.01004553 0.00714518 0.02425450
v -0.01006422 0.00711359 0.02410075
v -0.01005703 0.00711371 0.02425584
v -0.01006381 0.00708712 0.02425655
v -0.01007750 0.00702501 0.02410076
v -0.01007015 0.00702501 0.02425684
v -0.01006414 0.00696446 0.02425658
v -0.01006422 0.00693632 0.02410075
v -0.01005703 0.00693632 0.02425584
v -0.01004618 0.00690640 0.02425458
v -0.01002555 0.00685550 0.02410073
v -0.01001701 0.00685311 0.02425092
v -0.00999912 0.00682963 0.02424861
v -0.00998333 0.00680567 0.02410071
v -0.00997662 0.00680567 0.02424565
v -0.00992157 0.00682963 0.02358611
v -0.00994037 0.00680567 0.02373365
v -0.00990036 0.00680567 0.02359418
v -0.00998144 0.00685550 0.02372388
v -0.00996537 0.00690485 0.02356966
v -0.01001906 0.00693632 0.02371493
v -0.00993756 0.00685168 0.02358005
v -0.00998268 0.00696279 0.02356344
v -0.00997625 0.00693632 0.02356570
v -0.01005294 0.00711359 0.02390652
v -0.01006612 0.00702501 0.02390498
v -0.01005294 0.00693632 0.02390652
v -0.01001453 0.00685550 0.02391102
v -0.00997260 0.00680567 0.02391592
v -0.00980575 0.00702501 0.02398985
v -0.00986541 0.00707782 0.02400946
v -0.00984804 0.00709320 0.02400692
v -0.00982706 0.00710298 0.02400385
v -0.00980419 0.00710631 0.02400051
v -0.00978133 0.00710298 0.02399716
v -0.00976035 0.00709320 0.02399409
v -0.00974298 0.00707782 0.02399155
v -0.00973066 0.00705803 0.02398975
v -0.00993489 0.00727869 0.02424522
v -0.00988469 0.00702501 0.02401229
v -0.00988400 0.00703562 0.02401218
v -0.00987773 0.00705803 0.02401127
v -0.00972439 0.00703562 0.02398883
v -0.00972370 0.00702501 0.02398873
v -0.00964418 0.00702501 0.02400902
v -0.00995507 0.00702501 0.02405450
v -0.00995374 0.00704552 0.02405431
v -0.01001203 0.00702501 0.02411358
v -0.01001015 0.00705398 0.02411331
v -0.01005164 0.00702501 0.02418546
v -0.01004934 0.00706042 0.02418512
v -0.01002840 0.00713552 0.02418206
v -0.00998725 0.00720144 0.02417604
v -0.00992926 0.00725282 0.02416755
v -0.00992892 0.00728704 0.02432369
v -0.00985688 0.00731505 0.02423381
v -0.00984834 0.00732459 0.02431190
v -0.00977188 0.00732745 0.02422137
v -0.00976052 0.00733746 0.02429905
v -0.00968688 0.00731505 0.02420894
v -0.00967270 0.00732459 0.02428620
v -0.00960888 0.00727869 0.02419752
v -0.00959211 0.00728704 0.02427441
v -0.00947515 0.00706447 0.02417796
v -0.00947521 0.00708569 0.02418695
v -0.00946909 0.00702501 0.02418623
v -0.00949330 0.00714398 0.02418908
v -0.00949846 0.00714804 0.02418137
v -0.00952264 0.00719739 0.02419251
v -0.00954430 0.00722147 0.02418808
v -0.00985922 0.00728537 0.02415730
v -0.00978289 0.00729657 0.02414614
v -0.00970656 0.00728537 0.02413497
v -0.00963652 0.00725282 0.02412472
v -0.00957853 0.00720144 0.02411624
v -0.00953737 0.00713552 0.02411021
v -0.00951644 0.00706042 0.02410715
v -0.00947259 0.00702501 0.02417759
v -0.00999303 0.00711526 0.02411081
v -0.00995939 0.00716914 0.02410588
v -0.00991200 0.00721122 0.02409895
v -0.00985474 0.00723792 0.02409057
v -0.00979235 0.00724698 0.02408144
v -0.00972996 0.00723792 0.02407232
v -0.00967271 0.00721122 0.02406394
v -0.00962531 0.00716914 0.02405700
v -0.00959167 0.00711526 0.02405208
v -0.00957456 0.00705398 0.02404958
v -0.00951414 0.00702501 0.02410682
v -0.00994163 0.00708891 0.02405254
v -0.00991782 0.00712706 0.02404905
v -0.00988428 0.00715674 0.02404414
v -0.00984377 0.00717558 0.02403822
v -0.00979962 0.00718213 0.02403176
v -0.00975547 0.00717558 0.02402530
v -0.00971496 0.00715674 0.02401937
v -0.00968142 0.00712706 0.02401447
v -0.00965762 0.00708891 0.02401098
v -0.00964551 0.00704552 0.02400921
v -0.00957268 0.00702501 0.02404930
v -0.00998253 0.00713504 0.02448945
v -0.01002147 0.00714363 0.02442351
v -0.01003223 0.00711371 0.02442541
v -0.00994152 0.00720073 0.02448345
v -0.00997466 0.00722040 0.02441574
v -0.00999247 0.00719691 0.02441865
v -0.00988374 0.00725199 0.02447500
v -0.00991147 0.00727809 0.02440288
v -0.00963679 0.00702501 0.02458602
v -0.00963747 0.00703550 0.02458612
v -0.00971528 0.00702501 0.02460826
v -0.00979616 0.00703550 0.02460933
v -0.00979685 0.00702501 0.02460944
v -0.01000339 0.00706030 0.02449250
v -0.01003925 0.00708557 0.02442673
v -0.01004508 0.00702501 0.02442820
v -0.00987462 0.00704540 0.02458926
v -0.00987594 0.00702501 0.02458946
v -0.00994530 0.00705386 0.02454941
v -0.00994717 0.00702501 0.02454969
v -0.01000568 0.00702501 0.02449284
v -0.00964371 0.00705792 0.02458703
v -0.00956806 0.00704540 0.02454441
v -0.00956673 0.00702501 0.02454422
v -0.00947596 0.00714780 0.02433916
v -0.00947368 0.00714565 0.02432788
v -0.00950282 0.00719846 0.02433309
v -0.00945586 0.00708963 0.02432468
v -0.00958614 0.00727809 0.02435528
v -0.00951175 0.00705386 0.02448598
v -0.00950988 0.00702501 0.02448571
v -0.00958010 0.00708855 0.02454617
v -0.00965596 0.00707758 0.02458882
v -0.00947240 0.00706030 0.02441482
v -0.00947011 0.00702501 0.02441448
v -0.00952879 0.00711490 0.02448847
v -0.00960378 0.00712646 0.02454964
v -0.00967323 0.00709284 0.02459135
v -0.00989478 0.00716854 0.02454202
v -0.00984761 0.00721026 0.02453512
v -0.00983890 0.00712646 0.02458404
v -0.00980554 0.00715602 0.02457916
v -0.00977767 0.00707758 0.02460663
v -0.00978993 0.00705792 0.02460842
v -0.00986257 0.00708855 0.02458750
v -0.00992827 0.00711490 0.02454692
v -0.00976040 0.00709284 0.02460410
v -0.00945269 0.00706435 0.02433576
v -0.00949326 0.00713504 0.02441787
v -0.00945013 0.00702501 0.02433538
v -0.00944905 0.00703205 0.02432345
v -0.00944897 0.00702501 0.02432343
v -0.00952169 0.00722099 0.02434585
v -0.00953427 0.00720073 0.02442387
v -0.00956227 0.00716854 0.02449337
v -0.00959205 0.00725199 0.02443232
v -0.00960944 0.00721026 0.02450028
v -0.00963713 0.00715602 0.02455452
v -0.00966398 0.00731445 0.02436667
v -0.00966184 0.00728453 0.02444253
v -0.00966643 0.00723685 0.02450861
v -0.00967743 0.00717486 0.02456041
v -0.00969409 0.00710250 0.02459440
v -0.00971682 0.00710584 0.02459773
v -0.00972134 0.00718130 0.02456684
v -0.00972853 0.00724603 0.02451770
v -0.00973790 0.00729562 0.02445366
v -0.00974881 0.00732685 0.02437908
v -0.00983363 0.00731445 0.02439149
v -0.00981395 0.00728453 0.02446479
v -0.00979062 0.00723685 0.02452678
v -0.00976525 0.00717486 0.02457326
v -0.00973955 0.00710250 0.02460105
v -0.00989271 0.00719453 0.02474360
v -0.00999468 0.00711359 0.02457605
v -0.01000740 0.00702501 0.02457985
v -0.00995762 0.00719453 0.02456499
v -0.00971057 0.00722040 0.02502826
v -0.00980740 0.00719453 0.02491341
v -0.00972416 0.00719822 0.02503864
v -0.00974783 0.00714518 0.02505657
v -0.00984088 0.00711359 0.02493276
v -0.00975711 0.00711371 0.02506348
v -0.00976262 0.00708712 0.02506748
v -0.00985238 0.00702501 0.02493940
v -0.00976797 0.00702501 0.02507091
v -0.00976290 0.00696446 0.02506768
v -0.00984088 0.00693632 0.02493276
v -0.00975711 0.00693632 0.02506348
v -0.00974835 0.00690640 0.02505696
v -0.00980740 0.00685550 0.02491341
v -0.00972491 0.00685311 0.02503921
v -0.00971057 0.00682963 0.02502826
v -0.00977085 0.00680567 0.02489229
v -0.00969257 0.00680567 0.02501445
v -0.00997466 0.00682963 0.02441574
v -0.00991717 0.00680567 0.02455291
v -0.00995226 0.00680567 0.02441213
v -0.00995762 0.00685550 0.02456499
v -0.01002082 0.00690485 0.02442340
v -0.00999468 0.00693632 0.02457605
v -0.00999154 0.00685168 0.02441849
v -0.01003892 0.00696279 0.02442666
v -0.01003222 0.00693632 0.02442541
v -0.00992822 0.00711359 0.02475891
v -0.00994042 0.00702501 0.02476417
v -0.00992822 0.00693632 0.02475891
v -0.00989271 0.00685550 0.02474360
v -0.00985395 0.00680567 0.02472688
v -0.00967250 0.00702501 0.02470748
v -0.00972880 0.00703550 0.02476556
v -0.00972386 0.00705792 0.02476165
v -0.00971414 0.00707758 0.02475397
v -0.00970045 0.00709284 0.02474315
v -0.00968392 0.00710250 0.02473008
v -0.00966589 0.00710584 0.02471584
v -0.00964787 0.00710250 0.02470159
v -0.00963133 0.00709284 0.02468852
v -0.00961764 0.00707758 0.02467770
v -0.00960793 0.00705792 0.02467002
v -0.00965784 0.00727809 0.02499114
v -0.00960298 0.00703550 0.02466611
v -0.00960244 0.00702501 0.02466568
v -0.00952395 0.00702501 0.02464344
v -0.00972935 0.00702501 0.02476599
v -0.00976912 0.00702501 0.02483722
v -0.00976807 0.00704540 0.02483639
v -0.00978910 0.00702501 0.02491631
v -0.00978761 0.00705386 0.02491514
v -0.00978792 0.00702501 0.02499788
v -0.00978611 0.00706030 0.02499645
v -0.00976957 0.00713504 0.02498337
v -0.00973705 0.00720073 0.02495767
v -0.00939989 0.00727809 0.02478725
v -0.00934880 0.00722099 0.02474686
v -0.00929409 0.00706435 0.02470361
v -0.00928763 0.00708641 0.02471310
v -0.00928257 0.00702501 0.02470937
v -0.00930332 0.00714720 0.02472469
v -0.00931253 0.00714780 0.02471819
v -0.00932455 0.00719489 0.02474041
v -0.00935418 0.00723935 0.02476237
v -0.00959613 0.00731445 0.02494235
v -0.00952887 0.00732685 0.02488919
v -0.00946161 0.00731445 0.02483603
v -0.00969124 0.00725199 0.02492146
v -0.00963591 0.00728453 0.02487773
v -0.00957561 0.00729562 0.02483006
v -0.00951530 0.00728453 0.02478240
v -0.00945997 0.00725199 0.02473866
v -0.00941416 0.00720073 0.02470245
v -0.00938164 0.00713504 0.02467675
v -0.00936511 0.00706030 0.02466368
v -0.00929206 0.00702501 0.02470201
v -0.00977411 0.00711490 0.02490447
v -0.00974756 0.00716854 0.02488348
v -0.00971016 0.00721026 0.02485392
v -0.00966498 0.00723685 0.02481820
v -0.00961574 0.00724603 0.02477929
v -0.00956650 0.00723685 0.02474037
v -0.00952132 0.00721026 0.02470466
v -0.00948392 0.00716854 0.02467509
v -0.00945737 0.00711490 0.02465411
v -0.00944387 0.00705386 0.02464344
v -0.00936329 0.00702501 0.02466224
v -0.00975852 0.00708855 0.02482884
v -0.00973975 0.00712646 0.02481400
v -0.00971330 0.00715602 0.02479310
v -0.00968135 0.00717486 0.02476785
v -0.00964653 0.00718130 0.02474033
v -0.00961172 0.00717486 0.02471281
v -0.00957977 0.00715602 0.02468756
v -0.00955332 0.00712646 0.02466665
v -0.00953455 0.00708855 0.02465181
v -0.00952500 0.00704540 0.02464426
v -0.00944238 0.00702501 0.02464226
v -0.00677141 0.00762189 0.02299638
v -0.00685661 0.00762189 0.02288006
v -0.00987172 0.00759233 0.02544970
v -0.00996661 0.00759233 0.02533829
v -0.00996904 0.00757505 0.02534021
v -0.00987399 0.00757505 0.02545179
v -0.00970683 0.00759233 0.02560991
v -0.00970885 0.00757505 0.02561225
v -0.00952463 0.00759233 0.02575011
v -0.00952637 0.00757505 0.02575266
v -0.00932751 0.00759233 0.02586844
v -0.00932895 0.00757505 0.02587117
v -0.00911811 0.00759233 0.02596332
v -0.00911922 0.00757505 0.02596620
v -0.00889918 0.00759233 0.02603351
v -0.00889996 0.00757505 0.02603650
v -0.00867364 0.00759233 0.02607807
v -0.00867407 0.00757505 0.02608113
v -0.00844448 0.00759233 0.02609641
v -0.00844455 0.00757505 0.02609950
v -0.00821472 0.00759233 0.02608830
v -0.00821443 0.00757505 0.02609137
v -0.00798742 0.00759233 0.02605382
v -0.00798678 0.00757505 0.02605685
v -0.00776559 0.00759233 0.02599345
v -0.00776460 0.00757505 0.02599638
v -0.00755216 0.00759233 0.02590799
v -0.00755085 0.00757505 0.02591079
v -0.00734998 0.00759233 0.02579856
v -0.00734835 0.00757505 0.02580119
v -0.00716171 0.00759233 0.02566661
v -0.00715979 0.00757505 0.02566904
v -0.00698985 0.00759233 0.02551391
v -0.00698767 0.00757505 0.02551609
v -0.00683669 0.00759233 0.02534246
v -0.00683427 0.00757505 0.02534438
v -0.00670424 0.00759233 0.02515454
v -0.00670162 0.00757505 0.02515617
v -0.00659428 0.00759233 0.02495265
v -0.00659148 0.00757505 0.02495397
v -0.00650824 0.00759233 0.02473945
v -0.00650531 0.00757505 0.02474044
v -0.00644728 0.00759233 0.02451778
v -0.00644426 0.00757505 0.02451843
v -0.00641220 0.00759233 0.02429057
v -0.00640913 0.00757505 0.02429087
v -0.00640347 0.00759233 0.02406084
v -0.00640038 0.00757505 0.02406078
v -0.00642121 0.00759233 0.02383162
v -0.00641814 0.00757505 0.02383121
v -0.00646517 0.00759233 0.02360596
v -0.00646217 0.00757505 0.02360520
v -0.00653477 0.00759233 0.02338685
v -0.00653189 0.00757505 0.02338575
v -0.00662910 0.00759233 0.02317720
v -0.00662636 0.00757505 0.02317577
v -0.00674690 0.00759233 0.02297977
v -0.00674434 0.00757505 0.02297804
v -0.00683339 0.00759233 0.02286171
v -0.00683096 0.00757505 0.02285979
v -0.00665536 0.00762189 0.02319088
v -0.00656243 0.00762189 0.02339743
v -0.00649385 0.00762189 0.02361329
v -0.00645054 0.00762189 0.02383560
v -0.00643307 0.00762189 0.02406142
v -0.00644167 0.00762189 0.02428775
v -0.00647623 0.00762189 0.02451159
v -0.00653629 0.00762189 0.02472997
v -0.00662104 0.00762189 0.02494001
v -0.00672938 0.00762189 0.02513891
v -0.00685986 0.00762189 0.02532404
v -0.00701076 0.00762189 0.02549295
v -0.00718006 0.00762189 0.02564339
v -0.00736554 0.00762189 0.02577338
v -0.00756473 0.00762189 0.02588118
v -0.00777499 0.00762189 0.02596538
v -0.00799354 0.00762189 0.02602486
v -0.00821747 0.00762189 0.02605882
v -0.00844382 0.00762189 0.02606682
v -0.00866959 0.00762189 0.02604875
v -0.00889178 0.00762189 0.02600485
v -0.00910746 0.00762189 0.02593570
v -0.00931376 0.00762189 0.02584222
v -0.00950795 0.00762189 0.02572565
v -0.00968746 0.00762189 0.02558753
v -0.00984990 0.00762189 0.02542969
v -0.00994339 0.00762189 0.02531994
v -0.00995755 0.00761033 0.02533113
v -0.00986320 0.00761033 0.02544189
v -0.00969927 0.00761033 0.02560118
v -0.00951812 0.00761033 0.02574056
v -0.00932215 0.00761033 0.02585820
v -0.00911395 0.00761033 0.02595254
v -0.00889630 0.00761033 0.02602232
v -0.00867206 0.00761033 0.02606663
v -0.00844422 0.00761033 0.02608486
v -0.00821579 0.00761033 0.02607679
v -0.00798981 0.00761033 0.02604252
v -0.00776926 0.00761033 0.02598250
v -0.00755707 0.00761033 0.02589753
v -0.00735605 0.00761033 0.02578873
v -0.00716887 0.00761033 0.02565755
v -0.00699801 0.00761033 0.02550573
v -0.00684573 0.00761033 0.02533527
v -0.00671405 0.00761033 0.02514844
v -0.00660472 0.00761033 0.02494771
v -0.00651919 0.00761033 0.02473575
v -0.00645858 0.00761033 0.02451536
v -0.00642371 0.00761033 0.02428947
v -0.00641503 0.00761033 0.02406106
v -0.00643266 0.00761033 0.02383317
v -0.00647636 0.00761033 0.02360882
v -0.00654557 0.00761033 0.02339098
v -0.00663935 0.00761033 0.02318254
v -0.00675647 0.00761033 0.02298625
v -0.00684245 0.00761033 0.02286887
v -0.00695010 0.00762189 0.02277031
v -0.00693680 0.00761033 0.02275811
v -0.00692828 0.00759233 0.02275030
v -0.00692601 0.00757505 0.02274821
v -0.00709317 0.00759233 0.02259009
v -0.00709115 0.00757505 0.02258775
v -0.00727537 0.00759233 0.02244989
v -0.00727363 0.00757505 0.02244734
v -0.00747249 0.00759233 0.02233156
v -0.00747105 0.00757505 0.02232883
v -0.00768189 0.00759233 0.02223668
v -0.00768078 0.00757505 0.02223380
v -0.00790082 0.00759233 0.02216649
v -0.00790004 0.00757505 0.02216350
v -0.00812636 0.00759233 0.02212193
v -0.00812593 0.00757505 0.02211887
v -0.00835552 0.00759233 0.02210359
v -0.00835545 0.00757505 0.02210050
v -0.00858528 0.00759233 0.02211170
v -0.00858557 0.00757505 0.02210863
v -0.00881258 0.00759233 0.02214618
v -0.00881322 0.00757505 0.02214315
v -0.00903441 0.00759233 0.02220655
v -0.00903540 0.00757505 0.02220362
v -0.00924784 0.00759233 0.02229201
v -0.00924915 0.00757505 0.02228921
v -0.00945002 0.00759233 0.02240144
v -0.00945165 0.00757505 0.02239881
v -0.00963829 0.00759233 0.02253339
v -0.00964021 0.00757505 0.02253096
v -0.00981015 0.00759233 0.02268609
v -0.00981233 0.00757505 0.02268391
v -0.00996331 0.00759233 0.02285754
v -0.00996573 0.00757505 0.02285562
v -0.01009576 0.00759233 0.02304546
v -0.01009838 0.00757505 0.02304383
v -0.01020573 0.00759233 0.02324735
v -0.01020852 0.00757505 0.02324603
v -0.01029176 0.00759233 0.02346055
v -0.01029469 0.00757505 0.02345956
v -0.01035272 0.00759233 0.02368222
v -0.01035574 0.00757505 0.02368157
v -0.01038780 0.00759233 0.02390943
v -0.01039087 0.00757505 0.02390913
v -0.01039653 0.00759233 0.02413916
v -0.01039962 0.00757505 0.02413922
v -0.01037879 0.00759233 0.02436838
v -0.01038186 0.00757505 0.02436879
v -0.01033483 0.00759233 0.02459404
v -0.01033783 0.00757505 0.02459480
v -0.01026523 0.00759233 0.02481315
v -0.01026811 0.00757505 0.02481425
v -0.01017090 0.00759233 0.02502280
v -0.01017364 0.00757505 0.02502423
v -0.01005310 0.00759233 0.02522023
v -0.01005566 0.00757505 0.02522196
v -0.00711254 0.00762189 0.02261247
v -0.00729205 0.00762189 0.02247435
v -0.00748624 0.00762189 0.02235778
v -0.00769254 0.00762189 0.02226430
v -0.00790822 0.00762189 0.02219515
v -0.00813041 0.00762189 0.02215125
v -0.00835618 0.00762189 0.02213318
v -0.00858253 0.00762189 0.02214118
v -0.00880647 0.00762189 0.02217514
v -0.00902501 0.00762189 0.02223462
v -0.00923527 0.00762189 0.02231882
v -0.00943446 0.00762189 0.02242662
v -0.00961994 0.00762189 0.02255661
v -0.00978924 0.00762189 0.02270705
v -0.00994014 0.00762189 0.02287596
v -0.01007062 0.00762189 0.02306109
v -0.01017896 0.00762189 0.02325999
v -0.01026371 0.00762189 0.02347003
v -0.01032377 0.00762189 0.02368841
v -0.01035833 0.00762189 0.02391225
v -0.01036693 0.00762189 0.02413858
v -0.01034946 0.00762189 0.02436440
v -0.01030615 0.00762189 0.02458671
v -0.01023757 0.00762189 0.02480257
v -0.01014465 0.00762189 0.02500913
v -0.01002859 0.00762189 0.02520362
v -0.00710073 0.00761033 0.02259882
v -0.00728188 0.00761033 0.02245944
v -0.00747785 0.00761033 0.02234180
v -0.00768605 0.00761033 0.02224746
v -0.00790370 0.00761033 0.02217768
v -0.00812794 0.00761033 0.02213337
v -0.00835578 0.00761033 0.02211514
v -0.00858421 0.00761033 0.02212321
v -0.00881019 0.00761033 0.02215748
v -0.00903074 0.00761033 0.02221750
v -0.00924293 0.00761033 0.02230247
v -0.00944395 0.00761033 0.02241127
v -0.00963113 0.00761033 0.02254245
v -0.00980199 0.00761033 0.02269427
v -0.00995427 0.00761033 0.02286473
v -0.01008595 0.00761033 0.02305156
v -0.01019528 0.00761033 0.02325229
v -0.01028081 0.00761033 0.02346425
v -0.01034142 0.00761033 0.02368464
v -0.01037629 0.00761033 0.02391053
v -0.01038497 0.00761033 0.02413894
v -0.01036734 0.00761033 0.02436683
v -0.01032364 0.00761033 0.02459118
v -0.01025443 0.00761033 0.02480902
v -0.01016065 0.00761033 0.02501747
v -0.01004353 0.00761033 0.02521375
v -0.00923331 0.00699187 0.02514326
v -0.00922833 0.00701440 0.02513934
v -0.00927349 0.00694705 0.02517502
v -0.00925685 0.00695683 0.02516188
v -0.00924308 0.00697220 0.02515099
v -0.00932638 0.00695683 0.02521683
v -0.00930974 0.00694705 0.02520368
v -0.00929161 0.00694359 0.02518935
v -0.00934519 0.00676287 0.02484710
v -0.00931527 0.00679208 0.02482345
v -0.00930020 0.00679351 0.02484214
v -0.00957754 0.00691451 0.02522775
v -0.00964198 0.00690485 0.02519048
v -0.00961907 0.00685168 0.02517159
v -0.00951502 0.00699605 0.02526167
v -0.00935489 0.00701440 0.02523937
v -0.00943339 0.00700451 0.02526116
v -0.00959414 0.00698949 0.02524087
v -0.00965601 0.00696279 0.02520236
v -0.00958824 0.00680567 0.02514644
v -0.00954491 0.00684858 0.02520196
v -0.00960583 0.00682963 0.02516077
v -0.00955928 0.00677134 0.02511639
v -0.00960662 0.00679804 0.02512517
v -0.00964216 0.00679208 0.02508183
v -0.00961224 0.00676287 0.02505819
v -0.00949743 0.00673498 0.02506750
v -0.00954834 0.00672532 0.02500768
v -0.00943003 0.00672258 0.02501423
v -0.00947871 0.00671245 0.02495264
v -0.00936264 0.00673498 0.02496096
v -0.00940908 0.00672532 0.02489761
v -0.00930079 0.00677134 0.02491208
v -0.00926874 0.00680567 0.02487871
v -0.00924959 0.00682856 0.02487160
v -0.00923794 0.00685264 0.02485281
v -0.00921325 0.00690199 0.02484288
v -0.00921531 0.00690604 0.02483384
v -0.00919476 0.00698556 0.02482827
v -0.00920134 0.00696422 0.02482214
v -0.00917162 0.00698949 0.02490690
v -0.00916965 0.00699605 0.02498869
v -0.00918901 0.00700451 0.02506799
v -0.00919861 0.00696112 0.02507558
v -0.00921748 0.00692297 0.02509050
v -0.00924407 0.00689329 0.02511152
v -0.00927619 0.00687433 0.02513690
v -0.00931120 0.00686790 0.02516457
v -0.00934620 0.00687433 0.02519224
v -0.00937832 0.00689329 0.02521763
v -0.00918322 0.00693465 0.02499941
v -0.00920990 0.00688077 0.02502050
v -0.00924748 0.00683881 0.02505020
v -0.00929287 0.00681211 0.02508608
v -0.00934234 0.00680305 0.02512518
v -0.00939180 0.00681211 0.02516428
v -0.00943720 0.00683881 0.02520016
v -0.00950145 0.00693465 0.02525095
v -0.00942379 0.00696112 0.02525357
v -0.00934992 0.00699187 0.02523544
v -0.00934015 0.00697220 0.02522771
v -0.00940492 0.00692297 0.02523865
v -0.00947478 0.00688077 0.02522986
v -0.00918822 0.00691451 0.02492002
v -0.00922085 0.00684858 0.02494581
v -0.00926683 0.00679720 0.02498215
v -0.00932236 0.00676454 0.02502605
v -0.00938288 0.00675334 0.02507389
v -0.00944340 0.00676454 0.02512172
v -0.00949893 0.00679720 0.02516562
v -0.00915847 0.00701440 0.02519137
v -0.00916081 0.00699187 0.02519726
v -0.00916541 0.00697220 0.02520883
v -0.00917189 0.00695683 0.02522515
v -0.00917973 0.00694705 0.02524485
v -0.00918826 0.00694359 0.02526632
v -0.00919679 0.00694705 0.02528780
v -0.00920463 0.00695683 0.02530750
v -0.00921111 0.00697220 0.02532381
v -0.00921571 0.00699187 0.02533539
v -0.00921805 0.00701440 0.02534128
v -0.00906217 0.00680567 0.02553822
v -0.00907086 0.00682963 0.02555918
v -0.00912777 0.00684858 0.02551262
v -0.00910613 0.00679720 0.02545816
v -0.00907780 0.00685311 0.02557584
v -0.00914314 0.00691451 0.02555127
v -0.00908923 0.00690640 0.02560293
v -0.00915095 0.00698949 0.02557093
v -0.00909647 0.00696446 0.02561948
v -0.00910138 0.00700451 0.02513325
v -0.00903095 0.00699605 0.02509199
v -0.00895202 0.00698949 0.02507044
v -0.00886237 0.00696350 0.02507479
v -0.00887006 0.00698556 0.02507009
v -0.00887876 0.00690199 0.02509198
v -0.00891998 0.00677134 0.02519568
v -0.00887554 0.00679804 0.02516537
v -0.00883092 0.00679208 0.02518417
v -0.00889719 0.00680567 0.02515542
v -0.00889587 0.00682856 0.02513503
v -0.00888139 0.00685192 0.02511892
v -0.00886964 0.00690521 0.02509167
v -0.00884501 0.00676287 0.02521960
v -0.00894909 0.00673498 0.02526894
v -0.00887509 0.00672532 0.02529529
v -0.00898083 0.00672258 0.02534877
v -0.00890787 0.00671245 0.02537777
v -0.00901256 0.00673498 0.02542860
v -0.00894065 0.00672532 0.02546025
v -0.00904167 0.00677134 0.02550186
v -0.00897074 0.00676287 0.02553593
v -0.00895984 0.00691451 0.02509010
v -0.00897520 0.00684858 0.02512876
v -0.00899685 0.00679720 0.02518322
v -0.00902299 0.00676454 0.02524900
v -0.00905149 0.00675334 0.02532068
v -0.00907998 0.00676454 0.02539237
v -0.00901072 0.00679351 0.02556079
v -0.00898482 0.00679208 0.02557137
v -0.00903733 0.00693465 0.02510806
v -0.00904989 0.00688077 0.02513966
v -0.00906758 0.00683881 0.02518417
v -0.00908896 0.00681211 0.02523794
v -0.00911225 0.00680305 0.02529654
v -0.00913554 0.00681211 0.02535513
v -0.00915691 0.00683881 0.02540890
v -0.00917460 0.00688077 0.02545342
v -0.00918716 0.00693465 0.02548501
v -0.00919355 0.00699605 0.02550108
v -0.00910590 0.00696112 0.02514462
v -0.00911479 0.00692297 0.02516698
v -0.00912731 0.00689329 0.02519848
v -0.00914243 0.00687433 0.02523652
v -0.00915891 0.00686790 0.02527799
v -0.00917539 0.00687433 0.02531945
v -0.00919051 0.00689329 0.02535750
v -0.00920303 0.00692297 0.02538900
v -0.00921192 0.00696112 0.02541136
v -0.00921644 0.00700451 0.02542273
v -0.00865466 0.00699211 0.02555792
v -0.00865698 0.00701440 0.02556378
v -0.00871360 0.00700463 0.02562169
v -0.00874793 0.00682891 0.02519434
v -0.00876126 0.00681068 0.02520394
v -0.00874870 0.00685514 0.02516926
v -0.00883868 0.00684918 0.02562672
v -0.00885399 0.00691486 0.02566523
v -0.00886178 0.00698973 0.02568482
v -0.00878345 0.00699617 0.02566298
v -0.00889343 0.00677181 0.02556042
v -0.00876300 0.00680567 0.02520876
v -0.00877199 0.00677181 0.02525487
v -0.00880853 0.00679351 0.02519282
v -0.00873311 0.00696362 0.02512607
v -0.00872217 0.00698556 0.02512954
v -0.00866356 0.00698973 0.02518614
v -0.00862161 0.00699617 0.02525580
v -0.00859916 0.00700463 0.02533377
v -0.00859775 0.00701440 0.02541474
v -0.00877709 0.00693513 0.02564698
v -0.00870910 0.00696148 0.02561038
v -0.00876459 0.00688149 0.02561553
v -0.00870026 0.00692357 0.02558814
v -0.00865008 0.00697244 0.02554641
v -0.00864364 0.00695718 0.02553020
v -0.00868781 0.00689400 0.02555681
v -0.00874698 0.00683964 0.02557123
v -0.00881711 0.00679804 0.02557245
v -0.00893237 0.00679804 0.02559114
v -0.00868666 0.00684918 0.02524424
v -0.00870823 0.00679804 0.02529851
v -0.00864046 0.00688149 0.02530324
v -0.00865807 0.00683964 0.02534755
v -0.00861249 0.00692357 0.02536732
v -0.00862494 0.00689400 0.02539865
v -0.00860465 0.00697244 0.02543211
v -0.00860007 0.00699211 0.02542060
v -0.00860365 0.00696148 0.02534508
v -0.00862797 0.00693513 0.02527179
v -0.00867135 0.00691486 0.02520573
v -0.00873086 0.00690223 0.02515139
v -0.00873972 0.00690282 0.02514442
v -0.00861109 0.00695718 0.02544832
v -0.00886438 0.00673557 0.02548731
v -0.00879106 0.00676550 0.02550691
v -0.00872571 0.00681318 0.02551771
v -0.00867277 0.00687517 0.02551897
v -0.00863585 0.00694741 0.02551061
v -0.00883271 0.00672318 0.02540764
v -0.00876267 0.00675441 0.02543548
v -0.00870253 0.00680400 0.02545939
v -0.00865638 0.00686873 0.02547773
v -0.00862737 0.00694407 0.02548926
v -0.00880104 0.00673557 0.02532797
v -0.00873428 0.00676550 0.02536405
v -0.00867935 0.00681318 0.02540107
v -0.00863999 0.00687517 0.02543649
v -0.00861888 0.00694741 0.02546791
v -0.00851117 0.00701440 0.02542439
v -0.00851025 0.00699187 0.02543066
v -0.00850845 0.00697220 0.02544298
v -0.00850591 0.00695683 0.02546035
v -0.00850284 0.00694705 0.02548133
v -0.00849949 0.00694359 0.02550419
v -0.00849615 0.00694705 0.02552706
v -0.00849308 0.00695683 0.02554804
v -0.00849054 0.00697220 0.02556541
v -0.00848873 0.00699187 0.02557773
v -0.00848782 0.00701440 0.02558400
v -0.00831863 0.00690199 0.02519846
v -0.00832204 0.00698556 0.02517515
v -0.00831278 0.00696028 0.02517597
v -0.00832396 0.00684858 0.02568725
v -0.00833245 0.00679720 0.02562926
v -0.00831794 0.00691451 0.02572840
v -0.00831488 0.00698949 0.02574934
v -0.00849079 0.00700451 0.02534551
v -0.00845042 0.00699605 0.02527456
v -0.00839285 0.00698949 0.02521644
v -0.00831355 0.00701798 0.02516909
v -0.00830247 0.00677134 0.02530887
v -0.00827914 0.00679804 0.02526040
v -0.00823110 0.00679208 0.02525438
v -0.00830287 0.00680567 0.02526262
v -0.00831192 0.00682856 0.02524430
v -0.00830738 0.00685156 0.02522337
v -0.00831074 0.00690437 0.02519396
v -0.00822559 0.00676287 0.02529211
v -0.00829106 0.00673498 0.02538688
v -0.00821379 0.00672532 0.02537270
v -0.00827862 0.00672258 0.02547188
v -0.00820095 0.00671245 0.02546052
v -0.00826619 0.00673498 0.02555688
v -0.00818810 0.00672532 0.02554834
v -0.00825477 0.00677134 0.02563489
v -0.00817631 0.00676287 0.02562892
v -0.00838978 0.00691451 0.02523737
v -0.00838376 0.00684858 0.02527853
v -0.00837528 0.00679720 0.02533652
v -0.00836503 0.00676454 0.02540656
v -0.00835386 0.00675334 0.02548289
v -0.00834270 0.00676454 0.02555922
v -0.00819851 0.00679351 0.02567045
v -0.00817079 0.00679208 0.02566665
v -0.00844792 0.00693465 0.02529167
v -0.00844299 0.00688077 0.02532531
v -0.00843606 0.00683881 0.02537271
v -0.00842768 0.00681211 0.02542996
v -0.00841856 0.00680305 0.02549235
v -0.00840943 0.00681211 0.02555474
v -0.00840105 0.00683881 0.02561199
v -0.00839412 0.00688077 0.02565939
v -0.00838919 0.00693465 0.02569303
v -0.00838669 0.00699605 0.02571015
v -0.00848902 0.00696112 0.02535762
v -0.00848553 0.00692297 0.02538142
v -0.00848063 0.00689329 0.02541496
v -0.00847470 0.00687433 0.02545547
v -0.00846824 0.00686790 0.02549962
v -0.00846178 0.00687433 0.02554377
v -0.00845585 0.00689329 0.02558428
v -0.00845095 0.00692297 0.02561782
v -0.00844746 0.00696112 0.02564163
v -0.00844569 0.00700451 0.02565374
v -0.00789158 0.00699211 0.02548993
v -0.00789066 0.00701440 0.02549616
v -0.00791074 0.00700463 0.02557462
v -0.00815415 0.00682891 0.02522169
v -0.00816089 0.00681068 0.02523667
v -0.00816735 0.00685514 0.02520036
v -0.00801655 0.00684918 0.02564152
v -0.00801055 0.00691486 0.02568253
v -0.00800750 0.00698973 0.02570339
v -0.00795059 0.00699617 0.02564530
v -0.00809712 0.00677181 0.02561148
v -0.00815999 0.00680567 0.02524171
v -0.00814472 0.00677181 0.02528614
v -0.00820739 0.00679351 0.02525067
v -0.00817544 0.00696362 0.02515516
v -0.00816424 0.00698556 0.02515269
v -0.00808519 0.00698973 0.02517240
v -0.00801402 0.00699617 0.02521175
v -0.00795559 0.00700463 0.02526806
v -0.00791388 0.00701440 0.02533747
v -0.00795308 0.00693513 0.02562827
v -0.00791250 0.00696148 0.02556258
v -0.00795798 0.00688149 0.02559478
v -0.00791596 0.00692357 0.02553890
v -0.00789337 0.00697244 0.02547767
v -0.00789590 0.00695718 0.02546041
v -0.00792084 0.00689400 0.02550554
v -0.00796488 0.00683964 0.02554761
v -0.00802500 0.00679804 0.02558374
v -0.00811548 0.00679804 0.02565755
v -0.00807613 0.00684918 0.02523427
v -0.00806768 0.00679804 0.02529205
v -0.00800663 0.00688149 0.02526227
v -0.00799973 0.00683964 0.02530945
v -0.00795036 0.00692357 0.02530378
v -0.00794548 0.00689400 0.02533713
v -0.00791118 0.00697244 0.02535596
v -0.00791297 0.00699211 0.02534371
v -0.00795383 0.00696148 0.02528010
v -0.00801153 0.00693513 0.02522879
v -0.00808213 0.00691486 0.02519326
v -0.00816084 0.00690223 0.02517596
v -0.00817200 0.00690282 0.02517435
v -0.00790865 0.00695718 0.02537323
v -0.00810851 0.00673557 0.02553363
v -0.00803521 0.00676550 0.02551395
v -0.00797322 0.00681318 0.02549062
v -0.00792674 0.00687517 0.02546525
v -0.00789895 0.00694741 0.02543955
v -0.00812092 0.00672318 0.02544881
v -0.00804634 0.00675441 0.02543790
v -0.00798230 0.00680400 0.02542853
v -0.00793316 0.00686873 0.02542134
v -0.00790227 0.00694407 0.02541682
v -0.00813333 0.00673557 0.02536398
v -0.00805747 0.00676550 0.02536184
v -0.00799139 0.00681318 0.02536643
v -0.00793959 0.00687517 0.02537743
v -0.00790560 0.00694741 0.02539409
v -0.00783408 0.00701440 0.02530253
v -0.00783015 0.00699187 0.02530751
v -0.00782243 0.00697220 0.02531728
v -0.00781154 0.00695683 0.02533105
v -0.00779839 0.00694705 0.02534769
v -0.00778406 0.00694359 0.02536581
v -0.00776974 0.00694705 0.02538394
v -0.00775659 0.00695683 0.02540058
v -0.00774570 0.00697220 0.02541435
v -0.00773798 0.00699187 0.02542412
v -0.00773405 0.00701440 0.02542909
v -0.00778030 0.00690199 0.02501061
v -0.00779491 0.00698556 0.02499213
v -0.00778648 0.00696028 0.02498821
v -0.00754053 0.00684858 0.02543658
v -0.00757687 0.00679720 0.02539060
v -0.00751473 0.00691451 0.02546921
v -0.00750161 0.00698949 0.02548581
v -0.00785587 0.00700451 0.02522404
v -0.00785638 0.00699605 0.02514241
v -0.00783559 0.00698949 0.02506329
v -0.00779058 0.00701798 0.02498263
v -0.00771110 0.00677134 0.02509815
v -0.00771513 0.00679804 0.02504451
v -0.00767654 0.00679208 0.02501527
v -0.00773458 0.00680567 0.02505829
v -0.00775157 0.00682856 0.02504695
v -0.00775810 0.00685156 0.02502656
v -0.00777572 0.00690437 0.02500276
v -0.00765290 0.00676287 0.02504519
v -0.00766222 0.00673498 0.02516000
v -0.00760239 0.00672532 0.02510908
v -0.00760895 0.00672258 0.02522740
v -0.00754736 0.00671245 0.02517871
v -0.00755567 0.00673498 0.02529479
v -0.00749232 0.00672532 0.02524834
v -0.00750679 0.00677134 0.02535664
v -0.00744181 0.00676287 0.02531224
v -0.00782247 0.00691451 0.02507989
v -0.00779667 0.00684858 0.02511252
v -0.00776033 0.00679720 0.02515849
v -0.00771644 0.00676454 0.02521403
v -0.00766860 0.00675334 0.02527455
v -0.00762076 0.00676454 0.02533507
v -0.00744028 0.00679351 0.02535930
v -0.00741817 0.00679208 0.02534216
v -0.00784566 0.00693465 0.02515598
v -0.00782458 0.00688077 0.02518265
v -0.00779487 0.00683881 0.02522023
v -0.00775899 0.00681211 0.02526562
v -0.00771989 0.00680305 0.02531509
v -0.00768079 0.00681211 0.02536456
v -0.00764491 0.00683881 0.02540995
v -0.00761521 0.00688077 0.02544753
v -0.00759412 0.00693465 0.02547421
v -0.00758340 0.00699605 0.02548777
v -0.00784828 0.00696112 0.02523364
v -0.00783336 0.00692297 0.02525251
v -0.00781234 0.00689329 0.02527910
v -0.00778696 0.00687433 0.02531122
v -0.00775929 0.00686790 0.02534623
v -0.00773162 0.00687433 0.02538123
v -0.00770623 0.00689329 0.02541335
v -0.00768521 0.00692297 0.02543995
v -0.00767029 0.00696112 0.02545882
v -0.00766270 0.00700451 0.02546842
v -0.00729716 0.00684918 0.02524327
v -0.00733923 0.00682963 0.02530583
v -0.00735356 0.00680567 0.02528824
v -0.00726082 0.00701440 0.02505444
v -0.00723898 0.00700463 0.02513243
v -0.00726473 0.00699211 0.02504950
v -0.00727146 0.00691486 0.02527578
v -0.00730952 0.00690485 0.02534197
v -0.00732841 0.00685168 0.02531907
v -0.00729764 0.00696279 0.02535601
v -0.00738196 0.00677181 0.02525754
v -0.00762129 0.00680567 0.02496875
v -0.00758585 0.00677181 0.02499959
v -0.00765786 0.00679351 0.02500020
v -0.00762624 0.00682891 0.02494849
v -0.00764719 0.00685264 0.02493794
v -0.00766616 0.00690604 0.02491531
v -0.00767786 0.00696422 0.02490134
v -0.00766948 0.00698556 0.02489378
v -0.00759116 0.00698973 0.02487132
v -0.00750985 0.00699617 0.02486982
v -0.00743110 0.00700463 0.02488936
v -0.00736027 0.00701440 0.02492862
v -0.00723815 0.00699617 0.02521356
v -0.00724653 0.00696148 0.02512288
v -0.00727241 0.00697244 0.02503978
v -0.00728323 0.00695718 0.02502609
v -0.00726136 0.00692357 0.02510411
v -0.00724882 0.00693513 0.02520006
v -0.00725839 0.00698973 0.02529232
v -0.00726981 0.00688149 0.02517351
v -0.00737483 0.00679804 0.02530662
v -0.00733337 0.00679804 0.02519746
v -0.00729937 0.00683964 0.02513611
v -0.00728227 0.00689400 0.02507766
v -0.00755239 0.00684918 0.02492038
v -0.00751618 0.00679804 0.02496619
v -0.00747820 0.00688149 0.02490987
v -0.00744863 0.00683964 0.02494727
v -0.00740872 0.00692357 0.02491768
v -0.00738781 0.00689400 0.02494413
v -0.00734869 0.00697244 0.02494328
v -0.00735637 0.00699211 0.02493357
v -0.00742355 0.00696148 0.02489891
v -0.00749918 0.00693513 0.02488332
v -0.00757809 0.00691486 0.02488786
v -0.00765490 0.00690223 0.02491222
v -0.00733786 0.00695718 0.02495698
v -0.00743074 0.00673557 0.02519582
v -0.00737711 0.00676550 0.02514212
v -0.00733508 0.00681318 0.02509093
v -0.00730752 0.00687517 0.02504571
v -0.00729630 0.00694741 0.02500956
v -0.00731055 0.00694407 0.02499153
v -0.00733504 0.00686873 0.02501089
v -0.00737400 0.00680400 0.02504169
v -0.00742478 0.00675441 0.02508182
v -0.00748390 0.00672318 0.02512856
v -0.00753707 0.00673557 0.02506130
v -0.00747244 0.00676550 0.02502152
v -0.00741292 0.00681318 0.02499245
v -0.00736256 0.00687517 0.02497608
v -0.00732479 0.00694741 0.02497351
v -0.00730863 0.00701440 0.02485847
v -0.00730274 0.00699187 0.02486081
v -0.00729117 0.00697220 0.02486541
v -0.00727485 0.00695683 0.02487189
v -0.00725515 0.00694705 0.02487973
v -0.00723368 0.00694359 0.02488826
v -0.00721220 0.00694705 0.02489679
v -0.00719250 0.00695683 0.02490463
v -0.00717619 0.00697220 0.02491111
v -0.00716461 0.00699187 0.02491571
v -0.00715872 0.00701440 0.02491805
v -0.00696178 0.00680567 0.02476217
v -0.00694082 0.00682963 0.02477086
v -0.00698739 0.00684858 0.02482777
v -0.00704185 0.00679720 0.02480613
v -0.00692417 0.00685311 0.02477780
v -0.00694873 0.00691451 0.02484314
v -0.00689707 0.00690640 0.02478923
v -0.00692907 0.00698949 0.02485095
v -0.00688052 0.00696446 0.02479647
v -0.00736675 0.00700451 0.02480138
v -0.00740801 0.00699605 0.02473095
v -0.00742956 0.00698949 0.02465202
v -0.00742521 0.00696350 0.02456237
v -0.00742991 0.00698556 0.02457006
v -0.00740802 0.00690199 0.02457876
v -0.00730432 0.00677134 0.02461998
v -0.00733463 0.00679804 0.02457554
v -0.00734458 0.00680567 0.02459719
v -0.00736497 0.00682856 0.02459587
v -0.00738108 0.00685192 0.02458139
v -0.00740833 0.00690521 0.02456964
v -0.00723106 0.00673498 0.02464909
v -0.00715123 0.00672258 0.02468082
v -0.00707140 0.00673498 0.02471256
v -0.00699814 0.00677134 0.02474168
v -0.00740990 0.00691451 0.02465984
v -0.00737124 0.00684858 0.02467520
v -0.00731678 0.00679720 0.02469685
v -0.00725100 0.00676454 0.02472300
v -0.00717931 0.00675334 0.02475149
v -0.00710763 0.00676454 0.02477998
v -0.00693921 0.00679351 0.02471072
v -0.00739194 0.00693465 0.02473733
v -0.00736034 0.00688077 0.02474989
v -0.00731583 0.00683881 0.02476759
v -0.00726206 0.00681211 0.02478896
v -0.00720346 0.00680305 0.02481225
v -0.00714487 0.00681211 0.02483554
v -0.00709110 0.00683881 0.02485691
v -0.00704658 0.00688077 0.02487460
v -0.00701499 0.00693465 0.02488716
v -0.00699892 0.00699605 0.02489355
v -0.00735538 0.00696112 0.02480590
v -0.00733302 0.00692297 0.02481479
v -0.00730152 0.00689329 0.02482731
v -0.00726348 0.00687433 0.02484243
v -0.00722201 0.00686790 0.02485891
v -0.00718055 0.00687433 0.02487539
v -0.00714250 0.00689329 0.02489051
v -0.00711100 0.00692297 0.02490303
v -0.00708864 0.00696112 0.02491192
v -0.00707727 0.00700451 0.02491644
v -0.00844583 0.00694812 0.02518145
v -0.00844733 0.00686575 0.02521678
v -0.00844940 0.00680567 0.02526562
v -0.00860516 0.00694812 0.02516280
v -0.00861186 0.00686575 0.02519752
v -0.00862112 0.00680567 0.02524552
v -0.00789897 0.00694812 0.02505948
v -0.00788260 0.00686575 0.02509083
v -0.00785997 0.00680567 0.02513416
v -0.00804627 0.00694812 0.02512299
v -0.00803471 0.00686575 0.02515641
v -0.00801874 0.00680567 0.02520261
v -0.00937989 0.00718416 0.02463784
v -0.00939950 0.00710190 0.02451551
v -0.00934019 0.00702501 0.02461605
v -0.00934889 0.00710190 0.02462082
v -0.00939033 0.00702501 0.02451170
v -0.00943745 0.00710190 0.02440878
v -0.00942794 0.00702501 0.02440595
v -0.00943215 0.00718416 0.02452909
v -0.00947134 0.00718416 0.02441886
v -0.00782332 0.00757505 0.02362047
v -0.00781161 0.00757505 0.02363492
v -0.00780919 0.00759233 0.02363301
v -0.00782095 0.00759233 0.02361850
v -0.00780012 0.00761033 0.02362584
v -0.00781207 0.00761033 0.02361111
v -0.00778596 0.00762189 0.02361465
v -0.00779819 0.00762189 0.02359957
v -0.00789863 0.00762189 0.02349897
v -0.00801562 0.00762189 0.02341819
v -0.00814528 0.00762189 0.02335991
v -0.00828335 0.00762189 0.02332605
v -0.00842527 0.00762189 0.02331771
v -0.00856635 0.00762189 0.02333519
v -0.00870195 0.00762189 0.02337789
v -0.00882758 0.00762189 0.02344442
v -0.00893911 0.00762189 0.02353258
v -0.00903285 0.00762189 0.02363945
v -0.00910572 0.00762189 0.02376152
v -0.00915530 0.00762189 0.02389475
v -0.00917997 0.00762189 0.02403476
v -0.00917891 0.00762189 0.02417692
v -0.00915215 0.00762189 0.02431653
v -0.00910057 0.00762189 0.02444901
v -0.00902589 0.00762189 0.02456998
v -0.00901404 0.00762189 0.02458535
v -0.00791957 0.00757505 0.02352407
v -0.00791760 0.00759233 0.02352170
v -0.00803167 0.00757505 0.02344667
v -0.00803016 0.00759233 0.02344398
v -0.00815592 0.00757505 0.02339083
v -0.00815492 0.00759233 0.02338791
v -0.00828822 0.00757505 0.02335838
v -0.00828776 0.00759233 0.02335532
v -0.00842421 0.00757505 0.02335039
v -0.00842431 0.00759233 0.02334730
v -0.00855940 0.00757505 0.02336713
v -0.00856006 0.00759233 0.02336412
v -0.00868934 0.00757505 0.02340806
v -0.00869053 0.00759233 0.02340521
v -0.00880972 0.00757505 0.02347181
v -0.00881141 0.00759233 0.02346922
v -0.00891659 0.00757505 0.02355628
v -0.00891872 0.00759233 0.02355404
v -0.00900642 0.00757505 0.02365869
v -0.00900892 0.00759233 0.02365687
v -0.00907624 0.00757505 0.02377566
v -0.00907903 0.00759233 0.02377432
v -0.00912375 0.00757505 0.02390333
v -0.00912674 0.00759233 0.02390251
v -0.00914739 0.00757505 0.02403748
v -0.00915047 0.00759233 0.02403723
v -0.00914637 0.00757505 0.02417370
v -0.00914945 0.00759233 0.02417401
v -0.00912073 0.00757505 0.02430749
v -0.00912370 0.00759233 0.02430835
v -0.00907131 0.00757505 0.02443443
v -0.00907407 0.00759233 0.02443581
v -0.00899974 0.00757505 0.02455034
v -0.00900221 0.00759233 0.02455220
v -0.00898839 0.00757505 0.02456508
v -0.00899081 0.00759233 0.02456699
v -0.00791019 0.00761033 0.02351283
v -0.00802448 0.00761033 0.02343392
v -0.00815116 0.00761033 0.02337698
v -0.00828604 0.00761033 0.02334389
v -0.00842469 0.00761033 0.02333575
v -0.00856252 0.00761033 0.02335283
v -0.00869498 0.00761033 0.02339455
v -0.00881772 0.00761033 0.02345954
v -0.00892668 0.00761033 0.02354566
v -0.00901826 0.00761033 0.02365007
v -0.00908944 0.00761033 0.02376932
v -0.00913789 0.00761033 0.02389949
v -0.00916198 0.00761033 0.02403626
v -0.00916094 0.00761033 0.02417514
v -0.00913480 0.00761033 0.02431154
v -0.00908442 0.00761033 0.02444096
v -0.00901145 0.00761033 0.02455914
v -0.00899988 0.00761033 0.02457416
v -0.00779779 0.00759233 0.02364780
v -0.00900181 0.00762189 0.02460043
v -0.00890137 0.00762189 0.02470103
v -0.00878438 0.00762189 0.02478181
v -0.00865472 0.00762189 0.02484009
v -0.00851665 0.00762189 0.02487395
v -0.00837473 0.00762189 0.02488229
v -0.00823365 0.00762189 0.02486481
v -0.00809805 0.00762189 0.02482211
v -0.00797242 0.00762189 0.02475558
v -0.00786089 0.00762189 0.02466742
v -0.00776715 0.00762189 0.02456055
v -0.00769428 0.00762189 0.02443848
v -0.00764470 0.00762189 0.02430525
v -0.00762003 0.00762189 0.02416524
v -0.00762109 0.00762189 0.02402308
v -0.00764785 0.00762189 0.02388346
v -0.00769943 0.00762189 0.02375099
v -0.00777411 0.00762189 0.02363002
v -0.00780026 0.00757505 0.02364966
v -0.00772593 0.00759233 0.02376419
v -0.00772869 0.00757505 0.02376557
v -0.00767630 0.00759233 0.02389165
v -0.00767927 0.00757505 0.02389251
v -0.00765055 0.00759233 0.02402599
v -0.00765363 0.00757505 0.02402630
v -0.00764953 0.00759233 0.02416277
v -0.00765261 0.00757505 0.02416252
v -0.00767326 0.00759233 0.02429749
v -0.00767625 0.00757505 0.02429667
v -0.00772097 0.00759233 0.02442568
v -0.00772376 0.00757505 0.02442434
v -0.00779108 0.00759233 0.02454313
v -0.00779358 0.00757505 0.02454131
v -0.00788128 0.00759233 0.02464596
v -0.00788341 0.00757505 0.02464372
v -0.00798859 0.00759233 0.02473078
v -0.00799028 0.00757505 0.02472819
v -0.00810947 0.00759233 0.02479479
v -0.00811066 0.00757505 0.02479194
v -0.00823994 0.00759233 0.02483588
v -0.00824060 0.00757505 0.02483287
v -0.00837569 0.00759233 0.02485270
v -0.00837579 0.00757505 0.02484961
v -0.00851224 0.00759233 0.02484468
v -0.00851178 0.00757505 0.02484162
v -0.00864508 0.00759233 0.02481209
v -0.00864408 0.00757505 0.02480917
v -0.00876984 0.00759233 0.02475602
v -0.00876833 0.00757505 0.02475333
v -0.00888241 0.00759233 0.02467830
v -0.00888043 0.00757505 0.02467593
v -0.00897905 0.00759233 0.02458150
v -0.00897667 0.00757505 0.02457953
v -0.00898794 0.00761033 0.02458889
v -0.00888981 0.00761033 0.02468717
v -0.00877552 0.00761033 0.02476608
v -0.00864884 0.00761033 0.02482302
v -0.00851396 0.00761033 0.02485611
v -0.00837531 0.00761033 0.02486425
v -0.00823748 0.00761033 0.02484717
v -0.00810502 0.00761033 0.02480545
v -0.00798228 0.00761033 0.02474046
v -0.00787332 0.00761033 0.02465434
v -0.00778174 0.00761033 0.02454993
v -0.00771055 0.00761033 0.02443068
v -0.00766211 0.00761033 0.02430051
v -0.00763802 0.00761033 0.02416374
v -0.00763906 0.00761033 0.02402486
v -0.00766520 0.00761033 0.02388846
v -0.00771558 0.00761033 0.02375904
v -0.00778855 0.00761033 0.02364086
v -0.00764153 0.00701440 0.02300863
v -0.00763919 0.00699187 0.02300274
v -0.00763459 0.00697220 0.02299117
v -0.00762811 0.00695683 0.02297485
v -0.00762027 0.00694705 0.02295515
v -0.00761174 0.00694359 0.02293368
v -0.00760321 0.00694705 0.02291220
v -0.00759537 0.00695683 0.02289250
v -0.00758889 0.00697220 0.02287619
v -0.00758429 0.00699187 0.02286461
v -0.00758195 0.00701440 0.02285872
v -0.00773783 0.00680567 0.02266178
v -0.00772914 0.00682963 0.02264082
v -0.00767223 0.00684858 0.02268738
v -0.00769387 0.00679720 0.02274185
v -0.00772220 0.00685311 0.02262416
v -0.00765686 0.00691451 0.02264873
v -0.00771077 0.00690640 0.02259707
v -0.00764905 0.00698949 0.02262907
v -0.00770353 0.00696446 0.02258052
v -0.00769862 0.00700451 0.02306675
v -0.00776905 0.00699605 0.02310801
v -0.00784798 0.00698949 0.02312956
v -0.00793763 0.00696350 0.02312521
v -0.00792994 0.00698556 0.02312991
v -0.00792124 0.00690199 0.02310802
v -0.00788002 0.00677134 0.02300432
v -0.00792446 0.00679804 0.02303463
v -0.00796908 0.00679208 0.02301583
v -0.00790281 0.00680567 0.02304458
v -0.00790413 0.00682856 0.02306497
v -0.00791861 0.00685192 0.02308108
v -0.00793036 0.00690521 0.02310833
v -0.00795499 0.00676287 0.02298040
v -0.00785091 0.00673498 0.02293106
v -0.00792491 0.00672532 0.02290471
v -0.00781917 0.00672258 0.02285123
v -0.00789213 0.00671245 0.02282223
v -0.00778744 0.00673498 0.02277140
v -0.00785935 0.00672532 0.02273975
v -0.00775832 0.00677134 0.02269814
v -0.00782926 0.00676287 0.02266407
v -0.00784016 0.00691451 0.02310990
v -0.00782480 0.00684858 0.02307124
v -0.00780315 0.00679720 0.02301678
v -0.00777700 0.00676454 0.02295100
v -0.00774851 0.00675334 0.02287931
v -0.00772002 0.00676454 0.02280763
v -0.00778928 0.00679351 0.02263921
v -0.00781518 0.00679208 0.02262863
v -0.00776267 0.00693465 0.02309194
v -0.00775011 0.00688077 0.02306034
v -0.00773242 0.00683881 0.02301583
v -0.00771104 0.00681211 0.02296206
v -0.00768775 0.00680305 0.02290346
v -0.00766446 0.00681211 0.02284487
v -0.00764309 0.00683881 0.02279110
v -0.00762540 0.00688077 0.02274658
v -0.00761284 0.00693465 0.02271499
v -0.00760645 0.00699605 0.02269892
v -0.00769410 0.00696112 0.02305538
v -0.00768521 0.00692297 0.02303302
v -0.00767269 0.00689329 0.02300152
v -0.00765757 0.00687433 0.02296348
v -0.00764109 0.00686790 0.02292201
v -0.00762461 0.00687433 0.02288055
v -0.00760949 0.00689329 0.02284250
v -0.00759697 0.00692297 0.02281100
v -0.00758808 0.00696112 0.02278864
v -0.00758356 0.00700451 0.02277727
v -0.00814534 0.00699211 0.02264208
v -0.00814302 0.00701440 0.02263622
v -0.00808640 0.00700463 0.02257831
v -0.00796132 0.00684918 0.02257328
v -0.00794601 0.00691486 0.02253477
v -0.00793822 0.00698973 0.02251518
v -0.00801655 0.00699617 0.02253702
v -0.00790657 0.00677181 0.02263958
v -0.00803700 0.00680567 0.02299124
v -0.00802801 0.00677181 0.02294513
v -0.00799147 0.00679351 0.02300718
v -0.00805207 0.00682891 0.02300566
v -0.00805073 0.00685264 0.02302907
v -0.00806084 0.00690604 0.02305682
v -0.00806709 0.00696422 0.02307394
v -0.00807783 0.00698556 0.02307046
v -0.00813644 0.00698973 0.02301386
v -0.00817839 0.00699617 0.02294420
v -0.00820084 0.00700463 0.02286623
v -0.00820225 0.00701440 0.02278526
v -0.00802291 0.00693513 0.02255302
v -0.00809090 0.00696148 0.02258962
v -0.00803541 0.00688149 0.02258447
v -0.00809974 0.00692357 0.02261186
v -0.00814992 0.00697244 0.02265359
v -0.00815636 0.00695718 0.02266980
v -0.00811219 0.00689400 0.02264319
v -0.00805302 0.00683964 0.02262877
v -0.00798289 0.00679804 0.02262755
v -0.00786763 0.00679804 0.02260887
v -0.00811334 0.00684918 0.02295576
v -0.00809177 0.00679804 0.02290149
v -0.00815954 0.00688149 0.02289676
v -0.00814193 0.00683964 0.02285245
v -0.00818751 0.00692357 0.02283268
v -0.00817506 0.00689400 0.02280135
v -0.00819535 0.00697244 0.02276789
v -0.00819993 0.00699211 0.02277940
v -0.00819635 0.00696148 0.02285492
v -0.00817204 0.00693513 0.02292821
v -0.00812865 0.00691486 0.02299427
v -0.00806914 0.00690223 0.02304861
v -0.00818891 0.00695718 0.02275168
v -0.00793562 0.00673557 0.02271269
v -0.00800894 0.00676550 0.02269309
v -0.00807429 0.00681318 0.02268229
v -0.00812723 0.00687517 0.02268103
v -0.00816415 0.00694741 0.02268939
v -0.00796729 0.00672318 0.02279236
v -0.00803733 0.00675441 0.02276452
v -0.00809747 0.00680400 0.02274061
v -0.00814362 0.00686873 0.02272227
v -0.00817263 0.00694407 0.02271074
v -0.00799896 0.00673557 0.02287203
v -0.00806572 0.00676550 0.02283595
v -0.00812065 0.00681318 0.02279893
v -0.00816001 0.00687517 0.02276351
v -0.00818112 0.00694741 0.02273209
v -0.00828883 0.00701440 0.02277561
v -0.00828975 0.00699187 0.02276934
v -0.00829155 0.00697220 0.02275702
v -0.00829409 0.00695683 0.02273965
v -0.00829716 0.00694705 0.02271867
v -0.00830051 0.00694359 0.02269581
v -0.00830385 0.00694705 0.02267294
v -0.00830692 0.00695683 0.02265196
v -0.00830946 0.00697220 0.02263459
v -0.00831127 0.00699187 0.02262227
v -0.00831219 0.00701440 0.02261600
v -0.00847604 0.00684858 0.02251275
v -0.00846755 0.00679720 0.02257074
v -0.00848206 0.00691451 0.02247160
v -0.00848512 0.00698949 0.02245066
v -0.00830921 0.00700451 0.02285449
v -0.00834958 0.00699605 0.02292544
v -0.00840715 0.00698949 0.02298356
v -0.00848697 0.00696350 0.02302463
v -0.00847796 0.00698556 0.02302485
v -0.00848137 0.00690199 0.02300154
v -0.00849753 0.00677134 0.02289112
v -0.00852086 0.00679804 0.02293960
v -0.00856890 0.00679208 0.02294562
v -0.00849713 0.00680567 0.02293738
v -0.00848808 0.00682856 0.02295570
v -0.00849256 0.00685192 0.02297689
v -0.00848912 0.00690521 0.02300637
v -0.00857441 0.00676287 0.02290789
v -0.00850894 0.00673498 0.02281312
v -0.00858621 0.00672532 0.02282730
v -0.00852138 0.00672258 0.02272812
v -0.00859905 0.00671245 0.02273948
v -0.00853381 0.00673498 0.02264312
v -0.00861190 0.00672532 0.02265166
v -0.00854522 0.00677134 0.02256511
v -0.00862369 0.00676287 0.02257108
v -0.00841022 0.00691451 0.02296263
v -0.00841624 0.00684858 0.02292147
v -0.00842472 0.00679720 0.02286348
v -0.00843497 0.00676454 0.02279344
v -0.00844614 0.00675334 0.02271711
v -0.00845730 0.00676454 0.02264078
v -0.00860149 0.00679351 0.02252955
v -0.00862921 0.00679208 0.02253335
v -0.00835208 0.00693465 0.02290833
v -0.00835701 0.00688077 0.02287469
v -0.00836394 0.00683881 0.02282729
v -0.00837232 0.00681211 0.02277004
v -0.00838144 0.00680305 0.02270765
v -0.00839057 0.00681211 0.02264526
v -0.00839895 0.00683881 0.02258801
v -0.00840588 0.00688077 0.02254061
v -0.00841081 0.00693465 0.02250697
v -0.00841331 0.00699605 0.02248985
v -0.00831098 0.00696112 0.02284238
v -0.00831447 0.00692297 0.02281858
v -0.00831937 0.00689329 0.02278504
v -0.00832530 0.00687433 0.02274453
v -0.00833176 0.00686790 0.02270038
v -0.00833822 0.00687433 0.02265623
v -0.00834415 0.00689329 0.02261572
v -0.00834905 0.00692297 0.02258218
v -0.00835254 0.00696112 0.02255837
v -0.00835431 0.00700451 0.02254626
v -0.00890842 0.00699211 0.02271007
v -0.00890933 0.00701440 0.02270384
v -0.00888926 0.00700463 0.02262538
v -0.00878345 0.00684918 0.02255848
v -0.00878945 0.00691486 0.02251747
v -0.00879250 0.00698973 0.02249661
v -0.00884941 0.00699617 0.02255470
v -0.00870288 0.00677181 0.02258852
v -0.00864001 0.00680567 0.02295829
v -0.00865528 0.00677181 0.02291386
v -0.00859261 0.00679351 0.02294933
v -0.00864585 0.00682891 0.02297831
v -0.00863299 0.00685264 0.02299792
v -0.00862787 0.00690604 0.02302700
v -0.00862472 0.00696422 0.02304495
v -0.00863576 0.00698556 0.02304731
v -0.00871481 0.00698973 0.02302760
v -0.00878598 0.00699617 0.02298825
v -0.00884441 0.00700463 0.02293194
v -0.00888612 0.00701440 0.02286253
v -0.00884692 0.00693513 0.02257173
v -0.00888750 0.00696148 0.02263742
v -0.00884202 0.00688149 0.02260522
v -0.00888404 0.00692357 0.02266110
v -0.00890663 0.00697244 0.02272233
v -0.00890410 0.00695718 0.02273960
v -0.00887916 0.00689400 0.02269446
v -0.00883512 0.00683964 0.02265239
v -0.00877500 0.00679804 0.02261626
v -0.00868452 0.00679804 0.02254245
v -0.00872387 0.00684918 0.02296573
v -0.00873232 0.00679804 0.02290795
v -0.00879337 0.00688149 0.02293773
v -0.00880027 0.00683964 0.02289055
v -0.00884964 0.00692357 0.02289622
v -0.00885452 0.00689400 0.02286287
v -0.00888882 0.00697244 0.02284404
v -0.00888703 0.00699211 0.02285629
v -0.00884617 0.00696148 0.02291990
v -0.00878847 0.00693513 0.02297121
v -0.00871787 0.00691486 0.02300674
v -0.00863916 0.00690223 0.02302404
v -0.00889135 0.00695718 0.02282677
v -0.00869149 0.00673557 0.02266637
v -0.00876479 0.00676550 0.02268605
v -0.00882678 0.00681318 0.02270938
v -0.00887326 0.00687517 0.02273475
v -0.00890105 0.00694741 0.02276045
v -0.00867908 0.00672318 0.02275119
v -0.00875366 0.00675441 0.02276210
v -0.00881770 0.00680400 0.02277147
v -0.00886684 0.00686873 0.02277866
v -0.00889773 0.00694407 0.02278318
v -0.00866667 0.00673557 0.02283602
v -0.00874253 0.00676550 0.02283816
v -0.00880861 0.00681318 0.02283357
v -0.00886041 0.00687517 0.02282257
v -0.00889440 0.00694741 0.02280591
v -0.00896592 0.00701440 0.02289746
v -0.00896985 0.00699187 0.02289249
v -0.00897757 0.00697220 0.02288272
v -0.00898846 0.00695683 0.02286895
v -0.00900161 0.00694705 0.02285231
v -0.00901594 0.00694359 0.02283419
v -0.00903026 0.00694705 0.02281606
v -0.00904341 0.00695683 0.02279942
v -0.00905430 0.00697220 0.02278565
v -0.00906202 0.00699187 0.02277588
v -0.00906595 0.00701440 0.02277091
v -0.00925947 0.00684858 0.02276342
v -0.00922313 0.00679720 0.02280940
v -0.00928527 0.00691451 0.02273079
v -0.00929839 0.00698949 0.02271419
v -0.00894413 0.00700451 0.02297596
v -0.00894362 0.00699605 0.02305759
v -0.00896441 0.00698949 0.02313671
v -0.00901301 0.00696350 0.02321218
v -0.00900509 0.00698556 0.02320787
v -0.00901970 0.00690199 0.02318939
v -0.00908890 0.00677134 0.02310185
v -0.00908487 0.00679804 0.02315549
v -0.00912346 0.00679208 0.02318473
v -0.00906542 0.00680567 0.02314171
v -0.00904843 0.00682856 0.02315305
v -0.00904172 0.00685192 0.02317364
v -0.00902399 0.00690521 0.02319745
v -0.00914710 0.00676287 0.02315481
v -0.00913778 0.00673498 0.02304000
v -0.00919761 0.00672532 0.02309092
v -0.00919105 0.00672258 0.02297260
v -0.00925264 0.00671245 0.02302129
v -0.00924433 0.00673498 0.02290521
v -0.00930768 0.00672532 0.02295166
v -0.00929321 0.00677134 0.02284336
v -0.00935819 0.00676287 0.02288776
v -0.00897754 0.00691451 0.02312011
v -0.00900333 0.00684858 0.02308748
v -0.00903967 0.00679720 0.02304151
v -0.00908356 0.00676454 0.02298597
v -0.00913140 0.00675334 0.02292545
v -0.00917924 0.00676454 0.02286493
v -0.00935972 0.00679351 0.02284070
v -0.00938183 0.00679208 0.02285784
v -0.00895434 0.00693465 0.02304402
v -0.00897542 0.00688077 0.02301735
v -0.00900513 0.00683881 0.02297977
v -0.00904101 0.00681211 0.02293438
v -0.00908011 0.00680305 0.02288491
v -0.00911921 0.00681211 0.02283544
v -0.00915509 0.00683881 0.02279005
v -0.00918479 0.00688077 0.02275247
v -0.00920587 0.00693465 0.02272579
v -0.00921660 0.00699605 0.02271223
v -0.00895172 0.00696112 0.02296636
v -0.00896664 0.00692297 0.02294749
v -0.00898766 0.00689329 0.02292090
v -0.00901304 0.00687433 0.02288878
v -0.00904071 0.00686790 0.02285377
v -0.00906838 0.00687433 0.02281877
v -0.00909377 0.00689329 0.02278665
v -0.00911479 0.00692297 0.02276005
v -0.00912971 0.00696112 0.02274118
v -0.00913730 0.00700451 0.02273158
v -0.00950284 0.00684918 0.02295673
v -0.00946077 0.00682963 0.02289417
v -0.00944644 0.00680567 0.02291176
v -0.00953918 0.00701440 0.02314556
v -0.00956102 0.00700463 0.02306757
v -0.00953527 0.00699211 0.02315050
v -0.00952854 0.00691486 0.02292422
v -0.00949048 0.00690485 0.02285803
v -0.00947159 0.00685168 0.02288093
v -0.00950236 0.00696279 0.02284399
v -0.00941804 0.00677181 0.02294246
v -0.00917871 0.00680567 0.02323125
v -0.00921415 0.00677181 0.02320042
v -0.00914214 0.00679351 0.02319980
v -0.00917376 0.00682891 0.02325151
v -0.00915281 0.00685264 0.02326206
v -0.00913384 0.00690604 0.02328469
v -0.00912214 0.00696422 0.02329866
v -0.00913052 0.00698556 0.02330622
v -0.00920884 0.00698973 0.02332868
v -0.00929015 0.00699617 0.02333018
v -0.00936890 0.00700463 0.02331064
v -0.00943973 0.00701440 0.02327138
v -0.00956185 0.00699617 0.02298644
v -0.00955348 0.00696148 0.02307712
v -0.00952759 0.00697244 0.02316022
v -0.00951677 0.00695718 0.02317391
v -0.00953864 0.00692357 0.02309589
v -0.00955118 0.00693513 0.02299994
v -0.00954161 0.00698973 0.02290768
v -0.00953019 0.00688149 0.02302649
v -0.00942517 0.00679804 0.02289338
v -0.00946663 0.00679804 0.02300254
v -0.00950063 0.00683964 0.02306389
v -0.00951773 0.00689400 0.02312234
v -0.00924761 0.00684918 0.02327962
v -0.00928382 0.00679804 0.02323381
v -0.00932181 0.00688149 0.02329013
v -0.00935137 0.00683964 0.02325273
v -0.00939128 0.00692357 0.02328232
v -0.00941219 0.00689400 0.02325587
v -0.00945131 0.00697244 0.02325672
v -0.00944363 0.00699211 0.02326643
v -0.00937645 0.00696148 0.02330109
v -0.00930082 0.00693513 0.02331668
v -0.00922191 0.00691486 0.02331214
v -0.00914510 0.00690223 0.02328778
v -0.00946214 0.00695718 0.02324302
v -0.00936926 0.00673557 0.02300418
v -0.00942289 0.00676550 0.02305788
v -0.00946492 0.00681318 0.02310907
v -0.00949248 0.00687517 0.02315429
v -0.00950370 0.00694741 0.02319044
v -0.00948945 0.00694407 0.02320847
v -0.00946496 0.00686873 0.02318911
v -0.00942600 0.00680400 0.02315831
v -0.00937522 0.00675441 0.02311818
v -0.00931610 0.00672318 0.02307144
v -0.00926293 0.00673557 0.02313870
v -0.00932756 0.00676550 0.02317848
v -0.00938708 0.00681318 0.02320755
v -0.00943744 0.00687517 0.02322392
v -0.00947521 0.00694741 0.02322649
v -0.00949137 0.00701440 0.02334153
v -0.00949726 0.00699187 0.02333919
v -0.00950883 0.00697220 0.02333459
v -0.00952515 0.00695683 0.02332811
v -0.00954485 0.00694705 0.02332027
v -0.00956632 0.00694359 0.02331174
v -0.00958779 0.00694705 0.02330321
v -0.00960750 0.00695683 0.02329537
v -0.00962381 0.00697220 0.02328889
v -0.00963539 0.00699187 0.02328429
v -0.00964128 0.00701440 0.02328195
v -0.00983822 0.00680567 0.02343783
v -0.00985918 0.00682963 0.02342914
v -0.00981261 0.00684858 0.02337223
v -0.00975815 0.00679720 0.02339387
v -0.00987583 0.00685311 0.02342220
v -0.00985127 0.00691451 0.02335686
v -0.00990293 0.00690640 0.02341077
v -0.00987093 0.00698949 0.02334905
v -0.00991948 0.00696446 0.02340353
v -0.00943325 0.00700451 0.02339862
v -0.00939199 0.00699605 0.02346906
v -0.00937044 0.00698949 0.02354798
v -0.00937479 0.00696350 0.02363763
v -0.00937009 0.00698556 0.02362994
v -0.00939198 0.00690199 0.02362124
v -0.00949568 0.00677134 0.02358002
v -0.00946537 0.00679804 0.02362446
v -0.00948417 0.00679208 0.02366908
v -0.00945542 0.00680567 0.02360281
v -0.00943503 0.00682856 0.02360413
v -0.00941892 0.00685192 0.02361861
v -0.00939167 0.00690521 0.02363036
v -0.00951960 0.00676287 0.02365499
v -0.00956894 0.00673498 0.02355091
v -0.00959529 0.00672532 0.02362491
v -0.00964877 0.00672258 0.02351917
v -0.00967777 0.00671245 0.02359213
v -0.00972860 0.00673498 0.02348744
v -0.00976025 0.00672532 0.02355934
v -0.00980186 0.00677134 0.02345833
v -0.00983593 0.00676287 0.02352926
v -0.00939010 0.00691451 0.02354016
v -0.00942876 0.00684858 0.02352480
v -0.00948322 0.00679720 0.02350315
v -0.00954900 0.00676454 0.02347700
v -0.00962069 0.00675334 0.02344851
v -0.00969237 0.00676454 0.02342002
v -0.00986079 0.00679351 0.02348928
v -0.00987137 0.00679208 0.02351518
v -0.00940806 0.00693465 0.02346267
v -0.00943966 0.00688077 0.02345011
v -0.00948417 0.00683881 0.02343241
v -0.00953794 0.00681211 0.02341104
v -0.00959654 0.00680305 0.02338775
v -0.00965513 0.00681211 0.02336446
v -0.00970890 0.00683881 0.02334309
v -0.00975342 0.00688077 0.02332540
v -0.00978501 0.00693465 0.02331284
v -0.00980108 0.00699605 0.02330645
v -0.00944462 0.00696112 0.02339410
v -0.00946698 0.00692297 0.02338521
v -0.00949848 0.00689329 0.02337269
v -0.00953653 0.00687433 0.02335757
v -0.00957799 0.00686790 0.02334109
v -0.00961945 0.00687433 0.02332461
v -0.00965750 0.00689329 0.02330949
v -0.00968900 0.00692297 0.02329697
v -0.00971136 0.00696112 0.02328808
v -0.00972273 0.00700451 0.02328356
v -0.00985792 0.00699211 0.02384534
v -0.00986378 0.00701440 0.02384302
v -0.00992169 0.00700463 0.02378641
v -0.00992672 0.00684918 0.02366132
v -0.00996523 0.00691486 0.02364601
v -0.00998482 0.00698973 0.02363822
v -0.00996297 0.00699617 0.02371655
v -0.00986042 0.00677181 0.02360657
v -0.00950876 0.00680567 0.02373700
v -0.00955487 0.00677181 0.02372801
v -0.00949282 0.00679351 0.02369147
v -0.00949434 0.00682891 0.02375207
v -0.00947093 0.00685264 0.02375073
v -0.00944318 0.00690604 0.02376084
v -0.00942606 0.00696422 0.02376709
v -0.00942954 0.00698556 0.02377783
v -0.00948614 0.00698973 0.02383644
v -0.00955580 0.00699617 0.02387839
v -0.00963377 0.00700463 0.02390084
v -0.00971474 0.00701440 0.02390225
v -0.00994698 0.00693513 0.02372291
v -0.00991038 0.00696148 0.02379090
v -0.00991553 0.00688149 0.02373541
v -0.00988814 0.00692357 0.02379974
v -0.00984641 0.00697244 0.02384992
v -0.00983020 0.00695718 0.02385636
v -0.00985681 0.00689400 0.02381219
v -0.00987122 0.00683964 0.02375302
v -0.00987246 0.00679804 0.02368289
v -0.00989113 0.00679804 0.02356763
v -0.00954424 0.00684918 0.02381334
v -0.00959851 0.00679804 0.02379177
v -0.00960324 0.00688149 0.02385954
v -0.00964755 0.00683964 0.02384192
v -0.00966732 0.00692357 0.02388751
v -0.00969865 0.00689400 0.02387506
v -0.00973211 0.00697244 0.02389535
v -0.00972060 0.00699211 0.02389993
v -0.00964508 0.00696148 0.02389635
v -0.00957179 0.00693513 0.02387203
v -0.00950573 0.00691486 0.02382865
v -0.00945139 0.00690223 0.02376914
v -0.00974832 0.00695718 0.02388890
v -0.00978731 0.00673557 0.02363562
v -0.00980691 0.00676550 0.02370894
v -0.00981771 0.00681318 0.02377429
v -0.00981897 0.00687517 0.02382723
v -0.00981061 0.00694741 0.02386415
v -0.00970764 0.00672318 0.02366729
v -0.00973548 0.00675441 0.02373733
v -0.00975939 0.00680400 0.02379747
v -0.00977773 0.00686873 0.02384362
v -0.00978926 0.00694407 0.02387263
v -0.00962797 0.00673557 0.02369896
v -0.00966405 0.00676550 0.02376572
v -0.00970106 0.00681318 0.02382065
v -0.00973649 0.00687517 0.02386001
v -0.00976791 0.00694741 0.02388112
v -0.00972439 0.00701440 0.02398883
v -0.00973066 0.00699187 0.02398975
v -0.00974298 0.00697220 0.02399155
v -0.00976035 0.00695683 0.02399409
v -0.00978133 0.00694705 0.02399716
v -0.00980419 0.00694359 0.02400051
v -0.00982706 0.00694705 0.02400385
v -0.00984804 0.00695683 0.02400692
v -0.00986541 0.00697220 0.02400946
v -0.00987773 0.00699187 0.02401127
v -0.00988400 0.00701440 0.02401219
v -0.00998725 0.00684858 0.02417604
v -0.00992926 0.00679720 0.02416755
v -0.01002840 0.00691451 0.02418206
v -0.01004934 0.00698949 0.02418512
v -0.00964551 0.00700451 0.02400921
v -0.00957456 0.00699605 0.02404958
v -0.00951644 0.00698949 0.02410715
v -0.00947537 0.00696350 0.02418697
v -0.00947515 0.00698556 0.02417796
v -0.00949846 0.00690199 0.02418137
v -0.00960887 0.00677134 0.02419753
v -0.00956040 0.00679804 0.02422086
v -0.00955438 0.00679208 0.02426890
v -0.00956262 0.00680567 0.02419713
v -0.00954430 0.00682856 0.02418808
v -0.00952311 0.00685192 0.02419256
v -0.00949363 0.00690521 0.02418912
v -0.00959211 0.00676287 0.02427441
v -0.00968688 0.00673498 0.02420894
v -0.00967270 0.00672532 0.02428620
v -0.00977188 0.00672258 0.02422138
v -0.00976052 0.00671245 0.02429905
v -0.00985688 0.00673498 0.02423381
v -0.00984834 0.00672532 0.02431190
v -0.00993489 0.00677134 0.02424522
v -0.00992892 0.00676287 0.02432369
v -0.00953737 0.00691451 0.02411022
v -0.00957853 0.00684858 0.02411624
v -0.00963652 0.00679720 0.02412472
v -0.00970656 0.00676454 0.02413497
v -0.00978289 0.00675334 0.02414614
v -0.00985922 0.00676454 0.02415730
v -0.00997045 0.00679351 0.02430149
v -0.00996665 0.00679208 0.02432921
v -0.00959167 0.00693465 0.02405208
v -0.00962531 0.00688077 0.02405701
v -0.00967271 0.00683881 0.02406394
v -0.00972996 0.00681211 0.02407232
v -0.00979235 0.00680305 0.02408144
v -0.00985474 0.00681211 0.02409057
v -0.00991200 0.00683881 0.02409895
v -0.00995939 0.00688077 0.02410588
v -0.00999303 0.00693465 0.02411081
v -0.01001015 0.00699605 0.02411331
v -0.00965762 0.00696112 0.02401098
v -0.00968142 0.00692297 0.02401447
v -0.00971496 0.00689329 0.02401937
v -0.00975547 0.00687433 0.02402530
v -0.00979962 0.00686790 0.02403176
v -0.00984377 0.00687433 0.02403822
v -0.00988428 0.00689329 0.02404415
v -0.00991782 0.00692297 0.02404905
v -0.00994163 0.00696112 0.02405254
v -0.00995374 0.00700451 0.02405431
v -0.00978993 0.00699211 0.02460842
v -0.00979616 0.00701440 0.02460933
v -0.00987462 0.00700463 0.02458926
v -0.00952169 0.00682891 0.02434585
v -0.00953667 0.00681068 0.02433911
v -0.00950036 0.00685514 0.02433265
v -0.00994152 0.00684918 0.02448345
v -0.00998253 0.00691486 0.02448945
v -0.01000339 0.00698973 0.02449250
v -0.00994530 0.00699617 0.02454941
v -0.00991147 0.00677181 0.02440288
v -0.00954171 0.00680567 0.02434001
v -0.00958614 0.00677181 0.02435528
v -0.00955067 0.00679351 0.02429261
v -0.00945516 0.00696362 0.02432455
v -0.00945269 0.00698556 0.02433576
v -0.00947240 0.00698973 0.02441482
v -0.00951175 0.00699617 0.02448598
v -0.00956806 0.00700463 0.02454441
v -0.00963747 0.00701440 0.02458612
v -0.00992827 0.00693513 0.02454692
v -0.00986257 0.00696148 0.02458750
v -0.00989478 0.00688149 0.02454202
v -0.00983890 0.00692357 0.02458404
v -0.00977767 0.00697244 0.02460663
v -0.00976040 0.00695718 0.02460410
v -0.00980554 0.00689400 0.02457916
v -0.00984761 0.00683964 0.02453512
v -0.00988374 0.00679804 0.02447500
v -0.00995755 0.00679804 0.02438452
v -0.00953427 0.00684918 0.02442387
v -0.00959205 0.00679804 0.02443232
v -0.00956227 0.00688149 0.02449337
v -0.00960944 0.00683964 0.02450028
v -0.00960378 0.00692357 0.02454964
v -0.00963713 0.00689400 0.02455452
v -0.00965596 0.00697244 0.02458882
v -0.00964371 0.00699211 0.02458703
v -0.00958010 0.00696148 0.02454617
v -0.00952879 0.00693513 0.02448847
v -0.00949326 0.00691486 0.02441787
v -0.00947596 0.00690223 0.02433916
v -0.00947435 0.00690282 0.02432800
v -0.00967323 0.00695718 0.02459135
v -0.00983363 0.00673557 0.02439149
v -0.00981395 0.00676550 0.02446479
v -0.00979062 0.00681318 0.02452678
v -0.00976525 0.00687517 0.02457326
v -0.00973955 0.00694741 0.02460105
v -0.00974881 0.00672318 0.02437908
v -0.00973790 0.00675441 0.02445366
v -0.00972853 0.00680400 0.02451770
v -0.00972134 0.00686873 0.02456684
v -0.00971682 0.00694407 0.02459773
v -0.00966398 0.00673557 0.02436667
v -0.00966184 0.00676550 0.02444253
v -0.00966643 0.00681318 0.02450861
v -0.00967743 0.00687517 0.02456041
v -0.00969409 0.00694741 0.02459440
v -0.00960298 0.00701440 0.02466611
v -0.00960793 0.00699211 0.02467002
v -0.00961764 0.00697244 0.02467770
v -0.00963133 0.00695718 0.02468852
v -0.00964787 0.00694741 0.02470159
v -0.00966589 0.00694407 0.02471584
v -0.00968392 0.00694741 0.02473008
v -0.00970045 0.00695718 0.02474315
v -0.00971414 0.00697244 0.02475397
v -0.00972386 0.00699211 0.02476165
v -0.00972880 0.00701440 0.02476556
v -0.00931253 0.00690223 0.02471819
v -0.00929409 0.00698556 0.02470361
v -0.00928821 0.00696028 0.02471352
v -0.00973705 0.00684918 0.02495767
v -0.00969124 0.00679804 0.02492146
v -0.00976957 0.00691486 0.02498337
v -0.00978611 0.00698973 0.02499645
v -0.00952500 0.00700463 0.02464426
v -0.00944387 0.00699617 0.02464344
v -0.00936511 0.00698973 0.02466368
v -0.00928263 0.00701798 0.02470942
v -0.00939989 0.00677181 0.02478725
v -0.00934451 0.00679804 0.02478486
v -0.00935829 0.00680567 0.02476542
v -0.00934880 0.00682891 0.02474686
v -0.00932656 0.00685156 0.02474190
v -0.00930276 0.00690437 0.02472428
v -0.00946161 0.00673557 0.02483603
v -0.00952887 0.00672318 0.02488919
v -0.00959613 0.00673557 0.02494235
v -0.00965784 0.00677181 0.02499114
v -0.00938164 0.00691486 0.02467675
v -0.00941416 0.00684918 0.02470245
v -0.00945997 0.00679804 0.02473866
v -0.00951530 0.00676550 0.02478240
v -0.00957561 0.00675441 0.02483006
v -0.00963591 0.00676550 0.02487773
v -0.00965930 0.00679351 0.02505972
v -0.00945737 0.00693513 0.02465411
v -0.00948392 0.00688149 0.02467509
v -0.00952132 0.00683964 0.02470466
v -0.00956650 0.00681318 0.02474037
v -0.00961574 0.00680400 0.02477929
v -0.00966498 0.00681318 0.02481820
v -0.00971016 0.00683964 0.02485392
v -0.00974756 0.00688149 0.02488348
v -0.00977411 0.00693513 0.02490447
v -0.00978761 0.00699617 0.02491514
v -0.00953455 0.00696148 0.02465181
v -0.00955332 0.00692357 0.02466665
v -0.00957977 0.00689400 0.02468756
v -0.00961172 0.00687517 0.02471281
v -0.00964653 0.00686873 0.02474033
v -0.00968135 0.00687517 0.02476785
v -0.00971330 0.00689400 0.02479310
v -0.00973975 0.00692357 0.02481400
v -0.00975852 0.00696148 0.02482884
v -0.00976807 0.00700463 0.02483639
v -0.00945641 0.00686575 0.02446529
v -0.00942299 0.00694812 0.02445373
v -0.00939083 0.00686575 0.02461740
v -0.00935948 0.00694812 0.02460103
v -0.00943416 0.00680567 0.02464003
v -0.00950261 0.00680567 0.02448126
v -0.00107800 0.00242502 0.02732310
v -0.00102828 0.00242502 0.02720769
v -0.00102828 0.00632502 0.02720769
v -0.00107800 0.00632502 0.02732310
v -0.00174118 0.00242502 0.02853397
v -0.00174118 0.00632502 0.02853397
v -0.00260266 0.00242502 0.02961279
v -0.00260266 0.00632502 0.02961279
v -0.00363680 0.00242502 0.03052744
v -0.00363680 0.00632502 0.03052744
v -0.00481279 0.00242502 0.03125066
v -0.00481279 0.00632502 0.03125066
v -0.00609561 0.00242502 0.03176093
v -0.00609561 0.00632502 0.03176093
v -0.00744706 0.00242502 0.03204304
v -0.00744706 0.00632502 0.03204304
v -0.00882689 0.00242502 0.03208860
v -0.00882689 0.00632502 0.03208860
v -0.01019401 0.00242502 0.03189625
v -0.01019401 0.00632502 0.03189625
v -0.01150770 0.00242502 0.03147172
v -0.01150770 0.00632502 0.03147172
v -0.01231121 0.00242502 0.03107871
v -0.01272883 0.00632502 0.03082765
v -0.01272883 0.00242502 0.03082765
v -0.01382105 0.00242502 0.02998321
v -0.01382105 0.00632502 0.02998321
v -0.01475182 0.00242502 0.02896357
v -0.01475182 0.00632502 0.02896357
v -0.01549343 0.00242502 0.02779909
v -0.01549343 0.00632502 0.02779909
v -0.01602378 0.00242502 0.02652444
v -0.01602378 0.00632502 0.02652444
v -0.01632709 0.00242502 0.02517758
v -0.01632709 0.00632502 0.02517758
v -0.01639432 0.00242502 0.02379864
v -0.01639432 0.00632502 0.02379864
v -0.01622347 0.00242502 0.02242867
v -0.01622347 0.00632502 0.02242867
v -0.01581962 0.00242502 0.02110848
v -0.01581962 0.00632502 0.02110848
v -0.01577172 0.00242502 0.02099231
v -0.01577172 0.00632502 0.02099231
v -0.00407117 0.00632502 0.01737235
v -0.00515839 0.00302501 0.01678618
v -0.00529230 0.00302501 0.01672828
v -0.00515839 0.00242502 0.01678618
v -0.00448879 0.00242502 0.01712129
v -0.00529230 0.00632502 0.01672828
v -0.00660599 0.00632502 0.01630375
v -0.00660599 0.00302501 0.01630375
v -0.00797311 0.00632502 0.01611140
v -0.00797311 0.00302501 0.01611140
v -0.00935294 0.00632502 0.01615696
v -0.00935294 0.00302501 0.01615696
v -0.01070439 0.00632502 0.01643907
v -0.01070439 0.00302501 0.01643907
v -0.01167860 0.00302501 0.01680269
v -0.01167860 0.00242502 0.01680269
v -0.01198721 0.00242502 0.01694934
v -0.01198721 0.00632502 0.01694934
v -0.01316320 0.00632502 0.01767257
v -0.01316320 0.00242502 0.01767257
v -0.01419734 0.00632502 0.01858721
v -0.01419734 0.00242502 0.01858721
v -0.01505882 0.00632502 0.01966603
v -0.01505882 0.00242502 0.01966603
v -0.01572200 0.00632502 0.02087690
v -0.01572200 0.00242502 0.02087690
v -0.00407117 0.00242502 0.01737235
v -0.00297895 0.00242502 0.01821679
v -0.00297895 0.00632502 0.01821679
v -0.00204818 0.00242502 0.01923643
v -0.00204818 0.00632502 0.01923643
v -0.00130657 0.00242502 0.02040091
v -0.00130657 0.00632502 0.02040091
v -0.00077621 0.00242502 0.02167556
v -0.00077621 0.00632502 0.02167556
v -0.00047291 0.00242502 0.02302242
v -0.00047291 0.00632502 0.02302242
v -0.00040568 0.00242502 0.02440136
v -0.00040568 0.00632502 0.02440136
v -0.00057653 0.00242502 0.02577133
v -0.00057653 0.00632502 0.02577133
v -0.00098038 0.00242502 0.02709152
v -0.00098038 0.00632502 0.02709152
v -0.00446328 0.00632502 0.02926171
v -0.00519320 0.00632502 0.02971239
v -0.00520897 0.00632502 0.02975348
v -0.01356171 0.00632502 0.02803672
v -0.01401239 0.00632502 0.02730680
v -0.01405348 0.00632502 0.02729103
v -0.00673824 0.00632502 0.03037532
v -0.00758507 0.00632502 0.03051236
v -0.00761536 0.00632502 0.03054429
v -0.00212468 0.00632502 0.02243824
v -0.00198764 0.00632502 0.02328507
v -0.00195571 0.00632502 0.02331536
v -0.00256945 0.00632502 0.02124592
v -0.00226983 0.00632502 0.02204974
v -0.00223261 0.00632502 0.02207322
v -0.01487893 0.00632502 0.02450557
v -0.01484814 0.00632502 0.02364828
v -0.01487354 0.00632502 0.02361234
v -0.01467532 0.00632502 0.02576176
v -0.01481236 0.00632502 0.02491493
v -0.01484429 0.00632502 0.02488464
v -0.00799443 0.00632502 0.03057893
v -0.00554592 0.00632502 0.02993055
v -0.00416734 0.00632502 0.02902231
v -0.00419532 0.00632502 0.02906082
v -0.00415989 0.00632502 0.02897893
v -0.00357551 0.00632502 0.02840062
v -0.00417298 0.00632502 0.02893521
v -0.00362070 0.00632502 0.02838568
v -0.00417452 0.00632502 0.02893260
v -0.00368117 0.00632502 0.02835424
v -0.00261556 0.00632502 0.02698493
v -0.00260585 0.00632502 0.02702785
v -0.01488098 0.00632502 0.02356533
v -0.01423055 0.00632502 0.02695408
v -0.00926620 0.00632502 0.03053357
v -0.01010101 0.00632502 0.03033611
v -0.01014121 0.00632502 0.03035402
v -0.00888766 0.00632502 0.03057354
v -0.00893467 0.00632502 0.03058098
v -0.00794957 0.00632502 0.03058734
v -0.00794655 0.00632502 0.03058717
v -0.00766002 0.00632502 0.03056076
v -0.00550126 0.00632502 0.02992115
v -0.00549853 0.00632502 0.02991983
v -0.00524392 0.00632502 0.02978579
v -0.00450722 0.00632502 0.02925919
v -0.00519751 0.00632502 0.02966696
v -0.00454863 0.00632502 0.02923572
v -0.00519851 0.00632502 0.02966410
v -0.00460180 0.00632502 0.02919309
v -0.00442131 0.00632502 0.02924378
v -0.00441889 0.00632502 0.02924196
v -0.00261696 0.00632502 0.02707414
v -0.00220774 0.00632502 0.02211381
v -0.00212594 0.00632502 0.02238967
v -0.01418444 0.00632502 0.02121507
v -0.01419415 0.00632502 0.02117214
v -0.01422115 0.00632502 0.02699874
v -0.01421984 0.00632502 0.02700147
v -0.01408579 0.00632502 0.02725608
v -0.01355919 0.00632502 0.02799278
v -0.01396696 0.00632502 0.02730249
v -0.01353572 0.00632502 0.02795137
v -0.01396410 0.00632502 0.02730149
v -0.01349309 0.00632502 0.02789820
v -0.01336082 0.00632502 0.02830468
v -0.01354196 0.00632502 0.02808111
v -0.01018878 0.00632502 0.03035214
v -0.00677788 0.00632502 0.03035618
v -0.00757166 0.00632502 0.03046874
v -0.00680715 0.00632502 0.03031865
v -0.00757149 0.00632502 0.03046571
v -0.00683997 0.00632502 0.03025891
v -0.00669261 0.00632502 0.03037482
v -0.00668967 0.00632502 0.03037406
v -0.00641381 0.00632502 0.03029226
v -0.00637322 0.00632502 0.03026739
v -0.00634974 0.00632502 0.03023017
v -0.00558853 0.00632502 0.02991951
v -0.00634510 0.00632502 0.03018476
v -0.00562456 0.00632502 0.02988841
v -0.00634552 0.00632502 0.03018177
v -0.00566840 0.00632502 0.02983622
v -0.00192646 0.00632502 0.02458766
v -0.00191902 0.00632502 0.02463467
v -0.00191266 0.00632502 0.02364957
v -0.00192107 0.00632502 0.02369443
v -0.01418304 0.00632502 0.02112586
v -0.00406214 0.00632502 0.02839668
v -0.00416810 0.00632502 0.02850624
v -0.00422410 0.00632502 0.02864143
v -0.00328837 0.00632502 0.02810198
v -0.00330831 0.00632502 0.02814521
v -0.00328953 0.00632502 0.02805798
v -0.00282920 0.00632502 0.02737677
v -0.00331090 0.00632502 0.02801766
v -0.00287644 0.00632502 0.02737093
v -0.00331292 0.00632502 0.02801540
v -0.00294188 0.00632502 0.02735190
v -0.00229698 0.00632502 0.02622700
v -0.00264439 0.00632502 0.02694955
v -0.00214382 0.00632502 0.02247788
v -0.00203126 0.00632502 0.02327166
v -0.00218135 0.00632502 0.02250715
v -0.00203429 0.00632502 0.02327149
v -0.00224109 0.00632502 0.02253997
v -0.00193924 0.00632502 0.02336002
v -0.00212518 0.00632502 0.02239261
v -0.00258049 0.00632502 0.02128853
v -0.00231524 0.00632502 0.02204510
v -0.00261159 0.00632502 0.02132456
v -0.00231823 0.00632502 0.02204552
v -0.00266378 0.00632502 0.02136840
v -0.01006176 0.00632502 0.01782468
v -0.00921493 0.00632502 0.01768764
v -0.00918464 0.00632502 0.01765571
v -0.01125408 0.00632502 0.01826945
v -0.01045026 0.00632502 0.01796983
v -0.01042678 0.00632502 0.01793261
v -0.01485243 0.00632502 0.02447044
v -0.01480796 0.00632502 0.02366994
v -0.01480991 0.00632502 0.02444904
v -0.01480503 0.00632502 0.02367070
v -0.01474492 0.00632502 0.02442851
v -0.01465618 0.00632502 0.02572212
v -0.01476874 0.00632502 0.02492834
v -0.01461865 0.00632502 0.02569285
v -0.01476571 0.00632502 0.02492851
v -0.01455891 0.00632502 0.02566003
v -0.01486076 0.00632502 0.02483998
v -0.01467482 0.00632502 0.02580739
v -0.01467406 0.00632502 0.02581033
v -0.01459226 0.00632502 0.02608619
v -0.01456739 0.00632502 0.02612678
v -0.01453017 0.00632502 0.02615026
v -0.01421950 0.00632502 0.02691147
v -0.01448476 0.00632502 0.02615490
v -0.01418841 0.00632502 0.02687544
v -0.01448176 0.00632502 0.02615448
v -0.01413622 0.00632502 0.02683160
v -0.01354378 0.00632502 0.02807869
v -0.01332231 0.00632502 0.02833266
v -0.01327893 0.00632502 0.02834011
v -0.01270062 0.00632502 0.02892449
v -0.01323521 0.00632502 0.02832702
v -0.01268568 0.00632502 0.02887930
v -0.01323260 0.00632502 0.02832548
v -0.01265424 0.00632502 0.02881883
v -0.00885172 0.00632502 0.03054814
v -0.00802957 0.00632502 0.03055243
v -0.00883006 0.00632502 0.03050797
v -0.00805096 0.00632502 0.03050991
v -0.00882930 0.00632502 0.03050503
v -0.00807149 0.00632502 0.03044492
v -0.00498373 0.00632502 0.02916040
v -0.00510903 0.00632502 0.02924718
v -0.00519033 0.00632502 0.02936884
v -0.00353192 0.00632502 0.02839451
v -0.00349425 0.00632502 0.02836874
v -0.00349224 0.00632502 0.02836648
v -0.00234445 0.00632502 0.02623049
v -0.00264681 0.00632502 0.02694772
v -0.00241234 0.00632502 0.02622459
v -0.00191283 0.00632502 0.02364655
v -0.01233672 0.00632502 0.01893829
v -0.01160680 0.00632502 0.01848761
v -0.01159103 0.00632502 0.01844652
v -0.01450302 0.00632502 0.02197300
v -0.01415561 0.00632502 0.02125046
v -0.01483357 0.00632502 0.02323380
v -0.01480071 0.00632502 0.02320451
v -0.01485056 0.00632502 0.02327616
v -0.01485099 0.00632502 0.02327916
v -0.01488734 0.00632502 0.02455043
v -0.01488717 0.00632502 0.02455345
v -0.01346039 0.00632502 0.02751627
v -0.01354718 0.00632502 0.02739097
v -0.01366884 0.00632502 0.02730967
v -0.00929549 0.00632502 0.03050071
v -0.01007193 0.00632502 0.03030094
v -0.00930817 0.00632502 0.03045484
v -0.01007061 0.00632502 0.03029821
v -0.00931563 0.00632502 0.03038709
v -0.00922384 0.00632502 0.03055056
v -0.00922084 0.00632502 0.03055099
v -0.00718031 0.00632502 0.03008254
v -0.00732928 0.00632502 0.03011477
v -0.00745095 0.00632502 0.03019607
v -0.00603661 0.00632502 0.02972964
v -0.00617643 0.00632502 0.02979031
v -0.00627990 0.00632502 0.02989378
v -0.00394388 0.00632502 0.02834038
v -0.00380918 0.00632502 0.02832506
v -0.00422733 0.00632502 0.02879291
v -0.00278764 0.00632502 0.02736228
v -0.00275573 0.00632502 0.02732966
v -0.00275419 0.00632502 0.02732705
v -0.00225904 0.00632502 0.02620468
v -0.00223410 0.00632502 0.02616646
v -0.00214598 0.00632502 0.02584122
v -0.00214786 0.00632502 0.02588877
v -0.00216389 0.00632502 0.02580101
v -0.00199929 0.00632502 0.02499549
v -0.00219906 0.00632502 0.02577193
v -0.00204516 0.00632502 0.02500817
v -0.00220179 0.00632502 0.02577061
v -0.00211291 0.00632502 0.02501563
v -0.00195186 0.00632502 0.02455172
v -0.00194757 0.00632502 0.02372956
v -0.00199204 0.00632502 0.02453006
v -0.00199009 0.00632502 0.02375096
v -0.00199497 0.00632502 0.02452930
v -0.00205508 0.00632502 0.02377149
v -0.00323829 0.00632502 0.02016328
v -0.00278761 0.00632502 0.02089320
v -0.00274652 0.00632502 0.02090897
v -0.01038619 0.00632502 0.01790774
v -0.01011033 0.00632502 0.01782594
v -0.01351163 0.00632502 0.02009802
v -0.01349169 0.00632502 0.02005479
v -0.01351047 0.00632502 0.02014202
v -0.01397080 0.00632502 0.02082323
v -0.01348910 0.00632502 0.02018235
v -0.01392356 0.00632502 0.02082907
v -0.01348708 0.00632502 0.02018460
v -0.01385812 0.00632502 0.02084810
v -0.01445555 0.00632502 0.02196951
v -0.01415319 0.00632502 0.02125228
v -0.01438766 0.00632502 0.02197541
v -0.01454096 0.00632502 0.02199532
v -0.01456590 0.00632502 0.02203354
v -0.01465402 0.00632502 0.02235879
v -0.01465214 0.00632502 0.02231122
v -0.01463611 0.00632502 0.02239899
v -0.01460094 0.00632502 0.02242807
v -0.01475484 0.00632502 0.02319183
v -0.01459821 0.00632502 0.02242939
v -0.01468709 0.00632502 0.02318437
v -0.01240198 0.00632502 0.02921163
v -0.01244520 0.00632502 0.02919169
v -0.01235798 0.00632502 0.02921047
v -0.01167677 0.00632502 0.02967080
v -0.01231765 0.00632502 0.02918910
v -0.01167093 0.00632502 0.02962356
v -0.01231540 0.00632502 0.02918708
v -0.01165190 0.00632502 0.02955812
v -0.01132786 0.00632502 0.02989415
v -0.01137414 0.00632502 0.02988304
v -0.01128493 0.00632502 0.02988444
v -0.01052700 0.00632502 0.03020302
v -0.01124954 0.00632502 0.02985561
v -0.01053049 0.00632502 0.03015555
v -0.01124772 0.00632502 0.02985319
v -0.01052459 0.00632502 0.03008766
v -0.01050468 0.00632502 0.03024096
v -0.01046645 0.00632502 0.03026590
v -0.01046360 0.00632502 0.03026689
v -0.00485676 0.00632502 0.02912825
v -0.00472166 0.00632502 0.02913950
v -0.00522305 0.00632502 0.02951679
v -0.00330725 0.00632502 0.02746785
v -0.00338980 0.00632502 0.02759597
v -0.00341835 0.00632502 0.02773949
v -0.00223311 0.00632502 0.02616360
v -0.00196643 0.00632502 0.02496620
v -0.00194944 0.00632502 0.02492384
v -0.00194901 0.00632502 0.02492084
v -0.00241746 0.00632502 0.02288031
v -0.00238523 0.00632502 0.02302928
v -0.00230394 0.00632502 0.02315095
v -0.00277036 0.00632502 0.02173661
v -0.00270969 0.00632502 0.02187643
v -0.00260622 0.00632502 0.02197990
v -0.00753380 0.00632502 0.01766643
v -0.00669899 0.00632502 0.01786389
v -0.00665879 0.00632502 0.01784598
v -0.00791234 0.00632502 0.01762646
v -0.00786533 0.00632502 0.01761902
v -0.00880557 0.00632502 0.01762107
v -0.01155608 0.00632502 0.01841421
v -0.01130147 0.00632502 0.01828017
v -0.01326808 0.00632502 0.01980549
v -0.01322449 0.00632502 0.01979938
v -0.01330575 0.00632502 0.01983126
v -0.01330776 0.00632502 0.01983352
v -0.01401236 0.00632502 0.02083772
v -0.01404427 0.00632502 0.02087034
v -0.01404581 0.00632502 0.02087295
v -0.01456689 0.00632502 0.02203640
v -0.01450554 0.00632502 0.02412912
v -0.01450808 0.00632502 0.02397672
v -0.01456408 0.00632502 0.02384153
v -0.01438254 0.00632502 0.02531969
v -0.01441477 0.00632502 0.02517072
v -0.01449606 0.00632502 0.02504905
v -0.01402964 0.00632502 0.02646339
v -0.01409031 0.00632502 0.02632357
v -0.01419378 0.00632502 0.02622010
v -0.01342825 0.00632502 0.02764324
v -0.01343950 0.00632502 0.02777834
v -0.01381679 0.00632502 0.02727695
v -0.01269668 0.00632502 0.02843786
v -0.01280624 0.00632502 0.02833190
v -0.01294143 0.00632502 0.02827590
v -0.01269451 0.00632502 0.02896808
v -0.01266874 0.00632502 0.02900575
v -0.01266648 0.00632502 0.02900776
v -0.01166228 0.00632502 0.02971236
v -0.01162966 0.00632502 0.02974427
v -0.01162705 0.00632502 0.02974581
v -0.00837088 0.00632502 0.03020554
v -0.00852328 0.00632502 0.03020808
v -0.00865847 0.00632502 0.03026408
v -0.00705070 0.00632502 0.03010144
v -0.00693019 0.00632502 0.03016353
v -0.00753780 0.00632502 0.03032023
v -0.00590580 0.00632502 0.02972288
v -0.00577549 0.00632502 0.02976028
v -0.00634086 0.00632502 0.03003250
v -0.00274807 0.00632502 0.02640959
v -0.00280404 0.00632502 0.02655136
v -0.00280404 0.00632502 0.02669768
v -0.00271421 0.00632502 0.02094392
v -0.00258016 0.00632502 0.02119853
v -0.00661122 0.00632502 0.01784786
v -0.00885043 0.00632502 0.01761266
v -0.00885345 0.00632502 0.01761283
v -0.00913998 0.00632502 0.01763924
v -0.01002212 0.00632502 0.01784382
v -0.00922834 0.00632502 0.01773126
v -0.00999285 0.00632502 0.01788135
v -0.00922851 0.00632502 0.01773429
v -0.00996003 0.00632502 0.01794109
v -0.01010739 0.00632502 0.01782518
v -0.01121147 0.00632502 0.01828049
v -0.01045490 0.00632502 0.01801524
v -0.01117544 0.00632502 0.01831159
v -0.01045448 0.00632502 0.01801823
v -0.01113160 0.00632502 0.01836378
v -0.00956257 0.00632502 0.03009391
v -0.00971254 0.00632502 0.03006667
v -0.00985605 0.00632502 0.03009522
v -0.00320224 0.00632502 0.02738955
v -0.00307312 0.00632502 0.02734825
v -0.00339197 0.00632502 0.02788869
v -0.00240609 0.00632502 0.02526257
v -0.00243333 0.00632502 0.02541254
v -0.00240478 0.00632502 0.02555605
v -0.00229446 0.00632502 0.02407088
v -0.00229192 0.00632502 0.02422328
v -0.00223592 0.00632502 0.02435847
v -0.00239856 0.00632502 0.02275070
v -0.00233647 0.00632502 0.02263019
v -0.00217978 0.00632502 0.02323780
v -0.00277712 0.00632502 0.02160580
v -0.00273972 0.00632502 0.02147549
v -0.00246750 0.00632502 0.02204086
v -0.00343918 0.00632502 0.01989532
v -0.00325804 0.00632502 0.02011889
v -0.01129874 0.00632502 0.01827885
v -0.01229278 0.00632502 0.01894081
v -0.01160249 0.00632502 0.01853304
v -0.01225137 0.00632502 0.01896428
v -0.01160149 0.00632502 0.01853590
v -0.01219820 0.00632502 0.01900691
v -0.01263266 0.00632502 0.01917769
v -0.01260468 0.00632502 0.01913918
v -0.01264011 0.00632502 0.01922107
v -0.01262702 0.00632502 0.01926479
v -0.01317930 0.00632502 0.01981432
v -0.01262548 0.00632502 0.01926740
v -0.01311883 0.00632502 0.01984576
v -0.01349275 0.00632502 0.02073216
v -0.01341020 0.00632502 0.02060403
v -0.01338165 0.00632502 0.02046051
v -0.01405193 0.00632502 0.02179042
v -0.01399596 0.00632502 0.02164864
v -0.01399596 0.00632502 0.02150232
v -0.01439391 0.00632502 0.02293743
v -0.01436667 0.00632502 0.02278746
v -0.01439522 0.00632502 0.02264395
v -0.01454936 0.00632502 0.02425255
v -0.01463377 0.00632502 0.02435863
v -0.01466891 0.00632502 0.02373213
v -0.01440144 0.00632502 0.02544930
v -0.01446353 0.00632502 0.02556981
v -0.01462022 0.00632502 0.02496220
v -0.01402288 0.00632502 0.02659420
v -0.01406028 0.00632502 0.02672451
v -0.01433250 0.00632502 0.02615914
v -0.01264038 0.00632502 0.02855613
v -0.01262506 0.00632502 0.02869082
v -0.01309291 0.00632502 0.02827267
v -0.01176784 0.00632502 0.02919275
v -0.01189597 0.00632502 0.02911020
v -0.01203949 0.00632502 0.02908165
v -0.01070959 0.00632502 0.02975193
v -0.01085136 0.00632502 0.02969596
v -0.01099768 0.00632502 0.02969596
v -0.00824744 0.00632502 0.03024936
v -0.00814137 0.00632502 0.03033377
v -0.00876787 0.00632502 0.03036891
v -0.00266035 0.00632502 0.02631231
v -0.00254177 0.00632502 0.02624661
v -0.00274906 0.00632502 0.02683888
v -0.00257885 0.00632502 0.02120126
v -0.00324081 0.00632502 0.02020722
v -0.00283304 0.00632502 0.02089751
v -0.00326428 0.00632502 0.02024863
v -0.00283590 0.00632502 0.02089851
v -0.00330691 0.00632502 0.02030180
v -0.00794828 0.00632502 0.01765186
v -0.00877044 0.00632502 0.01764757
v -0.00796994 0.00632502 0.01769204
v -0.00874904 0.00632502 0.01769009
v -0.00797070 0.00632502 0.01769497
v -0.00872851 0.00632502 0.01775508
v -0.01237869 0.00632502 0.01895622
v -0.01238111 0.00632502 0.01895804
v -0.00945006 0.00632502 0.03016096
v -0.00936248 0.00632502 0.03026445
v -0.00998381 0.00632502 0.03017669
v -0.00233904 0.00632502 0.02515006
v -0.00223555 0.00632502 0.02506248
v -0.00232331 0.00632502 0.02568381
v -0.00225064 0.00632502 0.02394744
v -0.00216623 0.00632502 0.02384137
v -0.00213109 0.00632502 0.02446787
v -0.00325622 0.00632502 0.02012131
v -0.00347769 0.00632502 0.01986734
v -0.00352107 0.00632502 0.01985989
v -0.00409938 0.00632502 0.01927551
v -0.00356479 0.00632502 0.01987298
v -0.00411432 0.00632502 0.01932070
v -0.00356740 0.00632502 0.01987452
v -0.00414576 0.00632502 0.01938117
v -0.00439802 0.00632502 0.01898837
v -0.00435480 0.00632502 0.01900831
v -0.00444202 0.00632502 0.01898953
v -0.00512323 0.00632502 0.01852920
v -0.00448234 0.00632502 0.01901090
v -0.00512907 0.00632502 0.01857644
v -0.00448460 0.00632502 0.01901292
v -0.00514810 0.00632502 0.01864188
v -0.00547214 0.00632502 0.01830585
v -0.00542586 0.00632502 0.01831696
v -0.00551507 0.00632502 0.01831556
v -0.00627300 0.00632502 0.01799698
v -0.00555046 0.00632502 0.01834439
v -0.00626951 0.00632502 0.01804445
v -0.00555228 0.00632502 0.01834681
v -0.00627541 0.00632502 0.01811234
v -0.00750451 0.00632502 0.01769929
v -0.00672807 0.00632502 0.01789906
v -0.00749183 0.00632502 0.01774516
v -0.00672939 0.00632502 0.01790179
v -0.00748437 0.00632502 0.01781291
v -0.00757616 0.00632502 0.01764943
v -0.00757916 0.00632502 0.01764901
v -0.00961969 0.00632502 0.01811746
v -0.00947072 0.00632502 0.01808523
v -0.00934905 0.00632502 0.01800393
v -0.01076339 0.00632502 0.01847036
v -0.01062357 0.00632502 0.01840969
v -0.01052010 0.00632502 0.01830622
v -0.01359776 0.00632502 0.02081045
v -0.01372688 0.00632502 0.02085175
v -0.01340803 0.00632502 0.02031131
v -0.01413964 0.00632502 0.02188769
v -0.01425823 0.00632502 0.02195339
v -0.01405094 0.00632502 0.02136112
v -0.01446096 0.00632502 0.02304994
v -0.01456445 0.00632502 0.02313752
v -0.01447669 0.00632502 0.02251619
v -0.01168955 0.00632502 0.02929776
v -0.01164825 0.00632502 0.02942688
v -0.01218869 0.00632502 0.02910803
v -0.01061231 0.00632502 0.02983964
v -0.01054662 0.00632502 0.02995823
v -0.01113888 0.00632502 0.02975094
v -0.00410549 0.00632502 0.01923192
v -0.00413126 0.00632502 0.01919425
v -0.00413352 0.00632502 0.01919224
v -0.00513772 0.00632502 0.01848764
v -0.00517034 0.00632502 0.01845573
v -0.00517295 0.00632502 0.01845419
v -0.00629532 0.00632502 0.01795904
v -0.00633354 0.00632502 0.01793410
v -0.00633640 0.00632502 0.01793311
v -0.01181627 0.00632502 0.01903961
v -0.01169097 0.00632502 0.01895282
v -0.01160967 0.00632502 0.01883116
v -0.01273786 0.00632502 0.01980332
v -0.01263190 0.00632502 0.01969376
v -0.01257590 0.00632502 0.01955857
v -0.00333961 0.00632502 0.02068373
v -0.00325282 0.00632502 0.02080903
v -0.00313116 0.00632502 0.02089033
v -0.00842912 0.00632502 0.01799446
v -0.00827672 0.00632502 0.01799192
v -0.00814153 0.00632502 0.01793592
v -0.00974930 0.00632502 0.01809856
v -0.00986981 0.00632502 0.01803647
v -0.00926220 0.00632502 0.01787977
v -0.01089420 0.00632502 0.01847712
v -0.01102451 0.00632502 0.01843972
v -0.01045914 0.00632502 0.01816750
v -0.00410332 0.00632502 0.01976214
v -0.00399376 0.00632502 0.01986810
v -0.00385857 0.00632502 0.01992410
v -0.00503216 0.00632502 0.01900725
v -0.00490403 0.00632502 0.01908980
v -0.00476051 0.00632502 0.01911835
v -0.00609041 0.00632502 0.01844807
v -0.00594864 0.00632502 0.01850404
v -0.00580232 0.00632502 0.01850404
v -0.00723743 0.00632502 0.01810609
v -0.00708746 0.00632502 0.01813333
v -0.00694395 0.00632502 0.01810478
v -0.01194324 0.00632502 0.01907175
v -0.01207834 0.00632502 0.01906050
v -0.01157695 0.00632502 0.01868321
v -0.01285612 0.00632502 0.01985962
v -0.01299082 0.00632502 0.01987494
v -0.01257267 0.00632502 0.01940709
v -0.00337175 0.00632502 0.02055676
v -0.00336050 0.00632502 0.02042166
v -0.00298321 0.00632502 0.02092305
v -0.00855255 0.00632502 0.01795064
v -0.00865863 0.00632502 0.01786623
v -0.00803213 0.00632502 0.01783109
v -0.00415962 0.00632502 0.01964387
v -0.00417494 0.00632502 0.01950918
v -0.00370709 0.00632502 0.01992733
v -0.00511045 0.00632502 0.01890224
v -0.00515175 0.00632502 0.01877312
v -0.00461131 0.00632502 0.01909197
v -0.00618769 0.00632502 0.01836035
v -0.00625338 0.00632502 0.01824177
v -0.00566112 0.00632502 0.01844906
v -0.00734994 0.00632502 0.01803904
v -0.00743752 0.00632502 0.01793555
v -0.00681619 0.00632502 0.01802331
v -0.01147471 0.00302501 0.01725649
v -0.00767747 0.00302501 0.01663225
v -0.00578705 0.00302501 0.01706711
v -0.00535169 0.00302501 0.01724469
v -0.00640323 0.00302501 0.01686797
v -0.00703598 0.00302501 0.01672255
v -0.01087215 0.00302501 0.01701642
v -0.01025173 0.00302501 0.01682961
v -0.00961640 0.00302501 0.01669667
v -0.00897331 0.00302501 0.01661936
v -0.00832466 0.00302501 0.01659786
v -0.01147471 0.00242502 0.01725649
v -0.00535169 0.00242502 0.01724469
v -0.00437966 0.00097502 0.01718358
v -0.00448879 0.00097502 0.01712129
v -0.00437966 0.00242502 0.01718358
v -0.00325039 0.00097502 0.01797778
v -0.00325039 0.00242502 0.01797778
v -0.00289324 0.00097502 0.01829693
v -0.00227449 0.00242502 0.01895432
v -0.00250003 0.00097502 0.01869719
v -0.00320002 0.00097502 0.01802051
v -0.00050899 0.00097502 0.02541602
v -0.00050899 0.00242502 0.02541602
v -0.00085275 0.00097502 0.02675312
v -0.00040023 0.00242502 0.02403973
v -0.00040023 0.00097502 0.02403973
v -0.00052971 0.00242502 0.02266524
v -0.00052971 0.00097502 0.02266524
v -0.00089358 0.00242502 0.02133347
v -0.00089358 0.00097502 0.02133347
v -0.00148101 0.00242502 0.02008409
v -0.00148101 0.00097502 0.02008409
v -0.00227449 0.00097502 0.01895432
v -0.00142128 0.00097502 0.02801121
v -0.00142128 0.00242502 0.02801121
v -0.00152147 0.00097502 0.02818483
v -0.00085275 0.00242502 0.02675312
v -0.00171775 0.00097502 0.02849858
v -0.00186351 0.00097502 0.02871240
v -0.00219765 0.00242502 0.02915281
v -0.00219765 0.00097502 0.02915281
v -0.00315873 0.00097502 0.03014393
v -0.00315873 0.00242502 0.03014393
v -0.00427591 0.00097502 0.03095506
v -0.00427591 0.00242502 0.03095506
v -0.00551590 0.00097502 0.03156204
v -0.00551590 0.00242502 0.03156204
v -0.00684179 0.00097502 0.03194678
v -0.00684179 0.00242502 0.03194678
v -0.00821408 0.00097502 0.03209784
v -0.00821408 0.00242502 0.03209784
v -0.00959191 0.00097502 0.03201071
v -0.00959191 0.00242502 0.03201071
v -0.01093425 0.00097502 0.03168799
v -0.01093425 0.00242502 0.03168799
v -0.01220111 0.00097502 0.03113929
v -0.01220111 0.00242502 0.03113929
v -0.01231121 0.00097502 0.03107871
v -0.01242034 0.00097502 0.03101642
v -0.01242034 0.00242502 0.03101642
v -0.01354961 0.00097502 0.03022222
v -0.01354961 0.00242502 0.03022222
v -0.01452551 0.00097502 0.02924568
v -0.01452551 0.00242502 0.02924568
v -0.01495461 0.00097502 0.02868662
v -0.01531900 0.00242502 0.02811591
v -0.01531900 0.00097502 0.02811591
v -0.01590642 0.00097502 0.02686653
v -0.01590642 0.00242502 0.02686653
v -0.01627029 0.00097502 0.02553476
v -0.01627029 0.00242502 0.02553476
v -0.01639977 0.00097502 0.02416027
v -0.01639977 0.00242502 0.02416027
v -0.01629101 0.00097502 0.02278398
v -0.01629101 0.00242502 0.02278398
v -0.01594725 0.00097502 0.02144688
v -0.01594725 0.00242502 0.02144688
v -0.01537872 0.00097502 0.02018879
v -0.01537872 0.00242502 0.02018879
v -0.01460235 0.00097502 0.01904719
v -0.01460235 0.00242502 0.01904719
v -0.01401581 0.00097502 0.01840240
v -0.01364127 0.00242502 0.01805607
v -0.01366770 0.00097502 0.01807910
v -0.01449041 0.00097502 0.01891281
v -0.01364127 0.00097502 0.01805607
v -0.01252409 0.00097502 0.01724494
v -0.01252409 0.00242502 0.01724494
v -0.01167861 0.00242502 0.01680267
v -0.01128410 0.00097502 0.01663796
v -0.01128410 0.00242502 0.01663796
v -0.00995821 0.00097502 0.01625322
v -0.00995821 0.00242502 0.01625322
v -0.00858592 0.00097502 0.01610216
v -0.00858592 0.00242502 0.01610216
v -0.00720809 0.00097502 0.01618929
v -0.00720809 0.00242502 0.01618929
v -0.00586575 0.00097502 0.01651201
v -0.00586575 0.00242502 0.01651201
v -0.00515838 0.00242502 0.01678615
v -0.00459889 0.00097502 0.01706071
v -0.00459889 0.00242502 0.01706071
v -0.01068293 0.00097502 0.01651698
v -0.01071390 0.00097502 0.03137957
v -0.01057983 0.00097502 0.03131847
v -0.01249905 0.00097502 0.01821259
v -0.01290314 0.00097502 0.01826436
v -0.01296781 0.00097502 0.01821931
v -0.00205335 0.00097502 0.02446080
v -0.00217676 0.00097502 0.02467815
v -0.00215001 0.00097502 0.02408768
v -0.00172309 0.00097502 0.02682254
v -0.00196910 0.00097502 0.02685694
v -0.00225943 0.00097502 0.02526441
v -0.01037449 0.00097502 0.03002980
v -0.01085764 0.00097502 0.02995052
v -0.01092672 0.00097502 0.02981648
v -0.01250396 0.00097502 0.02881380
v -0.01315240 0.00097502 0.02842079
v -0.01293149 0.00097502 0.02840455
v -0.01289858 0.00097502 0.03023592
v -0.01203965 0.00097502 0.02918103
v -0.01156998 0.00097502 0.02948646
v -0.01145563 0.00097502 0.02955212
v -0.01075413 0.00097502 0.03059531
v -0.01061339 0.00097502 0.03064214
v -0.00980471 0.00097502 0.03019010
v -0.01054872 0.00097502 0.03068719
v -0.00922240 0.00097502 0.03029564
v -0.01046654 0.00097502 0.03078414
v -0.01041485 0.00097502 0.03092331
v -0.00584994 0.00097502 0.03029400
v -0.00630643 0.00097502 0.02998900
v -0.00575938 0.00097502 0.02976468
v -0.00687274 0.00097502 0.03016051
v -0.00804155 0.00097502 0.03033961
v -0.00870063 0.00097502 0.03069264
v -0.00863298 0.00097502 0.03034572
v -0.00745269 0.00097502 0.03027778
v -0.00523500 0.00097502 0.02948934
v -0.00404892 0.00097502 0.03004215
v -0.00473962 0.00097502 0.02916596
v -0.00419208 0.00097502 0.02901842
v -0.00427678 0.00097502 0.02879706
v -0.00226104 0.00097502 0.02734158
v -0.00283190 0.00097502 0.02693892
v -0.00208674 0.00097502 0.02806474
v -0.00222748 0.00097502 0.02801791
v -0.00229216 0.00097502 0.02797287
v -0.00237433 0.00097502 0.02787591
v -0.00385155 0.00097502 0.02838642
v -0.00346617 0.00097502 0.02793657
v -0.00242602 0.00097502 0.02773674
v -0.00312553 0.00097502 0.02745296
v -0.00242289 0.00097502 0.02758580
v -0.00236628 0.00097502 0.02744958
v -0.00239708 0.00097502 0.02583971
v -0.00258870 0.00097502 0.02640020
v -0.00217933 0.00097502 0.02349615
v -0.00171863 0.00097502 0.02441399
v -0.00226420 0.00097502 0.02291070
v -0.00240425 0.00097502 0.02233542
v -0.00259778 0.00097502 0.02177685
v -0.00239872 0.00097502 0.02199100
v -0.00571567 0.00097502 0.01812297
v -0.00411380 0.00097502 0.01822902
v -0.00417041 0.00097502 0.01836524
v -0.00344508 0.00097502 0.01866781
v -0.00338847 0.00097502 0.01853159
v -0.00355032 0.00097502 0.01877581
v -0.00284375 0.00097502 0.02123830
v -0.00338534 0.00097502 0.01838065
v -0.00313916 0.00097502 0.02072568
v -0.00368439 0.00097502 0.01883691
v -0.00348203 0.00097502 0.02024305
v -0.00387449 0.00097502 0.01805992
v -0.00400856 0.00097502 0.01812102
v -0.00372462 0.00097502 0.01805265
v -0.00386851 0.00097502 0.01979546
v -0.00383426 0.00097502 0.01884418
v -0.00429604 0.00097502 0.01938620
v -0.00358388 0.00097502 0.01809948
v -0.00351921 0.00097502 0.01814452
v -0.00343703 0.00097502 0.01824148
v -0.00587328 0.00097502 0.01838352
v -0.00534437 0.00097502 0.01864788
v -0.00417354 0.00097502 0.01851618
v -0.00523002 0.00097502 0.01871355
v -0.00412185 0.00097502 0.01865535
v -0.00476035 0.00097502 0.01901897
v -0.00403967 0.00097502 0.01875230
v -0.00397500 0.00097502 0.01879735
v -0.00763450 0.00097502 0.01753234
v -0.00816702 0.00097502 0.01785428
v -0.00875845 0.00097502 0.01786039
v -0.00757760 0.00097502 0.01790436
v -0.00583348 0.00097502 0.01728049
v -0.00699529 0.00097502 0.01800990
v -0.00642551 0.00097502 0.01817020
v -0.00934731 0.00097502 0.01792222
v -0.01048520 0.00097502 0.01793098
v -0.00992726 0.00097502 0.01803949
v -0.01206038 0.00097502 0.01903404
v -0.01238124 0.00097502 0.01905507
v -0.01156500 0.00097502 0.01871066
v -0.01104062 0.00097502 0.01843532
v -0.01049357 0.00097502 0.01821100
v -0.01442217 0.00097502 0.01934047
v -0.01396810 0.00097502 0.02126108
v -0.01421130 0.00097502 0.02179980
v -0.01367447 0.00097502 0.02074705
v -0.01333383 0.00097502 0.02026343
v -0.01294845 0.00097502 0.01981358
v -0.01252322 0.00097502 0.01940294
v -0.01440292 0.00097502 0.02236029
v -0.01454057 0.00097502 0.02293559
v -0.01446143 0.00097502 0.02619592
v -0.01453580 0.00097502 0.02528930
v -0.01439575 0.00097502 0.02586458
v -0.01462067 0.00097502 0.02470385
v -0.01480680 0.00097502 0.02372612
v -0.01464999 0.00097502 0.02411232
v -0.01462324 0.00097502 0.02352185
v -0.01413117 0.00097502 0.02855765
v -0.01366084 0.00097502 0.02747432
v -0.01331797 0.00097502 0.02795695
v -0.01395625 0.00097502 0.02696170
v -0.01420222 0.00097502 0.02642315
v -0.01282097 0.00097502 0.01836132
v -0.01276928 0.00097502 0.01850048
v -0.01277241 0.00097502 0.01865142
v -0.01282902 0.00097502 0.01878764
v -0.01293426 0.00097502 0.01889564
v -0.01306832 0.00097502 0.01895674
v -0.01321819 0.00097502 0.01896402
v -0.01335893 0.00097502 0.01891718
v -0.01342361 0.00097502 0.01887214
v -0.01350578 0.00097502 0.01877518
v -0.01355747 0.00097502 0.01863602
v -0.01355434 0.00097502 0.01848508
v -0.01349773 0.00097502 0.01834885
v -0.01339249 0.00097502 0.01824086
v -0.01253944 0.00097502 0.01792371
v -0.01310856 0.00097502 0.01817248
v -0.01325843 0.00097502 0.01817976
v -0.01461683 0.00097502 0.02621765
v -0.01476992 0.00097502 0.02744194
v -0.01490398 0.00097502 0.02750304
v -0.01462005 0.00097502 0.02743466
v -0.01447930 0.00097502 0.02748149
v -0.01457981 0.00097502 0.02821892
v -0.01472968 0.00097502 0.02822620
v -0.01428657 0.00097502 0.02857939
v -0.01444575 0.00097502 0.02815782
v -0.01506896 0.00097502 0.02789820
v -0.01506583 0.00097502 0.02774726
v -0.01500922 0.00097502 0.02761103
v -0.01487042 0.00097502 0.02817937
v -0.01493509 0.00097502 0.02813432
v -0.01501727 0.00097502 0.02803736
v -0.01433245 0.00097502 0.02762350
v -0.01441463 0.00097502 0.02752654
v -0.01428076 0.00097502 0.02776266
v -0.01428390 0.00097502 0.02791360
v -0.01434051 0.00097502 0.02804982
v -0.01086377 0.00097502 0.03138685
v -0.01100451 0.00097502 0.03134001
v -0.01106918 0.00097502 0.03129497
v -0.01041798 0.00097502 0.03107425
v -0.01047459 0.00097502 0.03121047
v -0.01114331 0.00097502 0.03077168
v -0.01119991 0.00097502 0.03090791
v -0.01103807 0.00097502 0.03066369
v -0.01090400 0.00097502 0.03060259
v -0.01115136 0.00097502 0.03119801
v -0.01120305 0.00097502 0.03105885
v -0.00615022 0.00097502 0.03070792
v -0.00620683 0.00097502 0.03084414
v -0.00604498 0.00097502 0.03059992
v -0.00572081 0.00097502 0.03131581
v -0.00587068 0.00097502 0.03132308
v -0.00601142 0.00097502 0.03127625
v -0.00607610 0.00097502 0.03123121
v -0.00615827 0.00097502 0.03113425
v -0.00620996 0.00097502 0.03099508
v -0.00542177 0.00097502 0.03085955
v -0.00547345 0.00097502 0.03072038
v -0.00555563 0.00097502 0.03062342
v -0.00542490 0.00097502 0.03101049
v -0.00548151 0.00097502 0.03114671
v -0.00558675 0.00097502 0.03125471
v -0.00591092 0.00097502 0.03053882
v -0.00576105 0.00097502 0.03053155
v -0.00562030 0.00097502 0.03057838
v -0.00163782 0.00097502 0.02760121
v -0.00168951 0.00097502 0.02746204
v -0.00177169 0.00097502 0.02736508
v -0.00164096 0.00097502 0.02775215
v -0.00169757 0.00097502 0.02788837
v -0.00180281 0.00097502 0.02799637
v -0.00193687 0.00097502 0.02805747
v -0.00212698 0.00097502 0.02728048
v -0.00197711 0.00097502 0.02727321
v -0.00183636 0.00097502 0.02732004
v -0.00206400 0.00097502 0.02194420
v -0.00099856 0.00097502 0.02306806
v -0.00089332 0.00097502 0.02296007
v -0.00162177 0.00097502 0.02280844
v -0.00161864 0.00097502 0.02265750
v -0.00156203 0.00097502 0.02252128
v -0.00145679 0.00097502 0.02241328
v -0.00132273 0.00097502 0.02235218
v -0.00117286 0.00097502 0.02234490
v -0.00083671 0.00097502 0.02282384
v -0.00083358 0.00097502 0.02267290
v -0.00128249 0.00097502 0.02313644
v -0.00113262 0.00097502 0.02312917
v -0.00142324 0.00097502 0.02308961
v -0.00148791 0.00097502 0.02304456
v -0.00157008 0.00097502 0.02294761
v -0.00103212 0.00097502 0.02239174
v -0.00096744 0.00097502 0.02243678
v -0.00088527 0.00097502 0.02253374
v -0.00138837 0.00097502 0.02677573
v -0.01496221 0.00097502 0.02374785
v -0.01593905 0.00097502 0.02270488
v -0.01599566 0.00097502 0.02284110
v -0.01521060 0.00097502 0.02285650
v -0.01521373 0.00097502 0.02300744
v -0.01527034 0.00097502 0.02314367
v -0.01583381 0.00097502 0.02259688
v -0.01569975 0.00097502 0.02253578
v -0.01554988 0.00097502 0.02252850
v -0.01540914 0.00097502 0.02257534
v -0.01537558 0.00097502 0.02325166
v -0.01550964 0.00097502 0.02331276
v -0.01565951 0.00097502 0.02332004
v -0.01580026 0.00097502 0.02327321
v -0.01534446 0.00097502 0.02262038
v -0.01526229 0.00097502 0.02271734
v -0.01586493 0.00097502 0.02322816
v -0.01594711 0.00097502 0.02313120
v -0.01599880 0.00097502 0.02299204
v -0.00767490 0.00097502 0.01724346
v -0.00815886 0.00097502 0.01701999
v -0.00810225 0.00097502 0.01688377
v -0.00882757 0.00097502 0.01658120
v -0.00888418 0.00097502 0.01671742
v -0.00809912 0.00097502 0.01673283
v -0.00815081 0.00097502 0.01659366
v -0.00872233 0.00097502 0.01647320
v -0.00823298 0.00097502 0.01649670
v -0.01052559 0.00097502 0.01764209
v -0.00888731 0.00097502 0.01686836
v -0.00826410 0.00097502 0.01712799
v -0.00839816 0.00097502 0.01718909
v -0.00854803 0.00097502 0.01719636
v -0.00868878 0.00097502 0.01714953
v -0.00858827 0.00097502 0.01641210
v -0.00843840 0.00097502 0.01640483
v -0.00829765 0.00097502 0.01645166
v -0.00875345 0.00097502 0.01710449
v -0.00883562 0.00097502 0.01700753
v -0.00587388 0.00097502 0.01699161
v -0.00240425 0.00242502 0.02233542
v -0.00162631 0.00242502 0.02270500
v -0.00158525 0.00242502 0.02256200
v -0.00594644 0.00242502 0.03130523
v -0.00641223 0.00242502 0.03184915
v -0.00577071 0.00242502 0.03165564
v -0.00047732 0.00242502 0.02299009
v -0.00083070 0.00242502 0.02279245
v -0.00087819 0.00242502 0.02293492
v -0.00416823 0.00242502 0.01854131
v -0.00417543 0.00242502 0.01839316
v -0.00430843 0.00242502 0.01829717
v -0.00283190 0.00242502 0.02693892
v -0.00219108 0.00242502 0.02730229
v -0.00258870 0.00242502 0.02640020
v -0.00231446 0.00242502 0.02738550
v -0.00312553 0.00242502 0.02745296
v -0.00872233 0.00242502 0.01647320
v -0.01152224 0.00242502 0.01772334
v -0.00882757 0.00242502 0.01658120
v -0.00858827 0.00242502 0.01641210
v -0.01586691 0.00242502 0.02262241
v -0.01573732 0.00242502 0.02254542
v -0.01558267 0.00242502 0.02194543
v -0.01506555 0.00242502 0.02791779
v -0.01551855 0.00242502 0.02775065
v -0.01518755 0.00242502 0.02833466
v -0.01092578 0.00242502 0.03137383
v -0.01038751 0.00242502 0.03184924
v -0.01078114 0.00242502 0.03138996
v -0.01102909 0.00242502 0.03165568
v -0.00484018 0.00242502 0.01795675
v -0.00534437 0.00242502 0.01864788
v -0.00523002 0.00242502 0.01871355
v -0.01313887 0.00242502 0.01896724
v -0.01294845 0.00242502 0.01981358
v -0.01252322 0.00242502 0.01940294
v -0.00543158 0.00242502 0.01765031
v -0.00826410 0.00242502 0.01712799
v -0.00839816 0.00242502 0.01718909
v -0.00815886 0.00242502 0.01701999
v -0.00523552 0.00242502 0.01730029
v -0.00810225 0.00242502 0.01688377
v -0.01501045 0.00242502 0.02804844
v -0.01491005 0.00242502 0.02815379
v -0.01481128 0.00242502 0.02888574
v -0.01477339 0.00242502 0.02821902
v -0.00239991 0.00242502 0.02751134
v -0.00243164 0.00242502 0.02765740
v -0.00346617 0.00242502 0.02793657
v -0.00240939 0.00242502 0.02780244
v -0.00385155 0.00242502 0.02838642
v -0.00238054 0.00242502 0.02786511
v -0.00570219 0.00242502 0.03054408
v -0.00557008 0.00242502 0.03061184
v -0.00512935 0.00242502 0.03040218
v -0.01366084 0.00242502 0.02747432
v -0.01427768 0.00242502 0.02787563
v -0.01331797 0.00242502 0.02795695
v -0.01428820 0.00242502 0.02772713
v -0.01395625 0.00242502 0.02696170
v -0.00565925 0.00242502 0.03129558
v -0.00514867 0.00242502 0.03140959
v -0.00553810 0.00242502 0.03121493
v -0.00579788 0.00242502 0.03132724
v -0.00163426 0.00242502 0.02771070
v -0.00131348 0.00242502 0.02781232
v -0.00102819 0.00242502 0.02720773
v -0.01169816 0.00242502 0.01736406
v -0.01336771 0.00242502 0.01782922
v -0.01317030 0.00242502 0.01816847
v -0.01282528 0.00242502 0.01743502
v -0.01331747 0.00242502 0.01819877
v -0.01387600 0.00242502 0.01826761
v -0.01634997 0.00242502 0.02320469
v -0.01600189 0.00242502 0.02287544
v -0.01624749 0.00242502 0.02254372
v -0.01599275 0.00242502 0.02302068
v -0.01639692 0.00242502 0.02387455
v -0.01593003 0.00242502 0.02315850
v -0.00540000 0.00242502 0.01766494
v -0.00587328 0.00242502 0.01838352
v -0.00226420 0.00242502 0.02291070
v -0.00161093 0.00242502 0.02285635
v -0.00217933 0.00242502 0.02349615
v -0.00154137 0.00242502 0.02298867
v -0.00215001 0.00242502 0.02408768
v -0.00145092 0.00242502 0.02307318
v -0.00136864 0.00242502 0.02311500
v -0.00406884 0.00242502 0.02972621
v -0.00687274 0.00242502 0.03016051
v -0.00745269 0.00242502 0.03027778
v -0.00630643 0.00242502 0.02998900
v -0.00575938 0.00242502 0.02976468
v -0.01047559 0.00242502 0.03077048
v -0.00980471 0.00242502 0.03019010
v -0.01037449 0.00242502 0.03002980
v -0.00888418 0.00242502 0.01671742
v -0.00888731 0.00242502 0.01686836
v -0.00883562 0.00242502 0.01700753
v -0.00176111 0.00242502 0.02796381
v -0.00164890 0.00242502 0.02839231
v -0.00167521 0.00242502 0.02785037
v -0.00059772 0.00242502 0.02233207
v -0.00353884 0.00242502 0.01812863
v -0.00391873 0.00242502 0.01747284
v -0.00366927 0.00242502 0.01806405
v -0.00338061 0.00242502 0.01787057
v -0.00344207 0.00242502 0.01823290
v -0.00287688 0.00242502 0.01831239
v -0.00809912 0.00242502 0.01673283
v -0.00815081 0.00242502 0.01659366
v -0.01283351 0.00242502 0.01805167
v -0.01302148 0.00242502 0.01819274
v -0.01228066 0.00242502 0.01768401
v -0.01225411 0.00242502 0.01708932
v -0.01343617 0.00242502 0.01827546
v -0.01352256 0.00242502 0.01839256
v -0.01434316 0.00242502 0.01874403
v -0.01356315 0.00242502 0.01853845
v -0.01222030 0.00242502 0.03112890
v -0.01176890 0.00242502 0.03079946
v -0.01233523 0.00242502 0.03048261
v -0.01120503 0.00242502 0.03105579
v -0.01165154 0.00242502 0.03140954
v -0.01115186 0.00242502 0.03119671
v -0.01105217 0.00242502 0.03130906
v -0.00476035 0.00242502 0.01901897
v -0.00410780 0.00242502 0.01867725
v -0.00429604 0.00242502 0.01938620
v -0.00399876 0.00242502 0.01878333
v -0.00386851 0.00242502 0.01979546
v -0.00386044 0.00242502 0.01884001
v -0.00348203 0.00242502 0.02024305
v -0.00373660 0.00242502 0.01884661
v -0.00364677 0.00242502 0.01882573
v -0.00523500 0.00242502 0.02948934
v -0.00473962 0.00242502 0.02916596
v -0.00358478 0.00242502 0.02931767
v -0.00427678 0.00242502 0.02879706
v -0.00314128 0.00242502 0.02887085
v -0.00273957 0.00242502 0.02838645
v -0.00585020 0.00242502 0.03052856
v -0.00599656 0.00242502 0.03057008
v -0.00458488 0.00242502 0.03008853
v -0.01532945 0.00242502 0.02321416
v -0.01545421 0.00242502 0.02329488
v -0.01549306 0.00242502 0.02378066
v -0.01435459 0.00242502 0.02759023
v -0.01446536 0.00242502 0.02748981
v -0.01420222 0.00242502 0.02642315
v -0.01460200 0.00242502 0.02743678
v -0.01439575 0.00242502 0.02586458
v -0.01467054 0.00242502 0.02743052
v -0.00642551 0.00242502 0.01817020
v -0.00699529 0.00242502 0.01800990
v -0.00203704 0.00242502 0.02807023
v -0.00203112 0.00242502 0.02894129
v -0.00188907 0.00242502 0.02804242
v -0.00083782 0.00242502 0.02265035
v -0.00089622 0.00242502 0.02251704
v -0.00077309 0.00242502 0.02168539
v -0.00100241 0.00242502 0.02240903
v -0.00823298 0.00242502 0.01649670
v -0.00829765 0.00242502 0.01645166
v -0.00843840 0.00242502 0.01640483
v -0.01501992 0.00242502 0.02762543
v -0.01579935 0.00242502 0.02714209
v -0.01506974 0.00242502 0.02776763
v -0.00667410 0.00242502 0.03139748
v -0.00607770 0.00242502 0.03123143
v -0.00731152 0.00242502 0.03151882
v -0.00706677 0.00242502 0.03198821
v -0.00795816 0.00242502 0.03158466
v -0.00773103 0.00242502 0.03207198
v -0.00861016 0.00242502 0.03159462
v -0.00840004 0.00242502 0.03210010
v -0.00925802 0.00242502 0.03154883
v -0.00906836 0.00242502 0.03207204
v -0.00990167 0.00242502 0.03144683
v -0.00973315 0.00242502 0.03198821
v -0.01053946 0.00242502 0.03128848
v -0.01063453 0.00242502 0.03135204
v -0.01299444 0.00242502 0.01893108
v -0.01287117 0.00242502 0.01884190
v -0.01206038 0.00242502 0.01903404
v -0.01279153 0.00242502 0.01871536
v -0.01156500 0.00242502 0.01871066
v -0.01276308 0.00242502 0.01857167
v -0.00757760 0.00242502 0.01790436
v -0.00816702 0.00242502 0.01785428
v -0.00854803 0.00242502 0.01719636
v -0.00875845 0.00242502 0.01786039
v -0.00868878 0.00242502 0.01714953
v -0.00934731 0.00242502 0.01792222
v -0.00875345 0.00242502 0.01710449
v -0.00097367 0.00242502 0.02305134
v -0.00041224 0.00242502 0.02365698
v -0.00091374 0.00242502 0.02366669
v -0.01465954 0.00242502 0.02823145
v -0.01427287 0.00242502 0.02876263
v -0.01438898 0.00242502 0.02940441
v -0.01384545 0.00242502 0.02925444
v -0.01392281 0.00242502 0.02988794
v -0.01337866 0.00242502 0.02970592
v -0.01342046 0.00242502 0.03032902
v -0.01287287 0.00242502 0.03011738
v -0.01288304 0.00242502 0.03072620
v -0.00162536 0.00242502 0.02197404
v -0.00149556 0.00242502 0.02244381
v -0.00183976 0.00242502 0.02138317
v -0.00259778 0.00242502 0.02177685
v -0.00210698 0.00242502 0.02081199
v -0.00284375 0.00242502 0.02123830
v -0.00242522 0.00242502 0.02026431
v -0.00313916 0.00242502 0.02072568
v -0.00278826 0.00242502 0.01974988
v -0.00319560 0.00242502 0.01927002
v -0.00184364 0.00242502 0.02682565
v -0.00204637 0.00242502 0.02726935
v -0.00162813 0.00242502 0.02623529
v -0.00239708 0.00242502 0.02583971
v -0.00146570 0.00242502 0.02562601
v -0.00225943 0.00242502 0.02526441
v -0.00135749 0.00242502 0.02500192
v -0.00217676 0.00242502 0.02467815
v -0.00130495 0.00242502 0.02437454
v -0.00130857 0.00242502 0.02374521
v -0.01462067 0.00242502 0.02470385
v -0.01464999 0.00242502 0.02411232
v -0.01549381 0.00242502 0.02440875
v -0.01462324 0.00242502 0.02352185
v -0.01524206 0.00242502 0.02309362
v -0.01454057 0.00242502 0.02293559
v -0.01520496 0.00242502 0.02294607
v -0.01440292 0.00242502 0.02236029
v -0.01522529 0.00242502 0.02279794
v -0.01421130 0.00242502 0.02179980
v -0.01529587 0.00242502 0.02266954
v -0.01534440 0.00242502 0.02262069
v -0.01494257 0.00242502 0.02685854
v -0.01516123 0.00242502 0.02626817
v -0.01453580 0.00242502 0.02528930
v -0.01532642 0.00242502 0.02566051
v -0.01543815 0.00242502 0.02503681
v -0.01362800 0.00242502 0.01929568
v -0.01328632 0.00242502 0.01894888
v -0.01403234 0.00242502 0.01977632
v -0.01333383 0.00242502 0.02026343
v -0.01439346 0.00242502 0.02029322
v -0.01367447 0.00242502 0.02074705
v -0.01470884 0.00242502 0.02084286
v -0.01396810 0.00242502 0.02126108
v -0.01497296 0.00242502 0.02141458
v -0.01518503 0.00242502 0.02200751
v -0.00545018 0.00242502 0.03109162
v -0.00541823 0.00242502 0.03098197
v -0.00454844 0.00242502 0.03111182
v -0.00482775 0.00242502 0.03069320
v -0.00397608 0.00242502 0.03076562
v -0.00426904 0.00242502 0.03035751
v -0.00343428 0.00242502 0.03037228
v -0.00374328 0.00242502 0.02997609
v -0.00292706 0.00242502 0.02993509
v -0.00325019 0.00242502 0.02954930
v -0.00245862 0.00242502 0.02945729
v -0.00279717 0.00242502 0.02908317
v -0.00238693 0.00242502 0.02858049
v -0.00338516 0.00242502 0.01852312
v -0.00241269 0.00242502 0.01879407
v -0.00338686 0.00242502 0.01837256
v -0.00381998 0.00242502 0.01804958
v -0.00393102 0.00242502 0.01807684
v -0.00448308 0.00242502 0.01770614
v -0.00455966 0.00242502 0.01708204
v -0.00506363 0.00242502 0.01738386
v -0.01609000 0.00242502 0.02189439
v -0.01536887 0.00242502 0.02133254
v -0.01596019 0.00242502 0.02274018
v -0.01585069 0.00242502 0.02324132
v -0.01589594 0.00242502 0.02389668
v -0.01638817 0.00242502 0.02454307
v -0.01588467 0.00242502 0.02454809
v -0.01632345 0.00242502 0.02520725
v -0.01581732 0.00242502 0.02519396
v -0.01620252 0.00242502 0.02586688
v -0.01569437 0.00242502 0.02583422
v -0.01602717 0.00242502 0.02651437
v -0.01551731 0.00242502 0.02645960
v -0.01528715 0.00242502 0.02706643
v -0.00611474 0.00242502 0.03066165
v -0.00619084 0.00242502 0.03078703
v -0.00620898 0.00242502 0.03085350
v -0.01057905 0.00242502 0.03066347
v -0.01071789 0.00242502 0.03060124
v -0.01092672 0.00242502 0.02981648
v -0.01086728 0.00242502 0.03059547
v -0.01145563 0.00242502 0.02955212
v -0.01100611 0.00242502 0.03064264
v -0.01156998 0.00242502 0.02948646
v -0.01106267 0.00242502 0.03068189
v -0.01276887 0.00242502 0.01850296
v -0.01225329 0.00242502 0.01813642
v -0.01170853 0.00242502 0.01781795
v -0.01104062 0.00242502 0.01843532
v -0.01049357 0.00242502 0.01821100
v -0.00164619 0.00242502 0.02755973
v -0.00169213 0.00242502 0.02745528
v -0.00142539 0.00242502 0.02685435
v -0.00090485 0.00242502 0.02431547
v -0.00040311 0.00242502 0.02432608
v -0.00095223 0.00242502 0.02496378
v -0.00045011 0.00242502 0.02499392
v -0.00105560 0.00242502 0.02560772
v -0.00055261 0.00242502 0.02565565
v -0.00121317 0.00242502 0.02623793
v -0.00071008 0.00242502 0.02630575
v -0.00092159 0.00242502 0.02694156
v -0.01355561 0.00242502 0.01865301
v -0.01401151 0.00242502 0.01912593
v -0.01476976 0.00242502 0.01925951
v -0.01442159 0.00242502 0.01963216
v -0.01515324 0.00242502 0.01981096
v -0.01478515 0.00242502 0.02017020
v -0.01548784 0.00242502 0.02038933
v -0.01510250 0.00242502 0.02073966
v -0.01577200 0.00242502 0.02099218
v -0.01587794 0.00242502 0.02125697
v -0.00992726 0.00242502 0.01803949
v -0.00110468 0.00242502 0.02235854
v -0.00128671 0.00242502 0.02172662
v -0.00100138 0.00242502 0.02105664
v -0.00152043 0.00242502 0.02111791
v -0.00128187 0.00242502 0.02044868
v -0.00180487 0.00242502 0.02053381
v -0.00161208 0.00242502 0.01986615
v -0.00213966 0.00242502 0.01997405
v -0.00198967 0.00242502 0.01931374
v -0.00252012 0.00242502 0.01944696
v -0.00294399 0.00242502 0.01895570
v -0.00994554 0.00242502 0.03103004
v -0.01041787 0.00242502 0.03090732
v -0.00932695 0.00242502 0.03113977
v -0.00922240 0.00242502 0.03029564
v -0.00869877 0.00242502 0.03119393
v -0.00863298 0.00242502 0.03034572
v -0.00806529 0.00242502 0.03119214
v -0.00804155 0.00242502 0.03033961
v -0.00743832 0.00242502 0.03113493
v -0.00681919 0.00242502 0.03102208
v -0.01403863 0.00242502 0.02841504
v -0.01432139 0.00242502 0.02801762
v -0.01363540 0.00242502 0.02889667
v -0.01293149 0.00242502 0.02840455
v -0.01318903 0.00242502 0.02934198
v -0.01250396 0.00242502 0.02881380
v -0.01270256 0.00242502 0.02974786
v -0.01203965 0.00242502 0.02918103
v -0.01218547 0.00242502 0.03010711
v -0.01163858 0.00242502 0.03041871
v -0.00514906 0.00242502 0.03140968
v -0.00577212 0.00242502 0.03165615
v -0.01038896 0.00242502 0.03184889
v -0.01102938 0.00242502 0.03165561
v -0.01165240 0.00242502 0.03140905
v -0.00287775 0.00242502 0.01831164
v -0.00338060 0.00242502 0.01787047
v -0.00391940 0.00242502 0.01747247
v -0.00164917 0.00242502 0.02839259
v -0.00131400 0.00242502 0.02781344
v -0.00641258 0.00242502 0.03184926
v -0.00077303 0.00242502 0.02168530
v -0.00059803 0.00242502 0.02233094
v -0.00047731 0.00242502 0.02299003
v -0.01480990 0.00242502 0.02888685
v -0.01518800 0.00242502 0.02833364
v -0.01551809 0.00242502 0.02775159
v -0.01608982 0.00242502 0.02189354
v -0.01624735 0.00242502 0.02254466
v -0.00448876 0.00242502 0.01712123
v -0.00455799 0.00242502 0.01708288
v -0.00454973 0.00242502 0.03111263
v -0.01635000 0.00242502 0.02320621
v -0.01639683 0.00242502 0.02387374
v -0.00041228 0.00242502 0.02365585
v -0.00040316 0.00242502 0.02432579
v -0.00044995 0.00242502 0.02499335
v -0.00055255 0.00242502 0.02565484
v -0.00071004 0.00242502 0.02630598
v -0.00092123 0.00242502 0.02694053
v -0.00203200 0.00242502 0.02894250
v -0.00245885 0.00242502 0.02945756
v -0.00292805 0.00242502 0.02993595
v -0.00343485 0.00242502 0.03037285
v -0.00397688 0.00242502 0.03076603
v -0.01434117 0.00242502 0.01874250
v -0.01387208 0.00242502 0.01826414
v -0.01282295 0.00242502 0.01743381
v -0.01336533 0.00242502 0.01782735
v -0.00100182 0.00242502 0.02105585
v -0.00128207 0.00242502 0.02044808
v -0.00161227 0.00242502 0.01986596
v -0.00199030 0.00242502 0.01931285
v -0.00241269 0.00242502 0.01879405
v -0.00706804 0.00242502 0.03198837
v -0.00773194 0.00242502 0.03207215
v -0.00840086 0.00242502 0.03210000
v -0.00906989 0.00242502 0.03207200
v -0.00973351 0.00242502 0.03198809
v -0.01231125 0.00242502 0.03107879
v -0.01222029 0.00242502 0.03112900
v -0.01225033 0.00242502 0.01708741
v -0.01438761 0.00242502 0.02940564
v -0.01392259 0.00242502 0.02988801
v -0.01341981 0.00242502 0.03032921
v -0.01288134 0.00242502 0.03072703
v -0.01638774 0.00242502 0.02454373
v -0.01632276 0.00242502 0.02520951
v -0.01620206 0.00242502 0.02586860
v -0.01602713 0.00242502 0.02651422
v -0.01579844 0.00242502 0.02714352
v -0.01587861 0.00242502 0.02125906
v -0.01476809 0.00242502 0.01925761
v -0.01515078 0.00242502 0.01980735
v -0.01548605 0.00242502 0.02038668
v -0.00600000 0.00242502 0.02570000
v -0.01140000 0.00242502 0.01266494
v -0.00540000 0.00242502 0.01266494
v -0.01140000 0.00242502 0.01766494
v -0.00690000 0.00242502 0.01940000
v -0.00990000 0.00242502 0.01940000
v -0.00280000 0.00242502 0.02250000
v -0.00990000 0.00242502 0.02240000
v -0.00280000 0.00242502 0.02570000
v -0.00600000 0.00242502 0.02250000
v -0.00989962 0.00242502 0.02413316
v -0.00986554 0.00242502 0.02442104
v -0.00980120 0.00242502 0.02356467
v -0.00967228 0.00242502 0.02330491
v -0.00987830 0.00242502 0.02384404
v -0.00949549 0.00242502 0.02307538
v -0.00927799 0.00242502 0.02288344
v -0.00902770 0.00242502 0.02273766
v -0.00690038 0.00242502 0.02406684
v -0.00692170 0.00242502 0.02435596
v -0.00699880 0.00242502 0.02463533
v -0.00712772 0.00242502 0.02489509
v -0.00730451 0.00242502 0.02512462
v -0.00868862 0.00242502 0.02557218
v -0.00840000 0.00242502 0.02560000
v -0.00896676 0.00242502 0.02548880
v -0.00922339 0.00242502 0.02535415
v -0.00840000 0.00242502 0.02260000
v -0.00848260 0.00242502 0.02260220
v -0.00811138 0.00242502 0.02262782
v -0.00783324 0.00242502 0.02271120
v -0.00757661 0.00242502 0.02284585
v -0.00735084 0.00242502 0.02302798
v -0.00716409 0.00242502 0.02324947
v -0.00702382 0.00242502 0.02350327
v -0.00693446 0.00242502 0.02377896
v -0.00752201 0.00242502 0.02531656
v -0.00777230 0.00242502 0.02546234
v -0.00804662 0.00242502 0.02555814
v -0.00944916 0.00242502 0.02517202
v -0.00963591 0.00242502 0.02495053
v -0.00977618 0.00242502 0.02469673
v -0.00875338 0.00242502 0.02264186
v -0.00690000 0.00242502 0.02240000
v -0.00831740 0.00242502 0.02559780
v -0.01140000 0.00302501 0.01766494
v -0.01140000 0.00302501 0.01266494
v -0.00540000 0.00302501 0.01266494
v -0.00540000 0.00302501 0.01766494
v -0.00133435 0.00302501 0.02480411
v -0.00692170 0.00302501 0.02435596
v -0.00699880 0.00302501 0.02463533
v -0.01474712 0.00302501 0.02728274
v -0.01443854 0.00302501 0.02783443
v -0.01395000 0.00302501 0.02480000
v -0.00752201 0.00302501 0.02531656
v -0.00777230 0.00302501 0.02546234
v -0.01395000 0.00302501 0.02340000
v -0.00980120 0.00302501 0.02356467
v -0.00967228 0.00302501 0.02330491
v -0.00987830 0.00302501 0.02384404
v -0.00741924 0.00302501 0.03113265
v -0.00868862 0.00302501 0.02557218
v -0.00896676 0.00302501 0.02548880
v -0.00804662 0.00302501 0.02555814
v -0.00730451 0.00302501 0.02512462
v -0.00712772 0.00302501 0.02489509
v -0.00989962 0.00302501 0.02413316
v -0.00986554 0.00302501 0.02442104
v -0.00977618 0.00302501 0.02469673
v -0.01520861 0.00302501 0.02611445
v -0.01505000 0.00302501 0.02480000
v -0.01536087 0.00302501 0.02549869
v -0.01500358 0.00302501 0.02671020
v -0.00963591 0.00302501 0.02495053
v -0.00944916 0.00302501 0.02517202
v -0.00922339 0.00302501 0.02535415
v -0.01170235 0.00302501 0.03038603
v -0.01113352 0.00302501 0.03065289
v -0.00690038 0.00302501 0.02406684
v -0.00693446 0.00302501 0.02377896
v -0.00702382 0.00302501 0.02350327
v -0.00436712 0.00302501 0.01825558
v -0.00770000 0.00302501 0.01855000
v -0.00386565 0.00302501 0.01863590
v -0.00489886 0.00302501 0.01792281
v -0.00804767 0.00302501 0.03119149
v -0.00868213 0.00302501 0.03119447
v -0.00930918 0.00302501 0.03114217
v -0.01224490 0.00302501 0.03006950
v -0.01276089 0.00302501 0.02970297
v -0.01324302 0.00302501 0.02929223
v -0.01368297 0.00302501 0.02884452
v -0.01408191 0.00302501 0.02835824
v -0.00735084 0.00302501 0.02302798
v -0.00716409 0.00302501 0.02324947
v -0.00757661 0.00302501 0.02284585
v -0.00783324 0.00302501 0.02271120
v -0.00910000 0.00302501 0.01855000
v -0.00902770 0.00302501 0.02273766
v -0.00875338 0.00302501 0.02264186
v -0.00927799 0.00302501 0.02288344
v -0.00949549 0.00302501 0.02307538
v -0.00129979 0.00302501 0.02417742
v -0.00132134 0.00302501 0.02354871
v -0.01487340 0.00302501 0.02118332
v -0.01510760 0.00302501 0.02177028
v -0.01458733 0.00302501 0.02061730
v -0.01425558 0.00302501 0.02008356
v -0.01196251 0.00302501 0.01795798
v -0.01249247 0.00302501 0.01829733
v -0.00910000 0.00302501 0.01745000
v -0.00770000 0.00302501 0.01745000
v -0.01545802 0.00302501 0.02487561
v -0.01549914 0.00302501 0.02424966
v -0.01505000 0.00302501 0.02340000
v -0.00992744 0.00302501 0.03103442
v -0.01053793 0.00302501 0.03087060
v -0.00267589 0.00302501 0.02830105
v -0.00232459 0.00302501 0.02777422
v -0.00831740 0.00302501 0.02559780
v -0.00449521 0.00302501 0.03003031
v -0.00398369 0.00302501 0.02965933
v -0.00840000 0.00302501 0.02560000
v -0.00680240 0.00302501 0.03101847
v -0.00619519 0.00302501 0.03084900
v -0.00339649 0.00302501 0.01906266
v -0.00296827 0.00302501 0.01952698
v -0.00258561 0.00302501 0.02002407
v -0.00224738 0.00302501 0.02055599
v -0.00195588 0.00302501 0.02111945
v -0.00171649 0.00302501 0.02170243
v -0.01387771 0.00302501 0.01958192
v -0.01345329 0.00302501 0.01911251
v -0.01298884 0.00302501 0.01868187
v -0.00142552 0.00302501 0.02542972
v -0.00157187 0.00302501 0.02604665
v -0.00153080 0.00302501 0.02230166
v -0.00139869 0.00302501 0.02291900
v -0.01548392 0.00302501 0.02361880
v -0.01541250 0.00302501 0.02298836
v -0.01528704 0.00302501 0.02237161
v -0.00306891 0.00302501 0.02879039
v -0.00350520 0.00302501 0.02924369
v -0.00503373 0.00302501 0.03035209
v -0.00560149 0.00302501 0.03062558
v -0.00811138 0.00302501 0.02262782
v -0.00840000 0.00302501 0.02260000
v -0.00848260 0.00302501 0.02260220
v -0.00177019 0.00302501 0.02664273
v -0.00202101 0.00302501 0.02721873
f 1 2 3
f 4 2 1
f 5 6 7
f 8 6 5
f 9 10 11
f 12 10 9
f 13 14 15
f 16 14 13
f 14 12 9
f 16 12 14
f 7 1 3
f 6 1 7
f 17 18 19
f 20 18 17
f 21 20 17
f 22 20 21
f 23 22 21
f 24 22 23
f 25 26 27
f 28 26 25
f 29 28 25
f 30 28 29
f 31 30 29
f 32 30 31
f 31 18 32
f 19 18 31
f 13 27 26
f 33 27 13
f 15 33 13
f 34 33 15
f 4 35 2
f 36 35 4
f 24 36 4
f 23 36 24
f 12 30 32
f 18 12 32
f 10 12 18
f 20 10 18
f 26 16 13
f 12 16 26
f 28 12 26
f 30 12 28
f 24 1 6
f 4 1 24
f 10 37 38
f 8 37 10
f 20 8 10
f 6 8 20
f 22 6 20
f 24 6 22
f 39 40 41
f 42 43 44
f 41 43 42
f 45 41 42
f 39 41 45
f 46 47 48
f 49 46 48
f 46 50 51
f 52 50 46
f 49 52 46
f 51 40 46
f 41 40 51
f 50 41 51
f 43 41 50
f 52 43 50
f 44 43 52
f 49 44 52
f 42 44 49
f 48 42 49
f 45 42 48
f 47 45 48
f 39 45 47
f 53 54 55
f 56 57 58
f 55 57 56
f 59 55 56
f 53 55 59
f 60 61 62
f 63 62 64
f 60 62 63
f 65 60 63
f 66 60 65
f 60 56 61
f 59 56 60
f 66 59 60
f 53 59 66
f 65 53 66
f 54 53 65
f 63 54 65
f 55 54 63
f 64 55 63
f 57 55 64
f 62 57 64
f 58 57 62
f 67 68 69
f 70 68 67
f 71 70 67
f 72 70 71
f 73 72 71
f 74 72 73
f 75 74 73
f 76 74 75
f 77 76 75
f 78 76 77
f 79 80 81
f 82 80 79
f 83 82 79
f 84 82 83
f 85 84 83
f 86 84 85
f 87 86 85
f 88 86 87
f 89 88 87
f 90 88 89
f 91 92 93
f 94 92 91
f 95 94 91
f 96 94 95
f 97 96 95
f 98 96 97
f 99 98 97
f 100 98 99
f 101 100 99
f 102 100 101
f 103 104 105
f 106 104 103
f 107 106 103
f 108 106 107
f 109 108 107
f 110 108 109
f 111 110 109
f 112 110 111
f 113 112 111
f 114 112 113
f 9 95 91
f 99 115 101
f 11 115 99
f 69 34 15
f 11 95 9
f 97 95 11
f 99 97 11
f 15 67 69
f 71 67 15
f 14 71 15
f 73 71 14
f 14 75 73
f 77 75 14
f 9 77 14
f 93 77 9
f 91 93 9
f 90 104 106
f 76 25 27
f 27 74 76
f 72 74 27
f 33 72 27
f 70 72 33
f 68 70 33
f 112 23 110
f 36 23 112
f 114 36 112
f 23 108 110
f 106 108 23
f 21 106 23
f 90 106 21
f 88 100 86
f 19 100 88
f 90 19 88
f 17 19 90
f 21 17 90
f 82 102 80
f 100 102 82
f 84 100 82
f 86 100 84
f 19 98 100
f 96 98 19
f 31 96 19
f 94 96 31
f 29 94 31
f 92 94 29
f 25 92 29
f 78 92 25
f 76 78 25
f 38 101 115
f 102 101 38
f 37 102 38
f 80 102 37
f 116 80 37
f 81 80 116
f 34 68 33
f 69 68 34
f 39 92 40
f 93 92 39
f 47 93 39
f 77 93 47
f 46 77 47
f 78 77 46
f 40 78 46
f 92 78 40
f 56 105 61
f 89 105 56
f 58 89 56
f 90 89 58
f 62 90 58
f 104 90 62
f 61 104 62
f 105 104 61
f 89 3 105
f 7 3 89
f 87 7 89
f 81 116 5
f 3 103 105
f 107 103 3
f 2 107 3
f 5 79 81
f 83 79 5
f 7 83 5
f 85 83 7
f 87 85 7
f 111 35 113
f 2 35 111
f 109 2 111
f 107 2 109
f 36 113 35
f 114 113 36
f 5 37 8
f 116 37 5
f 10 115 11
f 38 115 10
f 117 118 119
f 120 118 117
f 121 120 117
f 122 120 121
f 123 122 121
f 124 122 123
f 125 124 123
f 126 124 125
f 127 126 125
f 128 126 127
f 129 130 131
f 132 130 129
f 133 132 129
f 134 132 133
f 135 134 133
f 136 134 135
f 137 136 135
f 138 136 137
f 139 138 137
f 140 138 139
f 141 142 143
f 144 142 141
f 145 144 141
f 146 144 145
f 147 146 145
f 148 146 147
f 149 148 147
f 150 148 149
f 151 150 149
f 152 150 151
f 153 154 155
f 156 154 153
f 157 156 153
f 158 156 157
f 159 158 157
f 160 158 159
f 161 160 159
f 162 160 161
f 163 162 161
f 164 162 163
f 151 154 152
f 155 154 151
f 130 163 131
f 164 163 130
f 142 127 143
f 128 127 142
f 165 166 167
f 168 166 165
f 169 166 168
f 170 166 169
f 170 167 166
f 171 167 170
f 171 165 167
f 172 165 171
f 172 168 165
f 169 168 172
f 173 174 175
f 176 174 173
f 177 173 175
f 178 173 177
f 179 175 174
f 177 175 179
f 180 174 176
f 179 174 180
f 178 176 173
f 180 176 178
f 155 151 149
f 161 135 133
f 161 137 135
f 139 137 161
f 159 139 161
f 119 139 159
f 161 131 163
f 129 131 161
f 133 129 161
f 123 153 155
f 157 153 123
f 121 157 123
f 159 157 121
f 117 159 121
f 119 159 117
f 125 143 127
f 141 143 125
f 123 141 125
f 145 141 123
f 155 145 123
f 147 145 155
f 149 147 155
f 181 182 183
f 184 182 181
f 185 182 184
f 186 182 185
f 186 183 182
f 187 183 186
f 187 181 183
f 188 181 187
f 119 118 185
f 188 140 139
f 119 188 139
f 185 188 119
f 177 188 185
f 184 177 185
f 178 177 184
f 181 178 184
f 180 178 181
f 188 180 181
f 179 180 188
f 177 179 188
f 186 126 128
f 186 172 187
f 169 172 186
f 187 134 136
f 186 124 126
f 122 124 186
f 185 122 186
f 120 122 185
f 118 120 185
f 154 171 170
f 138 187 136
f 188 187 138
f 140 188 138
f 170 152 154
f 150 152 170
f 169 150 170
f 148 150 169
f 169 146 148
f 144 146 169
f 186 144 169
f 142 144 186
f 128 142 186
f 187 132 134
f 130 132 187
f 172 130 187
f 164 130 172
f 162 164 172
f 172 160 162
f 158 160 172
f 171 158 172
f 156 158 171
f 154 156 171
f 189 190 191
f 192 190 189
f 193 194 195
f 196 194 193
f 197 198 199
f 200 198 197
f 201 202 203
f 204 202 201
f 205 206 207
f 208 205 207
f 209 205 208
f 210 209 208
f 211 209 210
f 212 211 210
f 213 207 206
f 214 213 206
f 215 213 214
f 216 215 214
f 217 215 216
f 218 217 216
f 211 205 209
f 206 205 211
f 211 214 206
f 216 214 211
f 218 216 211
f 207 213 215
f 212 215 217
f 207 215 212
f 210 207 212
f 208 207 210
f 219 220 221
f 222 219 221
f 223 219 222
f 224 223 222
f 225 223 224
f 226 225 224
f 227 221 220
f 228 227 220
f 229 227 228
f 230 229 228
f 231 229 230
f 232 231 230
f 226 224 222
f 229 221 227
f 222 221 229
f 231 222 229
f 226 222 231
f 228 220 219
f 232 223 225
f 219 223 232
f 230 219 232
f 228 219 230
f 233 234 235
f 236 234 233
f 236 237 234
f 238 237 236
f 238 239 237
f 240 239 238
f 241 242 243
f 244 242 241
f 245 246 247
f 248 246 245
f 249 250 251
f 252 250 249
f 253 254 255
f 256 254 253
f 197 202 204
f 199 202 197
f 201 190 192
f 203 190 201
f 189 194 196
f 191 194 189
f 193 198 200
f 195 198 193
f 257 190 258
f 191 190 257
f 259 191 257
f 260 194 261
f 195 194 260
f 262 195 260
f 194 263 261
f 264 263 194
f 191 264 194
f 265 264 191
f 259 265 191
f 266 198 267
f 199 198 266
f 268 199 266
f 198 269 267
f 270 269 198
f 195 270 198
f 271 270 195
f 262 271 195
f 190 272 258
f 273 272 190
f 203 273 190
f 274 273 203
f 203 275 274
f 276 275 203
f 202 276 203
f 277 276 202
f 202 278 277
f 279 278 202
f 199 279 202
f 280 279 199
f 268 280 199
f 272 273 281
f 282 272 281
f 258 272 282
f 283 258 282
f 257 258 283
f 284 257 283
f 259 257 284
f 285 259 284
f 265 259 285
f 286 265 285
f 263 264 287
f 288 263 287
f 261 263 288
f 289 261 288
f 260 261 289
f 290 260 289
f 262 260 290
f 291 262 290
f 271 262 291
f 292 271 291
f 269 270 293
f 294 269 293
f 267 269 294
f 295 267 294
f 266 267 295
f 296 266 295
f 268 266 296
f 297 268 296
f 280 268 297
f 298 280 297
f 278 279 299
f 300 278 299
f 277 278 300
f 301 277 300
f 276 277 301
f 302 276 301
f 275 276 302
f 303 275 302
f 274 275 303
f 304 274 303
f 212 265 211
f 264 265 212
f 217 264 212
f 287 264 217
f 218 287 217
f 286 287 218
f 211 286 218
f 265 286 211
f 270 292 293
f 271 292 270
f 238 304 240
f 274 304 238
f 236 274 238
f 273 274 236
f 233 273 236
f 281 273 233
f 233 235 254
f 254 281 233
f 282 281 254
f 283 282 254
f 254 284 283
f 285 284 254
f 256 285 254
f 286 285 256
f 250 286 256
f 250 287 286
f 288 287 250
f 289 288 250
f 250 290 289
f 291 290 250
f 252 291 250
f 292 291 252
f 246 292 252
f 246 293 292
f 294 293 246
f 295 294 246
f 301 300 242
f 246 296 295
f 297 296 246
f 248 297 246
f 298 297 248
f 242 298 248
f 299 298 242
f 300 299 242
f 304 239 240
f 244 239 304
f 303 244 304
f 242 244 303
f 302 242 303
f 301 242 302
f 243 248 245
f 242 248 243
f 247 252 249
f 246 252 247
f 251 256 253
f 250 256 251
f 234 254 235
f 255 254 234
f 237 255 234
f 241 255 237
f 239 241 237
f 244 241 239
f 231 279 226
f 299 279 231
f 232 299 231
f 298 299 232
f 225 298 232
f 280 298 225
f 226 280 225
f 279 280 226
f 201 243 204
f 241 243 201
f 192 241 201
f 255 241 192
f 189 255 192
f 253 255 189
f 196 253 189
f 251 253 196
f 193 251 196
f 249 251 193
f 200 249 193
f 247 249 200
f 197 247 200
f 245 247 197
f 204 245 197
f 243 245 204
f 305 306 307
f 308 306 305
f 309 310 311
f 312 310 309
f 313 314 315
f 316 314 313
f 317 318 319
f 320 318 317
f 318 314 316
f 312 314 318
f 320 312 318
f 310 312 320
f 306 310 320
f 308 310 306
f 319 316 313
f 318 316 319
f 307 320 317
f 306 320 307
f 311 308 305
f 310 308 311
f 315 312 309
f 314 312 315
f 317 319 313
f 311 315 309
f 313 315 311
f 305 313 311
f 317 313 305
f 307 317 305
f 321 322 323
f 324 322 321
f 325 324 321
f 326 327 328
f 322 327 326
f 329 322 326
f 323 322 329
f 330 331 332
f 333 334 335
f 336 334 333
f 331 336 333
f 337 336 331
f 330 337 331
f 338 327 339
f 340 327 338
f 341 340 338
f 342 340 341
f 335 342 341
f 343 342 335
f 334 343 335
f 327 344 339
f 345 344 327
f 322 345 327
f 346 345 322
f 347 346 322
f 348 346 347
f 349 348 347
f 350 348 349
f 351 350 349
f 332 350 351
f 352 332 351
f 330 332 352
f 353 354 355
f 356 354 353
f 353 357 356
f 358 357 353
f 359 358 353
f 360 358 359
f 361 360 359
f 362 363 364
f 365 363 362
f 366 365 362
f 355 367 368
f 369 367 355
f 354 369 355
f 362 369 354
f 370 362 354
f 366 362 370
f 371 372 373
f 363 372 371
f 374 363 371
f 364 363 374
f 375 376 377
f 378 376 375
f 368 379 355
f 375 379 368
f 380 375 368
f 378 375 380
f 381 327 340
f 382 327 381
f 383 382 381
f 384 385 386
f 386 387 384
f 388 387 386
f 382 388 386
f 389 388 382
f 383 389 382
f 390 391 392
f 392 393 394
f 395 392 394
f 390 392 395
f 396 390 395
f 397 390 396
f 398 397 396
f 399 397 398
f 400 399 398
f 401 402 403
f 404 402 401
f 405 406 407
f 408 406 405
f 409 410 411
f 412 410 409
f 413 403 402
f 414 403 413
f 415 416 417
f 418 416 415
f 328 419 326
f 420 419 328
f 421 422 423
f 421 424 425
f 426 424 421
f 423 426 421
f 422 427 423
f 428 427 422
f 429 428 422
f 430 428 429
f 431 432 429
f 433 432 431
f 434 433 431
f 435 433 434
f 436 433 435
f 437 436 435
f 438 436 437
f 439 438 437
f 440 438 439
f 441 438 440
f 442 441 440
f 443 441 442
f 444 441 443
f 445 444 443
f 446 444 445
f 447 446 445
f 448 446 447
f 449 446 448
f 450 449 448
f 451 449 450
f 452 449 451
f 453 452 451
f 454 452 453
f 430 454 453
f 455 454 430
f 429 455 430
f 456 455 429
f 432 456 429
f 457 458 459
f 460 461 462
f 463 461 460
f 457 463 460
f 459 463 457
f 464 463 459
f 465 464 459
f 466 464 465
f 467 466 465
f 468 466 467
f 469 468 467
f 470 468 469
f 471 470 469
f 472 470 471
f 473 472 471
f 474 472 473
f 475 474 473
f 476 474 475
f 477 476 475
f 478 476 477
f 479 478 477
f 480 478 479
f 481 480 479
f 482 480 481
f 483 482 481
f 484 482 483
f 485 484 483
f 486 484 485
f 487 486 485
f 488 486 487
f 489 488 487
f 416 488 489
f 417 416 489
f 490 491 492
f 334 493 343
f 494 493 334
f 492 494 334
f 334 490 492
f 495 490 334
f 336 495 334
f 496 495 336
f 337 496 336
f 497 496 337
f 330 497 337
f 498 497 330
f 352 498 330
f 499 498 352
f 351 499 352
f 500 499 351
f 349 500 351
f 501 500 349
f 347 501 349
f 502 501 347
f 322 502 347
f 503 502 322
f 324 503 322
f 504 503 324
f 325 504 324
f 505 504 325
f 321 505 325
f 506 505 321
f 323 506 321
f 507 506 323
f 329 507 323
f 419 507 329
f 326 419 329
f 393 462 461
f 508 462 393
f 392 508 393
f 405 508 392
f 391 405 392
f 408 405 391
f 493 342 343
f 509 342 493
f 510 509 493
f 511 402 404
f 493 402 511
f 512 493 511
f 510 493 512
f 513 385 384
f 400 385 513
f 514 400 513
f 399 400 514
f 515 516 517
f 518 519 520
f 521 522 523
f 517 522 521
f 521 515 517
f 524 515 521
f 525 524 521
f 520 521 518
f 525 521 520
f 526 525 520
f 527 525 526
f 528 527 526
f 529 530 531
f 532 530 529
f 533 534 535
f 536 537 538
f 539 537 536
f 540 541 542
f 518 543 544
f 545 543 518
f 545 546 536
f 521 546 545
f 518 521 545
f 547 548 549
f 550 548 547
f 551 550 547
f 552 553 554
f 546 551 536
f 550 551 546
f 555 550 546
f 535 550 555
f 556 535 555
f 533 535 556
f 552 557 553
f 542 557 552
f 539 542 552
f 540 542 539
f 536 540 539
f 558 540 536
f 551 558 536
f 559 558 551
f 560 554 561
f 552 554 560
f 562 552 560
f 563 552 562
f 564 565 566
f 567 565 564
f 568 567 564
f 569 567 568
f 570 571 572
f 573 574 575
f 576 571 570
f 577 571 576
f 578 577 576
f 579 577 578
f 580 579 578
f 581 574 573
f 582 579 580
f 583 579 582
f 584 583 582
f 585 583 584
f 573 585 584
f 586 585 573
f 575 586 573
f 581 587 574
f 588 587 581
f 589 588 581
f 590 588 589
f 591 590 589
f 592 590 591
f 593 592 591
f 594 592 593
f 595 594 593
f 572 594 595
f 596 572 595
f 570 572 596
f 597 598 599
f 600 597 599
f 601 597 600
f 602 601 600
f 603 601 602
f 604 603 602
f 605 603 604
f 606 605 604
f 607 605 606
f 608 607 606
f 599 609 610
f 611 609 599
f 598 611 599
f 612 607 608
f 613 607 612
f 614 613 612
f 615 613 614
f 616 615 614
f 617 615 616
f 618 617 616
f 619 617 618
f 620 617 619
f 621 620 619
f 622 620 621
f 610 622 621
f 623 622 610
f 609 623 610
f 624 625 626
f 627 625 624
f 628 627 624
f 629 630 631
f 632 630 629
f 629 633 632
f 532 633 629
f 634 532 629
f 530 532 634
f 635 530 634
f 625 530 635
f 636 625 635
f 626 625 636
f 569 637 361
f 638 639 640
f 359 641 515
f 361 567 569
f 642 567 361
f 359 642 361
f 643 644 638
f 645 640 646
f 638 640 645
f 647 638 645
f 643 638 647
f 638 648 639
f 649 648 638
f 642 649 638
f 650 649 642
f 359 650 642
f 524 650 359
f 515 524 359
f 651 652 653
f 629 654 634
f 653 654 629
f 655 653 629
f 651 653 655
f 539 656 657
f 552 656 539
f 657 658 659
f 656 658 657
f 377 403 414
f 377 401 403
f 660 401 377
f 376 660 377
f 652 661 653
f 662 661 652
f 372 663 664
f 631 665 666
f 667 665 631
f 668 667 631
f 669 667 668
f 670 629 631
f 671 672 670
f 673 674 675
f 676 674 673
f 677 373 372
f 678 679 680
f 670 681 671
f 682 681 670
f 631 682 670
f 683 682 631
f 666 683 631
f 668 684 669
f 685 684 668
f 676 685 668
f 686 685 676
f 673 686 676
f 671 687 672
f 409 687 671
f 377 409 671
f 412 409 377
f 414 412 377
f 407 372 664
f 677 372 407
f 406 677 407
f 675 688 673
f 680 688 675
f 661 680 675
f 678 680 661
f 662 678 661
f 372 689 663
f 690 689 372
f 680 690 372
f 691 690 680
f 679 691 680
f 557 692 553
f 693 692 557
f 694 693 557
f 695 693 694
f 696 542 541
f 697 542 696
f 694 696 695
f 697 696 694
f 441 332 438
f 350 332 441
f 444 350 441
f 348 350 444
f 446 348 444
f 346 348 446
f 449 346 446
f 345 346 449
f 452 345 449
f 344 345 452
f 454 344 452
f 339 344 454
f 455 339 454
f 338 339 455
f 456 338 455
f 341 338 456
f 432 341 456
f 335 341 432
f 433 335 432
f 333 335 433
f 436 333 433
f 331 333 436
f 438 331 436
f 332 331 438
f 698 699 581
f 700 701 651
f 581 702 698
f 703 702 581
f 704 703 581
f 581 701 700
f 705 508 405
f 706 508 705
f 610 707 708
f 709 707 610
f 710 709 610
f 581 711 704
f 712 711 581
f 573 712 581
f 655 700 651
f 713 700 655
f 714 713 655
f 715 713 714
f 610 713 715
f 716 610 715
f 710 610 716
f 411 710 716
f 717 599 610
f 710 413 402
f 410 413 710
f 411 410 710
f 718 508 706
f 699 508 718
f 719 699 718
f 581 720 701
f 721 720 581
f 699 721 581
f 722 721 699
f 719 722 699
f 610 723 717
f 724 723 610
f 708 724 610
f 548 725 726
f 727 548 728
f 725 548 727
f 729 725 727
f 549 569 568
f 637 569 549
f 548 637 549
f 730 637 548
f 726 730 548
f 731 732 733
f 734 731 733
f 735 731 734
f 736 735 734
f 737 735 736
f 738 737 736
f 739 737 738
f 740 739 738
f 741 739 740
f 742 741 740
f 743 741 742
f 744 743 742
f 745 743 744
f 746 745 744
f 747 745 746
f 748 747 746
f 749 747 748
f 750 749 748
f 751 749 750
f 752 751 750
f 753 754 755
f 756 754 753
f 729 756 753
f 757 756 729
f 758 729 727
f 757 729 758
f 759 757 758
f 760 757 759
f 761 762 763
f 764 761 763
f 765 766 767
f 768 766 765
f 769 768 765
f 764 770 761
f 771 770 764
f 772 771 764
f 773 771 772
f 774 773 772
f 774 775 773
f 776 775 774
f 767 776 774
f 777 776 767
f 766 777 767
f 778 763 762
f 779 763 778
f 780 779 778
f 781 779 780
f 760 781 780
f 782 781 760
f 759 782 760
f 759 783 782
f 784 783 759
f 785 784 759
f 769 784 785
f 786 769 785
f 768 769 786
f 787 788 534
f 788 789 534
f 427 789 788
f 423 427 788
f 516 515 641
f 534 790 787
f 641 790 534
f 533 641 534
f 516 641 533
f 791 463 792
f 461 463 791
f 793 461 791
f 393 461 793
f 794 393 793
f 394 393 794
f 795 394 794
f 796 468 797
f 466 468 796
f 792 466 796
f 464 466 792
f 463 464 792
f 797 472 798
f 470 472 797
f 468 470 797
f 486 799 800
f 488 799 486
f 795 799 488
f 416 795 488
f 394 795 416
f 418 394 416
f 801 478 802
f 476 478 801
f 798 476 801
f 474 476 798
f 472 474 798
f 800 484 486
f 482 484 800
f 802 482 800
f 480 482 802
f 478 480 802
f 615 571 613
f 572 571 615
f 617 572 615
f 594 572 617
f 620 594 617
f 592 594 620
f 622 592 620
f 590 592 622
f 623 590 622
f 588 590 623
f 609 588 623
f 587 588 609
f 611 587 609
f 574 587 611
f 598 574 611
f 575 574 598
f 597 575 598
f 586 575 597
f 601 586 597
f 585 586 601
f 603 585 601
f 583 585 603
f 605 583 603
f 579 583 605
f 607 579 605
f 577 579 607
f 613 577 607
f 571 577 613
f 563 659 658
f 537 659 563
f 803 804 805
f 538 806 807
f 543 806 538
f 808 809 810
f 811 809 808
f 812 813 814
f 815 538 816
f 543 538 815
f 544 543 815
f 817 803 810
f 810 818 817
f 819 818 810
f 820 819 810
f 538 805 821
f 803 805 538
f 537 803 538
f 822 803 537
f 563 822 537
f 562 822 563
f 823 824 825
f 826 824 823
f 827 826 823
f 814 828 812
f 821 828 814
f 829 821 814
f 538 821 829
f 830 538 829
f 816 538 830
f 820 831 832
f 833 831 820
f 810 833 820
f 834 833 810
f 809 834 810
f 808 835 811
f 836 835 808
f 837 836 808
f 808 838 837
f 839 838 808
f 840 839 808
f 841 839 840
f 815 841 840
f 842 841 815
f 816 842 815
f 831 843 832
f 824 843 831
f 844 824 831
f 803 845 804
f 846 845 803
f 823 846 803
f 837 847 836
f 848 847 837
f 849 848 837
f 850 848 849
f 851 850 849
f 824 852 825
f 853 852 824
f 844 853 824
f 854 853 844
f 855 854 844
f 812 854 855
f 850 812 855
f 813 812 850
f 851 813 850
f 823 856 827
f 857 856 823
f 803 857 823
f 858 857 803
f 817 858 803
f 554 553 692
f 859 554 692
f 561 554 859
f 860 561 859
f 560 561 860
f 861 560 860
f 562 560 861
f 822 562 861
f 555 862 863
f 546 862 555
f 522 555 863
f 556 555 522
f 517 556 522
f 546 523 862
f 521 523 546
f 863 523 522
f 862 523 863
f 559 864 865
f 551 864 559
f 557 697 694
f 542 697 557
f 547 864 551
f 566 864 547
f 564 566 547
f 865 566 565
f 864 566 865
f 866 545 536
f 867 545 866
f 543 867 806
f 545 867 543
f 658 552 563
f 656 552 658
f 807 867 866
f 806 867 807
f 868 772 869
f 774 772 868
f 870 774 868
f 767 774 870
f 871 767 870
f 765 767 871
f 872 765 871
f 769 765 872
f 873 769 872
f 784 769 873
f 874 784 873
f 783 784 874
f 875 783 874
f 782 783 875
f 876 782 875
f 781 782 876
f 877 781 876
f 779 781 877
f 878 779 877
f 763 779 878
f 879 763 878
f 764 763 879
f 869 764 879
f 772 764 869
f 872 880 873
f 881 880 872
f 871 881 872
f 882 881 871
f 870 882 871
f 883 882 870
f 868 883 870
f 884 883 868
f 869 884 868
f 885 884 869
f 879 885 869
f 886 885 879
f 878 886 879
f 887 886 878
f 877 887 878
f 888 887 877
f 876 888 877
f 889 888 876
f 875 889 876
f 890 889 875
f 874 890 875
f 891 890 874
f 873 891 874
f 880 891 873
f 882 799 881
f 800 799 882
f 883 800 882
f 802 800 883
f 884 802 883
f 801 802 884
f 885 801 884
f 798 801 885
f 886 798 885
f 797 798 886
f 887 797 886
f 796 797 887
f 888 796 887
f 792 796 888
f 889 792 888
f 791 792 889
f 890 791 889
f 793 791 890
f 891 793 890
f 794 793 891
f 880 794 891
f 795 794 880
f 881 795 880
f 799 795 881
f 892 893 894
f 895 893 892
f 896 892 897
f 895 892 896
f 751 895 896
f 752 895 751
f 733 700 713
f 732 700 733
f 644 693 695
f 541 695 696
f 644 695 541
f 540 644 541
f 638 644 540
f 559 642 558
f 567 642 559
f 865 567 559
f 565 567 865
f 540 642 638
f 558 642 540
f 657 537 539
f 659 537 657
f 536 807 866
f 538 807 536
f 898 899 639
f 900 639 899
f 901 639 900
f 902 901 900
f 639 903 904
f 905 903 639
f 648 905 639
f 661 675 906
f 639 907 898
f 908 907 639
f 904 908 639
f 661 909 910
f 911 909 661
f 906 911 661
f 910 912 661
f 913 912 910
f 898 913 910
f 914 913 898
f 907 914 898
f 528 526 915
f 916 628 917
f 918 628 916
f 528 919 920
f 921 919 528
f 915 921 528
f 922 921 915
f 923 922 915
f 915 924 923
f 925 924 915
f 926 925 915
f 927 928 929
f 926 928 927
f 628 930 931
f 932 930 628
f 918 932 628
f 923 933 922
f 934 933 923
f 935 934 923
f 936 934 935
f 937 936 935
f 926 938 925
f 939 938 926
f 940 939 926
f 941 942 624
f 628 943 917
f 944 943 628
f 624 944 628
f 937 944 624
f 942 937 624
f 936 937 942
f 945 936 942
f 916 946 918
f 947 946 916
f 940 947 916
f 948 947 940
f 926 948 940
f 949 948 926
f 927 949 926
f 928 950 929
f 951 950 928
f 931 951 928
f 952 951 931
f 930 952 931
f 624 953 941
f 954 953 624
f 955 954 624
f 956 954 955
f 955 957 956
f 958 957 955
f 959 958 955
f 960 958 959
f 961 960 959
f 528 962 959
f 963 962 528
f 920 963 528
f 959 964 961
f 965 964 959
f 962 965 959
f 966 965 962
f 967 966 962
f 942 966 967
f 968 942 967
f 945 942 968
f 969 970 971
f 972 970 969
f 923 850 935
f 848 850 923
f 924 848 923
f 847 848 924
f 925 847 924
f 836 847 925
f 938 836 925
f 835 836 938
f 939 835 938
f 811 835 939
f 940 811 939
f 809 811 940
f 916 809 940
f 834 809 916
f 917 834 916
f 833 834 917
f 943 833 917
f 831 833 943
f 944 831 943
f 844 831 944
f 937 844 944
f 855 844 937
f 935 855 937
f 850 855 935
f 918 856 932
f 827 856 918
f 946 827 918
f 826 827 946
f 947 826 946
f 824 826 947
f 948 824 947
f 843 824 948
f 949 843 948
f 832 843 949
f 927 832 949
f 820 832 927
f 929 820 927
f 819 820 929
f 950 819 929
f 818 819 950
f 951 818 950
f 817 818 951
f 952 817 951
f 858 817 952
f 930 858 952
f 857 858 930
f 932 857 930
f 856 857 932
f 965 804 964
f 805 804 965
f 966 805 965
f 821 805 966
f 942 821 966
f 828 821 942
f 941 828 942
f 812 828 941
f 953 812 941
f 854 812 953
f 954 854 953
f 853 854 954
f 956 853 954
f 852 853 956
f 957 852 956
f 825 852 957
f 958 825 957
f 823 825 958
f 960 823 958
f 846 823 960
f 961 846 960
f 845 846 961
f 964 845 961
f 804 845 964
f 919 816 920
f 842 816 919
f 921 842 919
f 841 842 921
f 922 841 921
f 839 841 922
f 933 839 922
f 838 839 933
f 934 838 933
f 837 838 934
f 936 837 934
f 849 837 936
f 945 849 936
f 851 849 945
f 968 851 945
f 813 851 968
f 967 813 968
f 814 813 967
f 962 814 967
f 829 814 962
f 963 829 962
f 830 829 963
f 920 830 963
f 816 830 920
f 973 528 959
f 527 528 973
f 974 527 973
f 975 527 974
f 525 527 975
f 976 525 975
f 977 525 976
f 524 525 977
f 650 524 977
f 547 568 564
f 549 568 547
f 517 533 556
f 516 533 517
f 978 520 519
f 979 520 978
f 980 981 982
f 983 981 980
f 722 690 691
f 719 690 722
f 492 984 985
f 491 984 492
f 986 493 494
f 402 493 986
f 710 986 987
f 402 986 710
f 988 458 457
f 989 458 988
f 460 508 990
f 462 508 460
f 991 508 699
f 990 508 991
f 427 992 789
f 993 992 427
f 727 993 427
f 728 993 727
f 727 398 396
f 395 727 396
f 420 427 428
f 382 427 420
f 328 382 420
f 327 382 328
f 727 400 398
f 385 400 727
f 427 385 727
f 386 385 427
f 382 386 427
f 418 395 394
f 727 395 418
f 415 727 418
f 758 727 415
f 534 992 535
f 789 992 534
f 992 550 535
f 993 550 992
f 728 550 993
f 548 550 728
f 410 414 413
f 412 414 410
f 380 383 381
f 340 342 509
f 383 367 389
f 368 367 383
f 380 368 383
f 404 401 660
f 660 511 404
f 512 511 660
f 376 512 660
f 510 512 376
f 378 510 376
f 509 510 378
f 380 509 378
f 340 509 380
f 381 340 380
f 367 388 389
f 387 388 367
f 369 387 367
f 384 387 369
f 362 384 369
f 513 384 362
f 364 513 362
f 514 513 364
f 374 514 364
f 390 408 391
f 406 408 390
f 397 406 390
f 677 406 397
f 399 677 397
f 373 677 399
f 514 373 399
f 371 373 514
f 374 371 514
f 994 787 790
f 790 995 994
f 996 995 790
f 641 996 790
f 997 996 641
f 359 997 641
f 426 423 788
f 788 998 426
f 999 998 788
f 787 999 788
f 1000 999 787
f 994 1000 787
f 1001 729 753
f 725 729 1001
f 1002 725 1001
f 726 725 1002
f 1003 726 1002
f 730 726 1003
f 1004 730 1003
f 637 730 1004
f 361 637 1004
f 716 409 411
f 687 409 716
f 715 687 716
f 672 687 715
f 714 672 715
f 670 672 714
f 655 670 714
f 629 670 655
f 701 652 651
f 662 652 701
f 720 662 701
f 678 662 720
f 721 678 720
f 679 678 721
f 722 679 721
f 691 679 722
f 718 690 719
f 689 690 718
f 706 689 718
f 663 689 706
f 705 663 706
f 664 663 705
f 405 664 705
f 407 664 405
f 1005 894 893
f 1006 1005 893
f 1007 1005 1006
f 1008 1007 1006
f 1009 1007 1008
f 1010 1009 1008
f 1011 1009 1010
f 1012 1011 1010
f 1013 1011 1012
f 1014 1013 1012
f 424 1013 1014
f 425 424 1014
f 1015 755 754
f 1016 1015 754
f 1017 1015 1016
f 1018 1017 1016
f 1019 1017 1018
f 1020 1019 1018
f 1021 1019 1020
f 1022 1021 1020
f 1023 1021 1022
f 1024 1023 1022
f 892 1023 1024
f 897 892 1024
f 494 985 986
f 492 985 494
f 987 984 1025
f 985 984 987
f 986 985 987
f 422 491 429
f 984 491 422
f 1025 984 422
f 429 491 490
f 490 431 429
f 434 431 490
f 495 434 490
f 435 434 495
f 496 435 495
f 437 435 496
f 497 437 496
f 439 437 497
f 498 439 497
f 440 439 498
f 499 440 498
f 442 440 499
f 500 442 499
f 443 442 500
f 501 443 500
f 445 443 501
f 502 445 501
f 447 445 502
f 503 447 502
f 448 447 503
f 504 448 503
f 450 448 504
f 505 450 504
f 451 450 505
f 506 451 505
f 453 451 506
f 507 453 506
f 430 453 507
f 419 430 507
f 420 430 419
f 428 430 420
f 457 990 988
f 460 990 457
f 991 988 990
f 989 988 991
f 1026 989 991
f 989 760 458
f 757 760 989
f 1026 757 989
f 458 760 780
f 780 459 458
f 465 459 780
f 778 465 780
f 467 465 778
f 762 467 778
f 469 467 762
f 761 469 762
f 471 469 761
f 770 471 761
f 473 471 770
f 771 473 770
f 475 473 771
f 773 475 771
f 477 475 773
f 775 477 773
f 479 477 775
f 776 479 775
f 481 479 776
f 777 481 776
f 483 481 777
f 766 483 777
f 485 483 766
f 768 485 766
f 487 485 768
f 786 487 768
f 489 487 786
f 785 489 786
f 417 489 785
f 759 417 785
f 758 417 759
f 415 417 758
f 757 699 756
f 991 699 757
f 1026 991 757
f 422 987 1025
f 710 987 422
f 421 710 422
f 895 600 599
f 752 600 895
f 734 733 621
f 619 734 621
f 736 734 619
f 618 736 619
f 738 736 618
f 616 738 618
f 740 738 616
f 614 740 616
f 742 740 614
f 612 742 614
f 744 742 612
f 608 744 612
f 746 744 608
f 606 746 608
f 748 746 606
f 604 748 606
f 750 748 604
f 602 750 604
f 752 750 602
f 600 752 602
f 713 621 733
f 610 621 713
f 573 751 896
f 584 751 573
f 749 751 584
f 582 749 584
f 747 749 582
f 580 747 582
f 745 747 580
f 578 745 580
f 743 745 578
f 576 743 578
f 741 743 576
f 570 741 576
f 739 741 570
f 596 739 570
f 737 739 596
f 595 737 596
f 735 737 595
f 593 735 595
f 731 735 593
f 591 731 593
f 732 731 591
f 589 732 591
f 732 581 700
f 589 581 732
f 526 979 915
f 520 979 526
f 518 815 519
f 544 815 518
f 915 979 981
f 981 978 982
f 979 978 981
f 519 840 978
f 815 840 519
f 915 983 926
f 981 983 915
f 840 982 978
f 926 983 970
f 970 980 971
f 983 980 970
f 982 808 980
f 840 808 982
f 972 926 970
f 928 926 972
f 1027 928 972
f 808 971 980
f 972 902 1027
f 901 902 972
f 969 901 972
f 971 810 969
f 808 810 971
f 810 901 969
f 901 803 639
f 810 803 901
f 639 822 640
f 803 822 639
f 859 692 643
f 647 859 643
f 860 859 647
f 645 860 647
f 861 860 645
f 646 861 645
f 822 861 646
f 640 822 646
f 693 643 692
f 644 643 693
f 1028 372 363
f 360 1029 358
f 361 1029 360
f 365 1028 363
f 1030 1028 365
f 366 1030 365
f 1031 1030 366
f 370 1031 366
f 1029 357 358
f 356 357 1029
f 1031 356 1029
f 354 356 1031
f 370 354 1031
f 1028 753 372
f 1001 753 1028
f 1030 1001 1028
f 1002 1001 1030
f 1031 1002 1030
f 1003 1002 1031
f 1029 1003 1031
f 1004 1003 1029
f 361 1004 1029
f 372 755 680
f 753 755 372
f 1023 892 669
f 684 1023 669
f 1021 1023 684
f 685 1021 684
f 1019 1021 685
f 686 1019 685
f 1017 1019 686
f 673 1017 686
f 1015 1017 673
f 688 1015 673
f 755 1015 688
f 680 755 688
f 669 894 667
f 892 894 669
f 1013 424 671
f 681 1013 671
f 1011 1013 681
f 682 1011 681
f 1009 1011 682
f 683 1009 682
f 1007 1009 683
f 666 1007 683
f 1005 1007 666
f 665 1005 666
f 894 1005 665
f 667 894 665
f 671 426 377
f 424 426 671
f 997 359 1032
f 1033 1000 1034
f 999 1000 1033
f 1035 999 1033
f 998 999 1035
f 426 998 1035
f 1032 996 997
f 995 996 1032
f 1034 995 1032
f 994 995 1034
f 1000 994 1034
f 1035 377 426
f 375 377 1035
f 1033 375 1035
f 379 375 1033
f 1034 379 1033
f 355 379 1034
f 1032 355 1034
f 353 355 1032
f 359 353 1032
f 710 425 709
f 421 425 710
f 1006 893 599
f 717 1006 599
f 1008 1006 717
f 723 1008 717
f 1010 1008 723
f 724 1010 723
f 1012 1010 724
f 708 1012 724
f 1014 1012 708
f 707 1014 708
f 425 1014 707
f 709 425 707
f 895 599 893
f 897 573 896
f 1016 754 698
f 702 1016 698
f 1018 1016 702
f 703 1018 702
f 1020 1018 703
f 704 1020 703
f 1022 1020 704
f 711 1022 704
f 1024 1022 711
f 712 1024 711
f 897 1024 712
f 573 897 712
f 698 756 699
f 754 756 698
f 630 668 631
f 1036 668 630
f 632 1036 630
f 1037 1036 632
f 633 1037 632
f 1038 1037 633
f 532 1038 633
f 529 1038 532
f 626 955 624
f 1039 955 626
f 636 1039 626
f 1040 1039 636
f 635 1040 636
f 1041 1040 635
f 634 1041 635
f 654 1041 634
f 1042 628 931
f 627 628 1042
f 1043 627 1042
f 625 627 1043
f 531 625 1043
f 530 625 531
f 1036 676 668
f 674 676 1036
f 1037 674 1036
f 1037 675 674
f 906 675 1037
f 1038 906 1037
f 911 906 1038
f 529 911 1038
f 909 911 529
f 909 531 910
f 529 531 909
f 1043 910 531
f 898 910 1043
f 1042 898 1043
f 899 898 1042
f 931 899 1042
f 900 899 931
f 928 900 931
f 902 900 928
f 1027 902 928
f 653 912 654
f 661 912 653
f 1039 908 955
f 907 908 1039
f 1040 907 1039
f 914 907 1040
f 1041 914 1040
f 913 914 1041
f 654 913 1041
f 912 913 654
f 955 904 959
f 908 904 955
f 959 904 903
f 903 973 959
f 974 973 903
f 905 974 903
f 975 974 905
f 648 975 905
f 976 975 648
f 649 976 648
f 977 976 649
f 650 977 649
f 1044 1045 1046
f 1047 1044 1046
f 1048 1044 1047
f 1049 1048 1047
f 1050 1048 1049
f 1051 1050 1049
f 1052 1050 1051
f 1053 1052 1051
f 1054 1052 1053
f 1055 1054 1053
f 1056 1054 1055
f 1057 1056 1055
f 1058 1056 1057
f 1059 1058 1057
f 1060 1058 1059
f 1061 1060 1059
f 1062 1060 1061
f 1063 1062 1061
f 1064 1062 1063
f 1065 1064 1063
f 1066 1064 1065
f 1067 1066 1065
f 1068 1066 1067
f 1069 1068 1067
f 1070 1068 1069
f 1071 1070 1069
f 1072 1070 1071
f 1073 1072 1071
f 1074 1072 1073
f 1075 1074 1073
f 1076 1074 1075
f 1077 1076 1075
f 1078 1076 1077
f 1079 1078 1077
f 1080 1078 1079
f 1081 1080 1079
f 1082 1080 1081
f 1083 1082 1081
f 1084 1082 1083
f 1085 1084 1083
f 1086 1084 1085
f 1087 1086 1085
f 1088 1086 1087
f 1089 1088 1087
f 1090 1088 1089
f 1091 1090 1089
f 1092 1090 1091
f 1093 1092 1091
f 1094 1095 1096
f 1097 1095 1094
f 1098 1097 1094
f 1099 1094 1096
f 1100 1094 1099
f 1101 1100 1099
f 1102 1100 1101
f 1103 1102 1101
f 1104 1102 1103
f 1105 1102 1104
f 1106 1105 1104
f 1107 1105 1106
f 1108 1107 1106
f 1109 1107 1108
f 1110 1107 1109
f 1111 1110 1109
f 1112 1110 1111
f 1113 1110 1112
f 1114 1113 1112
f 1115 1113 1114
f 1116 1115 1114
f 1117 1118 1119
f 1120 1118 1117
f 1121 1120 1117
f 1122 1120 1121
f 1115 1122 1121
f 1123 1122 1115
f 1116 1123 1115
f 1119 1124 1125
f 1126 1124 1119
f 1118 1126 1119
f 1125 1127 1128
f 1129 1127 1125
f 1124 1129 1125
f 1130 1131 1132
f 1133 1131 1130
f 1134 1133 1130
f 1135 1133 1134
f 1128 1135 1134
f 1136 1135 1128
f 1127 1136 1128
f 1137 1130 1132
f 1138 1130 1137
f 1139 1138 1137
f 1140 1138 1139
f 1141 1140 1139
f 1142 1140 1141
f 1143 1142 1141
f 1144 1142 1143
f 1145 1142 1144
f 1146 1145 1144
f 1147 1145 1146
f 1148 1145 1147
f 1149 1148 1147
f 1150 1148 1149
f 1151 1148 1150
f 1152 1151 1150
f 1153 1151 1152
f 1154 1153 1152
f 1155 1156 1157
f 1158 1157 1159
f 1155 1157 1158
f 1153 1155 1158
f 1160 1155 1153
f 1154 1160 1153
f 1161 1159 1045
f 1044 1161 1045
f 1162 1161 1044
f 1048 1162 1044
f 1163 1162 1048
f 1050 1163 1048
f 1164 1163 1050
f 1052 1164 1050
f 1165 1164 1052
f 1054 1165 1052
f 1166 1165 1054
f 1056 1166 1054
f 1167 1166 1056
f 1058 1167 1056
f 1168 1167 1058
f 1060 1168 1058
f 1169 1168 1060
f 1062 1169 1060
f 1170 1169 1062
f 1064 1170 1062
f 1171 1170 1064
f 1066 1171 1064
f 1172 1171 1066
f 1068 1172 1066
f 1173 1172 1068
f 1070 1173 1068
f 1174 1173 1070
f 1072 1174 1070
f 1175 1174 1072
f 1074 1175 1072
f 1176 1175 1074
f 1076 1176 1074
f 1177 1176 1076
f 1078 1177 1076
f 1178 1177 1078
f 1080 1178 1078
f 1179 1178 1080
f 1082 1179 1080
f 1180 1179 1082
f 1084 1180 1082
f 1181 1180 1084
f 1086 1181 1084
f 1182 1181 1086
f 1088 1182 1086
f 1183 1182 1088
f 1090 1183 1088
f 1184 1183 1090
f 1092 1184 1090
f 1161 1158 1159
f 1153 1158 1161
f 1162 1153 1161
f 1151 1153 1162
f 1163 1151 1162
f 1148 1151 1163
f 1164 1148 1163
f 1145 1148 1164
f 1165 1145 1164
f 1142 1145 1165
f 1166 1142 1165
f 1140 1142 1166
f 1167 1140 1166
f 1138 1140 1167
f 1168 1138 1167
f 1130 1138 1168
f 1169 1130 1168
f 1134 1130 1169
f 1170 1134 1169
f 1128 1134 1170
f 1171 1128 1170
f 1125 1128 1171
f 1172 1125 1171
f 1119 1125 1172
f 1173 1119 1172
f 1117 1119 1173
f 1174 1117 1173
f 1121 1117 1174
f 1175 1121 1174
f 1115 1121 1175
f 1176 1115 1175
f 1113 1115 1176
f 1177 1113 1176
f 1110 1113 1177
f 1178 1110 1177
f 1107 1110 1178
f 1179 1107 1178
f 1105 1107 1179
f 1180 1105 1179
f 1102 1105 1180
f 1181 1102 1180
f 1100 1102 1181
f 1182 1100 1181
f 1094 1100 1182
f 1183 1094 1182
f 1098 1094 1183
f 1184 1098 1183
f 1185 1186 1187
f 1188 1186 1185
f 1189 1188 1185
f 1190 1188 1189
f 1191 1190 1189
f 1192 1190 1191
f 1193 1192 1191
f 1194 1192 1193
f 1045 1195 1046
f 1196 1195 1045
f 1159 1196 1045
f 1197 1196 1159
f 1157 1197 1159
f 1198 1197 1157
f 1156 1198 1157
f 1199 1198 1156
f 1196 1187 1195
f 1185 1187 1196
f 1197 1185 1196
f 1189 1185 1197
f 1198 1189 1197
f 1191 1189 1198
f 1199 1191 1198
f 1193 1191 1199
f 1200 1201 1202
f 1203 1092 1093
f 1204 1097 1098
f 1205 1097 1204
f 1206 1203 1093
f 1207 1203 1206
f 1208 1207 1206
f 1209 1207 1208
f 1210 1209 1208
f 1211 1209 1210
f 1212 1211 1210
f 1213 1211 1212
f 1214 1213 1212
f 1215 1213 1214
f 1216 1215 1214
f 1217 1215 1216
f 1218 1217 1216
f 1219 1220 1221
f 1220 1222 1200
f 1223 1200 1222
f 1201 1200 1223
f 1224 1201 1223
f 1225 1200 1202
f 1226 1200 1225
f 1227 1226 1225
f 1228 1226 1227
f 1229 1228 1227
f 1230 1228 1229
f 1231 1230 1229
f 1204 1232 1205
f 1233 1232 1204
f 1234 1233 1204
f 1235 1233 1234
f 1236 1235 1234
f 1237 1235 1236
f 1230 1237 1236
f 1238 1237 1230
f 1231 1238 1230
f 1200 1221 1220
f 1239 1221 1200
f 1226 1239 1200
f 1240 1239 1226
f 1228 1240 1226
f 1241 1240 1228
f 1230 1241 1228
f 1242 1241 1230
f 1236 1242 1230
f 1243 1242 1236
f 1234 1243 1236
f 1244 1243 1234
f 1204 1244 1234
f 1184 1244 1204
f 1098 1184 1204
f 1219 1218 1245
f 1217 1218 1219
f 1221 1217 1219
f 1215 1217 1221
f 1239 1215 1221
f 1213 1215 1239
f 1240 1213 1239
f 1211 1213 1240
f 1241 1211 1240
f 1209 1211 1241
f 1242 1209 1241
f 1207 1209 1242
f 1243 1207 1242
f 1203 1207 1243
f 1244 1203 1243
f 1092 1203 1244
f 1184 1092 1244
f 1246 1247 1248
f 1249 1247 1246
f 1250 1249 1246
f 1251 1249 1250
f 1252 1251 1250
f 1253 1251 1252
f 1254 1253 1252
f 1255 1253 1254
f 1256 1255 1254
f 1257 1255 1256
f 1258 1257 1256
f 1259 1257 1258
f 1260 1259 1258
f 1261 1259 1260
f 1262 1261 1260
f 1263 1261 1262
f 1264 1263 1262
f 1265 1263 1264
f 1266 1265 1264
f 1267 1265 1266
f 1268 1267 1266
f 1269 1267 1268
f 1270 1269 1268
f 1271 1269 1270
f 1272 1271 1270
f 1273 1271 1272
f 1274 1273 1272
f 1275 1273 1274
f 1276 1275 1274
f 1277 1275 1276
f 1278 1277 1276
f 1279 1277 1278
f 1280 1279 1278
f 1281 1279 1280
f 1282 1281 1280
f 1283 1281 1282
f 1284 1283 1282
f 1285 1283 1284
f 1286 1285 1284
f 1287 1285 1286
f 1288 1287 1286
f 1289 1287 1288
f 1290 1289 1288
f 1291 1289 1290
f 1292 1291 1290
f 1293 1291 1292
f 1294 1293 1292
f 1295 1293 1294
f 1296 1295 1294
f 1297 1295 1296
f 1298 1297 1296
f 1299 1297 1298
f 1300 1299 1298
f 1301 1299 1300
f 1302 1301 1300
f 1303 1301 1302
f 1304 1303 1302
f 1305 1303 1304
f 1306 1305 1304
f 1307 1305 1306
f 1308 1307 1306
f 1309 1307 1308
f 1310 1309 1308
f 1311 1309 1310
f 1312 1311 1310
f 1313 1311 1312
f 1314 1313 1312
f 1315 1313 1314
f 1316 1315 1314
f 1317 1315 1316
f 1318 1317 1316
f 1319 1317 1318
f 1320 1319 1318
f 1321 1319 1320
f 1322 1321 1320
f 1323 1321 1322
f 1324 1323 1322
f 1325 1323 1324
f 1248 1325 1324
f 1247 1325 1248
f 1326 1156 1155
f 1235 1327 1328
f 1328 1233 1235
f 1232 1233 1328
f 1329 1232 1328
f 1097 1330 1095
f 1329 1330 1097
f 1205 1329 1097
f 1232 1329 1205
f 1330 1096 1095
f 1099 1096 1330
f 1331 1099 1330
f 1331 1101 1099
f 1103 1101 1331
f 1332 1103 1331
f 1104 1103 1332
f 1333 1104 1332
f 1106 1104 1333
f 1108 1106 1333
f 1111 1334 1112
f 1333 1334 1111
f 1109 1333 1111
f 1108 1333 1109
f 1334 1114 1112
f 1116 1114 1334
f 1335 1116 1334
f 1335 1123 1116
f 1122 1123 1335
f 1336 1122 1335
f 1118 1337 1126
f 1336 1337 1118
f 1120 1336 1118
f 1122 1336 1120
f 1337 1124 1126
f 1129 1124 1337
f 1338 1129 1337
f 1136 1339 1135
f 1338 1339 1136
f 1127 1338 1136
f 1129 1338 1127
f 1339 1133 1135
f 1131 1133 1339
f 1340 1131 1339
f 1340 1132 1131
f 1137 1132 1340
f 1341 1137 1340
f 1141 1342 1143
f 1341 1342 1141
f 1139 1341 1141
f 1137 1341 1139
f 1342 1144 1143
f 1146 1144 1342
f 1343 1146 1342
f 1343 1147 1146
f 1149 1147 1343
f 1344 1149 1343
f 1152 1345 1154
f 1344 1345 1152
f 1150 1344 1152
f 1149 1344 1150
f 1345 1160 1154
f 1155 1160 1345
f 1346 1155 1345
f 1326 1155 1346
f 1237 1327 1235
f 1347 1327 1237
f 1348 1349 1350
f 1351 1349 1348
f 1352 1351 1348
f 1353 1201 1224
f 1348 1201 1353
f 1354 1348 1353
f 1352 1348 1354
f 1225 1355 1227
f 1348 1355 1225
f 1202 1348 1225
f 1201 1348 1202
f 1355 1229 1227
f 1231 1229 1355
f 1347 1231 1355
f 1238 1231 1347
f 1237 1238 1347
f 1156 1326 1356
f 1357 1358 1359
f 1360 1358 1357
f 1361 1360 1357
f 1357 1362 1361
f 1363 1362 1357
f 1364 1363 1357
f 1356 1199 1156
f 1193 1199 1356
f 1365 1193 1356
f 1365 1194 1193
f 1366 1194 1365
f 1367 1366 1365
f 1367 1368 1366
f 1369 1368 1367
f 1370 1369 1367
f 1370 1371 1369
f 1372 1371 1370
f 1373 1372 1370
f 1373 1374 1372
f 1375 1374 1373
f 1376 1375 1373
f 1376 1377 1375
f 1378 1377 1376
f 1357 1378 1376
f 1379 1378 1357
f 1359 1379 1357
f 1380 1194 1366
f 1192 1194 1380
f 1368 1380 1366
f 1381 1380 1368
f 1369 1381 1368
f 1382 1381 1369
f 1371 1382 1369
f 1383 1382 1371
f 1372 1383 1371
f 1374 1383 1372
f 1384 1383 1374
f 1375 1384 1374
f 1377 1384 1375
f 1385 1384 1377
f 1378 1385 1377
f 1386 1385 1378
f 1379 1386 1378
f 1387 1388 1389
f 1388 1390 1391
f 1391 1389 1388
f 1392 1389 1391
f 1393 1392 1391
f 1394 1392 1393
f 1395 1394 1393
f 1396 1394 1395
f 1397 1396 1395
f 1398 1396 1397
f 1399 1398 1397
f 1400 1398 1399
f 1401 1400 1399
f 1402 1400 1401
f 1403 1402 1401
f 1188 1403 1186
f 1402 1403 1188
f 1190 1402 1188
f 1404 1379 1359
f 1386 1379 1404
f 1405 1386 1404
f 1385 1386 1405
f 1406 1385 1405
f 1384 1385 1406
f 1407 1384 1406
f 1383 1384 1407
f 1408 1383 1407
f 1382 1383 1408
f 1409 1382 1408
f 1381 1382 1409
f 1410 1381 1409
f 1380 1381 1410
f 1411 1380 1410
f 1192 1380 1411
f 1190 1192 1411
f 1411 1402 1190
f 1400 1402 1411
f 1410 1400 1411
f 1398 1400 1410
f 1409 1398 1410
f 1396 1398 1409
f 1408 1396 1409
f 1394 1396 1408
f 1407 1394 1408
f 1392 1394 1407
f 1406 1392 1407
f 1389 1392 1406
f 1405 1389 1406
f 1387 1389 1405
f 1404 1387 1405
f 1412 1413 1414
f 1415 1413 1412
f 1416 1415 1412
f 1417 1418 1419
f 1416 1418 1417
f 1420 1416 1417
f 1415 1416 1420
f 1421 1422 1423
f 1424 1422 1421
f 1414 1424 1421
f 1425 1424 1414
f 1413 1425 1414
f 1426 1427 1428
f 1429 1430 1431
f 1428 1430 1429
f 1432 1428 1429
f 1426 1428 1432
f 1433 1434 1435
f 1436 1434 1433
f 1437 1436 1433
f 1438 1436 1437
f 1427 1438 1437
f 1439 1438 1427
f 1426 1439 1427
f 1440 1441 1442
f 1443 1444 1445
f 1442 1444 1443
f 1446 1442 1443
f 1440 1442 1446
f 1447 1448 1449
f 1450 1448 1447
f 1451 1450 1447
f 1452 1450 1451
f 1441 1452 1451
f 1453 1452 1441
f 1440 1453 1441
f 1293 1216 1214
f 1454 1301 1303
f 1299 1301 1454
f 1245 1299 1454
f 1297 1299 1245
f 1295 1297 1245
f 1311 1313 1390
f 1305 1454 1303
f 1455 1454 1305
f 1307 1455 1305
f 1455 1311 1390
f 1309 1311 1455
f 1307 1309 1455
f 1285 1206 1283
f 1208 1206 1285
f 1295 1216 1293
f 1218 1216 1295
f 1245 1218 1295
f 1255 1055 1053
f 1212 1293 1214
f 1291 1293 1212
f 1210 1291 1212
f 1289 1291 1210
f 1208 1289 1210
f 1287 1289 1208
f 1285 1287 1208
f 1281 1089 1279
f 1091 1089 1281
f 1283 1091 1281
f 1093 1091 1283
f 1206 1093 1283
f 1277 1083 1275
f 1085 1083 1277
f 1279 1085 1277
f 1087 1085 1279
f 1089 1087 1279
f 1257 1055 1255
f 1057 1055 1257
f 1259 1057 1257
f 1403 1321 1323
f 1267 1069 1265
f 1071 1069 1267
f 1269 1071 1267
f 1393 1315 1317
f 1315 1390 1313
f 1391 1390 1315
f 1393 1391 1315
f 1259 1059 1057
f 1061 1059 1259
f 1261 1061 1259
f 1063 1061 1261
f 1263 1063 1261
f 1065 1063 1263
f 1265 1065 1263
f 1067 1065 1265
f 1069 1067 1265
f 1051 1255 1053
f 1253 1255 1051
f 1049 1253 1051
f 1251 1253 1049
f 1047 1251 1049
f 1249 1251 1047
f 1046 1249 1047
f 1247 1249 1046
f 1325 1247 1046
f 1317 1395 1393
f 1397 1395 1317
f 1319 1397 1317
f 1399 1397 1319
f 1321 1399 1319
f 1401 1399 1321
f 1403 1401 1321
f 1269 1073 1071
f 1075 1073 1269
f 1271 1075 1269
f 1077 1075 1271
f 1273 1077 1271
f 1079 1077 1273
f 1275 1079 1273
f 1081 1079 1275
f 1083 1081 1275
f 1323 1186 1403
f 1187 1186 1323
f 1325 1187 1323
f 1195 1187 1325
f 1046 1195 1325
f 1245 1454 1456
f 1456 1219 1245
f 1220 1219 1456
f 1457 1220 1456
f 1222 1220 1457
f 1458 1222 1457
f 1223 1222 1458
f 1459 1223 1458
f 1224 1223 1459
f 1353 1459 1460
f 1224 1459 1353
f 1353 1460 1461
f 1461 1354 1353
f 1352 1354 1461
f 1462 1352 1461
f 1351 1352 1462
f 1463 1351 1462
f 1349 1351 1463
f 1464 1349 1463
f 1350 1349 1464
f 1298 1464 1300
f 1350 1464 1298
f 1464 1302 1300
f 1304 1302 1464
f 1465 1304 1464
f 1347 1288 1327
f 1290 1288 1347
f 1355 1290 1347
f 1292 1290 1355
f 1348 1292 1355
f 1294 1292 1348
f 1350 1294 1348
f 1296 1294 1350
f 1298 1296 1350
f 1465 1306 1304
f 1308 1306 1465
f 1364 1308 1465
f 1310 1308 1364
f 1357 1310 1364
f 1312 1310 1357
f 1376 1312 1357
f 1314 1312 1376
f 1373 1314 1376
f 1316 1314 1373
f 1370 1316 1373
f 1318 1316 1370
f 1367 1318 1370
f 1320 1318 1367
f 1365 1320 1367
f 1322 1320 1365
f 1356 1322 1365
f 1324 1322 1356
f 1326 1324 1356
f 1248 1324 1326
f 1346 1248 1326
f 1246 1248 1346
f 1345 1246 1346
f 1250 1246 1345
f 1344 1250 1345
f 1252 1250 1344
f 1343 1252 1344
f 1254 1252 1343
f 1342 1254 1343
f 1256 1254 1342
f 1341 1256 1342
f 1258 1256 1341
f 1340 1258 1341
f 1260 1258 1340
f 1339 1260 1340
f 1262 1260 1339
f 1338 1262 1339
f 1264 1262 1338
f 1337 1264 1338
f 1266 1264 1337
f 1336 1266 1337
f 1268 1266 1336
f 1335 1268 1336
f 1270 1268 1335
f 1334 1270 1335
f 1272 1270 1334
f 1333 1272 1334
f 1274 1272 1333
f 1332 1274 1333
f 1276 1274 1332
f 1331 1276 1332
f 1278 1276 1331
f 1330 1278 1331
f 1280 1278 1330
f 1329 1280 1330
f 1282 1280 1329
f 1328 1282 1329
f 1284 1282 1328
f 1327 1284 1328
f 1286 1284 1327
f 1288 1286 1327
f 1364 1465 1466
f 1466 1363 1364
f 1362 1363 1466
f 1467 1362 1466
f 1361 1362 1467
f 1468 1361 1467
f 1360 1361 1468
f 1469 1360 1468
f 1358 1360 1469
f 1469 1359 1358
f 1470 1359 1469
f 1359 1470 1471
f 1455 1390 1388
f 1471 1404 1359
f 1387 1404 1471
f 1472 1387 1471
f 1388 1387 1472
f 1473 1388 1472
f 1455 1388 1473
f 1414 1474 1412
f 1475 1474 1414
f 1421 1475 1414
f 1476 1475 1421
f 1423 1476 1421
f 1477 1476 1423
f 1422 1477 1423
f 1478 1477 1422
f 1424 1478 1422
f 1479 1478 1424
f 1425 1479 1424
f 1480 1479 1425
f 1413 1480 1425
f 1481 1480 1413
f 1415 1481 1413
f 1482 1481 1415
f 1420 1482 1415
f 1483 1482 1420
f 1417 1483 1420
f 1484 1483 1417
f 1419 1484 1417
f 1485 1484 1419
f 1418 1485 1419
f 1486 1485 1418
f 1416 1486 1418
f 1487 1486 1416
f 1412 1487 1416
f 1474 1487 1412
f 1437 1488 1427
f 1489 1488 1437
f 1433 1489 1437
f 1490 1489 1433
f 1435 1490 1433
f 1491 1490 1435
f 1434 1491 1435
f 1492 1491 1434
f 1436 1492 1434
f 1493 1492 1436
f 1438 1493 1436
f 1494 1493 1438
f 1439 1494 1438
f 1495 1494 1439
f 1426 1495 1439
f 1496 1495 1426
f 1432 1496 1426
f 1497 1496 1432
f 1429 1497 1432
f 1498 1497 1429
f 1431 1498 1429
f 1499 1498 1431
f 1430 1499 1431
f 1500 1499 1430
f 1428 1500 1430
f 1501 1500 1428
f 1427 1501 1428
f 1488 1501 1427
f 1451 1502 1441
f 1503 1502 1451
f 1447 1503 1451
f 1504 1503 1447
f 1449 1504 1447
f 1505 1504 1449
f 1448 1505 1449
f 1506 1505 1448
f 1450 1506 1448
f 1507 1506 1450
f 1452 1507 1450
f 1508 1507 1452
f 1453 1508 1452
f 1509 1508 1453
f 1440 1509 1453
f 1510 1509 1440
f 1446 1510 1440
f 1511 1510 1446
f 1443 1511 1446
f 1512 1511 1443
f 1445 1512 1443
f 1513 1512 1445
f 1444 1513 1445
f 1514 1513 1444
f 1442 1514 1444
f 1515 1514 1442
f 1441 1515 1442
f 1502 1515 1441
f 1516 1517 1518
f 1519 1517 1516
f 1520 1519 1516
f 1521 1522 1523
f 1520 1522 1521
f 1524 1520 1521
f 1519 1520 1524
f 1525 1526 1527
f 1528 1526 1525
f 1518 1528 1525
f 1529 1528 1518
f 1517 1529 1518
f 1459 1501 1460
f 1500 1501 1459
f 1499 1500 1459
f 1454 1514 1456
f 1513 1514 1454
f 1512 1513 1454
f 1458 1515 1459
f 1514 1515 1458
f 1457 1514 1458
f 1456 1514 1457
f 1506 1499 1505
f 1498 1499 1506
f 1507 1498 1506
f 1463 1462 1461
f 1499 1504 1505
f 1503 1504 1499
f 1459 1503 1499
f 1502 1503 1459
f 1515 1502 1459
f 1530 1475 1476
f 1474 1475 1530
f 1531 1474 1530
f 1460 1489 1490
f 1488 1489 1460
f 1501 1488 1460
f 1490 1461 1460
f 1463 1461 1490
f 1491 1463 1490
f 1464 1463 1491
f 1492 1464 1491
f 1465 1464 1492
f 1511 1531 1510
f 1474 1531 1511
f 1512 1474 1511
f 1487 1474 1512
f 1454 1487 1512
f 1530 1478 1532
f 1477 1478 1530
f 1476 1477 1530
f 1533 1466 1465
f 1465 1534 1533
f 1535 1534 1465
f 1492 1535 1465
f 1536 1535 1492
f 1493 1536 1492
f 1537 1536 1493
f 1531 1509 1510
f 1508 1509 1531
f 1538 1508 1531
f 1507 1508 1538
f 1539 1507 1538
f 1498 1507 1539
f 1497 1498 1539
f 1473 1472 1471
f 1470 1482 1483
f 1468 1540 1469
f 1533 1540 1468
f 1467 1533 1468
f 1466 1533 1467
f 1483 1471 1470
f 1473 1471 1483
f 1484 1473 1483
f 1455 1473 1484
f 1485 1455 1484
f 1454 1455 1485
f 1486 1454 1485
f 1487 1454 1486
f 1470 1481 1482
f 1480 1481 1470
f 1469 1480 1470
f 1479 1480 1469
f 1478 1479 1469
f 1478 1541 1532
f 1542 1541 1478
f 1469 1542 1478
f 1543 1542 1469
f 1540 1543 1469
f 1539 1496 1497
f 1495 1496 1539
f 1537 1495 1539
f 1494 1495 1537
f 1493 1494 1537
f 1518 1539 1516
f 1537 1539 1518
f 1525 1537 1518
f 1536 1537 1525
f 1527 1536 1525
f 1535 1536 1527
f 1526 1535 1527
f 1534 1535 1526
f 1528 1534 1526
f 1533 1534 1528
f 1529 1533 1528
f 1540 1533 1529
f 1517 1540 1529
f 1543 1540 1517
f 1519 1543 1517
f 1542 1543 1519
f 1524 1542 1519
f 1541 1542 1524
f 1521 1541 1524
f 1532 1541 1521
f 1523 1532 1521
f 1530 1532 1523
f 1522 1530 1523
f 1531 1530 1522
f 1520 1531 1522
f 1538 1531 1520
f 1516 1538 1520
f 1539 1538 1516
f 1544 1287 1545
f 1546 1544 1545
f 1547 1544 1546
f 1548 1547 1546
f 1549 1547 1548
f 1550 1549 1548
f 1551 1549 1550
f 1552 1551 1550
f 1553 1551 1552
f 1554 1553 1552
f 1555 1553 1554
f 1556 1555 1554
f 1557 1555 1556
f 1558 1557 1556
f 1559 1557 1558
f 1560 1559 1558
f 1561 1559 1560
f 1562 1561 1560
f 1267 1561 1562
f 1563 1267 1562
f 1564 1267 1563
f 1565 1564 1563
f 1566 1564 1565
f 1567 1566 1565
f 1568 1566 1567
f 1569 1568 1567
f 1570 1568 1569
f 1571 1570 1569
f 1572 1570 1571
f 1573 1572 1571
f 1574 1572 1573
f 1575 1574 1573
f 1576 1574 1575
f 1577 1576 1575
f 1578 1576 1577
f 1579 1578 1577
f 1580 1578 1579
f 1581 1580 1579
f 1247 1580 1581
f 1582 1247 1581
f 1583 1247 1582
f 1584 1583 1582
f 1585 1583 1584
f 1586 1585 1584
f 1587 1585 1586
f 1588 1587 1586
f 1589 1587 1588
f 1590 1589 1588
f 1591 1589 1590
f 1592 1591 1590
f 1593 1591 1592
f 1594 1593 1592
f 1595 1593 1594
f 1596 1595 1594
f 1597 1595 1596
f 1598 1597 1596
f 1599 1597 1598
f 1600 1599 1598
f 1307 1599 1600
f 1601 1307 1600
f 1602 1307 1601
f 1603 1602 1601
f 1604 1602 1603
f 1605 1604 1603
f 1606 1604 1605
f 1607 1606 1605
f 1608 1606 1607
f 1609 1608 1607
f 1610 1608 1609
f 1611 1610 1609
f 1612 1610 1611
f 1613 1612 1611
f 1614 1612 1613
f 1615 1614 1613
f 1616 1614 1615
f 1617 1616 1615
f 1618 1616 1617
f 1619 1618 1617
f 1287 1618 1619
f 1545 1287 1619
f 1544 1589 1591
f 1544 1597 1599
f 1604 1618 1287
f 1616 1618 1604
f 1606 1616 1604
f 1608 1610 1612
f 1307 1544 1599
f 1544 1595 1597
f 1593 1595 1544
f 1591 1593 1544
f 1544 1587 1589
f 1585 1587 1544
f 1583 1585 1544
f 1583 1555 1247
f 1553 1555 1583
f 1551 1553 1583
f 1555 1580 1247
f 1578 1580 1555
f 1557 1578 1555
f 1559 1578 1557
f 1583 1549 1551
f 1547 1549 1583
f 1544 1547 1583
f 1608 1616 1606
f 1614 1616 1608
f 1612 1614 1608
f 1544 1604 1287
f 1602 1604 1544
f 1307 1602 1544
f 1559 1576 1578
f 1574 1576 1559
f 1572 1574 1559
f 1566 1267 1564
f 1568 1267 1566
f 1559 1570 1572
f 1568 1570 1559
f 1561 1568 1559
f 1267 1568 1561
f 1620 1621 1622
f 1623 1621 1620
f 1624 1625 1626
f 1627 1626 1628
f 1629 1627 1628
f 1630 1627 1629
f 1631 1630 1629
f 1632 1630 1631
f 1633 1632 1631
f 1634 1632 1633
f 1635 1634 1633
f 1636 1634 1635
f 1637 1636 1635
f 1638 1636 1637
f 1639 1638 1637
f 1640 1638 1639
f 1641 1640 1639
f 1642 1640 1641
f 1643 1642 1641
f 1644 1642 1643
f 1645 1644 1643
f 1646 1644 1645
f 1647 1646 1645
f 1648 1646 1647
f 1649 1648 1647
f 1650 1648 1649
f 1651 1650 1649
f 1652 1650 1651
f 1653 1652 1651
f 1654 1652 1653
f 1655 1654 1653
f 1656 1654 1655
f 1657 1656 1655
f 1658 1656 1657
f 1659 1658 1657
f 1660 1658 1659
f 1661 1660 1659
f 1662 1660 1661
f 1663 1662 1661
f 1664 1662 1663
f 1665 1664 1663
f 1666 1664 1665
f 1667 1666 1665
f 1668 1666 1667
f 1669 1668 1667
f 1670 1668 1669
f 1671 1670 1669
f 1672 1670 1671
f 1673 1672 1671
f 1674 1672 1673
f 1675 1674 1673
f 1676 1674 1675
f 1677 1676 1675
f 1678 1679 1680
f 1681 1682 1683
f 1684 1682 1681
f 1685 1684 1681
f 1686 1684 1685
f 1680 1686 1685
f 1687 1686 1680
f 1679 1687 1680
f 1688 1687 1679
f 1689 1681 1683
f 1690 1681 1689
f 1691 1690 1689
f 1692 1690 1691
f 1693 1692 1691
f 1694 1692 1693
f 1695 1694 1693
f 1696 1694 1695
f 1697 1696 1695
f 1698 1696 1697
f 1699 1696 1698
f 1700 1699 1698
f 1701 1699 1700
f 1702 1699 1701
f 1703 1702 1701
f 1704 1702 1703
f 1705 1704 1703
f 1706 1707 1708
f 1709 1707 1706
f 1710 1709 1706
f 1711 1709 1710
f 1712 1711 1710
f 1713 1711 1712
f 1704 1713 1712
f 1714 1713 1704
f 1705 1714 1704
f 1708 1715 1716
f 1717 1715 1708
f 1707 1717 1708
f 1718 1719 1720
f 1721 1719 1718
f 1722 1721 1718
f 1723 1721 1722
f 1716 1723 1722
f 1724 1723 1716
f 1715 1724 1716
f 1725 1718 1720
f 1726 1718 1725
f 1727 1726 1725
f 1728 1726 1727
f 1729 1728 1727
f 1730 1728 1729
f 1731 1730 1729
f 1732 1730 1731
f 1733 1732 1731
f 1734 1732 1733
f 1735 1732 1734
f 1736 1735 1734
f 1737 1735 1736
f 1738 1735 1737
f 1739 1738 1737
f 1740 1738 1739
f 1741 1740 1739
f 1740 1620 1622
f 1742 1620 1740
f 1741 1742 1740
f 1627 1624 1626
f 1743 1624 1627
f 1630 1743 1627
f 1744 1743 1630
f 1632 1744 1630
f 1745 1744 1632
f 1634 1745 1632
f 1746 1745 1634
f 1636 1746 1634
f 1747 1746 1636
f 1638 1747 1636
f 1748 1747 1638
f 1640 1748 1638
f 1749 1748 1640
f 1642 1749 1640
f 1750 1749 1642
f 1644 1750 1642
f 1751 1750 1644
f 1646 1751 1644
f 1752 1751 1646
f 1648 1752 1646
f 1753 1752 1648
f 1650 1753 1648
f 1754 1753 1650
f 1652 1754 1650
f 1755 1754 1652
f 1654 1755 1652
f 1756 1755 1654
f 1656 1756 1654
f 1757 1756 1656
f 1658 1757 1656
f 1758 1757 1658
f 1660 1758 1658
f 1759 1758 1660
f 1662 1759 1660
f 1760 1759 1662
f 1664 1760 1662
f 1761 1760 1664
f 1666 1761 1664
f 1762 1761 1666
f 1668 1762 1666
f 1763 1762 1668
f 1670 1763 1668
f 1764 1763 1670
f 1672 1764 1670
f 1765 1764 1672
f 1674 1765 1672
f 1766 1765 1674
f 1676 1766 1674
f 1767 1677 1768
f 1676 1677 1767
f 1678 1676 1767
f 1766 1676 1678
f 1680 1766 1678
f 1765 1766 1680
f 1685 1765 1680
f 1764 1765 1685
f 1681 1764 1685
f 1763 1764 1681
f 1690 1763 1681
f 1762 1763 1690
f 1692 1762 1690
f 1761 1762 1692
f 1694 1761 1692
f 1760 1761 1694
f 1696 1760 1694
f 1759 1760 1696
f 1699 1759 1696
f 1758 1759 1699
f 1702 1758 1699
f 1757 1758 1702
f 1704 1757 1702
f 1756 1757 1704
f 1712 1756 1704
f 1755 1756 1712
f 1710 1755 1712
f 1754 1755 1710
f 1706 1754 1710
f 1753 1754 1706
f 1708 1753 1706
f 1752 1753 1708
f 1716 1752 1708
f 1751 1752 1716
f 1722 1751 1716
f 1750 1751 1722
f 1718 1750 1722
f 1749 1750 1718
f 1726 1749 1718
f 1748 1749 1726
f 1728 1748 1726
f 1747 1748 1728
f 1730 1747 1728
f 1746 1747 1730
f 1732 1746 1730
f 1745 1746 1732
f 1735 1745 1732
f 1744 1745 1735
f 1738 1744 1735
f 1743 1744 1738
f 1740 1743 1738
f 1624 1743 1740
f 1622 1624 1740
f 1625 1624 1622
f 1621 1625 1622
f 1769 1621 1623
f 1770 1767 1768
f 1771 1770 1768
f 1772 1770 1771
f 1773 1772 1771
f 1774 1772 1773
f 1775 1774 1773
f 1776 1774 1775
f 1777 1776 1775
f 1778 1776 1777
f 1779 1778 1777
f 1780 1778 1779
f 1781 1780 1779
f 1782 1780 1781
f 1783 1782 1781
f 1784 1782 1783
f 1785 1784 1783
f 1786 1784 1785
f 1787 1786 1785
f 1788 1786 1787
f 1789 1788 1787
f 1790 1788 1789
f 1791 1790 1789
f 1792 1790 1791
f 1793 1792 1791
f 1794 1792 1793
f 1795 1794 1793
f 1796 1794 1795
f 1797 1796 1795
f 1798 1796 1797
f 1799 1798 1797
f 1800 1798 1799
f 1801 1800 1799
f 1802 1800 1801
f 1803 1802 1801
f 1804 1802 1803
f 1805 1804 1803
f 1806 1804 1805
f 1807 1806 1805
f 1808 1806 1807
f 1809 1808 1807
f 1810 1808 1809
f 1811 1810 1809
f 1812 1810 1811
f 1813 1812 1811
f 1814 1812 1813
f 1815 1814 1813
f 1816 1814 1815
f 1817 1816 1815
f 1818 1816 1817
f 1819 1818 1817
f 1626 1818 1819
f 1628 1626 1819
f 1820 1821 1822
f 1823 1821 1820
f 1824 1823 1820
f 1825 1823 1824
f 1769 1825 1824
f 1826 1825 1769
f 1623 1826 1769
f 1827 1820 1822
f 1828 1820 1827
f 1829 1828 1827
f 1830 1828 1829
f 1831 1830 1829
f 1832 1830 1831
f 1833 1832 1831
f 1834 1832 1833
f 1835 1834 1833
f 1836 1834 1835
f 1837 1834 1836
f 1838 1837 1836
f 1839 1837 1838
f 1840 1837 1839
f 1841 1840 1839
f 1842 1840 1841
f 1843 1842 1841
f 1844 1845 1846
f 1847 1845 1844
f 1848 1847 1844
f 1849 1847 1848
f 1850 1849 1848
f 1851 1849 1850
f 1842 1851 1850
f 1852 1851 1842
f 1843 1852 1842
f 1846 1853 1854
f 1855 1853 1846
f 1845 1855 1846
f 1856 1857 1858
f 1859 1857 1856
f 1860 1859 1856
f 1861 1859 1860
f 1854 1861 1860
f 1862 1861 1854
f 1853 1862 1854
f 1863 1856 1858
f 1864 1856 1863
f 1865 1864 1863
f 1866 1864 1865
f 1867 1866 1865
f 1868 1866 1867
f 1869 1868 1867
f 1870 1868 1869
f 1871 1870 1869
f 1872 1870 1871
f 1873 1870 1872
f 1874 1873 1872
f 1875 1873 1874
f 1876 1873 1875
f 1877 1876 1875
f 1878 1876 1877
f 1879 1878 1877
f 1880 1688 1679
f 1881 1679 1678
f 1880 1679 1881
f 1878 1880 1881
f 1882 1880 1878
f 1879 1882 1878
f 1883 1678 1767
f 1770 1883 1767
f 1884 1883 1770
f 1772 1884 1770
f 1885 1884 1772
f 1774 1885 1772
f 1886 1885 1774
f 1776 1886 1774
f 1887 1886 1776
f 1778 1887 1776
f 1888 1887 1778
f 1780 1888 1778
f 1889 1888 1780
f 1782 1889 1780
f 1890 1889 1782
f 1784 1890 1782
f 1891 1890 1784
f 1786 1891 1784
f 1892 1891 1786
f 1788 1892 1786
f 1893 1892 1788
f 1790 1893 1788
f 1894 1893 1790
f 1792 1894 1790
f 1895 1894 1792
f 1794 1895 1792
f 1896 1895 1794
f 1796 1896 1794
f 1897 1896 1796
f 1798 1897 1796
f 1898 1897 1798
f 1800 1898 1798
f 1899 1898 1800
f 1802 1899 1800
f 1900 1899 1802
f 1804 1900 1802
f 1901 1900 1804
f 1806 1901 1804
f 1902 1901 1806
f 1808 1902 1806
f 1903 1902 1808
f 1810 1903 1808
f 1904 1903 1810
f 1812 1904 1810
f 1905 1904 1812
f 1814 1905 1812
f 1906 1905 1814
f 1816 1906 1814
f 1907 1906 1816
f 1818 1907 1816
f 1625 1907 1818
f 1626 1625 1818
f 1883 1881 1678
f 1878 1881 1883
f 1884 1878 1883
f 1876 1878 1884
f 1885 1876 1884
f 1873 1876 1885
f 1886 1873 1885
f 1870 1873 1886
f 1887 1870 1886
f 1868 1870 1887
f 1888 1868 1887
f 1866 1868 1888
f 1889 1866 1888
f 1864 1866 1889
f 1890 1864 1889
f 1856 1864 1890
f 1891 1856 1890
f 1860 1856 1891
f 1892 1860 1891
f 1854 1860 1892
f 1893 1854 1892
f 1846 1854 1893
f 1894 1846 1893
f 1844 1846 1894
f 1895 1844 1894
f 1848 1844 1895
f 1896 1848 1895
f 1850 1848 1896
f 1897 1850 1896
f 1842 1850 1897
f 1898 1842 1897
f 1840 1842 1898
f 1899 1840 1898
f 1837 1840 1899
f 1900 1837 1899
f 1834 1837 1900
f 1901 1834 1900
f 1832 1834 1901
f 1902 1832 1901
f 1830 1832 1902
f 1903 1830 1902
f 1828 1830 1903
f 1904 1828 1903
f 1820 1828 1904
f 1905 1820 1904
f 1824 1820 1905
f 1906 1824 1905
f 1769 1824 1906
f 1907 1769 1906
f 1621 1769 1907
f 1625 1621 1907
f 1688 1908 1909
f 1910 1623 1620
f 1620 1911 1910
f 1912 1911 1620
f 1742 1912 1620
f 1741 1912 1742
f 1913 1912 1741
f 1739 1913 1741
f 1913 1736 1914
f 1737 1736 1913
f 1739 1737 1913
f 1914 1733 1915
f 1734 1733 1914
f 1736 1734 1914
f 1915 1729 1916
f 1731 1729 1915
f 1733 1731 1915
f 1916 1725 1917
f 1727 1725 1916
f 1729 1727 1916
f 1918 1721 1723
f 1719 1721 1918
f 1917 1719 1918
f 1720 1719 1917
f 1725 1720 1917
f 1724 1918 1723
f 1919 1918 1724
f 1715 1919 1724
f 1717 1919 1715
f 1920 1919 1717
f 1707 1920 1717
f 1709 1920 1707
f 1921 1920 1709
f 1711 1921 1709
f 1713 1921 1711
f 1922 1921 1713
f 1714 1922 1713
f 1705 1922 1714
f 1923 1922 1705
f 1703 1923 1705
f 1923 1700 1924
f 1701 1700 1923
f 1703 1701 1923
f 1924 1697 1925
f 1698 1697 1924
f 1700 1698 1924
f 1925 1693 1926
f 1695 1693 1925
f 1697 1695 1925
f 1926 1689 1927
f 1691 1689 1926
f 1693 1691 1926
f 1927 1682 1928
f 1683 1682 1927
f 1689 1683 1927
f 1909 1687 1688
f 1686 1687 1909
f 1928 1686 1909
f 1684 1686 1928
f 1682 1684 1928
f 1771 1819 1817
f 1628 1819 1771
f 1768 1628 1771
f 1677 1628 1768
f 1629 1628 1677
f 1631 1629 1677
f 1803 1771 1805
f 1773 1771 1803
f 1797 1789 1787
f 1677 1651 1649
f 1653 1651 1677
f 1655 1653 1677
f 1677 1657 1655
f 1659 1657 1677
f 1675 1659 1677
f 1673 1659 1675
f 1803 1775 1773
f 1777 1775 1803
f 1779 1777 1803
f 1803 1781 1779
f 1783 1781 1803
f 1801 1783 1803
f 1799 1783 1801
f 1771 1807 1805
f 1809 1807 1771
f 1811 1809 1771
f 1771 1813 1811
f 1815 1813 1771
f 1817 1815 1771
f 1665 1663 1661
f 1797 1783 1799
f 1785 1783 1797
f 1787 1785 1797
f 1797 1791 1789
f 1793 1791 1797
f 1795 1793 1797
f 1661 1667 1665
f 1669 1667 1661
f 1659 1669 1661
f 1671 1669 1659
f 1673 1671 1659
f 1677 1633 1631
f 1635 1633 1677
f 1637 1635 1677
f 1677 1639 1637
f 1641 1639 1677
f 1643 1641 1677
f 1677 1645 1643
f 1647 1645 1677
f 1649 1647 1677
f 1908 1688 1880
f 1623 1910 1929
f 1880 1930 1908
f 1931 1930 1880
f 1882 1931 1880
f 1879 1931 1882
f 1932 1931 1879
f 1877 1932 1879
f 1932 1874 1933
f 1875 1874 1932
f 1877 1875 1932
f 1933 1871 1934
f 1872 1871 1933
f 1874 1872 1933
f 1934 1867 1935
f 1869 1867 1934
f 1871 1869 1934
f 1935 1863 1936
f 1865 1863 1935
f 1867 1865 1935
f 1937 1859 1861
f 1857 1859 1937
f 1936 1857 1937
f 1858 1857 1936
f 1863 1858 1936
f 1862 1937 1861
f 1938 1937 1862
f 1853 1938 1862
f 1855 1938 1853
f 1939 1938 1855
f 1845 1939 1855
f 1847 1939 1845
f 1940 1939 1847
f 1849 1940 1847
f 1851 1940 1849
f 1941 1940 1851
f 1852 1941 1851
f 1843 1941 1852
f 1942 1941 1843
f 1841 1942 1843
f 1942 1838 1943
f 1839 1838 1942
f 1841 1839 1942
f 1943 1835 1944
f 1836 1835 1943
f 1838 1836 1943
f 1944 1831 1945
f 1833 1831 1944
f 1835 1833 1944
f 1945 1827 1946
f 1829 1827 1945
f 1831 1829 1945
f 1946 1821 1947
f 1822 1821 1946
f 1827 1822 1946
f 1929 1826 1623
f 1825 1826 1929
f 1947 1825 1929
f 1823 1825 1947
f 1821 1823 1947
f 1948 1949 1950
f 1951 1948 1950
f 1951 1952 1948
f 1953 1952 1951
f 1954 1953 1951
f 1955 1953 1954
f 1956 1955 1954
f 1957 1955 1956
f 1958 1957 1956
f 1959 1957 1958
f 1960 1959 1958
f 1961 1959 1960
f 1962 1961 1960
f 1963 1961 1962
f 1964 1963 1962
f 1965 1963 1964
f 1966 1965 1964
f 1967 1965 1966
f 1968 1967 1966
f 1969 1967 1968
f 1970 1969 1968
f 1971 1969 1970
f 1972 1971 1970
f 1973 1971 1972
f 1974 1973 1972
f 1975 1973 1974
f 1976 1975 1974
f 1977 1975 1976
f 1978 1977 1976
f 1979 1977 1978
f 1980 1979 1978
f 1981 1979 1980
f 1982 1981 1980
f 1983 1981 1982
f 1984 1983 1982
f 1985 1983 1984
f 1986 1985 1984
f 1987 1985 1986
f 1988 1987 1986
f 1989 1987 1988
f 1990 1989 1988
f 1991 1992 1993
f 1994 1992 1991
f 1995 1994 1991
f 1996 1994 1995
f 1997 1996 1995
f 1998 1996 1997
f 1999 1998 1997
f 2000 1998 1999
f 2001 2000 1999
f 2002 2000 2001
f 2003 2002 2001
f 2004 2002 2003
f 2005 2004 2003
f 2006 2004 2005
f 2007 2006 2005
f 2008 2006 2007
f 2009 2008 2007
f 2010 2008 2009
f 2011 2010 2009
f 2012 2010 2011
f 2013 2012 2011
f 2014 2012 2013
f 2015 2014 2013
f 2016 2014 2015
f 2017 2016 2015
f 2018 2016 2017
f 2019 2018 2017
f 2020 2018 2019
f 2021 2020 2019
f 2022 2020 2021
f 2023 2022 2021
f 2024 2022 2023
f 2025 2024 2023
f 2026 2024 2025
f 2027 2026 2025
f 1990 2026 2027
f 1989 1990 2027
f 1992 2028 1993
f 2029 2028 1992
f 2030 2029 1992
f 1949 2029 2030
f 1950 1949 2030
f 1996 2031 2032
f 2031 2000 2033
f 1998 2000 2031
f 1996 1998 2031
f 2033 2004 2034
f 2002 2004 2033
f 2000 2002 2033
f 2016 2035 2036
f 2035 2020 2037
f 2018 2020 2035
f 2016 2018 2035
f 2038 2039 1982
f 2040 2041 1954
f 2034 2008 2042
f 2006 2008 2034
f 2004 2006 2034
f 2036 2014 2016
f 2012 2014 2036
f 2042 2012 2036
f 2010 2012 2042
f 2008 2010 2042
f 2043 2044 1970
f 2043 1966 2045
f 1968 1966 2043
f 1970 1968 2043
f 2032 1994 1996
f 1992 1994 2032
f 2046 1992 2032
f 2030 1992 2046
f 2047 2030 2046
f 1950 2030 2047
f 2040 1950 2047
f 1951 1950 2040
f 1954 1951 2040
f 2038 1978 2048
f 1980 1978 2038
f 1982 1980 2038
f 2044 1972 1970
f 1974 1972 2044
f 2048 1974 2044
f 1976 1974 2048
f 1978 1976 2048
f 2045 1962 2049
f 1964 1962 2045
f 1966 1964 2045
f 2041 1956 1954
f 1958 1956 2041
f 2049 1958 2041
f 1960 1958 2049
f 1962 1960 2049
f 2037 2024 2050
f 2022 2024 2037
f 2020 2022 2037
f 2039 1984 1982
f 1986 1984 2039
f 2051 1986 2039
f 1988 1986 2051
f 2052 1988 2051
f 1990 1988 2052
f 2050 1990 2052
f 2026 1990 2050
f 2024 2026 2050
f 2053 2054 2055
f 2056 2057 2058
f 2059 2060 2061
f 2062 2060 2059
f 2063 2062 2059
f 2064 2065 2066
f 2067 2065 2064
f 2068 2067 2064
f 2064 2069 2068
f 2070 2069 2064
f 2056 2070 2064
f 2071 2070 2056
f 2058 2071 2056
f 2072 2011 2073
f 2013 2011 2072
f 2074 2013 2072
f 2075 2013 2074
f 2015 2013 2075
f 2076 2015 2075
f 2077 2015 2076
f 2017 2015 2077
f 2078 2017 2077
f 2079 2080 2081
f 2082 2080 2079
f 2083 2084 2085
f 2086 2084 2083
f 2078 2086 2083
f 1952 2087 2088
f 2089 2087 1952
f 1953 2089 1952
f 2090 2089 1953
f 1955 2090 1953
f 2091 2090 1955
f 1957 2091 1955
f 2092 2091 1957
f 1959 2092 1957
f 2093 2092 1959
f 1961 2093 1959
f 2094 2093 1961
f 1963 2094 1961
f 2095 2096 2097
f 1963 2098 2094
f 2099 2098 1963
f 1965 2099 1963
f 1965 2100 2099
f 2101 2100 1965
f 1967 2101 1965
f 2102 2101 1967
f 1967 2103 2102
f 2104 2103 1967
f 2105 2104 1967
f 2095 2106 2096
f 2107 2106 2095
f 2053 2107 2095
f 2108 2107 2053
f 2055 2108 2053
f 2095 2109 2110
f 2111 2109 2095
f 2097 2111 2095
f 1969 2112 2113
f 2114 2115 2116
f 2117 2115 2114
f 2118 2117 2114
f 1969 2119 2118
f 2120 2119 1969
f 2113 2120 1969
f 1969 2121 2112
f 2122 2121 1969
f 1971 2122 1969
f 2123 2122 1971
f 1973 2123 1971
f 2124 2123 1973
f 2125 2124 1973
f 1973 2126 2125
f 2127 2126 1973
f 2128 2127 1973
f 2129 2130 2131
f 2129 2132 2130
f 2133 2132 2129
f 2134 2133 2129
f 2135 2133 2134
f 2136 2137 2138
f 2139 2137 2136
f 2134 2140 2135
f 2141 2140 2134
f 2138 2141 2134
f 2142 2143 2144
f 2145 2146 2147
f 2148 2146 2145
f 2142 2148 2145
f 2149 2148 2142
f 2144 2149 2142
f 2150 2151 2152
f 2153 2154 2155
f 2156 2154 2153
f 2056 2156 2153
f 2157 2156 2056
f 2064 2157 2056
f 2158 2157 2064
f 2159 2158 2064
f 2160 2158 2159
f 2145 2160 2159
f 2161 2160 2145
f 2147 2161 2145
f 2152 2162 2150
f 2163 2162 2152
f 2153 2163 2152
f 2164 2163 2153
f 2155 2164 2153
f 2165 2152 2151
f 2136 2152 2165
f 2166 2136 2165
f 2167 2136 2166
f 2168 2167 2166
f 2169 2167 2168
f 2170 2169 2168
f 2145 2171 2172
f 2173 2145 2172
f 1948 2174 2175
f 2176 2174 1948
f 2177 2145 2173
f 2142 2145 2177
f 2178 2142 2177
f 1993 2179 2180
f 2181 2179 1993
f 2145 2182 2171
f 2183 2182 2145
f 2180 2183 2145
f 2184 2185 2142
f 1948 2186 2176
f 2187 2186 1948
f 2142 2187 1948
f 2188 2187 2142
f 2185 2188 2142
f 2142 2189 2184
f 2190 2189 2142
f 2178 2190 2142
f 1993 2191 2181
f 2192 2191 1993
f 2028 2192 1993
f 2193 2192 2028
f 2029 2193 2028
f 2194 2193 2029
f 1949 2194 2029
f 2195 2194 1949
f 1948 2195 1949
f 2196 2195 1948
f 2175 2196 1948
f 2142 2170 2143
f 2169 2170 2142
f 1948 2169 2142
f 1952 2169 1948
f 2114 1969 2118
f 1967 1969 2114
f 2095 1967 2114
f 2105 1967 2095
f 2110 2105 2095
f 2129 1977 1979
f 1973 2131 2128
f 2129 2131 1973
f 1975 2129 1973
f 1977 2129 1975
f 1981 2197 1979
f 2198 2197 1981
f 1983 2198 1981
f 2199 2198 1983
f 1985 2199 1983
f 2199 1989 2200
f 1987 1989 2199
f 1985 1987 2199
f 2083 2023 2021
f 2025 2023 2083
f 2025 2201 2027
f 2080 2201 2025
f 2083 2080 2025
f 2081 2080 2083
f 2085 2081 2083
f 2083 2017 2078
f 2019 2017 2083
f 2021 2019 2083
f 2011 2061 2073
f 2059 2061 2011
f 2009 2059 2011
f 2202 2059 2009
f 2202 2001 1999
f 2003 2001 2202
f 2202 2005 2003
f 2007 2005 2202
f 2009 2007 2202
f 2159 2203 2204
f 2205 2203 2159
f 2202 2206 2207
f 2208 2206 2202
f 2209 2208 2202
f 1991 2210 2211
f 2212 2210 1991
f 2213 2212 1991
f 2202 2214 2209
f 2215 2214 2202
f 2216 2215 2202
f 2202 2217 2216
f 2218 2217 2202
f 1999 2218 2202
f 2219 2218 1999
f 2220 2219 1999
f 2159 2221 2205
f 2222 2221 2159
f 2223 2222 2159
f 1999 2224 2220
f 2225 2224 1999
f 1997 2225 1999
f 2226 2225 1997
f 1995 2226 1997
f 2227 2226 1995
f 1991 2227 1995
f 2228 2227 1991
f 2211 2228 1991
f 2145 1993 2180
f 1991 1993 2145
f 2159 1991 2145
f 2213 1991 2159
f 2204 2213 2159
f 2059 2066 2063
f 2064 2066 2059
f 2202 2064 2059
f 2159 2064 2202
f 2207 2159 2202
f 2223 2159 2207
f 2201 1989 2027
f 2200 1989 2201
f 2080 2200 2201
f 2229 2200 2080
f 2230 2231 2232
f 2200 2233 2234
f 2200 2235 2233
f 2236 2235 2200
f 2237 2236 2200
f 2238 2230 2232
f 2230 2239 2231
f 2240 2239 2230
f 2241 2240 2230
f 2199 2242 2243
f 2244 2242 2199
f 2200 2245 2237
f 2246 2245 2200
f 2229 2246 2200
f 2247 2246 2229
f 2229 2248 2247
f 2249 2248 2229
f 2250 2249 2229
f 2199 2251 2244
f 2252 2251 2199
f 2200 2252 2199
f 2253 2252 2200
f 2234 2253 2200
f 2229 2254 2250
f 2255 2254 2229
f 2230 2255 2229
f 2256 2255 2230
f 2238 2256 2230
f 2134 2136 2138
f 2152 2136 2134
f 2230 2152 2134
f 2153 2152 2230
f 2229 2153 2230
f 2056 2153 2229
f 2080 2056 2229
f 2057 2056 2080
f 2082 2057 2080
f 2136 2116 2139
f 2114 2116 2136
f 2167 2114 2136
f 2095 2114 2167
f 2169 2095 2167
f 2053 2095 2169
f 1952 2053 2169
f 2054 2053 1952
f 2088 2054 1952
f 2197 2129 1979
f 2134 2129 2197
f 2198 2134 2197
f 2230 2134 2198
f 2199 2230 2198
f 2241 2230 2199
f 2243 2241 2199
f 2144 2047 2149
f 2040 2047 2144
f 2143 2040 2144
f 2041 2040 2143
f 2170 2041 2143
f 2049 2041 2170
f 2168 2049 2170
f 2045 2049 2168
f 2166 2045 2168
f 2043 2045 2166
f 2165 2043 2166
f 2044 2043 2165
f 2151 2044 2165
f 2048 2044 2151
f 2150 2048 2151
f 2038 2048 2150
f 2162 2038 2150
f 2039 2038 2162
f 2163 2039 2162
f 2051 2039 2163
f 2164 2051 2163
f 2052 2051 2164
f 2155 2052 2164
f 2050 2052 2155
f 2154 2050 2155
f 2037 2050 2154
f 2156 2037 2154
f 2035 2037 2156
f 2157 2035 2156
f 2036 2035 2157
f 2158 2036 2157
f 2042 2036 2158
f 2160 2042 2158
f 2034 2042 2160
f 2161 2034 2160
f 2033 2034 2161
f 2147 2033 2161
f 2031 2033 2147
f 2146 2031 2147
f 2032 2031 2146
f 2148 2032 2146
f 2046 2032 2148
f 2149 2046 2148
f 2047 2046 2149
f 2257 2258 2259
f 2259 2258 2260
f 2259 2260 2261
f 2262 2263 2259
f 2259 2263 2264
f 2259 2264 2257
f 2265 2266 2267
f 2268 2269 2270
f 2271 2272 2273
f 2274 2275 2276
f 2277 2274 2276
f 2278 2274 2277
f 2279 2278 2277
f 2271 2278 2279
f 2280 2271 2279
f 2272 2271 2280
f 2281 2272 2280
f 2282 2283 2284
f 2285 2283 2282
f 2286 2285 2282
f 2287 2285 2286
f 2288 2289 2290
f 2291 2289 2288
f 2292 2285 2287
f 2293 2285 2292
f 2294 2293 2292
f 2295 2293 2294
f 2296 2295 2294
f 2297 2295 2296
f 2298 2297 2296
f 2290 2297 2298
f 2265 2290 2298
f 2288 2290 2265
f 2267 2288 2265
f 2299 2289 2291
f 2300 2289 2299
f 2301 2300 2299
f 2302 2300 2301
f 2303 2302 2301
f 2304 2305 2306
f 2305 2307 2308
f 2307 2309 2310
f 2311 2312 2259
f 2309 2312 2311
f 2311 2259 2261
f 2311 2310 2309
f 2313 2310 2311
f 2261 2313 2311
f 2314 2313 2261
f 2260 2314 2261
f 2315 2314 2260
f 2258 2315 2260
f 2316 2315 2258
f 2257 2316 2258
f 2317 2316 2257
f 2264 2317 2257
f 2318 2317 2264
f 2263 2318 2264
f 2319 2318 2263
f 2262 2319 2263
f 2310 2308 2307
f 2320 2308 2310
f 2313 2320 2310
f 2321 2320 2313
f 2314 2321 2313
f 2322 2321 2314
f 2315 2322 2314
f 2323 2322 2315
f 2316 2323 2315
f 2324 2323 2316
f 2317 2324 2316
f 2325 2324 2317
f 2318 2325 2317
f 2326 2325 2318
f 2319 2326 2318
f 2268 2273 2269
f 2271 2273 2268
f 2327 2271 2268
f 2278 2271 2327
f 2328 2278 2327
f 2274 2278 2328
f 2329 2274 2328
f 2275 2274 2329
f 2259 2275 2329
f 2275 2259 2276
f 2283 2270 2284
f 2268 2270 2283
f 2330 2268 2283
f 2327 2268 2330
f 2331 2327 2330
f 2328 2327 2331
f 2332 2328 2331
f 2329 2328 2332
f 2259 2329 2332
f 2308 2306 2305
f 2333 2306 2308
f 2320 2333 2308
f 2334 2333 2320
f 2321 2334 2320
f 2335 2334 2321
f 2322 2335 2321
f 2336 2335 2322
f 2323 2336 2322
f 2337 2336 2323
f 2324 2337 2323
f 2338 2337 2324
f 2325 2338 2324
f 2339 2338 2325
f 2326 2339 2325
f 2304 2303 2340
f 2302 2303 2304
f 2306 2302 2304
f 2300 2302 2306
f 2333 2300 2306
f 2289 2300 2333
f 2334 2289 2333
f 2290 2289 2334
f 2335 2290 2334
f 2297 2290 2335
f 2336 2297 2335
f 2295 2297 2336
f 2337 2295 2336
f 2293 2295 2337
f 2338 2293 2337
f 2285 2293 2338
f 2339 2285 2338
f 2283 2285 2339
f 2326 2283 2339
f 2330 2283 2326
f 2319 2330 2326
f 2331 2330 2319
f 2262 2331 2319
f 2332 2331 2262
f 2259 2332 2262
f 2341 2299 2291
f 2342 2343 2344
f 2345 2342 2344
f 2346 2347 2348
f 2349 2347 2346
f 2350 2349 2346
f 2351 2349 2350
f 2303 2350 2340
f 2351 2350 2303
f 2301 2351 2303
f 2342 2352 2343
f 2353 2352 2342
f 2341 2353 2342
f 2354 2353 2341
f 2291 2354 2341
f 2288 2354 2291
f 2349 2345 2347
f 2342 2345 2349
f 2351 2342 2349
f 2341 2342 2351
f 2301 2341 2351
f 2299 2341 2301
f 2355 2356 2357
f 2259 2356 2355
f 2358 2359 2360
f 2361 2362 2363
f 2364 2365 2366
f 2367 2368 2369
f 2356 2259 2312
f 2259 2370 2276
f 2371 2372 2281
f 2373 2276 2370
f 2277 2276 2373
f 2374 2277 2373
f 2279 2277 2374
f 2371 2279 2374
f 2280 2279 2371
f 2281 2280 2371
f 2309 2356 2312
f 2357 2356 2309
f 2307 2357 2309
f 2304 2375 2376
f 2304 2377 2375
f 2378 2377 2304
f 2340 2378 2304
f 2379 2380 2381
f 2382 2380 2379
f 2383 2382 2379
f 2384 2366 2365
f 2385 2366 2384
f 2386 2385 2384
f 2387 2307 2305
f 2357 2307 2387
f 2388 2357 2387
f 2355 2357 2388
f 2389 2355 2388
f 2259 2355 2389
f 2361 2366 2362
f 2364 2366 2361
f 2390 2364 2361
f 2391 2364 2390
f 2392 2391 2390
f 2393 2391 2392
f 2394 2393 2392
f 2392 2395 2394
f 2396 2395 2392
f 2390 2396 2392
f 2397 2396 2390
f 2361 2397 2390
f 2358 2397 2361
f 2363 2358 2361
f 2359 2358 2363
f 2371 2360 2372
f 2358 2360 2371
f 2374 2358 2371
f 2397 2358 2374
f 2373 2397 2374
f 2396 2397 2373
f 2370 2396 2373
f 2395 2396 2370
f 2259 2395 2370
f 2395 2259 2394
f 2394 2398 2393
f 2259 2398 2394
f 2367 2377 2368
f 2375 2377 2367
f 2399 2375 2367
f 2376 2375 2399
f 2400 2376 2399
f 2401 2369 2402
f 2367 2369 2401
f 2403 2367 2401
f 2399 2367 2403
f 2404 2399 2403
f 2400 2399 2404
f 2405 2400 2404
f 2379 2402 2383
f 2401 2402 2379
f 2406 2401 2379
f 2403 2401 2406
f 2407 2403 2406
f 2404 2403 2407
f 2408 2404 2407
f 2405 2404 2408
f 2409 2405 2408
f 2408 2410 2409
f 2411 2410 2408
f 2407 2411 2408
f 2412 2411 2407
f 2406 2412 2407
f 2413 2412 2406
f 2379 2413 2406
f 2414 2413 2379
f 2381 2414 2379
f 2415 2414 2381
f 2416 2415 2417
f 2414 2415 2416
f 2418 2414 2416
f 2413 2414 2418
f 2419 2413 2418
f 2412 2413 2419
f 2420 2412 2419
f 2411 2412 2420
f 2421 2411 2420
f 2410 2411 2421
f 2259 2410 2421
f 2410 2259 2409
f 2376 2305 2304
f 2387 2305 2376
f 2400 2387 2376
f 2388 2387 2400
f 2405 2388 2400
f 2389 2388 2405
f 2409 2389 2405
f 2259 2389 2409
f 2422 2417 2423
f 2416 2417 2422
f 2424 2416 2422
f 2418 2416 2424
f 2425 2418 2424
f 2419 2418 2425
f 2426 2419 2425
f 2420 2419 2426
f 2427 2420 2426
f 2421 2420 2427
f 2259 2421 2427
f 2365 2423 2384
f 2422 2423 2365
f 2364 2422 2365
f 2424 2422 2364
f 2391 2424 2364
f 2425 2424 2391
f 2393 2425 2391
f 2426 2425 2393
f 2398 2426 2393
f 2427 2426 2398
f 2259 2427 2398
f 2428 2429 2430
f 2372 2431 2432
f 2433 2363 2362
f 2359 2363 2433
f 2431 2359 2433
f 2360 2359 2431
f 2372 2360 2431
f 2434 2362 2366
f 2433 2362 2434
f 2435 2433 2434
f 2429 2433 2435
f 2436 2428 2430
f 2437 2436 2438
f 2439 2436 2437
f 2440 2439 2437
f 2441 2439 2440
f 2442 2439 2441
f 2443 2442 2441
f 2444 2442 2443
f 2445 2442 2444
f 2446 2445 2444
f 2447 2445 2446
f 2448 2445 2447
f 2449 2448 2447
f 2450 2448 2449
f 2451 2448 2450
f 2452 2451 2450
f 2453 2451 2452
f 2454 2451 2453
f 2455 2454 2453
f 2284 2456 2282
f 2457 2456 2284
f 2457 2269 2458
f 2270 2269 2457
f 2284 2270 2457
f 2432 2281 2372
f 2272 2281 2432
f 2458 2272 2432
f 2273 2272 2458
f 2269 2273 2458
f 2428 2433 2429
f 2431 2433 2428
f 2459 2431 2428
f 2432 2431 2459
f 2460 2432 2459
f 2458 2432 2460
f 2461 2458 2460
f 2457 2458 2461
f 2462 2457 2461
f 2456 2457 2462
f 2463 2456 2462
f 2439 2428 2436
f 2459 2428 2439
f 2442 2459 2439
f 2460 2459 2442
f 2445 2460 2442
f 2461 2460 2445
f 2448 2461 2445
f 2462 2461 2448
f 2451 2462 2448
f 2463 2462 2451
f 2454 2463 2451
f 2464 2465 2466
f 2467 2464 2466
f 2464 2467 2468
f 2464 2468 2469
f 2464 2469 2470
f 2464 2470 2471
f 2464 2471 2472
f 2473 2474 2464
f 2464 2474 2475
f 2464 2475 2465
f 2476 2477 2478
f 2479 2476 2478
f 2480 2478 2477
f 2481 2478 2480
f 2482 2481 2480
f 2483 2481 2482
f 2484 2481 2483
f 2485 2484 2483
f 2486 2487 2464
f 2488 2487 2486
f 2486 2464 2472
f 2473 2489 2490
f 2491 2492 2493
f 2492 2494 2495
f 2496 2494 2497
f 2495 2494 2496
f 2498 2495 2496
f 2499 2500 2266
f 2501 2500 2499
f 2502 2501 2499
f 2503 2501 2502
f 2498 2503 2502
f 2504 2503 2498
f 2496 2504 2498
f 2265 2499 2266
f 2505 2499 2265
f 2298 2505 2265
f 2506 2505 2298
f 2296 2506 2298
f 2507 2506 2296
f 2294 2507 2296
f 2508 2507 2294
f 2292 2508 2294
f 2495 2493 2492
f 2509 2493 2495
f 2498 2509 2495
f 2510 2509 2498
f 2502 2510 2498
f 2511 2510 2502
f 2499 2511 2502
f 2512 2511 2499
f 2505 2512 2499
f 2513 2512 2505
f 2506 2513 2505
f 2514 2513 2506
f 2507 2514 2506
f 2479 2514 2507
f 2508 2479 2507
f 2476 2479 2508
f 2292 2476 2508
f 2515 2476 2292
f 2287 2515 2292
f 2516 2485 2517
f 2484 2485 2516
f 2518 2484 2516
f 2481 2484 2518
f 2519 2481 2518
f 2478 2481 2519
f 2520 2478 2519
f 2479 2478 2520
f 2521 2479 2520
f 2514 2479 2521
f 2522 2514 2521
f 2513 2514 2522
f 2523 2513 2522
f 2512 2513 2523
f 2524 2512 2523
f 2511 2512 2524
f 2525 2511 2524
f 2510 2511 2525
f 2526 2510 2525
f 2509 2510 2526
f 2527 2509 2526
f 2493 2509 2527
f 2528 2493 2527
f 2491 2493 2528
f 2489 2491 2528
f 2528 2490 2489
f 2529 2490 2528
f 2527 2529 2528
f 2530 2529 2527
f 2526 2530 2527
f 2531 2530 2526
f 2525 2531 2526
f 2532 2531 2525
f 2524 2532 2525
f 2533 2532 2524
f 2523 2533 2524
f 2534 2533 2523
f 2522 2534 2523
f 2535 2534 2522
f 2521 2535 2522
f 2536 2535 2521
f 2520 2536 2521
f 2537 2536 2520
f 2519 2537 2520
f 2538 2537 2519
f 2518 2538 2519
f 2539 2538 2518
f 2516 2539 2518
f 2490 2474 2473
f 2475 2474 2490
f 2529 2475 2490
f 2465 2475 2529
f 2530 2465 2529
f 2466 2465 2530
f 2531 2466 2530
f 2467 2466 2531
f 2532 2467 2531
f 2468 2467 2532
f 2533 2468 2532
f 2469 2468 2533
f 2534 2469 2533
f 2470 2469 2534
f 2535 2470 2534
f 2471 2470 2535
f 2536 2471 2535
f 2472 2471 2536
f 2537 2472 2536
f 2486 2472 2537
f 2538 2486 2537
f 2488 2486 2538
f 2539 2488 2538
f 2540 2541 2542
f 2543 2540 2542
f 2540 2543 2544
f 2540 2544 2545
f 2540 2545 2546
f 2540 2546 2547
f 2540 2547 2548
f 2549 2550 2540
f 2540 2550 2551
f 2540 2551 2541
f 2455 2453 2552
f 2553 2455 2552
f 2452 2552 2453
f 2554 2552 2452
f 2450 2554 2452
f 2449 2554 2450
f 2555 2554 2449
f 2447 2555 2449
f 2556 2557 2540
f 2558 2557 2556
f 2556 2540 2548
f 2549 2559 2560
f 2561 2562 2563
f 2562 2564 2565
f 2347 2564 2348
f 2565 2564 2347
f 2345 2565 2347
f 2566 2565 2345
f 2567 2568 2569
f 2352 2568 2567
f 2570 2352 2567
f 2343 2352 2570
f 2566 2343 2570
f 2344 2343 2566
f 2345 2344 2566
f 2571 2567 2569
f 2572 2567 2571
f 2573 2572 2571
f 2574 2572 2573
f 2575 2574 2573
f 2576 2574 2575
f 2577 2576 2575
f 2578 2576 2577
f 2579 2578 2577
f 2565 2563 2562
f 2580 2563 2565
f 2566 2580 2565
f 2581 2580 2566
f 2570 2581 2566
f 2582 2581 2570
f 2567 2582 2570
f 2583 2582 2567
f 2572 2583 2567
f 2584 2583 2572
f 2574 2584 2572
f 2585 2584 2574
f 2576 2585 2574
f 2553 2585 2576
f 2578 2553 2576
f 2455 2553 2578
f 2579 2455 2578
f 2586 2455 2579
f 2587 2586 2579
f 2588 2447 2446
f 2555 2447 2588
f 2589 2555 2588
f 2554 2555 2589
f 2590 2554 2589
f 2552 2554 2590
f 2591 2552 2590
f 2553 2552 2591
f 2592 2553 2591
f 2585 2553 2592
f 2593 2585 2592
f 2584 2585 2593
f 2594 2584 2593
f 2583 2584 2594
f 2595 2583 2594
f 2582 2583 2595
f 2596 2582 2595
f 2581 2582 2596
f 2597 2581 2596
f 2580 2581 2597
f 2598 2580 2597
f 2563 2580 2598
f 2599 2563 2598
f 2561 2563 2599
f 2559 2561 2599
f 2599 2560 2559
f 2600 2560 2599
f 2598 2600 2599
f 2601 2600 2598
f 2597 2601 2598
f 2602 2601 2597
f 2596 2602 2597
f 2603 2602 2596
f 2595 2603 2596
f 2604 2603 2595
f 2594 2604 2595
f 2605 2604 2594
f 2593 2605 2594
f 2606 2605 2593
f 2592 2606 2593
f 2607 2606 2592
f 2591 2607 2592
f 2608 2607 2591
f 2590 2608 2591
f 2609 2608 2590
f 2589 2609 2590
f 2610 2609 2589
f 2588 2610 2589
f 2560 2550 2549
f 2551 2550 2560
f 2600 2551 2560
f 2541 2551 2600
f 2601 2541 2600
f 2542 2541 2601
f 2602 2542 2601
f 2543 2542 2602
f 2603 2543 2602
f 2544 2543 2603
f 2604 2544 2603
f 2545 2544 2604
f 2605 2545 2604
f 2546 2545 2605
f 2606 2546 2605
f 2547 2546 2606
f 2607 2547 2606
f 2548 2547 2607
f 2608 2548 2607
f 2556 2548 2608
f 2609 2556 2608
f 2558 2556 2609
f 2610 2558 2609
f 2611 2612 2613
f 2614 2615 2616
f 2378 2340 2350
f 2617 2378 2350
f 2350 2618 2617
f 2614 2618 2350
f 2346 2614 2350
f 2615 2614 2346
f 2348 2615 2346
f 2619 2613 2620
f 2611 2613 2619
f 2621 2611 2619
f 2622 2611 2621
f 2623 2622 2621
f 2624 2622 2623
f 2369 2623 2402
f 2624 2623 2369
f 2368 2624 2369
f 2377 2624 2368
f 2611 2616 2612
f 2614 2616 2611
f 2622 2614 2611
f 2618 2614 2622
f 2624 2618 2622
f 2617 2618 2624
f 2377 2617 2624
f 2378 2617 2377
f 2625 2434 2366
f 2626 2627 2628
f 2629 2627 2626
f 2438 2629 2626
f 2630 2629 2438
f 2436 2630 2438
f 2631 2386 2632
f 2625 2386 2631
f 2385 2386 2625
f 2366 2385 2625
f 2633 2634 2635
f 2636 2634 2633
f 2631 2636 2633
f 2637 2636 2631
f 2632 2637 2631
f 2638 2639 2640
f 2641 2639 2638
f 2642 2641 2638
f 2643 2641 2642
f 2644 2643 2642
f 2645 2646 2647
f 2647 2648 2645
f 2649 2648 2647
f 2650 2649 2647
f 2651 2649 2650
f 2652 2653 2654
f 2655 2653 2652
f 2656 2655 2652
f 2656 2657 2655
f 2658 2657 2656
f 2659 2658 2656
f 2660 2661 2662
f 2663 2661 2660
f 2664 2663 2660
f 2665 2663 2664
f 2666 2667 2668
f 2663 2667 2666
f 2669 2667 2663
f 2665 2669 2663
f 2670 2671 2672
f 2625 2435 2434
f 2429 2435 2625
f 2630 2429 2625
f 2430 2429 2630
f 2436 2430 2630
f 2642 2673 2644
f 2674 2673 2642
f 2633 2674 2642
f 2675 2674 2633
f 2635 2675 2633
f 2650 2676 2651
f 2677 2676 2650
f 2678 2677 2650
f 2679 2677 2678
f 2638 2679 2678
f 2680 2679 2638
f 2640 2680 2638
f 2681 2647 2646
f 2682 2647 2681
f 2683 2682 2681
f 2656 2684 2659
f 2685 2684 2656
f 2682 2685 2656
f 2686 2685 2682
f 2683 2686 2682
f 2661 2687 2662
f 2688 2687 2661
f 2652 2688 2661
f 2689 2688 2652
f 2654 2689 2652
f 2672 2690 2670
f 2691 2690 2672
f 2692 2691 2672
f 2693 2691 2692
f 2666 2693 2692
f 2694 2693 2666
f 2668 2694 2666
f 2695 2696 2697
f 2698 2695 2697
f 2699 2697 2700
f 2701 2697 2699
f 2697 2702 2700
f 2703 2702 2697
f 2696 2703 2697
f 2704 2705 2706
f 2707 2705 2704
f 2708 2707 2704
f 2709 2707 2708
f 2710 2709 2708
f 2711 2712 2713
f 2713 2714 2711
f 2715 2714 2713
f 2716 2715 2713
f 2717 2718 2719
f 2719 2720 2717
f 2721 2720 2719
f 2722 2721 2719
f 2380 2382 2723
f 2724 2380 2723
f 2725 2380 2724
f 2726 2725 2724
f 2727 2623 2621
f 2402 2623 2727
f 2723 2402 2727
f 2383 2402 2723
f 2382 2383 2723
f 2619 2727 2621
f 2728 2727 2619
f 2620 2728 2619
f 2728 2729 2730
f 2731 2729 2728
f 2620 2731 2728
f 2698 2732 2695
f 2733 2732 2698
f 2734 2733 2698
f 2735 2733 2734
f 2736 2735 2734
f 2737 2735 2736
f 2708 2738 2710
f 2739 2738 2708
f 2701 2739 2708
f 2740 2739 2701
f 2699 2740 2701
f 2713 2741 2716
f 2742 2741 2713
f 2704 2742 2713
f 2743 2742 2704
f 2706 2743 2704
f 2719 2744 2722
f 2745 2744 2719
f 2746 2745 2719
f 2747 2745 2746
f 2712 2747 2746
f 2748 2747 2712
f 2711 2748 2712
f 2724 2749 2726
f 2750 2749 2724
f 2718 2750 2724
f 2751 2750 2718
f 2717 2751 2718
f 2464 2752 2753
f 2464 2754 2755
f 2756 2464 2755
f 2464 2756 2757
f 2464 2757 2758
f 2464 2758 2759
f 2464 2759 2760
f 2464 2760 2761
f 2464 2761 2762
f 2763 2637 2632
f 2464 2762 2473
f 2497 2494 2764
f 2752 2487 2488
f 2464 2487 2752
f 2464 2753 2754
f 2765 2488 2539
f 2766 2539 2516
f 2767 2516 2517
f 2768 2516 2767
f 2769 2768 2767
f 2770 2768 2769
f 2771 2770 2769
f 2772 2770 2771
f 2773 2770 2772
f 2774 2773 2772
f 2636 2773 2774
f 2775 2773 2636
f 2637 2775 2636
f 2386 2763 2632
f 2384 2763 2386
f 2776 2763 2384
f 2423 2776 2384
f 2777 2776 2423
f 2417 2777 2423
f 2778 2777 2417
f 2415 2778 2417
f 2779 2778 2415
f 2381 2779 2415
f 2764 2780 2497
f 2781 2780 2764
f 2782 2781 2764
f 2783 2781 2782
f 2784 2783 2782
f 2726 2783 2784
f 2779 2726 2784
f 2725 2726 2779
f 2381 2725 2779
f 2380 2725 2381
f 2763 2775 2637
f 2785 2775 2763
f 2776 2785 2763
f 2786 2785 2776
f 2777 2786 2776
f 2787 2786 2777
f 2778 2787 2777
f 2788 2787 2778
f 2779 2788 2778
f 2789 2788 2779
f 2784 2789 2779
f 2790 2789 2784
f 2782 2790 2784
f 2791 2790 2782
f 2764 2791 2782
f 2492 2791 2764
f 2494 2492 2764
f 2768 2766 2516
f 2792 2766 2768
f 2770 2792 2768
f 2793 2792 2770
f 2773 2793 2770
f 2794 2793 2773
f 2775 2794 2773
f 2795 2794 2775
f 2785 2795 2775
f 2796 2795 2785
f 2786 2796 2785
f 2797 2796 2786
f 2787 2797 2786
f 2798 2797 2787
f 2788 2798 2787
f 2799 2798 2788
f 2789 2799 2788
f 2800 2799 2789
f 2790 2800 2789
f 2801 2800 2790
f 2791 2801 2790
f 2491 2801 2791
f 2492 2491 2791
f 2766 2765 2539
f 2802 2765 2766
f 2792 2802 2766
f 2803 2802 2792
f 2793 2803 2792
f 2804 2803 2793
f 2794 2804 2793
f 2805 2804 2794
f 2795 2805 2794
f 2806 2805 2795
f 2796 2806 2795
f 2807 2806 2796
f 2797 2807 2796
f 2808 2807 2797
f 2798 2808 2797
f 2809 2808 2798
f 2799 2809 2798
f 2810 2809 2799
f 2800 2810 2799
f 2811 2810 2800
f 2801 2811 2800
f 2489 2811 2801
f 2491 2489 2801
f 2765 2752 2488
f 2753 2752 2765
f 2802 2753 2765
f 2754 2753 2802
f 2803 2754 2802
f 2755 2754 2803
f 2804 2755 2803
f 2756 2755 2804
f 2805 2756 2804
f 2757 2756 2805
f 2806 2757 2805
f 2758 2757 2806
f 2807 2758 2806
f 2759 2758 2807
f 2808 2759 2807
f 2760 2759 2808
f 2809 2760 2808
f 2761 2760 2809
f 2810 2761 2809
f 2762 2761 2810
f 2811 2762 2810
f 2473 2762 2811
f 2489 2473 2811
f 2540 2812 2813
f 2540 2814 2815
f 2816 2540 2815
f 2540 2816 2817
f 2540 2817 2818
f 2540 2818 2819
f 2540 2819 2820
f 2540 2820 2821
f 2540 2821 2822
f 2823 2438 2626
f 2540 2822 2549
f 2348 2564 2824
f 2812 2557 2558
f 2540 2557 2812
f 2540 2813 2814
f 2825 2558 2610
f 2826 2610 2588
f 2444 2588 2446
f 2827 2588 2444
f 2443 2827 2444
f 2828 2827 2443
f 2441 2828 2443
f 2440 2828 2441
f 2829 2828 2440
f 2437 2829 2440
f 2628 2823 2626
f 2830 2620 2831
f 2731 2620 2830
f 2824 2615 2348
f 2616 2615 2824
f 2832 2616 2824
f 2612 2616 2832
f 2831 2612 2832
f 2613 2612 2831
f 2620 2613 2831
f 2833 2823 2628
f 2834 2823 2833
f 2835 2834 2833
f 2836 2834 2835
f 2837 2836 2835
f 2838 2836 2837
f 2839 2838 2837
f 2830 2838 2839
f 2840 2830 2839
f 2731 2830 2840
f 2729 2731 2840
f 2438 2829 2437
f 2841 2829 2438
f 2823 2841 2438
f 2842 2841 2823
f 2834 2842 2823
f 2843 2842 2834
f 2836 2843 2834
f 2844 2843 2836
f 2838 2844 2836
f 2845 2844 2838
f 2830 2845 2838
f 2846 2845 2830
f 2831 2846 2830
f 2847 2846 2831
f 2832 2847 2831
f 2848 2847 2832
f 2824 2848 2832
f 2562 2848 2824
f 2564 2562 2824
f 2827 2826 2588
f 2849 2826 2827
f 2828 2849 2827
f 2850 2849 2828
f 2829 2850 2828
f 2851 2850 2829
f 2841 2851 2829
f 2852 2851 2841
f 2842 2852 2841
f 2853 2852 2842
f 2843 2853 2842
f 2854 2853 2843
f 2844 2854 2843
f 2855 2854 2844
f 2845 2855 2844
f 2856 2855 2845
f 2846 2856 2845
f 2857 2856 2846
f 2847 2857 2846
f 2858 2857 2847
f 2848 2858 2847
f 2561 2858 2848
f 2562 2561 2848
f 2826 2825 2610
f 2859 2825 2826
f 2849 2859 2826
f 2860 2859 2849
f 2850 2860 2849
f 2861 2860 2850
f 2851 2861 2850
f 2862 2861 2851
f 2852 2862 2851
f 2863 2862 2852
f 2853 2863 2852
f 2864 2863 2853
f 2854 2864 2853
f 2865 2864 2854
f 2855 2865 2854
f 2866 2865 2855
f 2856 2866 2855
f 2867 2866 2856
f 2857 2867 2856
f 2868 2867 2857
f 2858 2868 2857
f 2559 2868 2858
f 2561 2559 2858
f 2825 2812 2558
f 2813 2812 2825
f 2859 2813 2825
f 2814 2813 2859
f 2860 2814 2859
f 2815 2814 2860
f 2861 2815 2860
f 2816 2815 2861
f 2862 2816 2861
f 2817 2816 2862
f 2863 2817 2862
f 2818 2817 2863
f 2864 2818 2863
f 2819 2818 2864
f 2865 2819 2864
f 2820 2819 2865
f 2866 2820 2865
f 2821 2820 2866
f 2867 2821 2866
f 2822 2821 2867
f 2868 2822 2867
f 2549 2822 2868
f 2559 2549 2868
f 2869 2675 2635
f 2870 2871 2872
f 2871 2873 2874
f 2875 2873 2871
f 2870 2875 2871
f 2874 2876 2644
f 2877 2876 2874
f 2873 2877 2874
f 2874 2674 2675
f 2673 2674 2874
f 2644 2673 2874
f 2634 2869 2635
f 2774 2634 2636
f 2878 2634 2774
f 2772 2878 2774
f 2771 2878 2772
f 2879 2878 2771
f 2769 2879 2771
f 2767 2879 2769
f 2880 2879 2767
f 2517 2880 2767
f 2485 2880 2517
f 2881 2880 2485
f 2483 2881 2485
f 2482 2881 2483
f 2882 2881 2482
f 2480 2882 2482
f 2477 2882 2480
f 2883 2882 2477
f 2476 2883 2477
f 2884 2885 2886
f 2887 2885 2884
f 2887 2888 2889
f 2890 2888 2887
f 2884 2890 2887
f 2872 2891 2870
f 2892 2891 2872
f 2889 2892 2872
f 2893 2892 2889
f 2888 2893 2889
f 2869 2874 2675
f 2871 2874 2869
f 2894 2871 2869
f 2872 2871 2894
f 2895 2872 2894
f 2889 2872 2895
f 2896 2889 2895
f 2887 2889 2896
f 2897 2887 2896
f 2885 2887 2897
f 2898 2885 2897
f 2878 2869 2634
f 2894 2869 2878
f 2879 2894 2878
f 2895 2894 2879
f 2880 2895 2879
f 2896 2895 2880
f 2881 2896 2880
f 2897 2896 2881
f 2882 2897 2881
f 2898 2897 2882
f 2883 2898 2882
f 2899 2900 2901
f 2902 2903 2904
f 2903 2905 2904
f 2906 2905 2903
f 2902 2906 2903
f 2907 2906 2902
f 2908 2909 2910
f 2911 2909 2908
f 2587 2579 2912
f 2571 2913 2914
f 2915 2913 2571
f 2569 2915 2571
f 2916 2917 2918
f 2919 2920 2921
f 2922 2923 2904
f 2924 2923 2922
f 2925 2924 2922
f 2926 2924 2925
f 2927 2926 2925
f 2928 2926 2927
f 2929 2928 2927
f 2921 2928 2929
f 2930 2921 2929
f 2919 2921 2930
f 2931 2907 2932
f 2906 2907 2931
f 2933 2906 2931
f 2905 2906 2933
f 2934 2905 2933
f 2904 2905 2934
f 2935 2932 2936
f 2931 2932 2935
f 2937 2931 2935
f 2933 2931 2937
f 2938 2933 2937
f 2934 2933 2938
f 2939 2934 2938
f 2904 2934 2939
f 2899 2910 2900
f 2908 2910 2899
f 2940 2908 2899
f 2912 2941 2587
f 2901 2941 2912
f 2942 2901 2912
f 2899 2901 2942
f 2943 2899 2942
f 2940 2899 2943
f 2944 2940 2943
f 2916 2913 2917
f 2914 2913 2916
f 2945 2914 2916
f 2946 2914 2945
f 2947 2946 2945
f 2948 2946 2947
f 2949 2948 2947
f 2950 2948 2949
f 2951 2950 2949
f 2949 2952 2951
f 2953 2952 2949
f 2947 2953 2949
f 2954 2953 2947
f 2945 2954 2947
f 2955 2954 2945
f 2916 2955 2945
f 2956 2955 2916
f 2918 2956 2916
f 2930 2918 2919
f 2956 2918 2930
f 2929 2956 2930
f 2955 2956 2929
f 2927 2955 2929
f 2954 2955 2927
f 2925 2954 2927
f 2953 2954 2925
f 2922 2953 2925
f 2952 2953 2922
f 2904 2952 2922
f 2952 2904 2951
f 2951 2957 2950
f 2904 2957 2951
f 2958 2579 2577
f 2912 2579 2958
f 2959 2912 2958
f 2942 2912 2959
f 2960 2942 2959
f 2943 2942 2960
f 2961 2943 2960
f 2944 2943 2961
f 2962 2944 2961
f 2961 2963 2962
f 2964 2963 2961
f 2960 2964 2961
f 2965 2964 2960
f 2959 2965 2960
f 2966 2965 2959
f 2958 2966 2959
f 2967 2966 2958
f 2577 2967 2958
f 2575 2967 2577
f 2968 2575 2573
f 2967 2575 2968
f 2969 2967 2968
f 2966 2967 2969
f 2970 2966 2969
f 2965 2966 2970
f 2971 2965 2970
f 2964 2965 2971
f 2972 2964 2971
f 2963 2964 2972
f 2904 2963 2972
f 2963 2904 2962
f 2911 2936 2973
f 2935 2936 2911
f 2908 2935 2911
f 2937 2935 2908
f 2940 2937 2908
f 2938 2937 2940
f 2944 2938 2940
f 2939 2938 2944
f 2962 2939 2944
f 2904 2939 2962
f 2914 2573 2571
f 2968 2573 2914
f 2946 2968 2914
f 2969 2968 2946
f 2948 2969 2946
f 2970 2969 2948
f 2950 2970 2948
f 2971 2970 2950
f 2957 2971 2950
f 2972 2971 2957
f 2904 2972 2957
f 2974 2975 2976
f 2628 2627 2977
f 2978 2671 2670
f 2979 2671 2978
f 2980 2979 2978
f 2981 2979 2980
f 2982 2981 2980
f 2983 2981 2982
f 2984 2985 2986
f 2987 2985 2984
f 2988 2987 2984
f 2989 2987 2988
f 2990 2989 2988
f 2991 2984 2986
f 2992 2984 2991
f 2993 2992 2991
f 2994 2995 2996
f 2997 2995 2994
f 2974 2997 2994
f 2998 2997 2974
f 2976 2998 2974
f 2999 3000 3001
f 3001 3002 2999
f 3003 3002 3001
f 3004 3003 3001
f 3005 3003 3004
f 3006 3007 3008
f 3009 3007 3006
f 3009 3010 3007
f 3011 3010 3009
f 3012 3011 3009
f 3013 3014 3015
f 3016 3014 3013
f 3017 3016 3013
f 3018 3016 3017
f 3019 3018 3017
f 3020 3021 3022
f 3013 3021 3020
f 3023 3021 3013
f 3015 3023 3013
f 2988 3024 2990
f 3025 3024 2988
f 2981 3025 2988
f 3026 3025 2981
f 2983 3026 2981
f 2974 3027 2975
f 3028 3027 2974
f 2992 3028 2974
f 3029 3028 2992
f 2993 3029 2992
f 3004 3030 3005
f 3031 3030 3004
f 3032 3031 3004
f 3033 3031 3032
f 2994 3033 3032
f 3034 3033 2994
f 2996 3034 2994
f 3001 3035 3036
f 3037 3035 3001
f 3000 3037 3001
f 3009 3038 3012
f 3039 3038 3009
f 3036 3039 3009
f 3040 3039 3036
f 3035 3040 3036
f 3017 3041 3019
f 3042 3041 3017
f 3006 3042 3017
f 3043 3042 3006
f 3008 3043 3006
f 2977 3044 2628
f 3045 3044 2977
f 3046 3045 2977
f 3047 3045 3046
f 3020 3047 3046
f 3048 3047 3020
f 3022 3048 3020
f 3049 2647 2682
f 3050 2647 3049
f 2650 2647 3050
f 3051 2650 3050
f 2682 3052 3049
f 3053 3052 2682
f 2656 3053 2682
f 3054 2650 3051
f 2678 2650 3054
f 3055 2678 3054
f 2638 2678 3055
f 3056 2638 3055
f 3057 2992 2974
f 3058 2638 3056
f 2642 2638 3058
f 3059 2642 3058
f 2663 3060 2661
f 3061 3060 2663
f 2666 3061 2663
f 2656 3062 3053
f 3063 3062 2656
f 2652 3063 2656
f 3064 3063 2652
f 2661 3064 2652
f 3065 3064 2661
f 3060 3065 2661
f 3032 3066 2994
f 3067 3066 3032
f 3004 3067 3032
f 3068 2992 3057
f 2984 2992 3068
f 3069 2984 3068
f 3070 2984 3069
f 2988 2984 3070
f 3071 2988 3070
f 2981 2988 3071
f 3072 2981 3071
f 3073 2642 3059
f 2633 2642 3073
f 3074 2633 3073
f 2631 2633 3074
f 3075 2631 3074
f 3076 2631 3075
f 2625 2631 3076
f 3077 2625 3076
f 2630 2625 3077
f 3078 2630 3077
f 2974 3079 3057
f 3080 3079 2974
f 2994 3080 2974
f 3081 3080 2994
f 3066 3081 2994
f 3082 2977 3083
f 3046 2977 3082
f 3046 3084 3020
f 3085 3084 3046
f 3082 3085 3046
f 3006 3086 3009
f 3087 3086 3006
f 3017 3087 3006
f 3004 3088 3067
f 3089 3088 3004
f 3001 3089 3004
f 3090 3089 3001
f 3036 3090 3001
f 3091 2672 3092
f 2692 2672 3091
f 3017 3093 3087
f 3094 3093 3017
f 3013 3094 3017
f 3095 3094 3013
f 3020 3095 3013
f 3096 3095 3020
f 3084 3096 3020
f 3036 3097 3090
f 3098 3097 3036
f 3009 3098 3036
f 3099 3098 3009
f 3086 3099 3009
f 2666 3100 3061
f 3101 3100 2666
f 2692 3101 2666
f 3102 3101 2692
f 3091 3102 2692
f 3103 2630 3078
f 2629 2630 3103
f 3083 2629 3103
f 2627 2629 3083
f 2977 2627 3083
f 3104 2981 3072
f 2979 2981 3104
f 3092 2979 3104
f 2671 2979 3092
f 2672 2671 3092
f 3105 3106 3107
f 3107 3106 3108
f 3109 2670 2690
f 3110 3111 3107
f 3112 3113 3107
f 3114 3113 3112
f 3115 3114 3112
f 3116 3114 3115
f 3117 3116 3115
f 3118 3116 3117
f 3119 3118 3117
f 3120 3118 3119
f 3121 3120 3119
f 3111 3122 3107
f 3123 3122 3111
f 3110 3123 3111
f 3124 3123 3110
f 3125 2733 3126
f 3127 2733 3125
f 3128 3127 3125
f 3129 3127 3128
f 3130 3129 3128
f 2735 2737 3131
f 2691 3109 2690
f 3132 3133 3134
f 2691 3133 3132
f 3135 2691 3132
f 3136 3124 3137
f 3123 3124 3136
f 3138 3123 3136
f 3122 3123 3138
f 3139 3122 3138
f 3107 3122 3139
f 3140 3141 3142
f 3105 3141 3140
f 3143 3105 3140
f 3106 3105 3143
f 3144 3106 3143
f 3108 3106 3144
f 3145 3108 3144
f 3146 3137 3147
f 3136 3137 3146
f 3148 3136 3146
f 3138 3136 3148
f 3149 3138 3148
f 3139 3138 3149
f 3150 3139 3149
f 3107 3139 3150
f 3151 3142 3152
f 3140 3142 3151
f 3153 3140 3151
f 3143 3140 3153
f 3154 3143 3153
f 3144 3143 3154
f 3155 3144 3154
f 3145 3144 3155
f 3156 3145 3155
f 3157 3147 3158
f 3146 3147 3157
f 3159 3146 3157
f 3148 3146 3159
f 3160 3148 3159
f 3149 3148 3160
f 3161 3149 3160
f 3150 3149 3161
f 3162 3150 3161
f 3107 3150 3162
f 3163 3152 3164
f 3151 3152 3163
f 3165 3151 3163
f 3153 3151 3165
f 3166 3153 3165
f 3154 3153 3166
f 3167 3154 3166
f 3155 3154 3167
f 3135 3155 3167
f 3156 3155 3135
f 3132 3156 3135
f 3168 3134 3169
f 3132 3134 3168
f 3170 3132 3168
f 3156 3132 3170
f 3171 3156 3170
f 3145 3156 3171
f 3172 3145 3171
f 3108 3145 3172
f 3107 3108 3172
f 3119 3169 3121
f 3168 3169 3119
f 3117 3168 3119
f 3170 3168 3117
f 3115 3170 3117
f 3171 3170 3115
f 3112 3171 3115
f 3172 3171 3112
f 3107 3172 3112
f 3135 3173 2691
f 3174 3173 3135
f 3167 3174 3135
f 3175 3174 3167
f 3166 3175 3167
f 3176 3175 3166
f 3165 3176 3166
f 3126 3176 3165
f 3163 3126 3165
f 3125 3126 3163
f 3164 3125 3163
f 3128 3125 3164
f 3173 3109 2691
f 3177 3109 3173
f 3174 3177 3173
f 3178 3177 3174
f 3175 3178 3174
f 3179 3178 3175
f 3176 3179 3175
f 3131 3179 3176
f 3126 3131 3176
f 2735 3131 3126
f 2733 2735 3126
f 3105 3107 3141
f 3130 3158 3180
f 3157 3158 3130
f 3128 3157 3130
f 3159 3157 3128
f 3164 3159 3128
f 3160 3159 3164
f 3152 3160 3164
f 3161 3160 3152
f 3142 3161 3152
f 3162 3161 3142
f 3141 3162 3142
f 3107 3162 3141
f 3181 3182 3183
f 3184 3181 3183
f 3181 3184 3185
f 3181 3185 3186
f 3181 3186 3187
f 3181 3187 3188
f 3181 3188 3189
f 3181 3189 3190
f 3191 3192 3181
f 3193 3194 3181
f 3195 3194 3193
f 3193 3181 3190
f 3196 3197 3198
f 3197 3199 3200
f 3201 3199 3202
f 3200 3199 3201
f 3203 3200 3201
f 3203 3204 3205
f 3206 3204 3203
f 3201 3206 3203
f 3207 2667 2669
f 2668 2667 3207
f 3205 2668 3207
f 3208 2668 3205
f 3204 3208 3205
f 3209 3207 2669
f 3210 3207 3209
f 3211 3210 3209
f 3212 3210 3211
f 3213 3212 3211
f 3214 3212 3213
f 3215 3214 3213
f 3216 3214 3215
f 3217 3216 3215
f 2703 3216 3217
f 2702 2703 3217
f 3218 3219 3220
f 3221 3219 3218
f 3222 3221 3218
f 3223 3221 3222
f 3224 3223 3222
f 2695 3223 3224
f 3216 2695 3224
f 2696 2695 3216
f 2703 2696 3216
f 3207 3225 3205
f 3226 3225 3207
f 3210 3226 3207
f 3227 3226 3210
f 3212 3227 3210
f 3228 3227 3212
f 3214 3228 3212
f 3229 3228 3214
f 3216 3229 3214
f 3230 3229 3216
f 3224 3230 3216
f 3231 3230 3224
f 3222 3231 3224
f 3232 3231 3222
f 3218 3232 3222
f 3233 3232 3218
f 3220 3233 3218
f 3200 3198 3197
f 3234 3198 3200
f 3203 3234 3200
f 3235 3234 3203
f 3205 3235 3203
f 3236 3235 3205
f 3225 3236 3205
f 3237 3236 3225
f 3226 3237 3225
f 3238 3237 3226
f 3227 3238 3226
f 3239 3238 3227
f 3228 3239 3227
f 3240 3239 3228
f 3229 3240 3228
f 3241 3240 3229
f 3230 3241 3229
f 3242 3241 3230
f 3231 3242 3230
f 3243 3242 3231
f 3232 3243 3231
f 3244 3243 3232
f 3233 3244 3232
f 3198 3245 3196
f 3246 3245 3198
f 3234 3246 3198
f 3247 3246 3234
f 3235 3247 3234
f 3248 3247 3235
f 3236 3248 3235
f 3249 3248 3236
f 3237 3249 3236
f 3250 3249 3237
f 3238 3250 3237
f 3251 3250 3238
f 3239 3251 3238
f 3252 3251 3239
f 3240 3252 3239
f 3253 3252 3240
f 3241 3253 3240
f 3254 3253 3241
f 3242 3254 3241
f 3255 3254 3242
f 3243 3255 3242
f 3256 3255 3243
f 3244 3256 3243
f 3246 3182 3245
f 3183 3182 3246
f 3247 3183 3246
f 3184 3183 3247
f 3248 3184 3247
f 3185 3184 3248
f 3249 3185 3248
f 3186 3185 3249
f 3250 3186 3249
f 3187 3186 3250
f 3251 3187 3250
f 3188 3187 3251
f 3252 3188 3251
f 3189 3188 3252
f 3253 3189 3252
f 3190 3189 3253
f 3254 3190 3253
f 3193 3190 3254
f 3255 3193 3254
f 3195 3193 3255
f 3256 3195 3255
f 3245 3191 3196
f 3192 3191 3245
f 3182 3192 3245
f 3181 3192 3182
f 3257 3258 3259
f 3260 3261 3262
f 3263 3264 3265
f 3265 3266 3267
f 3268 3269 3270
f 3271 3267 3266
f 3272 3267 3271
f 3273 3272 3271
f 3274 3272 3273
f 3268 3274 3273
f 3275 3274 3268
f 3270 3275 3268
f 3264 3276 3265
f 3277 3276 3264
f 3263 3277 3264
f 3278 3277 3263
f 3279 3280 3281
f 3282 3280 3279
f 2700 2702 3217
f 3283 2700 3217
f 3284 2660 3285
f 2664 2660 3284
f 3209 2664 3284
f 2665 2664 3209
f 2669 2665 3209
f 3286 3278 3287
f 3277 3278 3286
f 3288 3277 3286
f 3276 3277 3288
f 3289 3276 3288
f 3265 3276 3289
f 3290 3287 3291
f 3286 3287 3290
f 3292 3286 3290
f 3288 3286 3292
f 3293 3288 3292
f 3289 3288 3293
f 3294 3289 3293
f 3265 3289 3294
f 3260 2660 3261
f 3285 2660 3260
f 3295 3285 3260
f 3296 3285 3295
f 3297 3296 3295
f 3298 3296 3297
f 3299 3298 3297
f 3297 3300 3299
f 3301 3300 3297
f 3295 3301 3297
f 3302 3301 3295
f 3260 3302 3295
f 3257 3302 3260
f 3262 3257 3260
f 3258 3257 3262
f 3268 3259 3269
f 3257 3259 3268
f 3273 3257 3268
f 3302 3257 3273
f 3271 3302 3273
f 3301 3302 3271
f 3266 3301 3271
f 3300 3301 3266
f 3265 3300 3266
f 3300 3265 3299
f 3299 3303 3298
f 3265 3303 3299
f 3304 3279 3305
f 3282 3279 3304
f 3306 3282 3304
f 3307 3282 3306
f 3308 3307 3306
f 3309 3281 2699
f 3279 3281 3309
f 3310 3279 3309
f 3305 3279 3310
f 3311 3305 3310
f 3283 2699 2700
f 3309 2699 3283
f 3312 3309 3283
f 3310 3309 3312
f 3313 3310 3312
f 3311 3310 3313
f 3314 3311 3313
f 3315 3217 3215
f 3283 3217 3315
f 3316 3283 3315
f 3312 3283 3316
f 3317 3312 3316
f 3313 3312 3317
f 3318 3313 3317
f 3314 3313 3318
f 3319 3314 3318
f 3318 3320 3319
f 3321 3320 3318
f 3317 3321 3318
f 3322 3321 3317
f 3316 3322 3317
f 3323 3322 3316
f 3315 3323 3316
f 3324 3323 3315
f 3215 3324 3315
f 3213 3324 3215
f 3325 3213 3211
f 3324 3213 3325
f 3326 3324 3325
f 3323 3324 3326
f 3327 3323 3326
f 3322 3323 3327
f 3328 3322 3327
f 3321 3322 3328
f 3329 3321 3328
f 3320 3321 3329
f 3265 3320 3329
f 3320 3265 3319
f 3304 3291 3306
f 3290 3291 3304
f 3305 3290 3304
f 3292 3290 3305
f 3311 3292 3305
f 3293 3292 3311
f 3314 3293 3311
f 3294 3293 3314
f 3319 3294 3314
f 3265 3294 3319
f 3284 3211 3209
f 3325 3211 3284
f 3285 3325 3284
f 3326 3325 3285
f 3296 3326 3285
f 3327 3326 3296
f 3298 3327 3296
f 3328 3327 3298
f 3303 3328 3298
f 3329 3328 3303
f 3265 3329 3303
f 3330 2689 2654
f 3331 2662 2687
f 3269 3259 3332
f 3333 3269 3332
f 3258 3332 3259
f 3331 3332 3258
f 3262 3331 3258
f 3261 3331 3262
f 2662 3331 3261
f 2660 2662 3261
f 2687 2688 3334
f 2689 3334 2688
f 3335 2654 2653
f 3330 2654 3335
f 3336 3330 3335
f 3337 3330 3336
f 3338 3330 3337
f 3339 3338 3337
f 3340 3338 3339
f 3341 3338 3340
f 3342 3341 3340
f 3343 3341 3342
f 3344 3341 3343
f 3345 3344 3343
f 3346 3344 3345
f 3347 3344 3346
f 3348 3347 3346
f 3349 3347 3348
f 3350 3347 3349
f 3351 3350 3349
f 3352 3353 3354
f 3355 3353 3352
f 3355 3356 3357
f 3358 3356 3355
f 3352 3358 3355
f 3333 3270 3269
f 3359 3270 3333
f 3357 3359 3333
f 3360 3359 3357
f 3356 3360 3357
f 3334 3331 2687
f 3332 3331 3334
f 3361 3332 3334
f 3333 3332 3361
f 3362 3333 3361
f 3357 3333 3362
f 3363 3357 3362
f 3355 3357 3363
f 3364 3355 3363
f 3353 3355 3364
f 3365 3353 3364
f 3330 3334 2689
f 3361 3334 3330
f 3338 3361 3330
f 3362 3361 3338
f 3341 3362 3338
f 3363 3362 3341
f 3344 3363 3341
f 3364 3363 3344
f 3347 3364 3344
f 3365 3364 3347
f 3350 3365 3347
f 3366 3367 3368
f 3369 3366 3368
f 3366 3369 3370
f 3366 3370 3371
f 3366 3371 3372
f 3366 3372 3373
f 3366 3373 3374
f 3366 3374 3375
f 3376 3377 3366
f 3378 3379 3366
f 3380 3379 3378
f 3378 3366 3375
f 3381 3382 3383
f 3382 3384 3385
f 3340 3384 3342
f 3385 3384 3340
f 3339 3385 3340
f 3386 3385 3339
f 3386 3336 3387
f 3337 3336 3386
f 3339 3337 3386
f 3388 2655 2657
f 2653 2655 3388
f 3387 2653 3388
f 3335 2653 3387
f 3336 3335 3387
f 3389 2710 3390
f 2709 2710 3389
f 3391 3388 2657
f 3392 3388 3391
f 3393 3392 3391
f 3394 3392 3393
f 3395 3394 3393
f 3396 3394 3395
f 3397 3396 3395
f 3389 3396 3397
f 3398 3389 3397
f 2709 3389 3398
f 2707 2709 3398
f 3399 3400 3401
f 3402 3400 3399
f 3403 3402 3399
f 3404 3402 3403
f 3390 3404 3403
f 3405 3404 3390
f 2710 3405 3390
f 3388 3406 3387
f 3407 3406 3388
f 3392 3407 3388
f 3408 3407 3392
f 3394 3408 3392
f 3409 3408 3394
f 3396 3409 3394
f 3410 3409 3396
f 3389 3410 3396
f 3411 3410 3389
f 3390 3411 3389
f 3412 3411 3390
f 3403 3412 3390
f 3413 3412 3403
f 3399 3413 3403
f 3414 3413 3399
f 3401 3414 3399
f 3385 3383 3382
f 3415 3383 3385
f 3386 3415 3385
f 3416 3415 3386
f 3387 3416 3386
f 3417 3416 3387
f 3406 3417 3387
f 3418 3417 3406
f 3407 3418 3406
f 3419 3418 3407
f 3408 3419 3407
f 3420 3419 3408
f 3409 3420 3408
f 3421 3420 3409
f 3410 3421 3409
f 3422 3421 3410
f 3411 3422 3410
f 3423 3422 3411
f 3412 3423 3411
f 3424 3423 3412
f 3413 3424 3412
f 3425 3424 3413
f 3414 3425 3413
f 3383 3426 3381
f 3427 3426 3383
f 3415 3427 3383
f 3428 3427 3415
f 3416 3428 3415
f 3429 3428 3416
f 3417 3429 3416
f 3430 3429 3417
f 3418 3430 3417
f 3431 3430 3418
f 3419 3431 3418
f 3432 3431 3419
f 3420 3432 3419
f 3433 3432 3420
f 3421 3433 3420
f 3434 3433 3421
f 3422 3434 3421
f 3435 3434 3422
f 3423 3435 3422
f 3436 3435 3423
f 3424 3436 3423
f 3437 3436 3424
f 3425 3437 3424
f 3427 3367 3426
f 3368 3367 3427
f 3428 3368 3427
f 3369 3368 3428
f 3429 3369 3428
f 3370 3369 3429
f 3430 3370 3429
f 3371 3370 3430
f 3431 3371 3430
f 3372 3371 3431
f 3432 3372 3431
f 3373 3372 3432
f 3433 3373 3432
f 3374 3373 3433
f 3434 3374 3433
f 3375 3374 3434
f 3435 3375 3434
f 3378 3375 3435
f 3436 3378 3435
f 3380 3378 3436
f 3437 3380 3436
f 3426 3376 3381
f 3377 3376 3426
f 3367 3377 3426
f 3366 3377 3367
f 3438 3439 3440
f 3441 3439 3438
f 3442 3443 3444
f 3445 3446 3447
f 3448 3449 2659
f 3450 3451 3452
f 3439 3441 3453
f 3441 3454 3455
f 3456 3457 3458
f 3459 3455 3454
f 3460 3455 3459
f 3461 3460 3459
f 3462 3460 3461
f 3456 3462 3461
f 3463 3462 3456
f 3458 3463 3456
f 3464 3439 3453
f 3440 3439 3464
f 3465 3440 3464
f 3466 3467 3468
f 3466 3469 3467
f 3470 3469 3466
f 3471 3470 3466
f 2705 2707 3398
f 3472 2705 3398
f 3391 2659 3449
f 2658 2659 3391
f 2657 2658 3391
f 3473 3465 3474
f 3440 3465 3473
f 3475 3440 3473
f 3438 3440 3475
f 3476 3438 3475
f 3441 3438 3476
f 3445 2659 3446
f 3448 2659 3445
f 3477 3448 3445
f 3478 3448 3477
f 3479 3478 3477
f 3480 3478 3479
f 3481 3480 3479
f 3479 3482 3481
f 3483 3482 3479
f 3477 3483 3479
f 3484 3483 3477
f 3445 3484 3477
f 3442 3484 3445
f 3447 3442 3445
f 3443 3442 3447
f 3456 3444 3457
f 3442 3444 3456
f 3461 3442 3456
f 3484 3442 3461
f 3459 3484 3461
f 3483 3484 3459
f 3454 3483 3459
f 3482 3483 3454
f 3441 3482 3454
f 3482 3441 3481
f 3481 3485 3480
f 3441 3485 3481
f 3450 3469 3451
f 3467 3469 3450
f 3486 3467 3450
f 3468 3467 3486
f 3487 3468 3486
f 3488 3452 2706
f 3450 3452 3488
f 3489 3450 3488
f 3486 3450 3489
f 3490 3486 3489
f 3487 3486 3490
f 3491 3487 3490
f 3472 2706 2705
f 3488 2706 3472
f 3492 3488 3472
f 3489 3488 3492
f 3493 3489 3492
f 3490 3489 3493
f 3494 3490 3493
f 3491 3490 3494
f 3495 3491 3494
f 3494 3496 3495
f 3497 3496 3494
f 3493 3497 3494
f 3498 3497 3493
f 3492 3498 3493
f 3499 3498 3492
f 3472 3499 3492
f 3500 3499 3472
f 3398 3500 3472
f 3397 3500 3398
f 3501 3397 3395
f 3500 3397 3501
f 3502 3500 3501
f 3499 3500 3502
f 3503 3499 3502
f 3498 3499 3503
f 3504 3498 3503
f 3497 3498 3504
f 3505 3497 3504
f 3496 3497 3505
f 3441 3496 3505
f 3496 3441 3495
f 3468 3474 3466
f 3473 3474 3468
f 3487 3473 3468
f 3475 3473 3487
f 3491 3475 3487
f 3476 3475 3491
f 3495 3476 3491
f 3441 3476 3495
f 3506 3395 3393
f 3501 3395 3506
f 3507 3501 3506
f 3502 3501 3507
f 3508 3502 3507
f 3503 3502 3508
f 3509 3503 3508
f 3504 3503 3509
f 3510 3504 3509
f 3505 3504 3510
f 3441 3505 3510
f 3449 3393 3391
f 3506 3393 3449
f 3448 3506 3449
f 3507 3506 3448
f 3478 3507 3448
f 3508 3507 3478
f 3480 3508 3478
f 3509 3508 3480
f 3485 3509 3480
f 3510 3509 3485
f 3441 3510 3485
f 3511 2681 2646
f 3457 3444 3512
f 3513 3457 3512
f 3443 3512 3444
f 3514 3512 3443
f 3447 3514 3443
f 2684 3446 2659
f 3447 3446 2684
f 2685 3447 2684
f 3514 3447 2685
f 2686 3514 2685
f 2686 2683 3515
f 2681 3515 2683
f 2646 2645 3516
f 3517 2646 3516
f 3511 2646 3517
f 3518 3511 3517
f 3519 3511 3518
f 3520 3519 3518
f 3521 3519 3520
f 3522 3519 3521
f 3523 3522 3521
f 3524 3522 3523
f 3525 3522 3524
f 3526 3525 3524
f 3527 3525 3526
f 3528 3525 3527
f 3529 3528 3527
f 3530 3528 3529
f 3531 3528 3530
f 3532 3531 3530
f 3533 3534 3535
f 3536 3534 3533
f 3536 3537 3538
f 3539 3537 3536
f 3533 3539 3536
f 3513 3458 3457
f 3540 3458 3513
f 3538 3540 3513
f 3541 3540 3538
f 3537 3541 3538
f 3515 3514 2686
f 3512 3514 3515
f 3542 3512 3515
f 3513 3512 3542
f 3543 3513 3542
f 3538 3513 3543
f 3544 3538 3543
f 3536 3538 3544
f 3545 3536 3544
f 3534 3536 3545
f 3546 3534 3545
f 3511 3515 2681
f 3542 3515 3511
f 3519 3542 3511
f 3543 3542 3519
f 3522 3543 3519
f 3544 3543 3522
f 3525 3544 3522
f 3545 3544 3525
f 3528 3545 3525
f 3546 3545 3528
f 3531 3546 3528
f 3547 3548 3549
f 3550 3547 3549
f 3547 3550 3551
f 3547 3551 3552
f 3547 3552 3553
f 3547 3553 3554
f 3547 3554 3555
f 3547 3555 3556
f 3557 3558 3547
f 3559 3560 3547
f 3561 3560 3559
f 3559 3547 3556
f 3562 3563 3564
f 3563 3565 3566
f 3521 3565 3523
f 3566 3565 3521
f 3520 3566 3521
f 3567 3566 3520
f 3567 3517 3568
f 3518 3517 3567
f 3520 3518 3567
f 3569 2648 2649
f 2645 2648 3569
f 3568 2645 3569
f 3516 2645 3568
f 3517 3516 3568
f 3570 2715 3571
f 2714 2715 3570
f 3572 3569 2649
f 3573 3569 3572
f 3574 3573 3572
f 3575 3573 3574
f 3576 3575 3574
f 3577 3575 3576
f 3578 3577 3576
f 3570 3577 3578
f 3579 3570 3578
f 2714 3570 3579
f 2711 2714 3579
f 3580 3581 3582
f 3583 3581 3580
f 3584 3583 3580
f 3585 3583 3584
f 3571 3585 3584
f 3586 3585 3571
f 2715 3586 3571
f 3569 3587 3568
f 3588 3587 3569
f 3573 3588 3569
f 3589 3588 3573
f 3575 3589 3573
f 3590 3589 3575
f 3577 3590 3575
f 3591 3590 3577
f 3570 3591 3577
f 3592 3591 3570
f 3571 3592 3570
f 3593 3592 3571
f 3584 3593 3571
f 3594 3593 3584
f 3580 3594 3584
f 3595 3594 3580
f 3582 3595 3580
f 3566 3564 3563
f 3596 3564 3566
f 3567 3596 3566
f 3597 3596 3567
f 3568 3597 3567
f 3598 3597 3568
f 3587 3598 3568
f 3599 3598 3587
f 3588 3599 3587
f 3600 3599 3588
f 3589 3600 3588
f 3601 3600 3589
f 3590 3601 3589
f 3602 3601 3590
f 3591 3602 3590
f 3603 3602 3591
f 3592 3603 3591
f 3604 3603 3592
f 3593 3604 3592
f 3605 3604 3593
f 3594 3605 3593
f 3606 3605 3594
f 3595 3606 3594
f 3564 3607 3562
f 3608 3607 3564
f 3596 3608 3564
f 3609 3608 3596
f 3597 3609 3596
f 3610 3609 3597
f 3598 3610 3597
f 3611 3610 3598
f 3599 3611 3598
f 3612 3611 3599
f 3600 3612 3599
f 3613 3612 3600
f 3601 3613 3600
f 3614 3613 3601
f 3602 3614 3601
f 3615 3614 3602
f 3603 3615 3602
f 3616 3615 3603
f 3604 3616 3603
f 3617 3616 3604
f 3605 3617 3604
f 3618 3617 3605
f 3606 3618 3605
f 3608 3548 3607
f 3549 3548 3608
f 3609 3549 3608
f 3550 3549 3609
f 3610 3550 3609
f 3551 3550 3610
f 3611 3551 3610
f 3552 3551 3611
f 3612 3552 3611
f 3553 3552 3612
f 3613 3553 3612
f 3554 3553 3613
f 3614 3554 3613
f 3555 3554 3614
f 3615 3555 3614
f 3556 3555 3615
f 3616 3556 3615
f 3559 3556 3616
f 3617 3559 3616
f 3561 3559 3617
f 3618 3561 3617
f 3607 3557 3562
f 3558 3557 3607
f 3548 3558 3607
f 3547 3558 3548
f 3619 3620 3621
f 3621 3620 3622
f 3572 2649 2651
f 3623 3624 3621
f 3621 3625 3626
f 3627 3628 3629
f 3630 3626 3625
f 3631 3626 3630
f 3632 3631 3630
f 3633 3631 3632
f 3627 3633 3632
f 3634 3633 3627
f 3629 3634 3627
f 3624 3635 3621
f 3636 3635 3624
f 3623 3636 3624
f 3637 3636 3623
f 3638 2747 3639
f 3640 2747 3638
f 3641 3640 3638
f 3642 3640 3641
f 3643 3642 3641
f 2748 2711 3579
f 2676 3572 2651
f 3644 3645 3646
f 2676 3645 3644
f 3647 2676 3644
f 3648 3637 3649
f 3636 3637 3648
f 3650 3636 3648
f 3635 3636 3650
f 3651 3635 3650
f 3621 3635 3651
f 3652 3653 3654
f 3619 3653 3652
f 3655 3619 3652
f 3620 3619 3655
f 3656 3620 3655
f 3622 3620 3656
f 3657 3622 3656
f 3658 3649 3659
f 3648 3649 3658
f 3660 3648 3658
f 3650 3648 3660
f 3661 3650 3660
f 3651 3650 3661
f 3662 3651 3661
f 3621 3651 3662
f 3663 3654 3664
f 3652 3654 3663
f 3665 3652 3663
f 3655 3652 3665
f 3666 3655 3665
f 3656 3655 3666
f 3667 3656 3666
f 3657 3656 3667
f 3668 3657 3667
f 3669 3659 3670
f 3658 3659 3669
f 3671 3658 3669
f 3660 3658 3671
f 3672 3660 3671
f 3661 3660 3672
f 3673 3661 3672
f 3662 3661 3673
f 3674 3662 3673
f 3621 3662 3674
f 3675 3664 3676
f 3663 3664 3675
f 3677 3663 3675
f 3665 3663 3677
f 3678 3665 3677
f 3666 3665 3678
f 3679 3666 3678
f 3667 3666 3679
f 3647 3667 3679
f 3668 3667 3647
f 3644 3668 3647
f 3680 3646 3681
f 3644 3646 3680
f 3682 3644 3680
f 3668 3644 3682
f 3683 3668 3682
f 3657 3668 3683
f 3684 3657 3683
f 3622 3657 3684
f 3621 3622 3684
f 3627 3681 3628
f 3680 3681 3627
f 3632 3680 3627
f 3682 3680 3632
f 3630 3682 3632
f 3683 3682 3630
f 3625 3683 3630
f 3684 3683 3625
f 3621 3684 3625
f 3647 3685 2676
f 3686 3685 3647
f 3679 3686 3647
f 3687 3686 3679
f 3678 3687 3679
f 3688 3687 3678
f 3677 3688 3678
f 3639 3688 3677
f 3675 3639 3677
f 3638 3639 3675
f 3676 3638 3675
f 3641 3638 3676
f 3685 3572 2676
f 3574 3572 3685
f 3686 3574 3685
f 3576 3574 3686
f 3687 3576 3686
f 3578 3576 3687
f 3688 3578 3687
f 3579 3578 3688
f 3639 3579 3688
f 2748 3579 3639
f 2747 2748 3639
f 3619 3621 3653
f 3643 3670 3689
f 3669 3670 3643
f 3641 3669 3643
f 3671 3669 3641
f 3676 3671 3641
f 3672 3671 3676
f 3664 3672 3676
f 3673 3672 3664
f 3654 3673 3664
f 3674 3673 3654
f 3653 3674 3654
f 3621 3674 3653
f 3690 3691 3692
f 3693 3690 3692
f 3690 3693 3694
f 3690 3694 3695
f 3690 3695 3696
f 3690 3696 3697
f 3690 3697 3698
f 3690 3698 3699
f 3700 3701 3690
f 3702 3703 3690
f 3704 3703 3702
f 3702 3690 3699
f 3705 3706 3707
f 3706 3708 3709
f 3710 3708 3711
f 3709 3708 3710
f 3712 3709 3710
f 3712 3713 3714
f 3715 3713 3712
f 3710 3715 3712
f 3716 2639 2641
f 2640 2639 3716
f 3714 2640 3716
f 3717 2640 3714
f 3713 3717 3714
f 3718 3716 2641
f 3719 3716 3718
f 3720 3719 3718
f 3721 3719 3720
f 3722 3721 3720
f 3723 3721 3722
f 3724 3723 3722
f 3725 3723 3724
f 3726 3725 3724
f 3727 3728 3729
f 3730 3728 3727
f 3731 3730 3727
f 3732 3730 3731
f 3733 3732 3731
f 2722 3732 3733
f 3725 2722 3733
f 2721 2722 3725
f 3726 2721 3725
f 2720 2721 3726
f 3716 3734 3714
f 3735 3734 3716
f 3719 3735 3716
f 3736 3735 3719
f 3721 3736 3719
f 3737 3736 3721
f 3723 3737 3721
f 3738 3737 3723
f 3725 3738 3723
f 3739 3738 3725
f 3733 3739 3725
f 3740 3739 3733
f 3731 3740 3733
f 3741 3740 3731
f 3727 3741 3731
f 3742 3741 3727
f 3729 3742 3727
f 3709 3707 3706
f 3743 3707 3709
f 3712 3743 3709
f 3744 3743 3712
f 3714 3744 3712
f 3745 3744 3714
f 3734 3745 3714
f 3746 3745 3734
f 3735 3746 3734
f 3747 3746 3735
f 3736 3747 3735
f 3748 3747 3736
f 3737 3748 3736
f 3749 3748 3737
f 3738 3749 3737
f 3750 3749 3738
f 3739 3750 3738
f 3751 3750 3739
f 3740 3751 3739
f 3752 3751 3740
f 3741 3752 3740
f 3753 3752 3741
f 3742 3753 3741
f 3707 3754 3705
f 3755 3754 3707
f 3743 3755 3707
f 3756 3755 3743
f 3744 3756 3743
f 3757 3756 3744
f 3745 3757 3744
f 3758 3757 3745
f 3746 3758 3745
f 3759 3758 3746
f 3747 3759 3746
f 3760 3759 3747
f 3748 3760 3747
f 3761 3760 3748
f 3749 3761 3748
f 3762 3761 3749
f 3750 3762 3749
f 3763 3762 3750
f 3751 3763 3750
f 3764 3763 3751
f 3752 3764 3751
f 3765 3764 3752
f 3753 3765 3752
f 3755 3691 3754
f 3692 3691 3755
f 3756 3692 3755
f 3693 3692 3756
f 3757 3693 3756
f 3694 3693 3757
f 3758 3694 3757
f 3695 3694 3758
f 3759 3695 3758
f 3696 3695 3759
f 3760 3696 3759
f 3697 3696 3760
f 3761 3697 3760
f 3698 3697 3761
f 3762 3698 3761
f 3699 3698 3762
f 3763 3699 3762
f 3702 3699 3763
f 3764 3702 3763
f 3704 3702 3764
f 3765 3704 3764
f 3754 3700 3705
f 3701 3700 3754
f 3691 3701 3754
f 3690 3701 3691
f 3766 3767 3768
f 3768 3767 3769
f 3770 2873 2875
f 3718 2641 2643
f 3771 3772 3768
f 3768 3773 3774
f 3775 2870 2891
f 3776 3774 3773
f 3777 3774 3776
f 3778 3777 3776
f 3779 3777 3778
f 3775 3779 3778
f 3780 3779 3775
f 2891 3780 3775
f 3772 3781 3768
f 3782 3781 3772
f 3771 3782 3772
f 3783 3782 3771
f 3784 2751 3785
f 3786 2751 3784
f 3787 3786 3784
f 3788 3786 3787
f 3789 3788 3787
f 2717 2720 3726
f 2644 3718 2643
f 3790 2876 2877
f 2644 2876 3790
f 3791 2644 3790
f 3792 3783 3793
f 3782 3783 3792
f 3794 3782 3792
f 3781 3782 3794
f 3795 3781 3794
f 3768 3781 3795
f 3796 3797 3798
f 3766 3797 3796
f 3799 3766 3796
f 3767 3766 3799
f 3800 3767 3799
f 3769 3767 3800
f 3801 3769 3800
f 3802 3793 3803
f 3792 3793 3802
f 3804 3792 3802
f 3794 3792 3804
f 3805 3794 3804
f 3795 3794 3805
f 3806 3795 3805
f 3768 3795 3806
f 3807 3798 3808
f 3796 3798 3807
f 3809 3796 3807
f 3799 3796 3809
f 3810 3799 3809
f 3800 3799 3810
f 3811 3800 3810
f 3801 3800 3811
f 3812 3801 3811
f 3813 3803 3814
f 3802 3803 3813
f 3815 3802 3813
f 3804 3802 3815
f 3816 3804 3815
f 3805 3804 3816
f 3817 3805 3816
f 3806 3805 3817
f 3818 3806 3817
f 3768 3806 3818
f 3819 3808 3820
f 3807 3808 3819
f 3821 3807 3819
f 3809 3807 3821
f 3822 3809 3821
f 3810 3809 3822
f 3823 3810 3822
f 3811 3810 3823
f 3791 3811 3823
f 3812 3811 3791
f 3790 3812 3791
f 3770 2877 2873
f 3790 2877 3770
f 3824 3790 3770
f 3812 3790 3824
f 3825 3812 3824
f 3801 3812 3825
f 3826 3801 3825
f 3769 3801 3826
f 3768 3769 3826
f 3775 2875 2870
f 3770 2875 3775
f 3778 3770 3775
f 3824 3770 3778
f 3776 3824 3778
f 3825 3824 3776
f 3773 3825 3776
f 3826 3825 3773
f 3768 3826 3773
f 3791 3827 2644
f 3828 3827 3791
f 3823 3828 3791
f 3829 3828 3823
f 3822 3829 3823
f 3830 3829 3822
f 3821 3830 3822
f 3785 3830 3821
f 3819 3785 3821
f 3784 3785 3819
f 3820 3784 3819
f 3787 3784 3820
f 3827 3718 2644
f 3720 3718 3827
f 3828 3720 3827
f 3722 3720 3828
f 3829 3722 3828
f 3724 3722 3829
f 3830 3724 3829
f 3726 3724 3830
f 3785 3726 3830
f 2717 3726 3785
f 2751 2717 3785
f 3766 3768 3797
f 3789 3814 3831
f 3813 3814 3789
f 3787 3813 3789
f 3815 3813 3787
f 3820 3815 3787
f 3816 3815 3820
f 3808 3816 3820
f 3817 3816 3808
f 3798 3817 3808
f 3818 3817 3798
f 3797 3818 3798
f 3768 3818 3797
f 3832 3404 3405
f 3833 3834 3835
f 3836 3834 3833
f 3837 3836 3833
f 3838 3836 3837
f 3307 3838 3837
f 3308 3838 3307
f 3400 3834 3401
f 3835 3834 3400
f 3402 3835 3400
f 2738 3405 2710
f 3832 3405 2738
f 2739 3832 2738
f 3839 3832 2739
f 2740 3839 2739
f 3840 3839 2740
f 3281 2740 2699
f 3840 2740 3281
f 3280 3840 3281
f 3282 3840 3280
f 3832 3402 3404
f 3835 3402 3832
f 3839 3835 3832
f 3833 3835 3839
f 3840 3833 3839
f 3837 3833 3840
f 3282 3837 3840
f 3307 3837 3282
f 3841 3585 3586
f 3842 3843 3844
f 3845 3843 3842
f 3846 3845 3842
f 3847 3845 3846
f 3848 3847 3846
f 3849 3847 3848
f 3470 3849 3848
f 3471 3849 3470
f 3581 3843 3582
f 3844 3843 3581
f 3583 3844 3581
f 2716 3586 2715
f 3841 3586 2716
f 2741 3841 2716
f 3850 3841 2741
f 2742 3850 2741
f 3851 3850 2742
f 2743 3851 2742
f 3852 3851 2743
f 3452 2743 2706
f 3852 2743 3452
f 3451 3852 3452
f 3469 3852 3451
f 3841 3583 3585
f 3844 3583 3841
f 3850 3844 3841
f 3842 3844 3850
f 3851 3842 3850
f 3846 3842 3851
f 3852 3846 3851
f 3848 3846 3852
f 3469 3848 3852
f 3470 3848 3469
f 3853 3854 3855
f 3856 3857 3858
f 3859 3856 3858
f 3860 3856 3859
f 3861 3860 3859
f 3862 3863 3864
f 3865 3863 3862
f 3866 3865 3862
f 3867 3868 3869
f 3869 3870 3867
f 3871 3870 3869
f 3872 3871 3869
f 3873 3874 3875
f 3876 3874 3873
f 3877 3874 3876
f 3878 3877 3876
f 3879 3880 3881
f 3882 3880 3879
f 3873 3882 3879
f 3883 3882 3873
f 3875 3883 3873
f 3884 3879 3881
f 3885 3879 3884
f 3886 3885 3884
f 3885 2737 2736
f 3887 2737 3885
f 3886 3887 3885
f 3888 2730 2729
f 3889 2730 3888
f 3890 3889 3888
f 3891 3889 3890
f 3853 3892 3854
f 3893 3892 3853
f 3891 3893 3853
f 3894 3893 3891
f 3890 3894 3891
f 3859 3895 3861
f 3896 3895 3859
f 3897 3896 3859
f 3898 3896 3897
f 3853 3898 3897
f 3899 3898 3853
f 3855 3899 3853
f 3862 3900 3866
f 3901 3900 3862
f 3858 3901 3862
f 3902 3901 3858
f 3857 3902 3858
f 3869 3903 3872
f 3904 3903 3869
f 3905 3904 3869
f 3906 3904 3905
f 3864 3906 3905
f 3907 3906 3864
f 3863 3907 3864
f 3876 3908 3878
f 3909 3908 3876
f 3868 3909 3876
f 3910 3909 3868
f 3867 3910 3868
f 2701 3911 2697
f 3912 3911 2701
f 2708 3912 2701
f 3913 3912 2708
f 2704 3913 2708
f 3914 3913 2704
f 2713 3914 2704
f 3915 3914 2713
f 2712 3915 2713
f 3879 3916 3873
f 3917 3916 3879
f 3885 3917 3879
f 3918 3917 3885
f 2736 3918 3885
f 3919 3918 2736
f 2734 3919 2736
f 3920 3919 2734
f 2698 3920 2734
f 3921 3920 2698
f 2697 3921 2698
f 3922 3921 2697
f 3911 3922 2697
f 2712 3923 3915
f 3924 3923 2712
f 2746 3924 2712
f 3925 3924 2746
f 2719 3925 2746
f 3926 3925 2719
f 2718 3926 2719
f 3927 3926 2718
f 2724 3927 2718
f 3928 3927 2724
f 2723 3928 2724
f 3905 3929 3864
f 3930 3929 3905
f 3869 3930 3905
f 3931 3930 3869
f 3868 3931 3869
f 3932 3931 3868
f 3876 3932 3868
f 3933 3932 3876
f 3873 3933 3876
f 3934 3933 3873
f 3916 3934 3873
f 2723 3935 3928
f 3936 3935 2723
f 2727 3936 2723
f 3937 3936 2727
f 2728 3937 2727
f 3938 3937 2728
f 2730 3938 2728
f 3939 3938 2730
f 3889 3939 2730
f 3940 3939 3889
f 3891 3940 3889
f 3941 3940 3891
f 3853 3941 3891
f 3853 3942 3941
f 3943 3942 3853
f 3897 3943 3853
f 3944 3943 3897
f 3859 3944 3897
f 3945 3944 3859
f 3858 3945 3859
f 3946 3945 3858
f 3862 3946 3858
f 3947 3946 3862
f 3864 3947 3862
f 3948 3947 3864
f 3929 3948 3864
f 3949 3950 2904
f 2904 3950 3951
f 2833 2628 3044
f 3952 2923 2924
f 2904 3953 2902
f 3954 3955 2973
f 3956 2902 3953
f 2907 2902 3956
f 3957 2907 3956
f 2932 2907 3957
f 3954 2932 3957
f 2936 2932 3954
f 2973 2936 3954
f 3958 2924 2926
f 3952 2924 3958
f 3959 3952 3958
f 2904 3952 3959
f 3960 3890 3961
f 3962 3890 3960
f 3963 3962 3960
f 3964 3962 3963
f 3965 3964 3963
f 3888 2729 2840
f 3045 2833 3044
f 3966 3967 3968
f 3045 3967 3966
f 3969 3045 3966
f 3970 2926 2928
f 3958 2926 3970
f 3971 3958 3970
f 3959 3958 3971
f 3972 3959 3971
f 2904 3959 3972
f 3973 3974 3975
f 3949 3974 3973
f 3976 3949 3973
f 3950 3949 3976
f 3977 3950 3976
f 3951 3950 3977
f 3978 3951 3977
f 3979 2928 2921
f 3970 2928 3979
f 3980 3970 3979
f 3971 3970 3980
f 3981 3971 3980
f 3972 3971 3981
f 3982 3972 3981
f 2904 3972 3982
f 3983 3975 3984
f 3973 3975 3983
f 3985 3973 3983
f 3976 3973 3985
f 3986 3976 3985
f 3977 3976 3986
f 3987 3977 3986
f 3978 3977 3987
f 3988 3978 3987
f 3982 3989 2904
f 3990 3989 3982
f 3981 3990 3982
f 3991 3990 3981
f 3980 3991 3981
f 3992 3991 3980
f 3979 3992 3980
f 3993 3992 3979
f 2921 3993 3979
f 3952 2904 2923
f 3994 3984 3995
f 3983 3984 3994
f 3996 3983 3994
f 3985 3983 3996
f 3997 3985 3996
f 3986 3985 3997
f 3998 3986 3997
f 3987 3986 3998
f 3969 3987 3998
f 3988 3987 3969
f 3966 3988 3969
f 3999 3968 4000
f 3966 3968 3999
f 4001 3966 3999
f 3988 3966 4001
f 4002 3988 4001
f 3978 3988 4002
f 4003 3978 4002
f 3951 3978 4003
f 2904 3951 4003
f 3954 4000 3955
f 3999 4000 3954
f 3957 3999 3954
f 4001 3999 3957
f 3956 4001 3957
f 4002 4001 3956
f 3953 4002 3956
f 4003 4002 3953
f 2904 4003 3953
f 3969 4004 3045
f 4005 4004 3969
f 3998 4005 3969
f 4006 4005 3998
f 3997 4006 3998
f 4007 4006 3997
f 3996 4007 3997
f 3961 4007 3996
f 3994 3961 3996
f 3960 3961 3994
f 3995 3960 3994
f 3963 3960 3995
f 4004 2833 3045
f 2835 2833 4004
f 4005 2835 4004
f 2837 2835 4005
f 4006 2837 4005
f 2839 2837 4006
f 4007 2839 4006
f 2840 2839 4007
f 3961 2840 4007
f 3888 2840 3961
f 3890 3888 3961
f 3949 2904 3974
f 3965 2921 2920
f 3993 2921 3965
f 3963 3993 3965
f 3992 3993 3963
f 3995 3992 3963
f 3991 3992 3995
f 3984 3991 3995
f 3990 3991 3984
f 3975 3990 3984
f 3989 3990 3975
f 3974 3989 3975
f 2904 3989 3974
f 4008 4009 4010
f 3768 4009 4008
f 4011 2884 2886
f 4012 2888 2890
f 4009 3768 3774
f 3777 4009 3774
f 4010 4009 3777
f 3779 4010 3777
f 3780 4013 4014
f 2892 3780 2891
f 4013 3780 2892
f 2893 4013 2892
f 4015 4016 4017
f 4018 4019 4020
f 4021 4019 4018
f 4022 4021 4018
f 4023 4024 4025
f 3814 4026 3831
f 4027 4026 3814
f 3803 4027 3814
f 4028 4027 3803
f 3793 4028 3803
f 4029 4028 3793
f 3783 4029 3793
f 4030 4029 3783
f 3771 4030 3783
f 4031 4030 3771
f 3768 4031 3771
f 4012 2893 2888
f 4013 2893 4012
f 4032 4013 4012
f 4014 4013 4032
f 4033 4014 4032
f 4011 2890 2884
f 4012 2890 4011
f 4034 4012 4011
f 4032 4012 4034
f 4035 4032 4034
f 4033 4032 4035
f 4036 4033 4035
f 4035 4037 4036
f 4038 4037 4035
f 4034 4038 4035
f 4039 4038 4034
f 4011 4039 4034
f 4040 4039 4011
f 2886 4040 4011
f 4017 4040 2886
f 4041 4017 2886
f 4015 4017 4041
f 4023 4019 4024
f 4020 4019 4023
f 4042 4020 4023
f 4043 4020 4042
f 4044 4043 4042
f 4045 4043 4044
f 4046 4045 4044
f 4047 4045 4046
f 4048 4047 4046
f 4046 4049 4048
f 4050 4049 4046
f 4044 4050 4046
f 4051 4050 4044
f 4042 4051 4044
f 4052 4051 4042
f 4023 4052 4042
f 4053 4052 4023
f 4025 4053 4023
f 4027 4025 4026
f 4053 4025 4027
f 4028 4053 4027
f 4052 4053 4028
f 4029 4052 4028
f 4051 4052 4029
f 4030 4051 4029
f 4050 4051 4030
f 4031 4050 4030
f 4049 4050 4031
f 3768 4049 4031
f 4049 3768 4048
f 4048 4054 4047
f 3768 4054 4048
f 4055 4016 4056
f 4017 4016 4055
f 4057 4017 4055
f 4040 4017 4057
f 4058 4040 4057
f 4039 4040 4058
f 4059 4039 4058
f 4038 4039 4059
f 4060 4038 4059
f 4037 4038 4060
f 3768 4037 4060
f 4037 3768 4036
f 4014 3779 3780
f 4010 3779 4014
f 4033 4010 4014
f 4008 4010 4033
f 4036 4008 4033
f 3768 4008 4036
f 4061 4056 4062
f 4055 4056 4061
f 4063 4055 4061
f 4057 4055 4063
f 4064 4057 4063
f 4058 4057 4064
f 4065 4058 4064
f 4059 4058 4065
f 4066 4059 4065
f 4060 4059 4066
f 3768 4060 4066
f 4067 4062 4068
f 4061 4062 4067
f 4069 4061 4067
f 4063 4061 4069
f 4070 4063 4069
f 4064 4063 4070
f 4071 4064 4070
f 4065 4064 4071
f 4072 4065 4071
f 4066 4065 4072
f 3768 4066 4072
f 4020 4068 4018
f 4067 4068 4020
f 4043 4067 4020
f 4069 4067 4043
f 4045 4069 4043
f 4070 4069 4045
f 4047 4070 4045
f 4071 4070 4047
f 4054 4071 4047
f 4072 4071 4054
f 3768 4072 4054
f 4073 4074 4075
f 4076 4073 4075
f 4073 4076 4077
f 4073 4077 4078
f 4073 4078 4079
f 4073 4079 4080
f 4073 4080 4081
f 4073 4081 4082
f 4083 4084 4073
f 4085 4086 4073
f 4087 4086 4085
f 4085 4073 4082
f 4088 4089 4090
f 4089 4091 4092
f 4093 4091 4094
f 4092 4091 4093
f 4095 4092 4093
f 4095 4096 4097
f 4098 4096 4095
f 4093 4098 4095
f 4099 3021 3023
f 3022 3021 4099
f 4097 3022 4099
f 4100 3022 4097
f 4096 4100 4097
f 4101 4099 3023
f 4102 4099 4101
f 4103 4102 4101
f 4104 4102 4103
f 4105 4104 4103
f 4106 4104 4105
f 4107 4106 4105
f 4108 4106 4107
f 4109 4108 4107
f 3854 4108 4109
f 3855 3854 4109
f 4110 4111 4112
f 4113 4111 4110
f 4114 4113 4110
f 4115 4113 4114
f 4116 4115 4114
f 3893 4115 4116
f 4108 3893 4116
f 3892 3893 4108
f 3854 3892 4108
f 4099 4117 4097
f 4118 4117 4099
f 4102 4118 4099
f 4119 4118 4102
f 4104 4119 4102
f 4120 4119 4104
f 4106 4120 4104
f 4121 4120 4106
f 4108 4121 4106
f 4122 4121 4108
f 4116 4122 4108
f 4123 4122 4116
f 4114 4123 4116
f 4124 4123 4114
f 4110 4124 4114
f 4125 4124 4110
f 4112 4125 4110
f 4092 4090 4089
f 4126 4090 4092
f 4095 4126 4092
f 4127 4126 4095
f 4097 4127 4095
f 4128 4127 4097
f 4117 4128 4097
f 4129 4128 4117
f 4118 4129 4117
f 4130 4129 4118
f 4119 4130 4118
f 4131 4130 4119
f 4120 4131 4119
f 4132 4131 4120
f 4121 4132 4120
f 4133 4132 4121
f 4122 4133 4121
f 4134 4133 4122
f 4123 4134 4122
f 4135 4134 4123
f 4124 4135 4123
f 4136 4135 4124
f 4125 4136 4124
f 4090 4137 4088
f 4138 4137 4090
f 4126 4138 4090
f 4139 4138 4126
f 4127 4139 4126
f 4140 4139 4127
f 4128 4140 4127
f 4141 4140 4128
f 4129 4141 4128
f 4142 4141 4129
f 4130 4142 4129
f 4143 4142 4130
f 4131 4143 4130
f 4144 4143 4131
f 4132 4144 4131
f 4145 4144 4132
f 4133 4145 4132
f 4146 4145 4133
f 4134 4146 4133
f 4147 4146 4134
f 4135 4147 4134
f 4148 4147 4135
f 4136 4148 4135
f 4138 4074 4137
f 4075 4074 4138
f 4139 4075 4138
f 4076 4075 4139
f 4140 4076 4139
f 4077 4076 4140
f 4141 4077 4140
f 4078 4077 4141
f 4142 4078 4141
f 4079 4078 4142
f 4143 4079 4142
f 4080 4079 4143
f 4144 4080 4143
f 4081 4080 4144
f 4145 4081 4144
f 4082 4081 4145
f 4146 4082 4145
f 4085 4082 4146
f 4147 4085 4146
f 4087 4085 4147
f 4148 4087 4147
f 4137 4083 4088
f 4084 4083 4137
f 4074 4084 4137
f 4073 4084 4074
f 4149 4150 4151
f 4151 4150 4152
f 4153 4154 4155
f 4101 3023 3015
f 4156 4157 4151
f 4151 4158 4159
f 4160 4161 4162
f 4163 4159 4158
f 4164 4159 4163
f 4165 4164 4163
f 4166 4164 4165
f 4160 4166 4165
f 4167 4166 4160
f 4162 4167 4160
f 4157 4168 4151
f 4169 4168 4157
f 4156 4169 4157
f 4170 4169 4156
f 4171 3898 4172
f 4173 3898 4171
f 4174 4173 4171
f 4175 4173 4174
f 4176 4175 4174
f 3899 3855 4109
f 3014 4101 3015
f 4177 4178 4179
f 3016 4178 4177
f 4180 3016 4177
f 4181 4170 4182
f 4169 4170 4181
f 4183 4169 4181
f 4168 4169 4183
f 4184 4168 4183
f 4151 4168 4184
f 4185 4186 4187
f 4149 4186 4185
f 4188 4149 4185
f 4150 4149 4188
f 4189 4150 4188
f 4152 4150 4189
f 4190 4152 4189
f 4191 4182 4192
f 4181 4182 4191
f 4193 4181 4191
f 4183 4181 4193
f 4194 4183 4193
f 4184 4183 4194
f 4195 4184 4194
f 4151 4184 4195
f 4196 4187 4197
f 4185 4187 4196
f 4198 4185 4196
f 4188 4185 4198
f 4199 4188 4198
f 4189 4188 4199
f 4200 4189 4199
f 4190 4189 4200
f 4201 4190 4200
f 4202 4192 4203
f 4191 4192 4202
f 4204 4191 4202
f 4193 4191 4204
f 4205 4193 4204
f 4194 4193 4205
f 4206 4194 4205
f 4195 4194 4206
f 4207 4195 4206
f 4151 4195 4207
f 4208 4197 4209
f 4196 4197 4208
f 4210 4196 4208
f 4198 4196 4210
f 4211 4198 4210
f 4199 4198 4211
f 4212 4199 4211
f 4200 4199 4212
f 4180 4200 4212
f 4201 4200 4180
f 4177 4201 4180
f 4153 4179 4154
f 4177 4179 4153
f 4213 4177 4153
f 4201 4177 4213
f 4214 4201 4213
f 4190 4201 4214
f 4215 4190 4214
f 4152 4190 4215
f 4151 4152 4215
f 4160 4155 4161
f 4153 4155 4160
f 4165 4153 4160
f 4213 4153 4165
f 4163 4213 4165
f 4214 4213 4163
f 4158 4214 4163
f 4215 4214 4158
f 4151 4215 4158
f 4171 4209 4174
f 4208 4209 4171
f 4172 4208 4171
f 4210 4208 4172
f 4216 4210 4172
f 4211 4210 4216
f 4217 4211 4216
f 4212 4211 4217
f 4218 4212 4217
f 4180 4212 4218
f 4219 4180 4218
f 3016 4180 4219
f 3014 3016 4219
f 4219 4101 3014
f 4103 4101 4219
f 4218 4103 4219
f 4105 4103 4218
f 4217 4105 4218
f 4107 4105 4217
f 4216 4107 4217
f 4109 4107 4216
f 4172 4109 4216
f 3899 4109 4172
f 3898 3899 4172
f 4149 4151 4186
f 4176 4203 4220
f 4202 4203 4176
f 4174 4202 4176
f 4204 4202 4174
f 4209 4204 4174
f 4205 4204 4209
f 4197 4205 4209
f 4206 4205 4197
f 4187 4206 4197
f 4207 4206 4187
f 4186 4207 4187
f 4151 4207 4186
f 4221 3042 3043
f 4222 3018 3019
f 4161 4155 4223
f 4224 4161 4223
f 4154 4223 4155
f 4222 4223 4154
f 4179 4222 4154
f 4178 4222 4179
f 3018 4222 4178
f 3016 3018 4178
f 3019 3041 4225
f 3042 4225 3041
f 4226 3043 3008
f 4221 3043 4226
f 4227 4221 4226
f 4228 4221 4227
f 4229 4221 4228
f 4230 4229 4228
f 4231 4229 4230
f 4232 4229 4231
f 4233 4232 4231
f 4234 4232 4233
f 4235 4232 4234
f 4236 4235 4234
f 4237 4235 4236
f 4238 4235 4237
f 4239 4238 4237
f 4240 4238 4239
f 4241 4238 4240
f 4242 4241 4240
f 4243 4244 4245
f 4246 4244 4243
f 4246 4247 4248
f 4249 4247 4246
f 4243 4249 4246
f 4224 4162 4161
f 4250 4162 4224
f 4248 4250 4224
f 4251 4250 4248
f 4247 4251 4248
f 4225 4222 3019
f 4223 4222 4225
f 4252 4223 4225
f 4224 4223 4252
f 4253 4224 4252
f 4248 4224 4253
f 4254 4248 4253
f 4246 4248 4254
f 4255 4246 4254
f 4244 4246 4255
f 4256 4244 4255
f 4221 4225 3042
f 4252 4225 4221
f 4229 4252 4221
f 4253 4252 4229
f 4232 4253 4229
f 4254 4253 4232
f 4235 4254 4232
f 4255 4254 4235
f 4238 4255 4235
f 4256 4255 4238
f 4241 4256 4238
f 4257 4258 4259
f 4260 4257 4259
f 4257 4260 4261
f 4257 4261 4262
f 4257 4262 4263
f 4257 4263 4264
f 4257 4264 4265
f 4257 4265 4266
f 4267 4268 4257
f 4269 4270 4257
f 4271 4270 4269
f 4269 4257 4266
f 4272 4273 4274
f 4273 4275 4276
f 4231 4275 4233
f 4276 4275 4231
f 4230 4276 4231
f 4277 4276 4230
f 4277 4227 4278
f 4228 4227 4277
f 4230 4228 4277
f 4279 3007 3010
f 3008 3007 4279
f 4278 3008 4279
f 4226 3008 4278
f 4227 4226 4278
f 4280 4279 3010
f 4281 4279 4280
f 4282 4281 4280
f 4283 4281 4282
f 4284 4283 4282
f 4285 4283 4284
f 4286 4285 4284
f 4287 4285 4286
f 4288 4287 4286
f 4289 4290 4291
f 4292 4290 4289
f 4293 4292 4289
f 4294 4292 4293
f 4295 4294 4293
f 3861 4294 4295
f 4287 3861 4295
f 3860 3861 4287
f 4288 3860 4287
f 3856 3860 4288
f 4279 4296 4278
f 4297 4296 4279
f 4281 4297 4279
f 4298 4297 4281
f 4283 4298 4281
f 4299 4298 4283
f 4285 4299 4283
f 4300 4299 4285
f 4287 4300 4285
f 4301 4300 4287
f 4295 4301 4287
f 4302 4301 4295
f 4293 4302 4295
f 4303 4302 4293
f 4289 4303 4293
f 4304 4303 4289
f 4291 4304 4289
f 4276 4274 4273
f 4305 4274 4276
f 4277 4305 4276
f 4306 4305 4277
f 4278 4306 4277
f 4307 4306 4278
f 4296 4307 4278
f 4308 4307 4296
f 4297 4308 4296
f 4309 4308 4297
f 4298 4309 4297
f 4310 4309 4298
f 4299 4310 4298
f 4311 4310 4299
f 4300 4311 4299
f 4312 4311 4300
f 4301 4312 4300
f 4313 4312 4301
f 4302 4313 4301
f 4314 4313 4302
f 4303 4314 4302
f 4315 4314 4303
f 4304 4315 4303
f 4274 4316 4272
f 4317 4316 4274
f 4305 4317 4274
f 4318 4317 4305
f 4306 4318 4305
f 4319 4318 4306
f 4307 4319 4306
f 4320 4319 4307
f 4308 4320 4307
f 4321 4320 4308
f 4309 4321 4308
f 4322 4321 4309
f 4310 4322 4309
f 4323 4322 4310
f 4311 4323 4310
f 4324 4323 4311
f 4312 4324 4311
f 4325 4324 4312
f 4313 4325 4312
f 4326 4325 4313
f 4314 4326 4313
f 4327 4326 4314
f 4315 4327 4314
f 4317 4258 4316
f 4259 4258 4317
f 4318 4259 4317
f 4260 4259 4318
f 4319 4260 4318
f 4261 4260 4319
f 4320 4261 4319
f 4262 4261 4320
f 4321 4262 4320
f 4263 4262 4321
f 4322 4263 4321
f 4264 4263 4322
f 4323 4264 4322
f 4265 4264 4323
f 4324 4265 4323
f 4266 4265 4324
f 4325 4266 4324
f 4269 4266 4325
f 4326 4269 4325
f 4271 4269 4326
f 4327 4271 4326
f 4316 4267 4272
f 4268 4267 4316
f 4258 4268 4316
f 4257 4268 4258
f 4328 4329 4330
f 4330 4329 4331
f 4332 4333 4334
f 4280 3010 3011
f 4335 4336 4337
f 4330 4338 4339
f 4340 4341 4342
f 4343 4339 4338
f 4344 4339 4343
f 4345 4344 4343
f 4346 4344 4345
f 4340 4346 4345
f 4347 4346 4340
f 4342 4347 4340
f 4348 4337 4349
f 4335 4337 4348
f 4350 4335 4348
f 4330 4335 4350
f 4351 3902 4352
f 4353 3902 4351
f 4354 4353 4351
f 4355 4353 4354
f 4356 4355 4354
f 3857 3856 4288
f 3012 4280 3011
f 4357 4358 4359
f 3012 4358 4357
f 4360 3012 4357
f 4361 4349 4362
f 4348 4349 4361
f 4363 4348 4361
f 4350 4348 4363
f 4364 4350 4363
f 4330 4350 4364
f 4365 4366 4367
f 4328 4366 4365
f 4368 4328 4365
f 4329 4328 4368
f 4369 4329 4368
f 4331 4329 4369
f 4370 4331 4369
f 4371 4362 4372
f 4361 4362 4371
f 4373 4361 4371
f 4363 4361 4373
f 4374 4363 4373
f 4364 4363 4374
f 4375 4364 4374
f 4330 4364 4375
f 4376 4367 4377
f 4365 4367 4376
f 4378 4365 4376
f 4368 4365 4378
f 4379 4368 4378
f 4369 4368 4379
f 4380 4369 4379
f 4370 4369 4380
f 4381 4370 4380
f 4375 4382 4330
f 4383 4382 4375
f 4374 4383 4375
f 4384 4383 4374
f 4373 4384 4374
f 4385 4384 4373
f 4371 4385 4373
f 4386 4385 4371
f 4372 4386 4371
f 4335 4330 4336
f 4387 4377 4388
f 4376 4377 4387
f 4389 4376 4387
f 4378 4376 4389
f 4390 4378 4389
f 4379 4378 4390
f 4391 4379 4390
f 4380 4379 4391
f 4360 4380 4391
f 4381 4380 4360
f 4357 4381 4360
f 4332 4359 4333
f 4357 4359 4332
f 4392 4357 4332
f 4381 4357 4392
f 4393 4381 4392
f 4370 4381 4393
f 4394 4370 4393
f 4331 4370 4394
f 4330 4331 4394
f 4340 4334 4341
f 4332 4334 4340
f 4345 4332 4340
f 4392 4332 4345
f 4343 4392 4345
f 4393 4392 4343
f 4338 4393 4343
f 4394 4393 4338
f 4330 4394 4338
f 4360 4395 3012
f 4396 4395 4360
f 4391 4396 4360
f 4397 4396 4391
f 4390 4397 4391
f 4398 4397 4390
f 4389 4398 4390
f 4352 4398 4389
f 4387 4352 4389
f 4351 4352 4387
f 4388 4351 4387
f 4354 4351 4388
f 4395 4280 3012
f 4282 4280 4395
f 4396 4282 4395
f 4284 4282 4396
f 4397 4284 4396
f 4286 4284 4397
f 4398 4286 4397
f 4288 4286 4398
f 4352 4288 4398
f 3857 4288 4352
f 3902 3857 4352
f 4328 4330 4366
f 4356 4372 4399
f 4386 4372 4356
f 4354 4386 4356
f 4385 4386 4354
f 4388 4385 4354
f 4384 4385 4388
f 4377 4384 4388
f 4383 4384 4377
f 4367 4383 4377
f 4382 4383 4367
f 4366 4382 4367
f 4330 4382 4366
f 4400 3037 3000
f 4401 4402 4403
f 4404 4401 4403
f 4405 4403 4402
f 4406 4403 4405
f 4407 4406 4405
f 4408 4406 4407
f 4409 4406 4408
f 4410 4409 4408
f 4411 4412 4413
f 4414 4412 4411
f 4415 4414 4411
f 4416 4414 4415
f 4417 4414 4416
f 4418 4417 4416
f 4419 4417 4418
f 4420 4417 4419
f 4342 4420 4419
f 4341 4420 4342
f 4421 4420 4341
f 4334 4421 4341
f 4333 4421 4334
f 4422 4421 4333
f 4359 4422 4333
f 3038 4358 3012
f 4359 4358 3038
f 3039 4359 3038
f 4422 4359 3039
f 3040 4422 3039
f 3040 3035 4423
f 3037 4423 3035
f 4400 4424 4425
f 4426 4424 4400
f 3000 4426 4400
f 4427 4426 3000
f 2999 4427 3000
f 4404 4428 4401
f 4429 4428 4404
f 4425 4429 4404
f 4430 4429 4425
f 4424 4430 4425
f 4423 4422 3040
f 4421 4422 4423
f 4431 4421 4423
f 4420 4421 4431
f 4432 4420 4431
f 4417 4420 4432
f 4433 4417 4432
f 4414 4417 4433
f 4434 4414 4433
f 4412 4414 4434
f 4435 4412 4434
f 4400 4423 3037
f 4431 4423 4400
f 4425 4431 4400
f 4432 4431 4425
f 4404 4432 4425
f 4433 4432 4404
f 4403 4433 4404
f 4434 4433 4403
f 4406 4434 4403
f 4435 4434 4406
f 4409 4435 4406
f 4436 4437 4438
f 4439 4436 4438
f 4436 4439 4440
f 4436 4440 4441
f 4436 4441 4442
f 4436 4442 4443
f 4436 4443 4444
f 4436 4444 4445
f 4446 4447 4436
f 4448 4449 4436
f 4450 4449 4448
f 4448 4436 4445
f 4451 4452 4453
f 4452 4454 4455
f 4429 4454 4428
f 4455 4454 4429
f 4430 4455 4429
f 4456 4455 4430
f 4456 4426 4457
f 4424 4426 4456
f 4430 4424 4456
f 4458 3002 3003
f 2999 3002 4458
f 4457 2999 4458
f 4427 2999 4457
f 4426 4427 4457
f 4459 4458 3003
f 4460 4458 4459
f 4461 4460 4459
f 4462 4460 4461
f 4463 4462 4461
f 4464 4462 4463
f 4465 4464 4463
f 4466 4464 4465
f 4467 4466 4465
f 4468 4469 4470
f 4471 4469 4468
f 4472 4471 4468
f 4473 4471 4472
f 4474 4473 4472
f 3866 4473 4474
f 4466 3866 4474
f 3865 3866 4466
f 4467 3865 4466
f 3863 3865 4467
f 4458 4475 4457
f 4476 4475 4458
f 4460 4476 4458
f 4477 4476 4460
f 4462 4477 4460
f 4478 4477 4462
f 4464 4478 4462
f 4479 4478 4464
f 4466 4479 4464
f 4480 4479 4466
f 4474 4480 4466
f 4481 4480 4474
f 4472 4481 4474
f 4482 4481 4472
f 4468 4482 4472
f 4483 4482 4468
f 4470 4483 4468
f 4455 4453 4452
f 4484 4453 4455
f 4456 4484 4455
f 4485 4484 4456
f 4457 4485 4456
f 4486 4485 4457
f 4475 4486 4457
f 4487 4486 4475
f 4476 4487 4475
f 4488 4487 4476
f 4477 4488 4476
f 4489 4488 4477
f 4478 4489 4477
f 4490 4489 4478
f 4479 4490 4478
f 4491 4490 4479
f 4480 4491 4479
f 4492 4491 4480
f 4481 4492 4480
f 4493 4492 4481
f 4482 4493 4481
f 4494 4493 4482
f 4483 4494 4482
f 4453 4495 4451
f 4496 4495 4453
f 4484 4496 4453
f 4497 4496 4484
f 4485 4497 4484
f 4498 4497 4485
f 4486 4498 4485
f 4499 4498 4486
f 4487 4499 4486
f 4500 4499 4487
f 4488 4500 4487
f 4501 4500 4488
f 4489 4501 4488
f 4502 4501 4489
f 4490 4502 4489
f 4503 4502 4490
f 4491 4503 4490
f 4504 4503 4491
f 4492 4504 4491
f 4505 4504 4492
f 4493 4505 4492
f 4506 4505 4493
f 4494 4506 4493
f 4496 4437 4495
f 4438 4437 4496
f 4497 4438 4496
f 4439 4438 4497
f 4498 4439 4497
f 4440 4439 4498
f 4499 4440 4498
f 4441 4440 4499
f 4500 4441 4499
f 4442 4441 4500
f 4501 4442 4500
f 4443 4442 4501
f 4502 4443 4501
f 4444 4443 4502
f 4503 4444 4502
f 4445 4444 4503
f 4504 4445 4503
f 4448 4445 4504
f 4505 4448 4504
f 4450 4448 4505
f 4506 4450 4505
f 4495 4446 4451
f 4447 4446 4495
f 4437 4447 4495
f 4436 4447 4437
f 4507 4508 4509
f 4509 4508 4510
f 4459 3003 3005
f 4511 4512 4509
f 4513 4514 4509
f 4515 4514 4513
f 4516 4515 4513
f 4517 4515 4516
f 4518 4517 4516
f 4519 4517 4518
f 4520 4519 4518
f 4521 4519 4520
f 4522 4521 4520
f 4512 4523 4509
f 4524 4523 4512
f 4511 4524 4512
f 4525 4524 4511
f 4526 3906 4527
f 4528 3906 4526
f 4529 4528 4526
f 4530 4528 4529
f 4531 4530 4529
f 3907 3863 4467
f 3030 4459 3005
f 4532 4533 4534
f 3030 4533 4532
f 4535 3030 4532
f 4536 4525 4537
f 4524 4525 4536
f 4538 4524 4536
f 4523 4524 4538
f 4539 4523 4538
f 4509 4523 4539
f 4540 4541 4542
f 4507 4541 4540
f 4543 4507 4540
f 4508 4507 4543
f 4544 4508 4543
f 4510 4508 4544
f 4545 4510 4544
f 4546 4537 4547
f 4536 4537 4546
f 4548 4536 4546
f 4538 4536 4548
f 4549 4538 4548
f 4539 4538 4549
f 4550 4539 4549
f 4509 4539 4550
f 4551 4542 4552
f 4540 4542 4551
f 4553 4540 4551
f 4543 4540 4553
f 4554 4543 4553
f 4544 4543 4554
f 4555 4544 4554
f 4545 4544 4555
f 4556 4545 4555
f 4557 4547 4558
f 4546 4547 4557
f 4559 4546 4557
f 4548 4546 4559
f 4560 4548 4559
f 4549 4548 4560
f 4561 4549 4560
f 4550 4549 4561
f 4562 4550 4561
f 4509 4550 4562
f 4563 4552 4564
f 4551 4552 4563
f 4565 4551 4563
f 4553 4551 4565
f 4566 4553 4565
f 4554 4553 4566
f 4567 4554 4566
f 4555 4554 4567
f 4535 4555 4567
f 4556 4555 4535
f 4532 4556 4535
f 4568 4534 4569
f 4532 4534 4568
f 4570 4532 4568
f 4556 4532 4570
f 4571 4556 4570
f 4545 4556 4571
f 4572 4545 4571
f 4510 4545 4572
f 4509 4510 4572
f 4520 4569 4522
f 4568 4569 4520
f 4518 4568 4520
f 4570 4568 4518
f 4516 4570 4518
f 4571 4570 4516
f 4513 4571 4516
f 4572 4571 4513
f 4509 4572 4513
f 4535 4573 3030
f 4574 4573 4535
f 4567 4574 4535
f 4575 4574 4567
f 4566 4575 4567
f 4576 4575 4566
f 4565 4576 4566
f 4527 4576 4565
f 4563 4527 4565
f 4526 4527 4563
f 4564 4526 4563
f 4529 4526 4564
f 4573 4459 3030
f 4461 4459 4573
f 4574 4461 4573
f 4463 4461 4574
f 4575 4463 4574
f 4465 4463 4575
f 4576 4465 4575
f 4467 4465 4576
f 4527 4467 4576
f 3907 4467 4527
f 3906 3907 4527
f 4507 4509 4541
f 4531 4558 4577
f 4557 4558 4531
f 4529 4557 4531
f 4559 4557 4529
f 4564 4559 4529
f 4560 4559 4564
f 4552 4560 4564
f 4561 4560 4552
f 4542 4561 4552
f 4562 4561 4542
f 4541 4562 4542
f 4509 4562 4541
f 4578 4579 4580
f 4581 4578 4580
f 4578 4581 4582
f 4578 4582 4583
f 4578 4583 4584
f 4578 4584 4585
f 4578 4585 4586
f 4578 4586 4587
f 4588 4589 4578
f 4590 4591 4578
f 4592 4591 4590
f 4590 4578 4587
f 4593 4594 4595
f 4594 4596 4597
f 4598 4596 4599
f 4597 4596 4598
f 4600 4597 4598
f 4600 4601 4602
f 4603 4601 4600
f 4598 4603 4600
f 4604 2995 2997
f 2996 2995 4604
f 4602 2996 4604
f 4605 2996 4602
f 4601 4605 4602
f 4606 4604 2997
f 4607 4604 4606
f 4608 4607 4606
f 4609 4607 4608
f 4610 4609 4608
f 4611 4609 4610
f 4612 4611 4610
f 4613 4611 4612
f 4614 4613 4612
f 4615 4616 4617
f 4618 4616 4615
f 4619 4618 4615
f 4620 4618 4619
f 4621 4620 4619
f 3872 4620 4621
f 4613 3872 4621
f 3871 3872 4613
f 4614 3871 4613
f 3870 3871 4614
f 4604 4622 4602
f 4623 4622 4604
f 4607 4623 4604
f 4624 4623 4607
f 4609 4624 4607
f 4625 4624 4609
f 4611 4625 4609
f 4626 4625 4611
f 4613 4626 4611
f 4627 4626 4613
f 4621 4627 4613
f 4628 4627 4621
f 4619 4628 4621
f 4629 4628 4619
f 4615 4629 4619
f 4630 4629 4615
f 4617 4630 4615
f 4597 4595 4594
f 4631 4595 4597
f 4600 4631 4597
f 4632 4631 4600
f 4602 4632 4600
f 4633 4632 4602
f 4622 4633 4602
f 4634 4633 4622
f 4623 4634 4622
f 4635 4634 4623
f 4624 4635 4623
f 4636 4635 4624
f 4625 4636 4624
f 4637 4636 4625
f 4626 4637 4625
f 4638 4637 4626
f 4627 4638 4626
f 4639 4638 4627
f 4628 4639 4627
f 4640 4639 4628
f 4629 4640 4628
f 4641 4640 4629
f 4630 4641 4629
f 4595 4642 4593
f 4643 4642 4595
f 4631 4643 4595
f 4644 4643 4631
f 4632 4644 4631
f 4645 4644 4632
f 4633 4645 4632
f 4646 4645 4633
f 4634 4646 4633
f 4647 4646 4634
f 4635 4647 4634
f 4648 4647 4635
f 4636 4648 4635
f 4649 4648 4636
f 4637 4649 4636
f 4650 4649 4637
f 4638 4650 4637
f 4651 4650 4638
f 4639 4651 4638
f 4652 4651 4639
f 4640 4652 4639
f 4653 4652 4640
f 4641 4653 4640
f 4643 4579 4642
f 4580 4579 4643
f 4644 4580 4643
f 4581 4580 4644
f 4645 4581 4644
f 4582 4581 4645
f 4646 4582 4645
f 4583 4582 4646
f 4647 4583 4646
f 4584 4583 4647
f 4648 4584 4647
f 4585 4584 4648
f 4649 4585 4648
f 4586 4585 4649
f 4650 4586 4649
f 4587 4586 4650
f 4651 4587 4650
f 4590 4587 4651
f 4652 4590 4651
f 4592 4590 4652
f 4653 4592 4652
f 4642 4588 4593
f 4589 4588 4642
f 4579 4589 4642
f 4578 4589 4579
f 4654 4655 4656
f 4656 4655 4657
f 4658 4659 4660
f 4606 2997 2998
f 4661 4662 4656
f 4656 4663 4664
f 4665 4666 4667
f 4668 4664 4663
f 4669 4664 4668
f 4670 4669 4668
f 4671 4669 4670
f 4665 4671 4670
f 4672 4671 4665
f 4667 4672 4665
f 4662 4673 4656
f 4674 4673 4662
f 4661 4674 4662
f 4675 4674 4661
f 4676 3910 4677
f 4678 3910 4676
f 4679 4678 4676
f 4680 4678 4679
f 4681 4680 4679
f 3867 3870 4614
f 2976 4606 2998
f 4682 4683 4684
f 2976 4683 4682
f 4685 2976 4682
f 4686 4675 4687
f 4674 4675 4686
f 4688 4674 4686
f 4673 4674 4688
f 4689 4673 4688
f 4656 4673 4689
f 4690 4691 4692
f 4654 4691 4690
f 4693 4654 4690
f 4655 4654 4693
f 4694 4655 4693
f 4657 4655 4694
f 4695 4657 4694
f 4696 4687 4697
f 4686 4687 4696
f 4698 4686 4696
f 4688 4686 4698
f 4699 4688 4698
f 4689 4688 4699
f 4700 4689 4699
f 4656 4689 4700
f 4701 4692 4702
f 4690 4692 4701
f 4703 4690 4701
f 4693 4690 4703
f 4704 4693 4703
f 4694 4693 4704
f 4705 4694 4704
f 4695 4694 4705
f 4706 4695 4705
f 4707 4697 4708
f 4696 4697 4707
f 4709 4696 4707
f 4698 4696 4709
f 4710 4698 4709
f 4699 4698 4710
f 4711 4699 4710
f 4700 4699 4711
f 4712 4700 4711
f 4656 4700 4712
f 4713 4702 4714
f 4701 4702 4713
f 4715 4701 4713
f 4703 4701 4715
f 4716 4703 4715
f 4704 4703 4716
f 4717 4704 4716
f 4705 4704 4717
f 4685 4705 4717
f 4706 4705 4685
f 4682 4706 4685
f 4658 4684 4659
f 4682 4684 4658
f 4718 4682 4658
f 4706 4682 4718
f 4719 4706 4718
f 4695 4706 4719
f 4720 4695 4719
f 4657 4695 4720
f 4656 4657 4720
f 4665 4660 4666
f 4658 4660 4665
f 4670 4658 4665
f 4718 4658 4670
f 4668 4718 4670
f 4719 4718 4668
f 4663 4719 4668
f 4720 4719 4663
f 4656 4720 4663
f 4685 4721 2976
f 4722 4721 4685
f 4717 4722 4685
f 4723 4722 4717
f 4716 4723 4717
f 4724 4723 4716
f 4715 4724 4716
f 4677 4724 4715
f 4713 4677 4715
f 4676 4677 4713
f 4714 4676 4713
f 4679 4676 4714
f 4721 4606 2976
f 4608 4606 4721
f 4722 4608 4721
f 4610 4608 4722
f 4723 4610 4722
f 4612 4610 4723
f 4724 4612 4723
f 4614 4612 4724
f 4677 4614 4724
f 3867 4614 4677
f 3910 3867 4677
f 4654 4656 4691
f 4681 4708 4725
f 4707 4708 4681
f 4679 4707 4681
f 4709 4707 4679
f 4714 4709 4679
f 4710 4709 4714
f 4702 4710 4714
f 4711 4710 4702
f 4692 4711 4702
f 4712 4711 4692
f 4691 4712 4692
f 4656 4712 4691
f 4726 3028 3029
f 4666 4727 4728
f 4727 4659 4729
f 4660 4659 4727
f 4666 4660 4727
f 4729 4683 2976
f 4684 4683 4729
f 4659 4684 4729
f 4729 3027 3028
f 2975 3027 4729
f 2976 2975 4729
f 2993 4726 3029
f 4730 2993 2991
f 4731 2993 4730
f 4732 4731 4730
f 4733 4731 4732
f 4734 4731 4733
f 4735 4734 4733
f 4736 4734 4735
f 4737 4734 4736
f 4738 4737 4736
f 4739 4737 4738
f 4740 4737 4739
f 4741 4740 4739
f 4742 4740 4741
f 4743 4740 4742
f 4744 4743 4742
f 4745 4743 4744
f 4746 4743 4745
f 4747 4746 4745
f 4748 4749 4750
f 4751 4749 4748
f 4751 4752 4753
f 4754 4752 4751
f 4748 4754 4751
f 4728 4667 4666
f 4755 4667 4728
f 4753 4755 4728
f 4756 4755 4753
f 4752 4756 4753
f 4726 4729 3028
f 4727 4729 4726
f 4757 4727 4726
f 4728 4727 4757
f 4758 4728 4757
f 4753 4728 4758
f 4759 4753 4758
f 4751 4753 4759
f 4760 4751 4759
f 4749 4751 4760
f 4761 4749 4760
f 4731 4726 2993
f 4757 4726 4731
f 4734 4757 4731
f 4758 4757 4734
f 4737 4758 4734
f 4759 4758 4737
f 4740 4759 4737
f 4760 4759 4740
f 4743 4760 4740
f 4761 4760 4743
f 4746 4761 4743
f 4762 4763 4764
f 4765 4762 4764
f 4762 4765 4766
f 4762 4766 4767
f 4762 4767 4768
f 4762 4768 4769
f 4762 4769 4770
f 4771 2986 2985
f 4772 4773 4762
f 4762 4773 4774
f 4762 4774 4763
f 4775 4776 4762
f 4777 4776 4775
f 4775 4762 4770
f 4772 4778 4779
f 4778 4780 4781
f 4780 4782 4783
f 4736 4782 4738
f 4783 4782 4736
f 4735 4783 4736
f 4784 4783 4735
f 4733 4784 4735
f 4732 4784 4733
f 4785 4784 4732
f 4730 4785 4732
f 2991 4785 4730
f 4786 4785 2991
f 2986 4786 2991
f 2987 4771 2985
f 4787 4771 2987
f 4788 4771 4787
f 4789 4788 4787
f 4790 4788 4789
f 4791 4790 4789
f 4792 4790 4791
f 4793 4792 4791
f 4794 4792 4793
f 4795 4794 4793
f 4796 4797 4798
f 4799 4797 4796
f 4800 4799 4796
f 4801 4799 4800
f 4802 4801 4800
f 3878 4801 4802
f 4794 3878 4802
f 3877 3878 4794
f 4795 3877 4794
f 3874 3877 4795
f 4771 4786 2986
f 4803 4786 4771
f 4788 4803 4771
f 4804 4803 4788
f 4790 4804 4788
f 4805 4804 4790
f 4792 4805 4790
f 4806 4805 4792
f 4794 4806 4792
f 4807 4806 4794
f 4802 4807 4794
f 4808 4807 4802
f 4800 4808 4802
f 4809 4808 4800
f 4796 4809 4800
f 4810 4809 4796
f 4798 4810 4796
f 4783 4781 4780
f 4811 4781 4783
f 4784 4811 4783
f 4812 4811 4784
f 4785 4812 4784
f 4813 4812 4785
f 4786 4813 4785
f 4814 4813 4786
f 4803 4814 4786
f 4815 4814 4803
f 4804 4815 4803
f 4816 4815 4804
f 4805 4816 4804
f 4817 4816 4805
f 4806 4817 4805
f 4818 4817 4806
f 4807 4818 4806
f 4819 4818 4807
f 4808 4819 4807
f 4820 4819 4808
f 4809 4820 4808
f 4821 4820 4809
f 4810 4821 4809
f 4781 4779 4778
f 4822 4779 4781
f 4811 4822 4781
f 4823 4822 4811
f 4812 4823 4811
f 4824 4823 4812
f 4813 4824 4812
f 4825 4824 4813
f 4814 4825 4813
f 4826 4825 4814
f 4815 4826 4814
f 4827 4826 4815
f 4816 4827 4815
f 4828 4827 4816
f 4817 4828 4816
f 4829 4828 4817
f 4818 4829 4817
f 4830 4829 4818
f 4819 4830 4818
f 4831 4830 4819
f 4820 4831 4819
f 4832 4831 4820
f 4821 4832 4820
f 4779 4773 4772
f 4774 4773 4779
f 4822 4774 4779
f 4763 4774 4822
f 4823 4763 4822
f 4764 4763 4823
f 4824 4764 4823
f 4765 4764 4824
f 4825 4765 4824
f 4766 4765 4825
f 4826 4766 4825
f 4767 4766 4826
f 4827 4767 4826
f 4768 4767 4827
f 4828 4768 4827
f 4769 4768 4828
f 4829 4769 4828
f 4770 4769 4829
f 4830 4770 4829
f 4775 4770 4830
f 4831 4775 4830
f 4777 4775 4831
f 4832 4777 4831
f 4833 4834 4835
f 4836 4837 4838
f 4839 4840 2990
f 4841 4842 4843
f 4843 4844 4845
f 4846 4847 4848
f 4849 4845 4844
f 4850 4845 4849
f 4851 4850 4849
f 4852 4850 4851
f 4846 4852 4851
f 4853 4852 4846
f 4848 4853 4846
f 4842 4854 4843
f 4855 4854 4842
f 4841 4855 4842
f 4856 4855 4841
f 4857 4858 4859
f 4860 4858 4857
f 3875 4861 3883
f 4795 4861 3875
f 3874 4795 3875
f 4787 2990 4840
f 2989 2990 4787
f 2987 2989 4787
f 4862 4856 4863
f 4855 4856 4862
f 4864 4855 4862
f 4854 4855 4864
f 4865 4854 4864
f 4843 4854 4865
f 4866 4863 4867
f 4862 4863 4866
f 4868 4862 4866
f 4864 4862 4868
f 4869 4864 4868
f 4865 4864 4869
f 4870 4865 4869
f 4843 4865 4870
f 4836 2990 4837
f 4839 2990 4836
f 4871 4839 4836
f 4872 4839 4871
f 4873 4872 4871
f 4874 4872 4873
f 4875 4874 4873
f 4873 4876 4875
f 4877 4876 4873
f 4871 4877 4873
f 4878 4877 4871
f 4836 4878 4871
f 4833 4878 4836
f 4838 4833 4836
f 4834 4833 4838
f 4846 4835 4847
f 4833 4835 4846
f 4851 4833 4846
f 4878 4833 4851
f 4849 4878 4851
f 4877 4878 4849
f 4844 4877 4849
f 4876 4877 4844
f 4843 4876 4844
f 4876 4843 4875
f 4875 4879 4874
f 4843 4879 4875
f 4880 4857 4881
f 4860 4857 4880
f 4882 4860 4880
f 4883 4860 4882
f 4884 4883 4882
f 4885 4859 3882
f 4857 4859 4885
f 4886 4857 4885
f 4881 4857 4886
f 4887 4881 4886
f 4861 3882 3883
f 4885 3882 4861
f 4888 4885 4861
f 4886 4885 4888
f 4889 4886 4888
f 4887 4886 4889
f 4890 4887 4889
f 4891 4795 4793
f 4861 4795 4891
f 4892 4861 4891
f 4888 4861 4892
f 4893 4888 4892
f 4889 4888 4893
f 4894 4889 4893
f 4890 4889 4894
f 4895 4890 4894
f 4894 4896 4895
f 4897 4896 4894
f 4893 4897 4894
f 4898 4897 4893
f 4892 4898 4893
f 4899 4898 4892
f 4891 4899 4892
f 4900 4899 4891
f 4793 4900 4891
f 4791 4900 4793
f 4901 4791 4789
f 4900 4791 4901
f 4902 4900 4901
f 4899 4900 4902
f 4903 4899 4902
f 4898 4899 4903
f 4904 4898 4903
f 4897 4898 4904
f 4905 4897 4904
f 4896 4897 4905
f 4843 4896 4905
f 4896 4843 4895
f 4880 4867 4882
f 4866 4867 4880
f 4881 4866 4880
f 4868 4866 4881
f 4887 4868 4881
f 4869 4868 4887
f 4890 4869 4887
f 4870 4869 4890
f 4895 4870 4890
f 4843 4870 4895
f 4840 4789 4787
f 4901 4789 4840
f 4839 4901 4840
f 4902 4901 4839
f 4872 4902 4839
f 4903 4902 4872
f 4874 4903 4872
f 4904 4903 4874
f 4879 4904 4874
f 4905 4904 4879
f 4843 4905 4879
f 4906 3026 2983
f 4847 4907 4908
f 4909 4838 4837
f 4834 4838 4909
f 4907 4834 4909
f 4835 4834 4907
f 4847 4835 4907
f 3024 4837 2990
f 4909 4837 3024
f 3025 4909 3024
f 3026 4909 3025
f 2982 4906 2983
f 4910 2982 2980
f 4911 2982 4910
f 4912 4911 4910
f 4913 4911 4912
f 4914 4911 4913
f 4915 4914 4913
f 4916 4914 4915
f 4917 4914 4916
f 4918 4917 4916
f 4919 4917 4918
f 4920 4917 4919
f 4921 4920 4919
f 4922 4920 4921
f 4923 4920 4922
f 4924 4923 4922
f 4925 4923 4924
f 4926 4923 4925
f 4927 4926 4925
f 4928 4929 4930
f 4931 4929 4928
f 4931 4932 4933
f 4934 4932 4931
f 4928 4934 4931
f 4908 4848 4847
f 4935 4848 4908
f 4933 4935 4908
f 4936 4935 4933
f 4932 4936 4933
f 4906 4909 3026
f 4907 4909 4906
f 4937 4907 4906
f 4908 4907 4937
f 4938 4908 4937
f 4933 4908 4938
f 4939 4933 4938
f 4931 4933 4939
f 4940 4931 4939
f 4929 4931 4940
f 4941 4929 4940
f 4911 4906 2982
f 4937 4906 4911
f 4914 4937 4911
f 4938 4937 4914
f 4917 4938 4914
f 4939 4938 4917
f 4920 4939 4917
f 4940 4939 4920
f 4923 4940 4920
f 4941 4940 4923
f 4926 4941 4923
f 4942 4943 4944
f 4942 4945 4946
f 4947 4942 4946
f 4942 4947 4948
f 4942 4948 4949
f 4942 4949 4950
f 4942 4950 4951
f 4942 4951 4952
f 4953 2980 2978
f 4954 4955 4942
f 4956 4955 4954
f 4954 4942 4952
f 4943 4957 4958
f 4942 4957 4943
f 4942 4944 4945
f 4959 4958 4960
f 4961 4960 4962
f 4916 4962 4918
f 4963 4962 4916
f 4915 4963 4916
f 4964 4963 4915
f 4913 4964 4915
f 4912 4964 4913
f 4965 4964 4912
f 4910 4965 4912
f 2670 4953 2978
f 4966 3886 4967
f 3887 3886 4966
f 4968 4969 4970
f 4971 4969 4968
f 4972 4971 4968
f 4973 4971 4972
f 4967 4973 4972
f 4974 4973 4967
f 3886 4974 4967
f 3109 4953 2670
f 4975 4953 3109
f 3177 4975 3109
f 4976 4975 3177
f 3178 4976 3177
f 4977 4976 3178
f 3179 4977 3178
f 4966 4977 3179
f 3131 4966 3179
f 3887 4966 3131
f 2737 3887 3131
f 2980 4965 4910
f 4978 4965 2980
f 4953 4978 2980
f 4979 4978 4953
f 4975 4979 4953
f 4980 4979 4975
f 4976 4980 4975
f 4981 4980 4976
f 4977 4981 4976
f 4982 4981 4977
f 4966 4982 4977
f 4983 4982 4966
f 4967 4983 4966
f 4984 4983 4967
f 4972 4984 4967
f 4985 4984 4972
f 4968 4985 4972
f 4986 4985 4968
f 4970 4986 4968
f 4963 4961 4962
f 4987 4961 4963
f 4964 4987 4963
f 4988 4987 4964
f 4965 4988 4964
f 4989 4988 4965
f 4978 4989 4965
f 4990 4989 4978
f 4979 4990 4978
f 4991 4990 4979
f 4980 4991 4979
f 4992 4991 4980
f 4981 4992 4980
f 4993 4992 4981
f 4982 4993 4981
f 4994 4993 4982
f 4983 4994 4982
f 4995 4994 4983
f 4984 4995 4983
f 4996 4995 4984
f 4985 4996 4984
f 4997 4996 4985
f 4986 4997 4985
f 4961 4959 4960
f 4998 4959 4961
f 4987 4998 4961
f 4999 4998 4987
f 4988 4999 4987
f 5000 4999 4988
f 4989 5000 4988
f 5001 5000 4989
f 4990 5001 4989
f 5002 5001 4990
f 4991 5002 4990
f 5003 5002 4991
f 4992 5003 4991
f 5004 5003 4992
f 4993 5004 4992
f 5005 5004 4993
f 4994 5005 4993
f 5006 5005 4994
f 4995 5006 4994
f 5007 5006 4995
f 4996 5007 4995
f 5008 5007 4996
f 4997 5008 4996
f 4959 4943 4958
f 4944 4943 4959
f 4998 4944 4959
f 4945 4944 4998
f 4999 4945 4998
f 4946 4945 4999
f 5000 4946 4999
f 4947 4946 5000
f 5001 4947 5000
f 4948 4947 5001
f 5002 4948 5001
f 4949 4948 5002
f 5003 4949 5002
f 4950 4949 5003
f 5004 4950 5003
f 4951 4950 5004
f 5005 4951 5004
f 4952 4951 5005
f 5006 4952 5005
f 4954 4952 5006
f 5007 4954 5006
f 4956 4954 5007
f 5008 4956 5007
f 5009 5010 3083
f 5011 5012 5013
f 5014 5011 5013
f 5015 5011 5014
f 5016 5015 5014
f 5017 5015 5016
f 5018 5017 5016
f 5019 5017 5018
f 5020 5019 5018
f 5021 5019 5020
f 5022 5021 5020
f 5023 5021 5022
f 5024 5023 5022
f 5025 5023 5024
f 5026 5025 5024
f 5027 5025 5026
f 5028 5027 5026
f 5029 5027 5028
f 5030 5029 5028
f 5031 5029 5030
f 5032 5031 5030
f 5033 5031 5032
f 5034 5033 5032
f 5035 5033 5034
f 5036 5035 5034
f 5037 5035 5036
f 5038 5037 5036
f 5039 5037 5038
f 5040 5039 5038
f 5041 5039 5040
f 5042 5041 5040
f 5043 5041 5042
f 5044 5043 5042
f 5045 5043 5044
f 5046 5045 5044
f 5047 5045 5046
f 5048 5047 5046
f 5049 5047 5048
f 5050 5049 5048
f 5051 5049 5050
f 5052 5051 5050
f 5053 5051 5052
f 5054 5053 5052
f 5055 5053 5054
f 5056 5055 5054
f 5057 5055 5056
f 5058 5057 5056
f 5059 5057 5058
f 5060 5059 5058
f 5061 5059 5060
f 5062 5061 5060
f 5063 5061 5062
f 5064 5063 5062
f 5065 5063 5064
f 5066 5065 5064
f 5067 5065 5066
f 5068 5067 5066
f 3103 5009 3083
f 5069 5009 3103
f 3078 5069 3103
f 5070 5069 3078
f 3077 5070 3078
f 5071 5070 3077
f 3076 5071 3077
f 5072 5071 3076
f 3075 5072 3076
f 5073 5072 3075
f 3074 5073 3075
f 5074 5073 3074
f 3073 5074 3074
f 5075 5074 3073
f 3059 5075 3073
f 5076 5075 3059
f 3058 5076 3059
f 5077 5076 3058
f 3056 5077 3058
f 5078 5077 3056
f 3055 5078 3056
f 5079 5078 3055
f 3054 5079 3055
f 5080 5079 3054
f 3051 5080 3054
f 5081 5080 3051
f 3050 5081 3051
f 5082 5081 3050
f 3049 5082 3050
f 5083 5082 3049
f 3052 5083 3049
f 5084 5083 3052
f 3053 5084 3052
f 5085 5084 3053
f 3062 5085 3053
f 5086 5085 3062
f 3063 5086 3062
f 5087 5086 3063
f 3064 5087 3063
f 5088 5087 3064
f 3065 5088 3064
f 5089 5088 3065
f 3060 5089 3065
f 5090 5089 3060
f 3061 5090 3060
f 5091 5090 3061
f 3100 5091 3061
f 5092 5091 3100
f 3101 5092 3100
f 5093 5092 3101
f 3102 5093 3101
f 5094 5093 3102
f 3091 5094 3102
f 5095 3091 3092
f 5094 3091 5095
f 5096 5094 5095
f 5097 5096 5012
f 5011 5097 5012
f 5098 5097 5011
f 5015 5098 5011
f 5099 5098 5015
f 5017 5099 5015
f 5100 5099 5017
f 5019 5100 5017
f 5101 5100 5019
f 5021 5101 5019
f 5102 5101 5021
f 5023 5102 5021
f 5103 5102 5023
f 5025 5103 5023
f 5104 5103 5025
f 5027 5104 5025
f 5105 5104 5027
f 5029 5105 5027
f 5106 5105 5029
f 5031 5106 5029
f 5107 5106 5031
f 5033 5107 5031
f 5108 5107 5033
f 5035 5108 5033
f 5109 5108 5035
f 5037 5109 5035
f 5110 5109 5037
f 5039 5110 5037
f 5111 5110 5039
f 5041 5111 5039
f 5112 5111 5041
f 5043 5112 5041
f 5113 5112 5043
f 5045 5113 5043
f 5114 5113 5045
f 5047 5114 5045
f 5115 5114 5047
f 5049 5115 5047
f 5116 5115 5049
f 5051 5116 5049
f 5117 5116 5051
f 5053 5117 5051
f 5118 5117 5053
f 5055 5118 5053
f 5119 5118 5055
f 5057 5119 5055
f 5120 5119 5057
f 5059 5120 5057
f 5121 5120 5059
f 5061 5121 5059
f 5122 5121 5061
f 5063 5122 5061
f 5123 5122 5063
f 5065 5123 5063
f 5124 5123 5065
f 5067 5124 5065
f 5097 5094 5096
f 5093 5094 5097
f 5098 5093 5097
f 5092 5093 5098
f 5099 5092 5098
f 5091 5092 5099
f 5100 5091 5099
f 5090 5091 5100
f 5101 5090 5100
f 5089 5090 5101
f 5102 5089 5101
f 5088 5089 5102
f 5103 5088 5102
f 5087 5088 5103
f 5104 5087 5103
f 5086 5087 5104
f 5105 5086 5104
f 5085 5086 5105
f 5106 5085 5105
f 5084 5085 5106
f 5107 5084 5106
f 5083 5084 5107
f 5108 5083 5107
f 5082 5083 5108
f 5109 5082 5108
f 5081 5082 5109
f 5110 5081 5109
f 5080 5081 5110
f 5111 5080 5110
f 5079 5080 5111
f 5112 5079 5111
f 5078 5079 5112
f 5113 5078 5112
f 5077 5078 5113
f 5114 5077 5113
f 5076 5077 5114
f 5115 5076 5114
f 5075 5076 5115
f 5116 5075 5115
f 5074 5075 5116
f 5117 5074 5116
f 5073 5074 5117
f 5118 5073 5117
f 5072 5073 5118
f 5119 5072 5118
f 5071 5072 5119
f 5120 5071 5119
f 5070 5071 5120
f 5121 5070 5120
f 5069 5070 5121
f 5122 5069 5121
f 5009 5069 5122
f 5123 5009 5122
f 5010 5009 5123
f 5124 5010 5123
f 3082 3083 5010
f 5125 5010 5124
f 5126 5124 5067
f 5127 5067 5068
f 5128 5127 5068
f 5129 5127 5128
f 5130 5129 5128
f 5131 5129 5130
f 5132 5131 5130
f 5133 5131 5132
f 5134 5133 5132
f 5135 5133 5134
f 5136 5135 5134
f 5137 5135 5136
f 5138 5137 5136
f 5139 5137 5138
f 5140 5139 5138
f 5141 5139 5140
f 5142 5141 5140
f 5143 5141 5142
f 5144 5143 5142
f 5145 5143 5144
f 5146 5145 5144
f 5147 5145 5146
f 5148 5147 5146
f 5149 5147 5148
f 5150 5149 5148
f 5151 5149 5150
f 5152 5151 5150
f 5153 5151 5152
f 5154 5153 5152
f 5155 5153 5154
f 5156 5155 5154
f 5157 5155 5156
f 5158 5157 5156
f 5159 5157 5158
f 5160 5159 5158
f 5161 5159 5160
f 5162 5161 5160
f 5163 5161 5162
f 5164 5163 5162
f 5165 5163 5164
f 5166 5165 5164
f 5167 5165 5166
f 5168 5167 5166
f 5169 5167 5168
f 5170 5169 5168
f 5171 5169 5170
f 5172 5171 5170
f 5173 5171 5172
f 5174 5173 5172
f 5175 5173 5174
f 5176 5175 5174
f 5177 5175 5176
f 5178 5177 5176
f 5179 5177 5178
f 5180 5179 5178
f 5012 5179 5180
f 5013 5012 5180
f 5125 3082 5010
f 3085 3082 5125
f 5181 3085 5125
f 3084 3085 5181
f 5182 3084 5181
f 3096 3084 5182
f 5183 3096 5182
f 3095 3096 5183
f 5184 3095 5183
f 3094 3095 5184
f 5185 3094 5184
f 3093 3094 5185
f 5186 3093 5185
f 3087 3093 5186
f 5187 3087 5186
f 3086 3087 5187
f 5188 3086 5187
f 3099 3086 5188
f 5189 3099 5188
f 3098 3099 5189
f 5190 3098 5189
f 3097 3098 5190
f 5191 3097 5190
f 3090 3097 5191
f 5192 3090 5191
f 3089 3090 5192
f 5193 3089 5192
f 3088 3089 5193
f 5194 3088 5193
f 3067 3088 5194
f 5195 3067 5194
f 3066 3067 5195
f 5196 3066 5195
f 3081 3066 5196
f 5197 3081 5196
f 3080 3081 5197
f 5198 3080 5197
f 3079 3080 5198
f 5199 3079 5198
f 3057 3079 5199
f 5200 3057 5199
f 3068 3057 5200
f 5201 3068 5200
f 3069 3068 5201
f 5202 3069 5201
f 3070 3069 5202
f 5203 3070 5202
f 3071 3070 5203
f 5204 3071 5203
f 3072 3071 5204
f 5205 3072 5204
f 3104 3072 5205
f 5206 3104 5205
f 3092 3104 5206
f 5095 3092 5206
f 5127 5126 5067
f 5207 5126 5127
f 5129 5207 5127
f 5208 5207 5129
f 5131 5208 5129
f 5209 5208 5131
f 5133 5209 5131
f 5210 5209 5133
f 5135 5210 5133
f 5211 5210 5135
f 5137 5211 5135
f 5212 5211 5137
f 5139 5212 5137
f 5213 5212 5139
f 5141 5213 5139
f 5214 5213 5141
f 5143 5214 5141
f 5215 5214 5143
f 5145 5215 5143
f 5216 5215 5145
f 5147 5216 5145
f 5217 5216 5147
f 5149 5217 5147
f 5218 5217 5149
f 5151 5218 5149
f 5219 5218 5151
f 5153 5219 5151
f 5220 5219 5153
f 5155 5220 5153
f 5221 5220 5155
f 5157 5221 5155
f 5222 5221 5157
f 5159 5222 5157
f 5223 5222 5159
f 5161 5223 5159
f 5224 5223 5161
f 5163 5224 5161
f 5225 5224 5163
f 5165 5225 5163
f 5226 5225 5165
f 5167 5226 5165
f 5227 5226 5167
f 5169 5227 5167
f 5228 5227 5169
f 5171 5228 5169
f 5229 5228 5171
f 5173 5229 5171
f 5230 5229 5173
f 5175 5230 5173
f 5231 5230 5175
f 5177 5231 5175
f 5232 5231 5177
f 5179 5232 5177
f 5096 5232 5179
f 5012 5096 5179
f 5126 5125 5124
f 5181 5125 5126
f 5207 5181 5126
f 5182 5181 5207
f 5208 5182 5207
f 5183 5182 5208
f 5209 5183 5208
f 5184 5183 5209
f 5210 5184 5209
f 5185 5184 5210
f 5211 5185 5210
f 5186 5185 5211
f 5212 5186 5211
f 5187 5186 5212
f 5213 5187 5212
f 5188 5187 5213
f 5214 5188 5213
f 5189 5188 5214
f 5215 5189 5214
f 5190 5189 5215
f 5216 5190 5215
f 5191 5190 5216
f 5217 5191 5216
f 5192 5191 5217
f 5218 5192 5217
f 5193 5192 5218
f 5219 5193 5218
f 5194 5193 5219
f 5220 5194 5219
f 5195 5194 5220
f 5221 5195 5220
f 5196 5195 5221
f 5222 5196 5221
f 5197 5196 5222
f 5223 5197 5222
f 5198 5197 5223
f 5224 5198 5223
f 5199 5198 5224
f 5225 5199 5224
f 5200 5199 5225
f 5226 5200 5225
f 5201 5200 5226
f 5227 5201 5226
f 5202 5201 5227
f 5228 5202 5227
f 5203 5202 5228
f 5229 5203 5228
f 5204 5203 5229
f 5230 5204 5229
f 5205 5204 5230
f 5231 5205 5230
f 5206 5205 5231
f 5232 5206 5231
f 5095 5206 5232
f 5096 5095 5232
f 5233 5234 3107
f 5235 5236 3107
f 3107 5236 5237
f 3107 5237 5233
f 5238 5239 3107
f 3107 5239 5240
f 3107 5240 5235
f 3107 5234 3110
f 5241 5242 5243
f 5244 5245 5246
f 5247 3116 3118
f 5248 3113 3114
f 3107 3113 5248
f 5249 3116 5247
f 3118 5250 5247
f 5251 5250 3118
f 3120 5251 3118
f 5252 5253 5254
f 5255 5253 5252
f 5256 5255 5252
f 5257 5255 5256
f 5258 5255 5257
f 5259 5255 5258
f 5260 5259 5258
f 5261 5259 5260
f 5262 5261 5260
f 5263 5261 5262
f 5264 5263 5262
f 5265 5263 5264
f 5241 5265 5264
f 5266 5241 5243
f 5266 5265 5241
f 5267 5265 5266
f 5268 5267 5266
f 5269 5267 5268
f 5270 5269 5268
f 5271 5269 5270
f 5272 5271 5270
f 3158 5272 3180
f 5271 5272 3158
f 3147 5271 3158
f 5273 3147 3137
f 5274 3137 3124
f 5275 3124 3110
f 5234 5275 3110
f 5276 5275 5234
f 5233 5276 5234
f 5277 5276 5233
f 5237 5277 5233
f 5278 5277 5237
f 5236 5278 5237
f 5279 5278 5236
f 5235 5279 5236
f 5280 5279 5235
f 5240 5280 5235
f 5281 5280 5240
f 5239 5281 5240
f 5282 5281 5239
f 5238 5282 5239
f 5275 5274 3124
f 5283 5274 5275
f 5276 5283 5275
f 5284 5283 5276
f 5277 5284 5276
f 5285 5284 5277
f 5278 5285 5277
f 5286 5285 5278
f 5279 5286 5278
f 5287 5286 5279
f 5280 5287 5279
f 5288 5287 5280
f 5281 5288 5280
f 5289 5288 5281
f 5282 5289 5281
f 5244 5251 5245
f 5250 5251 5244
f 5290 5250 5244
f 5247 5250 5290
f 5291 5247 5290
f 5249 5247 5291
f 5292 5249 5291
f 5291 5293 5292
f 5294 5293 5291
f 5290 5294 5291
f 5295 5294 5290
f 5244 5295 5290
f 5253 5295 5244
f 5246 5253 5244
f 5254 5253 5246
f 5274 5273 3137
f 5296 5273 5274
f 5283 5296 5274
f 5297 5296 5283
f 5284 5297 5283
f 5298 5297 5284
f 5285 5298 5284
f 5299 5298 5285
f 5286 5299 5285
f 5300 5299 5286
f 5287 5300 5286
f 5301 5300 5287
f 5288 5301 5287
f 5302 5301 5288
f 5289 5302 5288
f 5273 5271 3147
f 5269 5271 5273
f 5296 5269 5273
f 5267 5269 5296
f 5297 5267 5296
f 5265 5267 5297
f 5298 5265 5297
f 5263 5265 5298
f 5299 5263 5298
f 5261 5263 5299
f 5300 5261 5299
f 5259 5261 5300
f 5301 5259 5300
f 5255 5259 5301
f 5302 5255 5301
f 5253 5255 5302
f 5289 5253 5302
f 5295 5253 5289
f 5282 5295 5289
f 5294 5295 5282
f 5238 5294 5282
f 5293 5294 5238
f 3107 5293 5238
f 5293 3107 5292
f 5249 3114 3116
f 5248 3114 5249
f 5292 5248 5249
f 3107 5248 5292
f 3181 5303 5304
f 3181 5305 5306
f 5307 3181 5306
f 3181 5307 5308
f 3181 5308 5309
f 3181 5309 5310
f 3181 5310 5311
f 3181 5311 5312
f 3181 5312 5313
f 3181 5313 3191
f 5314 5315 5316
f 5317 5314 5316
f 5318 5316 5315
f 5319 5316 5318
f 5320 5319 5318
f 5321 5319 5320
f 5322 5321 5320
f 3199 5321 5322
f 3202 3199 5322
f 5303 3194 3195
f 3181 3194 5303
f 3181 5304 5305
f 5323 3195 3256
f 5324 3256 3244
f 5325 3244 3233
f 5326 3233 3220
f 5327 3233 5326
f 5328 5327 5326
f 5329 5330 5331
f 5332 5330 5329
f 5333 5332 5329
f 5334 5332 5333
f 5328 5334 5333
f 5335 5334 5328
f 5326 5335 5328
f 5336 5329 5331
f 5337 5329 5336
f 5338 5337 5336
f 5339 5337 5338
f 5340 5339 5338
f 5341 5339 5340
f 5342 5341 5340
f 5343 5341 5342
f 5344 5343 5342
f 5327 5325 3233
f 5345 5325 5327
f 5328 5345 5327
f 5346 5345 5328
f 5333 5346 5328
f 5347 5346 5333
f 5329 5347 5333
f 5348 5347 5329
f 5337 5348 5329
f 5349 5348 5337
f 5339 5349 5337
f 5350 5349 5339
f 5341 5350 5339
f 5317 5350 5341
f 5343 5317 5341
f 5314 5317 5343
f 5344 5314 5343
f 5351 5314 5344
f 5352 5351 5344
f 5325 5324 3244
f 5353 5324 5325
f 5345 5353 5325
f 5354 5353 5345
f 5346 5354 5345
f 5355 5354 5346
f 5347 5355 5346
f 5356 5355 5347
f 5348 5356 5347
f 5357 5356 5348
f 5349 5357 5348
f 5358 5357 5349
f 5350 5358 5349
f 5359 5358 5350
f 5317 5359 5350
f 5360 5359 5317
f 5316 5360 5317
f 5361 5360 5316
f 5319 5361 5316
f 5362 5361 5319
f 5321 5362 5319
f 3197 5362 5321
f 3199 3197 5321
f 5324 5323 3256
f 5363 5323 5324
f 5353 5363 5324
f 5364 5363 5353
f 5354 5364 5353
f 5365 5364 5354
f 5355 5365 5354
f 5366 5365 5355
f 5356 5366 5355
f 5367 5366 5356
f 5357 5367 5356
f 5368 5367 5357
f 5358 5368 5357
f 5369 5368 5358
f 5359 5369 5358
f 5370 5369 5359
f 5360 5370 5359
f 5371 5370 5360
f 5361 5371 5360
f 5372 5371 5361
f 5362 5372 5361
f 3196 5372 5362
f 3197 3196 5362
f 5323 5303 3195
f 5304 5303 5323
f 5363 5304 5323
f 5305 5304 5363
f 5364 5305 5363
f 5306 5305 5364
f 5365 5306 5364
f 5307 5306 5365
f 5366 5307 5365
f 5308 5307 5366
f 5367 5308 5366
f 5309 5308 5367
f 5368 5309 5367
f 5310 5309 5368
f 5369 5310 5368
f 5311 5310 5369
f 5370 5311 5369
f 5312 5311 5370
f 5371 5312 5370
f 5313 5312 5371
f 5372 5313 5371
f 3191 5313 5372
f 3196 3191 5372
f 5373 5374 5375
f 3265 5374 5373
f 5376 5377 5378
f 5379 3352 3354
f 5380 3356 3358
f 5374 3265 3267
f 3272 5374 3267
f 5375 5374 3272
f 3274 5375 3272
f 3275 5381 5382
f 3359 3275 3270
f 5381 3275 3359
f 3360 5381 3359
f 5352 5344 5383
f 5336 5384 5385
f 5386 5384 5336
f 5331 5386 5336
f 3306 5387 3308
f 5388 5387 3306
f 3291 5388 3306
f 5389 5388 3291
f 3287 5389 3291
f 5390 5389 3287
f 3278 5390 3287
f 5391 5390 3278
f 3263 5391 3278
f 5392 5391 3263
f 3265 5392 3263
f 5380 3360 3356
f 5381 3360 5380
f 5393 5381 5380
f 5382 5381 5393
f 5394 5382 5393
f 5379 3358 3352
f 5380 3358 5379
f 5395 5380 5379
f 5393 5380 5395
f 5396 5393 5395
f 5394 5393 5396
f 5397 5394 5396
f 5396 5398 5397
f 5399 5398 5396
f 5395 5399 5396
f 5400 5399 5395
f 5379 5400 5395
f 5401 5400 5379
f 3354 5401 5379
f 5383 5401 3354
f 5402 5383 3354
f 5352 5383 5402
f 5376 5384 5377
f 5385 5384 5376
f 5403 5385 5376
f 5404 5385 5403
f 5405 5404 5403
f 5406 5404 5405
f 5407 5406 5405
f 5408 5406 5407
f 5409 5408 5407
f 5407 5410 5409
f 5411 5410 5407
f 5405 5411 5407
f 5412 5411 5405
f 5403 5412 5405
f 5413 5412 5403
f 5376 5413 5403
f 5414 5413 5376
f 5378 5414 5376
f 5415 5414 5378
f 5388 5415 5387
f 5414 5415 5388
f 5389 5414 5388
f 5413 5414 5389
f 5390 5413 5389
f 5412 5413 5390
f 5391 5412 5390
f 5411 5412 5391
f 5392 5411 5391
f 5410 5411 5392
f 3265 5410 5392
f 5410 3265 5409
f 5409 5416 5408
f 3265 5416 5409
f 5417 5344 5342
f 5383 5344 5417
f 5418 5383 5417
f 5401 5383 5418
f 5419 5401 5418
f 5400 5401 5419
f 5420 5400 5419
f 5399 5400 5420
f 5421 5399 5420
f 5398 5399 5421
f 3265 5398 5421
f 5398 3265 5397
f 5382 3274 3275
f 5375 3274 5382
f 5394 5375 5382
f 5373 5375 5394
f 5397 5373 5394
f 3265 5373 5397
f 5422 5342 5340
f 5417 5342 5422
f 5423 5417 5422
f 5418 5417 5423
f 5424 5418 5423
f 5419 5418 5424
f 5425 5419 5424
f 5420 5419 5425
f 5426 5420 5425
f 5421 5420 5426
f 3265 5421 5426
f 5427 5340 5338
f 5422 5340 5427
f 5428 5422 5427
f 5423 5422 5428
f 5429 5423 5428
f 5424 5423 5429
f 5430 5424 5429
f 5425 5424 5430
f 5431 5425 5430
f 5426 5425 5431
f 3265 5426 5431
f 5385 5338 5336
f 5427 5338 5385
f 5404 5427 5385
f 5428 5427 5404
f 5406 5428 5404
f 5429 5428 5406
f 5408 5429 5406
f 5430 5429 5408
f 5416 5430 5408
f 5431 5430 5416
f 3265 5431 5416
f 3366 5432 5433
f 3366 5434 5435
f 5436 3366 5435
f 3366 5436 5437
f 3366 5437 5438
f 3366 5438 5439
f 3366 5439 5440
f 3366 5440 5441
f 3366 5441 5442
f 5443 5444 5445
f 3366 5442 3376
f 3351 3349 5446
f 5447 3351 5446
f 3348 5446 3349
f 5448 5446 3348
f 3346 5448 3348
f 3345 5448 3346
f 5449 5448 3345
f 3343 5449 3345
f 3384 5449 3343
f 3342 3384 3343
f 5432 3379 3380
f 3366 3379 5432
f 3366 5433 5434
f 5450 3380 3437
f 5451 3437 3425
f 5452 3425 3414
f 3414 5445 5444
f 5453 5445 3414
f 3401 5453 3414
f 5454 5455 5456
f 5457 5455 5454
f 5458 5457 5454
f 5459 5457 5458
f 5443 5459 5458
f 5460 5459 5443
f 5445 5460 5443
f 5461 5454 5456
f 5462 5454 5461
f 5463 5462 5461
f 5464 5462 5463
f 5465 5464 5463
f 5466 5464 5465
f 5467 5466 5465
f 5468 5466 5467
f 5469 5468 5467
f 5444 5452 3414
f 5470 5452 5444
f 5443 5470 5444
f 5471 5470 5443
f 5458 5471 5443
f 5472 5471 5458
f 5454 5472 5458
f 5473 5472 5454
f 5462 5473 5454
f 5474 5473 5462
f 5464 5474 5462
f 5475 5474 5464
f 5466 5475 5464
f 5447 5475 5466
f 5468 5447 5466
f 3351 5447 5468
f 5469 3351 5468
f 5476 3351 5469
f 5477 5476 5469
f 5452 5451 3425
f 5478 5451 5452
f 5470 5478 5452
f 5479 5478 5470
f 5471 5479 5470
f 5480 5479 5471
f 5472 5480 5471
f 5481 5480 5472
f 5473 5481 5472
f 5482 5481 5473
f 5474 5482 5473
f 5483 5482 5474
f 5475 5483 5474
f 5484 5483 5475
f 5447 5484 5475
f 5485 5484 5447
f 5446 5485 5447
f 5486 5485 5446
f 5448 5486 5446
f 5487 5486 5448
f 5449 5487 5448
f 3382 5487 5449
f 3384 3382 5449
f 5451 5450 3437
f 5488 5450 5451
f 5478 5488 5451
f 5489 5488 5478
f 5479 5489 5478
f 5490 5489 5479
f 5480 5490 5479
f 5491 5490 5480
f 5481 5491 5480
f 5492 5491 5481
f 5482 5492 5481
f 5493 5492 5482
f 5483 5493 5482
f 5494 5493 5483
f 5484 5494 5483
f 5495 5494 5484
f 5485 5495 5484
f 5496 5495 5485
f 5486 5496 5485
f 5497 5496 5486
f 5487 5497 5486
f 3381 5497 5487
f 3382 3381 5487
f 5450 5432 3380
f 5433 5432 5450
f 5488 5433 5450
f 5434 5433 5488
f 5489 5434 5488
f 5435 5434 5489
f 5490 5435 5489
f 5436 5435 5490
f 5491 5436 5490
f 5437 5436 5491
f 5492 5437 5491
f 5438 5437 5492
f 5493 5438 5492
f 5439 5438 5493
f 5494 5439 5493
f 5440 5439 5494
f 5495 5440 5494
f 5441 5440 5495
f 5496 5441 5495
f 5442 5441 5496
f 5497 5442 5496
f 3376 5442 5497
f 3381 3376 5497
f 5498 5499 5500
f 3441 5499 5498
f 5501 5502 5503
f 5504 3533 3535
f 5505 3537 3539
f 5499 3441 3455
f 3460 5499 3455
f 5500 5499 3460
f 3462 5500 3460
f 3463 5506 5507
f 3540 3463 3458
f 5506 3463 3540
f 3541 5506 3540
f 5477 5469 5508
f 5461 5509 5510
f 5511 5509 5461
f 5456 5511 5461
f 3466 5512 3471
f 5513 5512 3466
f 3474 5513 3466
f 5514 5513 3474
f 3465 5514 3474
f 5515 5514 3465
f 3464 5515 3465
f 5516 5515 3464
f 3453 5516 3464
f 5517 5516 3453
f 3441 5517 3453
f 5505 3541 3537
f 5506 3541 5505
f 5518 5506 5505
f 5507 5506 5518
f 5519 5507 5518
f 5504 3539 3533
f 5505 3539 5504
f 5520 5505 5504
f 5518 5505 5520
f 5521 5518 5520
f 5519 5518 5521
f 5522 5519 5521
f 5521 5523 5522
f 5524 5523 5521
f 5520 5524 5521
f 5525 5524 5520
f 5504 5525 5520
f 5526 5525 5504
f 3535 5526 5504
f 5508 5526 3535
f 5527 5508 3535
f 5477 5508 5527
f 5501 5509 5502
f 5510 5509 5501
f 5528 5510 5501
f 5529 5510 5528
f 5530 5529 5528
f 5531 5529 5530
f 5532 5531 5530
f 5533 5531 5532
f 5534 5533 5532
f 5532 5535 5534
f 5536 5535 5532
f 5530 5536 5532
f 5537 5536 5530
f 5528 5537 5530
f 5538 5537 5528
f 5501 5538 5528
f 5539 5538 5501
f 5503 5539 5501
f 5540 5539 5503
f 5513 5540 5512
f 5539 5540 5513
f 5514 5539 5513
f 5538 5539 5514
f 5515 5538 5514
f 5537 5538 5515
f 5516 5537 5515
f 5536 5537 5516
f 5517 5536 5516
f 5535 5536 5517
f 3441 5535 5517
f 5535 3441 5534
f 5534 5541 5533
f 3441 5541 5534
f 5542 5469 5467
f 5508 5469 5542
f 5543 5508 5542
f 5526 5508 5543
f 5544 5526 5543
f 5525 5526 5544
f 5545 5525 5544
f 5524 5525 5545
f 5546 5524 5545
f 5523 5524 5546
f 3441 5523 5546
f 5523 3441 5522
f 5507 3462 3463
f 5500 3462 5507
f 5519 5500 5507
f 5498 5500 5519
f 5522 5498 5519
f 3441 5498 5522
f 5547 5467 5465
f 5542 5467 5547
f 5548 5542 5547
f 5543 5542 5548
f 5549 5543 5548
f 5544 5543 5549
f 5550 5544 5549
f 5545 5544 5550
f 5551 5545 5550
f 5546 5545 5551
f 3441 5546 5551
f 5552 5465 5463
f 5547 5465 5552
f 5553 5547 5552
f 5548 5547 5553
f 5554 5548 5553
f 5549 5548 5554
f 5555 5549 5554
f 5550 5549 5555
f 5556 5550 5555
f 5551 5550 5556
f 3441 5551 5556
f 5510 5463 5461
f 5552 5463 5510
f 5529 5552 5510
f 5553 5552 5529
f 5531 5553 5529
f 5554 5553 5531
f 5533 5554 5531
f 5555 5554 5533
f 5541 5555 5533
f 5556 5555 5541
f 3441 5556 5541
f 3547 5557 5558
f 3547 5559 5560
f 5561 3547 5560
f 3547 5561 5562
f 3547 5562 5563
f 3547 5563 5564
f 3547 5564 5565
f 3547 5565 5566
f 3547 5566 5567
f 5568 5569 5570
f 3547 5567 3557
f 3532 3530 5571
f 5572 3532 5571
f 3529 5571 3530
f 5573 5571 3529
f 3527 5573 3529
f 3526 5573 3527
f 5574 5573 3526
f 3524 5574 3526
f 3565 5574 3524
f 3523 3565 3524
f 5557 3560 3561
f 3547 3560 5557
f 3547 5558 5559
f 5575 3561 3618
f 5576 3618 3606
f 5577 3606 3595
f 3595 5570 5569
f 5578 5570 3595
f 3582 5578 3595
f 5579 5580 5581
f 5582 5580 5579
f 5583 5582 5579
f 5584 5582 5583
f 5568 5584 5583
f 5585 5584 5568
f 5570 5585 5568
f 5586 5579 5581
f 5587 5579 5586
f 5588 5587 5586
f 5589 5587 5588
f 5590 5589 5588
f 5591 5589 5590
f 5592 5591 5590
f 5593 5591 5592
f 5594 5593 5592
f 5569 5577 3595
f 5595 5577 5569
f 5568 5595 5569
f 5596 5595 5568
f 5583 5596 5568
f 5597 5596 5583
f 5579 5597 5583
f 5598 5597 5579
f 5587 5598 5579
f 5599 5598 5587
f 5589 5599 5587
f 5600 5599 5589
f 5591 5600 5589
f 5572 5600 5591
f 5593 5572 5591
f 3532 5572 5593
f 5594 3532 5593
f 5601 3532 5594
f 5602 5601 5594
f 5577 5576 3606
f 5603 5576 5577
f 5595 5603 5577
f 5604 5603 5595
f 5596 5604 5595
f 5605 5604 5596
f 5597 5605 5596
f 5606 5605 5597
f 5598 5606 5597
f 5607 5606 5598
f 5599 5607 5598
f 5608 5607 5599
f 5600 5608 5599
f 5609 5608 5600
f 5572 5609 5600
f 5610 5609 5572
f 5571 5610 5572
f 5611 5610 5571
f 5573 5611 5571
f 5612 5611 5573
f 5574 5612 5573
f 3563 5612 5574
f 3565 3563 5574
f 5576 5575 3618
f 5613 5575 5576
f 5603 5613 5576
f 5614 5613 5603
f 5604 5614 5603
f 5615 5614 5604
f 5605 5615 5604
f 5616 5615 5605
f 5606 5616 5605
f 5617 5616 5606
f 5607 5617 5606
f 5618 5617 5607
f 5608 5618 5607
f 5619 5618 5608
f 5609 5619 5608
f 5620 5619 5609
f 5610 5620 5609
f 5621 5620 5610
f 5611 5621 5610
f 5622 5621 5611
f 5612 5622 5611
f 3562 5622 5612
f 3563 3562 5612
f 5575 5557 3561
f 5558 5557 5575
f 5613 5558 5575
f 5559 5558 5613
f 5614 5559 5613
f 5560 5559 5614
f 5615 5560 5614
f 5561 5560 5615
f 5616 5561 5615
f 5562 5561 5616
f 5617 5562 5616
f 5563 5562 5617
f 5618 5563 5617
f 5564 5563 5618
f 5619 5564 5618
f 5565 5564 5619
f 5620 5565 5619
f 5566 5565 5620
f 5621 5566 5620
f 5567 5566 5621
f 5622 5567 5621
f 3557 5567 5622
f 3562 3557 5622
f 5623 5624 5625
f 5626 3626 3631
f 5627 3631 3633
f 5626 3631 5627
f 5628 5626 5627
f 3621 5626 5628
f 5629 5630 5631
f 5632 5630 5629
f 5602 5594 5633
f 5586 5634 5635
f 5636 5634 5586
f 5581 5636 5586
f 5637 5638 5639
f 3670 5640 3689
f 5641 5640 3670
f 3659 5641 3670
f 5642 5641 3659
f 3649 5642 3659
f 5643 5642 3649
f 3637 5643 3649
f 5644 5643 3637
f 3623 5644 3637
f 5645 5644 3623
f 3621 5645 3623
f 5646 3633 3634
f 5627 3633 5646
f 5647 5627 5646
f 5628 5627 5647
f 5648 5628 5647
f 3621 5628 5648
f 5648 5649 3621
f 5650 5649 5648
f 5647 5650 5648
f 5651 5650 5647
f 5646 5651 5647
f 5652 5651 5646
f 3634 5652 5646
f 5626 3621 3626
f 5623 5631 5624
f 5629 5631 5623
f 5653 5629 5623
f 5633 5654 5602
f 5625 5654 5633
f 5655 5625 5633
f 5623 5625 5655
f 5656 5623 5655
f 5653 5623 5656
f 5657 5653 5656
f 5637 5634 5638
f 5635 5634 5637
f 5658 5635 5637
f 5659 5635 5658
f 5660 5659 5658
f 5661 5659 5660
f 5662 5661 5660
f 5663 5661 5662
f 5664 5663 5662
f 5662 5665 5664
f 5666 5665 5662
f 5660 5666 5662
f 5667 5666 5660
f 5658 5667 5660
f 5668 5667 5658
f 5637 5668 5658
f 5669 5668 5637
f 5639 5669 5637
f 5641 5639 5640
f 5669 5639 5641
f 5642 5669 5641
f 5668 5669 5642
f 5643 5668 5642
f 5667 5668 5643
f 5644 5667 5643
f 5666 5667 5644
f 5645 5666 5644
f 5665 5666 5645
f 3621 5665 5645
f 5665 3621 5664
f 5664 5670 5663
f 3621 5670 5664
f 5671 5594 5592
f 5633 5594 5671
f 5672 5633 5671
f 5655 5633 5672
f 5673 5655 5672
f 5656 5655 5673
f 5674 5656 5673
f 5657 5656 5674
f 5675 5657 5674
f 5674 5676 5675
f 5677 5676 5674
f 5673 5677 5674
f 5678 5677 5673
f 5672 5678 5673
f 5679 5678 5672
f 5671 5679 5672
f 5680 5679 5671
f 5592 5680 5671
f 5590 5680 5592
f 5681 5590 5588
f 5680 5590 5681
f 5682 5680 5681
f 5679 5680 5682
f 5683 5679 5682
f 5678 5679 5683
f 5684 5678 5683
f 5677 5678 5684
f 5685 5677 5684
f 5676 5677 5685
f 3621 5676 5685
f 5676 3621 5675
f 5632 3634 3629
f 5652 3634 5632
f 5629 5652 5632
f 5651 5652 5629
f 5653 5651 5629
f 5650 5651 5653
f 5657 5650 5653
f 5649 5650 5657
f 5675 5649 5657
f 3621 5649 5675
f 5635 5588 5586
f 5681 5588 5635
f 5659 5681 5635
f 5682 5681 5659
f 5661 5682 5659
f 5683 5682 5661
f 5663 5683 5661
f 5684 5683 5663
f 5670 5684 5663
f 5685 5684 5670
f 3621 5685 5670
f 3690 5686 5687
f 3690 5688 5689
f 5690 3690 5689
f 3690 5690 5691
f 3690 5691 5692
f 3690 5692 5693
f 3690 5693 5694
f 3690 5694 5695
f 3690 5695 5696
f 3690 5696 3700
f 5697 5698 5699
f 5700 5697 5699
f 5701 5699 5698
f 5702 5699 5701
f 5703 5702 5701
f 5704 5702 5703
f 5705 5704 5703
f 3708 5704 5705
f 3711 3708 5705
f 5686 3703 3704
f 3690 3703 5686
f 3690 5687 5688
f 5706 3704 3765
f 5707 3765 3753
f 5708 3753 3742
f 5709 3742 3729
f 5710 3742 5709
f 5711 5710 5709
f 5712 5713 4022
f 5714 5713 5712
f 5715 5714 5712
f 5716 5714 5715
f 5711 5716 5715
f 5717 5716 5711
f 5709 5717 5711
f 4018 5712 4022
f 5718 5712 4018
f 4068 5718 4018
f 5719 5718 4068
f 4062 5719 4068
f 5720 5719 4062
f 4056 5720 4062
f 5721 5720 4056
f 4016 5721 4056
f 5710 5708 3742
f 5722 5708 5710
f 5711 5722 5710
f 5723 5722 5711
f 5715 5723 5711
f 5724 5723 5715
f 5712 5724 5715
f 5725 5724 5712
f 5718 5725 5712
f 5726 5725 5718
f 5719 5726 5718
f 5727 5726 5719
f 5720 5727 5719
f 5700 5727 5720
f 5721 5700 5720
f 5697 5700 5721
f 4016 5697 5721
f 5728 5697 4016
f 4015 5728 4016
f 5708 5707 3753
f 5729 5707 5708
f 5722 5729 5708
f 5730 5729 5722
f 5723 5730 5722
f 5731 5730 5723
f 5724 5731 5723
f 5732 5731 5724
f 5725 5732 5724
f 5733 5732 5725
f 5726 5733 5725
f 5734 5733 5726
f 5727 5734 5726
f 5735 5734 5727
f 5700 5735 5727
f 5736 5735 5700
f 5699 5736 5700
f 5737 5736 5699
f 5702 5737 5699
f 5738 5737 5702
f 5704 5738 5702
f 3706 5738 5704
f 3708 3706 5704
f 5707 5706 3765
f 5739 5706 5707
f 5729 5739 5707
f 5740 5739 5729
f 5730 5740 5729
f 5741 5740 5730
f 5731 5741 5730
f 5742 5741 5731
f 5732 5742 5731
f 5743 5742 5732
f 5733 5743 5732
f 5744 5743 5733
f 5734 5744 5733
f 5745 5744 5734
f 5735 5745 5734
f 5746 5745 5735
f 5736 5746 5735
f 5747 5746 5736
f 5737 5747 5736
f 5748 5747 5737
f 5738 5748 5737
f 3705 5748 5738
f 3706 3705 5738
f 5706 5686 3704
f 5687 5686 5706
f 5739 5687 5706
f 5688 5687 5739
f 5740 5688 5739
f 5689 5688 5740
f 5741 5689 5740
f 5690 5689 5741
f 5742 5690 5741
f 5691 5690 5742
f 5743 5691 5742
f 5692 5691 5743
f 5744 5692 5743
f 5693 5692 5744
f 5745 5693 5744
f 5694 5693 5745
f 5746 5694 5745
f 5695 5694 5746
f 5747 5695 5746
f 5696 5695 5747
f 5748 5696 5747
f 3700 5696 5748
f 3705 3700 5748
f 5749 5445 5453
f 5457 5750 5751
f 5459 5750 5457
f 5750 5445 5749
f 5460 5445 5750
f 5459 5460 5750
f 3836 3838 5752
f 5387 3838 3308
f 5752 3838 5387
f 5415 5752 5387
f 5753 5752 5415
f 5378 5753 5415
f 5377 5753 5378
f 5754 5377 5384
f 5753 5377 5754
f 5751 5753 5754
f 5750 5753 5751
f 5752 5753 5750
f 5749 5752 5750
f 3836 5752 5749
f 5453 3836 5749
f 3834 3836 5453
f 3401 3834 5453
f 5755 5570 5578
f 5582 5756 5757
f 5584 5756 5582
f 5756 5570 5755
f 5585 5570 5756
f 5584 5585 5756
f 5758 3847 3849
f 3845 3847 5758
f 5512 3849 3471
f 5758 3849 5512
f 5540 5758 5512
f 5759 5758 5540
f 5503 5759 5540
f 5502 5759 5503
f 5760 5502 5509
f 5759 5502 5760
f 5757 5759 5760
f 5756 5759 5757
f 5758 5759 5756
f 5755 5758 5756
f 3845 5758 5755
f 5578 3845 5755
f 3843 3845 5578
f 3582 3843 5578
f 5761 4973 4974
f 5762 5763 5764
f 5765 5763 5762
f 5766 5765 5762
f 5767 5765 5766
f 4883 5767 5766
f 4884 5767 4883
f 4969 5763 4970
f 5764 5763 4969
f 4971 5764 4969
f 3884 4974 3886
f 5761 4974 3884
f 3881 5761 3884
f 5768 5761 3881
f 3880 5768 3881
f 5769 5768 3880
f 4859 3880 3882
f 5769 3880 4859
f 4858 5769 4859
f 4860 5769 4858
f 5761 4971 4973
f 5764 4971 5761
f 5768 5764 5761
f 5762 5764 5768
f 5769 5762 5768
f 5766 5762 5769
f 4860 5766 5769
f 4883 5766 4860
f 5770 5771 5772
f 5773 5772 5774
f 5775 5774 5776
f 5777 5776 3939
f 3940 5777 3939
f 5778 5777 3940
f 3941 5778 3940
f 5779 5778 3941
f 3942 5779 3941
f 5780 5779 3942
f 3943 5780 3942
f 5781 5780 3943
f 3944 5781 3943
f 5782 5781 3944
f 3945 5782 3944
f 5783 5782 3945
f 3946 5783 3945
f 5784 5783 3946
f 3947 5784 3946
f 5785 5784 3947
f 3948 5785 3947
f 5786 5785 3948
f 3929 5786 3948
f 5787 5786 3929
f 3930 5787 3929
f 5788 5787 3930
f 3931 5788 3930
f 5789 5788 3931
f 3932 5789 3931
f 5790 5789 3932
f 3933 5790 3932
f 5791 5790 3933
f 3934 5791 3933
f 5792 5791 3934
f 3916 5792 3934
f 5793 5792 3916
f 3917 5793 3916
f 5794 5793 3917
f 3918 5794 3917
f 5795 5794 3918
f 3919 5795 3918
f 5773 5770 5772
f 5796 5770 5773
f 5797 5796 5773
f 5798 5796 5797
f 5799 5798 5797
f 5800 5798 5799
f 5801 5800 5799
f 5802 5800 5801
f 5803 5802 5801
f 5804 5802 5803
f 5805 5804 5803
f 5806 5804 5805
f 5807 5806 5805
f 5808 5806 5807
f 5809 5808 5807
f 5810 5808 5809
f 5811 5810 5809
f 5812 5810 5811
f 5813 5812 5811
f 5814 5812 5813
f 5815 5814 5813
f 5816 5814 5815
f 5817 5816 5815
f 5818 5816 5817
f 5819 5818 5817
f 5820 5818 5819
f 5821 5820 5819
f 5822 5820 5821
f 5823 5822 5821
f 5824 5822 5823
f 5825 5824 5823
f 5826 5824 5825
f 5827 5826 5825
f 5828 5826 5827
f 5829 5828 5827
f 5830 5828 5829
f 5831 5830 5829
f 5777 5775 5776
f 5832 5775 5777
f 5778 5832 5777
f 5833 5832 5778
f 5779 5833 5778
f 5834 5833 5779
f 5780 5834 5779
f 5835 5834 5780
f 5781 5835 5780
f 5836 5835 5781
f 5782 5836 5781
f 5837 5836 5782
f 5783 5837 5782
f 5838 5837 5783
f 5784 5838 5783
f 5839 5838 5784
f 5785 5839 5784
f 5840 5839 5785
f 5786 5840 5785
f 5841 5840 5786
f 5787 5841 5786
f 5842 5841 5787
f 5788 5842 5787
f 5843 5842 5788
f 5789 5843 5788
f 5844 5843 5789
f 5790 5844 5789
f 5845 5844 5790
f 5791 5845 5790
f 5846 5845 5791
f 5792 5846 5791
f 5847 5846 5792
f 5793 5847 5792
f 5848 5847 5793
f 5794 5848 5793
f 5849 5848 5794
f 5795 5849 5794
f 5775 5773 5774
f 5797 5773 5775
f 5832 5797 5775
f 5799 5797 5832
f 5833 5799 5832
f 5801 5799 5833
f 5834 5801 5833
f 5803 5801 5834
f 5835 5803 5834
f 5805 5803 5835
f 5836 5805 5835
f 5807 5805 5836
f 5837 5807 5836
f 5809 5807 5837
f 5838 5809 5837
f 5811 5809 5838
f 5839 5811 5838
f 5813 5811 5839
f 5840 5813 5839
f 5815 5813 5840
f 5841 5815 5840
f 5817 5815 5841
f 5842 5817 5841
f 5819 5817 5842
f 5843 5819 5842
f 5821 5819 5843
f 5844 5821 5843
f 5823 5821 5844
f 5845 5823 5844
f 5825 5823 5845
f 5846 5825 5845
f 5827 5825 5846
f 5847 5827 5846
f 5829 5827 5847
f 5848 5829 5847
f 5831 5829 5848
f 5849 5831 5848
f 5850 5772 5771
f 5851 5795 3919
f 3920 5851 3919
f 5852 5851 3920
f 3921 5852 3920
f 5853 5852 3921
f 3922 5853 3921
f 5854 5853 3922
f 3911 5854 3922
f 5855 5854 3911
f 3912 5855 3911
f 5856 5855 3912
f 3913 5856 3912
f 5857 5856 3913
f 3914 5857 3913
f 5858 5857 3914
f 3915 5858 3914
f 5859 5858 3915
f 3923 5859 3915
f 5860 5859 3923
f 3924 5860 3923
f 5861 5860 3924
f 3925 5861 3924
f 5862 5861 3925
f 3926 5862 3925
f 5863 5862 3926
f 3927 5863 3926
f 5864 5863 3927
f 3928 5864 3927
f 5865 5864 3928
f 3935 5865 3928
f 5866 5865 3935
f 3936 5866 3935
f 5867 5866 3936
f 3937 5867 3936
f 5868 5867 3937
f 3938 5868 3937
f 5776 5868 3938
f 3939 5776 3938
f 5869 5850 5771
f 5870 5850 5869
f 5871 5870 5869
f 5872 5870 5871
f 5873 5872 5871
f 5874 5872 5873
f 5875 5874 5873
f 5876 5874 5875
f 5877 5876 5875
f 5878 5876 5877
f 5879 5878 5877
f 5880 5878 5879
f 5881 5880 5879
f 5882 5880 5881
f 5883 5882 5881
f 5884 5882 5883
f 5885 5884 5883
f 5886 5884 5885
f 5887 5886 5885
f 5888 5886 5887
f 5889 5888 5887
f 5890 5888 5889
f 5891 5890 5889
f 5892 5890 5891
f 5893 5892 5891
f 5894 5892 5893
f 5895 5894 5893
f 5896 5894 5895
f 5897 5896 5895
f 5898 5896 5897
f 5899 5898 5897
f 5900 5898 5899
f 5901 5900 5899
f 5902 5900 5901
f 5903 5902 5901
f 5831 5903 5830
f 5902 5903 5831
f 5849 5902 5831
f 5904 5849 5795
f 5851 5904 5795
f 5905 5904 5851
f 5852 5905 5851
f 5906 5905 5852
f 5853 5906 5852
f 5907 5906 5853
f 5854 5907 5853
f 5908 5907 5854
f 5855 5908 5854
f 5909 5908 5855
f 5856 5909 5855
f 5910 5909 5856
f 5857 5910 5856
f 5911 5910 5857
f 5858 5911 5857
f 5912 5911 5858
f 5859 5912 5858
f 5913 5912 5859
f 5860 5913 5859
f 5914 5913 5860
f 5861 5914 5860
f 5915 5914 5861
f 5862 5915 5861
f 5916 5915 5862
f 5863 5916 5862
f 5917 5916 5863
f 5864 5917 5863
f 5918 5917 5864
f 5865 5918 5864
f 5919 5918 5865
f 5866 5919 5865
f 5920 5919 5866
f 5867 5920 5866
f 5921 5920 5867
f 5868 5921 5867
f 5774 5921 5868
f 5776 5774 5868
f 5904 5902 5849
f 5900 5902 5904
f 5905 5900 5904
f 5898 5900 5905
f 5906 5898 5905
f 5896 5898 5906
f 5907 5896 5906
f 5894 5896 5907
f 5908 5894 5907
f 5892 5894 5908
f 5909 5892 5908
f 5890 5892 5909
f 5910 5890 5909
f 5888 5890 5910
f 5911 5888 5910
f 5886 5888 5911
f 5912 5886 5911
f 5884 5886 5912
f 5913 5884 5912
f 5882 5884 5913
f 5914 5882 5913
f 5880 5882 5914
f 5915 5880 5914
f 5878 5880 5915
f 5916 5878 5915
f 5876 5878 5916
f 5917 5876 5916
f 5874 5876 5917
f 5918 5874 5917
f 5872 5874 5918
f 5919 5872 5918
f 5870 5872 5919
f 5920 5870 5919
f 5850 5870 5920
f 5921 5850 5920
f 5772 5850 5921
f 5774 5772 5921
f 4073 5922 5923
f 4073 5924 5925
f 5926 4073 5925
f 4073 5926 5927
f 4073 5927 5928
f 4073 5928 5929
f 4073 5929 5930
f 4073 5930 5931
f 4073 5931 5932
f 4073 5932 4083
f 5933 5934 5935
f 5936 5933 5935
f 5937 5935 5934
f 5938 5935 5937
f 5939 5938 5937
f 5940 5938 5939
f 5941 5940 5939
f 4091 5940 5941
f 4094 4091 5941
f 5922 4086 4087
f 4073 4086 5922
f 4073 5923 5924
f 5942 4087 4148
f 5943 4148 4136
f 5944 4136 4125
f 5945 4125 4112
f 5946 4125 5945
f 5947 5946 5945
f 5948 5949 5950
f 5951 5949 5948
f 5952 5951 5948
f 5953 5951 5952
f 5947 5953 5952
f 5954 5953 5947
f 5945 5954 5947
f 5955 5948 5950
f 5956 5948 5955
f 5957 5956 5955
f 5958 5956 5957
f 5959 5958 5957
f 5960 5958 5959
f 5961 5960 5959
f 5962 5960 5961
f 5963 5962 5961
f 5946 5944 4125
f 5964 5944 5946
f 5947 5964 5946
f 5965 5964 5947
f 5952 5965 5947
f 5966 5965 5952
f 5948 5966 5952
f 5967 5966 5948
f 5956 5967 5948
f 5968 5967 5956
f 5958 5968 5956
f 5969 5968 5958
f 5960 5969 5958
f 5936 5969 5960
f 5962 5936 5960
f 5933 5936 5962
f 5963 5933 5962
f 5970 5933 5963
f 5971 5970 5963
f 5944 5943 4136
f 5972 5943 5944
f 5964 5972 5944
f 5973 5972 5964
f 5965 5973 5964
f 5974 5973 5965
f 5966 5974 5965
f 5975 5974 5966
f 5967 5975 5966
f 5976 5975 5967
f 5968 5976 5967
f 5977 5976 5968
f 5969 5977 5968
f 5978 5977 5969
f 5936 5978 5969
f 5979 5978 5936
f 5935 5979 5936
f 5980 5979 5935
f 5938 5980 5935
f 5981 5980 5938
f 5940 5981 5938
f 4089 5981 5940
f 4091 4089 5940
f 5943 5942 4148
f 5982 5942 5943
f 5972 5982 5943
f 5983 5982 5972
f 5973 5983 5972
f 5984 5983 5973
f 5974 5984 5973
f 5985 5984 5974
f 5975 5985 5974
f 5986 5985 5975
f 5976 5986 5975
f 5987 5986 5976
f 5977 5987 5976
f 5988 5987 5977
f 5978 5988 5977
f 5989 5988 5978
f 5979 5989 5978
f 5990 5989 5979
f 5980 5990 5979
f 5991 5990 5980
f 5981 5991 5980
f 4088 5991 5981
f 4089 4088 5981
f 5942 5922 4087
f 5923 5922 5942
f 5982 5923 5942
f 5924 5923 5982
f 5983 5924 5982
f 5925 5924 5983
f 5984 5925 5983
f 5926 5925 5984
f 5985 5926 5984
f 5927 5926 5985
f 5986 5927 5985
f 5928 5927 5986
f 5987 5928 5986
f 5929 5928 5987
f 5988 5929 5987
f 5930 5929 5988
f 5989 5930 5988
f 5931 5930 5989
f 5990 5931 5989
f 5932 5931 5990
f 5991 5932 5990
f 4083 5932 5991
f 4088 4083 5991
f 5992 5993 5994
f 4151 5993 5992
f 5995 4243 4245
f 5996 4247 4249
f 5993 4151 4159
f 4164 5993 4159
f 5994 5993 4164
f 4166 5994 4164
f 4167 5997 5998
f 4250 4167 4162
f 5997 4167 4250
f 4251 5997 4250
f 5971 5963 5999
f 5955 6000 6001
f 6002 6000 5955
f 5950 6002 5955
f 6003 6004 6005
f 4203 6006 4220
f 6007 6006 4203
f 4192 6007 4203
f 6008 6007 4192
f 4182 6008 4192
f 6009 6008 4182
f 4170 6009 4182
f 6010 6009 4170
f 4156 6010 4170
f 6011 6010 4156
f 4151 6011 4156
f 5996 4251 4247
f 5997 4251 5996
f 6012 5997 5996
f 5998 5997 6012
f 6013 5998 6012
f 5995 4249 4243
f 5996 4249 5995
f 6014 5996 5995
f 6012 5996 6014
f 6015 6012 6014
f 6013 6012 6015
f 6016 6013 6015
f 6015 6017 6016
f 6018 6017 6015
f 6014 6018 6015
f 6019 6018 6014
f 5995 6019 6014
f 6020 6019 5995
f 4245 6020 5995
f 5999 6020 4245
f 6021 5999 4245
f 5971 5999 6021
f 6003 6000 6004
f 6001 6000 6003
f 6022 6001 6003
f 6023 6001 6022
f 6024 6023 6022
f 6025 6023 6024
f 6026 6025 6024
f 6027 6025 6026
f 6028 6027 6026
f 6026 6029 6028
f 6030 6029 6026
f 6024 6030 6026
f 6031 6030 6024
f 6022 6031 6024
f 6032 6031 6022
f 6003 6032 6022
f 6033 6032 6003
f 6005 6033 6003
f 6007 6005 6006
f 6033 6005 6007
f 6008 6033 6007
f 6032 6033 6008
f 6009 6032 6008
f 6031 6032 6009
f 6010 6031 6009
f 6030 6031 6010
f 6011 6030 6010
f 6029 6030 6011
f 4151 6029 6011
f 6029 4151 6028
f 6028 6034 6027
f 4151 6034 6028
f 6035 5963 5961
f 5999 5963 6035
f 6036 5999 6035
f 6020 5999 6036
f 6037 6020 6036
f 6019 6020 6037
f 6038 6019 6037
f 6018 6019 6038
f 6039 6018 6038
f 6017 6018 6039
f 4151 6017 6039
f 6017 4151 6016
f 5998 4166 4167
f 5994 4166 5998
f 6013 5994 5998
f 5992 5994 6013
f 6016 5992 6013
f 4151 5992 6016
f 6040 5961 5959
f 6035 5961 6040
f 6041 6035 6040
f 6036 6035 6041
f 6042 6036 6041
f 6037 6036 6042
f 6043 6037 6042
f 6038 6037 6043
f 6044 6038 6043
f 6039 6038 6044
f 4151 6039 6044
f 6045 5959 5957
f 6040 5959 6045
f 6046 6040 6045
f 6041 6040 6046
f 6047 6041 6046
f 6042 6041 6047
f 6048 6042 6047
f 6043 6042 6048
f 6049 6043 6048
f 6044 6043 6049
f 4151 6044 6049
f 6001 5957 5955
f 6045 5957 6001
f 6023 6045 6001
f 6046 6045 6023
f 6025 6046 6023
f 6047 6046 6025
f 6027 6047 6025
f 6048 6047 6027
f 6034 6048 6027
f 6049 6048 6034
f 4151 6049 6034
f 4257 6050 6051
f 4257 6052 6053
f 6054 4257 6053
f 4257 6054 6055
f 4257 6055 6056
f 4257 6056 6057
f 4257 6057 6058
f 4257 6058 6059
f 4257 6059 6060
f 4257 6060 4267
f 4242 4240 6061
f 6062 4242 6061
f 4239 6061 4240
f 6063 6061 4239
f 4237 6063 4239
f 4236 6063 4237
f 6064 6063 4236
f 4234 6064 4236
f 4275 6064 4234
f 4233 4275 4234
f 6050 4270 4271
f 4257 4270 6050
f 4257 6051 6052
f 6065 4271 4327
f 6066 4327 4315
f 6067 4315 4304
f 6068 4304 4291
f 6069 4304 6068
f 6070 6069 6068
f 6071 6072 6073
f 6074 6072 6071
f 6075 6074 6071
f 6076 6074 6075
f 6070 6076 6075
f 6077 6076 6070
f 6068 6077 6070
f 6078 6071 6073
f 6079 6071 6078
f 6080 6079 6078
f 6081 6079 6080
f 6082 6081 6080
f 6083 6081 6082
f 6084 6083 6082
f 6085 6083 6084
f 6086 6085 6084
f 6069 6067 4304
f 6087 6067 6069
f 6070 6087 6069
f 6088 6087 6070
f 6075 6088 6070
f 6089 6088 6075
f 6071 6089 6075
f 6090 6089 6071
f 6079 6090 6071
f 6091 6090 6079
f 6081 6091 6079
f 6092 6091 6081
f 6083 6092 6081
f 6062 6092 6083
f 6085 6062 6083
f 4242 6062 6085
f 6086 4242 6085
f 6093 4242 6086
f 6094 6093 6086
f 6067 6066 4315
f 6095 6066 6067
f 6087 6095 6067
f 6096 6095 6087
f 6088 6096 6087
f 6097 6096 6088
f 6089 6097 6088
f 6098 6097 6089
f 6090 6098 6089
f 6099 6098 6090
f 6091 6099 6090
f 6100 6099 6091
f 6092 6100 6091
f 6101 6100 6092
f 6062 6101 6092
f 6102 6101 6062
f 6061 6102 6062
f 6103 6102 6061
f 6063 6103 6061
f 6104 6103 6063
f 6064 6104 6063
f 4273 6104 6064
f 4275 4273 6064
f 6066 6065 4327
f 6105 6065 6066
f 6095 6105 6066
f 6106 6105 6095
f 6096 6106 6095
f 6107 6106 6096
f 6097 6107 6096
f 6108 6107 6097
f 6098 6108 6097
f 6109 6108 6098
f 6099 6109 6098
f 6110 6109 6099
f 6100 6110 6099
f 6111 6110 6100
f 6101 6111 6100
f 6112 6111 6101
f 6102 6112 6101
f 6113 6112 6102
f 6103 6113 6102
f 6114 6113 6103
f 6104 6114 6103
f 4272 6114 6104
f 4273 4272 6104
f 6065 6050 4271
f 6051 6050 6065
f 6105 6051 6065
f 6052 6051 6105
f 6106 6052 6105
f 6053 6052 6106
f 6107 6053 6106
f 6054 6053 6107
f 6108 6054 6107
f 6055 6054 6108
f 6109 6055 6108
f 6056 6055 6109
f 6110 6056 6109
f 6057 6056 6110
f 6111 6057 6110
f 6058 6057 6111
f 6112 6058 6111
f 6059 6058 6112
f 6113 6059 6112
f 6060 6059 6113
f 6114 6060 6113
f 4267 6060 6114
f 4272 4267 6114
f 6115 6116 6117
f 4330 6116 6115
f 6118 4411 4413
f 6119 4416 4415
f 6116 4330 4339
f 4344 6116 4339
f 6117 6116 4344
f 4346 6117 4344
f 4347 6120 6121
f 4419 4347 4342
f 6120 4347 4419
f 4418 6120 4419
f 6094 6086 6122
f 6078 6123 6124
f 6125 6123 6078
f 6073 6125 6078
f 6126 6127 6128
f 4372 6129 4399
f 6130 6129 4372
f 4362 6130 4372
f 6131 6130 4362
f 4349 6131 4362
f 6132 6131 4349
f 4337 6132 4349
f 6133 6132 4337
f 4336 6133 4337
f 6134 6133 4336
f 4330 6134 4336
f 6119 4418 4416
f 6120 4418 6119
f 6135 6120 6119
f 6121 6120 6135
f 6136 6121 6135
f 6118 4415 4411
f 6119 4415 6118
f 6137 6119 6118
f 6135 6119 6137
f 6138 6135 6137
f 6136 6135 6138
f 6139 6136 6138
f 6138 6140 6139
f 6141 6140 6138
f 6137 6141 6138
f 6142 6141 6137
f 6118 6142 6137
f 6143 6142 6118
f 4413 6143 6118
f 6122 6143 4413
f 6144 6122 4413
f 6094 6122 6144
f 6126 6123 6127
f 6124 6123 6126
f 6145 6124 6126
f 6146 6124 6145
f 6147 6146 6145
f 6148 6146 6147
f 6149 6148 6147
f 6150 6148 6149
f 6151 6150 6149
f 6149 6152 6151
f 6153 6152 6149
f 6147 6153 6149
f 6154 6153 6147
f 6145 6154 6147
f 6155 6154 6145
f 6126 6155 6145
f 6156 6155 6126
f 6128 6156 6126
f 6130 6128 6129
f 6156 6128 6130
f 6131 6156 6130
f 6155 6156 6131
f 6132 6155 6131
f 6154 6155 6132
f 6133 6154 6132
f 6153 6154 6133
f 6134 6153 6133
f 6152 6153 6134
f 4330 6152 6134
f 6152 4330 6151
f 6151 6157 6150
f 4330 6157 6151
f 6158 6086 6084
f 6122 6086 6158
f 6159 6122 6158
f 6143 6122 6159
f 6160 6143 6159
f 6142 6143 6160
f 6161 6142 6160
f 6141 6142 6161
f 6162 6141 6161
f 6140 6141 6162
f 4330 6140 6162
f 6140 4330 6139
f 6121 4346 4347
f 6117 4346 6121
f 6136 6117 6121
f 6115 6117 6136
f 6139 6115 6136
f 4330 6115 6139
f 6163 6084 6082
f 6158 6084 6163
f 6164 6158 6163
f 6159 6158 6164
f 6165 6159 6164
f 6160 6159 6165
f 6166 6160 6165
f 6161 6160 6166
f 6167 6161 6166
f 6162 6161 6167
f 4330 6162 6167
f 6168 6082 6080
f 6163 6082 6168
f 6169 6163 6168
f 6164 6163 6169
f 6170 6164 6169
f 6165 6164 6170
f 6171 6165 6170
f 6166 6165 6171
f 6172 6166 6171
f 6167 6166 6172
f 4330 6167 6172
f 6124 6080 6078
f 6168 6080 6124
f 6146 6168 6124
f 6169 6168 6146
f 6148 6169 6146
f 6170 6169 6148
f 6150 6170 6148
f 6171 6170 6150
f 6157 6171 6150
f 6172 6171 6157
f 4330 6172 6157
f 4436 6173 6174
f 4436 6175 6176
f 6177 4436 6176
f 4436 6177 6178
f 4436 6178 6179
f 4436 6179 6180
f 4436 6180 6181
f 4436 6181 6182
f 4436 6182 6183
f 4436 6183 4446
f 4410 4408 6184
f 6185 4410 6184
f 4407 6184 4408
f 6186 6184 4407
f 4405 6186 4407
f 4402 6186 4405
f 6187 6186 4402
f 4401 6187 4402
f 4454 6187 4401
f 4428 4454 4401
f 6173 4449 4450
f 4436 4449 6173
f 4436 6174 6175
f 6188 4450 4506
f 6189 4506 4494
f 6190 4494 4483
f 6191 4483 4470
f 6192 4483 6191
f 6193 6192 6191
f 6194 6195 6196
f 6197 6195 6194
f 6198 6197 6194
f 6199 6197 6198
f 6193 6199 6198
f 6200 6199 6193
f 6191 6200 6193
f 6201 6194 6196
f 6202 6194 6201
f 6203 6202 6201
f 6204 6202 6203
f 6205 6204 6203
f 6206 6204 6205
f 6207 6206 6205
f 6208 6206 6207
f 6209 6208 6207
f 6192 6190 4483
f 6210 6190 6192
f 6193 6210 6192
f 6211 6210 6193
f 6198 6211 6193
f 6212 6211 6198
f 6194 6212 6198
f 6213 6212 6194
f 6202 6213 6194
f 6214 6213 6202
f 6204 6214 6202
f 6215 6214 6204
f 6206 6215 6204
f 6185 6215 6206
f 6208 6185 6206
f 4410 6185 6208
f 6209 4410 6208
f 6216 4410 6209
f 6217 6216 6209
f 6190 6189 4494
f 6218 6189 6190
f 6210 6218 6190
f 6219 6218 6210
f 6211 6219 6210
f 6220 6219 6211
f 6212 6220 6211
f 6221 6220 6212
f 6213 6221 6212
f 6222 6221 6213
f 6214 6222 6213
f 6223 6222 6214
f 6215 6223 6214
f 6224 6223 6215
f 6185 6224 6215
f 6225 6224 6185
f 6184 6225 6185
f 6226 6225 6184
f 6186 6226 6184
f 6227 6226 6186
f 6187 6227 6186
f 4452 6227 6187
f 4454 4452 6187
f 6189 6188 4506
f 6228 6188 6189
f 6218 6228 6189
f 6229 6228 6218
f 6219 6229 6218
f 6230 6229 6219
f 6220 6230 6219
f 6231 6230 6220
f 6221 6231 6220
f 6232 6231 6221
f 6222 6232 6221
f 6233 6232 6222
f 6223 6233 6222
f 6234 6233 6223
f 6224 6234 6223
f 6235 6234 6224
f 6225 6235 6224
f 6236 6235 6225
f 6226 6236 6225
f 6237 6236 6226
f 6227 6237 6226
f 4451 6237 6227
f 4452 4451 6227
f 6188 6173 4450
f 6174 6173 6188
f 6228 6174 6188
f 6175 6174 6228
f 6229 6175 6228
f 6176 6175 6229
f 6230 6176 6229
f 6177 6176 6230
f 6231 6177 6230
f 6178 6177 6231
f 6232 6178 6231
f 6179 6178 6232
f 6233 6179 6232
f 6180 6179 6233
f 6234 6180 6233
f 6181 6180 6234
f 6235 6181 6234
f 6182 6181 6235
f 6236 6182 6235
f 6183 6182 6236
f 6237 6183 6236
f 4446 6183 6237
f 4451 4446 6237
f 6238 6239 6240
f 6241 4514 4515
f 6242 4515 4517
f 6241 4515 6242
f 6243 6241 6242
f 4509 6241 6243
f 6244 6245 6246
f 6247 6245 6244
f 6217 6209 6248
f 6201 6249 6250
f 6251 6249 6201
f 6196 6251 6201
f 6252 6253 6254
f 4558 6255 4577
f 6256 6255 4558
f 4547 6256 4558
f 6257 6256 4547
f 4537 6257 4547
f 6258 6257 4537
f 4525 6258 4537
f 6259 6258 4525
f 4511 6259 4525
f 6260 6259 4511
f 4509 6260 4511
f 6261 4517 4519
f 6242 4517 6261
f 6262 6242 6261
f 6243 6242 6262
f 6263 6243 6262
f 4509 6243 6263
f 6263 6264 4509
f 6265 6264 6263
f 6262 6265 6263
f 6266 6265 6262
f 6261 6266 6262
f 6267 6266 6261
f 4519 6267 6261
f 6241 4509 4514
f 6238 6246 6239
f 6244 6246 6238
f 6268 6244 6238
f 6248 6269 6217
f 6240 6269 6248
f 6270 6240 6248
f 6238 6240 6270
f 6271 6238 6270
f 6268 6238 6271
f 6272 6268 6271
f 6252 6249 6253
f 6250 6249 6252
f 6273 6250 6252
f 6274 6250 6273
f 6275 6274 6273
f 6276 6274 6275
f 6277 6276 6275
f 6278 6276 6277
f 6279 6278 6277
f 6277 6280 6279
f 6281 6280 6277
f 6275 6281 6277
f 6282 6281 6275
f 6273 6282 6275
f 6283 6282 6273
f 6252 6283 6273
f 6284 6283 6252
f 6254 6284 6252
f 6256 6254 6255
f 6284 6254 6256
f 6257 6284 6256
f 6283 6284 6257
f 6258 6283 6257
f 6282 6283 6258
f 6259 6282 6258
f 6281 6282 6259
f 6260 6281 6259
f 6280 6281 6260
f 4509 6280 6260
f 6280 4509 6279
f 6279 6285 6278
f 4509 6285 6279
f 6286 6209 6207
f 6248 6209 6286
f 6287 6248 6286
f 6270 6248 6287
f 6288 6270 6287
f 6271 6270 6288
f 6289 6271 6288
f 6272 6271 6289
f 6290 6272 6289
f 6289 6291 6290
f 6292 6291 6289
f 6288 6292 6289
f 6293 6292 6288
f 6287 6293 6288
f 6294 6293 6287
f 6286 6294 6287
f 6295 6294 6286
f 6207 6295 6286
f 6205 6295 6207
f 6296 6205 6203
f 6295 6205 6296
f 6297 6295 6296
f 6294 6295 6297
f 6298 6294 6297
f 6293 6294 6298
f 6299 6293 6298
f 6292 6293 6299
f 6300 6292 6299
f 6291 6292 6300
f 4509 6291 6300
f 6291 4509 6290
f 6247 4519 4521
f 6267 4519 6247
f 6244 6267 6247
f 6266 6267 6244
f 6268 6266 6244
f 6265 6266 6268
f 6272 6265 6268
f 6264 6265 6272
f 6290 6264 6272
f 4509 6264 6290
f 6250 6203 6201
f 6296 6203 6250
f 6274 6296 6250
f 6297 6296 6274
f 6276 6297 6274
f 6298 6297 6276
f 6278 6298 6276
f 6299 6298 6278
f 6285 6299 6278
f 6300 6299 6285
f 4509 6300 6285
f 4578 6301 6302
f 4578 6303 6304
f 6305 4578 6304
f 4578 6305 6306
f 4578 6306 6307
f 4578 6307 6308
f 4578 6308 6309
f 4578 6309 6310
f 4578 6310 6311
f 4578 6311 4588
f 6312 6313 6314
f 6315 6312 6314
f 6316 6314 6313
f 6317 6314 6316
f 6318 6317 6316
f 6319 6317 6318
f 6320 6319 6318
f 4596 6319 6320
f 4599 4596 6320
f 6301 4591 4592
f 4578 4591 6301
f 4578 6302 6303
f 6321 4592 4653
f 6322 4653 4641
f 6323 4641 4630
f 6324 4630 4617
f 6325 4630 6324
f 6326 6325 6324
f 6327 6328 6329
f 6330 6328 6327
f 6331 6330 6327
f 6332 6330 6331
f 6326 6332 6331
f 6333 6332 6326
f 6324 6333 6326
f 6334 6327 6329
f 6335 6327 6334
f 6336 6335 6334
f 6337 6335 6336
f 6338 6337 6336
f 6339 6337 6338
f 6340 6339 6338
f 6341 6339 6340
f 6342 6341 6340
f 6325 6323 4630
f 6343 6323 6325
f 6326 6343 6325
f 6344 6343 6326
f 6331 6344 6326
f 6345 6344 6331
f 6327 6345 6331
f 6346 6345 6327
f 6335 6346 6327
f 6347 6346 6335
f 6337 6347 6335
f 6348 6347 6337
f 6339 6348 6337
f 6315 6348 6339
f 6341 6315 6339
f 6312 6315 6341
f 6342 6312 6341
f 6349 6312 6342
f 6350 6349 6342
f 6323 6322 4641
f 6351 6322 6323
f 6343 6351 6323
f 6352 6351 6343
f 6344 6352 6343
f 6353 6352 6344
f 6345 6353 6344
f 6354 6353 6345
f 6346 6354 6345
f 6355 6354 6346
f 6347 6355 6346
f 6356 6355 6347
f 6348 6356 6347
f 6357 6356 6348
f 6315 6357 6348
f 6358 6357 6315
f 6314 6358 6315
f 6359 6358 6314
f 6317 6359 6314
f 6360 6359 6317
f 6319 6360 6317
f 4594 6360 6319
f 4596 4594 6319
f 6322 6321 4653
f 6361 6321 6322
f 6351 6361 6322
f 6362 6361 6351
f 6352 6362 6351
f 6363 6362 6352
f 6353 6363 6352
f 6364 6363 6353
f 6354 6364 6353
f 6365 6364 6354
f 6355 6365 6354
f 6366 6365 6355
f 6356 6366 6355
f 6367 6366 6356
f 6357 6367 6356
f 6368 6367 6357
f 6358 6368 6357
f 6369 6368 6358
f 6359 6369 6358
f 6370 6369 6359
f 6360 6370 6359
f 4593 6370 6360
f 4594 4593 6360
f 6321 6301 4592
f 6302 6301 6321
f 6361 6302 6321
f 6303 6302 6361
f 6362 6303 6361
f 6304 6303 6362
f 6363 6304 6362
f 6305 6304 6363
f 6364 6305 6363
f 6306 6305 6364
f 6365 6306 6364
f 6307 6306 6365
f 6366 6307 6365
f 6308 6307 6366
f 6367 6308 6366
f 6309 6308 6367
f 6368 6309 6367
f 6310 6309 6368
f 6369 6310 6368
f 6311 6310 6369
f 6370 6311 6369
f 4588 6311 6370
f 4593 4588 6370
f 6371 6372 6373
f 4656 6372 6371
f 6374 4748 4750
f 6375 4752 4754
f 6372 4656 4664
f 4669 6372 4664
f 6373 6372 4669
f 4671 6373 4669
f 4672 6376 6377
f 4755 4672 4667
f 6376 4672 4755
f 4756 6376 4755
f 6350 6342 6378
f 6334 6379 6380
f 6381 6379 6334
f 6329 6381 6334
f 6382 6383 6384
f 4708 6385 4725
f 6386 6385 4708
f 4697 6386 4708
f 6387 6386 4697
f 4687 6387 4697
f 6388 6387 4687
f 4675 6388 4687
f 6389 6388 4675
f 4661 6389 4675
f 6390 6389 4661
f 4656 6390 4661
f 6375 4756 4752
f 6376 4756 6375
f 6391 6376 6375
f 6377 6376 6391
f 6392 6377 6391
f 6374 4754 4748
f 6375 4754 6374
f 6393 6375 6374
f 6391 6375 6393
f 6394 6391 6393
f 6392 6391 6394
f 6395 6392 6394
f 6394 6396 6395
f 6397 6396 6394
f 6393 6397 6394
f 6398 6397 6393
f 6374 6398 6393
f 6399 6398 6374
f 4750 6399 6374
f 6378 6399 4750
f 6400 6378 4750
f 6350 6378 6400
f 6382 6379 6383
f 6380 6379 6382
f 6401 6380 6382
f 6402 6380 6401
f 6403 6402 6401
f 6404 6402 6403
f 6405 6404 6403
f 6406 6404 6405
f 6407 6406 6405
f 6405 6408 6407
f 6409 6408 6405
f 6403 6409 6405
f 6410 6409 6403
f 6401 6410 6403
f 6411 6410 6401
f 6382 6411 6401
f 6412 6411 6382
f 6384 6412 6382
f 6386 6384 6385
f 6412 6384 6386
f 6387 6412 6386
f 6411 6412 6387
f 6388 6411 6387
f 6410 6411 6388
f 6389 6410 6388
f 6409 6410 6389
f 6390 6409 6389
f 6408 6409 6390
f 4656 6408 6390
f 6408 4656 6407
f 6407 6413 6406
f 4656 6413 6407
f 6414 6342 6340
f 6378 6342 6414
f 6415 6378 6414
f 6399 6378 6415
f 6416 6399 6415
f 6398 6399 6416
f 6417 6398 6416
f 6397 6398 6417
f 6418 6397 6417
f 6396 6397 6418
f 4656 6396 6418
f 6396 4656 6395
f 6377 4671 4672
f 6373 4671 6377
f 6392 6373 6377
f 6371 6373 6392
f 6395 6371 6392
f 4656 6371 6395
f 6419 6340 6338
f 6414 6340 6419
f 6420 6414 6419
f 6415 6414 6420
f 6421 6415 6420
f 6416 6415 6421
f 6422 6416 6421
f 6417 6416 6422
f 6423 6417 6422
f 6418 6417 6423
f 4656 6418 6423
f 6424 6338 6336
f 6419 6338 6424
f 6425 6419 6424
f 6420 6419 6425
f 6426 6420 6425
f 6421 6420 6426
f 6427 6421 6426
f 6422 6421 6427
f 6428 6422 6427
f 6423 6422 6428
f 4656 6423 6428
f 6380 6336 6334
f 6424 6336 6380
f 6402 6424 6380
f 6425 6424 6402
f 6404 6425 6402
f 6426 6425 6404
f 6406 6426 6404
f 6427 6426 6406
f 6413 6427 6406
f 6428 6427 6413
f 4656 6428 6413
f 4762 6429 6430
f 4762 6431 6432
f 6433 4762 6432
f 4762 6433 6434
f 4762 6434 6435
f 4762 6435 6436
f 4762 6436 6437
f 4762 6437 6438
f 4762 6438 6439
f 4762 6439 4772
f 4747 4745 6440
f 6441 4747 6440
f 4744 6440 4745
f 6442 6440 4744
f 4742 6442 4744
f 4741 6442 4742
f 6443 6442 4741
f 4739 6443 4741
f 4782 6443 4739
f 4738 4782 4739
f 6429 4776 4777
f 4762 4776 6429
f 4762 6430 6431
f 6444 4777 4832
f 6445 4832 4821
f 6446 4821 4810
f 6447 4810 4798
f 6448 4810 6447
f 6449 6448 6447
f 6450 6451 6452
f 6453 6451 6450
f 6454 6453 6450
f 6455 6453 6454
f 6449 6455 6454
f 6456 6455 6449
f 6447 6456 6449
f 6457 6450 6452
f 6458 6450 6457
f 6459 6458 6457
f 6460 6458 6459
f 6461 6460 6459
f 6462 6460 6461
f 6463 6462 6461
f 6464 6462 6463
f 6465 6464 6463
f 6448 6446 4810
f 6466 6446 6448
f 6449 6466 6448
f 6467 6466 6449
f 6454 6467 6449
f 6468 6467 6454
f 6450 6468 6454
f 6469 6468 6450
f 6458 6469 6450
f 6470 6469 6458
f 6460 6470 6458
f 6471 6470 6460
f 6462 6471 6460
f 6441 6471 6462
f 6464 6441 6462
f 4747 6441 6464
f 6465 4747 6464
f 6472 4747 6465
f 6473 6472 6465
f 6446 6445 4821
f 6474 6445 6446
f 6466 6474 6446
f 6475 6474 6466
f 6467 6475 6466
f 6476 6475 6467
f 6468 6476 6467
f 6477 6476 6468
f 6469 6477 6468
f 6478 6477 6469
f 6470 6478 6469
f 6479 6478 6470
f 6471 6479 6470
f 6480 6479 6471
f 6441 6480 6471
f 6481 6480 6441
f 6440 6481 6441
f 6482 6481 6440
f 6442 6482 6440
f 6483 6482 6442
f 6443 6483 6442
f 4780 6483 6443
f 4782 4780 6443
f 6445 6444 4832
f 6484 6444 6445
f 6474 6484 6445
f 6485 6484 6474
f 6475 6485 6474
f 6486 6485 6475
f 6476 6486 6475
f 6487 6486 6476
f 6477 6487 6476
f 6488 6487 6477
f 6478 6488 6477
f 6489 6488 6478
f 6479 6489 6478
f 6490 6489 6479
f 6480 6490 6479
f 6491 6490 6480
f 6481 6491 6480
f 6492 6491 6481
f 6482 6492 6481
f 6493 6492 6482
f 6483 6493 6482
f 4778 6493 6483
f 4780 4778 6483
f 6444 6429 4777
f 6430 6429 6444
f 6484 6430 6444
f 6431 6430 6484
f 6485 6431 6484
f 6432 6431 6485
f 6486 6432 6485
f 6433 6432 6486
f 6487 6433 6486
f 6434 6433 6487
f 6488 6434 6487
f 6435 6434 6488
f 6489 6435 6488
f 6436 6435 6489
f 6490 6436 6489
f 6437 6436 6490
f 6491 6437 6490
f 6438 6437 6491
f 6492 6438 6491
f 6439 6438 6492
f 6493 6439 6492
f 4772 6439 6493
f 4778 4772 6493
f 6494 6495 6496
f 4843 6495 6494
f 6497 6498 6499
f 6500 4928 4930
f 6501 4932 4934
f 6495 4843 4845
f 4850 6495 4845
f 6496 6495 4850
f 4852 6496 4850
f 4853 6502 6503
f 4935 4853 4848
f 6502 4853 4935
f 4936 6502 4935
f 6473 6465 6504
f 6457 6505 6506
f 6507 6505 6457
f 6452 6507 6457
f 4882 6508 4884
f 6509 6508 4882
f 4867 6509 4882
f 6510 6509 4867
f 4863 6510 4867
f 6511 6510 4863
f 4856 6511 4863
f 6512 6511 4856
f 4841 6512 4856
f 6513 6512 4841
f 4843 6513 4841
f 6501 4936 4932
f 6502 4936 6501
f 6514 6502 6501
f 6503 6502 6514
f 6515 6503 6514
f 6500 4934 4928
f 6501 4934 6500
f 6516 6501 6500
f 6514 6501 6516
f 6517 6514 6516
f 6515 6514 6517
f 6518 6515 6517
f 6517 6519 6518
f 6520 6519 6517
f 6516 6520 6517
f 6521 6520 6516
f 6500 6521 6516
f 6522 6521 6500
f 4930 6522 6500
f 6504 6522 4930
f 6523 6504 4930
f 6473 6504 6523
f 6497 6505 6498
f 6506 6505 6497
f 6524 6506 6497
f 6525 6506 6524
f 6526 6525 6524
f 6527 6525 6526
f 6528 6527 6526
f 6529 6527 6528
f 6530 6529 6528
f 6528 6531 6530
f 6532 6531 6528
f 6526 6532 6528
f 6533 6532 6526
f 6524 6533 6526
f 6534 6533 6524
f 6497 6534 6524
f 6535 6534 6497
f 6499 6535 6497
f 6536 6535 6499
f 6509 6536 6508
f 6535 6536 6509
f 6510 6535 6509
f 6534 6535 6510
f 6511 6534 6510
f 6533 6534 6511
f 6512 6533 6511
f 6532 6533 6512
f 6513 6532 6512
f 6531 6532 6513
f 4843 6531 6513
f 6531 4843 6530
f 6530 6537 6529
f 4843 6537 6530
f 6538 6465 6463
f 6504 6465 6538
f 6539 6504 6538
f 6522 6504 6539
f 6540 6522 6539
f 6521 6522 6540
f 6541 6521 6540
f 6520 6521 6541
f 6542 6520 6541
f 6519 6520 6542
f 4843 6519 6542
f 6519 4843 6518
f 6503 4852 4853
f 6496 4852 6503
f 6515 6496 6503
f 6494 6496 6515
f 6518 6494 6515
f 4843 6494 6518
f 6543 6463 6461
f 6538 6463 6543
f 6544 6538 6543
f 6539 6538 6544
f 6545 6539 6544
f 6540 6539 6545
f 6546 6540 6545
f 6541 6540 6546
f 6547 6541 6546
f 6542 6541 6547
f 4843 6542 6547
f 6548 6461 6459
f 6543 6461 6548
f 6549 6543 6548
f 6544 6543 6549
f 6550 6544 6549
f 6545 6544 6550
f 6551 6545 6550
f 6546 6545 6551
f 6552 6546 6551
f 6547 6546 6552
f 4843 6547 6552
f 6506 6459 6457
f 6548 6459 6506
f 6525 6548 6506
f 6549 6548 6525
f 6527 6549 6525
f 6550 6549 6527
f 6529 6550 6527
f 6551 6550 6529
f 6537 6551 6529
f 6552 6551 6537
f 4843 6552 6537
f 4942 6553 6554
f 4942 6555 6556
f 6557 4942 6556
f 4942 6557 6558
f 4942 6558 6559
f 4942 6559 6560
f 4942 6560 6561
f 4942 6561 6562
f 4942 6562 6563
f 6564 6565 6566
f 4942 6563 4957
f 4927 4925 6567
f 6568 4927 6567
f 4924 6567 4925
f 6569 6567 4924
f 4922 6569 4924
f 4921 6569 4922
f 6570 6569 4921
f 4919 6570 4921
f 4962 6570 4919
f 4918 4962 4919
f 6553 4955 4956
f 4942 4955 6553
f 4942 6554 6555
f 6571 4956 5008
f 6572 5008 4997
f 6573 4997 4986
f 4986 6566 6565
f 6574 6566 4986
f 4970 6574 4986
f 6575 6576 5242
f 6577 6576 6575
f 6578 6577 6575
f 6579 6577 6578
f 6564 6579 6578
f 6580 6579 6564
f 6566 6580 6564
f 5241 6575 5242
f 6581 6575 5241
f 5264 6581 5241
f 6582 6581 5264
f 5262 6582 5264
f 6583 6582 5262
f 5260 6583 5262
f 6584 6583 5260
f 5258 6584 5260
f 6565 6573 4986
f 6585 6573 6565
f 6564 6585 6565
f 6586 6585 6564
f 6578 6586 6564
f 6587 6586 6578
f 6575 6587 6578
f 6588 6587 6575
f 6581 6588 6575
f 6589 6588 6581
f 6582 6589 6581
f 6590 6589 6582
f 6583 6590 6582
f 6568 6590 6583
f 6584 6568 6583
f 4927 6568 6584
f 5258 4927 6584
f 6591 4927 5258
f 5257 6591 5258
f 6573 6572 4997
f 6592 6572 6573
f 6585 6592 6573
f 6593 6592 6585
f 6586 6593 6585
f 6594 6593 6586
f 6587 6594 6586
f 6595 6594 6587
f 6588 6595 6587
f 6596 6595 6588
f 6589 6596 6588
f 6597 6596 6589
f 6590 6597 6589
f 6598 6597 6590
f 6568 6598 6590
f 6599 6598 6568
f 6567 6599 6568
f 6600 6599 6567
f 6569 6600 6567
f 6601 6600 6569
f 6570 6601 6569
f 4960 6601 6570
f 4962 4960 6570
f 6572 6571 5008
f 6602 6571 6572
f 6592 6602 6572
f 6603 6602 6592
f 6593 6603 6592
f 6604 6603 6593
f 6594 6604 6593
f 6605 6604 6594
f 6595 6605 6594
f 6606 6605 6595
f 6596 6606 6595
f 6607 6606 6596
f 6597 6607 6596
f 6608 6607 6597
f 6598 6608 6597
f 6609 6608 6598
f 6599 6609 6598
f 6610 6609 6599
f 6600 6610 6599
f 6611 6610 6600
f 6601 6611 6600
f 4958 6611 6601
f 4960 4958 6601
f 6571 6553 4956
f 6554 6553 6571
f 6602 6554 6571
f 6555 6554 6602
f 6603 6555 6602
f 6556 6555 6603
f 6604 6556 6603
f 6557 6556 6604
f 6605 6557 6604
f 6558 6557 6605
f 6606 6558 6605
f 6559 6558 6606
f 6607 6559 6606
f 6560 6559 6607
f 6608 6560 6607
f 6561 6560 6608
f 6609 6561 6608
f 6562 6561 6609
f 6610 6562 6609
f 6563 6562 6610
f 6611 6563 6610
f 4957 6563 6611
f 4958 4957 6611
f 6612 6499 6498
f 6613 6508 6536
f 6614 6579 6580
f 6566 6614 6580
f 5763 6574 4970
f 6615 6574 5763
f 5765 6615 5763
f 6613 6615 5765
f 5767 6613 5765
f 6508 6613 5767
f 4884 6508 5767
f 6614 6577 6579
f 6616 6577 6614
f 6612 6616 6614
f 6617 6616 6612
f 6498 6617 6612
f 6505 6617 6498
f 6615 6566 6574
f 6614 6566 6615
f 6613 6614 6615
f 6612 6614 6613
f 6536 6612 6613
f 6499 6612 6536
f 6618 6619 6620
f 6621 6618 6620
f 6622 6618 6621
f 6623 6622 6621
f 6624 6622 6623
f 6625 6624 6623
f 6626 6624 6625
f 6627 6626 6625
f 6628 6626 6627
f 6629 6628 6627
f 6630 6628 6629
f 6631 6630 6629
f 6632 6630 6631
f 6633 6632 6631
f 6634 6632 6633
f 6635 6634 6633
f 6636 6634 6635
f 6637 6636 6635
f 6638 6636 6637
f 6639 6638 6637
f 6640 6638 6639
f 6641 6640 6639
f 6641 6642 6640
f 6643 6642 6641
f 6644 6643 6641
f 6645 6643 6644
f 6646 6645 6644
f 6647 6645 6646
f 6648 6647 6646
f 6649 6647 6648
f 6650 6649 6648
f 6651 6649 6650
f 6652 6651 6650
f 6653 6651 6652
f 6654 6653 6652
f 6655 6653 6654
f 6656 6655 6654
f 6657 6655 6656
f 6658 6657 6656
f 6659 6657 6658
f 6660 6659 6658
f 6661 6662 6663
f 6664 6662 6661
f 6665 6664 6661
f 6663 6666 6661
f 6667 6666 6663
f 6668 6667 6663
f 6669 6667 6668
f 6670 6669 6668
f 6671 6669 6670
f 6672 6671 6670
f 6673 6671 6672
f 6674 6673 6672
f 6675 6676 6677
f 6675 6673 6674
f 6678 6673 6675
f 6677 6678 6675
f 6679 6678 6677
f 6680 6679 6677
f 6681 6679 6680
f 6682 6681 6680
f 6683 6681 6682
f 6684 6683 6682
f 6685 6683 6684
f 6686 6685 6684
f 6660 6685 6686
f 6659 6660 6686
f 6661 6687 6665
f 6688 6687 6661
f 6689 6688 6661
f 6690 6688 6689
f 6691 6690 6689
f 6692 6690 6691
f 6693 6692 6691
f 6694 6692 6693
f 6695 6694 6693
f 6696 6694 6695
f 6697 6696 6695
f 6698 6696 6697
f 6699 6698 6697
f 6700 6698 6699
f 6701 6700 6699
f 6702 6700 6701
f 6703 6702 6701
f 6619 6702 6703
f 6620 6619 6703
f 6704 6705 6706
f 6707 6708 6709
f 6710 6711 6712
f 6713 6714 6715
f 6716 6717 6718
f 6719 6720 6721
f 6722 6723 6724
f 6725 6635 6633
f 6726 6631 6629
f 6625 6727 6728
f 6729 6727 6625
f 6730 6729 6625
f 6731 6729 6730
f 6732 6731 6730
f 6733 6731 6732
f 6734 6733 6732
f 6621 6735 6736
f 6654 6721 6737
f 6738 6650 6648
f 6739 6740 6741
f 6635 6742 6743
f 6633 6744 6725
f 6745 6744 6633
f 6746 6745 6633
f 6629 6747 6726
f 6748 6747 6629
f 6749 6748 6629
f 6750 6705 6704
f 6751 6705 6750
f 6752 6751 6750
f 6753 6751 6752
f 6754 6753 6752
f 6629 6706 6749
f 6704 6706 6629
f 6627 6704 6629
f 6755 6704 6627
f 6625 6755 6627
f 6756 6755 6625
f 6728 6756 6625
f 6757 6621 6736
f 6695 6758 6759
f 6685 6760 6761
f 6648 6762 6738
f 6763 6762 6648
f 6764 6763 6648
f 6765 6708 6707
f 6766 6708 6765
f 6767 6766 6765
f 6768 6766 6767
f 6769 6768 6767
f 6646 6770 6771
f 6637 6741 6772
f 6773 6711 6710
f 6774 6711 6773
f 6775 6774 6773
f 6776 6774 6775
f 6777 6776 6775
f 6633 6712 6746
f 6710 6712 6633
f 6631 6710 6633
f 6778 6710 6631
f 6779 6778 6631
f 6631 6780 6779
f 6781 6780 6631
f 6726 6781 6631
f 6782 6781 6726
f 6783 6782 6726
f 6784 6782 6783
f 6785 6784 6783
f 6786 6784 6785
f 6787 6786 6785
f 6699 6788 6789
f 6790 6791 6699
f 6792 6685 6761
f 6644 6770 6646
f 6793 6794 6795
f 6623 6796 6797
f 6798 6796 6623
f 6799 6798 6623
f 6800 6798 6799
f 6801 6800 6799
f 6802 6800 6801
f 6803 6802 6801
f 6804 6805 6735
f 6806 6714 6713
f 6807 6714 6806
f 6808 6807 6806
f 6809 6807 6808
f 6810 6809 6808
f 6697 6715 6811
f 6713 6715 6697
f 6695 6713 6697
f 6812 6713 6695
f 6759 6812 6695
f 6813 6717 6716
f 6814 6717 6813
f 6815 6814 6813
f 6816 6814 6815
f 6817 6816 6815
f 6818 6819 6820
f 6821 6822 6823
f 6824 6720 6719
f 6825 6720 6824
f 6826 6825 6824
f 6827 6825 6826
f 6828 6827 6826
f 6829 6723 6722
f 6830 6723 6829
f 6831 6830 6829
f 6832 6830 6831
f 6833 6832 6831
f 6652 6724 6834
f 6722 6724 6652
f 6650 6722 6652
f 6835 6722 6650
f 6836 6835 6650
f 6650 6837 6836
f 6838 6837 6650
f 6738 6838 6650
f 6839 6838 6738
f 6840 6839 6738
f 6841 6839 6840
f 6842 6841 6840
f 6843 6841 6842
f 6844 6843 6842
f 6648 6709 6764
f 6707 6709 6648
f 6646 6707 6648
f 6845 6707 6646
f 6771 6845 6646
f 6644 6846 6770
f 6847 6846 6644
f 6848 6847 6644
f 6849 6847 6848
f 6850 6849 6848
f 6851 6849 6850
f 6852 6851 6850
f 6725 6742 6635
f 6853 6742 6725
f 6854 6853 6725
f 6855 6853 6854
f 6856 6855 6854
f 6857 6855 6856
f 6858 6857 6856
f 6859 6860 6861
f 6625 6862 6730
f 6863 6862 6625
f 6623 6863 6625
f 6864 6863 6623
f 6797 6864 6623
f 6865 6805 6804
f 6866 6805 6865
f 6867 6866 6865
f 6697 6790 6699
f 6868 6790 6697
f 6811 6868 6697
f 6869 6870 6871
f 6872 6873 6760
f 6656 6874 6875
f 6876 6874 6656
f 6654 6876 6656
f 6877 6876 6654
f 6737 6877 6654
f 6654 6719 6721
f 6878 6719 6654
f 6652 6878 6654
f 6879 6878 6652
f 6834 6879 6652
f 6880 6881 6882
f 6883 6740 6739
f 6884 6740 6883
f 6885 6884 6883
f 6886 6884 6885
f 6887 6886 6885
f 6637 6739 6741
f 6888 6739 6637
f 6635 6888 6637
f 6889 6888 6635
f 6743 6889 6635
f 6890 6891 6892
f 6893 6894 6895
f 6896 6734 6897
f 6733 6734 6896
f 6793 6733 6896
f 6898 6733 6793
f 6795 6898 6793
f 6623 6899 6799
f 6900 6899 6623
f 6621 6900 6623
f 6901 6900 6621
f 6757 6901 6621
f 6621 6804 6735
f 6902 6804 6621
f 6620 6902 6621
f 6903 6902 6620
f 6703 6903 6620
f 6701 6904 6905
f 6906 6904 6701
f 6907 6906 6701
f 6908 6906 6907
f 6909 6908 6907
f 6910 6908 6909
f 6911 6910 6909
f 6791 6788 6699
f 6912 6788 6791
f 6913 6912 6791
f 6914 6912 6913
f 6915 6914 6913
f 6916 6914 6915
f 6917 6916 6915
f 6918 6919 6920
f 6673 6921 6922
f 6683 6923 6924
f 6925 6923 6683
f 6926 6925 6683
f 6927 6925 6926
f 6928 6927 6926
f 6929 6927 6928
f 6930 6929 6928
f 6931 6873 6872
f 6932 6873 6931
f 6933 6932 6931
f 6685 6872 6760
f 6934 6872 6685
f 6660 6934 6685
f 6935 6934 6660
f 6658 6935 6660
f 6656 6936 6937
f 6938 6936 6656
f 6875 6938 6656
f 6939 6938 6875
f 6940 6939 6875
f 6941 6939 6940
f 6942 6941 6940
f 6641 6943 6944
f 6945 6943 6641
f 6946 6945 6641
f 6947 6945 6946
f 6948 6947 6946
f 6949 6947 6948
f 6950 6949 6948
f 6639 6951 6952
f 6953 6951 6639
f 6954 6953 6639
f 6955 6953 6954
f 6956 6955 6954
f 6957 6955 6956
f 6958 6957 6956
f 6639 6959 6954
f 6960 6959 6639
f 6637 6960 6639
f 6961 6960 6637
f 6772 6961 6637
f 6962 6754 6963
f 6753 6754 6962
f 6859 6753 6962
f 6964 6753 6859
f 6861 6964 6859
f 6965 6966 6967
f 6701 6903 6703
f 6968 6903 6701
f 6905 6968 6701
f 6701 6969 6907
f 6970 6969 6701
f 6699 6970 6701
f 6971 6970 6699
f 6789 6971 6699
f 6972 6973 6974
f 6975 6976 6977
f 6978 6979 6980
f 6669 6981 6982
f 6983 6669 6671
f 6678 6984 6985
f 6681 6986 6987
f 6988 6986 6681
f 6683 6988 6681
f 6989 6988 6683
f 6924 6989 6683
f 6683 6990 6926
f 6991 6990 6683
f 6685 6991 6683
f 6992 6991 6685
f 6792 6992 6685
f 6656 6935 6658
f 6993 6935 6656
f 6937 6993 6656
f 6994 6995 6996
f 6997 6998 6999
f 7000 7001 7002
f 7003 6769 7004
f 6768 6769 7003
f 6880 6768 7003
f 7005 6768 6880
f 6882 7005 6880
f 7006 7007 7008
f 6644 7009 6848
f 7010 7009 6644
f 6641 7010 6644
f 7011 7010 6641
f 6944 7011 6641
f 6641 7012 6946
f 7013 7012 6641
f 6639 7013 6641
f 7014 7013 6639
f 6952 7014 6639
f 7015 7016 7017
f 7018 6777 7019
f 6776 6777 7018
f 6890 6776 7018
f 7020 6776 6890
f 6892 7020 6890
f 7021 6787 7022
f 6786 6787 7021
f 6893 6786 7021
f 7023 6786 6893
f 6895 7023 6893
f 7024 7025 7026
f 6693 7027 7028
f 6667 6980 7029
f 6671 7030 6983
f 7031 7030 6671
f 7032 7031 6671
f 7033 6819 6818
f 7034 6819 7033
f 7035 7034 7033
f 7036 7034 7035
f 7037 7036 7035
f 6671 6820 7032
f 6818 6820 6671
f 6673 6818 6671
f 7038 6818 6673
f 6922 7038 6673
f 7039 6822 6821
f 7040 6822 7039
f 7041 7040 7039
f 7042 7040 7041
f 7043 7042 7041
f 7044 7045 7046
f 7047 6803 7048
f 6802 6803 7047
f 6965 6802 7047
f 7049 6802 6965
f 6967 7049 6965
f 7050 7051 7052
f 7053 7054 7055
f 7056 6810 7057
f 6809 6810 7056
f 6972 6809 7056
f 7058 6809 6972
f 6974 7058 6972
f 7059 6817 7060
f 6816 6817 7059
f 6975 6816 7059
f 7061 6816 6975
f 6977 7061 6975
f 6691 7062 7063
f 6673 6823 6921
f 6821 6823 6673
f 6678 6821 6673
f 7064 6821 6678
f 6985 7064 6678
f 7065 6870 6869
f 7066 6870 7065
f 7067 7066 7065
f 7068 7066 7067
f 7069 7068 7067
f 6681 7070 7071
f 7072 7070 6681
f 6987 7072 6681
f 7073 7072 6987
f 7074 7073 6987
f 7075 7073 7074
f 7076 7075 7074
f 7077 7078 7079
f 7080 7081 7082
f 7083 7084 7085
f 7086 6828 7087
f 6827 6828 7086
f 6994 6827 7086
f 7088 6827 6994
f 6996 7088 6994
f 7089 6833 7090
f 6832 6833 7089
f 6997 6832 7089
f 7091 6832 6997
f 6999 7091 6997
f 7092 6844 7093
f 6843 6844 7092
f 7000 6843 7092
f 7094 6843 7000
f 7002 7094 7000
f 7095 6852 7096
f 6851 6852 7095
f 7006 6851 7095
f 7097 6851 7006
f 7008 7097 7006
f 7098 7099 7100
f 7101 7102 7103
f 7104 6858 7105
f 6857 6858 7104
f 7015 6857 7104
f 7106 6857 7015
f 7017 7106 7015
f 7107 6867 7108
f 6866 6867 7107
f 7024 6866 7107
f 7109 6866 7024
f 7026 7109 7024
f 6695 6718 6758
f 6716 6718 6695
f 6693 6716 6695
f 7110 6716 6693
f 7028 7110 6693
f 7111 6919 6918
f 7112 6919 7111
f 7113 7112 7111
f 7114 7112 7113
f 7115 7114 7113
f 6689 7062 6691
f 6983 6981 6669
f 7116 6981 6983
f 7117 7116 6983
f 7118 7116 7117
f 7119 7118 7117
f 7120 7118 7119
f 7121 7120 7119
f 6678 6871 6984
f 6869 6871 6678
f 6679 6869 6678
f 7122 6869 6679
f 6681 7122 6679
f 7123 7122 6681
f 7071 7123 6681
f 7124 6887 7125
f 6886 6887 7124
f 7044 6886 7124
f 7126 6886 7044
f 7046 7126 7044
f 7127 6911 7128
f 6910 6911 7127
f 7050 6910 7127
f 7129 6910 7050
f 7052 7129 7050
f 7130 6917 7131
f 6916 6917 7130
f 7053 6916 7130
f 7132 6916 7053
f 7055 7132 7053
f 6693 6920 7027
f 6918 6920 6693
f 6691 6918 6693
f 7133 6918 6691
f 7063 7133 6691
f 6689 7134 7062
f 7135 7134 6689
f 7136 7135 6689
f 7137 7135 7136
f 7138 7137 7136
f 7139 7137 7138
f 7140 7139 7138
f 6661 7141 7142
f 7143 7141 6661
f 7144 7143 6661
f 7145 7143 7144
f 7146 7145 7144
f 7147 7145 7146
f 7148 7147 7146
f 6666 7149 7150
f 7151 7149 6666
f 7152 7151 6666
f 7153 7151 7152
f 7154 7153 7152
f 7155 7153 7154
f 7156 7155 7154
f 7157 6979 6978
f 7158 6979 7157
f 7159 7158 7157
f 7160 7158 7159
f 7161 7160 7159
f 6667 6978 6980
f 7162 6978 6667
f 6669 7162 6667
f 7163 7162 6669
f 6982 7163 6669
f 7164 7165 7166
f 7167 7168 7169
f 7170 6930 7171
f 6929 6930 7170
f 7077 6929 7170
f 7172 6929 7077
f 7079 7172 7077
f 7173 6933 7174
f 6932 6933 7173
f 7080 6932 7173
f 7175 6932 7080
f 7082 7175 7080
f 7176 6942 7177
f 6941 6942 7176
f 7083 6941 7176
f 7178 6941 7083
f 7085 7178 7083
f 7179 6950 7180
f 6949 6950 7179
f 7098 6949 7179
f 7181 6949 7098
f 7100 7181 7098
f 7182 6958 7183
f 6957 6958 7182
f 7101 6957 7182
f 7184 6957 7101
f 7103 7184 7101
f 6689 7185 7136
f 7186 7185 6689
f 6661 7186 6689
f 7187 7186 6661
f 7142 7187 6661
f 6661 7188 7144
f 7189 7188 6661
f 6666 7189 6661
f 7190 7189 6666
f 7150 7190 6666
f 6666 7191 7152
f 7192 7191 6666
f 6667 7192 6666
f 7193 7192 6667
f 7029 7193 6667
f 7194 7195 7196
f 7197 7198 7199
f 7200 7201 7202
f 7203 7204 7205
f 7206 7037 7207
f 7036 7037 7206
f 7164 7036 7206
f 7208 7036 7164
f 7166 7208 7164
f 7209 7043 7210
f 7042 7043 7209
f 7167 7042 7209
f 7211 7042 7167
f 7169 7211 7167
f 7212 7213 7214
f 7215 7216 7217
f 7218 7219 7220
f 7221 7222 7223
f 7224 7069 7225
f 7068 7069 7224
f 7194 7068 7224
f 7226 7068 7194
f 7196 7226 7194
f 7227 7076 7228
f 7075 7076 7227
f 7197 7075 7227
f 7229 7075 7197
f 7199 7229 7197
f 7230 7115 7231
f 7114 7115 7230
f 7200 7114 7230
f 7232 7114 7200
f 7202 7232 7200
f 7233 7121 7234
f 7120 7121 7233
f 7203 7120 7233
f 7235 7120 7203
f 7205 7235 7203
f 7236 7140 7237
f 7139 7140 7236
f 7212 7139 7236
f 7238 7139 7212
f 7214 7238 7212
f 7239 7148 7240
f 7147 7148 7239
f 7215 7147 7239
f 7241 7147 7215
f 7217 7241 7215
f 7242 7156 7243
f 7155 7156 7242
f 7218 7155 7242
f 7244 7155 7218
f 7220 7244 7218
f 7245 7161 7246
f 7160 7161 7245
f 7221 7160 7245
f 7247 7160 7221
f 7223 7247 7221
f 7248 6675 6674
f 7249 6670 6668
f 7250 6662 7251
f 6663 6662 7250
f 7252 6663 7250
f 6668 6663 7252
f 7253 6668 7252
f 7249 6668 7253
f 6674 7254 7248
f 7255 7254 6674
f 6672 7255 6674
f 6672 7256 7255
f 7257 7256 6672
f 6670 7257 6672
f 7258 7257 6670
f 7249 7258 6670
f 6676 7248 7259
f 6675 7248 6676
f 7260 6662 6664
f 7251 6662 7260
f 7261 7262 6665
f 7263 7261 6665
f 7264 7261 7263
f 7265 7264 7263
f 7266 7267 7268
f 7265 7267 7266
f 7269 7265 7266
f 7264 7265 7269
f 7270 7271 7272
f 7273 7271 7270
f 7274 7273 7270
f 7275 7273 7274
f 7276 7275 7274
f 7277 7275 7276
f 7278 7277 7276
f 7279 7277 7278
f 7280 7279 7278
f 7267 7279 7280
f 7281 7267 7280
f 7268 7267 7281
f 7282 7283 7284
f 6619 7283 7282
f 7272 6619 7282
f 7285 6619 7272
f 7271 7285 7272
f 7283 7286 7284
f 7287 7286 7283
f 7288 7287 7283
f 7288 7289 7287
f 7290 7289 7288
f 7291 7290 7288
f 7292 7290 7291
f 7293 7292 7291
f 7294 7292 7293
f 7295 7294 7293
f 7296 7294 7295
f 7297 7296 7295
f 7298 7296 7297
f 7299 7298 7297
f 7300 7298 7299
f 7301 7300 7299
f 7302 7300 7301
f 7303 7302 7301
f 7304 7302 7303
f 7305 7304 7303
f 7306 7304 7305
f 6640 7306 7305
f 7307 7306 6640
f 7308 7307 6640
f 7309 7307 7308
f 7310 7309 7308
f 7311 7309 7310
f 7312 7311 7310
f 7313 7311 7312
f 7314 7313 7312
f 7314 7315 7313
f 7316 7315 7314
f 7317 7316 7314
f 7318 7316 7317
f 7319 7318 7317
f 7320 7318 7319
f 7321 7320 7319
f 7322 7320 7321
f 7323 7322 7321
f 7324 7322 7323
f 7325 7324 7323
f 6659 7324 7325
f 7326 7324 6659
f 7327 7326 6659
f 7328 7326 7327
f 7329 7328 7327
f 7330 7331 7332
f 7329 7331 7330
f 7333 7329 7330
f 7328 7329 7333
f 7331 7334 7332
f 7335 7334 7331
f 7336 7335 7331
f 7337 7335 7336
f 7338 7335 7337
f 7339 7338 7337
f 7340 7338 7339
f 7341 7340 7339
f 7342 7340 7341
f 7343 7342 7341
f 7344 7342 7343
f 7345 7344 7343
f 7346 7344 7345
f 7347 7346 7345
f 7348 7346 7347
f 7349 7346 7348
f 7350 7349 7348
f 7262 7349 7350
f 6665 7262 7350
f 7340 7351 7338
f 7300 7352 7353
f 7354 7355 7356
f 7357 7358 7359
f 7360 7361 7362
f 7363 7364 7365
f 7366 7367 7368
f 7369 7367 7366
f 7370 7369 7366
f 7371 7369 7370
f 7369 7365 7364
f 7372 7365 7369
f 7371 7372 7369
f 7363 7373 7364
f 7374 7373 7363
f 7375 7374 7363
f 7376 7374 7375
f 7377 7376 7375
f 7378 7376 7377
f 7379 7378 7377
f 7380 7381 7382
f 7383 7381 7380
f 7384 7385 7386
f 7387 7385 7384
f 7388 7380 7382
f 7389 7380 7388
f 7390 7389 7388
f 7391 7389 7390
f 7392 7391 7390
f 7393 7394 7361
f 7395 7287 7391
f 7391 7396 7395
f 7397 7396 7391
f 7398 7397 7391
f 7399 7391 7392
f 7398 7391 7399
f 7400 7398 7399
f 7401 7398 7400
f 7402 7401 7400
f 7403 7401 7402
f 7394 7403 7402
f 7404 7403 7394
f 7393 7404 7394
f 7361 7405 7362
f 7406 7405 7361
f 7394 7406 7361
f 7407 7357 7359
f 7408 7357 7407
f 7409 7408 7407
f 7410 7411 7412
f 7413 7414 7415
f 7411 7416 7417
f 7418 7416 7411
f 7419 7418 7411
f 7411 7266 7412
f 7269 7266 7411
f 7417 7269 7411
f 7420 7269 7417
f 7421 7418 7419
f 7422 7418 7421
f 7423 7422 7421
f 7261 7424 7425
f 7426 7424 7261
f 7264 7426 7261
f 7427 7422 7423
f 7428 7422 7427
f 7429 7428 7427
f 7264 7430 7426
f 7431 7430 7264
f 7269 7431 7264
f 7432 7431 7269
f 7420 7432 7269
f 7415 7433 7413
f 7434 7433 7415
f 7435 7434 7415
f 7436 7434 7435
f 7437 7436 7435
f 7438 7436 7437
f 7439 7438 7437
f 7429 7438 7439
f 7440 7429 7439
f 7428 7429 7440
f 7441 7442 7443
f 7444 7442 7441
f 7445 7444 7441
f 7446 7444 7445
f 7413 7446 7445
f 7447 7446 7413
f 7433 7447 7413
f 7448 7441 7443
f 7449 7441 7448
f 7450 7449 7448
f 7451 7452 7354
f 7354 7453 7451
f 7454 7453 7354
f 7449 7454 7354
f 7455 7454 7449
f 7450 7455 7449
f 7456 7457 7458
f 7459 7457 7456
f 7456 7460 7459
f 7461 7460 7456
f 7452 7461 7456
f 7462 7461 7452
f 7451 7462 7452
f 7326 7463 7464
f 7458 7463 7326
f 7328 7458 7326
f 7456 7458 7328
f 7333 7456 7328
f 7465 7466 7467
f 7468 7466 7465
f 7469 7468 7465
f 7470 7468 7469
f 7471 7470 7469
f 7472 7473 7474
f 7475 7473 7472
f 7465 7475 7472
f 7476 7475 7465
f 7467 7476 7465
f 7354 7477 7355
f 7478 7477 7354
f 7452 7478 7354
f 7479 7478 7452
f 7480 7479 7452
f 7452 7481 7480
f 7482 7481 7452
f 7456 7482 7452
f 7483 7482 7456
f 7484 7483 7456
f 7456 7485 7484
f 7486 7485 7456
f 7333 7486 7456
f 7487 7486 7333
f 7330 7487 7333
f 7330 7488 7487
f 7489 7488 7330
f 7332 7489 7330
f 7490 7489 7332
f 7491 7492 7493
f 7356 7492 7491
f 7494 7495 7496
f 7497 7495 7494
f 7498 7497 7494
f 7499 7313 7500
f 7501 7313 7499
f 7502 7501 7499
f 7316 7503 7315
f 7504 7503 7316
f 7505 7504 7316
f 7313 7506 7500
f 7507 7506 7313
f 7315 7507 7313
f 7508 7507 7315
f 7503 7508 7315
f 7465 7509 7510
f 7511 7509 7465
f 7472 7511 7465
f 7512 7511 7472
f 7501 7512 7472
f 7513 7512 7501
f 7502 7513 7501
f 7302 7352 7300
f 7302 7514 7352
f 7515 7514 7302
f 7304 7515 7302
f 7516 7515 7304
f 7385 7377 7386
f 7379 7377 7385
f 7298 7379 7385
f 7517 7379 7298
f 7300 7517 7298
f 7518 7517 7300
f 7353 7518 7300
f 7369 7519 7520
f 7521 7519 7369
f 7364 7521 7369
f 7522 7521 7364
f 7373 7522 7364
f 7304 7523 7516
f 7524 7523 7304
f 7306 7524 7304
f 7520 7524 7306
f 7307 7520 7306
f 7369 7520 7307
f 7309 7369 7307
f 7367 7369 7309
f 7385 7525 7526
f 7385 7527 7525
f 7380 7527 7385
f 7387 7380 7385
f 7383 7380 7387
f 7296 7528 7294
f 7529 7528 7296
f 7296 7530 7529
f 7531 7530 7296
f 7298 7531 7296
f 7532 7531 7298
f 7385 7532 7298
f 7533 7532 7385
f 7526 7533 7385
f 7292 7534 7535
f 7389 7535 7536
f 7292 7537 7534
f 7538 7537 7292
f 7294 7538 7292
f 7539 7538 7294
f 7528 7539 7294
f 7380 7540 7527
f 7541 7540 7380
f 7389 7541 7380
f 7542 7541 7389
f 7536 7542 7389
f 7360 7543 7544
f 7545 7360 7544
f 7284 7546 7543
f 7547 7546 7284
f 7286 7547 7284
f 7548 7547 7286
f 7287 7548 7286
f 7549 7548 7287
f 7395 7549 7287
f 7361 7550 7393
f 7551 7550 7361
f 7360 7551 7361
f 7552 7551 7360
f 7545 7552 7360
f 7412 7409 7410
f 7553 7409 7412
f 7266 7553 7412
f 7268 7553 7266
f 7553 7280 7278
f 7281 7280 7553
f 7268 7281 7553
f 7554 7555 7274
f 7270 7554 7274
f 7553 7408 7409
f 7556 7408 7553
f 7557 7556 7553
f 7553 7558 7557
f 7559 7558 7553
f 7278 7559 7553
f 7560 7559 7278
f 7561 7560 7278
f 7562 7274 7555
f 7276 7274 7562
f 7563 7276 7562
f 7408 7564 7565
f 7566 7564 7408
f 7408 7567 7566
f 7568 7567 7408
f 7556 7568 7408
f 7278 7569 7561
f 7570 7569 7278
f 7276 7570 7278
f 7571 7570 7276
f 7563 7571 7276
f 7360 7284 7543
f 7282 7284 7360
f 7572 7282 7360
f 7272 7282 7572
f 7270 7272 7572
f 7389 7292 7535
f 7290 7292 7389
f 7391 7290 7389
f 7289 7290 7391
f 7287 7289 7391
f 7501 7311 7313
f 7309 7311 7501
f 7472 7309 7501
f 7367 7309 7472
f 7474 7367 7472
f 7368 7367 7474
f 7316 7496 7505
f 7494 7496 7316
f 7318 7494 7316
f 7573 7494 7318
f 7320 7573 7318
f 7322 7574 7575
f 7324 7574 7322
f 7573 7576 7326
f 7577 7576 7573
f 7578 7577 7573
f 7324 7579 7574
f 7580 7579 7324
f 7326 7580 7324
f 7581 7580 7326
f 7582 7581 7326
f 7573 7583 7578
f 7584 7583 7573
f 7320 7584 7573
f 7585 7584 7320
f 7586 7585 7320
f 7326 7587 7582
f 7588 7587 7326
f 7576 7588 7326
f 7320 7589 7586
f 7590 7589 7320
f 7322 7590 7320
f 7591 7590 7322
f 7575 7591 7322
f 7332 7493 7490
f 7491 7493 7332
f 7334 7491 7332
f 7335 7491 7334
f 7592 7593 7594
f 7351 7595 7596
f 7344 7597 7598
f 7342 7351 7340
f 7595 7351 7342
f 7599 7595 7342
f 7600 7344 7598
f 7597 7592 7594
f 7338 7491 7335
f 7601 7491 7338
f 7351 7601 7338
f 7602 7601 7351
f 7596 7602 7351
f 7592 7603 7593
f 7604 7603 7592
f 7601 7604 7592
f 7605 7604 7601
f 7606 7605 7601
f 7342 7607 7599
f 7608 7607 7342
f 7344 7608 7342
f 7609 7608 7344
f 7600 7609 7344
f 7601 7610 7606
f 7611 7610 7601
f 7602 7611 7601
f 7344 7592 7597
f 7612 7592 7344
f 7346 7612 7344
f 7262 7445 7349
f 7413 7445 7262
f 7261 7413 7262
f 7414 7413 7261
f 7425 7414 7261
f 7270 7565 7554
f 7408 7565 7270
f 7572 7408 7270
f 7357 7408 7572
f 7360 7357 7572
f 7358 7357 7360
f 7362 7358 7360
f 7491 7354 7356
f 7449 7354 7491
f 7601 7449 7491
f 7441 7449 7601
f 7592 7441 7601
f 7445 7441 7592
f 7612 7445 7592
f 7349 7445 7612
f 7346 7349 7612
f 7494 7510 7498
f 7465 7510 7494
f 7573 7465 7494
f 7469 7465 7573
f 7326 7469 7573
f 7471 7469 7326
f 7464 7471 7326
f 7613 7614 7615
f 7616 7617 7618
f 7619 7620 7621
f 7622 7623 7624
f 7625 7626 7627
f 7628 7626 7625
f 7629 7628 7625
f 7630 7631 7632
f 7633 7631 7630
f 7634 7635 7636
f 7637 7638 7639
f 7640 7641 7642
f 7643 7641 7640
f 7644 7645 7646
f 7647 7648 7649
f 7650 7651 7652
f 7653 7651 7650
f 7654 7653 7650
f 7655 7653 7654
f 7639 7656 7637
f 7657 7656 7639
f 7658 7657 7639
f 7659 7657 7658
f 7629 7660 7628
f 7661 7660 7629
f 7662 7661 7629
f 7663 7661 7662
f 7664 7663 7662
f 7665 7663 7664
f 7666 7667 7668
f 7669 7670 7671
f 7672 7670 7669
f 7673 7672 7669
f 7674 7675 7676
f 7618 7675 7674
f 7677 7618 7674
f 7616 7618 7677
f 7678 7679 7680
f 7341 7633 7343
f 7631 7633 7341
f 7339 7631 7341
f 7681 7631 7339
f 7682 7683 7684
f 7685 7683 7682
f 7686 7685 7682
f 7687 7688 7689
f 7690 7688 7687
f 7691 7690 7687
f 7692 7690 7691
f 7693 7645 7644
f 7694 7645 7693
f 7650 7694 7693
f 7695 7614 7613
f 7696 7614 7695
f 7697 7696 7695
f 7698 7696 7697
f 7699 7698 7697
f 7700 7698 7699
f 7701 7700 7699
f 7702 7703 7704
f 7705 7703 7702
f 7706 7705 7702
f 7707 7708 7709
f 7631 7710 7632
f 7711 7710 7631
f 7712 7711 7631
f 7679 7713 7714
f 7715 7713 7679
f 7678 7715 7679
f 7716 7620 7619
f 7717 7718 7719
f 7720 7718 7717
f 7721 7720 7717
f 7722 7720 7721
f 7345 7723 7347
f 7724 7723 7345
f 7725 7683 7726
f 7684 7683 7725
f 7727 7684 7725
f 7728 7684 7727
f 7681 7728 7727
f 7337 7728 7681
f 7339 7337 7681
f 7686 7729 7685
f 7730 7729 7686
f 7731 7730 7686
f 7732 7730 7731
f 7733 7734 7735
f 7736 7734 7733
f 7737 7736 7733
f 7738 7736 7737
f 7643 7738 7737
f 7739 7738 7643
f 7640 7739 7643
f 7646 7624 7644
f 7622 7624 7646
f 7740 7622 7646
f 7741 7622 7740
f 7742 7741 7740
f 7743 7741 7742
f 7744 7743 7742
f 7745 7743 7744
f 7746 7745 7744
f 7747 7745 7746
f 7748 7747 7746
f 7702 7749 7706
f 7750 7749 7702
f 7751 7750 7702
f 7752 7750 7751
f 7753 7752 7751
f 7664 7752 7753
f 7754 7664 7753
f 7665 7664 7754
f 7755 7704 7756
f 7702 7704 7755
f 7666 7702 7755
f 7757 7702 7666
f 7668 7757 7666
f 7758 7759 7760
f 7673 7761 7672
f 7762 7761 7673
f 7763 7762 7673
f 7764 7762 7763
f 7765 7764 7763
f 7766 7764 7765
f 7652 7694 7650
f 7767 7694 7652
f 7768 7767 7652
f 7714 7769 7770
f 7771 7769 7714
f 7713 7771 7714
f 7716 7772 7620
f 7773 7772 7716
f 7774 7773 7716
f 7775 7773 7774
f 7345 7776 7724
f 7777 7776 7345
f 7343 7777 7345
f 7778 7777 7343
f 7633 7778 7343
f 7638 7779 7780
f 7781 7779 7638
f 7637 7781 7638
f 7782 7616 7783
f 7617 7616 7782
f 7784 7617 7782
f 7785 7617 7784
f 7786 7785 7784
f 7787 7785 7786
f 7788 7787 7786
f 7789 7787 7788
f 7790 7789 7788
f 7791 7789 7790
f 7792 7791 7790
f 7793 7791 7792
f 7794 7793 7792
f 7641 7793 7794
f 7795 7641 7794
f 7642 7641 7795
f 7649 7796 7647
f 7797 7796 7649
f 7798 7797 7649
f 7799 7797 7798
f 7800 7799 7798
f 7801 7799 7800
f 7652 7802 7768
f 7803 7802 7652
f 7804 7803 7652
f 7805 7803 7804
f 7806 7805 7804
f 7807 7805 7806
f 7808 7807 7806
f 7809 7619 7621
f 7810 7619 7809
f 7811 7810 7809
f 7658 7812 7659
f 7813 7812 7658
f 7814 7813 7658
f 7815 7813 7814
f 7816 7815 7814
f 7817 7815 7816
f 7818 7817 7816
f 7819 7817 7818
f 7820 7819 7818
f 7735 7819 7820
f 6640 7735 7820
f 7733 7735 6640
f 7821 7615 7822
f 7613 7615 7821
f 7823 7613 7821
f 7824 7613 7823
f 7825 7824 7823
f 7826 7824 7825
f 7827 7826 7825
f 7828 7826 7827
f 7829 7828 7827
f 7746 7828 7829
f 7830 7746 7829
f 7748 7746 7830
f 7831 7626 7832
f 7627 7626 7831
f 7833 7627 7831
f 7834 7627 7833
f 7835 7834 7833
f 7836 7834 7835
f 7837 7836 7835
f 7838 7836 7837
f 7839 7838 7837
f 7699 7838 7839
f 7840 7699 7839
f 7701 7699 7840
f 7841 7842 7843
f 7842 7760 7843
f 7758 7760 7842
f 7844 7758 7842
f 7845 7758 7844
f 7846 7845 7844
f 7847 7845 7846
f 7848 7847 7846
f 7849 7847 7848
f 7850 7849 7848
f 7851 7849 7850
f 7852 7851 7850
f 7765 7853 7766
f 7854 7853 7765
f 7855 7854 7765
f 7856 7854 7855
f 7841 7856 7855
f 7857 7856 7841
f 7843 7857 7841
f 7858 7647 7859
f 7648 7647 7858
f 7860 7648 7858
f 7861 7648 7860
f 7862 7861 7860
f 7863 7861 7862
f 7864 7863 7862
f 7865 7863 7864
f 7866 7865 7864
f 7850 7865 7866
f 7867 7850 7866
f 7852 7850 7867
f 7675 7868 7676
f 7869 7868 7675
f 7870 7869 7675
f 7871 7869 7870
f 7872 7871 7870
f 7873 7871 7872
f 7874 7873 7872
f 7875 7873 7874
f 7876 7875 7874
f 7877 7875 7876
f 7878 7877 7876
f 7879 7877 7878
f 7770 7879 7878
f 7880 7879 7770
f 7769 7880 7770
f 7722 7881 7882
f 7883 7881 7722
f 7721 7883 7722
f 7718 7884 7719
f 7885 7884 7718
f 6665 7885 7718
f 7886 7885 6665
f 7887 7886 6665
f 7888 7886 7887
f 7348 7888 7887
f 7654 7888 7348
f 7347 7654 7348
f 7655 7654 7347
f 7723 7655 7347
f 7889 7636 7890
f 7634 7636 7889
f 7689 7634 7889
f 7891 7634 7689
f 7688 7891 7689
f 7691 7892 7692
f 7893 7892 7691
f 7894 7893 7691
f 7895 7893 7894
f 7896 7895 7894
f 7897 7895 7896
f 7898 7897 7896
f 7899 7897 7898
f 7900 7899 7898
f 7901 7899 7900
f 7780 7901 7900
f 7902 7901 7780
f 7779 7902 7780
f 7704 7903 7756
f 7904 7903 7704
f 7905 7904 7704
f 7709 7906 7707
f 7907 7906 7709
f 7908 7907 7709
f 7909 7907 7908
f 7910 7909 7908
f 7911 7909 7910
f 7912 7911 7910
f 7913 7911 7912
f 7800 7914 7801
f 7915 7914 7800
f 7916 7915 7800
f 7800 7631 7916
f 7712 7631 7800
f 7917 7712 7800
f 7918 7712 7917
f 7680 7919 7678
f 7920 7919 7680
f 7921 7920 7680
f 7922 7810 7811
f 7923 7810 7922
f 7924 7923 7922
f 7925 7923 7924
f 7926 7925 7924
f 7927 7925 7926
f 7928 7927 7926
f 7929 7927 7928
f 7921 7929 7928
f 7930 7929 7921
f 7680 7930 7921
f 7731 7931 7732
f 7932 7931 7731
f 7933 7932 7731
f 7934 7932 7933
f 7935 7934 7933
f 7936 7934 7935
f 7937 7936 7935
f 7938 7936 7937
f 7939 7938 7937
f 7890 7938 7939
f 7940 7890 7939
f 7889 7890 7940
f 7712 7807 7808
f 7941 7807 7712
f 7918 7941 7712
f 7774 7942 7775
f 7943 7942 7774
f 7944 7943 7774
f 7945 7943 7944
f 7946 7945 7944
f 7947 7945 7946
f 7948 7947 7946
f 7949 7947 7948
f 7950 7949 7948
f 7951 7949 7950
f 7882 7951 7950
f 7952 7951 7882
f 7881 7952 7882
f 7953 7707 7954
f 7708 7707 7953
f 7955 7708 7953
f 7956 7708 7955
f 7957 7956 7955
f 7958 7956 7957
f 7959 7958 7957
f 7960 7958 7959
f 7961 7960 7959
f 7704 7960 7961
f 7962 7704 7961
f 7905 7704 7962
f 7963 7670 7964
f 7671 7670 7963
f 7965 7671 7963
f 7966 7671 7965
f 7967 7966 7965
f 7968 7966 7967
f 7969 7968 7967
f 7970 7968 7969
f 7971 7970 7969
f 7912 7970 7971
f 7972 7912 7971
f 7913 7912 7972
f 6676 7259 7681
f 7676 7973 7974
f 7975 7642 7795
f 7739 7976 7977
f 7717 7978 7721
f 7979 7978 7717
f 7719 7979 7717
f 7980 7979 7719
f 7884 7980 7719
f 7885 7980 7884
f 7715 7981 7713
f 7982 7981 7715
f 7677 7983 7616
f 7974 7983 7677
f 7674 7974 7677
f 7676 7974 7674
f 7775 7984 7985
f 7772 7986 7620
f 7985 7986 7772
f 7773 7985 7772
f 7775 7985 7773
f 7976 7642 7975
f 7640 7642 7976
f 7739 7640 7976
f 7659 7987 7988
f 7656 7989 7637
f 7988 7989 7656
f 7657 7988 7656
f 7659 7988 7657
f 7990 7891 7991
f 7634 7891 7990
f 7886 7980 7885
f 7992 7980 7886
f 7888 7992 7886
f 7993 7992 7888
f 7654 7993 7888
f 6664 7993 7654
f 7260 6664 7654
f 7919 7920 7921
f 7973 7869 7994
f 7868 7869 7973
f 7676 7868 7973
f 7995 7692 7996
f 7690 7692 7995
f 7991 7690 7995
f 7688 7690 7991
f 7891 7688 7991
f 7986 7621 7620
f 7809 7621 7986
f 7997 7809 7986
f 7811 7809 7997
f 7998 7811 7997
f 7922 7811 7998
f 7999 7922 7998
f 7924 7922 7999
f 8000 7924 7999
f 7926 7924 8000
f 8001 7926 8000
f 7928 7926 8001
f 8002 7928 8001
f 7921 7928 8002
f 6619 7921 8002
f 7919 7921 6619
f 7982 7919 6619
f 7678 7919 7982
f 7715 7678 7982
f 7981 7771 7713
f 7769 7771 7981
f 8003 7769 7981
f 7880 7769 8003
f 8004 7880 8003
f 7879 7880 8004
f 8005 7879 8004
f 7877 7879 8005
f 8006 7877 8005
f 7875 7877 8006
f 8007 7875 8006
f 7873 7875 8007
f 7994 7873 8007
f 7871 7873 7994
f 7869 7871 7994
f 7732 8008 8009
f 7685 8010 7683
f 8011 8010 7685
f 7729 8011 7685
f 8009 8011 7729
f 7730 8009 7729
f 7732 8009 7730
f 8010 7726 7683
f 7725 7726 8010
f 7727 7725 8010
f 7943 7775 7942
f 7984 7775 7943
f 7945 7984 7943
f 8012 7984 7945
f 7947 8012 7945
f 8013 8012 7947
f 7949 8013 7947
f 8014 8013 7949
f 7951 8014 7949
f 8015 8014 7951
f 7952 8015 7951
f 8016 8015 7952
f 7881 8016 7952
f 7978 8016 7881
f 7883 7978 7881
f 7721 7978 7883
f 7983 7783 7616
f 7782 7783 7983
f 8017 7782 7983
f 7784 7782 8017
f 8018 7784 8017
f 7786 7784 8018
f 8019 7786 8018
f 7788 7786 8019
f 8020 7788 8019
f 7790 7788 8020
f 8021 7790 8020
f 7792 7790 8021
f 7975 7792 8021
f 7794 7792 7975
f 7795 7794 7975
f 7734 8022 7735
f 8023 8022 7734
f 7736 8023 7734
f 7977 8023 7736
f 7738 7977 7736
f 7739 7977 7738
f 7727 6676 7681
f 8024 6676 7727
f 8010 8024 7727
f 7813 7659 7812
f 7987 7659 7813
f 7815 7987 7813
f 8025 7987 7815
f 7817 8025 7815
f 8026 8025 7817
f 7819 8026 7817
f 8027 8026 7819
f 7735 8027 7819
f 8028 8027 7735
f 8022 8028 7735
f 7893 7692 7892
f 7996 7692 7893
f 7895 7996 7893
f 8029 7996 7895
f 7897 8029 7895
f 8030 8029 7897
f 7899 8030 7897
f 8031 8030 7899
f 7901 8031 7899
f 8032 8031 7901
f 7902 8032 7901
f 8033 8032 7902
f 7779 8033 7902
f 7989 8033 7779
f 7781 7989 7779
f 7637 7989 7781
f 7990 7635 7634
f 7636 7635 7990
f 8034 7636 7990
f 7890 7636 8034
f 6659 7890 8034
f 7938 7890 6659
f 7932 7732 7931
f 8008 7732 7932
f 7934 8008 7932
f 8035 8008 7934
f 7936 8035 7934
f 8036 8035 7936
f 7938 8036 7936
f 8037 8036 7938
f 6659 8037 7938
f 8038 7909 7911
f 8039 8040 7693
f 7647 7847 7849
f 8041 8042 8043
f 8044 7614 7696
f 7615 7614 8044
f 7747 7748 7830
f 7796 7797 8045
f 8044 7822 7615
f 7821 7822 8044
f 7823 7821 8044
f 7764 8045 7762
f 7766 8045 7764
f 8042 7622 7741
f 7623 7622 8042
f 7624 7623 8042
f 7693 8041 8039
f 8042 8041 7693
f 7644 8042 7693
f 7624 8042 7644
f 7833 8046 7835
f 7831 8046 7833
f 8046 7837 7835
f 7839 7837 8046
f 7840 7839 8046
f 7698 8044 7696
f 8046 8044 7698
f 7700 8046 7698
f 7840 8046 7700
f 7701 7840 7700
f 8038 7907 7909
f 7906 7907 8038
f 7707 7906 8038
f 7845 7766 7758
f 8045 7766 7845
f 7847 8045 7845
f 7796 8045 7847
f 7647 7796 7847
f 7760 7759 7758
f 8044 7825 7823
f 7827 7825 8044
f 7829 7827 8044
f 8044 7830 7829
f 7747 7830 8044
f 8047 7747 8044
f 7745 7747 8047
f 7743 7745 8047
f 8048 8049 7762
f 8043 7631 8041
f 7916 7631 8043
f 7915 7916 8043
f 7856 7853 7854
f 7766 7853 7856
f 7857 7766 7856
f 8038 7661 7663
f 7626 7831 7832
f 8046 7831 7626
f 7628 8046 7626
f 8038 8046 7628
f 7660 8038 7628
f 7661 8038 7660
f 8050 8045 8051
f 7762 8045 8050
f 8052 7762 8050
f 8048 7762 8052
f 8045 8053 8051
f 8054 8053 8045
f 8055 8054 8045
f 8056 8038 8057
f 8047 8038 8056
f 8038 8058 8057
f 8059 8058 8038
f 8060 8059 8038
f 7911 7963 7964
f 7799 8045 7797
f 8043 8045 7799
f 7801 8043 7799
f 7915 8043 7801
f 7914 7915 7801
f 7766 7760 7758
f 7843 7760 7766
f 7857 7843 7766
f 7761 8061 8062
f 8063 8061 7761
f 8064 8063 7761
f 8047 8065 8066
f 8067 8065 8047
f 8068 8067 8047
f 8047 8069 8068
f 8070 8069 8047
f 8071 8070 8047
f 8047 8072 8071
f 8073 8072 8047
f 8056 8073 8047
f 8038 8074 8060
f 8075 8074 8038
f 8076 8075 8038
f 7851 7647 7849
f 7859 7647 7851
f 7858 7859 7851
f 7903 8038 7756
f 7707 8038 7903
f 7904 7707 7903
f 7954 7707 7904
f 7953 7954 7904
f 7761 8077 8064
f 8078 8077 7761
f 7762 8078 7761
f 8079 8078 7762
f 8049 8079 7762
f 8045 8080 8055
f 8066 8080 8045
f 8081 8066 8045
f 8047 8066 8081
f 8042 8047 8081
f 7743 8047 8042
f 7741 7743 8042
f 7670 7911 7964
f 8038 7911 7670
f 7672 8038 7670
f 8076 8038 7672
f 7761 8076 7672
f 8082 8076 7761
f 8062 8082 7761
f 7911 7965 7963
f 7967 7965 7911
f 7969 7967 7911
f 7911 7971 7969
f 7972 7971 7911
f 7913 7972 7911
f 8038 7755 7756
f 7666 7755 8038
f 7663 7666 8038
f 7667 7666 7663
f 7668 7667 7663
f 7851 7860 7858
f 7862 7860 7851
f 7864 7862 7851
f 7851 7866 7864
f 7867 7866 7851
f 7852 7867 7851
f 7904 7955 7953
f 7957 7955 7904
f 7959 7957 7904
f 7904 7961 7959
f 7962 7961 7904
f 7905 7962 7904
f 7663 7757 7668
f 7702 7757 7663
f 7751 7702 7663
f 7663 7753 7751
f 7754 7753 7663
f 7665 7754 7663
f 8083 8039 8041
f 8084 8039 8083
f 8084 8040 8039
f 8085 8040 8084
f 8085 7693 8040
f 8086 7693 8085
f 8087 8088 8089
f 8090 8091 8092
f 8087 8093 8094
f 8095 8096 8097
f 8098 8096 8095
f 8092 8098 8095
f 8099 8100 8101
f 8102 8087 8094
f 8087 8103 8093
f 8104 8103 8087
f 8089 8104 8087
f 8092 8105 8098
f 8106 8105 8092
f 8107 8106 8092
f 8108 8109 8110
f 8092 8109 8108
f 8111 8092 8108
f 8090 8092 8111
f 8092 8112 8107
f 8113 8112 8092
f 8099 8113 8092
f 8114 8113 8099
f 8101 8114 8099
f 8115 8116 8092
f 8087 8117 8088
f 8118 8117 8087
f 8119 8118 8087
f 8120 8121 8122
f 8123 8121 8120
f 8092 8124 8099
f 8125 8124 8092
f 8126 8125 8092
f 8092 8127 8115
f 8128 8127 8092
f 8129 8128 8092
f 8092 8130 8129
f 8131 8130 8092
f 8091 8131 8092
f 8121 8132 8133
f 8134 8132 8121
f 8135 8134 8121
f 8136 8137 8138
f 8139 8137 8136
f 8095 8139 8136
f 8140 8139 8095
f 8097 8140 8095
f 8087 8133 8119
f 8121 8133 8087
f 8141 8121 8087
f 8142 8121 8141
f 8095 8143 8144
f 8145 8143 8095
f 8146 8145 8095
f 8136 8147 8148
f 8083 8147 8136
f 8149 8083 8136
f 8084 8083 8149
f 8150 8084 8149
f 8085 8084 8150
f 8121 8085 8150
f 8086 8085 8121
f 8123 8086 8121
f 8109 8151 8110
f 8152 8151 8109
f 8153 8152 8109
f 8092 8154 8126
f 8155 8154 8092
f 8116 8155 8092
f 8156 8157 8158
f 8159 8160 8158
f 8099 8161 8100
f 8158 8161 8099
f 8162 8158 8099
f 8163 8158 8162
f 8121 8164 8122
f 8165 8164 8121
f 8166 8165 8121
f 8121 8167 8166
f 8168 8167 8121
f 8169 8168 8121
f 8095 8170 8146
f 8171 8170 8095
f 8136 8171 8095
f 8172 8171 8136
f 8148 8172 8136
f 8158 8087 8102
f 8173 8087 8158
f 8174 8173 8158
f 8121 8175 8169
f 8176 8175 8121
f 8142 8176 8121
f 8153 8177 8152
f 8178 8177 8153
f 8095 8178 8153
f 8179 8178 8095
f 8144 8179 8095
f 8158 8180 8156
f 8181 8180 8158
f 8160 8181 8158
f 8158 8182 8159
f 8183 8182 8158
f 8163 8183 8158
f 8121 8184 8135
f 8185 8184 8121
f 8136 8185 8121
f 8186 8185 8136
f 8138 8186 8136
f 8158 8187 8174
f 8188 8187 8158
f 8157 8188 8158

