# https://github.com/mikedh/trimesh

o base_link.STL
v 0.00300000 0.02070000 0.01020000
v 0.00300000 0.02070000 -0.00000000
v 0.00300000 0.02330000 -0.00000000
v 0.00300000 0.02170000 0.01300000
v 0.00300000 0.02330000 0.01980000
v 0.00300000 0.02170000 0.01980000
v 0.00300000 0.02153923 0.01240000
v 0.00300000 0.02110000 0.01196077
v 0.00300000 0.00046077 0.01240000
v 0.00300000 0.00130000 -0.00000000
v 0.00300000 0.00130000 0.01020000
v 0.00300000 -0.00130000 -0.00000000
v 0.00300000 0.00030000 0.01300000
v 0.00300000 -0.00130000 0.01980000
v 0.00300000 0.00030000 0.01980000
v 0.00300000 0.00090000 0.01196077
v 0.00300000 0.00150000 0.01180000
v 0.00300000 0.02050000 0.01180000
v -0.00280000 -0.00150000 -0.00020000
v -0.01500000 -0.00150000 -0.00380000
v 0.01500000 -0.00150000 -0.00380000
v -0.01500000 -0.00150000 -0.00020000
v 0.00280000 -0.00150000 -0.00020000
v 0.01500000 -0.00150000 -0.00020000
v 0.00280000 -0.00150000 0.01980000
v -0.00280000 -0.00150000 0.01980000
v 0.01500000 0.02235000 -0.00400000
v 0.01500000 0.02330000 -0.00400000
v 0.01607151 0.02308686 -0.00400000
v 0.01547881 0.02228696 -0.00400000
v 0.01592500 0.02210215 -0.00400000
v 0.01697990 0.02247990 -0.00400000
v 0.01630815 0.02180815 -0.00400000
v 0.01758686 0.02157151 -0.00400000
v 0.01267500 0.01100000 -0.00400000
v 0.01407500 0.01889785 -0.00400000
v 0.01452118 0.01871304 -0.00400000
v 0.01369185 0.01919185 -0.00400000
v 0.01339785 0.01957500 -0.00400000
v 0.01660215 0.02142500 -0.00400000
v 0.01678696 0.02097882 -0.00400000
v 0.01780000 0.02050000 -0.00400000
v 0.01267500 0.02330000 -0.00400000
v 0.01369185 0.02180815 -0.00400000
v 0.01339785 0.02142500 -0.00400000
v 0.01407500 0.02210215 -0.00400000
v 0.01452118 0.02228696 -0.00400000
v 0.01685000 0.02050000 -0.00400000
v 0.01678696 0.02002119 -0.00400000
v 0.01780000 0.01100000 -0.00400000
v 0.01660215 0.01957500 -0.00400000
v 0.01630815 0.01919185 -0.00400000
v 0.01321304 0.02002119 -0.00400000
v 0.01315000 0.02050000 -0.00400000
v 0.01321304 0.02097882 -0.00400000
v 0.01592500 0.01889785 -0.00400000
v 0.01547881 0.01871304 -0.00400000
v 0.01500000 0.01865000 -0.00400000
v 0.01267500 -0.00130000 -0.00400000
v 0.01339785 0.00057500 -0.00400000
v 0.01369185 0.00019185 -0.00400000
v 0.01630815 0.00280815 -0.00400000
v 0.01592500 0.00310215 -0.00400000
v 0.01660215 0.00242500 -0.00400000
v 0.01780000 0.00150000 -0.00400000
v 0.01697990 -0.00047990 -0.00400000
v 0.01660215 0.00057500 -0.00400000
v 0.01758686 0.00042849 -0.00400000
v 0.01630815 0.00019185 -0.00400000
v 0.01607151 -0.00108686 -0.00400000
v 0.01592500 -0.00010215 -0.00400000
v 0.01547881 -0.00028696 -0.00400000
v 0.01500000 -0.00130000 -0.00400000
v 0.01500000 -0.00035000 -0.00400000
v 0.01452118 -0.00028696 -0.00400000
v 0.01407500 -0.00010215 -0.00400000
v 0.01678696 0.00197882 -0.00400000
v 0.01685000 0.00150000 -0.00400000
v 0.01678696 0.00102119 -0.00400000
v 0.01315000 0.00150000 -0.00400000
v 0.01321304 0.00197882 -0.00400000
v 0.01321304 0.00102119 -0.00400000
v 0.01339785 0.00242500 -0.00400000
v 0.01369185 0.00280815 -0.00400000
v 0.01407500 0.00310215 -0.00400000
v 0.01452118 0.00328696 -0.00400000
v 0.01500000 0.00335000 -0.00400000
v 0.01547881 0.00328696 -0.00400000
v -0.01500000 -0.00035000 -0.00400000
v -0.01500000 -0.00130000 -0.00400000
v -0.01607151 -0.00108686 -0.00400000
v -0.01547881 -0.00028696 -0.00400000
v -0.01592500 -0.00010215 -0.00400000
v -0.01697990 -0.00047990 -0.00400000
v -0.01630815 0.00019185 -0.00400000
v -0.01758686 0.00042849 -0.00400000
v -0.01339785 0.00057500 -0.00400000
v -0.01321304 0.00102119 -0.00400000
v -0.01220000 0.00650000 -0.00400000
v -0.01452118 0.00328696 -0.00400000
v -0.01220000 0.01100000 -0.00400000
v -0.01407500 0.00310215 -0.00400000
v -0.01202281 0.00515414 -0.00400000
v -0.01150333 0.00390000 -0.00400000
v -0.01660215 0.00057500 -0.00400000
v -0.01678696 0.00102119 -0.00400000
v -0.01780000 0.00150000 -0.00400000
v -0.01780000 0.01100000 -0.00400000
v -0.01592500 0.00310215 -0.00400000
v -0.01630815 0.00280815 -0.00400000
v -0.01547881 0.00328696 -0.00400000
v -0.01500000 0.00335000 -0.00400000
v 0.01220000 0.00650000 -0.00400000
v 0.01202281 0.00515414 -0.00400000
v 0.01150333 0.00390000 -0.00400000
v 0.01067696 0.00282305 -0.00400000
v 0.00960000 0.00199667 -0.00400000
v 0.00834586 0.00147719 -0.00400000
v -0.01369185 0.00019185 -0.00400000
v -0.01407500 -0.00010215 -0.00400000
v -0.01452118 -0.00028696 -0.00400000
v -0.01685000 0.00150000 -0.00400000
v -0.01678696 0.00197882 -0.00400000
v -0.01660215 0.00242500 -0.00400000
v -0.01369185 0.00280815 -0.00400000
v -0.01339785 0.00242500 -0.00400000
v -0.01067695 0.00282305 -0.00400000
v -0.01321304 0.00197882 -0.00400000
v -0.00960000 0.00199667 -0.00400000
v -0.01315000 0.00150000 -0.00400000
v 0.00700000 0.00130000 -0.00400000
v -0.00700000 0.00130000 -0.00400000
v -0.00834586 0.00147719 -0.00400000
v -0.01452118 0.02228696 -0.00400000
v -0.01500000 0.02330000 -0.00400000
v -0.01407500 0.02210215 -0.00400000
v -0.01369185 0.02180815 -0.00400000
v -0.01339785 0.02142500 -0.00400000
v -0.01321304 0.02097882 -0.00400000
v 0.01202281 0.01684586 -0.00400000
v 0.01150333 0.01810000 -0.00400000
v 0.01220000 0.01550000 -0.00400000
v 0.01220000 0.01100000 -0.00400000
v -0.01150333 0.01810000 -0.00400000
v -0.01369185 0.01919185 -0.00400000
v -0.01339785 0.01957500 -0.00400000
v -0.01202281 0.01684586 -0.00400000
v -0.01220000 0.01550000 -0.00400000
v -0.01407500 0.01889785 -0.00400000
v -0.01547881 0.02228696 -0.00400000
v -0.01607151 0.02308686 -0.00400000
v -0.01500000 0.02235000 -0.00400000
v -0.01452118 0.01871304 -0.00400000
v -0.01500000 0.01865000 -0.00400000
v -0.01547881 0.01871304 -0.00400000
v -0.01592500 0.01889785 -0.00400000
v -0.01630815 0.01919185 -0.00400000
v -0.01660215 0.01957500 -0.00400000
v -0.01780000 0.02050000 -0.00400000
v -0.01321304 0.02002119 -0.00400000
v -0.01067695 0.01917696 -0.00400000
v -0.01315000 0.02050000 -0.00400000
v -0.00960000 0.02000333 -0.00400000
v 0.00960000 0.02000333 -0.00400000
v 0.00834586 0.02052281 -0.00400000
v 0.01067696 0.01917696 -0.00400000
v -0.01678696 0.02002119 -0.00400000
v -0.01685000 0.02050000 -0.00400000
v -0.01758686 0.02157151 -0.00400000
v -0.01678696 0.02097882 -0.00400000
v -0.01660215 0.02142500 -0.00400000
v -0.01697990 0.02247990 -0.00400000
v -0.01630815 0.02180815 -0.00400000
v -0.01592500 0.02210215 -0.00400000
v -0.00834586 0.02052281 -0.00400000
v -0.00700000 0.02070000 -0.00400000
v 0.00700000 0.02070000 -0.00400000
v -0.00300000 -0.00130000 0.01871912
v -0.00300000 -0.00130000 0.01980000
v -0.00300000 0.00070417 0.01980000
v -0.00300000 0.02070000 0.01020000
v -0.00300000 0.02330000 -0.00000000
v -0.00300000 0.02070000 -0.00000000
v -0.00300000 0.02330000 0.01871912
v -0.00300000 0.01825000 0.01679904
v -0.00300000 0.01750000 0.01700000
v -0.00300000 0.01464741 0.01020000
v -0.00300000 0.01825000 0.01420096
v -0.00300000 0.01750000 0.01400000
v -0.00300000 0.01675000 0.01420096
v -0.00300000 0.01675000 0.01679904
v -0.00300000 0.01464741 0.01871912
v -0.00300000 0.01879904 0.01625000
v -0.00300000 0.01900000 0.01550000
v -0.00300000 0.01879904 0.01475000
v -0.00300000 0.01620096 0.01475000
v -0.00300000 0.01600000 0.01550000
v -0.00300000 0.01620096 0.01625000
v -0.00300000 0.00130000 0.01020000
v -0.00300000 -0.00130000 -0.00000000
v -0.00300000 0.00130000 -0.00000000
v -0.00300000 0.00550000 0.01845000
v -0.00300000 0.00477500 0.01825574
v -0.00300000 0.01142713 0.01836380
v -0.00300000 0.01067713 0.01856476
v -0.00300000 0.00424426 0.01772500
v -0.00300000 0.01197617 0.01781476
v -0.00300000 0.01217713 0.01706476
v -0.00300000 0.01197617 0.01631476
v -0.00300000 0.01142713 0.01576573
v -0.00300000 0.01067713 0.01556476
v -0.00300000 0.00992713 0.01576573
v -0.00300000 0.00477500 0.01574426
v -0.00300000 0.00550000 0.01555000
v -0.00300000 0.00424426 0.01627500
v -0.00300000 0.00405000 0.01700000
v -0.00300000 0.00622500 0.01574426
v -0.00300000 0.00675574 0.01627500
v -0.00300000 0.00695000 0.01700000
v -0.00300000 0.00937810 0.01631476
v -0.00300000 0.00675574 0.01772500
v -0.00300000 0.00917713 0.01706476
v -0.00300000 0.00622500 0.01825574
v -0.00300000 0.00937810 0.01781476
v -0.00300000 0.00992713 0.01836380
v -0.00300000 0.01179482 0.02043824
v -0.00300000 0.01254482 0.02063920
v -0.00300000 0.01309386 0.02118824
v -0.00300000 0.01329482 0.02193824
v -0.00300000 0.01464741 0.02480000
v -0.00300000 0.01309386 0.02268824
v -0.00300000 0.01104482 0.02063920
v -0.00300000 0.01049578 0.02118824
v -0.00300000 0.00070000 0.02000000
v -0.00300000 0.01029482 0.02193824
v -0.00300000 0.00161672 0.02282137
v -0.00300000 0.00267863 0.02388328
v -0.00300000 0.00093493 0.02148328
v -0.00300000 0.00550000 0.02480000
v -0.00300000 0.01104482 0.02323728
v -0.00300000 0.01049578 0.02268824
v -0.00300000 0.01179482 0.02343824
v -0.00300000 0.01254482 0.02323728
v -0.00300000 0.00401672 0.02456507
v -0.00300000 0.02129583 0.01980000
v -0.00300000 0.02330000 0.01980000
v -0.00300000 0.02106507 0.02148328
v -0.00300000 0.01991673 0.02112348
v -0.00300000 0.01936769 0.02167251
v -0.00300000 0.01861769 0.01887348
v -0.00300000 0.01786769 0.01907444
v -0.00300000 0.02130000 0.02000000
v -0.00300000 0.02011769 0.02037348
v -0.00300000 0.01991673 0.01962348
v -0.00300000 0.01936769 0.01907444
v -0.00300000 0.02038328 0.02282137
v -0.00300000 0.01932137 0.02388328
v -0.00300000 0.01861769 0.02187348
v -0.00300000 0.01798328 0.02456507
v -0.00300000 0.01786769 0.02167251
v -0.00300000 0.01650000 0.02480000
v -0.00300000 0.01731865 0.02112348
v -0.00300000 0.01711769 0.02037348
v -0.00300000 0.01731865 0.01962348
v 0.00080000 0.00959460 0.01643976
v -0.00275000 0.00942713 0.01706476
v 0.00080000 0.00942713 0.01706476
v -0.00275000 0.00959460 0.01643976
v 0.00080000 0.01005213 0.01598223
v -0.00275000 0.01005213 0.01598223
v 0.00080000 0.01067713 0.01581476
v -0.00275000 0.01067713 0.01581476
v 0.00080000 0.01130213 0.01598223
v -0.00275000 0.01130213 0.01598223
v 0.00080000 0.01175966 0.01643976
v -0.00275000 0.01175966 0.01643976
v 0.00080000 0.01192713 0.01706476
v -0.00275000 0.01192713 0.01706476
v 0.00080000 0.01175966 0.01768976
v -0.00275000 0.01175966 0.01768976
v 0.00080000 0.01130213 0.01814730
v -0.00275000 0.01130213 0.01814730
v 0.00080000 0.01067713 0.01831476
v -0.00275000 0.01067713 0.01831476
v 0.00080000 0.01005213 0.01814730
v -0.00275000 0.01005213 0.01814730
v 0.00080000 0.00959460 0.01768976
v -0.00275000 0.00959460 0.01768976
v 0.00080000 0.01641747 0.01487500
v -0.00275000 0.01625000 0.01550000
v 0.00080000 0.01625000 0.01550000
v -0.00275000 0.01641747 0.01487500
v 0.00080000 0.01687500 0.01441747
v -0.00275000 0.01687500 0.01441747
v 0.00080000 0.01750000 0.01425000
v -0.00275000 0.01750000 0.01425000
v 0.00080000 0.01812500 0.01441747
v -0.00275000 0.01812500 0.01441747
v 0.00080000 0.01858253 0.01487500
v -0.00275000 0.01858253 0.01487500
v 0.00080000 0.01875000 0.01550000
v -0.00275000 0.01875000 0.01550000
v 0.00080000 0.01858253 0.01612500
v -0.00275000 0.01858253 0.01612500
v 0.00080000 0.01812500 0.01658253
v -0.00275000 0.01812500 0.01658253
v 0.00080000 0.01750000 0.01675000
v -0.00275000 0.01750000 0.01675000
v 0.00080000 0.01687500 0.01658253
v -0.00275000 0.01687500 0.01658253
v 0.00080000 0.01641747 0.01612500
v -0.00275000 0.01641747 0.01612500
v 0.00100000 0.01464741 0.01871912
v 0.00100000 0.01605000 0.01550000
v 0.00100000 0.01624426 0.01622500
v 0.00100000 0.01179482 0.02048824
v 0.00100000 0.01251982 0.02068250
v 0.00100000 0.00070000 0.02000000
v 0.00100000 0.01106982 0.02068250
v 0.00100000 0.00161672 0.02282137
v 0.00100000 0.00093493 0.02148328
v 0.00100000 0.01034482 0.02193824
v 0.00100000 0.01053908 0.02121324
v 0.00100000 0.00401672 0.02456507
v 0.00100000 0.01053908 0.02266324
v 0.00100000 0.00550000 0.02480000
v 0.00100000 0.00267863 0.02388328
v 0.00100000 0.01305056 0.02121324
v 0.00100000 0.01324482 0.02193824
v 0.00100000 0.01464741 0.02480000
v 0.00100000 0.01305056 0.02266324
v 0.00100000 0.01251982 0.02319398
v 0.00100000 0.01179482 0.02338824
v 0.00100000 0.01106982 0.02319398
v 0.00100000 0.00050000 0.01300000
v 0.00100000 0.00063398 0.01250000
v 0.00100000 0.00100000 0.01213397
v 0.00100000 0.01212713 0.01706476
v 0.00100000 0.01193287 0.01633976
v 0.00100000 0.01193287 0.01778976
v 0.00100000 0.01140213 0.01832050
v 0.00100000 0.01067713 0.01851476
v 0.00100000 0.00050000 0.01871912
v 0.00100000 0.00475000 0.01829904
v 0.00100000 0.00550000 0.01850000
v 0.00100000 0.00420096 0.01625000
v 0.00100000 0.00150000 0.01200000
v 0.00100000 0.00400000 0.01700000
v 0.00100000 0.00420096 0.01775000
v 0.00100000 0.00475000 0.01570096
v 0.00100000 0.00550000 0.01550000
v 0.00100000 0.00625000 0.01570096
v 0.00100000 0.01464741 0.01200000
v 0.00100000 0.01140213 0.01580903
v 0.00100000 0.01067713 0.01561476
v 0.00100000 0.00050000 0.01980000
v 0.00100000 0.00030000 0.02000000
v 0.00100000 0.00995213 0.01580903
v 0.00100000 0.00942140 0.01633976
v 0.00100000 0.00922713 0.01706476
v 0.00100000 0.00679904 0.01625000
v 0.00100000 0.00942140 0.01778976
v 0.00100000 0.00700000 0.01700000
v 0.00100000 0.00995213 0.01832050
v 0.00100000 0.00679904 0.01775000
v 0.00100000 0.00625000 0.01829904
v 0.00100000 0.01624426 0.01477500
v 0.00100000 0.02050000 0.01200000
v 0.00100000 0.02100000 0.01213397
v 0.00100000 0.02136603 0.01250000
v 0.00100000 0.02150000 0.01300000
v 0.00100000 0.01875574 0.01477500
v 0.00100000 0.01822500 0.01424426
v 0.00100000 0.01895000 0.01550000
v 0.00100000 0.02150000 0.01871912
v 0.00100000 0.01875574 0.01622500
v 0.00100000 0.01750000 0.01405000
v 0.00100000 0.01677500 0.01424426
v 0.00100000 0.01822500 0.01675574
v 0.00100000 0.01750000 0.01695000
v 0.00100000 0.01677500 0.01675574
v 0.00100000 0.02170000 0.02000000
v 0.00100000 0.02130000 0.02000000
v 0.00100000 0.01934269 0.01911774
v 0.00100000 0.01736195 0.01964848
v 0.00100000 0.01716769 0.02037348
v 0.00100000 0.01736195 0.02109848
v 0.00100000 0.01789269 0.02162921
v 0.00100000 0.01650000 0.02480000
v 0.00100000 0.01861769 0.02182348
v 0.00100000 0.01789269 0.01911774
v 0.00100000 0.01861769 0.01892348
v 0.00100000 0.02150000 0.01980000
v 0.00100000 0.01987343 0.01964848
v 0.00100000 0.02006769 0.02037348
v 0.00100000 0.02106507 0.02148328
v 0.00100000 0.01987343 0.02109848
v 0.00100000 0.02038328 0.02282137
v 0.00100000 0.01934269 0.02162921
v 0.00100000 0.01932137 0.02388328
v 0.00100000 0.01798328 0.02456507
v 0.00080000 0.01071229 0.02131324
v -0.00275000 0.01054482 0.02193824
v 0.00080000 0.01054482 0.02193824
v -0.00275000 0.01071229 0.02131324
v 0.00080000 0.01116982 0.02085571
v -0.00275000 0.01116982 0.02085571
v 0.00080000 0.01179482 0.02068824
v -0.00275000 0.01179482 0.02068824
v 0.00080000 0.01241982 0.02085571
v -0.00275000 0.01241982 0.02085571
v 0.00080000 0.01287735 0.02131324
v -0.00275000 0.01287735 0.02131324
v 0.00080000 0.01304482 0.02193824
v -0.00275000 0.01304482 0.02193824
v 0.00080000 0.01287735 0.02256324
v -0.00275000 0.01287735 0.02256324
v 0.00080000 0.01241982 0.02302077
v -0.00275000 0.01241982 0.02302077
v 0.00080000 0.01179482 0.02318824
v -0.00275000 0.01179482 0.02318824
v 0.00080000 0.01116982 0.02302077
v -0.00275000 0.01116982 0.02302077
v 0.00080000 0.01071229 0.02256324
v -0.00275000 0.01071229 0.02256324
v 0.00080000 0.01753516 0.01974848
v -0.00275000 0.01736769 0.02037348
v 0.00080000 0.01736769 0.02037348
v -0.00275000 0.01753516 0.01974848
v 0.00080000 0.01799269 0.01929094
v -0.00275000 0.01799269 0.01929094
v 0.00080000 0.01861769 0.01912348
v -0.00275000 0.01861769 0.01912348
v 0.00080000 0.01924269 0.01929094
v -0.00275000 0.01924269 0.01929094
v 0.00080000 0.01970022 0.01974848
v -0.00275000 0.01970022 0.01974848
v 0.00080000 0.01986769 0.02037348
v -0.00275000 0.01986769 0.02037348
v 0.00080000 0.01970022 0.02099848
v -0.00275000 0.01970022 0.02099848
v 0.00080000 0.01924269 0.02145601
v -0.00275000 0.01924269 0.02145601
v 0.00080000 0.01861769 0.02162348
v -0.00275000 0.01861769 0.02162348
v 0.00080000 0.01799269 0.02145601
v -0.00275000 0.01799269 0.02145601
v 0.00080000 0.01753516 0.02099848
v -0.00275000 0.01753516 0.02099848
v -0.00834586 0.00147719 -0.00000000
v -0.01500000 -0.00130000 -0.00000000
v -0.00700000 0.00130000 -0.00000000
v -0.01321304 0.00102119 -0.00000000
v -0.01339785 0.00057500 -0.00000000
v -0.01315000 0.00150000 -0.00000000
v -0.01321304 0.00197882 -0.00000000
v -0.01067695 0.00282305 -0.00000000
v -0.01150333 0.00390000 -0.00000000
v -0.01630815 0.00280815 -0.00000000
v -0.01547881 0.01871304 -0.00000000
v -0.01592500 0.01889785 -0.00000000
v -0.01547881 -0.00028696 -0.00000000
v -0.01500000 -0.00035000 -0.00000000
v -0.01607151 -0.00108686 -0.00000000
v -0.01452118 -0.00028696 -0.00000000
v -0.01407500 -0.00010215 -0.00000000
v -0.01369185 0.00019185 -0.00000000
v -0.01452118 0.01871304 -0.00000000
v -0.01452118 0.00328696 -0.00000000
v -0.01407500 0.00310215 -0.00000000
v -0.01500000 0.01865000 -0.00000000
v -0.01630815 0.01919185 -0.00000000
v -0.01660215 0.00242500 -0.00000000
v -0.01780000 0.00150000 -0.00000000
v -0.01697990 -0.00047990 -0.00000000
v -0.01660215 0.00057500 -0.00000000
v -0.01758686 0.00042849 -0.00000000
v -0.01630815 0.00019185 -0.00000000
v -0.01592500 -0.00010215 -0.00000000
v -0.00960000 0.00199667 -0.00000000
v -0.01339785 0.00242500 -0.00000000
v -0.01369185 0.00280815 -0.00000000
v -0.01202281 0.00515414 -0.00000000
v -0.01220000 0.00650000 -0.00000000
v -0.01220000 0.01550000 -0.00000000
v -0.01202281 0.01684586 -0.00000000
v -0.01500000 0.00335000 -0.00000000
v -0.01547881 0.00328696 -0.00000000
v -0.01592500 0.00310215 -0.00000000
v -0.01678696 0.00197882 -0.00000000
v -0.01685000 0.00150000 -0.00000000
v -0.01678696 0.00102119 -0.00000000
v -0.01339785 0.02142500 -0.00000000
v -0.01321304 0.02097882 -0.00000000
v -0.00700000 0.02070000 -0.00000000
v -0.00834586 0.02052281 -0.00000000
v -0.00960000 0.02000333 -0.00000000
v -0.01407500 0.01889785 -0.00000000
v -0.01369185 0.01919185 -0.00000000
v -0.01150333 0.01810000 -0.00000000
v -0.01339785 0.01957500 -0.00000000
v -0.01067695 0.01917696 -0.00000000
v -0.01321304 0.02002119 -0.00000000
v -0.01315000 0.02050000 -0.00000000
v -0.01369185 0.02180815 -0.00000000
v -0.01407500 0.02210215 -0.00000000
v -0.01500000 0.02330000 -0.00000000
v -0.01452118 0.02228696 -0.00000000
v -0.01500000 0.02235000 -0.00000000
v -0.01607151 0.02308686 -0.00000000
v -0.01678696 0.02002119 -0.00000000
v -0.01780000 0.02050000 -0.00000000
v -0.01660215 0.01957500 -0.00000000
v -0.01547881 0.02228696 -0.00000000
v -0.01592500 0.02210215 -0.00000000
v -0.01697990 0.02247990 -0.00000000
v -0.01630815 0.02180815 -0.00000000
v -0.01758686 0.02157151 -0.00000000
v -0.01660215 0.02142500 -0.00000000
v -0.01678696 0.02097882 -0.00000000
v -0.01685000 0.02050000 -0.00000000
v -0.01800000 0.02050000 -0.00020000
v -0.01800000 0.00150000 -0.00380000
v -0.01800000 0.00150000 -0.00020000
v -0.01800000 0.02050000 -0.00380000
v 0.00080000 0.01650000 0.02500000
v -0.00280000 0.00550000 0.02500000
v 0.00080000 0.00550000 0.02500000
v -0.00280000 0.01650000 0.02500000
v -0.01500000 0.02350000 -0.00380000
v -0.01500000 0.02350000 -0.00020000
v -0.00280000 0.02350000 -0.00020000
v 0.00280000 0.02350000 -0.00020000
v 0.01500000 0.02350000 -0.00020000
v 0.01500000 0.02350000 -0.00380000
v -0.00280000 0.02350000 0.01980000
v 0.00280000 0.02350000 0.01980000
v -0.00280000 0.02330000 0.02000000
v -0.00280000 0.02150000 0.02000000
v 0.00080000 0.02150000 0.02000000
v 0.00280000 0.02170000 0.02000000
v 0.00280000 0.02330000 0.02000000
v 0.00280000 -0.00130000 0.02000000
v 0.00280000 0.00030000 0.02000000
v -0.00280000 -0.00130000 0.02000000
v -0.00280000 0.00050000 0.02000000
v 0.00080000 0.00050000 0.02000000
v 0.00280000 0.00050000 0.01300000
v 0.00280000 0.00050000 0.01980000
v 0.00280000 0.02050000 0.01200000
v 0.00280000 0.00150000 0.01200000
v 0.00280000 0.02150000 0.01980000
v 0.00280000 0.02150000 0.01300000
v -0.00280000 0.00441747 0.01762500
v 0.00075000 0.00425000 0.01700000
v -0.00280000 0.00425000 0.01700000
v 0.00075000 0.00441747 0.01762500
v -0.00280000 0.00487500 0.01808253
v 0.00075000 0.00487500 0.01808253
v -0.00280000 0.00550000 0.01825000
v 0.00075000 0.00550000 0.01825000
v -0.00280000 0.00612500 0.01808253
v 0.00075000 0.00612500 0.01808253
v -0.00280000 0.00658253 0.01762500
v 0.00075000 0.00658253 0.01762500
v -0.00280000 0.00675000 0.01700000
v 0.00075000 0.00675000 0.01700000
v -0.00280000 0.00658253 0.01637500
v 0.00075000 0.00658253 0.01637500
v -0.00280000 0.00612500 0.01591747
v 0.00075000 0.00612500 0.01591747
v -0.00280000 0.00550000 0.01575000
v 0.00075000 0.00550000 0.01575000
v -0.00280000 0.00487500 0.01591747
v 0.00075000 0.00487500 0.01591747
v -0.00280000 0.00441747 0.01637500
v 0.00075000 0.00441747 0.01637500
v -0.00280000 0.00074472 0.02154508
v 0.00080000 0.00074472 0.02154508
v -0.00280000 0.00145491 0.02293893
v 0.00080000 0.00145491 0.02293893
v -0.00280000 0.00256108 0.02404509
v 0.00080000 0.00256108 0.02404509
v -0.00280000 0.00395491 0.02475528
v 0.00080000 0.00395491 0.02475528
v -0.00280000 0.01804508 0.02475528
v 0.00080000 0.01804508 0.02475528
v -0.00280000 0.01943893 0.02404509
v 0.00080000 0.01943893 0.02404509
v -0.00280000 0.02054509 0.02293893
v 0.00080000 0.02054509 0.02293893
v -0.00280000 0.02125528 0.02154508
v 0.00080000 0.02125528 0.02154508
v 0.00280000 0.00100000 0.01213397
v 0.00280000 0.00063398 0.01250000
v 0.00280000 0.02136603 0.01250000
v 0.00280000 0.02100000 0.01213397
v 0.01500000 -0.00035000 -0.00000000
v 0.01500000 -0.00130000 -0.00000000
v 0.01607151 -0.00108686 -0.00000000
v 0.01678696 0.00102119 -0.00000000
v 0.01758686 0.00042849 -0.00000000
v 0.01780000 0.00150000 -0.00000000
v 0.01150333 0.01810000 -0.00000000
v 0.01369185 0.01919185 -0.00000000
v 0.01339785 0.01957500 -0.00000000
v 0.01500000 0.01865000 -0.00000000
v 0.01452118 0.01871304 -0.00000000
v 0.01220000 0.00650000 -0.00000000
v 0.01678696 0.00197882 -0.00000000
v 0.01780000 0.02050000 -0.00000000
v 0.01660215 0.00242500 -0.00000000
v 0.01685000 0.00150000 -0.00000000
v 0.01592500 0.00310215 -0.00000000
v 0.01660215 0.01957500 -0.00000000
v 0.01630815 0.01919185 -0.00000000
v 0.01630815 0.00280815 -0.00000000
v 0.01547881 -0.00028696 -0.00000000
v 0.01592500 -0.00010215 -0.00000000
v 0.01697990 -0.00047990 -0.00000000
v 0.01630815 0.00019185 -0.00000000
v 0.01660215 0.00057500 -0.00000000
v 0.01452118 0.02228696 -0.00000000
v 0.01407500 0.02210215 -0.00000000
v 0.01500000 0.02330000 -0.00000000
v 0.01547881 0.00328696 -0.00000000
v 0.01547881 0.01871304 -0.00000000
v 0.01592500 0.01889785 -0.00000000
v 0.01678696 0.02002119 -0.00000000
v 0.01685000 0.02050000 -0.00000000
v 0.01758686 0.02157151 -0.00000000
v 0.01678696 0.02097882 -0.00000000
v 0.01660215 0.02142500 -0.00000000
v 0.01697990 0.02247990 -0.00000000
v 0.01630815 0.02180815 -0.00000000
v 0.01607151 0.02308686 -0.00000000
v 0.01369185 0.02180815 -0.00000000
v 0.01339785 0.02142500 -0.00000000
v 0.01321304 0.02097882 -0.00000000
v 0.01407500 0.01889785 -0.00000000
v 0.01220000 0.01550000 -0.00000000
v 0.01202281 0.01684586 -0.00000000
v 0.00700000 0.00130000 -0.00000000
v 0.01592500 0.02210215 -0.00000000
v 0.01547881 0.02228696 -0.00000000
v 0.01500000 0.02235000 -0.00000000
v 0.01369185 0.00019185 -0.00000000
v 0.01407500 -0.00010215 -0.00000000
v 0.01452118 -0.00028696 -0.00000000
v 0.01500000 0.00335000 -0.00000000
v 0.01452118 0.00328696 -0.00000000
v 0.01407500 0.00310215 -0.00000000
v 0.01202281 0.00515414 -0.00000000
v 0.01150333 0.00390000 -0.00000000
v 0.00834586 0.00147719 -0.00000000
v 0.00960000 0.00199667 -0.00000000
v 0.01339785 0.00057500 -0.00000000
v 0.01321304 0.00102119 -0.00000000
v 0.01321304 0.02002119 -0.00000000
v 0.01067696 0.01917696 -0.00000000
v 0.01315000 0.02050000 -0.00000000
v 0.00960000 0.02000333 -0.00000000
v 0.00834586 0.02052281 -0.00000000
v 0.00700000 0.02070000 -0.00000000
v 0.01369185 0.00280815 -0.00000000
v 0.01339785 0.00242500 -0.00000000
v 0.01067696 0.00282305 -0.00000000
v 0.01321304 0.00197882 -0.00000000
v 0.01315000 0.00150000 -0.00000000
v 0.01800000 0.02050000 -0.00380000
v 0.01800000 0.00150000 -0.00020000
v 0.01800000 0.00150000 -0.00380000
v 0.01800000 0.02050000 -0.00020000
v -0.00280000 0.02050000 0.01000000
v 0.00280000 0.00150000 0.01000000
v -0.00280000 0.00150000 0.01000000
v 0.00280000 0.02050000 0.01000000
v -0.01200000 0.01550000 -0.00380000
v -0.01200000 0.00650000 -0.00020000
v -0.01200000 0.00650000 -0.00380000
v -0.01200000 0.01550000 -0.00020000
v -0.00700000 0.00150000 -0.00380000
v -0.00700000 0.00150000 -0.00020000
v -0.00280000 0.00150000 -0.00020000
v 0.00280000 0.00150000 -0.00020000
v 0.00700000 0.00150000 -0.00020000
v 0.00700000 0.00150000 -0.00380000
v 0.00700000 0.02050000 -0.00380000
v -0.00700000 0.02050000 -0.00020000
v -0.00700000 0.02050000 -0.00380000
v -0.00280000 0.02050000 -0.00020000
v 0.00280000 0.02050000 -0.00020000
v 0.00700000 0.02050000 -0.00020000
v 0.01200000 0.00650000 -0.00380000
v 0.01200000 0.01550000 -0.00020000
v 0.01200000 0.01550000 -0.00380000
v 0.01200000 0.00650000 -0.00020000
v 0.01500000 -0.00015000 -0.00380000
v 0.01542705 -0.00009378 -0.00020000
v 0.01542705 -0.00009378 -0.00380000
v 0.01500000 -0.00015000 -0.00020000
v 0.01457295 -0.00009378 -0.00380000
v 0.01457295 -0.00009378 -0.00020000
v 0.01417500 0.00007106 -0.00380000
v 0.01417500 0.00007106 -0.00020000
v 0.01383327 0.00033327 -0.00380000
v 0.01383327 0.00033327 -0.00020000
v 0.01357106 0.00067500 -0.00380000
v 0.01357106 0.00067500 -0.00020000
v 0.01340622 0.00107295 -0.00380000
v 0.01340622 0.00107295 -0.00020000
v 0.01335000 0.00150000 -0.00380000
v 0.01335000 0.00150000 -0.00020000
v 0.01340622 0.00192705 -0.00380000
v 0.01340622 0.00192705 -0.00020000
v 0.01357106 0.00232500 -0.00380000
v 0.01357106 0.00232500 -0.00020000
v 0.01383327 0.00266672 -0.00380000
v 0.01383327 0.00266672 -0.00020000
v 0.01417500 0.00292894 -0.00380000
v 0.01417500 0.00292894 -0.00020000
v 0.01457295 0.00309378 -0.00380000
v 0.01457295 0.00309378 -0.00020000
v 0.01500000 0.00315000 -0.00380000
v 0.01500000 0.00315000 -0.00020000
v 0.01542705 0.00309378 -0.00380000
v 0.01542705 0.00309378 -0.00020000
v 0.01582500 0.00292894 -0.00380000
v 0.01582500 0.00292894 -0.00020000
v 0.01616673 0.00266672 -0.00380000
v 0.01616673 0.00266672 -0.00020000
v 0.01642894 0.00232500 -0.00380000
v 0.01642894 0.00232500 -0.00020000
v 0.01659378 0.00192705 -0.00380000
v 0.01659378 0.00192705 -0.00020000
v 0.01665000 0.00150000 -0.00380000
v 0.01665000 0.00150000 -0.00020000
v 0.01659378 0.00107295 -0.00380000
v 0.01659378 0.00107295 -0.00020000
v 0.01642894 0.00067500 -0.00380000
v 0.01642894 0.00067500 -0.00020000
v 0.01616673 0.00033327 -0.00380000
v 0.01616673 0.00033327 -0.00020000
v 0.01582500 0.00007106 -0.00380000
v 0.01582500 0.00007106 -0.00020000
v 0.01500000 0.01885000 -0.00380000
v 0.01542705 0.01890622 -0.00020000
v 0.01542705 0.01890622 -0.00380000
v 0.01500000 0.01885000 -0.00020000
v 0.01457295 0.01890622 -0.00380000
v 0.01457295 0.01890622 -0.00020000
v 0.01417500 0.01907106 -0.00380000
v 0.01417500 0.01907106 -0.00020000
v 0.01383327 0.01933327 -0.00380000
v 0.01383327 0.01933327 -0.00020000
v 0.01357106 0.01967500 -0.00380000
v 0.01357106 0.01967500 -0.00020000
v 0.01340622 0.02007295 -0.00380000
v 0.01340622 0.02007295 -0.00020000
v 0.01335000 0.02050000 -0.00380000
v 0.01335000 0.02050000 -0.00020000
v 0.01340622 0.02092705 -0.00380000
v 0.01340622 0.02092705 -0.00020000
v 0.01357106 0.02132500 -0.00380000
v 0.01357106 0.02132500 -0.00020000
v 0.01383327 0.02166673 -0.00380000
v 0.01383327 0.02166673 -0.00020000
v 0.01417500 0.02192894 -0.00380000
v 0.01417500 0.02192894 -0.00020000
v 0.01457295 0.02209378 -0.00380000
v 0.01457295 0.02209378 -0.00020000
v 0.01500000 0.02215000 -0.00380000
v 0.01500000 0.02215000 -0.00020000
v 0.01542705 0.02209378 -0.00380000
v 0.01542705 0.02209378 -0.00020000
v 0.01582500 0.02192894 -0.00380000
v 0.01582500 0.02192894 -0.00020000
v 0.01616673 0.02166673 -0.00380000
v 0.01616673 0.02166673 -0.00020000
v 0.01642894 0.02132500 -0.00380000
v 0.01642894 0.02132500 -0.00020000
v 0.01659378 0.02092705 -0.00380000
v 0.01659378 0.02092705 -0.00020000
v 0.01665000 0.02050000 -0.00380000
v 0.01665000 0.02050000 -0.00020000
v 0.01659378 0.02007295 -0.00380000
v 0.01659378 0.02007295 -0.00020000
v 0.01642894 0.01967500 -0.00380000
v 0.01642894 0.01967500 -0.00020000
v 0.01616673 0.01933327 -0.00380000
v 0.01616673 0.01933327 -0.00020000
v 0.01582500 0.01907106 -0.00380000
v 0.01582500 0.01907106 -0.00020000
v -0.01500000 0.01885000 -0.00380000
v -0.01457295 0.01890622 -0.00020000
v -0.01457295 0.01890622 -0.00380000
v -0.01500000 0.01885000 -0.00020000
v -0.01542705 0.01890622 -0.00380000
v -0.01542705 0.01890622 -0.00020000
v -0.01582500 0.01907106 -0.00380000
v -0.01582500 0.01907106 -0.00020000
v -0.01616673 0.01933327 -0.00380000
v -0.01616673 0.01933327 -0.00020000
v -0.01642894 0.01967500 -0.00380000
v -0.01642894 0.01967500 -0.00020000
v -0.01659378 0.02007295 -0.00380000
v -0.01659378 0.02007295 -0.00020000
v -0.01665000 0.02050000 -0.00380000
v -0.01665000 0.02050000 -0.00020000
v -0.01659378 0.02092705 -0.00380000
v -0.01659378 0.02092705 -0.00020000
v -0.01642894 0.02132500 -0.00380000
v -0.01642894 0.02132500 -0.00020000
v -0.01616673 0.02166673 -0.00380000
v -0.01616673 0.02166673 -0.00020000
v -0.01582500 0.02192894 -0.00380000
v -0.01582500 0.02192894 -0.00020000
v -0.01542705 0.02209378 -0.00380000
v -0.01542705 0.02209378 -0.00020000
v -0.01500000 0.02215000 -0.00380000
v -0.01500000 0.02215000 -0.00020000
v -0.01457295 0.02209378 -0.00380000
v -0.01457295 0.02209378 -0.00020000
v -0.01417500 0.02192894 -0.00380000
v -0.01417500 0.02192894 -0.00020000
v -0.01383327 0.02166673 -0.00380000
v -0.01383327 0.02166673 -0.00020000
v -0.01357106 0.02132500 -0.00380000
v -0.01357106 0.02132500 -0.00020000
v -0.01340622 0.02092705 -0.00380000
v -0.01340622 0.02092705 -0.00020000
v -0.01335000 0.02050000 -0.00380000
v -0.01335000 0.02050000 -0.00020000
v -0.01340622 0.02007295 -0.00380000
v -0.01340622 0.02007295 -0.00020000
v -0.01357106 0.01967500 -0.00380000
v -0.01357106 0.01967500 -0.00020000
v -0.01383327 0.01933327 -0.00380000
v -0.01383327 0.01933327 -0.00020000
v -0.01417500 0.01907106 -0.00380000
v -0.01417500 0.01907106 -0.00020000
v -0.01500000 -0.00015000 -0.00380000
v -0.01457295 -0.00009378 -0.00020000
v -0.01457295 -0.00009378 -0.00380000
v -0.01500000 -0.00015000 -0.00020000
v -0.01542705 -0.00009378 -0.00380000
v -0.01542705 -0.00009378 -0.00020000
v -0.01582500 0.00007106 -0.00380000
v -0.01582500 0.00007106 -0.00020000
v -0.01616673 0.00033327 -0.00380000
v -0.01616673 0.00033327 -0.00020000
v -0.01642894 0.00067500 -0.00380000
v -0.01642894 0.00067500 -0.00020000
v -0.01659378 0.00107295 -0.00380000
v -0.01659378 0.00107295 -0.00020000
v -0.01665000 0.00150000 -0.00380000
v -0.01665000 0.00150000 -0.00020000
v -0.01659378 0.00192705 -0.00380000
v -0.01659378 0.00192705 -0.00020000
v -0.01642894 0.00232500 -0.00380000
v -0.01642894 0.00232500 -0.00020000
v -0.01616673 0.00266672 -0.00380000
v -0.01616673 0.00266672 -0.00020000
v -0.01582500 0.00292894 -0.00380000
v -0.01582500 0.00292894 -0.00020000
v -0.01542705 0.00309378 -0.00380000
v -0.01542705 0.00309378 -0.00020000
v -0.01500000 0.00315000 -0.00380000
v -0.01500000 0.00315000 -0.00020000
v -0.01457295 0.00309378 -0.00380000
v -0.01457295 0.00309378 -0.00020000
v -0.01417500 0.00292894 -0.00380000
v -0.01417500 0.00292894 -0.00020000
v -0.01383327 0.00266672 -0.00380000
v -0.01383327 0.00266672 -0.00020000
v -0.01357106 0.00232500 -0.00380000
v -0.01357106 0.00232500 -0.00020000
v -0.01340622 0.00192705 -0.00380000
v -0.01340622 0.00192705 -0.00020000
v -0.01335000 0.00150000 -0.00380000
v -0.01335000 0.00150000 -0.00020000
v -0.01340622 0.00107295 -0.00380000
v -0.01340622 0.00107295 -0.00020000
v -0.01357106 0.00067500 -0.00380000
v -0.01357106 0.00067500 -0.00020000
v -0.01383327 0.00033327 -0.00380000
v -0.01383327 0.00033327 -0.00020000
v -0.01417500 0.00007106 -0.00380000
v -0.01417500 0.00007106 -0.00020000
v -0.01182963 0.00520590 -0.00020000
v -0.01182963 0.00520590 -0.00380000
v -0.01175528 0.00495491 -0.00020000
v -0.01175528 0.00495491 -0.00380000
v -0.01133013 0.00400000 -0.00020000
v -0.01133013 0.00400000 -0.00380000
v -0.01104508 0.00356107 -0.00020000
v -0.01104508 0.00356107 -0.00380000
v -0.01053553 0.00296446 -0.00020000
v -0.01053553 0.00296446 -0.00380000
v -0.00993893 0.00245492 -0.00020000
v -0.00993893 0.00245492 -0.00380000
v -0.00950000 0.00216987 -0.00020000
v -0.00950000 0.00216987 -0.00380000
v -0.00854508 0.00174472 -0.00020000
v -0.00854508 0.00174472 -0.00380000
v -0.00829410 0.00167037 -0.00020000
v -0.00829410 0.00167037 -0.00380000
v -0.01182963 0.01679409 -0.00380000
v -0.01182963 0.01679409 -0.00020000
v -0.01175528 0.01704508 -0.00380000
v -0.01175528 0.01704508 -0.00020000
v -0.01133013 0.01800000 -0.00380000
v -0.01133013 0.01800000 -0.00020000
v -0.01104508 0.01843893 -0.00380000
v -0.01104508 0.01843893 -0.00020000
v -0.01053553 0.01903553 -0.00380000
v -0.01053553 0.01903553 -0.00020000
v -0.00993893 0.01954509 -0.00380000
v -0.00993893 0.01954509 -0.00020000
v -0.00950000 0.01983013 -0.00380000
v -0.00950000 0.01983013 -0.00020000
v -0.00854508 0.02025528 -0.00380000
v -0.00854508 0.02025528 -0.00020000
v -0.00829410 0.02032963 -0.00380000
v -0.00829410 0.02032963 -0.00020000
v 0.00829410 0.02032963 -0.00380000
v 0.00829410 0.02032963 -0.00020000
v 0.00854508 0.02025528 -0.00380000
v 0.00854508 0.02025528 -0.00020000
v 0.00950000 0.01983013 -0.00380000
v 0.00950000 0.01983013 -0.00020000
v 0.00993893 0.01954509 -0.00380000
v 0.00993893 0.01954509 -0.00020000
v 0.01053553 0.01903553 -0.00380000
v 0.01053553 0.01903553 -0.00020000
v 0.01104509 0.01843893 -0.00380000
v 0.01104509 0.01843893 -0.00020000
v 0.01133013 0.01800000 -0.00380000
v 0.01133013 0.01800000 -0.00020000
v 0.01175528 0.01704508 -0.00380000
v 0.01175528 0.01704508 -0.00020000
v 0.01182963 0.01679409 -0.00380000
v 0.01182963 0.01679409 -0.00020000
v 0.01182963 0.00520590 -0.00380000
v 0.01182963 0.00520590 -0.00020000
v 0.01175528 0.00495491 -0.00380000
v 0.01175528 0.00495491 -0.00020000
v 0.01133013 0.00400000 -0.00380000
v 0.01133013 0.00400000 -0.00020000
v 0.01104509 0.00356107 -0.00380000
v 0.01104509 0.00356107 -0.00020000
v 0.01053553 0.00296446 -0.00380000
v 0.01053553 0.00296446 -0.00020000
v 0.00993893 0.00245492 -0.00380000
v 0.00993893 0.00245492 -0.00020000
v 0.00950000 0.00216987 -0.00380000
v 0.00950000 0.00216987 -0.00020000
v 0.00854508 0.00174472 -0.00380000
v 0.00854508 0.00174472 -0.00020000
v 0.00829410 0.00167037 -0.00380000
v 0.00829410 0.00167037 -0.00020000
v -0.01614805 -0.00127164 -0.00380000
v -0.01614805 -0.00127164 -0.00020000
v -0.01712132 -0.00062132 -0.00380000
v -0.01712132 -0.00062132 -0.00020000
v -0.01777164 0.00035195 -0.00380000
v -0.01777164 0.00035195 -0.00020000
v -0.01777164 0.02164805 -0.00380000
v -0.01777164 0.02164805 -0.00020000
v -0.01712132 0.02262132 -0.00380000
v -0.01712132 0.02262132 -0.00020000
v -0.01614805 0.02327164 -0.00380000
v -0.01614805 0.02327164 -0.00020000
v 0.01614805 -0.00127164 -0.00020000
v 0.01614805 -0.00127164 -0.00380000
v 0.01712132 -0.00062132 -0.00020000
v 0.01712132 -0.00062132 -0.00380000
v 0.01777164 0.00035195 -0.00020000
v 0.01777164 0.00035195 -0.00380000
v 0.01777164 0.02164805 -0.00020000
v 0.01777164 0.02164805 -0.00380000
v 0.01712132 0.02262132 -0.00020000
v 0.01712132 0.02262132 -0.00380000
v 0.01614805 0.02327164 -0.00020000
v 0.01614805 0.02327164 -0.00380000
v -0.00290000 -0.00140000 0.01990000
v 0.00290000 -0.00140000 0.01990000
v 0.00290000 0.02340000 0.01990000
v 0.00700000 0.01861769 0.02037348
v 0.00700000 0.01783461 0.02008846
v 0.00700000 0.01797932 0.01983782
v 0.00700000 0.01778436 0.02037348
v 0.00700000 0.01783461 0.02065849
v 0.00700000 0.01847298 0.01955280
v 0.00700000 0.01876239 0.01955280
v 0.00700000 0.01820102 0.01965179
v 0.00700000 0.01925606 0.01983782
v 0.00700000 0.01940077 0.02008846
v 0.00700000 0.01903436 0.01965179
v 0.00700000 0.01940077 0.02065849
v 0.00700000 0.01925606 0.02090913
v 0.00700000 0.01945102 0.02037348
v 0.00700000 0.01876239 0.02119415
v 0.00700000 0.01847298 0.02119415
v 0.00700000 0.01903436 0.02109516
v 0.00700000 0.01797932 0.02090913
v 0.00700000 0.01820102 0.02109516
v 0.00683333 0.01955738 0.02071550
v 0.00683333 0.01961769 0.02037348
v 0.00683333 0.01938373 0.02101626
v 0.00683333 0.01911769 0.02123950
v 0.00683333 0.01879134 0.02135828
v 0.00683333 0.01844404 0.02135828
v 0.00683333 0.01811769 0.02123950
v 0.00683333 0.01785164 0.02101626
v 0.00683333 0.01767800 0.02071550
v 0.00683333 0.01761769 0.02037348
v 0.00683333 0.01767800 0.02003146
v 0.00683333 0.01785164 0.01973069
v 0.00683333 0.01811769 0.01950745
v 0.00683333 0.01844404 0.01938867
v 0.00683333 0.01879134 0.01938867
v 0.00683333 0.01911769 0.01950745
v 0.00683333 0.01938373 0.01973069
v 0.00683333 0.01955738 0.02003146
v -0.00270000 0.01764107 0.02015851
v -0.00270000 0.01771011 0.01995359
v -0.00270000 0.01782160 0.01976830
v -0.00270000 0.01767800 0.02003146
v -0.00270000 0.01785164 0.01973069
v -0.00270000 0.01797030 0.01961131
v -0.00270000 0.01811769 0.01950745
v -0.00270000 0.01814928 0.01948996
v -0.00270000 0.01835016 0.01940993
v -0.00270000 0.01856355 0.01937494
v -0.00270000 0.01877947 0.01938665
v -0.00270000 0.01844404 0.01938867
v -0.00270000 0.01879134 0.01938867
v -0.00270000 0.01898783 0.01944450
v -0.00270000 0.01911769 0.01950745
v -0.00270000 0.01917887 0.01954579
v -0.00270000 0.01934368 0.01968578
v -0.00270000 0.01947455 0.01985792
v -0.00270000 0.01938373 0.01973069
v -0.00270000 0.01956534 0.02005417
v -0.00270000 0.01955738 0.02003146
v -0.00270000 0.01961769 0.02037348
v -0.00270000 0.01961183 0.02048160
v -0.00270000 0.01961183 0.02026536
v -0.00270000 0.01947455 0.02088903
v -0.00270000 0.01955738 0.02071550
v -0.00270000 0.01956534 0.02069278
v -0.00270000 0.01917887 0.02120117
v -0.00270000 0.01911769 0.02123950
v -0.00270000 0.01934368 0.02106118
v -0.00270000 0.01938373 0.02101626
v -0.00270000 0.01898783 0.02130245
v -0.00270000 0.01879134 0.02135828
v -0.00270000 0.01877947 0.02136030
v -0.00270000 0.01856355 0.02137201
v -0.00270000 0.01835016 0.02133703
v -0.00270000 0.01814928 0.02125699
v -0.00270000 0.01844404 0.02135828
v -0.00270000 0.01811769 0.02123950
v -0.00270000 0.01797030 0.02113564
v -0.00270000 0.01785164 0.02101626
v -0.00270000 0.01782160 0.02097865
v -0.00270000 0.01771011 0.02079337
v -0.00270000 0.01761769 0.02037348
v -0.00270000 0.01764107 0.02058845
v -0.00270000 0.01767800 0.02071550
v -0.00281481 0.01768939 0.01994400
v -0.00281481 0.01780342 0.01975448
v -0.00281481 0.01795552 0.01959391
v -0.00281481 0.01813858 0.01946979
v -0.00281481 0.01834405 0.01938792
v -0.00281481 0.01856231 0.01935214
v -0.00281481 0.01878317 0.01936411
v -0.00281481 0.01899628 0.01942329
v -0.00281481 0.01919169 0.01952689
v -0.00281481 0.01936026 0.01967007
v -0.00281481 0.01949411 0.01984615
v -0.00281481 0.01958698 0.02004688
v -0.00281481 0.01963453 0.02026289
v -0.00281481 0.01963453 0.02048406
v -0.00281481 0.01958698 0.02070007
v -0.00281481 0.01949411 0.02090080
v -0.00281481 0.01936026 0.02107688
v -0.00281481 0.01919169 0.02122007
v -0.00281481 0.01899628 0.02132367
v -0.00281481 0.01878317 0.02138284
v -0.00281481 0.01856231 0.02139481
v -0.00281481 0.01834405 0.02135903
v -0.00281481 0.01813858 0.02127717
v -0.00281481 0.01795552 0.02115304
v -0.00281481 0.01780342 0.02099247
v -0.00281481 0.01768939 0.02080295
v -0.00281481 0.01761877 0.02059336
v -0.00281481 0.01759485 0.02037348
v -0.00281481 0.01761877 0.02015360
v -0.00291213 0.01755525 0.02060734
v -0.00291213 0.01763037 0.02083026
v -0.00291213 0.01775165 0.02103183
v -0.00291213 0.01791342 0.02120261
v -0.00291213 0.01810812 0.02133462
v -0.00291213 0.01832665 0.02142169
v -0.00291213 0.01855879 0.02145975
v -0.00291213 0.01879369 0.02144701
v -0.00291213 0.01902035 0.02138408
v -0.00291213 0.01922819 0.02127389
v -0.00291213 0.01940748 0.02112160
v -0.00291213 0.01954984 0.02093433
v -0.00291213 0.01964861 0.02072083
v -0.00291213 0.01969918 0.02049110
v -0.00291213 0.01969918 0.02025586
v -0.00291213 0.01964861 0.02002612
v -0.00291213 0.01954984 0.01981262
v -0.00291213 0.01940748 0.01962535
v -0.00291213 0.01922819 0.01947306
v -0.00291213 0.01902035 0.01936287
v -0.00291213 0.01879369 0.01929994
v -0.00291213 0.01855879 0.01928720
v -0.00291213 0.01832665 0.01932526
v -0.00291213 0.01810812 0.01941233
v -0.00291213 0.01791342 0.01954434
v -0.00291213 0.01775165 0.01971513
v -0.00291213 0.01763037 0.01991669
v -0.00291213 0.01755525 0.02013962
v -0.00291213 0.01752982 0.02037348
v -0.00297716 0.01746020 0.02062826
v -0.00297716 0.01754203 0.02087113
v -0.00297716 0.01767416 0.02109073
v -0.00297716 0.01785041 0.02127679
v -0.00297716 0.01806253 0.02142061
v -0.00297716 0.01830062 0.02151547
v -0.00297716 0.01855352 0.02155693
v -0.00297716 0.01880943 0.02154306
v -0.00297716 0.01905637 0.02147450
v -0.00297716 0.01928280 0.02135445
v -0.00297716 0.01947813 0.02118853
v -0.00297716 0.01963323 0.02098451
v -0.00297716 0.01974084 0.02075191
v -0.00297716 0.01979594 0.02050162
v -0.00297716 0.01979594 0.02024533
v -0.00297716 0.01974084 0.01999504
v -0.00297716 0.01963323 0.01976245
v -0.00297716 0.01947813 0.01955842
v -0.00297716 0.01928280 0.01939250
v -0.00297716 0.01905637 0.01927246
v -0.00297716 0.01880943 0.01920389
v -0.00297716 0.01855352 0.01919002
v -0.00297716 0.01830062 0.01923148
v -0.00297716 0.01806253 0.01932634
v -0.00297716 0.01785041 0.01947017
v -0.00297716 0.01767416 0.01965623
v -0.00297716 0.01754203 0.01987583
v -0.00297716 0.01746020 0.02011869
v -0.00297716 0.01743249 0.02037348
v -0.00300000 0.01734808 0.02065294
v -0.00300000 0.01743784 0.02091933
v -0.00300000 0.01758277 0.02116020
v -0.00300000 0.01777609 0.02136429
v -0.00300000 0.01800876 0.02152204
v -0.00300000 0.01826990 0.02162609
v -0.00300000 0.01854731 0.02167157
v -0.00300000 0.01882800 0.02165635
v -0.00300000 0.01909887 0.02158115
v -0.00300000 0.01934723 0.02144947
v -0.00300000 0.01956148 0.02126748
v -0.00300000 0.01973160 0.02104370
v -0.00300000 0.01984964 0.02078857
v -0.00300000 0.01991007 0.02051403
v -0.00300000 0.01991007 0.02023292
v -0.00300000 0.01984964 0.01995838
v -0.00300000 0.01973160 0.01970326
v -0.00300000 0.01956148 0.01947947
v -0.00300000 0.01934723 0.01929748
v -0.00300000 0.01909887 0.01916581
v -0.00300000 0.01882800 0.01909060
v -0.00300000 0.01854731 0.01907538
v -0.00300000 0.01826990 0.01912086
v -0.00300000 0.01800876 0.01922491
v -0.00300000 0.01777609 0.01938266
v -0.00300000 0.01758277 0.01958675
v -0.00300000 0.01743784 0.01982762
v -0.00300000 0.01734808 0.02009401
v -0.00300000 0.01731769 0.02037348
v -0.00300000 0.01755139 0.01869326
v -0.00300000 0.01716704 0.01901123
v -0.00300000 0.01800274 0.01848087
v -0.00300000 0.01849274 0.01838740
v -0.00300000 0.01899058 0.01841873
v -0.00300000 0.01946499 0.01857287
v -0.00300000 0.01988616 0.01884015
v -0.00300000 0.01946499 0.02217408
v -0.00300000 0.01988616 0.02190680
v -0.00300000 0.01899058 0.02232823
v -0.00300000 0.01849274 0.02235955
v -0.00300000 0.01800274 0.02226608
v -0.00300000 0.01755139 0.02205369
v -0.00300000 0.01716704 0.02173573
v -0.00300000 0.01687384 0.02133217
v -0.00300000 0.01669021 0.02086837
v -0.00300000 0.01662769 0.02037348
v -0.00300000 0.01669021 0.01987858
v -0.00300000 0.01687384 0.01941479
v -0.00300000 0.02022763 0.01920378
v -0.00300000 0.02046794 0.01964091
v -0.00300000 0.02059200 0.02012406
v -0.00300000 0.02059200 0.02062289
v -0.00300000 0.02046794 0.02110604
v -0.00300000 0.02022763 0.02154317
v -0.00470000 0.01665792 0.02002792
v -0.00470000 0.01674770 0.01969286
v -0.00470000 0.01669021 0.01987858
v -0.00470000 0.01709326 0.01909433
v -0.00470000 0.01716704 0.01901123
v -0.00470000 0.01689430 0.01937848
v -0.00470000 0.01687384 0.01941479
v -0.00470000 0.01733854 0.01884905
v -0.00470000 0.01755139 0.01869326
v -0.00470000 0.01762269 0.01865009
v -0.00470000 0.01793707 0.01850349
v -0.00470000 0.01827213 0.01841371
v -0.00470000 0.01800274 0.01848087
v -0.00470000 0.01896325 0.01841371
v -0.00470000 0.01899058 0.01841873
v -0.00470000 0.01861769 0.01838348
v -0.00470000 0.01849274 0.01838740
v -0.00470000 0.01929831 0.01850349
v -0.00470000 0.01946499 0.01857287
v -0.00470000 0.01961269 0.01865009
v -0.00470000 0.01988616 0.01884015
v -0.00470000 0.01989684 0.01884905
v -0.00470000 0.02014212 0.01909433
v -0.00470000 0.02034108 0.01937848
v -0.00470000 0.02022763 0.01920378
v -0.00470000 0.02057746 0.02002792
v -0.00470000 0.02059200 0.02012406
v -0.00470000 0.02048768 0.01969286
v -0.00470000 0.02046794 0.01964091
v -0.00470000 0.02060769 0.02037348
v -0.00470000 0.02059200 0.02062289
v -0.00470000 0.02057746 0.02071904
v -0.00470000 0.02048768 0.02105410
v -0.00470000 0.02034108 0.02136848
v -0.00470000 0.02046794 0.02110604
v -0.00470000 0.01989684 0.02189790
v -0.00470000 0.01988616 0.02190680
v -0.00470000 0.02014212 0.02165262
v -0.00470000 0.02022763 0.02154317
v -0.00470000 0.01961269 0.02209687
v -0.00470000 0.01946499 0.02217408
v -0.00470000 0.01929831 0.02224346
v -0.00470000 0.01899058 0.02232823
v -0.00470000 0.01896325 0.02233324
v -0.00470000 0.01861769 0.02236348
v -0.00470000 0.01827213 0.02233324
v -0.00470000 0.01849274 0.02235955
v -0.00470000 0.01762269 0.02209687
v -0.00470000 0.01755139 0.02205369
v -0.00470000 0.01793707 0.02224346
v -0.00470000 0.01800274 0.02226608
v -0.00470000 0.01733854 0.02189790
v -0.00470000 0.01716704 0.02173573
v -0.00470000 0.01709326 0.02165262
v -0.00470000 0.01689430 0.02136848
v -0.00470000 0.01674770 0.02105410
v -0.00470000 0.01687384 0.02133217
v -0.00470000 0.01662769 0.02037348
v -0.00470000 0.01665792 0.02071904
v -0.00470000 0.01669021 0.02086837
v -0.00481480 0.01676916 0.01970067
v -0.00481480 0.01691408 0.01938989
v -0.00481480 0.01711075 0.01910901
v -0.00481480 0.01735322 0.01886654
v -0.00481480 0.01763411 0.01866986
v -0.00481480 0.01794488 0.01852495
v -0.00481480 0.01827609 0.01843620
v -0.00481480 0.01861769 0.01840631
v -0.00481480 0.01895928 0.01843620
v -0.00481480 0.01929050 0.01852495
v -0.00481480 0.01960127 0.01866986
v -0.00481480 0.01988216 0.01886654
v -0.00481480 0.02012462 0.01910901
v -0.00481480 0.02032130 0.01938989
v -0.00481480 0.02046622 0.01970067
v -0.00481480 0.02055497 0.02003188
v -0.00481480 0.02058485 0.02037348
v -0.00481480 0.02055497 0.02071507
v -0.00481480 0.02046622 0.02104629
v -0.00481480 0.02032130 0.02135706
v -0.00481480 0.02012462 0.02163794
v -0.00481480 0.01988216 0.02188041
v -0.00481480 0.01960127 0.02207709
v -0.00481480 0.01929050 0.02222200
v -0.00481480 0.01895928 0.02231075
v -0.00481480 0.01861769 0.02234064
v -0.00481480 0.01827609 0.02231075
v -0.00481480 0.01794488 0.02222200
v -0.00481480 0.01763411 0.02207709
v -0.00481480 0.01735322 0.02188041
v -0.00481480 0.01711075 0.02163794
v -0.00481480 0.01691408 0.02135706
v -0.00481480 0.01676916 0.02104629
v -0.00481480 0.01668041 0.02071507
v -0.00481480 0.01665052 0.02037348
v -0.00481480 0.01668041 0.02003188
v -0.00491213 0.01674445 0.02070378
v -0.00491213 0.01683027 0.02102404
v -0.00491213 0.01697039 0.02132454
v -0.00491213 0.01716057 0.02159614
v -0.00491213 0.01739502 0.02183059
v -0.00491213 0.01766662 0.02202077
v -0.00491213 0.01796712 0.02216090
v -0.00491213 0.01828739 0.02224671
v -0.00491213 0.01861769 0.02227561
v -0.00491213 0.01894799 0.02224671
v -0.00491213 0.01926826 0.02216090
v -0.00491213 0.01956875 0.02202077
v -0.00491213 0.01984036 0.02183059
v -0.00491213 0.02007481 0.02159614
v -0.00491213 0.02026498 0.02132454
v -0.00491213 0.02040511 0.02102404
v -0.00491213 0.02049092 0.02070378
v -0.00491213 0.02051982 0.02037348
v -0.00491213 0.02049092 0.02004317
v -0.00491213 0.02040511 0.01972291
v -0.00491213 0.02026498 0.01942241
v -0.00491213 0.02007481 0.01915081
v -0.00491213 0.01984036 0.01891636
v -0.00491213 0.01956875 0.01872618
v -0.00491213 0.01926826 0.01858606
v -0.00491213 0.01894799 0.01850024
v -0.00491213 0.01861769 0.01847134
v -0.00491213 0.01828739 0.01850024
v -0.00491213 0.01796712 0.01858606
v -0.00491213 0.01766662 0.01872618
v -0.00491213 0.01739502 0.01891636
v -0.00491213 0.01716057 0.01915081
v -0.00491213 0.01697039 0.01942241
v -0.00491213 0.01683027 0.01972291
v -0.00491213 0.01674445 0.02004317
v -0.00491213 0.01671556 0.02037348
v -0.00497716 0.01684030 0.02068688
v -0.00497716 0.01692173 0.02099076
v -0.00497716 0.01705468 0.02127588
v -0.00497716 0.01723513 0.02153358
v -0.00497716 0.01745758 0.02175604
v -0.00497716 0.01771529 0.02193648
v -0.00497716 0.01800041 0.02206944
v -0.00497716 0.01830429 0.02215086
v -0.00497716 0.01861769 0.02217828
v -0.00497716 0.01893109 0.02215086
v -0.00497716 0.01923497 0.02206944
v -0.00497716 0.01952009 0.02193648
v -0.00497716 0.01977780 0.02175604
v -0.00497716 0.02000025 0.02153358
v -0.00497716 0.02018069 0.02127588
v -0.00497716 0.02031365 0.02099076
v -0.00497716 0.02039507 0.02068688
v -0.00497716 0.02042249 0.02037348
v -0.00497716 0.02039507 0.02006008
v -0.00497716 0.02031365 0.01975620
v -0.00497716 0.02018069 0.01947107
v -0.00497716 0.02000025 0.01921337
v -0.00497716 0.01977780 0.01899092
v -0.00497716 0.01952009 0.01881047
v -0.00497716 0.01923497 0.01867751
v -0.00497716 0.01893109 0.01859609
v -0.00497716 0.01861769 0.01856867
v -0.00497716 0.01830429 0.01859609
v -0.00497716 0.01800041 0.01867751
v -0.00497716 0.01771529 0.01881047
v -0.00497716 0.01745758 0.01899092
v -0.00497716 0.01723513 0.01921337
v -0.00497716 0.01705468 0.01947107
v -0.00497716 0.01692173 0.01975620
v -0.00497716 0.01684030 0.02006008
v -0.00497716 0.01681288 0.02037348
v -0.00500000 0.01695336 0.02066694
v -0.00500000 0.01702961 0.02095149
v -0.00500000 0.01715411 0.02121848
v -0.00500000 0.01732307 0.02145979
v -0.00500000 0.01753138 0.02166809
v -0.00500000 0.01777269 0.02183706
v -0.00500000 0.01803968 0.02196156
v -0.00500000 0.01832422 0.02203780
v -0.00500000 0.01861769 0.02206348
v -0.00500000 0.01891115 0.02203780
v -0.00500000 0.01919570 0.02196156
v -0.00500000 0.01946269 0.02183706
v -0.00500000 0.01970400 0.02166809
v -0.00500000 0.01991230 0.02145979
v -0.00500000 0.02008127 0.02121848
v -0.00500000 0.02020577 0.02095149
v -0.00500000 0.02028201 0.02066694
v -0.00500000 0.02030769 0.02037348
v -0.00500000 0.02028201 0.02008001
v -0.00500000 0.02020577 0.01979546
v -0.00500000 0.02008127 0.01952848
v -0.00500000 0.01991230 0.01928717
v -0.00500000 0.01970400 0.01907886
v -0.00500000 0.01946269 0.01890989
v -0.00500000 0.01919570 0.01878540
v -0.00500000 0.01891115 0.01870915
v -0.00500000 0.01861769 0.01868348
v -0.00500000 0.01832422 0.01870915
v -0.00500000 0.01803968 0.01878540
v -0.00500000 0.01777269 0.01890989
v -0.00500000 0.01753138 0.01907886
v -0.00500000 0.01732307 0.01928717
v -0.00500000 0.01715411 0.01952848
v -0.00500000 0.01702961 0.01979546
v -0.00500000 0.01695336 0.02008001
v -0.00500000 0.01692769 0.02037348
v -0.00500000 0.01948371 0.02037348
v -0.00500000 0.01943211 0.02066797
v -0.00500000 0.01795544 0.02093153
v -0.00500000 0.01780327 0.02066797
v -0.00500000 0.01818468 0.02112348
v -0.00500000 0.01927993 0.02093153
v -0.00500000 0.01943211 0.02007898
v -0.00500000 0.01846552 0.02122603
v -0.00500000 0.01927993 0.01981542
v -0.00500000 0.01876986 0.02122603
v -0.00500000 0.01905070 0.02112348
v -0.00500000 0.01846552 0.01952093
v -0.00500000 0.01876986 0.01952093
v -0.00500000 0.01818468 0.01962348
v -0.00500000 0.01780327 0.02007898
v -0.00500000 0.01795544 0.01981542
v -0.00500000 0.01905070 0.01962348
v -0.00500000 0.01775166 0.02037348
v -0.00493692 0.01811155 0.02099681
v -0.00488397 0.01796793 0.02074806
v -0.00489583 0.01803510 0.02086441
v -0.00493704 0.01782463 0.02049986
v -0.00489583 0.01790124 0.02063255
v -0.00493693 0.01890445 0.02112348
v -0.00488397 0.01861700 0.02112348
v -0.00489583 0.01875155 0.02112348
v -0.00493717 0.01833025 0.02112348
v -0.00489583 0.01848382 0.02112348
v -0.00493692 0.01941058 0.02050014
v -0.00488397 0.01926697 0.02074889
v -0.00489583 0.01933414 0.02063255
v -0.00493704 0.01912367 0.02099709
v -0.00489583 0.01920027 0.02086441
v -0.00493692 0.01912383 0.01975014
v -0.00488397 0.01926745 0.01999890
v -0.00489583 0.01920027 0.01988254
v -0.00493704 0.01941075 0.02024709
v -0.00489583 0.01933414 0.02011441
v -0.00493693 0.01833093 0.01962348
v -0.00488397 0.01861837 0.01962348
v -0.00489583 0.01848382 0.01962348
v -0.00493717 0.01890513 0.01962348
v -0.00489583 0.01875155 0.01962348
v -0.00493692 0.01782479 0.02024681
v -0.00488397 0.01796841 0.01999806
v -0.00489583 0.01790124 0.02011441
v -0.00493704 0.01811171 0.01974986
v -0.00489583 0.01803510 0.01988254
v -0.00394766 0.01786980 0.02057809
v -0.00397664 0.01779564 0.02044965
v -0.00393384 0.01794504 0.02070842
v -0.00395440 0.01808747 0.02095510
v -0.00400000 0.01818468 0.02112348
v -0.00400000 0.01775166 0.02037348
v -0.00400000 0.01905070 0.02112348
v -0.00396437 0.01890824 0.02112348
v -0.00393301 0.01861769 0.02112348
v -0.00396437 0.01832714 0.02112348
v -0.00400000 0.01948371 0.02037348
v -0.00397778 0.01944209 0.02044558
v -0.00394769 0.01936566 0.02057795
v -0.00393384 0.01929034 0.02070842
v -0.00395440 0.01914791 0.02095510
v -0.00393632 0.01922077 0.01991805
v -0.00394650 0.01936152 0.02016184
v -0.00395627 0.01914267 0.01978277
v -0.00399200 0.01906491 0.01964809
v -0.00400000 0.01905070 0.01962348
v -0.00400000 0.01818468 0.01962348
v -0.00394051 0.01847749 0.01962348
v -0.00394051 0.01875789 0.01962348
v -0.00399149 0.01816954 0.01964969
v -0.00395624 0.01809262 0.01978292
v -0.00393632 0.01801460 0.01991805
v -0.00394650 0.01787385 0.02016184
v -0.00362500 0.01840945 0.02031423
v -0.00362500 0.01844491 0.02024300
v -0.00362500 0.01876355 0.02053348
v -0.00362500 0.01881150 0.02046998
v -0.00362500 0.01869590 0.02057536
v -0.00362500 0.01861769 0.02058998
v -0.00362500 0.01853948 0.02057536
v -0.00362500 0.01847183 0.02053348
v -0.00362500 0.01882593 0.02031423
v -0.00362500 0.01879046 0.02024300
v -0.00362500 0.01883327 0.02039345
v -0.00362500 0.01865747 0.02016066
v -0.00362500 0.01873166 0.02018940
v -0.00362500 0.01850371 0.02018940
v -0.00362500 0.01861769 0.02015697
v -0.00362500 0.01857791 0.02016066
v -0.00362500 0.01840211 0.02039345
v -0.00362500 0.01842388 0.02046998
v -0.00362500 0.01861769 0.02037348
v 0.00700000 0.01179482 0.02193824
v 0.00700000 0.01101174 0.02165322
v 0.00700000 0.01115645 0.02140258
v 0.00700000 0.01096149 0.02193824
v 0.00700000 0.01101174 0.02222326
v 0.00700000 0.01165011 0.02111757
v 0.00700000 0.01193953 0.02111757
v 0.00700000 0.01137816 0.02121655
v 0.00700000 0.01243319 0.02140258
v 0.00700000 0.01257790 0.02165322
v 0.00700000 0.01221149 0.02121655
v 0.00700000 0.01257790 0.02222326
v 0.00700000 0.01243319 0.02247390
v 0.00700000 0.01262815 0.02193824
v 0.00700000 0.01193953 0.02275891
v 0.00700000 0.01165011 0.02275891
v 0.00700000 0.01221149 0.02265993
v 0.00700000 0.01115645 0.02247390
v 0.00700000 0.01137816 0.02265993
v 0.00683333 0.01273451 0.02228026
v 0.00683333 0.01279482 0.02193824
v 0.00683333 0.01256087 0.02258103
v 0.00683333 0.01229482 0.02280427
v 0.00683333 0.01196847 0.02292305
v 0.00683333 0.01162117 0.02292305
v 0.00683333 0.01129482 0.02280427
v 0.00683333 0.01102878 0.02258103
v 0.00683333 0.01085513 0.02228026
v 0.00683333 0.01079482 0.02193824
v 0.00683333 0.01085513 0.02159622
v 0.00683333 0.01102878 0.02129545
v 0.00683333 0.01129482 0.02107221
v 0.00683333 0.01162117 0.02095343
v 0.00683333 0.01196847 0.02095343
v 0.00683333 0.01229482 0.02107221
v 0.00683333 0.01256087 0.02129545
v 0.00683333 0.01273451 0.02159622
v -0.00270000 0.01081820 0.02172327
v -0.00270000 0.01088725 0.02151835
v -0.00270000 0.01099873 0.02133307
v -0.00270000 0.01085513 0.02159622
v -0.00270000 0.01102878 0.02129545
v -0.00270000 0.01114744 0.02117608
v -0.00270000 0.01129482 0.02107221
v -0.00270000 0.01132641 0.02105473
v -0.00270000 0.01152729 0.02097469
v -0.00270000 0.01174068 0.02093971
v -0.00270000 0.01195660 0.02095141
v -0.00270000 0.01162117 0.02095343
v -0.00270000 0.01196847 0.02095343
v -0.00270000 0.01216496 0.02100926
v -0.00270000 0.01229482 0.02107221
v -0.00270000 0.01235601 0.02111055
v -0.00270000 0.01252082 0.02125054
v -0.00270000 0.01265168 0.02142269
v -0.00270000 0.01256087 0.02129545
v -0.00270000 0.01274247 0.02161894
v -0.00270000 0.01273451 0.02159622
v -0.00270000 0.01279482 0.02193824
v -0.00270000 0.01278896 0.02204636
v -0.00270000 0.01278896 0.02183012
v -0.00270000 0.01265168 0.02245379
v -0.00270000 0.01273451 0.02228026
v -0.00270000 0.01274247 0.02225754
v -0.00270000 0.01235601 0.02276593
v -0.00270000 0.01229482 0.02280427
v -0.00270000 0.01252082 0.02262594
v -0.00270000 0.01256087 0.02258103
v -0.00270000 0.01216496 0.02286722
v -0.00270000 0.01196847 0.02292305
v -0.00270000 0.01195660 0.02292507
v -0.00270000 0.01174068 0.02293677
v -0.00270000 0.01152729 0.02290179
v -0.00270000 0.01132641 0.02282175
v -0.00270000 0.01162117 0.02292305
v -0.00270000 0.01129482 0.02280427
v -0.00270000 0.01114744 0.02270040
v -0.00270000 0.01102878 0.02258103
v -0.00270000 0.01099873 0.02254342
v -0.00270000 0.01088725 0.02235813
v -0.00270000 0.01079482 0.02193824
v -0.00270000 0.01081820 0.02215321
v -0.00270000 0.01085513 0.02228026
v -0.00281481 0.01086652 0.02150876
v -0.00281481 0.01098055 0.02131925
v -0.00281481 0.01113265 0.02115867
v -0.00281481 0.01131572 0.02103455
v -0.00281481 0.01152118 0.02095269
v -0.00281481 0.01173945 0.02091691
v -0.00281481 0.01196030 0.02092888
v -0.00281481 0.01217341 0.02098805
v -0.00281481 0.01236882 0.02109165
v -0.00281481 0.01253740 0.02123484
v -0.00281481 0.01267125 0.02141091
v -0.00281481 0.01276412 0.02161165
v -0.00281481 0.01281166 0.02182765
v -0.00281481 0.01281166 0.02204883
v -0.00281481 0.01276412 0.02226483
v -0.00281481 0.01267125 0.02246557
v -0.00281481 0.01253740 0.02264164
v -0.00281481 0.01236882 0.02278483
v -0.00281481 0.01217341 0.02288843
v -0.00281481 0.01196030 0.02294760
v -0.00281481 0.01173945 0.02295958
v -0.00281481 0.01152118 0.02292379
v -0.00281481 0.01131572 0.02284193
v -0.00281481 0.01113265 0.02271781
v -0.00281481 0.01098055 0.02255723
v -0.00281481 0.01086652 0.02236772
v -0.00281481 0.01079590 0.02215812
v -0.00281481 0.01077199 0.02193824
v -0.00281481 0.01079590 0.02171836
v -0.00291213 0.01073239 0.02217210
v -0.00291213 0.01080750 0.02239502
v -0.00291213 0.01092878 0.02259659
v -0.00291213 0.01109055 0.02276737
v -0.00291213 0.01128525 0.02289939
v -0.00291213 0.01150379 0.02298645
v -0.00291213 0.01173593 0.02302451
v -0.00291213 0.01197082 0.02301178
v -0.00291213 0.01219748 0.02294884
v -0.00291213 0.01240532 0.02283866
v -0.00291213 0.01258461 0.02268637
v -0.00291213 0.01272697 0.02249910
v -0.00291213 0.01282574 0.02228560
v -0.00291213 0.01287631 0.02205586
v -0.00291213 0.01287631 0.02182062
v -0.00291213 0.01282574 0.02159088
v -0.00291213 0.01272697 0.02137739
v -0.00291213 0.01258461 0.02119011
v -0.00291213 0.01240532 0.02103782
v -0.00291213 0.01219748 0.02092764
v -0.00291213 0.01197082 0.02086470
v -0.00291213 0.01173593 0.02085197
v -0.00291213 0.01150379 0.02089003
v -0.00291213 0.01128525 0.02097710
v -0.00291213 0.01109055 0.02110911
v -0.00291213 0.01092878 0.02127989
v -0.00291213 0.01080750 0.02148146
v -0.00291213 0.01073239 0.02170438
v -0.00291213 0.01070695 0.02193824
v -0.00297716 0.01063734 0.02219302
v -0.00297716 0.01071917 0.02243589
v -0.00297716 0.01085130 0.02265549
v -0.00297716 0.01102754 0.02284155
v -0.00297716 0.01123967 0.02298537
v -0.00297716 0.01147775 0.02308024
v -0.00297716 0.01173066 0.02312170
v -0.00297716 0.01198656 0.02310782
v -0.00297716 0.01223351 0.02303926
v -0.00297716 0.01245994 0.02291921
v -0.00297716 0.01265527 0.02275330
v -0.00297716 0.01281036 0.02254927
v -0.00297716 0.01291797 0.02231668
v -0.00297716 0.01297307 0.02206638
v -0.00297716 0.01297307 0.02181010
v -0.00297716 0.01291797 0.02155981
v -0.00297716 0.01281036 0.02132721
v -0.00297716 0.01265527 0.02112318
v -0.00297716 0.01245994 0.02095727
v -0.00297716 0.01223351 0.02083722
v -0.00297716 0.01198656 0.02076866
v -0.00297716 0.01173066 0.02075478
v -0.00297716 0.01147775 0.02079624
v -0.00297716 0.01123967 0.02089111
v -0.00297716 0.01102754 0.02103493
v -0.00297716 0.01085130 0.02122099
v -0.00297716 0.01071917 0.02144059
v -0.00297716 0.01063734 0.02168346
v -0.00297716 0.01060963 0.02193824
v -0.00300000 0.01052521 0.02221770
v -0.00300000 0.01061497 0.02248410
v -0.00300000 0.01075990 0.02272497
v -0.00300000 0.01095322 0.02292905
v -0.00300000 0.01118589 0.02308681
v -0.00300000 0.01144703 0.02319086
v -0.00300000 0.01172444 0.02323633
v -0.00300000 0.01200514 0.02322111
v -0.00300000 0.01227600 0.02314591
v -0.00300000 0.01252436 0.02301424
v -0.00300000 0.01273862 0.02283225
v -0.00300000 0.01290874 0.02260846
v -0.00300000 0.01302677 0.02235333
v -0.00300000 0.01308720 0.02207880
v -0.00300000 0.01308720 0.02179768
v -0.00300000 0.01302677 0.02152315
v -0.00300000 0.01290874 0.02126802
v -0.00300000 0.01273862 0.02104423
v -0.00300000 0.01252436 0.02086224
v -0.00300000 0.01227600 0.02073057
v -0.00300000 0.01200514 0.02065537
v -0.00300000 0.01172444 0.02064015
v -0.00300000 0.01144703 0.02068563
v -0.00300000 0.01118589 0.02078968
v -0.00300000 0.01095322 0.02094743
v -0.00300000 0.01075990 0.02115151
v -0.00300000 0.01061497 0.02139238
v -0.00300000 0.01052521 0.02165878
v -0.00300000 0.01049482 0.02193824
v -0.00300000 0.01072853 0.02025803
v -0.00300000 0.01034417 0.02057599
v -0.00300000 0.01117988 0.02004564
v -0.00300000 0.01166987 0.01995217
v -0.00300000 0.01216771 0.01998349
v -0.00300000 0.01264212 0.02013763
v -0.00300000 0.01306330 0.02040492
v -0.00300000 0.01264212 0.02373885
v -0.00300000 0.01306330 0.02347156
v -0.00300000 0.01216771 0.02389299
v -0.00300000 0.01166987 0.02392431
v -0.00300000 0.01117988 0.02383084
v -0.00300000 0.01072853 0.02361845
v -0.00300000 0.01034417 0.02330049
v -0.00300000 0.01005097 0.02289693
v -0.00300000 0.00986734 0.02243313
v -0.00300000 0.00980482 0.02193824
v -0.00300000 0.00986734 0.02144335
v -0.00300000 0.01005097 0.02097955
v -0.00300000 0.01340477 0.02076855
v -0.00300000 0.01364508 0.02120567
v -0.00300000 0.01376913 0.02168883
v -0.00300000 0.01376913 0.02218765
v -0.00300000 0.01364508 0.02267081
v -0.00300000 0.01340477 0.02310793
v -0.00470000 0.00983505 0.02159268
v -0.00470000 0.00992483 0.02125762
v -0.00470000 0.00986734 0.02144335
v -0.00470000 0.01027039 0.02065909
v -0.00470000 0.01034417 0.02057599
v -0.00470000 0.01007143 0.02094324
v -0.00470000 0.01005097 0.02097955
v -0.00470000 0.01051567 0.02041381
v -0.00470000 0.01072853 0.02025803
v -0.00470000 0.01079982 0.02021485
v -0.00470000 0.01111420 0.02006825
v -0.00470000 0.01144926 0.01997847
v -0.00470000 0.01117988 0.02004564
v -0.00470000 0.01214038 0.01997847
v -0.00470000 0.01216771 0.01998349
v -0.00470000 0.01179482 0.01994824
v -0.00470000 0.01166987 0.01995217
v -0.00470000 0.01247544 0.02006825
v -0.00470000 0.01264212 0.02013763
v -0.00470000 0.01278982 0.02021485
v -0.00470000 0.01306330 0.02040492
v -0.00470000 0.01307397 0.02041381
v -0.00470000 0.01331925 0.02065909
v -0.00470000 0.01351821 0.02094324
v -0.00470000 0.01340477 0.02076855
v -0.00470000 0.01375459 0.02159268
v -0.00470000 0.01376913 0.02168883
v -0.00470000 0.01366481 0.02125762
v -0.00470000 0.01364508 0.02120567
v -0.00470000 0.01378482 0.02193824
v -0.00470000 0.01376913 0.02218765
v -0.00470000 0.01375459 0.02228380
v -0.00470000 0.01366481 0.02261886
v -0.00470000 0.01351821 0.02293324
v -0.00470000 0.01364508 0.02267081
v -0.00470000 0.01307397 0.02346267
v -0.00470000 0.01306330 0.02347156
v -0.00470000 0.01331925 0.02321739
v -0.00470000 0.01340477 0.02310793
v -0.00470000 0.01278982 0.02366163
v -0.00470000 0.01264212 0.02373885
v -0.00470000 0.01247544 0.02380823
v -0.00470000 0.01216771 0.02389299
v -0.00470000 0.01214038 0.02389801
v -0.00470000 0.01179482 0.02392824
v -0.00470000 0.01144926 0.02389801
v -0.00470000 0.01166987 0.02392431
v -0.00470000 0.01079982 0.02366163
v -0.00470000 0.01072853 0.02361845
v -0.00470000 0.01111420 0.02380823
v -0.00470000 0.01117988 0.02383084
v -0.00470000 0.01051567 0.02346267
v -0.00470000 0.01034417 0.02330049
v -0.00470000 0.01027039 0.02321739
v -0.00470000 0.01007143 0.02293324
v -0.00470000 0.00992483 0.02261886
v -0.00470000 0.01005097 0.02289693
v -0.00470000 0.00980482 0.02193824
v -0.00470000 0.00983505 0.02228380
v -0.00470000 0.00986734 0.02243313
v -0.00481480 0.00994629 0.02126543
v -0.00481480 0.01009121 0.02095466
v -0.00481480 0.01028789 0.02067377
v -0.00481480 0.01053035 0.02043131
v -0.00481480 0.01081124 0.02023463
v -0.00481480 0.01112201 0.02008971
v -0.00481480 0.01145323 0.02000096
v -0.00481480 0.01179482 0.01997108
v -0.00481480 0.01213642 0.02000096
v -0.00481480 0.01246763 0.02008971
v -0.00481480 0.01277840 0.02023463
v -0.00481480 0.01305929 0.02043131
v -0.00481480 0.01330176 0.02067377
v -0.00481480 0.01349844 0.02095466
v -0.00481480 0.01364335 0.02126543
v -0.00481480 0.01373210 0.02159665
v -0.00481480 0.01376199 0.02193824
v -0.00481480 0.01373210 0.02227983
v -0.00481480 0.01364335 0.02261105
v -0.00481480 0.01349844 0.02292182
v -0.00481480 0.01330176 0.02320271
v -0.00481480 0.01305929 0.02344518
v -0.00481480 0.01277840 0.02364185
v -0.00481480 0.01246763 0.02378677
v -0.00481480 0.01213642 0.02387552
v -0.00481480 0.01179482 0.02390540
v -0.00481480 0.01145323 0.02387552
v -0.00481480 0.01112201 0.02378677
v -0.00481480 0.01081124 0.02364185
v -0.00481480 0.01053035 0.02344518
v -0.00481480 0.01028789 0.02320271
v -0.00481480 0.01009121 0.02292182
v -0.00481480 0.00994629 0.02261105
v -0.00481480 0.00985754 0.02227983
v -0.00481480 0.00982766 0.02193824
v -0.00481480 0.00985754 0.02159665
v -0.00491213 0.00992159 0.02226854
v -0.00491213 0.01000740 0.02258881
v -0.00491213 0.01014753 0.02288931
v -0.00491213 0.01033770 0.02316091
v -0.00491213 0.01057216 0.02339536
v -0.00491213 0.01084376 0.02358554
v -0.00491213 0.01114425 0.02372566
v -0.00491213 0.01146452 0.02381147
v -0.00491213 0.01179482 0.02384037
v -0.00491213 0.01212512 0.02381147
v -0.00491213 0.01244539 0.02372566
v -0.00491213 0.01274589 0.02358554
v -0.00491213 0.01301749 0.02339536
v -0.00491213 0.01325194 0.02316091
v -0.00491213 0.01344212 0.02288931
v -0.00491213 0.01358224 0.02258881
v -0.00491213 0.01366806 0.02226854
v -0.00491213 0.01369695 0.02193824
v -0.00491213 0.01366806 0.02160794
v -0.00491213 0.01358224 0.02128767
v -0.00491213 0.01344212 0.02098717
v -0.00491213 0.01325194 0.02071557
v -0.00491213 0.01301749 0.02048112
v -0.00491213 0.01274589 0.02029095
v -0.00491213 0.01244539 0.02015082
v -0.00491213 0.01212512 0.02006501
v -0.00491213 0.01179482 0.02003611
v -0.00491213 0.01146452 0.02006501
v -0.00491213 0.01114425 0.02015082
v -0.00491213 0.01084376 0.02029095
v -0.00491213 0.01057216 0.02048112
v -0.00491213 0.01033770 0.02071557
v -0.00491213 0.01014753 0.02098717
v -0.00491213 0.01000740 0.02128767
v -0.00491213 0.00992159 0.02160794
v -0.00491213 0.00989269 0.02193824
v -0.00497716 0.01001744 0.02225164
v -0.00497716 0.01009886 0.02255552
v -0.00497716 0.01023181 0.02284064
v -0.00497716 0.01041226 0.02309835
v -0.00497716 0.01063472 0.02332080
v -0.00497716 0.01089242 0.02350125
v -0.00497716 0.01117754 0.02363420
v -0.00497716 0.01148142 0.02371563
v -0.00497716 0.01179482 0.02374304
v -0.00497716 0.01210822 0.02371563
v -0.00497716 0.01241210 0.02363420
v -0.00497716 0.01269722 0.02350125
v -0.00497716 0.01295493 0.02332080
v -0.00497716 0.01317738 0.02309835
v -0.00497716 0.01335783 0.02284064
v -0.00497716 0.01349078 0.02255552
v -0.00497716 0.01357221 0.02225164
v -0.00497716 0.01359963 0.02193824
v -0.00497716 0.01357221 0.02162484
v -0.00497716 0.01349078 0.02132096
v -0.00497716 0.01335783 0.02103584
v -0.00497716 0.01317738 0.02077813
v -0.00497716 0.01295493 0.02055568
v -0.00497716 0.01269722 0.02037523
v -0.00497716 0.01241210 0.02024228
v -0.00497716 0.01210822 0.02016085
v -0.00497716 0.01179482 0.02013344
v -0.00497716 0.01148142 0.02016085
v -0.00497716 0.01117754 0.02024228
v -0.00497716 0.01089242 0.02037523
v -0.00497716 0.01063472 0.02055568
v -0.00497716 0.01041226 0.02077813
v -0.00497716 0.01023181 0.02103584
v -0.00497716 0.01009886 0.02132096
v -0.00497716 0.01001744 0.02162484
v -0.00497716 0.00999002 0.02193824
v -0.00500000 0.01013050 0.02223171
v -0.00500000 0.01020674 0.02251625
v -0.00500000 0.01033124 0.02278324
v -0.00500000 0.01050021 0.02302455
v -0.00500000 0.01070851 0.02323285
v -0.00500000 0.01094982 0.02340182
v -0.00500000 0.01121681 0.02352632
v -0.00500000 0.01150136 0.02360257
v -0.00500000 0.01179482 0.02362824
v -0.00500000 0.01208829 0.02360257
v -0.00500000 0.01237284 0.02352632
v -0.00500000 0.01263982 0.02340182
v -0.00500000 0.01288113 0.02323285
v -0.00500000 0.01308944 0.02302455
v -0.00500000 0.01325841 0.02278324
v -0.00500000 0.01338290 0.02251625
v -0.00500000 0.01345915 0.02223171
v -0.00500000 0.01348482 0.02193824
v -0.00500000 0.01345915 0.02164477
v -0.00500000 0.01338290 0.02136023
v -0.00500000 0.01325841 0.02109324
v -0.00500000 0.01308944 0.02085193
v -0.00500000 0.01288113 0.02064363
v -0.00500000 0.01263982 0.02047466
v -0.00500000 0.01237284 0.02035016
v -0.00500000 0.01208829 0.02027391
v -0.00500000 0.01179482 0.02024824
v -0.00500000 0.01150136 0.02027391
v -0.00500000 0.01121681 0.02035016
v -0.00500000 0.01094982 0.02047466
v -0.00500000 0.01070851 0.02064363
v -0.00500000 0.01050021 0.02085193
v -0.00500000 0.01033124 0.02109324
v -0.00500000 0.01020674 0.02136023
v -0.00500000 0.01013050 0.02164477
v -0.00500000 0.01010482 0.02193824
v -0.00500000 0.01266085 0.02193824
v -0.00500000 0.01260924 0.02223273
v -0.00500000 0.01113257 0.02249630
v -0.00500000 0.01098040 0.02223273
v -0.00500000 0.01136181 0.02268824
v -0.00500000 0.01245707 0.02249630
v -0.00500000 0.01260924 0.02164375
v -0.00500000 0.01164265 0.02279079
v -0.00500000 0.01245707 0.02138018
v -0.00500000 0.01194699 0.02279079
v -0.00500000 0.01222783 0.02268824
v -0.00500000 0.01164265 0.02108569
v -0.00500000 0.01194699 0.02108569
v -0.00500000 0.01136181 0.02118824
v -0.00500000 0.01098040 0.02164375
v -0.00500000 0.01113257 0.02138018
v -0.00500000 0.01222783 0.02118824
v -0.00500000 0.01092880 0.02193824
v -0.00493692 0.01128868 0.02256157
v -0.00488397 0.01114506 0.02231282
v -0.00489583 0.01121224 0.02242917
v -0.00493704 0.01100176 0.02206462
v -0.00489583 0.01107837 0.02219731
v -0.00493693 0.01208158 0.02268824
v -0.00488397 0.01179414 0.02268824
v -0.00489583 0.01192869 0.02268824
v -0.00493717 0.01150738 0.02268824
v -0.00489583 0.01166096 0.02268824
v -0.00493692 0.01258772 0.02206491
v -0.00488397 0.01244410 0.02231366
v -0.00489583 0.01251127 0.02219731
v -0.00493704 0.01230080 0.02256186
v -0.00489583 0.01237741 0.02242917
v -0.00493692 0.01230097 0.02131491
v -0.00488397 0.01244458 0.02156366
v -0.00489583 0.01237741 0.02144731
v -0.00493704 0.01258788 0.02181186
v -0.00489583 0.01251127 0.02167917
v -0.00493693 0.01150806 0.02118824
v -0.00488397 0.01179551 0.02118824
v -0.00489583 0.01166096 0.02118824
v -0.00493717 0.01208226 0.02118824
v -0.00489583 0.01192869 0.02118824
v -0.00493692 0.01100193 0.02181157
v -0.00488397 0.01114554 0.02156282
v -0.00489583 0.01107837 0.02167917
v -0.00493704 0.01128884 0.02131462
v -0.00489583 0.01121224 0.02144731
v -0.00394766 0.01104693 0.02214285
v -0.00397664 0.01097278 0.02201441
v -0.00393384 0.01112217 0.02227318
v -0.00395440 0.01126460 0.02251987
v -0.00400000 0.01136181 0.02268824
v -0.00400000 0.01092880 0.02193824
v -0.00400000 0.01222783 0.02268824
v -0.00396437 0.01208537 0.02268824
v -0.00393301 0.01179482 0.02268824
v -0.00396437 0.01150427 0.02268824
v -0.00400000 0.01266085 0.02193824
v -0.00397778 0.01261922 0.02201034
v -0.00394769 0.01254279 0.02214271
v -0.00393384 0.01246747 0.02227318
v -0.00395440 0.01232504 0.02251987
v -0.00393632 0.01239791 0.02148281
v -0.00394650 0.01253866 0.02172660
v -0.00395627 0.01231981 0.02134754
v -0.00399200 0.01224204 0.02121285
v -0.00400000 0.01222783 0.02118824
v -0.00400000 0.01136181 0.02118824
v -0.00394051 0.01165462 0.02118824
v -0.00394051 0.01193502 0.02118824
v -0.00399149 0.01134667 0.02121446
v -0.00395624 0.01126976 0.02134768
v -0.00393632 0.01119174 0.02148281
v -0.00394650 0.01105099 0.02172660
v -0.00362500 0.01158658 0.02187899
v -0.00362500 0.01162205 0.02180777
v -0.00362500 0.01194068 0.02209824
v -0.00362500 0.01198863 0.02203475
v -0.00362500 0.01187303 0.02214013
v -0.00362500 0.01179482 0.02215475
v -0.00362500 0.01171661 0.02214013
v -0.00362500 0.01164896 0.02209824
v -0.00362500 0.01200306 0.02187899
v -0.00362500 0.01196760 0.02180777
v -0.00362500 0.01201040 0.02195822
v -0.00362500 0.01183460 0.02172542
v -0.00362500 0.01190880 0.02175416
v -0.00362500 0.01168085 0.02175416
v -0.00362500 0.01179482 0.02172173
v -0.00362500 0.01175504 0.02172542
v -0.00362500 0.01157924 0.02195822
v -0.00362500 0.01160101 0.02203475
v -0.00362500 0.01179482 0.02193824
v 0.00700000 0.01067713 0.01706476
v 0.00700000 0.00989406 0.01677975
v 0.00700000 0.01003876 0.01652911
v 0.00700000 0.00984380 0.01706476
v 0.00700000 0.00989406 0.01734978
v 0.00700000 0.01053243 0.01624409
v 0.00700000 0.01082184 0.01624409
v 0.00700000 0.01026047 0.01634308
v 0.00700000 0.01131550 0.01652911
v 0.00700000 0.01146021 0.01677975
v 0.00700000 0.01109380 0.01634308
v 0.00700000 0.01146021 0.01734978
v 0.00700000 0.01131550 0.01760042
v 0.00700000 0.01151047 0.01706476
v 0.00700000 0.01082184 0.01788544
v 0.00700000 0.01053243 0.01788544
v 0.00700000 0.01109380 0.01778645
v 0.00700000 0.01003876 0.01760042
v 0.00700000 0.01026047 0.01778645
v 0.00683333 0.01161683 0.01740678
v 0.00683333 0.01167713 0.01706476
v 0.00683333 0.01144318 0.01770755
v 0.00683333 0.01117713 0.01793079
v 0.00683333 0.01085078 0.01804957
v 0.00683333 0.01050348 0.01804957
v 0.00683333 0.01017713 0.01793079
v 0.00683333 0.00991109 0.01770755
v 0.00683333 0.00973744 0.01740678
v 0.00683333 0.00967713 0.01706476
v 0.00683333 0.00973744 0.01672274
v 0.00683333 0.00991109 0.01642198
v 0.00683333 0.01017713 0.01619874
v 0.00683333 0.01050348 0.01607996
v 0.00683333 0.01085078 0.01607996
v 0.00683333 0.01117713 0.01619874
v 0.00683333 0.01144318 0.01642198
v 0.00683333 0.01161683 0.01672274
v -0.00270000 0.00970051 0.01684979
v -0.00270000 0.00976956 0.01664487
v -0.00270000 0.00988104 0.01645959
v -0.00270000 0.00973744 0.01672274
v -0.00270000 0.00991109 0.01642198
v -0.00270000 0.01002975 0.01630260
v -0.00270000 0.01017713 0.01619874
v -0.00270000 0.01020872 0.01618125
v -0.00270000 0.01040960 0.01610121
v -0.00270000 0.01062299 0.01606623
v -0.00270000 0.01083891 0.01607794
v -0.00270000 0.01050348 0.01607996
v -0.00270000 0.01085078 0.01607996
v -0.00270000 0.01104727 0.01613579
v -0.00270000 0.01117713 0.01619874
v -0.00270000 0.01123832 0.01623707
v -0.00270000 0.01140313 0.01637707
v -0.00270000 0.01153399 0.01654921
v -0.00270000 0.01144318 0.01642198
v -0.00270000 0.01162479 0.01674546
v -0.00270000 0.01161683 0.01672274
v -0.00270000 0.01167713 0.01706476
v -0.00270000 0.01167127 0.01717288
v -0.00270000 0.01167127 0.01695664
v -0.00270000 0.01153399 0.01758032
v -0.00270000 0.01161683 0.01740678
v -0.00270000 0.01162479 0.01738407
v -0.00270000 0.01123832 0.01789245
v -0.00270000 0.01117713 0.01793079
v -0.00270000 0.01140313 0.01775246
v -0.00270000 0.01144318 0.01770755
v -0.00270000 0.01104727 0.01799374
v -0.00270000 0.01085078 0.01804957
v -0.00270000 0.01083891 0.01805159
v -0.00270000 0.01062299 0.01806330
v -0.00270000 0.01040960 0.01802831
v -0.00270000 0.01020872 0.01794828
v -0.00270000 0.01050348 0.01804957
v -0.00270000 0.01017713 0.01793079
v -0.00270000 0.01002975 0.01782693
v -0.00270000 0.00991109 0.01770755
v -0.00270000 0.00988104 0.01766994
v -0.00270000 0.00976956 0.01748465
v -0.00270000 0.00967713 0.01706476
v -0.00270000 0.00970051 0.01727973
v -0.00270000 0.00973744 0.01740678
v -0.00281481 0.00974883 0.01663529
v -0.00281481 0.00986286 0.01644577
v -0.00281481 0.01001496 0.01628520
v -0.00281481 0.01019803 0.01616108
v -0.00281481 0.01040350 0.01607921
v -0.00281481 0.01062176 0.01604343
v -0.00281481 0.01084261 0.01605540
v -0.00281481 0.01105572 0.01611457
v -0.00281481 0.01125114 0.01621817
v -0.00281481 0.01141971 0.01636136
v -0.00281481 0.01155356 0.01653744
v -0.00281481 0.01164643 0.01673817
v -0.00281481 0.01169397 0.01695418
v -0.00281481 0.01169397 0.01717535
v -0.00281481 0.01164643 0.01739136
v -0.00281481 0.01155356 0.01759209
v -0.00281481 0.01141971 0.01776817
v -0.00281481 0.01125114 0.01791135
v -0.00281481 0.01105572 0.01801495
v -0.00281481 0.01084261 0.01807413
v -0.00281481 0.01062176 0.01808610
v -0.00281481 0.01040350 0.01805032
v -0.00281481 0.01019803 0.01796845
v -0.00281481 0.01001496 0.01784433
v -0.00281481 0.00986286 0.01768376
v -0.00281481 0.00974883 0.01749424
v -0.00281481 0.00967821 0.01728464
v -0.00281481 0.00965430 0.01706476
v -0.00281481 0.00967821 0.01684488
v -0.00291213 0.00961470 0.01729862
v -0.00291213 0.00968981 0.01752155
v -0.00291213 0.00981109 0.01772311
v -0.00291213 0.00997286 0.01789390
v -0.00291213 0.01016757 0.01802591
v -0.00291213 0.01038610 0.01811298
v -0.00291213 0.01061824 0.01815104
v -0.00291213 0.01085313 0.01813830
v -0.00291213 0.01107979 0.01807537
v -0.00291213 0.01128763 0.01796518
v -0.00291213 0.01146692 0.01781289
v -0.00291213 0.01160928 0.01762562
v -0.00291213 0.01170805 0.01741212
v -0.00291213 0.01175862 0.01718238
v -0.00291213 0.01175862 0.01694714
v -0.00291213 0.01170805 0.01671741
v -0.00291213 0.01160928 0.01650391
v -0.00291213 0.01146692 0.01631664
v -0.00291213 0.01128763 0.01616435
v -0.00291213 0.01107979 0.01605416
v -0.00291213 0.01085313 0.01599123
v -0.00291213 0.01061824 0.01597849
v -0.00291213 0.01038610 0.01601655
v -0.00291213 0.01016757 0.01610362
v -0.00291213 0.00997286 0.01623563
v -0.00291213 0.00981109 0.01640642
v -0.00291213 0.00968981 0.01660798
v -0.00291213 0.00961470 0.01683090
v -0.00291213 0.00958927 0.01706476
v -0.00297716 0.00951965 0.01731955
v -0.00297716 0.00960148 0.01756241
v -0.00297716 0.00973361 0.01778201
v -0.00297716 0.00990985 0.01796808
v -0.00297716 0.01012198 0.01811190
v -0.00297716 0.01036006 0.01820676
v -0.00297716 0.01061297 0.01824822
v -0.00297716 0.01086888 0.01823435
v -0.00297716 0.01111582 0.01816578
v -0.00297716 0.01134225 0.01804574
v -0.00297716 0.01153758 0.01787982
v -0.00297716 0.01169268 0.01767580
v -0.00297716 0.01180029 0.01744320
v -0.00297716 0.01185538 0.01719291
v -0.00297716 0.01185538 0.01693662
v -0.00297716 0.01180029 0.01668633
v -0.00297716 0.01169268 0.01645373
v -0.00297716 0.01153758 0.01624971
v -0.00297716 0.01134225 0.01608379
v -0.00297716 0.01111582 0.01596375
v -0.00297716 0.01086888 0.01589518
v -0.00297716 0.01061297 0.01588131
v -0.00297716 0.01036006 0.01592277
v -0.00297716 0.01012198 0.01601763
v -0.00297716 0.00990985 0.01616145
v -0.00297716 0.00973361 0.01634751
v -0.00297716 0.00960148 0.01656711
v -0.00297716 0.00951965 0.01680998
v -0.00297716 0.00949194 0.01706476
v -0.00300000 0.00940753 0.01734423
v -0.00300000 0.00949728 0.01761062
v -0.00300000 0.00964221 0.01785149
v -0.00300000 0.00983553 0.01805557
v -0.00300000 0.01006820 0.01821333
v -0.00300000 0.01032935 0.01831738
v -0.00300000 0.01060675 0.01836286
v -0.00300000 0.01088745 0.01834764
v -0.00300000 0.01115831 0.01827243
v -0.00300000 0.01140668 0.01814076
v -0.00300000 0.01162093 0.01795877
v -0.00300000 0.01179105 0.01773498
v -0.00300000 0.01190908 0.01747986
v -0.00300000 0.01196951 0.01720532
v -0.00300000 0.01196951 0.01692421
v -0.00300000 0.01190908 0.01664967
v -0.00300000 0.01179105 0.01639454
v -0.00300000 0.01162093 0.01617076
v -0.00300000 0.01140668 0.01598877
v -0.00300000 0.01115831 0.01585709
v -0.00300000 0.01088745 0.01578189
v -0.00300000 0.01060675 0.01576667
v -0.00300000 0.01032935 0.01581215
v -0.00300000 0.01006820 0.01591620
v -0.00300000 0.00983553 0.01607395
v -0.00300000 0.00964221 0.01627804
v -0.00300000 0.00949728 0.01651891
v -0.00300000 0.00940753 0.01678530
v -0.00300000 0.00937713 0.01706476
v -0.00300000 0.00961084 0.01538455
v -0.00300000 0.00922649 0.01570252
v -0.00300000 0.01006219 0.01517216
v -0.00300000 0.01055218 0.01507869
v -0.00300000 0.01105002 0.01511001
v -0.00300000 0.01152443 0.01526416
v -0.00300000 0.01194561 0.01553144
v -0.00300000 0.01152443 0.01886537
v -0.00300000 0.01194561 0.01859809
v -0.00300000 0.01105002 0.01901952
v -0.00300000 0.01055218 0.01905084
v -0.00300000 0.01006219 0.01895737
v -0.00300000 0.00961084 0.01874498
v -0.00300000 0.00922649 0.01842701
v -0.00300000 0.00893328 0.01802345
v -0.00300000 0.00874965 0.01755966
v -0.00300000 0.00868713 0.01706476
v -0.00300000 0.00874965 0.01656987
v -0.00300000 0.00893328 0.01610607
v -0.00300000 0.01228708 0.01589507
v -0.00300000 0.01252739 0.01633220
v -0.00300000 0.01265144 0.01681535
v -0.00300000 0.01265144 0.01731418
v -0.00300000 0.01252739 0.01779733
v -0.00300000 0.01228708 0.01823446
v -0.00470000 0.00871737 0.01671920
v -0.00470000 0.00880715 0.01638414
v -0.00470000 0.00874965 0.01656987
v -0.00470000 0.00915270 0.01578562
v -0.00470000 0.00922649 0.01570252
v -0.00470000 0.00895374 0.01606976
v -0.00470000 0.00893328 0.01610607
v -0.00470000 0.00939799 0.01554034
v -0.00470000 0.00961084 0.01538455
v -0.00470000 0.00968213 0.01534137
v -0.00470000 0.00999651 0.01519478
v -0.00470000 0.01033157 0.01510500
v -0.00470000 0.01006219 0.01517216
v -0.00470000 0.01102269 0.01510500
v -0.00470000 0.01105002 0.01511001
v -0.00470000 0.01067713 0.01507476
v -0.00470000 0.01055218 0.01507869
v -0.00470000 0.01135775 0.01519478
v -0.00470000 0.01152443 0.01526416
v -0.00470000 0.01167213 0.01534137
v -0.00470000 0.01194561 0.01553144
v -0.00470000 0.01195628 0.01554034
v -0.00470000 0.01220156 0.01578562
v -0.00470000 0.01240052 0.01606976
v -0.00470000 0.01228708 0.01589507
v -0.00470000 0.01263690 0.01671920
v -0.00470000 0.01265144 0.01681535
v -0.00470000 0.01254712 0.01638414
v -0.00470000 0.01252739 0.01633220
v -0.00470000 0.01266713 0.01706476
v -0.00470000 0.01265144 0.01731418
v -0.00470000 0.01263690 0.01741032
v -0.00470000 0.01254712 0.01774538
v -0.00470000 0.01240052 0.01805976
v -0.00470000 0.01252739 0.01779733
v -0.00470000 0.01195628 0.01858919
v -0.00470000 0.01194561 0.01859809
v -0.00470000 0.01220156 0.01834391
v -0.00470000 0.01228708 0.01823446
v -0.00470000 0.01167213 0.01878816
v -0.00470000 0.01152443 0.01886537
v -0.00470000 0.01135775 0.01893475
v -0.00470000 0.01105002 0.01901952
v -0.00470000 0.01102269 0.01902453
v -0.00470000 0.01067713 0.01905476
v -0.00470000 0.01033157 0.01902453
v -0.00470000 0.01055218 0.01905084
v -0.00470000 0.00968213 0.01878816
v -0.00470000 0.00961084 0.01874498
v -0.00470000 0.00999651 0.01893475
v -0.00470000 0.01006219 0.01895737
v -0.00470000 0.00939799 0.01858919
v -0.00470000 0.00922649 0.01842701
v -0.00470000 0.00915270 0.01834391
v -0.00470000 0.00895374 0.01805976
v -0.00470000 0.00880715 0.01774538
v -0.00470000 0.00893328 0.01802345
v -0.00470000 0.00868713 0.01706476
v -0.00470000 0.00871737 0.01741032
v -0.00470000 0.00874965 0.01755966
v -0.00481480 0.00882860 0.01639195
v -0.00481480 0.00897352 0.01608118
v -0.00481480 0.00917020 0.01580030
v -0.00481480 0.00941266 0.01555783
v -0.00481480 0.00969355 0.01536115
v -0.00481480 0.01000432 0.01521624
v -0.00481480 0.01033554 0.01512749
v -0.00481480 0.01067713 0.01509760
v -0.00481480 0.01101873 0.01512749
v -0.00481480 0.01134994 0.01521624
v -0.00481480 0.01166071 0.01536115
v -0.00481480 0.01194160 0.01555783
v -0.00481480 0.01218407 0.01580030
v -0.00481480 0.01238075 0.01608118
v -0.00481480 0.01252566 0.01639195
v -0.00481480 0.01261441 0.01672317
v -0.00481480 0.01264430 0.01706476
v -0.00481480 0.01261441 0.01740636
v -0.00481480 0.01252566 0.01773757
v -0.00481480 0.01238075 0.01804835
v -0.00481480 0.01218407 0.01832923
v -0.00481480 0.01194160 0.01857170
v -0.00481480 0.01166071 0.01876838
v -0.00481480 0.01134994 0.01891329
v -0.00481480 0.01101873 0.01900204
v -0.00481480 0.01067713 0.01903193
v -0.00481480 0.01033554 0.01900204
v -0.00481480 0.01000432 0.01891329
v -0.00481480 0.00969355 0.01876838
v -0.00481480 0.00941266 0.01857170
v -0.00481480 0.00917020 0.01832923
v -0.00481480 0.00897352 0.01804835
v -0.00481480 0.00882860 0.01773757
v -0.00481480 0.00873986 0.01740636
v -0.00481480 0.00870997 0.01706476
v -0.00481480 0.00873986 0.01672317
v -0.00491213 0.00880390 0.01739507
v -0.00491213 0.00888971 0.01771533
v -0.00491213 0.00902984 0.01801583
v -0.00491213 0.00922002 0.01828743
v -0.00491213 0.00945447 0.01852188
v -0.00491213 0.00972607 0.01871206
v -0.00491213 0.01002657 0.01885218
v -0.00491213 0.01034683 0.01893800
v -0.00491213 0.01067713 0.01896690
v -0.00491213 0.01100743 0.01893800
v -0.00491213 0.01132770 0.01885218
v -0.00491213 0.01162820 0.01871206
v -0.00491213 0.01189980 0.01852188
v -0.00491213 0.01213425 0.01828743
v -0.00491213 0.01232443 0.01801583
v -0.00491213 0.01246455 0.01771533
v -0.00491213 0.01255037 0.01739507
v -0.00491213 0.01257927 0.01706476
v -0.00491213 0.01255037 0.01673446
v -0.00491213 0.01246455 0.01641420
v -0.00491213 0.01232443 0.01611370
v -0.00491213 0.01213425 0.01584210
v -0.00491213 0.01189980 0.01560765
v -0.00491213 0.01162820 0.01541747
v -0.00491213 0.01132770 0.01527734
v -0.00491213 0.01100743 0.01519153
v -0.00491213 0.01067713 0.01516263
v -0.00491213 0.01034683 0.01519153
v -0.00491213 0.01002657 0.01527734
v -0.00491213 0.00972607 0.01541747
v -0.00491213 0.00945447 0.01560765
v -0.00491213 0.00922002 0.01584210
v -0.00491213 0.00902984 0.01611370
v -0.00491213 0.00888971 0.01641420
v -0.00491213 0.00880390 0.01673446
v -0.00491213 0.00877500 0.01706476
v -0.00497716 0.00889975 0.01737816
v -0.00497716 0.00898117 0.01768204
v -0.00497716 0.00911413 0.01796717
v -0.00497716 0.00929457 0.01822487
v -0.00497716 0.00951703 0.01844732
v -0.00497716 0.00977473 0.01862777
v -0.00497716 0.01005985 0.01876073
v -0.00497716 0.01036373 0.01884215
v -0.00497716 0.01067713 0.01886957
v -0.00497716 0.01099053 0.01884215
v -0.00497716 0.01129441 0.01876073
v -0.00497716 0.01157954 0.01862777
v -0.00497716 0.01183724 0.01844732
v -0.00497716 0.01205969 0.01822487
v -0.00497716 0.01224014 0.01796717
v -0.00497716 0.01237310 0.01768204
v -0.00497716 0.01245452 0.01737816
v -0.00497716 0.01248194 0.01706476
v -0.00497716 0.01245452 0.01675136
v -0.00497716 0.01237310 0.01644748
v -0.00497716 0.01224014 0.01616236
v -0.00497716 0.01205969 0.01590466
v -0.00497716 0.01183724 0.01568220
v -0.00497716 0.01157954 0.01550176
v -0.00497716 0.01129441 0.01536880
v -0.00497716 0.01099053 0.01528738
v -0.00497716 0.01067713 0.01525996
v -0.00497716 0.01036373 0.01528738
v -0.00497716 0.01005985 0.01536880
v -0.00497716 0.00977473 0.01550176
v -0.00497716 0.00951703 0.01568220
v -0.00497716 0.00929457 0.01590466
v -0.00497716 0.00911413 0.01616236
v -0.00497716 0.00898117 0.01644748
v -0.00497716 0.00889975 0.01675136
v -0.00497716 0.00887233 0.01706476
v -0.00500000 0.00901281 0.01735823
v -0.00500000 0.00908905 0.01764278
v -0.00500000 0.00921355 0.01790976
v -0.00500000 0.00938252 0.01815107
v -0.00500000 0.00959082 0.01835938
v -0.00500000 0.00983213 0.01852835
v -0.00500000 0.01009912 0.01865285
v -0.00500000 0.01038367 0.01872909
v -0.00500000 0.01067713 0.01875476
v -0.00500000 0.01097060 0.01872909
v -0.00500000 0.01125515 0.01865285
v -0.00500000 0.01152213 0.01852835
v -0.00500000 0.01176344 0.01835938
v -0.00500000 0.01197175 0.01815107
v -0.00500000 0.01214072 0.01790976
v -0.00500000 0.01226521 0.01764278
v -0.00500000 0.01234146 0.01735823
v -0.00500000 0.01236713 0.01706476
v -0.00500000 0.01234146 0.01677130
v -0.00500000 0.01226521 0.01648675
v -0.00500000 0.01214072 0.01621976
v -0.00500000 0.01197175 0.01597845
v -0.00500000 0.01176344 0.01577015
v -0.00500000 0.01152213 0.01560118
v -0.00500000 0.01125515 0.01547668
v -0.00500000 0.01097060 0.01540044
v -0.00500000 0.01067713 0.01537476
v -0.00500000 0.01038367 0.01540044
v -0.00500000 0.01009912 0.01547668
v -0.00500000 0.00983213 0.01560118
v -0.00500000 0.00959082 0.01577015
v -0.00500000 0.00938252 0.01597845
v -0.00500000 0.00921355 0.01621976
v -0.00500000 0.00908905 0.01648675
v -0.00500000 0.00901281 0.01677130
v -0.00500000 0.00898713 0.01706476
v -0.00500000 0.01154316 0.01706476
v -0.00500000 0.01149155 0.01735926
v -0.00500000 0.01001489 0.01762282
v -0.00500000 0.00986272 0.01735926
v -0.00500000 0.01024412 0.01781476
v -0.00500000 0.01133938 0.01762282
v -0.00500000 0.01149155 0.01677027
v -0.00500000 0.01052496 0.01791732
v -0.00500000 0.01133938 0.01650671
v -0.00500000 0.01082930 0.01791732
v -0.00500000 0.01111015 0.01781476
v -0.00500000 0.01052496 0.01621221
v -0.00500000 0.01082930 0.01621221
v -0.00500000 0.01024412 0.01631476
v -0.00500000 0.00986272 0.01677027
v -0.00500000 0.01001489 0.01650671
v -0.00500000 0.01111015 0.01631476
v -0.00500000 0.00981111 0.01706476
v -0.00493692 0.01017099 0.01768810
v -0.00488397 0.01002737 0.01743934
v -0.00489583 0.01009455 0.01755570
v -0.00493704 0.00988407 0.01719115
v -0.00489583 0.00996068 0.01732383
v -0.00493693 0.01096389 0.01781476
v -0.00488397 0.01067645 0.01781476
v -0.00489583 0.01081100 0.01781476
v -0.00493717 0.01038969 0.01781476
v -0.00489583 0.01054327 0.01781476
v -0.00493692 0.01147003 0.01719143
v -0.00488397 0.01132641 0.01744018
v -0.00489583 0.01139359 0.01732383
v -0.00493704 0.01118311 0.01768838
v -0.00489583 0.01125972 0.01755570
v -0.00493692 0.01118328 0.01644143
v -0.00488397 0.01132689 0.01669018
v -0.00489583 0.01125972 0.01657383
v -0.00493704 0.01147019 0.01693838
v -0.00489583 0.01139359 0.01680570
v -0.00493693 0.01039037 0.01631476
v -0.00488397 0.01067782 0.01631476
v -0.00489583 0.01054327 0.01631476
v -0.00493717 0.01096457 0.01631476
v -0.00489583 0.01081100 0.01631476
v -0.00493692 0.00988424 0.01693810
v -0.00488397 0.01002786 0.01668935
v -0.00489583 0.00996068 0.01680570
v -0.00493704 0.01017115 0.01644115
v -0.00489583 0.01009455 0.01657383
v -0.00394766 0.00992924 0.01726938
v -0.00397664 0.00985509 0.01714094
v -0.00393384 0.01000449 0.01739970
v -0.00395440 0.01014691 0.01764639
v -0.00400000 0.01024412 0.01781476
v -0.00400000 0.00981111 0.01706476
v -0.00400000 0.01111015 0.01781476
v -0.00396437 0.01096768 0.01781476
v -0.00393301 0.01067713 0.01781476
v -0.00396437 0.01038658 0.01781476
v -0.00400000 0.01154316 0.01706476
v -0.00397778 0.01150153 0.01713686
v -0.00394769 0.01142511 0.01726924
v -0.00393384 0.01134978 0.01739970
v -0.00395440 0.01120736 0.01764639
v -0.00393632 0.01128022 0.01660934
v -0.00394650 0.01142097 0.01685312
v -0.00395627 0.01120212 0.01647406
v -0.00399200 0.01112435 0.01633937
v -0.00400000 0.01111015 0.01631476
v -0.00400000 0.01024412 0.01631476
v -0.00394051 0.01053693 0.01631476
v -0.00394051 0.01081733 0.01631476
v -0.00399149 0.01022898 0.01634098
v -0.00395624 0.01015207 0.01647420
v -0.00393632 0.01007405 0.01660934
v -0.00394650 0.00993330 0.01685312
v -0.00362500 0.01046889 0.01700551
v -0.00362500 0.01050436 0.01693429
v -0.00362500 0.01082299 0.01722476
v -0.00362500 0.01087094 0.01716127
v -0.00362500 0.01075534 0.01726665
v -0.00362500 0.01067713 0.01728127
v -0.00362500 0.01059892 0.01726665
v -0.00362500 0.01053127 0.01722476
v -0.00362500 0.01088537 0.01700551
v -0.00362500 0.01084991 0.01693429
v -0.00362500 0.01089272 0.01708474
v -0.00362500 0.01071692 0.01685194
v -0.00362500 0.01079111 0.01688069
v -0.00362500 0.01056316 0.01688069
v -0.00362500 0.01067713 0.01684826
v -0.00362500 0.01063735 0.01685194
v -0.00362500 0.01046155 0.01708474
v -0.00362500 0.01048332 0.01716127
v -0.00362500 0.01067713 0.01706476
v 0.00700000 0.01750000 0.01550000
v 0.00700000 0.01671692 0.01521498
v 0.00700000 0.01686163 0.01496434
v 0.00700000 0.01666667 0.01550000
v 0.00700000 0.01671692 0.01578502
v 0.00700000 0.01735529 0.01467933
v 0.00700000 0.01764471 0.01467933
v 0.00700000 0.01708333 0.01477831
v 0.00700000 0.01813837 0.01496434
v 0.00700000 0.01828308 0.01521498
v 0.00700000 0.01791667 0.01477831
v 0.00700000 0.01828308 0.01578502
v 0.00700000 0.01813837 0.01603566
v 0.00700000 0.01833333 0.01550000
v 0.00700000 0.01764471 0.01632067
v 0.00700000 0.01735529 0.01632067
v 0.00700000 0.01791667 0.01622169
v 0.00700000 0.01686163 0.01603566
v 0.00700000 0.01708333 0.01622169
v 0.00683333 0.01843969 0.01584202
v 0.00683333 0.01850000 0.01550000
v 0.00683333 0.01826604 0.01614279
v 0.00683333 0.01800000 0.01636603
v 0.00683333 0.01767365 0.01648481
v 0.00683333 0.01732635 0.01648481
v 0.00683333 0.01700000 0.01636603
v 0.00683333 0.01673396 0.01614279
v 0.00683333 0.01656031 0.01584202
v 0.00683333 0.01650000 0.01550000
v 0.00683333 0.01656031 0.01515798
v 0.00683333 0.01673396 0.01485721
v 0.00683333 0.01700000 0.01463397
v 0.00683333 0.01732635 0.01451519
v 0.00683333 0.01767365 0.01451519
v 0.00683333 0.01800000 0.01463397
v 0.00683333 0.01826604 0.01485721
v 0.00683333 0.01843969 0.01515798
v -0.00270000 0.01652338 0.01528503
v -0.00270000 0.01659242 0.01508011
v -0.00270000 0.01670391 0.01489483
v -0.00270000 0.01656031 0.01515798
v -0.00270000 0.01673396 0.01485721
v -0.00270000 0.01685261 0.01473784
v -0.00270000 0.01700000 0.01463397
v -0.00270000 0.01703159 0.01461649
v -0.00270000 0.01723247 0.01453645
v -0.00270000 0.01744586 0.01450147
v -0.00270000 0.01766178 0.01451317
v -0.00270000 0.01732635 0.01451519
v -0.00270000 0.01767365 0.01451519
v -0.00270000 0.01787014 0.01457102
v -0.00270000 0.01800000 0.01463397
v -0.00270000 0.01806119 0.01467231
v -0.00270000 0.01822600 0.01481230
v -0.00270000 0.01835686 0.01498445
v -0.00270000 0.01826604 0.01485721
v -0.00270000 0.01844765 0.01518070
v -0.00270000 0.01843969 0.01515798
v -0.00270000 0.01850000 0.01550000
v -0.00270000 0.01849414 0.01560812
v -0.00270000 0.01849414 0.01539188
v -0.00270000 0.01835686 0.01601555
v -0.00270000 0.01843969 0.01584202
v -0.00270000 0.01844765 0.01581930
v -0.00270000 0.01806119 0.01632769
v -0.00270000 0.01800000 0.01636603
v -0.00270000 0.01822600 0.01618770
v -0.00270000 0.01826604 0.01614279
v -0.00270000 0.01787014 0.01642898
v -0.00270000 0.01767365 0.01648481
v -0.00270000 0.01766178 0.01648683
v -0.00270000 0.01744586 0.01649853
v -0.00270000 0.01723247 0.01646355
v -0.00270000 0.01703159 0.01638351
v -0.00270000 0.01732635 0.01648481
v -0.00270000 0.01700000 0.01636603
v -0.00270000 0.01685261 0.01626216
v -0.00270000 0.01673396 0.01614279
v -0.00270000 0.01670391 0.01610518
v -0.00270000 0.01659242 0.01591989
v -0.00270000 0.01650000 0.01550000
v -0.00270000 0.01652338 0.01571497
v -0.00270000 0.01656031 0.01584202
v -0.00281481 0.01657170 0.01507052
v -0.00281481 0.01668573 0.01488101
v -0.00281481 0.01683783 0.01472043
v -0.00281481 0.01702089 0.01459631
v -0.00281481 0.01722636 0.01451445
v -0.00281481 0.01744463 0.01447866
v -0.00281481 0.01766548 0.01449064
v -0.00281481 0.01787859 0.01454981
v -0.00281481 0.01807400 0.01465341
v -0.00281481 0.01824258 0.01479660
v -0.00281481 0.01837642 0.01497267
v -0.00281481 0.01846929 0.01517341
v -0.00281481 0.01851684 0.01538941
v -0.00281481 0.01851684 0.01561059
v -0.00281481 0.01846929 0.01582659
v -0.00281481 0.01837642 0.01602733
v -0.00281481 0.01824258 0.01620340
v -0.00281481 0.01807400 0.01634659
v -0.00281481 0.01787859 0.01645019
v -0.00281481 0.01766548 0.01650936
v -0.00281481 0.01744463 0.01652134
v -0.00281481 0.01722636 0.01648555
v -0.00281481 0.01702089 0.01640369
v -0.00281481 0.01683783 0.01627957
v -0.00281481 0.01668573 0.01611899
v -0.00281481 0.01657170 0.01592948
v -0.00281481 0.01650108 0.01571988
v -0.00281481 0.01647716 0.01550000
v -0.00281481 0.01650108 0.01528012
v -0.00291213 0.01643757 0.01573386
v -0.00291213 0.01651268 0.01595678
v -0.00291213 0.01663396 0.01615835
v -0.00291213 0.01679573 0.01632913
v -0.00291213 0.01699043 0.01646115
v -0.00291213 0.01720896 0.01654821
v -0.00291213 0.01744110 0.01658627
v -0.00291213 0.01767600 0.01657354
v -0.00291213 0.01790266 0.01651060
v -0.00291213 0.01811050 0.01640042
v -0.00291213 0.01828979 0.01624813
v -0.00291213 0.01843215 0.01606086
v -0.00291213 0.01853092 0.01584736
v -0.00291213 0.01858149 0.01561762
v -0.00291213 0.01858149 0.01538238
v -0.00291213 0.01853092 0.01515264
v -0.00291213 0.01843215 0.01493915
v -0.00291213 0.01828979 0.01475187
v -0.00291213 0.01811050 0.01459958
v -0.00291213 0.01790266 0.01448940
v -0.00291213 0.01767600 0.01442646
v -0.00291213 0.01744110 0.01441373
v -0.00291213 0.01720896 0.01445179
v -0.00291213 0.01699043 0.01453886
v -0.00291213 0.01679573 0.01467087
v -0.00291213 0.01663396 0.01484165
v -0.00291213 0.01651268 0.01504322
v -0.00291213 0.01643757 0.01526614
v -0.00291213 0.01641213 0.01550000
v -0.00297716 0.01634252 0.01575478
v -0.00297716 0.01642435 0.01599765
v -0.00297716 0.01655648 0.01621725
v -0.00297716 0.01673272 0.01640331
v -0.00297716 0.01694484 0.01654713
v -0.00297716 0.01718293 0.01664199
v -0.00297716 0.01743584 0.01668346
v -0.00297716 0.01769174 0.01666958
v -0.00297716 0.01793869 0.01660102
v -0.00297716 0.01816512 0.01648097
v -0.00297716 0.01836045 0.01631506
v -0.00297716 0.01851554 0.01611103
v -0.00297716 0.01862315 0.01587844
v -0.00297716 0.01867825 0.01562814
v -0.00297716 0.01867825 0.01537186
v -0.00297716 0.01862315 0.01512157
v -0.00297716 0.01851554 0.01488897
v -0.00297716 0.01836045 0.01468494
v -0.00297716 0.01816512 0.01451903
v -0.00297716 0.01793869 0.01439898
v -0.00297716 0.01769174 0.01433042
v -0.00297716 0.01743584 0.01431654
v -0.00297716 0.01718293 0.01435801
v -0.00297716 0.01694484 0.01445287
v -0.00297716 0.01673272 0.01459669
v -0.00297716 0.01655648 0.01478275
v -0.00297716 0.01642435 0.01500235
v -0.00297716 0.01634252 0.01524522
v -0.00297716 0.01631480 0.01550000
v -0.00300000 0.01623039 0.01577946
v -0.00300000 0.01632015 0.01604586
v -0.00300000 0.01646508 0.01628673
v -0.00300000 0.01665840 0.01649081
v -0.00300000 0.01689107 0.01664857
v -0.00300000 0.01715221 0.01675262
v -0.00300000 0.01742962 0.01679809
v -0.00300000 0.01771032 0.01678287
v -0.00300000 0.01798118 0.01670767
v -0.00300000 0.01822954 0.01657600
v -0.00300000 0.01844379 0.01639401
v -0.00300000 0.01861391 0.01617022
v -0.00300000 0.01873195 0.01591509
v -0.00300000 0.01879238 0.01564055
v -0.00300000 0.01879238 0.01535945
v -0.00300000 0.01873195 0.01508491
v -0.00300000 0.01861391 0.01482978
v -0.00300000 0.01844379 0.01460599
v -0.00300000 0.01822954 0.01442400
v -0.00300000 0.01798118 0.01429233
v -0.00300000 0.01771032 0.01421713
v -0.00300000 0.01742962 0.01420191
v -0.00300000 0.01715221 0.01424738
v -0.00300000 0.01689107 0.01435143
v -0.00300000 0.01665840 0.01450919
v -0.00300000 0.01646508 0.01471327
v -0.00300000 0.01632015 0.01495414
v -0.00300000 0.01623039 0.01522054
v -0.00300000 0.01620000 0.01550000
v -0.00300000 0.01643370 0.01381979
v -0.00300000 0.01604935 0.01413775
v -0.00300000 0.01688506 0.01360740
v -0.00300000 0.01737505 0.01351393
v -0.00300000 0.01787289 0.01354525
v -0.00300000 0.01834730 0.01369939
v -0.00300000 0.01876847 0.01396668
v -0.00300000 0.01834730 0.01730061
v -0.00300000 0.01876847 0.01703332
v -0.00300000 0.01787289 0.01745475
v -0.00300000 0.01737505 0.01748607
v -0.00300000 0.01688506 0.01739260
v -0.00300000 0.01643370 0.01718021
v -0.00300000 0.01604935 0.01686225
v -0.00300000 0.01575615 0.01645869
v -0.00300000 0.01557252 0.01599489
v -0.00300000 0.01551000 0.01550000
v -0.00300000 0.01557252 0.01500511
v -0.00300000 0.01575615 0.01454131
v -0.00300000 0.01910994 0.01433031
v -0.00300000 0.01935025 0.01476743
v -0.00300000 0.01947431 0.01525059
v -0.00300000 0.01947431 0.01574941
v -0.00300000 0.01935025 0.01623257
v -0.00300000 0.01910994 0.01666969
v -0.00470000 0.01554023 0.01515444
v -0.00470000 0.01563001 0.01481938
v -0.00470000 0.01557252 0.01500511
v -0.00470000 0.01597557 0.01422085
v -0.00470000 0.01604935 0.01413775
v -0.00470000 0.01577661 0.01450500
v -0.00470000 0.01575615 0.01454131
v -0.00470000 0.01622085 0.01397557
v -0.00470000 0.01643370 0.01381979
v -0.00470000 0.01650500 0.01377661
v -0.00470000 0.01681938 0.01363001
v -0.00470000 0.01715444 0.01354023
v -0.00470000 0.01688506 0.01360740
v -0.00470000 0.01784556 0.01354023
v -0.00470000 0.01787289 0.01354525
v -0.00470000 0.01750000 0.01351000
v -0.00470000 0.01737505 0.01351393
v -0.00470000 0.01818062 0.01363001
v -0.00470000 0.01834730 0.01369939
v -0.00470000 0.01849500 0.01377661
v -0.00470000 0.01876847 0.01396668
v -0.00470000 0.01877915 0.01397557
v -0.00470000 0.01902443 0.01422085
v -0.00470000 0.01922339 0.01450500
v -0.00470000 0.01910994 0.01433031
v -0.00470000 0.01945977 0.01515444
v -0.00470000 0.01947431 0.01525059
v -0.00470000 0.01936999 0.01481938
v -0.00470000 0.01935025 0.01476743
v -0.00470000 0.01949000 0.01550000
v -0.00470000 0.01947431 0.01574941
v -0.00470000 0.01945977 0.01584556
v -0.00470000 0.01936999 0.01618062
v -0.00470000 0.01922339 0.01649500
v -0.00470000 0.01935025 0.01623257
v -0.00470000 0.01877915 0.01702443
v -0.00470000 0.01876847 0.01703332
v -0.00470000 0.01902443 0.01677915
v -0.00470000 0.01910994 0.01666969
v -0.00470000 0.01849500 0.01722339
v -0.00470000 0.01834730 0.01730061
v -0.00470000 0.01818062 0.01736999
v -0.00470000 0.01787289 0.01745475
v -0.00470000 0.01784556 0.01745977
v -0.00470000 0.01750000 0.01749000
v -0.00470000 0.01715444 0.01745977
v -0.00470000 0.01737505 0.01748607
v -0.00470000 0.01650500 0.01722339
v -0.00470000 0.01643370 0.01718021
v -0.00470000 0.01681938 0.01736999
v -0.00470000 0.01688506 0.01739260
v -0.00470000 0.01622085 0.01702443
v -0.00470000 0.01604935 0.01686225
v -0.00470000 0.01597557 0.01677915
v -0.00470000 0.01577661 0.01649500
v -0.00470000 0.01563001 0.01618062
v -0.00470000 0.01575615 0.01645869
v -0.00470000 0.01551000 0.01550000
v -0.00470000 0.01554023 0.01584556
v -0.00470000 0.01557252 0.01599489
v -0.00481480 0.01565147 0.01482719
v -0.00481480 0.01579639 0.01451642
v -0.00481480 0.01599306 0.01423553
v -0.00481480 0.01623553 0.01399306
v -0.00481480 0.01651642 0.01379639
v -0.00481480 0.01682719 0.01365147
v -0.00481480 0.01715841 0.01356272
v -0.00481480 0.01750000 0.01353284
v -0.00481480 0.01784159 0.01356272
v -0.00481480 0.01817281 0.01365147
v -0.00481480 0.01848358 0.01379639
v -0.00481480 0.01876447 0.01399306
v -0.00481480 0.01900694 0.01423553
v -0.00481480 0.01920361 0.01451642
v -0.00481480 0.01934853 0.01482719
v -0.00481480 0.01943728 0.01515841
v -0.00481480 0.01946716 0.01550000
v -0.00481480 0.01943728 0.01584159
v -0.00481480 0.01934853 0.01617281
v -0.00481480 0.01920361 0.01648358
v -0.00481480 0.01900694 0.01676447
v -0.00481480 0.01876447 0.01700694
v -0.00481480 0.01848358 0.01720361
v -0.00481480 0.01817281 0.01734853
v -0.00481480 0.01784159 0.01743728
v -0.00481480 0.01750000 0.01746716
v -0.00481480 0.01715841 0.01743728
v -0.00481480 0.01682719 0.01734853
v -0.00481480 0.01651642 0.01720361
v -0.00481480 0.01623553 0.01700694
v -0.00481480 0.01599306 0.01676447
v -0.00481480 0.01579639 0.01648358
v -0.00481480 0.01565147 0.01617281
v -0.00481480 0.01556272 0.01584159
v -0.00481480 0.01553284 0.01550000
v -0.00481480 0.01556272 0.01515841
v -0.00491213 0.01562677 0.01583030
v -0.00491213 0.01571258 0.01615057
v -0.00491213 0.01585270 0.01645107
v -0.00491213 0.01604288 0.01672267
v -0.00491213 0.01627733 0.01695712
v -0.00491213 0.01654893 0.01714730
v -0.00491213 0.01684943 0.01728742
v -0.00491213 0.01716970 0.01737323
v -0.00491213 0.01750000 0.01740213
v -0.00491213 0.01783030 0.01737323
v -0.00491213 0.01815057 0.01728742
v -0.00491213 0.01845107 0.01714730
v -0.00491213 0.01872267 0.01695712
v -0.00491213 0.01895712 0.01672267
v -0.00491213 0.01914730 0.01645107
v -0.00491213 0.01928742 0.01615057
v -0.00491213 0.01937323 0.01583030
v -0.00491213 0.01940213 0.01550000
v -0.00491213 0.01937323 0.01516970
v -0.00491213 0.01928742 0.01484943
v -0.00491213 0.01914730 0.01454893
v -0.00491213 0.01895712 0.01427733
v -0.00491213 0.01872267 0.01404288
v -0.00491213 0.01845107 0.01385271
v -0.00491213 0.01815057 0.01371258
v -0.00491213 0.01783030 0.01362677
v -0.00491213 0.01750000 0.01359787
v -0.00491213 0.01716970 0.01362677
v -0.00491213 0.01684943 0.01371258
v -0.00491213 0.01654893 0.01385271
v -0.00491213 0.01627733 0.01404288
v -0.00491213 0.01604288 0.01427733
v -0.00491213 0.01585270 0.01454893
v -0.00491213 0.01571258 0.01484943
v -0.00491213 0.01562677 0.01516970
v -0.00491213 0.01559787 0.01550000
v -0.00497716 0.01572261 0.01581340
v -0.00497716 0.01580404 0.01611728
v -0.00497716 0.01593699 0.01640240
v -0.00497716 0.01611744 0.01666011
v -0.00497716 0.01633989 0.01688256
v -0.00497716 0.01659760 0.01706301
v -0.00497716 0.01688272 0.01719596
v -0.00497716 0.01718660 0.01727739
v -0.00497716 0.01750000 0.01730480
v -0.00497716 0.01781340 0.01727739
v -0.00497716 0.01811728 0.01719596
v -0.00497716 0.01840240 0.01706301
v -0.00497716 0.01866011 0.01688256
v -0.00497716 0.01888256 0.01666011
v -0.00497716 0.01906301 0.01640240
v -0.00497716 0.01919596 0.01611728
v -0.00497716 0.01927739 0.01581340
v -0.00497716 0.01930480 0.01550000
v -0.00497716 0.01927739 0.01518660
v -0.00497716 0.01919596 0.01488272
v -0.00497716 0.01906301 0.01459760
v -0.00497716 0.01888256 0.01433989
v -0.00497716 0.01866011 0.01411744
v -0.00497716 0.01840240 0.01393699
v -0.00497716 0.01811728 0.01380404
v -0.00497716 0.01781340 0.01372261
v -0.00497716 0.01750000 0.01369520
v -0.00497716 0.01718660 0.01372261
v -0.00497716 0.01688272 0.01380404
v -0.00497716 0.01659760 0.01393699
v -0.00497716 0.01633989 0.01411744
v -0.00497716 0.01611744 0.01433989
v -0.00497716 0.01593699 0.01459760
v -0.00497716 0.01580404 0.01488272
v -0.00497716 0.01572261 0.01518660
v -0.00497716 0.01569520 0.01550000
v -0.00500000 0.01583567 0.01579347
v -0.00500000 0.01591192 0.01607801
v -0.00500000 0.01603642 0.01634500
v -0.00500000 0.01620539 0.01658631
v -0.00500000 0.01641369 0.01679461
v -0.00500000 0.01665500 0.01696358
v -0.00500000 0.01692199 0.01708808
v -0.00500000 0.01720653 0.01716433
v -0.00500000 0.01750000 0.01719000
v -0.00500000 0.01779347 0.01716433
v -0.00500000 0.01807801 0.01708808
v -0.00500000 0.01834500 0.01696358
v -0.00500000 0.01858631 0.01679461
v -0.00500000 0.01879461 0.01658631
v -0.00500000 0.01896358 0.01634500
v -0.00500000 0.01908808 0.01607801
v -0.00500000 0.01916433 0.01579347
v -0.00500000 0.01919000 0.01550000
v -0.00500000 0.01916433 0.01520653
v -0.00500000 0.01908808 0.01492199
v -0.00500000 0.01896358 0.01465500
v -0.00500000 0.01879461 0.01441369
v -0.00500000 0.01858631 0.01420538
v -0.00500000 0.01834500 0.01403642
v -0.00500000 0.01807801 0.01391192
v -0.00500000 0.01779347 0.01383568
v -0.00500000 0.01750000 0.01381000
v -0.00500000 0.01720653 0.01383568
v -0.00500000 0.01692199 0.01391192
v -0.00500000 0.01665500 0.01403642
v -0.00500000 0.01641369 0.01420538
v -0.00500000 0.01620539 0.01441369
v -0.00500000 0.01603642 0.01465500
v -0.00500000 0.01591192 0.01492199
v -0.00500000 0.01583567 0.01520653
v -0.00500000 0.01581000 0.01550000
v -0.00500000 0.01836603 0.01550000
v -0.00500000 0.01831442 0.01579449
v -0.00500000 0.01683775 0.01605806
v -0.00500000 0.01668558 0.01579449
v -0.00500000 0.01706699 0.01625000
v -0.00500000 0.01816225 0.01605806
v -0.00500000 0.01831442 0.01520551
v -0.00500000 0.01734783 0.01635255
v -0.00500000 0.01816225 0.01494194
v -0.00500000 0.01765217 0.01635255
v -0.00500000 0.01793301 0.01625000
v -0.00500000 0.01734783 0.01464745
v -0.00500000 0.01765217 0.01464745
v -0.00500000 0.01706699 0.01475000
v -0.00500000 0.01668558 0.01520551
v -0.00500000 0.01683775 0.01494194
v -0.00500000 0.01793301 0.01475000
v -0.00500000 0.01663397 0.01550000
v -0.00493692 0.01699386 0.01612333
v -0.00488397 0.01685024 0.01587458
v -0.00489583 0.01691741 0.01599093
v -0.00493704 0.01670694 0.01562638
v -0.00489583 0.01678355 0.01575907
v -0.00493693 0.01778676 0.01625000
v -0.00488397 0.01749931 0.01625000
v -0.00489583 0.01763386 0.01625000
v -0.00493717 0.01721256 0.01625000
v -0.00489583 0.01736613 0.01625000
v -0.00493692 0.01829289 0.01562667
v -0.00488397 0.01814928 0.01587542
v -0.00489583 0.01821645 0.01575907
v -0.00493704 0.01800598 0.01612362
v -0.00489583 0.01808259 0.01599093
v -0.00493692 0.01800614 0.01487667
v -0.00488397 0.01814976 0.01512542
v -0.00489583 0.01808259 0.01500907
v -0.00493704 0.01829306 0.01537362
v -0.00489583 0.01821645 0.01524093
v -0.00493693 0.01721324 0.01475000
v -0.00488397 0.01750069 0.01475000
v -0.00489583 0.01736613 0.01475000
v -0.00493717 0.01778744 0.01475000
v -0.00489583 0.01763386 0.01475000
v -0.00493692 0.01670711 0.01537333
v -0.00488397 0.01685072 0.01512458
v -0.00489583 0.01678355 0.01524093
v -0.00493704 0.01699402 0.01487638
v -0.00489583 0.01691741 0.01500907
v -0.00394766 0.01675211 0.01570461
v -0.00397664 0.01667795 0.01557617
v -0.00393384 0.01682735 0.01583494
v -0.00395440 0.01696978 0.01608163
v -0.00400000 0.01706699 0.01625000
v -0.00400000 0.01663397 0.01550000
v -0.00400000 0.01793301 0.01625000
v -0.00396437 0.01779055 0.01625000
v -0.00393301 0.01750000 0.01625000
v -0.00396437 0.01720945 0.01625000
v -0.00400000 0.01836603 0.01550000
v -0.00397778 0.01832440 0.01557210
v -0.00394769 0.01824797 0.01570447
v -0.00393384 0.01817265 0.01583494
v -0.00395440 0.01803022 0.01608163
v -0.00393632 0.01810308 0.01504457
v -0.00394650 0.01824384 0.01528836
v -0.00395627 0.01802498 0.01490930
v -0.00399200 0.01794722 0.01477461
v -0.00400000 0.01793301 0.01475000
v -0.00400000 0.01706699 0.01475000
v -0.00394051 0.01735980 0.01475000
v -0.00394051 0.01764020 0.01475000
v -0.00399149 0.01705185 0.01477622
v -0.00395624 0.01697494 0.01490944
v -0.00393632 0.01689692 0.01504457
v -0.00394650 0.01675616 0.01528836
v -0.00362500 0.01729176 0.01544075
v -0.00362500 0.01732722 0.01536953
v -0.00362500 0.01764586 0.01566000
v -0.00362500 0.01769381 0.01559651
v -0.00362500 0.01757821 0.01570189
v -0.00362500 0.01750000 0.01571651
v -0.00362500 0.01742179 0.01570189
v -0.00362500 0.01735414 0.01566000
v -0.00362500 0.01770824 0.01544075
v -0.00362500 0.01767278 0.01536953
v -0.00362500 0.01771558 0.01551998
v -0.00362500 0.01753978 0.01528718
v -0.00362500 0.01761398 0.01531592
v -0.00362500 0.01738602 0.01531592
v -0.00362500 0.01750000 0.01528349
v -0.00362500 0.01746022 0.01528718
v -0.00362500 0.01728442 0.01551998
v -0.00362500 0.01730619 0.01559651
v -0.00362500 0.01750000 0.01550000
v -0.00400000 0.00550000 0.01700000
v -0.00400000 0.00431696 0.01659636
v -0.00400000 0.00425117 0.01694601
v -0.00400000 0.00442022 0.01762975
v -0.00400000 0.00464138 0.01790845
v -0.00400000 0.00428654 0.01730003
v -0.00400000 0.00526883 0.01822844
v -0.00400000 0.00562428 0.01824381
v -0.00400000 0.00493210 0.01811355
v -0.00400000 0.00627701 0.01797916
v -0.00400000 0.00652139 0.01772059
v -0.00400000 0.00596967 0.01815841
v -0.00400000 0.00674883 0.01705399
v -0.00400000 0.00671346 0.01669997
v -0.00400000 0.00668304 0.01740364
v -0.00400000 0.00635862 0.01609155
v -0.00400000 0.00606790 0.01588645
v -0.00400000 0.00657978 0.01637025
v -0.00400000 0.00537572 0.01575619
v -0.00400000 0.00503033 0.01584159
v -0.00400000 0.00573117 0.01577156
v -0.00400000 0.00447861 0.01627941
v -0.00400000 0.00472299 0.01602084
v -0.00375000 0.00695615 0.01663996
v -0.00375000 0.00699860 0.01706479
v -0.00375000 0.00679573 0.01624430
v -0.00375000 0.00653034 0.01590986
v -0.00375000 0.00618148 0.01566374
v -0.00375000 0.00577741 0.01552587
v -0.00375000 0.00535086 0.01550743
v -0.00375000 0.00493640 0.01560991
v -0.00375000 0.00456759 0.01582500
v -0.00375000 0.00427433 0.01613529
v -0.00375000 0.00408036 0.01651563
v -0.00375000 0.00400140 0.01693521
v -0.00375000 0.00404385 0.01736004
v -0.00375000 0.00420427 0.01775570
v -0.00375000 0.00446966 0.01809014
v -0.00375000 0.00481852 0.01833626
v -0.00375000 0.00522259 0.01847413
v -0.00375000 0.00564914 0.01849257
v -0.00375000 0.00606360 0.01839009
v -0.00375000 0.00643241 0.01817500
v -0.00375000 0.00672567 0.01786471
v -0.00375000 0.00691964 0.01748437
v 0.00370000 0.00401622 0.01721999
v 0.00370000 0.00408467 0.01749682
v 0.00370000 0.00404385 0.01736004
v 0.00370000 0.00437070 0.01798726
v 0.00370000 0.00420427 0.01775570
v 0.00370000 0.00457795 0.01818314
v 0.00370000 0.00446966 0.01809014
v 0.00370000 0.00508373 0.01844108
v 0.00370000 0.00481852 0.01833626
v 0.00370000 0.00536398 0.01849382
v 0.00370000 0.00522259 0.01847413
v 0.00370000 0.00592892 0.01843737
v 0.00370000 0.00564914 0.01849257
v 0.00370000 0.00619319 0.01833022
v 0.00370000 0.00606360 0.01839009
v 0.00370000 0.00663793 0.01797730
v 0.00370000 0.00643241 0.01817500
v 0.00370000 0.00680232 0.01774429
v 0.00370000 0.00672567 0.01786471
v 0.00370000 0.00698566 0.01720695
v 0.00370000 0.00691964 0.01748437
v 0.00370000 0.00699797 0.01692205
v 0.00370000 0.00699860 0.01706479
v 0.00370000 0.00686170 0.01637089
v 0.00370000 0.00695615 0.01663996
v 0.00370000 0.00671803 0.01612456
v 0.00370000 0.00679573 0.01624430
v 0.00370000 0.00630541 0.01573457
v 0.00370000 0.00653034 0.01590986
v 0.00370000 0.00605137 0.01560501
v 0.00370000 0.00618148 0.01566374
v 0.00370000 0.00549341 0.01550001
v 0.00370000 0.00577741 0.01552587
v 0.00370000 0.00520966 0.01552837
v 0.00370000 0.00535086 0.01550743
v 0.00370000 0.00468350 0.01574169
v 0.00370000 0.00493640 0.01560991
v 0.00370000 0.00446012 0.01591896
v 0.00370000 0.00456759 0.01582500
v 0.00370000 0.00413283 0.01638288
v 0.00370000 0.00427433 0.01613529
v 0.00370000 0.00400140 0.01693521
v 0.00370000 0.00404074 0.01665277
v 0.00370000 0.00408036 0.01651563
v 0.00381481 0.00406312 0.01750439
v 0.00381481 0.00399363 0.01722334
v 0.00381481 0.00418454 0.01776720
v 0.00381481 0.00435351 0.01800229
v 0.00381481 0.00456391 0.01820115
v 0.00381481 0.00480815 0.01835660
v 0.00381481 0.00507739 0.01846302
v 0.00381481 0.00536190 0.01851656
v 0.00381481 0.00565141 0.01851529
v 0.00381481 0.00593545 0.01845925
v 0.00381481 0.00620374 0.01835047
v 0.00381481 0.00644660 0.01819288
v 0.00381481 0.00665525 0.01799218
v 0.00381481 0.00682215 0.01775562
v 0.00381481 0.00694126 0.01749175
v 0.00381481 0.00700827 0.01721010
v 0.00381481 0.00702078 0.01692086
v 0.00381481 0.00697832 0.01663448
v 0.00381481 0.00688243 0.01636131
v 0.00381481 0.00673657 0.01611123
v 0.00381481 0.00654603 0.01589327
v 0.00381481 0.00631767 0.01571530
v 0.00381481 0.00605977 0.01558378
v 0.00381481 0.00578163 0.01550343
v 0.00381481 0.00549331 0.01547718
v 0.00381481 0.00520524 0.01550596
v 0.00381481 0.00492782 0.01558875
v 0.00381481 0.00467107 0.01572254
v 0.00381481 0.00444429 0.01590250
v 0.00381481 0.00425567 0.01612213
v 0.00381481 0.00411201 0.01637348
v 0.00381481 0.00401853 0.01664748
v 0.00381481 0.00397859 0.01693422
v 0.00391213 0.00395526 0.01663243
v 0.00391213 0.00405274 0.01634672
v 0.00391213 0.00420253 0.01608464
v 0.00391213 0.00439921 0.01585563
v 0.00391213 0.00463568 0.01566798
v 0.00391213 0.00490338 0.01552848
v 0.00391213 0.00519265 0.01544216
v 0.00391213 0.00549303 0.01541215
v 0.00391213 0.00579366 0.01543952
v 0.00391213 0.00608367 0.01552330
v 0.00391213 0.00635259 0.01566044
v 0.00391213 0.00659070 0.01584600
v 0.00391213 0.00678938 0.01607328
v 0.00391213 0.00694146 0.01633404
v 0.00391213 0.00704145 0.01661887
v 0.00391213 0.00708572 0.01691748
v 0.00391213 0.00707268 0.01721907
v 0.00391213 0.00700280 0.01751275
v 0.00391213 0.00687861 0.01778789
v 0.00391213 0.00670459 0.01803455
v 0.00391213 0.00648703 0.01824383
v 0.00391213 0.00623379 0.01840814
v 0.00391213 0.00595404 0.01852157
v 0.00391213 0.00565788 0.01858000
v 0.00391213 0.00535601 0.01858133
v 0.00391213 0.00505934 0.01852550
v 0.00391213 0.00477860 0.01841453
v 0.00391213 0.00452394 0.01825245
v 0.00391213 0.00430455 0.01804509
v 0.00391213 0.00412837 0.01779997
v 0.00391213 0.00400176 0.01752593
v 0.00391213 0.00392930 0.01723288
v 0.00391213 0.00391361 0.01693141
v 0.00397716 0.00386058 0.01660990
v 0.00397716 0.00396403 0.01630668
v 0.00397716 0.00412300 0.01602853
v 0.00397716 0.00433174 0.01578549
v 0.00397716 0.00458270 0.01558634
v 0.00397716 0.00486681 0.01543828
v 0.00397716 0.00517381 0.01534668
v 0.00397716 0.00549260 0.01531482
v 0.00397716 0.00581165 0.01534387
v 0.00397716 0.00611945 0.01543278
v 0.00397716 0.00640485 0.01557834
v 0.00397716 0.00665755 0.01577527
v 0.00397716 0.00686841 0.01601647
v 0.00397716 0.00702982 0.01629322
v 0.00397716 0.00713593 0.01659551
v 0.00397716 0.00718292 0.01691242
v 0.00397716 0.00716908 0.01723250
v 0.00397716 0.00709492 0.01754417
v 0.00397716 0.00696311 0.01783618
v 0.00397716 0.00677842 0.01809796
v 0.00397716 0.00654753 0.01832006
v 0.00397716 0.00627877 0.01849446
v 0.00397716 0.00598187 0.01861483
v 0.00397716 0.00566755 0.01867685
v 0.00397716 0.00534718 0.01867825
v 0.00397716 0.00503233 0.01861900
v 0.00397716 0.00473438 0.01850124
v 0.00397716 0.00446411 0.01832921
v 0.00397716 0.00423127 0.01810915
v 0.00397716 0.00404429 0.01784900
v 0.00397716 0.00390993 0.01755816
v 0.00397716 0.00383303 0.01724715
v 0.00397716 0.00381638 0.01692721
v 0.00400000 0.00374889 0.01658332
v 0.00400000 0.00385939 0.01625945
v 0.00400000 0.00402919 0.01596235
v 0.00400000 0.00425215 0.01570275
v 0.00400000 0.00452021 0.01549003
v 0.00400000 0.00482367 0.01533189
v 0.00400000 0.00515159 0.01523404
v 0.00400000 0.00549209 0.01520002
v 0.00400000 0.00583289 0.01523105
v 0.00400000 0.00616165 0.01532602
v 0.00400000 0.00646649 0.01548148
v 0.00400000 0.00673641 0.01569184
v 0.00400000 0.00696164 0.01594947
v 0.00400000 0.00713404 0.01624507
v 0.00400000 0.00724738 0.01656795
v 0.00400000 0.00729757 0.01690646
v 0.00400000 0.00728279 0.01724834
v 0.00400000 0.00720357 0.01758125
v 0.00400000 0.00706278 0.01789314
v 0.00400000 0.00686551 0.01817276
v 0.00400000 0.00661889 0.01841000
v 0.00400000 0.00633183 0.01859627
v 0.00400000 0.00601470 0.01872484
v 0.00400000 0.00567897 0.01879108
v 0.00400000 0.00533677 0.01879258
v 0.00400000 0.00500047 0.01872930
v 0.00400000 0.00468223 0.01860351
v 0.00400000 0.00439354 0.01841977
v 0.00400000 0.00414484 0.01818471
v 0.00400000 0.00394512 0.01790684
v 0.00400000 0.00380160 0.01759619
v 0.00400000 0.00371946 0.01726399
v 0.00400000 0.00370168 0.01692225
v 0.00400000 0.00830085 0.01653007
v 0.00400000 0.00833735 0.01712267
v 0.00400000 0.00814194 0.01595801
v 0.00400000 0.00786757 0.01543149
v 0.00400000 0.00748972 0.01497352
v 0.00400000 0.00702491 0.01460412
v 0.00400000 0.00649346 0.01433943
v 0.00400000 0.00591858 0.01419102
v 0.00400000 0.00532542 0.01416537
v 0.00400000 0.00473988 0.01426361
v 0.00400000 0.00418756 0.01448145
v 0.00400000 0.00369261 0.01480935
v 0.00400000 0.00327664 0.01523300
v 0.00400000 0.00295785 0.01573388
v 0.00400000 0.00275016 0.01629009
v 0.00400000 0.00266265 0.01687733
v 0.00400000 0.00269915 0.01746993
v 0.00400000 0.00285806 0.01804199
v 0.00400000 0.00313243 0.01856851
v 0.00400000 0.00351028 0.01902648
v 0.00400000 0.00397509 0.01939588
v 0.00400000 0.00450654 0.01966057
v 0.00400000 0.00508142 0.01980898
v 0.00400000 0.00567458 0.01983463
v 0.00400000 0.00626012 0.01973639
v 0.00400000 0.00681244 0.01951855
v 0.00400000 0.00730739 0.01919064
v 0.00400000 0.00772336 0.01876700
v 0.00400000 0.00804215 0.01826612
v 0.00400000 0.00824984 0.01770991
v 0.00670000 0.00267606 0.01730158
v 0.00670000 0.00275255 0.01771910
v 0.00670000 0.00269915 0.01746993
v 0.00670000 0.00308657 0.01849698
v 0.00670000 0.00313243 0.01856851
v 0.00670000 0.00289041 0.01812056
v 0.00670000 0.00285806 0.01804199
v 0.00670000 0.00333664 0.01883996
v 0.00670000 0.00351028 0.01902648
v 0.00670000 0.00363503 0.01914184
v 0.00670000 0.00397509 0.01939588
v 0.00670000 0.00434921 0.01959640
v 0.00670000 0.00450654 0.01966057
v 0.00670000 0.00474903 0.01973891
v 0.00670000 0.00508142 0.01980898
v 0.00670000 0.00516564 0.01982025
v 0.00670000 0.00558971 0.01983858
v 0.00670000 0.00601177 0.01979351
v 0.00670000 0.00567458 0.01983463
v 0.00670000 0.00642241 0.01968603
v 0.00670000 0.00626012 0.01973639
v 0.00670000 0.00717315 0.01929481
v 0.00670000 0.00681244 0.01951855
v 0.00670000 0.00749649 0.01901981
v 0.00670000 0.00730739 0.01919064
v 0.00670000 0.00800314 0.01834160
v 0.00670000 0.00804215 0.01826612
v 0.00670000 0.00777522 0.01869969
v 0.00670000 0.00772336 0.01876700
v 0.00670000 0.00817514 0.01795355
v 0.00670000 0.00824984 0.01770991
v 0.00670000 0.00828737 0.01754419
v 0.00670000 0.00833735 0.01712267
v 0.00670000 0.00832394 0.01669842
v 0.00670000 0.00830085 0.01653007
v 0.00670000 0.00824745 0.01628090
v 0.00670000 0.00814194 0.01595801
v 0.00670000 0.00810959 0.01587944
v 0.00670000 0.00791343 0.01550302
v 0.00670000 0.00766336 0.01516004
v 0.00670000 0.00786757 0.01543149
v 0.00670000 0.00736497 0.01485816
v 0.00670000 0.00748972 0.01497352
v 0.00670000 0.00665079 0.01440360
v 0.00670000 0.00702491 0.01460412
v 0.00670000 0.00625097 0.01426109
v 0.00670000 0.00649346 0.01433943
v 0.00670000 0.00541029 0.01416142
v 0.00670000 0.00532542 0.01416537
v 0.00670000 0.00583437 0.01417975
v 0.00670000 0.00591858 0.01419102
v 0.00670000 0.00498823 0.01420649
v 0.00670000 0.00473988 0.01426361
v 0.00670000 0.00457759 0.01431397
v 0.00670000 0.00418756 0.01448145
v 0.00670000 0.00382685 0.01470519
v 0.00670000 0.00369261 0.01480935
v 0.00670000 0.00350351 0.01498019
v 0.00670000 0.00327664 0.01523300
v 0.00670000 0.00322478 0.01530031
v 0.00670000 0.00299686 0.01565840
v 0.00670000 0.00282486 0.01604645
v 0.00670000 0.00295785 0.01573388
v 0.00670000 0.00266265 0.01687733
v 0.00670000 0.00271262 0.01645581
v 0.00670000 0.00275016 0.01629009
v 0.00681481 0.00365003 0.01912462
v 0.00681481 0.00335403 0.01882517
v 0.00681481 0.00310597 0.01848494
v 0.00681481 0.00291139 0.01811155
v 0.00681481 0.00398735 0.01937662
v 0.00681481 0.00435846 0.01957552
v 0.00681481 0.00475507 0.01971689
v 0.00681481 0.00516832 0.01979757
v 0.00681481 0.00558898 0.01981576
v 0.00681481 0.00600766 0.01977105
v 0.00681481 0.00641499 0.01966443
v 0.00681481 0.00680188 0.01949830
v 0.00681481 0.00715970 0.01927636
v 0.00681481 0.00748043 0.01900357
v 0.00681481 0.00775693 0.01868603
v 0.00681481 0.00798301 0.01833082
v 0.00681481 0.00815362 0.01794588
v 0.00681481 0.00826496 0.01753981
v 0.00681481 0.00831454 0.01712169
v 0.00681481 0.00830123 0.01670084
v 0.00681481 0.00822536 0.01628668
v 0.00681481 0.00808861 0.01588845
v 0.00681481 0.00789403 0.01551506
v 0.00681481 0.00764597 0.01517483
v 0.00681481 0.00734997 0.01487538
v 0.00681481 0.00701265 0.01462338
v 0.00681481 0.00664154 0.01442448
v 0.00681481 0.00624493 0.01428311
v 0.00681481 0.00583168 0.01420243
v 0.00681481 0.00541102 0.01418424
v 0.00681481 0.00499234 0.01422895
v 0.00681481 0.00458501 0.01433557
v 0.00681481 0.00419812 0.01450170
v 0.00681481 0.00384030 0.01472364
v 0.00681481 0.00351957 0.01499643
v 0.00681481 0.00324307 0.01531397
v 0.00681481 0.00301699 0.01566918
v 0.00681481 0.00284638 0.01605412
v 0.00681481 0.00273504 0.01646019
v 0.00681481 0.00268547 0.01687831
v 0.00681481 0.00269877 0.01729916
v 0.00681481 0.00277464 0.01771332
v 0.00691213 0.00279886 0.01647265
v 0.00691213 0.00290763 0.01607596
v 0.00691213 0.00307431 0.01569990
v 0.00691213 0.00329517 0.01535289
v 0.00691213 0.00356528 0.01504268
v 0.00691213 0.00387862 0.01477619
v 0.00691213 0.00422817 0.01455937
v 0.00691213 0.00460613 0.01439707
v 0.00691213 0.00500406 0.01429292
v 0.00691213 0.00541307 0.01424924
v 0.00691213 0.00582402 0.01426701
v 0.00691213 0.00622773 0.01434583
v 0.00691213 0.00661519 0.01448393
v 0.00691213 0.00697773 0.01467825
v 0.00691213 0.00730727 0.01492442
v 0.00691213 0.00759643 0.01521697
v 0.00691213 0.00783876 0.01554934
v 0.00691213 0.00802885 0.01591411
v 0.00691213 0.00816245 0.01630315
v 0.00691213 0.00823657 0.01670775
v 0.00691213 0.00824956 0.01711888
v 0.00691213 0.00820114 0.01752735
v 0.00691213 0.00809237 0.01792404
v 0.00691213 0.00792569 0.01830010
v 0.00691213 0.00770483 0.01864710
v 0.00691213 0.00743472 0.01895732
v 0.00691213 0.00712138 0.01922381
v 0.00691213 0.00677183 0.01944063
v 0.00691213 0.00639387 0.01960293
v 0.00691213 0.00599594 0.01970708
v 0.00691213 0.00558693 0.01975076
v 0.00691213 0.00517598 0.01973299
v 0.00691213 0.00477227 0.01965417
v 0.00691213 0.00438481 0.01951607
v 0.00691213 0.00402227 0.01932175
v 0.00691213 0.00369273 0.01907558
v 0.00691213 0.00340357 0.01878303
v 0.00691213 0.00316124 0.01845066
v 0.00691213 0.00297115 0.01808589
v 0.00691213 0.00283755 0.01769685
v 0.00691213 0.00276343 0.01729225
v 0.00691213 0.00275044 0.01688112
v 0.00697716 0.00289439 0.01649130
v 0.00697716 0.00299931 0.01610863
v 0.00697716 0.00316009 0.01574588
v 0.00697716 0.00337314 0.01541114
v 0.00697716 0.00363370 0.01511190
v 0.00697716 0.00393596 0.01485483
v 0.00697716 0.00427315 0.01464568
v 0.00697716 0.00463774 0.01448912
v 0.00697716 0.00502160 0.01438866
v 0.00697716 0.00541614 0.01434652
v 0.00697716 0.00581256 0.01436366
v 0.00697716 0.00620200 0.01443969
v 0.00697716 0.00657575 0.01457291
v 0.00697716 0.00692547 0.01476035
v 0.00697716 0.00724335 0.01499783
v 0.00697716 0.00752229 0.01528002
v 0.00697716 0.00775605 0.01560064
v 0.00697716 0.00793942 0.01595251
v 0.00697716 0.00806829 0.01632779
v 0.00697716 0.00813979 0.01671808
v 0.00697716 0.00815233 0.01711467
v 0.00697716 0.00810561 0.01750870
v 0.00697716 0.00800069 0.01789137
v 0.00697716 0.00783991 0.01825412
v 0.00697716 0.00762686 0.01858886
v 0.00697716 0.00736630 0.01888810
v 0.00697716 0.00706404 0.01914517
v 0.00697716 0.00672685 0.01935432
v 0.00697716 0.00636226 0.01951088
v 0.00697716 0.00597840 0.01961135
v 0.00697716 0.00558386 0.01965348
v 0.00697716 0.00518744 0.01963634
v 0.00697716 0.00479800 0.01956031
v 0.00697716 0.00442425 0.01942709
v 0.00697716 0.00407453 0.01923965
v 0.00697716 0.00375665 0.01900217
v 0.00697716 0.00347771 0.01871998
v 0.00697716 0.00324395 0.01839936
v 0.00697716 0.00306058 0.01804749
v 0.00697716 0.00293171 0.01767221
v 0.00697716 0.00286021 0.01728192
v 0.00697716 0.00284767 0.01688533
v 0.00700000 0.00300707 0.01651330
v 0.00700000 0.00310745 0.01614718
v 0.00700000 0.00326128 0.01580011
v 0.00700000 0.00346512 0.01547985
v 0.00700000 0.00371441 0.01519355
v 0.00700000 0.00400359 0.01494760
v 0.00700000 0.00432620 0.01474749
v 0.00700000 0.00467503 0.01459770
v 0.00700000 0.00504229 0.01450158
v 0.00700000 0.00541977 0.01446127
v 0.00700000 0.00579904 0.01447767
v 0.00700000 0.00617164 0.01455041
v 0.00700000 0.00652923 0.01467787
v 0.00700000 0.00686383 0.01485721
v 0.00700000 0.00716796 0.01508441
v 0.00700000 0.00743484 0.01535440
v 0.00700000 0.00765849 0.01566115
v 0.00700000 0.00783393 0.01599781
v 0.00700000 0.00795723 0.01635686
v 0.00700000 0.00802564 0.01673028
v 0.00700000 0.00803763 0.01710971
v 0.00700000 0.00799293 0.01748670
v 0.00700000 0.00789255 0.01785282
v 0.00700000 0.00773872 0.01819989
v 0.00700000 0.00753488 0.01852015
v 0.00700000 0.00728559 0.01880645
v 0.00700000 0.00699641 0.01905240
v 0.00700000 0.00667380 0.01925251
v 0.00700000 0.00632497 0.01940230
v 0.00700000 0.00595771 0.01949842
v 0.00700000 0.00558023 0.01953873
v 0.00700000 0.00520096 0.01952234
v 0.00700000 0.00482836 0.01944959
v 0.00700000 0.00447077 0.01932213
v 0.00700000 0.00413617 0.01914279
v 0.00700000 0.00383204 0.01891559
v 0.00700000 0.00356516 0.01864560
v 0.00700000 0.00334151 0.01833885
v 0.00700000 0.00316607 0.01800219
v 0.00700000 0.00304277 0.01764314
v 0.00700000 0.00297436 0.01726972
v 0.00700000 0.00296237 0.01689029
v 0.00700000 0.00678001 0.01633298
v 0.00700000 0.00691001 0.01669143
v 0.00700000 0.00656068 0.01602108
v 0.00700000 0.00694203 0.01706235
v 0.00700000 0.00687811 0.01742912
v 0.00700000 0.00671766 0.01777501
v 0.00700000 0.00543765 0.01844203
v 0.00700000 0.00506223 0.01837539
v 0.00700000 0.00581743 0.01840804
v 0.00700000 0.00421999 0.01766702
v 0.00700000 0.00443932 0.01797892
v 0.00700000 0.00647224 0.01806681
v 0.00700000 0.00616702 0.01828001
v 0.00700000 0.00472499 0.01821766
v 0.00700000 0.00428234 0.01622499
v 0.00700000 0.00452776 0.01593319
v 0.00700000 0.00412189 0.01657088
v 0.00700000 0.00408999 0.01730857
v 0.00700000 0.00405797 0.01693765
v 0.00700000 0.00483298 0.01571999
v 0.00700000 0.00556235 0.01555797
v 0.00700000 0.00518257 0.01559196
v 0.00700000 0.00593777 0.01562461
v 0.00700000 0.00627501 0.01578234
v 0.00691571 0.00473193 0.01587876
v 0.00681842 0.00453791 0.01618360
v 0.00685182 0.00462758 0.01604271
v 0.00681824 0.00435377 0.01647291
v 0.00680662 0.00444548 0.01632882
v 0.00691603 0.00415859 0.01677957
v 0.00685182 0.00426337 0.01661494
v 0.00691587 0.00608739 0.01577423
v 0.00681837 0.00572557 0.01575859
v 0.00685182 0.00589283 0.01576582
v 0.00681827 0.00538316 0.01574378
v 0.00680662 0.00555399 0.01575117
v 0.00691627 0.00501956 0.01572806
v 0.00685182 0.00521516 0.01573652
v 0.00691571 0.00685506 0.01689545
v 0.00681842 0.00668807 0.01657500
v 0.00685182 0.00676525 0.01672311
v 0.00681824 0.00652959 0.01627088
v 0.00680662 0.00660852 0.01642234
v 0.00691603 0.00636161 0.01594852
v 0.00685182 0.00645179 0.01612158
v 0.00691571 0.00626807 0.01812124
v 0.00681842 0.00646209 0.01781640
v 0.00685182 0.00637242 0.01795729
v 0.00681824 0.00664623 0.01752709
v 0.00680662 0.00655452 0.01767118
v 0.00691603 0.00684141 0.01722043
v 0.00685182 0.00673663 0.01738506
v 0.00691587 0.00491261 0.01822577
v 0.00681837 0.00527443 0.01824141
v 0.00685182 0.00510717 0.01823418
v 0.00681827 0.00561684 0.01825622
v 0.00680662 0.00544601 0.01824883
v 0.00691627 0.00598044 0.01827194
v 0.00685182 0.00578484 0.01826348
v 0.00691571 0.00414494 0.01710455
v 0.00681842 0.00431193 0.01742500
v 0.00685182 0.00423475 0.01727689
v 0.00681824 0.00447041 0.01772912
v 0.00680662 0.00439148 0.01757766
v 0.00691603 0.00463839 0.01805148
v 0.00685182 0.00454821 0.01787842
v 0.00559651 0.00434431 0.01648777
v 0.00562377 0.00423264 0.01666322
v 0.00559651 0.00454664 0.01616988
v 0.00562380 0.00465841 0.01599428
v 0.00566908 0.00477169 0.01581629
v 0.00570000 0.00483298 0.01571999
v 0.00566768 0.00412225 0.01683666
v 0.00570000 0.00405797 0.01693765
v 0.00570000 0.00627501 0.01578234
v 0.00562191 0.00593921 0.01576782
v 0.00559701 0.00574799 0.01575955
v 0.00558835 0.00555399 0.01575117
v 0.00559702 0.00535984 0.01574277
v 0.00562191 0.00516878 0.01573451
v 0.00559651 0.00652145 0.01625526
v 0.00562377 0.00642534 0.01607082
v 0.00559651 0.00669559 0.01658943
v 0.00562380 0.00679178 0.01677402
v 0.00566908 0.00688928 0.01696111
v 0.00570000 0.00694203 0.01706235
v 0.00566768 0.00633033 0.01588851
v 0.00570000 0.00616702 0.01828001
v 0.00562191 0.00634749 0.01799645
v 0.00559700 0.00645034 0.01783487
v 0.00558835 0.00655452 0.01767118
v 0.00559699 0.00665867 0.01750755
v 0.00562191 0.00676156 0.01734590
v 0.00559651 0.00563424 0.01825697
v 0.00562385 0.00584247 0.01826597
v 0.00559651 0.00525778 0.01824070
v 0.00562381 0.00504977 0.01823170
v 0.00566908 0.00483904 0.01822259
v 0.00570000 0.00472499 0.01821766
v 0.00566768 0.00604741 0.01827483
v 0.00562191 0.00421330 0.01723572
v 0.00559700 0.00430181 0.01740558
v 0.00558835 0.00439148 0.01757766
v 0.00559699 0.00448111 0.01774966
v 0.00562191 0.00456967 0.01791959
v 0.00507500 0.00564238 0.01733157
v 0.00507500 0.00571596 0.01671091
v 0.00507500 0.00562116 0.01666010
v 0.00507500 0.00540863 0.01665092
v 0.00507500 0.00551559 0.01663949
v 0.00507500 0.00584800 0.01709542
v 0.00507500 0.00586066 0.01698860
v 0.00507500 0.00584128 0.01688280
v 0.00507500 0.00579157 0.01678741
v 0.00507500 0.00573378 0.01727487
v 0.00507500 0.00580441 0.01719375
v 0.00507500 0.00553832 0.01735880
v 0.00507500 0.00524337 0.01725367
v 0.00507500 0.00532954 0.01731804
v 0.00507500 0.00543086 0.01735416
v 0.00507500 0.00548441 0.01736051
v 0.00507500 0.00514167 0.01695752
v 0.00507500 0.00514506 0.01706502
v 0.00507500 0.00518000 0.01716676
v 0.00507500 0.00530980 0.01669336
v 0.00507500 0.00522786 0.01676304
v 0.00507500 0.00517011 0.01685378
v 0.00507500 0.00550000 0.01700000
f 1 2 3
f 4 5 6
f 3 5 4
f 7 3 4
f 1 3 7
f 8 1 7
f 9 10 11
f 12 10 9
f 13 12 9
f 14 12 13
f 15 14 13
f 11 16 9
f 17 16 11
f 1 17 11
f 18 17 1
f 8 18 1
f 19 20 21
f 22 20 19
f 23 21 24
f 19 21 23
f 25 19 23
f 26 19 25
f 27 28 29
f 29 30 27
f 31 30 29
f 32 31 29
f 33 31 32
f 34 33 32
f 35 36 37
f 38 36 35
f 39 38 35
f 34 40 33
f 41 40 34
f 42 41 34
f 43 44 45
f 46 44 43
f 28 46 43
f 47 46 28
f 27 47 28
f 42 48 41
f 49 48 42
f 50 49 42
f 51 49 50
f 52 51 50
f 35 53 39
f 54 53 35
f 43 54 35
f 55 54 43
f 45 55 43
f 50 56 52
f 57 56 50
f 35 57 50
f 58 57 35
f 37 58 35
f 59 60 61
f 50 62 63
f 64 62 50
f 65 64 50
f 66 67 68
f 69 67 66
f 70 69 66
f 70 71 69
f 72 71 70
f 73 72 70
f 73 74 72
f 75 74 73
f 59 75 73
f 76 75 59
f 61 76 59
f 65 77 64
f 78 77 65
f 68 78 65
f 79 78 68
f 67 79 68
f 80 35 81
f 59 35 80
f 82 59 80
f 60 59 82
f 35 83 81
f 84 83 35
f 85 84 35
f 35 86 85
f 87 86 35
f 50 87 35
f 88 87 50
f 63 88 50
f 89 90 91
f 91 92 89
f 93 92 91
f 94 93 91
f 95 93 94
f 96 95 94
f 59 97 98
f 99 100 101
f 102 100 99
f 103 102 99
f 104 102 103
f 96 105 95
f 106 105 96
f 107 106 96
f 108 109 110
f 111 109 108
f 101 111 108
f 112 111 101
f 100 112 101
f 59 113 35
f 114 113 59
f 115 114 59
f 59 116 115
f 117 116 59
f 118 117 59
f 59 119 97
f 120 119 59
f 90 120 59
f 121 120 90
f 89 121 90
f 107 122 106
f 123 122 107
f 108 123 107
f 124 123 108
f 110 124 108
f 104 125 102
f 126 125 104
f 127 126 104
f 128 126 127
f 129 128 127
f 130 128 129
f 98 130 129
f 59 131 118
f 132 131 59
f 98 132 59
f 133 132 98
f 129 133 98
f 43 134 135
f 136 134 43
f 43 137 136
f 138 137 43
f 139 138 43
f 43 140 141
f 142 140 43
f 35 142 43
f 143 142 35
f 113 143 35
f 144 145 146
f 147 145 144
f 148 145 147
f 149 145 148
f 101 149 148
f 135 150 151
f 152 150 135
f 134 152 135
f 101 153 149
f 154 153 101
f 108 154 101
f 155 154 108
f 156 155 108
f 108 157 156
f 158 157 108
f 159 158 108
f 160 144 146
f 161 144 160
f 162 161 160
f 163 161 162
f 139 163 162
f 43 164 165
f 166 164 43
f 141 166 43
f 159 167 158
f 168 167 159
f 169 168 159
f 169 170 168
f 171 170 169
f 172 171 169
f 173 171 172
f 151 173 172
f 174 173 151
f 150 174 151
f 139 175 163
f 176 175 139
f 43 176 139
f 177 176 43
f 165 177 43
f 178 179 180
f 181 182 183
f 184 182 181
f 184 185 186
f 187 188 181
f 189 188 187
f 190 189 187
f 186 191 192
f 184 193 185
f 194 193 184
f 181 194 184
f 195 194 181
f 188 195 181
f 187 196 190
f 197 196 187
f 192 197 187
f 198 197 192
f 191 198 192
f 199 200 178
f 201 200 199
f 178 202 203
f 204 205 192
f 206 178 203
f 192 207 204
f 208 207 192
f 187 208 192
f 209 208 187
f 187 210 209
f 211 210 187
f 212 211 187
f 199 213 214
f 215 213 199
f 178 215 199
f 216 215 178
f 206 216 178
f 217 199 214
f 187 199 217
f 218 187 217
f 212 187 218
f 219 212 218
f 220 212 219
f 221 220 219
f 222 220 221
f 223 222 221
f 224 222 223
f 202 224 223
f 225 224 202
f 178 225 202
f 192 226 227
f 228 192 227
f 178 205 225
f 192 205 178
f 180 192 178
f 226 192 180
f 229 192 228
f 230 192 229
f 231 230 229
f 180 232 226
f 233 232 180
f 234 233 180
f 235 233 234
f 235 236 237
f 238 236 235
f 234 238 235
f 239 240 241
f 242 240 239
f 230 242 239
f 243 242 230
f 231 243 230
f 235 239 241
f 244 239 235
f 237 244 235
f 245 246 184
f 247 248 249
f 192 184 186
f 250 184 192
f 251 250 192
f 252 248 247
f 253 248 252
f 245 253 252
f 254 253 245
f 184 254 245
f 255 254 184
f 250 255 184
f 249 256 247
f 257 256 249
f 258 257 249
f 259 257 258
f 260 259 258
f 261 259 260
f 262 261 260
f 230 261 262
f 263 230 262
f 192 230 263
f 264 192 263
f 251 192 264
f 265 266 267
f 268 266 265
f 269 268 265
f 270 268 269
f 271 270 269
f 272 270 271
f 273 272 271
f 274 272 273
f 275 274 273
f 276 274 275
f 277 276 275
f 278 276 277
f 279 278 277
f 280 278 279
f 281 280 279
f 282 280 281
f 283 282 281
f 284 282 283
f 285 284 283
f 286 284 285
f 287 286 285
f 288 286 287
f 267 288 287
f 266 288 267
f 289 290 291
f 292 290 289
f 293 292 289
f 294 292 293
f 295 294 293
f 296 294 295
f 297 296 295
f 298 296 297
f 299 298 297
f 300 298 299
f 301 300 299
f 302 300 301
f 303 302 301
f 304 302 303
f 305 304 303
f 306 304 305
f 307 306 305
f 308 306 307
f 309 308 307
f 310 308 309
f 311 310 309
f 312 310 311
f 291 312 311
f 290 312 291
f 313 314 315
f 316 313 317
f 318 313 316
f 319 318 316
f 320 321 322
f 318 322 321
f 323 322 318
f 319 323 318
f 324 325 326
f 322 325 324
f 327 322 324
f 320 322 327
f 313 328 317
f 329 328 313
f 330 329 313
f 331 329 330
f 330 332 331
f 333 332 330
f 326 333 330
f 334 333 326
f 325 334 326
f 335 336 337
f 313 338 339
f 313 340 338
f 341 340 313
f 342 341 313
f 343 344 345
f 346 337 347
f 335 337 346
f 348 335 346
f 343 335 348
f 349 343 348
f 344 343 349
f 347 350 346
f 351 350 347
f 352 351 347
f 353 354 355
f 339 354 353
f 313 345 342
f 343 345 313
f 318 343 313
f 356 343 318
f 357 356 318
f 358 353 355
f 347 353 358
f 359 347 358
f 352 347 359
f 360 352 359
f 361 352 360
f 362 361 360
f 363 361 362
f 364 363 362
f 365 363 364
f 342 365 364
f 366 365 342
f 345 366 342
f 353 313 339
f 314 313 353
f 367 314 353
f 368 369 370
f 371 372 373
f 374 372 371
f 375 374 371
f 376 374 375
f 373 370 371
f 368 370 373
f 377 368 373
f 353 368 377
f 378 353 377
f 367 353 378
f 375 379 376
f 380 379 375
f 313 380 375
f 381 380 313
f 315 381 313
f 382 383 384
f 385 386 313
f 387 313 386
f 330 313 387
f 388 330 387
f 389 330 388
f 390 389 388
f 313 391 385
f 392 391 313
f 375 392 313
f 384 392 375
f 393 384 375
f 382 384 393
f 383 394 384
f 395 394 383
f 396 395 383
f 397 395 396
f 398 397 396
f 399 397 398
f 400 399 398
f 390 399 400
f 401 390 400
f 389 390 401
f 402 403 404
f 405 403 402
f 406 405 402
f 407 405 406
f 408 407 406
f 409 407 408
f 410 409 408
f 411 409 410
f 412 411 410
f 413 411 412
f 414 413 412
f 415 413 414
f 416 415 414
f 417 415 416
f 418 417 416
f 419 417 418
f 420 419 418
f 421 419 420
f 422 421 420
f 423 421 422
f 424 423 422
f 425 423 424
f 404 425 424
f 403 425 404
f 407 233 405
f 232 233 407
f 409 232 407
f 226 232 409
f 411 226 409
f 227 226 411
f 413 227 411
f 228 227 413
f 415 228 413
f 229 228 415
f 417 229 415
f 231 229 417
f 419 231 417
f 243 231 419
f 421 243 419
f 242 243 421
f 423 242 421
f 240 242 423
f 425 240 423
f 241 240 425
f 403 241 425
f 235 241 403
f 405 235 403
f 233 235 405
f 270 220 268
f 212 220 270
f 272 212 270
f 211 212 272
f 274 211 272
f 210 211 274
f 276 210 274
f 209 210 276
f 278 209 276
f 208 209 278
f 280 208 278
f 207 208 280
f 282 207 280
f 204 207 282
f 284 204 282
f 205 204 284
f 286 205 284
f 225 205 286
f 288 225 286
f 224 225 288
f 266 224 288
f 222 224 266
f 268 222 266
f 220 222 268
f 294 196 292
f 190 196 294
f 296 190 294
f 189 190 296
f 298 189 296
f 188 189 298
f 300 188 298
f 195 188 300
f 302 195 300
f 194 195 302
f 304 194 302
f 193 194 304
f 306 193 304
f 185 193 306
f 308 185 306
f 186 185 308
f 310 186 308
f 191 186 310
f 312 191 310
f 198 191 312
f 290 198 312
f 197 198 290
f 292 197 290
f 196 197 292
f 426 427 428
f 429 427 426
f 430 429 426
f 431 429 430
f 432 431 430
f 433 431 432
f 434 433 432
f 435 433 434
f 436 435 434
f 437 435 436
f 438 437 436
f 439 437 438
f 440 439 438
f 441 439 440
f 442 441 440
f 443 441 442
f 444 443 442
f 445 443 444
f 446 445 444
f 447 445 446
f 448 447 446
f 449 447 448
f 428 449 448
f 427 449 428
f 431 264 429
f 251 264 431
f 433 251 431
f 250 251 433
f 435 250 433
f 255 250 435
f 437 255 435
f 254 255 437
f 439 254 437
f 253 254 439
f 441 253 439
f 248 253 441
f 443 248 441
f 249 248 443
f 445 249 443
f 258 249 445
f 447 258 445
f 260 258 447
f 449 260 447
f 262 260 449
f 427 262 449
f 263 262 427
f 429 263 427
f 264 263 429
f 273 339 275
f 354 339 273
f 271 354 273
f 355 354 271
f 269 355 271
f 358 355 269
f 265 358 269
f 359 358 265
f 267 359 265
f 360 359 267
f 287 360 267
f 362 360 287
f 285 362 287
f 364 362 285
f 283 364 285
f 342 364 283
f 281 342 283
f 341 342 281
f 279 341 281
f 340 341 279
f 277 340 279
f 338 340 277
f 275 338 277
f 339 338 275
f 297 372 299
f 373 372 297
f 295 373 297
f 377 373 295
f 293 377 295
f 378 377 293
f 289 378 293
f 367 378 289
f 291 367 289
f 314 367 291
f 311 314 291
f 315 314 311
f 309 315 311
f 381 315 309
f 307 381 309
f 380 381 307
f 305 380 307
f 379 380 305
f 303 379 305
f 376 379 303
f 301 376 303
f 374 376 301
f 299 374 301
f 372 374 299
f 434 394 436
f 384 394 434
f 432 384 434
f 392 384 432
f 430 392 432
f 391 392 430
f 426 391 430
f 385 391 426
f 428 385 426
f 386 385 428
f 448 386 428
f 387 386 448
f 446 387 448
f 388 387 446
f 444 388 446
f 390 388 444
f 442 390 444
f 399 390 442
f 440 399 442
f 397 399 440
f 438 397 440
f 395 397 438
f 436 395 438
f 394 395 436
f 410 328 412
f 317 328 410
f 408 317 410
f 316 317 408
f 406 316 408
f 319 316 406
f 402 319 406
f 323 319 402
f 404 323 402
f 322 323 404
f 424 322 404
f 325 322 424
f 422 325 424
f 334 325 422
f 420 334 422
f 333 334 420
f 418 333 420
f 332 333 418
f 416 332 418
f 331 332 416
f 414 331 416
f 329 331 414
f 412 329 414
f 328 329 412
f 200 450 451
f 452 450 200
f 201 452 200
f 450 453 454
f 455 453 450
f 456 457 458
f 459 460 461
f 462 451 463
f 464 451 462
f 451 465 463
f 466 465 451
f 450 466 451
f 467 466 450
f 454 467 450
f 468 469 470
f 471 469 468
f 472 459 461
f 473 459 472
f 474 473 472
f 475 476 477
f 478 476 475
f 464 478 475
f 479 478 464
f 462 479 464
f 455 457 456
f 480 457 455
f 450 480 455
f 458 481 456
f 482 481 458
f 483 482 458
f 470 482 483
f 484 470 483
f 468 470 484
f 485 468 484
f 486 468 485
f 471 487 469
f 488 487 471
f 460 488 471
f 489 488 460
f 459 489 460
f 474 490 473
f 491 490 474
f 477 491 474
f 492 491 477
f 476 492 477
f 493 494 182
f 182 495 183
f 496 495 182
f 494 496 182
f 497 496 494
f 486 498 468
f 499 498 486
f 500 499 486
f 501 499 500
f 502 501 500
f 503 501 502
f 497 503 502
f 504 503 497
f 494 504 497
f 182 505 493
f 506 505 182
f 507 506 182
f 507 508 506
f 509 508 507
f 510 509 507
f 474 511 512
f 513 511 474
f 472 513 474
f 510 514 509
f 515 514 510
f 516 515 510
f 517 515 516
f 518 517 516
f 518 519 517
f 520 519 518
f 512 520 518
f 521 520 512
f 511 521 512
f 522 523 524
f 525 523 522
f 526 527 528
f 529 527 526
f 530 531 532
f 533 534 535
f 533 536 537
f 532 536 533
f 535 532 533
f 530 532 535
f 538 539 540
f 382 540 383
f 538 540 382
f 541 538 382
f 542 538 541
f 357 543 544
f 545 543 357
f 357 546 545
f 547 546 357
f 318 547 357
f 343 548 335
f 549 548 343
f 356 549 343
f 353 550 368
f 551 550 353
f 347 551 353
f 552 371 553
f 375 371 552
f 393 375 552
f 554 555 556
f 557 555 554
f 558 557 554
f 559 557 558
f 560 559 558
f 561 559 560
f 562 561 560
f 563 561 562
f 564 563 562
f 565 563 564
f 566 565 564
f 567 565 566
f 568 567 566
f 569 567 568
f 570 569 568
f 571 569 570
f 572 571 570
f 573 571 572
f 574 573 572
f 575 573 574
f 576 575 574
f 577 575 576
f 556 577 576
f 555 577 556
f 559 349 557
f 344 349 559
f 561 344 559
f 345 344 561
f 563 345 561
f 366 345 563
f 565 366 563
f 365 366 565
f 567 365 565
f 363 365 567
f 569 363 567
f 361 363 569
f 571 361 569
f 352 361 571
f 573 352 571
f 351 352 573
f 575 351 573
f 350 351 575
f 577 350 575
f 346 350 577
f 555 346 577
f 348 346 555
f 557 348 555
f 349 348 557
f 578 546 547
f 579 578 547
f 580 578 579
f 581 580 579
f 582 580 581
f 583 582 581
f 584 582 583
f 585 584 583
f 527 584 585
f 528 527 585
f 586 529 526
f 587 586 526
f 588 586 587
f 589 588 587
f 590 588 589
f 591 590 589
f 592 590 591
f 593 592 591
f 539 592 593
f 540 539 593
f 337 551 347
f 594 551 337
f 336 594 337
f 595 594 336
f 335 595 336
f 548 595 335
f 370 553 371
f 596 553 370
f 369 596 370
f 597 596 369
f 368 597 369
f 550 597 368
f 598 599 600
f 601 602 603
f 604 605 606
f 607 608 609
f 610 611 612
f 603 611 610
f 613 603 610
f 601 603 613
f 614 615 616
f 611 615 614
f 617 611 614
f 612 611 617
f 600 618 598
f 619 618 600
f 620 619 600
f 621 619 620
f 602 621 620
f 622 621 602
f 601 622 602
f 623 3 624
f 625 3 623
f 626 627 607
f 614 627 626
f 628 627 614
f 616 628 614
f 611 629 615
f 630 629 611
f 631 630 611
f 631 632 630
f 633 632 631
f 634 633 631
f 635 633 634
f 636 635 634
f 3 637 624
f 638 637 3
f 639 638 3
f 640 609 608
f 641 609 640
f 605 641 640
f 642 641 605
f 604 642 605
f 643 10 12
f 636 644 635
f 645 644 636
f 625 645 636
f 646 645 625
f 623 646 625
f 12 647 643
f 648 647 12
f 599 648 12
f 649 648 599
f 598 649 599
f 607 650 626
f 651 650 607
f 609 651 607
f 652 651 609
f 653 652 609
f 654 652 653
f 647 655 643
f 656 655 647
f 657 656 647
f 658 656 657
f 659 604 606
f 660 604 659
f 661 660 659
f 662 660 661
f 639 662 661
f 663 662 639
f 3 663 639
f 664 663 3
f 2 664 3
f 654 665 652
f 666 665 654
f 667 666 654
f 668 666 667
f 656 668 667
f 669 668 656
f 658 669 656
f 670 671 672
f 673 671 670
f 674 675 676
f 677 675 674
f 678 679 680
f 681 679 678
f 682 683 684
f 685 686 687
f 685 676 675
f 684 676 685
f 687 684 685
f 682 684 687
f 688 689 690
f 691 689 688
f 692 688 693
f 691 688 692
f 677 691 692
f 674 691 677
f 694 695 696
f 697 695 694
f 698 699 700
f 701 699 698
f 702 701 698
f 703 701 702
f 704 703 702
f 705 703 704
f 706 705 704
f 707 705 706
f 708 707 706
f 709 707 708
f 710 709 708
f 711 709 710
f 712 711 710
f 713 711 712
f 714 713 712
f 715 713 714
f 716 715 714
f 717 715 716
f 718 717 716
f 719 717 718
f 720 719 718
f 721 719 720
f 722 721 720
f 723 721 722
f 724 723 722
f 725 723 724
f 726 725 724
f 727 725 726
f 728 727 726
f 729 727 728
f 730 729 728
f 731 729 730
f 732 731 730
f 733 731 732
f 734 733 732
f 735 733 734
f 736 735 734
f 737 735 736
f 738 737 736
f 739 737 738
f 740 739 738
f 741 739 740
f 742 741 740
f 743 741 742
f 744 743 742
f 745 743 744
f 700 745 744
f 699 745 700
f 746 747 748
f 749 747 746
f 750 749 746
f 751 749 750
f 752 751 750
f 753 751 752
f 754 753 752
f 755 753 754
f 756 755 754
f 757 755 756
f 758 757 756
f 759 757 758
f 760 759 758
f 761 759 760
f 762 761 760
f 763 761 762
f 764 763 762
f 765 763 764
f 766 765 764
f 767 765 766
f 768 767 766
f 769 767 768
f 770 769 768
f 771 769 770
f 772 771 770
f 773 771 772
f 774 773 772
f 775 773 774
f 776 775 774
f 777 775 776
f 778 777 776
f 779 777 778
f 780 779 778
f 781 779 780
f 782 781 780
f 783 781 782
f 784 783 782
f 785 783 784
f 786 785 784
f 787 785 786
f 788 787 786
f 789 787 788
f 790 789 788
f 791 789 790
f 792 791 790
f 793 791 792
f 748 793 792
f 747 793 748
f 794 795 796
f 797 795 794
f 798 797 794
f 799 797 798
f 800 799 798
f 801 799 800
f 802 801 800
f 803 801 802
f 804 803 802
f 805 803 804
f 806 805 804
f 807 805 806
f 808 807 806
f 809 807 808
f 810 809 808
f 811 809 810
f 812 811 810
f 813 811 812
f 814 813 812
f 815 813 814
f 816 815 814
f 817 815 816
f 818 817 816
f 819 817 818
f 820 819 818
f 821 819 820
f 822 821 820
f 823 821 822
f 824 823 822
f 825 823 824
f 826 825 824
f 827 825 826
f 828 827 826
f 829 827 828
f 830 829 828
f 831 829 830
f 832 831 830
f 833 831 832
f 834 833 832
f 835 833 834
f 836 835 834
f 837 835 836
f 838 837 836
f 839 837 838
f 840 839 838
f 841 839 840
f 796 841 840
f 795 841 796
f 842 843 844
f 845 843 842
f 846 845 842
f 847 845 846
f 848 847 846
f 849 847 848
f 850 849 848
f 851 849 850
f 852 851 850
f 853 851 852
f 854 853 852
f 855 853 854
f 856 855 854
f 857 855 856
f 858 857 856
f 859 857 858
f 860 859 858
f 861 859 860
f 862 861 860
f 863 861 862
f 864 863 862
f 865 863 864
f 866 865 864
f 867 865 866
f 868 867 866
f 869 867 868
f 870 869 868
f 871 869 870
f 872 871 870
f 873 871 872
f 874 873 872
f 875 873 874
f 876 875 874
f 877 875 876
f 878 877 876
f 879 877 878
f 880 879 878
f 881 879 880
f 882 881 880
f 883 881 882
f 884 883 882
f 885 883 884
f 886 885 884
f 887 885 886
f 888 887 886
f 889 887 888
f 844 889 888
f 843 889 844
f 890 680 679
f 891 680 890
f 892 891 890
f 893 891 892
f 894 893 892
f 895 893 894
f 896 895 894
f 897 895 896
f 898 897 896
f 899 897 898
f 900 899 898
f 901 899 900
f 902 901 900
f 903 901 902
f 904 903 902
f 905 903 904
f 906 905 904
f 907 905 906
f 683 907 906
f 682 907 683
f 908 681 678
f 909 681 908
f 910 909 908
f 911 909 910
f 912 911 910
f 913 911 912
f 914 913 912
f 915 913 914
f 916 915 914
f 917 915 916
f 918 917 916
f 919 917 918
f 920 919 918
f 921 919 920
f 922 921 920
f 923 921 922
f 924 923 922
f 925 923 924
f 690 925 924
f 689 925 690
f 926 693 688
f 927 693 926
f 928 927 926
f 929 927 928
f 930 929 928
f 931 929 930
f 932 931 930
f 933 931 932
f 934 933 932
f 935 933 934
f 936 935 934
f 937 935 936
f 938 937 936
f 939 937 938
f 940 939 938
f 941 939 940
f 942 941 940
f 943 941 942
f 696 943 942
f 695 943 696
f 944 697 694
f 945 697 944
f 946 945 944
f 947 945 946
f 948 947 946
f 949 947 948
f 950 949 948
f 951 949 950
f 952 951 950
f 953 951 952
f 954 953 952
f 955 953 954
f 956 955 954
f 957 955 956
f 958 957 956
f 959 957 958
f 960 959 958
f 961 959 960
f 687 961 960
f 686 961 687
f 962 20 22
f 963 962 22
f 964 962 963
f 965 964 963
f 966 964 965
f 967 966 965
f 523 966 967
f 524 523 967
f 968 525 522
f 969 968 522
f 970 968 969
f 971 970 969
f 972 970 971
f 973 972 971
f 530 972 973
f 531 530 973
f 974 24 21
f 975 974 21
f 976 974 975
f 977 976 975
f 978 976 977
f 979 978 977
f 671 978 979
f 672 671 979
f 980 673 670
f 981 980 670
f 982 980 981
f 983 982 981
f 984 982 983
f 985 984 983
f 534 984 985
f 535 534 985
f 828 139 830
f 138 139 828
f 826 138 828
f 137 138 826
f 824 137 826
f 136 137 824
f 822 136 824
f 134 136 822
f 820 134 822
f 152 134 820
f 818 152 820
f 150 152 818
f 816 150 818
f 174 150 816
f 814 174 816
f 173 174 814
f 812 173 814
f 171 173 812
f 810 171 812
f 170 171 810
f 808 170 810
f 168 170 808
f 806 168 808
f 167 168 806
f 804 167 806
f 158 167 804
f 802 158 804
f 157 158 802
f 800 157 802
f 156 157 800
f 798 156 800
f 155 156 798
f 794 155 798
f 154 155 794
f 796 154 794
f 153 154 796
f 840 153 796
f 149 153 840
f 838 149 840
f 145 149 838
f 836 145 838
f 146 145 836
f 834 146 836
f 160 146 834
f 832 160 834
f 162 160 832
f 830 162 832
f 139 162 830
f 813 520 811
f 519 520 813
f 815 519 813
f 517 519 815
f 817 517 815
f 515 517 817
f 819 515 817
f 514 515 819
f 821 514 819
f 509 514 821
f 823 509 821
f 508 509 823
f 825 508 823
f 506 508 825
f 827 506 825
f 505 506 827
f 829 505 827
f 493 505 829
f 831 493 829
f 494 493 831
f 833 494 831
f 504 494 833
f 835 504 833
f 503 504 835
f 837 503 835
f 501 503 837
f 839 501 837
f 499 501 839
f 841 499 839
f 498 499 841
f 795 498 841
f 468 498 795
f 797 468 795
f 471 468 797
f 799 471 797
f 460 471 799
f 801 460 799
f 461 460 801
f 803 461 801
f 472 461 803
f 805 472 803
f 513 472 805
f 807 513 805
f 511 513 807
f 809 511 807
f 521 511 809
f 811 521 809
f 520 521 811
f 780 41 782
f 40 41 780
f 778 40 780
f 33 40 778
f 776 33 778
f 31 33 776
f 774 31 776
f 30 31 774
f 772 30 774
f 27 30 772
f 770 27 772
f 47 27 770
f 768 47 770
f 46 47 768
f 766 46 768
f 44 46 766
f 764 44 766
f 45 44 764
f 762 45 764
f 55 45 762
f 760 55 762
f 54 55 760
f 758 54 760
f 53 54 758
f 756 53 758
f 39 53 756
f 754 39 756
f 38 39 754
f 752 38 754
f 36 38 752
f 750 36 752
f 37 36 750
f 746 37 750
f 58 37 746
f 748 58 746
f 57 58 748
f 792 57 748
f 56 57 792
f 790 56 792
f 52 56 790
f 788 52 790
f 51 52 788
f 786 51 788
f 49 51 786
f 784 49 786
f 48 49 784
f 782 48 784
f 41 48 782
f 876 128 878
f 126 128 876
f 874 126 876
f 125 126 874
f 872 125 874
f 102 125 872
f 870 102 872
f 100 102 870
f 868 100 870
f 112 100 868
f 866 112 868
f 111 112 866
f 864 111 866
f 109 111 864
f 862 109 864
f 110 109 862
f 860 110 862
f 124 110 860
f 858 124 860
f 123 124 858
f 856 123 858
f 122 123 856
f 854 122 856
f 106 122 854
f 852 106 854
f 105 106 852
f 850 105 852
f 95 105 850
f 848 95 850
f 93 95 848
f 846 93 848
f 92 93 846
f 842 92 846
f 89 92 842
f 844 89 842
f 121 89 844
f 888 121 844
f 120 121 888
f 886 120 888
f 119 120 886
f 884 119 886
f 97 119 884
f 882 97 884
f 98 97 882
f 880 98 882
f 130 98 880
f 878 130 880
f 128 130 878
f 732 77 734
f 64 77 732
f 730 64 732
f 62 64 730
f 728 62 730
f 63 62 728
f 726 63 728
f 88 63 726
f 724 88 726
f 87 88 724
f 722 87 724
f 86 87 722
f 720 86 722
f 85 86 720
f 718 85 720
f 84 85 718
f 716 84 718
f 83 84 716
f 714 83 716
f 81 83 714
f 712 81 714
f 80 81 712
f 710 80 712
f 82 80 710
f 708 82 710
f 60 82 708
f 706 60 708
f 61 60 706
f 704 61 706
f 76 61 704
f 702 76 704
f 75 76 702
f 698 75 702
f 74 75 698
f 700 74 698
f 72 74 700
f 744 72 700
f 71 72 744
f 742 71 744
f 69 71 742
f 740 69 742
f 67 69 740
f 738 67 740
f 79 67 738
f 736 79 738
f 78 79 736
f 734 78 736
f 77 78 734
f 861 490 859
f 473 490 861
f 863 473 861
f 459 473 863
f 865 459 863
f 489 459 865
f 867 489 865
f 488 489 867
f 869 488 867
f 487 488 869
f 871 487 869
f 469 487 871
f 873 469 871
f 470 469 873
f 875 470 873
f 482 470 875
f 877 482 875
f 481 482 877
f 879 481 877
f 456 481 879
f 881 456 879
f 455 456 881
f 883 455 881
f 453 455 883
f 885 453 883
f 454 453 885
f 887 454 885
f 467 454 887
f 889 467 887
f 466 467 889
f 843 466 889
f 465 466 843
f 845 465 843
f 463 465 845
f 847 463 845
f 462 463 847
f 849 462 847
f 479 462 849
f 851 479 849
f 478 479 851
f 853 478 851
f 476 478 853
f 855 476 853
f 492 476 855
f 857 492 855
f 491 492 857
f 859 491 857
f 490 491 859
f 765 639 763
f 638 639 765
f 767 638 765
f 637 638 767
f 769 637 767
f 624 637 769
f 771 624 769
f 623 624 771
f 773 623 771
f 646 623 773
f 775 646 773
f 645 646 775
f 777 645 775
f 644 645 777
f 779 644 777
f 635 644 779
f 781 635 779
f 633 635 781
f 783 633 781
f 632 633 783
f 785 632 783
f 630 632 785
f 787 630 785
f 629 630 787
f 789 629 787
f 615 629 789
f 791 615 789
f 616 615 791
f 793 616 791
f 628 616 793
f 747 628 793
f 627 628 747
f 749 627 747
f 607 627 749
f 751 607 749
f 608 607 751
f 753 608 751
f 640 608 753
f 755 640 753
f 605 640 755
f 757 605 755
f 606 605 757
f 759 606 757
f 659 606 759
f 761 659 759
f 661 659 761
f 763 661 761
f 639 661 763
f 717 668 715
f 666 668 717
f 719 666 717
f 665 666 719
f 721 665 719
f 652 665 721
f 723 652 721
f 651 652 723
f 725 651 723
f 650 651 725
f 727 650 725
f 626 650 727
f 729 626 727
f 614 626 729
f 731 614 729
f 617 614 731
f 733 617 731
f 612 617 733
f 735 612 733
f 610 612 735
f 737 610 735
f 613 610 737
f 739 613 737
f 601 613 739
f 741 601 739
f 622 601 741
f 743 622 741
f 621 622 743
f 745 621 743
f 619 621 745
f 699 619 745
f 618 619 699
f 701 618 699
f 598 618 701
f 703 598 701
f 649 598 703
f 705 649 703
f 648 649 705
f 707 648 705
f 647 648 707
f 709 647 707
f 657 647 709
f 711 657 709
f 658 657 711
f 713 658 711
f 669 658 713
f 715 669 713
f 668 669 715
f 50 672 65
f 670 672 50
f 42 670 50
f 981 670 42
f 34 981 42
f 983 981 34
f 32 983 34
f 985 983 32
f 29 985 32
f 535 985 29
f 28 535 29
f 975 21 73
f 70 975 73
f 977 975 70
f 66 977 70
f 979 977 66
f 68 979 66
f 672 979 68
f 65 672 68
f 43 535 28
f 530 535 43
f 135 530 43
f 59 20 90
f 21 20 59
f 73 21 59
f 972 530 135
f 151 972 135
f 970 972 151
f 172 970 151
f 968 970 172
f 169 968 172
f 525 968 169
f 159 525 169
f 966 523 107
f 96 966 107
f 964 966 96
f 94 964 96
f 962 964 94
f 91 962 94
f 20 962 91
f 90 20 91
f 108 525 159
f 523 525 108
f 107 523 108
f 183 689 691
f 495 689 183
f 689 495 496
f 496 925 689
f 923 925 496
f 497 923 496
f 497 921 923
f 919 921 497
f 502 919 497
f 917 919 502
f 500 917 502
f 500 915 917
f 913 915 500
f 486 913 500
f 909 485 681
f 486 485 909
f 911 486 909
f 913 486 911
f 681 484 679
f 485 484 681
f 679 484 483
f 483 890 679
f 892 890 483
f 458 892 483
f 458 894 892
f 896 894 458
f 457 896 458
f 898 896 457
f 480 898 457
f 480 900 898
f 902 900 480
f 450 902 480
f 906 452 683
f 450 452 906
f 904 450 906
f 902 450 904
f 683 201 684
f 452 201 683
f 692 664 2
f 693 664 692
f 695 641 642
f 642 943 695
f 941 943 642
f 604 941 642
f 604 939 941
f 937 939 604
f 660 937 604
f 935 937 660
f 662 935 660
f 662 933 935
f 931 933 662
f 663 931 662
f 927 664 693
f 663 664 927
f 929 663 927
f 931 663 929
f 641 697 609
f 695 697 641
f 686 643 655
f 655 961 686
f 959 961 655
f 656 959 655
f 656 957 959
f 955 957 656
f 667 955 656
f 953 955 667
f 654 953 667
f 654 951 953
f 949 951 654
f 653 949 654
f 945 609 697
f 653 609 945
f 947 653 945
f 949 653 947
f 10 686 685
f 643 686 10
f 23 599 12
f 24 599 23
f 978 671 603
f 602 978 603
f 976 978 602
f 620 976 602
f 974 976 620
f 600 974 620
f 24 974 600
f 599 24 600
f 603 673 611
f 671 673 603
f 984 534 625
f 636 984 625
f 982 984 636
f 634 982 636
f 980 982 634
f 631 980 634
f 673 980 631
f 611 673 631
f 3 534 533
f 625 534 3
f 178 200 19
f 178 986 179
f 26 986 178
f 19 26 178
f 676 201 199
f 684 201 676
f 14 23 12
f 25 23 14
f 987 25 14
f 11 685 675
f 10 685 11
f 183 674 181
f 691 674 183
f 3 988 5
f 537 988 3
f 533 537 3
f 692 1 677
f 2 1 692
f 546 986 545
f 179 986 546
f 180 179 546
f 26 545 986
f 543 545 26
f 25 543 26
f 987 543 25
f 356 544 549
f 357 544 356
f 543 15 544
f 14 15 543
f 987 14 543
f 15 549 544
f 549 13 548
f 15 13 549
f 594 17 551
f 16 17 594
f 595 16 594
f 9 16 595
f 548 9 595
f 13 9 548
f 551 18 550
f 17 18 551
f 596 4 553
f 7 4 596
f 597 7 596
f 8 7 597
f 550 8 597
f 18 8 550
f 382 552 541
f 393 552 382
f 553 6 552
f 4 6 553
f 6 541 552
f 19 451 22
f 200 451 19
f 5 541 6
f 542 541 5
f 988 542 5
f 963 22 451
f 464 963 451
f 965 963 464
f 475 965 464
f 967 965 475
f 477 967 475
f 524 967 477
f 474 524 477
f 539 246 245
f 538 246 539
f 542 536 538
f 537 536 542
f 988 537 542
f 524 512 522
f 474 512 524
f 536 246 538
f 969 522 512
f 518 969 512
f 971 969 518
f 516 971 518
f 973 971 516
f 510 973 516
f 531 973 510
f 507 531 510
f 184 532 182
f 536 532 184
f 246 536 184
f 531 182 532
f 507 182 531
f 187 676 199
f 674 676 187
f 181 674 187
f 11 677 1
f 675 677 11
f 562 221 564
f 223 221 562
f 560 223 562
f 202 223 560
f 558 202 560
f 203 202 558
f 554 203 558
f 206 203 554
f 556 206 554
f 216 206 556
f 576 216 556
f 215 216 576
f 574 215 576
f 213 215 574
f 572 213 574
f 214 213 572
f 570 214 572
f 217 214 570
f 568 217 570
f 218 217 568
f 566 218 568
f 219 218 566
f 564 219 566
f 221 219 564
f 579 547 318
f 321 579 318
f 581 579 321
f 320 581 321
f 583 581 320
f 327 583 320
f 585 583 327
f 324 585 327
f 528 585 324
f 326 528 324
f 330 528 326
f 526 528 330
f 389 526 330
f 587 526 389
f 401 587 389
f 589 587 401
f 400 589 401
f 591 589 400
f 398 591 400
f 593 591 398
f 396 593 398
f 540 593 396
f 383 540 396
f 546 234 180
f 238 234 546
f 578 238 546
f 236 238 578
f 580 236 578
f 237 236 580
f 582 237 580
f 244 237 582
f 584 244 582
f 239 244 584
f 527 239 584
f 230 529 261
f 527 529 230
f 239 527 230
f 252 539 245
f 592 539 252
f 247 592 252
f 590 592 247
f 256 590 247
f 588 590 256
f 257 588 256
f 586 588 257
f 259 586 257
f 529 586 259
f 261 529 259
f 682 132 133
f 133 907 682
f 905 907 133
f 129 905 133
f 129 903 905
f 901 903 129
f 127 901 129
f 899 901 127
f 104 899 127
f 104 897 899
f 895 897 104
f 103 895 104
f 891 99 680
f 103 99 891
f 893 103 891
f 895 103 893
f 101 680 99
f 678 680 101
f 148 678 101
f 132 687 131
f 682 687 132
f 678 148 147
f 147 908 678
f 910 908 147
f 144 910 147
f 144 912 910
f 914 912 144
f 161 914 144
f 916 914 161
f 163 916 161
f 163 918 916
f 920 918 163
f 175 920 163
f 924 176 690
f 175 176 924
f 922 175 924
f 920 175 922
f 694 113 114
f 114 944 694
f 946 944 114
f 115 946 114
f 115 948 946
f 950 948 115
f 116 950 115
f 952 950 116
f 117 952 116
f 117 954 952
f 956 954 117
f 118 956 117
f 960 131 687
f 118 131 960
f 958 118 960
f 956 118 958
f 690 177 688
f 176 177 690
f 143 696 142
f 694 696 143
f 113 694 143
f 688 177 165
f 165 926 688
f 928 926 165
f 164 928 165
f 164 930 928
f 932 930 164
f 166 932 164
f 934 932 166
f 141 934 166
f 141 936 934
f 938 936 141
f 140 938 141
f 942 142 696
f 140 142 942
f 940 140 942
f 938 140 940
f 989 990 991
f 992 990 989
f 993 992 989
f 989 994 995
f 996 994 989
f 991 996 989
f 989 997 998
f 999 997 989
f 995 999 989
f 989 1000 1001
f 1002 1000 989
f 998 1002 989
f 989 1003 1004
f 1005 1003 989
f 1001 1005 989
f 989 1006 993
f 1007 1006 989
f 1004 1007 989
f 1008 1000 1009
f 1001 1000 1008
f 1010 1001 1008
f 1005 1001 1010
f 1011 1005 1010
f 1003 1005 1011
f 1012 1003 1011
f 1004 1003 1012
f 1013 1004 1012
f 1007 1004 1013
f 1014 1007 1013
f 1006 1007 1014
f 1015 1006 1014
f 993 1006 1015
f 1016 993 1015
f 992 993 1016
f 1017 992 1016
f 990 992 1017
f 1018 990 1017
f 991 990 1018
f 1019 991 1018
f 996 991 1019
f 1020 996 1019
f 994 996 1020
f 1021 994 1020
f 995 994 1021
f 1022 995 1021
f 999 995 1022
f 1023 999 1022
f 997 999 1023
f 1024 997 1023
f 998 997 1024
f 1025 998 1024
f 1002 998 1025
f 1009 1002 1025
f 1000 1002 1009
f 1026 1018 1017
f 1018 1027 1028
f 1029 1027 1018
f 1026 1029 1018
f 1030 1018 1028
f 1019 1018 1030
f 1031 1019 1030
f 1020 1019 1031
f 1032 1020 1031
f 1033 1020 1032
f 1021 1020 1033
f 1034 1021 1033
f 1021 1035 1036
f 1037 1035 1021
f 1034 1037 1021
f 1038 1021 1036
f 1022 1021 1038
f 1039 1022 1038
f 1023 1022 1039
f 1040 1023 1039
f 1041 1023 1040
f 1024 1023 1041
f 1042 1024 1041
f 1024 1043 1025
f 1044 1043 1024
f 1042 1044 1024
f 1025 1045 1009
f 1046 1045 1025
f 1043 1046 1025
f 1009 1047 1048
f 1049 1047 1009
f 1045 1049 1009
f 1008 1050 1010
f 1051 1050 1008
f 1009 1051 1008
f 1052 1051 1009
f 1048 1052 1009
f 1011 1053 1054
f 1055 1053 1011
f 1010 1055 1011
f 1056 1055 1010
f 1050 1056 1010
f 1057 1011 1054
f 1012 1011 1057
f 1058 1012 1057
f 1059 1012 1058
f 1013 1012 1059
f 1060 1013 1059
f 1013 1061 1062
f 1063 1061 1013
f 1060 1063 1013
f 1064 1013 1062
f 1014 1013 1064
f 1065 1014 1064
f 1015 1014 1065
f 1066 1015 1065
f 1067 1015 1066
f 1016 1015 1067
f 1068 1016 1067
f 1017 1069 1026
f 1070 1069 1017
f 1016 1070 1017
f 1071 1070 1016
f 1068 1071 1016
f 1027 1072 1073
f 1073 1028 1027
f 1030 1028 1073
f 1074 1030 1073
f 1031 1030 1074
f 1075 1031 1074
f 1075 1032 1031
f 1033 1032 1075
f 1076 1033 1075
f 1076 1034 1033
f 1037 1034 1076
f 1077 1037 1076
f 1035 1037 1077
f 1078 1035 1077
f 1078 1036 1035
f 1038 1036 1078
f 1079 1038 1078
f 1039 1038 1079
f 1080 1039 1079
f 1080 1040 1039
f 1041 1040 1080
f 1081 1041 1080
f 1081 1042 1041
f 1044 1042 1081
f 1082 1044 1081
f 1043 1044 1082
f 1083 1043 1082
f 1083 1046 1043
f 1045 1046 1083
f 1084 1045 1083
f 1049 1045 1084
f 1085 1049 1084
f 1085 1047 1049
f 1048 1047 1085
f 1086 1048 1085
f 1086 1052 1048
f 1051 1052 1086
f 1087 1051 1086
f 1050 1051 1087
f 1088 1050 1087
f 1088 1056 1050
f 1055 1056 1088
f 1089 1055 1088
f 1089 1053 1055
f 1054 1053 1089
f 1090 1054 1089
f 1057 1054 1090
f 1091 1057 1090
f 1091 1058 1057
f 1059 1058 1091
f 1092 1059 1091
f 1060 1059 1092
f 1093 1060 1092
f 1093 1063 1060
f 1061 1063 1093
f 1094 1061 1093
f 1094 1062 1061
f 1064 1062 1094
f 1095 1064 1094
f 1065 1064 1095
f 1096 1065 1095
f 1096 1066 1065
f 1067 1066 1096
f 1097 1067 1096
f 1097 1068 1067
f 1071 1068 1097
f 1098 1071 1097
f 1070 1071 1098
f 1099 1070 1098
f 1069 1070 1099
f 1100 1069 1099
f 1026 1069 1100
f 1072 1026 1100
f 1029 1026 1072
f 1027 1029 1072
f 1097 1101 1098
f 1102 1101 1097
f 1096 1102 1097
f 1103 1102 1096
f 1095 1103 1096
f 1104 1103 1095
f 1094 1104 1095
f 1105 1104 1094
f 1093 1105 1094
f 1106 1105 1093
f 1092 1106 1093
f 1107 1106 1092
f 1091 1107 1092
f 1108 1107 1091
f 1090 1108 1091
f 1109 1108 1090
f 1089 1109 1090
f 1110 1109 1089
f 1088 1110 1089
f 1111 1110 1088
f 1087 1111 1088
f 1112 1111 1087
f 1086 1112 1087
f 1113 1112 1086
f 1085 1113 1086
f 1114 1113 1085
f 1084 1114 1085
f 1115 1114 1084
f 1083 1115 1084
f 1116 1115 1083
f 1082 1116 1083
f 1117 1116 1082
f 1081 1117 1082
f 1118 1117 1081
f 1080 1118 1081
f 1119 1118 1080
f 1079 1119 1080
f 1120 1119 1079
f 1078 1120 1079
f 1121 1120 1078
f 1077 1121 1078
f 1122 1121 1077
f 1076 1122 1077
f 1123 1122 1076
f 1075 1123 1076
f 1124 1123 1075
f 1074 1124 1075
f 1125 1124 1074
f 1073 1125 1074
f 1126 1125 1073
f 1072 1126 1073
f 1127 1126 1072
f 1100 1127 1072
f 1128 1127 1100
f 1099 1128 1100
f 1129 1128 1099
f 1098 1129 1099
f 1101 1129 1098
f 1102 1130 1101
f 1131 1130 1102
f 1103 1131 1102
f 1132 1131 1103
f 1104 1132 1103
f 1133 1132 1104
f 1105 1133 1104
f 1134 1133 1105
f 1106 1134 1105
f 1135 1134 1106
f 1107 1135 1106
f 1136 1135 1107
f 1108 1136 1107
f 1137 1136 1108
f 1109 1137 1108
f 1138 1137 1109
f 1110 1138 1109
f 1139 1138 1110
f 1111 1139 1110
f 1140 1139 1111
f 1112 1140 1111
f 1141 1140 1112
f 1113 1141 1112
f 1142 1141 1113
f 1114 1142 1113
f 1143 1142 1114
f 1115 1143 1114
f 1144 1143 1115
f 1116 1144 1115
f 1145 1144 1116
f 1117 1145 1116
f 1146 1145 1117
f 1118 1146 1117
f 1147 1146 1118
f 1119 1147 1118
f 1148 1147 1119
f 1120 1148 1119
f 1149 1148 1120
f 1121 1149 1120
f 1150 1149 1121
f 1122 1150 1121
f 1151 1150 1122
f 1123 1151 1122
f 1152 1151 1123
f 1124 1152 1123
f 1153 1152 1124
f 1125 1153 1124
f 1154 1153 1125
f 1126 1154 1125
f 1155 1154 1126
f 1127 1155 1126
f 1156 1155 1127
f 1128 1156 1127
f 1157 1156 1128
f 1129 1157 1128
f 1158 1157 1129
f 1101 1158 1129
f 1130 1158 1101
f 1131 1159 1130
f 1160 1159 1131
f 1132 1160 1131
f 1161 1160 1132
f 1133 1161 1132
f 1162 1161 1133
f 1134 1162 1133
f 1163 1162 1134
f 1135 1163 1134
f 1164 1163 1135
f 1136 1164 1135
f 1165 1164 1136
f 1137 1165 1136
f 1166 1165 1137
f 1138 1166 1137
f 1167 1166 1138
f 1139 1167 1138
f 1168 1167 1139
f 1140 1168 1139
f 1169 1168 1140
f 1141 1169 1140
f 1170 1169 1141
f 1142 1170 1141
f 1171 1170 1142
f 1143 1171 1142
f 1172 1171 1143
f 1144 1172 1143
f 1173 1172 1144
f 1145 1173 1144
f 1174 1173 1145
f 1146 1174 1145
f 1175 1174 1146
f 1147 1175 1146
f 1176 1175 1147
f 1148 1176 1147
f 1177 1176 1148
f 1149 1177 1148
f 1178 1177 1149
f 1150 1178 1149
f 1179 1178 1150
f 1151 1179 1150
f 1180 1179 1151
f 1152 1180 1151
f 1181 1180 1152
f 1153 1181 1152
f 1182 1181 1153
f 1154 1182 1153
f 1183 1182 1154
f 1155 1183 1154
f 1184 1183 1155
f 1156 1184 1155
f 1185 1184 1156
f 1157 1185 1156
f 1186 1185 1157
f 1158 1186 1157
f 1187 1186 1158
f 1130 1187 1158
f 1159 1187 1130
f 1188 1183 1189
f 1182 1183 1188
f 1190 1182 1188
f 1181 1182 1190
f 1191 1181 1190
f 1180 1181 1191
f 1192 1180 1191
f 1179 1180 1192
f 1193 1179 1192
f 1178 1179 1193
f 1194 1178 1193
f 1195 1168 1196
f 1167 1168 1195
f 1197 1167 1195
f 1166 1167 1197
f 1198 1166 1197
f 1165 1166 1198
f 1199 1165 1198
f 1164 1165 1199
f 1200 1164 1199
f 1163 1164 1200
f 1201 1163 1200
f 1201 1162 1163
f 1161 1162 1201
f 1202 1161 1201
f 1160 1161 1202
f 1203 1160 1202
f 1159 1160 1203
f 1204 1159 1203
f 1187 1159 1204
f 1205 1187 1204
f 1186 1187 1205
f 1206 1186 1205
f 1185 1186 1206
f 1189 1185 1206
f 1184 1185 1189
f 1183 1184 1189
f 1194 1177 1178
f 1176 1177 1194
f 1207 1176 1194
f 1175 1176 1207
f 1208 1175 1207
f 1174 1175 1208
f 1209 1174 1208
f 1173 1174 1209
f 1210 1173 1209
f 1172 1173 1210
f 1211 1172 1210
f 1171 1172 1211
f 1212 1171 1211
f 1170 1171 1212
f 1196 1170 1212
f 1169 1170 1196
f 1168 1169 1196
f 1213 1205 1204
f 1205 1214 1206
f 1215 1214 1205
f 1213 1215 1205
f 1189 1216 1217
f 1218 1216 1189
f 1206 1218 1189
f 1219 1218 1206
f 1214 1219 1206
f 1220 1189 1217
f 1188 1189 1220
f 1221 1188 1220
f 1222 1188 1221
f 1190 1188 1222
f 1223 1190 1222
f 1190 1224 1191
f 1225 1224 1190
f 1223 1225 1190
f 1192 1226 1227
f 1228 1226 1192
f 1191 1228 1192
f 1229 1228 1191
f 1224 1229 1191
f 1230 1192 1227
f 1193 1192 1230
f 1231 1193 1230
f 1232 1193 1231
f 1194 1193 1232
f 1233 1194 1232
f 1234 1194 1233
f 1207 1194 1234
f 1235 1207 1234
f 1207 1236 1208
f 1237 1236 1207
f 1235 1237 1207
f 1209 1238 1239
f 1240 1238 1209
f 1208 1240 1209
f 1241 1240 1208
f 1236 1241 1208
f 1242 1209 1239
f 1210 1209 1242
f 1243 1210 1242
f 1244 1210 1243
f 1211 1210 1244
f 1245 1211 1244
f 1211 1246 1212
f 1247 1246 1211
f 1245 1247 1211
f 1196 1248 1249
f 1250 1248 1196
f 1212 1250 1196
f 1251 1250 1212
f 1246 1251 1212
f 1252 1196 1249
f 1195 1196 1252
f 1253 1195 1252
f 1254 1195 1253
f 1197 1195 1254
f 1255 1197 1254
f 1256 1197 1255
f 1198 1197 1256
f 1257 1198 1256
f 1198 1258 1199
f 1259 1258 1198
f 1257 1259 1198
f 1200 1260 1261
f 1262 1260 1200
f 1199 1262 1200
f 1263 1262 1199
f 1258 1263 1199
f 1264 1200 1261
f 1201 1200 1264
f 1265 1201 1264
f 1266 1201 1265
f 1202 1201 1266
f 1267 1202 1266
f 1202 1268 1203
f 1269 1268 1202
f 1267 1269 1202
f 1204 1270 1213
f 1271 1270 1204
f 1203 1271 1204
f 1272 1271 1203
f 1268 1272 1203
f 1273 1274 1219
f 1274 1218 1219
f 1216 1218 1274
f 1275 1216 1274
f 1217 1216 1275
f 1276 1217 1275
f 1220 1217 1276
f 1277 1220 1276
f 1221 1220 1277
f 1277 1222 1221
f 1223 1222 1277
f 1278 1223 1277
f 1225 1223 1278
f 1279 1225 1278
f 1224 1225 1279
f 1280 1224 1279
f 1229 1224 1280
f 1280 1228 1229
f 1226 1228 1280
f 1281 1226 1280
f 1227 1226 1281
f 1282 1227 1281
f 1230 1227 1282
f 1283 1230 1282
f 1231 1230 1283
f 1283 1232 1231
f 1233 1232 1283
f 1284 1233 1283
f 1284 1234 1233
f 1235 1234 1284
f 1285 1235 1284
f 1237 1235 1285
f 1286 1237 1285
f 1286 1236 1237
f 1241 1236 1286
f 1287 1241 1286
f 1287 1240 1241
f 1238 1240 1287
f 1288 1238 1287
f 1239 1238 1288
f 1289 1239 1288
f 1242 1239 1289
f 1290 1242 1289
f 1243 1242 1290
f 1290 1244 1243
f 1245 1244 1290
f 1291 1245 1290
f 1247 1245 1291
f 1292 1247 1291
f 1246 1247 1292
f 1293 1246 1292
f 1251 1246 1293
f 1293 1250 1251
f 1248 1250 1293
f 1294 1248 1293
f 1249 1248 1294
f 1295 1249 1294
f 1295 1252 1249
f 1253 1252 1295
f 1296 1253 1295
f 1296 1254 1253
f 1255 1254 1296
f 1297 1255 1296
f 1297 1256 1255
f 1257 1256 1297
f 1298 1257 1297
f 1259 1257 1298
f 1299 1259 1298
f 1299 1258 1259
f 1263 1258 1299
f 1300 1263 1299
f 1300 1262 1263
f 1260 1262 1300
f 1301 1260 1300
f 1261 1260 1301
f 1302 1261 1301
f 1264 1261 1302
f 1303 1264 1302
f 1265 1264 1303
f 1303 1266 1265
f 1267 1266 1303
f 1304 1267 1303
f 1269 1267 1304
f 1305 1269 1304
f 1268 1269 1305
f 1306 1268 1305
f 1272 1268 1306
f 1306 1271 1272
f 1270 1271 1306
f 1307 1270 1306
f 1213 1270 1307
f 1308 1213 1307
f 1215 1213 1308
f 1273 1215 1308
f 1214 1215 1273
f 1219 1214 1273
f 1306 1309 1307
f 1310 1309 1306
f 1305 1310 1306
f 1311 1310 1305
f 1304 1311 1305
f 1312 1311 1304
f 1303 1312 1304
f 1313 1312 1303
f 1302 1313 1303
f 1314 1313 1302
f 1301 1314 1302
f 1315 1314 1301
f 1300 1315 1301
f 1316 1315 1300
f 1299 1316 1300
f 1317 1316 1299
f 1298 1317 1299
f 1318 1317 1298
f 1297 1318 1298
f 1319 1318 1297
f 1296 1319 1297
f 1320 1319 1296
f 1295 1320 1296
f 1321 1320 1295
f 1294 1321 1295
f 1322 1321 1294
f 1293 1322 1294
f 1323 1322 1293
f 1292 1323 1293
f 1324 1323 1292
f 1291 1324 1292
f 1325 1324 1291
f 1290 1325 1291
f 1326 1325 1290
f 1289 1326 1290
f 1327 1326 1289
f 1288 1327 1289
f 1328 1327 1288
f 1287 1328 1288
f 1329 1328 1287
f 1286 1329 1287
f 1330 1329 1286
f 1285 1330 1286
f 1331 1330 1285
f 1284 1331 1285
f 1332 1331 1284
f 1283 1332 1284
f 1333 1332 1283
f 1282 1333 1283
f 1334 1333 1282
f 1281 1334 1282
f 1335 1334 1281
f 1280 1335 1281
f 1336 1335 1280
f 1279 1336 1280
f 1337 1336 1279
f 1278 1337 1279
f 1338 1337 1278
f 1277 1338 1278
f 1339 1338 1277
f 1276 1339 1277
f 1340 1339 1276
f 1275 1340 1276
f 1341 1340 1275
f 1274 1341 1275
f 1342 1341 1274
f 1273 1342 1274
f 1343 1342 1273
f 1308 1343 1273
f 1344 1343 1308
f 1307 1344 1308
f 1309 1344 1307
f 1309 1345 1344
f 1346 1345 1309
f 1310 1346 1309
f 1347 1346 1310
f 1311 1347 1310
f 1348 1347 1311
f 1312 1348 1311
f 1349 1348 1312
f 1313 1349 1312
f 1350 1349 1313
f 1314 1350 1313
f 1351 1350 1314
f 1315 1351 1314
f 1352 1351 1315
f 1316 1352 1315
f 1353 1352 1316
f 1317 1353 1316
f 1354 1353 1317
f 1318 1354 1317
f 1355 1354 1318
f 1319 1355 1318
f 1356 1355 1319
f 1320 1356 1319
f 1357 1356 1320
f 1321 1357 1320
f 1358 1357 1321
f 1322 1358 1321
f 1359 1358 1322
f 1323 1359 1322
f 1360 1359 1323
f 1324 1360 1323
f 1361 1360 1324
f 1325 1361 1324
f 1362 1361 1325
f 1326 1362 1325
f 1363 1362 1326
f 1327 1363 1326
f 1364 1363 1327
f 1328 1364 1327
f 1365 1364 1328
f 1329 1365 1328
f 1366 1365 1329
f 1330 1366 1329
f 1367 1366 1330
f 1331 1367 1330
f 1368 1367 1331
f 1332 1368 1331
f 1369 1368 1332
f 1333 1369 1332
f 1370 1369 1333
f 1334 1370 1333
f 1371 1370 1334
f 1335 1371 1334
f 1372 1371 1335
f 1336 1372 1335
f 1373 1372 1336
f 1337 1373 1336
f 1374 1373 1337
f 1338 1374 1337
f 1375 1374 1338
f 1339 1375 1338
f 1376 1375 1339
f 1340 1376 1339
f 1377 1376 1340
f 1341 1377 1340
f 1378 1377 1341
f 1342 1378 1341
f 1379 1378 1342
f 1343 1379 1342
f 1380 1379 1343
f 1344 1380 1343
f 1345 1380 1344
f 1345 1381 1380
f 1382 1381 1345
f 1346 1382 1345
f 1383 1382 1346
f 1347 1383 1346
f 1384 1383 1347
f 1348 1384 1347
f 1385 1384 1348
f 1349 1385 1348
f 1386 1385 1349
f 1350 1386 1349
f 1387 1386 1350
f 1351 1387 1350
f 1388 1387 1351
f 1352 1388 1351
f 1389 1388 1352
f 1353 1389 1352
f 1390 1389 1353
f 1354 1390 1353
f 1391 1390 1354
f 1355 1391 1354
f 1392 1391 1355
f 1356 1392 1355
f 1393 1392 1356
f 1357 1393 1356
f 1394 1393 1357
f 1358 1394 1357
f 1395 1394 1358
f 1359 1395 1358
f 1396 1395 1359
f 1360 1396 1359
f 1397 1396 1360
f 1361 1397 1360
f 1398 1397 1361
f 1362 1398 1361
f 1399 1398 1362
f 1363 1399 1362
f 1400 1399 1363
f 1364 1400 1363
f 1401 1400 1364
f 1365 1401 1364
f 1402 1401 1365
f 1366 1402 1365
f 1403 1402 1366
f 1367 1403 1366
f 1404 1403 1367
f 1368 1404 1367
f 1405 1404 1368
f 1369 1405 1368
f 1406 1405 1369
f 1370 1406 1369
f 1407 1406 1370
f 1371 1407 1370
f 1408 1407 1371
f 1372 1408 1371
f 1409 1408 1372
f 1373 1409 1372
f 1410 1409 1373
f 1374 1410 1373
f 1411 1410 1374
f 1375 1411 1374
f 1412 1411 1375
f 1376 1412 1375
f 1413 1412 1376
f 1377 1413 1376
f 1414 1413 1377
f 1378 1414 1377
f 1415 1414 1378
f 1379 1415 1378
f 1416 1415 1379
f 1380 1416 1379
f 1381 1416 1380
f 1417 1418 1397
f 1383 1419 1420
f 1419 1385 1421
f 1384 1385 1419
f 1383 1384 1419
f 1418 1396 1397
f 1395 1396 1418
f 1422 1395 1418
f 1417 1399 1423
f 1398 1399 1417
f 1397 1398 1417
f 1421 1387 1424
f 1386 1387 1421
f 1385 1386 1421
f 1423 1401 1425
f 1400 1401 1423
f 1399 1400 1423
f 1424 1389 1426
f 1388 1389 1424
f 1387 1388 1424
f 1426 1391 1427
f 1390 1391 1426
f 1389 1390 1426
f 1428 1429 1407
f 1428 1409 1430
f 1408 1409 1428
f 1407 1408 1428
f 1431 1432 1413
f 1422 1394 1395
f 1393 1394 1422
f 1427 1393 1422
f 1392 1393 1427
f 1391 1392 1427
f 1425 1403 1433
f 1402 1403 1425
f 1401 1402 1425
f 1432 1412 1413
f 1411 1412 1432
f 1430 1411 1432
f 1410 1411 1430
f 1409 1410 1430
f 1431 1415 1434
f 1414 1415 1431
f 1413 1414 1431
f 1429 1406 1407
f 1405 1406 1429
f 1433 1405 1429
f 1404 1405 1433
f 1403 1404 1433
f 1420 1382 1383
f 1381 1382 1420
f 1434 1381 1420
f 1416 1381 1434
f 1415 1416 1434
f 1419 1421 1435
f 1419 1436 1420
f 1437 1436 1419
f 1435 1437 1419
f 1420 1438 1434
f 1439 1438 1420
f 1436 1439 1420
f 1426 1427 1440
f 1426 1441 1424
f 1442 1441 1426
f 1440 1442 1426
f 1424 1443 1421
f 1444 1443 1424
f 1441 1444 1424
f 1418 1417 1445
f 1418 1446 1422
f 1447 1446 1418
f 1445 1447 1418
f 1422 1448 1427
f 1449 1448 1422
f 1446 1449 1422
f 1425 1433 1450
f 1425 1451 1423
f 1452 1451 1425
f 1450 1452 1425
f 1423 1453 1417
f 1454 1453 1423
f 1451 1454 1423
f 1428 1430 1455
f 1428 1456 1429
f 1457 1456 1428
f 1455 1457 1428
f 1429 1458 1433
f 1459 1458 1429
f 1456 1459 1429
f 1431 1434 1460
f 1431 1461 1432
f 1462 1461 1431
f 1460 1462 1431
f 1432 1463 1430
f 1464 1463 1432
f 1461 1464 1432
f 1465 1466 1439
f 1436 1465 1439
f 1467 1465 1436
f 1437 1467 1436
f 1468 1467 1437
f 1435 1468 1437
f 1469 1468 1435
f 1421 1469 1435
f 1470 1439 1466
f 1438 1439 1470
f 1434 1438 1470
f 1440 1427 1471
f 1472 1440 1471
f 1442 1440 1472
f 1473 1442 1472
f 1441 1442 1473
f 1474 1441 1473
f 1444 1441 1474
f 1469 1444 1474
f 1443 1444 1469
f 1421 1443 1469
f 1445 1417 1475
f 1476 1445 1475
f 1447 1445 1476
f 1477 1447 1476
f 1446 1447 1477
f 1478 1446 1477
f 1479 1446 1478
f 1449 1446 1479
f 1471 1449 1479
f 1448 1449 1471
f 1427 1448 1471
f 1480 1451 1452
f 1481 1451 1480
f 1454 1451 1481
f 1475 1454 1481
f 1453 1454 1475
f 1417 1453 1475
f 1452 1482 1480
f 1483 1482 1452
f 1450 1483 1452
f 1484 1483 1450
f 1433 1484 1450
f 1484 1459 1456
f 1458 1459 1484
f 1433 1458 1484
f 1485 1455 1430
f 1457 1455 1485
f 1486 1457 1485
f 1456 1457 1486
f 1487 1456 1486
f 1484 1456 1487
f 1463 1485 1430
f 1488 1485 1463
f 1464 1488 1463
f 1489 1488 1464
f 1461 1489 1464
f 1490 1489 1461
f 1462 1490 1461
f 1491 1490 1462
f 1460 1491 1462
f 1470 1491 1460
f 1434 1470 1460
f 1491 1470 1466
f 1492 1493 1490
f 1486 1485 1488
f 1472 1471 1479
f 1494 1479 1495
f 1472 1479 1494
f 1496 1472 1494
f 1473 1472 1496
f 1497 1473 1496
f 1474 1473 1497
f 1498 1474 1497
f 1499 1474 1498
f 1476 1475 1481
f 1500 1481 1501
f 1476 1481 1500
f 1502 1476 1500
f 1477 1476 1502
f 1495 1477 1502
f 1478 1477 1495
f 1479 1478 1495
f 1483 1484 1487
f 1503 1487 1486
f 1483 1487 1503
f 1504 1483 1503
f 1482 1483 1504
f 1501 1482 1504
f 1480 1482 1501
f 1481 1480 1501
f 1505 1490 1493
f 1486 1506 1503
f 1507 1506 1486
f 1488 1507 1486
f 1505 1507 1488
f 1489 1505 1488
f 1490 1505 1489
f 1508 1465 1467
f 1466 1465 1508
f 1492 1466 1508
f 1491 1466 1492
f 1490 1491 1492
f 1467 1509 1508
f 1499 1509 1467
f 1468 1499 1467
f 1474 1499 1468
f 1469 1474 1468
f 1510 1507 1505
f 1506 1507 1510
f 1503 1506 1510
f 1510 1492 1508
f 1493 1492 1510
f 1505 1493 1510
f 1510 1499 1498
f 1509 1499 1510
f 1508 1509 1510
f 1510 1496 1494
f 1497 1496 1510
f 1498 1497 1510
f 1510 1502 1500
f 1495 1502 1510
f 1494 1495 1510
f 1510 1504 1503
f 1501 1504 1510
f 1500 1501 1510
f 1511 1512 1513
f 1514 1512 1511
f 1515 1514 1511
f 1511 1516 1517
f 1518 1516 1511
f 1513 1518 1511
f 1511 1519 1520
f 1521 1519 1511
f 1517 1521 1511
f 1511 1522 1523
f 1524 1522 1511
f 1520 1524 1511
f 1511 1525 1526
f 1527 1525 1511
f 1523 1527 1511
f 1511 1528 1515
f 1529 1528 1511
f 1526 1529 1511
f 1530 1522 1531
f 1523 1522 1530
f 1532 1523 1530
f 1527 1523 1532
f 1533 1527 1532
f 1525 1527 1533
f 1534 1525 1533
f 1526 1525 1534
f 1535 1526 1534
f 1529 1526 1535
f 1536 1529 1535
f 1528 1529 1536
f 1537 1528 1536
f 1515 1528 1537
f 1538 1515 1537
f 1514 1515 1538
f 1539 1514 1538
f 1512 1514 1539
f 1540 1512 1539
f 1513 1512 1540
f 1541 1513 1540
f 1518 1513 1541
f 1542 1518 1541
f 1516 1518 1542
f 1543 1516 1542
f 1517 1516 1543
f 1544 1517 1543
f 1521 1517 1544
f 1545 1521 1544
f 1519 1521 1545
f 1546 1519 1545
f 1520 1519 1546
f 1547 1520 1546
f 1524 1520 1547
f 1531 1524 1547
f 1522 1524 1531
f 1548 1540 1539
f 1540 1549 1550
f 1551 1549 1540
f 1548 1551 1540
f 1552 1540 1550
f 1541 1540 1552
f 1553 1541 1552
f 1542 1541 1553
f 1554 1542 1553
f 1555 1542 1554
f 1543 1542 1555
f 1556 1543 1555
f 1543 1557 1558
f 1559 1557 1543
f 1556 1559 1543
f 1560 1543 1558
f 1544 1543 1560
f 1561 1544 1560
f 1545 1544 1561
f 1562 1545 1561
f 1563 1545 1562
f 1546 1545 1563
f 1564 1546 1563
f 1546 1565 1547
f 1566 1565 1546
f 1564 1566 1546
f 1547 1567 1531
f 1568 1567 1547
f 1565 1568 1547
f 1531 1569 1570
f 1571 1569 1531
f 1567 1571 1531
f 1530 1572 1532
f 1573 1572 1530
f 1531 1573 1530
f 1574 1573 1531
f 1570 1574 1531
f 1533 1575 1576
f 1577 1575 1533
f 1532 1577 1533
f 1578 1577 1532
f 1572 1578 1532
f 1579 1533 1576
f 1534 1533 1579
f 1580 1534 1579
f 1581 1534 1580
f 1535 1534 1581
f 1582 1535 1581
f 1535 1583 1584
f 1585 1583 1535
f 1582 1585 1535
f 1586 1535 1584
f 1536 1535 1586
f 1587 1536 1586
f 1537 1536 1587
f 1588 1537 1587
f 1589 1537 1588
f 1538 1537 1589
f 1590 1538 1589
f 1539 1591 1548
f 1592 1591 1539
f 1538 1592 1539
f 1593 1592 1538
f 1590 1593 1538
f 1549 1594 1595
f 1595 1550 1549
f 1552 1550 1595
f 1596 1552 1595
f 1553 1552 1596
f 1597 1553 1596
f 1597 1554 1553
f 1555 1554 1597
f 1598 1555 1597
f 1598 1556 1555
f 1559 1556 1598
f 1599 1559 1598
f 1557 1559 1599
f 1600 1557 1599
f 1600 1558 1557
f 1560 1558 1600
f 1601 1560 1600
f 1561 1560 1601
f 1602 1561 1601
f 1602 1562 1561
f 1563 1562 1602
f 1603 1563 1602
f 1603 1564 1563
f 1566 1564 1603
f 1604 1566 1603
f 1565 1566 1604
f 1605 1565 1604
f 1605 1568 1565
f 1567 1568 1605
f 1606 1567 1605
f 1571 1567 1606
f 1607 1571 1606
f 1607 1569 1571
f 1570 1569 1607
f 1608 1570 1607
f 1608 1574 1570
f 1573 1574 1608
f 1609 1573 1608
f 1572 1573 1609
f 1610 1572 1609
f 1610 1578 1572
f 1577 1578 1610
f 1611 1577 1610
f 1611 1575 1577
f 1576 1575 1611
f 1612 1576 1611
f 1579 1576 1612
f 1613 1579 1612
f 1613 1580 1579
f 1581 1580 1613
f 1614 1581 1613
f 1582 1581 1614
f 1615 1582 1614
f 1615 1585 1582
f 1583 1585 1615
f 1616 1583 1615
f 1616 1584 1583
f 1586 1584 1616
f 1617 1586 1616
f 1587 1586 1617
f 1618 1587 1617
f 1618 1588 1587
f 1589 1588 1618
f 1619 1589 1618
f 1619 1590 1589
f 1593 1590 1619
f 1620 1593 1619
f 1592 1593 1620
f 1621 1592 1620
f 1591 1592 1621
f 1622 1591 1621
f 1548 1591 1622
f 1594 1548 1622
f 1551 1548 1594
f 1549 1551 1594
f 1619 1623 1620
f 1624 1623 1619
f 1618 1624 1619
f 1625 1624 1618
f 1617 1625 1618
f 1626 1625 1617
f 1616 1626 1617
f 1627 1626 1616
f 1615 1627 1616
f 1628 1627 1615
f 1614 1628 1615
f 1629 1628 1614
f 1613 1629 1614
f 1630 1629 1613
f 1612 1630 1613
f 1631 1630 1612
f 1611 1631 1612
f 1632 1631 1611
f 1610 1632 1611
f 1633 1632 1610
f 1609 1633 1610
f 1634 1633 1609
f 1608 1634 1609
f 1635 1634 1608
f 1607 1635 1608
f 1636 1635 1607
f 1606 1636 1607
f 1637 1636 1606
f 1605 1637 1606
f 1638 1637 1605
f 1604 1638 1605
f 1639 1638 1604
f 1603 1639 1604
f 1640 1639 1603
f 1602 1640 1603
f 1641 1640 1602
f 1601 1641 1602
f 1642 1641 1601
f 1600 1642 1601
f 1643 1642 1600
f 1599 1643 1600
f 1644 1643 1599
f 1598 1644 1599
f 1645 1644 1598
f 1597 1645 1598
f 1646 1645 1597
f 1596 1646 1597
f 1647 1646 1596
f 1595 1647 1596
f 1648 1647 1595
f 1594 1648 1595
f 1649 1648 1594
f 1622 1649 1594
f 1650 1649 1622
f 1621 1650 1622
f 1651 1650 1621
f 1620 1651 1621
f 1623 1651 1620
f 1624 1652 1623
f 1653 1652 1624
f 1625 1653 1624
f 1654 1653 1625
f 1626 1654 1625
f 1655 1654 1626
f 1627 1655 1626
f 1656 1655 1627
f 1628 1656 1627
f 1657 1656 1628
f 1629 1657 1628
f 1658 1657 1629
f 1630 1658 1629
f 1659 1658 1630
f 1631 1659 1630
f 1660 1659 1631
f 1632 1660 1631
f 1661 1660 1632
f 1633 1661 1632
f 1662 1661 1633
f 1634 1662 1633
f 1663 1662 1634
f 1635 1663 1634
f 1664 1663 1635
f 1636 1664 1635
f 1665 1664 1636
f 1637 1665 1636
f 1666 1665 1637
f 1638 1666 1637
f 1667 1666 1638
f 1639 1667 1638
f 1668 1667 1639
f 1640 1668 1639
f 1669 1668 1640
f 1641 1669 1640
f 1670 1669 1641
f 1642 1670 1641
f 1671 1670 1642
f 1643 1671 1642
f 1672 1671 1643
f 1644 1672 1643
f 1673 1672 1644
f 1645 1673 1644
f 1674 1673 1645
f 1646 1674 1645
f 1675 1674 1646
f 1647 1675 1646
f 1676 1675 1647
f 1648 1676 1647
f 1677 1676 1648
f 1649 1677 1648
f 1678 1677 1649
f 1650 1678 1649
f 1679 1678 1650
f 1651 1679 1650
f 1680 1679 1651
f 1623 1680 1651
f 1652 1680 1623
f 1653 1681 1652
f 1682 1681 1653
f 1654 1682 1653
f 1683 1682 1654
f 1655 1683 1654
f 1684 1683 1655
f 1656 1684 1655
f 1685 1684 1656
f 1657 1685 1656
f 1686 1685 1657
f 1658 1686 1657
f 1687 1686 1658
f 1659 1687 1658
f 1688 1687 1659
f 1660 1688 1659
f 1689 1688 1660
f 1661 1689 1660
f 1690 1689 1661
f 1662 1690 1661
f 1691 1690 1662
f 1663 1691 1662
f 1692 1691 1663
f 1664 1692 1663
f 1693 1692 1664
f 1665 1693 1664
f 1694 1693 1665
f 1666 1694 1665
f 1695 1694 1666
f 1667 1695 1666
f 1696 1695 1667
f 1668 1696 1667
f 1697 1696 1668
f 1669 1697 1668
f 1698 1697 1669
f 1670 1698 1669
f 1699 1698 1670
f 1671 1699 1670
f 1700 1699 1671
f 1672 1700 1671
f 1701 1700 1672
f 1673 1701 1672
f 1702 1701 1673
f 1674 1702 1673
f 1703 1702 1674
f 1675 1703 1674
f 1704 1703 1675
f 1676 1704 1675
f 1705 1704 1676
f 1677 1705 1676
f 1706 1705 1677
f 1678 1706 1677
f 1707 1706 1678
f 1679 1707 1678
f 1708 1707 1679
f 1680 1708 1679
f 1709 1708 1680
f 1652 1709 1680
f 1681 1709 1652
f 1710 1705 1711
f 1704 1705 1710
f 1712 1704 1710
f 1703 1704 1712
f 1713 1703 1712
f 1702 1703 1713
f 1714 1702 1713
f 1701 1702 1714
f 1715 1701 1714
f 1700 1701 1715
f 1716 1700 1715
f 1717 1690 1718
f 1689 1690 1717
f 1719 1689 1717
f 1688 1689 1719
f 1720 1688 1719
f 1687 1688 1720
f 1721 1687 1720
f 1686 1687 1721
f 1722 1686 1721
f 1685 1686 1722
f 1723 1685 1722
f 1723 1684 1685
f 1683 1684 1723
f 1724 1683 1723
f 1682 1683 1724
f 1725 1682 1724
f 1681 1682 1725
f 1726 1681 1725
f 1709 1681 1726
f 1727 1709 1726
f 1708 1709 1727
f 1728 1708 1727
f 1707 1708 1728
f 1711 1707 1728
f 1706 1707 1711
f 1705 1706 1711
f 1716 1699 1700
f 1698 1699 1716
f 1729 1698 1716
f 1697 1698 1729
f 1730 1697 1729
f 1696 1697 1730
f 1731 1696 1730
f 1695 1696 1731
f 1732 1695 1731
f 1694 1695 1732
f 1733 1694 1732
f 1693 1694 1733
f 1734 1693 1733
f 1692 1693 1734
f 1718 1692 1734
f 1691 1692 1718
f 1690 1691 1718
f 1735 1727 1726
f 1727 1736 1728
f 1737 1736 1727
f 1735 1737 1727
f 1711 1738 1739
f 1740 1738 1711
f 1728 1740 1711
f 1741 1740 1728
f 1736 1741 1728
f 1742 1711 1739
f 1710 1711 1742
f 1743 1710 1742
f 1744 1710 1743
f 1712 1710 1744
f 1745 1712 1744
f 1712 1746 1713
f 1747 1746 1712
f 1745 1747 1712
f 1714 1748 1749
f 1750 1748 1714
f 1713 1750 1714
f 1751 1750 1713
f 1746 1751 1713
f 1752 1714 1749
f 1715 1714 1752
f 1753 1715 1752
f 1754 1715 1753
f 1716 1715 1754
f 1755 1716 1754
f 1756 1716 1755
f 1729 1716 1756
f 1757 1729 1756
f 1729 1758 1730
f 1759 1758 1729
f 1757 1759 1729
f 1731 1760 1761
f 1762 1760 1731
f 1730 1762 1731
f 1763 1762 1730
f 1758 1763 1730
f 1764 1731 1761
f 1732 1731 1764
f 1765 1732 1764
f 1766 1732 1765
f 1733 1732 1766
f 1767 1733 1766
f 1733 1768 1734
f 1769 1768 1733
f 1767 1769 1733
f 1718 1770 1771
f 1772 1770 1718
f 1734 1772 1718
f 1773 1772 1734
f 1768 1773 1734
f 1774 1718 1771
f 1717 1718 1774
f 1775 1717 1774
f 1776 1717 1775
f 1719 1717 1776
f 1777 1719 1776
f 1778 1719 1777
f 1720 1719 1778
f 1779 1720 1778
f 1720 1780 1721
f 1781 1780 1720
f 1779 1781 1720
f 1722 1782 1783
f 1784 1782 1722
f 1721 1784 1722
f 1785 1784 1721
f 1780 1785 1721
f 1786 1722 1783
f 1723 1722 1786
f 1787 1723 1786
f 1788 1723 1787
f 1724 1723 1788
f 1789 1724 1788
f 1724 1790 1725
f 1791 1790 1724
f 1789 1791 1724
f 1726 1792 1735
f 1793 1792 1726
f 1725 1793 1726
f 1794 1793 1725
f 1790 1794 1725
f 1795 1796 1741
f 1796 1740 1741
f 1738 1740 1796
f 1797 1738 1796
f 1739 1738 1797
f 1798 1739 1797
f 1742 1739 1798
f 1799 1742 1798
f 1743 1742 1799
f 1799 1744 1743
f 1745 1744 1799
f 1800 1745 1799
f 1747 1745 1800
f 1801 1747 1800
f 1746 1747 1801
f 1802 1746 1801
f 1751 1746 1802
f 1802 1750 1751
f 1748 1750 1802
f 1803 1748 1802
f 1749 1748 1803
f 1804 1749 1803
f 1752 1749 1804
f 1805 1752 1804
f 1753 1752 1805
f 1805 1754 1753
f 1755 1754 1805
f 1806 1755 1805
f 1806 1756 1755
f 1757 1756 1806
f 1807 1757 1806
f 1759 1757 1807
f 1808 1759 1807
f 1808 1758 1759
f 1763 1758 1808
f 1809 1763 1808
f 1809 1762 1763
f 1760 1762 1809
f 1810 1760 1809
f 1761 1760 1810
f 1811 1761 1810
f 1764 1761 1811
f 1812 1764 1811
f 1765 1764 1812
f 1812 1766 1765
f 1767 1766 1812
f 1813 1767 1812
f 1769 1767 1813
f 1814 1769 1813
f 1768 1769 1814
f 1815 1768 1814
f 1773 1768 1815
f 1815 1772 1773
f 1770 1772 1815
f 1816 1770 1815
f 1771 1770 1816
f 1817 1771 1816
f 1817 1774 1771
f 1775 1774 1817
f 1818 1775 1817
f 1818 1776 1775
f 1777 1776 1818
f 1819 1777 1818
f 1819 1778 1777
f 1779 1778 1819
f 1820 1779 1819
f 1781 1779 1820
f 1821 1781 1820
f 1821 1780 1781
f 1785 1780 1821
f 1822 1785 1821
f 1822 1784 1785
f 1782 1784 1822
f 1823 1782 1822
f 1783 1782 1823
f 1824 1783 1823
f 1786 1783 1824
f 1825 1786 1824
f 1787 1786 1825
f 1825 1788 1787
f 1789 1788 1825
f 1826 1789 1825
f 1791 1789 1826
f 1827 1791 1826
f 1790 1791 1827
f 1828 1790 1827
f 1794 1790 1828
f 1828 1793 1794
f 1792 1793 1828
f 1829 1792 1828
f 1735 1792 1829
f 1830 1735 1829
f 1737 1735 1830
f 1795 1737 1830
f 1736 1737 1795
f 1741 1736 1795
f 1828 1831 1829
f 1832 1831 1828
f 1827 1832 1828
f 1833 1832 1827
f 1826 1833 1827
f 1834 1833 1826
f 1825 1834 1826
f 1835 1834 1825
f 1824 1835 1825
f 1836 1835 1824
f 1823 1836 1824
f 1837 1836 1823
f 1822 1837 1823
f 1838 1837 1822
f 1821 1838 1822
f 1839 1838 1821
f 1820 1839 1821
f 1840 1839 1820
f 1819 1840 1820
f 1841 1840 1819
f 1818 1841 1819
f 1842 1841 1818
f 1817 1842 1818
f 1843 1842 1817
f 1816 1843 1817
f 1844 1843 1816
f 1815 1844 1816
f 1845 1844 1815
f 1814 1845 1815
f 1846 1845 1814
f 1813 1846 1814
f 1847 1846 1813
f 1812 1847 1813
f 1848 1847 1812
f 1811 1848 1812
f 1849 1848 1811
f 1810 1849 1811
f 1850 1849 1810
f 1809 1850 1810
f 1851 1850 1809
f 1808 1851 1809
f 1852 1851 1808
f 1807 1852 1808
f 1853 1852 1807
f 1806 1853 1807
f 1854 1853 1806
f 1805 1854 1806
f 1855 1854 1805
f 1804 1855 1805
f 1856 1855 1804
f 1803 1856 1804
f 1857 1856 1803
f 1802 1857 1803
f 1858 1857 1802
f 1801 1858 1802
f 1859 1858 1801
f 1800 1859 1801
f 1860 1859 1800
f 1799 1860 1800
f 1861 1860 1799
f 1798 1861 1799
f 1862 1861 1798
f 1797 1862 1798
f 1863 1862 1797
f 1796 1863 1797
f 1864 1863 1796
f 1795 1864 1796
f 1865 1864 1795
f 1830 1865 1795
f 1866 1865 1830
f 1829 1866 1830
f 1831 1866 1829
f 1831 1867 1866
f 1868 1867 1831
f 1832 1868 1831
f 1869 1868 1832
f 1833 1869 1832
f 1870 1869 1833
f 1834 1870 1833
f 1871 1870 1834
f 1835 1871 1834
f 1872 1871 1835
f 1836 1872 1835
f 1873 1872 1836
f 1837 1873 1836
f 1874 1873 1837
f 1838 1874 1837
f 1875 1874 1838
f 1839 1875 1838
f 1876 1875 1839
f 1840 1876 1839
f 1877 1876 1840
f 1841 1877 1840
f 1878 1877 1841
f 1842 1878 1841
f 1879 1878 1842
f 1843 1879 1842
f 1880 1879 1843
f 1844 1880 1843
f 1881 1880 1844
f 1845 1881 1844
f 1882 1881 1845
f 1846 1882 1845
f 1883 1882 1846
f 1847 1883 1846
f 1884 1883 1847
f 1848 1884 1847
f 1885 1884 1848
f 1849 1885 1848
f 1886 1885 1849
f 1850 1886 1849
f 1887 1886 1850
f 1851 1887 1850
f 1888 1887 1851
f 1852 1888 1851
f 1889 1888 1852
f 1853 1889 1852
f 1890 1889 1853
f 1854 1890 1853
f 1891 1890 1854
f 1855 1891 1854
f 1892 1891 1855
f 1856 1892 1855
f 1893 1892 1856
f 1857 1893 1856
f 1894 1893 1857
f 1858 1894 1857
f 1895 1894 1858
f 1859 1895 1858
f 1896 1895 1859
f 1860 1896 1859
f 1897 1896 1860
f 1861 1897 1860
f 1898 1897 1861
f 1862 1898 1861
f 1899 1898 1862
f 1863 1899 1862
f 1900 1899 1863
f 1864 1900 1863
f 1901 1900 1864
f 1865 1901 1864
f 1902 1901 1865
f 1866 1902 1865
f 1867 1902 1866
f 1867 1903 1902
f 1904 1903 1867
f 1868 1904 1867
f 1905 1904 1868
f 1869 1905 1868
f 1906 1905 1869
f 1870 1906 1869
f 1907 1906 1870
f 1871 1907 1870
f 1908 1907 1871
f 1872 1908 1871
f 1909 1908 1872
f 1873 1909 1872
f 1910 1909 1873
f 1874 1910 1873
f 1911 1910 1874
f 1875 1911 1874
f 1912 1911 1875
f 1876 1912 1875
f 1913 1912 1876
f 1877 1913 1876
f 1914 1913 1877
f 1878 1914 1877
f 1915 1914 1878
f 1879 1915 1878
f 1916 1915 1879
f 1880 1916 1879
f 1917 1916 1880
f 1881 1917 1880
f 1918 1917 1881
f 1882 1918 1881
f 1919 1918 1882
f 1883 1919 1882
f 1920 1919 1883
f 1884 1920 1883
f 1921 1920 1884
f 1885 1921 1884
f 1922 1921 1885
f 1886 1922 1885
f 1923 1922 1886
f 1887 1923 1886
f 1924 1923 1887
f 1888 1924 1887
f 1925 1924 1888
f 1889 1925 1888
f 1926 1925 1889
f 1890 1926 1889
f 1927 1926 1890
f 1891 1927 1890
f 1928 1927 1891
f 1892 1928 1891
f 1929 1928 1892
f 1893 1929 1892
f 1930 1929 1893
f 1894 1930 1893
f 1931 1930 1894
f 1895 1931 1894
f 1932 1931 1895
f 1896 1932 1895
f 1933 1932 1896
f 1897 1933 1896
f 1934 1933 1897
f 1898 1934 1897
f 1935 1934 1898
f 1899 1935 1898
f 1936 1935 1899
f 1900 1936 1899
f 1937 1936 1900
f 1901 1937 1900
f 1938 1937 1901
f 1902 1938 1901
f 1903 1938 1902
f 1939 1940 1919
f 1905 1941 1942
f 1941 1907 1943
f 1906 1907 1941
f 1905 1906 1941
f 1940 1918 1919
f 1917 1918 1940
f 1944 1917 1940
f 1939 1921 1945
f 1920 1921 1939
f 1919 1920 1939
f 1943 1909 1946
f 1908 1909 1943
f 1907 1908 1943
f 1945 1923 1947
f 1922 1923 1945
f 1921 1922 1945
f 1946 1911 1948
f 1910 1911 1946
f 1909 1910 1946
f 1948 1913 1949
f 1912 1913 1948
f 1911 1912 1948
f 1950 1951 1929
f 1950 1931 1952
f 1930 1931 1950
f 1929 1930 1950
f 1953 1954 1935
f 1944 1916 1917
f 1915 1916 1944
f 1949 1915 1944
f 1914 1915 1949
f 1913 1914 1949
f 1947 1925 1955
f 1924 1925 1947
f 1923 1924 1947
f 1954 1934 1935
f 1933 1934 1954
f 1952 1933 1954
f 1932 1933 1952
f 1931 1932 1952
f 1953 1937 1956
f 1936 1937 1953
f 1935 1936 1953
f 1951 1928 1929
f 1927 1928 1951
f 1955 1927 1951
f 1926 1927 1955
f 1925 1926 1955
f 1942 1904 1905
f 1903 1904 1942
f 1956 1903 1942
f 1938 1903 1956
f 1937 1938 1956
f 1941 1943 1957
f 1941 1958 1942
f 1959 1958 1941
f 1957 1959 1941
f 1942 1960 1956
f 1961 1960 1942
f 1958 1961 1942
f 1948 1949 1962
f 1948 1963 1946
f 1964 1963 1948
f 1962 1964 1948
f 1946 1965 1943
f 1966 1965 1946
f 1963 1966 1946
f 1940 1939 1967
f 1940 1968 1944
f 1969 1968 1940
f 1967 1969 1940
f 1944 1970 1949
f 1971 1970 1944
f 1968 1971 1944
f 1947 1955 1972
f 1947 1973 1945
f 1974 1973 1947
f 1972 1974 1947
f 1945 1975 1939
f 1976 1975 1945
f 1973 1976 1945
f 1950 1952 1977
f 1950 1978 1951
f 1979 1978 1950
f 1977 1979 1950
f 1951 1980 1955
f 1981 1980 1951
f 1978 1981 1951
f 1953 1956 1982
f 1953 1983 1954
f 1984 1983 1953
f 1982 1984 1953
f 1954 1985 1952
f 1986 1985 1954
f 1983 1986 1954
f 1987 1988 1961
f 1958 1987 1961
f 1989 1987 1958
f 1959 1989 1958
f 1990 1989 1959
f 1957 1990 1959
f 1991 1990 1957
f 1943 1991 1957
f 1992 1961 1988
f 1960 1961 1992
f 1956 1960 1992
f 1962 1949 1993
f 1994 1962 1993
f 1964 1962 1994
f 1995 1964 1994
f 1963 1964 1995
f 1996 1963 1995
f 1966 1963 1996
f 1991 1966 1996
f 1965 1966 1991
f 1943 1965 1991
f 1967 1939 1997
f 1998 1967 1997
f 1969 1967 1998
f 1999 1969 1998
f 1968 1969 1999
f 2000 1968 1999
f 2001 1968 2000
f 1971 1968 2001
f 1993 1971 2001
f 1970 1971 1993
f 1949 1970 1993
f 2002 1973 1974
f 2003 1973 2002
f 1976 1973 2003
f 1997 1976 2003
f 1975 1976 1997
f 1939 1975 1997
f 1974 2004 2002
f 2005 2004 1974
f 1972 2005 1974
f 2006 2005 1972
f 1955 2006 1972
f 2006 1981 1978
f 1980 1981 2006
f 1955 1980 2006
f 2007 1977 1952
f 1979 1977 2007
f 2008 1979 2007
f 1978 1979 2008
f 2009 1978 2008
f 2006 1978 2009
f 1985 2007 1952
f 2010 2007 1985
f 1986 2010 1985
f 2011 2010 1986
f 1983 2011 1986
f 2012 2011 1983
f 1984 2012 1983
f 2013 2012 1984
f 1982 2013 1984
f 1992 2013 1982
f 1956 1992 1982
f 2013 1992 1988
f 2014 2015 2012
f 2008 2007 2010
f 1994 1993 2001
f 2016 2001 2017
f 1994 2001 2016
f 2018 1994 2016
f 1995 1994 2018
f 2019 1995 2018
f 1996 1995 2019
f 2020 1996 2019
f 2021 1996 2020
f 1998 1997 2003
f 2022 2003 2023
f 1998 2003 2022
f 2024 1998 2022
f 1999 1998 2024
f 2017 1999 2024
f 2000 1999 2017
f 2001 2000 2017
f 2005 2006 2009
f 2025 2009 2008
f 2005 2009 2025
f 2026 2005 2025
f 2004 2005 2026
f 2023 2004 2026
f 2002 2004 2023
f 2003 2002 2023
f 2027 2012 2015
f 2008 2028 2025
f 2029 2028 2008
f 2010 2029 2008
f 2027 2029 2010
f 2011 2027 2010
f 2012 2027 2011
f 2030 1987 1989
f 1988 1987 2030
f 2014 1988 2030
f 2013 1988 2014
f 2012 2013 2014
f 1989 2031 2030
f 2021 2031 1989
f 1990 2021 1989
f 1996 2021 1990
f 1991 1996 1990
f 2032 2029 2027
f 2028 2029 2032
f 2025 2028 2032
f 2032 2014 2030
f 2015 2014 2032
f 2027 2015 2032
f 2032 2021 2020
f 2031 2021 2032
f 2030 2031 2032
f 2032 2018 2016
f 2019 2018 2032
f 2020 2019 2032
f 2032 2024 2022
f 2017 2024 2032
f 2016 2017 2032
f 2032 2026 2025
f 2023 2026 2032
f 2022 2023 2032
f 2033 2034 2035
f 2036 2034 2033
f 2037 2036 2033
f 2033 2038 2039
f 2040 2038 2033
f 2035 2040 2033
f 2033 2041 2042
f 2043 2041 2033
f 2039 2043 2033
f 2033 2044 2045
f 2046 2044 2033
f 2042 2046 2033
f 2033 2047 2048
f 2049 2047 2033
f 2045 2049 2033
f 2033 2050 2037
f 2051 2050 2033
f 2048 2051 2033
f 2052 2044 2053
f 2045 2044 2052
f 2054 2045 2052
f 2049 2045 2054
f 2055 2049 2054
f 2047 2049 2055
f 2056 2047 2055
f 2048 2047 2056
f 2057 2048 2056
f 2051 2048 2057
f 2058 2051 2057
f 2050 2051 2058
f 2059 2050 2058
f 2037 2050 2059
f 2060 2037 2059
f 2036 2037 2060
f 2061 2036 2060
f 2034 2036 2061
f 2062 2034 2061
f 2035 2034 2062
f 2063 2035 2062
f 2040 2035 2063
f 2064 2040 2063
f 2038 2040 2064
f 2065 2038 2064
f 2039 2038 2065
f 2066 2039 2065
f 2043 2039 2066
f 2067 2043 2066
f 2041 2043 2067
f 2068 2041 2067
f 2042 2041 2068
f 2069 2042 2068
f 2046 2042 2069
f 2053 2046 2069
f 2044 2046 2053
f 2070 2062 2061
f 2062 2071 2072
f 2073 2071 2062
f 2070 2073 2062
f 2074 2062 2072
f 2063 2062 2074
f 2075 2063 2074
f 2064 2063 2075
f 2076 2064 2075
f 2077 2064 2076
f 2065 2064 2077
f 2078 2065 2077
f 2065 2079 2080
f 2081 2079 2065
f 2078 2081 2065
f 2082 2065 2080
f 2066 2065 2082
f 2083 2066 2082
f 2067 2066 2083
f 2084 2067 2083
f 2085 2067 2084
f 2068 2067 2085
f 2086 2068 2085
f 2068 2087 2069
f 2088 2087 2068
f 2086 2088 2068
f 2069 2089 2053
f 2090 2089 2069
f 2087 2090 2069
f 2053 2091 2092
f 2093 2091 2053
f 2089 2093 2053
f 2052 2094 2054
f 2095 2094 2052
f 2053 2095 2052
f 2096 2095 2053
f 2092 2096 2053
f 2055 2097 2098
f 2099 2097 2055
f 2054 2099 2055
f 2100 2099 2054
f 2094 2100 2054
f 2101 2055 2098
f 2056 2055 2101
f 2102 2056 2101
f 2103 2056 2102
f 2057 2056 2103
f 2104 2057 2103
f 2057 2105 2106
f 2107 2105 2057
f 2104 2107 2057
f 2108 2057 2106
f 2058 2057 2108
f 2109 2058 2108
f 2059 2058 2109
f 2110 2059 2109
f 2111 2059 2110
f 2060 2059 2111
f 2112 2060 2111
f 2061 2113 2070
f 2114 2113 2061
f 2060 2114 2061
f 2115 2114 2060
f 2112 2115 2060
f 2071 2116 2117
f 2117 2072 2071
f 2074 2072 2117
f 2118 2074 2117
f 2075 2074 2118
f 2119 2075 2118
f 2119 2076 2075
f 2077 2076 2119
f 2120 2077 2119
f 2120 2078 2077
f 2081 2078 2120
f 2121 2081 2120
f 2079 2081 2121
f 2122 2079 2121
f 2122 2080 2079
f 2082 2080 2122
f 2123 2082 2122
f 2083 2082 2123
f 2124 2083 2123
f 2124 2084 2083
f 2085 2084 2124
f 2125 2085 2124
f 2125 2086 2085
f 2088 2086 2125
f 2126 2088 2125
f 2087 2088 2126
f 2127 2087 2126
f 2127 2090 2087
f 2089 2090 2127
f 2128 2089 2127
f 2093 2089 2128
f 2129 2093 2128
f 2129 2091 2093
f 2092 2091 2129
f 2130 2092 2129
f 2130 2096 2092
f 2095 2096 2130
f 2131 2095 2130
f 2094 2095 2131
f 2132 2094 2131
f 2132 2100 2094
f 2099 2100 2132
f 2133 2099 2132
f 2133 2097 2099
f 2098 2097 2133
f 2134 2098 2133
f 2101 2098 2134
f 2135 2101 2134
f 2135 2102 2101
f 2103 2102 2135
f 2136 2103 2135
f 2104 2103 2136
f 2137 2104 2136
f 2137 2107 2104
f 2105 2107 2137
f 2138 2105 2137
f 2138 2106 2105
f 2108 2106 2138
f 2139 2108 2138
f 2109 2108 2139
f 2140 2109 2139
f 2140 2110 2109
f 2111 2110 2140
f 2141 2111 2140
f 2141 2112 2111
f 2115 2112 2141
f 2142 2115 2141
f 2114 2115 2142
f 2143 2114 2142
f 2113 2114 2143
f 2144 2113 2143
f 2070 2113 2144
f 2116 2070 2144
f 2073 2070 2116
f 2071 2073 2116
f 2141 2145 2142
f 2146 2145 2141
f 2140 2146 2141
f 2147 2146 2140
f 2139 2147 2140
f 2148 2147 2139
f 2138 2148 2139
f 2149 2148 2138
f 2137 2149 2138
f 2150 2149 2137
f 2136 2150 2137
f 2151 2150 2136
f 2135 2151 2136
f 2152 2151 2135
f 2134 2152 2135
f 2153 2152 2134
f 2133 2153 2134
f 2154 2153 2133
f 2132 2154 2133
f 2155 2154 2132
f 2131 2155 2132
f 2156 2155 2131
f 2130 2156 2131
f 2157 2156 2130
f 2129 2157 2130
f 2158 2157 2129
f 2128 2158 2129
f 2159 2158 2128
f 2127 2159 2128
f 2160 2159 2127
f 2126 2160 2127
f 2161 2160 2126
f 2125 2161 2126
f 2162 2161 2125
f 2124 2162 2125
f 2163 2162 2124
f 2123 2163 2124
f 2164 2163 2123
f 2122 2164 2123
f 2165 2164 2122
f 2121 2165 2122
f 2166 2165 2121
f 2120 2166 2121
f 2167 2166 2120
f 2119 2167 2120
f 2168 2167 2119
f 2118 2168 2119
f 2169 2168 2118
f 2117 2169 2118
f 2170 2169 2117
f 2116 2170 2117
f 2171 2170 2116
f 2144 2171 2116
f 2172 2171 2144
f 2143 2172 2144
f 2173 2172 2143
f 2142 2173 2143
f 2145 2173 2142
f 2146 2174 2145
f 2175 2174 2146
f 2147 2175 2146
f 2176 2175 2147
f 2148 2176 2147
f 2177 2176 2148
f 2149 2177 2148
f 2178 2177 2149
f 2150 2178 2149
f 2179 2178 2150
f 2151 2179 2150
f 2180 2179 2151
f 2152 2180 2151
f 2181 2180 2152
f 2153 2181 2152
f 2182 2181 2153
f 2154 2182 2153
f 2183 2182 2154
f 2155 2183 2154
f 2184 2183 2155
f 2156 2184 2155
f 2185 2184 2156
f 2157 2185 2156
f 2186 2185 2157
f 2158 2186 2157
f 2187 2186 2158
f 2159 2187 2158
f 2188 2187 2159
f 2160 2188 2159
f 2189 2188 2160
f 2161 2189 2160
f 2190 2189 2161
f 2162 2190 2161
f 2191 2190 2162
f 2163 2191 2162
f 2192 2191 2163
f 2164 2192 2163
f 2193 2192 2164
f 2165 2193 2164
f 2194 2193 2165
f 2166 2194 2165
f 2195 2194 2166
f 2167 2195 2166
f 2196 2195 2167
f 2168 2196 2167
f 2197 2196 2168
f 2169 2197 2168
f 2198 2197 2169
f 2170 2198 2169
f 2199 2198 2170
f 2171 2199 2170
f 2200 2199 2171
f 2172 2200 2171
f 2201 2200 2172
f 2173 2201 2172
f 2202 2201 2173
f 2145 2202 2173
f 2174 2202 2145
f 2175 2203 2174
f 2204 2203 2175
f 2176 2204 2175
f 2205 2204 2176
f 2177 2205 2176
f 2206 2205 2177
f 2178 2206 2177
f 2207 2206 2178
f 2179 2207 2178
f 2208 2207 2179
f 2180 2208 2179
f 2209 2208 2180
f 2181 2209 2180
f 2210 2209 2181
f 2182 2210 2181
f 2211 2210 2182
f 2183 2211 2182
f 2212 2211 2183
f 2184 2212 2183
f 2213 2212 2184
f 2185 2213 2184
f 2214 2213 2185
f 2186 2214 2185
f 2215 2214 2186
f 2187 2215 2186
f 2216 2215 2187
f 2188 2216 2187
f 2217 2216 2188
f 2189 2217 2188
f 2218 2217 2189
f 2190 2218 2189
f 2219 2218 2190
f 2191 2219 2190
f 2220 2219 2191
f 2192 2220 2191
f 2221 2220 2192
f 2193 2221 2192
f 2222 2221 2193
f 2194 2222 2193
f 2223 2222 2194
f 2195 2223 2194
f 2224 2223 2195
f 2196 2224 2195
f 2225 2224 2196
f 2197 2225 2196
f 2226 2225 2197
f 2198 2226 2197
f 2227 2226 2198
f 2199 2227 2198
f 2228 2227 2199
f 2200 2228 2199
f 2229 2228 2200
f 2201 2229 2200
f 2230 2229 2201
f 2202 2230 2201
f 2231 2230 2202
f 2174 2231 2202
f 2203 2231 2174
f 2232 2227 2233
f 2226 2227 2232
f 2234 2226 2232
f 2225 2226 2234
f 2235 2225 2234
f 2224 2225 2235
f 2236 2224 2235
f 2223 2224 2236
f 2237 2223 2236
f 2222 2223 2237
f 2238 2222 2237
f 2239 2212 2240
f 2211 2212 2239
f 2241 2211 2239
f 2210 2211 2241
f 2242 2210 2241
f 2209 2210 2242
f 2243 2209 2242
f 2208 2209 2243
f 2244 2208 2243
f 2207 2208 2244
f 2245 2207 2244
f 2245 2206 2207
f 2205 2206 2245
f 2246 2205 2245
f 2204 2205 2246
f 2247 2204 2246
f 2203 2204 2247
f 2248 2203 2247
f 2231 2203 2248
f 2249 2231 2248
f 2230 2231 2249
f 2250 2230 2249
f 2229 2230 2250
f 2233 2229 2250
f 2228 2229 2233
f 2227 2228 2233
f 2238 2221 2222
f 2220 2221 2238
f 2251 2220 2238
f 2219 2220 2251
f 2252 2219 2251
f 2218 2219 2252
f 2253 2218 2252
f 2217 2218 2253
f 2254 2217 2253
f 2216 2217 2254
f 2255 2216 2254
f 2215 2216 2255
f 2256 2215 2255
f 2214 2215 2256
f 2240 2214 2256
f 2213 2214 2240
f 2212 2213 2240
f 2257 2249 2248
f 2249 2258 2250
f 2259 2258 2249
f 2257 2259 2249
f 2233 2260 2261
f 2262 2260 2233
f 2250 2262 2233
f 2263 2262 2250
f 2258 2263 2250
f 2264 2233 2261
f 2232 2233 2264
f 2265 2232 2264
f 2266 2232 2265
f 2234 2232 2266
f 2267 2234 2266
f 2234 2268 2235
f 2269 2268 2234
f 2267 2269 2234
f 2236 2270 2271
f 2272 2270 2236
f 2235 2272 2236
f 2273 2272 2235
f 2268 2273 2235
f 2274 2236 2271
f 2237 2236 2274
f 2275 2237 2274
f 2276 2237 2275
f 2238 2237 2276
f 2277 2238 2276
f 2278 2238 2277
f 2251 2238 2278
f 2279 2251 2278
f 2251 2280 2252
f 2281 2280 2251
f 2279 2281 2251
f 2253 2282 2283
f 2284 2282 2253
f 2252 2284 2253
f 2285 2284 2252
f 2280 2285 2252
f 2286 2253 2283
f 2254 2253 2286
f 2287 2254 2286
f 2288 2254 2287
f 2255 2254 2288
f 2289 2255 2288
f 2255 2290 2256
f 2291 2290 2255
f 2289 2291 2255
f 2240 2292 2293
f 2294 2292 2240
f 2256 2294 2240
f 2295 2294 2256
f 2290 2295 2256
f 2296 2240 2293
f 2239 2240 2296
f 2297 2239 2296
f 2298 2239 2297
f 2241 2239 2298
f 2299 2241 2298
f 2300 2241 2299
f 2242 2241 2300
f 2301 2242 2300
f 2242 2302 2243
f 2303 2302 2242
f 2301 2303 2242
f 2244 2304 2305
f 2306 2304 2244
f 2243 2306 2244
f 2307 2306 2243
f 2302 2307 2243
f 2308 2244 2305
f 2245 2244 2308
f 2309 2245 2308
f 2310 2245 2309
f 2246 2245 2310
f 2311 2246 2310
f 2246 2312 2247
f 2313 2312 2246
f 2311 2313 2246
f 2248 2314 2257
f 2315 2314 2248
f 2247 2315 2248
f 2316 2315 2247
f 2312 2316 2247
f 2317 2318 2263
f 2318 2262 2263
f 2260 2262 2318
f 2319 2260 2318
f 2261 2260 2319
f 2320 2261 2319
f 2264 2261 2320
f 2321 2264 2320
f 2265 2264 2321
f 2321 2266 2265
f 2267 2266 2321
f 2322 2267 2321
f 2269 2267 2322
f 2323 2269 2322
f 2268 2269 2323
f 2324 2268 2323
f 2273 2268 2324
f 2324 2272 2273
f 2270 2272 2324
f 2325 2270 2324
f 2271 2270 2325
f 2326 2271 2325
f 2274 2271 2326
f 2327 2274 2326
f 2275 2274 2327
f 2327 2276 2275
f 2277 2276 2327
f 2328 2277 2327
f 2328 2278 2277
f 2279 2278 2328
f 2329 2279 2328
f 2281 2279 2329
f 2330 2281 2329
f 2330 2280 2281
f 2285 2280 2330
f 2331 2285 2330
f 2331 2284 2285
f 2282 2284 2331
f 2332 2282 2331
f 2283 2282 2332
f 2333 2283 2332
f 2286 2283 2333
f 2334 2286 2333
f 2287 2286 2334
f 2334 2288 2287
f 2289 2288 2334
f 2335 2289 2334
f 2291 2289 2335
f 2336 2291 2335
f 2290 2291 2336
f 2337 2290 2336
f 2295 2290 2337
f 2337 2294 2295
f 2292 2294 2337
f 2338 2292 2337
f 2293 2292 2338
f 2339 2293 2338
f 2339 2296 2293
f 2297 2296 2339
f 2340 2297 2339
f 2340 2298 2297
f 2299 2298 2340
f 2341 2299 2340
f 2341 2300 2299
f 2301 2300 2341
f 2342 2301 2341
f 2303 2301 2342
f 2343 2303 2342
f 2343 2302 2303
f 2307 2302 2343
f 2344 2307 2343
f 2344 2306 2307
f 2304 2306 2344
f 2345 2304 2344
f 2305 2304 2345
f 2346 2305 2345
f 2308 2305 2346
f 2347 2308 2346
f 2309 2308 2347
f 2347 2310 2309
f 2311 2310 2347
f 2348 2311 2347
f 2313 2311 2348
f 2349 2313 2348
f 2312 2313 2349
f 2350 2312 2349
f 2316 2312 2350
f 2350 2315 2316
f 2314 2315 2350
f 2351 2314 2350
f 2257 2314 2351
f 2352 2257 2351
f 2259 2257 2352
f 2317 2259 2352
f 2258 2259 2317
f 2263 2258 2317
f 2350 2353 2351
f 2354 2353 2350
f 2349 2354 2350
f 2355 2354 2349
f 2348 2355 2349
f 2356 2355 2348
f 2347 2356 2348
f 2357 2356 2347
f 2346 2357 2347
f 2358 2357 2346
f 2345 2358 2346
f 2359 2358 2345
f 2344 2359 2345
f 2360 2359 2344
f 2343 2360 2344
f 2361 2360 2343
f 2342 2361 2343
f 2362 2361 2342
f 2341 2362 2342
f 2363 2362 2341
f 2340 2363 2341
f 2364 2363 2340
f 2339 2364 2340
f 2365 2364 2339
f 2338 2365 2339
f 2366 2365 2338
f 2337 2366 2338
f 2367 2366 2337
f 2336 2367 2337
f 2368 2367 2336
f 2335 2368 2336
f 2369 2368 2335
f 2334 2369 2335
f 2370 2369 2334
f 2333 2370 2334
f 2371 2370 2333
f 2332 2371 2333
f 2372 2371 2332
f 2331 2372 2332
f 2373 2372 2331
f 2330 2373 2331
f 2374 2373 2330
f 2329 2374 2330
f 2375 2374 2329
f 2328 2375 2329
f 2376 2375 2328
f 2327 2376 2328
f 2377 2376 2327
f 2326 2377 2327
f 2378 2377 2326
f 2325 2378 2326
f 2379 2378 2325
f 2324 2379 2325
f 2380 2379 2324
f 2323 2380 2324
f 2381 2380 2323
f 2322 2381 2323
f 2382 2381 2322
f 2321 2382 2322
f 2383 2382 2321
f 2320 2383 2321
f 2384 2383 2320
f 2319 2384 2320
f 2385 2384 2319
f 2318 2385 2319
f 2386 2385 2318
f 2317 2386 2318
f 2387 2386 2317
f 2352 2387 2317
f 2388 2387 2352
f 2351 2388 2352
f 2353 2388 2351
f 2353 2389 2388
f 2390 2389 2353
f 2354 2390 2353
f 2391 2390 2354
f 2355 2391 2354
f 2392 2391 2355
f 2356 2392 2355
f 2393 2392 2356
f 2357 2393 2356
f 2394 2393 2357
f 2358 2394 2357
f 2395 2394 2358
f 2359 2395 2358
f 2396 2395 2359
f 2360 2396 2359
f 2397 2396 2360
f 2361 2397 2360
f 2398 2397 2361
f 2362 2398 2361
f 2399 2398 2362
f 2363 2399 2362
f 2400 2399 2363
f 2364 2400 2363
f 2401 2400 2364
f 2365 2401 2364
f 2402 2401 2365
f 2366 2402 2365
f 2403 2402 2366
f 2367 2403 2366
f 2404 2403 2367
f 2368 2404 2367
f 2405 2404 2368
f 2369 2405 2368
f 2406 2405 2369
f 2370 2406 2369
f 2407 2406 2370
f 2371 2407 2370
f 2408 2407 2371
f 2372 2408 2371
f 2409 2408 2372
f 2373 2409 2372
f 2410 2409 2373
f 2374 2410 2373
f 2411 2410 2374
f 2375 2411 2374
f 2412 2411 2375
f 2376 2412 2375
f 2413 2412 2376
f 2377 2413 2376
f 2414 2413 2377
f 2378 2414 2377
f 2415 2414 2378
f 2379 2415 2378
f 2416 2415 2379
f 2380 2416 2379
f 2417 2416 2380
f 2381 2417 2380
f 2418 2417 2381
f 2382 2418 2381
f 2419 2418 2382
f 2383 2419 2382
f 2420 2419 2383
f 2384 2420 2383
f 2421 2420 2384
f 2385 2421 2384
f 2422 2421 2385
f 2386 2422 2385
f 2423 2422 2386
f 2387 2423 2386
f 2424 2423 2387
f 2388 2424 2387
f 2389 2424 2388
f 2389 2425 2424
f 2426 2425 2389
f 2390 2426 2389
f 2427 2426 2390
f 2391 2427 2390
f 2428 2427 2391
f 2392 2428 2391
f 2429 2428 2392
f 2393 2429 2392
f 2430 2429 2393
f 2394 2430 2393
f 2431 2430 2394
f 2395 2431 2394
f 2432 2431 2395
f 2396 2432 2395
f 2433 2432 2396
f 2397 2433 2396
f 2434 2433 2397
f 2398 2434 2397
f 2435 2434 2398
f 2399 2435 2398
f 2436 2435 2399
f 2400 2436 2399
f 2437 2436 2400
f 2401 2437 2400
f 2438 2437 2401
f 2402 2438 2401
f 2439 2438 2402
f 2403 2439 2402
f 2440 2439 2403
f 2404 2440 2403
f 2441 2440 2404
f 2405 2441 2404
f 2442 2441 2405
f 2406 2442 2405
f 2443 2442 2406
f 2407 2443 2406
f 2444 2443 2407
f 2408 2444 2407
f 2445 2444 2408
f 2409 2445 2408
f 2446 2445 2409
f 2410 2446 2409
f 2447 2446 2410
f 2411 2447 2410
f 2448 2447 2411
f 2412 2448 2411
f 2449 2448 2412
f 2413 2449 2412
f 2450 2449 2413
f 2414 2450 2413
f 2451 2450 2414
f 2415 2451 2414
f 2452 2451 2415
f 2416 2452 2415
f 2453 2452 2416
f 2417 2453 2416
f 2454 2453 2417
f 2418 2454 2417
f 2455 2454 2418
f 2419 2455 2418
f 2456 2455 2419
f 2420 2456 2419
f 2457 2456 2420
f 2421 2457 2420
f 2458 2457 2421
f 2422 2458 2421
f 2459 2458 2422
f 2423 2459 2422
f 2460 2459 2423
f 2424 2460 2423
f 2425 2460 2424
f 2461 2462 2441
f 2427 2463 2464
f 2463 2429 2465
f 2428 2429 2463
f 2427 2428 2463
f 2462 2440 2441
f 2439 2440 2462
f 2466 2439 2462
f 2461 2443 2467
f 2442 2443 2461
f 2441 2442 2461
f 2465 2431 2468
f 2430 2431 2465
f 2429 2430 2465
f 2467 2445 2469
f 2444 2445 2467
f 2443 2444 2467
f 2468 2433 2470
f 2432 2433 2468
f 2431 2432 2468
f 2470 2435 2471
f 2434 2435 2470
f 2433 2434 2470
f 2472 2473 2451
f 2472 2453 2474
f 2452 2453 2472
f 2451 2452 2472
f 2475 2476 2457
f 2466 2438 2439
f 2437 2438 2466
f 2471 2437 2466
f 2436 2437 2471
f 2435 2436 2471
f 2469 2447 2477
f 2446 2447 2469
f 2445 2446 2469
f 2476 2456 2457
f 2455 2456 2476
f 2474 2455 2476
f 2454 2455 2474
f 2453 2454 2474
f 2475 2459 2478
f 2458 2459 2475
f 2457 2458 2475
f 2473 2450 2451
f 2449 2450 2473
f 2477 2449 2473
f 2448 2449 2477
f 2447 2448 2477
f 2464 2426 2427
f 2425 2426 2464
f 2478 2425 2464
f 2460 2425 2478
f 2459 2460 2478
f 2463 2465 2479
f 2463 2480 2464
f 2481 2480 2463
f 2479 2481 2463
f 2464 2482 2478
f 2483 2482 2464
f 2480 2483 2464
f 2470 2471 2484
f 2470 2485 2468
f 2486 2485 2470
f 2484 2486 2470
f 2468 2487 2465
f 2488 2487 2468
f 2485 2488 2468
f 2462 2461 2489
f 2462 2490 2466
f 2491 2490 2462
f 2489 2491 2462
f 2466 2492 2471
f 2493 2492 2466
f 2490 2493 2466
f 2469 2477 2494
f 2469 2495 2467
f 2496 2495 2469
f 2494 2496 2469
f 2467 2497 2461
f 2498 2497 2467
f 2495 2498 2467
f 2472 2474 2499
f 2472 2500 2473
f 2501 2500 2472
f 2499 2501 2472
f 2473 2502 2477
f 2503 2502 2473
f 2500 2503 2473
f 2475 2478 2504
f 2475 2505 2476
f 2506 2505 2475
f 2504 2506 2475
f 2476 2507 2474
f 2508 2507 2476
f 2505 2508 2476
f 2509 2510 2483
f 2480 2509 2483
f 2511 2509 2480
f 2481 2511 2480
f 2512 2511 2481
f 2479 2512 2481
f 2513 2512 2479
f 2465 2513 2479
f 2514 2483 2510
f 2482 2483 2514
f 2478 2482 2514
f 2484 2471 2515
f 2516 2484 2515
f 2486 2484 2516
f 2517 2486 2516
f 2485 2486 2517
f 2518 2485 2517
f 2488 2485 2518
f 2513 2488 2518
f 2487 2488 2513
f 2465 2487 2513
f 2489 2461 2519
f 2520 2489 2519
f 2491 2489 2520
f 2521 2491 2520
f 2490 2491 2521
f 2522 2490 2521
f 2523 2490 2522
f 2493 2490 2523
f 2515 2493 2523
f 2492 2493 2515
f 2471 2492 2515
f 2524 2495 2496
f 2525 2495 2524
f 2498 2495 2525
f 2519 2498 2525
f 2497 2498 2519
f 2461 2497 2519
f 2496 2526 2524
f 2527 2526 2496
f 2494 2527 2496
f 2528 2527 2494
f 2477 2528 2494
f 2528 2503 2500
f 2502 2503 2528
f 2477 2502 2528
f 2529 2499 2474
f 2501 2499 2529
f 2530 2501 2529
f 2500 2501 2530
f 2531 2500 2530
f 2528 2500 2531
f 2507 2529 2474
f 2532 2529 2507
f 2508 2532 2507
f 2533 2532 2508
f 2505 2533 2508
f 2534 2533 2505
f 2506 2534 2505
f 2535 2534 2506
f 2504 2535 2506
f 2514 2535 2504
f 2478 2514 2504
f 2535 2514 2510
f 2536 2537 2534
f 2530 2529 2532
f 2516 2515 2523
f 2538 2523 2539
f 2516 2523 2538
f 2540 2516 2538
f 2517 2516 2540
f 2541 2517 2540
f 2518 2517 2541
f 2542 2518 2541
f 2543 2518 2542
f 2520 2519 2525
f 2544 2525 2545
f 2520 2525 2544
f 2546 2520 2544
f 2521 2520 2546
f 2539 2521 2546
f 2522 2521 2539
f 2523 2522 2539
f 2527 2528 2531
f 2547 2531 2530
f 2527 2531 2547
f 2548 2527 2547
f 2526 2527 2548
f 2545 2526 2548
f 2524 2526 2545
f 2525 2524 2545
f 2549 2534 2537
f 2530 2550 2547
f 2551 2550 2530
f 2532 2551 2530
f 2549 2551 2532
f 2533 2549 2532
f 2534 2549 2533
f 2552 2509 2511
f 2510 2509 2552
f 2536 2510 2552
f 2535 2510 2536
f 2534 2535 2536
f 2511 2553 2552
f 2543 2553 2511
f 2512 2543 2511
f 2518 2543 2512
f 2513 2518 2512
f 2554 2551 2549
f 2550 2551 2554
f 2547 2550 2554
f 2554 2536 2552
f 2537 2536 2554
f 2549 2537 2554
f 2554 2543 2542
f 2553 2543 2554
f 2552 2553 2554
f 2554 2540 2538
f 2541 2540 2554
f 2542 2541 2554
f 2554 2546 2544
f 2539 2546 2554
f 2538 2539 2554
f 2554 2548 2547
f 2545 2548 2554
f 2544 2545 2554
f 2555 2556 2557
f 2558 2556 2555
f 2559 2558 2555
f 2555 2560 2561
f 2562 2560 2555
f 2557 2562 2555
f 2555 2563 2564
f 2565 2563 2555
f 2561 2565 2555
f 2555 2566 2567
f 2568 2566 2555
f 2564 2568 2555
f 2555 2569 2570
f 2571 2569 2555
f 2567 2571 2555
f 2555 2572 2559
f 2573 2572 2555
f 2570 2573 2555
f 2574 2566 2575
f 2567 2566 2574
f 2576 2567 2574
f 2571 2567 2576
f 2577 2571 2576
f 2569 2571 2577
f 2578 2569 2577
f 2570 2569 2578
f 2579 2570 2578
f 2573 2570 2579
f 2580 2573 2579
f 2572 2573 2580
f 2581 2572 2580
f 2559 2572 2581
f 2582 2559 2581
f 2558 2559 2582
f 2583 2558 2582
f 2556 2558 2583
f 2584 2556 2583
f 2557 2556 2584
f 2585 2557 2584
f 2562 2557 2585
f 2586 2562 2585
f 2560 2562 2586
f 2587 2560 2586
f 2561 2560 2587
f 2588 2561 2587
f 2565 2561 2588
f 2589 2565 2588
f 2563 2565 2589
f 2590 2563 2589
f 2564 2563 2590
f 2591 2564 2590
f 2568 2564 2591
f 2575 2568 2591
f 2566 2568 2575
f 2592 2584 2583
f 2584 2593 2594
f 2595 2593 2584
f 2592 2595 2584
f 2596 2584 2594
f 2585 2584 2596
f 2597 2585 2596
f 2586 2585 2597
f 2598 2586 2597
f 2599 2586 2598
f 2587 2586 2599
f 2600 2587 2599
f 2587 2601 2602
f 2603 2601 2587
f 2600 2603 2587
f 2604 2587 2602
f 2588 2587 2604
f 2605 2588 2604
f 2589 2588 2605
f 2606 2589 2605
f 2607 2589 2606
f 2590 2589 2607
f 2608 2590 2607
f 2590 2609 2591
f 2610 2609 2590
f 2608 2610 2590
f 2591 2611 2575
f 2612 2611 2591
f 2609 2612 2591
f 2575 2613 2614
f 2615 2613 2575
f 2611 2615 2575
f 2574 2616 2576
f 2617 2616 2574
f 2575 2617 2574
f 2618 2617 2575
f 2614 2618 2575
f 2577 2619 2620
f 2621 2619 2577
f 2576 2621 2577
f 2622 2621 2576
f 2616 2622 2576
f 2623 2577 2620
f 2578 2577 2623
f 2624 2578 2623
f 2625 2578 2624
f 2579 2578 2625
f 2626 2579 2625
f 2579 2627 2628
f 2629 2627 2579
f 2626 2629 2579
f 2630 2579 2628
f 2580 2579 2630
f 2631 2580 2630
f 2581 2580 2631
f 2632 2581 2631
f 2633 2581 2632
f 2582 2581 2633
f 2634 2582 2633
f 2583 2635 2592
f 2636 2635 2583
f 2582 2636 2583
f 2637 2636 2582
f 2634 2637 2582
f 2593 2638 2639
f 2639 2594 2593
f 2596 2594 2639
f 2640 2596 2639
f 2597 2596 2640
f 2641 2597 2640
f 2641 2598 2597
f 2599 2598 2641
f 2642 2599 2641
f 2642 2600 2599
f 2603 2600 2642
f 2643 2603 2642
f 2601 2603 2643
f 2644 2601 2643
f 2644 2602 2601
f 2604 2602 2644
f 2645 2604 2644
f 2605 2604 2645
f 2646 2605 2645
f 2646 2606 2605
f 2607 2606 2646
f 2647 2607 2646
f 2647 2608 2607
f 2610 2608 2647
f 2648 2610 2647
f 2609 2610 2648
f 2649 2609 2648
f 2649 2612 2609
f 2611 2612 2649
f 2650 2611 2649
f 2615 2611 2650
f 2651 2615 2650
f 2651 2613 2615
f 2614 2613 2651
f 2652 2614 2651
f 2652 2618 2614
f 2617 2618 2652
f 2653 2617 2652
f 2616 2617 2653
f 2654 2616 2653
f 2654 2622 2616
f 2621 2622 2654
f 2655 2621 2654
f 2655 2619 2621
f 2620 2619 2655
f 2656 2620 2655
f 2623 2620 2656
f 2657 2623 2656
f 2657 2624 2623
f 2625 2624 2657
f 2658 2625 2657
f 2626 2625 2658
f 2659 2626 2658
f 2659 2629 2626
f 2627 2629 2659
f 2660 2627 2659
f 2660 2628 2627
f 2630 2628 2660
f 2661 2630 2660
f 2631 2630 2661
f 2662 2631 2661
f 2662 2632 2631
f 2633 2632 2662
f 2663 2633 2662
f 2663 2634 2633
f 2637 2634 2663
f 2664 2637 2663
f 2636 2637 2664
f 2665 2636 2664
f 2635 2636 2665
f 2666 2635 2665
f 2592 2635 2666
f 2638 2592 2666
f 2595 2592 2638
f 2593 2595 2638
f 2663 2667 2664
f 2668 2667 2663
f 2662 2668 2663
f 2669 2668 2662
f 2661 2669 2662
f 2670 2669 2661
f 2660 2670 2661
f 2671 2670 2660
f 2659 2671 2660
f 2672 2671 2659
f 2658 2672 2659
f 2673 2672 2658
f 2657 2673 2658
f 2674 2673 2657
f 2656 2674 2657
f 2675 2674 2656
f 2655 2675 2656
f 2676 2675 2655
f 2654 2676 2655
f 2677 2676 2654
f 2653 2677 2654
f 2678 2677 2653
f 2652 2678 2653
f 2679 2678 2652
f 2651 2679 2652
f 2680 2679 2651
f 2650 2680 2651
f 2681 2680 2650
f 2649 2681 2650
f 2682 2681 2649
f 2648 2682 2649
f 2683 2682 2648
f 2647 2683 2648
f 2684 2683 2647
f 2646 2684 2647
f 2685 2684 2646
f 2645 2685 2646
f 2686 2685 2645
f 2644 2686 2645
f 2687 2686 2644
f 2643 2687 2644
f 2688 2687 2643
f 2642 2688 2643
f 2689 2688 2642
f 2641 2689 2642
f 2690 2689 2641
f 2640 2690 2641
f 2691 2690 2640
f 2639 2691 2640
f 2692 2691 2639
f 2638 2692 2639
f 2693 2692 2638
f 2666 2693 2638
f 2694 2693 2666
f 2665 2694 2666
f 2695 2694 2665
f 2664 2695 2665
f 2667 2695 2664
f 2668 2696 2667
f 2697 2696 2668
f 2669 2697 2668
f 2698 2697 2669
f 2670 2698 2669
f 2699 2698 2670
f 2671 2699 2670
f 2700 2699 2671
f 2672 2700 2671
f 2701 2700 2672
f 2673 2701 2672
f 2702 2701 2673
f 2674 2702 2673
f 2703 2702 2674
f 2675 2703 2674
f 2704 2703 2675
f 2676 2704 2675
f 2705 2704 2676
f 2677 2705 2676
f 2706 2705 2677
f 2678 2706 2677
f 2707 2706 2678
f 2679 2707 2678
f 2708 2707 2679
f 2680 2708 2679
f 2709 2708 2680
f 2681 2709 2680
f 2710 2709 2681
f 2682 2710 2681
f 2711 2710 2682
f 2683 2711 2682
f 2712 2711 2683
f 2684 2712 2683
f 2713 2712 2684
f 2685 2713 2684
f 2714 2713 2685
f 2686 2714 2685
f 2715 2714 2686
f 2687 2715 2686
f 2716 2715 2687
f 2688 2716 2687
f 2717 2716 2688
f 2689 2717 2688
f 2718 2717 2689
f 2690 2718 2689
f 2719 2718 2690
f 2691 2719 2690
f 2720 2719 2691
f 2692 2720 2691
f 2721 2720 2692
f 2693 2721 2692
f 2722 2721 2693
f 2694 2722 2693
f 2723 2722 2694
f 2695 2723 2694
f 2724 2723 2695
f 2667 2724 2695
f 2696 2724 2667
f 2697 2725 2696
f 2726 2725 2697
f 2698 2726 2697
f 2727 2726 2698
f 2699 2727 2698
f 2728 2727 2699
f 2700 2728 2699
f 2729 2728 2700
f 2701 2729 2700
f 2730 2729 2701
f 2702 2730 2701
f 2731 2730 2702
f 2703 2731 2702
f 2732 2731 2703
f 2704 2732 2703
f 2733 2732 2704
f 2705 2733 2704
f 2734 2733 2705
f 2706 2734 2705
f 2735 2734 2706
f 2707 2735 2706
f 2736 2735 2707
f 2708 2736 2707
f 2737 2736 2708
f 2709 2737 2708
f 2738 2737 2709
f 2710 2738 2709
f 2739 2738 2710
f 2711 2739 2710
f 2740 2739 2711
f 2712 2740 2711
f 2741 2740 2712
f 2713 2741 2712
f 2742 2741 2713
f 2714 2742 2713
f 2743 2742 2714
f 2715 2743 2714
f 2744 2743 2715
f 2716 2744 2715
f 2745 2744 2716
f 2717 2745 2716
f 2746 2745 2717
f 2718 2746 2717
f 2747 2746 2718
f 2719 2747 2718
f 2748 2747 2719
f 2720 2748 2719
f 2749 2748 2720
f 2721 2749 2720
f 2750 2749 2721
f 2722 2750 2721
f 2751 2750 2722
f 2723 2751 2722
f 2752 2751 2723
f 2724 2752 2723
f 2753 2752 2724
f 2696 2753 2724
f 2725 2753 2696
f 2754 2749 2755
f 2748 2749 2754
f 2756 2748 2754
f 2747 2748 2756
f 2757 2747 2756
f 2746 2747 2757
f 2758 2746 2757
f 2745 2746 2758
f 2759 2745 2758
f 2744 2745 2759
f 2760 2744 2759
f 2761 2734 2762
f 2733 2734 2761
f 2763 2733 2761
f 2732 2733 2763
f 2764 2732 2763
f 2731 2732 2764
f 2765 2731 2764
f 2730 2731 2765
f 2766 2730 2765
f 2729 2730 2766
f 2767 2729 2766
f 2767 2728 2729
f 2727 2728 2767
f 2768 2727 2767
f 2726 2727 2768
f 2769 2726 2768
f 2725 2726 2769
f 2770 2725 2769
f 2753 2725 2770
f 2771 2753 2770
f 2752 2753 2771
f 2772 2752 2771
f 2751 2752 2772
f 2755 2751 2772
f 2750 2751 2755
f 2749 2750 2755
f 2760 2743 2744
f 2742 2743 2760
f 2773 2742 2760
f 2741 2742 2773
f 2774 2741 2773
f 2740 2741 2774
f 2775 2740 2774
f 2739 2740 2775
f 2776 2739 2775
f 2738 2739 2776
f 2777 2738 2776
f 2737 2738 2777
f 2778 2737 2777
f 2736 2737 2778
f 2762 2736 2778
f 2735 2736 2762
f 2734 2735 2762
f 2779 2771 2770
f 2771 2780 2772
f 2781 2780 2771
f 2779 2781 2771
f 2755 2782 2783
f 2784 2782 2755
f 2772 2784 2755
f 2785 2784 2772
f 2780 2785 2772
f 2786 2755 2783
f 2754 2755 2786
f 2787 2754 2786
f 2788 2754 2787
f 2756 2754 2788
f 2789 2756 2788
f 2756 2790 2757
f 2791 2790 2756
f 2789 2791 2756
f 2758 2792 2793
f 2794 2792 2758
f 2757 2794 2758
f 2795 2794 2757
f 2790 2795 2757
f 2796 2758 2793
f 2759 2758 2796
f 2797 2759 2796
f 2798 2759 2797
f 2760 2759 2798
f 2799 2760 2798
f 2800 2760 2799
f 2773 2760 2800
f 2801 2773 2800
f 2773 2802 2774
f 2803 2802 2773
f 2801 2803 2773
f 2775 2804 2805
f 2806 2804 2775
f 2774 2806 2775
f 2807 2806 2774
f 2802 2807 2774
f 2808 2775 2805
f 2776 2775 2808
f 2809 2776 2808
f 2810 2776 2809
f 2777 2776 2810
f 2811 2777 2810
f 2777 2812 2778
f 2813 2812 2777
f 2811 2813 2777
f 2762 2814 2815
f 2816 2814 2762
f 2778 2816 2762
f 2817 2816 2778
f 2812 2817 2778
f 2818 2762 2815
f 2761 2762 2818
f 2819 2761 2818
f 2820 2761 2819
f 2763 2761 2820
f 2821 2763 2820
f 2822 2763 2821
f 2764 2763 2822
f 2823 2764 2822
f 2764 2824 2765
f 2825 2824 2764
f 2823 2825 2764
f 2766 2826 2827
f 2828 2826 2766
f 2765 2828 2766
f 2829 2828 2765
f 2824 2829 2765
f 2830 2766 2827
f 2767 2766 2830
f 2831 2767 2830
f 2832 2767 2831
f 2768 2767 2832
f 2833 2768 2832
f 2768 2834 2769
f 2835 2834 2768
f 2833 2835 2768
f 2770 2836 2779
f 2837 2836 2770
f 2769 2837 2770
f 2838 2837 2769
f 2834 2838 2769
f 2839 2840 2785
f 2840 2784 2785
f 2782 2784 2840
f 2841 2782 2840
f 2783 2782 2841
f 2842 2783 2841
f 2786 2783 2842
f 2843 2786 2842
f 2787 2786 2843
f 2843 2788 2787
f 2789 2788 2843
f 2844 2789 2843
f 2791 2789 2844
f 2845 2791 2844
f 2790 2791 2845
f 2846 2790 2845
f 2795 2790 2846
f 2846 2794 2795
f 2792 2794 2846
f 2847 2792 2846
f 2793 2792 2847
f 2848 2793 2847
f 2796 2793 2848
f 2849 2796 2848
f 2797 2796 2849
f 2849 2798 2797
f 2799 2798 2849
f 2850 2799 2849
f 2850 2800 2799
f 2801 2800 2850
f 2851 2801 2850
f 2803 2801 2851
f 2852 2803 2851
f 2852 2802 2803
f 2807 2802 2852
f 2853 2807 2852
f 2853 2806 2807
f 2804 2806 2853
f 2854 2804 2853
f 2805 2804 2854
f 2855 2805 2854
f 2808 2805 2855
f 2856 2808 2855
f 2809 2808 2856
f 2856 2810 2809
f 2811 2810 2856
f 2857 2811 2856
f 2813 2811 2857
f 2858 2813 2857
f 2812 2813 2858
f 2859 2812 2858
f 2817 2812 2859
f 2859 2816 2817
f 2814 2816 2859
f 2860 2814 2859
f 2815 2814 2860
f 2861 2815 2860
f 2861 2818 2815
f 2819 2818 2861
f 2862 2819 2861
f 2862 2820 2819
f 2821 2820 2862
f 2863 2821 2862
f 2863 2822 2821
f 2823 2822 2863
f 2864 2823 2863
f 2825 2823 2864
f 2865 2825 2864
f 2865 2824 2825
f 2829 2824 2865
f 2866 2829 2865
f 2866 2828 2829
f 2826 2828 2866
f 2867 2826 2866
f 2827 2826 2867
f 2868 2827 2867
f 2830 2827 2868
f 2869 2830 2868
f 2831 2830 2869
f 2869 2832 2831
f 2833 2832 2869
f 2870 2833 2869
f 2835 2833 2870
f 2871 2835 2870
f 2834 2835 2871
f 2872 2834 2871
f 2838 2834 2872
f 2872 2837 2838
f 2836 2837 2872
f 2873 2836 2872
f 2779 2836 2873
f 2874 2779 2873
f 2781 2779 2874
f 2839 2781 2874
f 2780 2781 2839
f 2785 2780 2839
f 2872 2875 2873
f 2876 2875 2872
f 2871 2876 2872
f 2877 2876 2871
f 2870 2877 2871
f 2878 2877 2870
f 2869 2878 2870
f 2879 2878 2869
f 2868 2879 2869
f 2880 2879 2868
f 2867 2880 2868
f 2881 2880 2867
f 2866 2881 2867
f 2882 2881 2866
f 2865 2882 2866
f 2883 2882 2865
f 2864 2883 2865
f 2884 2883 2864
f 2863 2884 2864
f 2885 2884 2863
f 2862 2885 2863
f 2886 2885 2862
f 2861 2886 2862
f 2887 2886 2861
f 2860 2887 2861
f 2888 2887 2860
f 2859 2888 2860
f 2889 2888 2859
f 2858 2889 2859
f 2890 2889 2858
f 2857 2890 2858
f 2891 2890 2857
f 2856 2891 2857
f 2892 2891 2856
f 2855 2892 2856
f 2893 2892 2855
f 2854 2893 2855
f 2894 2893 2854
f 2853 2894 2854
f 2895 2894 2853
f 2852 2895 2853
f 2896 2895 2852
f 2851 2896 2852
f 2897 2896 2851
f 2850 2897 2851
f 2898 2897 2850
f 2849 2898 2850
f 2899 2898 2849
f 2848 2899 2849
f 2900 2899 2848
f 2847 2900 2848
f 2901 2900 2847
f 2846 2901 2847
f 2902 2901 2846
f 2845 2902 2846
f 2903 2902 2845
f 2844 2903 2845
f 2904 2903 2844
f 2843 2904 2844
f 2905 2904 2843
f 2842 2905 2843
f 2906 2905 2842
f 2841 2906 2842
f 2907 2906 2841
f 2840 2907 2841
f 2908 2907 2840
f 2839 2908 2840
f 2909 2908 2839
f 2874 2909 2839
f 2910 2909 2874
f 2873 2910 2874
f 2875 2910 2873
f 2875 2911 2910
f 2912 2911 2875
f 2876 2912 2875
f 2913 2912 2876
f 2877 2913 2876
f 2914 2913 2877
f 2878 2914 2877
f 2915 2914 2878
f 2879 2915 2878
f 2916 2915 2879
f 2880 2916 2879
f 2917 2916 2880
f 2881 2917 2880
f 2918 2917 2881
f 2882 2918 2881
f 2919 2918 2882
f 2883 2919 2882
f 2920 2919 2883
f 2884 2920 2883
f 2921 2920 2884
f 2885 2921 2884
f 2922 2921 2885
f 2886 2922 2885
f 2923 2922 2886
f 2887 2923 2886
f 2924 2923 2887
f 2888 2924 2887
f 2925 2924 2888
f 2889 2925 2888
f 2926 2925 2889
f 2890 2926 2889
f 2927 2926 2890
f 2891 2927 2890
f 2928 2927 2891
f 2892 2928 2891
f 2929 2928 2892
f 2893 2929 2892
f 2930 2929 2893
f 2894 2930 2893
f 2931 2930 2894
f 2895 2931 2894
f 2932 2931 2895
f 2896 2932 2895
f 2933 2932 2896
f 2897 2933 2896
f 2934 2933 2897
f 2898 2934 2897
f 2935 2934 2898
f 2899 2935 2898
f 2936 2935 2899
f 2900 2936 2899
f 2937 2936 2900
f 2901 2937 2900
f 2938 2937 2901
f 2902 2938 2901
f 2939 2938 2902
f 2903 2939 2902
f 2940 2939 2903
f 2904 2940 2903
f 2941 2940 2904
f 2905 2941 2904
f 2942 2941 2905
f 2906 2942 2905
f 2943 2942 2906
f 2907 2943 2906
f 2944 2943 2907
f 2908 2944 2907
f 2945 2944 2908
f 2909 2945 2908
f 2946 2945 2909
f 2910 2946 2909
f 2911 2946 2910
f 2911 2947 2946
f 2948 2947 2911
f 2912 2948 2911
f 2949 2948 2912
f 2913 2949 2912
f 2950 2949 2913
f 2914 2950 2913
f 2951 2950 2914
f 2915 2951 2914
f 2952 2951 2915
f 2916 2952 2915
f 2953 2952 2916
f 2917 2953 2916
f 2954 2953 2917
f 2918 2954 2917
f 2955 2954 2918
f 2919 2955 2918
f 2956 2955 2919
f 2920 2956 2919
f 2957 2956 2920
f 2921 2957 2920
f 2958 2957 2921
f 2922 2958 2921
f 2959 2958 2922
f 2923 2959 2922
f 2960 2959 2923
f 2924 2960 2923
f 2961 2960 2924
f 2925 2961 2924
f 2962 2961 2925
f 2926 2962 2925
f 2963 2962 2926
f 2927 2963 2926
f 2964 2963 2927
f 2928 2964 2927
f 2965 2964 2928
f 2929 2965 2928
f 2966 2965 2929
f 2930 2966 2929
f 2967 2966 2930
f 2931 2967 2930
f 2968 2967 2931
f 2932 2968 2931
f 2969 2968 2932
f 2933 2969 2932
f 2970 2969 2933
f 2934 2970 2933
f 2971 2970 2934
f 2935 2971 2934
f 2972 2971 2935
f 2936 2972 2935
f 2973 2972 2936
f 2937 2973 2936
f 2974 2973 2937
f 2938 2974 2937
f 2975 2974 2938
f 2939 2975 2938
f 2976 2975 2939
f 2940 2976 2939
f 2977 2976 2940
f 2941 2977 2940
f 2978 2977 2941
f 2942 2978 2941
f 2979 2978 2942
f 2943 2979 2942
f 2980 2979 2943
f 2944 2980 2943
f 2981 2980 2944
f 2945 2981 2944
f 2982 2981 2945
f 2946 2982 2945
f 2947 2982 2946
f 2983 2984 2963
f 2949 2985 2986
f 2985 2951 2987
f 2950 2951 2985
f 2949 2950 2985
f 2984 2962 2963
f 2961 2962 2984
f 2988 2961 2984
f 2983 2965 2989
f 2964 2965 2983
f 2963 2964 2983
f 2987 2953 2990
f 2952 2953 2987
f 2951 2952 2987
f 2989 2967 2991
f 2966 2967 2989
f 2965 2966 2989
f 2990 2955 2992
f 2954 2955 2990
f 2953 2954 2990
f 2992 2957 2993
f 2956 2957 2992
f 2955 2956 2992
f 2994 2995 2973
f 2994 2975 2996
f 2974 2975 2994
f 2973 2974 2994
f 2997 2998 2979
f 2988 2960 2961
f 2959 2960 2988
f 2993 2959 2988
f 2958 2959 2993
f 2957 2958 2993
f 2991 2969 2999
f 2968 2969 2991
f 2967 2968 2991
f 2998 2978 2979
f 2977 2978 2998
f 2996 2977 2998
f 2976 2977 2996
f 2975 2976 2996
f 2997 2981 3000
f 2980 2981 2997
f 2979 2980 2997
f 2995 2972 2973
f 2971 2972 2995
f 2999 2971 2995
f 2970 2971 2999
f 2969 2970 2999
f 2986 2948 2949
f 2947 2948 2986
f 3000 2947 2986
f 2982 2947 3000
f 2981 2982 3000
f 2985 2987 3001
f 2985 3002 2986
f 3003 3002 2985
f 3001 3003 2985
f 2986 3004 3000
f 3005 3004 2986
f 3002 3005 2986
f 2992 2993 3006
f 2992 3007 2990
f 3008 3007 2992
f 3006 3008 2992
f 2990 3009 2987
f 3010 3009 2990
f 3007 3010 2990
f 2984 2983 3011
f 2984 3012 2988
f 3013 3012 2984
f 3011 3013 2984
f 2988 3014 2993
f 3015 3014 2988
f 3012 3015 2988
f 2991 2999 3016
f 2991 3017 2989
f 3018 3017 2991
f 3016 3018 2991
f 2989 3019 2983
f 3020 3019 2989
f 3017 3020 2989
f 2994 2996 3021
f 2994 3022 2995
f 3023 3022 2994
f 3021 3023 2994
f 2995 3024 2999
f 3025 3024 2995
f 3022 3025 2995
f 2997 3000 3026
f 2997 3027 2998
f 3028 3027 2997
f 3026 3028 2997
f 2998 3029 2996
f 3030 3029 2998
f 3027 3030 2998
f 3031 3032 3005
f 3002 3031 3005
f 3033 3031 3002
f 3003 3033 3002
f 3034 3033 3003
f 3001 3034 3003
f 3035 3034 3001
f 2987 3035 3001
f 3036 3005 3032
f 3004 3005 3036
f 3000 3004 3036
f 3006 2993 3037
f 3038 3006 3037
f 3008 3006 3038
f 3039 3008 3038
f 3007 3008 3039
f 3040 3007 3039
f 3010 3007 3040
f 3035 3010 3040
f 3009 3010 3035
f 2987 3009 3035
f 3011 2983 3041
f 3042 3011 3041
f 3013 3011 3042
f 3043 3013 3042
f 3012 3013 3043
f 3044 3012 3043
f 3045 3012 3044
f 3015 3012 3045
f 3037 3015 3045
f 3014 3015 3037
f 2993 3014 3037
f 3046 3017 3018
f 3047 3017 3046
f 3020 3017 3047
f 3041 3020 3047
f 3019 3020 3041
f 2983 3019 3041
f 3018 3048 3046
f 3049 3048 3018
f 3016 3049 3018
f 3050 3049 3016
f 2999 3050 3016
f 3050 3025 3022
f 3024 3025 3050
f 2999 3024 3050
f 3051 3021 2996
f 3023 3021 3051
f 3052 3023 3051
f 3022 3023 3052
f 3053 3022 3052
f 3050 3022 3053
f 3029 3051 2996
f 3054 3051 3029
f 3030 3054 3029
f 3055 3054 3030
f 3027 3055 3030
f 3056 3055 3027
f 3028 3056 3027
f 3057 3056 3028
f 3026 3057 3028
f 3036 3057 3026
f 3000 3036 3026
f 3057 3036 3032
f 3058 3059 3056
f 3052 3051 3054
f 3038 3037 3045
f 3060 3045 3061
f 3038 3045 3060
f 3062 3038 3060
f 3039 3038 3062
f 3063 3039 3062
f 3040 3039 3063
f 3064 3040 3063
f 3065 3040 3064
f 3042 3041 3047
f 3066 3047 3067
f 3042 3047 3066
f 3068 3042 3066
f 3043 3042 3068
f 3061 3043 3068
f 3044 3043 3061
f 3045 3044 3061
f 3049 3050 3053
f 3069 3053 3052
f 3049 3053 3069
f 3070 3049 3069
f 3048 3049 3070
f 3067 3048 3070
f 3046 3048 3067
f 3047 3046 3067
f 3071 3056 3059
f 3052 3072 3069
f 3073 3072 3052
f 3054 3073 3052
f 3071 3073 3054
f 3055 3071 3054
f 3056 3071 3055
f 3074 3031 3033
f 3032 3031 3074
f 3058 3032 3074
f 3057 3032 3058
f 3056 3057 3058
f 3033 3075 3074
f 3065 3075 3033
f 3034 3065 3033
f 3040 3065 3034
f 3035 3040 3034
f 3076 3073 3071
f 3072 3073 3076
f 3069 3072 3076
f 3076 3058 3074
f 3059 3058 3076
f 3071 3059 3076
f 3076 3065 3064
f 3075 3065 3076
f 3074 3075 3076
f 3076 3062 3060
f 3063 3062 3076
f 3064 3063 3076
f 3076 3068 3066
f 3061 3068 3076
f 3060 3061 3076
f 3076 3070 3069
f 3067 3070 3076
f 3066 3067 3076
f 3077 3078 3079
f 3077 3080 3081
f 3082 3080 3077
f 3079 3082 3077
f 3077 3083 3084
f 3085 3083 3077
f 3081 3085 3077
f 3077 3086 3087
f 3088 3086 3077
f 3084 3088 3077
f 3077 3089 3090
f 3091 3089 3077
f 3087 3091 3077
f 3077 3092 3093
f 3094 3092 3077
f 3090 3094 3077
f 3077 3095 3096
f 3097 3095 3077
f 3093 3097 3077
f 3077 3098 3078
f 3099 3098 3077
f 3096 3099 3077
f 3100 3090 3101
f 3094 3090 3100
f 3102 3094 3100
f 3092 3094 3102
f 3103 3092 3102
f 3093 3092 3103
f 3104 3093 3103
f 3097 3093 3104
f 3105 3097 3104
f 3095 3097 3105
f 3106 3095 3105
f 3096 3095 3106
f 3107 3096 3106
f 3099 3096 3107
f 3108 3099 3107
f 3098 3099 3108
f 3109 3098 3108
f 3078 3098 3109
f 3110 3078 3109
f 3079 3078 3110
f 3111 3079 3110
f 3082 3079 3111
f 3112 3082 3111
f 3080 3082 3112
f 3113 3080 3112
f 3081 3080 3113
f 3114 3081 3113
f 3085 3081 3114
f 3115 3085 3114
f 3083 3085 3115
f 3116 3083 3115
f 3084 3083 3116
f 3117 3084 3116
f 3088 3084 3117
f 3118 3088 3117
f 3086 3088 3118
f 3119 3086 3118
f 3087 3086 3119
f 3120 3087 3119
f 3091 3087 3120
f 3121 3091 3120
f 3089 3091 3121
f 3101 3089 3121
f 3090 3089 3101
f 3122 3112 3111
f 3112 3123 3113
f 3124 3123 3112
f 3122 3124 3112
f 3113 3125 3114
f 3126 3125 3113
f 3123 3126 3113
f 3114 3127 3115
f 3128 3127 3114
f 3125 3128 3114
f 3115 3129 3116
f 3130 3129 3115
f 3127 3130 3115
f 3116 3131 3117
f 3132 3131 3116
f 3129 3132 3116
f 3117 3133 3118
f 3134 3133 3117
f 3131 3134 3117
f 3118 3135 3119
f 3136 3135 3118
f 3133 3136 3118
f 3119 3137 3120
f 3138 3137 3119
f 3135 3138 3119
f 3120 3139 3121
f 3140 3139 3120
f 3137 3140 3120
f 3121 3141 3101
f 3142 3141 3121
f 3139 3142 3121
f 3101 3143 3100
f 3144 3143 3101
f 3141 3144 3101
f 3100 3145 3102
f 3146 3145 3100
f 3143 3146 3100
f 3102 3147 3103
f 3148 3147 3102
f 3145 3148 3102
f 3103 3149 3104
f 3150 3149 3103
f 3147 3150 3103
f 3104 3151 3105
f 3152 3151 3104
f 3149 3152 3104
f 3105 3153 3106
f 3154 3153 3105
f 3151 3154 3105
f 3106 3155 3107
f 3156 3155 3106
f 3153 3156 3106
f 3107 3157 3108
f 3158 3157 3107
f 3155 3158 3107
f 3108 3159 3109
f 3160 3159 3108
f 3157 3160 3108
f 3109 3161 3110
f 3162 3161 3109
f 3159 3162 3109
f 3111 3163 3122
f 3164 3163 3111
f 3110 3164 3111
f 3165 3164 3110
f 3161 3165 3110
f 3166 3124 3167
f 3123 3124 3166
f 3168 3123 3166
f 3126 3123 3168
f 3169 3126 3168
f 3169 3125 3126
f 3128 3125 3169
f 3170 3128 3169
f 3127 3128 3170
f 3171 3127 3170
f 3130 3127 3171
f 3172 3130 3171
f 3172 3129 3130
f 3132 3129 3172
f 3173 3132 3172
f 3131 3132 3173
f 3174 3131 3173
f 3134 3131 3174
f 3175 3134 3174
f 3133 3134 3175
f 3176 3133 3175
f 3176 3136 3133
f 3135 3136 3176
f 3177 3135 3176
f 3138 3135 3177
f 3178 3138 3177
f 3178 3137 3138
f 3140 3137 3178
f 3179 3140 3178
f 3139 3140 3179
f 3180 3139 3179
f 3142 3139 3180
f 3181 3142 3180
f 3181 3141 3142
f 3144 3141 3181
f 3182 3144 3181
f 3143 3144 3182
f 3183 3143 3182
f 3146 3143 3183
f 3184 3146 3183
f 3184 3145 3146
f 3148 3145 3184
f 3185 3148 3184
f 3147 3148 3185
f 3186 3147 3185
f 3150 3147 3186
f 3187 3150 3186
f 3187 3149 3150
f 3152 3149 3187
f 3188 3152 3187
f 3151 3152 3188
f 3189 3151 3188
f 3154 3151 3189
f 3190 3154 3189
f 3190 3153 3154
f 3156 3153 3190
f 3191 3156 3190
f 3155 3156 3191
f 3192 3155 3191
f 3158 3155 3192
f 3193 3158 3192
f 3193 3157 3158
f 3160 3157 3193
f 3194 3160 3193
f 3159 3160 3194
f 3195 3159 3194
f 3162 3159 3195
f 3196 3162 3195
f 3196 3161 3162
f 3165 3161 3196
f 3197 3165 3196
f 3164 3165 3197
f 3198 3164 3197
f 3163 3164 3198
f 3167 3163 3198
f 3122 3163 3167
f 3124 3122 3167
f 3196 3199 3197
f 3200 3199 3196
f 3195 3200 3196
f 3201 3200 3195
f 3194 3201 3195
f 3202 3201 3194
f 3193 3202 3194
f 3203 3202 3193
f 3192 3203 3193
f 3204 3203 3192
f 3191 3204 3192
f 3205 3204 3191
f 3190 3205 3191
f 3206 3205 3190
f 3189 3206 3190
f 3207 3206 3189
f 3188 3207 3189
f 3208 3207 3188
f 3187 3208 3188
f 3209 3208 3187
f 3186 3209 3187
f 3210 3209 3186
f 3185 3210 3186
f 3211 3210 3185
f 3184 3211 3185
f 3212 3211 3184
f 3183 3212 3184
f 3213 3212 3183
f 3182 3213 3183
f 3214 3213 3182
f 3181 3214 3182
f 3215 3214 3181
f 3180 3215 3181
f 3216 3215 3180
f 3179 3216 3180
f 3217 3216 3179
f 3178 3217 3179
f 3218 3217 3178
f 3177 3218 3178
f 3219 3218 3177
f 3176 3219 3177
f 3220 3219 3176
f 3175 3220 3176
f 3221 3220 3175
f 3174 3221 3175
f 3222 3221 3174
f 3173 3222 3174
f 3223 3222 3173
f 3172 3223 3173
f 3224 3223 3172
f 3171 3224 3172
f 3225 3224 3171
f 3170 3225 3171
f 3226 3225 3170
f 3169 3226 3170
f 3227 3226 3169
f 3168 3227 3169
f 3228 3227 3168
f 3166 3228 3168
f 3229 3228 3166
f 3167 3229 3166
f 3230 3229 3167
f 3198 3230 3167
f 3231 3230 3198
f 3197 3231 3198
f 3199 3231 3197
f 3200 3232 3199
f 3233 3232 3200
f 3201 3233 3200
f 3234 3233 3201
f 3202 3234 3201
f 3235 3234 3202
f 3203 3235 3202
f 3236 3235 3203
f 3204 3236 3203
f 3237 3236 3204
f 3205 3237 3204
f 3238 3237 3205
f 3206 3238 3205
f 3239 3238 3206
f 3207 3239 3206
f 3240 3239 3207
f 3208 3240 3207
f 3241 3240 3208
f 3209 3241 3208
f 3242 3241 3209
f 3210 3242 3209
f 3243 3242 3210
f 3211 3243 3210
f 3244 3243 3211
f 3212 3244 3211
f 3245 3244 3212
f 3213 3245 3212
f 3246 3245 3213
f 3214 3246 3213
f 3247 3246 3214
f 3215 3247 3214
f 3248 3247 3215
f 3216 3248 3215
f 3249 3248 3216
f 3217 3249 3216
f 3250 3249 3217
f 3218 3250 3217
f 3251 3250 3218
f 3219 3251 3218
f 3252 3251 3219
f 3220 3252 3219
f 3253 3252 3220
f 3221 3253 3220
f 3254 3253 3221
f 3222 3254 3221
f 3255 3254 3222
f 3223 3255 3222
f 3256 3255 3223
f 3224 3256 3223
f 3257 3256 3224
f 3225 3257 3224
f 3258 3257 3225
f 3226 3258 3225
f 3259 3258 3226
f 3227 3259 3226
f 3260 3259 3227
f 3228 3260 3227
f 3261 3260 3228
f 3229 3261 3228
f 3262 3261 3229
f 3230 3262 3229
f 3263 3262 3230
f 3231 3263 3230
f 3264 3263 3231
f 3199 3264 3231
f 3232 3264 3199
f 3233 3265 3232
f 3266 3265 3233
f 3234 3266 3233
f 3267 3266 3234
f 3235 3267 3234
f 3268 3267 3235
f 3236 3268 3235
f 3269 3268 3236
f 3237 3269 3236
f 3270 3269 3237
f 3238 3270 3237
f 3271 3270 3238
f 3239 3271 3238
f 3272 3271 3239
f 3240 3272 3239
f 3273 3272 3240
f 3241 3273 3240
f 3274 3273 3241
f 3242 3274 3241
f 3275 3274 3242
f 3243 3275 3242
f 3276 3275 3243
f 3244 3276 3243
f 3277 3276 3244
f 3245 3277 3244
f 3278 3277 3245
f 3246 3278 3245
f 3279 3278 3246
f 3247 3279 3246
f 3280 3279 3247
f 3248 3280 3247
f 3281 3280 3248
f 3249 3281 3248
f 3282 3281 3249
f 3250 3282 3249
f 3283 3282 3250
f 3251 3283 3250
f 3284 3283 3251
f 3252 3284 3251
f 3285 3284 3252
f 3253 3285 3252
f 3286 3285 3253
f 3254 3286 3253
f 3287 3286 3254
f 3255 3287 3254
f 3288 3287 3255
f 3256 3288 3255
f 3289 3288 3256
f 3257 3289 3256
f 3290 3289 3257
f 3258 3290 3257
f 3291 3290 3258
f 3259 3291 3258
f 3292 3291 3259
f 3260 3292 3259
f 3293 3292 3260
f 3261 3293 3260
f 3294 3293 3261
f 3262 3294 3261
f 3295 3294 3262
f 3263 3295 3262
f 3296 3295 3263
f 3264 3296 3263
f 3297 3296 3264
f 3232 3297 3264
f 3265 3297 3232
f 3298 3280 3299
f 3279 3280 3298
f 3300 3279 3298
f 3278 3279 3300
f 3301 3278 3300
f 3277 3278 3301
f 3302 3277 3301
f 3276 3277 3302
f 3303 3276 3302
f 3275 3276 3303
f 3304 3275 3303
f 3274 3275 3304
f 3305 3274 3304
f 3273 3274 3305
f 3306 3273 3305
f 3272 3273 3306
f 3307 3272 3306
f 3271 3272 3307
f 3308 3271 3307
f 3308 3270 3271
f 3269 3270 3308
f 3309 3269 3308
f 3268 3269 3309
f 3310 3268 3309
f 3267 3268 3310
f 3311 3267 3310
f 3266 3267 3311
f 3312 3266 3311
f 3265 3266 3312
f 3313 3265 3312
f 3297 3265 3313
f 3314 3297 3313
f 3296 3297 3314
f 3315 3296 3314
f 3295 3296 3315
f 3316 3295 3315
f 3294 3295 3316
f 3317 3294 3316
f 3293 3294 3317
f 3318 3293 3317
f 3318 3292 3293
f 3291 3292 3318
f 3319 3291 3318
f 3290 3291 3319
f 3320 3290 3319
f 3289 3290 3320
f 3321 3289 3320
f 3288 3289 3321
f 3322 3288 3321
f 3287 3288 3322
f 3323 3287 3322
f 3286 3287 3323
f 3324 3286 3323
f 3285 3286 3324
f 3325 3285 3324
f 3284 3285 3325
f 3326 3284 3325
f 3283 3284 3326
f 3327 3283 3326
f 3282 3283 3327
f 3299 3282 3327
f 3281 3282 3299
f 3280 3281 3299
f 3328 3314 3313
f 3314 3329 3315
f 3330 3329 3314
f 3328 3330 3314
f 3316 3331 3332
f 3333 3331 3316
f 3315 3333 3316
f 3334 3333 3315
f 3329 3334 3315
f 3335 3316 3332
f 3317 3316 3335
f 3336 3317 3335
f 3337 3317 3336
f 3318 3317 3337
f 3338 3318 3337
f 3339 3318 3338
f 3319 3318 3339
f 3340 3319 3339
f 3341 3319 3340
f 3320 3319 3341
f 3342 3320 3341
f 3343 3320 3342
f 3321 3320 3343
f 3344 3321 3343
f 3321 3345 3322
f 3346 3345 3321
f 3344 3346 3321
f 3322 3347 3323
f 3348 3347 3322
f 3345 3348 3322
f 3323 3349 3324
f 3350 3349 3323
f 3347 3350 3323
f 3324 3351 3325
f 3352 3351 3324
f 3349 3352 3324
f 3326 3353 3354
f 3355 3353 3326
f 3325 3355 3326
f 3356 3355 3325
f 3351 3356 3325
f 3357 3326 3354
f 3327 3326 3357
f 3358 3327 3357
f 3359 3327 3358
f 3299 3327 3359
f 3360 3299 3359
f 3361 3299 3360
f 3298 3299 3361
f 3362 3298 3361
f 3363 3298 3362
f 3300 3298 3363
f 3364 3300 3363
f 3365 3300 3364
f 3301 3300 3365
f 3366 3301 3365
f 3301 3367 3302
f 3368 3367 3301
f 3366 3368 3301
f 3302 3369 3303
f 3370 3369 3302
f 3367 3370 3302
f 3303 3371 3304
f 3372 3371 3303
f 3369 3372 3303
f 3304 3373 3305
f 3374 3373 3304
f 3371 3374 3304
f 3306 3375 3376
f 3377 3375 3306
f 3305 3377 3306
f 3378 3377 3305
f 3373 3378 3305
f 3379 3306 3376
f 3307 3306 3379
f 3380 3307 3379
f 3381 3307 3380
f 3308 3307 3381
f 3382 3308 3381
f 3383 3308 3382
f 3309 3308 3383
f 3384 3309 3383
f 3385 3309 3384
f 3310 3309 3385
f 3386 3310 3385
f 3387 3310 3386
f 3311 3310 3387
f 3388 3311 3387
f 3311 3389 3312
f 3390 3389 3311
f 3388 3390 3311
f 3313 3391 3328
f 3392 3391 3313
f 3312 3392 3313
f 3393 3392 3312
f 3389 3393 3312
f 3335 3394 3336
f 3395 3394 3335
f 3332 3395 3335
f 3396 3395 3332
f 3331 3396 3332
f 3397 3396 3331
f 3333 3397 3331
f 3394 3337 3336
f 3338 3337 3394
f 3398 3338 3394
f 3339 3338 3398
f 3399 3339 3398
f 3340 3339 3399
f 3400 3340 3399
f 3341 3340 3400
f 3401 3341 3400
f 3342 3341 3401
f 3401 3343 3342
f 3344 3343 3401
f 3402 3344 3401
f 3346 3344 3402
f 3403 3346 3402
f 3345 3346 3403
f 3404 3345 3403
f 3348 3345 3404
f 3404 3347 3348
f 3350 3347 3404
f 3405 3350 3404
f 3349 3350 3405
f 3406 3349 3405
f 3352 3349 3406
f 3407 3352 3406
f 3351 3352 3407
f 3408 3351 3407
f 3356 3351 3408
f 3408 3355 3356
f 3353 3355 3408
f 3409 3353 3408
f 3354 3353 3409
f 3410 3354 3409
f 3357 3354 3410
f 3411 3357 3410
f 3358 3357 3411
f 3411 3359 3358
f 3360 3359 3411
f 3412 3360 3411
f 3361 3360 3412
f 3413 3361 3412
f 3362 3361 3413
f 3414 3362 3413
f 3363 3362 3414
f 3415 3363 3414
f 3364 3363 3415
f 3415 3365 3364
f 3366 3365 3415
f 3416 3366 3415
f 3368 3366 3416
f 3417 3368 3416
f 3367 3368 3417
f 3418 3367 3417
f 3370 3367 3418
f 3418 3369 3370
f 3372 3369 3418
f 3419 3372 3418
f 3371 3372 3419
f 3420 3371 3419
f 3374 3371 3420
f 3421 3374 3420
f 3373 3374 3421
f 3422 3373 3421
f 3378 3373 3422
f 3422 3377 3378
f 3375 3377 3422
f 3423 3375 3422
f 3376 3375 3423
f 3424 3376 3423
f 3379 3376 3424
f 3425 3379 3424
f 3380 3379 3425
f 3425 3381 3380
f 3382 3381 3425
f 3426 3382 3425
f 3383 3382 3426
f 3427 3383 3426
f 3384 3383 3427
f 3428 3384 3427
f 3385 3384 3428
f 3429 3385 3428
f 3386 3385 3429
f 3429 3387 3386
f 3388 3387 3429
f 3430 3388 3429
f 3390 3388 3430
f 3431 3390 3430
f 3389 3390 3431
f 3432 3389 3431
f 3393 3389 3432
f 3432 3392 3393
f 3391 3392 3432
f 3433 3391 3432
f 3328 3391 3433
f 3434 3328 3433
f 3330 3328 3434
f 3435 3330 3434
f 3329 3330 3435
f 3397 3329 3435
f 3334 3329 3397
f 3333 3334 3397
f 3432 3436 3433
f 3437 3436 3432
f 3431 3437 3432
f 3438 3437 3431
f 3430 3438 3431
f 3439 3438 3430
f 3429 3439 3430
f 3440 3439 3429
f 3428 3440 3429
f 3441 3440 3428
f 3427 3441 3428
f 3442 3441 3427
f 3426 3442 3427
f 3443 3442 3426
f 3425 3443 3426
f 3444 3443 3425
f 3424 3444 3425
f 3445 3444 3424
f 3423 3445 3424
f 3446 3445 3423
f 3422 3446 3423
f 3447 3446 3422
f 3421 3447 3422
f 3448 3447 3421
f 3420 3448 3421
f 3449 3448 3420
f 3419 3449 3420
f 3450 3449 3419
f 3418 3450 3419
f 3451 3450 3418
f 3417 3451 3418
f 3452 3451 3417
f 3416 3452 3417
f 3453 3452 3416
f 3415 3453 3416
f 3454 3453 3415
f 3414 3454 3415
f 3455 3454 3414
f 3413 3455 3414
f 3456 3455 3413
f 3412 3456 3413
f 3457 3456 3412
f 3411 3457 3412
f 3458 3457 3411
f 3410 3458 3411
f 3459 3458 3410
f 3409 3459 3410
f 3460 3459 3409
f 3408 3460 3409
f 3461 3460 3408
f 3407 3461 3408
f 3462 3461 3407
f 3406 3462 3407
f 3463 3462 3406
f 3405 3463 3406
f 3464 3463 3405
f 3404 3464 3405
f 3465 3464 3404
f 3403 3465 3404
f 3466 3465 3403
f 3402 3466 3403
f 3467 3466 3402
f 3401 3467 3402
f 3468 3467 3401
f 3400 3468 3401
f 3469 3468 3400
f 3399 3469 3400
f 3470 3469 3399
f 3398 3470 3399
f 3471 3470 3398
f 3394 3471 3398
f 3472 3471 3394
f 3395 3472 3394
f 3473 3472 3395
f 3396 3473 3395
f 3474 3473 3396
f 3397 3474 3396
f 3475 3474 3397
f 3435 3475 3397
f 3476 3475 3435
f 3434 3476 3435
f 3477 3476 3434
f 3433 3477 3434
f 3436 3477 3433
f 3436 3478 3477
f 3479 3478 3436
f 3437 3479 3436
f 3480 3479 3437
f 3438 3480 3437
f 3481 3480 3438
f 3439 3481 3438
f 3482 3481 3439
f 3440 3482 3439
f 3483 3482 3440
f 3441 3483 3440
f 3484 3483 3441
f 3442 3484 3441
f 3485 3484 3442
f 3443 3485 3442
f 3486 3485 3443
f 3444 3486 3443
f 3487 3486 3444
f 3445 3487 3444
f 3488 3487 3445
f 3446 3488 3445
f 3489 3488 3446
f 3447 3489 3446
f 3490 3489 3447
f 3448 3490 3447
f 3491 3490 3448
f 3449 3491 3448
f 3492 3491 3449
f 3450 3492 3449
f 3493 3492 3450
f 3451 3493 3450
f 3494 3493 3451
f 3452 3494 3451
f 3495 3494 3452
f 3453 3495 3452
f 3496 3495 3453
f 3454 3496 3453
f 3497 3496 3454
f 3455 3497 3454
f 3498 3497 3455
f 3456 3498 3455
f 3499 3498 3456
f 3457 3499 3456
f 3500 3499 3457
f 3458 3500 3457
f 3501 3500 3458
f 3459 3501 3458
f 3502 3501 3459
f 3460 3502 3459
f 3503 3502 3460
f 3461 3503 3460
f 3504 3503 3461
f 3462 3504 3461
f 3505 3504 3462
f 3463 3505 3462
f 3506 3505 3463
f 3464 3506 3463
f 3507 3506 3464
f 3465 3507 3464
f 3508 3507 3465
f 3466 3508 3465
f 3509 3508 3466
f 3467 3509 3466
f 3510 3509 3467
f 3468 3510 3467
f 3511 3510 3468
f 3469 3511 3468
f 3512 3511 3469
f 3470 3512 3469
f 3513 3512 3470
f 3471 3513 3470
f 3514 3513 3471
f 3472 3514 3471
f 3515 3514 3472
f 3473 3515 3472
f 3516 3515 3473
f 3474 3516 3473
f 3517 3516 3474
f 3475 3517 3474
f 3518 3517 3475
f 3476 3518 3475
f 3519 3518 3476
f 3477 3519 3476
f 3478 3519 3477
f 3478 3520 3519
f 3521 3520 3478
f 3479 3521 3478
f 3522 3521 3479
f 3480 3522 3479
f 3523 3522 3480
f 3481 3523 3480
f 3524 3523 3481
f 3482 3524 3481
f 3525 3524 3482
f 3483 3525 3482
f 3526 3525 3483
f 3484 3526 3483
f 3527 3526 3484
f 3485 3527 3484
f 3528 3527 3485
f 3486 3528 3485
f 3529 3528 3486
f 3487 3529 3486
f 3530 3529 3487
f 3488 3530 3487
f 3531 3530 3488
f 3489 3531 3488
f 3532 3531 3489
f 3490 3532 3489
f 3533 3532 3490
f 3491 3533 3490
f 3534 3533 3491
f 3492 3534 3491
f 3535 3534 3492
f 3493 3535 3492
f 3536 3535 3493
f 3494 3536 3493
f 3537 3536 3494
f 3495 3537 3494
f 3538 3537 3495
f 3496 3538 3495
f 3539 3538 3496
f 3497 3539 3496
f 3540 3539 3497
f 3498 3540 3497
f 3541 3540 3498
f 3499 3541 3498
f 3542 3541 3499
f 3500 3542 3499
f 3543 3542 3500
f 3501 3543 3500
f 3544 3543 3501
f 3502 3544 3501
f 3545 3544 3502
f 3503 3545 3502
f 3546 3545 3503
f 3504 3546 3503
f 3547 3546 3504
f 3505 3547 3504
f 3548 3547 3505
f 3506 3548 3505
f 3549 3548 3506
f 3507 3549 3506
f 3550 3549 3507
f 3508 3550 3507
f 3551 3550 3508
f 3509 3551 3508
f 3552 3551 3509
f 3510 3552 3509
f 3553 3552 3510
f 3511 3553 3510
f 3554 3553 3511
f 3512 3554 3511
f 3555 3554 3512
f 3513 3555 3512
f 3556 3555 3513
f 3514 3556 3513
f 3557 3556 3514
f 3515 3557 3514
f 3558 3557 3515
f 3516 3558 3515
f 3559 3558 3516
f 3517 3559 3516
f 3560 3559 3517
f 3518 3560 3517
f 3561 3560 3518
f 3519 3561 3518
f 3520 3561 3519
f 3562 3537 3563
f 3536 3537 3562
f 3564 3536 3562
f 3563 3539 3565
f 3538 3539 3563
f 3537 3538 3563
f 3565 3541 3566
f 3540 3541 3565
f 3539 3540 3565
f 3566 3543 3567
f 3542 3543 3566
f 3541 3542 3566
f 3568 3551 3569
f 3550 3551 3568
f 3570 3550 3568
f 3557 3571 3572
f 3573 3546 3574
f 3545 3546 3573
f 3567 3545 3573
f 3544 3545 3567
f 3543 3544 3567
f 3569 3553 3575
f 3552 3553 3569
f 3551 3552 3569
f 3576 3523 3577
f 3522 3523 3576
f 3578 3522 3576
f 3570 3549 3550
f 3548 3549 3570
f 3574 3548 3570
f 3547 3548 3574
f 3546 3547 3574
f 3572 3556 3557
f 3555 3556 3572
f 3575 3555 3572
f 3554 3555 3575
f 3553 3554 3575
f 3579 3560 3580
f 3559 3560 3579
f 3571 3559 3579
f 3558 3559 3571
f 3557 3558 3571
f 3578 3521 3522
f 3520 3521 3578
f 3580 3520 3578
f 3561 3520 3580
f 3560 3561 3580
f 3577 3525 3581
f 3524 3525 3577
f 3523 3524 3577
f 3529 3582 3583
f 3584 3532 3585
f 3531 3532 3584
f 3582 3531 3584
f 3530 3531 3582
f 3529 3530 3582
f 3583 3528 3529
f 3527 3528 3583
f 3581 3527 3583
f 3526 3527 3581
f 3525 3526 3581
f 3564 3535 3536
f 3534 3535 3564
f 3585 3534 3564
f 3533 3534 3585
f 3532 3533 3585
f 3577 3581 3586
f 3577 3587 3576
f 3588 3587 3577
f 3586 3588 3577
f 3576 3589 3578
f 3590 3589 3576
f 3587 3590 3576
f 3578 3591 3580
f 3592 3591 3578
f 3589 3592 3578
f 3584 3585 3593
f 3584 3594 3582
f 3595 3594 3584
f 3593 3595 3584
f 3582 3596 3583
f 3597 3596 3582
f 3594 3597 3582
f 3583 3598 3581
f 3599 3598 3583
f 3596 3599 3583
f 3563 3565 3600
f 3563 3601 3562
f 3602 3601 3563
f 3600 3602 3563
f 3562 3603 3564
f 3604 3603 3562
f 3601 3604 3562
f 3564 3605 3585
f 3606 3605 3564
f 3603 3606 3564
f 3573 3574 3607
f 3573 3608 3567
f 3609 3608 3573
f 3607 3609 3573
f 3567 3610 3566
f 3611 3610 3567
f 3608 3611 3567
f 3566 3612 3565
f 3613 3612 3566
f 3610 3613 3566
f 3569 3575 3614
f 3569 3615 3568
f 3616 3615 3569
f 3614 3616 3569
f 3568 3617 3570
f 3618 3617 3568
f 3615 3618 3568
f 3570 3619 3574
f 3620 3619 3570
f 3617 3620 3570
f 3579 3580 3621
f 3579 3622 3571
f 3623 3622 3579
f 3621 3623 3579
f 3571 3624 3572
f 3625 3624 3571
f 3622 3625 3571
f 3572 3626 3575
f 3627 3626 3572
f 3624 3627 3572
f 3628 3629 3589
f 3590 3628 3589
f 3630 3628 3590
f 3587 3630 3590
f 3631 3630 3587
f 3588 3631 3587
f 3632 3631 3588
f 3586 3632 3588
f 3633 3632 3586
f 3581 3633 3586
f 3634 3589 3629
f 3592 3589 3634
f 3635 3592 3634
f 3591 3592 3635
f 3580 3591 3635
f 3633 3581 3598
f 3636 3593 3585
f 3595 3593 3636
f 3637 3595 3636
f 3594 3595 3637
f 3638 3594 3637
f 3597 3594 3638
f 3639 3597 3638
f 3640 3597 3639
f 3596 3597 3640
f 3641 3596 3640
f 3633 3596 3641
f 3599 3596 3633
f 3598 3599 3633
f 3642 3643 3603
f 3604 3642 3603
f 3644 3642 3604
f 3601 3644 3604
f 3645 3644 3601
f 3602 3645 3601
f 3646 3645 3602
f 3600 3646 3602
f 3647 3646 3600
f 3565 3647 3600
f 3648 3603 3643
f 3606 3603 3648
f 3636 3606 3648
f 3605 3606 3636
f 3585 3605 3636
f 3647 3565 3612
f 3649 3607 3574
f 3609 3607 3649
f 3650 3609 3649
f 3608 3609 3650
f 3651 3608 3650
f 3611 3608 3651
f 3652 3611 3651
f 3653 3611 3652
f 3610 3611 3653
f 3654 3610 3653
f 3647 3610 3654
f 3613 3610 3647
f 3612 3613 3647
f 3655 3656 3617
f 3618 3655 3617
f 3657 3655 3618
f 3615 3657 3618
f 3658 3657 3615
f 3616 3658 3615
f 3659 3658 3616
f 3614 3659 3616
f 3660 3659 3614
f 3575 3660 3614
f 3661 3617 3656
f 3620 3617 3661
f 3649 3620 3661
f 3619 3620 3649
f 3574 3619 3649
f 3660 3575 3626
f 3635 3621 3580
f 3623 3621 3635
f 3662 3623 3635
f 3622 3623 3662
f 3663 3622 3662
f 3625 3622 3663
f 3664 3625 3663
f 3665 3625 3664
f 3624 3625 3665
f 3666 3624 3665
f 3660 3624 3666
f 3627 3624 3660
f 3626 3627 3660
f 3667 3661 3656
f 3632 3633 3641
f 3648 3668 3669
f 3639 3670 3640
f 3671 3670 3639
f 3638 3671 3639
f 3669 3671 3638
f 3637 3669 3638
f 3648 3669 3637
f 3636 3648 3637
f 3646 3647 3654
f 3672 3654 3653
f 3646 3654 3672
f 3673 3646 3672
f 3645 3646 3673
f 3674 3645 3673
f 3644 3645 3674
f 3675 3644 3674
f 3642 3644 3675
f 3668 3642 3675
f 3643 3642 3668
f 3648 3643 3668
f 3676 3661 3667
f 3652 3672 3653
f 3677 3672 3652
f 3651 3677 3652
f 3676 3677 3651
f 3650 3676 3651
f 3661 3676 3650
f 3649 3661 3650
f 3655 3667 3656
f 3678 3667 3655
f 3657 3678 3655
f 3659 3660 3666
f 3679 3666 3665
f 3659 3666 3679
f 3680 3659 3679
f 3658 3659 3680
f 3681 3658 3680
f 3657 3658 3681
f 3682 3657 3681
f 3678 3657 3682
f 3634 3683 3684
f 3664 3679 3665
f 3685 3679 3664
f 3663 3685 3664
f 3684 3685 3663
f 3662 3684 3663
f 3634 3684 3662
f 3635 3634 3662
f 3670 3641 3640
f 3632 3641 3670
f 3686 3632 3670
f 3631 3632 3686
f 3687 3631 3686
f 3630 3631 3687
f 3688 3630 3687
f 3628 3630 3688
f 3683 3628 3688
f 3629 3628 3683
f 3634 3629 3683
f 3689 3678 3682
f 3689 3680 3679
f 3681 3680 3689
f 3682 3681 3689
f 3689 3684 3683
f 3685 3684 3689
f 3679 3685 3689
f 3689 3687 3686
f 3688 3687 3689
f 3683 3688 3689
f 3689 3671 3669
f 3670 3671 3689
f 3686 3670 3689
f 3689 3675 3674
f 3668 3675 3689
f 3669 3668 3689
f 3689 3672 3677
f 3673 3672 3689
f 3674 3673 3689
f 3689 3667 3678
f 3676 3667 3689
f 3677 3676 3689

