# https://github.com/mikedh/trimesh

o right_hand_index_MCP_link.STL
v 0.00100001 -0.00779999 0.00750000
v -0.00499999 -0.00749999 0.00750000
v 0.00100001 -0.00749999 0.00750000
v -0.00499999 -0.00779999 0.00750000
v 0.00120001 -0.00779999 0.00770000
v 0.00120001 -0.00749999 0.00880000
v 0.00120001 -0.00779999 0.00880000
v 0.00120001 -0.00749999 0.00770000
v 0.00100001 0.00450001 0.00750000
v -0.00499999 0.00420001 0.00750000
v -0.00499999 0.00450001 0.00750000
v 0.00100001 0.00420001 0.00750000
v 0.00120001 0.00420001 0.00770000
v 0.00120001 0.00450001 0.00880000
v 0.00120001 0.00420001 0.00880000
v 0.00120001 0.00450001 0.00770000
v -0.00549999 0.00520001 0.00700000
v -0.00549999 0.00420001 0.00700000
v -0.00549999 0.00420001 0.00200000
v -0.00549999 0.00400001 0.00100000
v -0.00549999 0.00780001 0.00100000
v -0.00549999 0.00400001 0.00180000
v -0.00549999 0.00380001 0.00200000
v -0.00549999 0.00680001 0.00880000
v -0.00549999 0.00520001 0.00880000
v -0.00549999 0.00680001 0.00700000
v -0.00549999 0.00780001 0.00700000
v -0.01629999 -0.00779999 0.00200000
v -0.01494999 -0.00779999 0.00200000
v -0.01508611 -0.00692499 0.00200000
v -0.01164999 0.00757501 0.00200000
v -0.01361387 0.00692501 0.00200000
v -0.01349999 0.00650001 0.00200000
v -0.01494999 0.00467501 0.00200000
v -0.01477499 0.00576388 0.00200000
v -0.01508611 0.00607501 0.00200000
v -0.01434999 0.00565001 0.00200000
v -0.01164999 0.00467501 0.00200000
v -0.01392499 0.00576388 0.00200000
v -0.01361387 0.00607501 0.00200000
v -0.01392499 0.00723613 0.00200000
v -0.01434999 0.00735001 0.00200000
v -0.01494999 0.00757501 0.00200000
v -0.01477499 0.00723613 0.00200000
v -0.01508611 0.00692501 0.00200000
v -0.01629999 0.00757501 0.00200000
v -0.01519999 0.00650001 0.00200000
v -0.01629999 0.00467501 0.00200000
v -0.01349999 -0.00649999 0.00200000
v -0.01361387 -0.00692499 0.00200000
v -0.01164999 -0.00779999 0.00200000
v -0.01477499 -0.00723612 0.00200000
v -0.01434999 -0.00734999 0.00200000
v -0.01392499 -0.00723612 0.00200000
v -0.01477499 -0.00576387 0.00200000
v -0.01434999 -0.00564999 0.00200000
v -0.01494999 -0.00467499 0.00200000
v -0.01392499 -0.00576387 0.00200000
v -0.01164999 -0.00467499 0.00200000
v -0.01361387 -0.00607499 0.00200000
v -0.01508611 -0.00607499 0.00200000
v -0.01629999 -0.00467499 0.00200000
v -0.01519999 -0.00649999 0.00200000
v -0.00969999 -0.00467499 0.00200000
v -0.01014999 -0.00360621 0.00200000
v -0.01049999 -0.00369999 0.00200000
v -0.00989377 -0.00334999 0.00200000
v -0.00979999 -0.00299999 0.00200000
v -0.00969999 0.00000001 0.00200000
v -0.00979999 -0.00149999 0.00200000
v -0.00989377 -0.00114999 0.00200000
v -0.01460621 -0.00114999 0.00200000
v -0.01434999 -0.00089378 0.00200000
v -0.01494999 0.00000001 0.00200000
v -0.01164999 -0.00369999 0.00200000
v -0.01399999 -0.00369999 0.00200000
v -0.01434999 -0.00360621 0.00200000
v -0.01014999 -0.00089378 0.00200000
v -0.01049999 -0.00079999 0.00200000
v -0.01164999 0.00000001 0.00200000
v -0.01164999 -0.00079999 0.00200000
v -0.01399999 -0.00079999 0.00200000
v -0.01469999 -0.00149999 0.00200000
v -0.01469999 -0.00299999 0.00200000
v -0.01460621 -0.00334999 0.00200000
v -0.01434999 0.00360622 0.00200000
v -0.01399999 0.00370001 0.00200000
v -0.01460621 0.00335001 0.00200000
v -0.01469999 0.00300001 0.00200000
v -0.01469999 0.00150001 0.00200000
v -0.01460621 0.00115001 0.00200000
v -0.01434999 0.00089379 0.00200000
v -0.01399999 0.00080001 0.00200000
v -0.01164999 0.00080001 0.00200000
v -0.01164999 0.00370001 0.00200000
v -0.01049999 0.00370001 0.00200000
v -0.00969999 0.00467501 0.00200000
v -0.01014999 0.00360622 0.00200000
v -0.01049999 0.00080001 0.00200000
v -0.01014999 0.00089379 0.00200000
v -0.00989377 0.00115001 0.00200000
v -0.00979999 0.00150001 0.00200000
v -0.00979999 0.00300001 0.00200000
v -0.00989377 0.00335001 0.00200000
v -0.00569999 -0.00399999 0.00200000
v -0.00549999 -0.00419999 0.00200000
v -0.00549999 -0.00379999 0.00200000
v -0.00369999 -0.00049999 0.00200000
v -0.00369999 0.00000001 0.00200000
v -0.00365673 -0.00074228 0.00200000
v -0.00679999 -0.00399999 0.00200000
v -0.00699999 -0.00419999 0.00200000
v -0.00699999 -0.00467499 0.00200000
v -0.00349497 -0.00099497 0.00200000
v -0.00324227 -0.00115673 0.00200000
v -0.00149999 -0.00379999 0.00200000
v -0.00299999 -0.00119999 0.00200000
v -0.00149999 -0.00119999 0.00200000
v -0.00360621 0.00085001 0.00200000
v -0.00334999 0.00110622 0.00200000
v -0.00369999 0.00050001 0.00200000
v -0.00149999 0.00120001 0.00200000
v -0.00149999 0.00380001 0.00200000
v -0.00299999 0.00120001 0.00200000
v -0.00969999 0.00757501 0.00200000
v -0.00917499 0.00723613 0.00200000
v -0.00874999 0.00735001 0.00200000
v -0.00948611 0.00692501 0.00200000
v -0.00959999 0.00650001 0.00200000
v -0.00832499 0.00723613 0.00200000
v -0.00801387 0.00692501 0.00200000
v -0.00699999 0.00757501 0.00200000
v -0.00948611 0.00607501 0.00200000
v -0.00917499 0.00576388 0.00200000
v -0.00874999 0.00565001 0.00200000
v -0.00699999 0.00467501 0.00200000
v -0.00699999 0.00420001 0.00200000
v -0.00679999 0.00400001 0.00200000
v -0.00569999 0.00400001 0.00200000
v -0.00832499 0.00576388 0.00200000
v -0.00801387 0.00607501 0.00200000
v -0.00789999 0.00650001 0.00200000
v -0.00699999 0.00780001 0.00200000
v -0.00969999 -0.00779999 0.00200000
v -0.00948611 -0.00692499 0.00200000
v -0.00959999 -0.00649999 0.00200000
v -0.00789999 -0.00649999 0.00200000
v -0.00801387 -0.00692499 0.00200000
v -0.00699999 -0.00779999 0.00200000
v -0.00832499 -0.00576387 0.00200000
v -0.00874999 -0.00564999 0.00200000
v -0.00801387 -0.00607499 0.00200000
v -0.00917499 -0.00576387 0.00200000
v -0.00948611 -0.00607499 0.00200000
v -0.00917499 -0.00723612 0.00200000
v -0.00874999 -0.00734999 0.00200000
v -0.00832499 -0.00723612 0.00200000
v -0.01629999 0.00000001 0.00200000
v -0.00969999 0.00780001 0.00200000
v -0.01164999 0.00780001 0.00200000
v -0.01494999 0.00780001 0.00200000
v -0.01629999 0.00780001 0.00200000
v -0.01427935 0.00100001 -0.00172271
v -0.01462620 0.00100001 -0.00215764
v -0.01399999 0.00100001 0.00020000
v -0.01420297 0.00100001 0.00016037
v -0.01448989 0.00100001 0.00000000
v -0.01474999 0.00100001 -0.00270000
v -0.01377814 0.00100001 -0.00148134
v -0.01322184 0.00100001 -0.00148134
v -0.01399999 0.00100001 0.00180000
v -0.01119999 0.00100001 0.00020000
v -0.01049999 0.00100001 0.00180000
v -0.01049999 0.00100001 0.00020000
v -0.01272063 0.00100001 -0.00172271
v -0.01237378 0.00100001 -0.00215764
v -0.01119999 0.00100001 -0.00270000
v -0.01224999 0.00100001 -0.00270000
v -0.01131256 0.00100001 -0.00341074
v -0.01237378 0.00100001 -0.00324235
v -0.01163925 0.00100001 -0.00405190
v -0.01272063 0.00100001 -0.00367729
v -0.01322184 0.00100001 -0.00391866
v -0.01349999 0.00100001 -0.00500000
v -0.01377814 0.00100001 -0.00391866
v -0.01278925 0.00100001 -0.00488743
v -0.01214809 0.00100001 -0.00456074
v -0.01427935 0.00100001 -0.00367729
v -0.01536073 0.00100001 -0.00405190
v -0.01462620 0.00100001 -0.00324235
v -0.01485190 0.00100001 -0.00456074
v -0.01421073 0.00100001 -0.00488743
v -0.01579999 0.00100001 0.00000000
v -0.01579999 0.00100001 -0.00270000
v -0.01568742 0.00100001 -0.00341074
v -0.01399999 -0.00099999 0.00180000
v -0.01049999 -0.00099999 0.00020000
v -0.01049999 -0.00099999 0.00180000
v -0.01119999 -0.00099999 0.00020000
v -0.01399999 -0.00099999 0.00020000
v -0.01448989 -0.00099999 0.00000000
v -0.01322184 -0.00099999 -0.00148134
v -0.01272063 -0.00099999 -0.00172271
v -0.01377814 -0.00099999 -0.00148134
v -0.01579999 -0.00099999 0.00000000
v -0.01119999 -0.00099999 -0.00270000
v -0.01224999 -0.00099999 -0.00270000
v -0.01237378 -0.00099999 -0.00324235
v -0.01237378 -0.00099999 -0.00215764
v -0.01462620 -0.00099999 -0.00324235
v -0.01536073 -0.00099999 -0.00405190
v -0.01427935 -0.00099999 -0.00367729
v -0.01568742 -0.00099999 -0.00341074
v -0.01474999 -0.00099999 -0.00270000
v -0.01579999 -0.00099999 -0.00270000
v -0.01462620 -0.00099999 -0.00215764
v -0.01427935 -0.00099999 -0.00172271
v -0.01377814 -0.00099999 -0.00391866
v -0.01349999 -0.00099999 -0.00500000
v -0.01322184 -0.00099999 -0.00391866
v -0.01421073 -0.00099999 -0.00488743
v -0.01485190 -0.00099999 -0.00456074
v -0.01131256 -0.00099999 -0.00341074
v -0.01163925 -0.00099999 -0.00405190
v -0.01272063 -0.00099999 -0.00367729
v -0.01214809 -0.00099999 -0.00456074
v -0.01278925 -0.00099999 -0.00488743
v -0.01420297 -0.00099999 0.00016037
v -0.01599999 -0.00079999 0.00000000
v -0.01599999 0.00080001 -0.00270000
v -0.01599999 -0.00079999 -0.00270000
v -0.01599999 0.00080001 0.00000000
v -0.00335409 0.00380001 0.00000000
v -0.00335409 0.00110384 0.00000000
v -0.00353041 0.00095679 0.00000000
v -0.01629999 -0.00779999 0.00000000
v -0.00649999 -0.00779999 0.00000000
v -0.00743375 -0.00779999 0.00000000
v -0.00714784 -0.00742499 0.00000000
v -0.01449263 -0.00100269 0.00000000
v -0.00449999 -0.00149999 0.00000000
v -0.00335409 -0.00110383 0.00000000
v -0.00335409 -0.00379999 0.00000000
v -0.00349497 -0.00099497 0.00000000
v -0.00874999 -0.00464999 0.00000000
v -0.01014999 -0.00360621 0.00000000
v -0.00989377 -0.00334999 0.00000000
v -0.01053695 -0.00602118 0.00000000
v -0.01049999 -0.00369999 0.00000000
v -0.01035214 -0.00557499 0.00000000
v -0.01059999 -0.00649999 0.00000000
v -0.01005814 -0.00519185 0.00000000
v -0.00967499 -0.00489785 0.00000000
v -0.00922881 -0.00471303 0.00000000
v -0.01629999 0.00780001 0.00000000
v -0.01303375 0.00780001 0.00000000
v -0.01053695 0.00602119 0.00000000
v -0.01035214 0.00557501 0.00000000
v -0.01059999 0.00650001 0.00000000
v -0.00449999 0.00150001 0.00000000
v -0.00366234 0.00072648 0.00000000
v -0.00649999 0.00150001 0.00000000
v -0.00649999 0.00380001 0.00000000
v -0.00714784 0.00742501 0.00000000
v -0.00743375 0.00780001 0.00000000
v -0.00649999 0.00780001 0.00000000
v -0.00365673 -0.00074228 0.00000000
v -0.00369999 -0.00049999 0.00000000
v -0.00369999 0.00050001 0.00000000
v -0.01049999 0.00080001 0.00000000
v -0.01099999 -0.00079999 0.00000000
v -0.01099999 0.00080001 0.00000000
v -0.01049999 -0.00079999 0.00000000
v -0.01014999 0.00089379 0.00000000
v -0.01014999 -0.00089378 0.00000000
v -0.00989377 0.00115001 0.00000000
v -0.01274784 -0.00742499 0.00000000
v -0.01006624 -0.00779999 0.00000000
v -0.01303375 -0.00779999 0.00000000
v -0.01256303 -0.00697881 0.00000000
v -0.01565814 -0.00519185 0.00000000
v -0.01460621 -0.00334999 0.00000000
v -0.01434999 -0.00360621 0.00000000
v -0.01595214 -0.00557499 0.00000000
v -0.01566624 0.00780001 0.00000000
v -0.01595214 0.00742501 0.00000000
v -0.01434999 0.00360622 0.00000000
v -0.01527499 0.00489786 0.00000000
v -0.01482881 0.00471304 0.00000000
v -0.00689999 0.00650001 0.00000000
v -0.00696303 0.00602119 0.00000000
v -0.00696303 0.00697882 0.00000000
v -0.00874999 0.00465001 0.00000000
v -0.00827118 0.00471304 0.00000000
v -0.00922881 0.00471304 0.00000000
v -0.00967499 0.00489786 0.00000000
v -0.01005814 0.00519186 0.00000000
v -0.01053695 0.00697882 0.00000000
v -0.01035214 0.00742501 0.00000000
v -0.01006624 0.00780001 0.00000000
v -0.00649999 -0.00379999 0.00000000
v -0.00979999 0.00300001 0.00000000
v -0.00989377 0.00335001 0.00000000
v -0.00979999 0.00150001 0.00000000
v -0.00714784 0.00557501 0.00000000
v -0.00744184 0.00519186 0.00000000
v -0.00782499 0.00489786 0.00000000
v -0.00989377 -0.00114999 0.00000000
v -0.01449263 0.00100270 0.00000000
v -0.01464607 0.00123060 0.00000000
v -0.01460621 0.00335001 0.00000000
v -0.01274784 0.00742501 0.00000000
v -0.01595214 -0.00742499 0.00000000
v -0.01566624 -0.00779999 0.00000000
v -0.00649999 -0.00149999 0.00000000
v -0.01014999 0.00360622 0.00000000
v -0.01256303 0.00697882 0.00000000
v -0.00979999 -0.00149999 0.00000000
v -0.00979999 -0.00299999 0.00000000
v -0.00696303 -0.00602118 0.00000000
v -0.00714784 -0.00557499 0.00000000
v -0.00689999 -0.00649999 0.00000000
v -0.00696303 -0.00697881 0.00000000
v -0.01035214 -0.00742499 0.00000000
v -0.01053695 -0.00697881 0.00000000
v -0.01249999 -0.00649999 0.00000000
v -0.01256303 -0.00602118 0.00000000
v -0.01527499 -0.00489785 0.00000000
v -0.01482881 -0.00471303 0.00000000
v -0.01399999 -0.00369999 0.00000000
v -0.01613696 -0.00697881 0.00000000
v -0.01619999 -0.00649999 0.00000000
v -0.01613696 -0.00602118 0.00000000
v -0.00827118 -0.00471303 0.00000000
v -0.00782499 -0.00489785 0.00000000
v -0.00744184 -0.00519185 0.00000000
v -0.01274784 -0.00557499 0.00000000
v -0.01304184 -0.00519185 0.00000000
v -0.01469999 -0.00299999 0.00000000
v -0.01469999 -0.00149999 0.00000000
v -0.01464607 -0.00123059 0.00000000
v -0.01613696 0.00602119 0.00000000
v -0.01595214 0.00557501 0.00000000
v -0.01619999 0.00650001 0.00000000
v -0.01613696 0.00697882 0.00000000
v -0.01249999 0.00650001 0.00000000
v -0.01256303 0.00602119 0.00000000
v -0.01049999 0.00370001 0.00000000
v -0.01274784 0.00557501 0.00000000
v -0.01434999 -0.00464999 0.00000000
v -0.01387118 -0.00471303 0.00000000
v -0.01342499 -0.00489785 0.00000000
v -0.01565814 0.00519186 0.00000000
v -0.01469999 0.00300001 0.00000000
v -0.01469999 0.00150001 0.00000000
v -0.01304184 0.00519186 0.00000000
v -0.01342499 0.00489786 0.00000000
v -0.01399999 0.00370001 0.00000000
v -0.01387118 0.00471304 0.00000000
v -0.01434999 0.00465001 0.00000000
v -0.00205428 -0.00379999 -0.00142475
v -0.00239578 -0.00379999 -0.00071428
v -0.00239578 -0.00119999 -0.00071428
v -0.00205428 -0.00119999 -0.00142475
v -0.00150853 -0.00379999 -0.00199356
v -0.00150853 -0.00119999 -0.00199356
v -0.00081280 -0.00379999 -0.00236417
v -0.00081280 -0.00119999 -0.00236417
v -0.00003627 -0.00379999 -0.00249973
v -0.00003627 -0.00119999 -0.00249973
v 0.00074388 -0.00379999 -0.00238676
v 0.00074388 -0.00119999 -0.00238676
v 0.00145007 -0.00379999 -0.00203650
v 0.00145007 -0.00119999 -0.00203650
v 0.00201209 -0.00379999 -0.00148376
v 0.00201209 -0.00119999 -0.00148376
v 0.00237406 -0.00379999 -0.00078350
v 0.00237406 -0.00119999 -0.00078350
v 0.00250000 -0.00379999 -0.00000534
v 0.00250000 -0.00119999 -0.00000534
v 0.00237739 -0.00379999 0.00077335
v 0.00237739 -0.00119999 0.00077335
v 0.00201841 -0.00379999 0.00147515
v 0.00201841 -0.00119999 0.00147515
v 0.00145876 -0.00379999 0.00203028
v 0.00145876 -0.00119999 0.00203028
v 0.00075408 -0.00379999 0.00238357
v 0.00075408 -0.00119999 0.00238357
v -0.00002558 -0.00379999 0.00249987
v -0.00002558 -0.00119999 0.00249987
v -0.00080269 -0.00379999 0.00236764
v -0.00080269 -0.00119999 0.00236764
v -0.00064951 -0.00099999 0.00037500
v -0.00074999 -0.00379999 0.00000000
v -0.00074999 -0.00099999 0.00000000
v -0.00064951 -0.00379999 0.00037500
v -0.00037499 -0.00099999 0.00064952
v -0.00037499 -0.00379999 0.00064952
v 0.00000001 -0.00099999 0.00075000
v 0.00000001 -0.00379999 0.00075000
v 0.00037501 -0.00099999 0.00064952
v 0.00037501 -0.00379999 0.00064952
v 0.00064953 -0.00099999 0.00037500
v 0.00064953 -0.00379999 0.00037500
v 0.00075001 -0.00099999 0.00000000
v 0.00075001 -0.00379999 0.00000000
v 0.00064953 -0.00099999 -0.00037500
v 0.00064953 -0.00379999 -0.00037500
v 0.00037501 -0.00099999 -0.00064952
v 0.00037501 -0.00379999 -0.00064952
v 0.00000001 -0.00099999 -0.00075000
v 0.00000001 -0.00379999 -0.00075000
v -0.00037499 -0.00099999 -0.00064952
v -0.00037499 -0.00379999 -0.00064952
v -0.00064951 -0.00099999 -0.00037500
v -0.00064951 -0.00379999 -0.00037500
v -0.00003336 0.00400001 -0.00229975
v -0.00074778 0.00400001 -0.00217504
v -0.00138785 0.00400001 -0.00183408
v -0.00143177 0.00400001 0.00180000
v -0.00243275 0.00400001 -0.00023115
v -0.00288054 0.00400001 0.00010261
v -0.00220412 0.00400001 -0.00065714
v -0.00188993 0.00400001 -0.00131077
v 0.00218414 0.00400001 -0.00072082
v 0.00049797 0.00400001 -0.00028750
v 0.00057501 0.00400001 0.00000000
v -0.00557611 0.00400001 0.00061732
v -0.00579289 0.00400001 0.00029290
v 0.00000001 0.00400001 -0.00057500
v -0.00028749 0.00400001 -0.00049796
v 0.00068437 0.00400001 -0.00219582
v 0.00028751 0.00400001 -0.00049796
v 0.00133406 0.00400001 -0.00187358
v 0.00185112 0.00400001 -0.00136506
v -0.00049796 0.00400001 -0.00028750
v -0.00057499 0.00400001 0.00000000
v -0.00049796 0.00400001 0.00028750
v -0.00137999 0.00400001 0.00184000
v -0.00028749 0.00400001 0.00049797
v -0.00073847 0.00400001 0.00217822
v 0.00000001 0.00400001 0.00057500
v 0.00069375 0.00400001 0.00219288
v 0.00028751 0.00400001 0.00049797
v -0.00002353 0.00400001 0.00229988
v 0.00230000 0.00400001 -0.00000491
v 0.00218720 0.00400001 0.00071148
v 0.00049797 0.00400001 0.00028750
v 0.00185694 0.00400001 0.00135713
v 0.00134206 0.00400001 0.00186786
v -0.00589999 0.00400001 0.00020000
v -0.00335409 0.00400001 0.00020000
v 0.00134206 -0.00399999 0.00186786
v 0.00069375 -0.00399999 0.00219288
v -0.00002353 -0.00399999 0.00229988
v -0.00579289 -0.00399999 0.00029290
v -0.00589999 -0.00399999 0.00020000
v -0.00335409 -0.00399999 0.00020000
v 0.00068437 -0.00399999 -0.00219582
v 0.00047501 -0.00399999 -0.00082272
v 0.00000001 -0.00399999 -0.00095000
v 0.00082273 -0.00399999 -0.00047500
v 0.00218414 -0.00399999 -0.00072082
v 0.00095001 -0.00399999 0.00000000
v 0.00185112 -0.00399999 -0.00136506
v 0.00133406 -0.00399999 -0.00187358
v -0.00094999 -0.00399999 0.00000000
v -0.00288054 -0.00399999 0.00010261
v -0.00243275 -0.00399999 -0.00023115
v -0.00082272 -0.00399999 0.00047500
v 0.00218720 -0.00399999 0.00071148
v 0.00082273 -0.00399999 0.00047500
v 0.00230000 -0.00399999 -0.00000491
v 0.00047501 -0.00399999 0.00082273
v -0.00137999 -0.00399999 0.00184000
v -0.00143177 -0.00399999 0.00180000
v -0.00073847 -0.00399999 0.00217822
v 0.00000001 -0.00399999 0.00095000
v -0.00047499 -0.00399999 0.00082273
v -0.00549999 -0.00399999 0.00180000
v -0.00549999 -0.00399999 0.00100000
v -0.00557611 -0.00399999 0.00061732
v -0.00003336 -0.00399999 -0.00229975
v -0.00074778 -0.00399999 -0.00217504
v -0.00047499 -0.00399999 -0.00082272
v -0.00138785 -0.00399999 -0.00183408
v -0.00082272 -0.00399999 -0.00047500
v -0.00188993 -0.00399999 -0.00131077
v -0.00220412 -0.00399999 -0.00065714
v 0.00185694 -0.00399999 0.00135713
v -0.00205428 0.00120001 -0.00142475
v -0.00239578 0.00120001 -0.00071428
v -0.00239578 0.00380001 -0.00071428
v -0.00205428 0.00380001 -0.00142475
v -0.00150853 0.00120001 -0.00199356
v -0.00150853 0.00380001 -0.00199356
v -0.00081280 0.00120001 -0.00236417
v -0.00081280 0.00380001 -0.00236417
v -0.00003627 0.00120001 -0.00249973
v -0.00003627 0.00380001 -0.00249973
v 0.00074388 0.00120001 -0.00238676
v 0.00074388 0.00380001 -0.00238676
v 0.00145007 0.00120001 -0.00203650
v 0.00145007 0.00380001 -0.00203650
v 0.00201209 0.00120001 -0.00148376
v 0.00201209 0.00380001 -0.00148376
v 0.00237406 0.00120001 -0.00078350
v 0.00237406 0.00380001 -0.00078350
v 0.00250000 0.00120001 -0.00000534
v 0.00250000 0.00380001 -0.00000534
v 0.00237739 0.00120001 0.00077335
v 0.00237739 0.00380001 0.00077335
v 0.00201841 0.00120001 0.00147515
v 0.00201841 0.00380001 0.00147515
v 0.00145876 0.00120001 0.00203028
v 0.00145876 0.00380001 0.00203028
v 0.00075408 0.00120001 0.00238357
v 0.00075408 0.00380001 0.00238357
v -0.00002558 0.00120001 0.00249987
v -0.00002558 0.00380001 0.00249987
v -0.00080269 0.00120001 0.00236764
v -0.00080269 0.00380001 0.00236764
v -0.00299999 0.00100001 0.00180000
v -0.00299999 0.00100001 0.00014657
v -0.00288054 0.00100001 0.00010261
v 0.00134206 0.00100001 0.00186786
v 0.00028751 0.00100001 0.00049797
v 0.00049797 0.00100001 0.00028750
v -0.00137999 0.00100001 0.00184000
v -0.00143177 0.00100001 0.00180000
v 0.00000001 0.00100001 0.00057500
v -0.00028749 0.00100001 0.00049797
v -0.00049796 0.00100001 0.00028750
v -0.00057499 0.00100001 0.00000000
v -0.00243275 0.00100001 -0.00023115
v -0.00002353 0.00100001 0.00229988
v 0.00069375 0.00100001 0.00219288
v -0.00073847 0.00100001 0.00217822
v -0.00028749 0.00100001 -0.00049796
v -0.00074778 0.00100001 -0.00217504
v 0.00000001 0.00100001 -0.00057500
v -0.00138785 0.00100001 -0.00183408
v -0.00049796 0.00100001 -0.00028750
v -0.00188993 0.00100001 -0.00131077
v -0.00220412 0.00100001 -0.00065714
v 0.00068437 0.00100001 -0.00219582
v 0.00028751 0.00100001 -0.00049796
v -0.00003336 0.00100001 -0.00229975
v 0.00049797 0.00100001 -0.00028750
v 0.00218414 0.00100001 -0.00072082
v 0.00057501 0.00100001 0.00000000
v 0.00185112 0.00100001 -0.00136506
v 0.00133406 0.00100001 -0.00187358
v 0.00185694 0.00100001 0.00135713
v 0.00218720 0.00100001 0.00071148
v 0.00230000 0.00100001 -0.00000491
v 0.00133406 -0.00099999 -0.00187358
v -0.00220412 -0.00099999 -0.00065714
v -0.00243275 -0.00099999 -0.00023115
v -0.00143177 -0.00099999 0.00180000
v -0.00299999 -0.00099999 0.00014657
v -0.00299999 -0.00099999 0.00180000
v -0.00288054 -0.00099999 0.00010261
v 0.00068437 -0.00099999 -0.00219582
v -0.00003336 -0.00099999 -0.00229975
v -0.00138785 -0.00099999 -0.00183408
v -0.00074778 -0.00099999 -0.00217504
v -0.00188993 -0.00099999 -0.00131077
v 0.00185112 -0.00099999 -0.00136506
v 0.00218414 -0.00099999 -0.00072082
v 0.00230000 -0.00099999 -0.00000491
v 0.00218720 -0.00099999 0.00071148
v 0.00185694 -0.00099999 0.00135713
v -0.00137999 -0.00099999 0.00184000
v -0.00073847 -0.00099999 0.00217822
v 0.00134206 -0.00099999 0.00186786
v 0.00069375 -0.00099999 0.00219288
v -0.00002353 -0.00099999 0.00229988
v -0.01649999 0.00780001 0.00180000
v -0.01649999 -0.00779999 0.00020000
v -0.01649999 -0.00779999 0.00180000
v -0.01649999 0.00780001 0.00020000
v -0.00679999 -0.00799999 0.00800000
v -0.00679999 -0.00799999 0.00180000
v -0.00624999 -0.00799999 0.00143302
v -0.01124999 -0.00799999 0.00056699
v -0.01149999 -0.00799999 0.00050000
v -0.00699999 -0.00799999 0.00100000
v -0.01629999 -0.00799999 0.00020000
v -0.01503738 -0.00799999 0.00020000
v -0.01475192 -0.00799999 0.00029709
v 0.00100001 -0.00799999 0.00770000
v 0.00100001 -0.00799999 0.00880000
v -0.00599999 -0.00799999 0.00880000
v -0.01149999 -0.00799999 0.00150000
v -0.01629999 -0.00799999 0.00180000
v -0.01366261 -0.00799999 0.00020000
v -0.01174999 -0.00799999 0.00056699
v -0.01193300 -0.00799999 0.00075000
v -0.00499999 -0.00799999 0.00770000
v -0.00534999 -0.00799999 0.00760622
v -0.00630614 -0.00799999 0.00873911
v -0.00560621 -0.00799999 0.00735000
v -0.00599999 -0.00799999 0.00100000
v -0.00569999 -0.00799999 0.00700000
v -0.00606698 -0.00799999 0.00125000
v -0.00569999 -0.00799999 0.00100000
v -0.00606698 -0.00799999 0.00075000
v -0.00649999 -0.00799999 0.00150000
v -0.00674999 -0.00799999 0.00143302
v -0.00693300 -0.00799999 0.00125000
v -0.01124999 -0.00799999 0.00143302
v -0.01199999 -0.00799999 0.00100000
v -0.01394807 -0.00799999 0.00029709
v -0.01434999 -0.00799999 0.00035000
v -0.01174999 -0.00799999 0.00143302
v -0.01193300 -0.00799999 0.00125000
v -0.00673910 -0.00799999 0.00830615
v -0.00656568 -0.00799999 0.00856569
v -0.01106698 -0.00799999 0.00075000
v -0.01099999 -0.00799999 0.00100000
v -0.01106698 -0.00799999 0.00125000
v -0.00649999 -0.00799999 0.00020000
v -0.00674999 -0.00799999 0.00056699
v -0.00806260 -0.00799999 0.00020000
v -0.00649999 -0.00799999 0.00050000
v -0.00619385 -0.00799999 0.00026090
v -0.00624999 -0.00799999 0.00056699
v -0.00593431 -0.00799999 0.00043432
v -0.00576089 -0.00799999 0.00069386
v -0.00834807 -0.00799999 0.00029709
v -0.00693300 -0.00799999 0.00075000
v -0.00874999 -0.00799999 0.00035000
v -0.00915192 -0.00799999 0.00029709
v -0.00943738 -0.00799999 0.00020000
v -0.00674999 0.00800001 0.00056699
v -0.00649999 0.00800001 0.00050000
v -0.01099999 0.00800001 0.00100000
v -0.00649999 0.00800001 0.00020000
v -0.00806260 0.00800001 0.00020000
v -0.00834807 0.00800001 0.00029709
v -0.00679999 0.00800001 0.00180000
v -0.01106698 0.00800001 0.00125000
v -0.01124999 0.00800001 0.00143302
v -0.00599999 0.00800001 0.00100000
v -0.00576089 0.00800001 0.00069386
v -0.00606698 0.00800001 0.00075000
v -0.00569999 0.00800001 0.00100000
v -0.00606698 0.00800001 0.00125000
v -0.00569999 0.00800001 0.00700000
v -0.00624999 0.00800001 0.00143302
v -0.00649999 0.00800001 0.00150000
v -0.00499999 0.00800001 0.00770000
v 0.00100001 0.00800001 0.00880000
v 0.00100001 0.00800001 0.00770000
v -0.00599999 0.00800001 0.00880000
v -0.00524227 0.00800001 0.00765674
v -0.00630614 0.00800001 0.00873911
v -0.00549497 0.00800001 0.00749498
v -0.01149999 0.00800001 0.00050000
v -0.00943738 0.00800001 0.00020000
v -0.01366261 0.00800001 0.00020000
v -0.00656568 0.00800001 0.00856569
v -0.00673910 0.00800001 0.00830615
v -0.00565673 0.00800001 0.00724229
v -0.00679999 0.00800001 0.00800000
v -0.01106698 0.00800001 0.00075000
v -0.01124999 0.00800001 0.00056699
v -0.01149999 0.00800001 0.00150000
v -0.01629999 0.00800001 0.00180000
v -0.01174999 0.00800001 0.00143302
v -0.00693300 0.00800001 0.00075000
v -0.00699999 0.00800001 0.00100000
v -0.00693300 0.00800001 0.00125000
v -0.00674999 0.00800001 0.00143302
v -0.00915192 0.00800001 0.00029709
v -0.00874999 0.00800001 0.00035000
v -0.00624999 0.00800001 0.00056699
v -0.00619385 0.00800001 0.00026090
v -0.00593431 0.00800001 0.00043432
v -0.01629999 0.00800001 0.00020000
v -0.01475192 0.00800001 0.00029709
v -0.01503738 0.00800001 0.00020000
v -0.01199999 0.00800001 0.00100000
v -0.01193300 0.00800001 0.00125000
v -0.01174999 0.00800001 0.00056699
v -0.01193300 0.00800001 0.00075000
v -0.01394807 0.00800001 0.00029709
v -0.01434999 0.00800001 0.00035000
v -0.01587763 -0.00079999 -0.00347254
v -0.01587763 0.00080001 -0.00347254
v -0.01552253 -0.00079999 -0.00416946
v -0.01552253 0.00080001 -0.00416946
v -0.01496946 -0.00079999 -0.00472254
v -0.01496946 0.00080001 -0.00472254
v -0.01427253 -0.00079999 -0.00507764
v -0.01427253 0.00080001 -0.00507764
v -0.01349999 -0.00079999 -0.00520000
v -0.01349999 0.00080001 -0.00520000
v -0.01272745 -0.00079999 -0.00507764
v -0.01272745 0.00080001 -0.00507764
v -0.01203053 -0.00079999 -0.00472254
v -0.01203053 0.00080001 -0.00472254
v -0.01147745 -0.00079999 -0.00416946
v -0.01147745 0.00080001 -0.00416946
v -0.01112235 -0.00079999 -0.00347254
v -0.01112235 0.00080001 -0.00347254
v -0.01099999 -0.00079999 -0.00270000
v -0.01099999 0.00080001 -0.00270000
v -0.01413000 0.00567897 0.00100000
v -0.01392499 0.00576388 0.00100000
v -0.01374895 0.00589896 0.00100000
v -0.01361387 0.00607501 0.00100000
v -0.01352895 0.00628001 0.00100000
v -0.01349999 0.00650001 0.00100000
v -0.01352895 0.00672000 0.00100000
v -0.01361387 0.00692501 0.00100000
v -0.01374895 0.00710105 0.00100000
v -0.01392499 0.00723613 0.00100000
v -0.01413000 0.00732104 0.00100000
v -0.01434999 0.00735001 0.00100000
v -0.01456999 0.00732104 0.00100000
v -0.01477499 0.00723613 0.00100000
v -0.01495103 0.00710105 0.00100000
v -0.01508611 0.00692501 0.00100000
v -0.01517103 0.00672000 0.00100000
v -0.01519999 0.00650001 0.00100000
v -0.01517103 0.00628001 0.00100000
v -0.01508611 0.00607501 0.00100000
v -0.01495103 0.00589896 0.00100000
v -0.01477499 0.00576388 0.00100000
v -0.01456999 0.00567897 0.00100000
v -0.01434999 0.00565001 0.00100000
v -0.01350595 0.00796193 0.00016192
v -0.01519403 0.00796193 0.00016192
v -0.00853000 0.00567897 0.00100000
v -0.00832499 0.00576388 0.00100000
v -0.00814895 0.00589896 0.00100000
v -0.00801387 0.00607501 0.00100000
v -0.00792895 0.00628001 0.00100000
v -0.00789999 0.00650001 0.00100000
v -0.00792895 0.00672000 0.00100000
v -0.00801387 0.00692501 0.00100000
v -0.00814895 0.00710105 0.00100000
v -0.00832499 0.00723613 0.00100000
v -0.00853000 0.00732104 0.00100000
v -0.00874999 0.00735001 0.00100000
v -0.00896999 0.00732104 0.00100000
v -0.00917499 0.00723613 0.00100000
v -0.00935103 0.00710105 0.00100000
v -0.00948611 0.00692501 0.00100000
v -0.00957103 0.00672000 0.00100000
v -0.00959999 0.00650001 0.00100000
v -0.00957103 0.00628001 0.00100000
v -0.00948611 0.00607501 0.00100000
v -0.00935103 0.00589896 0.00100000
v -0.00917499 0.00576388 0.00100000
v -0.00896999 0.00567897 0.00100000
v -0.00874999 0.00565001 0.00100000
v -0.00959403 0.00796193 0.00016192
v -0.00790595 0.00796193 0.00016192
v -0.00853000 -0.00732103 0.00100000
v -0.00832499 -0.00723612 0.00100000
v -0.00814895 -0.00710104 0.00100000
v -0.00801387 -0.00692499 0.00100000
v -0.00792895 -0.00671999 0.00100000
v -0.00789999 -0.00649999 0.00100000
v -0.00792895 -0.00628000 0.00100000
v -0.00801387 -0.00607499 0.00100000
v -0.00814895 -0.00589895 0.00100000
v -0.00832499 -0.00576387 0.00100000
v -0.00853000 -0.00567896 0.00100000
v -0.00874999 -0.00564999 0.00100000
v -0.00896999 -0.00567896 0.00100000
v -0.00917499 -0.00576387 0.00100000
v -0.00935103 -0.00589895 0.00100000
v -0.00948611 -0.00607499 0.00100000
v -0.00957103 -0.00628000 0.00100000
v -0.00959999 -0.00649999 0.00100000
v -0.00957103 -0.00671999 0.00100000
v -0.00948611 -0.00692499 0.00100000
v -0.00935103 -0.00710104 0.00100000
v -0.00917499 -0.00723612 0.00100000
v -0.00896999 -0.00732103 0.00100000
v -0.00874999 -0.00734999 0.00100000
v -0.00959403 -0.00796191 0.00016192
v -0.00790595 -0.00796191 0.00016192
v -0.01413000 -0.00732103 0.00100000
v -0.01392499 -0.00723612 0.00100000
v -0.01374895 -0.00710104 0.00100000
v -0.01361387 -0.00692499 0.00100000
v -0.01352895 -0.00671999 0.00100000
v -0.01349999 -0.00649999 0.00100000
v -0.01352895 -0.00628000 0.00100000
v -0.01361387 -0.00607499 0.00100000
v -0.01374895 -0.00589895 0.00100000
v -0.01392499 -0.00576387 0.00100000
v -0.01413000 -0.00567896 0.00100000
v -0.01434999 -0.00564999 0.00100000
v -0.01456999 -0.00567896 0.00100000
v -0.01477499 -0.00576387 0.00100000
v -0.01495103 -0.00589895 0.00100000
v -0.01508611 -0.00607499 0.00100000
v -0.01517103 -0.00628000 0.00100000
v -0.01519999 -0.00649999 0.00100000
v -0.01517103 -0.00671999 0.00100000
v -0.01508611 -0.00692499 0.00100000
v -0.01495103 -0.00710104 0.00100000
v -0.01477499 -0.00723612 0.00100000
v -0.01456999 -0.00732103 0.00100000
v -0.01434999 -0.00734999 0.00100000
v -0.01350595 -0.00796191 0.00016192
v -0.01519403 -0.00796191 0.00016192
v -0.00349999 -0.00049999 0.00180000
v -0.00349999 0.00050001 0.00020000
v -0.00349999 0.00050001 0.00180000
v -0.00349999 -0.00049999 0.00020000
v -0.00343300 0.00075001 0.00180000
v -0.00347310 0.00066177 0.00020000
v -0.00337886 0.00082628 0.00020000
v -0.00335355 0.00085356 0.00180000
v -0.00335355 0.00085356 0.00020000
v -0.00325292 0.00093131 0.00020000
v -0.00324999 0.00093302 0.00180000
v -0.00312929 0.00098300 0.00018745
v -0.00317305 -0.00096909 0.00180000
v -0.00312993 -0.00098282 0.00018759
v -0.00346909 -0.00067305 0.00180000
v -0.00346909 -0.00067305 0.00020000
v -0.00335355 -0.00085355 0.00180000
v -0.00335355 -0.00085355 0.00020000
v -0.00325292 -0.00093130 0.00020000
v -0.00258631 0.00120001 -0.00035929
v -0.00258631 0.00380001 -0.00035929
v -0.00295946 0.00120001 -0.00008116
v -0.00295946 0.00380001 -0.00008116
v -0.00305901 0.00120001 -0.00004453
v -0.00320985 0.00117620 -0.00001045
v -0.00321060 -0.00117594 -0.00001035
v -0.00258631 -0.00379999 -0.00035929
v -0.00258631 -0.00119999 -0.00035929
v -0.00295946 -0.00379999 -0.00008116
v -0.00295946 -0.00119999 -0.00008116
v -0.00305901 -0.00119999 -0.00004453
v 0.00027501 0.00397501 0.00047632
v 0.00047632 0.00397501 0.00027500
v 0.00000001 0.00397501 0.00055000
v -0.00027499 0.00397501 0.00047632
v -0.00047631 0.00397501 0.00027500
v -0.00054999 0.00397501 0.00000000
v -0.00047631 0.00397501 -0.00027500
v -0.00027499 0.00397501 -0.00047631
v 0.00000001 0.00397501 -0.00055000
v 0.00027501 0.00397501 -0.00047631
v 0.00047632 0.00397501 -0.00027500
v 0.00055001 0.00397501 0.00000000
v -0.00054999 0.00102501 0.00000000
v -0.00047631 0.00102501 0.00027500
v -0.00027499 0.00102501 0.00047632
v 0.00000001 0.00102501 0.00055000
v 0.00027501 0.00102501 0.00047632
v 0.00047632 0.00102501 0.00027500
v 0.00055001 0.00102501 0.00000000
v 0.00047632 0.00102501 -0.00027500
v 0.00027501 0.00102501 -0.00047631
v 0.00000001 0.00102501 -0.00055000
v -0.00027499 0.00102501 -0.00047631
v -0.00047631 0.00102501 -0.00027500
v -0.01639999 0.00790001 0.00190000
v -0.01639999 0.00790001 0.00010000
v -0.01639999 -0.00789999 0.00010000
v -0.01639999 -0.00789999 0.00190000
v -0.01449999 -0.00299999 0.00180000
v -0.01449999 -0.00149999 0.00020000
v -0.01449999 -0.00149999 0.00180000
v -0.01449999 -0.00299999 0.00020000
v -0.00999999 -0.00149999 0.00180000
v -0.00999999 -0.00299999 0.00020000
v -0.00999999 -0.00299999 0.00180000
v -0.00999999 -0.00149999 0.00020000
v -0.01049999 -0.00349999 0.00180000
v -0.01399999 -0.00349999 0.00020000
v -0.01399999 -0.00349999 0.00180000
v -0.01049999 -0.00349999 0.00020000
v -0.01449999 0.00300001 0.00020000
v -0.01449999 0.00150001 0.00180000
v -0.01449999 0.00150001 0.00020000
v -0.01449999 0.00300001 0.00180000
v -0.01049999 0.00350001 0.00020000
v -0.01399999 0.00350001 0.00180000
v -0.01399999 0.00350001 0.00020000
v -0.01049999 0.00350001 0.00180000
v -0.00999999 0.00150001 0.00020000
v -0.00999999 0.00300001 0.00180000
v -0.00999999 0.00300001 0.00020000
v -0.00999999 0.00150001 0.00180000
v -0.01024999 0.00343302 0.00020000
v -0.01024999 0.00343302 0.00180000
v -0.01006698 0.00325001 0.00020000
v -0.01006698 0.00325001 0.00180000
v -0.01024999 0.00106699 0.00180000
v -0.01024999 0.00106699 0.00020000
v -0.01006698 0.00125001 0.00180000
v -0.01006698 0.00125001 0.00020000
v -0.01443300 0.00325001 0.00020000
v -0.01443300 0.00325001 0.00180000
v -0.01424999 0.00343302 0.00020000
v -0.01424999 0.00343302 0.00180000
v -0.01446148 0.00130758 0.00020000
v -0.01443300 0.00125001 0.00180000
v -0.01443300 0.00125001 0.00020000
v -0.01435187 0.00114479 0.00020000
v -0.01424999 0.00106699 0.00180000
v -0.01418806 0.00103672 0.00020000
v -0.01424999 0.00106699 0.00020000
v -0.01424999 -0.00343301 0.00020000
v -0.01424999 -0.00343301 0.00180000
v -0.01443300 -0.00324999 0.00020000
v -0.01443300 -0.00324999 0.00180000
v -0.01446148 -0.00130757 0.00020000
v -0.01443300 -0.00124999 0.00180000
v -0.01443300 -0.00124999 0.00020000
v -0.01435187 -0.00114478 0.00020000
v -0.01424999 -0.00106698 0.00180000
v -0.01424999 -0.00106698 0.00020000
v -0.01418806 -0.00103671 0.00020000
v -0.01024999 -0.00106698 0.00020000
v -0.01024999 -0.00106698 0.00180000
v -0.01006698 -0.00124999 0.00020000
v -0.01006698 -0.00124999 0.00180000
v -0.01006698 -0.00324999 0.00020000
v -0.01006698 -0.00324999 0.00180000
v -0.01024999 -0.00343301 0.00020000
v -0.01024999 -0.00343301 0.00180000
v 0.00100001 0.00400001 0.00770000
v 0.00100001 0.00400001 0.00880000
v -0.00599999 0.00400001 0.00880000
v -0.00499999 0.00400001 0.00770000
v -0.00524227 0.00400001 0.00765674
v -0.00630614 0.00400001 0.00873911
v -0.00549497 0.00400001 0.00749498
v -0.00569999 0.00400001 0.00700000
v -0.00679999 0.00400001 0.00800000
v -0.00565673 0.00400001 0.00724229
v -0.00673910 0.00400001 0.00830615
v -0.00656568 0.00400001 0.00856569
v -0.00699999 0.00780001 0.00800000
v -0.00699999 0.00420001 0.00800000
v -0.00560621 0.00715001 0.00900000
v -0.00534999 0.00740622 0.00900000
v -0.00599999 0.00780001 0.00900000
v -0.00499999 0.00750001 0.00900000
v 0.00100001 0.00780001 0.00900000
v 0.00100001 0.00750001 0.00900000
v -0.00499999 0.00450001 0.00900000
v 0.00100001 0.00420001 0.00900000
v 0.00100001 0.00450001 0.00900000
v -0.00599999 0.00420001 0.00900000
v -0.00524227 0.00454327 0.00900000
v -0.00549497 0.00470503 0.00900000
v -0.00569999 0.00680001 0.00900000
v -0.00569999 0.00520001 0.00900000
v -0.00565673 0.00495772 0.00900000
v -0.00699999 -0.00419999 0.00800000
v -0.00699999 -0.00779999 0.00800000
v -0.00679999 -0.00399999 0.00800000
v -0.00569999 -0.00399999 0.00700000
v -0.00565673 -0.00399999 0.00724229
v -0.00673910 -0.00399999 0.00830615
v -0.00549497 -0.00399999 0.00749498
v -0.00499999 -0.00399999 0.00770000
v 0.00100001 -0.00399999 0.00880000
v 0.00100001 -0.00399999 0.00770000
v -0.00599999 -0.00399999 0.00880000
v -0.00524227 -0.00399999 0.00765674
v -0.00630614 -0.00399999 0.00873911
v -0.00656568 -0.00399999 0.00856569
v -0.00549999 -0.00779999 0.00100000
v -0.00549999 -0.00679999 0.00700000
v -0.00549999 -0.00779999 0.00700000
v -0.00549999 -0.00519999 0.00880000
v -0.00549999 -0.00679999 0.00880000
v -0.00549999 -0.00519999 0.00700000
v -0.00549999 -0.00419999 0.00700000
v -0.00560621 -0.00484999 0.00900000
v -0.00534999 -0.00459378 0.00900000
v -0.00599999 -0.00419999 0.00900000
v -0.00499999 -0.00449999 0.00900000
v 0.00100001 -0.00419999 0.00900000
v 0.00100001 -0.00449999 0.00900000
v -0.00499999 -0.00749999 0.00900000
v 0.00100001 -0.00779999 0.00900000
v 0.00100001 -0.00749999 0.00900000
v -0.00599999 -0.00779999 0.00900000
v -0.00524227 -0.00745673 0.00900000
v -0.00549497 -0.00729497 0.00900000
v -0.00569999 -0.00519999 0.00900000
v -0.00569999 -0.00679999 0.00900000
v -0.00565673 -0.00704228 0.00900000
v 0.00100001 -0.00449999 0.00750000
v -0.00499999 -0.00419999 0.00750000
v 0.00100001 -0.00419999 0.00750000
v -0.00499999 -0.00449999 0.00750000
v 0.00120001 -0.00419999 0.00880000
v 0.00120001 -0.00449999 0.00770000
v 0.00120001 -0.00419999 0.00770000
v 0.00120001 -0.00449999 0.00880000
v -0.00499999 0.00750001 0.00750000
v 0.00100001 0.00780001 0.00750000
v 0.00100001 0.00750001 0.00750000
v -0.00499999 0.00780001 0.00750000
v 0.00120001 0.00780001 0.00880000
v 0.00120001 0.00750001 0.00770000
v 0.00120001 0.00780001 0.00770000
v 0.00120001 0.00750001 0.00880000
v 0.00100001 0.00730001 0.00770000
v -0.00499999 0.00730001 0.00880000
v -0.00499999 0.00730001 0.00770000
v 0.00100001 0.00730001 0.00880000
v -0.00499999 0.00470001 0.00770000
v 0.00100001 0.00470001 0.00880000
v 0.00100001 0.00470001 0.00770000
v -0.00499999 0.00470001 0.00880000
v 0.00100001 -0.00469999 0.00880000
v -0.00499999 -0.00469999 0.00770000
v 0.00100001 -0.00469999 0.00770000
v -0.00499999 -0.00469999 0.00880000
v -0.00499999 -0.00729999 0.00770000
v 0.00100001 -0.00729999 0.00880000
v 0.00100001 -0.00729999 0.00770000
v -0.00499999 -0.00729999 0.00880000
v -0.00506209 0.00470388 0.00769458
v -0.00517305 0.00473091 0.00880000
v -0.00523231 0.00475726 0.00761985
v -0.00535355 0.00484645 0.00880000
v -0.00535826 0.00485123 0.00748829
v -0.00541108 0.00491539 0.00739847
v -0.00546909 0.00502695 0.00880000
v -0.00547070 0.00503138 0.00723608
v -0.00546289 0.00698901 0.00726461
v -0.00543300 0.00705001 0.00880000
v -0.00535355 0.00715356 0.00880000
v -0.00519133 0.00726195 0.00764672
v -0.00513450 0.00728157 0.00767419
v -0.00529614 0.00720286 0.00756400
v -0.00535355 0.00715356 0.00749498
v -0.00524999 0.00723302 0.00880000
v -0.00546289 -0.00501099 0.00726461
v -0.00543300 -0.00494999 0.00880000
v -0.00535355 -0.00484644 0.00880000
v -0.00519133 -0.00473805 0.00764672
v -0.00513450 -0.00471843 0.00767419
v -0.00529614 -0.00479714 0.00756400
v -0.00535355 -0.00484644 0.00749498
v -0.00535856 -0.00485153 0.00748785
v -0.00524999 -0.00476698 0.00880000
v -0.00506209 -0.00729612 0.00769458
v -0.00517305 -0.00726909 0.00880000
v -0.00523231 -0.00724274 0.00761985
v -0.00535355 -0.00715355 0.00880000
v -0.00535355 -0.00715355 0.00749498
v -0.00541108 -0.00708461 0.00739847
v -0.00546909 -0.00697305 0.00880000
v -0.00547070 -0.00696862 0.00723608
v -0.00638268 -0.00779999 0.00892388
v -0.00638268 -0.00419999 0.00892388
v -0.00670710 -0.00779999 0.00870711
v -0.00670710 -0.00419999 0.00870711
v -0.00692387 -0.00779999 0.00838269
v -0.00692387 -0.00419999 0.00838269
v -0.00692387 0.00780001 0.00838269
v -0.00692387 0.00420001 0.00838269
v -0.00670710 0.00780001 0.00870711
v -0.00670710 0.00420001 0.00870711
v -0.00638268 0.00780001 0.00892388
v -0.00638268 0.00420001 0.00892388
v -0.00546289 -0.00706460 0.00718901
v -0.00543300 -0.00779999 0.00725000
v -0.00535355 -0.00779999 0.00735356
v -0.00519133 -0.00744671 0.00746194
v -0.00513450 -0.00747418 0.00748157
v -0.00529614 -0.00736399 0.00740286
v -0.00535856 -0.00728785 0.00734847
v -0.00524999 -0.00779999 0.00743302
v -0.00506209 -0.00450542 0.00749613
v -0.00517305 -0.00419999 0.00746910
v -0.00523231 -0.00458015 0.00744275
v -0.00535355 -0.00419999 0.00735356
v -0.00535826 -0.00471171 0.00734878
v -0.00541108 -0.00480153 0.00728462
v -0.00546909 -0.00419999 0.00717306
v -0.00546193 -0.00493212 0.00719135
v -0.00547070 -0.00496392 0.00716863
v -0.00546289 0.00493540 0.00718901
v -0.00546909 0.00420001 0.00717306
v -0.00535355 0.00420001 0.00735356
v -0.00535856 0.00471215 0.00734847
v -0.00517305 0.00420001 0.00746910
v -0.00513450 0.00452581 0.00748157
v -0.00519133 0.00455329 0.00746194
v -0.00529614 0.00463601 0.00740286
v -0.00506209 0.00749458 0.00749613
v -0.00517305 0.00780001 0.00746910
v -0.00523231 0.00741985 0.00744275
v -0.00535355 0.00780001 0.00735356
v -0.00535826 0.00728829 0.00734878
v -0.00541108 0.00719847 0.00728462
v -0.00546909 0.00780001 0.00717306
v -0.00546193 0.00706788 0.00719135
v -0.00547070 0.00703608 0.00716863
v -0.00630490 -0.00381921 0.00001922
v -0.00611731 -0.00779999 0.00007612
v -0.00611731 -0.00387612 0.00007612
v -0.00579289 -0.00779999 0.00029290
v -0.00557611 -0.00779999 0.00061732
v -0.00557611 0.00780001 0.00061732
v -0.00579289 0.00780001 0.00029290
v -0.00611731 0.00780001 0.00007612
v -0.00611731 0.00387613 0.00007612
v -0.00630490 0.00381922 0.00001922
v -0.00626249 0.00500001 0.00141137
v -0.00608863 0.00500001 0.00123750
v -0.00649999 0.00471460 0.00100000
v -0.00602499 0.00500001 0.00100000
v -0.00691135 0.00500001 0.00123750
v -0.00673749 0.00500001 0.00141137
v -0.00649999 0.00500001 0.00147500
v -0.00673749 0.00500001 0.00058864
v -0.00691135 0.00500001 0.00076250
v -0.00697499 0.00500001 0.00100000
v -0.00608863 0.00500001 0.00076250
v -0.00626249 0.00500001 0.00058864
v -0.00649999 0.00500001 0.00052500
v -0.00602499 0.00797501 0.00100000
v -0.00608863 0.00797501 0.00123750
v -0.00626249 0.00797501 0.00141137
v -0.00649999 0.00797501 0.00147500
v -0.00673749 0.00797501 0.00141137
v -0.00691135 0.00797501 0.00123750
v -0.00697499 0.00797501 0.00100000
v -0.00691135 0.00797501 0.00076250
v -0.00673749 0.00797501 0.00058864
v -0.00649999 0.00797501 0.00052500
v -0.00626249 0.00797501 0.00058864
v -0.00608863 0.00797501 0.00076250
v -0.01126249 0.00500001 0.00141137
v -0.01108863 0.00500001 0.00123750
v -0.01149999 0.00471460 0.00100000
v -0.01102499 0.00500001 0.00100000
v -0.01191135 0.00500001 0.00123750
v -0.01173749 0.00500001 0.00141137
v -0.01149999 0.00500001 0.00147500
v -0.01173749 0.00500001 0.00058864
v -0.01191135 0.00500001 0.00076250
v -0.01197499 0.00500001 0.00100000
v -0.01108863 0.00500001 0.00076250
v -0.01126249 0.00500001 0.00058864
v -0.01149999 0.00500001 0.00052500
v -0.01102499 0.00797501 0.00100000
v -0.01108863 0.00797501 0.00123750
v -0.01126249 0.00797501 0.00141137
v -0.01149999 0.00797501 0.00147500
v -0.01173749 0.00797501 0.00141137
v -0.01191135 0.00797501 0.00123750
v -0.01197499 0.00797501 0.00100000
v -0.01191135 0.00797501 0.00076250
v -0.01173749 0.00797501 0.00058864
v -0.01149999 0.00797501 0.00052500
v -0.01126249 0.00797501 0.00058864
v -0.01108863 0.00797501 0.00076250
v -0.00673749 -0.00499999 0.00141137
v -0.00691135 -0.00499999 0.00123750
v -0.00649999 -0.00471459 0.00100000
v -0.00697499 -0.00499999 0.00100000
v -0.00608863 -0.00499999 0.00123750
v -0.00626249 -0.00499999 0.00141137
v -0.00649999 -0.00499999 0.00147500
v -0.00626249 -0.00499999 0.00058864
v -0.00608863 -0.00499999 0.00076250
v -0.00602499 -0.00499999 0.00100000
v -0.00691135 -0.00499999 0.00076250
v -0.00673749 -0.00499999 0.00058864
v -0.00649999 -0.00499999 0.00052500
v -0.00697499 -0.00797499 0.00100000
v -0.00691135 -0.00797499 0.00123750
v -0.00673749 -0.00797499 0.00141137
v -0.00649999 -0.00797499 0.00147500
v -0.00626249 -0.00797499 0.00141137
v -0.00608863 -0.00797499 0.00123750
v -0.00602499 -0.00797499 0.00100000
v -0.00608863 -0.00797499 0.00076250
v -0.00626249 -0.00797499 0.00058864
v -0.00649999 -0.00797499 0.00052500
v -0.00673749 -0.00797499 0.00058864
v -0.00691135 -0.00797499 0.00076250
v -0.01173749 -0.00499999 0.00141137
v -0.01191135 -0.00499999 0.00123750
v -0.01149999 -0.00471459 0.00100000
v -0.01197499 -0.00499999 0.00100000
v -0.01108863 -0.00499999 0.00123750
v -0.01126249 -0.00499999 0.00141137
v -0.01149999 -0.00499999 0.00147500
v -0.01126249 -0.00499999 0.00058864
v -0.01108863 -0.00499999 0.00076250
v -0.01102499 -0.00499999 0.00100000
v -0.01191135 -0.00499999 0.00076250
v -0.01173749 -0.00499999 0.00058864
v -0.01149999 -0.00499999 0.00052500
v -0.01197499 -0.00797499 0.00100000
v -0.01191135 -0.00797499 0.00123750
v -0.01173749 -0.00797499 0.00141137
v -0.01149999 -0.00797499 0.00147500
v -0.01126249 -0.00797499 0.00141137
v -0.01108863 -0.00797499 0.00123750
v -0.01102499 -0.00797499 0.00100000
v -0.01108863 -0.00797499 0.00076250
v -0.01126249 -0.00797499 0.00058864
v -0.01149999 -0.00797499 0.00052500
v -0.01173749 -0.00797499 0.00058864
v -0.01191135 -0.00797499 0.00076250
v 0.00110001 0.00410001 0.00760000
v 0.00110001 -0.00789999 0.00760000
v 0.00110001 -0.00789999 0.00890000
v 0.00110001 -0.00409999 0.00890000
v 0.00110001 -0.00409999 0.00760000
v 0.00110001 0.00410001 0.00890000
v 0.00110001 0.00790001 0.00890000
v 0.00110001 0.00790001 0.00760000
v -0.00535355 0.00477574 0.00742427
v -0.00519133 0.00464568 0.00755433
v -0.00509754 0.00461153 0.00758847
v -0.00546193 0.00497040 0.00722961
v 0.00110001 -0.00459999 0.00890000
v 0.00110001 -0.00459999 0.00760000
v -0.00449999 -0.00149999 -0.00050000
v -0.00449999 0.00150001 -0.00050000
v -0.00649999 0.00150001 -0.00050000
v -0.00649999 -0.00149999 -0.00050000
v -0.00725002 -0.00799999 0.00200000
v -0.01585001 -0.00799999 0.01000000
v -0.01585001 -0.00799999 0.00200000
v -0.00725002 -0.00799999 0.01000000
v -0.01357723 -0.00629294 0.00200000
v -0.00914998 -0.00719281 0.00200000
v -0.00895704 -0.00727274 0.00200000
v -0.00931568 -0.00706568 0.00200000
v -0.00944281 -0.00689999 0.00200000
v -0.00944281 0.00690001 0.00200000
v -0.01585001 0.00800001 0.00200000
v -0.00931568 0.00706569 0.00200000
v -0.00952274 0.00670706 0.00200000
v -0.00725002 0.00800001 0.00200000
v -0.00805718 -0.00609999 0.00200000
v -0.00818432 -0.00593431 0.00200000
v -0.00797725 -0.00629294 0.00200000
v -0.00795002 -0.00649999 0.00200000
v -0.00797725 -0.00670705 0.00200000
v -0.01414294 -0.00572725 0.00200000
v -0.00952274 -0.00629294 0.00200000
v -0.01395000 -0.00580717 0.00200000
v -0.01435000 -0.00569999 0.00200000
v -0.00895704 0.00727275 0.00200000
v -0.00874997 0.00730001 0.00200000
v -0.00914998 0.00719283 0.00200000
v -0.00854296 0.00727275 0.00200000
v -0.00834996 0.00719283 0.00200000
v -0.00818432 0.00706569 0.00200000
v -0.00805718 0.00690001 0.00200000
v -0.00797725 0.00670706 0.00200000
v -0.00795002 0.00650001 0.00200000
v -0.01512272 -0.00670705 0.00200000
v -0.01504279 -0.00689999 0.00200000
v -0.00952274 -0.00670705 0.00200000
v -0.00954998 -0.00649999 0.00200000
v -0.01365716 -0.00609999 0.00200000
v -0.01378430 -0.00593431 0.00200000
v -0.00797725 0.00629295 0.00200000
v -0.00914998 -0.00580717 0.00200000
v -0.00931568 -0.00593431 0.00200000
v -0.00944281 -0.00609999 0.00200000
v -0.00931568 0.00593432 0.00200000
v -0.00914998 0.00580718 0.00200000
v -0.00805718 -0.00689999 0.00200000
v -0.00818432 -0.00706568 0.00200000
v -0.00834996 -0.00719281 0.00200000
v -0.01435000 0.00730001 0.00200000
v -0.01455707 0.00727275 0.00200000
v -0.01414294 0.00727275 0.00200000
v -0.01395000 0.00719283 0.00200000
v -0.01378430 0.00706569 0.00200000
v -0.00895704 -0.00572725 0.00200000
v -0.00874997 -0.00569999 0.00200000
v -0.00854296 -0.00572725 0.00200000
v -0.00834996 -0.00580717 0.00200000
v -0.01365716 0.00690001 0.00200000
v -0.01357723 0.00670706 0.00200000
v -0.00954998 0.00650001 0.00200000
v -0.01354999 0.00650001 0.00200000
v -0.00952274 0.00629295 0.00200000
v -0.00944281 0.00610001 0.00200000
v -0.01512272 -0.00629294 0.00200000
v -0.01512272 0.00629295 0.00200000
v -0.01504279 0.00610001 0.00200000
v -0.01512272 0.00670706 0.00200000
v -0.01515002 0.00650001 0.00200000
v -0.01504279 0.00690001 0.00200000
v -0.00834996 0.00580718 0.00200000
v -0.00818432 0.00593432 0.00200000
v -0.00854296 -0.00727274 0.00200000
v -0.00874997 -0.00729999 0.00200000
v -0.01357723 0.00629295 0.00200000
v -0.01475001 -0.00580717 0.00200000
v -0.01491565 -0.00593431 0.00200000
v -0.01504279 -0.00609999 0.00200000
v -0.01491565 0.00706569 0.00200000
v -0.01475001 0.00719283 0.00200000
v -0.00805718 0.00610001 0.00200000
v -0.01354999 -0.00649999 0.00200000
v -0.01357723 -0.00670705 0.00200000
v -0.01365716 -0.00689999 0.00200000
v -0.01378430 -0.00706568 0.00200000
v -0.01475001 -0.00719281 0.00200000
v -0.01455707 -0.00727274 0.00200000
v -0.01491565 -0.00706568 0.00200000
v -0.01455707 -0.00572725 0.00200000
v -0.01515002 -0.00649999 0.00200000
v -0.01395000 0.00580718 0.00200000
v -0.01378430 0.00593432 0.00200000
v -0.01475001 0.00580718 0.00200000
v -0.01455707 0.00572727 0.00200000
v -0.01491565 0.00593432 0.00200000
v -0.00854296 0.00572727 0.00200000
v -0.00874997 0.00570001 0.00200000
v -0.00895704 0.00572727 0.00200000
v -0.01395000 -0.00719281 0.00200000
v -0.01414294 -0.00727274 0.00200000
v -0.01435000 -0.00729999 0.00200000
v -0.01365716 0.00610001 0.00200000
v -0.01414294 0.00572727 0.00200000
v -0.01435000 0.00570001 0.00200000
v -0.00725002 0.00800001 0.01000000
v -0.01585001 0.00800001 0.01000000
v -0.00725002 0.00770001 0.01000000
v -0.01585001 0.00770001 0.01000000
v -0.01585001 0.00760521 0.00879546
v -0.00725002 0.00760521 0.00879546
v -0.01585001 0.00732314 0.00762057
v -0.00725002 0.00732314 0.00762057
v -0.01585001 0.00686076 0.00650428
v -0.00725002 0.00686076 0.00650428
v -0.01585001 0.00622944 0.00547406
v -0.00725002 0.00622944 0.00547406
v -0.01585001 0.00544473 0.00455528
v -0.00725002 0.00544473 0.00455528
v -0.01585001 0.00452595 0.00377057
v -0.00725002 0.00452595 0.00377057
v -0.01585001 0.00349573 0.00313925
v -0.00725002 0.00349573 0.00313925
v -0.01585001 0.00237944 0.00267687
v -0.00725002 0.00237944 0.00267687
v -0.01585001 0.00120455 0.00239480
v -0.00725002 0.00120455 0.00239480
v -0.01585001 0.00000001 0.00230000
v -0.00725002 0.00000001 0.00230000
v -0.01585001 -0.00120454 0.00239480
v -0.00725002 -0.00120454 0.00239480
v -0.01585001 -0.00237943 0.00267687
v -0.00725002 -0.00237943 0.00267687
v -0.01585001 -0.00349572 0.00313925
v -0.00725002 -0.00349572 0.00313925
v -0.01585001 -0.00452594 0.00377057
v -0.00725002 -0.00452594 0.00377057
v -0.01585001 -0.00544472 0.00455528
v -0.00725002 -0.00544472 0.00455528
v -0.01585001 -0.00622943 0.00547406
v -0.00725002 -0.00622943 0.00547406
v -0.01585001 -0.00686074 0.00650428
v -0.00725002 -0.00686074 0.00650428
v -0.01585001 -0.00732313 0.00762057
v -0.00725002 -0.00732313 0.00762057
v -0.01585001 -0.00760519 0.00879546
v -0.00725002 -0.00760519 0.00879546
v -0.01585001 -0.00769999 0.01000000
v -0.00725002 -0.00769999 0.01000000
v -0.01489127 -0.00618749 0.00500000
v -0.01466251 -0.00595873 0.00500000
v -0.01435000 -0.00649999 0.00537554
v -0.01435000 -0.00587499 0.00500000
v -0.01466251 -0.00704126 0.00500000
v -0.01489127 -0.00681249 0.00500000
v -0.01497502 -0.00649999 0.00500000
v -0.01380873 -0.00681249 0.00500000
v -0.01403750 -0.00704126 0.00500000
v -0.01435000 -0.00712499 0.00500000
v -0.01403750 -0.00595873 0.00500000
v -0.01380873 -0.00618749 0.00500000
v -0.01372499 -0.00649999 0.00500000
v -0.01451177 -0.00589629 0.00217500
v -0.01466251 -0.00595873 0.00217500
v -0.01479191 -0.00605805 0.00217500
v -0.01489127 -0.00618749 0.00217500
v -0.01495368 -0.00633823 0.00217500
v -0.01497502 -0.00649999 0.00217500
v -0.01495368 -0.00666176 0.00217500
v -0.01489127 -0.00681249 0.00217500
v -0.01479191 -0.00694194 0.00217500
v -0.01466251 -0.00704126 0.00217500
v -0.01451177 -0.00710370 0.00217500
v -0.01435000 -0.00712499 0.00217500
v -0.01418824 -0.00710370 0.00217500
v -0.01403750 -0.00704126 0.00217500
v -0.01390804 -0.00694194 0.00217500
v -0.01380873 -0.00681249 0.00217500
v -0.01374627 -0.00666176 0.00217500
v -0.01372499 -0.00649999 0.00217500
v -0.01374627 -0.00633823 0.00217500
v -0.01380873 -0.00618749 0.00217500
v -0.01390804 -0.00605805 0.00217500
v -0.01403750 -0.00595873 0.00217500
v -0.01418824 -0.00589629 0.00217500
v -0.01435000 -0.00587499 0.00217500
v -0.00929124 -0.00618749 0.00500000
v -0.00906248 -0.00595873 0.00500000
v -0.00874997 -0.00649999 0.00537554
v -0.00874997 -0.00587499 0.00500000
v -0.00906248 -0.00704126 0.00500000
v -0.00929124 -0.00681249 0.00500000
v -0.00937498 -0.00649999 0.00500000
v -0.00820870 -0.00681249 0.00500000
v -0.00843752 -0.00704126 0.00500000
v -0.00874997 -0.00712499 0.00500000
v -0.00843752 -0.00595873 0.00500000
v -0.00820870 -0.00618749 0.00500000
v -0.00812501 -0.00649999 0.00500000
v -0.00891174 -0.00589629 0.00217500
v -0.00906248 -0.00595873 0.00217500
v -0.00919194 -0.00605805 0.00217500
v -0.00929124 -0.00618749 0.00217500
v -0.00935370 -0.00633823 0.00217500
v -0.00937498 -0.00649999 0.00217500
v -0.00935370 -0.00666176 0.00217500
v -0.00929124 -0.00681249 0.00217500
v -0.00919194 -0.00694194 0.00217500
v -0.00906248 -0.00704126 0.00217500
v -0.00891174 -0.00710370 0.00217500
v -0.00874997 -0.00712499 0.00217500
v -0.00858820 -0.00710370 0.00217500
v -0.00843752 -0.00704126 0.00217500
v -0.00830806 -0.00694194 0.00217500
v -0.00820870 -0.00681249 0.00217500
v -0.00814629 -0.00666176 0.00217500
v -0.00812501 -0.00649999 0.00217500
v -0.00814629 -0.00633823 0.00217500
v -0.00820870 -0.00618749 0.00217500
v -0.00830806 -0.00605805 0.00217500
v -0.00843752 -0.00595873 0.00217500
v -0.00858820 -0.00589629 0.00217500
v -0.00874997 -0.00587499 0.00217500
v -0.00929124 0.00681250 0.00500000
v -0.00906248 0.00704127 0.00500000
v -0.00874997 0.00650001 0.00537554
v -0.00874997 0.00712501 0.00500000
v -0.00906248 0.00595874 0.00500000
v -0.00929124 0.00618751 0.00500000
v -0.00937498 0.00650001 0.00500000
v -0.00820870 0.00618751 0.00500000
v -0.00843752 0.00595874 0.00500000
v -0.00874997 0.00587501 0.00500000
v -0.00843752 0.00704127 0.00500000
v -0.00820870 0.00681250 0.00500000
v -0.00812501 0.00650001 0.00500000
v -0.00891174 0.00710371 0.00217500
v -0.00906248 0.00704127 0.00217500
v -0.00919194 0.00694195 0.00217500
v -0.00929124 0.00681251 0.00217500
v -0.00935370 0.00666177 0.00217500
v -0.00937498 0.00650001 0.00217500
v -0.00935370 0.00633824 0.00217500
v -0.00929124 0.00618751 0.00217500
v -0.00919194 0.00605806 0.00217500
v -0.00906248 0.00595874 0.00217500
v -0.00891174 0.00589630 0.00217500
v -0.00874997 0.00587501 0.00217500
v -0.00858820 0.00589630 0.00217500
v -0.00843752 0.00595874 0.00217500
v -0.00830806 0.00605806 0.00217500
v -0.00820870 0.00618751 0.00217500
v -0.00814629 0.00633824 0.00217500
v -0.00812501 0.00650001 0.00217500
v -0.00814629 0.00666177 0.00217500
v -0.00820870 0.00681251 0.00217500
v -0.00830806 0.00694195 0.00217500
v -0.00843752 0.00704127 0.00217500
v -0.00858820 0.00710371 0.00217500
v -0.00874997 0.00712501 0.00217500
v -0.01489127 0.00681250 0.00500000
v -0.01466251 0.00704127 0.00500000
v -0.01435000 0.00650001 0.00537554
v -0.01435000 0.00712501 0.00500000
v -0.01466251 0.00595874 0.00500000
v -0.01489127 0.00618751 0.00500000
v -0.01497502 0.00650001 0.00500000
v -0.01380873 0.00618751 0.00500000
v -0.01403750 0.00595874 0.00500000
v -0.01435000 0.00587501 0.00500000
v -0.01403750 0.00704127 0.00500000
v -0.01380873 0.00681250 0.00500000
v -0.01372499 0.00650001 0.00500000
v -0.01451177 0.00710371 0.00217500
v -0.01466251 0.00704127 0.00217500
v -0.01479191 0.00694195 0.00217500
v -0.01489127 0.00681251 0.00217500
v -0.01495368 0.00666177 0.00217500
v -0.01497502 0.00650001 0.00217500
v -0.01495368 0.00633824 0.00217500
v -0.01489127 0.00618751 0.00217500
v -0.01479191 0.00605806 0.00217500
v -0.01466251 0.00595874 0.00217500
v -0.01451177 0.00589630 0.00217500
v -0.01435000 0.00587501 0.00217500
v -0.01418824 0.00589630 0.00217500
v -0.01403750 0.00595874 0.00217500
v -0.01390804 0.00605806 0.00217500
v -0.01380873 0.00618751 0.00217500
v -0.01374627 0.00633824 0.00217500
v -0.01372499 0.00650001 0.00217500
v -0.01374627 0.00666177 0.00217500
v -0.01380873 0.00681251 0.00217500
v -0.01390804 0.00694195 0.00217500
v -0.01403750 0.00704127 0.00217500
v -0.01418824 0.00710371 0.00217500
v -0.01435000 0.00712501 0.00217500
v -0.02130003 0.00638115 0.01482504
v -0.02249999 0.00700001 0.01387299
v -0.02130003 0.00700001 0.01387299
v -0.02249999 0.00638115 0.01482504
v -0.02130003 0.00563374 0.01567988
v -0.02249999 0.00563374 0.01567988
v -0.02130003 0.00477283 0.01642030
v -0.02249999 0.00477283 0.01642030
v -0.02130003 0.00381576 0.01703136
v -0.02249999 0.00381576 0.01703136
v -0.02130003 0.00278182 0.01750077
v -0.02249999 0.00278182 0.01750077
v -0.02130003 0.00169183 0.01781907
v -0.02249999 0.00169183 0.01781907
v -0.02130003 0.00056776 0.01797983
v -0.02249999 0.00056776 0.01797983
v -0.02130003 -0.00056775 0.01797983
v -0.02249999 -0.00056775 0.01797983
v -0.02130003 -0.00169182 0.01781906
v -0.02249999 -0.00169182 0.01781906
v -0.02130003 -0.00278181 0.01750077
v -0.02249999 -0.00278181 0.01750077
v -0.02130003 -0.00381575 0.01703136
v -0.02249999 -0.00381575 0.01703136
v -0.02130003 -0.00477282 0.01642030
v -0.02249999 -0.00477282 0.01642030
v -0.02130003 -0.00563373 0.01567988
v -0.02249999 -0.00563373 0.01567988
v -0.02130003 -0.00638114 0.01482504
v -0.02249999 -0.00638114 0.01482504
v -0.02130003 -0.00699999 0.01387299
v -0.02249999 -0.00699999 0.01387299
v -0.02249999 -0.00699999 0.02050000
v -0.02130003 -0.00699999 0.02050000
v -0.02130003 -0.00599999 0.02150000
v -0.02249999 0.00600001 0.02150000
v -0.02249999 -0.00599999 0.02150000
v -0.02130003 0.00600001 0.02150000
v -0.02130003 0.00700001 0.02050000
v -0.02249999 0.00700001 0.02050000
v -0.02130003 0.00391061 0.02015234
v -0.02130003 0.00046347 0.02018763
v -0.02130003 0.00049519 0.01993076
v -0.02130003 0.00030756 0.02039422
v -0.02130003 -0.00429755 0.01915350
v -0.02130003 -0.00465078 0.01895691
v -0.02130003 -0.00046346 0.01981238
v -0.02130003 -0.00403919 0.01946441
v -0.02130003 -0.00391059 0.01984766
v -0.02130003 -0.00049518 0.02006925
v -0.02130003 0.00484840 0.02108951
v -0.02130003 0.00525221 0.02107070
v -0.02130003 -0.00018762 0.02046346
v -0.02130003 0.00006925 0.02049518
v -0.02130003 -0.00039421 0.02030756
v -0.02130003 -0.00474779 0.02107070
v -0.02130003 -0.00544465 0.01899388
v -0.02130003 -0.00577807 0.01922245
v -0.02130003 -0.00392913 0.02025149
v -0.02130003 -0.00409229 0.02062135
v -0.02130003 -0.00437804 0.02090729
v -0.02130003 -0.00030755 0.01960579
v -0.02130003 -0.00006924 0.01950482
v -0.02130003 0.00018763 0.01953654
v -0.02130003 0.00039422 0.01969244
v -0.02130003 0.00446506 0.02096117
v -0.02130003 0.00415397 0.02070302
v -0.02130003 -0.00515160 0.02108951
v -0.02130003 -0.00553494 0.02096117
v -0.02130003 -0.00638268 0.02142388
v -0.02130003 -0.00584602 0.02070302
v -0.02130003 -0.00670710 0.02120711
v -0.02130003 -0.00692387 0.02088269
v -0.02130003 -0.00604285 0.02034993
v -0.02130003 -0.00609884 0.01994957
v -0.02130003 -0.00600642 0.01955603
v -0.02130003 -0.00505117 0.01890119
v -0.02130003 0.00399358 0.01955603
v -0.02130003 0.00395715 0.02034993
v -0.02130003 0.00390116 0.01994957
v -0.02130003 0.00562196 0.02090729
v -0.02130003 0.00638269 0.02142388
v -0.02130003 0.00590771 0.02062135
v -0.02130003 0.00422193 0.01922245
v -0.02130003 0.00455535 0.01899388
v -0.02130003 0.00494883 0.01890119
v -0.02130003 0.00534922 0.01895691
v -0.02130003 0.00570245 0.01915350
v -0.02130003 0.00596081 0.01946441
v -0.02130003 0.00670711 0.02120711
v -0.02130003 0.00692389 0.02088269
v -0.02130003 0.00607087 0.02025149
v -0.02130003 0.00608941 0.01984766
v -0.02249999 0.00006925 0.02049518
v -0.02249999 0.00046347 0.02018763
v -0.02249999 0.00446506 0.02096117
v -0.02249999 0.00415397 0.02070302
v -0.02249999 0.00395715 0.02034993
v -0.02249999 0.00030756 0.02039422
v -0.02249999 0.00484840 0.02108951
v -0.02249999 0.00455535 0.01899388
v -0.02249999 0.00049519 0.01993076
v -0.02249999 0.00422193 0.01922245
v -0.02249999 0.00039422 0.01969244
v -0.02249999 0.00494883 0.01890119
v -0.02249999 0.00018763 0.01953654
v -0.02249999 -0.00006924 0.01950482
v -0.02249999 -0.00437804 0.02090729
v -0.02249999 -0.00474779 0.02107070
v -0.02249999 -0.00046346 0.01981238
v -0.02249999 -0.00392913 0.02025149
v -0.02249999 -0.00030755 0.01960579
v -0.02249999 -0.00391059 0.01984766
v -0.02249999 -0.00409229 0.02062135
v -0.02249999 0.00525221 0.02107070
v -0.02249999 0.00562196 0.02090729
v -0.02249999 0.00638269 0.02142388
v -0.02249999 0.00590771 0.02062135
v -0.02249999 -0.00403919 0.01946441
v -0.02249999 -0.00600642 0.01955603
v -0.02249999 -0.00577807 0.01922245
v -0.02249999 0.00399358 0.01955603
v -0.02249999 0.00390116 0.01994957
v -0.02249999 0.00391061 0.02015234
v -0.02249999 0.00608941 0.01984766
v -0.02249999 0.00596081 0.01946441
v -0.02249999 0.00607087 0.02025149
v -0.02249999 0.00692389 0.02088269
v -0.02249999 0.00670711 0.02120711
v -0.02249999 0.00570245 0.01915350
v -0.02249999 0.00534922 0.01895691
v -0.02249999 -0.00609884 0.01994957
v -0.02249999 -0.00604285 0.02034993
v -0.02249999 -0.00692387 0.02088269
v -0.02249999 -0.00584602 0.02070302
v -0.02249999 -0.00670710 0.02120711
v -0.02249999 -0.00638268 0.02142388
v -0.02249999 -0.00553494 0.02096117
v -0.02249999 -0.00515160 0.02108951
v -0.02249999 -0.00049518 0.02006925
v -0.02249999 -0.00039421 0.02030756
v -0.02249999 -0.00018762 0.02046346
v -0.02249999 -0.00544465 0.01899388
v -0.02249999 -0.00505117 0.01890119
v -0.02249999 -0.00465078 0.01895691
v -0.02249999 -0.00429755 0.01915350
v -0.02249999 0.00000001 0.01000000
v -0.02249999 0.00047953 0.01053709
v -0.02249999 0.00052451 0.01049325
v -0.02249999 0.00043089 0.01057684
v -0.02249999 0.00037898 0.01061220
v -0.02249999 0.00060219 0.01039468
v -0.02249999 0.00063430 0.01034069
v -0.02249999 0.00056550 0.01044566
v -0.02249999 0.00068382 0.01022537
v -0.02249999 0.00070086 0.01016492
v -0.02249999 0.00066158 0.01028411
v -0.02249999 0.00071885 0.01004071
v -0.02249999 0.00071967 0.00997790
v -0.02249999 0.00071257 0.01010320
v -0.02249999 0.00070489 0.00985327
v -0.02249999 0.00068942 0.00979239
v -0.02249999 0.00071500 0.00991526
v -0.02249999 0.00064290 0.00967583
v -0.02249999 0.00061220 0.00962103
v -0.02249999 0.00066871 0.00973309
v -0.02249999 0.00053709 0.00952048
v -0.02249999 0.00049325 0.00947550
v -0.02249999 0.00057684 0.00956912
v -0.02249999 0.00039468 0.00939781
v -0.02249999 0.00034069 0.00936571
v -0.02249999 0.00044566 0.00943450
v -0.02249999 0.00022537 0.00931618
v -0.02249999 0.00016492 0.00929914
v -0.02249999 0.00028411 0.00933843
v -0.02249999 0.00004071 0.00928115
v -0.02249999 -0.00002210 0.00928034
v -0.02249999 0.00010321 0.00928744
v -0.02249999 -0.00014673 0.00929511
v -0.02249999 -0.00020761 0.00931059
v -0.02249999 -0.00008474 0.00928501
v -0.02249999 -0.00032417 0.00935711
v -0.02249999 -0.00037897 0.00938781
v -0.02249999 -0.00026690 0.00933130
v -0.02249999 -0.00047952 0.00946292
v -0.02249999 -0.00052450 0.00950676
v -0.02249999 -0.00043088 0.00942317
v -0.02249999 -0.00060218 0.00960533
v -0.02249999 -0.00063429 0.00965931
v -0.02249999 -0.00056549 0.00955435
v -0.02249999 -0.00068381 0.00977463
v -0.02249999 -0.00070085 0.00983509
v -0.02249999 -0.00066157 0.00971589
v -0.02249999 -0.00071884 0.00995930
v -0.02249999 -0.00071966 0.01002211
v -0.02249999 -0.00071256 0.00989680
v -0.02249999 -0.00070488 0.01014674
v -0.02249999 -0.00068941 0.01020761
v -0.02249999 -0.00071499 0.01008474
v -0.02249999 -0.00064289 0.01032418
v -0.02249999 -0.00061219 0.01037898
v -0.02249999 -0.00066869 0.01026691
v -0.02249999 -0.00053708 0.01047952
v -0.02249999 -0.00049324 0.01052451
v -0.02249999 -0.00057683 0.01043089
v -0.02249999 -0.00039467 0.01060219
v -0.02249999 -0.00034068 0.01063430
v -0.02249999 -0.00044565 0.01056550
v -0.02249999 -0.00022536 0.01068382
v -0.02249999 -0.00016491 0.01070086
v -0.02249999 -0.00028410 0.01066158
v -0.02249999 -0.00004070 0.01071885
v -0.02249999 0.00002211 0.01071966
v -0.02249999 -0.00010320 0.01071257
v -0.02249999 0.00014674 0.01070489
v -0.02249999 0.00020762 0.01068942
v -0.02249999 0.00008475 0.01071500
v -0.02249999 0.00032418 0.01064290
v -0.02249999 0.00026691 0.01066870
v -0.02249593 0.00038687 0.01062495
v -0.02249593 0.00033093 0.01065629
v -0.02249593 0.00027247 0.01068264
v -0.02249593 0.00021194 0.01070378
v -0.02249593 0.00014980 0.01071958
v -0.02249593 0.00008651 0.01072989
v -0.02249593 0.00002257 0.01073466
v -0.02249593 -0.00004155 0.01073383
v -0.02249593 -0.00010535 0.01072741
v -0.02249593 -0.00016834 0.01071546
v -0.02249593 -0.00023006 0.01069807
v -0.02249593 -0.00029002 0.01067536
v -0.02249593 -0.00034778 0.01064751
v -0.02249593 -0.00040289 0.01061474
v -0.02249593 -0.00045494 0.01057728
v -0.02249593 -0.00050352 0.01053544
v -0.02249593 -0.00054827 0.01048951
v -0.02249593 -0.00058885 0.01043987
v -0.02249593 -0.00062494 0.01038687
v -0.02249593 -0.00065628 0.01033093
v -0.02249593 -0.00068263 0.01027247
v -0.02249593 -0.00070378 0.01021194
v -0.02249593 -0.00071957 0.01014979
v -0.02249593 -0.00072989 0.01008651
v -0.02249593 -0.00073465 0.01002257
v -0.02249593 -0.00073382 0.00995845
v -0.02249593 -0.00072741 0.00989465
v -0.02249593 -0.00071546 0.00983165
v -0.02249593 -0.00069806 0.00976994
v -0.02249593 -0.00067535 0.00970997
v -0.02249593 -0.00064751 0.00965222
v -0.02249593 -0.00061473 0.00959711
v -0.02249593 -0.00057728 0.00954506
v -0.02249593 -0.00053543 0.00949648
v -0.02249593 -0.00048951 0.00945173
v -0.02249593 -0.00043986 0.00941115
v -0.02249593 -0.00038686 0.00937506
v -0.02249593 -0.00033092 0.00934372
v -0.02249593 -0.00027246 0.00931737
v -0.02249593 -0.00021193 0.00929622
v -0.02249593 -0.00014979 0.00928043
v -0.02249593 -0.00008650 0.00927011
v -0.02249593 -0.00002256 0.00926535
v -0.02249593 0.00004156 0.00926618
v -0.02249593 0.00010536 0.00927259
v -0.02249593 0.00016835 0.00928454
v -0.02249593 0.00023007 0.00930194
v -0.02249593 0.00029003 0.00932465
v -0.02249593 0.00034779 0.00935249
v -0.02249593 0.00040290 0.00938527
v -0.02249593 0.00045495 0.00942272
v -0.02249593 0.00050353 0.00946457
v -0.02249593 0.00054828 0.00951049
v -0.02249593 0.00058886 0.00956014
v -0.02249593 0.00062495 0.00961314
v -0.02249593 0.00065629 0.00966908
v -0.02249593 0.00068264 0.00972753
v -0.02249593 0.00070379 0.00978807
v -0.02249593 0.00071958 0.00985021
v -0.02249593 0.00072990 0.00991350
v -0.02249593 0.00073466 0.00997744
v -0.02249593 0.00073383 0.01004156
v -0.02249593 0.00072742 0.01010535
v -0.02249593 0.00071547 0.01016835
v -0.02249593 0.00069807 0.01023007
v -0.02249593 0.00067536 0.01029003
v -0.02249593 0.00064752 0.01034779
v -0.02249593 0.00061474 0.01040290
v -0.02249593 0.00057729 0.01045495
v -0.02249593 0.00053544 0.01050353
v -0.02249593 0.00048952 0.01054828
v -0.02249593 0.00043987 0.01058885
v -0.02248497 0.00039265 0.01063429
v -0.02248497 0.00033588 0.01066609
v -0.02248497 0.00027654 0.01069283
v -0.02248497 0.00021511 0.01071430
v -0.02248497 0.00015204 0.01073033
v -0.02248497 0.00008780 0.01074080
v -0.02248497 0.00002291 0.01074563
v -0.02248497 -0.00004217 0.01074479
v -0.02248497 -0.00010692 0.01073828
v -0.02248497 -0.00017086 0.01072615
v -0.02248497 -0.00023350 0.01070850
v -0.02248497 -0.00029436 0.01068545
v -0.02248497 -0.00035298 0.01065719
v -0.02248497 -0.00040891 0.01062392
v -0.02248497 -0.00046173 0.01058591
v -0.02248497 -0.00051104 0.01054344
v -0.02248497 -0.00055646 0.01049683
v -0.02248497 -0.00059764 0.01044644
v -0.02248497 -0.00063428 0.01039265
v -0.02248497 -0.00066609 0.01033587
v -0.02248497 -0.00069282 0.01027654
v -0.02248497 -0.00071429 0.01021511
v -0.02248497 -0.00073032 0.01015203
v -0.02248497 -0.00074079 0.01008780
v -0.02248497 -0.00074562 0.01002290
v -0.02248497 -0.00074478 0.00995783
v -0.02248497 -0.00073827 0.00989308
v -0.02248497 -0.00072614 0.00982914
v -0.02248497 -0.00070849 0.00976650
v -0.02248497 -0.00068544 0.00970564
v -0.02248497 -0.00065718 0.00964702
v -0.02248497 -0.00062391 0.00959109
v -0.02248497 -0.00058590 0.00953826
v -0.02248497 -0.00054343 0.00948896
v -0.02248497 -0.00049682 0.00944354
v -0.02248497 -0.00044643 0.00940235
v -0.02248497 -0.00039264 0.00936572
v -0.02248497 -0.00033587 0.00933391
v -0.02248497 -0.00027653 0.00930717
v -0.02248497 -0.00021510 0.00928571
v -0.02248497 -0.00015202 0.00926968
v -0.02248497 -0.00008779 0.00925921
v -0.02248497 -0.00002290 0.00925437
v -0.02248497 0.00004218 0.00925522
v -0.02248497 0.00010693 0.00926173
v -0.02248497 0.00017087 0.00927385
v -0.02248497 0.00023351 0.00929151
v -0.02248497 0.00029437 0.00931456
v -0.02248497 0.00035299 0.00934282
v -0.02248497 0.00040892 0.00937608
v -0.02248497 0.00046174 0.00941410
v -0.02248497 0.00051105 0.00945657
v -0.02248497 0.00055647 0.00950318
v -0.02248497 0.00059765 0.00955357
v -0.02248497 0.00063429 0.00960736
v -0.02248497 0.00066610 0.00966413
v -0.02248497 0.00069284 0.00972346
v -0.02248497 0.00071430 0.00978490
v -0.02248497 0.00073033 0.00984797
v -0.02248497 0.00074080 0.00991220
v -0.02248497 0.00074563 0.00997710
v -0.02248497 0.00074479 0.01004218
v -0.02248497 0.00073828 0.01010693
v -0.02248497 0.00072615 0.01017087
v -0.02248497 0.00070850 0.01023350
v -0.02248497 0.00068545 0.01029436
v -0.02248497 0.00065719 0.01035299
v -0.02248497 0.00062392 0.01040892
v -0.02248497 0.00058591 0.01046174
v -0.02248497 0.00054344 0.01051105
v -0.02248497 0.00049683 0.01055647
v -0.02248497 0.00044644 0.01059765
v -0.02246995 0.00039477 0.01063770
v -0.02246995 0.00033769 0.01066968
v -0.02246995 0.00027803 0.01069657
v -0.02246995 0.00021627 0.01071815
v -0.02246995 0.00015285 0.01073426
v -0.02246995 0.00008828 0.01074479
v -0.02246995 0.00002303 0.01074965
v -0.02246995 -0.00004239 0.01074880
v -0.02246995 -0.00010750 0.01074226
v -0.02246995 -0.00017178 0.01073007
v -0.02246995 -0.00023475 0.01071232
v -0.02246995 -0.00029594 0.01068914
v -0.02246995 -0.00035488 0.01066073
v -0.02246995 -0.00041111 0.01062728
v -0.02246995 -0.00046422 0.01058907
v -0.02246995 -0.00051379 0.01054636
v -0.02246995 -0.00055946 0.01049950
v -0.02246995 -0.00060086 0.01044884
v -0.02246995 -0.00063770 0.01039477
v -0.02246995 -0.00066967 0.01033768
v -0.02246995 -0.00069656 0.01027803
v -0.02246995 -0.00071814 0.01021626
v -0.02246995 -0.00073425 0.01015285
v -0.02246995 -0.00074478 0.01008828
v -0.02246995 -0.00074964 0.01002303
v -0.02246995 -0.00074879 0.00995760
v -0.02246995 -0.00074225 0.00989250
v -0.02246995 -0.00073006 0.00982822
v -0.02246995 -0.00071231 0.00976524
v -0.02246995 -0.00068914 0.00970406
v -0.02246995 -0.00066072 0.00964512
v -0.02246995 -0.00062727 0.00958888
v -0.02246995 -0.00058906 0.00953578
v -0.02246995 -0.00054636 0.00948620
v -0.02246995 -0.00049950 0.00944054
v -0.02246995 -0.00044883 0.00939913
v -0.02246995 -0.00039476 0.00936230
v -0.02246995 -0.00033768 0.00933032
v -0.02246995 -0.00027802 0.00930344
v -0.02246995 -0.00021626 0.00928186
v -0.02246995 -0.00015284 0.00926574
v -0.02246995 -0.00008827 0.00925522
v -0.02246995 -0.00002302 0.00925036
v -0.02246995 0.00004241 0.00925120
v -0.02246995 0.00010751 0.00925775
v -0.02246995 0.00017179 0.00926994
v -0.02246995 0.00023476 0.00928769
v -0.02246995 0.00029595 0.00931086
v -0.02246995 0.00035489 0.00933928
v -0.02246995 0.00041112 0.00937272
v -0.02246995 0.00046423 0.00941094
v -0.02246995 0.00051381 0.00945364
v -0.02246995 0.00055947 0.00950050
v -0.02246995 0.00060087 0.00955116
v -0.02246995 0.00063771 0.00960524
v -0.02246995 0.00066969 0.00966232
v -0.02246995 0.00069657 0.00972197
v -0.02246995 0.00071815 0.00978374
v -0.02246995 0.00073427 0.00984715
v -0.02246995 0.00074479 0.00991173
v -0.02246995 0.00074965 0.00997698
v -0.02246995 0.00074881 0.01004240
v -0.02246995 0.00074226 0.01010750
v -0.02246995 0.00073007 0.01017179
v -0.02246995 0.00071232 0.01023476
v -0.02246995 0.00068915 0.01029595
v -0.02246995 0.00066073 0.01035489
v -0.02246995 0.00062729 0.01041112
v -0.02246995 0.00058907 0.01046423
v -0.02246995 0.00054637 0.01051380
v -0.02246995 0.00049951 0.01055947
v -0.02246995 0.00044884 0.01060087
v -0.02132995 -0.00033768 0.00933032
v -0.02132995 -0.00044883 0.00939913
v -0.02132995 -0.00021626 0.00928186
v -0.02132995 -0.00008827 0.00925522
v -0.02132995 0.00004241 0.00925120
v -0.02132995 0.00017179 0.00926994
v -0.02132995 0.00029595 0.00931086
v -0.02132995 0.00041112 0.00937272
v -0.02132995 0.00051381 0.00945364
v -0.02132995 0.00060087 0.00955116
v -0.02132995 0.00066969 0.00966232
v -0.02132995 0.00071815 0.00978374
v -0.02132995 0.00074479 0.00991173
v -0.02132995 0.00074881 0.01004240
v -0.02132995 0.00073007 0.01017179
v -0.02132995 0.00068915 0.01029595
v -0.02132995 0.00062729 0.01041112
v -0.02132995 0.00054637 0.01051380
v -0.02132995 0.00044884 0.01060087
v -0.02132995 0.00033769 0.01066968
v -0.02132995 0.00021627 0.01071815
v -0.02132995 0.00008828 0.01074479
v -0.02132995 -0.00004239 0.01074880
v -0.02132995 -0.00017178 0.01073007
v -0.02132995 -0.00029594 0.01068914
v -0.02132995 -0.00041111 0.01062728
v -0.02132995 -0.00051379 0.01054636
v -0.02132995 -0.00060086 0.01044884
v -0.02132995 -0.00066967 0.01033768
v -0.02132995 -0.00071814 0.01021626
v -0.02132995 -0.00074478 0.01008828
v -0.02132995 -0.00074879 0.00995760
v -0.02132995 -0.00073006 0.00982822
v -0.02132995 -0.00068914 0.00970406
v -0.02132995 -0.00062727 0.00958888
v -0.02132995 -0.00054636 0.00948620
v -0.02120001 0.00698022 0.00609147
v -0.02120001 0.00565423 0.00680952
v -0.02120001 0.00568579 0.00684393
v -0.02120001 0.00391540 0.00491292
v -0.02120001 0.00327683 0.00443013
v -0.02120001 0.00327094 0.00447644
v -0.02120001 0.00533291 0.00403677
v -0.02120001 0.00427866 0.00324034
v -0.02120001 0.00640504 0.01042931
v -0.02120001 0.00645170 0.00963013
v -0.02120001 0.00640991 0.00965096
v -0.02120001 0.00787111 0.00856971
v -0.02120001 0.00625557 0.00837857
v -0.02120001 0.00621865 0.00840716
v -0.02120001 0.00326106 0.00438618
v -0.02120001 0.00322705 0.00435419
v -0.02120001 0.00310770 0.00262829
v -0.02120001 0.00297414 0.00421697
v -0.02120001 0.00790905 0.01120295
v -0.02120001 0.00799918 0.00988476
v -0.02120001 0.00607743 0.00851366
v -0.02120001 0.00599594 0.00867066
v -0.02120001 0.00627549 0.00833635
v -0.02120001 0.00627406 0.00828968
v -0.02120001 0.00619226 0.00801381
v -0.02120001 0.00616802 0.00797391
v -0.02120001 0.00581905 0.00718933
v -0.02120001 0.00752834 0.00729368
v -0.02120001 0.00583034 0.00714403
v -0.02120001 0.00581984 0.00709853
v -0.02120001 0.00515890 0.00610810
v -0.02120001 0.00516114 0.00606146
v -0.02120001 0.00624169 0.00499587
v -0.02120001 0.00212724 0.00389787
v -0.02120001 0.00213050 0.00394445
v -0.02120001 0.00174214 0.00374585
v -0.02120001 0.00054572 0.00201864
v -0.02120001 0.00169966 0.00376524
v -0.02120001 0.00185197 0.00221732
v -0.02120001 -0.00708990 0.00629417
v -0.02120001 -0.00510974 0.00604379
v -0.02120001 -0.00511139 0.00599713
v -0.02120001 0.00422548 0.01483261
v -0.02120001 0.00482358 0.01430050
v -0.02120001 0.00477930 0.01428568
v -0.02120001 0.00578841 0.00722456
v -0.02120001 0.00567068 0.00735657
v -0.02120001 0.00562139 0.00752645
v -0.02120001 0.00561049 0.00679320
v -0.02120001 0.00556410 0.00679851
v -0.02120001 0.00513573 0.00614863
v -0.02120001 0.00538864 0.00682086
v -0.02120001 0.00514197 0.00601889
v -0.02120001 0.00496082 0.00579533
v -0.02120001 0.00492315 0.00576774
v -0.02120001 0.00487707 0.00576026
v -0.02120001 0.00324639 0.00465161
v -0.02120001 0.00329978 0.00482025
v -0.02120001 -0.00207539 0.00227390
v -0.02120001 -0.00166365 0.00372452
v -0.02120001 -0.00162142 0.00374444
v -0.02120001 0.00648718 0.00954655
v -0.02120001 0.00646077 0.00926002
v -0.02120001 0.00647947 0.00959260
v -0.02120001 0.00210320 0.00385785
v -0.02120001 0.00206360 0.00383311
v -0.02120001 0.00178878 0.00374786
v -0.02120001 0.00089590 0.00360012
v -0.02120001 0.00086451 0.00356556
v -0.02120001 0.00090818 0.00364517
v -0.02120001 0.00167062 0.00380180
v -0.02120001 0.00156235 0.00394167
v -0.02120001 0.00082085 0.00354902
v -0.02120001 0.00053468 0.00351902
v -0.02120001 -0.00077541 0.00203767
v -0.02120001 0.00048854 0.00352615
v -0.02120001 0.00045066 0.00355345
v -0.02120001 -0.00036987 0.00354831
v -0.02120001 -0.00040740 0.00352054
v -0.02120001 -0.00034904 0.00359010
v -0.02120001 0.00042931 0.00359497
v -0.02120001 0.00035041 0.00375328
v -0.02120001 0.00636572 0.00917150
v -0.02120001 0.00606113 0.00900945
v -0.02120001 0.00619506 0.00912500
v -0.02120001 0.00599013 0.00884744
v -0.02120001 0.00565018 0.00770097
v -0.02120001 0.00575142 0.00784602
v -0.02120001 0.00590532 0.00793322
v -0.02120001 0.00509309 0.00664286
v -0.02120001 0.00504601 0.00630107
v -0.02120001 0.00503081 0.00647730
v -0.02120001 0.00522069 0.00676536
v -0.02120001 0.00428568 0.00522070
v -0.02120001 0.00422743 0.00538772
v -0.02120001 0.00424690 0.00556353
v -0.02120001 0.00358544 0.00501372
v -0.02120001 0.00376185 0.00500072
v -0.02120001 0.00292878 0.00420590
v -0.02120001 0.00288334 0.00421662
v -0.02120001 0.00284773 0.00424681
v -0.02120001 0.00271425 0.00436288
v -0.02120001 -0.00284772 0.01575319
v -0.02120001 -0.00212723 0.01610213
v -0.02120001 -0.00213049 0.01605556
v -0.02120001 0.00447161 0.01663361
v -0.02120001 0.00550248 0.01580713
v -0.02120001 0.00625062 0.00972787
v -0.02120001 0.00641061 0.00918434
v -0.02120001 0.00644477 0.00921616
v -0.02120001 0.00608177 0.00794553
v -0.02120001 0.00612830 0.00794937
v -0.02120001 0.00426649 0.00509224
v -0.02120001 0.00429360 0.00513025
v -0.02120001 0.00342068 0.00494936
v -0.02120001 -0.00013405 0.00385993
v -0.02120001 -0.00027213 0.00374939
v -0.02120001 0.00003821 0.00390012
v -0.02120001 0.00021096 0.00386209
v -0.02120001 -0.00202609 0.00383199
v -0.02120001 -0.00447160 0.00336640
v -0.02120001 -0.00205063 0.00387171
v -0.02120001 -0.00331876 0.00272087
v -0.02120001 -0.00198619 0.00380775
v -0.02120001 -0.00171032 0.00372595
v -0.02120001 -0.00427865 0.01675967
v -0.02120001 -0.00310769 0.01737172
v -0.02120001 0.00393855 0.01516114
v -0.02120001 0.00389191 0.01515890
v -0.02120001 0.00398112 0.01514196
v -0.02120001 0.00461229 0.01422743
v -0.02120001 0.00556988 0.01327683
v -0.02120001 0.00708991 0.01370584
v -0.02120001 0.00561383 0.01326106
v -0.02120001 0.00510975 0.01395622
v -0.02120001 0.00552357 0.01327094
v -0.02120001 0.00619821 0.01167062
v -0.02120001 0.00623477 0.01169966
v -0.02120001 0.00639989 0.01089590
v -0.02120001 0.00404521 0.00490831
v -0.02120001 0.00400288 0.00488860
v -0.02120001 0.00395622 0.00489026
v -0.02120001 0.00236962 0.00437907
v -0.02120001 0.00214059 0.00412104
v -0.02120001 0.00222586 0.00427602
v -0.02120001 0.00254377 0.00441004
v -0.02120001 0.00122750 0.00402478
v -0.02120001 0.00095253 0.00381640
v -0.02120001 0.00106640 0.00395176
v -0.02120001 0.00140435 0.00402119
v -0.02120001 -0.00509169 0.00595480
v -0.02120001 -0.00638325 0.00517775
v -0.02120001 -0.00490776 0.00573352
v -0.02120001 -0.00550247 0.00419287
v -0.02120001 -0.00486975 0.00570641
v -0.02120001 -0.00579410 0.00707122
v -0.02120001 -0.00790903 0.00879705
v -0.02120001 -0.00578337 0.00711666
v -0.02120001 -0.00760317 0.00751167
v -0.02120001 -0.00578303 0.00702587
v -0.02120001 -0.00564581 0.00677296
v -0.02120001 -0.00561381 0.00673895
v -0.02120001 0.00420468 0.01496082
v -0.02120001 0.00423227 0.01492315
v -0.02120001 0.00423975 0.01487707
v -0.02120001 0.00605556 0.01213049
v -0.02120001 0.00575320 0.01284773
v -0.02120001 0.00578339 0.01288334
v -0.02120001 0.00563713 0.01271425
v -0.02120001 0.00648099 0.01053467
v -0.02120001 0.00645099 0.01082085
v -0.02120001 0.00647386 0.01048853
v -0.02120001 0.00644656 0.01045066
v -0.02120001 0.00448933 0.00580901
v -0.02120001 0.00466488 0.00583068
v -0.02120001 0.00483261 0.00577452
v -0.02120001 -0.00422547 0.00516740
v -0.02120001 -0.00423973 0.00512294
v -0.02120001 -0.00477929 0.00571433
v -0.02120001 -0.00556987 0.00672318
v -0.02120001 -0.00552355 0.00672907
v -0.02120001 -0.00508708 0.00608461
v -0.02120001 -0.00499928 0.00623816
v -0.02120001 -0.00214058 0.01587896
v -0.02120001 -0.00054571 0.01798137
v -0.02120001 -0.00174212 0.01625415
v -0.02120001 -0.00185196 0.01778269
v -0.02120001 -0.00169965 0.01623477
v -0.02120001 0.00077542 0.01796233
v -0.02120001 0.00040741 0.01647947
v -0.02120001 0.00036988 0.01645169
v -0.02120001 0.00162144 0.01625557
v -0.02120001 0.00078385 0.01644477
v -0.02120001 0.00166366 0.01627548
v -0.02120001 0.00207540 0.01772611
v -0.02120001 0.00486976 0.01429360
v -0.02120001 0.00490777 0.01426649
v -0.02120001 0.00638326 0.01482225
v -0.02120001 0.00509170 0.01404521
v -0.02120001 0.00511140 0.01400288
v -0.02120001 0.00508709 0.01391540
v -0.02120001 0.00499929 0.01376185
v -0.02120001 0.00498629 0.01358544
v -0.02120001 0.00579411 0.01292878
v -0.02120001 0.00760318 0.01248833
v -0.02120001 0.00578304 0.01297414
v -0.02120001 0.00564582 0.01322705
v -0.02120001 0.00610213 0.01212724
v -0.02120001 0.00614216 0.01210319
v -0.02120001 0.00616690 0.01206360
v -0.02120001 0.00625215 0.01178878
v -0.02120001 0.00609989 0.01003821
v -0.02120001 0.00614007 0.00986595
v -0.02120001 0.00613791 0.01021095
v -0.02120001 0.00624672 0.01035041
v -0.02120001 0.00430050 0.00517643
v -0.02120001 0.00434029 0.00571375
v -0.02120001 -0.00556409 0.01320150
v -0.02120001 -0.00515889 0.01389191
v -0.02120001 -0.00513572 0.01385138
v -0.02120001 -0.00516113 0.01393855
v -0.02120001 -0.00698021 0.01390854
v -0.02120001 -0.00624168 0.01500414
v -0.02120001 -0.00327682 0.01556988
v -0.02120001 -0.00395621 0.01510974
v -0.02120001 -0.00400287 0.01511140
v -0.02120001 -0.00391539 0.01508708
v -0.02120001 -0.00327093 0.01552356
v -0.02120001 -0.00210318 0.01614215
v -0.02120001 -0.00206359 0.01616690
v -0.02120001 -0.00178877 0.01625215
v -0.02120001 0.00290148 0.01581984
v -0.02120001 0.00315608 0.01568579
v -0.02120001 0.00331877 0.01727914
v -0.02120001 0.00285598 0.01583034
v -0.02120001 0.00419100 0.01448932
v -0.02120001 0.00416933 0.01466487
v -0.02120001 0.00635484 0.01090818
v -0.02120001 0.00605833 0.01156235
v -0.02120001 0.00597882 0.01140435
v -0.02120001 0.00562094 0.01236962
v -0.02120001 0.00587897 0.01214059
v -0.02120001 0.00572399 0.01222586
v -0.02120001 0.00558997 0.01254377
v -0.02120001 0.00643445 0.01086451
v -0.02120001 0.00625416 0.01174213
v -0.02120001 -0.00082850 0.00363429
v -0.02120001 -0.00099054 0.00393888
v -0.02120001 -0.00087500 0.00380495
v -0.02120001 -0.00115255 0.00400988
v -0.02120001 -0.00045345 0.00351283
v -0.02120001 -0.00073997 0.00353924
v -0.02120001 -0.00078384 0.00355524
v -0.02120001 -0.00081566 0.00358940
v -0.02120001 -0.00159284 0.00378136
v -0.02120001 -0.00148634 0.00392258
v -0.02120001 -0.00132934 0.00400407
v -0.02120001 -0.00393854 0.00483887
v -0.02120001 -0.00389190 0.00484111
v -0.02120001 -0.00398111 0.00485804
v -0.02120001 -0.00419099 0.00551068
v -0.02120001 -0.00416932 0.00533513
v -0.02120001 -0.00505064 0.00657933
v -0.02120001 -0.00534838 0.00675362
v -0.02120001 -0.00517975 0.00670023
v -0.02120001 -0.00498628 0.00641457
v -0.02120001 -0.00605555 0.00786951
v -0.02120001 -0.00575319 0.00715228
v -0.02120001 -0.00563712 0.00728575
v -0.02120001 -0.00492314 0.01423226
v -0.02120001 -0.00487706 0.01423974
v -0.02120001 -0.00533290 0.01596323
v -0.02120001 -0.00496081 0.01420468
v -0.02120001 -0.00514195 0.01398112
v -0.02120001 -0.00404520 0.01509169
v -0.02120001 -0.00426648 0.01490777
v -0.02120001 -0.00326105 0.01561382
v -0.02120001 -0.00322704 0.01564582
v -0.02120001 -0.00089589 0.01639988
v -0.02120001 -0.00086450 0.01643445
v -0.02120001 -0.00090817 0.01635484
v -0.02120001 0.00045346 0.01648717
v -0.02120001 0.00073998 0.01646077
v -0.02120001 0.00081567 0.01641060
v -0.02120001 0.00082851 0.01636572
v -0.02120001 0.00159285 0.01621865
v -0.02120001 0.00148635 0.01607743
v -0.02120001 0.00171033 0.01627406
v -0.02120001 0.00198620 0.01619226
v -0.02120001 0.00202610 0.01616802
v -0.02120001 0.00205064 0.01612830
v -0.02120001 0.00443648 0.01424690
v -0.02120001 0.00428626 0.01434028
v -0.02120001 0.00505065 0.01342068
v -0.02120001 0.00517976 0.01329978
v -0.02120001 0.00534840 0.01324639
v -0.02120001 -0.00482357 0.00569951
v -0.02120001 -0.00423226 0.00507685
v -0.02120001 -0.00420467 0.00503919
v -0.02120001 -0.00443647 0.00575311
v -0.02120001 -0.00461228 0.00577258
v -0.02120001 -0.00428625 0.00565972
v -0.02120001 -0.00644655 0.00954935
v -0.02120001 -0.00647385 0.00951147
v -0.02120001 -0.00799916 0.01011524
v -0.02120001 -0.00561048 0.01320681
v -0.02120001 -0.00565422 0.01319048
v -0.02120001 -0.00568578 0.01315608
v -0.02120001 -0.00504600 0.01369893
v -0.02120001 -0.00503080 0.01352271
v -0.02120001 -0.00434027 0.01428626
v -0.02120001 -0.00422742 0.01461229
v -0.02120001 -0.00424689 0.01443648
v -0.02120001 -0.00428567 0.01477930
v -0.02120001 -0.00448932 0.01419100
v -0.02120001 -0.00297413 0.01578304
v -0.02120001 -0.00292877 0.01579411
v -0.02120001 -0.00288333 0.01578338
v -0.02120001 -0.00254376 0.01558996
v -0.02120001 -0.00222585 0.01572399
v -0.02120001 -0.00236961 0.01562094
v -0.02120001 -0.00271424 0.01563712
v -0.02120001 0.00281068 0.01581904
v -0.02120001 0.00277544 0.01578841
v -0.02120001 0.00205448 0.01608177
v -0.02120001 0.00206679 0.01590531
v -0.02120001 0.00597523 0.01122750
v -0.02120001 0.00604825 0.01106639
v -0.02120001 0.00618361 0.01095253
v -0.02120001 -0.00205447 0.00391824
v -0.02120001 -0.00277543 0.00421160
v -0.02120001 -0.00281067 0.00418096
v -0.02120001 -0.00285597 0.00416967
v -0.02120001 -0.00290146 0.00418017
v -0.02120001 -0.00315607 0.00431422
v -0.02120001 -0.00320149 0.00443591
v -0.02120001 -0.00323464 0.00477932
v -0.02120001 -0.00317913 0.00461137
v -0.02120001 -0.00335714 0.00490691
v -0.02120001 -0.00352270 0.00496920
v -0.02120001 -0.00646076 0.01073998
v -0.02120001 -0.00648717 0.01045346
v -0.02120001 -0.00581903 0.01281068
v -0.02120001 -0.00612829 0.01205064
v -0.02120001 -0.00616801 0.01202610
v -0.02120001 -0.00608176 0.01205448
v -0.02120001 -0.00578840 0.01277544
v -0.02120001 -0.00429359 0.01486976
v -0.02120001 -0.00430049 0.01482358
v -0.02120001 -0.00483260 0.01422548
v -0.02120001 -0.00466487 0.01416933
v -0.02120001 -0.00358543 0.01498629
v -0.02120001 -0.00376184 0.01499928
v -0.02120001 -0.00167061 0.01619821
v -0.02120001 -0.00156234 0.01605833
v -0.02120001 -0.00140434 0.01597882
v -0.02120001 -0.00082084 0.01645099
v -0.02120001 -0.00053467 0.01648099
v -0.02120001 -0.00048852 0.01647386
v -0.02120001 0.00034905 0.01640991
v -0.02120001 0.00027214 0.01625062
v -0.02120001 0.00013406 0.01614007
v -0.02120001 0.00320150 0.01556410
v -0.02120001 0.00323465 0.01522068
v -0.02120001 0.00317914 0.01538863
v -0.02120001 0.00335715 0.01509309
v -0.02120001 0.00352271 0.01503081
v -0.02120001 -0.00319048 0.00434578
v -0.02120001 -0.00320680 0.00438952
v -0.02120001 -0.00385137 0.00486428
v -0.02120001 -0.00369893 0.00495400
v -0.02120001 -0.00562093 0.00763039
v -0.02120001 -0.00587895 0.00785942
v -0.02120001 -0.00572398 0.00777415
v -0.02120001 -0.00558996 0.00745624
v -0.02120001 -0.00639988 0.00910411
v -0.02120001 -0.00623476 0.00830035
v -0.02120001 -0.00625415 0.00825787
v -0.02120001 -0.00619820 0.00832939
v -0.02120001 -0.00635483 0.00909183
v -0.02120001 -0.00605832 0.00843766
v -0.02120001 -0.00597881 0.00859566
v -0.02120001 -0.00610212 0.00787277
v -0.02120001 -0.00614215 0.00789681
v -0.02120001 -0.00616689 0.00793641
v -0.02120001 -0.00625214 0.00821123
v -0.02120001 -0.00625556 0.01162143
v -0.02120001 -0.00641060 0.01081567
v -0.02120001 -0.00644476 0.01078385
v -0.02120001 -0.00636571 0.01082851
v -0.02120001 -0.00621864 0.01159285
v -0.02120001 -0.00567067 0.01264343
v -0.02120001 -0.00562138 0.01247356
v -0.02120001 -0.00329977 0.01517976
v -0.02120001 -0.00324638 0.01534839
v -0.02120001 -0.00342067 0.01505064
v -0.02120001 -0.00122749 0.01597522
v -0.02120001 -0.00106638 0.01604825
v -0.02120001 -0.00095252 0.01618361
v -0.02120001 0.00099056 0.01606113
v -0.02120001 0.00132935 0.01599594
v -0.02120001 0.00115256 0.01599013
v -0.02120001 0.00087501 0.01619505
v -0.02120001 0.00319049 0.01565423
v -0.02120001 0.00320681 0.01561049
v -0.02120001 0.00385138 0.01513573
v -0.02120001 0.00369894 0.01504601
v -0.02120001 -0.00215398 0.00424859
v -0.02120001 -0.00206678 0.00409469
v -0.02120001 -0.00597521 0.00877251
v -0.02120001 -0.00604824 0.00893361
v -0.02120001 -0.00618360 0.00904748
v -0.02120001 -0.00643444 0.00913550
v -0.02120001 -0.00645098 0.00917916
v -0.02120001 -0.00648098 0.00946533
v -0.02120001 -0.00640990 0.01034905
v -0.02120001 -0.00640503 0.00957070
v -0.02120001 -0.00645169 0.01036988
v -0.02120001 -0.00647946 0.01040741
v -0.02120001 -0.00787110 0.01143029
v -0.02120001 -0.00619225 0.01198620
v -0.02120001 -0.00627405 0.01171033
v -0.02120001 -0.00752833 0.01270633
v -0.02120001 -0.00583033 0.01285598
v -0.02120001 -0.00581983 0.01290147
v -0.02120001 -0.00522068 0.01323464
v -0.02120001 -0.00509308 0.01335715
v -0.02120001 -0.00538863 0.01317914
v -0.02120001 -0.00003820 0.01609988
v -0.02120001 -0.00021094 0.01613791
v -0.02120001 -0.00035040 0.01624672
v -0.02120001 0.00229903 0.01565018
v -0.02120001 0.00264343 0.01567068
v -0.02120001 0.00247356 0.01562139
v -0.02120001 0.00215399 0.01575142
v -0.02120001 -0.00247355 0.00437862
v -0.02120001 -0.00264342 0.00432933
v -0.02120001 -0.00229902 0.00434983
v -0.02120001 -0.00627548 0.01166366
v -0.02120001 -0.00575141 0.01215399
v -0.02120001 -0.00590530 0.01206679
v -0.02120001 -0.00042930 0.01640503
v -0.02120001 -0.00045065 0.01644656
v -0.02120001 -0.00613790 0.00978905
v -0.02120001 -0.00624671 0.00964960
v -0.02120001 -0.00606112 0.01099055
v -0.02120001 -0.00619504 0.01087500
v -0.02120001 -0.00565017 0.01229903
v -0.02120001 -0.00614006 0.01013406
v -0.02120001 -0.00625061 0.01027214
v -0.02120001 -0.00609988 0.00996180
v -0.02120001 -0.00599593 0.01132935
v -0.02120001 -0.00607742 0.01148635
v -0.02120001 -0.00599012 0.01115256
v -0.01790000 -0.00726875 0.00814186
v -0.01790000 -0.00731382 0.00675840
v -0.01790000 -0.00685531 0.00695169
v -0.01790000 -0.00760317 0.00751167
v -0.01790000 -0.00747720 0.00938444
v -0.01790000 -0.00790903 0.00879705
v -0.01790000 -0.00747477 0.01064438
v -0.01790000 -0.00799916 0.01011524
v -0.01790000 -0.00726154 0.01188614
v -0.01790000 -0.00787110 0.01143029
v -0.01790000 -0.00684351 0.01307471
v -0.01790000 -0.00752833 0.01270633
v -0.01790000 -0.00729731 0.01327860
v -0.01730002 -0.00729731 0.01327860
v -0.01730002 -0.00698021 0.01390854
v -0.01730002 -0.00624168 0.01500414
v -0.01730002 -0.00533290 0.01596323
v -0.01730002 -0.00427865 0.01675967
v -0.01730002 -0.00310769 0.01737172
v -0.01730002 -0.00185196 0.01778269
v -0.01730002 -0.00054571 0.01798137
v -0.01730002 0.00077542 0.01796233
v -0.01730002 0.00207540 0.01772611
v -0.01730002 0.00331877 0.01727914
v -0.01730002 0.00447161 0.01663361
v -0.01730002 0.00550248 0.01580713
v -0.01730002 0.00638326 0.01482225
v -0.01730002 0.00708991 0.01370584
v -0.01730002 0.00760318 0.01248833
v -0.01730002 0.00790905 0.01120295
v -0.01730002 0.00799918 0.00988476
v -0.01730002 0.00787111 0.00856971
v -0.01730002 0.00752834 0.00729368
v -0.01730002 0.00698022 0.00609147
v -0.01730002 0.00624169 0.00499587
v -0.01730002 0.00533291 0.00403677
v -0.01730002 0.00427866 0.00324034
v -0.01730002 0.00310770 0.00262829
v -0.01730002 0.00185197 0.00221732
v -0.01730002 0.00054572 0.00201864
v -0.01730002 -0.00077541 0.00203767
v -0.01730002 -0.00207539 0.00227390
v -0.01730002 -0.00331876 0.00272087
v -0.01730002 -0.00447160 0.00336640
v -0.01730002 -0.00550247 0.00419287
v -0.01730002 -0.00638325 0.00517775
v -0.01730002 -0.00708990 0.00629417
v -0.01730002 -0.00731382 0.00675840
v -0.01730002 -0.00685531 0.00695169
v -0.01730002 -0.00684351 0.01307471
v -0.01730002 -0.00622434 0.01418868
v -0.01730002 -0.00542556 0.01518178
v -0.01730002 -0.00447021 0.01602534
v -0.01730002 -0.00338586 0.01669503
v -0.01730002 -0.00220381 0.01717152
v -0.01730002 -0.00095816 0.01744107
v -0.01730002 0.00031514 0.01749588
v -0.01730002 0.00157934 0.01733439
v -0.01730002 0.00279797 0.01696124
v -0.01730002 0.00393586 0.01638722
v -0.01730002 0.00496017 0.01562888
v -0.01730002 0.00584134 0.01470811
v -0.01730002 0.00655396 0.01365147
v -0.01730002 0.00707744 0.01248947
v -0.01730002 0.00739669 0.01125562
v -0.01730002 0.00750249 0.00998555
v -0.01730002 0.00739179 0.00871588
v -0.01730002 0.00706779 0.00748328
v -0.01730002 0.00653983 0.00632330
v -0.01730002 0.00582316 0.00526942
v -0.01730002 0.00493844 0.00435205
v -0.01730002 0.00391121 0.00359766
v -0.01730002 0.00277112 0.00302803
v -0.01730002 0.00155106 0.00265959
v -0.01730002 0.00028624 0.00250297
v -0.01730002 -0.00098683 0.00256269
v -0.01730002 -0.00223143 0.00283703
v -0.01730002 -0.00341164 0.00331807
v -0.01730002 -0.00449340 0.00399194
v -0.01730002 -0.00544549 0.00483918
v -0.01730002 -0.00624044 0.00583535
v -0.02130003 -0.00247570 0.00858172
v -0.02130003 -0.00159733 0.00879647
v -0.02130003 -0.00189107 0.00934898
v -0.02130003 0.00348449 0.00373611
v -0.02130003 0.00516660 0.00389211
v -0.02130003 0.00607946 0.00479999
v -0.02130003 0.00411308 0.01072118
v -0.02130003 0.00448628 0.01082817
v -0.02130003 0.00335058 0.01143350
v -0.02130003 0.00451237 0.00932839
v -0.02130003 0.00413568 0.00942234
v -0.02130003 0.00339841 0.00868392
v -0.02130003 0.00486297 0.01073422
v -0.02130003 0.00773306 0.01204935
v -0.02130003 0.00384338 0.01044192
v -0.02130003 0.00374944 0.01006523
v -0.02130003 0.00385643 0.00969204
v -0.02130003 0.00514222 0.01046452
v -0.02130003 0.00796166 0.01078235
v -0.02130003 0.00524921 0.01009133
v -0.02130003 0.00779967 0.00822088
v -0.02130003 0.00488557 0.00943538
v -0.02130003 0.00515527 0.00971464
v -0.02130003 0.00798405 0.00949507
v -0.02130003 0.00799879 0.01013916
v -0.02130003 0.00332973 0.01263188
v -0.02130003 0.00730418 0.01326328
v -0.02130003 0.00495101 0.01628392
v -0.02130003 0.00387889 0.01699674
v -0.02130003 0.00589491 0.01540834
v -0.02130003 0.00668613 0.01439270
v -0.02130003 -0.00004476 0.01257317
v -0.02130003 0.00152593 0.01429931
v -0.02130003 0.00018304 0.01799791
v -0.02130003 0.00143199 0.01392262
v -0.02130003 0.00153898 0.01354942
v -0.02130003 0.00181823 0.01327972
v -0.02130003 0.00245486 0.01261666
v -0.02130003 0.00219492 0.01318578
v -0.02130003 0.00256812 0.01329277
v -0.02130003 0.00283782 0.01357202
v -0.02130003 0.00293176 0.01394871
v -0.02130003 0.00282477 0.01432191
v -0.02130003 0.00270630 0.01752835
v -0.02130003 0.00254552 0.01459161
v -0.02130003 0.00146362 0.01786498
v -0.02130003 0.00216883 0.01468555
v -0.02130003 0.00179563 0.01457856
v -0.02130003 -0.00110229 0.01792370
v -0.02130003 -0.00195380 0.01451333
v -0.02130003 -0.00233049 0.01460728
v -0.02130003 -0.00235906 0.01764427
v -0.02130003 -0.00254438 0.01252968
v -0.02130003 -0.00268109 0.01320145
v -0.02130003 -0.00296034 0.01347115
v -0.02130003 -0.00230440 0.01310750
v -0.02130003 -0.00193120 0.01321449
v -0.02130003 -0.00166150 0.01349374
v -0.02130003 -0.00156756 0.01387044
v -0.02130003 -0.00167455 0.01424363
v -0.02130003 -0.00341925 0.01251446
v -0.02130003 -0.00306733 0.01384434
v -0.02130003 -0.00355474 0.01716686
v -0.02130003 -0.00263824 0.01755246
v -0.02130003 -0.00270369 0.01450029
v -0.02130003 -0.00297339 0.01422103
v -0.02130003 -0.00564131 0.01567235
v -0.02130003 -0.00647817 0.01469397
v -0.02130003 -0.00465835 0.01650383
v -0.02130003 -0.00754307 0.00733505
v -0.02130003 -0.00448627 0.00917184
v -0.02130003 -0.00486296 0.00926578
v -0.02130003 -0.00514221 0.00953548
v -0.02130003 -0.00787288 0.00857955
v -0.02130003 -0.00524920 0.00990868
v -0.02130003 -0.00335057 0.00856650
v -0.02130003 -0.00384337 0.00955808
v -0.02130003 -0.00411307 0.00927883
v -0.02130003 -0.00374943 0.00993477
v -0.02130003 -0.00339840 0.01131609
v -0.02130003 -0.00385642 0.01030797
v -0.02130003 -0.00413567 0.01057767
v -0.02130003 -0.00451236 0.01067161
v -0.02130003 -0.00763121 0.01240097
v -0.02130003 -0.00714724 0.01359401
v -0.02130003 -0.00799878 0.00986085
v -0.02130003 -0.00791752 0.01114574
v -0.02130003 -0.00515526 0.01028537
v -0.02130003 -0.00488556 0.01056462
v -0.02130003 -0.00332972 0.00736813
v -0.02130003 -0.00701790 0.00615956
v -0.02130003 -0.00631097 0.00508354
v -0.02130003 -0.00326449 0.00361870
v -0.02130003 -0.00330329 0.00271384
v -0.02130003 -0.00238962 0.00363392
v -0.02130003 -0.00442930 0.00333808
v -0.02130003 -0.00544059 0.00413486
v -0.02130003 -0.00082600 0.00204276
v -0.02130003 0.00011000 0.00367740
v -0.02130003 -0.00209173 0.00227830
v -0.02130003 0.00173631 0.00219070
v -0.02130003 0.00296653 0.00257035
v -0.02130003 0.00046113 0.00201330
v -0.02130003 0.00741327 0.00699277
v -0.02130003 0.00341926 0.00748554
v -0.02130003 0.00683488 0.00584254
v -0.02130003 -0.00216882 0.00531445
v -0.02130003 -0.00254551 0.00540840
v -0.02130003 0.00004477 0.00742684
v -0.02130003 -0.00143198 0.00607739
v -0.02130003 -0.00152592 0.00570070
v -0.02130003 -0.00179562 0.00542144
v -0.02130003 -0.00153897 0.00645058
v -0.02130003 -0.00181822 0.00672028
v -0.02130003 -0.00245485 0.00738335
v -0.02130003 -0.00219491 0.00681423
v -0.02130003 -0.00256811 0.00670724
v -0.02130003 -0.00282476 0.00567810
v -0.02130003 -0.00293175 0.00605129
v -0.02130003 -0.00283781 0.00642799
v -0.02130003 0.00306734 0.00615566
v -0.02130003 0.00296035 0.00652886
v -0.02130003 0.00230441 0.00689250
v -0.02130003 0.00268110 0.00679856
v -0.02130003 0.00254439 0.00747032
v -0.02130003 0.00156757 0.00612957
v -0.02130003 0.00166151 0.00650626
v -0.02130003 0.00167456 0.00575638
v -0.02130003 0.00260962 0.00372089
v -0.02130003 0.00233050 0.00539273
v -0.02130003 0.00195381 0.00548667
v -0.02130003 0.00270370 0.00549972
v -0.02130003 0.00297340 0.00577897
v -0.02130003 0.00193121 0.00678551
v -0.02130003 0.00411991 0.00314243
v -0.02130003 0.00252354 0.00866870
v -0.02130003 0.00199970 0.01003479
v -0.02130003 0.00191258 0.00941515
v -0.02130003 0.00247571 0.01141828
v -0.02130003 0.00120354 0.00840266
v -0.02130003 0.00163824 0.00885276
v -0.02130003 -0.00114724 0.00836177
v -0.02130003 -0.00058485 0.00808743
v -0.02130003 0.00003480 0.00800031
v -0.02130003 0.00065103 0.00810893
v -0.02130003 -0.00199969 0.00996521
v -0.02130003 -0.00252353 0.01133131
v -0.02130003 -0.00191257 0.01058486
v -0.02130003 -0.00120353 0.01159734
v -0.02130003 -0.00163823 0.01114725
v -0.02130003 0.00189108 0.01065103
v -0.02130003 0.00159735 0.01120354
v -0.02130003 0.00114725 0.01163824
v -0.02130003 0.00058486 0.01191258
v -0.02130003 -0.00003478 0.01199970
v -0.02130003 -0.00065102 0.01189108
v -0.02249999 0.00799879 0.01013916
v -0.02249999 0.00796166 0.01078235
v -0.02249999 0.00773306 0.01204935
v -0.02249999 0.00730418 0.01326328
v -0.02249999 0.00668613 0.01439270
v -0.02249999 0.00589491 0.01540834
v -0.02249999 0.00495101 0.01628392
v -0.02249999 0.00387889 0.01699674
v -0.02249999 0.00270630 0.01752835
v -0.02249999 0.00146362 0.01786498
v -0.02249999 0.00018304 0.01799791
v -0.02249999 -0.00110229 0.01792370
v -0.02249999 -0.00235906 0.01764427
v -0.02249999 -0.00355474 0.01716686
v -0.02249999 0.00798405 0.00949507
v -0.02249999 0.00779967 0.00822088
v -0.02249999 0.00741327 0.00699277
v -0.02249999 0.00683488 0.00584254
v -0.02249999 0.00607946 0.00479999
v -0.02249999 0.00516660 0.00389211
v -0.02249999 0.00411991 0.00314243
v -0.02249999 0.00296653 0.00257035
v -0.02249999 0.00173631 0.00219070
v -0.02249999 0.00046113 0.00201330
v -0.02249999 -0.00082600 0.00204276
v -0.02249999 -0.00209173 0.00227830
v -0.02249999 -0.00330329 0.00271384
v -0.02249999 -0.00442930 0.00333808
v -0.02249999 -0.00544059 0.00413486
v -0.02249999 -0.00631097 0.00508354
v -0.02249999 -0.00701790 0.00615956
v -0.02249999 -0.00754307 0.00733505
v -0.02249999 -0.00787288 0.00857955
v -0.02249999 -0.00799878 0.00986085
v -0.02249999 -0.00791752 0.01114574
v -0.02249999 -0.00763121 0.01240097
v -0.02249999 -0.00714724 0.01359401
v -0.02249999 -0.00647817 0.01469397
v -0.02249999 -0.00564131 0.01567235
v -0.02249999 -0.00465835 0.01650383
v -0.02249999 0.00199970 0.01003479
v -0.02249999 0.00189108 0.01065103
v -0.02249999 0.00114725 0.01163824
v -0.02249999 0.00058486 0.01191258
v -0.02249999 0.00191258 0.00941515
v -0.02249999 0.00163824 0.00885276
v -0.02249999 0.00159735 0.01120354
v -0.02249999 0.00003480 0.00800031
v -0.02249999 0.00065103 0.00810893
v -0.02249999 -0.00065102 0.01189108
v -0.02249999 -0.00120353 0.01159734
v -0.02249999 -0.00003478 0.01199970
v -0.02249999 0.00120354 0.00840266
v -0.02249999 -0.00159733 0.00879647
v -0.02249999 -0.00114724 0.00836177
v -0.02249999 -0.00189107 0.00934898
v -0.02249999 -0.00199969 0.00996521
v -0.02249999 -0.00191257 0.01058486
v -0.02249999 -0.00058485 0.00808743
v -0.02249999 -0.00163823 0.01114725
v -0.01585001 0.00624407 0.00972778
v -0.01585001 0.00648100 0.00970044
v -0.01585001 0.00618778 0.01087976
v -0.01585001 0.00538102 0.01591986
v -0.01585001 0.00621713 0.01484988
v -0.01585001 0.00626095 0.01498003
v -0.01585001 -0.00263003 0.00244468
v -0.01585001 -0.00175929 0.00283279
v -0.01585001 -0.00170315 0.00303209
v -0.01585001 -0.00600052 0.00518388
v -0.01585001 -0.00605155 0.00538455
v -0.01585001 -0.00664136 0.00553993
v -0.01585001 -0.00583991 0.00453233
v -0.01585001 -0.00771193 0.00787257
v -0.01585001 -0.00564647 0.00577941
v -0.01585001 -0.00647549 0.00773633
v -0.01585001 -0.00584714 0.00572838
v -0.01585001 -0.00545602 0.00503051
v -0.01585001 -0.00421625 0.00370520
v -0.01585001 -0.00530775 0.00517504
v -0.01585001 -0.00488721 0.00366635
v -0.01585001 -0.00565669 0.00497948
v -0.01585001 -0.00585599 0.00503562
v -0.01585001 -0.00525161 0.00537434
v -0.01585001 -0.00530264 0.00557500
v -0.01585001 -0.00544717 0.00572327
v -0.01585001 -0.00599541 0.00558385
v -0.01585001 -0.00697871 0.00608880
v -0.01585001 -0.00727080 0.00666303
v -0.01585001 -0.00170826 0.00263212
v -0.01585001 -0.00156373 0.00248385
v -0.01585001 -0.00138401 0.00212063
v -0.01585001 -0.00197060 0.00406880
v -0.01585001 -0.00287212 0.00444902
v -0.01585001 -0.00312724 0.00431553
v -0.01585001 -0.00084719 0.00380769
v -0.01585001 -0.00101039 0.00302324
v -0.01585001 0.00030507 0.00375745
v -0.01585001 -0.00115491 0.00317151
v -0.01585001 -0.00135421 0.00322765
v -0.01585001 -0.00155488 0.00317662
v -0.01585001 -0.00380793 0.00296441
v -0.01585001 -0.00136443 0.00242771
v -0.01585001 -0.00116376 0.00247874
v -0.01585001 -0.00014307 0.00290298
v -0.01585001 -0.00101549 0.00262327
v -0.01585001 -0.00095935 0.00282257
v -0.01585001 0.00190359 0.00405003
v -0.01585001 0.00243625 0.00237998
v -0.01585001 0.00316901 0.00363703
v -0.01585001 0.00118236 0.00208786
v -0.01585001 -0.00010215 0.00200066
v -0.01585001 0.00322005 0.00343637
v -0.01585001 0.00336457 0.00328810
v -0.01585001 0.00362703 0.00286946
v -0.01585001 0.00356387 0.00323196
v -0.01585001 0.00376454 0.00328299
v -0.01585001 0.00472389 0.00354361
v -0.01585001 0.00391281 0.00342752
v -0.01585001 0.00396895 0.00362682
v -0.01585001 0.00569839 0.00438499
v -0.01585001 0.00253954 0.00428920
v -0.01585001 0.00337342 0.00398086
v -0.01585001 0.00354566 0.00485308
v -0.01585001 0.00322515 0.00383633
v -0.01585001 0.00202078 0.00408570
v -0.01585001 0.00408160 0.00527069
v -0.01585001 0.00377339 0.00397575
v -0.01585001 0.00391792 0.00382749
v -0.01585001 0.00397294 0.00520979
v -0.01585001 0.00407022 0.00529100
v -0.01585001 0.00357409 0.00403189
v -0.01585001 0.00652531 0.00537178
v -0.01585001 0.00718323 0.00647845
v -0.01585001 0.00608774 0.00858507
v -0.01585001 0.00717115 0.00721146
v -0.01585001 0.00765510 0.00767632
v -0.01585001 0.00722729 0.00741076
v -0.01585001 0.00702288 0.00706693
v -0.01585001 0.00703173 0.00775969
v -0.01585001 0.00717626 0.00761143
v -0.01585001 0.00683243 0.00781583
v -0.01585001 0.00663176 0.00776480
v -0.01585001 0.00648349 0.00762027
v -0.01585001 0.00572409 0.00749055
v -0.01585001 0.00642735 0.00742097
v -0.01585001 0.00516551 0.00648148
v -0.01585001 0.00647838 0.00722031
v -0.01585001 0.00443103 0.00559223
v -0.01585001 0.00662291 0.00707204
v -0.01585001 0.00682221 0.00701590
v -0.01585001 0.00757000 0.01031077
v -0.01585001 0.00799698 0.01022003
v -0.01585001 0.00798222 0.01053322
v -0.01585001 0.00792872 0.00893438
v -0.01585001 0.00733486 0.01017899
v -0.01585001 0.00709549 0.01275278
v -0.01585001 0.00724002 0.01260451
v -0.01585001 0.00785813 0.01149999
v -0.01585001 0.00751575 0.01274110
v -0.01585001 0.00729105 0.01240385
v -0.01585001 0.00668668 0.01206512
v -0.01585001 0.00654215 0.01221339
v -0.01585001 0.00688598 0.01200899
v -0.01585001 0.00708664 0.01206002
v -0.01585001 0.00723491 0.01220455
v -0.01585001 0.00531076 0.01434191
v -0.01585001 0.00669552 0.01275789
v -0.01585001 0.00689619 0.01280892
v -0.01585001 0.00654726 0.01261336
v -0.01585001 0.00649112 0.01241406
v -0.01585001 0.00697872 0.01391121
v -0.01585001 0.00436172 0.01670638
v -0.01585001 0.00393484 0.01661869
v -0.01585001 0.00322946 0.01731920
v -0.01585001 0.00373554 0.01667483
v -0.01585001 0.00353487 0.01662380
v -0.01585001 0.00201356 0.01774246
v -0.01585001 0.00338661 0.01647927
v -0.01585001 0.00333047 0.01627997
v -0.01585001 0.00507562 0.01421013
v -0.01585001 0.00479782 0.01400543
v -0.01585001 0.00545213 0.01305563
v -0.01585001 0.00398014 0.01481883
v -0.01585001 0.00302691 0.01546812
v -0.01585001 0.00338150 0.01607930
v -0.01585001 0.00352603 0.01593104
v -0.01585001 0.00372533 0.01587490
v -0.01585001 0.00392599 0.01592593
v -0.01585001 0.00407426 0.01607046
v -0.01585001 0.00413040 0.01626976
v -0.01585001 0.00407937 0.01647043
v -0.01585001 0.00197061 0.01593121
v -0.01585001 0.00110575 0.01792322
v -0.01585001 0.00084720 0.01619232
v -0.01585001 -0.00030506 0.01624255
v -0.01585001 -0.00201789 0.01615394
v -0.01585001 -0.00152466 0.01700914
v -0.01585001 -0.00157569 0.01720981
v -0.01585001 -0.00138013 0.01686087
v -0.01585001 -0.00118083 0.01680473
v -0.01585001 -0.00098016 0.01685577
v -0.01585001 -0.00144693 0.01608021
v -0.01585001 -0.00117062 0.01760467
v -0.01585001 -0.00054185 0.01798163
v -0.01585001 -0.00181518 0.01779135
v -0.01585001 -0.00137128 0.01755363
v -0.01585001 -0.00151955 0.01740911
v -0.01585001 -0.00264124 0.01726618
v -0.01585001 -0.00083190 0.01700029
v -0.01585001 -0.00077576 0.01719959
v -0.01585001 0.00074551 0.01796519
v -0.01585001 -0.00082679 0.01740026
v -0.01585001 -0.00097132 0.01754853
v -0.01585001 -0.00418903 0.01681557
v -0.01585001 -0.00481925 0.01604552
v -0.01585001 -0.00304149 0.01739928
v -0.01585001 -0.00624257 0.01378624
v -0.01585001 -0.00573615 0.01441955
v -0.01585001 -0.00588068 0.01456782
v -0.01585001 -0.00553685 0.01436341
v -0.01585001 -0.00533618 0.01441444
v -0.01585001 -0.00419590 0.01493328
v -0.01585001 -0.00518792 0.01455897
v -0.01585001 -0.00513178 0.01475827
v -0.01585001 -0.00532734 0.01510721
v -0.01585001 -0.00518281 0.01495894
v -0.01585001 -0.00577193 0.01553939
v -0.01585001 -0.00522808 0.01605534
v -0.01585001 -0.00587557 0.01496778
v -0.01585001 -0.00687656 0.01408814
v -0.01585001 -0.00593171 0.01476848
v -0.01585001 -0.00613172 0.01513828
v -0.01585001 -0.00572731 0.01511231
v -0.01585001 -0.00552664 0.01516335
v -0.01585001 -0.00744329 0.01293213
v -0.01585001 -0.00572408 0.01250946
v -0.01585001 -0.00730451 0.00969325
v -0.01585001 -0.00750381 0.00974939
v -0.01585001 -0.00764834 0.00989766
v -0.01585001 -0.00592075 0.00799823
v -0.01585001 -0.00710384 0.00974428
v -0.01585001 -0.00608773 0.01141494
v -0.01585001 -0.00624406 0.01027223
v -0.01585001 -0.00695046 0.01028878
v -0.01585001 -0.00618777 0.00912025
v -0.01585001 -0.00695557 0.00988881
v -0.01585001 -0.00689943 0.01008811
v -0.01585001 -0.00709499 0.01043705
v -0.01585001 -0.00729429 0.01049319
v -0.01585001 -0.00781725 0.01170017
v -0.01585001 -0.00749496 0.01044215
v -0.01585001 -0.00798874 0.01042418
v -0.01585001 -0.00764323 0.01029763
v -0.01585001 -0.00769937 0.01009833
v -0.01585001 -0.00795333 0.00913720
v -0.01585001 -0.00545212 0.00694437
v -0.01585001 -0.00479781 0.00599458
v -0.01585001 -0.00398013 0.00518118
v -0.01585001 -0.00302690 0.00453188
v -0.01585001 -0.00253953 0.01571080
v -0.01585001 -0.00354565 0.01514693
v -0.01585001 -0.00443102 0.01440778
v -0.01585001 -0.00516550 0.01351853
v -0.01585001 0.00592076 0.01200178
v -0.01585001 0.00144694 0.00391980
v -0.01730002 -0.00054185 0.01798163
v -0.01730002 0.00074551 0.01796519
v -0.01730002 -0.00181518 0.01779135
v -0.01730002 -0.00304149 0.01739928
v -0.01730002 -0.00418903 0.01681557
v -0.01730002 -0.00522808 0.01605534
v -0.01730002 -0.00613172 0.01513828
v -0.01730002 -0.00687656 0.01408814
v -0.01730002 -0.00744329 0.01293213
v -0.01730002 -0.00781725 0.01170017
v -0.01730002 -0.00798874 0.01042418
v -0.01730002 -0.00795333 0.00913720
v -0.01730002 -0.00771193 0.00787257
v -0.01730002 -0.00727080 0.00666303
v -0.01730002 -0.00697871 0.00608880
v -0.01730002 -0.00664136 0.00553993
v -0.01730002 -0.00583991 0.00453233
v -0.01730002 -0.00488721 0.00366635
v -0.01730002 -0.00380793 0.00296441
v -0.01730002 -0.00263003 0.00244468
v -0.01730002 -0.00138401 0.00212063
v -0.01730002 -0.00010215 0.00200066
v -0.01730002 0.00118236 0.00208786
v -0.01730002 0.00243625 0.00237998
v -0.01730002 0.00362703 0.00286946
v -0.01730002 0.00472389 0.00354361
v -0.01730002 0.00569839 0.00438499
v -0.01730002 0.00652531 0.00537178
v -0.01730002 0.00718323 0.00647845
v -0.01730002 0.00765510 0.00767632
v -0.01730002 0.00792872 0.00893438
v -0.01730002 0.00799698 0.01022003
v -0.01730002 0.00785813 0.01149999
v -0.01730002 0.00751575 0.01274110
v -0.01730002 0.00697872 0.01391121
v -0.01730002 0.00626095 0.01498003
v -0.01730002 0.00538102 0.01591986
v -0.01730002 0.00436172 0.01670638
v -0.01730002 0.00322946 0.01731920
v -0.01730002 0.00201356 0.01774246
v -0.01730002 0.00700562 0.00884613
v -0.01730002 0.00675348 0.00780899
v -0.01730002 0.00657046 0.00772250
v -0.01730002 -0.00030506 0.01624255
v -0.01730002 -0.00111130 0.01680992
v -0.01730002 -0.00092626 0.01689202
v -0.01730002 0.00538020 0.00536713
v -0.01730002 0.00443103 0.00559223
v -0.01730002 0.00516551 0.00648148
v -0.01730002 -0.00593092 0.01478898
v -0.01730002 -0.00590508 0.01461979
v -0.01730002 -0.00635388 0.01398003
v -0.01730002 0.00385655 0.01665446
v -0.01730002 0.00400367 0.01656700
v -0.01730002 0.00368634 0.01667243
v -0.01730002 0.00383467 0.00333291
v -0.01730002 0.00368536 0.00324923
v -0.01730002 0.00393533 0.00347134
v -0.01730002 -0.00118191 0.00246918
v -0.01730002 -0.00144693 0.01608021
v -0.01730002 -0.00550553 0.00575182
v -0.01730002 -0.00570655 0.00577565
v -0.01730002 -0.00611047 0.00638447
v -0.01730002 0.00645322 0.00755746
v -0.01730002 0.00572409 0.00749055
v -0.01730002 0.00608774 0.00858507
v -0.01730002 -0.00673365 0.01329704
v -0.01730002 -0.00577200 0.01508319
v -0.01730002 -0.00561632 0.01515433
v -0.01730002 0.00711285 0.01274185
v -0.01730002 0.00739716 0.00877746
v -0.01730002 0.00712903 0.00767849
v -0.01730002 0.00749689 0.00990427
v -0.01730002 0.00742597 0.01103325
v -0.01730002 0.00718599 0.01213872
v -0.01730002 0.00721119 0.00752833
v -0.01730002 0.00722305 0.00735759
v -0.01730002 0.00716246 0.00719751
v -0.01730002 -0.00605128 0.00536404
v -0.01730002 -0.00600825 0.00519838
v -0.01730002 -0.00602113 0.00553252
v -0.01730002 -0.00644239 0.00616490
v -0.01730002 -0.00764834 0.00989766
v -0.01730002 -0.00750381 0.00974939
v -0.01730002 -0.00644968 0.00703159
v -0.01730002 -0.00592075 0.00799823
v -0.01730002 -0.00545212 0.00694437
v -0.01730002 -0.00148680 0.00320682
v -0.01730002 -0.00084719 0.00380769
v -0.01730002 -0.00128484 0.00322068
v -0.01730002 -0.00197060 0.00406880
v -0.01730002 0.00008017 0.00290046
v -0.01730002 0.00144694 0.00391980
v -0.01730002 0.00114352 0.00299269
v -0.01730002 0.00030507 0.00375745
v -0.01730002 -0.00098499 0.00296866
v -0.01730002 -0.00110196 0.00313389
v -0.01730002 0.00601390 0.00622600
v -0.01730002 0.00651168 0.00717016
v -0.01730002 0.00643180 0.00735616
v -0.01730002 -0.00588368 0.01495349
v -0.01730002 -0.00544517 0.01515390
v -0.01730002 -0.00460779 0.01591445
v -0.01730002 -0.00366553 0.01654037
v -0.01730002 -0.00263982 0.01701740
v -0.01730002 -0.00155402 0.01733468
v -0.01730002 -0.00132312 0.01757655
v -0.01730002 -0.00115419 0.01760412
v -0.01730002 -0.00146505 0.01748090
v -0.01730002 0.00723169 0.01261868
v -0.01730002 0.00728817 0.01245711
v -0.01730002 0.00727195 0.01228672
v -0.01730002 -0.00151616 0.00245971
v -0.01730002 -0.00165561 0.00255895
v -0.01730002 -0.00134800 0.00242784
v -0.01730002 0.00662647 0.01210898
v -0.01730002 0.00680723 0.01201784
v -0.01730002 0.00703280 0.01097460
v -0.01730002 -0.00354565 0.01514693
v -0.01730002 -0.00515111 0.01488632
v -0.01730002 -0.00436042 0.01560328
v -0.01730002 -0.00443102 0.01440778
v -0.01730002 -0.00513966 0.01468420
v -0.01730002 -0.00522864 0.01450237
v -0.01730002 -0.00516550 0.01351853
v -0.01730002 -0.00539525 0.01438739
v -0.01730002 -0.00479781 0.00599458
v -0.01730002 -0.00534190 0.00563262
v -0.01730002 -0.00398013 0.00518118
v -0.01730002 -0.00525760 0.00544858
v -0.01730002 0.00322762 0.00384043
v -0.01730002 0.00354566 0.00485308
v -0.01730002 0.00337342 0.00398086
v -0.01730002 0.00253954 0.00428920
v -0.01730002 0.00316925 0.00364659
v -0.01730002 0.00218103 0.00324329
v -0.01730002 0.00356931 0.00403193
v -0.01730002 0.00376512 0.00398054
v -0.01730002 0.00462492 0.00461296
v -0.01730002 0.00008054 0.00250294
v -0.01730002 -0.00104830 0.00257615
v -0.01730002 0.00120754 0.00260038
v -0.01730002 0.00230706 0.00286628
v -0.01730002 0.00335406 0.00329457
v -0.01730002 0.00351474 0.00323562
v -0.01730002 -0.00589992 0.00506587
v -0.01730002 -0.00574612 0.00499077
v -0.01730002 0.00624407 0.00972778
v -0.01730002 0.00709943 0.00990934
v -0.01730002 0.00618778 0.01087976
v -0.01730002 0.00302691 0.01546812
v -0.01730002 0.00372055 0.01587499
v -0.01730002 0.00398014 0.01481883
v -0.01730002 0.00352603 0.01593104
v -0.01730002 0.00197061 0.01593121
v -0.01730002 0.00338386 0.01607515
v -0.01730002 -0.00131284 0.01682894
v -0.01730002 -0.00147926 0.01694419
v -0.01730002 -0.00253953 0.01571080
v -0.01730002 -0.00250351 0.01664398
v -0.01730002 -0.00347119 0.01619361
v -0.01730002 -0.00624406 0.01027223
v -0.01730002 -0.00695046 0.01028878
v -0.01730002 -0.00608773 0.01141494
v -0.01730002 -0.00689943 0.01008811
v -0.01730002 -0.00618777 0.00912025
v -0.01730002 -0.00695557 0.00988881
v -0.01730002 -0.00710384 0.00974428
v -0.01730002 -0.00730451 0.00969325
v -0.01730002 -0.00679748 0.00683667
v -0.01730002 -0.00769937 0.01009833
v -0.01730002 -0.00764323 0.01029763
v -0.01730002 -0.00749496 0.01044215
v -0.01730002 -0.00729429 0.01049319
v -0.01730002 -0.00709499 0.01043705
v -0.01730002 -0.00637664 0.01312224
v -0.01730002 -0.00267236 0.00342213
v -0.01730002 -0.00165611 0.00309585
v -0.01730002 -0.00362822 0.00389705
v -0.01730002 -0.00302690 0.00453188
v -0.01730002 -0.00450208 0.00450990
v -0.01730002 -0.00527421 0.00524683
v -0.01730002 0.00645239 0.01381828
v -0.01730002 0.00695340 0.01280407
v -0.01730002 0.00580449 0.01474557
v -0.01730002 0.00502446 0.01556483
v -0.01730002 0.00413005 0.01625741
v -0.01730002 0.00410076 0.01642605
v -0.01730002 -0.00174081 0.00270740
v -0.01730002 -0.00281816 0.00305231
v -0.01730002 -0.00383135 0.00355538
v -0.01730002 -0.00475733 0.00420515
v -0.01730002 -0.00557500 0.00498684
v -0.01730002 -0.00559682 0.01436871
v -0.01730002 -0.00601908 0.01376571
v -0.01730002 -0.00572408 0.01250946
v -0.01730002 0.00592076 0.01200178
v -0.01730002 0.00651349 0.01227696
v -0.01730002 0.00545213 0.01305563
v -0.01730002 0.00649722 0.01247874
v -0.01730002 0.00026144 0.01709519
v -0.01730002 -0.00080511 0.01705421
v -0.01730002 0.00132209 0.01697582
v -0.01730002 0.00084720 0.01619232
v -0.01730002 0.00235286 0.01669881
v -0.01730002 0.00333046 0.01627042
v -0.01730002 0.00248848 0.01707249
v -0.01730002 0.00352420 0.01661760
v -0.01730002 0.00139611 0.01736637
v -0.01730002 0.00027196 0.01749257
v -0.01730002 -0.00085838 0.01744820
v -0.01730002 -0.00098921 0.01755856
v -0.01730002 0.00488072 0.00430868
v -0.01730002 0.00396892 0.00363917
v -0.01730002 0.00568142 0.00510776
v -0.01730002 0.00635278 0.00601820
v -0.01730002 0.00687953 0.00701929
v -0.01730002 0.00704051 0.00707742
v -0.01730002 0.00476097 0.01526718
v -0.01730002 0.00391760 0.01592136
v -0.01730002 0.00549675 0.01449397
v -0.01730002 0.00479782 0.01400543
v -0.01730002 0.00610831 0.01361920
v -0.01730002 0.00658182 0.01266264
v -0.01730002 -0.01143506 0.00700000
v -0.01790000 -0.01143506 0.01300000
v -0.01790000 -0.01143506 0.00700000
v -0.01730002 -0.01143506 0.01300000
v -0.01790000 -0.00643505 0.01300000
v -0.01730002 -0.00643505 0.01300000
v -0.01790000 0.00061846 0.00292699
v -0.01790000 -0.00013840 0.00850640
v -0.01790000 0.00041050 0.00855726
v -0.01790000 -0.00554999 0.00930000
v -0.01790000 -0.00110851 0.00898946
v -0.01790000 -0.00066860 0.00865726
v -0.01790000 0.00070001 0.01555000
v -0.01790000 0.00707299 0.00938118
v -0.01790000 0.00090396 0.01119703
v -0.01790000 0.00707299 0.01061883
v -0.01790000 0.00685806 0.01183768
v -0.01790000 -0.00183804 0.01685796
v -0.01790000 -0.00069999 0.01665000
v -0.01790000 -0.00069999 0.01555000
v -0.01790000 0.00643475 0.01300069
v -0.01790000 0.00581590 0.01407252
v -0.01790000 0.00502033 0.01502059
v -0.01790000 0.00502033 0.00497941
v -0.01790000 0.00090396 0.00880298
v -0.01790000 0.00127533 0.00921035
v -0.01790000 0.00183732 0.00314185
v -0.01790000 0.00300035 0.00356510
v -0.01790000 0.00407221 0.00418389
v -0.01790000 -0.00139870 0.00945814
v -0.01790000 -0.00149999 0.01000000
v -0.01790000 -0.00554999 0.01070000
v -0.01790000 -0.00139870 0.01054187
v -0.01790000 -0.00110851 0.01101055
v -0.01790000 0.00581590 0.00592749
v -0.01790000 0.00643475 0.00699932
v -0.01790000 0.00147447 0.00972438
v -0.01790000 0.00685806 0.00816233
v -0.01790000 0.00147447 0.01027563
v -0.01790000 0.00127533 0.01078965
v -0.01790000 -0.00502085 0.00497995
v -0.01790000 -0.00581632 0.00592811
v -0.01790000 0.00061846 0.01707302
v -0.01790000 0.00070001 0.01665000
v -0.01790000 -0.00061920 0.01707295
v -0.01790000 0.00407221 0.01581611
v -0.01790000 0.00300035 0.01643490
v -0.01790000 0.00183732 0.01685816
v -0.01790000 -0.00066860 0.01134275
v -0.01790000 -0.00013840 0.01149360
v -0.01790000 0.00041050 0.01144274
v -0.01790000 -0.00407282 0.00418432
v -0.01790000 -0.00300102 0.00356542
v -0.01790000 -0.00183804 0.00314204
v -0.01790000 -0.00061920 0.00292706
v -0.01790000 -0.00300102 0.01643458
v -0.01790000 -0.00407282 0.01581568
v -0.01790000 -0.00502085 0.01502006
v -0.01790000 -0.00581632 0.01407190
v -0.01790000 -0.00664999 0.01070000
v -0.01790000 -0.00664999 0.00930000
v -0.01790000 -0.00643505 0.00700000
v -0.01730002 -0.00643505 0.00700000
v -0.01730002 -0.00169999 0.01150000
v -0.01730002 0.00300035 0.01643490
v -0.01730002 0.00183732 0.01685816
v -0.01730002 0.00160001 0.00760000
v -0.01730002 0.00127533 0.00921035
v -0.01730002 0.00090396 0.00880298
v -0.01730002 -0.00581632 0.00592811
v -0.01730002 -0.00502085 0.00497995
v -0.01730002 -0.00159999 0.00760000
v -0.01730002 0.00707299 0.00938118
v -0.01730002 0.00707299 0.01061883
v -0.01730002 0.00685806 0.00816233
v -0.01730002 0.00643475 0.00699932
v -0.01730002 0.00581590 0.00592749
v -0.01730002 -0.00469999 0.00850000
v -0.01730002 -0.00469999 0.01150000
v -0.01730002 -0.00159999 0.00440000
v -0.01730002 -0.00183804 0.00314204
v -0.01730002 -0.00061920 0.00292706
v -0.01730002 -0.00300102 0.00356542
v -0.01730002 -0.00407282 0.00418432
v -0.01730002 0.00061846 0.00292699
v -0.01730002 0.00160001 0.00440000
v -0.01730002 0.00183732 0.00314185
v -0.01730002 0.00502033 0.00497941
v -0.01730002 0.00407221 0.00418389
v -0.01730002 0.00300035 0.00356510
v -0.01730002 0.00643475 0.01300069
v -0.01730002 0.00685806 0.01183768
v -0.01730002 -0.00139870 0.00945814
v -0.01730002 -0.00110851 0.00898946
v -0.01730002 -0.00149999 0.01000000
v -0.01730002 -0.00581632 0.01407190
v -0.01730002 -0.00502085 0.01502006
v -0.01730002 -0.00066860 0.00865726
v -0.01730002 -0.00013840 0.00850640
v -0.01730002 0.00041050 0.00855726
v -0.01730002 -0.00139870 0.01054187
v -0.01730002 -0.00110851 0.01101055
v -0.01730002 -0.00169999 0.00850000
v -0.01730002 -0.00407282 0.01581568
v -0.01730002 -0.00300102 0.01643458
v -0.01730002 -0.00183804 0.01685796
v -0.01730002 -0.00061920 0.01707295
v -0.01730002 0.00061846 0.01707302
v -0.01730002 0.00147447 0.00972438
v -0.01730002 0.00147447 0.01027563
v -0.01730002 0.00581590 0.01407252
v -0.01730002 0.00127533 0.01078965
v -0.01730002 0.00502033 0.01502059
v -0.01730002 0.00090396 0.01119703
v -0.01730002 0.00407221 0.01581611
v -0.01730002 0.00041050 0.01144274
v -0.01730002 -0.00013840 0.01149360
v -0.01730002 -0.00066860 0.01134275
v -0.02205569 0.00050974 0.01099240
v -0.02211935 0.00053305 0.01103778
v -0.02211935 0.00051736 0.01104569
v -0.02205569 0.00037170 0.01105192
v -0.02203829 0.00022934 0.01108192
v -0.02198083 0.00036098 0.01102159
v -0.02207560 0.00023334 0.01110428
v -0.02211935 0.00028864 0.01113040
v -0.02210481 0.00023750 0.01112761
v -0.02211935 0.00038869 0.01110002
v -0.02211935 0.00024002 0.01114171
v -0.02194149 0.00022394 0.01105178
v -0.02188355 0.00022352 0.01104941
v -0.02198441 0.00022556 0.01106081
v -0.02190001 0.00035732 0.01101123
v -0.02181918 0.00036098 0.01102159
v -0.02183992 0.00022450 0.01105490
v -0.02178449 0.00022748 0.01107154
v -0.02174432 0.00037170 0.01105192
v -0.02174527 0.00023095 0.01109090
v -0.02169854 0.00023697 0.01112461
v -0.02168066 0.00038869 0.01110002
v -0.02168066 0.00024002 0.01114171
v -0.02172441 0.00064280 0.01092774
v -0.02168066 0.00053305 0.01103778
v -0.02168066 0.00066543 0.01095829
v -0.02174432 0.00050974 0.01099240
v -0.02176172 0.00062928 0.01090948
v -0.02181918 0.00049504 0.01096379
v -0.02185852 0.00061107 0.01088487
v -0.02191646 0.00060964 0.01088293
v -0.02181561 0.00061652 0.01089224
v -0.02190001 0.00049002 0.01095401
v -0.02198083 0.00049504 0.01096379
v -0.02196009 0.00061295 0.01088742
v -0.02201552 0.00062300 0.01090100
v -0.02205474 0.00063471 0.01091682
v -0.02210135 0.00065508 0.01094433
v -0.02211935 0.00066543 0.01095829
v -0.02158744 -0.00050787 0.01127777
v -0.02160019 -0.00056212 0.01134711
v -0.02160019 -0.00057946 0.01132902
v -0.02160019 -0.00059099 0.01130677
v -0.02160019 -0.00059580 0.01128218
v -0.02160019 -0.00059348 0.01125723
v -0.02160019 -0.00058422 0.01123394
v -0.02160019 -0.00056878 0.01121420
v -0.02160019 -0.00054840 0.01119962
v -0.02160019 -0.00052474 0.01119136
v -0.02160019 -0.00049971 0.01119011
v -0.02160019 -0.00047535 0.01119596
v -0.02160019 -0.00045361 0.01120843
v -0.02160019 -0.00043628 0.01122652
v -0.02160019 -0.00042474 0.01124877
v -0.02160019 -0.00041994 0.01127336
v -0.02160019 -0.00042226 0.01129832
v -0.02160019 -0.00043151 0.01132160
v -0.02160019 -0.00044695 0.01134134
v -0.02160019 -0.00046733 0.01135593
v -0.02160019 -0.00049099 0.01136418
v -0.02160019 -0.00051602 0.01136543
v -0.02160019 -0.00054039 0.01135959
v -0.02186353 -0.00070537 0.01151718
v -0.02194185 -0.00070039 0.01152033
v -0.02194447 -0.00075939 0.01145782
v -0.02202982 -0.00056235 0.01099878
v -0.02202982 -0.00048155 0.01099473
v -0.02194447 -0.00047923 0.01096978
v -0.02219982 -0.00059099 0.01130677
v -0.02219982 -0.00057946 0.01132902
v -0.02221245 -0.00050787 0.01127777
v -0.02219982 -0.00056212 0.01134711
v -0.02219982 -0.00054039 0.01135959
v -0.02219982 -0.00049971 0.01119011
v -0.02219982 -0.00052474 0.01119136
v -0.02219982 -0.00054840 0.01119962
v -0.02219982 -0.00056878 0.01121420
v -0.02219982 -0.00045361 0.01120843
v -0.02219982 -0.00047535 0.01119596
v -0.02219982 -0.00041994 0.01127336
v -0.02219982 -0.00042474 0.01124877
v -0.02219982 -0.00043628 0.01122652
v -0.02219982 -0.00051602 0.01136543
v -0.02219982 -0.00049099 0.01136418
v -0.02219982 -0.00046733 0.01135593
v -0.02219982 -0.00044695 0.01134134
v -0.02202982 -0.00045338 0.01155676
v -0.02201552 -0.00053039 0.01156727
v -0.02196009 -0.00053622 0.01158313
v -0.02188355 -0.00069906 0.01152441
v -0.02163715 -0.00049222 0.01110955
v -0.02168066 -0.00049719 0.01105542
v -0.02167089 -0.00046637 0.01106940
v -0.02201552 -0.00046879 0.01099004
v -0.02194447 -0.00031726 0.01103416
v -0.02194149 -0.00033195 0.01102284
v -0.02198441 -0.00033506 0.01103147
v -0.02177019 -0.00033270 0.01105389
v -0.02169854 -0.00035708 0.01109242
v -0.02174527 -0.00034544 0.01106022
v -0.02168066 -0.00036299 0.01110876
v -0.02169532 -0.00031583 0.01114030
v -0.02177019 -0.00027672 0.01111231
v -0.02185554 -0.00031726 0.01103416
v -0.02183992 -0.00033302 0.01102582
v -0.02188355 -0.00033113 0.01102057
v -0.02178449 -0.00033876 0.01104172
v -0.02210469 -0.00031583 0.01114030
v -0.02210481 -0.00035812 0.01109529
v -0.02211935 -0.00036299 0.01110876
v -0.02207560 -0.00035006 0.01107301
v -0.02216286 -0.00040376 0.01114471
v -0.02212948 -0.00039668 0.01109716
v -0.02213294 -0.00043092 0.01108417
v -0.02211935 -0.00049719 0.01105542
v -0.02210135 -0.00049027 0.01103948
v -0.02210469 -0.00055314 0.01104598
v -0.02216286 -0.00054025 0.01111195
v -0.02216286 -0.00058566 0.01112779
v -0.02216286 -0.00049222 0.01110955
v -0.02212948 -0.00046490 0.01107004
v -0.02216286 -0.00044546 0.01112077
v -0.02191646 -0.00045982 0.01096943
v -0.02185852 -0.00046078 0.01097163
v -0.02196009 -0.00046204 0.01097454
v -0.02185554 -0.00047923 0.01096978
v -0.02181561 -0.00046444 0.01098004
v -0.02176172 -0.00047299 0.01099971
v -0.02172441 -0.00048205 0.01102055
v -0.02177019 -0.00048155 0.01099473
v -0.02163715 -0.00054025 0.01111195
v -0.02163715 -0.00052351 0.01144600
v -0.02163715 -0.00047548 0.01144359
v -0.02168066 -0.00050582 0.01150037
v -0.02167303 -0.00053242 0.01149113
v -0.02163715 -0.00057027 0.01143477
v -0.02166707 -0.00058256 0.01147227
v -0.02169532 -0.00069991 0.01141524
v -0.02169854 -0.00066900 0.01145417
v -0.02174527 -0.00068248 0.01148564
v -0.02168066 -0.00066217 0.01143822
v -0.02177019 -0.00073901 0.01144323
v -0.02178449 -0.00069022 0.01150374
v -0.02183992 -0.00069687 0.01151928
v -0.02198441 -0.00069451 0.01151376
v -0.02203829 -0.00068608 0.01149405
v -0.02202982 -0.00073901 0.01144323
v -0.02216286 -0.00061198 0.01141083
v -0.02211935 -0.00066217 0.01143822
v -0.02212948 -0.00062420 0.01145510
v -0.02216286 -0.00064525 0.01137611
v -0.02216286 -0.00057027 0.01143477
v -0.02213294 -0.00058476 0.01147140
v -0.02216286 -0.00052351 0.01144600
v -0.02210469 -0.00046260 0.01150956
v -0.02210147 -0.00051180 0.01151666
v -0.02205474 -0.00052360 0.01154879
v -0.02211935 -0.00050582 0.01150037
v -0.02216286 -0.00047548 0.01144359
v -0.02216286 -0.00043008 0.01142775
v -0.02212948 -0.00054498 0.01148659
v -0.02181561 -0.00053415 0.01157750
v -0.02176172 -0.00052676 0.01155738
v -0.02177019 -0.00045338 0.01155676
v -0.02216286 -0.00037049 0.01117943
v -0.02216286 -0.00034835 0.01122212
v -0.02216286 -0.00033913 0.01126931
v -0.02216286 -0.00034358 0.01131720
v -0.02216286 -0.00066739 0.01133342
v -0.02216286 -0.00067661 0.01128623
v -0.02219982 -0.00059580 0.01128218
v -0.02216286 -0.00067215 0.01123835
v -0.02210469 -0.00039913 0.01148742
v -0.02216286 -0.00039098 0.01139976
v -0.02219982 -0.00043151 0.01132160
v -0.02210469 -0.00028488 0.01119997
v -0.02210469 -0.00027199 0.01126595
v -0.02210469 -0.00027822 0.01133288
v -0.02210469 -0.00030304 0.01139535
v -0.02205474 -0.00047663 0.01100808
v -0.02210469 -0.00061661 0.01106812
v -0.02216286 -0.00062476 0.01115579
v -0.02219982 -0.00058422 0.01123394
v -0.02210469 -0.00073752 0.01122266
v -0.02210469 -0.00071269 0.01116019
v -0.02210469 -0.00074374 0.01128959
v -0.02210469 -0.00073086 0.01135557
v -0.02210469 -0.00069991 0.01141524
v -0.02207560 -0.00067714 0.01147317
v -0.02219982 -0.00042226 0.01129832
v -0.02216286 -0.00036134 0.01136188
v -0.02210469 -0.00034447 0.01144829
v -0.02202982 -0.00037699 0.01153011
v -0.02194447 -0.00044858 0.01158135
v -0.02193648 -0.00052861 0.01158744
v -0.02191646 -0.00053815 0.01158836
v -0.02202982 -0.00033270 0.01105389
v -0.02203829 -0.00034234 0.01105164
v -0.02202982 -0.00027672 0.01111231
v -0.02202982 -0.00023947 0.01118413
v -0.02202982 -0.00022396 0.01126354
v -0.02202982 -0.00023145 0.01134410
v -0.02202982 -0.00026134 0.01141929
v -0.02202982 -0.00031120 0.01148301
v -0.02202982 -0.00075439 0.01113625
v -0.02202982 -0.00070454 0.01107253
v -0.02202982 -0.00078428 0.01121144
v -0.02202982 -0.00079177 0.01129200
v -0.02202982 -0.00077626 0.01137141
v -0.02194447 -0.00029386 0.01150111
v -0.02194447 -0.00036545 0.01155235
v -0.02194447 -0.00023961 0.01143177
v -0.02194447 -0.00020709 0.01134995
v -0.02194447 -0.00019894 0.01126229
v -0.02194447 -0.00021581 0.01117588
v -0.02194447 -0.00025635 0.01109772
v -0.02194447 -0.00056716 0.01097419
v -0.02202982 -0.00063875 0.01102543
v -0.02210469 -0.00067127 0.01110725
v -0.02216286 -0.00065439 0.01119366
v -0.02219982 -0.00059348 0.01125723
v -0.02194447 -0.00072187 0.01105444
v -0.02194447 -0.00065029 0.01100319
v -0.02194447 -0.00077613 0.01112378
v -0.02194447 -0.00080865 0.01120559
v -0.02194447 -0.00081680 0.01129325
v -0.02194447 -0.00079992 0.01137966
v -0.02194137 -0.00069812 0.01152220
v -0.02185554 -0.00036545 0.01155235
v -0.02185554 -0.00044858 0.01158135
v -0.02185554 -0.00029386 0.01150111
v -0.02185554 -0.00023961 0.01143177
v -0.02185554 -0.00020709 0.01134995
v -0.02185554 -0.00019894 0.01126229
v -0.02185554 -0.00021581 0.01117588
v -0.02185554 -0.00025635 0.01109772
v -0.02185554 -0.00065029 0.01100319
v -0.02185554 -0.00056716 0.01097419
v -0.02185554 -0.00072187 0.01105444
v -0.02185554 -0.00077613 0.01112378
v -0.02185554 -0.00080865 0.01120559
v -0.02185554 -0.00081680 0.01129325
v -0.02185554 -0.00079992 0.01137966
v -0.02185554 -0.00075939 0.01145782
v -0.02185804 -0.00053439 0.01158631
v -0.02185852 -0.00053732 0.01158611
v -0.02177019 -0.00037699 0.01153011
v -0.02177019 -0.00031120 0.01148301
v -0.02177019 -0.00026134 0.01141929
v -0.02177019 -0.00023145 0.01134410
v -0.02177019 -0.00022396 0.01126354
v -0.02177019 -0.00023947 0.01118413
v -0.02177019 -0.00077626 0.01137141
v -0.02177019 -0.00079177 0.01129200
v -0.02177019 -0.00078428 0.01121144
v -0.02177019 -0.00075439 0.01113625
v -0.02177019 -0.00070454 0.01107253
v -0.02177019 -0.00063875 0.01102543
v -0.02177019 -0.00056235 0.01099878
v -0.02169532 -0.00028488 0.01119997
v -0.02169532 -0.00027199 0.01126595
v -0.02169532 -0.00027822 0.01133288
v -0.02169532 -0.00030304 0.01139535
v -0.02169532 -0.00034447 0.01144829
v -0.02169532 -0.00039913 0.01148742
v -0.02169532 -0.00046260 0.01150956
v -0.02172441 -0.00051892 0.01153605
v -0.02169532 -0.00073086 0.01135557
v -0.02169532 -0.00074374 0.01128959
v -0.02169532 -0.00073752 0.01122266
v -0.02169532 -0.00071269 0.01116019
v -0.02169532 -0.00067127 0.01110725
v -0.02169532 -0.00061661 0.01106812
v -0.02169532 -0.00055314 0.01104598
v -0.02166719 -0.00042348 0.01108710
v -0.02163715 -0.00044546 0.01112077
v -0.02166898 -0.00040560 0.01109389
v -0.02163715 -0.00040376 0.01114471
v -0.02163715 -0.00037049 0.01117943
v -0.02163715 -0.00034835 0.01122212
v -0.02163715 -0.00033913 0.01126931
v -0.02163715 -0.00034358 0.01131720
v -0.02163715 -0.00036134 0.01136188
v -0.02163715 -0.00039098 0.01139976
v -0.02163715 -0.00043008 0.01142775
v -0.02166898 -0.00061400 0.01145944
v -0.02163715 -0.00061198 0.01141083
v -0.02163715 -0.00064525 0.01137611
v -0.02163715 -0.00066739 0.01133342
v -0.02163715 -0.00067661 0.01128623
v -0.02163715 -0.00067215 0.01123835
v -0.02163715 -0.00065439 0.01119366
v -0.02163715 -0.00062476 0.01115579
v -0.02163715 -0.00058566 0.01112779
v -0.02205569 -0.00019000 0.01162326
v -0.02211935 -0.00018407 0.01157260
v -0.02211935 -0.00011125 0.01157942
v -0.02174432 -0.00001661 0.01163426
v -0.02168066 -0.00001610 0.01158325
v -0.02168066 -0.00018407 0.01157260
v -0.02174432 -0.00019000 0.01162326
v -0.02168066 -0.00034997 0.01154417
v -0.02174432 -0.00036124 0.01159392
v -0.02181918 -0.00036835 0.01162529
v -0.02190001 -0.00037078 0.01163601
v -0.02198083 -0.00036835 0.01162529
v -0.02205569 -0.00036124 0.01159392
v -0.02211935 -0.00039957 0.01153209
v -0.02211935 -0.00034997 0.01154417
v -0.02207560 0.00015017 0.01161437
v -0.02211935 -0.00001610 0.01158325
v -0.02211935 0.00014566 0.01157662
v -0.02205569 -0.00001661 0.01163426
v -0.02203829 0.00015287 0.01163693
v -0.02198083 -0.00001694 0.01166643
v -0.02198441 0.00015542 0.01165822
v -0.02194137 0.00015651 0.01166732
v -0.02190001 -0.00001705 0.01167742
v -0.02188355 0.00015680 0.01166971
v -0.02181918 -0.00001694 0.01166643
v -0.02183992 0.00015613 0.01166417
v -0.02178449 0.00015412 0.01164739
v -0.02174527 0.00015178 0.01162785
v -0.02169854 0.00014771 0.01159385
v -0.02168066 0.00014566 0.01157662
v -0.02181918 -0.00019374 0.01165521
v -0.02190001 -0.00019502 0.01166613
v -0.02198083 -0.00019374 0.01165521
v -0.02158744 0.00019906 0.01136052
v -0.02160019 0.00018675 0.01144770
v -0.02160019 0.00016268 0.01144069
v -0.02160019 0.00014157 0.01142720
v -0.02160019 0.00012511 0.01140830
v -0.02160019 0.00011465 0.01138553
v -0.02160019 0.00011102 0.01136074
v -0.02160019 0.00011452 0.01133592
v -0.02160019 0.00012488 0.01131310
v -0.02160019 0.00014124 0.01129412
v -0.02160019 0.00016229 0.01128052
v -0.02160019 0.00018631 0.01127340
v -0.02160019 0.00021137 0.01127334
v -0.02160019 0.00023543 0.01128034
v -0.02160019 0.00025655 0.01129384
v -0.02160019 0.00027301 0.01131274
v -0.02160019 0.00028347 0.01133551
v -0.02160019 0.00028710 0.01136030
v -0.02160019 0.00028360 0.01138511
v -0.02160019 0.00027324 0.01140793
v -0.02160019 0.00025688 0.01142691
v -0.02160019 0.00023583 0.01144051
v -0.02160019 0.00021180 0.01144763
v -0.02186353 0.00014772 0.01166660
v -0.02194185 0.00015361 0.01166684
v -0.02194447 0.00007126 0.01164220
v -0.02202982 0.00001238 0.01114615
v -0.02202982 0.00008033 0.01110224
v -0.02194447 0.00006987 0.01107947
v -0.02210469 0.00039806 0.01148771
v -0.02210469 0.00035416 0.01153862
v -0.02202982 0.00038574 0.01157489
v -0.02219982 0.00014157 0.01142720
v -0.02219982 0.00016268 0.01144069
v -0.02221245 0.00019906 0.01136052
v -0.02219982 0.00018675 0.01144770
v -0.02219982 0.00021180 0.01144763
v -0.02219982 0.00016229 0.01128052
v -0.02219982 0.00014124 0.01129412
v -0.02219982 0.00012488 0.01131310
v -0.02219982 0.00011452 0.01133592
v -0.02219982 0.00021137 0.01127334
v -0.02219982 0.00018631 0.01127340
v -0.02219982 0.00027301 0.01131274
v -0.02219982 0.00025655 0.01129384
v -0.02219982 0.00023543 0.01128034
v -0.02219982 0.00028360 0.01138511
v -0.02219982 0.00028710 0.01136030
v -0.02219982 0.00023583 0.01144051
v -0.02219982 0.00025688 0.01142691
v -0.02219982 0.00027324 0.01140793
v -0.02163715 0.00012849 0.01120701
v -0.02168066 0.00009713 0.01116262
v -0.02167089 0.00013081 0.01115931
v -0.02201552 0.00008904 0.01109179
v -0.02194447 0.00024232 0.01105424
v -0.02177019 0.00023882 0.01107905
v -0.02169532 0.00029664 0.01114545
v -0.02177019 0.00031650 0.01110165
v -0.02185554 0.00024232 0.01105424
v -0.02210469 0.00029664 0.01114545
v -0.02216286 0.00022269 0.01119323
v -0.02212948 0.00020503 0.01114851
v -0.02213294 0.00016888 0.01115438
v -0.02211935 0.00009713 0.01116262
v -0.02210135 0.00009515 0.01114535
v -0.02210469 0.00004396 0.01118242
v -0.02216286 0.00008810 0.01123311
v -0.02216286 0.00005670 0.01126953
v -0.02216286 0.00012849 0.01120701
v -0.02212948 0.00013240 0.01115913
v -0.02216286 0.00017460 0.01119335
v -0.02191646 0.00008650 0.01106946
v -0.02185852 0.00008677 0.01107185
v -0.02196009 0.00008713 0.01107500
v -0.02185554 0.00006987 0.01107947
v -0.02181561 0.00008781 0.01108097
v -0.02176172 0.00009023 0.01110227
v -0.02172441 0.00009281 0.01112485
v -0.02177019 0.00008033 0.01110224
v -0.02163715 0.00008810 0.01123311
v -0.02163715 0.00026962 0.01151403
v -0.02163715 0.00031001 0.01148793
v -0.02168066 0.00031213 0.01155227
v -0.02167303 0.00028448 0.01155757
v -0.02163715 0.00022352 0.01152769
v -0.02166707 0.00023163 0.01156630
v -0.02169532 0.00010148 0.01157559
v -0.02177019 0.00008161 0.01161938
v -0.02202982 0.00008161 0.01161938
v -0.02216286 0.00017543 0.01152781
v -0.02212841 0.00018087 0.01157297
v -0.02216286 0.00012926 0.01151437
v -0.02201552 0.00032430 0.01162249
v -0.02196009 0.00032718 0.01163915
v -0.02205474 0.00032094 0.01160310
v -0.02210147 0.00031510 0.01156936
v -0.02211935 0.00031213 0.01155227
v -0.02181561 0.00032616 0.01163324
v -0.02176172 0.00032250 0.01161211
v -0.02177019 0.00038574 0.01157489
v -0.02216286 0.00036128 0.01140772
v -0.02216286 0.00034142 0.01145151
v -0.02216286 0.00031001 0.01148793
v -0.02216286 0.00026962 0.01151403
v -0.02216286 0.00022352 0.01152769
v -0.02216286 0.00026886 0.01120666
v -0.02216286 0.00030938 0.01123256
v -0.02216286 0.00034096 0.01126883
v -0.02216286 0.00036105 0.01131252
v -0.02216286 0.00008874 0.01148848
v -0.02216286 0.00005716 0.01145221
v -0.02219982 0.00012511 0.01140830
v -0.02216286 0.00003707 0.01140852
v -0.02213234 0.00024738 0.01156389
v -0.02210469 0.00035328 0.01118165
v -0.02210469 0.00039742 0.01123234
v -0.02210469 0.00042550 0.01129342
v -0.02210469 0.00043523 0.01135993
v -0.02205474 0.00009126 0.01111134
v -0.02210469 0.00000006 0.01123333
v -0.02216286 0.00003684 0.01131332
v -0.02219982 0.00011102 0.01136074
v -0.02210469 -0.00002738 0.01142762
v -0.02210469 -0.00003711 0.01136110
v -0.02210469 0.00000070 0.01148869
v -0.02210469 0.00004484 0.01153939
v -0.02210469 0.00010148 0.01157559
v -0.02219982 0.00028347 0.01133551
v -0.02216286 0.00036801 0.01136010
v -0.02210469 0.00042583 0.01142649
v -0.02202982 0.00043857 0.01151361
v -0.02194447 0.00040220 0.01159378
v -0.02193648 0.00033593 0.01163907
v -0.02191646 0.00032813 0.01164464
v -0.02202982 0.00023882 0.01107905
v -0.02202982 0.00031650 0.01110165
v -0.02202982 0.00038468 0.01114523
v -0.02202982 0.00043781 0.01120624
v -0.02202982 0.00047161 0.01127976
v -0.02202982 0.00048332 0.01135981
v -0.02202982 0.00047200 0.01143993
v -0.02202982 -0.00008520 0.01136122
v -0.02202982 -0.00007388 0.01128111
v -0.02202982 -0.00007349 0.01144128
v -0.02202982 -0.00003969 0.01151479
v -0.02202982 0.00001344 0.01157581
v -0.02194447 0.00049606 0.01144693
v -0.02194447 0.00045969 0.01152710
v -0.02194447 0.00050838 0.01135975
v -0.02194447 0.00049563 0.01127264
v -0.02194447 0.00045886 0.01119264
v -0.02194447 0.00040104 0.01112625
v -0.02194447 0.00032686 0.01107883
v -0.02194447 -0.00000408 0.01112725
v -0.02202982 -0.00004046 0.01120743
v -0.02210469 -0.00002771 0.01129454
v -0.02216286 0.00003011 0.01136094
v -0.02219982 0.00011465 0.01138553
v -0.02194447 -0.00009795 0.01127411
v -0.02194447 -0.00006157 0.01119393
v -0.02194447 -0.00011026 0.01136129
v -0.02194447 -0.00009751 0.01144840
v -0.02194447 -0.00006074 0.01152839
v -0.02194447 -0.00000292 0.01159479
v -0.02185554 0.00045969 0.01152710
v -0.02185554 0.00040220 0.01159378
v -0.02185554 0.00049606 0.01144693
v -0.02185554 0.00050838 0.01135975
v -0.02185554 0.00049563 0.01127264
v -0.02185554 0.00045886 0.01119264
v -0.02185554 0.00040104 0.01112625
v -0.02185554 0.00032686 0.01107883
v -0.02185554 -0.00006157 0.01119393
v -0.02185554 -0.00000408 0.01112725
v -0.02185554 -0.00009795 0.01127411
v -0.02185554 -0.00011026 0.01136129
v -0.02185554 -0.00009751 0.01144840
v -0.02185554 -0.00006074 0.01152839
v -0.02185554 -0.00000292 0.01159479
v -0.02185554 0.00007126 0.01164220
v -0.02185804 0.00033036 0.01164098
v -0.02185852 0.00032772 0.01164227
v -0.02177019 0.00043857 0.01151361
v -0.02177019 0.00047200 0.01143993
v -0.02177019 0.00048332 0.01135981
v -0.02177019 0.00047161 0.01127976
v -0.02177019 0.00043781 0.01120624
v -0.02177019 0.00038468 0.01114523
v -0.02177019 0.00001344 0.01157581
v -0.02177019 -0.00003969 0.01151479
v -0.02177019 -0.00007349 0.01144128
v -0.02177019 -0.00008520 0.01136122
v -0.02177019 -0.00007388 0.01128111
v -0.02177019 -0.00004046 0.01120743
v -0.02177019 0.00001238 0.01114615
v -0.02169532 0.00035328 0.01118165
v -0.02169532 0.00039742 0.01123234
v -0.02169532 0.00042550 0.01129342
v -0.02169532 0.00043523 0.01135993
v -0.02169532 0.00042583 0.01142649
v -0.02169532 0.00039806 0.01148771
v -0.02169532 0.00035416 0.01153862
v -0.02172441 0.00031863 0.01158972
v -0.02169532 0.00004484 0.01153939
v -0.02169532 0.00000070 0.01148869
v -0.02169532 -0.00002738 0.01142762
v -0.02169532 -0.00003711 0.01136110
v -0.02169532 -0.00002771 0.01129454
v -0.02169532 0.00000006 0.01123333
v -0.02169532 0.00004396 0.01118242
v -0.02166719 0.00017680 0.01115320
v -0.02163715 0.00017460 0.01119335
v -0.02166898 0.00019568 0.01115014
v -0.02163715 0.00022269 0.01119323
v -0.02163715 0.00026886 0.01120666
v -0.02163715 0.00030938 0.01123256
v -0.02163715 0.00034096 0.01126883
v -0.02163715 0.00036105 0.01131252
v -0.02163715 0.00036801 0.01136010
v -0.02163715 0.00036128 0.01140772
v -0.02163715 0.00034142 0.01145151
v -0.02166898 0.00019798 0.01157091
v -0.02163715 0.00017543 0.01152781
v -0.02163715 0.00012926 0.01151437
v -0.02163715 0.00008874 0.01148848
v -0.02163715 0.00005716 0.01145221
v -0.02163715 0.00003707 0.01140852
v -0.02163715 0.00003011 0.01136094
v -0.02163715 0.00003684 0.01131332
v -0.02163715 0.00005670 0.01126953
v -0.02174432 0.00080274 0.01142362
v -0.02168066 0.00077769 0.01137919
v -0.02168066 0.00062689 0.01145395
v -0.02174432 0.00064709 0.01150079
v -0.02168066 0.00046901 0.01151228
v -0.02174432 0.00048412 0.01156100
v -0.02181918 0.00049364 0.01159173
v -0.02190001 0.00049690 0.01160222
v -0.02198083 0.00049364 0.01159173
v -0.02205569 0.00048412 0.01156100
v -0.02211935 0.00046682 0.01151296
v -0.02211935 0.00046901 0.01151228
v -0.02203829 0.00095085 0.01134119
v -0.02205569 0.00080274 0.01142362
v -0.02207560 0.00093723 0.01132301
v -0.02198083 0.00081854 0.01145164
v -0.02198441 0.00096370 0.01135835
v -0.02194137 0.00096920 0.01136569
v -0.02190001 0.00082394 0.01146121
v -0.02188355 0.00097064 0.01136762
v -0.02181918 0.00081854 0.01145164
v -0.02183992 0.00096730 0.01136315
v -0.02178449 0.00095716 0.01134963
v -0.02174527 0.00094537 0.01133387
v -0.02169854 0.00092485 0.01130646
v -0.02168066 0.00091445 0.01129257
v -0.02181918 0.00065982 0.01153033
v -0.02190001 0.00066417 0.01154042
v -0.02198083 0.00065982 0.01153033
v -0.02205569 0.00064709 0.01150079
v -0.02211935 0.00062689 0.01145395
v -0.02211935 0.00077769 0.01137919
v -0.02211935 0.00073687 0.01140142
v -0.02211935 0.00091445 0.01129257
v -0.02158744 0.00085265 0.01107872
v -0.02160019 0.00088557 0.01116037
v -0.02160019 0.00086124 0.01116634
v -0.02160019 0.00083620 0.01116521
v -0.02160019 0.00081250 0.01115707
v -0.02160019 0.00079205 0.01114259
v -0.02160019 0.00077651 0.01112293
v -0.02160019 0.00076714 0.01109969
v -0.02160019 0.00076470 0.01107475
v -0.02160019 0.00076938 0.01105013
v -0.02160019 0.00078081 0.01102783
v -0.02160019 0.00079805 0.01100965
v -0.02160019 0.00081972 0.01099706
v -0.02160019 0.00084406 0.01099110
v -0.02160019 0.00086910 0.01099223
v -0.02160019 0.00089280 0.01100036
v -0.02160019 0.00091325 0.01101485
v -0.02160019 0.00092879 0.01103451
v -0.02160019 0.00093816 0.01105775
v -0.02160019 0.00094060 0.01108269
v -0.02160019 0.00093592 0.01110731
v -0.02160019 0.00092449 0.01112961
v -0.02160019 0.00090724 0.01114779
v -0.02186353 0.00096123 0.01136946
v -0.02194185 0.00096645 0.01136673
v -0.02194447 0.00088281 0.01138656
v -0.02202982 0.00058379 0.01098641
v -0.02202982 0.00062069 0.01091440
v -0.02194447 0.00060024 0.01089992
v -0.02219982 0.00083620 0.01116521
v -0.02219982 0.00086124 0.01116634
v -0.02221245 0.00085265 0.01107872
v -0.02219982 0.00088557 0.01116037
v -0.02219982 0.00090724 0.01114779
v -0.02219982 0.00078081 0.01102783
v -0.02219982 0.00076938 0.01105013
v -0.02219982 0.00076470 0.01107475
v -0.02219982 0.00076714 0.01109969
v -0.02219982 0.00081972 0.01099706
v -0.02219982 0.00079805 0.01100965
v -0.02219982 0.00089280 0.01100036
v -0.02219982 0.00086910 0.01099223
v -0.02219982 0.00084406 0.01099110
v -0.02219982 0.00092449 0.01112961
v -0.02219982 0.00093592 0.01110731
v -0.02219982 0.00094060 0.01108269
v -0.02219982 0.00093816 0.01105775
v -0.02202982 0.00112150 0.01117102
v -0.02201552 0.00109210 0.01124297
v -0.02196009 0.00110292 0.01125596
v -0.02163715 0.00071478 0.01098106
v -0.02167089 0.00069294 0.01093859
v -0.02194447 0.00073698 0.01079184
v -0.02194149 0.00071983 0.01079890
v -0.02198441 0.00072575 0.01080591
v -0.02177019 0.00074635 0.01081508
v -0.02169854 0.00076752 0.01085546
v -0.02174527 0.00074546 0.01082928
v -0.02168066 0.00077872 0.01086875
v -0.02169532 0.00082962 0.01084367
v -0.02177019 0.00082493 0.01079581
v -0.02185554 0.00073698 0.01079184
v -0.02183992 0.00072187 0.01080132
v -0.02188355 0.00071828 0.01079706
v -0.02178449 0.00073277 0.01081424
v -0.02210469 0.00082962 0.01084367
v -0.02210481 0.00076949 0.01085779
v -0.02211935 0.00077872 0.01086875
v -0.02207560 0.00075422 0.01083967
v -0.02216286 0.00078947 0.01092202
v -0.02212948 0.00075182 0.01089212
v -0.02213294 0.00072346 0.01091528
v -0.02210469 0.00062928 0.01100203
v -0.02216286 0.00069285 0.01102385
v -0.02216286 0.00068387 0.01107110
v -0.02216286 0.00071478 0.01098106
v -0.02212948 0.00069423 0.01093764
v -0.02216286 0.00074788 0.01094617
v -0.02185554 0.00060024 0.01089992
v -0.02177019 0.00062069 0.01091440
v -0.02163715 0.00069285 0.01102385
v -0.02163715 0.00099051 0.01117638
v -0.02163715 0.00101244 0.01113358
v -0.02168066 0.00104645 0.01118824
v -0.02167303 0.00102515 0.01120666
v -0.02163715 0.00095742 0.01121126
v -0.02166707 0.00098374 0.01124065
v -0.02169532 0.00087568 0.01131376
v -0.02177019 0.00088037 0.01136162
v -0.02202982 0.00088037 0.01136162
v -0.02216286 0.00091583 0.01123541
v -0.02212948 0.00094803 0.01126815
v -0.02216286 0.00086913 0.01124686
v -0.02216286 0.00095742 0.01121126
v -0.02213294 0.00098184 0.01124216
v -0.02216286 0.00099051 0.01117638
v -0.02210469 0.00107602 0.01115541
v -0.02210147 0.00105756 0.01120156
v -0.02205474 0.00107949 0.01122785
v -0.02211935 0.00104645 0.01118824
v -0.02216286 0.00101244 0.01113358
v -0.02216286 0.00102143 0.01108634
v -0.02212948 0.00101491 0.01121528
v -0.02181561 0.00109908 0.01125135
v -0.02176172 0.00108535 0.01123488
v -0.02177019 0.00112150 0.01117102
v -0.02216286 0.00083617 0.01091057
v -0.02216286 0.00088421 0.01091274
v -0.02216286 0.00092969 0.01092836
v -0.02216286 0.00096893 0.01095615
v -0.02216286 0.00082109 0.01124469
v -0.02216286 0.00077560 0.01122908
v -0.02219982 0.00081250 0.01115707
v -0.02216286 0.00073636 0.01120128
v -0.02210469 0.00108858 0.01108937
v -0.02216286 0.00101674 0.01103848
v -0.02219982 0.00092879 0.01103451
v -0.02210469 0.00089677 0.01084670
v -0.02210469 0.00096035 0.01086853
v -0.02210469 0.00101520 0.01090739
v -0.02210469 0.00105689 0.01096013
v -0.02210469 0.00061672 0.01106806
v -0.02216286 0.00068856 0.01111896
v -0.02219982 0.00077651 0.01112293
v -0.02210469 0.00069010 0.01125005
v -0.02210469 0.00064841 0.01119731
v -0.02210469 0.00074495 0.01128890
v -0.02210469 0.00080853 0.01131073
v -0.02210469 0.00087568 0.01131376
v -0.02219982 0.00091325 0.01101485
v -0.02216286 0.00099875 0.01099388
v -0.02210469 0.00108202 0.01102247
v -0.02202982 0.00113662 0.01109154
v -0.02194447 0.00114521 0.01117916
v -0.02193648 0.00111046 0.01125151
v -0.02191646 0.00110649 0.01126024
v -0.02202982 0.00074635 0.01081508
v -0.02203829 0.00073958 0.01082230
v -0.02202982 0.00082493 0.01079581
v -0.02202982 0.00090575 0.01079946
v -0.02202982 0.00098228 0.01082573
v -0.02202982 0.00104830 0.01087250
v -0.02202982 0.00109847 0.01093598
v -0.02202982 0.00112873 0.01101102
v -0.02202982 0.00060683 0.01122146
v -0.02202982 0.00057657 0.01114642
v -0.02202982 0.00065700 0.01128493
v -0.02202982 0.00072302 0.01133170
v -0.02202982 0.00079954 0.01135797
v -0.02194447 0.00115307 0.01100505
v -0.02194447 0.00116165 0.01109267
v -0.02194447 0.00112014 0.01092339
v -0.02194447 0.00106555 0.01085432
v -0.02194447 0.00099371 0.01080343
v -0.02194447 0.00091044 0.01077484
v -0.02194447 0.00082248 0.01077087
v -0.02194447 0.00056009 0.01097827
v -0.02202982 0.00056868 0.01106589
v -0.02210469 0.00062327 0.01113497
v -0.02216286 0.00070654 0.01116355
v -0.02219982 0.00079205 0.01114259
v -0.02194447 0.00055223 0.01115239
v -0.02194447 0.00054364 0.01106477
v -0.02194447 0.00058515 0.01123404
v -0.02194447 0.00063975 0.01130311
v -0.02194447 0.00071159 0.01135400
v -0.02194447 0.00079486 0.01138259
v -0.02185554 0.00116165 0.01109267
v -0.02185554 0.00114521 0.01117916
v -0.02185554 0.00115307 0.01100505
v -0.02185554 0.00112014 0.01092339
v -0.02185554 0.00106555 0.01085432
v -0.02185554 0.00099371 0.01080343
v -0.02185554 0.00091044 0.01077484
v -0.02185554 0.00082248 0.01077087
v -0.02185554 0.00054364 0.01106477
v -0.02185554 0.00056009 0.01097827
v -0.02185554 0.00055223 0.01115239
v -0.02185554 0.00058515 0.01123404
v -0.02185554 0.00063975 0.01130311
v -0.02185554 0.00071159 0.01135400
v -0.02185554 0.00079486 0.01138259
v -0.02185554 0.00088281 0.01138656
v -0.02185804 0.00110659 0.01125596
v -0.02185852 0.00110495 0.01125839
v -0.02177019 0.00113662 0.01109154
v -0.02177019 0.00112873 0.01101102
v -0.02177019 0.00109847 0.01093598
v -0.02177019 0.00104830 0.01087250
v -0.02177019 0.00098228 0.01082573
v -0.02177019 0.00090575 0.01079946
v -0.02177019 0.00079954 0.01135797
v -0.02177019 0.00072302 0.01133170
v -0.02177019 0.00065700 0.01128493
v -0.02177019 0.00060683 0.01122146
v -0.02177019 0.00057657 0.01114642
v -0.02177019 0.00056868 0.01106589
v -0.02177019 0.00058379 0.01098641
v -0.02169532 0.00089677 0.01084670
v -0.02169532 0.00096035 0.01086853
v -0.02169532 0.00101520 0.01090739
v -0.02169532 0.00105689 0.01096013
v -0.02169532 0.00108202 0.01102247
v -0.02169532 0.00108858 0.01108937
v -0.02169532 0.00107602 0.01115541
v -0.02172441 0.00107080 0.01121743
v -0.02169532 0.00080853 0.01131073
v -0.02169532 0.00074495 0.01128890
v -0.02169532 0.00069010 0.01125005
v -0.02169532 0.00064841 0.01119731
v -0.02169532 0.00062327 0.01113497
v -0.02169532 0.00061672 0.01106806
v -0.02169532 0.00062928 0.01100203
v -0.02166719 0.00072971 0.01091030
v -0.02163715 0.00074788 0.01094617
v -0.02166898 0.00074454 0.01089822
v -0.02163715 0.00078947 0.01092202
v -0.02163715 0.00083617 0.01091057
v -0.02163715 0.00088421 0.01091274
v -0.02163715 0.00092969 0.01092836
v -0.02163715 0.00096893 0.01095615
v -0.02163715 0.00099875 0.01099388
v -0.02163715 0.00101674 0.01103848
v -0.02163715 0.00102143 0.01108634
v -0.02166898 0.00095691 0.01126146
v -0.02163715 0.00091583 0.01123541
v -0.02163715 0.00086913 0.01124686
v -0.02163715 0.00082109 0.01124469
v -0.02163715 0.00077560 0.01122908
v -0.02163715 0.00073636 0.01120128
v -0.02163715 0.00070654 0.01116355
v -0.02163715 0.00068856 0.01111896
v -0.02163715 0.00068387 0.01107110
v -0.02205569 0.00099241 0.00949027
v -0.02211935 0.00103778 0.00946696
v -0.02211935 0.00109404 0.00959479
v -0.02211935 0.00110002 0.00961132
v -0.02211935 0.00114172 0.00975999
v -0.02210481 0.00112761 0.00976251
v -0.02205569 0.00105193 0.00962831
v -0.02203829 0.00108192 0.00977067
v -0.02198083 0.00102160 0.00963903
v -0.02207560 0.00110429 0.00976667
v -0.02194149 0.00105178 0.00977607
v -0.02188355 0.00104941 0.00977649
v -0.02198441 0.00106081 0.00977445
v -0.02190001 0.00101123 0.00964269
v -0.02181918 0.00102160 0.00963903
v -0.02183992 0.00105490 0.00977551
v -0.02178449 0.00107154 0.00977252
v -0.02174432 0.00105193 0.00962831
v -0.02174527 0.00109091 0.00976906
v -0.02169854 0.00112461 0.00976304
v -0.02168066 0.00110002 0.00961132
v -0.02168066 0.00114172 0.00975999
v -0.02172441 0.00092775 0.00935721
v -0.02168066 0.00103778 0.00946696
v -0.02168066 0.00095830 0.00933458
v -0.02174432 0.00099241 0.00949027
v -0.02176172 0.00090949 0.00937073
v -0.02181918 0.00096379 0.00950496
v -0.02185852 0.00088487 0.00938894
v -0.02191646 0.00088294 0.00939037
v -0.02181561 0.00089225 0.00938348
v -0.02190001 0.00095402 0.00950998
v -0.02198083 0.00096379 0.00950496
v -0.02196009 0.00088742 0.00938706
v -0.02201552 0.00090101 0.00937700
v -0.02205474 0.00091682 0.00936530
v -0.02210135 0.00094433 0.00934493
v -0.02211935 0.00095830 0.00933458
v -0.02211935 0.00098589 0.00937618
v -0.02205569 0.00111432 0.01005476
v -0.02211935 0.00116527 0.01005726
v -0.02211935 0.00116427 0.01007481
v -0.02205569 0.00109684 0.01020407
v -0.02203829 0.00105164 0.01034235
v -0.02198083 0.00106522 0.01019818
v -0.02207560 0.00107301 0.01035007
v -0.02211935 0.00112328 0.01031524
v -0.02210481 0.00109529 0.01035812
v -0.02211935 0.00114699 0.01021340
v -0.02211935 0.00110876 0.01036300
v -0.02194149 0.00102284 0.01033196
v -0.02188355 0.00102058 0.01033114
v -0.02198441 0.00103147 0.01033507
v -0.02190001 0.00105441 0.01019617
v -0.02181918 0.00106522 0.01019818
v -0.02183992 0.00102582 0.01033303
v -0.02178449 0.00104172 0.01033877
v -0.02174432 0.00109684 0.01020407
v -0.02174527 0.00106023 0.01034545
v -0.02169854 0.00109242 0.01035709
v -0.02168066 0.00114699 0.01021340
v -0.02168066 0.00110876 0.01036300
v -0.02172441 0.00112485 0.00990720
v -0.02168066 0.00116527 0.01005726
v -0.02168066 0.00116262 0.00990287
v -0.02174432 0.00111432 0.01005476
v -0.02176172 0.00110228 0.00990978
v -0.02181918 0.00108219 0.01005318
v -0.02185852 0.00107185 0.00991324
v -0.02191646 0.00106946 0.00991351
v -0.02181561 0.00108097 0.00991220
v -0.02190001 0.00107121 0.01005264
v -0.02198083 0.00108219 0.01005318
v -0.02196009 0.00107500 0.00991288
v -0.02201552 0.00109179 0.00991097
v -0.02205474 0.00111134 0.00990874
v -0.02210135 0.00114536 0.00990485
v -0.02211935 0.00116262 0.00990287
v -0.02158744 0.00127777 0.01050788
v -0.02160019 0.00134711 0.01056213
v -0.02160019 0.00132902 0.01057946
v -0.02160019 0.00130677 0.01059100
v -0.02160019 0.00128218 0.01059581
v -0.02160019 0.00125723 0.01059349
v -0.02160019 0.00123394 0.01058423
v -0.02160019 0.00121421 0.01056879
v -0.02160019 0.00119962 0.01054841
v -0.02160019 0.00119136 0.01052475
v -0.02160019 0.00119011 0.01049972
v -0.02160019 0.00119596 0.01047536
v -0.02160019 0.00120843 0.01045362
v -0.02160019 0.00122653 0.01043629
v -0.02160019 0.00124877 0.01042475
v -0.02160019 0.00127337 0.01041994
v -0.02160019 0.00129832 0.01042226
v -0.02160019 0.00132161 0.01043152
v -0.02160019 0.00134134 0.01044696
v -0.02160019 0.00135593 0.01046734
v -0.02160019 0.00136418 0.01049100
v -0.02160019 0.00136544 0.01051603
v -0.02160019 0.00135959 0.01054039
v -0.02186353 0.00151718 0.01070538
v -0.02194185 0.00152033 0.01070040
v -0.02194447 0.00145782 0.01075939
v -0.02202982 0.00099878 0.01056236
v -0.02202982 0.00099473 0.01048156
v -0.02194447 0.00096978 0.01047924
v -0.02219982 0.00130677 0.01059100
v -0.02219982 0.00132902 0.01057946
v -0.02221245 0.00127777 0.01050788
v -0.02219982 0.00134711 0.01056213
v -0.02219982 0.00135959 0.01054039
v -0.02219982 0.00119011 0.01049972
v -0.02219982 0.00119136 0.01052475
v -0.02219982 0.00119962 0.01054841
v -0.02219982 0.00121421 0.01056879
v -0.02219982 0.00120843 0.01045362
v -0.02219982 0.00119596 0.01047536
v -0.02219982 0.00127337 0.01041994
v -0.02219982 0.00124877 0.01042475
v -0.02219982 0.00122653 0.01043629
v -0.02219982 0.00136544 0.01051603
v -0.02219982 0.00136418 0.01049100
v -0.02219982 0.00135593 0.01046734
v -0.02219982 0.00134134 0.01044696
v -0.02202982 0.00155676 0.01045339
v -0.02201552 0.00156727 0.01053040
v -0.02196009 0.00158313 0.01053623
v -0.02188355 0.00152441 0.01069907
v -0.02163715 0.00110955 0.01049223
v -0.02168066 0.00105543 0.01049720
v -0.02167089 0.00106940 0.01046637
v -0.02201552 0.00099004 0.01046879
v -0.02194447 0.00103416 0.01031727
v -0.02177019 0.00105390 0.01033271
v -0.02169532 0.00114030 0.01031584
v -0.02177019 0.00111231 0.01027673
v -0.02185554 0.00103416 0.01031727
v -0.02210469 0.00114030 0.01031584
v -0.02216286 0.00114471 0.01040377
v -0.02212948 0.00109716 0.01039670
v -0.02213294 0.00108417 0.01043094
v -0.02211935 0.00105543 0.01049720
v -0.02210135 0.00103948 0.01049028
v -0.02210469 0.00104598 0.01055314
v -0.02216286 0.00111196 0.01054026
v -0.02216286 0.00112780 0.01058566
v -0.02216286 0.00110955 0.01049223
v -0.02212948 0.00107004 0.01046491
v -0.02216286 0.00112077 0.01044547
v -0.02191646 0.00096943 0.01045983
v -0.02185852 0.00097163 0.01046079
v -0.02196009 0.00097454 0.01046205
v -0.02185554 0.00096978 0.01047924
v -0.02181561 0.00098005 0.01046445
v -0.02176172 0.00099971 0.01047300
v -0.02172441 0.00102055 0.01048206
v -0.02177019 0.00099473 0.01048156
v -0.02163715 0.00111196 0.01054026
v -0.02163715 0.00144600 0.01052352
v -0.02163715 0.00144359 0.01047549
v -0.02168066 0.00150037 0.01050582
v -0.02167303 0.00149114 0.01053242
v -0.02163715 0.00143478 0.01057028
v -0.02166707 0.00147227 0.01058256
v -0.02169532 0.00141524 0.01069991
v -0.02169854 0.00145417 0.01066901
v -0.02174527 0.00148565 0.01068249
v -0.02168066 0.00143822 0.01066217
v -0.02177019 0.00144323 0.01073902
v -0.02178449 0.00150374 0.01069023
v -0.02183992 0.00151928 0.01069688
v -0.02198441 0.00151377 0.01069452
v -0.02203829 0.00149405 0.01068608
v -0.02202982 0.00144323 0.01073902
v -0.02207560 0.00147317 0.01067714
v -0.02211935 0.00143822 0.01066217
v -0.02210469 0.00141524 0.01069991
v -0.02216286 0.00143478 0.01057028
v -0.02213234 0.00146452 0.01060180
v -0.02216286 0.00144600 0.01052352
v -0.02210469 0.00150957 0.01046261
v -0.02210147 0.00151666 0.01051180
v -0.02205474 0.00154879 0.01052361
v -0.02211935 0.00150037 0.01050582
v -0.02216286 0.00144359 0.01047549
v -0.02216286 0.00142775 0.01043009
v -0.02212841 0.00148869 0.01053924
v -0.02181561 0.00157750 0.01053416
v -0.02176172 0.00155738 0.01052676
v -0.02177019 0.00155676 0.01045339
v -0.02216286 0.00117943 0.01037050
v -0.02216286 0.00122212 0.01034835
v -0.02216286 0.00126932 0.01033914
v -0.02216286 0.00131720 0.01034359
v -0.02216286 0.00141084 0.01061198
v -0.02216286 0.00137612 0.01064525
v -0.02216286 0.00133343 0.01066740
v -0.02216286 0.00128623 0.01067661
v -0.02219982 0.00128218 0.01059581
v -0.02216286 0.00123835 0.01067216
v -0.02210469 0.00148742 0.01039914
v -0.02216286 0.00139976 0.01039098
v -0.02219982 0.00132161 0.01043152
v -0.02210469 0.00119998 0.01028488
v -0.02210469 0.00126595 0.01027200
v -0.02210469 0.00133288 0.01027822
v -0.02210469 0.00139535 0.01030305
v -0.02205474 0.00100808 0.01047664
v -0.02210469 0.00106812 0.01061662
v -0.02216286 0.00115579 0.01062477
v -0.02219982 0.00123394 0.01058423
v -0.02210469 0.00122266 0.01073753
v -0.02210469 0.00116019 0.01071270
v -0.02210469 0.00128960 0.01074375
v -0.02210469 0.00135557 0.01073087
v -0.02219982 0.00129832 0.01042226
v -0.02216286 0.00136189 0.01036135
v -0.02210469 0.00144829 0.01034447
v -0.02202982 0.00153011 0.01037699
v -0.02194447 0.00158136 0.01044858
v -0.02193648 0.00158744 0.01052862
v -0.02191646 0.00158837 0.01053816
v -0.02202982 0.00105390 0.01033271
v -0.02202982 0.00111231 0.01027673
v -0.02202982 0.00118414 0.01023948
v -0.02202982 0.00126354 0.01022397
v -0.02202982 0.00134411 0.01023146
v -0.02202982 0.00141929 0.01026135
v -0.02202982 0.00148302 0.01031120
v -0.02202982 0.00113625 0.01075440
v -0.02202982 0.00107253 0.01070455
v -0.02202982 0.00121144 0.01078429
v -0.02202982 0.00129200 0.01079178
v -0.02202982 0.00137141 0.01077627
v -0.02194447 0.00150111 0.01029387
v -0.02194447 0.00155236 0.01036546
v -0.02194447 0.00143177 0.01023961
v -0.02194447 0.00134995 0.01020710
v -0.02194447 0.00126229 0.01019894
v -0.02194447 0.00117588 0.01021582
v -0.02194447 0.00109773 0.01025636
v -0.02194447 0.00097419 0.01056717
v -0.02202982 0.00102544 0.01063876
v -0.02210469 0.00110725 0.01067128
v -0.02216286 0.00119366 0.01065440
v -0.02219982 0.00125723 0.01059349
v -0.02194447 0.00105444 0.01072188
v -0.02194447 0.00100319 0.01065029
v -0.02194447 0.00112378 0.01077614
v -0.02194447 0.00120559 0.01080866
v -0.02194447 0.00129326 0.01081681
v -0.02194447 0.00137967 0.01079993
v -0.02194137 0.00152220 0.01069813
v -0.02185554 0.00155236 0.01036546
v -0.02185554 0.00158136 0.01044858
v -0.02185554 0.00150111 0.01029387
v -0.02185554 0.00143177 0.01023961
v -0.02185554 0.00134995 0.01020710
v -0.02185554 0.00126229 0.01019894
v -0.02185554 0.00117588 0.01021582
v -0.02185554 0.00109773 0.01025636
v -0.02185554 0.00100319 0.01065029
v -0.02185554 0.00097419 0.01056717
v -0.02185554 0.00105444 0.01072188
v -0.02185554 0.00112378 0.01077614
v -0.02185554 0.00120559 0.01080866
v -0.02185554 0.00129326 0.01081681
v -0.02185554 0.00137967 0.01079993
v -0.02185554 0.00145782 0.01075939
v -0.02185804 0.00158631 0.01053440
v -0.02185852 0.00158611 0.01053733
v -0.02177019 0.00153011 0.01037699
v -0.02177019 0.00148302 0.01031120
v -0.02177019 0.00141929 0.01026135
v -0.02177019 0.00134411 0.01023146
v -0.02177019 0.00126354 0.01022397
v -0.02177019 0.00118414 0.01023948
v -0.02177019 0.00137141 0.01077627
v -0.02177019 0.00129200 0.01079178
v -0.02177019 0.00121144 0.01078429
v -0.02177019 0.00113625 0.01075440
v -0.02177019 0.00107253 0.01070455
v -0.02177019 0.00102544 0.01063876
v -0.02177019 0.00099878 0.01056236
v -0.02169532 0.00119998 0.01028488
v -0.02169532 0.00126595 0.01027200
v -0.02169532 0.00133288 0.01027822
v -0.02169532 0.00139535 0.01030305
v -0.02169532 0.00144829 0.01034447
v -0.02169532 0.00148742 0.01039914
v -0.02169532 0.00150957 0.01046261
v -0.02172441 0.00153606 0.01051893
v -0.02169532 0.00135557 0.01073087
v -0.02169532 0.00128960 0.01074375
v -0.02169532 0.00122266 0.01073753
v -0.02169532 0.00116019 0.01071270
v -0.02169532 0.00110725 0.01067128
v -0.02169532 0.00106812 0.01061662
v -0.02169532 0.00104598 0.01055314
v -0.02166719 0.00108710 0.01042349
v -0.02163715 0.00112077 0.01044547
v -0.02166898 0.00109389 0.01040561
v -0.02163715 0.00114471 0.01040377
v -0.02163715 0.00117943 0.01037050
v -0.02163715 0.00122212 0.01034835
v -0.02163715 0.00126932 0.01033914
v -0.02163715 0.00131720 0.01034359
v -0.02163715 0.00136189 0.01036135
v -0.02163715 0.00139976 0.01039098
v -0.02163715 0.00142775 0.01043009
v -0.02166898 0.00145944 0.01061400
v -0.02163715 0.00141084 0.01061198
v -0.02163715 0.00137612 0.01064525
v -0.02163715 0.00133343 0.01066740
v -0.02163715 0.00128623 0.01067661
v -0.02163715 0.00123835 0.01067216
v -0.02163715 0.00119366 0.01065440
v -0.02163715 0.00115579 0.01062477
v -0.02163715 0.00112780 0.01058566
v -0.02174432 0.00163426 0.01001662
v -0.02168066 0.00158326 0.01001610
v -0.02168066 0.00157260 0.01018408
v -0.02174432 0.00162327 0.01019001
v -0.02168066 0.00154418 0.01034998
v -0.02205569 0.00163426 0.01001662
v -0.02211935 0.00158326 0.01001610
v -0.02211935 0.00158295 0.00996505
v -0.02174432 0.00159392 0.01036125
v -0.02181918 0.00162530 0.01036836
v -0.02190001 0.00163601 0.01037079
v -0.02198083 0.00162530 0.01036836
v -0.02205569 0.00159392 0.01036125
v -0.02211935 0.00154418 0.01034998
v -0.02207560 0.00161437 0.00984984
v -0.02211935 0.00157663 0.00985435
v -0.02203829 0.00163693 0.00984714
v -0.02198083 0.00166643 0.01001695
v -0.02198441 0.00165822 0.00984459
v -0.02194137 0.00166733 0.00984350
v -0.02190001 0.00167742 0.01001706
v -0.02188355 0.00166971 0.00984321
v -0.02181918 0.00166643 0.01001695
v -0.02183992 0.00166418 0.00984388
v -0.02178449 0.00164739 0.00984589
v -0.02174527 0.00162785 0.00984823
v -0.02169854 0.00159386 0.00985229
v -0.02168066 0.00157663 0.00985435
v -0.02211935 0.00156242 0.01025651
v -0.02211935 0.00157260 0.01018408
v -0.02205569 0.00162327 0.01019001
v -0.02181918 0.00165522 0.01019375
v -0.02190001 0.00166613 0.01019503
v -0.02198083 0.00165522 0.01019375
v -0.02158744 0.00136052 0.00980095
v -0.02160019 0.00144770 0.00981326
v -0.02160019 0.00144070 0.00983732
v -0.02160019 0.00142720 0.00985844
v -0.02160019 0.00140830 0.00987490
v -0.02160019 0.00138553 0.00988536
v -0.02160019 0.00136074 0.00988899
v -0.02160019 0.00133593 0.00988549
v -0.02160019 0.00131311 0.00987513
v -0.02160019 0.00129413 0.00985877
v -0.02160019 0.00128053 0.00983772
v -0.02160019 0.00127341 0.00981369
v -0.02160019 0.00127334 0.00978864
v -0.02160019 0.00128035 0.00976457
v -0.02160019 0.00129384 0.00974346
v -0.02160019 0.00131274 0.00972700
v -0.02160019 0.00133551 0.00971654
v -0.02160019 0.00136030 0.00971291
v -0.02160019 0.00138512 0.00971641
v -0.02160019 0.00140794 0.00972677
v -0.02160019 0.00142691 0.00974313
v -0.02160019 0.00144052 0.00976418
v -0.02160019 0.00144764 0.00978820
v -0.02186353 0.00166661 0.00985228
v -0.02194185 0.00166685 0.00984640
v -0.02194447 0.00164221 0.00992875
v -0.02202982 0.00114615 0.00998763
v -0.02202982 0.00110224 0.00991968
v -0.02194447 0.00107947 0.00993014
v -0.02219982 0.00142720 0.00985844
v -0.02219982 0.00144070 0.00983732
v -0.02221245 0.00136052 0.00980095
v -0.02219982 0.00144770 0.00981326
v -0.02219982 0.00144764 0.00978820
v -0.02219982 0.00128053 0.00983772
v -0.02219982 0.00129413 0.00985877
v -0.02219982 0.00131311 0.00987513
v -0.02219982 0.00133593 0.00988549
v -0.02219982 0.00127334 0.00978864
v -0.02219982 0.00127341 0.00981369
v -0.02219982 0.00131274 0.00972700
v -0.02219982 0.00129384 0.00974346
v -0.02219982 0.00128035 0.00976457
v -0.02219982 0.00144052 0.00976418
v -0.02219982 0.00142691 0.00974313
v -0.02219982 0.00140794 0.00972677
v -0.02219982 0.00138512 0.00971641
v -0.02202982 0.00157489 0.00961427
v -0.02201552 0.00162249 0.00967571
v -0.02196009 0.00163915 0.00967283
v -0.02163715 0.00120701 0.00987151
v -0.02167089 0.00115932 0.00986919
v -0.02194447 0.00105424 0.00975769
v -0.02177019 0.00107906 0.00976119
v -0.02169532 0.00114545 0.00970337
v -0.02177019 0.00110166 0.00968350
v -0.02185554 0.00105424 0.00975769
v -0.02210469 0.00114545 0.00970337
v -0.02216286 0.00119323 0.00977732
v -0.02212948 0.00114851 0.00979497
v -0.02213294 0.00115438 0.00983111
v -0.02210469 0.00118242 0.00995605
v -0.02216286 0.00123311 0.00991190
v -0.02216286 0.00126953 0.00994330
v -0.02216286 0.00120701 0.00987151
v -0.02212948 0.00115913 0.00986760
v -0.02216286 0.00119335 0.00982541
v -0.02185554 0.00107947 0.00993014
v -0.02177019 0.00110224 0.00991968
v -0.02163715 0.00123311 0.00991190
v -0.02163715 0.00151403 0.00973038
v -0.02163715 0.00148793 0.00968999
v -0.02168066 0.00155227 0.00968788
v -0.02167303 0.00155757 0.00971553
v -0.02163715 0.00152769 0.00977649
v -0.02166707 0.00156631 0.00976838
v -0.02169532 0.00157559 0.00989853
v -0.02177019 0.00161938 0.00991839
v -0.02202982 0.00161938 0.00991839
v -0.02216286 0.00152781 0.00982458
v -0.02212948 0.00157226 0.00981303
v -0.02216286 0.00151438 0.00987075
v -0.02216286 0.00152769 0.00977649
v -0.02213294 0.00156665 0.00977073
v -0.02216286 0.00151403 0.00973038
v -0.02210469 0.00153862 0.00964585
v -0.02210147 0.00156937 0.00968491
v -0.02205474 0.00160310 0.00967906
v -0.02211935 0.00155227 0.00968788
v -0.02216286 0.00148793 0.00968999
v -0.02216286 0.00145151 0.00965859
v -0.02212948 0.00155992 0.00972868
v -0.02181561 0.00163324 0.00967385
v -0.02176172 0.00161211 0.00967750
v -0.02177019 0.00157489 0.00961427
v -0.02216286 0.00120667 0.00973115
v -0.02216286 0.00123256 0.00969063
v -0.02216286 0.00126883 0.00965905
v -0.02216286 0.00131252 0.00963896
v -0.02216286 0.00148848 0.00991127
v -0.02216286 0.00145221 0.00994285
v -0.02219982 0.00140830 0.00987490
v -0.02216286 0.00140852 0.00996294
v -0.02210469 0.00148771 0.00960195
v -0.02216286 0.00140772 0.00963872
v -0.02219982 0.00136030 0.00971291
v -0.02210469 0.00118165 0.00964673
v -0.02210469 0.00123235 0.00960259
v -0.02210469 0.00129342 0.00957451
v -0.02210469 0.00135994 0.00956478
v -0.02210469 0.00123333 0.00999994
v -0.02216286 0.00131332 0.00996317
v -0.02219982 0.00136074 0.00988899
v -0.02210469 0.00142762 0.01002739
v -0.02210469 0.00136111 0.01003712
v -0.02210469 0.00148870 0.00999931
v -0.02210469 0.00153939 0.00995517
v -0.02210469 0.00157559 0.00989853
v -0.02219982 0.00133551 0.00971654
v -0.02216286 0.00136010 0.00963200
v -0.02210469 0.00142650 0.00957418
v -0.02202982 0.00151361 0.00956143
v -0.02194447 0.00159379 0.00959781
v -0.02193648 0.00163907 0.00966408
v -0.02191646 0.00164464 0.00967188
v -0.02202982 0.00107906 0.00976119
v -0.02202982 0.00110166 0.00968350
v -0.02202982 0.00114523 0.00961533
v -0.02202982 0.00120625 0.00956220
v -0.02202982 0.00127976 0.00952840
v -0.02202982 0.00135982 0.00951669
v -0.02202982 0.00143993 0.00952801
v -0.02202982 0.00136122 0.01008521
v -0.02202982 0.00128111 0.01007389
v -0.02202982 0.00144128 0.01007350
v -0.02202982 0.00151480 0.01003970
v -0.02202982 0.00157581 0.00998657
v -0.02194447 0.00144693 0.00950394
v -0.02194447 0.00152711 0.00954032
v -0.02194447 0.00135975 0.00949163
v -0.02194447 0.00127264 0.00950438
v -0.02194447 0.00119265 0.00954115
v -0.02194447 0.00112625 0.00959897
v -0.02194447 0.00107884 0.00967315
v -0.02194447 0.00112726 0.01000409
v -0.02202982 0.00120743 0.01004046
v -0.02210469 0.00129455 0.01002772
v -0.02216286 0.00136094 0.00996990
v -0.02219982 0.00138553 0.00988536
v -0.02194447 0.00127411 0.01009795
v -0.02194447 0.00119394 0.01006158
v -0.02194447 0.00136129 0.01011027
v -0.02194447 0.00144840 0.01009752
v -0.02194447 0.00152840 0.01006075
v -0.02194447 0.00159479 0.01000293
v -0.02185554 0.00152711 0.00954032
v -0.02185554 0.00159379 0.00959781
v -0.02185554 0.00144693 0.00950394
v -0.02185554 0.00135975 0.00949163
v -0.02185554 0.00127264 0.00950438
v -0.02185554 0.00119265 0.00954115
v -0.02185554 0.00112625 0.00959897
v -0.02185554 0.00107884 0.00967315
v -0.02185554 0.00119394 0.01006158
v -0.02185554 0.00112726 0.01000409
v -0.02185554 0.00127411 0.01009795
v -0.02185554 0.00136129 0.01011027
v -0.02185554 0.00144840 0.01009752
v -0.02185554 0.00152840 0.01006075
v -0.02185554 0.00159479 0.01000293
v -0.02185554 0.00164221 0.00992875
v -0.02185804 0.00164099 0.00966965
v -0.02185852 0.00164228 0.00967229
v -0.02177019 0.00151361 0.00956143
v -0.02177019 0.00143993 0.00952801
v -0.02177019 0.00135982 0.00951669
v -0.02177019 0.00127976 0.00952840
v -0.02177019 0.00120625 0.00956220
v -0.02177019 0.00114523 0.00961533
v -0.02177019 0.00157581 0.00998657
v -0.02177019 0.00151480 0.01003970
v -0.02177019 0.00144128 0.01007350
v -0.02177019 0.00136122 0.01008521
v -0.02177019 0.00128111 0.01007389
v -0.02177019 0.00120743 0.01004046
v -0.02177019 0.00114615 0.00998763
v -0.02169532 0.00118165 0.00964673
v -0.02169532 0.00123235 0.00960259
v -0.02169532 0.00129342 0.00957451
v -0.02169532 0.00135994 0.00956478
v -0.02169532 0.00142650 0.00957418
v -0.02169532 0.00148771 0.00960195
v -0.02169532 0.00153862 0.00964585
v -0.02172441 0.00158973 0.00968138
v -0.02169532 0.00153939 0.00995517
v -0.02169532 0.00148870 0.00999931
v -0.02169532 0.00142762 0.01002739
v -0.02169532 0.00136111 0.01003712
v -0.02169532 0.00129455 0.01002772
v -0.02169532 0.00123333 0.00999994
v -0.02169532 0.00118242 0.00995605
v -0.02166719 0.00115320 0.00982321
v -0.02163715 0.00119335 0.00982541
v -0.02166898 0.00115015 0.00980433
v -0.02163715 0.00119323 0.00977732
v -0.02163715 0.00120667 0.00973115
v -0.02163715 0.00123256 0.00969063
v -0.02163715 0.00126883 0.00965905
v -0.02163715 0.00131252 0.00963896
v -0.02163715 0.00136010 0.00963200
v -0.02163715 0.00140772 0.00963872
v -0.02163715 0.00145151 0.00965859
v -0.02166898 0.00157091 0.00980203
v -0.02163715 0.00152781 0.00982458
v -0.02163715 0.00151438 0.00987075
v -0.02163715 0.00148848 0.00991127
v -0.02163715 0.00145221 0.00994285
v -0.02163715 0.00140852 0.00996294
v -0.02163715 0.00136094 0.00996990
v -0.02163715 0.00131332 0.00996317
v -0.02163715 0.00126953 0.00994330
v -0.02174432 0.00142362 0.00919727
v -0.02168066 0.00137919 0.00922232
v -0.02168066 0.00145395 0.00937312
v -0.02174432 0.00150079 0.00935292
v -0.02168066 0.00151228 0.00953100
v -0.02205569 0.00142362 0.00919727
v -0.02211935 0.00137919 0.00922232
v -0.02211935 0.00132745 0.00913697
v -0.02174432 0.00156100 0.00951589
v -0.02181918 0.00159173 0.00950636
v -0.02190001 0.00160222 0.00950311
v -0.02198083 0.00159173 0.00950636
v -0.02205569 0.00156100 0.00951589
v -0.02211935 0.00151228 0.00953100
v -0.02211935 0.00154958 0.00967478
v -0.02207560 0.00132301 0.00906278
v -0.02211935 0.00129257 0.00908555
v -0.02203829 0.00134119 0.00904916
v -0.02198083 0.00145164 0.00918147
v -0.02198441 0.00135835 0.00903631
v -0.02194137 0.00136569 0.00903081
v -0.02190001 0.00146122 0.00917607
v -0.02188355 0.00136762 0.00902937
v -0.02181918 0.00145164 0.00918147
v -0.02183992 0.00136316 0.00903271
v -0.02178449 0.00134963 0.00904284
v -0.02174527 0.00133387 0.00905464
v -0.02169854 0.00130647 0.00907516
v -0.02168066 0.00129257 0.00908555
v -0.02211935 0.00146343 0.00939558
v -0.02211935 0.00145395 0.00937312
v -0.02205569 0.00150079 0.00935292
v -0.02181918 0.00153033 0.00934019
v -0.02190001 0.00154042 0.00933584
v -0.02198083 0.00153033 0.00934019
v -0.02158744 0.00107872 0.00914736
v -0.02160019 0.00116037 0.00911444
v -0.02160019 0.00116634 0.00913877
v -0.02160019 0.00116521 0.00916381
v -0.02160019 0.00115707 0.00918751
v -0.02160019 0.00114259 0.00920796
v -0.02160019 0.00112293 0.00922350
v -0.02160019 0.00109969 0.00923287
v -0.02160019 0.00107475 0.00923531
v -0.02160019 0.00105013 0.00923063
v -0.02160019 0.00102783 0.00921920
v -0.02160019 0.00100965 0.00920195
v -0.02160019 0.00099707 0.00918028
v -0.02160019 0.00099110 0.00915595
v -0.02160019 0.00099223 0.00913091
v -0.02160019 0.00100037 0.00910721
v -0.02160019 0.00101485 0.00908676
v -0.02160019 0.00103451 0.00907122
v -0.02160019 0.00105775 0.00906185
v -0.02160019 0.00108269 0.00905941
v -0.02160019 0.00110731 0.00906409
v -0.02160019 0.00112961 0.00907552
v -0.02160019 0.00114779 0.00909276
v -0.02186353 0.00136946 0.00903877
v -0.02194185 0.00136673 0.00903356
v -0.02194447 0.00138656 0.00911719
v -0.02202982 0.00098641 0.00941622
v -0.02202982 0.00091441 0.00937932
v -0.02194447 0.00089992 0.00939977
v -0.02219982 0.00116521 0.00916381
v -0.02219982 0.00116634 0.00913877
v -0.02221245 0.00107872 0.00914736
v -0.02219982 0.00116037 0.00911444
v -0.02219982 0.00114779 0.00909276
v -0.02219982 0.00102783 0.00921920
v -0.02219982 0.00105013 0.00923063
v -0.02219982 0.00107475 0.00923531
v -0.02219982 0.00109969 0.00923287
v -0.02219982 0.00099707 0.00918028
v -0.02219982 0.00100965 0.00920195
v -0.02219982 0.00100037 0.00910721
v -0.02219982 0.00099223 0.00913091
v -0.02219982 0.00099110 0.00915595
v -0.02219982 0.00112961 0.00907552
v -0.02219982 0.00110731 0.00906409
v -0.02219982 0.00108269 0.00905941
v -0.02219982 0.00105775 0.00906185
v -0.02202982 0.00117103 0.00887850
v -0.02201552 0.00124297 0.00890791
v -0.02196009 0.00125596 0.00889709
v -0.02163715 0.00098106 0.00928522
v -0.02167089 0.00093859 0.00930706
v -0.02194447 0.00079184 0.00926303
v -0.02194149 0.00079890 0.00928018
v -0.02198441 0.00080591 0.00927426
v -0.02177019 0.00081508 0.00925366
v -0.02169854 0.00085546 0.00923249
v -0.02174527 0.00082928 0.00925455
v -0.02168066 0.00086875 0.00922129
v -0.02169532 0.00084367 0.00917039
v -0.02177019 0.00079581 0.00917508
v -0.02185554 0.00079184 0.00926303
v -0.02183992 0.00080132 0.00927814
v -0.02188355 0.00079706 0.00928173
v -0.02178449 0.00081424 0.00926723
v -0.02210469 0.00084367 0.00917039
v -0.02210481 0.00085779 0.00923052
v -0.02211935 0.00086875 0.00922129
v -0.02207560 0.00083967 0.00924579
v -0.02216286 0.00092203 0.00921054
v -0.02212948 0.00089213 0.00924819
v -0.02213294 0.00091529 0.00927656
v -0.02210469 0.00100203 0.00937073
v -0.02216286 0.00102386 0.00930715
v -0.02216286 0.00107110 0.00931614
v -0.02216286 0.00098106 0.00928522
v -0.02212948 0.00093765 0.00930578
v -0.02216286 0.00094617 0.00925213
v -0.02185554 0.00089992 0.00939977
v -0.02177019 0.00091441 0.00937932
v -0.02163715 0.00102386 0.00930715
v -0.02163715 0.00117638 0.00900949
v -0.02163715 0.00113358 0.00898757
v -0.02168066 0.00118824 0.00895356
v -0.02167303 0.00120666 0.00897486
v -0.02163715 0.00121126 0.00904259
v -0.02166707 0.00124065 0.00901626
v -0.02169532 0.00131377 0.00912433
v -0.02177019 0.00136162 0.00911964
v -0.02202982 0.00136162 0.00911964
v -0.02216286 0.00123541 0.00908418
v -0.02212948 0.00126813 0.00905196
v -0.02216286 0.00124686 0.00913088
v -0.02216286 0.00121126 0.00904259
v -0.02213294 0.00124212 0.00901812
v -0.02216286 0.00117638 0.00900949
v -0.02210469 0.00115541 0.00892399
v -0.02210147 0.00120156 0.00894244
v -0.02205474 0.00122786 0.00892051
v -0.02211935 0.00118824 0.00895356
v -0.02216286 0.00113358 0.00898757
v -0.02216286 0.00108634 0.00897858
v -0.02212948 0.00121527 0.00898507
v -0.02181561 0.00125135 0.00890093
v -0.02176172 0.00123488 0.00891466
v -0.02177019 0.00117103 0.00887850
v -0.02216286 0.00091057 0.00916384
v -0.02216286 0.00091274 0.00911580
v -0.02216286 0.00092836 0.00907031
v -0.02216286 0.00095616 0.00903107
v -0.02216286 0.00124470 0.00917892
v -0.02216286 0.00122908 0.00922440
v -0.02219982 0.00115707 0.00918751
v -0.02216286 0.00120128 0.00926364
v -0.02210469 0.00108937 0.00891143
v -0.02216286 0.00103848 0.00898327
v -0.02219982 0.00103451 0.00907122
v -0.02210469 0.00084671 0.00910324
v -0.02210469 0.00086853 0.00903966
v -0.02210469 0.00090739 0.00898481
v -0.02210469 0.00096013 0.00894312
v -0.02210469 0.00106807 0.00938329
v -0.02216286 0.00111896 0.00931145
v -0.02219982 0.00112293 0.00922350
v -0.02210469 0.00125005 0.00930991
v -0.02210469 0.00119731 0.00935160
v -0.02210469 0.00128890 0.00925506
v -0.02210469 0.00131073 0.00919148
v -0.02210469 0.00131377 0.00912433
v -0.02219982 0.00101485 0.00908676
v -0.02216286 0.00099388 0.00900125
v -0.02210469 0.00102247 0.00891798
v -0.02202982 0.00109154 0.00886339
v -0.02194447 0.00117916 0.00885480
v -0.02193648 0.00125151 0.00888955
v -0.02191646 0.00126024 0.00889352
v -0.02202982 0.00081508 0.00925366
v -0.02203829 0.00082230 0.00926043
v -0.02202982 0.00079581 0.00917508
v -0.02202982 0.00079946 0.00909426
v -0.02202982 0.00082574 0.00901773
v -0.02202982 0.00087251 0.00895171
v -0.02202982 0.00093598 0.00890154
v -0.02202982 0.00101102 0.00887128
v -0.02202982 0.00122146 0.00939318
v -0.02202982 0.00114642 0.00942344
v -0.02202982 0.00128493 0.00934301
v -0.02202982 0.00133170 0.00927699
v -0.02202982 0.00135798 0.00920046
v -0.02194447 0.00100505 0.00884694
v -0.02194447 0.00109267 0.00883836
v -0.02194447 0.00092340 0.00887987
v -0.02194447 0.00085433 0.00893446
v -0.02194447 0.00080344 0.00900630
v -0.02194447 0.00077485 0.00908957
v -0.02194447 0.00077087 0.00917752
v -0.02194447 0.00097828 0.00943992
v -0.02202982 0.00106590 0.00943133
v -0.02210469 0.00113497 0.00937674
v -0.02216286 0.00116356 0.00929346
v -0.02219982 0.00114259 0.00920796
v -0.02194447 0.00115239 0.00944778
v -0.02194447 0.00106477 0.00945636
v -0.02194447 0.00123404 0.00941485
v -0.02194447 0.00130311 0.00936026
v -0.02194447 0.00135400 0.00928842
v -0.02194447 0.00138259 0.00920515
v -0.02185554 0.00109267 0.00883836
v -0.02185554 0.00117916 0.00885480
v -0.02185554 0.00100505 0.00884694
v -0.02185554 0.00092340 0.00887987
v -0.02185554 0.00085433 0.00893446
v -0.02185554 0.00080344 0.00900630
v -0.02185554 0.00077485 0.00908957
v -0.02185554 0.00077087 0.00917752
v -0.02185554 0.00106477 0.00945636
v -0.02185554 0.00097828 0.00943992
v -0.02185554 0.00115239 0.00944778
v -0.02185554 0.00123404 0.00941485
v -0.02185554 0.00130311 0.00936026
v -0.02185554 0.00135400 0.00928842
v -0.02185554 0.00138259 0.00920515
v -0.02185554 0.00138656 0.00911719
v -0.02185804 0.00125596 0.00889342
v -0.02185852 0.00125840 0.00889506
v -0.02177019 0.00109154 0.00886339
v -0.02177019 0.00101102 0.00887128
v -0.02177019 0.00093598 0.00890154
v -0.02177019 0.00087251 0.00895171
v -0.02177019 0.00082574 0.00901773
v -0.02177019 0.00079946 0.00909426
v -0.02177019 0.00135798 0.00920046
v -0.02177019 0.00133170 0.00927699
v -0.02177019 0.00128493 0.00934301
v -0.02177019 0.00122146 0.00939318
v -0.02177019 0.00114642 0.00942344
v -0.02177019 0.00106590 0.00943133
v -0.02177019 0.00098641 0.00941622
v -0.02169532 0.00084671 0.00910324
v -0.02169532 0.00086853 0.00903966
v -0.02169532 0.00090739 0.00898481
v -0.02169532 0.00096013 0.00894312
v -0.02169532 0.00102247 0.00891798
v -0.02169532 0.00108937 0.00891143
v -0.02169532 0.00115541 0.00892399
v -0.02172441 0.00121743 0.00892921
v -0.02169532 0.00131073 0.00919148
v -0.02169532 0.00128890 0.00925506
v -0.02169532 0.00125005 0.00930991
v -0.02169532 0.00119731 0.00935160
v -0.02169532 0.00113497 0.00937674
v -0.02169532 0.00106807 0.00938329
v -0.02169532 0.00100203 0.00937073
v -0.02166719 0.00091030 0.00927030
v -0.02163715 0.00094617 0.00925213
v -0.02166898 0.00089822 0.00925547
v -0.02163715 0.00092203 0.00921054
v -0.02163715 0.00091057 0.00916384
v -0.02163715 0.00091274 0.00911580
v -0.02163715 0.00092836 0.00907031
v -0.02163715 0.00095616 0.00903107
v -0.02163715 0.00099388 0.00900125
v -0.02163715 0.00103848 0.00898327
v -0.02163715 0.00108634 0.00897858
v -0.02166898 0.00126146 0.00904310
v -0.02163715 0.00123541 0.00908418
v -0.02163715 0.00124686 0.00913088
v -0.02163715 0.00124470 0.00917892
v -0.02163715 0.00122908 0.00922440
v -0.02163715 0.00120128 0.00926364
v -0.02163715 0.00116356 0.00929346
v -0.02163715 0.00111896 0.00931145
v -0.02163715 0.00107110 0.00931614
v -0.02158744 0.00050788 0.00872224
v -0.02160019 0.00056213 0.00865290
v -0.02160019 0.00057947 0.00867099
v -0.02160019 0.00059100 0.00869323
v -0.02160019 0.00059581 0.00871783
v -0.02160019 0.00059349 0.00874278
v -0.02160019 0.00058423 0.00876607
v -0.02160019 0.00056879 0.00878580
v -0.02160019 0.00054841 0.00880039
v -0.02160019 0.00052475 0.00880864
v -0.02160019 0.00049973 0.00880990
v -0.02160019 0.00047536 0.00880405
v -0.02160019 0.00045363 0.00879158
v -0.02160019 0.00043629 0.00877348
v -0.02160019 0.00042475 0.00875124
v -0.02160019 0.00041995 0.00872664
v -0.02160019 0.00042227 0.00870169
v -0.02160019 0.00043152 0.00867840
v -0.02160019 0.00044696 0.00865867
v -0.02160019 0.00046734 0.00864408
v -0.02160019 0.00049100 0.00863583
v -0.02160019 0.00051603 0.00863457
v -0.02160019 0.00054040 0.00864042
v -0.02186353 0.00070538 0.00848282
v -0.02194185 0.00070040 0.00847968
v -0.02194447 0.00075940 0.00854219
v -0.02202982 0.00056237 0.00900122
v -0.02202982 0.00048156 0.00900527
v -0.02194447 0.00047924 0.00903023
v -0.02219982 0.00059100 0.00869323
v -0.02219982 0.00057947 0.00867099
v -0.02221245 0.00050788 0.00872224
v -0.02219982 0.00056213 0.00865290
v -0.02219982 0.00054040 0.00864042
v -0.02219982 0.00049973 0.00880990
v -0.02219982 0.00052475 0.00880864
v -0.02219982 0.00054841 0.00880039
v -0.02219982 0.00056879 0.00878580
v -0.02219982 0.00045363 0.00879158
v -0.02219982 0.00047536 0.00880405
v -0.02219982 0.00041995 0.00872664
v -0.02219982 0.00042475 0.00875124
v -0.02219982 0.00043629 0.00877348
v -0.02219982 0.00051603 0.00863457
v -0.02219982 0.00049100 0.00863583
v -0.02219982 0.00046734 0.00864408
v -0.02219982 0.00044696 0.00865867
v -0.02202982 0.00045339 0.00844325
v -0.02201552 0.00053040 0.00843274
v -0.02196009 0.00053624 0.00841688
v -0.02188355 0.00069907 0.00847560
v -0.02163715 0.00049223 0.00889046
v -0.02168066 0.00049720 0.00894458
v -0.02167089 0.00046638 0.00893061
v -0.02201552 0.00046880 0.00900997
v -0.02194447 0.00031727 0.00896585
v -0.02194149 0.00033196 0.00897717
v -0.02198441 0.00033507 0.00896854
v -0.02177019 0.00033271 0.00894611
v -0.02169854 0.00035709 0.00890759
v -0.02174527 0.00034545 0.00893978
v -0.02168066 0.00036300 0.00889125
v -0.02169532 0.00031584 0.00885970
v -0.02177019 0.00027674 0.00888770
v -0.02185554 0.00031727 0.00896585
v -0.02183992 0.00033303 0.00897419
v -0.02188355 0.00033114 0.00897943
v -0.02178449 0.00033877 0.00895829
v -0.02210469 0.00031584 0.00885970
v -0.02210481 0.00035813 0.00890472
v -0.02211935 0.00036300 0.00889125
v -0.02207560 0.00035007 0.00892700
v -0.02216286 0.00040377 0.00885530
v -0.02212948 0.00039670 0.00890285
v -0.02213294 0.00043093 0.00891584
v -0.02211935 0.00049720 0.00894458
v -0.02210135 0.00049028 0.00896053
v -0.02210469 0.00055315 0.00895403
v -0.02216286 0.00054026 0.00888805
v -0.02216286 0.00058567 0.00887221
v -0.02216286 0.00049223 0.00889046
v -0.02212948 0.00046491 0.00892997
v -0.02216286 0.00044547 0.00887924
v -0.02191646 0.00045983 0.00903058
v -0.02185852 0.00046079 0.00902838
v -0.02196009 0.00046205 0.00902547
v -0.02185554 0.00047924 0.00903023
v -0.02181561 0.00046445 0.00901996
v -0.02176172 0.00047300 0.00900030
v -0.02172441 0.00048206 0.00897946
v -0.02177019 0.00048156 0.00900527
v -0.02163715 0.00054026 0.00888805
v -0.02163715 0.00052352 0.00855401
v -0.02163715 0.00047549 0.00855642
v -0.02168066 0.00050583 0.00849964
v -0.02167303 0.00053243 0.00850887
v -0.02163715 0.00057028 0.00856523
v -0.02166707 0.00058257 0.00852774
v -0.02169532 0.00069992 0.00858477
v -0.02169854 0.00066901 0.00854583
v -0.02174527 0.00068249 0.00851436
v -0.02168066 0.00066218 0.00856178
v -0.02177019 0.00073902 0.00855677
v -0.02178449 0.00069023 0.00849627
v -0.02183992 0.00069688 0.00848073
v -0.02198441 0.00069452 0.00848624
v -0.02203829 0.00068609 0.00850596
v -0.02202982 0.00073902 0.00855677
v -0.02216286 0.00061199 0.00858917
v -0.02211935 0.00066218 0.00856178
v -0.02212948 0.00062421 0.00854491
v -0.02216286 0.00064526 0.00862389
v -0.02216286 0.00057028 0.00856523
v -0.02213294 0.00058477 0.00852861
v -0.02216286 0.00052352 0.00855401
v -0.02210469 0.00046261 0.00849044
v -0.02210147 0.00051181 0.00848335
v -0.02205474 0.00052361 0.00845121
v -0.02211935 0.00050583 0.00849964
v -0.02216286 0.00047549 0.00855642
v -0.02216286 0.00043009 0.00857226
v -0.02212948 0.00054499 0.00851342
v -0.02181561 0.00053416 0.00842251
v -0.02176172 0.00052677 0.00844263
v -0.02177019 0.00045339 0.00844325
v -0.02216286 0.00037050 0.00882058
v -0.02216286 0.00034836 0.00877789
v -0.02216286 0.00033914 0.00873069
v -0.02216286 0.00034359 0.00868281
v -0.02216286 0.00066740 0.00866658
v -0.02216286 0.00067662 0.00871378
v -0.02219982 0.00059581 0.00871783
v -0.02216286 0.00067216 0.00876166
v -0.02210469 0.00039914 0.00851259
v -0.02216286 0.00039099 0.00860025
v -0.02219982 0.00043152 0.00867840
v -0.02210469 0.00028489 0.00880003
v -0.02210469 0.00027200 0.00873406
v -0.02210469 0.00027823 0.00866712
v -0.02210469 0.00030305 0.00860466
v -0.02205474 0.00047664 0.00899193
v -0.02210469 0.00061662 0.00893188
v -0.02216286 0.00062477 0.00884422
v -0.02219982 0.00058423 0.00876607
v -0.02210469 0.00073753 0.00877735
v -0.02210469 0.00071270 0.00883981
v -0.02210469 0.00074375 0.00871041
v -0.02210469 0.00073087 0.00864444
v -0.02210469 0.00069992 0.00858477
v -0.02207560 0.00067715 0.00852684
v -0.02219982 0.00042227 0.00870169
v -0.02216286 0.00036135 0.00863812
v -0.02210469 0.00034448 0.00855171
v -0.02202982 0.00037700 0.00846990
v -0.02194447 0.00044859 0.00841865
v -0.02193648 0.00052862 0.00841257
v -0.02191646 0.00053816 0.00841164
v -0.02202982 0.00033271 0.00894611
v -0.02203829 0.00034235 0.00894837
v -0.02202982 0.00027674 0.00888770
v -0.02202982 0.00023948 0.00881587
v -0.02202982 0.00022397 0.00873646
v -0.02202982 0.00023146 0.00865590
v -0.02202982 0.00026135 0.00858072
v -0.02202982 0.00031121 0.00851699
v -0.02202982 0.00075441 0.00886375
v -0.02202982 0.00070455 0.00892748
v -0.02202982 0.00078429 0.00878857
v -0.02202982 0.00079178 0.00870801
v -0.02202982 0.00077627 0.00862860
v -0.02194447 0.00029387 0.00849890
v -0.02194447 0.00036546 0.00844765
v -0.02194447 0.00023962 0.00856824
v -0.02194447 0.00020710 0.00865006
v -0.02194447 0.00019895 0.00873772
v -0.02194447 0.00021582 0.00882413
v -0.02194447 0.00025636 0.00890228
v -0.02194447 0.00056717 0.00902582
v -0.02202982 0.00063876 0.00897457
v -0.02210469 0.00067128 0.00889276
v -0.02216286 0.00065440 0.00880635
v -0.02219982 0.00059349 0.00874278
v -0.02194447 0.00072189 0.00894557
v -0.02194447 0.00065030 0.00899682
v -0.02194447 0.00077614 0.00887623
v -0.02194447 0.00080866 0.00879441
v -0.02194447 0.00081681 0.00870675
v -0.02194447 0.00079993 0.00862034
v -0.02194137 0.00069813 0.00847781
v -0.02185554 0.00036546 0.00844765
v -0.02185554 0.00044859 0.00841865
v -0.02185554 0.00029387 0.00849890
v -0.02185554 0.00023962 0.00856824
v -0.02185554 0.00020710 0.00865006
v -0.02185554 0.00019895 0.00873772
v -0.02185554 0.00021582 0.00882413
v -0.02185554 0.00025636 0.00890228
v -0.02185554 0.00065030 0.00899682
v -0.02185554 0.00056717 0.00902582
v -0.02185554 0.00072189 0.00894557
v -0.02185554 0.00077614 0.00887623
v -0.02185554 0.00080866 0.00879441
v -0.02185554 0.00081681 0.00870675
v -0.02185554 0.00079993 0.00862034
v -0.02185554 0.00075940 0.00854219
v -0.02185804 0.00053440 0.00841369
v -0.02185852 0.00053733 0.00841390
v -0.02177019 0.00037700 0.00846990
v -0.02177019 0.00031121 0.00851699
v -0.02177019 0.00026135 0.00858072
v -0.02177019 0.00023146 0.00865590
v -0.02177019 0.00022397 0.00873646
v -0.02177019 0.00023948 0.00881587
v -0.02177019 0.00077627 0.00862860
v -0.02177019 0.00079178 0.00870801
v -0.02177019 0.00078429 0.00878857
v -0.02177019 0.00075441 0.00886375
v -0.02177019 0.00070455 0.00892748
v -0.02177019 0.00063876 0.00897457
v -0.02177019 0.00056237 0.00900122
v -0.02169532 0.00028489 0.00880003
v -0.02169532 0.00027200 0.00873406
v -0.02169532 0.00027823 0.00866712
v -0.02169532 0.00030305 0.00860466
v -0.02169532 0.00034448 0.00855171
v -0.02169532 0.00039914 0.00851259
v -0.02169532 0.00046261 0.00849044
v -0.02172441 0.00051893 0.00846395
v -0.02169532 0.00073087 0.00864444
v -0.02169532 0.00074375 0.00871041
v -0.02169532 0.00073753 0.00877735
v -0.02169532 0.00071270 0.00883981
v -0.02169532 0.00067128 0.00889276
v -0.02169532 0.00061662 0.00893188
v -0.02169532 0.00055315 0.00895403
v -0.02166719 0.00042349 0.00891291
v -0.02163715 0.00044547 0.00887924
v -0.02166898 0.00040561 0.00890611
v -0.02163715 0.00040377 0.00885530
v -0.02163715 0.00037050 0.00882058
v -0.02163715 0.00034836 0.00877789
v -0.02163715 0.00033914 0.00873069
v -0.02163715 0.00034359 0.00868281
v -0.02163715 0.00036135 0.00863812
v -0.02163715 0.00039099 0.00860025
v -0.02163715 0.00043009 0.00857226
v -0.02166898 0.00061401 0.00854057
v -0.02163715 0.00061199 0.00858917
v -0.02163715 0.00064526 0.00862389
v -0.02163715 0.00066740 0.00866658
v -0.02163715 0.00067662 0.00871378
v -0.02163715 0.00067216 0.00876166
v -0.02163715 0.00065440 0.00880635
v -0.02163715 0.00062477 0.00884422
v -0.02163715 0.00058567 0.00887221
v -0.02205569 0.00019001 0.00837674
v -0.02211935 0.00018408 0.00842741
v -0.02211935 0.00011126 0.00842058
v -0.02174432 0.00001662 0.00836574
v -0.02168066 0.00001611 0.00841675
v -0.02168066 0.00018408 0.00842741
v -0.02174432 0.00019001 0.00837674
v -0.02168066 0.00034998 0.00845583
v -0.02174432 0.00036125 0.00840608
v -0.02181918 0.00036836 0.00837471
v -0.02190001 0.00037079 0.00836399
v -0.02198083 0.00036836 0.00837471
v -0.02205569 0.00036125 0.00840608
v -0.02211935 0.00039958 0.00846792
v -0.02211935 0.00034998 0.00845583
v -0.02207560 -0.00015016 0.00838563
v -0.02211935 0.00001611 0.00841675
v -0.02211935 -0.00014565 0.00842338
v -0.02205569 0.00001662 0.00836574
v -0.02203829 -0.00015285 0.00836308
v -0.02198083 0.00001695 0.00833358
v -0.02198441 -0.00015541 0.00834179
v -0.02194137 -0.00015650 0.00833268
v -0.02190001 0.00001706 0.00832259
v -0.02188355 -0.00015678 0.00833030
v -0.02181918 0.00001695 0.00833358
v -0.02183992 -0.00015612 0.00833583
v -0.02178449 -0.00015411 0.00835262
v -0.02174527 -0.00015177 0.00837216
v -0.02169854 -0.00014770 0.00840615
v -0.02168066 -0.00014565 0.00842338
v -0.02181918 0.00019375 0.00834479
v -0.02190001 0.00019503 0.00833388
v -0.02198083 0.00019375 0.00834479
v -0.02174432 -0.00080273 0.00857638
v -0.02168066 -0.00077768 0.00862082
v -0.02168066 -0.00062688 0.00854606
v -0.02174432 -0.00064707 0.00849921
v -0.02168066 -0.00046899 0.00848773
v -0.02172441 -0.00031862 0.00841028
v -0.02168066 -0.00031212 0.00844774
v -0.02174432 -0.00048410 0.00843901
v -0.02176172 -0.00032249 0.00838790
v -0.02181918 -0.00049363 0.00840828
v -0.02181561 -0.00032615 0.00836677
v -0.02185852 -0.00032771 0.00835773
v -0.02190001 -0.00049689 0.00839779
v -0.02191646 -0.00032812 0.00835537
v -0.02198083 -0.00049363 0.00840828
v -0.02196009 -0.00032717 0.00836086
v -0.02201552 -0.00032429 0.00837752
v -0.02205569 -0.00048410 0.00843901
v -0.02205474 -0.00032093 0.00839691
v -0.02211935 -0.00046681 0.00848705
v -0.02211935 -0.00046899 0.00848773
v -0.02210147 -0.00031509 0.00843064
v -0.02211935 -0.00031212 0.00844774
v -0.02203829 -0.00095084 0.00865882
v -0.02205569 -0.00080273 0.00857638
v -0.02207560 -0.00093722 0.00867700
v -0.02198083 -0.00081853 0.00854836
v -0.02198441 -0.00096369 0.00864165
v -0.02194137 -0.00096919 0.00863431
v -0.02190001 -0.00082393 0.00853879
v -0.02188355 -0.00097063 0.00863239
v -0.02181918 -0.00081853 0.00854836
v -0.02183992 -0.00096729 0.00863685
v -0.02178449 -0.00095715 0.00865038
v -0.02174527 -0.00094536 0.00866614
v -0.02169854 -0.00092484 0.00869354
v -0.02168066 -0.00091444 0.00870744
v -0.02181918 -0.00065981 0.00846968
v -0.02190001 -0.00066416 0.00845958
v -0.02198083 -0.00065981 0.00846968
v -0.02205569 -0.00064707 0.00849921
v -0.02211935 -0.00062688 0.00854606
v -0.02211935 -0.00077768 0.00862082
v -0.02211935 -0.00073686 0.00859859
v -0.02211935 -0.00091444 0.00870744
v -0.02158744 -0.00019905 0.00863949
v -0.02160019 -0.00018673 0.00855231
v -0.02160019 -0.00016267 0.00855931
v -0.02160019 -0.00014156 0.00857281
v -0.02160019 -0.00012510 0.00859171
v -0.02160019 -0.00011464 0.00861447
v -0.02160019 -0.00011101 0.00863927
v -0.02160019 -0.00011451 0.00866408
v -0.02160019 -0.00012487 0.00868690
v -0.02160019 -0.00014123 0.00870588
v -0.02160019 -0.00016228 0.00871948
v -0.02160019 -0.00018630 0.00872660
v -0.02160019 -0.00021136 0.00872666
v -0.02160019 -0.00023542 0.00871966
v -0.02160019 -0.00025654 0.00870617
v -0.02160019 -0.00027300 0.00868727
v -0.02160019 -0.00028346 0.00866450
v -0.02160019 -0.00028709 0.00863971
v -0.02160019 -0.00028358 0.00861489
v -0.02160019 -0.00027323 0.00859207
v -0.02160019 -0.00025687 0.00857309
v -0.02160019 -0.00023582 0.00855949
v -0.02160019 -0.00021179 0.00855237
v -0.02186353 -0.00014771 0.00833340
v -0.02194185 -0.00015360 0.00833316
v -0.02194447 -0.00007125 0.00835780
v -0.02202982 -0.00001237 0.00885386
v -0.02202982 -0.00008032 0.00889777
v -0.02194447 -0.00006986 0.00892054
v -0.02210469 -0.00039804 0.00851230
v -0.02210469 -0.00035415 0.00846139
v -0.02202982 -0.00038573 0.00842512
v -0.02219982 -0.00014156 0.00857281
v -0.02219982 -0.00016267 0.00855931
v -0.02221245 -0.00019905 0.00863949
v -0.02219982 -0.00018673 0.00855231
v -0.02219982 -0.00021179 0.00855237
v -0.02219982 -0.00016228 0.00871948
v -0.02219982 -0.00014123 0.00870588
v -0.02219982 -0.00012487 0.00868690
v -0.02219982 -0.00011451 0.00866408
v -0.02219982 -0.00021136 0.00872666
v -0.02219982 -0.00018630 0.00872660
v -0.02219982 -0.00027300 0.00868727
v -0.02219982 -0.00025654 0.00870617
v -0.02219982 -0.00023542 0.00871966
v -0.02219982 -0.00028358 0.00861489
v -0.02219982 -0.00028709 0.00863971
v -0.02219982 -0.00023582 0.00855949
v -0.02219982 -0.00025687 0.00857309
v -0.02219982 -0.00027323 0.00859207
v -0.02163715 -0.00012848 0.00879300
v -0.02168066 -0.00009712 0.00883739
v -0.02167089 -0.00013080 0.00884069
v -0.02201552 -0.00008903 0.00890821
v -0.02194447 -0.00024231 0.00894577
v -0.02194149 -0.00022393 0.00894823
v -0.02198441 -0.00022555 0.00893920
v -0.02177019 -0.00023881 0.00892095
v -0.02169854 -0.00023696 0.00887540
v -0.02174527 -0.00023094 0.00890910
v -0.02168066 -0.00024001 0.00885829
v -0.02169532 -0.00029663 0.00885456
v -0.02177019 -0.00031649 0.00889835
v -0.02185554 -0.00024231 0.00894577
v -0.02183992 -0.00022449 0.00894511
v -0.02188355 -0.00022351 0.00895059
v -0.02178449 -0.00022747 0.00892847
v -0.02210469 -0.00029663 0.00885456
v -0.02210481 -0.00023749 0.00887240
v -0.02211935 -0.00024001 0.00885829
v -0.02207560 -0.00023333 0.00889572
v -0.02216286 -0.00022268 0.00880678
v -0.02212948 -0.00020502 0.00885149
v -0.02213294 -0.00016887 0.00884562
v -0.02211935 -0.00009712 0.00883739
v -0.02210135 -0.00009514 0.00885465
v -0.02210469 -0.00004395 0.00881759
v -0.02216286 -0.00008809 0.00876690
v -0.02216286 -0.00005669 0.00873048
v -0.02216286 -0.00012848 0.00879300
v -0.02212948 -0.00013239 0.00884087
v -0.02216286 -0.00017459 0.00880666
v -0.02191646 -0.00008649 0.00893055
v -0.02185852 -0.00008676 0.00892816
v -0.02196009 -0.00008712 0.00892501
v -0.02185554 -0.00006986 0.00892054
v -0.02181561 -0.00008780 0.00891904
v -0.02176172 -0.00009022 0.00889773
v -0.02172441 -0.00009280 0.00887516
v -0.02177019 -0.00008032 0.00889777
v -0.02163715 -0.00008809 0.00876690
v -0.02163715 -0.00026961 0.00848598
v -0.02163715 -0.00031000 0.00851208
v -0.02167303 -0.00028447 0.00844244
v -0.02163715 -0.00022351 0.00847232
v -0.02166707 -0.00023161 0.00843370
v -0.02169532 -0.00010147 0.00842442
v -0.02177019 -0.00008160 0.00838062
v -0.02202982 -0.00008160 0.00838062
v -0.02216286 -0.00017542 0.00847220
v -0.02212841 -0.00018085 0.00842703
v -0.02216286 -0.00012925 0.00848563
v -0.02177019 -0.00038573 0.00842512
v -0.02216286 -0.00036127 0.00859229
v -0.02216286 -0.00034140 0.00854850
v -0.02216286 -0.00031000 0.00851208
v -0.02216286 -0.00026961 0.00848598
v -0.02216286 -0.00022351 0.00847232
v -0.02216286 -0.00026885 0.00879334
v -0.02216286 -0.00030937 0.00876745
v -0.02216286 -0.00034095 0.00873118
v -0.02216286 -0.00036104 0.00868749
v -0.02216286 -0.00008873 0.00851153
v -0.02216286 -0.00005715 0.00854779
v -0.02219982 -0.00012510 0.00859171
v -0.02216286 -0.00003706 0.00859149
v -0.02213234 -0.00024737 0.00843611
v -0.02210469 -0.00035327 0.00881836
v -0.02210469 -0.00039741 0.00876766
v -0.02210469 -0.00042549 0.00870659
v -0.02210469 -0.00043522 0.00864007
v -0.02205474 -0.00009125 0.00888867
v -0.02210469 -0.00000005 0.00876668
v -0.02216286 -0.00003682 0.00868669
v -0.02219982 -0.00011101 0.00863927
v -0.02210469 0.00002739 0.00857239
v -0.02210469 0.00003712 0.00863890
v -0.02210469 -0.00000069 0.00851131
v -0.02210469 -0.00004483 0.00846062
v -0.02210469 -0.00010147 0.00842442
v -0.02219982 -0.00028346 0.00866450
v -0.02216286 -0.00036800 0.00863991
v -0.02210469 -0.00042582 0.00857351
v -0.02202982 -0.00043856 0.00848640
v -0.02194447 -0.00040219 0.00840622
v -0.02193648 -0.00033592 0.00836094
v -0.02202982 -0.00023881 0.00892095
v -0.02203829 -0.00022933 0.00891809
v -0.02202982 -0.00031649 0.00889835
v -0.02202982 -0.00038467 0.00885478
v -0.02202982 -0.00043780 0.00879376
v -0.02202982 -0.00047159 0.00872025
v -0.02202982 -0.00048331 0.00864019
v -0.02202982 -0.00047199 0.00856008
v -0.02202982 0.00008521 0.00863878
v -0.02202982 0.00007389 0.00871890
v -0.02202982 0.00007350 0.00855873
v -0.02202982 0.00003970 0.00848521
v -0.02202982 -0.00001343 0.00842420
v -0.02194447 -0.00049605 0.00855308
v -0.02194447 -0.00045968 0.00847290
v -0.02194447 -0.00050837 0.00864025
v -0.02194447 -0.00049562 0.00872737
v -0.02194447 -0.00045885 0.00880736
v -0.02194447 -0.00040103 0.00887376
v -0.02194447 -0.00032685 0.00892117
v -0.02194447 0.00000409 0.00887275
v -0.02202982 0.00004047 0.00879258
v -0.02210469 0.00002772 0.00870546
v -0.02216286 -0.00003010 0.00863907
v -0.02219982 -0.00011464 0.00861447
v -0.02194447 0.00009796 0.00872590
v -0.02194447 0.00006158 0.00880607
v -0.02194447 0.00011027 0.00863872
v -0.02194447 0.00009752 0.00855161
v -0.02194447 0.00006075 0.00847161
v -0.02194447 0.00000293 0.00840522
v -0.02185554 -0.00045968 0.00847290
v -0.02185554 -0.00040219 0.00840622
v -0.02185554 -0.00049605 0.00855308
v -0.02185554 -0.00050837 0.00864025
v -0.02185554 -0.00049562 0.00872737
v -0.02185554 -0.00045885 0.00880736
v -0.02185554 -0.00040103 0.00887376
v -0.02185554 -0.00032685 0.00892117
v -0.02185554 0.00006158 0.00880607
v -0.02185554 0.00000409 0.00887275
v -0.02185554 0.00009796 0.00872590
v -0.02185554 0.00011027 0.00863872
v -0.02185554 0.00009752 0.00855161
v -0.02185554 0.00006075 0.00847161
v -0.02185554 0.00000293 0.00840522
v -0.02185554 -0.00007125 0.00835780
v -0.02185804 -0.00033035 0.00835902
v -0.02177019 -0.00043856 0.00848640
v -0.02177019 -0.00047199 0.00856008
v -0.02177019 -0.00048331 0.00864019
v -0.02177019 -0.00047159 0.00872025
v -0.02177019 -0.00043780 0.00879376
v -0.02177019 -0.00038467 0.00885478
v -0.02177019 -0.00001343 0.00842420
v -0.02177019 0.00003970 0.00848521
v -0.02177019 0.00007350 0.00855873
v -0.02177019 0.00008521 0.00863878
v -0.02177019 0.00007389 0.00871890
v -0.02177019 0.00004047 0.00879258
v -0.02177019 -0.00001237 0.00885386
v -0.02169532 -0.00035327 0.00881836
v -0.02169532 -0.00039741 0.00876766
v -0.02169532 -0.00042549 0.00870659
v -0.02169532 -0.00043522 0.00864007
v -0.02169532 -0.00042582 0.00857351
v -0.02169532 -0.00039804 0.00851230
v -0.02169532 -0.00035415 0.00846139
v -0.02169532 -0.00004483 0.00846062
v -0.02169532 -0.00000069 0.00851131
v -0.02169532 0.00002739 0.00857239
v -0.02169532 0.00003712 0.00863890
v -0.02169532 0.00002772 0.00870546
v -0.02169532 -0.00000005 0.00876668
v -0.02169532 -0.00004395 0.00881759
v -0.02166719 -0.00017679 0.00884681
v -0.02163715 -0.00017459 0.00880666
v -0.02166898 -0.00019567 0.00884986
v -0.02163715 -0.00022268 0.00880678
v -0.02163715 -0.00026885 0.00879334
v -0.02163715 -0.00030937 0.00876745
v -0.02163715 -0.00034095 0.00873118
v -0.02163715 -0.00036104 0.00868749
v -0.02163715 -0.00036800 0.00863991
v -0.02163715 -0.00036127 0.00859229
v -0.02163715 -0.00034140 0.00854850
v -0.02166898 -0.00019797 0.00842910
v -0.02163715 -0.00017542 0.00847220
v -0.02163715 -0.00012925 0.00848563
v -0.02163715 -0.00008873 0.00851153
v -0.02163715 -0.00005715 0.00854779
v -0.02163715 -0.00003706 0.00859149
v -0.02163715 -0.00003010 0.00863907
v -0.02163715 -0.00003682 0.00868669
v -0.02163715 -0.00005669 0.00873048
v -0.02205569 -0.00050973 0.00900760
v -0.02211935 -0.00053304 0.00896223
v -0.02211935 -0.00051734 0.00895432
v -0.02205569 -0.00037169 0.00894808
v -0.02198083 -0.00036097 0.00897841
v -0.02211935 -0.00028863 0.00886960
v -0.02211935 -0.00038868 0.00889999
v -0.02190001 -0.00035731 0.00898877
v -0.02181918 -0.00036097 0.00897841
v -0.02174432 -0.00037169 0.00894808
v -0.02168066 -0.00038868 0.00889999
v -0.02172441 -0.00064278 0.00907226
v -0.02168066 -0.00053304 0.00896223
v -0.02168066 -0.00066542 0.00904171
v -0.02174432 -0.00050973 0.00900760
v -0.02176172 -0.00062927 0.00909052
v -0.02181918 -0.00049503 0.00903622
v -0.02185852 -0.00061106 0.00911514
v -0.02191646 -0.00060963 0.00911707
v -0.02181561 -0.00061651 0.00910776
v -0.02190001 -0.00049001 0.00904599
v -0.02198083 -0.00049503 0.00903622
v -0.02196009 -0.00061294 0.00911259
v -0.02201552 -0.00062299 0.00909900
v -0.02205474 -0.00063470 0.00908319
v -0.02210135 -0.00065507 0.00905568
v -0.02211935 -0.00066542 0.00904171
v -0.02174432 -0.00163425 0.00998338
v -0.02168066 -0.00158325 0.00998390
v -0.02168066 -0.00157259 0.00981593
v -0.02174432 -0.00162326 0.00981000
v -0.02168066 -0.00154417 0.00965003
v -0.02205569 -0.00163425 0.00998338
v -0.02211935 -0.00158325 0.00998390
v -0.02211935 -0.00158294 0.01003496
v -0.02172441 -0.00153604 0.00948108
v -0.02168066 -0.00150036 0.00949418
v -0.02174432 -0.00159391 0.00963876
v -0.02176172 -0.00155737 0.00947324
v -0.02181918 -0.00162529 0.00963164
v -0.02181561 -0.00157749 0.00946584
v -0.02185852 -0.00158610 0.00946268
v -0.02190001 -0.00163600 0.00962922
v -0.02191646 -0.00158836 0.00946185
v -0.02198083 -0.00162529 0.00963164
v -0.02196009 -0.00158312 0.00946377
v -0.02201552 -0.00156726 0.00946961
v -0.02205569 -0.00159391 0.00963876
v -0.02205474 -0.00154878 0.00947640
v -0.02210147 -0.00151665 0.00948820
v -0.02211935 -0.00154417 0.00965003
v -0.02211935 -0.00150036 0.00949418
v -0.02207560 -0.00161436 0.01015016
v -0.02211935 -0.00157661 0.01014566
v -0.02203829 -0.00163692 0.01015286
v -0.02198083 -0.00166642 0.00998306
v -0.02198441 -0.00165821 0.01015541
v -0.02194137 -0.00166731 0.01015651
v -0.02190001 -0.00167741 0.00998295
v -0.02188355 -0.00166970 0.01015679
v -0.02181918 -0.00166642 0.00998306
v -0.02183992 -0.00166416 0.01015613
v -0.02178449 -0.00164738 0.01015412
v -0.02174527 -0.00162784 0.01015178
v -0.02169854 -0.00159384 0.01014771
v -0.02168066 -0.00157661 0.01014566
v -0.02211935 -0.00156241 0.00974349
v -0.02211935 -0.00157259 0.00981593
v -0.02205569 -0.00162326 0.00981000
v -0.02181918 -0.00165521 0.00980626
v -0.02190001 -0.00166612 0.00980498
v -0.02198083 -0.00165521 0.00980626
v -0.02158744 -0.00127776 0.00949213
v -0.02160019 -0.00134710 0.00943788
v -0.02160019 -0.00132901 0.00942054
v -0.02160019 -0.00130676 0.00940900
v -0.02160019 -0.00128217 0.00940420
v -0.02160019 -0.00125722 0.00940652
v -0.02160019 -0.00123393 0.00941578
v -0.02160019 -0.00121419 0.00943122
v -0.02160019 -0.00119961 0.00945159
v -0.02160019 -0.00119135 0.00947526
v -0.02160019 -0.00119010 0.00950028
v -0.02160019 -0.00119595 0.00952465
v -0.02160019 -0.00120842 0.00954638
v -0.02160019 -0.00122652 0.00956372
v -0.02160019 -0.00124876 0.00957526
v -0.02160019 -0.00127336 0.00958006
v -0.02160019 -0.00129831 0.00957774
v -0.02160019 -0.00132159 0.00956849
v -0.02160019 -0.00134133 0.00955304
v -0.02160019 -0.00135592 0.00953267
v -0.02160019 -0.00136417 0.00950901
v -0.02160019 -0.00136543 0.00948398
v -0.02160019 -0.00135958 0.00945961
v -0.02186353 -0.00151717 0.00929463
v -0.02194185 -0.00152032 0.00929961
v -0.02194447 -0.00145781 0.00924061
v -0.02202982 -0.00099877 0.00943764
v -0.02202982 -0.00099472 0.00951845
v -0.02194447 -0.00096977 0.00952077
v -0.02219982 -0.00130676 0.00940900
v -0.02219982 -0.00132901 0.00942054
v -0.02221245 -0.00127776 0.00949213
v -0.02219982 -0.00134710 0.00943788
v -0.02219982 -0.00135958 0.00945961
v -0.02219982 -0.00119010 0.00950028
v -0.02219982 -0.00119135 0.00947526
v -0.02219982 -0.00119961 0.00945159
v -0.02219982 -0.00121419 0.00943122
v -0.02219982 -0.00120842 0.00954638
v -0.02219982 -0.00119595 0.00952465
v -0.02219982 -0.00127336 0.00958006
v -0.02219982 -0.00124876 0.00957526
v -0.02219982 -0.00122652 0.00956372
v -0.02219982 -0.00136543 0.00948398
v -0.02219982 -0.00136417 0.00950901
v -0.02219982 -0.00135592 0.00953267
v -0.02219982 -0.00134133 0.00955304
v -0.02202982 -0.00155675 0.00954662
v -0.02188355 -0.00152440 0.00930093
v -0.02163715 -0.00110954 0.00950777
v -0.02168066 -0.00105541 0.00950281
v -0.02167089 -0.00106939 0.00953363
v -0.02201552 -0.00099003 0.00953121
v -0.02194447 -0.00103415 0.00968274
v -0.02194149 -0.00102283 0.00966805
v -0.02198441 -0.00103146 0.00966494
v -0.02177019 -0.00105388 0.00966730
v -0.02169854 -0.00109241 0.00964292
v -0.02174527 -0.00106021 0.00965456
v -0.02168066 -0.00110875 0.00963700
v -0.02169532 -0.00114029 0.00968417
v -0.02177019 -0.00111230 0.00972327
v -0.02185554 -0.00103415 0.00968274
v -0.02183992 -0.00102581 0.00966698
v -0.02188355 -0.00102057 0.00966887
v -0.02178449 -0.00104171 0.00966124
v -0.02210469 -0.00114029 0.00968417
v -0.02210481 -0.00109528 0.00964188
v -0.02211935 -0.00110875 0.00963700
v -0.02207560 -0.00107300 0.00964994
v -0.02216286 -0.00114470 0.00959624
v -0.02212948 -0.00109715 0.00960331
v -0.02213294 -0.00108416 0.00956907
v -0.02211935 -0.00105541 0.00950281
v -0.02210135 -0.00103947 0.00950973
v -0.02210469 -0.00104597 0.00944686
v -0.02216286 -0.00111195 0.00945975
v -0.02216286 -0.00112779 0.00941434
v -0.02216286 -0.00110954 0.00950777
v -0.02212948 -0.00107003 0.00953509
v -0.02216286 -0.00112076 0.00955454
v -0.02191646 -0.00096942 0.00954018
v -0.02185852 -0.00097162 0.00953922
v -0.02196009 -0.00097453 0.00953796
v -0.02185554 -0.00096977 0.00952077
v -0.02181561 -0.00098004 0.00953556
v -0.02176172 -0.00099970 0.00952701
v -0.02172441 -0.00102054 0.00951795
v -0.02177019 -0.00099472 0.00951845
v -0.02163715 -0.00111195 0.00945975
v -0.02163715 -0.00144599 0.00947649
v -0.02163715 -0.00144358 0.00952452
v -0.02167303 -0.00149113 0.00946758
v -0.02163715 -0.00143477 0.00942973
v -0.02166707 -0.00147226 0.00941744
v -0.02169532 -0.00141523 0.00930009
v -0.02169854 -0.00145416 0.00933100
v -0.02174527 -0.00148563 0.00931752
v -0.02168066 -0.00143821 0.00933783
v -0.02177019 -0.00144322 0.00926099
v -0.02178449 -0.00150373 0.00930978
v -0.02183992 -0.00151927 0.00930313
v -0.02198441 -0.00151375 0.00930549
v -0.02203829 -0.00149404 0.00931392
v -0.02202982 -0.00144322 0.00926099
v -0.02207560 -0.00147316 0.00932286
v -0.02211935 -0.00143821 0.00933783
v -0.02210469 -0.00141523 0.00930009
v -0.02216286 -0.00143477 0.00942973
v -0.02213234 -0.00146450 0.00939821
v -0.02216286 -0.00144599 0.00947649
v -0.02210469 -0.00150955 0.00953740
v -0.02216286 -0.00144358 0.00952452
v -0.02216286 -0.00142774 0.00956992
v -0.02212841 -0.00148868 0.00946077
v -0.02177019 -0.00155675 0.00954662
v -0.02216286 -0.00117942 0.00962951
v -0.02216286 -0.00122211 0.00965165
v -0.02216286 -0.00126931 0.00966087
v -0.02216286 -0.00131719 0.00965642
v -0.02216286 -0.00141082 0.00938802
v -0.02216286 -0.00137610 0.00935475
v -0.02216286 -0.00133342 0.00933261
v -0.02216286 -0.00128622 0.00932339
v -0.02219982 -0.00128217 0.00940420
v -0.02216286 -0.00123834 0.00932785
v -0.02210469 -0.00148741 0.00960087
v -0.02216286 -0.00139975 0.00960902
v -0.02219982 -0.00132159 0.00956849
v -0.02210469 -0.00119997 0.00971512
v -0.02210469 -0.00126594 0.00972801
v -0.02210469 -0.00133287 0.00972178
v -0.02210469 -0.00139534 0.00969695
v -0.02205474 -0.00100807 0.00952337
v -0.02210469 -0.00106811 0.00938339
v -0.02216286 -0.00115578 0.00937524
v -0.02219982 -0.00123393 0.00941578
v -0.02210469 -0.00122265 0.00926248
v -0.02210469 -0.00116018 0.00928731
v -0.02210469 -0.00128958 0.00925626
v -0.02210469 -0.00135556 0.00926914
v -0.02219982 -0.00129831 0.00957774
v -0.02216286 -0.00136187 0.00963865
v -0.02210469 -0.00144828 0.00965553
v -0.02202982 -0.00153010 0.00962301
v -0.02194447 -0.00158135 0.00955142
v -0.02193648 -0.00158743 0.00947139
v -0.02202982 -0.00105388 0.00966730
v -0.02203829 -0.00105163 0.00965766
v -0.02202982 -0.00111230 0.00972327
v -0.02202982 -0.00118413 0.00976053
v -0.02202982 -0.00126353 0.00977604
v -0.02202982 -0.00134409 0.00976854
v -0.02202982 -0.00141928 0.00973866
v -0.02202982 -0.00148300 0.00968880
v -0.02202982 -0.00113624 0.00924560
v -0.02202982 -0.00107252 0.00929546
v -0.02202982 -0.00121143 0.00921572
v -0.02202982 -0.00129199 0.00920823
v -0.02202982 -0.00137140 0.00922374
v -0.02194447 -0.00150110 0.00970614
v -0.02194447 -0.00155234 0.00963455
v -0.02194447 -0.00143176 0.00976039
v -0.02194447 -0.00134994 0.00979291
v -0.02194447 -0.00126228 0.00980106
v -0.02194447 -0.00117587 0.00978419
v -0.02194447 -0.00109772 0.00974365
v -0.02194447 -0.00097418 0.00943284
v -0.02202982 -0.00102543 0.00936125
v -0.02210469 -0.00110724 0.00932873
v -0.02216286 -0.00119365 0.00934561
v -0.02219982 -0.00125722 0.00940652
v -0.02194447 -0.00105443 0.00927812
v -0.02194447 -0.00100318 0.00934971
v -0.02194447 -0.00112377 0.00922387
v -0.02194447 -0.00120558 0.00919135
v -0.02194447 -0.00129325 0.00918320
v -0.02194447 -0.00137965 0.00920008
v -0.02194137 -0.00152219 0.00930188
v -0.02185554 -0.00155234 0.00963455
v -0.02185554 -0.00158135 0.00955142
v -0.02185554 -0.00150110 0.00970614
v -0.02185554 -0.00143176 0.00976039
v -0.02185554 -0.00134994 0.00979291
v -0.02185554 -0.00126228 0.00980106
v -0.02185554 -0.00117587 0.00978419
v -0.02185554 -0.00109772 0.00974365
v -0.02185554 -0.00100318 0.00934971
v -0.02185554 -0.00097418 0.00943284
v -0.02185554 -0.00105443 0.00927812
v -0.02185554 -0.00112377 0.00922387
v -0.02185554 -0.00120558 0.00919135
v -0.02185554 -0.00129325 0.00918320
v -0.02185554 -0.00137965 0.00920008
v -0.02185554 -0.00145781 0.00924061
v -0.02185804 -0.00158630 0.00946561
v -0.02177019 -0.00153010 0.00962301
v -0.02177019 -0.00148300 0.00968880
v -0.02177019 -0.00141928 0.00973866
v -0.02177019 -0.00134409 0.00976854
v -0.02177019 -0.00126353 0.00977604
v -0.02177019 -0.00118413 0.00976053
v -0.02177019 -0.00137140 0.00922374
v -0.02177019 -0.00129199 0.00920823
v -0.02177019 -0.00121143 0.00921572
v -0.02177019 -0.00113624 0.00924560
v -0.02177019 -0.00107252 0.00929546
v -0.02177019 -0.00102543 0.00936125
v -0.02177019 -0.00099877 0.00943764
v -0.02169532 -0.00119997 0.00971512
v -0.02169532 -0.00126594 0.00972801
v -0.02169532 -0.00133287 0.00972178
v -0.02169532 -0.00139534 0.00969695
v -0.02169532 -0.00144828 0.00965553
v -0.02169532 -0.00148741 0.00960087
v -0.02169532 -0.00150955 0.00953740
v -0.02169532 -0.00135556 0.00926914
v -0.02169532 -0.00128958 0.00925626
v -0.02169532 -0.00122265 0.00926248
v -0.02169532 -0.00116018 0.00928731
v -0.02169532 -0.00110724 0.00932873
v -0.02169532 -0.00106811 0.00938339
v -0.02169532 -0.00104597 0.00944686
v -0.02166719 -0.00108709 0.00957652
v -0.02163715 -0.00112076 0.00955454
v -0.02166898 -0.00109388 0.00959439
v -0.02163715 -0.00114470 0.00959624
v -0.02163715 -0.00117942 0.00962951
v -0.02163715 -0.00122211 0.00965165
v -0.02163715 -0.00126931 0.00966087
v -0.02163715 -0.00131719 0.00965642
v -0.02163715 -0.00136187 0.00963865
v -0.02163715 -0.00139975 0.00960902
v -0.02163715 -0.00142774 0.00956992
v -0.02166898 -0.00145943 0.00938600
v -0.02163715 -0.00141082 0.00938802
v -0.02163715 -0.00137610 0.00935475
v -0.02163715 -0.00133342 0.00933261
v -0.02163715 -0.00128622 0.00932339
v -0.02163715 -0.00123834 0.00932785
v -0.02163715 -0.00119365 0.00934561
v -0.02163715 -0.00115578 0.00937524
v -0.02163715 -0.00112779 0.00941434
v -0.02249999 -0.00060017 0.00947105
v -0.02249617 -0.00058582 0.00948370
v -0.02249999 -0.00049608 0.00937239
v -0.02249617 -0.00066859 0.00959660
v -0.02249999 -0.00068497 0.00958672
v -0.02249617 -0.00072988 0.00972247
v -0.02249999 -0.00074776 0.00971567
v -0.02249617 -0.00076770 0.00985725
v -0.02249999 -0.00078651 0.00985376
v -0.02249617 -0.00078085 0.00999663
v -0.02249999 -0.00079999 0.00999655
v -0.02249617 -0.00076891 0.01013611
v -0.02249999 -0.00078775 0.01013944
v -0.02249617 -0.00073225 0.01027122
v -0.02249999 -0.00075019 0.01027786
v -0.02249617 -0.00067205 0.01039761
v -0.02249999 -0.00068852 0.01040735
v -0.02249617 -0.00059026 0.01051122
v -0.02249999 -0.00060472 0.01052374
v -0.02249617 -0.00048949 0.01060840
v -0.02249999 -0.00050149 0.01062331
v -0.02249617 -0.00037299 0.01068602
v -0.02249999 -0.00038213 0.01070283
v -0.02249617 -0.00024450 0.01074160
v -0.02249999 -0.00025049 0.01075977
v -0.02249617 -0.00010816 0.01077334
v -0.02249999 -0.00011081 0.01079229
v -0.02249617 0.00003167 0.01078023
v -0.02249999 0.00003244 0.01079935
v -0.02249617 0.00017047 0.01076203
v -0.02249999 0.00017465 0.01078071
v -0.02249617 0.00030380 0.01071935
v -0.02249999 0.00031124 0.01073698
v -0.02249617 0.00042736 0.01065355
v -0.02249999 0.00043783 0.01066956
v -0.02249617 0.00053719 0.01056674
v -0.02249999 0.00055035 0.01058062
v -0.02249617 0.00062975 0.01046171
v -0.02249999 0.00064518 0.01047303
v -0.02249617 0.00070207 0.01034185
v -0.02249999 0.00071927 0.01035022
v -0.02249617 0.00075183 0.01021099
v -0.02249999 0.00077025 0.01021616
v -0.02249617 0.00077742 0.01007336
v -0.02249999 0.00079647 0.01007516
v -0.02249617 0.00077802 0.00993337
v -0.02249999 0.00079709 0.00993174
v -0.02249617 0.00075362 0.00979552
v -0.02249999 0.00077209 0.00979051
v -0.02249617 0.00070500 0.00966424
v -0.02249999 0.00072227 0.00965601
v -0.02249617 0.00063372 0.00954376
v -0.02249999 0.00064925 0.00953258
v -0.02249617 0.00054207 0.00943794
v -0.02249999 0.00055535 0.00942416
v -0.02249617 0.00043300 0.00935018
v -0.02249999 0.00044360 0.00933426
v -0.02249617 0.00031001 0.00928331
v -0.02249999 0.00031760 0.00926575
v -0.02249617 0.00017705 0.00923947
v -0.02249999 0.00018139 0.00922084
v -0.02249617 0.00003841 0.00922008
v -0.02249999 0.00003935 0.00920097
v -0.02249617 -0.00010147 0.00922576
v -0.02249999 -0.00010395 0.00920679
v -0.02249617 -0.00023808 0.00925632
v -0.02249999 -0.00024392 0.00923810
v -0.02249617 -0.00036705 0.00931078
v -0.02249999 -0.00037604 0.00929389
v -0.02249617 -0.00048421 0.00938740
v -0.02248532 -0.00057365 0.00949443
v -0.02248532 -0.00065470 0.00960498
v -0.02248532 -0.00071471 0.00972823
v -0.02248532 -0.00075175 0.00986022
v -0.02248532 -0.00076463 0.00999670
v -0.02248532 -0.00075293 0.01013328
v -0.02248532 -0.00071704 0.01026558
v -0.02248532 -0.00065809 0.01038935
v -0.02248532 -0.00057800 0.01050060
v -0.02248532 -0.00047932 0.01059576
v -0.02248532 -0.00036524 0.01067177
v -0.02248532 -0.00023942 0.01072620
v -0.02248532 -0.00010591 0.01075728
v -0.02248532 0.00003101 0.01076402
v -0.02248532 0.00016693 0.01074621
v -0.02248532 0.00029749 0.01070441
v -0.02248532 0.00041848 0.01063997
v -0.02248532 0.00052603 0.01055496
v -0.02248532 0.00061667 0.01045212
v -0.02248532 0.00068749 0.01033475
v -0.02248532 0.00073621 0.01020661
v -0.02248532 0.00076127 0.01007184
v -0.02248532 0.00076186 0.00993475
v -0.02248532 0.00073797 0.00979977
v -0.02248532 0.00069035 0.00967122
v -0.02248532 0.00062055 0.00955323
v -0.02248532 0.00053081 0.00944961
v -0.02248532 0.00042400 0.00936368
v -0.02248532 0.00030357 0.00929820
v -0.02248532 0.00017338 0.00925527
v -0.02248532 0.00003761 0.00923628
v -0.02248532 -0.00009936 0.00924184
v -0.02248532 -0.00023314 0.00927177
v -0.02248532 -0.00035942 0.00932510
v -0.02248532 -0.00047415 0.00940012
v -0.02246911 -0.00056552 0.00950160
v -0.02246911 -0.00064542 0.00961058
v -0.02246911 -0.00070458 0.00973209
v -0.02246911 -0.00074110 0.00986220
v -0.02246911 -0.00075379 0.00999674
v -0.02246911 -0.00074226 0.01013139
v -0.02246911 -0.00070687 0.01026182
v -0.02246911 -0.00064876 0.01038383
v -0.02246911 -0.00056980 0.01049350
v -0.02246911 -0.00047253 0.01058732
v -0.02246911 -0.00036007 0.01066225
v -0.02246911 -0.00023603 0.01071590
v -0.02246911 -0.00010441 0.01074654
v -0.02246911 0.00003057 0.01075319
v -0.02246911 0.00016456 0.01073563
v -0.02246911 0.00029327 0.01069442
v -0.02246911 0.00041255 0.01063090
v -0.02246911 0.00051857 0.01054710
v -0.02246911 0.00060793 0.01044571
v -0.02246911 0.00067774 0.01033000
v -0.02246911 0.00072577 0.01020368
v -0.02246911 0.00075048 0.01007082
v -0.02246911 0.00075106 0.00993568
v -0.02246911 0.00072751 0.00980261
v -0.02246911 0.00068057 0.00967588
v -0.02246911 0.00061176 0.00955957
v -0.02246911 0.00052328 0.00945741
v -0.02246911 0.00041799 0.00937270
v -0.02246911 0.00029926 0.00930814
v -0.02246911 0.00017092 0.00926583
v -0.02246911 0.00003708 0.00924711
v -0.02246911 -0.00009795 0.00925259
v -0.02246911 -0.00022983 0.00928209
v -0.02246911 -0.00035433 0.00933467
v -0.02246911 -0.00046743 0.00940863
v -0.02245004 -0.00056266 0.00950411
v -0.02245004 -0.00064216 0.00961255
v -0.02245004 -0.00070103 0.00973344
v -0.02245004 -0.00073736 0.00986290
v -0.02245004 -0.00074999 0.00999676
v -0.02245004 -0.00073851 0.01013073
v -0.02245004 -0.00070330 0.01026050
v -0.02245004 -0.00064549 0.01038189
v -0.02245004 -0.00056693 0.01049101
v -0.02245004 -0.00047014 0.01058435
v -0.02245004 -0.00035825 0.01065891
v -0.02245004 -0.00023484 0.01071229
v -0.02245004 -0.00010388 0.01074277
v -0.02245004 0.00003041 0.01074939
v -0.02245004 0.00016373 0.01073191
v -0.02245004 0.00029179 0.01069092
v -0.02245004 0.00041047 0.01062771
v -0.02245004 0.00051595 0.01054433
v -0.02245004 0.00060486 0.01044346
v -0.02245004 0.00067432 0.01032833
v -0.02245004 0.00072211 0.01020265
v -0.02245004 0.00074669 0.01007046
v -0.02245004 0.00074727 0.00993600
v -0.02245004 0.00072383 0.00980360
v -0.02245004 0.00067713 0.00967751
v -0.02245004 0.00060867 0.00956179
v -0.02245004 0.00052064 0.00946015
v -0.02245004 0.00041588 0.00937586
v -0.02245004 0.00029775 0.00931164
v -0.02245004 0.00017006 0.00926954
v -0.02245004 0.00003689 0.00925091
v -0.02245004 -0.00009746 0.00925636
v -0.02245004 -0.00022867 0.00928572
v -0.02245004 -0.00035254 0.00933803
v -0.02245004 -0.00046507 0.00941161
v -0.02249999 0.00098589 0.00937618
v -0.02249999 0.00109404 0.00959479
v -0.02249999 0.00083464 0.00918484
v -0.02249999 0.00064692 0.00902912
v -0.02249999 0.00043093 0.00891584
v -0.02249999 0.00019610 0.00884993
v -0.02249999 -0.00004730 0.00883430
v -0.02249999 -0.00116426 0.00992520
v -0.02249999 -0.00112327 0.00968477
v -0.02249999 -0.00115437 0.01016890
v -0.02249999 -0.00109403 0.01040522
v -0.02249999 -0.00098588 0.01062382
v -0.02249999 -0.00083463 0.01081517
v -0.02249999 -0.00064691 0.01097088
v -0.02249999 -0.00028863 0.00886960
v -0.02249999 -0.00051734 0.00895432
v -0.02249999 -0.00072345 0.00908473
v -0.02249999 -0.00089794 0.00925515
v -0.02249999 -0.00103318 0.00945812
v -0.02249999 -0.00043092 0.01108417
v -0.02249999 -0.00019609 0.01115007
v -0.02249999 0.00004731 0.01116571
v -0.02249999 0.00028864 0.01113040
v -0.02249999 0.00051736 0.01104569
v -0.02249999 0.00072346 0.01091528
v -0.02249999 0.00089795 0.01074486
v -0.02249999 0.00103319 0.01054189
v -0.02249999 0.00112328 0.01031524
v -0.02249999 0.00116427 0.01007481
v -0.02249999 0.00115438 0.00983111
v -0.02213294 -0.00091526 0.01072347
v -0.02212948 -0.00089199 0.01075197
v -0.02212948 -0.00093751 0.01069439
v -0.02211935 -0.00095829 0.01066543
v -0.02212948 -0.00069422 0.00906237
v -0.02213294 -0.00072345 0.00908473
v -0.02212948 -0.00115912 0.01013240
v -0.02213294 -0.00115437 0.01016890
v -0.02211935 -0.00116261 0.01009713
v -0.02211935 0.00103319 0.01054189
v -0.02211935 0.00089795 0.01074486
v -0.02211935 0.00064692 0.00902912
v -0.02211935 0.00083464 0.00918484
v -0.02211935 -0.00004730 0.00883430
v -0.02211935 0.00019610 0.00884993
v -0.02211935 -0.00103318 0.00945812
v -0.02211935 -0.00089794 0.00925515
v -0.02211935 -0.00077871 0.00913126
v -0.02212948 -0.00075181 0.00910788
v -0.02211935 -0.00116426 0.00992520
v -0.02211935 -0.00112327 0.00968477
v -0.02211935 -0.00098588 0.01062382
v -0.02211935 -0.00109403 0.01040522
v -0.02211935 -0.00114171 0.01024002
v -0.02212948 -0.00114850 0.01020504
v -0.02211935 -0.00064691 0.01097088
v -0.02211935 -0.00083463 0.01081517
v -0.02211935 -0.00086874 0.01077872
v -0.02211935 0.00004731 0.01116571
v -0.02211935 -0.00019609 0.01115007
v -0.02158744 -0.00107871 0.01085265
v -0.02160019 -0.00116036 0.01088557
v -0.02160019 -0.00116633 0.01086123
v -0.02160019 -0.00116520 0.01083620
v -0.02160019 -0.00115706 0.01081250
v -0.02160019 -0.00114258 0.01079205
v -0.02160019 -0.00112292 0.01077651
v -0.02160019 -0.00109968 0.01076714
v -0.02160019 -0.00107474 0.01076469
v -0.02160019 -0.00105012 0.01076938
v -0.02160019 -0.00102782 0.01078080
v -0.02160019 -0.00100964 0.01079805
v -0.02160019 -0.00099705 0.01081972
v -0.02160019 -0.00099109 0.01084406
v -0.02160019 -0.00099222 0.01086909
v -0.02160019 -0.00100035 0.01089280
v -0.02160019 -0.00101484 0.01091324
v -0.02160019 -0.00103450 0.01092878
v -0.02160019 -0.00105774 0.01093815
v -0.02160019 -0.00108268 0.01094060
v -0.02160019 -0.00110730 0.01093592
v -0.02160019 -0.00112960 0.01092449
v -0.02160019 -0.00114778 0.01090724
v -0.02185804 -0.00136681 0.01096621
v -0.02193648 -0.00136939 0.01096141
v -0.02194447 -0.00138655 0.01088281
v -0.02202982 -0.00098640 0.01058379
v -0.02202982 -0.00091440 0.01062069
v -0.02194447 -0.00089991 0.01060024
v -0.02219982 -0.00116036 0.01088557
v -0.02219982 -0.00114778 0.01090724
v -0.02221245 -0.00107871 0.01085265
v -0.02219982 -0.00115706 0.01081250
v -0.02219982 -0.00116520 0.01083620
v -0.02219982 -0.00116633 0.01086123
v -0.02219982 -0.00102782 0.01078080
v -0.02219982 -0.00105012 0.01076938
v -0.02219982 -0.00107474 0.01076469
v -0.02219982 -0.00109968 0.01076714
v -0.02219982 -0.00099705 0.01081972
v -0.02219982 -0.00100964 0.01079805
v -0.02219982 -0.00100035 0.01089280
v -0.02219982 -0.00099222 0.01086909
v -0.02219982 -0.00099109 0.01084406
v -0.02219982 -0.00112960 0.01092449
v -0.02219982 -0.00110730 0.01093592
v -0.02219982 -0.00108268 0.01094060
v -0.02219982 -0.00105774 0.01093815
v -0.02169532 -0.00100202 0.01062927
v -0.02169854 -0.00094432 0.01065508
v -0.02168066 -0.00095829 0.01066543
v -0.02210469 -0.00084366 0.01082961
v -0.02210135 -0.00085545 0.01076752
v -0.02185852 -0.00136568 0.01096920
v -0.02169532 -0.00131375 0.01087568
v -0.02168066 -0.00129256 0.01091445
v -0.02172441 -0.00132300 0.01093723
v -0.02202982 -0.00117102 0.01112150
v -0.02203829 -0.00123487 0.01108535
v -0.02198441 -0.00125134 0.01109908
v -0.02210469 -0.00115540 0.01107602
v -0.02211935 -0.00118823 0.01104644
v -0.02207560 -0.00121742 0.01107080
v -0.02183992 -0.00125595 0.01110292
v -0.02178449 -0.00124296 0.01109209
v -0.02177019 -0.00117102 0.01112150
v -0.02169532 -0.00115540 0.01107602
v -0.02169854 -0.00120155 0.01105756
v -0.02168066 -0.00118823 0.01104644
v -0.02174527 -0.00122784 0.01107949
v -0.02166707 -0.00124366 0.01097993
v -0.02163715 -0.00117637 0.01099051
v -0.02166898 -0.00122236 0.01100637
v -0.02163715 -0.00121125 0.01095741
v -0.02163715 -0.00123540 0.01091583
v -0.02176172 -0.00134118 0.01095085
v -0.02177019 -0.00136161 0.01088037
v -0.02196009 -0.00136315 0.01096730
v -0.02201552 -0.00134962 0.01095716
v -0.02202982 -0.00136161 0.01088037
v -0.02205474 -0.00133386 0.01094536
v -0.02210147 -0.00130646 0.01092485
v -0.02210469 -0.00131375 0.01087568
v -0.02216286 -0.00121125 0.01095741
v -0.02213294 -0.00124219 0.01098179
v -0.02216286 -0.00117637 0.01099051
v -0.02212948 -0.00126814 0.01094802
v -0.02216286 -0.00113357 0.01101244
v -0.02216286 -0.00108633 0.01102143
v -0.02212948 -0.00121528 0.01101491
v -0.02216286 -0.00092202 0.01078947
v -0.02210469 -0.00100202 0.01062927
v -0.02210481 -0.00094677 0.01065690
v -0.02207560 -0.00092774 0.01064279
v -0.02216286 -0.00102385 0.01069285
v -0.02216286 -0.00107109 0.01068387
v -0.02216286 -0.00098105 0.01071478
v -0.02216286 -0.00094616 0.01074788
v -0.02194149 -0.00088486 0.01061107
v -0.02188355 -0.00088292 0.01060964
v -0.02198441 -0.00089224 0.01061652
v -0.02177019 -0.00081507 0.01074634
v -0.02172441 -0.00083966 0.01075422
v -0.02176172 -0.00082229 0.01073957
v -0.02168066 -0.00086874 0.01077872
v -0.02177019 -0.00079580 0.01082493
v -0.02181561 -0.00080590 0.01072574
v -0.02185852 -0.00079889 0.01071983
v -0.02185554 -0.00079183 0.01073697
v -0.02196009 -0.00080131 0.01072187
v -0.02201552 -0.00081423 0.01073277
v -0.02202982 -0.00081507 0.01074634
v -0.02216286 -0.00091056 0.01083617
v -0.02216286 -0.00091273 0.01088421
v -0.02216286 -0.00092835 0.01092969
v -0.02216286 -0.00095614 0.01096893
v -0.02216286 -0.00123540 0.01091583
v -0.02216286 -0.00124685 0.01086912
v -0.02216286 -0.00124468 0.01082108
v -0.02216286 -0.00122907 0.01077560
v -0.02216286 -0.00120127 0.01073636
v -0.02210469 -0.00108936 0.01108858
v -0.02216286 -0.00103847 0.01101674
v -0.02219982 -0.00103450 0.01092878
v -0.02210469 -0.00084669 0.01089677
v -0.02210469 -0.00086852 0.01096035
v -0.02210469 -0.00090738 0.01101520
v -0.02210469 -0.00096012 0.01105688
v -0.02203829 -0.00090948 0.01062928
v -0.02210469 -0.00106806 0.01061672
v -0.02216286 -0.00111895 0.01068856
v -0.02219982 -0.00112292 0.01077651
v -0.02210469 -0.00125004 0.01069009
v -0.02210469 -0.00119730 0.01064841
v -0.02210469 -0.00128889 0.01074495
v -0.02210469 -0.00131072 0.01080853
v -0.02219982 -0.00101484 0.01091324
v -0.02216286 -0.00099387 0.01099875
v -0.02210469 -0.00102246 0.01108202
v -0.02202982 -0.00109153 0.01113662
v -0.02194447 -0.00117915 0.01114520
v -0.02194185 -0.00125573 0.01110674
v -0.02194137 -0.00125838 0.01110495
v -0.02211935 -0.00129256 0.01091445
v -0.02202982 -0.00093597 0.01109847
v -0.02202982 -0.00101101 0.01112873
v -0.02202982 -0.00087249 0.01104830
v -0.02202982 -0.00082573 0.01098228
v -0.02202982 -0.00079945 0.01090575
v -0.02202982 -0.00079580 0.01082493
v -0.02205474 -0.00082927 0.01074546
v -0.02202982 -0.00122145 0.01060682
v -0.02202982 -0.00114641 0.01057657
v -0.02202982 -0.00128492 0.01065700
v -0.02202982 -0.00133169 0.01072302
v -0.02202982 -0.00135796 0.01079954
v -0.02194447 -0.00100504 0.01115307
v -0.02194447 -0.00109266 0.01116165
v -0.02194447 -0.00092339 0.01112014
v -0.02194447 -0.00085432 0.01106555
v -0.02194447 -0.00080342 0.01099370
v -0.02194447 -0.00077484 0.01091043
v -0.02194447 -0.00077086 0.01082248
v -0.02194447 -0.00079183 0.01073697
v -0.02191646 -0.00079705 0.01071828
v -0.02185554 -0.00089991 0.01060024
v -0.02183992 -0.00088741 0.01061295
v -0.02194447 -0.00097826 0.01056009
v -0.02202982 -0.00106589 0.01056868
v -0.02210469 -0.00113496 0.01062327
v -0.02216286 -0.00116355 0.01070654
v -0.02219982 -0.00114258 0.01079205
v -0.02194447 -0.00115238 0.01055223
v -0.02194447 -0.00106476 0.01054364
v -0.02194447 -0.00123403 0.01058515
v -0.02194447 -0.00130310 0.01063975
v -0.02194447 -0.00135399 0.01071159
v -0.02194447 -0.00138258 0.01079486
v -0.02191646 -0.00136761 0.01097064
v -0.02185554 -0.00109266 0.01116165
v -0.02185554 -0.00117915 0.01114520
v -0.02185554 -0.00100504 0.01115307
v -0.02185554 -0.00092339 0.01112014
v -0.02185554 -0.00085432 0.01106555
v -0.02185554 -0.00080342 0.01099370
v -0.02185554 -0.00077484 0.01091043
v -0.02185554 -0.00077086 0.01082248
v -0.02185554 -0.00106476 0.01054364
v -0.02185554 -0.00097826 0.01056009
v -0.02185554 -0.00115238 0.01055223
v -0.02185554 -0.00123403 0.01058515
v -0.02185554 -0.00130310 0.01063975
v -0.02185554 -0.00135399 0.01071159
v -0.02185554 -0.00138258 0.01079486
v -0.02185554 -0.00138655 0.01088281
v -0.02181561 -0.00135834 0.01096370
v -0.02186353 -0.00125166 0.01111036
v -0.02188355 -0.00126023 0.01110649
v -0.02177019 -0.00109153 0.01113662
v -0.02177019 -0.00101101 0.01112873
v -0.02177019 -0.00093597 0.01109847
v -0.02177019 -0.00087249 0.01104830
v -0.02177019 -0.00082573 0.01098228
v -0.02177019 -0.00079945 0.01090575
v -0.02177019 -0.00098640 0.01058379
v -0.02177019 -0.00091440 0.01062069
v -0.02177019 -0.00106589 0.01056868
v -0.02177019 -0.00114641 0.01057657
v -0.02177019 -0.00122145 0.01060682
v -0.02177019 -0.00128492 0.01065700
v -0.02177019 -0.00133169 0.01072302
v -0.02177019 -0.00135796 0.01079954
v -0.02169532 -0.00084366 0.01082961
v -0.02169532 -0.00084669 0.01089677
v -0.02169532 -0.00086852 0.01096035
v -0.02169532 -0.00090738 0.01101520
v -0.02169532 -0.00096012 0.01105688
v -0.02169532 -0.00102246 0.01108202
v -0.02169532 -0.00108936 0.01108858
v -0.02169532 -0.00131072 0.01080853
v -0.02169532 -0.00128889 0.01074495
v -0.02169532 -0.00125004 0.01069009
v -0.02169532 -0.00119730 0.01064841
v -0.02169532 -0.00113496 0.01062327
v -0.02169532 -0.00106806 0.01061672
v -0.02174527 -0.00091681 0.01063471
v -0.02178449 -0.00090100 0.01062300
v -0.02166719 -0.00092020 0.01071717
v -0.02163715 -0.00098105 0.01071478
v -0.02166898 -0.00093183 0.01070199
v -0.02163715 -0.00094616 0.01074788
v -0.02167089 -0.00089096 0.01075319
v -0.02163715 -0.00092202 0.01078947
v -0.02163715 -0.00091056 0.01083617
v -0.02163715 -0.00091273 0.01088421
v -0.02163715 -0.00092835 0.01092969
v -0.02163715 -0.00095614 0.01096893
v -0.02163715 -0.00099387 0.01099875
v -0.02163715 -0.00103847 0.01101674
v -0.02163715 -0.00108633 0.01102143
v -0.02163715 -0.00113357 0.01101244
v -0.02163715 -0.00102385 0.01069285
v -0.02163715 -0.00107109 0.01068387
v -0.02163715 -0.00111895 0.01068856
v -0.02163715 -0.00116355 0.01070654
v -0.02163715 -0.00120127 0.01073636
v -0.02163715 -0.00122907 0.01077560
v -0.02163715 -0.00124468 0.01082108
v -0.02163715 -0.00124685 0.01086912
v -0.02167303 -0.00127610 0.01093729
v -0.02174432 -0.00142361 0.01080274
v -0.02168066 -0.00137918 0.01077769
v -0.02168066 -0.00145394 0.01062689
v -0.02174432 -0.00150078 0.01064708
v -0.02168066 -0.00151227 0.01046900
v -0.02205569 -0.00142361 0.01080274
v -0.02211935 -0.00137918 0.01077769
v -0.02211935 -0.00132744 0.01086303
v -0.02198083 -0.00145163 0.01081854
v -0.02190001 -0.00146121 0.01082394
v -0.02181918 -0.00145163 0.01081854
v -0.02172441 -0.00158972 0.01031863
v -0.02168066 -0.00155226 0.01031213
v -0.02174432 -0.00156099 0.01048411
v -0.02176172 -0.00161210 0.01032250
v -0.02181918 -0.00159172 0.01049364
v -0.02181561 -0.00163323 0.01032616
v -0.02185852 -0.00164226 0.01032772
v -0.02190001 -0.00160221 0.01049690
v -0.02191646 -0.00164463 0.01032813
v -0.02198083 -0.00159172 0.01049364
v -0.02196009 -0.00163914 0.01032718
v -0.02201552 -0.00162248 0.01032430
v -0.02205569 -0.00156099 0.01048411
v -0.02205474 -0.00160309 0.01032094
v -0.02211935 -0.00151227 0.01046900
v -0.02211935 -0.00154957 0.01032523
v -0.02210147 -0.00156935 0.01031510
v -0.02211935 -0.00155226 0.01031213
v -0.02211935 -0.00146342 0.01060442
v -0.02211935 -0.00145394 0.01062689
v -0.02205569 -0.00150078 0.01064708
v -0.02181918 -0.00153032 0.01065982
v -0.02190001 -0.00154041 0.01066417
v -0.02198083 -0.00153032 0.01065982
v -0.02158744 -0.00136051 0.01019906
v -0.02160019 -0.00144769 0.01018674
v -0.02160019 -0.00144069 0.01016268
v -0.02160019 -0.00142719 0.01014157
v -0.02160019 -0.00140829 0.01012511
v -0.02160019 -0.00138552 0.01011464
v -0.02160019 -0.00136073 0.01011102
v -0.02160019 -0.00133592 0.01011452
v -0.02160019 -0.00131309 0.01012487
v -0.02160019 -0.00129412 0.01014124
v -0.02160019 -0.00128052 0.01016229
v -0.02160019 -0.00127340 0.01018631
v -0.02160019 -0.00127333 0.01021137
v -0.02160019 -0.00128033 0.01023543
v -0.02160019 -0.00129383 0.01025655
v -0.02160019 -0.00131273 0.01027300
v -0.02160019 -0.00133550 0.01028347
v -0.02160019 -0.00136029 0.01028710
v -0.02160019 -0.00138510 0.01028359
v -0.02160019 -0.00140793 0.01027324
v -0.02160019 -0.00142690 0.01025688
v -0.02160019 -0.00144050 0.01023583
v -0.02160019 -0.00144762 0.01021180
v -0.02186353 -0.00166660 0.01014772
v -0.02194185 -0.00166684 0.01015361
v -0.02194447 -0.00164219 0.01007126
v -0.02202982 -0.00114614 0.01001238
v -0.02202982 -0.00110223 0.01008033
v -0.02194447 -0.00107946 0.01006986
v -0.02219982 -0.00142719 0.01014157
v -0.02219982 -0.00144069 0.01016268
v -0.02221245 -0.00136051 0.01019906
v -0.02219982 -0.00144769 0.01018674
v -0.02219982 -0.00144762 0.01021180
v -0.02219982 -0.00128052 0.01016229
v -0.02219982 -0.00129412 0.01014124
v -0.02219982 -0.00131309 0.01012487
v -0.02219982 -0.00133592 0.01011452
v -0.02219982 -0.00127333 0.01021137
v -0.02219982 -0.00127340 0.01018631
v -0.02219982 -0.00131273 0.01027300
v -0.02219982 -0.00129383 0.01025655
v -0.02219982 -0.00128033 0.01023543
v -0.02219982 -0.00144050 0.01023583
v -0.02219982 -0.00142690 0.01025688
v -0.02219982 -0.00140793 0.01027324
v -0.02219982 -0.00138510 0.01028359
v -0.02202982 -0.00157488 0.01038574
v -0.02163715 -0.00120700 0.01012849
v -0.02168066 -0.00116261 0.01009713
v -0.02167089 -0.00115930 0.01013081
v -0.02201552 -0.00109178 0.01008904
v -0.02194447 -0.00105423 0.01024232
v -0.02194149 -0.00105177 0.01022394
v -0.02198441 -0.00106080 0.01022556
v -0.02177019 -0.00107904 0.01023881
v -0.02169854 -0.00112460 0.01023697
v -0.02174527 -0.00109090 0.01023095
v -0.02168066 -0.00114171 0.01024002
v -0.02169532 -0.00114544 0.01029663
v -0.02177019 -0.00110165 0.01031650
v -0.02185554 -0.00105423 0.01024232
v -0.02183992 -0.00105489 0.01022450
v -0.02188355 -0.00104940 0.01022352
v -0.02178449 -0.00107153 0.01022748
v -0.02210469 -0.00114544 0.01029663
v -0.02210481 -0.00112760 0.01023750
v -0.02207560 -0.00110428 0.01023334
v -0.02216286 -0.00119322 0.01022269
v -0.02210135 -0.00114535 0.01009515
v -0.02210469 -0.00118241 0.01004396
v -0.02216286 -0.00123310 0.01008810
v -0.02216286 -0.00126952 0.01005670
v -0.02216286 -0.00120700 0.01012849
v -0.02216286 -0.00119334 0.01017460
v -0.02191646 -0.00106945 0.01008650
v -0.02185852 -0.00107184 0.01008677
v -0.02196009 -0.00107499 0.01008713
v -0.02185554 -0.00107946 0.01006986
v -0.02181561 -0.00108096 0.01008780
v -0.02176172 -0.00110226 0.01009023
v -0.02172441 -0.00112484 0.01009281
v -0.02177019 -0.00110223 0.01008033
v -0.02163715 -0.00123310 0.01008810
v -0.02163715 -0.00151402 0.01026962
v -0.02163715 -0.00148792 0.01031001
v -0.02167303 -0.00155756 0.01028448
v -0.02163715 -0.00152768 0.01022352
v -0.02166707 -0.00156630 0.01023162
v -0.02169532 -0.00157558 0.01010148
v -0.02177019 -0.00161937 0.01008161
v -0.02202982 -0.00161937 0.01008161
v -0.02216286 -0.00152780 0.01017543
v -0.02212948 -0.00157225 0.01018697
v -0.02216286 -0.00151437 0.01012925
v -0.02216286 -0.00152768 0.01022352
v -0.02213294 -0.00156664 0.01022928
v -0.02216286 -0.00151402 0.01026962
v -0.02210469 -0.00153861 0.01035416
v -0.02216286 -0.00148792 0.01031001
v -0.02216286 -0.00145150 0.01034141
v -0.02212948 -0.00155991 0.01027133
v -0.02177019 -0.00157488 0.01038574
v -0.02216286 -0.00120665 0.01026886
v -0.02216286 -0.00123255 0.01030938
v -0.02216286 -0.00126882 0.01034096
v -0.02216286 -0.00131251 0.01036105
v -0.02216286 -0.00148847 0.01008874
v -0.02216286 -0.00145220 0.01005715
v -0.02219982 -0.00140829 0.01012511
v -0.02216286 -0.00140851 0.01003707
v -0.02210469 -0.00148770 0.01039805
v -0.02216286 -0.00140771 0.01036128
v -0.02219982 -0.00136029 0.01028710
v -0.02210469 -0.00118164 0.01035327
v -0.02210469 -0.00123233 0.01039742
v -0.02210469 -0.00129341 0.01042550
v -0.02210469 -0.00135993 0.01043523
v -0.02205474 -0.00111133 0.01009126
v -0.02210469 -0.00123332 0.01000006
v -0.02216286 -0.00131331 0.01003683
v -0.02219982 -0.00136073 0.01011102
v -0.02210469 -0.00142761 0.00997262
v -0.02210469 -0.00136110 0.00996289
v -0.02210469 -0.00148869 0.01000069
v -0.02210469 -0.00153938 0.01004484
v -0.02210469 -0.00157558 0.01010148
v -0.02219982 -0.00133550 0.01028347
v -0.02216286 -0.00136009 0.01036801
v -0.02210469 -0.00142649 0.01042583
v -0.02202982 -0.00151360 0.01043857
v -0.02194447 -0.00159378 0.01040220
v -0.02193648 -0.00163906 0.01033593
v -0.02202982 -0.00107904 0.01023881
v -0.02203829 -0.00108191 0.01022934
v -0.02202982 -0.00110165 0.01031650
v -0.02202982 -0.00114522 0.01038468
v -0.02202982 -0.00120624 0.01043781
v -0.02202982 -0.00127975 0.01047160
v -0.02202982 -0.00135981 0.01048332
v -0.02202982 -0.00143992 0.01047200
v -0.02202982 -0.00136121 0.00991480
v -0.02202982 -0.00128110 0.00992611
v -0.02202982 -0.00144127 0.00992651
v -0.02202982 -0.00151478 0.00996030
v -0.02202982 -0.00157580 0.01001344
v -0.02194447 -0.00144692 0.01049606
v -0.02194447 -0.00152710 0.01045969
v -0.02194447 -0.00135974 0.01050838
v -0.02194447 -0.00127263 0.01049563
v -0.02194447 -0.00119264 0.01045886
v -0.02194447 -0.00112624 0.01040104
v -0.02194447 -0.00107883 0.01032686
v -0.02194447 -0.00112724 0.00999592
v -0.02202982 -0.00120742 0.00995954
v -0.02210469 -0.00129453 0.00997229
v -0.02216286 -0.00136093 0.01003011
v -0.02219982 -0.00138552 0.01011464
v -0.02194447 -0.00127410 0.00990205
v -0.02194447 -0.00119392 0.00993843
v -0.02194447 -0.00136128 0.00988974
v -0.02194447 -0.00144839 0.00990248
v -0.02194447 -0.00152838 0.00993926
v -0.02194447 -0.00159478 0.00999708
v -0.02185554 -0.00152710 0.01045969
v -0.02185554 -0.00159378 0.01040220
v -0.02185554 -0.00144692 0.01049606
v -0.02185554 -0.00135974 0.01050838
v -0.02185554 -0.00127263 0.01049563
v -0.02185554 -0.00119264 0.01045886
v -0.02185554 -0.00112624 0.01040104
v -0.02185554 -0.00107883 0.01032686
v -0.02185554 -0.00119392 0.00993843
v -0.02185554 -0.00112724 0.00999592
v -0.02185554 -0.00127410 0.00990205
v -0.02185554 -0.00136128 0.00988974
v -0.02185554 -0.00144839 0.00990248
v -0.02185554 -0.00152838 0.00993926
v -0.02185554 -0.00159478 0.00999708
v -0.02185554 -0.00164219 0.01007126
v -0.02185804 -0.00164097 0.01033036
v -0.02177019 -0.00151360 0.01043857
v -0.02177019 -0.00143992 0.01047200
v -0.02177019 -0.00135981 0.01048332
v -0.02177019 -0.00127975 0.01047160
v -0.02177019 -0.00120624 0.01043781
v -0.02177019 -0.00114522 0.01038468
v -0.02177019 -0.00157580 0.01001344
v -0.02177019 -0.00151478 0.00996030
v -0.02177019 -0.00144127 0.00992651
v -0.02177019 -0.00136121 0.00991480
v -0.02177019 -0.00128110 0.00992611
v -0.02177019 -0.00120742 0.00995954
v -0.02177019 -0.00114614 0.01001238
v -0.02169532 -0.00118164 0.01035327
v -0.02169532 -0.00123233 0.01039742
v -0.02169532 -0.00129341 0.01042550
v -0.02169532 -0.00135993 0.01043523
v -0.02169532 -0.00142649 0.01042583
v -0.02169532 -0.00148770 0.01039805
v -0.02169532 -0.00153861 0.01035416
v -0.02169532 -0.00153938 0.01004484
v -0.02169532 -0.00148869 0.01000069
v -0.02169532 -0.00142761 0.00997262
v -0.02169532 -0.00136110 0.00996289
v -0.02169532 -0.00129453 0.00997229
v -0.02169532 -0.00123332 0.01000006
v -0.02169532 -0.00118241 0.01004396
v -0.02166719 -0.00115319 0.01017680
v -0.02163715 -0.00119334 0.01017460
v -0.02166898 -0.00115013 0.01019568
v -0.02163715 -0.00119322 0.01022269
v -0.02163715 -0.00120665 0.01026886
v -0.02163715 -0.00123255 0.01030938
v -0.02163715 -0.00126882 0.01034096
v -0.02163715 -0.00131251 0.01036105
v -0.02163715 -0.00136009 0.01036801
v -0.02163715 -0.00140771 0.01036128
v -0.02163715 -0.00145150 0.01034141
v -0.02166898 -0.00157090 0.01019798
v -0.02163715 -0.00152780 0.01017543
v -0.02163715 -0.00151437 0.01012925
v -0.02163715 -0.00148847 0.01008874
v -0.02163715 -0.00145220 0.01005715
v -0.02163715 -0.00140851 0.01003707
v -0.02163715 -0.00136093 0.01003011
v -0.02163715 -0.00131331 0.01003683
v -0.02163715 -0.00126952 0.01005670
v -0.02245004 -0.00141397 0.00858555
v -0.02247495 -0.00140924 0.00859029
v -0.02245004 -0.00124020 0.00843096
v -0.02247495 -0.00156336 0.00876343
v -0.02245004 -0.00156862 0.00875927
v -0.02247495 -0.00169635 0.00895328
v -0.02245004 -0.00170205 0.00894977
v -0.02247495 -0.00180640 0.00915730
v -0.02245004 -0.00181247 0.00915446
v -0.02247495 -0.00189202 0.00937270
v -0.02245004 -0.00189837 0.00937060
v -0.02247495 -0.00195205 0.00959660
v -0.02245004 -0.00195861 0.00959524
v -0.02247495 -0.00198568 0.00982594
v -0.02245004 -0.00199235 0.00982536
v -0.02247495 -0.00199246 0.01005764
v -0.02245004 -0.00199916 0.01005784
v -0.02247495 -0.00197230 0.01028857
v -0.02245004 -0.00197893 0.01028954
v -0.02247495 -0.00192546 0.01051559
v -0.02245004 -0.00193193 0.01051732
v -0.02247495 -0.00185259 0.01073563
v -0.02245004 -0.00185881 0.01073810
v -0.02247495 -0.00175466 0.01094573
v -0.02245004 -0.00176056 0.01094891
v -0.02247495 -0.00163300 0.01114304
v -0.02245004 -0.00163849 0.01114688
v -0.02247495 -0.00148926 0.01132489
v -0.02245004 -0.00149427 0.01132935
v -0.02247495 -0.00132538 0.01148883
v -0.02245004 -0.00132984 0.01149383
v -0.02247495 -0.00114358 0.01163263
v -0.02245004 -0.00114742 0.01163812
v -0.02247495 -0.00094631 0.01175435
v -0.02245004 -0.00094949 0.01176025
v -0.02247495 -0.00073624 0.01185235
v -0.02245004 -0.00073872 0.01185858
v -0.02247495 -0.00051622 0.01192530
v -0.02245004 -0.00051796 0.01193177
v -0.02247495 -0.00028922 0.01197221
v -0.02245004 -0.00029019 0.01197884
v -0.02247495 -0.00005830 0.01199245
v -0.02245004 -0.00005850 0.01199915
v -0.02247495 0.00017340 0.01198575
v -0.02245004 0.00017398 0.01199242
v -0.02247495 0.00040276 0.01195219
v -0.02245004 0.00040411 0.01195875
v -0.02247495 0.00062667 0.01189223
v -0.02245004 0.00062878 0.01189859
v -0.02247495 0.00084211 0.01180669
v -0.02245004 0.00084494 0.01181276
v -0.02247495 0.00104616 0.01169671
v -0.02245004 0.00104967 0.01170241
v -0.02247495 0.00123606 0.01156379
v -0.02245004 0.00124021 0.01156904
v -0.02247495 0.00140925 0.01140972
v -0.02245004 0.00141398 0.01141445
v -0.02247495 0.00156338 0.01123658
v -0.02245004 0.00156863 0.01124074
v -0.02247495 0.00169636 0.01104672
v -0.02245004 0.00170206 0.01105024
v -0.02247495 0.00180641 0.01084271
v -0.02245004 0.00181248 0.01084554
v -0.02247495 0.00189203 0.01062730
v -0.02245004 0.00189839 0.01062941
v -0.02247495 0.00195206 0.01040341
v -0.02245004 0.00195862 0.01040477
v -0.02247495 0.00198569 0.01017406
v -0.02245004 0.00199237 0.01017465
v -0.02247495 0.00199247 0.00994236
v -0.02245004 0.00199917 0.00994217
v -0.02247495 0.00197231 0.00971144
v -0.02245004 0.00197894 0.00971047
v -0.02247495 0.00192547 0.00948442
v -0.02245004 0.00193194 0.00948269
v -0.02247495 0.00185260 0.00926437
v -0.02245004 0.00185882 0.00926190
v -0.02247495 0.00175467 0.00905428
v -0.02245004 0.00176057 0.00905110
v -0.02247495 0.00163301 0.00885697
v -0.02245004 0.00163850 0.00885312
v -0.02247495 0.00148927 0.00867511
v -0.02245004 0.00149428 0.00867066
v -0.02247495 0.00132539 0.00851118
v -0.02245004 0.00132985 0.00850618
v -0.02247495 0.00114359 0.00836738
v -0.02245004 0.00114743 0.00836189
v -0.02247495 0.00094632 0.00824565
v -0.02245004 0.00094950 0.00823976
v -0.02247495 0.00073625 0.00814766
v -0.02245004 0.00073873 0.00814143
v -0.02247495 0.00051623 0.00807471
v -0.02245004 0.00051797 0.00806824
v -0.02247495 0.00028923 0.00802780
v -0.02245004 0.00029020 0.00802117
v -0.02247495 0.00005831 0.00800756
v -0.02245004 0.00005851 0.00800086
v -0.02247495 -0.00017339 0.00801426
v -0.02245004 -0.00017397 0.00800759
v -0.02247495 -0.00040275 0.00804782
v -0.02245004 -0.00040410 0.00804125
v -0.02247495 -0.00062666 0.00810777
v -0.02245004 -0.00062877 0.00810141
v -0.02247495 -0.00084210 0.00819332
v -0.02245004 -0.00084493 0.00818725
v -0.02247495 -0.00104615 0.00830330
v -0.02245004 -0.00104966 0.00829759
v -0.02247495 -0.00123605 0.00843622
v -0.02249331 -0.00139630 0.00860323
v -0.02249331 -0.00154901 0.00877478
v -0.02249331 -0.00168078 0.00896289
v -0.02249331 -0.00178981 0.00916503
v -0.02249331 -0.00187464 0.00937846
v -0.02249331 -0.00193413 0.00960030
v -0.02249331 -0.00196745 0.00982754
v -0.02249331 -0.00197417 0.01005712
v -0.02249331 -0.00195419 0.01028592
v -0.02249331 -0.00190778 0.01051085
v -0.02249331 -0.00183558 0.01072888
v -0.02249331 -0.00173855 0.01093705
v -0.02249331 -0.00161801 0.01113255
v -0.02249331 -0.00147559 0.01131273
v -0.02249331 -0.00131321 0.01147516
v -0.02249331 -0.00113308 0.01161764
v -0.02249331 -0.00093762 0.01173824
v -0.02249331 -0.00072948 0.01183534
v -0.02249331 -0.00051148 0.01190762
v -0.02249331 -0.00028656 0.01195410
v -0.02249331 -0.00005777 0.01197416
v -0.02249331 0.00017181 0.01196752
v -0.02249331 0.00039906 0.01193427
v -0.02249331 0.00062092 0.01187486
v -0.02249331 0.00083438 0.01179010
v -0.02249331 0.00103655 0.01168113
v -0.02249331 0.00122471 0.01154943
v -0.02249331 0.00139631 0.01139677
v -0.02249331 0.00154902 0.01122523
v -0.02249331 0.00168079 0.01103711
v -0.02249331 0.00178982 0.01083497
v -0.02249331 0.00187466 0.01062154
v -0.02249331 0.00193414 0.01039971
v -0.02249331 0.00196746 0.01017246
v -0.02249331 0.00197418 0.00994289
v -0.02249331 0.00195420 0.00971409
v -0.02249331 0.00190779 0.00948915
v -0.02249331 0.00183559 0.00927113
v -0.02249331 0.00173856 0.00906296
v -0.02249331 0.00161802 0.00886746
v -0.02249331 0.00147560 0.00868728
v -0.02249331 0.00131322 0.00852485
v -0.02249331 0.00113309 0.00838237
v -0.02249331 0.00093763 0.00826176
v -0.02249331 0.00072949 0.00816466
v -0.02249331 0.00051149 0.00809238
v -0.02249331 0.00028657 0.00804590
v -0.02249331 0.00005778 0.00802585
v -0.02249331 -0.00017180 0.00803249
v -0.02249331 -0.00039905 0.00806574
v -0.02249331 -0.00062091 0.00812514
v -0.02249331 -0.00083437 0.00820991
v -0.02249331 -0.00103654 0.00831887
v -0.02249331 -0.00122470 0.00845058
v -0.02249999 -0.00137862 0.00862092
v -0.02249999 -0.00152940 0.00879029
v -0.02249999 -0.00165950 0.00897602
v -0.02249999 -0.00176716 0.00917560
v -0.02249999 -0.00185092 0.00938633
v -0.02249999 -0.00190964 0.00960536
v -0.02249999 -0.00194255 0.00982973
v -0.02249999 -0.00194918 0.01005639
v -0.02249999 -0.00192945 0.01028230
v -0.02249999 -0.00188363 0.01050439
v -0.02249999 -0.00181234 0.01071965
v -0.02249999 -0.00171654 0.01092519
v -0.02249999 -0.00159753 0.01111821
v -0.02249999 -0.00145691 0.01129611
v -0.02249999 -0.00129659 0.01145649
v -0.02249999 -0.00111874 0.01159716
v -0.02249999 -0.00092575 0.01171624
v -0.02249999 -0.00072025 0.01181211
v -0.02249999 -0.00050501 0.01188347
v -0.02249999 -0.00028293 0.01192937
v -0.02249999 -0.00005704 0.01194917
v -0.02249999 0.00016963 0.01194261
v -0.02249999 0.00039401 0.01190978
v -0.02249999 0.00061306 0.01185113
v -0.02249999 0.00082382 0.01176744
v -0.02249999 0.00102343 0.01165985
v -0.02249999 0.00120921 0.01152982
v -0.02249999 0.00137863 0.01137909
v -0.02249999 0.00152941 0.01120972
v -0.02249999 0.00165951 0.01102399
v -0.02249999 0.00176717 0.01082440
v -0.02249999 0.00185093 0.01061367
v -0.02249999 0.00190965 0.01039465
v -0.02249999 0.00194256 0.01017028
v -0.02249999 0.00194919 0.00994361
v -0.02249999 0.00192946 0.00971771
v -0.02249999 0.00188365 0.00949562
v -0.02249999 0.00181235 0.00928035
v -0.02249999 0.00171655 0.00907482
v -0.02249999 0.00159754 0.00888180
v -0.02249999 0.00145692 0.00870389
v -0.02249999 0.00129660 0.00854352
v -0.02249999 0.00111875 0.00840284
v -0.02249999 0.00092576 0.00828377
v -0.02249999 0.00072026 0.00818790
v -0.02249999 0.00050502 0.00811653
v -0.02249999 0.00028294 0.00807064
v -0.02249999 0.00005705 0.00805084
v -0.02249999 -0.00016962 0.00805739
v -0.02249999 -0.00039400 0.00809022
v -0.02249999 -0.00061305 0.00814888
v -0.02249999 -0.00082380 0.00823257
v -0.02249999 -0.00102342 0.00834015
v -0.02249999 -0.00120920 0.00847019
v -0.02249999 0.00156242 0.01025651
v -0.02249999 0.00158295 0.00996505
v -0.02249999 0.00148869 0.01053924
v -0.02249999 0.00018087 0.01157297
v -0.02249999 0.00046682 0.01151296
v -0.02249999 -0.00011125 0.01157942
v -0.02249999 0.00073687 0.01140142
v -0.02249999 0.00098184 0.01124216
v -0.02249999 0.00119337 0.01104060
v -0.02249999 0.00154958 0.00967478
v -0.02249999 0.00136425 0.01080360
v -0.02249999 0.00114627 0.00890775
v -0.02249999 0.00092605 0.00871572
v -0.02249999 0.00132745 0.00913697
v -0.02249999 -0.00073686 0.00859859
v -0.02249999 -0.00098183 0.00875785
v -0.02249999 -0.00046681 0.00848705
v -0.02249999 -0.00119335 0.00895941
v -0.02249999 0.00146343 0.00939558
v -0.02249999 -0.00018085 0.00842703
v -0.02249999 0.00011126 0.00842058
v -0.02249999 -0.00156241 0.00974349
v -0.02249999 -0.00158294 0.01003496
v -0.02249999 -0.00148868 0.00946077
v -0.02249999 0.00067430 0.00856743
v -0.02249999 0.00039958 0.00846792
v -0.02249999 -0.00136424 0.00919641
v -0.02249999 -0.00114626 0.01109226
v -0.02249999 -0.00092604 0.01128429
v -0.02249999 -0.00132744 0.01086303
v -0.02249999 -0.00154957 0.01032523
v -0.02249999 -0.00067429 0.01143258
v -0.02249999 -0.00039957 0.01153209
v -0.02249999 -0.00146342 0.01060442
v -0.02213294 -0.00098183 0.00875785
v -0.02212948 -0.00094802 0.00873186
v -0.02211935 -0.00114626 0.01109226
v -0.02211935 -0.00092604 0.01128429
v -0.02211935 -0.00067429 0.01143258
v -0.02212948 -0.00101490 0.00878472
v -0.02211935 -0.00104644 0.00881177
v -0.02211935 -0.00119335 0.00895941
v -0.02211935 -0.00136424 0.00919641
v -0.02211935 0.00114627 0.00890775
v -0.02211935 0.00092605 0.00871572
v -0.02211935 0.00067430 0.00856743
v -0.02211935 0.00119337 0.01104060
v -0.02211935 0.00136425 0.01080360
v -0.02158744 -0.00085264 0.00892129
v -0.02160019 -0.00088556 0.00883964
v -0.02160019 -0.00086122 0.00883367
v -0.02160019 -0.00083619 0.00883480
v -0.02160019 -0.00081249 0.00884293
v -0.02160019 -0.00079204 0.00885742
v -0.02160019 -0.00077650 0.00887708
v -0.02160019 -0.00076713 0.00890032
v -0.02160019 -0.00076469 0.00892526
v -0.02160019 -0.00076937 0.00894988
v -0.02160019 -0.00078080 0.00897218
v -0.02160019 -0.00079804 0.00899036
v -0.02160019 -0.00081971 0.00900294
v -0.02160019 -0.00084405 0.00900891
v -0.02160019 -0.00086909 0.00900778
v -0.02160019 -0.00089279 0.00899964
v -0.02160019 -0.00091324 0.00898516
v -0.02160019 -0.00092877 0.00896550
v -0.02160019 -0.00093815 0.00894226
v -0.02160019 -0.00094059 0.00891732
v -0.02160019 -0.00093591 0.00889270
v -0.02160019 -0.00092448 0.00887040
v -0.02160019 -0.00090723 0.00885222
v -0.02186353 -0.00096122 0.00863054
v -0.02194185 -0.00096644 0.00863328
v -0.02194447 -0.00088280 0.00861344
v -0.02202982 -0.00058378 0.00901360
v -0.02202982 -0.00062068 0.00908560
v -0.02194447 -0.00060023 0.00910009
v -0.02219982 -0.00083619 0.00883480
v -0.02219982 -0.00086122 0.00883367
v -0.02221245 -0.00085264 0.00892129
v -0.02219982 -0.00088556 0.00883964
v -0.02219982 -0.00090723 0.00885222
v -0.02219982 -0.00078080 0.00897218
v -0.02219982 -0.00076937 0.00894988
v -0.02219982 -0.00076469 0.00892526
v -0.02219982 -0.00076713 0.00890032
v -0.02219982 -0.00081971 0.00900294
v -0.02219982 -0.00079804 0.00899036
v -0.02219982 -0.00089279 0.00899964
v -0.02219982 -0.00086909 0.00900778
v -0.02219982 -0.00084405 0.00900891
v -0.02219982 -0.00092448 0.00887040
v -0.02219982 -0.00093591 0.00889270
v -0.02219982 -0.00094059 0.00891732
v -0.02219982 -0.00093815 0.00894226
v -0.02202982 -0.00112149 0.00882898
v -0.02201552 -0.00109209 0.00875704
v -0.02196009 -0.00110291 0.00874405
v -0.02163715 -0.00071477 0.00901895
v -0.02167089 -0.00069293 0.00906142
v -0.02194447 -0.00073696 0.00920817
v -0.02194149 -0.00071982 0.00920111
v -0.02198441 -0.00072574 0.00919409
v -0.02177019 -0.00074634 0.00918492
v -0.02169854 -0.00076751 0.00914455
v -0.02174527 -0.00074545 0.00917073
v -0.02168066 -0.00077871 0.00913126
v -0.02169532 -0.00082961 0.00915634
v -0.02177019 -0.00082492 0.00920419
v -0.02185554 -0.00073696 0.00920817
v -0.02183992 -0.00072186 0.00919869
v -0.02188355 -0.00071827 0.00920294
v -0.02178449 -0.00073276 0.00918577
v -0.02210469 -0.00082961 0.00915634
v -0.02210481 -0.00076948 0.00914222
v -0.02207560 -0.00075421 0.00916034
v -0.02216286 -0.00078946 0.00907798
v -0.02210469 -0.00062926 0.00899798
v -0.02216286 -0.00069284 0.00897615
v -0.02216286 -0.00068386 0.00892891
v -0.02216286 -0.00071477 0.00901895
v -0.02216286 -0.00074787 0.00905383
v -0.02185554 -0.00060023 0.00910009
v -0.02177019 -0.00062068 0.00908560
v -0.02163715 -0.00069284 0.00897615
v -0.02163715 -0.00099050 0.00882363
v -0.02163715 -0.00101243 0.00886643
v -0.02168066 -0.00104644 0.00881177
v -0.02167303 -0.00102514 0.00879335
v -0.02163715 -0.00095740 0.00878874
v -0.02166707 -0.00098373 0.00875936
v -0.02169532 -0.00087567 0.00868624
v -0.02177019 -0.00088036 0.00863838
v -0.02202982 -0.00088036 0.00863838
v -0.02216286 -0.00091582 0.00876460
v -0.02216286 -0.00086911 0.00875314
v -0.02216286 -0.00095740 0.00878874
v -0.02216286 -0.00099050 0.00882363
v -0.02210469 -0.00107601 0.00884460
v -0.02210147 -0.00105755 0.00879844
v -0.02205474 -0.00107948 0.00877215
v -0.02216286 -0.00101243 0.00886643
v -0.02216286 -0.00102142 0.00891367
v -0.02181561 -0.00109907 0.00874866
v -0.02176172 -0.00108534 0.00876513
v -0.02177019 -0.00112149 0.00882898
v -0.02216286 -0.00083616 0.00908943
v -0.02216286 -0.00088420 0.00908727
v -0.02216286 -0.00092968 0.00907165
v -0.02216286 -0.00096892 0.00904385
v -0.02216286 -0.00082108 0.00875531
v -0.02216286 -0.00077559 0.00877093
v -0.02219982 -0.00081249 0.00884293
v -0.02216286 -0.00073635 0.00879873
v -0.02210469 -0.00108857 0.00891064
v -0.02216286 -0.00101673 0.00896153
v -0.02219982 -0.00092877 0.00896550
v -0.02210469 -0.00089676 0.00915330
v -0.02210469 -0.00096034 0.00913147
v -0.02210469 -0.00101519 0.00909262
v -0.02210469 -0.00105688 0.00903988
v -0.02210469 -0.00061671 0.00893194
v -0.02216286 -0.00068855 0.00888105
v -0.02219982 -0.00077650 0.00887708
v -0.02210469 -0.00069008 0.00874996
v -0.02210469 -0.00064840 0.00880270
v -0.02210469 -0.00074494 0.00871110
v -0.02210469 -0.00080852 0.00868928
v -0.02210469 -0.00087567 0.00868624
v -0.02219982 -0.00091324 0.00898516
v -0.02216286 -0.00099874 0.00900613
v -0.02210469 -0.00108201 0.00897754
v -0.02202982 -0.00113661 0.00890847
v -0.02194447 -0.00114519 0.00882084
v -0.02193648 -0.00111045 0.00874849
v -0.02191646 -0.00110648 0.00873977
v -0.02202982 -0.00074634 0.00918492
v -0.02203829 -0.00073957 0.00917771
v -0.02202982 -0.00082492 0.00920419
v -0.02202982 -0.00090574 0.00920055
v -0.02202982 -0.00098227 0.00917427
v -0.02202982 -0.00104829 0.00912750
v -0.02202982 -0.00109846 0.00906403
v -0.02202982 -0.00112872 0.00898899
v -0.02202982 -0.00060681 0.00877855
v -0.02202982 -0.00057656 0.00885359
v -0.02202982 -0.00065699 0.00871508
v -0.02202982 -0.00072301 0.00866831
v -0.02202982 -0.00079953 0.00864203
v -0.02194447 -0.00115306 0.00899496
v -0.02194447 -0.00116164 0.00890734
v -0.02194447 -0.00112013 0.00907661
v -0.02194447 -0.00106554 0.00914568
v -0.02194447 -0.00099369 0.00919657
v -0.02194447 -0.00091042 0.00922516
v -0.02194447 -0.00082247 0.00922913
v -0.02194447 -0.00056008 0.00902173
v -0.02202982 -0.00056867 0.00893411
v -0.02210469 -0.00062326 0.00886504
v -0.02216286 -0.00070653 0.00883645
v -0.02219982 -0.00079204 0.00885742
v -0.02194447 -0.00055222 0.00884762
v -0.02194447 -0.00054363 0.00893524
v -0.02194447 -0.00058514 0.00876597
v -0.02194447 -0.00063974 0.00869690
v -0.02194447 -0.00071158 0.00864600
v -0.02194447 -0.00079485 0.00861742
v -0.02185554 -0.00116164 0.00890734
v -0.02185554 -0.00114519 0.00882084
v -0.02185554 -0.00115306 0.00899496
v -0.02185554 -0.00112013 0.00907661
v -0.02185554 -0.00106554 0.00914568
v -0.02185554 -0.00099369 0.00919657
v -0.02185554 -0.00091042 0.00922516
v -0.02185554 -0.00082247 0.00922913
v -0.02185554 -0.00054363 0.00893524
v -0.02185554 -0.00056008 0.00902173
v -0.02185554 -0.00055222 0.00884762
v -0.02185554 -0.00058514 0.00876597
v -0.02185554 -0.00063974 0.00869690
v -0.02185554 -0.00071158 0.00864600
v -0.02185554 -0.00079485 0.00861742
v -0.02185554 -0.00088280 0.00861344
v -0.02185804 -0.00110658 0.00874405
v -0.02185852 -0.00110494 0.00874161
v -0.02177019 -0.00113661 0.00890847
v -0.02177019 -0.00112872 0.00898899
v -0.02177019 -0.00109846 0.00906403
v -0.02177019 -0.00104829 0.00912750
v -0.02177019 -0.00098227 0.00917427
v -0.02177019 -0.00090574 0.00920055
v -0.02177019 -0.00079953 0.00864203
v -0.02177019 -0.00072301 0.00866831
v -0.02177019 -0.00065699 0.00871508
v -0.02177019 -0.00060681 0.00877855
v -0.02177019 -0.00057656 0.00885359
v -0.02177019 -0.00056867 0.00893411
v -0.02177019 -0.00058378 0.00901360
v -0.02169532 -0.00089676 0.00915330
v -0.02169532 -0.00096034 0.00913147
v -0.02169532 -0.00101519 0.00909262
v -0.02169532 -0.00105688 0.00903988
v -0.02169532 -0.00108201 0.00897754
v -0.02169532 -0.00108857 0.00891064
v -0.02169532 -0.00107601 0.00884460
v -0.02172441 -0.00107079 0.00878258
v -0.02169532 -0.00080852 0.00868928
v -0.02169532 -0.00074494 0.00871110
v -0.02169532 -0.00069008 0.00874996
v -0.02169532 -0.00064840 0.00880270
v -0.02169532 -0.00062326 0.00886504
v -0.02169532 -0.00061671 0.00893194
v -0.02169532 -0.00062926 0.00899798
v -0.02166719 -0.00072970 0.00908971
v -0.02163715 -0.00074787 0.00905383
v -0.02166898 -0.00074452 0.00910179
v -0.02163715 -0.00078946 0.00907798
v -0.02163715 -0.00083616 0.00908943
v -0.02163715 -0.00088420 0.00908727
v -0.02163715 -0.00092968 0.00907165
v -0.02163715 -0.00096892 0.00904385
v -0.02163715 -0.00099874 0.00900613
v -0.02163715 -0.00101673 0.00896153
v -0.02163715 -0.00102142 0.00891367
v -0.02166898 -0.00095690 0.00873855
v -0.02163715 -0.00091582 0.00876460
v -0.02163715 -0.00086911 0.00875314
v -0.02163715 -0.00082108 0.00875531
v -0.02163715 -0.00077559 0.00877093
v -0.02163715 -0.00073635 0.00879873
v -0.02163715 -0.00070653 0.00883645
v -0.02163715 -0.00068855 0.00888105
v -0.02163715 -0.00068386 0.00892891
v -0.01585001 0.00190573 0.01776970
v -0.01585001 0.00060089 0.01797741
v -0.00755001 0.00125761 0.01790054
v -0.00755001 0.00060089 0.01797741
v -0.00755001 -0.00005993 0.01799978
v -0.01585001 -0.00072034 0.01796751
v -0.00755001 -0.00072034 0.01796751
v -0.00755001 -0.00137583 0.01788081
v -0.01585001 -0.00202192 0.01774027
v -0.00755001 -0.00202192 0.01774027
v -0.00755001 -0.00265420 0.01754687
v -0.01585001 -0.00326835 0.01730191
v -0.00755001 -0.00326835 0.01730191
v -0.00755001 -0.00386018 0.01700707
v -0.01585001 -0.00442563 0.01666437
v -0.00755001 -0.00442563 0.01666437
v -0.00755001 -0.00496085 0.01627614
v -0.01585001 -0.00546219 0.01584504
v -0.00755001 -0.00546219 0.01584504
v -0.00755001 -0.00592621 0.01537401
v -0.01585001 -0.00634975 0.01486627
v -0.00755001 -0.00634975 0.01486627
v -0.00755001 -0.00672992 0.01432529
v -0.01585001 -0.00706411 0.01375477
v -0.00755001 -0.00706411 0.01375477
v -0.00755001 -0.00735005 0.01315859
v -0.01585001 -0.00758578 0.01254084
v -0.00755001 -0.00758578 0.01254084
v -0.00755001 -0.00776969 0.01190573
v -0.01585001 -0.00790053 0.01125761
v -0.00755001 -0.00790053 0.01125761
v -0.00755001 -0.00797740 0.01060089
v -0.01585001 -0.00799977 0.00994007
v -0.00755001 -0.00799977 0.00994007
v -0.00755001 -0.00796750 0.00927966
v -0.01585001 -0.00788080 0.00862417
v -0.00755001 -0.00788080 0.00862417
v -0.00755001 -0.00774027 0.00797808
v -0.01585001 -0.00754686 0.00734579
v -0.00755001 -0.00754686 0.00734579
v -0.00755001 -0.00730190 0.00673164
v -0.01585001 -0.00700706 0.00613982
v -0.00755001 -0.00700706 0.00613982
v -0.00755001 -0.00666436 0.00557437
v -0.01585001 -0.00627613 0.00503914
v -0.00755001 -0.00627613 0.00503914
v -0.00755001 -0.00584503 0.00453781
v -0.01585001 -0.00537400 0.00407379
v -0.00755001 -0.00537400 0.00407379
v -0.00755001 -0.00486626 0.00365024
v -0.01585001 -0.00432528 0.00327008
v -0.00755001 -0.00432528 0.00327008
v -0.00755001 -0.00375476 0.00293589
v -0.01585001 -0.00315858 0.00264995
v -0.00755001 -0.00315858 0.00264995
v -0.00755001 -0.00254083 0.00241422
v -0.01585001 -0.00190572 0.00223031
v -0.00755001 -0.00190572 0.00223031
v -0.00755001 -0.00125760 0.00209947
v -0.01585001 -0.00060088 0.00202260
v -0.00755001 -0.00060088 0.00202260
v -0.00755001 0.00005994 0.00200023
v -0.01585001 0.00072035 0.00203250
v -0.00755001 0.00072035 0.00203250
v -0.00755001 0.00137584 0.00211920
v -0.01585001 0.00202193 0.00225973
v -0.00755001 0.00202193 0.00225973
v -0.00755001 0.00265421 0.00245314
v -0.01585001 0.00326836 0.00269810
v -0.00755001 0.00326836 0.00269810
v -0.00755001 0.00386019 0.00299294
v -0.01585001 0.00442564 0.00333564
v -0.00755001 0.00442564 0.00333564
v -0.00755001 0.00496086 0.00372387
v -0.01585001 0.00546220 0.00415497
v -0.00755001 0.00546220 0.00415497
v -0.00755001 0.00592622 0.00462600
v -0.01585001 0.00634976 0.00513374
v -0.00755001 0.00634976 0.00513374
v -0.00755001 0.00672993 0.00567472
v -0.01585001 0.00706412 0.00624524
v -0.00755001 0.00706412 0.00624524
v -0.00755001 0.00735006 0.00684142
v -0.01585001 0.00758579 0.00745917
v -0.00755001 0.00758579 0.00745917
v -0.00755001 0.00776970 0.00809427
v -0.01585001 0.00790054 0.00874240
v -0.00755001 0.00790054 0.00874240
v -0.00755001 0.00797741 0.00939912
v -0.01585001 0.00799978 0.01005994
v -0.00755001 0.00799978 0.01005994
v -0.00755001 0.00796751 0.01072035
v -0.01585001 0.00788081 0.01137584
v -0.00755001 0.00788081 0.01137584
v -0.00755001 0.00774028 0.01202193
v -0.01585001 0.00754687 0.01265421
v -0.00755001 0.00754687 0.01265421
v -0.00755001 0.00730191 0.01326836
v -0.01585001 0.00700707 0.01386019
v -0.00755001 0.00700707 0.01386019
v -0.00755001 0.00666437 0.01442564
v -0.01585001 0.00627614 0.01496086
v -0.00755001 0.00627614 0.01496086
v -0.00755001 0.00584504 0.01546220
v -0.01585001 0.00537401 0.01592622
v -0.00755001 0.00537401 0.01592622
v -0.00755001 0.00486627 0.01634976
v -0.01585001 0.00432529 0.01672993
v -0.00755001 0.00432529 0.01672993
v -0.00755001 0.00375477 0.01706412
v -0.01585001 0.00315859 0.01735006
v -0.00755001 0.00315859 0.01735006
v -0.00755001 0.00254084 0.01758579
v -0.00755001 0.00190573 0.01776970
v -0.00725002 0.00244556 0.01730132
v -0.00729019 0.00249320 0.01744355
v -0.00725002 0.00183427 0.01747834
v -0.00729019 0.00309937 0.01721225
v -0.00725002 0.00304015 0.01707443
v -0.00729019 0.00368437 0.01693167
v -0.00725002 0.00361396 0.01679922
v -0.00729019 0.00424419 0.01660374
v -0.00725002 0.00416310 0.01647756
v -0.00729019 0.00477503 0.01623070
v -0.00725002 0.00468379 0.01611165
v -0.00729019 0.00527325 0.01581511
v -0.00725002 0.00517249 0.01570399
v -0.00729019 0.00573544 0.01535978
v -0.00725002 0.00562585 0.01525737
v -0.00729019 0.00615846 0.01486785
v -0.00725002 0.00604078 0.01477483
v -0.00729019 0.00653941 0.01434266
v -0.00725002 0.00641446 0.01425968
v -0.00729019 0.00687569 0.01378781
v -0.00725002 0.00674431 0.01371543
v -0.00729019 0.00716500 0.01320708
v -0.00725002 0.00702809 0.01314580
v -0.00729019 0.00740537 0.01260445
v -0.00725002 0.00726386 0.01255468
v -0.00729019 0.00759515 0.01198402
v -0.00725002 0.00745002 0.01194611
v -0.00729019 0.00773304 0.01135004
v -0.00725002 0.00758528 0.01132425
v -0.00729019 0.00781812 0.01070684
v -0.00725002 0.00766873 0.01069333
v -0.00729019 0.00784979 0.01005881
v -0.00725002 0.00769979 0.01005769
v -0.00729019 0.00782783 0.00941038
v -0.00725002 0.00767825 0.00942165
v -0.00729019 0.00775240 0.00876598
v -0.00725002 0.00760427 0.00878956
v -0.00729019 0.00762402 0.00813001
v -0.00725002 0.00747834 0.00816574
v -0.00729019 0.00744356 0.00750681
v -0.00725002 0.00730132 0.00755445
v -0.00729019 0.00721225 0.00690064
v -0.00725002 0.00707443 0.00695986
v -0.00729019 0.00693167 0.00631564
v -0.00725002 0.00679922 0.00638604
v -0.00729019 0.00660374 0.00575581
v -0.00725002 0.00647756 0.00583691
v -0.00729019 0.00623071 0.00522498
v -0.00725002 0.00611165 0.00531622
v -0.00729019 0.00581511 0.00472676
v -0.00725002 0.00570399 0.00482752
v -0.00729019 0.00535978 0.00426456
v -0.00725002 0.00525737 0.00437416
v -0.00729019 0.00486785 0.00384155
v -0.00725002 0.00477483 0.00395922
v -0.00729019 0.00434266 0.00346060
v -0.00725002 0.00425968 0.00358555
v -0.00729019 0.00378781 0.00312432
v -0.00725002 0.00371543 0.00325570
v -0.00729019 0.00320708 0.00283501
v -0.00725002 0.00314580 0.00297192
v -0.00729019 0.00260445 0.00259464
v -0.00725002 0.00255468 0.00273615
v -0.00729019 0.00198402 0.00240486
v -0.00725002 0.00194611 0.00254999
v -0.00729019 0.00135004 0.00226696
v -0.00725002 0.00132425 0.00241473
v -0.00729019 0.00070684 0.00218189
v -0.00725002 0.00069334 0.00233128
v -0.00729019 0.00005882 0.00215022
v -0.00725002 0.00005769 0.00230022
v -0.00729019 -0.00058962 0.00217218
v -0.00725002 -0.00057835 0.00232175
v -0.00729019 -0.00123402 0.00224760
v -0.00725002 -0.00121044 0.00239574
v -0.00729019 -0.00186999 0.00237599
v -0.00725002 -0.00183426 0.00252167
v -0.00729019 -0.00249319 0.00255645
v -0.00725002 -0.00244555 0.00269868
v -0.00729019 -0.00309936 0.00278776
v -0.00725002 -0.00304014 0.00292557
v -0.00729019 -0.00368436 0.00306834
v -0.00725002 -0.00361395 0.00320079
v -0.00729019 -0.00424418 0.00339626
v -0.00725002 -0.00416308 0.00352245
v -0.00729019 -0.00477502 0.00376930
v -0.00725002 -0.00468378 0.00388836
v -0.00729019 -0.00527324 0.00418490
v -0.00725002 -0.00517248 0.00429602
v -0.00729019 -0.00573543 0.00464022
v -0.00725002 -0.00562584 0.00474264
v -0.00729019 -0.00615845 0.00513216
v -0.00725002 -0.00604077 0.00522518
v -0.00729019 -0.00653940 0.00565735
v -0.00725002 -0.00641444 0.00574033
v -0.00729019 -0.00687568 0.00621220
v -0.00725002 -0.00674430 0.00628458
v -0.00729019 -0.00716499 0.00679293
v -0.00725002 -0.00702808 0.00685421
v -0.00729019 -0.00740536 0.00739556
v -0.00725002 -0.00726385 0.00744533
v -0.00729019 -0.00759514 0.00801599
v -0.00725002 -0.00745001 0.00805390
v -0.00729019 -0.00773303 0.00864996
v -0.00725002 -0.00758527 0.00867576
v -0.00729019 -0.00781811 0.00929317
v -0.00725002 -0.00766872 0.00930667
v -0.00729019 -0.00784977 0.00994119
v -0.00725002 -0.00769978 0.00994232
v -0.00729019 -0.00782782 0.01058962
v -0.00725002 -0.00767824 0.01057836
v -0.00729019 -0.00775239 0.01123403
v -0.00725002 -0.00760426 0.01121045
v -0.00729019 -0.00762401 0.01187000
v -0.00725002 -0.00747833 0.01183427
v -0.00729019 -0.00744355 0.01249320
v -0.00725002 -0.00730131 0.01244556
v -0.00729019 -0.00721224 0.01309937
v -0.00725002 -0.00707442 0.01304014
v -0.00729019 -0.00693166 0.01368436
v -0.00725002 -0.00679921 0.01361396
v -0.00729019 -0.00660373 0.01424419
v -0.00725002 -0.00647755 0.01416309
v -0.00729019 -0.00623070 0.01477503
v -0.00725002 -0.00611164 0.01468379
v -0.00729019 -0.00581510 0.01527325
v -0.00725002 -0.00570398 0.01517248
v -0.00729019 -0.00535977 0.01573544
v -0.00725002 -0.00525736 0.01562585
v -0.00729019 -0.00486784 0.01615846
v -0.00725002 -0.00477482 0.01604078
v -0.00729019 -0.00434265 0.01653941
v -0.00725002 -0.00425967 0.01641445
v -0.00729019 -0.00378780 0.01687569
v -0.00725002 -0.00371542 0.01674431
v -0.00729019 -0.00320707 0.01716500
v -0.00725002 -0.00314579 0.01702809
v -0.00729019 -0.00260444 0.01740536
v -0.00725002 -0.00255467 0.01726386
v -0.00729019 -0.00198401 0.01759514
v -0.00725002 -0.00194610 0.01745001
v -0.00729019 -0.00135003 0.01773304
v -0.00725002 -0.00132424 0.01758528
v -0.00729019 -0.00070683 0.01781812
v -0.00725002 -0.00069333 0.01766872
v -0.00729019 -0.00005880 0.01784978
v -0.00725002 -0.00005768 0.01769979
v -0.00729019 0.00058963 0.01782783
v -0.00725002 0.00057836 0.01767825
v -0.00729019 0.00123403 0.01775240
v -0.00725002 0.00121045 0.01760427
v -0.00729019 0.00187000 0.01762402
v -0.00739998 0.00252808 0.01754768
v -0.00739998 0.00314272 0.01731313
v -0.00739998 0.00373590 0.01702863
v -0.00739998 0.00430356 0.01669612
v -0.00739998 0.00484182 0.01631786
v -0.00739998 0.00534701 0.01589645
v -0.00739998 0.00581567 0.01543476
v -0.00739998 0.00624461 0.01493594
v -0.00739998 0.00663089 0.01440341
v -0.00739998 0.00697187 0.01384079
v -0.00739998 0.00726523 0.01325194
v -0.00739998 0.00750895 0.01264088
v -0.00739998 0.00770139 0.01201177
v -0.00739998 0.00784122 0.01136893
v -0.00739998 0.00792748 0.01071673
v -0.00739998 0.00795959 0.01005964
v -0.00739998 0.00793733 0.00940213
v -0.00739998 0.00786085 0.00874872
v -0.00739998 0.00773067 0.00810385
v -0.00739998 0.00754768 0.00747193
v -0.00739998 0.00731313 0.00685728
v -0.00739998 0.00702863 0.00626410
v -0.00739998 0.00669612 0.00569645
v -0.00739998 0.00631786 0.00515818
v -0.00739998 0.00589645 0.00465300
v -0.00739998 0.00543476 0.00418433
v -0.00739998 0.00493594 0.00375540
v -0.00739998 0.00440341 0.00336912
v -0.00739998 0.00384079 0.00302814
v -0.00739998 0.00325194 0.00273478
v -0.00739998 0.00264088 0.00249105
v -0.00739998 0.00201178 0.00229862
v -0.00739998 0.00136893 0.00215879
v -0.00739998 0.00071673 0.00207253
v -0.00739998 0.00005964 0.00204042
v -0.00739998 -0.00059786 0.00206268
v -0.00739998 -0.00125128 0.00213916
v -0.00739998 -0.00189615 0.00226934
v -0.00739998 -0.00252807 0.00245233
v -0.00739998 -0.00314271 0.00268687
v -0.00739998 -0.00373589 0.00297138
v -0.00739998 -0.00430355 0.00330389
v -0.00739998 -0.00484181 0.00368215
v -0.00739998 -0.00534700 0.00410356
v -0.00739998 -0.00581566 0.00456525
v -0.00739998 -0.00624460 0.00506407
v -0.00739998 -0.00663088 0.00559660
v -0.00739998 -0.00697186 0.00615921
v -0.00739998 -0.00726522 0.00674806
v -0.00739998 -0.00750894 0.00735913
v -0.00739998 -0.00770138 0.00798823
v -0.00739998 -0.00784121 0.00863108
v -0.00739998 -0.00792747 0.00928328
v -0.00739998 -0.00795958 0.00994037
v -0.00739998 -0.00793732 0.01059787
v -0.00739998 -0.00786084 0.01125129
v -0.00739998 -0.00773066 0.01189616
v -0.00739998 -0.00754767 0.01252807
v -0.00739998 -0.00731312 0.01314272
v -0.00739998 -0.00702862 0.01373590
v -0.00739998 -0.00669611 0.01430356
v -0.00739998 -0.00631785 0.01484182
v -0.00739998 -0.00589644 0.01534701
v -0.00739998 -0.00543475 0.01581567
v -0.00739998 -0.00493593 0.01624461
v -0.00739998 -0.00440340 0.01663088
v -0.00739998 -0.00384078 0.01697187
v -0.00739998 -0.00325193 0.01726522
v -0.00739998 -0.00264087 0.01750895
v -0.00739998 -0.00201176 0.01770139
v -0.00739998 -0.00136892 0.01784121
v -0.00739998 -0.00071672 0.01792748
v -0.00739998 -0.00005963 0.01795959
v -0.00739998 0.00059787 0.01793733
v -0.00739998 0.00125129 0.01786084
v -0.00739998 0.00189616 0.01773066
v -0.00725002 -0.00745586 0.00918757
v -0.00725002 -0.00748367 0.01049461
v -0.00725002 -0.00672835 0.00668651
v -0.00725002 -0.00720151 0.00790522
v -0.00725002 -0.00417018 0.00376626
v -0.00725002 -0.00728409 0.01178662
v -0.00725002 -0.00518930 0.00458511
v -0.00725002 0.00605076 0.01443152
v -0.00725002 -0.00331349 0.01672836
v -0.00725002 -0.00209478 0.01720152
v -0.00725002 -0.00605075 0.00556848
v -0.00725002 -0.00302434 0.00313682
v -0.00725002 -0.00178662 0.00271591
v -0.00725002 0.00623375 0.00582982
v -0.00725002 0.00720152 0.01209479
v -0.00725002 0.00745587 0.01081243
v -0.00725002 0.00672836 0.01331350
v -0.00725002 -0.00686318 0.01302435
v -0.00725002 0.00081244 0.00254414
v -0.00725002 -0.00049460 0.00251633
v -0.00725002 0.00541490 0.00481070
v -0.00725002 0.00686319 0.00697566
v -0.00725002 0.00728410 0.00821338
v -0.00725002 -0.00081243 0.01745587
v -0.00725002 0.00049461 0.01748368
v -0.00725002 -0.00443151 0.01605076
v -0.00725002 -0.00541489 0.01518931
v -0.00725002 0.00331350 0.00327165
v -0.00725002 0.00209479 0.00279848
v -0.00725002 0.00443152 0.00394925
v -0.00725002 0.00748368 0.00950539
v -0.00725002 0.00518931 0.01541490
v -0.00725002 0.00417019 0.01623375
v -0.00725002 0.00302435 0.01686319
v -0.00725002 0.00178663 0.01728409
v -0.00725002 -0.00623374 0.01417018
v -0.01585001 0.00302435 0.01686319
v -0.01585001 0.00178663 0.01728409
v -0.01585001 0.00417019 0.01623375
v -0.01585001 0.00518931 0.01541490
v -0.01585001 0.00605076 0.01443152
v -0.01585001 0.00672836 0.01331350
v -0.01585001 0.00720152 0.01209479
v -0.01585001 0.00745587 0.01081243
v -0.01585001 0.00748368 0.00950539
v -0.01585001 0.00728410 0.00821338
v -0.01585001 0.00686319 0.00697566
v -0.01585001 0.00623375 0.00582982
v -0.01585001 0.00541490 0.00481070
v -0.01585001 0.00443152 0.00394925
v -0.01585001 0.00331350 0.00327165
v -0.01585001 0.00209479 0.00279848
v -0.01585001 0.00081244 0.00254414
v -0.01585001 -0.00049460 0.00251633
v -0.01585001 -0.00178662 0.00271591
v -0.01585001 -0.00302434 0.00313682
v -0.01585001 -0.00417018 0.00376626
v -0.01585001 -0.00518930 0.00458511
v -0.01585001 -0.00605075 0.00556848
v -0.01585001 -0.00672835 0.00668651
v -0.01585001 -0.00720151 0.00790522
v -0.01585001 -0.00745586 0.00918757
v -0.01585001 -0.00748367 0.01049461
v -0.01585001 -0.00728409 0.01178662
v -0.01585001 -0.00686318 0.01302435
v -0.01585001 -0.00623374 0.01417018
v -0.01585001 -0.00541489 0.01518931
v -0.01585001 -0.00443151 0.01605076
v -0.01585001 -0.00331349 0.01672836
v -0.01585001 -0.00209478 0.01720152
v -0.01585001 -0.00081243 0.01745587
v -0.01585001 0.00049461 0.01748368
v -0.00725002 0.00000001 0.01000000
v -0.00725002 0.00059504 0.01747636
v -0.00725002 -0.00061196 0.01747500
v -0.00725002 0.00293194 0.01690317
v -0.00725002 -0.00294755 0.01689652
v -0.00725002 -0.00401566 0.01633439
v -0.00725002 -0.00180311 0.01728003
v -0.00725002 -0.00581490 0.01473676
v -0.00725002 -0.00649943 0.01374265
v -0.00725002 -0.00497977 0.01560820
v -0.00725002 -0.00735012 0.01149187
v -0.00725002 -0.00749425 0.01029351
v -0.00725002 -0.00701562 0.01265160
v -0.00725002 -0.00677223 0.00677714
v -0.00725002 -0.00744428 0.00908755
v -0.00725002 -0.00540313 0.00479845
v -0.00725002 -0.00449877 0.00399908
v -0.00725002 -0.00616755 0.00573253
v -0.00725002 -0.00236695 0.00288330
v -0.00725002 -0.00119470 0.00259577
v -0.00725002 -0.00347790 0.00335514
v -0.00725002 0.00121147 0.00259849
v -0.00725002 0.00238307 0.00288867
v -0.00725002 0.00000850 0.00250001
v -0.00725002 0.00451236 0.00400929
v -0.00725002 0.00349295 0.00336303
v -0.00725002 0.00677952 0.00679248
v -0.00725002 0.00720625 0.00792153
v -0.00725002 0.00617720 0.00574651
v -0.00725002 0.00749358 0.01031048
v -0.00725002 0.00734673 0.01150852
v -0.00725002 0.00744634 0.00910441
v -0.00725002 0.00649095 0.01375736
v -0.00725002 0.00580417 0.01474992
v -0.00725002 0.00700961 0.01266748
v -0.00725002 0.00400132 0.01634346
v -0.00725002 0.00496707 0.01561946
v -0.00774998 0.00293194 0.01690317
v -0.00774998 0.00400132 0.01634346
v -0.00774998 0.00496707 0.01561946
v -0.00774998 0.00580417 0.01474992
v -0.00774998 0.00649095 0.01375736
v -0.00774998 0.00700961 0.01266748
v -0.00774998 0.00734673 0.01150852
v -0.00774998 0.00749358 0.01031048
v -0.00774998 0.00744634 0.00910441
v -0.00774998 0.00720625 0.00792153
v -0.00774998 0.00677952 0.00679248
v -0.00774998 0.00617720 0.00574651
v -0.00774998 0.00541490 0.00481070
v -0.00774998 0.00451236 0.00400929
v -0.00774998 0.00349295 0.00336303
v -0.00774998 0.00238307 0.00288867
v -0.00774998 0.00121147 0.00259849
v -0.00774998 0.00000850 0.00250001
v -0.00774998 -0.00119470 0.00259577
v -0.00774998 -0.00236695 0.00288330
v -0.00774998 -0.00347790 0.00335514
v -0.00774998 -0.00449877 0.00399908
v -0.00774998 -0.00540313 0.00479845
v -0.00774998 -0.00616755 0.00573253
v -0.00774998 -0.00677223 0.00677714
v -0.00774998 -0.00720151 0.00790522
v -0.00774998 -0.00744428 0.00908755
v -0.00774998 -0.00749425 0.01029351
v -0.00774998 -0.00735012 0.01149187
v -0.00774998 -0.00701562 0.01265160
v -0.00774998 -0.00649943 0.01374265
v -0.00774998 -0.00581490 0.01473676
v -0.00774998 -0.00497977 0.01560820
v -0.00774998 -0.00401566 0.01633439
v -0.00774998 -0.00294755 0.01689652
v -0.00774998 -0.00180311 0.01728003
v -0.00774998 -0.00061196 0.01747500
v -0.00774998 0.00059504 0.01747636
v -0.00774998 0.00178663 0.01728409
f 1 2 3
f 4 2 1
f 5 6 7
f 8 6 5
f 9 10 11
f 12 10 9
f 13 14 15
f 16 14 13
f 17 18 19
f 19 20 21
f 22 20 19
f 23 22 19
f 17 24 25
f 26 24 17
f 19 26 17
f 27 26 19
f 21 27 19
f 28 29 30
f 31 32 33
f 34 35 36
f 37 35 34
f 38 37 34
f 39 37 38
f 40 39 38
f 31 41 32
f 42 41 31
f 43 42 31
f 43 44 42
f 45 44 43
f 46 45 43
f 47 45 46
f 48 47 46
f 49 50 51
f 29 52 30
f 53 52 29
f 51 53 29
f 54 53 51
f 50 54 51
f 55 56 57
f 58 57 56
f 59 57 58
f 60 59 58
f 28 61 62
f 63 61 28
f 30 63 28
f 64 65 66
f 64 67 65
f 68 67 64
f 69 68 64
f 70 68 69
f 71 70 69
f 72 73 74
f 75 64 66
f 59 64 75
f 76 59 75
f 57 59 76
f 77 57 76
f 69 78 71
f 79 78 69
f 80 79 69
f 81 79 80
f 74 81 80
f 82 81 74
f 73 82 74
f 74 83 72
f 84 83 74
f 57 84 74
f 85 84 57
f 77 85 57
f 34 86 87
f 34 88 86
f 89 88 34
f 74 89 34
f 90 89 74
f 91 90 74
f 74 92 91
f 93 92 74
f 80 93 74
f 94 93 80
f 69 94 80
f 95 34 87
f 38 34 95
f 96 38 95
f 97 38 96
f 98 97 96
f 69 99 94
f 100 99 69
f 101 100 69
f 69 102 101
f 103 102 69
f 97 103 69
f 104 103 97
f 98 104 97
f 105 106 107
f 69 108 109
f 110 108 69
f 107 110 69
f 69 105 107
f 111 105 69
f 64 111 69
f 112 111 64
f 113 112 64
f 107 114 110
f 115 114 107
f 116 115 107
f 117 115 116
f 118 117 116
f 23 119 120
f 69 119 23
f 121 119 69
f 109 121 69
f 23 122 123
f 124 122 23
f 120 124 23
f 125 126 127
f 128 126 125
f 129 128 125
f 130 131 132
f 97 133 129
f 134 133 97
f 135 134 97
f 97 136 135
f 137 136 97
f 69 137 97
f 138 137 69
f 23 138 69
f 139 138 23
f 19 139 23
f 136 140 135
f 141 140 136
f 132 141 136
f 142 141 132
f 131 142 132
f 132 127 130
f 125 127 132
f 143 125 132
f 144 145 146
f 147 148 149
f 113 147 149
f 150 64 151
f 113 64 150
f 152 113 150
f 147 113 152
f 64 153 151
f 154 153 64
f 146 154 64
f 144 155 145
f 156 155 144
f 149 156 144
f 157 156 149
f 148 157 149
f 48 36 47
f 34 36 48
f 158 34 48
f 74 34 158
f 62 74 158
f 57 74 62
f 61 57 62
f 55 57 61
f 64 144 146
f 51 144 64
f 59 51 64
f 49 51 59
f 60 49 59
f 125 97 129
f 38 97 125
f 31 38 125
f 40 38 31
f 33 40 31
f 159 125 143
f 31 125 159
f 160 31 159
f 43 31 160
f 161 43 160
f 46 43 161
f 162 46 161
f 163 164 165
f 164 166 165
f 167 166 164
f 168 167 164
f 165 169 163
f 170 169 165
f 171 170 165
f 172 170 171
f 173 172 171
f 174 172 173
f 172 175 170
f 176 175 172
f 177 176 172
f 178 176 177
f 179 178 177
f 180 178 179
f 181 180 179
f 182 180 181
f 183 184 185
f 186 184 183
f 182 186 183
f 187 186 182
f 181 187 182
f 188 189 190
f 191 189 188
f 185 191 188
f 192 191 185
f 184 192 185
f 168 193 167
f 194 193 168
f 190 194 168
f 195 194 190
f 189 195 190
f 196 197 198
f 199 197 196
f 200 199 196
f 201 202 203
f 204 202 201
f 205 204 201
f 206 207 208
f 209 207 206
f 203 209 206
f 210 211 212
f 213 211 210
f 214 213 210
f 215 213 214
f 216 215 214
f 205 215 216
f 217 205 216
f 204 205 217
f 218 219 220
f 221 219 218
f 212 221 218
f 222 221 212
f 211 222 212
f 208 223 206
f 224 223 208
f 225 224 208
f 226 224 225
f 220 226 225
f 227 226 220
f 219 227 220
f 203 228 201
f 200 228 203
f 206 200 203
f 199 200 206
f 229 230 231
f 232 230 229
f 233 234 235
f 236 229 205
f 237 238 239
f 205 201 240
f 241 242 243
f 244 242 241
f 245 246 247
f 248 249 250
f 251 249 248
f 249 252 250
f 253 252 249
f 246 253 249
f 254 253 246
f 245 254 246
f 255 229 236
f 232 229 255
f 193 232 255
f 256 257 258
f 259 257 256
f 260 235 261
f 233 235 260
f 262 233 260
f 263 233 262
f 264 265 266
f 241 267 244
f 268 267 241
f 260 268 241
f 269 268 260
f 261 269 260
f 270 271 272
f 273 271 270
f 274 273 270
f 275 273 274
f 276 275 274
f 277 278 279
f 280 278 277
f 281 282 283
f 284 282 281
f 255 285 286
f 287 288 289
f 290 263 291
f 266 263 290
f 292 266 290
f 264 266 292
f 293 294 262
f 262 295 293
f 296 295 262
f 297 296 262
f 256 298 259
f 299 298 256
f 300 299 256
f 301 302 303
f 304 302 301
f 263 305 291
f 306 305 263
f 262 306 263
f 307 306 262
f 294 307 262
f 304 275 276
f 308 275 304
f 301 308 304
f 309 193 310
f 167 193 309
f 311 288 287
f 256 262 312
f 297 262 256
f 258 297 256
f 313 314 236
f 301 241 243
f 315 241 301
f 303 315 301
f 262 315 303
f 316 262 303
f 312 262 316
f 317 312 316
f 301 318 308
f 319 318 301
f 247 319 301
f 301 320 321
f 322 320 301
f 237 322 301
f 323 322 237
f 239 323 237
f 280 324 278
f 325 324 280
f 326 325 280
f 251 325 326
f 327 251 326
f 283 328 281
f 329 328 283
f 330 329 283
f 236 331 313
f 332 331 236
f 205 332 236
f 333 332 205
f 284 333 205
f 247 334 245
f 335 334 247
f 301 335 247
f 336 335 301
f 321 336 301
f 337 251 327
f 249 251 337
f 338 249 337
f 284 339 282
f 340 339 284
f 205 340 284
f 341 340 205
f 240 341 205
f 193 342 343
f 344 342 193
f 255 344 193
f 345 344 255
f 286 345 255
f 316 346 317
f 347 346 316
f 348 347 316
f 349 347 348
f 330 350 329
f 351 350 330
f 249 351 330
f 352 351 249
f 338 352 249
f 311 353 288
f 343 353 311
f 354 343 311
f 193 343 354
f 355 193 354
f 310 193 355
f 348 356 349
f 357 356 348
f 358 357 348
f 359 357 358
f 287 359 358
f 360 359 287
f 289 360 287
f 361 362 363
f 364 361 363
f 365 361 364
f 366 365 364
f 367 365 366
f 368 367 366
f 369 367 368
f 370 369 368
f 371 369 370
f 372 371 370
f 373 371 372
f 374 373 372
f 375 373 374
f 376 375 374
f 377 375 376
f 378 377 376
f 379 377 378
f 380 379 378
f 381 379 380
f 382 381 380
f 383 381 382
f 384 383 382
f 385 383 384
f 386 385 384
f 387 385 386
f 388 387 386
f 389 387 388
f 390 389 388
f 391 389 390
f 392 391 390
f 116 391 392
f 118 116 392
f 393 394 395
f 396 394 393
f 397 396 393
f 398 396 397
f 399 398 397
f 400 398 399
f 401 400 399
f 402 400 401
f 403 402 401
f 404 402 403
f 405 404 403
f 406 404 405
f 407 406 405
f 408 406 407
f 409 408 407
f 410 408 409
f 411 410 409
f 412 410 411
f 413 412 411
f 414 412 413
f 415 414 413
f 416 414 415
f 395 416 415
f 394 416 395
f 417 418 419
f 420 421 422
f 423 421 420
f 424 423 420
f 425 426 427
f 420 20 22
f 428 20 420
f 429 428 420
f 430 417 431
f 432 417 430
f 433 432 430
f 434 432 433
f 426 434 433
f 435 434 426
f 425 435 426
f 417 436 431
f 420 436 417
f 419 420 417
f 424 420 419
f 420 437 436
f 438 437 420
f 439 438 420
f 440 438 439
f 441 440 439
f 442 440 441
f 442 443 444
f 445 443 442
f 441 445 442
f 427 446 425
f 447 446 427
f 448 447 427
f 449 447 448
f 444 449 448
f 450 449 444
f 443 450 444
f 420 451 429
f 452 451 420
f 422 452 420
f 453 454 455
f 456 457 458
f 459 460 461
f 462 463 464
f 465 463 462
f 460 465 462
f 466 465 460
f 459 466 460
f 467 468 469
f 458 468 467
f 470 458 467
f 464 471 472
f 473 471 464
f 463 473 464
f 474 475 476
f 477 475 474
f 476 478 474
f 479 478 476
f 480 479 476
f 470 479 480
f 481 470 480
f 458 470 481
f 482 458 481
f 456 458 482
f 461 483 459
f 484 483 461
f 485 484 461
f 486 484 485
f 487 486 485
f 488 486 487
f 467 488 487
f 489 488 467
f 469 489 467
f 474 455 477
f 453 455 474
f 472 453 474
f 490 453 472
f 471 490 472
f 491 492 493
f 494 491 493
f 495 491 494
f 496 495 494
f 497 495 496
f 498 497 496
f 499 497 498
f 500 499 498
f 501 499 500
f 502 501 500
f 503 501 502
f 504 503 502
f 505 503 504
f 506 505 504
f 507 505 506
f 508 507 506
f 509 507 508
f 510 509 508
f 511 509 510
f 512 511 510
f 513 511 512
f 514 513 512
f 515 513 514
f 516 515 514
f 517 515 516
f 518 517 516
f 519 517 518
f 520 519 518
f 521 519 520
f 522 521 520
f 122 521 522
f 123 122 522
f 523 524 525
f 526 527 528
f 529 530 527
f 530 531 527
f 532 531 530
f 523 532 530
f 533 532 523
f 525 533 523
f 534 533 525
f 535 534 525
f 536 526 537
f 527 526 536
f 538 527 536
f 529 527 538
f 539 540 541
f 542 540 539
f 543 542 539
f 544 542 543
f 534 544 543
f 545 544 534
f 535 545 534
f 541 546 547
f 548 546 541
f 540 548 541
f 549 550 551
f 552 550 549
f 547 552 549
f 553 552 547
f 546 553 547
f 528 554 526
f 555 554 528
f 551 555 528
f 556 555 551
f 550 556 551
f 557 409 407
f 558 559 560
f 560 561 562
f 563 561 560
f 559 563 560
f 564 409 557
f 411 409 564
f 565 411 564
f 565 413 411
f 415 413 565
f 560 415 565
f 566 565 567
f 560 565 566
f 568 560 566
f 558 560 568
f 407 569 557
f 570 569 407
f 405 570 407
f 405 571 570
f 572 571 405
f 403 572 405
f 573 572 403
f 401 573 403
f 560 395 415
f 393 395 560
f 574 393 560
f 397 393 574
f 575 397 574
f 399 397 575
f 401 576 573
f 577 576 401
f 399 577 401
f 578 577 399
f 575 578 399
f 579 580 581
f 582 580 579
f 583 584 585
f 586 587 588
f 589 590 591
f 592 593 594
f 595 584 596
f 597 598 599
f 587 598 597
f 594 600 592
f 601 600 594
f 602 601 594
f 603 601 602
f 604 605 606
f 607 605 604
f 608 607 604
f 584 609 585
f 610 609 584
f 595 610 584
f 611 610 595
f 612 611 595
f 613 597 599
f 614 597 613
f 615 614 613
f 596 616 595
f 617 616 596
f 589 617 596
f 613 617 589
f 591 613 589
f 615 613 591
f 605 585 606
f 583 585 605
f 603 583 605
f 618 583 603
f 602 618 603
f 619 618 602
f 588 620 586
f 621 620 588
f 611 621 588
f 622 621 611
f 612 622 611
f 623 624 625
f 626 624 623
f 627 626 623
f 628 626 627
f 629 628 627
f 608 628 629
f 630 608 629
f 607 608 630
f 625 588 631
f 632 588 625
f 624 632 625
f 588 633 631
f 634 633 588
f 587 634 588
f 635 634 587
f 597 635 587
f 636 637 638
f 639 640 641
f 642 643 644
f 645 646 647
f 648 646 645
f 649 648 645
f 650 648 649
f 651 650 649
f 652 650 651
f 653 654 655
f 656 654 653
f 657 656 653
f 658 656 657
f 659 658 657
f 660 661 662
f 659 663 658
f 664 663 659
f 665 664 659
f 666 664 665
f 650 666 665
f 642 666 650
f 652 642 650
f 661 667 638
f 668 667 661
f 660 668 661
f 669 642 644
f 670 642 669
f 671 670 669
f 638 672 636
f 673 672 638
f 643 673 638
f 674 673 643
f 642 674 643
f 675 674 642
f 652 675 642
f 638 676 661
f 677 676 638
f 637 677 638
f 637 641 677
f 639 641 637
f 678 639 637
f 679 639 678
f 647 679 678
f 680 679 647
f 646 680 647
f 681 682 683
f 684 682 681
f 670 684 681
f 685 684 670
f 671 685 670
f 662 686 660
f 687 686 662
f 688 687 662
f 684 687 688
f 689 684 688
f 682 684 689
f 690 231 230
f 691 690 230
f 692 690 691
f 693 692 691
f 694 692 693
f 695 694 693
f 696 694 695
f 697 696 695
f 698 696 697
f 699 698 697
f 700 698 699
f 701 700 699
f 702 700 701
f 703 702 701
f 704 702 703
f 705 704 703
f 706 704 705
f 707 706 705
f 708 706 707
f 709 708 707
f 708 272 271
f 709 272 708
f 164 214 168
f 216 214 164
f 163 216 164
f 217 216 163
f 169 217 163
f 204 217 169
f 170 204 169
f 202 204 170
f 175 202 170
f 203 202 175
f 176 203 175
f 209 203 176
f 178 209 176
f 207 209 178
f 180 207 178
f 208 207 180
f 182 208 180
f 225 208 182
f 183 225 182
f 220 225 183
f 185 220 183
f 218 220 185
f 188 218 185
f 212 218 188
f 190 212 188
f 210 212 190
f 168 210 190
f 214 210 168
f 37 39 710
f 39 711 710
f 712 711 39
f 40 712 39
f 40 713 712
f 714 713 40
f 33 714 40
f 33 715 714
f 716 715 33
f 32 716 33
f 32 717 716
f 718 717 32
f 41 718 32
f 41 719 718
f 720 719 41
f 42 720 41
f 42 721 720
f 722 721 42
f 44 722 42
f 44 723 722
f 724 723 44
f 45 724 44
f 45 725 724
f 726 725 45
f 47 726 45
f 47 727 726
f 728 727 47
f 36 728 47
f 36 729 728
f 730 729 36
f 35 730 36
f 35 731 730
f 732 731 35
f 37 732 35
f 733 732 37
f 710 733 37
f 723 724 285
f 718 256 717
f 734 256 718
f 719 734 718
f 662 734 719
f 720 662 719
f 720 688 662
f 689 688 720
f 721 689 720
f 682 689 721
f 722 682 721
f 683 682 722
f 723 683 722
f 735 683 723
f 285 735 723
f 725 285 724
f 286 285 725
f 726 286 725
f 345 286 726
f 727 345 726
f 344 345 727
f 728 344 727
f 342 344 728
f 729 342 728
f 343 342 729
f 730 343 729
f 353 343 730
f 731 353 730
f 288 353 731
f 732 288 731
f 289 288 732
f 733 289 732
f 360 289 733
f 710 360 733
f 359 360 710
f 711 359 710
f 357 359 711
f 712 357 711
f 356 357 712
f 713 356 712
f 349 356 713
f 714 349 713
f 347 349 714
f 715 347 714
f 346 347 715
f 716 346 715
f 317 346 716
f 717 317 716
f 312 317 717
f 256 312 717
f 135 140 736
f 140 737 736
f 738 737 140
f 141 738 140
f 141 739 738
f 740 739 141
f 142 740 141
f 142 741 740
f 742 741 142
f 131 742 142
f 131 743 742
f 744 743 131
f 130 744 131
f 130 745 744
f 746 745 130
f 127 746 130
f 127 747 746
f 748 747 127
f 126 748 127
f 126 749 748
f 750 749 126
f 128 750 126
f 128 751 750
f 752 751 128
f 129 752 128
f 129 753 752
f 754 753 129
f 133 754 129
f 133 755 754
f 756 755 133
f 134 756 133
f 134 757 756
f 758 757 134
f 135 758 134
f 759 758 135
f 736 759 135
f 749 750 300
f 747 677 746
f 676 677 747
f 748 676 747
f 661 676 748
f 749 661 748
f 760 661 749
f 300 760 749
f 744 265 743
f 761 265 744
f 745 761 744
f 640 761 745
f 746 640 745
f 641 640 746
f 677 641 746
f 751 300 750
f 299 300 751
f 752 299 751
f 298 299 752
f 753 298 752
f 259 298 753
f 754 259 753
f 257 259 754
f 755 257 754
f 258 257 755
f 756 258 755
f 297 258 756
f 757 297 756
f 296 297 757
f 758 296 757
f 295 296 758
f 759 295 758
f 293 295 759
f 736 293 759
f 294 293 736
f 737 294 736
f 307 294 737
f 738 307 737
f 306 307 738
f 739 306 738
f 305 306 739
f 740 305 739
f 291 305 740
f 741 291 740
f 290 291 741
f 742 290 741
f 292 290 742
f 743 292 742
f 264 292 743
f 265 264 743
f 156 157 762
f 157 763 762
f 764 763 157
f 148 764 157
f 148 765 764
f 766 765 148
f 147 766 148
f 147 767 766
f 768 767 147
f 152 768 147
f 152 769 768
f 770 769 152
f 150 770 152
f 150 771 770
f 772 771 150
f 151 772 150
f 151 773 772
f 774 773 151
f 153 774 151
f 153 775 774
f 776 775 153
f 154 776 153
f 154 777 776
f 778 777 154
f 146 778 154
f 146 779 778
f 780 779 146
f 145 780 146
f 145 781 780
f 782 781 145
f 155 782 145
f 155 783 782
f 784 783 155
f 156 784 155
f 785 784 156
f 762 785 156
f 763 764 238
f 782 278 781
f 786 278 782
f 783 786 782
f 635 786 783
f 784 635 783
f 784 634 635
f 633 634 784
f 785 633 784
f 631 633 785
f 762 631 785
f 625 631 762
f 763 625 762
f 787 625 763
f 238 787 763
f 765 238 764
f 239 238 765
f 766 239 765
f 323 239 766
f 767 323 766
f 322 323 767
f 768 322 767
f 320 322 768
f 769 320 768
f 321 320 769
f 770 321 769
f 336 321 770
f 771 336 770
f 335 336 771
f 772 335 771
f 334 335 772
f 773 334 772
f 245 334 773
f 774 245 773
f 254 245 774
f 775 254 774
f 253 254 775
f 776 253 775
f 252 253 776
f 777 252 776
f 250 252 777
f 778 250 777
f 248 250 778
f 779 248 778
f 251 248 779
f 780 251 779
f 325 251 780
f 781 325 780
f 324 325 781
f 278 324 781
f 53 54 788
f 54 789 788
f 790 789 54
f 50 790 54
f 50 791 790
f 792 791 50
f 49 792 50
f 49 793 792
f 794 793 49
f 60 794 49
f 60 795 794
f 796 795 60
f 58 796 60
f 58 797 796
f 798 797 58
f 56 798 58
f 56 799 798
f 800 799 56
f 55 800 56
f 55 801 800
f 802 801 55
f 61 802 55
f 61 803 802
f 804 803 61
f 63 804 61
f 63 805 804
f 806 805 63
f 30 806 63
f 30 807 806
f 808 807 30
f 52 808 30
f 52 809 808
f 810 809 52
f 53 810 52
f 811 810 53
f 788 811 53
f 789 790 279
f 811 615 810
f 614 615 811
f 788 614 811
f 597 614 788
f 789 597 788
f 812 597 789
f 279 812 789
f 808 314 807
f 813 314 808
f 809 813 808
f 590 813 809
f 810 590 809
f 591 590 810
f 615 591 810
f 791 279 790
f 277 279 791
f 792 277 791
f 280 277 792
f 793 280 792
f 326 280 793
f 794 326 793
f 327 326 794
f 795 327 794
f 337 327 795
f 796 337 795
f 338 337 796
f 797 338 796
f 352 338 797
f 798 352 797
f 351 352 798
f 799 351 798
f 350 351 799
f 800 350 799
f 329 350 800
f 801 329 800
f 328 329 801
f 802 328 801
f 281 328 802
f 803 281 802
f 284 281 803
f 804 284 803
f 333 284 804
f 805 333 804
f 332 333 805
f 806 332 805
f 331 332 806
f 807 331 806
f 313 331 807
f 314 313 807
f 814 815 816
f 817 815 814
f 815 818 816
f 819 818 815
f 820 818 819
f 821 818 820
f 822 821 820
f 823 821 822
f 824 821 823
f 825 824 823
f 523 824 825
f 524 523 825
f 561 826 562
f 827 826 561
f 828 817 814
f 829 817 828
f 830 829 828
f 831 829 830
f 826 831 830
f 832 831 826
f 827 832 826
f 833 493 492
f 834 493 833
f 835 834 833
f 836 834 835
f 837 836 835
f 233 836 837
f 838 233 837
f 234 233 838
f 243 242 839
f 840 363 362
f 841 363 840
f 842 841 840
f 843 841 842
f 243 843 842
f 844 843 243
f 839 844 243
f 845 448 846
f 444 448 845
f 847 444 845
f 442 444 847
f 848 442 847
f 440 442 848
f 849 440 848
f 438 440 849
f 850 438 849
f 437 438 850
f 851 437 850
f 436 437 851
f 852 436 851
f 431 436 852
f 853 431 852
f 430 431 853
f 854 430 853
f 433 430 854
f 855 433 854
f 426 433 855
f 856 426 855
f 427 426 856
f 846 427 856
f 448 427 846
f 849 857 850
f 858 857 849
f 848 858 849
f 859 858 848
f 847 859 848
f 860 859 847
f 845 860 847
f 861 860 845
f 846 861 845
f 862 861 846
f 856 862 846
f 863 862 856
f 855 863 856
f 864 863 855
f 854 864 855
f 865 864 854
f 853 865 854
f 866 865 853
f 852 866 853
f 867 866 852
f 851 867 852
f 868 867 851
f 850 868 851
f 857 868 850
f 859 533 858
f 532 533 859
f 860 532 859
f 531 532 860
f 861 531 860
f 527 531 861
f 862 527 861
f 528 527 862
f 863 528 862
f 551 528 863
f 864 551 863
f 549 551 864
f 865 549 864
f 547 549 865
f 866 547 865
f 541 547 866
f 867 541 866
f 539 541 867
f 868 539 867
f 543 539 868
f 857 543 868
f 534 543 857
f 858 534 857
f 533 534 858
f 123 439 420
f 441 439 123
f 522 441 123
f 445 441 522
f 520 445 522
f 443 445 520
f 518 443 520
f 450 443 518
f 516 450 518
f 449 450 516
f 514 449 516
f 447 449 514
f 512 447 514
f 446 447 512
f 510 446 512
f 425 446 510
f 508 425 510
f 435 425 508
f 506 435 508
f 434 435 506
f 504 434 506
f 432 434 504
f 502 432 504
f 417 432 502
f 500 417 502
f 418 417 500
f 498 418 500
f 419 418 498
f 496 419 498
f 424 419 496
f 494 424 496
f 423 424 494
f 493 423 494
f 834 423 493
f 421 423 834
f 836 421 834
f 422 421 836
f 233 422 836
f 452 422 233
f 398 470 396
f 479 470 398
f 400 479 398
f 478 479 400
f 402 478 400
f 474 478 402
f 404 474 402
f 472 474 404
f 406 472 404
f 464 472 406
f 408 464 406
f 462 464 408
f 410 462 408
f 460 462 410
f 412 460 410
f 461 460 412
f 414 461 412
f 485 461 414
f 416 485 414
f 487 485 416
f 394 487 416
f 467 487 394
f 396 467 394
f 470 467 396
f 579 869 670
f 681 579 670
f 582 579 681
f 870 582 681
f 199 708 271
f 206 708 199
f 706 708 206
f 223 706 206
f 704 706 223
f 224 704 223
f 702 704 224
f 226 702 224
f 700 702 226
f 227 700 226
f 698 700 227
f 219 698 227
f 696 698 219
f 221 696 219
f 694 696 221
f 222 694 221
f 692 694 222
f 211 692 222
f 690 692 211
f 213 690 211
f 231 690 213
f 215 231 213
f 205 231 215
f 229 231 205
f 272 177 172
f 709 177 272
f 691 230 194
f 195 691 194
f 693 691 195
f 189 693 195
f 695 693 189
f 191 695 189
f 697 695 191
f 192 697 191
f 699 697 192
f 184 699 192
f 701 699 184
f 186 701 184
f 703 701 186
f 187 703 186
f 705 703 187
f 181 705 187
f 707 705 181
f 179 707 181
f 709 707 179
f 177 709 179
f 232 194 230
f 193 194 232
f 589 580 871
f 581 580 589
f 596 581 589
f 872 581 596
f 118 574 560
f 575 574 118
f 392 575 118
f 578 575 392
f 390 578 392
f 577 578 390
f 388 577 390
f 576 577 388
f 386 576 388
f 573 576 386
f 384 573 386
f 572 573 384
f 382 572 384
f 571 572 382
f 380 571 382
f 570 571 380
f 378 570 380
f 569 570 378
f 376 569 378
f 557 569 376
f 374 557 376
f 564 557 374
f 372 564 374
f 565 564 372
f 370 565 372
f 567 565 370
f 368 567 370
f 566 567 368
f 366 566 368
f 568 566 366
f 364 568 366
f 558 568 364
f 363 558 364
f 841 558 363
f 559 558 841
f 843 559 841
f 563 559 843
f 844 563 843
f 561 563 844
f 827 242 832
f 839 242 827
f 561 839 827
f 844 839 561
f 829 268 817
f 267 268 829
f 831 267 829
f 244 267 831
f 832 244 831
f 242 244 832
f 817 269 815
f 268 269 817
f 822 234 823
f 235 234 822
f 261 815 269
f 819 815 261
f 235 819 261
f 820 819 235
f 822 820 235
f 825 837 524
f 838 837 825
f 823 838 825
f 234 838 823
f 835 524 837
f 525 524 835
f 833 525 835
f 535 525 833
f 492 535 833
f 545 535 492
f 529 122 530
f 521 122 529
f 538 521 529
f 519 521 538
f 536 519 538
f 517 519 536
f 537 517 536
f 515 517 537
f 526 515 537
f 513 515 526
f 554 513 526
f 511 513 554
f 555 511 554
f 509 511 555
f 556 509 555
f 507 509 556
f 550 507 556
f 505 507 550
f 552 505 550
f 503 505 552
f 553 503 552
f 501 503 553
f 546 501 553
f 499 501 546
f 548 499 546
f 497 499 548
f 540 497 548
f 495 497 540
f 542 495 540
f 491 495 542
f 544 491 542
f 492 491 544
f 545 492 544
f 314 871 236
f 589 871 314
f 813 589 314
f 590 589 813
f 236 871 580
f 582 236 580
f 255 236 582
f 870 255 582
f 681 683 735
f 681 255 870
f 285 255 681
f 735 285 681
f 734 300 256
f 760 300 734
f 662 760 734
f 661 760 662
f 579 162 869
f 46 162 579
f 62 872 28
f 581 872 62
f 158 581 62
f 579 581 158
f 48 579 158
f 46 579 48
f 786 635 597
f 786 279 278
f 812 279 786
f 597 812 786
f 873 874 875
f 876 874 873
f 877 878 879
f 880 878 877
f 881 882 883
f 884 882 881
f 885 886 887
f 888 886 885
f 889 890 891
f 892 890 889
f 893 894 895
f 896 894 893
f 897 892 889
f 898 892 897
f 899 898 897
f 900 898 899
f 895 900 899
f 894 900 895
f 901 174 173
f 902 174 901
f 903 902 901
f 904 902 903
f 896 904 903
f 893 904 896
f 905 888 885
f 906 888 905
f 907 906 905
f 908 906 907
f 891 908 907
f 890 908 891
f 886 909 887
f 910 909 886
f 910 911 909
f 912 911 910
f 913 912 910
f 914 171 165
f 913 171 914
f 915 913 914
f 912 913 915
f 916 883 882
f 917 883 916
f 918 917 916
f 919 917 918
f 876 919 918
f 873 919 876
f 920 875 874
f 921 875 920
f 922 921 920
f 923 921 922
f 924 921 923
f 925 924 923
f 926 924 925
f 196 924 926
f 200 196 926
f 927 198 197
f 928 198 927
f 929 928 927
f 930 928 929
f 880 930 929
f 877 930 880
f 931 879 878
f 932 879 931
f 933 932 931
f 934 932 933
f 884 934 933
f 881 934 884
f 166 914 165
f 167 914 166
f 915 914 167
f 309 915 167
f 912 915 309
f 310 912 309
f 909 355 887
f 310 355 909
f 911 310 909
f 912 310 911
f 887 354 885
f 355 354 887
f 907 358 891
f 287 358 907
f 905 287 907
f 311 287 905
f 885 311 905
f 354 311 885
f 891 348 889
f 358 348 891
f 899 302 895
f 303 302 899
f 897 303 899
f 316 303 897
f 889 316 897
f 348 316 889
f 895 304 893
f 302 304 895
f 902 270 174
f 274 270 902
f 904 274 902
f 276 274 904
f 893 276 904
f 304 276 893
f 272 174 270
f 172 174 272
f 95 892 96
f 890 892 95
f 87 890 95
f 906 89 888
f 88 89 906
f 908 88 906
f 86 88 908
f 890 86 908
f 87 86 890
f 898 96 892
f 98 96 898
f 900 98 898
f 104 98 900
f 894 104 900
f 103 104 894
f 888 90 886
f 89 90 888
f 103 896 102
f 894 896 103
f 913 93 171
f 92 93 913
f 910 92 913
f 91 92 910
f 886 91 910
f 90 91 886
f 903 102 896
f 101 102 903
f 901 101 903
f 100 101 901
f 173 100 901
f 99 100 173
f 94 171 93
f 173 171 94
f 99 173 94
f 75 883 76
f 881 883 75
f 66 881 75
f 932 68 879
f 67 68 932
f 934 67 932
f 65 67 934
f 881 65 934
f 66 65 881
f 917 76 883
f 77 76 917
f 919 77 917
f 85 77 919
f 873 85 919
f 84 85 873
f 879 70 877
f 68 70 879
f 84 875 83
f 873 875 84
f 928 79 198
f 78 79 928
f 930 78 928
f 71 78 930
f 877 71 930
f 70 71 877
f 921 83 875
f 72 83 921
f 924 72 921
f 73 72 924
f 196 73 924
f 82 73 196
f 81 198 79
f 196 198 81
f 82 196 81
f 874 340 341
f 341 920 874
f 922 920 341
f 240 922 341
f 923 922 240
f 201 923 240
f 925 923 201
f 228 925 201
f 926 925 228
f 200 926 228
f 340 876 339
f 874 876 340
f 918 339 876
f 282 339 918
f 916 282 918
f 283 282 916
f 882 283 916
f 330 283 882
f 330 884 249
f 882 884 330
f 933 249 884
f 246 249 933
f 931 246 933
f 247 246 931
f 878 247 931
f 319 247 878
f 319 880 318
f 878 880 319
f 929 318 880
f 308 318 929
f 927 308 929
f 275 308 927
f 197 275 927
f 273 275 197
f 273 199 271
f 197 199 273
f 935 936 937
f 937 938 935
f 939 938 937
f 940 939 937
f 941 939 940
f 942 138 139
f 943 138 942
f 944 943 942
f 945 943 944
f 941 945 944
f 946 945 941
f 940 946 941
f 132 947 143
f 948 947 132
f 136 948 132
f 137 948 136
f 949 950 951
f 952 951 950
f 953 951 952
f 954 953 952
f 955 956 957
f 958 956 955
f 959 958 955
f 960 958 959
f 951 961 949
f 962 961 951
f 958 962 951
f 963 962 958
f 960 963 958
f 113 964 112
f 965 964 113
f 149 965 113
f 105 111 966
f 966 967 105
f 968 967 966
f 969 968 966
f 970 968 969
f 971 972 973
f 974 972 971
f 975 974 971
f 976 974 975
f 970 976 975
f 977 976 970
f 969 977 970
f 978 481 480
f 979 980 978
f 979 981 982
f 983 981 979
f 978 983 979
f 106 480 107
f 978 480 106
f 984 978 106
f 983 978 984
f 985 986 987
f 988 987 986
f 989 987 988
f 990 989 988
f 991 992 993
f 994 992 991
f 995 994 991
f 996 994 995
f 987 997 985
f 998 997 987
f 994 998 987
f 999 998 994
f 996 999 994
f 1000 1001 1002
f 1003 1001 1000
f 1004 1005 1006
f 1007 1005 1004
f 1008 1009 1010
f 1011 1009 1008
f 1012 1013 1014
f 1015 1013 1012
f 1016 1017 1018
f 1019 1017 1016
f 1020 1021 1022
f 1023 1021 1020
f 1024 1025 1026
f 1027 1025 1024
f 1028 1029 1030
f 1031 1029 1028
f 1032 1023 1020
f 1033 1023 1032
f 1034 1033 1032
f 1035 1033 1034
f 1036 1035 1034
f 1037 1035 1036
f 1038 1035 1037
f 1039 1038 1037
f 25 1038 1039
f 17 25 1039
f 1040 24 26
f 1041 24 1040
f 1042 1041 1040
f 1042 1043 1044
f 1042 1045 1043
f 1046 1045 1042
f 1040 1046 1042
f 1044 1047 1042
f 1017 1047 1044
f 1018 1017 1044
f 1048 981 983
f 1049 981 1048
f 1050 1049 1048
f 1050 1051 1052
f 1053 1051 1050
f 1050 1054 1053
f 1055 1054 1050
f 1048 1055 1050
f 1052 1056 1050
f 1027 1056 1052
f 1025 1027 1052
f 1057 1031 1028
f 1058 1031 1057
f 1059 1058 1057
f 1060 1058 1059
f 1061 1060 1059
f 1062 1060 1061
f 1063 1060 1062
f 1064 1063 1062
f 982 1063 1064
f 979 982 1064
f 1065 994 987
f 1066 1065 987
f 1067 1065 1066
f 1068 1067 1066
f 1069 1067 1068
f 1070 1069 1068
f 965 1069 1070
f 964 965 1070
f 1071 947 948
f 1072 1071 948
f 1073 1071 1072
f 1074 1073 1072
f 1075 1073 1074
f 1076 1075 1074
f 951 1075 1076
f 958 951 1076
f 1077 980 979
f 1078 980 1077
f 1079 1078 1077
f 1079 1080 1081
f 1079 1082 1080
f 1083 1082 1079
f 1077 1083 1079
f 1081 1084 1079
f 4 1084 1081
f 2 4 1081
f 1085 1001 1003
f 1086 1001 1085
f 1087 1086 1085
f 1088 1086 1087
f 1089 1088 1087
f 1090 1088 1089
f 1091 1088 1090
f 1092 1091 1090
f 1093 1091 1092
f 984 1091 1093
f 983 984 1093
f 18 17 1094
f 1094 1095 18
f 1096 1095 1094
f 1097 1096 1094
f 11 10 1098
f 1098 1099 11
f 1100 1099 1098
f 1096 1100 1098
f 1101 1100 1096
f 1097 1101 1096
f 1102 1011 1008
f 1103 1011 1102
f 1104 1103 1102
f 1105 1103 1104
f 1106 1105 1104
f 1107 1105 1106
f 1108 1105 1107
f 1109 1108 1107
f 1110 1108 1109
f 27 1108 1110
f 26 27 1110
f 1111 237 301
f 1112 237 1111
f 1112 457 456
f 1113 457 1112
f 1111 1113 1112
f 456 1114 1112
f 1115 1114 456
f 482 1115 456
f 978 1115 482
f 481 978 482
f 1116 21 20
f 428 1116 20
f 1117 1116 428
f 429 1117 428
f 451 1117 429
f 1118 1117 451
f 1119 1118 451
f 1120 1118 1119
f 266 1118 1120
f 263 266 1120
f 1121 1122 1123
f 1123 1122 1124
f 1125 1126 1123
f 1123 1126 1127
f 1123 1127 1121
f 1128 1129 1123
f 1123 1129 1130
f 1123 1130 1125
f 1131 1132 1123
f 1123 1132 1133
f 1123 1133 1128
f 1123 1124 1131
f 1122 1134 1124
f 1135 1134 1122
f 1121 1135 1122
f 1136 1135 1121
f 1127 1136 1121
f 1137 1136 1127
f 1126 1137 1127
f 1138 1137 1126
f 1125 1138 1126
f 1139 1138 1125
f 1130 1139 1125
f 1140 1139 1130
f 1129 1140 1130
f 1141 1140 1129
f 1128 1141 1129
f 1142 1141 1128
f 1133 1142 1128
f 1143 1142 1133
f 1132 1143 1133
f 1144 1143 1132
f 1131 1144 1132
f 1145 1144 1131
f 1124 1145 1131
f 1134 1145 1124
f 1136 649 1135
f 651 649 1136
f 1137 651 1136
f 652 651 1137
f 1138 652 1137
f 675 652 1138
f 1139 675 1138
f 674 675 1139
f 1140 674 1139
f 673 674 1140
f 1141 673 1140
f 672 673 1141
f 1142 672 1141
f 636 672 1142
f 1143 636 1142
f 637 636 1143
f 1144 637 1143
f 678 637 1144
f 1145 678 1144
f 647 678 1145
f 1134 647 1145
f 645 647 1134
f 1135 645 1134
f 649 645 1135
f 1146 1147 1148
f 1148 1147 1149
f 1150 1151 1148
f 1148 1151 1152
f 1148 1152 1146
f 1153 1154 1148
f 1148 1154 1155
f 1148 1155 1150
f 1156 1157 1148
f 1148 1157 1158
f 1148 1158 1153
f 1148 1149 1156
f 1147 1159 1149
f 1160 1159 1147
f 1146 1160 1147
f 1161 1160 1146
f 1152 1161 1146
f 1162 1161 1152
f 1151 1162 1152
f 1163 1162 1151
f 1150 1163 1151
f 1164 1163 1150
f 1155 1164 1150
f 1165 1164 1155
f 1154 1165 1155
f 1166 1165 1154
f 1153 1166 1154
f 1167 1166 1153
f 1158 1167 1153
f 1168 1167 1158
f 1157 1168 1158
f 1169 1168 1157
f 1156 1169 1157
f 1170 1169 1156
f 1149 1170 1156
f 1159 1170 1149
f 1161 643 1160
f 644 643 1161
f 1162 644 1161
f 669 644 1162
f 1163 669 1162
f 671 669 1163
f 1164 671 1163
f 685 671 1164
f 1165 685 1164
f 684 685 1165
f 1166 684 1165
f 687 684 1166
f 1167 687 1166
f 686 687 1167
f 1168 686 1167
f 660 686 1168
f 1169 660 1168
f 668 660 1169
f 1170 668 1169
f 667 668 1170
f 1159 667 1170
f 638 667 1159
f 1160 638 1159
f 643 638 1160
f 1171 1172 1173
f 1173 1172 1174
f 1175 1176 1173
f 1173 1176 1177
f 1173 1177 1171
f 1178 1179 1173
f 1173 1179 1180
f 1173 1180 1175
f 1181 1182 1173
f 1173 1182 1183
f 1173 1183 1178
f 1173 1174 1181
f 1172 1184 1174
f 1185 1184 1172
f 1171 1185 1172
f 1186 1185 1171
f 1177 1186 1171
f 1187 1186 1177
f 1176 1187 1177
f 1188 1187 1176
f 1175 1188 1176
f 1189 1188 1175
f 1180 1189 1175
f 1190 1189 1180
f 1179 1190 1180
f 1191 1190 1179
f 1178 1191 1179
f 1192 1191 1178
f 1183 1192 1178
f 1193 1192 1183
f 1182 1193 1183
f 1194 1193 1182
f 1181 1194 1182
f 1195 1194 1181
f 1174 1195 1181
f 1184 1195 1174
f 1186 611 1185
f 610 611 1186
f 1187 610 1186
f 609 610 1187
f 1188 609 1187
f 585 609 1188
f 1189 585 1188
f 606 585 1189
f 1190 606 1189
f 604 606 1190
f 1191 604 1190
f 608 604 1191
f 1192 608 1191
f 628 608 1192
f 1193 628 1192
f 626 628 1193
f 1194 626 1193
f 624 626 1194
f 1195 624 1194
f 632 624 1195
f 1184 632 1195
f 588 632 1184
f 1185 588 1184
f 611 588 1185
f 1196 1197 1198
f 1198 1197 1199
f 1200 1201 1198
f 1198 1201 1202
f 1198 1202 1196
f 1203 1204 1198
f 1198 1204 1205
f 1198 1205 1200
f 1206 1207 1198
f 1198 1207 1208
f 1198 1208 1203
f 1198 1199 1206
f 1197 1209 1199
f 1210 1209 1197
f 1196 1210 1197
f 1211 1210 1196
f 1202 1211 1196
f 1212 1211 1202
f 1201 1212 1202
f 1213 1212 1201
f 1200 1213 1201
f 1214 1213 1200
f 1205 1214 1200
f 1215 1214 1205
f 1204 1215 1205
f 1216 1215 1204
f 1203 1216 1204
f 1217 1216 1203
f 1208 1217 1203
f 1218 1217 1208
f 1207 1218 1208
f 1219 1218 1207
f 1206 1219 1207
f 1220 1219 1206
f 1199 1220 1206
f 1209 1220 1199
f 1211 617 1210
f 616 617 1211
f 1212 616 1211
f 595 616 1212
f 1213 595 1212
f 612 595 1213
f 1214 612 1213
f 622 612 1214
f 1215 622 1214
f 621 622 1215
f 1216 621 1215
f 620 621 1216
f 1217 620 1216
f 586 620 1217
f 1218 586 1217
f 587 586 1218
f 1219 587 1218
f 598 587 1219
f 1220 598 1219
f 599 598 1220
f 1209 599 1220
f 613 599 1209
f 1210 613 1209
f 617 613 1210
f 475 116 476
f 391 116 475
f 477 391 475
f 389 391 477
f 455 389 477
f 387 389 455
f 454 387 455
f 385 387 454
f 453 385 454
f 383 385 453
f 490 383 453
f 381 383 490
f 471 381 490
f 379 381 471
f 473 379 471
f 377 379 473
f 463 377 473
f 375 377 463
f 465 375 463
f 373 375 465
f 466 373 465
f 371 373 466
f 459 371 466
f 369 371 459
f 483 369 459
f 367 369 483
f 484 367 483
f 365 367 484
f 486 365 484
f 361 365 486
f 488 361 486
f 362 361 488
f 489 362 488
f 842 458 243
f 468 458 842
f 840 468 842
f 469 468 840
f 362 469 840
f 489 469 362
f 1113 458 457
f 243 458 1113
f 1111 243 1113
f 301 243 1111
f 139 18 942
f 19 18 139
f 1095 942 18
f 944 942 1095
f 1096 944 1095
f 941 944 1096
f 1098 941 1096
f 939 941 1098
f 10 939 1098
f 938 939 10
f 935 12 1221
f 10 12 935
f 938 10 935
f 118 562 117
f 560 562 118
f 826 117 562
f 115 117 826
f 830 115 826
f 114 115 830
f 828 114 830
f 110 114 828
f 814 110 828
f 108 110 814
f 816 108 814
f 109 108 816
f 121 109 816
f 523 124 120
f 818 121 816
f 119 121 818
f 821 119 818
f 120 119 821
f 824 120 821
f 523 120 824
f 124 530 122
f 523 530 124
f 107 476 116
f 480 476 107
f 623 238 237
f 787 238 623
f 625 787 623
f 1115 978 607
f 630 1115 607
f 1114 1115 630
f 629 1114 630
f 1112 1114 629
f 627 1112 629
f 237 1112 627
f 623 237 627
f 607 980 605
f 978 980 607
f 4 600 601
f 1078 605 980
f 603 605 1078
f 1079 603 1078
f 601 603 1079
f 1084 601 1079
f 4 601 1084
f 592 1 1222
f 4 1 592
f 600 4 592
f 28 872 596
f 596 29 28
f 51 29 596
f 584 51 596
f 144 51 584
f 149 144 584
f 149 583 965
f 584 583 149
f 1069 965 583
f 618 1069 583
f 1067 1069 618
f 619 1067 618
f 1065 1067 619
f 602 1065 619
f 994 1065 602
f 594 994 602
f 593 994 594
f 992 994 593
f 1223 992 593
f 111 964 966
f 112 964 111
f 1066 987 974
f 976 1066 974
f 1068 1066 976
f 977 1068 976
f 1070 1068 977
f 969 1070 977
f 964 1070 969
f 966 964 969
f 972 989 1224
f 987 989 972
f 974 987 972
f 106 967 984
f 105 967 106
f 1086 971 1001
f 975 971 1086
f 1088 975 1086
f 970 975 1088
f 1091 970 1088
f 968 970 1091
f 984 968 1091
f 967 968 984
f 1002 973 1225
f 971 973 1002
f 1001 971 1002
f 137 943 948
f 138 943 137
f 1072 948 943
f 945 1072 943
f 1074 1072 945
f 946 1074 945
f 1076 1074 946
f 940 1076 946
f 958 1076 940
f 937 958 940
f 936 958 937
f 956 958 936
f 1226 956 936
f 161 869 162
f 670 869 161
f 160 670 161
f 642 670 160
f 159 642 160
f 143 642 159
f 642 947 666
f 143 947 642
f 1075 951 656
f 658 1075 656
f 1073 1075 658
f 663 1073 658
f 1071 1073 663
f 664 1071 663
f 947 1071 664
f 666 947 664
f 654 953 1227
f 951 953 654
f 656 951 654
f 761 266 265
f 639 266 761
f 640 639 761
f 1118 266 639
f 679 1118 639
f 1117 1118 679
f 680 1117 679
f 1116 1117 680
f 646 1116 680
f 21 1116 646
f 648 21 646
f 21 650 27
f 648 650 21
f 1103 653 1011
f 657 653 1103
f 1105 657 1103
f 659 657 1105
f 1108 659 1105
f 665 659 1108
f 27 665 1108
f 650 665 27
f 1009 655 1228
f 653 655 1009
f 1011 653 1009
f 451 452 233
f 233 1119 451
f 1120 1119 233
f 263 1120 233
f 22 123 420
f 23 123 22
f 1040 26 1110
f 1044 1008 1018
f 1102 1008 1044
f 1043 1102 1044
f 1104 1102 1043
f 1045 1104 1043
f 1106 1104 1045
f 1046 1106 1045
f 1107 1106 1046
f 1040 1107 1046
f 1109 1107 1040
f 1110 1109 1040
f 1018 1010 1016
f 1008 1010 1018
f 1013 1228 1014
f 1009 1228 1013
f 1010 1009 1013
f 1013 1016 1010
f 1012 654 1227
f 655 654 1012
f 1014 655 1012
f 1228 655 1014
f 1016 1015 1019
f 1013 1015 1016
f 954 1227 953
f 1012 1227 954
f 1015 1012 954
f 954 1019 1015
f 1019 952 1017
f 954 952 1019
f 1017 952 950
f 1041 961 24
f 949 961 1041
f 1042 949 1041
f 950 949 1042
f 1047 950 1042
f 1017 950 1047
f 24 962 25
f 961 962 24
f 1229 1101 1097
f 1230 1101 1229
f 1100 1101 1230
f 1231 1100 1230
f 1099 1100 1231
f 11 1099 1231
f 1232 1094 17
f 1097 1094 1232
f 1232 17 1039
f 1232 1229 1097
f 1037 1229 1232
f 1039 1037 1232
f 1231 1020 11
f 1032 1020 1231
f 1230 1032 1231
f 1034 1032 1230
f 1229 1034 1230
f 1036 1034 1229
f 1037 1036 1229
f 1033 955 1023
f 959 955 1033
f 1035 959 1033
f 960 959 1035
f 1038 960 1035
f 963 960 1038
f 25 963 1038
f 962 963 25
f 11 1022 9
f 1020 1022 11
f 1021 16 1022
f 14 16 1021
f 1023 957 1021
f 955 957 1023
f 16 9 1022
f 957 14 1021
f 12 13 1221
f 16 13 12
f 9 16 12
f 15 956 1226
f 957 956 15
f 14 957 15
f 935 1221 13
f 15 935 13
f 936 935 15
f 1226 936 15
f 990 1024 1233
f 1027 1024 990
f 988 1027 990
f 1027 988 986
f 1049 997 981
f 985 997 1049
f 1050 985 1049
f 986 985 1050
f 1056 986 1050
f 1027 986 1056
f 981 998 982
f 997 998 981
f 1077 1062 1061
f 1064 1062 1077
f 979 1064 1077
f 1081 1028 2
f 1057 1028 1081
f 1080 1057 1081
f 1059 1057 1080
f 1082 1059 1080
f 1061 1059 1082
f 1083 1061 1082
f 1077 1061 1083
f 1058 991 1031
f 995 991 1058
f 1060 995 1058
f 996 995 1060
f 1063 996 1060
f 999 996 1063
f 982 999 1063
f 998 999 982
f 2 1030 3
f 1028 1030 2
f 1029 8 1030
f 6 8 1029
f 1031 993 1029
f 991 993 1031
f 8 3 1030
f 993 6 1029
f 3 1222 1
f 5 1222 3
f 8 5 3
f 6 1223 7
f 992 1223 6
f 993 992 6
f 7 1223 593
f 592 7 593
f 5 7 592
f 1222 5 592
f 1000 1025 1003
f 1026 1025 1000
f 1234 1026 1000
f 1048 983 1093
f 1052 1003 1025
f 1085 1003 1052
f 1051 1085 1052
f 1087 1085 1051
f 1053 1087 1051
f 1089 1087 1053
f 1054 1089 1053
f 1055 1089 1054
f 1090 1089 1055
f 1048 1090 1055
f 1092 1090 1048
f 1093 1092 1048
f 1006 1002 1225
f 1000 1002 1006
f 1005 1000 1006
f 1234 1000 1005
f 1004 972 1224
f 973 972 1004
f 1006 973 1004
f 1225 973 1006
f 1026 1234 1005
f 1007 1026 1005
f 1024 1026 1007
f 1233 1024 1007
f 989 1004 1224
f 1007 1004 989
f 990 1007 989
f 1233 1007 990
f 260 1235 1236
f 241 1235 260
f 262 1236 1237
f 260 1236 262
f 315 1237 1238
f 262 1237 315
f 241 1238 1235
f 315 1238 241
f 1236 1238 1237
f 1235 1238 1236
f 1239 1240 1241
f 1242 1240 1239
f 1243 1244 1245
f 1246 1244 1243
f 1247 1246 1243
f 1248 1249 1250
f 1251 1249 1248
f 1252 1253 1254
f 1255 1253 1252
f 1239 1255 1252
f 1256 1255 1239
f 1257 1256 1239
f 1258 1259 1260
f 1261 1259 1258
f 1262 1252 1263
f 1249 1252 1262
f 1264 1249 1262
f 1250 1249 1264
f 1252 1265 1263
f 1266 1265 1252
f 1267 1266 1252
f 1252 1268 1267
f 1269 1268 1252
f 1270 1269 1252
f 1241 1271 1272
f 1243 1273 1247
f 1274 1273 1243
f 1275 1274 1243
f 1259 1274 1275
f 1276 1259 1275
f 1260 1259 1276
f 1277 1278 1279
f 1280 1277 1279
f 1261 1281 1282
f 1239 1283 1257
f 1284 1283 1239
f 1285 1284 1239
f 1249 1286 1287
f 1288 1286 1249
f 1251 1288 1249
f 1289 1288 1251
f 1290 1289 1251
f 1277 1291 1278
f 1292 1291 1277
f 1270 1292 1277
f 1293 1292 1270
f 1252 1293 1270
f 1294 1293 1252
f 1254 1294 1252
f 1251 1295 1290
f 1296 1295 1251
f 1297 1296 1251
f 1298 1296 1297
f 1299 1298 1297
f 1300 1298 1299
f 1301 1302 1303
f 1249 1304 1305
f 1306 1304 1249
f 1259 1307 1308
f 1239 1309 1285
f 1310 1309 1239
f 1245 1310 1239
f 1311 1312 1313
f 1314 1311 1313
f 1249 1315 1306
f 1316 1315 1249
f 1287 1316 1249
f 1259 1277 1280
f 1317 1277 1259
f 1308 1317 1259
f 1245 1318 1243
f 1319 1318 1245
f 1239 1319 1245
f 1320 1319 1239
f 1321 1320 1239
f 1241 1322 1323
f 1324 1322 1241
f 1272 1324 1241
f 1311 1325 1312
f 1261 1325 1311
f 1298 1261 1311
f 1281 1261 1298
f 1300 1281 1298
f 1241 1326 1271
f 1301 1326 1241
f 1249 1301 1241
f 1302 1301 1249
f 1305 1302 1249
f 1301 1327 1328
f 1301 1329 1330
f 1331 1329 1301
f 1303 1331 1301
f 1259 1332 1307
f 1333 1332 1259
f 1261 1333 1259
f 1334 1333 1261
f 1282 1334 1261
f 1239 1335 1321
f 1336 1335 1239
f 1241 1336 1239
f 1337 1336 1241
f 1323 1337 1241
f 1301 1311 1314
f 1338 1311 1301
f 1328 1338 1301
f 1301 1339 1327
f 1340 1339 1301
f 1330 1340 1301
f 1341 1249 1342
f 1252 1249 1341
f 1343 1342 1344
f 1341 1342 1343
f 1345 1343 1344
f 1346 1343 1345
f 1347 1346 1345
f 1348 1346 1347
f 1349 1348 1347
f 1350 1348 1349
f 1351 1350 1349
f 1352 1350 1351
f 1353 1352 1351
f 1354 1352 1353
f 1355 1354 1353
f 1356 1354 1355
f 1357 1356 1355
f 1358 1356 1357
f 1359 1358 1357
f 1360 1358 1359
f 1361 1360 1359
f 1362 1360 1361
f 1363 1362 1361
f 1364 1362 1363
f 1365 1364 1363
f 1366 1364 1365
f 1367 1366 1365
f 1368 1366 1367
f 1369 1368 1367
f 1370 1368 1369
f 1371 1370 1369
f 1372 1370 1371
f 1373 1372 1371
f 1374 1372 1373
f 1375 1374 1373
f 1376 1374 1375
f 1377 1376 1375
f 1378 1376 1377
f 1379 1378 1377
f 1380 1378 1379
f 1381 1380 1379
f 1382 1380 1381
f 1383 1382 1381
f 1384 1382 1383
f 1242 1383 1240
f 1384 1383 1242
f 1249 1355 1353
f 1357 1355 1249
f 1359 1357 1249
f 1249 1349 1347
f 1351 1349 1249
f 1353 1351 1249
f 1345 1249 1347
f 1342 1249 1345
f 1344 1342 1345
f 1369 1367 1241
f 1377 1375 1241
f 1249 1361 1359
f 1363 1361 1249
f 1241 1363 1249
f 1365 1363 1241
f 1367 1365 1241
f 1381 1240 1383
f 1241 1240 1381
f 1379 1241 1381
f 1377 1241 1379
f 1241 1371 1369
f 1373 1371 1241
f 1375 1373 1241
f 1252 1356 1358
f 1382 1384 1242
f 1239 1376 1378
f 1239 1382 1242
f 1380 1382 1239
f 1378 1380 1239
f 1239 1252 1364
f 1252 1354 1356
f 1352 1354 1252
f 1350 1352 1252
f 1252 1362 1364
f 1360 1362 1252
f 1358 1360 1252
f 1346 1341 1343
f 1252 1341 1346
f 1348 1252 1346
f 1350 1252 1348
f 1239 1374 1376
f 1372 1374 1239
f 1370 1372 1239
f 1239 1368 1370
f 1366 1368 1239
f 1364 1366 1239
f 1385 1386 1387
f 1387 1386 1388
f 1389 1390 1387
f 1387 1390 1391
f 1387 1391 1385
f 1392 1393 1387
f 1387 1393 1394
f 1387 1394 1389
f 1395 1396 1387
f 1387 1396 1397
f 1387 1397 1392
f 1387 1388 1395
f 1388 1386 1398
f 1386 1399 1398
f 1400 1399 1386
f 1385 1400 1386
f 1385 1401 1400
f 1402 1401 1385
f 1391 1402 1385
f 1391 1403 1402
f 1404 1403 1391
f 1390 1404 1391
f 1390 1405 1404
f 1406 1405 1390
f 1389 1406 1390
f 1389 1407 1406
f 1408 1407 1389
f 1394 1408 1389
f 1394 1409 1408
f 1410 1409 1394
f 1393 1410 1394
f 1393 1411 1410
f 1412 1411 1393
f 1392 1412 1393
f 1392 1413 1412
f 1414 1413 1392
f 1397 1414 1392
f 1397 1415 1414
f 1416 1415 1397
f 1396 1416 1397
f 1396 1417 1416
f 1418 1417 1396
f 1395 1418 1396
f 1395 1419 1418
f 1420 1419 1395
f 1388 1420 1395
f 1421 1420 1388
f 1398 1421 1388
f 1399 1325 1398
f 1312 1325 1399
f 1400 1312 1399
f 1313 1312 1400
f 1401 1313 1400
f 1314 1313 1401
f 1402 1314 1401
f 1301 1314 1402
f 1403 1301 1402
f 1326 1301 1403
f 1404 1326 1403
f 1271 1326 1404
f 1405 1271 1404
f 1272 1271 1405
f 1406 1272 1405
f 1324 1272 1406
f 1407 1324 1406
f 1322 1324 1407
f 1408 1322 1407
f 1323 1322 1408
f 1409 1323 1408
f 1337 1323 1409
f 1410 1337 1409
f 1336 1337 1410
f 1411 1336 1410
f 1335 1336 1411
f 1412 1335 1411
f 1321 1335 1412
f 1413 1321 1412
f 1320 1321 1413
f 1414 1320 1413
f 1319 1320 1414
f 1415 1319 1414
f 1318 1319 1415
f 1416 1318 1415
f 1243 1318 1416
f 1417 1243 1416
f 1275 1243 1417
f 1418 1275 1417
f 1276 1275 1418
f 1419 1276 1418
f 1260 1276 1419
f 1420 1260 1419
f 1258 1260 1420
f 1421 1258 1420
f 1261 1258 1421
f 1398 1261 1421
f 1325 1261 1398
f 1422 1423 1424
f 1424 1423 1425
f 1426 1427 1424
f 1424 1427 1428
f 1424 1428 1422
f 1429 1430 1424
f 1424 1430 1431
f 1424 1431 1426
f 1432 1433 1424
f 1424 1433 1434
f 1424 1434 1429
f 1424 1425 1432
f 1425 1423 1435
f 1423 1436 1435
f 1437 1436 1423
f 1422 1437 1423
f 1422 1438 1437
f 1439 1438 1422
f 1428 1439 1422
f 1428 1440 1439
f 1441 1440 1428
f 1427 1441 1428
f 1427 1442 1441
f 1443 1442 1427
f 1426 1443 1427
f 1426 1444 1443
f 1445 1444 1426
f 1431 1445 1426
f 1431 1446 1445
f 1447 1446 1431
f 1430 1447 1431
f 1430 1448 1447
f 1449 1448 1430
f 1429 1449 1430
f 1429 1450 1449
f 1451 1450 1429
f 1434 1451 1429
f 1434 1452 1451
f 1453 1452 1434
f 1433 1453 1434
f 1433 1454 1453
f 1455 1454 1433
f 1432 1455 1433
f 1432 1456 1455
f 1457 1456 1432
f 1425 1457 1432
f 1458 1457 1425
f 1435 1458 1425
f 1436 1291 1435
f 1278 1291 1436
f 1437 1278 1436
f 1279 1278 1437
f 1438 1279 1437
f 1280 1279 1438
f 1439 1280 1438
f 1259 1280 1439
f 1440 1259 1439
f 1274 1259 1440
f 1441 1274 1440
f 1273 1274 1441
f 1442 1273 1441
f 1247 1273 1442
f 1443 1247 1442
f 1246 1247 1443
f 1444 1246 1443
f 1244 1246 1444
f 1445 1244 1444
f 1245 1244 1445
f 1446 1245 1445
f 1310 1245 1446
f 1447 1310 1446
f 1309 1310 1447
f 1448 1309 1447
f 1285 1309 1448
f 1449 1285 1448
f 1284 1285 1449
f 1450 1284 1449
f 1283 1284 1450
f 1451 1283 1450
f 1257 1283 1451
f 1452 1257 1451
f 1256 1257 1452
f 1453 1256 1452
f 1255 1256 1453
f 1454 1255 1453
f 1253 1255 1454
f 1455 1253 1454
f 1254 1253 1455
f 1456 1254 1455
f 1294 1254 1456
f 1457 1294 1456
f 1293 1294 1457
f 1458 1293 1457
f 1292 1293 1458
f 1435 1292 1458
f 1291 1292 1435
f 1459 1460 1461
f 1461 1460 1462
f 1463 1464 1461
f 1461 1464 1465
f 1461 1465 1459
f 1466 1467 1461
f 1461 1467 1468
f 1461 1468 1463
f 1469 1470 1461
f 1461 1470 1471
f 1461 1471 1466
f 1461 1462 1469
f 1472 1462 1460
f 1460 1473 1472
f 1474 1473 1460
f 1459 1474 1460
f 1459 1475 1474
f 1476 1475 1459
f 1465 1476 1459
f 1465 1477 1476
f 1478 1477 1465
f 1464 1478 1465
f 1464 1479 1478
f 1480 1479 1464
f 1463 1480 1464
f 1463 1481 1480
f 1482 1481 1463
f 1468 1482 1463
f 1468 1483 1482
f 1484 1483 1468
f 1467 1484 1468
f 1467 1485 1484
f 1486 1485 1467
f 1466 1486 1467
f 1466 1487 1486
f 1488 1487 1466
f 1471 1488 1466
f 1471 1489 1488
f 1490 1489 1471
f 1470 1490 1471
f 1470 1491 1490
f 1492 1491 1470
f 1469 1492 1470
f 1469 1493 1492
f 1494 1493 1469
f 1462 1494 1469
f 1495 1494 1462
f 1472 1495 1462
f 1473 1262 1472
f 1264 1262 1473
f 1474 1264 1473
f 1250 1264 1474
f 1475 1250 1474
f 1248 1250 1475
f 1476 1248 1475
f 1251 1248 1476
f 1477 1251 1476
f 1297 1251 1477
f 1478 1297 1477
f 1299 1297 1478
f 1479 1299 1478
f 1300 1299 1479
f 1480 1300 1479
f 1281 1300 1480
f 1481 1281 1480
f 1282 1281 1481
f 1482 1282 1481
f 1334 1282 1482
f 1483 1334 1482
f 1333 1334 1483
f 1484 1333 1483
f 1332 1333 1484
f 1485 1332 1484
f 1307 1332 1485
f 1486 1307 1485
f 1308 1307 1486
f 1487 1308 1486
f 1317 1308 1487
f 1488 1317 1487
f 1277 1317 1488
f 1489 1277 1488
f 1270 1277 1489
f 1490 1270 1489
f 1269 1270 1490
f 1491 1269 1490
f 1268 1269 1491
f 1492 1268 1491
f 1267 1268 1492
f 1493 1267 1492
f 1266 1267 1493
f 1494 1266 1493
f 1265 1266 1494
f 1495 1265 1494
f 1263 1265 1495
f 1472 1263 1495
f 1262 1263 1472
f 1496 1497 1498
f 1498 1497 1499
f 1500 1501 1498
f 1498 1501 1502
f 1498 1502 1496
f 1503 1504 1498
f 1498 1504 1505
f 1498 1505 1500
f 1506 1507 1498
f 1498 1507 1508
f 1498 1508 1503
f 1498 1499 1506
f 1499 1497 1509
f 1497 1510 1509
f 1511 1510 1497
f 1496 1511 1497
f 1496 1512 1511
f 1513 1512 1496
f 1502 1513 1496
f 1502 1514 1513
f 1515 1514 1502
f 1501 1515 1502
f 1501 1516 1515
f 1517 1516 1501
f 1500 1517 1501
f 1500 1518 1517
f 1519 1518 1500
f 1505 1519 1500
f 1505 1520 1519
f 1521 1520 1505
f 1504 1521 1505
f 1504 1522 1521
f 1523 1522 1504
f 1503 1523 1504
f 1503 1524 1523
f 1525 1524 1503
f 1508 1525 1503
f 1508 1526 1525
f 1527 1526 1508
f 1507 1527 1508
f 1507 1528 1527
f 1529 1528 1507
f 1506 1529 1507
f 1506 1530 1529
f 1531 1530 1506
f 1499 1531 1506
f 1532 1531 1499
f 1509 1532 1499
f 1510 1287 1509
f 1316 1287 1510
f 1511 1316 1510
f 1315 1316 1511
f 1512 1315 1511
f 1306 1315 1512
f 1513 1306 1512
f 1304 1306 1513
f 1514 1304 1513
f 1305 1304 1514
f 1515 1305 1514
f 1302 1305 1515
f 1516 1302 1515
f 1303 1302 1516
f 1517 1303 1516
f 1331 1303 1517
f 1518 1331 1517
f 1329 1331 1518
f 1519 1329 1518
f 1330 1329 1519
f 1520 1330 1519
f 1340 1330 1520
f 1521 1340 1520
f 1339 1340 1521
f 1522 1339 1521
f 1327 1339 1522
f 1523 1327 1522
f 1328 1327 1523
f 1524 1328 1523
f 1338 1328 1524
f 1525 1338 1524
f 1311 1338 1525
f 1526 1311 1525
f 1298 1311 1526
f 1527 1298 1526
f 1296 1298 1527
f 1528 1296 1527
f 1295 1296 1528
f 1529 1295 1528
f 1290 1295 1529
f 1530 1290 1529
f 1289 1290 1530
f 1531 1289 1530
f 1288 1289 1531
f 1532 1288 1531
f 1286 1288 1532
f 1509 1286 1532
f 1287 1286 1509
f 1533 1534 1535
f 1536 1534 1533
f 1537 1536 1533
f 1538 1536 1537
f 1539 1538 1537
f 1540 1538 1539
f 1541 1540 1539
f 1542 1540 1541
f 1543 1542 1541
f 1544 1542 1543
f 1545 1544 1543
f 1546 1544 1545
f 1547 1546 1545
f 1548 1546 1547
f 1549 1548 1547
f 1550 1548 1549
f 1551 1550 1549
f 1552 1550 1551
f 1553 1552 1551
f 1554 1552 1553
f 1555 1554 1553
f 1556 1554 1555
f 1557 1556 1555
f 1558 1556 1557
f 1559 1558 1557
f 1560 1558 1559
f 1561 1560 1559
f 1562 1560 1561
f 1563 1562 1561
f 1564 1562 1563
f 1565 1563 1566
f 1564 1563 1565
f 1567 1568 1569
f 1570 1568 1567
f 1571 1534 1572
f 1535 1534 1571
f 1573 1574 1575
f 1576 1574 1573
f 1577 1578 1579
f 1579 1580 1577
f 1581 1580 1579
f 1582 1581 1579
f 1570 1583 1584
f 1567 1585 1586
f 1587 1585 1567
f 1588 1587 1567
f 1589 1590 1563
f 1582 1591 1581
f 1592 1591 1582
f 1587 1592 1582
f 1593 1592 1587
f 1588 1593 1587
f 1549 1594 1551
f 1595 1594 1549
f 1547 1595 1549
f 1596 1595 1547
f 1545 1596 1547
f 1597 1596 1545
f 1567 1583 1570
f 1598 1583 1567
f 1599 1598 1567
f 1567 1600 1588
f 1601 1600 1567
f 1602 1601 1567
f 1603 1601 1602
f 1604 1603 1602
f 1605 1603 1604
f 1606 1603 1605
f 1566 1606 1605
f 1607 1606 1566
f 1563 1607 1566
f 1608 1607 1563
f 1590 1608 1563
f 1609 1557 1555
f 1559 1557 1609
f 1589 1559 1609
f 1561 1559 1589
f 1563 1561 1589
f 1553 1609 1555
f 1578 1609 1553
f 1551 1578 1553
f 1579 1578 1551
f 1594 1579 1551
f 1597 1541 1610
f 1543 1541 1597
f 1545 1543 1597
f 1573 1586 1576
f 1567 1586 1573
f 1611 1567 1573
f 1599 1567 1611
f 1597 1573 1575
f 1612 1573 1597
f 1610 1612 1597
f 1613 1570 1584
f 1614 1570 1613
f 1615 1614 1613
f 1541 1616 1610
f 1617 1616 1541
f 1539 1617 1541
f 1618 1617 1539
f 1537 1618 1539
f 1619 1618 1537
f 1533 1619 1537
f 1535 1619 1533
f 1535 1620 1619
f 1621 1620 1535
f 1571 1621 1535
f 1615 1622 1614
f 1623 1622 1615
f 1624 1623 1615
f 1571 1623 1624
f 1625 1571 1624
f 1621 1571 1625
f 1569 1568 1626
f 1627 1628 1629
f 1630 1627 1629
f 1568 1631 1626
f 1627 1631 1568
f 1632 1627 1568
f 1628 1627 1632
f 1633 1634 1635
f 1636 1634 1633
f 1637 1636 1633
f 1638 1636 1637
f 1639 1638 1637
f 1640 1641 1642
f 1643 1644 1645
f 1642 1644 1643
f 1646 1642 1643
f 1640 1642 1646
f 1568 1647 1632
f 1648 1647 1568
f 1649 1648 1568
f 1650 1648 1649
f 1645 1637 1651
f 1639 1637 1645
f 1644 1639 1645
f 1652 1653 1564
f 1634 1654 1635
f 1655 1654 1634
f 1627 1655 1634
f 1656 1655 1627
f 1630 1656 1627
f 1657 1534 1658
f 1572 1534 1657
f 1659 1572 1657
f 1660 1572 1659
f 1650 1660 1659
f 1661 1660 1650
f 1649 1661 1650
f 1534 1662 1658
f 1663 1662 1534
f 1536 1663 1534
f 1565 1652 1564
f 1565 1664 1652
f 1665 1664 1565
f 1666 1665 1565
f 1667 1665 1666
f 1668 1667 1666
f 1669 1667 1668
f 1670 1667 1669
f 1569 1670 1669
f 1671 1670 1569
f 1641 1671 1569
f 1641 1672 1642
f 1673 1672 1641
f 1569 1673 1641
f 1674 1673 1569
f 1626 1674 1569
f 1675 1564 1653
f 1562 1564 1675
f 1676 1562 1675
f 1637 1542 1544
f 1540 1542 1637
f 1663 1540 1637
f 1538 1540 1663
f 1536 1538 1663
f 1676 1560 1562
f 1558 1560 1676
f 1677 1558 1676
f 1556 1558 1677
f 1678 1556 1677
f 1554 1556 1678
f 1651 1554 1678
f 1552 1554 1651
f 1651 1550 1552
f 1548 1550 1651
f 1637 1548 1651
f 1546 1548 1637
f 1544 1546 1637
f 1624 1657 1625
f 1659 1657 1624
f 1615 1659 1624
f 1650 1659 1615
f 1613 1650 1615
f 1648 1650 1613
f 1584 1648 1613
f 1647 1648 1584
f 1583 1647 1584
f 1632 1647 1583
f 1598 1632 1583
f 1628 1632 1598
f 1599 1628 1598
f 1629 1628 1599
f 1611 1629 1599
f 1630 1629 1611
f 1573 1630 1611
f 1656 1630 1573
f 1612 1656 1573
f 1655 1656 1612
f 1610 1655 1612
f 1654 1655 1610
f 1616 1654 1610
f 1635 1654 1616
f 1617 1635 1616
f 1633 1635 1617
f 1618 1633 1617
f 1637 1633 1618
f 1619 1637 1618
f 1663 1637 1619
f 1620 1663 1619
f 1662 1663 1620
f 1621 1662 1620
f 1658 1662 1621
f 1625 1658 1621
f 1657 1658 1625
f 1591 1645 1581
f 1643 1645 1591
f 1592 1643 1591
f 1646 1643 1592
f 1593 1646 1592
f 1640 1646 1593
f 1588 1640 1593
f 1641 1640 1588
f 1600 1641 1588
f 1671 1641 1600
f 1601 1671 1600
f 1670 1671 1601
f 1603 1670 1601
f 1667 1670 1603
f 1606 1667 1603
f 1665 1667 1606
f 1607 1665 1606
f 1664 1665 1607
f 1608 1664 1607
f 1652 1664 1608
f 1590 1652 1608
f 1653 1652 1590
f 1589 1653 1590
f 1675 1653 1589
f 1609 1675 1589
f 1676 1675 1609
f 1578 1676 1609
f 1677 1676 1578
f 1577 1677 1578
f 1678 1677 1577
f 1580 1678 1577
f 1651 1678 1580
f 1581 1651 1580
f 1645 1651 1581
f 1666 1565 1566
f 1605 1666 1566
f 1668 1666 1605
f 1604 1668 1605
f 1669 1668 1604
f 1602 1669 1604
f 1569 1669 1602
f 1567 1569 1602
f 1649 1568 1570
f 1614 1649 1570
f 1661 1649 1614
f 1622 1661 1614
f 1660 1661 1622
f 1623 1660 1622
f 1572 1660 1623
f 1571 1572 1623
f 1673 1582 1672
f 1587 1582 1673
f 1674 1587 1673
f 1585 1587 1674
f 1626 1585 1674
f 1586 1585 1626
f 1631 1586 1626
f 1576 1586 1631
f 1627 1576 1631
f 1574 1576 1627
f 1634 1574 1627
f 1575 1574 1634
f 1636 1575 1634
f 1597 1575 1636
f 1638 1597 1636
f 1596 1597 1638
f 1639 1596 1638
f 1595 1596 1639
f 1644 1595 1639
f 1594 1595 1644
f 1642 1594 1644
f 1579 1594 1642
f 1672 1579 1642
f 1582 1579 1672
f 1679 1680 1681
f 1682 1680 1679
f 1683 1682 1679
f 1679 1684 1685
f 1686 1684 1679
f 1681 1686 1679
f 1679 1687 1688
f 1689 1687 1679
f 1685 1689 1679
f 1679 1690 1691
f 1692 1690 1679
f 1688 1692 1679
f 1679 1693 1694
f 1695 1693 1679
f 1691 1695 1679
f 1679 1696 1697
f 1698 1696 1679
f 1694 1698 1679
f 1679 1699 1700
f 1701 1699 1679
f 1697 1701 1679
f 1679 1702 1703
f 1704 1702 1679
f 1700 1704 1679
f 1679 1705 1706
f 1707 1705 1679
f 1703 1707 1679
f 1679 1708 1709
f 1710 1708 1679
f 1706 1710 1679
f 1679 1711 1712
f 1713 1711 1679
f 1709 1713 1679
f 1679 1714 1715
f 1716 1714 1679
f 1712 1716 1679
f 1679 1717 1718
f 1719 1717 1679
f 1715 1719 1679
f 1679 1720 1721
f 1722 1720 1679
f 1718 1722 1679
f 1679 1723 1724
f 1725 1723 1679
f 1721 1725 1679
f 1679 1726 1727
f 1728 1726 1679
f 1724 1728 1679
f 1679 1729 1730
f 1731 1729 1679
f 1727 1731 1679
f 1679 1732 1733
f 1734 1732 1679
f 1730 1734 1679
f 1679 1735 1736
f 1737 1735 1679
f 1733 1737 1679
f 1679 1738 1739
f 1740 1738 1679
f 1736 1740 1679
f 1679 1741 1742
f 1743 1741 1679
f 1739 1743 1679
f 1679 1744 1745
f 1746 1744 1679
f 1742 1746 1679
f 1679 1747 1748
f 1749 1747 1679
f 1745 1749 1679
f 1679 1750 1683
f 1751 1750 1679
f 1748 1751 1679
f 1683 1752 1682
f 1753 1752 1683
f 1750 1753 1683
f 1754 1753 1750
f 1751 1754 1750
f 1755 1754 1751
f 1748 1755 1751
f 1756 1755 1748
f 1747 1756 1748
f 1757 1756 1747
f 1749 1757 1747
f 1758 1757 1749
f 1745 1758 1749
f 1759 1758 1745
f 1744 1759 1745
f 1760 1759 1744
f 1746 1760 1744
f 1761 1760 1746
f 1742 1761 1746
f 1762 1761 1742
f 1741 1762 1742
f 1763 1762 1741
f 1743 1763 1741
f 1764 1763 1743
f 1739 1764 1743
f 1765 1764 1739
f 1738 1765 1739
f 1766 1765 1738
f 1740 1766 1738
f 1767 1766 1740
f 1736 1767 1740
f 1768 1767 1736
f 1735 1768 1736
f 1769 1768 1735
f 1737 1769 1735
f 1770 1769 1737
f 1733 1770 1737
f 1771 1770 1733
f 1732 1771 1733
f 1772 1771 1732
f 1734 1772 1732
f 1773 1772 1734
f 1730 1773 1734
f 1774 1773 1730
f 1729 1774 1730
f 1775 1774 1729
f 1731 1775 1729
f 1776 1775 1731
f 1727 1776 1731
f 1777 1776 1727
f 1726 1777 1727
f 1778 1777 1726
f 1728 1778 1726
f 1779 1778 1728
f 1724 1779 1728
f 1780 1779 1724
f 1723 1780 1724
f 1781 1780 1723
f 1725 1781 1723
f 1782 1781 1725
f 1721 1782 1725
f 1783 1782 1721
f 1720 1783 1721
f 1784 1783 1720
f 1722 1784 1720
f 1785 1784 1722
f 1718 1785 1722
f 1786 1785 1718
f 1717 1786 1718
f 1787 1786 1717
f 1719 1787 1717
f 1788 1787 1719
f 1715 1788 1719
f 1789 1788 1715
f 1714 1789 1715
f 1790 1789 1714
f 1716 1790 1714
f 1791 1790 1716
f 1712 1791 1716
f 1792 1791 1712
f 1711 1792 1712
f 1793 1792 1711
f 1713 1793 1711
f 1794 1793 1713
f 1709 1794 1713
f 1795 1794 1709
f 1708 1795 1709
f 1796 1795 1708
f 1710 1796 1708
f 1797 1796 1710
f 1706 1797 1710
f 1798 1797 1706
f 1705 1798 1706
f 1799 1798 1705
f 1707 1799 1705
f 1800 1799 1707
f 1703 1800 1707
f 1801 1800 1703
f 1702 1801 1703
f 1802 1801 1702
f 1704 1802 1702
f 1803 1802 1704
f 1700 1803 1704
f 1804 1803 1700
f 1699 1804 1700
f 1805 1804 1699
f 1701 1805 1699
f 1806 1805 1701
f 1697 1806 1701
f 1807 1806 1697
f 1696 1807 1697
f 1808 1807 1696
f 1698 1808 1696
f 1809 1808 1698
f 1694 1809 1698
f 1810 1809 1694
f 1693 1810 1694
f 1811 1810 1693
f 1695 1811 1693
f 1812 1811 1695
f 1691 1812 1695
f 1813 1812 1691
f 1690 1813 1691
f 1814 1813 1690
f 1692 1814 1690
f 1815 1814 1692
f 1688 1815 1692
f 1816 1815 1688
f 1687 1816 1688
f 1817 1816 1687
f 1689 1817 1687
f 1818 1817 1689
f 1685 1818 1689
f 1819 1818 1685
f 1684 1819 1685
f 1820 1819 1684
f 1686 1820 1684
f 1821 1820 1686
f 1681 1821 1686
f 1822 1821 1681
f 1680 1822 1681
f 1823 1822 1680
f 1682 1823 1680
f 1752 1823 1682
f 1752 1824 1823
f 1825 1824 1752
f 1753 1825 1752
f 1826 1825 1753
f 1754 1826 1753
f 1827 1826 1754
f 1755 1827 1754
f 1828 1827 1755
f 1756 1828 1755
f 1829 1828 1756
f 1757 1829 1756
f 1830 1829 1757
f 1758 1830 1757
f 1831 1830 1758
f 1759 1831 1758
f 1832 1831 1759
f 1760 1832 1759
f 1833 1832 1760
f 1761 1833 1760
f 1834 1833 1761
f 1762 1834 1761
f 1835 1834 1762
f 1763 1835 1762
f 1836 1835 1763
f 1764 1836 1763
f 1837 1836 1764
f 1765 1837 1764
f 1838 1837 1765
f 1766 1838 1765
f 1839 1838 1766
f 1767 1839 1766
f 1840 1839 1767
f 1768 1840 1767
f 1841 1840 1768
f 1769 1841 1768
f 1842 1841 1769
f 1770 1842 1769
f 1843 1842 1770
f 1771 1843 1770
f 1844 1843 1771
f 1772 1844 1771
f 1845 1844 1772
f 1773 1845 1772
f 1846 1845 1773
f 1774 1846 1773
f 1847 1846 1774
f 1775 1847 1774
f 1848 1847 1775
f 1776 1848 1775
f 1849 1848 1776
f 1777 1849 1776
f 1850 1849 1777
f 1778 1850 1777
f 1851 1850 1778
f 1779 1851 1778
f 1852 1851 1779
f 1780 1852 1779
f 1853 1852 1780
f 1781 1853 1780
f 1854 1853 1781
f 1782 1854 1781
f 1855 1854 1782
f 1783 1855 1782
f 1856 1855 1783
f 1784 1856 1783
f 1857 1856 1784
f 1785 1857 1784
f 1858 1857 1785
f 1786 1858 1785
f 1859 1858 1786
f 1787 1859 1786
f 1860 1859 1787
f 1788 1860 1787
f 1861 1860 1788
f 1789 1861 1788
f 1862 1861 1789
f 1790 1862 1789
f 1863 1862 1790
f 1791 1863 1790
f 1864 1863 1791
f 1792 1864 1791
f 1865 1864 1792
f 1793 1865 1792
f 1866 1865 1793
f 1794 1866 1793
f 1867 1866 1794
f 1795 1867 1794
f 1868 1867 1795
f 1796 1868 1795
f 1869 1868 1796
f 1797 1869 1796
f 1870 1869 1797
f 1798 1870 1797
f 1871 1870 1798
f 1799 1871 1798
f 1872 1871 1799
f 1800 1872 1799
f 1873 1872 1800
f 1801 1873 1800
f 1874 1873 1801
f 1802 1874 1801
f 1875 1874 1802
f 1803 1875 1802
f 1876 1875 1803
f 1804 1876 1803
f 1877 1876 1804
f 1805 1877 1804
f 1878 1877 1805
f 1806 1878 1805
f 1879 1878 1806
f 1807 1879 1806
f 1880 1879 1807
f 1808 1880 1807
f 1881 1880 1808
f 1809 1881 1808
f 1882 1881 1809
f 1810 1882 1809
f 1883 1882 1810
f 1811 1883 1810
f 1884 1883 1811
f 1812 1884 1811
f 1885 1884 1812
f 1813 1885 1812
f 1886 1885 1813
f 1814 1886 1813
f 1887 1886 1814
f 1815 1887 1814
f 1888 1887 1815
f 1816 1888 1815
f 1889 1888 1816
f 1817 1889 1816
f 1890 1889 1817
f 1818 1890 1817
f 1891 1890 1818
f 1819 1891 1818
f 1892 1891 1819
f 1820 1892 1819
f 1893 1892 1820
f 1821 1893 1820
f 1894 1893 1821
f 1822 1894 1821
f 1895 1894 1822
f 1823 1895 1822
f 1824 1895 1823
f 1824 1896 1895
f 1897 1896 1824
f 1825 1897 1824
f 1898 1897 1825
f 1826 1898 1825
f 1899 1898 1826
f 1827 1899 1826
f 1900 1899 1827
f 1828 1900 1827
f 1901 1900 1828
f 1829 1901 1828
f 1902 1901 1829
f 1830 1902 1829
f 1903 1902 1830
f 1831 1903 1830
f 1904 1903 1831
f 1832 1904 1831
f 1905 1904 1832
f 1833 1905 1832
f 1906 1905 1833
f 1834 1906 1833
f 1907 1906 1834
f 1835 1907 1834
f 1908 1907 1835
f 1836 1908 1835
f 1909 1908 1836
f 1837 1909 1836
f 1910 1909 1837
f 1838 1910 1837
f 1911 1910 1838
f 1839 1911 1838
f 1912 1911 1839
f 1840 1912 1839
f 1913 1912 1840
f 1841 1913 1840
f 1914 1913 1841
f 1842 1914 1841
f 1915 1914 1842
f 1843 1915 1842
f 1916 1915 1843
f 1844 1916 1843
f 1917 1916 1844
f 1845 1917 1844
f 1918 1917 1845
f 1846 1918 1845
f 1919 1918 1846
f 1847 1919 1846
f 1920 1919 1847
f 1848 1920 1847
f 1921 1920 1848
f 1849 1921 1848
f 1922 1921 1849
f 1850 1922 1849
f 1923 1922 1850
f 1851 1923 1850
f 1924 1923 1851
f 1852 1924 1851
f 1925 1924 1852
f 1853 1925 1852
f 1926 1925 1853
f 1854 1926 1853
f 1927 1926 1854
f 1855 1927 1854
f 1928 1927 1855
f 1856 1928 1855
f 1929 1928 1856
f 1857 1929 1856
f 1930 1929 1857
f 1858 1930 1857
f 1931 1930 1858
f 1859 1931 1858
f 1932 1931 1859
f 1860 1932 1859
f 1933 1932 1860
f 1861 1933 1860
f 1934 1933 1861
f 1862 1934 1861
f 1935 1934 1862
f 1863 1935 1862
f 1936 1935 1863
f 1864 1936 1863
f 1937 1936 1864
f 1865 1937 1864
f 1938 1937 1865
f 1866 1938 1865
f 1939 1938 1866
f 1867 1939 1866
f 1940 1939 1867
f 1868 1940 1867
f 1941 1940 1868
f 1869 1941 1868
f 1942 1941 1869
f 1870 1942 1869
f 1943 1942 1870
f 1871 1943 1870
f 1944 1943 1871
f 1872 1944 1871
f 1945 1944 1872
f 1873 1945 1872
f 1946 1945 1873
f 1874 1946 1873
f 1947 1946 1874
f 1875 1947 1874
f 1948 1947 1875
f 1876 1948 1875
f 1949 1948 1876
f 1877 1949 1876
f 1950 1949 1877
f 1878 1950 1877
f 1951 1950 1878
f 1879 1951 1878
f 1952 1951 1879
f 1880 1952 1879
f 1953 1952 1880
f 1881 1953 1880
f 1954 1953 1881
f 1882 1954 1881
f 1955 1954 1882
f 1883 1955 1882
f 1956 1955 1883
f 1884 1956 1883
f 1957 1956 1884
f 1885 1957 1884
f 1958 1957 1885
f 1886 1958 1885
f 1959 1958 1886
f 1887 1959 1886
f 1960 1959 1887
f 1888 1960 1887
f 1961 1960 1888
f 1889 1961 1888
f 1962 1961 1889
f 1890 1962 1889
f 1963 1962 1890
f 1891 1963 1890
f 1964 1963 1891
f 1892 1964 1891
f 1965 1964 1892
f 1893 1965 1892
f 1966 1965 1893
f 1894 1966 1893
f 1967 1966 1894
f 1895 1967 1894
f 1896 1967 1895
f 1968 1969 1932
f 1968 1934 1970
f 1933 1934 1968
f 1932 1933 1968
f 1970 1936 1971
f 1935 1936 1970
f 1934 1935 1970
f 1971 1938 1972
f 1937 1938 1971
f 1936 1937 1971
f 1972 1940 1973
f 1939 1940 1972
f 1938 1939 1972
f 1973 1942 1974
f 1941 1942 1973
f 1940 1941 1973
f 1974 1944 1975
f 1943 1944 1974
f 1942 1943 1974
f 1975 1946 1976
f 1945 1946 1975
f 1944 1945 1975
f 1976 1948 1977
f 1947 1948 1976
f 1946 1947 1976
f 1977 1950 1978
f 1949 1950 1977
f 1948 1949 1977
f 1978 1952 1979
f 1951 1952 1978
f 1950 1951 1978
f 1979 1954 1980
f 1953 1954 1979
f 1952 1953 1979
f 1980 1956 1981
f 1955 1956 1980
f 1954 1955 1980
f 1981 1958 1982
f 1957 1958 1981
f 1956 1957 1981
f 1982 1960 1983
f 1959 1960 1982
f 1958 1959 1982
f 1983 1962 1984
f 1961 1962 1983
f 1960 1961 1983
f 1984 1964 1985
f 1963 1964 1984
f 1962 1963 1984
f 1985 1966 1986
f 1965 1966 1985
f 1964 1965 1985
f 1986 1896 1987
f 1967 1896 1986
f 1966 1967 1986
f 1987 1898 1988
f 1897 1898 1987
f 1896 1897 1987
f 1988 1900 1989
f 1899 1900 1988
f 1898 1899 1988
f 1989 1902 1990
f 1901 1902 1989
f 1900 1901 1989
f 1990 1904 1991
f 1903 1904 1990
f 1902 1903 1990
f 1991 1906 1992
f 1905 1906 1991
f 1904 1905 1991
f 1992 1908 1993
f 1907 1908 1992
f 1906 1907 1992
f 1993 1910 1994
f 1909 1910 1993
f 1908 1909 1993
f 1994 1912 1995
f 1911 1912 1994
f 1910 1911 1994
f 1995 1914 1996
f 1913 1914 1995
f 1912 1913 1995
f 1996 1916 1997
f 1915 1916 1996
f 1914 1915 1996
f 1997 1918 1998
f 1917 1918 1997
f 1916 1917 1997
f 1998 1920 1999
f 1919 1920 1998
f 1918 1919 1998
f 1999 1922 2000
f 1921 1922 1999
f 1920 1921 1999
f 2000 1924 2001
f 1923 1924 2000
f 1922 1923 2000
f 2001 1926 2002
f 1925 1926 2001
f 1924 1925 2001
f 2002 1928 2003
f 1927 1928 2002
f 1926 1927 2002
f 1969 1931 1932
f 1930 1931 1969
f 2003 1930 1969
f 1929 1930 2003
f 1928 1929 2003
f 2004 2005 2006
f 2007 2008 2009
f 2008 2010 2011
f 2012 2013 2014
f 2015 2016 2017
f 2011 2018 2008
f 2019 2018 2011
f 2020 2019 2011
f 2021 2019 2020
f 2013 2022 2023
f 2017 2024 2025
f 2015 2026 2016
f 2027 2026 2015
f 2028 2027 2015
f 2015 2029 2028
f 2030 2029 2015
f 2031 2030 2015
f 2032 2030 2031
f 2004 2032 2031
f 2033 2032 2004
f 2006 2033 2004
f 2004 2034 2005
f 2035 2034 2004
f 2036 2035 2004
f 2020 2037 2038
f 2039 2040 2041
f 2042 2040 2039
f 2043 2044 2045
f 2046 2047 2048
f 2049 2050 2051
f 2034 2052 2005
f 2053 2052 2034
f 2054 2053 2034
f 2055 2053 2054
f 2036 2056 2035
f 2057 2056 2036
f 2010 2057 2036
f 2058 2057 2010
f 2059 2058 2010
f 2009 2060 2061
f 2062 2063 2064
f 2065 2015 2066
f 2023 2015 2065
f 2067 2023 2065
f 2013 2023 2067
f 2020 2068 2037
f 2069 2068 2020
f 2042 2069 2020
f 2070 2069 2042
f 2039 2070 2042
f 2071 2040 2072
f 2041 2040 2071
f 2073 2041 2071
f 2074 2041 2073
f 2075 2074 2073
f 2040 2076 2072
f 2077 2076 2040
f 2078 2077 2040
f 2079 2077 2078
f 2080 2079 2078
f 2081 2078 2082
f 2080 2078 2081
f 2083 2080 2081
f 2084 2080 2083
f 2085 2084 2083
f 2086 2087 2088
f 2089 2087 2086
f 2090 2091 2092
f 2093 2094 2095
f 2054 2094 2093
f 2096 2054 2093
f 2055 2054 2096
f 2097 2098 2099
f 2100 2101 2007
f 2020 2102 2021
f 2103 2102 2020
f 2038 2103 2020
f 2104 2103 2038
f 2105 2104 2038
f 2106 2107 2108
f 2047 2109 2110
f 2111 2012 2014
f 2086 2025 2089
f 2017 2025 2086
f 2112 2017 2086
f 2015 2017 2112
f 2113 2015 2112
f 2066 2015 2113
f 2092 2051 2090
f 2049 2051 2092
f 2114 2049 2092
f 2030 2049 2114
f 2115 2030 2114
f 2029 2030 2115
f 2116 2117 2010
f 2061 2007 2009
f 2100 2007 2061
f 2118 2100 2061
f 2119 2083 2120
f 2085 2083 2119
f 2121 2085 2119
f 2122 2085 2121
f 2123 2124 2125
f 2126 2124 2123
f 2127 2126 2123
f 2062 2126 2127
f 2128 2062 2127
f 2063 2062 2128
f 2107 2129 2130
f 2109 2131 2132
f 2133 2131 2109
f 2134 2046 2048
f 2135 2136 2137
f 2138 2136 2135
f 2139 2138 2135
f 2140 2141 2142
f 2010 2143 2116
f 2144 2143 2010
f 2008 2144 2010
f 2145 2144 2008
f 2007 2145 2008
f 2146 2147 2148
f 2038 2147 2146
f 2149 2038 2146
f 2105 2038 2149
f 2150 2151 2152
f 2073 2151 2150
f 2153 2073 2150
f 2075 2073 2153
f 2154 2043 2045
f 2155 2043 2154
f 2156 2155 2154
f 2157 2155 2156
f 2158 2157 2156
f 2159 2160 2161
f 2162 2160 2159
f 2163 2162 2159
f 2043 2162 2163
f 2164 2043 2163
f 2165 2043 2164
f 2109 2166 2133
f 2167 2166 2109
f 2047 2167 2109
f 2168 2167 2047
f 2046 2168 2047
f 2169 2170 2171
f 2172 2170 2169
f 2022 2173 2174
f 2175 2173 2022
f 2013 2175 2022
f 2176 2175 2013
f 2012 2176 2013
f 2177 2178 2179
f 2180 2181 2182
f 2183 2043 2165
f 2044 2043 2183
f 2184 2044 2183
f 2185 2044 2184
f 2186 2185 2184
f 2187 2106 2108
f 2188 2189 2190
f 2191 2189 2188
f 2192 2193 2194
f 2192 2195 2196
f 2197 2195 2192
f 2198 2197 2192
f 2110 2199 2047
f 2200 2199 2110
f 2201 2200 2110
f 2202 2200 2201
f 2136 2202 2201
f 2203 2202 2136
f 2138 2203 2136
f 2139 2204 2138
f 2205 2204 2139
f 2206 2205 2139
f 2207 2022 2171
f 2208 2022 2207
f 2209 2208 2207
f 2136 2208 2209
f 2210 2136 2209
f 2137 2136 2210
f 2171 2211 2169
f 2212 2211 2171
f 2022 2212 2171
f 2213 2212 2022
f 2214 2213 2022
f 2215 2111 2216
f 2012 2111 2215
f 2217 2012 2215
f 2218 2012 2217
f 2219 2010 2117
f 2059 2010 2219
f 2097 2059 2219
f 2179 2059 2097
f 2099 2179 2097
f 2177 2179 2099
f 2220 2177 2099
f 2221 2222 2223
f 2224 2225 2226
f 2227 2228 2229
f 2230 2228 2227
f 2231 2230 2227
f 2130 2232 2107
f 2233 2232 2130
f 2190 2233 2130
f 2234 2233 2190
f 2189 2234 2190
f 2235 2109 2236
f 2237 2109 2235
f 2238 2237 2235
f 2239 2240 2046
f 2241 2140 2142
f 2242 2140 2241
f 2243 2242 2241
f 2244 2245 2246
f 2169 2245 2244
f 2247 2169 2244
f 2172 2169 2247
f 2248 2022 2174
f 2214 2022 2248
f 2142 2214 2248
f 2249 2214 2142
f 2141 2249 2142
f 2250 2251 2252
f 2253 2251 2250
f 2078 2254 2082
f 2255 2254 2078
f 2062 2255 2078
f 2256 2255 2062
f 2064 2256 2062
f 2257 2256 2064
f 2258 2257 2064
f 2250 2257 2258
f 2259 2250 2258
f 2253 2250 2259
f 2260 2253 2259
f 2124 2261 2262
f 2263 2261 2124
f 2157 2263 2124
f 2264 2265 2180
f 2266 2267 2268
f 2184 2267 2266
f 2269 2184 2266
f 2186 2184 2269
f 2270 2271 2161
f 2272 2271 2270
f 2273 2129 2274
f 2275 2129 2273
f 2276 2275 2273
f 2226 2275 2276
f 2277 2226 2276
f 2224 2226 2277
f 2278 2129 2229
f 2279 2129 2278
f 2129 2227 2229
f 2280 2227 2129
f 2281 2280 2129
f 2282 2188 2283
f 2191 2188 2282
f 2284 2191 2282
f 2192 2285 2193
f 2286 2285 2192
f 2196 2286 2192
f 2195 2287 2196
f 2288 2287 2195
f 2289 2288 2195
f 2290 2288 2289
f 2198 2291 2197
f 2292 2291 2198
f 2237 2292 2198
f 2293 2292 2237
f 2294 2293 2237
f 2295 2046 2134
f 2239 2046 2295
f 2296 2239 2295
f 2139 2297 2206
f 2298 2297 2139
f 2299 2298 2139
f 2181 2300 2182
f 2158 2300 2181
f 2301 2158 2181
f 2157 2158 2301
f 2302 2157 2301
f 2263 2157 2302
f 2303 2182 2304
f 2180 2182 2303
f 2305 2180 2303
f 2264 2180 2305
f 2306 2307 2308
f 2309 2222 2221
f 2224 2222 2309
f 2310 2224 2309
f 2225 2224 2310
f 2311 2225 2310
f 2223 2312 2313
f 2314 2315 2316
f 2317 2315 2314
f 2318 2317 2314
f 2129 2319 2281
f 2320 2319 2129
f 2107 2320 2129
f 2321 2320 2107
f 2106 2321 2107
f 2322 2323 2324
f 2187 2323 2322
f 2325 2187 2322
f 2106 2187 2325
f 2326 2237 2238
f 2294 2237 2326
f 2327 2294 2326
f 2328 2294 2327
f 2329 2328 2327
f 2241 2330 2243
f 2331 2330 2241
f 2332 2331 2241
f 2333 2125 2334
f 2125 2335 2334
f 2336 2335 2125
f 2124 2336 2125
f 2337 2336 2124
f 2338 2337 2124
f 2339 2340 2341
f 2342 2340 2339
f 2343 2342 2339
f 2308 2344 2345
f 2346 2347 2348
f 2349 2347 2346
f 2350 2349 2346
f 2351 2129 2279
f 2274 2129 2351
f 2352 2274 2351
f 2353 2274 2352
f 2317 2353 2352
f 2354 2353 2317
f 2318 2354 2317
f 2355 2356 2230
f 2284 2357 2191
f 2358 2357 2284
f 2359 2358 2284
f 2188 2360 2283
f 2361 2360 2188
f 2192 2361 2188
f 2362 2361 2192
f 2194 2362 2192
f 2363 2364 2365
f 2366 2367 2368
f 2369 2367 2366
f 2370 2369 2366
f 2124 2371 2338
f 2372 2371 2124
f 2262 2372 2124
f 2339 2372 2262
f 2373 2339 2262
f 2343 2339 2373
f 2374 2343 2373
f 2375 2376 2377
f 2270 2376 2375
f 2378 2270 2375
f 2272 2270 2378
f 2379 2380 2381
f 2382 2380 2379
f 2383 2382 2379
f 2384 2382 2383
f 2385 2384 2383
f 2161 2386 2270
f 2387 2386 2161
f 2160 2387 2161
f 2388 2387 2160
f 2389 2388 2160
f 2390 2391 2392
f 2393 2391 2390
f 2394 2393 2390
f 2350 2395 2396
f 2397 2231 2398
f 2230 2231 2397
f 2399 2230 2397
f 2355 2230 2399
f 2284 2400 2359
f 2401 2400 2284
f 2402 2401 2284
f 2403 2404 2405
f 2290 2404 2403
f 2406 2290 2403
f 2288 2290 2406
f 2109 2407 2236
f 2408 2407 2109
f 2132 2408 2109
f 2366 2408 2132
f 2409 2366 2132
f 2370 2366 2409
f 2410 2370 2409
f 2411 2412 2333
f 2383 2413 2385
f 2414 2413 2383
f 2415 2414 2383
f 2389 2379 2381
f 2416 2379 2389
f 2160 2416 2389
f 2417 2416 2160
f 2308 2417 2160
f 2418 2417 2308
f 2307 2418 2308
f 2306 2419 2420
f 2421 2419 2306
f 2308 2421 2306
f 2422 2421 2308
f 2345 2422 2308
f 2423 2424 2425
f 2423 2348 2424
f 2346 2348 2423
f 2426 2346 2423
f 2427 2346 2426
f 2225 2427 2426
f 2428 2427 2225
f 2311 2428 2225
f 2429 2313 2430
f 2223 2313 2429
f 2431 2223 2429
f 2221 2223 2431
f 2432 2433 2434
f 2435 2436 2437
f 2327 2436 2435
f 2438 2327 2435
f 2329 2327 2438
f 2439 2334 2440
f 2333 2334 2439
f 2441 2333 2439
f 2411 2333 2441
f 2308 2392 2344
f 2390 2392 2308
f 2423 2390 2308
f 2442 2390 2423
f 2425 2442 2423
f 2443 2444 2349
f 2434 2365 2432
f 2363 2365 2434
f 2445 2363 2434
f 2194 2363 2445
f 2446 2194 2445
f 2362 2194 2446
f 2447 2448 2420
f 2449 2450 2393
f 2396 2349 2350
f 2443 2349 2396
f 2451 2443 2396
f 2452 2419 2453
f 2420 2419 2452
f 2454 2420 2452
f 2447 2420 2454
f 2455 2394 2456
f 2393 2394 2455
f 2457 2393 2455
f 2449 2393 2457
f 2458 2459 2460
f 2461 2459 2458
f 2462 2461 2458
f 2463 2461 2462
f 2464 2463 2462
f 2465 2463 2464
f 2466 2465 2464
f 2467 2465 2466
f 2468 2467 2466
f 2469 2467 2468
f 2470 2469 2468
f 2470 2471 2472
f 2043 2459 2461
f 2461 2162 2043
f 2160 2162 2461
f 2463 2160 2461
f 2308 2160 2463
f 2465 2308 2463
f 2423 2308 2465
f 2467 2423 2465
f 2426 2423 2467
f 2469 2426 2467
f 2470 2426 2469
f 2225 2426 2470
f 2472 2225 2470
f 2226 2225 2472
f 2473 2226 2472
f 2275 2226 2473
f 2474 2275 2473
f 2129 2275 2474
f 2475 2129 2474
f 2130 2129 2475
f 2476 2130 2475
f 2190 2130 2476
f 2477 2190 2476
f 2188 2190 2477
f 2478 2188 2477
f 2192 2188 2478
f 2479 2192 2478
f 2198 2192 2479
f 2480 2198 2479
f 2237 2198 2480
f 2481 2237 2480
f 2109 2237 2481
f 2482 2109 2481
f 2110 2109 2482
f 2483 2110 2482
f 2201 2110 2483
f 2484 2201 2483
f 2136 2201 2484
f 2485 2136 2484
f 2208 2136 2485
f 2486 2208 2485
f 2022 2208 2486
f 2487 2022 2486
f 2023 2022 2487
f 2488 2023 2487
f 2015 2023 2488
f 2489 2015 2488
f 2031 2015 2489
f 2490 2031 2489
f 2004 2031 2490
f 2491 2004 2490
f 2036 2004 2491
f 2492 2036 2491
f 2010 2036 2492
f 2493 2010 2492
f 2011 2010 2493
f 2494 2011 2493
f 2020 2011 2494
f 2495 2020 2494
f 2042 2020 2495
f 2496 2042 2495
f 2040 2042 2496
f 2497 2040 2496
f 2078 2040 2497
f 2498 2078 2497
f 2062 2078 2498
f 2499 2062 2498
f 2126 2062 2499
f 2500 2126 2499
f 2124 2126 2500
f 2501 2124 2500
f 2157 2124 2501
f 2502 2157 2501
f 2155 2157 2502
f 2503 2155 2502
f 2043 2155 2503
f 2504 2043 2503
f 2459 2043 2504
f 2505 2459 2504
f 2505 2460 2459
f 2506 2460 2505
f 2471 2507 2508
f 2508 2472 2471
f 2473 2472 2508
f 2509 2473 2508
f 2474 2473 2509
f 2510 2474 2509
f 2475 2474 2510
f 2511 2475 2510
f 2476 2475 2511
f 2512 2476 2511
f 2477 2476 2512
f 2513 2477 2512
f 2478 2477 2513
f 2514 2478 2513
f 2479 2478 2514
f 2515 2479 2514
f 2480 2479 2515
f 2516 2480 2515
f 2481 2480 2516
f 2517 2481 2516
f 2482 2481 2517
f 2518 2482 2517
f 2483 2482 2518
f 2519 2483 2518
f 2484 2483 2519
f 2520 2484 2519
f 2485 2484 2520
f 2521 2485 2520
f 2486 2485 2521
f 2522 2486 2521
f 2487 2486 2522
f 2523 2487 2522
f 2488 2487 2523
f 2524 2488 2523
f 2489 2488 2524
f 2525 2489 2524
f 2490 2489 2525
f 2526 2490 2525
f 2491 2490 2526
f 2527 2491 2526
f 2492 2491 2527
f 2528 2492 2527
f 2493 2492 2528
f 2529 2493 2528
f 2494 2493 2529
f 2530 2494 2529
f 2495 2494 2530
f 2531 2495 2530
f 2496 2495 2531
f 2532 2496 2531
f 2497 2496 2532
f 2533 2497 2532
f 2498 2497 2533
f 2534 2498 2533
f 2499 2498 2534
f 2535 2499 2534
f 2500 2499 2535
f 2536 2500 2535
f 2501 2500 2536
f 2537 2501 2536
f 2502 2501 2537
f 2538 2502 2537
f 2503 2502 2538
f 2506 2503 2538
f 2504 2503 2506
f 2505 2504 2506
f 2507 2470 2468
f 2471 2470 2507
f 2539 2540 2541
f 2542 2543 2544
f 2545 2546 2547
f 2548 2549 2550
f 2546 2551 2552
f 2547 2553 2545
f 2554 2553 2547
f 2550 2554 2547
f 2555 2554 2550
f 2549 2555 2550
f 2556 2552 2551
f 2557 2552 2556
f 2558 2557 2556
f 2559 2560 2548
f 2561 2560 2559
f 2562 2561 2559
f 2558 2561 2562
f 2563 2558 2562
f 2557 2558 2563
f 2552 2547 2546
f 2564 2547 2552
f 2565 2564 2552
f 2566 2567 2564
f 2564 2568 2566
f 2569 2568 2564
f 2565 2569 2564
f 2570 2571 2572
f 2573 2571 2570
f 2570 2574 2573
f 2575 2574 2570
f 2576 2575 2570
f 2577 2575 2576
f 2578 2577 2576
f 2564 2579 2578
f 2580 2579 2564
f 2567 2580 2564
f 2581 2580 2567
f 2582 2581 2567
f 2583 2581 2582
f 2584 2583 2582
f 2585 2583 2584
f 2572 2585 2584
f 2586 2585 2572
f 2571 2586 2572
f 2587 2588 2572
f 2589 2588 2587
f 2590 2589 2587
f 2591 2592 2593
f 2594 2592 2591
f 2570 2594 2591
f 2595 2594 2570
f 2570 2596 2595
f 2597 2596 2570
f 2572 2597 2570
f 2598 2597 2572
f 2588 2598 2572
f 2599 2600 2601
f 2593 2600 2599
f 2602 2589 2590
f 2603 2589 2602
f 2601 2603 2602
f 2604 2603 2601
f 2600 2604 2601
f 2599 2605 2606
f 2607 2605 2599
f 2601 2607 2599
f 2608 2609 2610
f 2611 2608 2610
f 2612 2608 2611
f 2613 2612 2611
f 2614 2615 2616
f 2617 2615 2614
f 2618 2617 2614
f 2619 2617 2618
f 2620 2619 2618
f 2618 2621 2620
f 2622 2621 2618
f 2599 2622 2618
f 2623 2622 2599
f 2606 2623 2599
f 2613 2624 2612
f 2625 2624 2613
f 2626 2625 2613
f 2622 2625 2626
f 2627 2622 2626
f 2621 2622 2627
f 2628 2629 2630
f 2608 2629 2628
f 2614 2608 2628
f 2609 2608 2614
f 2616 2609 2614
f 2631 2632 2633
f 2634 2632 2631
f 2628 2634 2631
f 2635 2634 2628
f 2630 2635 2628
f 2633 2636 2637
f 2638 2636 2633
f 2632 2638 2633
f 2637 2639 2640
f 2641 2639 2637
f 2636 2641 2637
f 2550 2559 2548
f 2642 2559 2550
f 2643 2642 2550
f 2644 2642 2643
f 2544 2644 2643
f 2645 2646 2633
f 2647 2648 2649
f 2637 2645 2633
f 2650 2645 2637
f 2649 2650 2637
f 2647 2651 2648
f 2652 2651 2647
f 2653 2652 2647
f 2654 2652 2653
f 2655 2654 2653
f 2656 2633 2646
f 2631 2633 2656
f 2657 2631 2656
f 2628 2631 2657
f 2658 2628 2657
f 2643 2542 2544
f 2659 2542 2643
f 2660 2659 2643
f 2661 2662 2663
f 2647 2664 2665
f 2637 2647 2649
f 2664 2647 2637
f 2666 2664 2637
f 2667 2668 2669
f 2670 2668 2667
f 2542 2670 2667
f 2671 2670 2542
f 2659 2671 2542
f 2647 2661 2663
f 2672 2661 2647
f 2665 2672 2647
f 2637 2669 2666
f 2667 2669 2637
f 2640 2667 2637
f 2542 2667 2640
f 2673 2542 2640
f 2543 2542 2673
f 2674 2675 2676
f 2677 2675 2674
f 2674 2678 2663
f 2679 2678 2674
f 2676 2679 2674
f 2653 2540 2539
f 2653 2680 2540
f 2681 2680 2653
f 2647 2681 2653
f 2682 2681 2647
f 2663 2682 2647
f 2683 2682 2663
f 2678 2683 2663
f 2684 2539 2541
f 2685 2539 2684
f 2686 2685 2684
f 2685 2687 2591
f 2688 2687 2685
f 2686 2688 2685
f 2677 2689 2675
f 2690 2689 2677
f 2576 2690 2677
f 2576 2691 2690
f 2692 2691 2576
f 2570 2692 2576
f 2693 2692 2570
f 2591 2693 2570
f 2694 2693 2591
f 2687 2694 2591
f 2576 2564 2578
f 2547 2564 2576
f 2677 2547 2576
f 2550 2547 2677
f 2674 2550 2677
f 2643 2550 2674
f 2663 2643 2674
f 2660 2643 2663
f 2662 2660 2663
f 2599 2591 2593
f 2685 2591 2599
f 2618 2685 2599
f 2539 2685 2618
f 2614 2539 2618
f 2653 2539 2614
f 2628 2653 2614
f 2655 2653 2628
f 2658 2655 2628
f 2563 2695 2696
f 2562 2695 2563
f 2696 2557 2563
f 2552 2557 2696
f 2697 2552 2696
f 2565 2552 2697
f 2698 2565 2697
f 2569 2565 2698
f 2699 2569 2698
f 2568 2569 2699
f 2700 2568 2699
f 2566 2568 2700
f 2701 2566 2700
f 2567 2566 2701
f 2702 2567 2701
f 2582 2567 2702
f 2703 2582 2702
f 2584 2582 2703
f 2704 2584 2703
f 2572 2584 2704
f 2705 2572 2704
f 2587 2572 2705
f 2706 2587 2705
f 2590 2587 2706
f 2707 2590 2706
f 2602 2590 2707
f 2708 2602 2707
f 2562 2709 2695
f 2710 2709 2562
f 2559 2710 2562
f 2711 2710 2559
f 2642 2711 2559
f 2712 2711 2642
f 2644 2712 2642
f 2713 2712 2644
f 2544 2713 2644
f 2714 2713 2544
f 2543 2714 2544
f 2715 2714 2543
f 2673 2715 2543
f 2716 2715 2673
f 2640 2716 2673
f 2717 2716 2640
f 2639 2717 2640
f 2718 2717 2639
f 2641 2718 2639
f 2719 2718 2641
f 2636 2719 2641
f 2720 2719 2636
f 2638 2720 2636
f 2721 2720 2638
f 2632 2721 2638
f 2722 2721 2632
f 2634 2722 2632
f 2723 2722 2634
f 2635 2723 2634
f 2724 2723 2635
f 2630 2724 2635
f 2725 2724 2630
f 2629 2725 2630
f 2726 2725 2629
f 2608 2726 2629
f 2727 2726 2608
f 2612 2727 2608
f 2728 2727 2612
f 2624 2728 2612
f 2729 2728 2624
f 2625 2729 2624
f 2730 2729 2625
f 2622 2730 2625
f 2731 2730 2622
f 2623 2731 2622
f 2732 2731 2623
f 2606 2732 2623
f 2733 2732 2606
f 2605 2733 2606
f 2734 2733 2605
f 2607 2734 2605
f 2708 2734 2607
f 2601 2708 2607
f 2602 2708 2601
f 2696 2735 2736
f 2702 2737 2738
f 2735 2709 2739
f 2695 2709 2735
f 2696 2695 2735
f 2739 2711 2740
f 2710 2711 2739
f 2709 2710 2739
f 2737 2700 2741
f 2701 2700 2737
f 2702 2701 2737
f 2736 2697 2696
f 2698 2697 2736
f 2741 2698 2736
f 2699 2698 2741
f 2700 2699 2741
f 2742 2743 2717
f 2708 2744 2745
f 2744 2706 2746
f 2707 2706 2744
f 2708 2707 2744
f 2738 2703 2702
f 2704 2703 2738
f 2746 2704 2738
f 2705 2704 2746
f 2706 2705 2746
f 2740 2713 2747
f 2712 2713 2740
f 2711 2712 2740
f 2743 2716 2717
f 2715 2716 2743
f 2747 2715 2743
f 2714 2715 2747
f 2713 2714 2747
f 2748 2749 2723
f 2748 2725 2750
f 2724 2725 2748
f 2723 2724 2748
f 2750 2727 2751
f 2726 2727 2750
f 2725 2726 2750
f 2751 2729 2752
f 2728 2729 2751
f 2727 2728 2751
f 2742 2719 2753
f 2718 2719 2742
f 2717 2718 2742
f 2749 2722 2723
f 2721 2722 2749
f 2753 2721 2749
f 2720 2721 2753
f 2719 2720 2753
f 2752 2731 2754
f 2730 2731 2752
f 2729 2730 2752
f 2745 2734 2708
f 2733 2734 2745
f 2754 2733 2745
f 2732 2733 2754
f 2731 2732 2754
f 2689 2735 2675
f 2736 2735 2689
f 2690 2736 2689
f 2741 2736 2690
f 2691 2741 2690
f 2737 2741 2691
f 2692 2737 2691
f 2738 2737 2692
f 2693 2738 2692
f 2746 2738 2693
f 2694 2746 2693
f 2744 2746 2694
f 2687 2744 2694
f 2745 2744 2687
f 2688 2745 2687
f 2754 2745 2688
f 2686 2754 2688
f 2752 2754 2686
f 2684 2752 2686
f 2751 2752 2684
f 2541 2751 2684
f 2750 2751 2541
f 2540 2750 2541
f 2748 2750 2540
f 2680 2748 2540
f 2749 2748 2680
f 2681 2749 2680
f 2753 2749 2681
f 2682 2753 2681
f 2742 2753 2682
f 2683 2742 2682
f 2743 2742 2683
f 2678 2743 2683
f 2747 2743 2678
f 2679 2747 2678
f 2740 2747 2679
f 2676 2740 2679
f 2739 2740 2676
f 2675 2739 2676
f 2735 2739 2675
f 2755 2756 2757
f 2758 2759 2760
f 2761 2762 2763
f 2764 2765 2766
f 2767 2764 2766
f 2768 2769 2770
f 2771 2769 2768
f 2772 2773 2774
f 2775 2773 2772
f 2776 2775 2772
f 2767 2775 2776
f 2777 2767 2776
f 2764 2767 2777
f 2773 2778 2774
f 2779 2778 2773
f 2770 2779 2773
f 2780 2779 2770
f 2769 2780 2770
f 2781 2766 2765
f 2782 2766 2781
f 2771 2782 2781
f 2783 2782 2771
f 2768 2783 2771
f 2761 2784 2762
f 2785 2784 2761
f 2786 2785 2761
f 2787 2788 2789
f 2790 2791 2792
f 2793 2791 2790
f 2787 2793 2790
f 2794 2793 2787
f 2787 2795 2794
f 2763 2795 2787
f 2789 2763 2787
f 2761 2763 2789
f 2773 2761 2789
f 2796 2761 2773
f 2775 2796 2773
f 2786 2797 2785
f 2798 2797 2786
f 2799 2798 2786
f 2800 2798 2799
f 2801 2800 2799
f 2802 2803 2804
f 2805 2803 2802
f 2799 2805 2802
f 2806 2805 2799
f 2786 2806 2799
f 2803 2807 2804
f 2808 2807 2803
f 2809 2808 2803
f 2809 2810 2808
f 2811 2810 2809
f 2812 2811 2809
f 2812 2813 2811
f 2814 2813 2812
f 2815 2814 2812
f 2816 2817 2818
f 2819 2817 2816
f 2820 2819 2816
f 2821 2822 2823
f 2824 2821 2825
f 2822 2821 2824
f 2818 2822 2824
f 2826 2822 2818
f 2817 2826 2818
f 2815 2823 2814
f 2821 2823 2815
f 2827 2821 2815
f 2828 2821 2827
f 2829 2756 2755
f 2830 2831 2832
f 2828 2831 2830
f 2833 2828 2830
f 2756 2834 2835
f 2756 2836 2834
f 2837 2836 2756
f 2829 2837 2756
f 2838 2837 2829
f 2839 2838 2829
f 2840 2838 2839
f 2841 2840 2839
f 2842 2840 2841
f 2843 2842 2841
f 2844 2842 2843
f 2821 2843 2825
f 2844 2843 2821
f 2828 2844 2821
f 2845 2844 2828
f 2833 2845 2828
f 2846 2847 2848
f 2849 2847 2846
f 2850 2849 2846
f 2831 2849 2850
f 2759 2851 2852
f 2853 2854 2855
f 2846 2856 2857
f 2858 2856 2846
f 2848 2858 2846
f 2859 2858 2848
f 2853 2859 2848
f 2860 2859 2853
f 2855 2860 2853
f 2861 2862 2863
f 2864 2862 2861
f 2865 2864 2861
f 2854 2852 2855
f 2759 2852 2854
f 2866 2759 2854
f 2760 2759 2866
f 2759 2863 2851
f 2861 2863 2759
f 2758 2861 2759
f 2867 2861 2758
f 2868 2867 2869
f 2869 2870 2868
f 2871 2870 2869
f 2872 2871 2869
f 2873 2871 2872
f 2874 2873 2872
f 2875 2876 2877
f 2878 2876 2875
f 2879 2880 2874
f 2881 2880 2879
f 2878 2881 2879
f 2878 2882 2881
f 2883 2882 2878
f 2875 2883 2878
f 2884 2883 2875
f 2861 2884 2875
f 2885 2884 2861
f 2867 2885 2861
f 2886 2885 2867
f 2868 2886 2867
f 2872 2879 2874
f 2887 2879 2872
f 2888 2887 2872
f 2889 2887 2888
f 2890 2889 2888
f 2891 2892 2893
f 2894 2892 2891
f 2895 2894 2891
f 2891 2896 2895
f 2888 2896 2891
f 2897 2888 2891
f 2890 2888 2897
f 2898 2899 2900
f 2900 2901 2898
f 2902 2901 2900
f 2903 2902 2900
f 2888 2904 2896
f 2905 2904 2888
f 2906 2905 2888
f 2907 2905 2906
f 2899 2907 2906
f 2908 2907 2899
f 2898 2908 2899
f 2903 2909 2910
f 2911 2909 2903
f 2900 2911 2903
f 2912 2913 2914
f 2912 2915 2913
f 2916 2915 2912
f 2917 2916 2912
f 2918 2916 2917
f 2919 2918 2917
f 2910 2920 2921
f 2910 2922 2920
f 2923 2922 2910
f 2909 2923 2910
f 2924 2925 2926
f 2927 2925 2924
f 2928 2927 2924
f 2922 2927 2928
f 2929 2922 2928
f 2920 2922 2929
f 2925 2914 2926
f 2912 2914 2925
f 2930 2912 2925
f 2931 2912 2930
f 2770 2932 2933
f 2934 2770 2933
f 2935 2936 2932
f 2930 2937 2931
f 2938 2937 2930
f 2939 2938 2930
f 2940 2936 2935
f 2941 2936 2940
f 2938 2941 2940
f 2942 2941 2938
f 2939 2942 2938
f 2930 2943 2939
f 2944 2943 2930
f 2945 2944 2930
f 2946 2944 2945
f 2947 2946 2945
f 2948 2946 2947
f 2949 2948 2947
f 2947 2934 2949
f 2770 2934 2947
f 2950 2770 2947
f 2768 2770 2950
f 2770 2935 2932
f 2951 2935 2770
f 2773 2951 2770
f 2773 2952 2951
f 2953 2952 2773
f 2789 2953 2773
f 2954 2953 2789
f 2788 2954 2789
f 2891 2955 2897
f 2956 2955 2891
f 2917 2956 2891
f 2957 2956 2917
f 2912 2957 2917
f 2958 2957 2912
f 2931 2958 2912
f 2831 2835 2832
f 2756 2835 2831
f 2850 2756 2831
f 2757 2756 2850
f 2959 2757 2850
f 2820 2804 2819
f 2802 2804 2820
f 2960 2802 2820
f 2799 2802 2960
f 2792 2799 2960
f 2801 2799 2792
f 2791 2801 2792
f 2903 2893 2902
f 2891 2893 2903
f 2910 2891 2903
f 2917 2891 2910
f 2921 2917 2910
f 2919 2917 2921
f 2861 2857 2865
f 2846 2857 2861
f 2875 2846 2861
f 2850 2846 2875
f 2877 2850 2875
f 2959 2850 2877
f 2961 2899 2962
f 2900 2899 2961
f 2963 2900 2961
f 2911 2900 2963
f 2964 2911 2963
f 2909 2911 2964
f 2965 2909 2964
f 2923 2909 2965
f 2966 2923 2965
f 2922 2923 2966
f 2967 2922 2966
f 2967 2927 2922
f 2925 2927 2967
f 2968 2925 2967
f 2930 2925 2968
f 2969 2930 2968
f 2945 2930 2969
f 2970 2945 2969
f 2947 2945 2970
f 2971 2947 2970
f 2950 2947 2971
f 2972 2950 2971
f 2768 2950 2972
f 2973 2768 2972
f 2783 2768 2973
f 2974 2783 2973
f 2975 2783 2974
f 2782 2783 2975
f 2976 2782 2975
f 2976 2766 2782
f 2767 2766 2976
f 2977 2767 2976
f 2775 2767 2977
f 2978 2775 2977
f 2796 2775 2978
f 2979 2796 2978
f 2761 2796 2979
f 2980 2761 2979
f 2786 2761 2980
f 2981 2786 2980
f 2806 2786 2981
f 2982 2806 2981
f 2805 2806 2982
f 2983 2805 2982
f 2803 2805 2983
f 2984 2803 2983
f 2809 2803 2984
f 2985 2809 2984
f 2812 2809 2985
f 2986 2812 2985
f 2815 2812 2986
f 2987 2815 2986
f 2827 2815 2987
f 2988 2827 2987
f 2828 2827 2988
f 2989 2828 2988
f 2831 2828 2989
f 2990 2831 2989
f 2849 2831 2990
f 2991 2849 2990
f 2847 2849 2991
f 2992 2847 2991
f 2848 2847 2992
f 2993 2848 2992
f 2993 2853 2848
f 2854 2853 2993
f 2994 2854 2993
f 2866 2854 2994
f 2995 2866 2994
f 2760 2866 2995
f 2996 2760 2995
f 2758 2760 2996
f 2997 2758 2996
f 2867 2758 2997
f 2998 2867 2997
f 2869 2867 2998
f 2999 2869 2998
f 2872 2869 2999
f 3000 2872 2999
f 2888 2872 3000
f 2962 2888 3000
f 2906 2888 2962
f 2899 2906 2962
f 3001 3002 3003
f 3004 3005 3006
f 3007 3008 3009
f 3010 3011 3012
f 3013 2998 3014
f 2999 2998 3013
f 3015 2999 3013
f 3016 2985 3017
f 2986 2985 3016
f 3018 2986 3016
f 3019 2982 2981
f 3020 3005 3004
f 3021 3022 3023
f 3024 3025 3026
f 3027 2969 2968
f 3028 2966 3029
f 2967 2966 3028
f 3030 2995 2994
f 3031 2990 3032
f 2991 2990 3031
f 3033 2991 3031
f 2992 2991 3033
f 3034 2992 3033
f 2993 2992 3034
f 3035 2993 3034
f 2990 3036 3032
f 3037 3036 2990
f 2989 3037 2990
f 3038 3037 2989
f 2976 3039 3040
f 3041 3039 2976
f 3042 3041 2976
f 3043 3044 2972
f 3045 3046 3047
f 3048 3049 3050
f 3051 3049 3048
f 3052 3053 3054
f 3055 3053 3052
f 3056 3055 3052
f 3049 3055 3056
f 3057 3049 3056
f 3050 3049 3057
f 3009 3058 3007
f 3059 3058 3009
f 3025 3059 3009
f 3060 3059 3025
f 3024 3060 3025
f 2968 3012 3027
f 3010 3012 2968
f 2967 3010 2968
f 3061 3010 2967
f 3028 3061 2967
f 2966 3062 3029
f 3063 3062 2966
f 2965 3063 2966
f 3064 3063 2965
f 2964 3064 2965
f 3065 3064 2964
f 2963 3065 2964
f 3066 3065 2963
f 3067 2961 3068
f 2963 2961 3067
f 3069 2963 3067
f 3066 2963 3069
f 2994 3070 3030
f 3071 3070 2994
f 2993 3071 2994
f 3072 3071 2993
f 3035 3072 2993
f 3073 2980 3074
f 2981 2980 3073
f 3075 2981 3073
f 3019 2981 3075
f 3076 3077 3078
f 3079 3080 3081
f 3082 3080 3079
f 3082 3083 3080
f 3084 3083 3082
f 3085 3084 3082
f 3086 3084 3085
f 2971 3043 2972
f 3047 3023 3045
f 3021 3023 3047
f 3087 3021 3047
f 3088 3021 3087
f 3089 3088 3087
f 3090 3088 3089
f 3091 3092 3093
f 3094 3092 3091
f 3095 3094 3091
f 3053 3094 3095
f 3096 3053 3095
f 3054 3053 3096
f 3092 3097 3093
f 3098 3097 3092
f 3008 3098 3092
f 3099 3098 3008
f 3007 3099 3008
f 3100 3019 3101
f 2982 3019 3100
f 3102 2982 3100
f 2983 2982 3102
f 3103 2983 3102
f 2984 2983 3103
f 3104 2984 3103
f 2985 2984 3104
f 3105 2985 3104
f 3017 2985 3105
f 3106 2976 3040
f 2977 2976 3106
f 3107 2977 3106
f 3026 3003 3024
f 3001 3003 3026
f 3108 3001 3026
f 3109 3001 3108
f 3110 3109 3108
f 3111 3112 3113
f 3114 3112 3111
f 3115 3114 3111
f 3116 3114 3115
f 3020 3117 3005
f 3118 3117 3020
f 3119 3118 3020
f 3120 3118 3119
f 3079 3120 3119
f 3121 3120 3079
f 3081 3121 3079
f 3122 3123 3124
f 3125 3123 3122
f 3126 3125 3122
f 3127 3125 3126
f 3046 3127 3126
f 3128 3127 3046
f 3045 3128 3046
f 3129 3128 3045
f 3130 3129 3045
f 3129 2972 3044
f 2973 2972 3129
f 3130 2973 3129
f 2974 2973 3130
f 3042 2974 3130
f 2975 2974 3042
f 2976 2975 3042
f 2971 3131 3043
f 3132 3131 2971
f 2970 3132 2971
f 3133 3132 2970
f 2969 3133 2970
f 3134 3133 2969
f 3027 3134 2969
f 3135 3134 3027
f 3136 3135 3027
f 3137 3048 3138
f 3051 3048 3137
f 3139 3051 3137
f 3140 3051 3139
f 3141 3140 3139
f 3089 3140 3141
f 3142 3089 3141
f 3090 3089 3142
f 3143 3030 3144
f 2995 3030 3143
f 3145 2995 3143
f 2996 2995 3145
f 3146 2996 3145
f 2997 2996 3146
f 3147 2997 3146
f 2998 2997 3147
f 3148 2998 3147
f 3014 2998 3148
f 2980 3149 3074
f 3150 3149 2980
f 2979 3150 2980
f 3151 3150 2979
f 2978 3151 2979
f 3152 3151 2978
f 2977 3152 2978
f 3153 3152 2977
f 3107 3153 2977
f 3085 3154 3086
f 3155 3154 3085
f 3156 3155 3085
f 3136 3155 3156
f 3124 3136 3156
f 3135 3136 3124
f 3123 3135 3124
f 3110 3078 3109
f 3076 3078 3110
f 3157 3076 3110
f 3158 3076 3157
f 3159 3158 3157
f 3160 3158 3159
f 3161 3006 3162
f 3004 3006 3161
f 3163 3004 3161
f 3164 3004 3163
f 3165 3164 3163
f 3115 3164 3165
f 3166 3115 3165
f 3116 3115 3166
f 3167 3015 3168
f 2999 3015 3167
f 3169 2999 3167
f 3000 2999 3169
f 3170 3000 3169
f 2962 3000 3170
f 3171 2962 3170
f 2961 2962 3171
f 3172 2961 3171
f 3068 2961 3172
f 3173 3018 3174
f 2986 3018 3173
f 3175 2986 3173
f 2987 2986 3175
f 3176 2987 3175
f 2988 2987 3176
f 3177 2988 3176
f 2989 2988 3177
f 3178 2989 3177
f 3038 2989 3178
f 3179 3112 3180
f 3113 3112 3179
f 3181 3113 3179
f 3182 3113 3181
f 3183 3182 3181
f 3159 3182 3183
f 3184 3159 3183
f 3160 3159 3184
f 3185 3186 3187
f 3188 3186 3185
f 3188 3189 3186
f 3190 3189 3188
f 3191 3192 3193
f 3194 3195 3196
f 3197 3198 3199
f 3200 3198 3197
f 3201 3200 3197
f 3202 3203 3204
f 3197 3205 3201
f 3206 3205 3197
f 3207 3206 3197
f 3208 3209 3210
f 3193 3211 3191
f 3212 3211 3193
f 3209 3212 3193
f 3213 3212 3209
f 3208 3213 3209
f 3194 3214 3195
f 3215 3214 3194
f 3216 3215 3194
f 3216 3217 3215
f 3218 3217 3216
f 3204 3218 3216
f 3210 3219 3208
f 3220 3219 3210
f 3221 3220 3210
f 3222 3220 3221
f 3223 3222 3221
f 3198 3222 3223
f 3224 3198 3223
f 3199 3198 3224
f 3194 3225 3226
f 3203 3227 3228
f 3229 3227 3203
f 3202 3229 3203
f 3197 3230 3207
f 3231 3230 3197
f 3228 3231 3197
f 3232 3231 3228
f 3227 3232 3228
f 3204 3233 3218
f 3234 3233 3204
f 3197 3234 3204
f 3235 3234 3197
f 3199 3235 3197
f 3194 3236 3225
f 3237 3236 3194
f 3238 3237 3194
f 3191 3196 3192
f 3194 3196 3191
f 3239 3194 3191
f 3238 3194 3239
f 3204 3240 3202
f 3241 3240 3204
f 3216 3241 3204
f 3242 3241 3216
f 3216 3243 3242
f 3189 3243 3216
f 3244 3189 3216
f 3186 3189 3244
f 3245 3186 3244
f 3187 3186 3245
f 3194 3187 3245
f 3246 3187 3194
f 3226 3246 3194
f 3247 3187 3246
f 3185 3187 3247
f 3248 3249 3250
f 3190 3188 3185
f 3251 3252 3253
f 3254 3255 3256
f 3257 3258 3251
f 3251 3259 3257
f 3260 3259 3251
f 3261 3260 3251
f 3190 3262 3263
f 3247 3262 3190
f 3185 3247 3190
f 3264 3265 3266
f 3267 3265 3264
f 3256 3267 3264
f 3268 3267 3256
f 3255 3268 3256
f 3269 3264 3266
f 3270 3264 3269
f 3271 3270 3269
f 3251 3272 3261
f 3273 3272 3251
f 3270 3273 3251
f 3274 3273 3270
f 3271 3274 3270
f 3251 3275 3252
f 3276 3275 3251
f 3258 3276 3251
f 3277 3256 3278
f 3279 3256 3277
f 3248 3190 3263
f 3280 3190 3248
f 3281 3280 3248
f 3256 3282 3278
f 3283 3282 3256
f 3251 3283 3256
f 3284 3283 3251
f 3253 3284 3251
f 3248 3285 3286
f 3279 3285 3248
f 3287 3279 3248
f 3256 3279 3287
f 3262 3256 3287
f 3254 3256 3262
f 3247 3254 3262
f 3248 3288 3281
f 3289 3288 3248
f 3290 3289 3248
f 3248 3291 3290
f 3292 3291 3248
f 3250 3292 3248
f 3275 3293 3252
f 3294 3293 3275
f 3295 3294 3275
f 3296 3294 3295
f 3297 3296 3295
f 3298 3296 3297
f 3299 3298 3297
f 3249 3298 3299
f 3249 3300 3298
f 3301 3300 3249
f 3248 3301 3249
f 3302 3301 3248
f 3286 3302 3248
f 3303 3304 3305
f 3306 3307 3308
f 3309 3307 3306
f 3310 3311 3312
f 3313 3311 3310
f 3308 3314 3315
f 3316 3314 3308
f 3307 3316 3308
f 3315 3317 3308
f 3318 3317 3315
f 3319 3318 3315
f 3320 3318 3319
f 3321 3318 3320
f 3322 3321 3320
f 3323 3321 3322
f 3324 3321 3323
f 3325 3324 3323
f 3326 3327 3328
f 3329 3327 3326
f 3330 3329 3326
f 3331 3329 3330
f 3331 3332 3333
f 3334 3332 3331
f 3330 3334 3331
f 3333 3335 3331
f 3336 3335 3333
f 3337 3336 3333
f 3338 3336 3337
f 3303 3336 3338
f 3339 3303 3338
f 3340 3303 3339
f 3304 3303 3340
f 3341 3304 3340
f 3312 3306 3305
f 3309 3306 3312
f 3311 3309 3312
f 3306 3303 3305
f 3336 3303 3306
f 3308 3336 3306
f 3335 3336 3308
f 3317 3335 3308
f 3331 3335 3317
f 3318 3331 3317
f 3329 3331 3318
f 3321 3329 3318
f 3327 3329 3321
f 3324 3327 3321
f 3342 3343 3344
f 3345 3342 3344
f 3342 3345 3346
f 3342 3346 3347
f 3342 3347 3348
f 3342 3348 3349
f 3342 3349 3350
f 3342 3350 3351
f 3342 3351 3352
f 3342 3352 3353
f 3342 3353 3354
f 3342 3354 3355
f 3342 3355 3356
f 3342 3356 3357
f 3342 3357 3358
f 3342 3358 3359
f 3342 3359 3360
f 3342 3360 3361
f 3342 3361 3362
f 3342 3362 3363
f 3342 3363 3364
f 3342 3364 3343
f 3365 3366 3367
f 3368 3369 3370
f 3371 3372 3373
f 3373 3372 3374
f 3373 3374 3375
f 3376 3377 3373
f 3373 3377 3378
f 3373 3378 3379
f 3380 3381 3373
f 3382 3383 3373
f 3373 3383 3384
f 3373 3384 3380
f 3385 3386 3373
f 3373 3386 3387
f 3373 3387 3388
f 3389 3390 3391
f 3392 3366 3365
f 3393 3394 3395
f 3396 3370 3369
f 3397 3398 3399
f 3400 3401 3402
f 3403 3401 3404
f 3405 3401 3400
f 3406 3407 3408
f 3409 3407 3406
f 3410 3411 3412
f 3413 3411 3410
f 3414 3415 3416
f 3417 3418 3419
f 3420 3419 3421
f 3417 3419 3420
f 3422 3417 3420
f 3423 3417 3422
f 3424 3423 3422
f 3416 3423 3424
f 3370 3425 3426
f 3427 3425 3370
f 3396 3427 3370
f 3428 3429 3430
f 3431 3394 3432
f 3433 3394 3393
f 3434 3435 3436
f 3437 3434 3436
f 3438 3434 3437
f 3439 3438 3437
f 3440 3441 3442
f 3443 3441 3440
f 3444 3445 3446
f 3442 3445 3444
f 3447 3448 3449
f 3450 3451 3452
f 3453 3451 3450
f 3454 3455 3456
f 3452 3455 3454
f 3457 3458 3459
f 3460 3458 3457
f 3461 3457 3462
f 3460 3457 3461
f 3456 3460 3461
f 3463 3460 3456
f 3455 3463 3456
f 3464 3465 3466
f 3387 3462 3388
f 3461 3462 3387
f 3386 3461 3387
f 3456 3461 3386
f 3385 3456 3386
f 3454 3456 3385
f 3380 3414 3381
f 3467 3414 3380
f 3384 3467 3380
f 3468 3467 3384
f 3383 3468 3384
f 3469 3468 3383
f 3382 3469 3383
f 3470 3469 3382
f 3378 3421 3379
f 3420 3421 3378
f 3377 3420 3378
f 3422 3420 3377
f 3376 3422 3377
f 3424 3422 3376
f 3374 3450 3375
f 3453 3450 3374
f 3372 3453 3374
f 3471 3453 3372
f 3371 3471 3372
f 3472 3471 3371
f 3473 3472 3371
f 3474 3472 3473
f 3389 3459 3390
f 3457 3459 3389
f 3475 3457 3389
f 3462 3457 3475
f 3476 3462 3475
f 3388 3462 3476
f 3477 3388 3476
f 3373 3388 3477
f 3414 3412 3415
f 3410 3412 3414
f 3467 3410 3414
f 3478 3410 3467
f 3468 3478 3467
f 3479 3478 3468
f 3469 3479 3468
f 3480 3479 3469
f 3470 3480 3469
f 3481 3480 3470
f 3369 3482 3396
f 3418 3482 3369
f 3368 3418 3369
f 3419 3418 3368
f 3483 3419 3368
f 3421 3419 3483
f 3484 3421 3483
f 3379 3421 3484
f 3485 3379 3484
f 3373 3379 3485
f 3424 3414 3416
f 3381 3414 3424
f 3376 3381 3424
f 3373 3381 3376
f 3486 3474 3487
f 3472 3474 3486
f 3488 3472 3486
f 3471 3472 3488
f 3489 3471 3488
f 3453 3471 3489
f 3490 3453 3489
f 3451 3453 3490
f 3491 3451 3490
f 3477 3492 3373
f 3493 3492 3477
f 3476 3493 3477
f 3494 3493 3476
f 3475 3494 3476
f 3495 3494 3475
f 3389 3495 3475
f 3496 3495 3389
f 3391 3496 3389
f 3497 3496 3391
f 3498 3497 3391
f 3454 3450 3452
f 3375 3450 3454
f 3385 3375 3454
f 3373 3375 3385
f 3413 3499 3500
f 3501 3499 3413
f 3410 3501 3413
f 3502 3501 3410
f 3478 3502 3410
f 3503 3502 3478
f 3479 3503 3478
f 3504 3503 3479
f 3480 3504 3479
f 3505 3504 3480
f 3481 3505 3480
f 3506 3505 3481
f 3507 3487 3508
f 3486 3487 3507
f 3509 3486 3507
f 3488 3486 3509
f 3510 3488 3509
f 3489 3488 3510
f 3511 3489 3510
f 3490 3489 3511
f 3449 3490 3511
f 3491 3490 3449
f 3448 3491 3449
f 3512 3506 3513
f 3505 3506 3512
f 3514 3505 3512
f 3504 3505 3514
f 3515 3504 3514
f 3503 3504 3515
f 3516 3503 3515
f 3502 3503 3516
f 3517 3502 3516
f 3501 3502 3517
f 3518 3501 3517
f 3499 3501 3518
f 3397 3499 3518
f 3500 3499 3397
f 3399 3500 3397
f 3428 3426 3429
f 3370 3426 3428
f 3519 3370 3428
f 3368 3370 3519
f 3520 3368 3519
f 3483 3368 3520
f 3521 3483 3520
f 3484 3483 3521
f 3522 3484 3521
f 3485 3484 3522
f 3523 3485 3522
f 3373 3485 3523
f 3524 3508 3525
f 3507 3508 3524
f 3526 3507 3524
f 3509 3507 3526
f 3527 3509 3526
f 3510 3509 3527
f 3528 3510 3527
f 3511 3510 3528
f 3529 3511 3528
f 3449 3511 3529
f 3367 3449 3529
f 3447 3449 3367
f 3366 3447 3367
f 3530 3447 3366
f 3392 3530 3366
f 3531 3513 3532
f 3512 3513 3531
f 3533 3512 3531
f 3514 3512 3533
f 3534 3514 3533
f 3515 3514 3534
f 3535 3515 3534
f 3516 3515 3535
f 3536 3516 3535
f 3517 3516 3536
f 3537 3517 3536
f 3518 3517 3537
f 3538 3518 3537
f 3397 3518 3538
f 3406 3397 3538
f 3398 3397 3406
f 3408 3398 3406
f 3539 3525 3540
f 3524 3525 3539
f 3541 3524 3539
f 3526 3524 3541
f 3542 3526 3541
f 3527 3526 3542
f 3543 3527 3542
f 3528 3527 3543
f 3544 3528 3543
f 3529 3528 3544
f 3545 3529 3544
f 3367 3529 3545
f 3546 3367 3545
f 3365 3367 3546
f 3446 3365 3546
f 3392 3365 3446
f 3464 3547 3548
f 3532 3547 3464
f 3466 3532 3464
f 3531 3532 3466
f 3549 3531 3466
f 3533 3531 3549
f 3550 3533 3549
f 3534 3533 3550
f 3551 3534 3550
f 3535 3534 3551
f 3552 3535 3551
f 3536 3535 3552
f 3553 3536 3552
f 3537 3536 3553
f 3554 3537 3553
f 3538 3537 3554
f 3405 3538 3554
f 3406 3538 3405
f 3400 3406 3405
f 3409 3406 3400
f 3402 3409 3400
f 3546 3444 3446
f 3555 3444 3546
f 3545 3555 3546
f 3556 3555 3545
f 3544 3556 3545
f 3557 3556 3544
f 3543 3557 3544
f 3558 3557 3543
f 3542 3558 3543
f 3559 3558 3542
f 3541 3559 3542
f 3560 3559 3541
f 3539 3560 3541
f 3561 3560 3539
f 3540 3561 3539
f 3405 3404 3401
f 3562 3404 3405
f 3554 3562 3405
f 3563 3562 3554
f 3553 3563 3554
f 3564 3563 3553
f 3552 3564 3553
f 3565 3564 3552
f 3551 3565 3552
f 3566 3565 3551
f 3550 3566 3551
f 3567 3566 3550
f 3549 3567 3550
f 3568 3567 3549
f 3466 3568 3549
f 3569 3568 3466
f 3465 3569 3466
f 3444 3440 3442
f 3570 3440 3444
f 3555 3570 3444
f 3571 3570 3555
f 3556 3571 3555
f 3572 3571 3556
f 3557 3572 3556
f 3573 3572 3557
f 3558 3573 3557
f 3574 3573 3558
f 3559 3574 3558
f 3575 3574 3559
f 3560 3575 3559
f 3576 3575 3560
f 3561 3576 3560
f 3371 3373 3473
f 3577 3393 3395
f 3578 3393 3577
f 3579 3578 3577
f 3580 3578 3579
f 3403 3580 3579
f 3581 3580 3403
f 3404 3581 3403
f 3582 3581 3404
f 3562 3582 3404
f 3583 3582 3562
f 3563 3583 3562
f 3584 3583 3563
f 3564 3584 3563
f 3585 3584 3564
f 3565 3585 3564
f 3586 3585 3565
f 3566 3586 3565
f 3587 3586 3566
f 3567 3587 3566
f 3435 3587 3567
f 3568 3435 3567
f 3436 3435 3568
f 3569 3436 3568
f 3547 3498 3548
f 3497 3498 3547
f 3532 3497 3547
f 3496 3497 3532
f 3513 3496 3532
f 3495 3496 3513
f 3506 3495 3513
f 3494 3495 3506
f 3481 3494 3506
f 3493 3494 3481
f 3470 3493 3481
f 3492 3493 3470
f 3382 3492 3470
f 3373 3492 3382
f 3588 3438 3439
f 3589 3438 3588
f 3443 3589 3588
f 3590 3589 3443
f 3440 3590 3443
f 3591 3590 3440
f 3570 3591 3440
f 3592 3591 3570
f 3571 3592 3570
f 3593 3592 3571
f 3572 3593 3571
f 3594 3593 3572
f 3573 3594 3572
f 3595 3594 3573
f 3574 3595 3573
f 3596 3595 3574
f 3575 3596 3574
f 3433 3596 3575
f 3576 3433 3575
f 3394 3433 3576
f 3561 3394 3576
f 3432 3394 3561
f 3540 3432 3561
f 3432 3430 3431
f 3428 3430 3432
f 3540 3428 3432
f 3519 3428 3540
f 3525 3519 3540
f 3520 3519 3525
f 3508 3520 3525
f 3521 3520 3508
f 3487 3521 3508
f 3522 3521 3487
f 3474 3522 3487
f 3523 3522 3474
f 3473 3523 3474
f 3373 3523 3473
f 3589 3343 3438
f 3344 3343 3589
f 3590 3344 3589
f 3345 3344 3590
f 3591 3345 3590
f 3346 3345 3591
f 3592 3346 3591
f 3347 3346 3592
f 3593 3347 3592
f 3348 3347 3593
f 3594 3348 3593
f 3349 3348 3594
f 3595 3349 3594
f 3350 3349 3595
f 3596 3350 3595
f 3351 3350 3596
f 3433 3351 3596
f 3352 3351 3433
f 3393 3352 3433
f 3353 3352 3393
f 3578 3353 3393
f 3354 3353 3578
f 3580 3354 3578
f 3355 3354 3580
f 3581 3355 3580
f 3356 3355 3581
f 3582 3356 3581
f 3357 3356 3582
f 3583 3357 3582
f 3358 3357 3583
f 3584 3358 3583
f 3359 3358 3584
f 3585 3359 3584
f 3360 3359 3585
f 3586 3360 3585
f 3361 3360 3586
f 3587 3361 3586
f 3362 3361 3587
f 3435 3362 3587
f 3363 3362 3435
f 3434 3363 3435
f 3364 3363 3434
f 3438 3364 3434
f 3343 3364 3438
f 3597 3598 3599
f 3600 3601 3602
f 3603 3602 3604
f 3569 3604 3436
f 3605 3604 3569
f 3465 3605 3569
f 3606 3605 3465
f 3464 3606 3465
f 3548 3606 3464
f 3607 3606 3548
f 3498 3607 3548
f 3608 3607 3498
f 3391 3608 3498
f 3390 3608 3391
f 3609 3608 3390
f 3459 3609 3390
f 3610 3611 3609
f 3458 3609 3459
f 3610 3609 3458
f 3460 3610 3458
f 3612 3613 3614
f 3615 3613 3612
f 3616 3615 3612
f 3617 3615 3616
f 3618 3617 3616
f 3619 3617 3618
f 3620 3617 3619
f 3621 3620 3619
f 3622 3620 3621
f 3623 3622 3621
f 3624 3622 3623
f 3600 3622 3624
f 3625 3600 3624
f 3626 3600 3625
f 3601 3600 3626
f 3627 3601 3626
f 3605 3603 3604
f 3628 3603 3605
f 3606 3628 3605
f 3629 3628 3606
f 3607 3629 3606
f 3630 3629 3607
f 3608 3630 3607
f 3597 3630 3608
f 3609 3597 3608
f 3598 3597 3609
f 3611 3598 3609
f 3603 3600 3602
f 3622 3600 3603
f 3628 3622 3603
f 3620 3622 3628
f 3629 3620 3628
f 3617 3620 3629
f 3630 3617 3629
f 3615 3617 3630
f 3597 3615 3630
f 3613 3615 3597
f 3599 3613 3597
f 3631 3632 3633
f 3634 3631 3633
f 3631 3634 3635
f 3631 3635 3636
f 3631 3636 3637
f 3631 3637 3638
f 3631 3638 3639
f 3631 3639 3640
f 3631 3640 3641
f 3631 3641 3642
f 3631 3642 3643
f 3631 3643 3644
f 3631 3644 3645
f 3631 3645 3646
f 3631 3646 3647
f 3631 3647 3648
f 3631 3648 3649
f 3631 3649 3650
f 3631 3650 3651
f 3631 3651 3652
f 3631 3652 3653
f 3631 3653 3632
f 3654 3655 3656
f 3657 3658 3659
f 3660 3661 3662
f 3663 3664 3665
f 3665 3664 3666
f 3665 3666 3667
f 3668 3669 3665
f 3665 3669 3670
f 3665 3670 3671
f 3672 3673 3665
f 3674 3675 3665
f 3665 3675 3676
f 3665 3676 3672
f 3677 3678 3665
f 3679 3680 3665
f 3665 3680 3681
f 3665 3681 3677
f 3621 3655 3654
f 3682 3683 3684
f 3685 3659 3658
f 3686 3314 3316
f 3687 3323 3322
f 3325 3323 3688
f 3689 3323 3687
f 3690 3319 3315
f 3320 3319 3690
f 3691 3311 3313
f 3309 3311 3691
f 3692 3693 3694
f 3695 3696 3697
f 3698 3697 3699
f 3695 3697 3698
f 3700 3695 3698
f 3701 3695 3700
f 3702 3701 3700
f 3694 3701 3702
f 3659 3703 3704
f 3705 3703 3659
f 3685 3705 3659
f 3706 3707 3708
f 3709 3683 3710
f 3711 3683 3682
f 3712 3713 3714
f 3715 3712 3714
f 3716 3712 3715
f 3717 3716 3715
f 3718 3626 3625
f 3627 3626 3718
f 3719 3624 3623
f 3625 3624 3719
f 3618 3616 3720
f 3721 3614 3722
f 3723 3614 3721
f 3662 3724 3725
f 3726 3724 3662
f 3661 3726 3662
f 3727 3726 3661
f 3728 3727 3661
f 3729 3730 3731
f 3677 3732 3678
f 3733 3732 3677
f 3681 3733 3677
f 3734 3733 3681
f 3680 3734 3681
f 3735 3734 3680
f 3679 3735 3680
f 3736 3735 3679
f 3672 3692 3673
f 3737 3692 3672
f 3676 3737 3672
f 3738 3737 3676
f 3675 3738 3676
f 3739 3738 3675
f 3674 3739 3675
f 3740 3739 3674
f 3670 3699 3671
f 3698 3699 3670
f 3669 3698 3670
f 3700 3698 3669
f 3668 3700 3669
f 3702 3700 3668
f 3666 3721 3667
f 3723 3721 3666
f 3664 3723 3666
f 3741 3723 3664
f 3663 3741 3664
f 3742 3741 3663
f 3743 3742 3663
f 3744 3742 3743
f 3733 3660 3732
f 3661 3660 3733
f 3734 3661 3733
f 3728 3661 3734
f 3735 3728 3734
f 3745 3728 3735
f 3736 3745 3735
f 3722 3745 3736
f 3692 3313 3693
f 3691 3313 3692
f 3737 3691 3692
f 3746 3691 3737
f 3738 3746 3737
f 3747 3746 3738
f 3739 3747 3738
f 3748 3747 3739
f 3740 3748 3739
f 3749 3748 3740
f 3658 3750 3685
f 3696 3750 3658
f 3657 3696 3658
f 3697 3696 3657
f 3751 3697 3657
f 3699 3697 3751
f 3752 3699 3751
f 3671 3699 3752
f 3753 3671 3752
f 3665 3671 3753
f 3702 3692 3694
f 3673 3692 3702
f 3668 3673 3702
f 3665 3673 3668
f 3754 3744 3755
f 3742 3744 3754
f 3756 3742 3754
f 3741 3742 3756
f 3757 3741 3756
f 3723 3741 3757
f 3758 3723 3757
f 3614 3723 3758
f 3612 3614 3758
f 3678 3759 3665
f 3760 3759 3678
f 3732 3760 3678
f 3761 3760 3732
f 3660 3761 3732
f 3762 3761 3660
f 3662 3762 3660
f 3763 3762 3662
f 3725 3763 3662
f 3764 3763 3725
f 3765 3764 3725
f 3736 3721 3722
f 3667 3721 3736
f 3679 3667 3736
f 3665 3667 3679
f 3309 3766 3307
f 3767 3766 3309
f 3691 3767 3309
f 3768 3767 3691
f 3746 3768 3691
f 3769 3768 3746
f 3747 3769 3746
f 3770 3769 3747
f 3748 3770 3747
f 3771 3770 3748
f 3749 3771 3748
f 3772 3771 3749
f 3773 3755 3774
f 3754 3755 3773
f 3775 3754 3773
f 3756 3754 3775
f 3776 3756 3775
f 3757 3756 3776
f 3777 3757 3776
f 3758 3757 3777
f 3720 3758 3777
f 3612 3758 3720
f 3616 3612 3720
f 3778 3772 3779
f 3771 3772 3778
f 3780 3771 3778
f 3770 3771 3780
f 3781 3770 3780
f 3769 3770 3781
f 3782 3769 3781
f 3768 3769 3782
f 3783 3768 3782
f 3767 3768 3783
f 3784 3767 3783
f 3766 3767 3784
f 3686 3766 3784
f 3307 3766 3686
f 3316 3307 3686
f 3706 3704 3707
f 3659 3704 3706
f 3785 3659 3706
f 3657 3659 3785
f 3786 3657 3785
f 3751 3657 3786
f 3787 3751 3786
f 3752 3751 3787
f 3788 3752 3787
f 3753 3752 3788
f 3789 3753 3788
f 3665 3753 3789
f 3790 3774 3791
f 3773 3774 3790
f 3792 3773 3790
f 3775 3773 3792
f 3793 3775 3792
f 3776 3775 3793
f 3794 3776 3793
f 3777 3776 3794
f 3795 3777 3794
f 3720 3777 3795
f 3656 3720 3795
f 3618 3720 3656
f 3655 3618 3656
f 3619 3618 3655
f 3621 3619 3655
f 3796 3779 3797
f 3778 3779 3796
f 3798 3778 3796
f 3780 3778 3798
f 3799 3780 3798
f 3781 3780 3799
f 3800 3781 3799
f 3782 3781 3800
f 3801 3782 3800
f 3783 3782 3801
f 3802 3783 3801
f 3784 3783 3802
f 3803 3784 3802
f 3686 3784 3803
f 3690 3686 3803
f 3314 3686 3690
f 3315 3314 3690
f 3804 3791 3805
f 3790 3791 3804
f 3806 3790 3804
f 3792 3790 3806
f 3807 3792 3806
f 3793 3792 3807
f 3808 3793 3807
f 3794 3793 3808
f 3809 3794 3808
f 3795 3794 3809
f 3810 3795 3809
f 3656 3795 3810
f 3811 3656 3810
f 3654 3656 3811
f 3623 3654 3811
f 3621 3654 3623
f 3729 3812 3813
f 3797 3812 3729
f 3731 3797 3729
f 3796 3797 3731
f 3814 3796 3731
f 3798 3796 3814
f 3815 3798 3814
f 3799 3798 3815
f 3816 3799 3815
f 3800 3799 3816
f 3817 3800 3816
f 3801 3800 3817
f 3818 3801 3817
f 3802 3801 3818
f 3819 3802 3818
f 3803 3802 3819
f 3689 3803 3819
f 3690 3803 3689
f 3687 3690 3689
f 3320 3690 3687
f 3322 3320 3687
f 3811 3719 3623
f 3820 3719 3811
f 3810 3820 3811
f 3821 3820 3810
f 3809 3821 3810
f 3822 3821 3809
f 3808 3822 3809
f 3823 3822 3808
f 3807 3823 3808
f 3824 3823 3807
f 3806 3824 3807
f 3825 3824 3806
f 3804 3825 3806
f 3826 3825 3804
f 3805 3826 3804
f 3689 3688 3323
f 3827 3688 3689
f 3819 3827 3689
f 3828 3827 3819
f 3818 3828 3819
f 3829 3828 3818
f 3817 3829 3818
f 3830 3829 3817
f 3816 3830 3817
f 3831 3830 3816
f 3815 3831 3816
f 3832 3831 3815
f 3814 3832 3815
f 3833 3832 3814
f 3731 3833 3814
f 3834 3833 3731
f 3730 3834 3731
f 3719 3718 3625
f 3835 3718 3719
f 3820 3835 3719
f 3836 3835 3820
f 3821 3836 3820
f 3837 3836 3821
f 3822 3837 3821
f 3838 3837 3822
f 3823 3838 3822
f 3839 3838 3823
f 3824 3839 3823
f 3840 3839 3824
f 3825 3840 3824
f 3841 3840 3825
f 3826 3841 3825
f 3663 3665 3743
f 3842 3682 3684
f 3843 3682 3842
f 3844 3843 3842
f 3845 3843 3844
f 3325 3845 3844
f 3846 3845 3325
f 3688 3846 3325
f 3847 3846 3688
f 3827 3847 3688
f 3848 3847 3827
f 3828 3848 3827
f 3849 3848 3828
f 3829 3849 3828
f 3850 3849 3829
f 3830 3850 3829
f 3851 3850 3830
f 3831 3851 3830
f 3852 3851 3831
f 3832 3852 3831
f 3713 3852 3832
f 3833 3713 3832
f 3714 3713 3833
f 3834 3714 3833
f 3812 3765 3813
f 3764 3765 3812
f 3797 3764 3812
f 3763 3764 3797
f 3779 3763 3797
f 3762 3763 3779
f 3772 3762 3779
f 3761 3762 3772
f 3749 3761 3772
f 3760 3761 3749
f 3740 3760 3749
f 3759 3760 3740
f 3674 3759 3740
f 3665 3759 3674
f 3853 3716 3717
f 3854 3716 3853
f 3627 3854 3853
f 3855 3854 3627
f 3718 3855 3627
f 3856 3855 3718
f 3835 3856 3718
f 3857 3856 3835
f 3836 3857 3835
f 3858 3857 3836
f 3837 3858 3836
f 3859 3858 3837
f 3838 3859 3837
f 3860 3859 3838
f 3839 3860 3838
f 3861 3860 3839
f 3840 3861 3839
f 3711 3861 3840
f 3841 3711 3840
f 3683 3711 3841
f 3826 3683 3841
f 3710 3683 3826
f 3805 3710 3826
f 3710 3708 3709
f 3706 3708 3710
f 3805 3706 3710
f 3785 3706 3805
f 3791 3785 3805
f 3786 3785 3791
f 3774 3786 3791
f 3787 3786 3774
f 3755 3787 3774
f 3788 3787 3755
f 3744 3788 3755
f 3789 3788 3744
f 3743 3789 3744
f 3665 3789 3743
f 3854 3632 3716
f 3633 3632 3854
f 3855 3633 3854
f 3634 3633 3855
f 3856 3634 3855
f 3635 3634 3856
f 3857 3635 3856
f 3636 3635 3857
f 3858 3636 3857
f 3637 3636 3858
f 3859 3637 3858
f 3638 3637 3859
f 3860 3638 3859
f 3639 3638 3860
f 3861 3639 3860
f 3640 3639 3861
f 3711 3640 3861
f 3641 3640 3711
f 3682 3641 3711
f 3642 3641 3682
f 3843 3642 3682
f 3643 3642 3843
f 3845 3643 3843
f 3644 3643 3845
f 3846 3644 3845
f 3645 3644 3846
f 3847 3645 3846
f 3646 3645 3847
f 3848 3646 3847
f 3647 3646 3848
f 3849 3647 3848
f 3648 3647 3849
f 3850 3648 3849
f 3649 3648 3850
f 3851 3649 3850
f 3650 3649 3851
f 3852 3650 3851
f 3651 3650 3852
f 3713 3651 3852
f 3652 3651 3713
f 3712 3652 3713
f 3653 3652 3712
f 3716 3653 3712
f 3632 3653 3716
f 3862 3863 3864
f 3865 3864 3866
f 3834 3866 3714
f 3867 3866 3834
f 3730 3867 3834
f 3868 3867 3730
f 3729 3868 3730
f 3813 3868 3729
f 3869 3868 3813
f 3765 3869 3813
f 3870 3869 3765
f 3725 3870 3765
f 3724 3870 3725
f 3871 3870 3724
f 3726 3871 3724
f 3872 3873 3871
f 3727 3871 3726
f 3872 3871 3727
f 3728 3872 3727
f 3874 3875 3876
f 3877 3875 3874
f 3878 3877 3874
f 3879 3877 3878
f 3880 3877 3879
f 3881 3880 3879
f 3882 3880 3881
f 3883 3882 3881
f 3884 3882 3883
f 3862 3882 3884
f 3885 3862 3884
f 3886 3862 3885
f 3863 3862 3886
f 3887 3863 3886
f 3867 3865 3866
f 3888 3865 3867
f 3868 3888 3867
f 3889 3888 3868
f 3869 3889 3868
f 3890 3889 3869
f 3870 3890 3869
f 3891 3890 3870
f 3871 3891 3870
f 3892 3891 3871
f 3873 3892 3871
f 3893 3875 3894
f 3876 3875 3893
f 3895 3876 3893
f 3865 3862 3864
f 3882 3862 3865
f 3888 3882 3865
f 3880 3882 3888
f 3889 3880 3888
f 3877 3880 3889
f 3890 3877 3889
f 3875 3877 3890
f 3891 3875 3890
f 3894 3875 3891
f 3892 3894 3891
f 3896 3897 3898
f 3899 3896 3898
f 3896 3899 3900
f 3896 3900 3901
f 3896 3901 3902
f 3896 3902 3903
f 3896 3903 3904
f 3896 3904 3905
f 3896 3905 3906
f 3896 3906 3907
f 3896 3907 3908
f 3896 3908 3909
f 3896 3909 3910
f 3896 3910 3911
f 3896 3911 3912
f 3896 3912 3913
f 3896 3913 3914
f 3896 3914 3915
f 3896 3915 3916
f 3896 3916 3917
f 3896 3917 3918
f 3896 3918 3897
f 3919 3920 3921
f 3922 3923 3924
f 3925 3926 3927
f 3927 3926 3928
f 3927 3928 3929
f 3930 3931 3927
f 3927 3931 3932
f 3927 3932 3933
f 3934 3935 3927
f 3936 3937 3927
f 3927 3937 3938
f 3927 3938 3934
f 3939 3940 3927
f 3927 3940 3941
f 3927 3941 3942
f 3943 3944 3945
f 3881 3920 3919
f 3946 3328 3947
f 3338 3924 3923
f 3948 3949 3950
f 3951 3952 3953
f 3954 3952 3955
f 3956 3952 3951
f 3957 3958 3959
f 3960 3958 3957
f 3961 3962 3963
f 3964 3962 3961
f 3965 3966 3967
f 3341 3340 3968
f 3969 3968 3970
f 3341 3968 3969
f 3971 3341 3969
f 3972 3341 3971
f 3973 3972 3971
f 3967 3972 3973
f 3924 3333 3332
f 3337 3333 3924
f 3338 3337 3924
f 3974 3334 3330
f 3326 3328 3975
f 3976 3328 3946
f 3977 3978 3979
f 3980 3977 3979
f 3981 3977 3980
f 3982 3981 3980
f 3983 3886 3885
f 3887 3886 3983
f 3984 3884 3883
f 3885 3884 3984
f 3878 3874 3985
f 3986 3895 3987
f 3988 3895 3986
f 3989 3990 3991
f 3987 3990 3989
f 3992 3993 3994
f 3995 3993 3992
f 3996 3992 3997
f 3995 3992 3996
f 3991 3995 3996
f 3998 3995 3991
f 3990 3998 3991
f 3999 4000 4001
f 3941 3997 3942
f 3996 3997 3941
f 3940 3996 3941
f 3991 3996 3940
f 3939 3991 3940
f 3989 3991 3939
f 3934 3965 3935
f 4002 3965 3934
f 3938 4002 3934
f 4003 4002 3938
f 3937 4003 3938
f 4004 4003 3937
f 3936 4004 3937
f 4005 4004 3936
f 3932 3970 3933
f 3969 3970 3932
f 3931 3969 3932
f 3971 3969 3931
f 3930 3971 3931
f 3973 3971 3930
f 3928 3986 3929
f 3988 3986 3928
f 3926 3988 3928
f 4006 3988 3926
f 3925 4006 3926
f 4007 4006 3925
f 4008 4007 3925
f 4009 4007 4008
f 3943 3994 3944
f 3992 3994 3943
f 4010 3992 3943
f 3997 3992 4010
f 4011 3997 4010
f 3942 3997 4011
f 4012 3942 4011
f 3927 3942 4012
f 3965 3963 3966
f 3961 3963 3965
f 4002 3961 3965
f 4013 3961 4002
f 4003 4013 4002
f 4014 4013 4003
f 4004 4014 4003
f 4015 4014 4004
f 4005 4015 4004
f 4016 4015 4005
f 3923 3339 3338
f 3340 3339 3923
f 3922 3340 3923
f 3968 3340 3922
f 4017 3968 3922
f 3970 3968 4017
f 4018 3970 4017
f 3933 3970 4018
f 4019 3933 4018
f 3927 3933 4019
f 3973 3965 3967
f 3935 3965 3973
f 3930 3935 3973
f 3927 3935 3930
f 4020 4009 4021
f 4007 4009 4020
f 4022 4007 4020
f 4006 4007 4022
f 4023 4006 4022
f 3988 4006 4023
f 4024 3988 4023
f 3895 3988 4024
f 3876 3895 4024
f 4012 4025 3927
f 4026 4025 4012
f 4011 4026 4012
f 4027 4026 4011
f 4010 4027 4011
f 4028 4027 4010
f 3943 4028 4010
f 4029 4028 3943
f 3945 4029 3943
f 4030 4029 3945
f 4031 4030 3945
f 3989 3986 3987
f 3929 3986 3989
f 3939 3929 3989
f 3927 3929 3939
f 3964 4032 4033
f 4034 4032 3964
f 3961 4034 3964
f 4035 4034 3961
f 4013 4035 3961
f 4036 4035 4013
f 4014 4036 4013
f 4037 4036 4014
f 4015 4037 4014
f 4038 4037 4015
f 4016 4038 4015
f 4039 4038 4016
f 4040 4021 4041
f 4020 4021 4040
f 4042 4020 4040
f 4022 4020 4042
f 4043 4022 4042
f 4023 4022 4043
f 4044 4023 4043
f 4024 4023 4044
f 3985 4024 4044
f 3876 4024 3985
f 3874 3876 3985
f 4045 4039 4046
f 4038 4039 4045
f 4047 4038 4045
f 4037 4038 4047
f 4048 4037 4047
f 4036 4037 4048
f 4049 4036 4048
f 4035 4036 4049
f 4050 4035 4049
f 4034 4035 4050
f 4051 4034 4050
f 4032 4034 4051
f 3948 4032 4051
f 4033 4032 3948
f 3950 4033 3948
f 3974 3332 3334
f 3924 3332 3974
f 4052 3924 3974
f 3922 3924 4052
f 4053 3922 4052
f 4017 3922 4053
f 4054 4017 4053
f 4018 4017 4054
f 4055 4018 4054
f 4019 4018 4055
f 4056 4019 4055
f 3927 4019 4056
f 4057 4041 4058
f 4040 4041 4057
f 4059 4040 4057
f 4042 4040 4059
f 4060 4042 4059
f 4043 4042 4060
f 4061 4043 4060
f 4044 4043 4061
f 4062 4044 4061
f 3985 4044 4062
f 3921 3985 4062
f 3878 3985 3921
f 3920 3878 3921
f 3879 3878 3920
f 3881 3879 3920
f 4063 4046 4064
f 4045 4046 4063
f 4065 4045 4063
f 4047 4045 4065
f 4066 4047 4065
f 4048 4047 4066
f 4067 4048 4066
f 4049 4048 4067
f 4068 4049 4067
f 4050 4049 4068
f 4069 4050 4068
f 4051 4050 4069
f 4070 4051 4069
f 3948 4051 4070
f 3957 3948 4070
f 3949 3948 3957
f 3959 3949 3957
f 4071 4058 4072
f 4057 4058 4071
f 4073 4057 4071
f 4059 4057 4073
f 4074 4059 4073
f 4060 4059 4074
f 4075 4060 4074
f 4061 4060 4075
f 4076 4061 4075
f 4062 4061 4076
f 4077 4062 4076
f 3921 4062 4077
f 4078 3921 4077
f 3919 3921 4078
f 3883 3919 4078
f 3881 3919 3883
f 3999 4079 4080
f 4064 4079 3999
f 4001 4064 3999
f 4063 4064 4001
f 4081 4063 4001
f 4065 4063 4081
f 4082 4065 4081
f 4066 4065 4082
f 4083 4066 4082
f 4067 4066 4083
f 4084 4067 4083
f 4068 4067 4084
f 4085 4068 4084
f 4069 4068 4085
f 4086 4069 4085
f 4070 4069 4086
f 3956 4070 4086
f 3957 4070 3956
f 3951 3957 3956
f 3960 3957 3951
f 3953 3960 3951
f 4078 3984 3883
f 4087 3984 4078
f 4077 4087 4078
f 4088 4087 4077
f 4076 4088 4077
f 4089 4088 4076
f 4075 4089 4076
f 4090 4089 4075
f 4074 4090 4075
f 4091 4090 4074
f 4073 4091 4074
f 4092 4091 4073
f 4071 4092 4073
f 4093 4092 4071
f 4072 4093 4071
f 3956 3955 3952
f 4094 3955 3956
f 4086 4094 3956
f 4095 4094 4086
f 4085 4095 4086
f 4096 4095 4085
f 4084 4096 4085
f 4097 4096 4084
f 4083 4097 4084
f 4098 4097 4083
f 4082 4098 4083
f 4099 4098 4082
f 4081 4099 4082
f 4100 4099 4081
f 4001 4100 4081
f 4101 4100 4001
f 4000 4101 4001
f 3984 3983 3885
f 4102 3983 3984
f 4087 4102 3984
f 4103 4102 4087
f 4088 4103 4087
f 4104 4103 4088
f 4089 4104 4088
f 4105 4104 4089
f 4090 4105 4089
f 4106 4105 4090
f 4091 4106 4090
f 4107 4106 4091
f 4092 4107 4091
f 4108 4107 4092
f 4093 4108 4092
f 3925 3927 4008
f 4109 3946 3947
f 4110 3946 4109
f 4111 4110 4109
f 4112 4110 4111
f 3954 4112 4111
f 4113 4112 3954
f 3955 4113 3954
f 4114 4113 3955
f 4094 4114 3955
f 4115 4114 4094
f 4095 4115 4094
f 4116 4115 4095
f 4096 4116 4095
f 4117 4116 4096
f 4097 4117 4096
f 4118 4117 4097
f 4098 4118 4097
f 4119 4118 4098
f 4099 4119 4098
f 3978 4119 4099
f 4100 3978 4099
f 3979 3978 4100
f 4101 3979 4100
f 4079 4031 4080
f 4030 4031 4079
f 4064 4030 4079
f 4029 4030 4064
f 4046 4029 4064
f 4028 4029 4046
f 4039 4028 4046
f 4027 4028 4039
f 4016 4027 4039
f 4026 4027 4016
f 4005 4026 4016
f 4025 4026 4005
f 3936 4025 4005
f 3927 4025 3936
f 4120 3981 3982
f 4121 3981 4120
f 3887 4121 4120
f 4122 4121 3887
f 3983 4122 3887
f 4123 4122 3983
f 4102 4123 3983
f 4124 4123 4102
f 4103 4124 4102
f 4125 4124 4103
f 4104 4125 4103
f 4126 4125 4104
f 4105 4126 4104
f 4127 4126 4105
f 4106 4127 4105
f 4128 4127 4106
f 4107 4128 4106
f 3976 4128 4107
f 4108 3976 4107
f 3328 3976 4108
f 4093 3328 4108
f 3975 3328 4093
f 4072 3975 4093
f 3975 3330 3326
f 3974 3330 3975
f 4072 3974 3975
f 4052 3974 4072
f 4058 4052 4072
f 4053 4052 4058
f 4041 4053 4058
f 4054 4053 4041
f 4021 4054 4041
f 4055 4054 4021
f 4009 4055 4021
f 4056 4055 4009
f 4008 4056 4009
f 3927 4056 4008
f 4121 3897 3981
f 3898 3897 4121
f 4122 3898 4121
f 3899 3898 4122
f 4123 3899 4122
f 3900 3899 4123
f 4124 3900 4123
f 3901 3900 4124
f 4125 3901 4124
f 3902 3901 4125
f 4126 3902 4125
f 3903 3902 4126
f 4127 3903 4126
f 3904 3903 4127
f 4128 3904 4127
f 3905 3904 4128
f 3976 3905 4128
f 3906 3905 3976
f 3946 3906 3976
f 3907 3906 3946
f 4110 3907 3946
f 3908 3907 4110
f 4112 3908 4110
f 3909 3908 4112
f 4113 3909 4112
f 3910 3909 4113
f 4114 3910 4113
f 3911 3910 4114
f 4115 3911 4114
f 3912 3911 4115
f 4116 3912 4115
f 3913 3912 4116
f 4117 3913 4116
f 3914 3913 4117
f 4118 3914 4117
f 3915 3914 4118
f 4119 3915 4118
f 3916 3915 4119
f 3978 3916 4119
f 3917 3916 3978
f 3977 3917 3978
f 3918 3917 3977
f 3981 3918 3977
f 3897 3918 3981
f 4129 4130 4131
f 4132 4133 4134
f 4135 4136 4137
f 4138 4136 4135
f 4137 4139 4140
f 4141 4139 4137
f 4136 4141 4137
f 4140 4142 4137
f 4143 4142 4140
f 4144 4143 4140
f 4145 4143 4144
f 4146 4143 4145
f 4147 4146 4145
f 4148 4146 4147
f 4149 4146 4148
f 4150 4149 4148
f 4151 4152 4153
f 4154 4152 4151
f 4155 4154 4151
f 4156 4154 4155
f 4156 4157 4158
f 4159 4157 4156
f 4155 4159 4156
f 4158 4160 4156
f 4161 4160 4158
f 4162 4161 4158
f 4163 4161 4162
f 4129 4161 4163
f 4164 4129 4163
f 4165 4166 4167
f 4165 4129 4164
f 4130 4129 4165
f 4167 4130 4165
f 4132 4135 4131
f 4138 4135 4132
f 4134 4138 4132
f 4135 4129 4131
f 4161 4129 4135
f 4137 4161 4135
f 4160 4161 4137
f 4142 4160 4137
f 4156 4160 4142
f 4143 4156 4142
f 4154 4156 4143
f 4146 4154 4143
f 4152 4154 4146
f 4149 4152 4146
f 4168 4169 4170
f 4171 4172 4173
f 4174 4172 4171
f 4175 4176 4177
f 4178 4176 4175
f 4173 4179 4180
f 4181 4179 4173
f 4172 4181 4173
f 4180 4182 4173
f 4183 4182 4180
f 4184 4183 4180
f 4185 4183 4184
f 4186 4183 4185
f 4187 4186 4185
f 4188 4186 4187
f 4189 4186 4188
f 4190 4189 4188
f 4191 4192 4193
f 4194 4192 4191
f 4195 4194 4191
f 4196 4194 4195
f 4196 4197 4198
f 4199 4197 4196
f 4195 4199 4196
f 4198 4200 4196
f 4201 4200 4198
f 4202 4201 4198
f 4203 4201 4202
f 4168 4201 4203
f 4204 4168 4203
f 4205 4168 4204
f 4169 4168 4205
f 4206 4169 4205
f 4177 4171 4170
f 4174 4171 4177
f 4176 4174 4177
f 4171 4168 4170
f 4201 4168 4171
f 4173 4201 4171
f 4200 4201 4173
f 4182 4200 4173
f 4196 4200 4182
f 4183 4196 4182
f 4194 4196 4183
f 4186 4194 4183
f 4192 4194 4186
f 4189 4192 4186
f 4207 4208 4209
f 4210 4207 4209
f 4207 4210 4211
f 4207 4211 4212
f 4207 4212 4213
f 4207 4213 4214
f 4207 4214 4215
f 4207 4215 4216
f 4207 4216 4217
f 4207 4217 4218
f 4207 4218 4219
f 4207 4219 4220
f 4207 4220 4221
f 4207 4221 4222
f 4207 4222 4223
f 4207 4223 4224
f 4207 4224 4225
f 4207 4225 4226
f 4207 4226 4227
f 4207 4227 4228
f 4207 4228 4229
f 4207 4229 4208
f 4230 4231 4232
f 4233 4234 4235
f 4236 4237 4238
f 4238 4237 4239
f 4238 4239 4240
f 4241 4242 4238
f 4238 4242 4243
f 4238 4243 4244
f 4245 4246 4238
f 4247 4248 4238
f 4238 4248 4249
f 4238 4249 4245
f 4250 4251 4238
f 4238 4251 4252
f 4238 4252 4253
f 4254 4255 4256
f 4257 4231 4230
f 4258 4259 4260
f 4261 4235 4234
f 4262 4179 4181
f 4263 4188 4187
f 4190 4188 4264
f 4265 4188 4263
f 4266 4184 4180
f 4185 4184 4266
f 4267 4176 4178
f 4174 4176 4267
f 4268 4269 4270
f 4271 4272 4273
f 4274 4273 4275
f 4271 4273 4274
f 4276 4271 4274
f 4277 4271 4276
f 4278 4277 4276
f 4270 4277 4278
f 4235 4279 4280
f 4281 4279 4235
f 4261 4281 4235
f 4282 4283 4284
f 4285 4259 4286
f 4287 4259 4258
f 4288 4289 4290
f 4291 4288 4290
f 4292 4288 4291
f 4293 4292 4291
f 4294 4295 4296
f 4297 4295 4294
f 4298 4299 4300
f 4296 4299 4298
f 4301 4302 4303
f 4304 4305 4306
f 4307 4308 4309
f 4305 4308 4307
f 4310 4311 4312
f 4313 4311 4310
f 4314 4310 4315
f 4313 4310 4314
f 4309 4313 4314
f 4316 4313 4309
f 4308 4316 4309
f 4317 4318 4319
f 4252 4315 4253
f 4314 4315 4252
f 4251 4314 4252
f 4309 4314 4251
f 4250 4309 4251
f 4307 4309 4250
f 4245 4268 4246
f 4320 4268 4245
f 4249 4320 4245
f 4321 4320 4249
f 4248 4321 4249
f 4322 4321 4248
f 4247 4322 4248
f 4323 4322 4247
f 4243 4275 4244
f 4274 4275 4243
f 4242 4274 4243
f 4276 4274 4242
f 4241 4276 4242
f 4278 4276 4241
f 4239 4324 4240
f 4325 4324 4239
f 4237 4325 4239
f 4326 4325 4237
f 4236 4326 4237
f 4327 4326 4236
f 4328 4327 4236
f 4329 4327 4328
f 4254 4312 4255
f 4310 4312 4254
f 4330 4310 4254
f 4315 4310 4330
f 4331 4315 4330
f 4253 4315 4331
f 4332 4253 4331
f 4238 4253 4332
f 4268 4178 4269
f 4267 4178 4268
f 4320 4267 4268
f 4333 4267 4320
f 4321 4333 4320
f 4334 4333 4321
f 4322 4334 4321
f 4335 4334 4322
f 4323 4335 4322
f 4336 4335 4323
f 4234 4337 4261
f 4272 4337 4234
f 4233 4272 4234
f 4273 4272 4233
f 4338 4273 4233
f 4275 4273 4338
f 4339 4275 4338
f 4244 4275 4339
f 4340 4244 4339
f 4238 4244 4340
f 4278 4268 4270
f 4246 4268 4278
f 4241 4246 4278
f 4238 4246 4241
f 4341 4329 4342
f 4327 4329 4341
f 4343 4327 4341
f 4326 4327 4343
f 4344 4326 4343
f 4325 4326 4344
f 4306 4325 4344
f 4332 4345 4238
f 4346 4345 4332
f 4331 4346 4332
f 4347 4346 4331
f 4330 4347 4331
f 4348 4347 4330
f 4254 4348 4330
f 4349 4348 4254
f 4256 4349 4254
f 4350 4349 4256
f 4351 4350 4256
f 4305 4325 4306
f 4324 4325 4305
f 4307 4324 4305
f 4240 4324 4307
f 4250 4240 4307
f 4238 4240 4250
f 4174 4352 4172
f 4353 4352 4174
f 4267 4353 4174
f 4354 4353 4267
f 4333 4354 4267
f 4355 4354 4333
f 4334 4355 4333
f 4356 4355 4334
f 4335 4356 4334
f 4357 4356 4335
f 4336 4357 4335
f 4358 4357 4336
f 4359 4342 4360
f 4341 4342 4359
f 4361 4341 4359
f 4343 4341 4361
f 4362 4343 4361
f 4344 4343 4362
f 4363 4344 4362
f 4306 4344 4363
f 4303 4306 4363
f 4304 4306 4303
f 4302 4304 4303
f 4364 4358 4365
f 4357 4358 4364
f 4366 4357 4364
f 4356 4357 4366
f 4367 4356 4366
f 4355 4356 4367
f 4368 4355 4367
f 4354 4355 4368
f 4369 4354 4368
f 4353 4354 4369
f 4370 4353 4369
f 4352 4353 4370
f 4262 4352 4370
f 4172 4352 4262
f 4181 4172 4262
f 4282 4280 4283
f 4235 4280 4282
f 4371 4235 4282
f 4233 4235 4371
f 4372 4233 4371
f 4338 4233 4372
f 4373 4338 4372
f 4339 4338 4373
f 4374 4339 4373
f 4340 4339 4374
f 4375 4340 4374
f 4238 4340 4375
f 4376 4360 4377
f 4359 4360 4376
f 4378 4359 4376
f 4361 4359 4378
f 4379 4361 4378
f 4362 4361 4379
f 4380 4362 4379
f 4363 4362 4380
f 4381 4363 4380
f 4303 4363 4381
f 4232 4303 4381
f 4301 4303 4232
f 4231 4301 4232
f 4382 4301 4231
f 4257 4382 4231
f 4383 4365 4384
f 4364 4365 4383
f 4385 4364 4383
f 4366 4364 4385
f 4386 4366 4385
f 4367 4366 4386
f 4387 4367 4386
f 4368 4367 4387
f 4388 4368 4387
f 4369 4368 4388
f 4389 4369 4388
f 4370 4369 4389
f 4390 4370 4389
f 4262 4370 4390
f 4266 4262 4390
f 4179 4262 4266
f 4180 4179 4266
f 4391 4377 4392
f 4376 4377 4391
f 4393 4376 4391
f 4378 4376 4393
f 4394 4378 4393
f 4379 4378 4394
f 4395 4379 4394
f 4380 4379 4395
f 4396 4380 4395
f 4381 4380 4396
f 4397 4381 4396
f 4232 4381 4397
f 4398 4232 4397
f 4230 4232 4398
f 4300 4230 4398
f 4257 4230 4300
f 4317 4399 4400
f 4384 4399 4317
f 4319 4384 4317
f 4383 4384 4319
f 4401 4383 4319
f 4385 4383 4401
f 4402 4385 4401
f 4386 4385 4402
f 4403 4386 4402
f 4387 4386 4403
f 4404 4387 4403
f 4388 4387 4404
f 4405 4388 4404
f 4389 4388 4405
f 4406 4389 4405
f 4390 4389 4406
f 4265 4390 4406
f 4266 4390 4265
f 4263 4266 4265
f 4185 4266 4263
f 4187 4185 4263
f 4398 4298 4300
f 4407 4298 4398
f 4397 4407 4398
f 4408 4407 4397
f 4396 4408 4397
f 4409 4408 4396
f 4395 4409 4396
f 4410 4409 4395
f 4394 4410 4395
f 4411 4410 4394
f 4393 4411 4394
f 4412 4411 4393
f 4391 4412 4393
f 4413 4412 4391
f 4392 4413 4391
f 4265 4264 4188
f 4414 4264 4265
f 4406 4414 4265
f 4415 4414 4406
f 4405 4415 4406
f 4416 4415 4405
f 4404 4416 4405
f 4417 4416 4404
f 4403 4417 4404
f 4418 4417 4403
f 4402 4418 4403
f 4419 4418 4402
f 4401 4419 4402
f 4420 4419 4401
f 4319 4420 4401
f 4421 4420 4319
f 4318 4421 4319
f 4298 4294 4296
f 4422 4294 4298
f 4407 4422 4298
f 4423 4422 4407
f 4408 4423 4407
f 4424 4423 4408
f 4409 4424 4408
f 4425 4424 4409
f 4410 4425 4409
f 4426 4425 4410
f 4411 4426 4410
f 4427 4426 4411
f 4412 4427 4411
f 4428 4427 4412
f 4413 4428 4412
f 4236 4238 4328
f 4429 4258 4260
f 4430 4258 4429
f 4431 4430 4429
f 4432 4430 4431
f 4190 4432 4431
f 4433 4432 4190
f 4264 4433 4190
f 4434 4433 4264
f 4414 4434 4264
f 4435 4434 4414
f 4415 4435 4414
f 4436 4435 4415
f 4416 4436 4415
f 4437 4436 4416
f 4417 4437 4416
f 4438 4437 4417
f 4418 4438 4417
f 4439 4438 4418
f 4419 4439 4418
f 4289 4439 4419
f 4420 4289 4419
f 4290 4289 4420
f 4421 4290 4420
f 4399 4351 4400
f 4350 4351 4399
f 4384 4350 4399
f 4349 4350 4384
f 4365 4349 4384
f 4348 4349 4365
f 4358 4348 4365
f 4347 4348 4358
f 4336 4347 4358
f 4346 4347 4336
f 4323 4346 4336
f 4345 4346 4323
f 4247 4345 4323
f 4238 4345 4247
f 4440 4292 4293
f 4441 4292 4440
f 4297 4441 4440
f 4442 4441 4297
f 4294 4442 4297
f 4443 4442 4294
f 4422 4443 4294
f 4444 4443 4422
f 4423 4444 4422
f 4445 4444 4423
f 4424 4445 4423
f 4446 4445 4424
f 4425 4446 4424
f 4447 4446 4425
f 4426 4447 4425
f 4448 4447 4426
f 4427 4448 4426
f 4287 4448 4427
f 4428 4287 4427
f 4259 4287 4428
f 4413 4259 4428
f 4286 4259 4413
f 4392 4286 4413
f 4286 4284 4285
f 4282 4284 4286
f 4392 4282 4286
f 4371 4282 4392
f 4377 4371 4392
f 4372 4371 4377
f 4360 4372 4377
f 4373 4372 4360
f 4342 4373 4360
f 4374 4373 4342
f 4329 4374 4342
f 4375 4374 4329
f 4328 4375 4329
f 4238 4375 4328
f 4441 4208 4292
f 4209 4208 4441
f 4442 4209 4441
f 4210 4209 4442
f 4443 4210 4442
f 4211 4210 4443
f 4444 4211 4443
f 4212 4211 4444
f 4445 4212 4444
f 4213 4212 4445
f 4446 4213 4445
f 4214 4213 4446
f 4447 4214 4446
f 4215 4214 4447
f 4448 4215 4447
f 4216 4215 4448
f 4287 4216 4448
f 4217 4216 4287
f 4258 4217 4287
f 4218 4217 4258
f 4430 4218 4258
f 4219 4218 4430
f 4432 4219 4430
f 4220 4219 4432
f 4433 4220 4432
f 4221 4220 4433
f 4434 4221 4433
f 4222 4221 4434
f 4435 4222 4434
f 4223 4222 4435
f 4436 4223 4435
f 4224 4223 4436
f 4437 4224 4436
f 4225 4224 4437
f 4438 4225 4437
f 4226 4225 4438
f 4439 4226 4438
f 4227 4226 4439
f 4289 4227 4439
f 4228 4227 4289
f 4288 4228 4289
f 4229 4228 4288
f 4292 4229 4288
f 4208 4229 4292
f 4449 4450 4451
f 4452 4451 4453
f 4454 4455 4456
f 4421 4453 4290
f 4457 4453 4421
f 4318 4457 4421
f 4458 4457 4318
f 4317 4458 4318
f 4400 4458 4317
f 4459 4458 4400
f 4351 4459 4400
f 4460 4459 4351
f 4256 4460 4351
f 4255 4460 4256
f 4461 4460 4255
f 4312 4461 4255
f 4311 4461 4312
f 4462 4461 4311
f 4313 4462 4311
f 4463 4456 4464
f 4454 4456 4463
f 4465 4454 4463
f 4466 4454 4465
f 4467 4466 4465
f 4468 4466 4467
f 4469 4466 4468
f 4470 4469 4468
f 4471 4469 4470
f 4472 4471 4470
f 4473 4471 4472
f 4449 4471 4473
f 4474 4449 4473
f 4475 4449 4474
f 4450 4449 4475
f 4476 4450 4475
f 4477 4478 4479
f 4457 4452 4453
f 4480 4452 4457
f 4458 4480 4457
f 4481 4480 4458
f 4459 4481 4458
f 4482 4481 4459
f 4460 4482 4459
f 4479 4482 4460
f 4461 4479 4460
f 4477 4479 4461
f 4462 4477 4461
f 4452 4449 4451
f 4471 4449 4452
f 4480 4471 4452
f 4469 4471 4480
f 4481 4469 4480
f 4466 4469 4481
f 4482 4466 4481
f 4454 4466 4482
f 4479 4454 4482
f 4455 4454 4479
f 4478 4455 4479
f 4483 4484 4485
f 4486 4483 4485
f 4483 4486 4487
f 4483 4487 4488
f 4483 4488 4489
f 4483 4489 4490
f 4483 4490 4491
f 4483 4491 4492
f 4483 4492 4493
f 4483 4493 4494
f 4483 4494 4495
f 4483 4495 4496
f 4483 4496 4497
f 4483 4497 4498
f 4483 4498 4499
f 4483 4499 4500
f 4483 4500 4501
f 4483 4501 4502
f 4483 4502 4503
f 4483 4503 4504
f 4483 4504 4505
f 4483 4505 4484
f 4506 4507 4508
f 4509 4510 4511
f 4512 4513 4514
f 4514 4513 4515
f 4514 4515 4516
f 4517 4518 4514
f 4514 4518 4519
f 4514 4519 4520
f 4521 4522 4514
f 4523 4524 4514
f 4514 4524 4525
f 4514 4525 4521
f 4526 4527 4514
f 4514 4527 4528
f 4514 4528 4529
f 4530 4531 4532
f 4470 4507 4506
f 4533 4193 4534
f 4203 4511 4510
f 4535 4139 4141
f 4536 4148 4147
f 4150 4148 4537
f 4538 4148 4536
f 4539 4144 4140
f 4145 4144 4539
f 4540 4134 4133
f 4138 4134 4540
f 4541 4542 4543
f 4206 4205 4544
f 4545 4544 4546
f 4206 4544 4545
f 4547 4206 4545
f 4548 4206 4547
f 4549 4548 4547
f 4543 4548 4549
f 4511 4198 4197
f 4202 4198 4511
f 4203 4202 4511
f 4550 4199 4195
f 4191 4193 4551
f 4552 4193 4533
f 4553 4554 4555
f 4556 4553 4555
f 4557 4553 4556
f 4558 4557 4556
f 4559 4475 4474
f 4476 4475 4559
f 4560 4473 4472
f 4474 4473 4560
f 4467 4465 4561
f 4562 4464 4563
f 4564 4464 4562
f 4565 4566 4567
f 4563 4566 4565
f 4568 4569 4570
f 4571 4569 4568
f 4572 4568 4573
f 4571 4568 4572
f 4567 4571 4572
f 4574 4571 4567
f 4566 4574 4567
f 4575 4576 4577
f 4528 4573 4529
f 4572 4573 4528
f 4527 4572 4528
f 4567 4572 4527
f 4526 4567 4527
f 4565 4567 4526
f 4521 4541 4522
f 4578 4541 4521
f 4525 4578 4521
f 4579 4578 4525
f 4524 4579 4525
f 4580 4579 4524
f 4523 4580 4524
f 4581 4580 4523
f 4519 4546 4520
f 4545 4546 4519
f 4518 4545 4519
f 4547 4545 4518
f 4517 4547 4518
f 4549 4547 4517
f 4515 4562 4516
f 4564 4562 4515
f 4513 4564 4515
f 4582 4564 4513
f 4512 4582 4513
f 4583 4582 4512
f 4584 4583 4512
f 4585 4583 4584
f 4530 4570 4531
f 4568 4570 4530
f 4586 4568 4530
f 4573 4568 4586
f 4587 4573 4586
f 4529 4573 4587
f 4588 4529 4587
f 4514 4529 4588
f 4541 4133 4542
f 4540 4133 4541
f 4578 4540 4541
f 4589 4540 4578
f 4579 4589 4578
f 4590 4589 4579
f 4580 4590 4579
f 4591 4590 4580
f 4581 4591 4580
f 4592 4591 4581
f 4510 4204 4203
f 4205 4204 4510
f 4509 4205 4510
f 4544 4205 4509
f 4593 4544 4509
f 4546 4544 4593
f 4594 4546 4593
f 4520 4546 4594
f 4595 4520 4594
f 4514 4520 4595
f 4549 4541 4543
f 4522 4541 4549
f 4517 4522 4549
f 4514 4522 4517
f 4596 4585 4597
f 4583 4585 4596
f 4598 4583 4596
f 4582 4583 4598
f 4599 4582 4598
f 4564 4582 4599
f 4600 4564 4599
f 4464 4564 4600
f 4463 4464 4600
f 4588 4601 4514
f 4602 4601 4588
f 4587 4602 4588
f 4603 4602 4587
f 4586 4603 4587
f 4604 4603 4586
f 4530 4604 4586
f 4605 4604 4530
f 4532 4605 4530
f 4606 4605 4532
f 4607 4606 4532
f 4565 4562 4563
f 4516 4562 4565
f 4526 4516 4565
f 4514 4516 4526
f 4138 4608 4136
f 4609 4608 4138
f 4540 4609 4138
f 4610 4609 4540
f 4589 4610 4540
f 4611 4610 4589
f 4590 4611 4589
f 4612 4611 4590
f 4591 4612 4590
f 4613 4612 4591
f 4592 4613 4591
f 4614 4613 4592
f 4615 4597 4616
f 4596 4597 4615
f 4617 4596 4615
f 4598 4596 4617
f 4618 4598 4617
f 4599 4598 4618
f 4619 4599 4618
f 4600 4599 4619
f 4561 4600 4619
f 4463 4600 4561
f 4465 4463 4561
f 4620 4614 4621
f 4613 4614 4620
f 4622 4613 4620
f 4612 4613 4622
f 4623 4612 4622
f 4611 4612 4623
f 4624 4611 4623
f 4610 4611 4624
f 4625 4610 4624
f 4609 4610 4625
f 4626 4609 4625
f 4608 4609 4626
f 4535 4608 4626
f 4136 4608 4535
f 4141 4136 4535
f 4550 4197 4199
f 4511 4197 4550
f 4627 4511 4550
f 4509 4511 4627
f 4628 4509 4627
f 4593 4509 4628
f 4629 4593 4628
f 4594 4593 4629
f 4630 4594 4629
f 4595 4594 4630
f 4631 4595 4630
f 4514 4595 4631
f 4632 4616 4633
f 4615 4616 4632
f 4634 4615 4632
f 4617 4615 4634
f 4635 4617 4634
f 4618 4617 4635
f 4636 4618 4635
f 4619 4618 4636
f 4637 4619 4636
f 4561 4619 4637
f 4508 4561 4637
f 4467 4561 4508
f 4507 4467 4508
f 4468 4467 4507
f 4470 4468 4507
f 4638 4621 4639
f 4620 4621 4638
f 4640 4620 4638
f 4622 4620 4640
f 4641 4622 4640
f 4623 4622 4641
f 4642 4623 4641
f 4624 4623 4642
f 4643 4624 4642
f 4625 4624 4643
f 4644 4625 4643
f 4626 4625 4644
f 4645 4626 4644
f 4535 4626 4645
f 4539 4535 4645
f 4139 4535 4539
f 4140 4139 4539
f 4646 4633 4647
f 4632 4633 4646
f 4648 4632 4646
f 4634 4632 4648
f 4649 4634 4648
f 4635 4634 4649
f 4650 4635 4649
f 4636 4635 4650
f 4651 4636 4650
f 4637 4636 4651
f 4652 4637 4651
f 4508 4637 4652
f 4653 4508 4652
f 4506 4508 4653
f 4472 4506 4653
f 4470 4506 4472
f 4575 4654 4655
f 4639 4654 4575
f 4577 4639 4575
f 4638 4639 4577
f 4656 4638 4577
f 4640 4638 4656
f 4657 4640 4656
f 4641 4640 4657
f 4658 4641 4657
f 4642 4641 4658
f 4659 4642 4658
f 4643 4642 4659
f 4660 4643 4659
f 4644 4643 4660
f 4661 4644 4660
f 4645 4644 4661
f 4538 4645 4661
f 4539 4645 4538
f 4536 4539 4538
f 4145 4539 4536
f 4147 4145 4536
f 4653 4560 4472
f 4662 4560 4653
f 4652 4662 4653
f 4663 4662 4652
f 4651 4663 4652
f 4664 4663 4651
f 4650 4664 4651
f 4665 4664 4650
f 4649 4665 4650
f 4666 4665 4649
f 4648 4666 4649
f 4667 4666 4648
f 4646 4667 4648
f 4668 4667 4646
f 4647 4668 4646
f 4538 4537 4148
f 4669 4537 4538
f 4661 4669 4538
f 4670 4669 4661
f 4660 4670 4661
f 4671 4670 4660
f 4659 4671 4660
f 4672 4671 4659
f 4658 4672 4659
f 4673 4672 4658
f 4657 4673 4658
f 4674 4673 4657
f 4656 4674 4657
f 4675 4674 4656
f 4577 4675 4656
f 4676 4675 4577
f 4576 4676 4577
f 4560 4559 4474
f 4677 4559 4560
f 4662 4677 4560
f 4678 4677 4662
f 4663 4678 4662
f 4679 4678 4663
f 4664 4679 4663
f 4680 4679 4664
f 4665 4680 4664
f 4681 4680 4665
f 4666 4681 4665
f 4682 4681 4666
f 4667 4682 4666
f 4683 4682 4667
f 4668 4683 4667
f 4512 4514 4584
f 4684 4533 4534
f 4685 4533 4684
f 4686 4685 4684
f 4687 4685 4686
f 4150 4687 4686
f 4688 4687 4150
f 4537 4688 4150
f 4689 4688 4537
f 4669 4689 4537
f 4690 4689 4669
f 4670 4690 4669
f 4691 4690 4670
f 4671 4691 4670
f 4692 4691 4671
f 4672 4692 4671
f 4693 4692 4672
f 4673 4693 4672
f 4694 4693 4673
f 4674 4694 4673
f 4554 4694 4674
f 4675 4554 4674
f 4555 4554 4675
f 4676 4555 4675
f 4654 4607 4655
f 4606 4607 4654
f 4639 4606 4654
f 4605 4606 4639
f 4621 4605 4639
f 4604 4605 4621
f 4614 4604 4621
f 4603 4604 4614
f 4592 4603 4614
f 4602 4603 4592
f 4581 4602 4592
f 4601 4602 4581
f 4523 4601 4581
f 4514 4601 4523
f 4695 4557 4558
f 4696 4557 4695
f 4476 4696 4695
f 4697 4696 4476
f 4559 4697 4476
f 4698 4697 4559
f 4677 4698 4559
f 4699 4698 4677
f 4678 4699 4677
f 4700 4699 4678
f 4679 4700 4678
f 4701 4700 4679
f 4680 4701 4679
f 4702 4701 4680
f 4681 4702 4680
f 4703 4702 4681
f 4682 4703 4681
f 4552 4703 4682
f 4683 4552 4682
f 4193 4552 4683
f 4668 4193 4683
f 4551 4193 4668
f 4647 4551 4668
f 4551 4195 4191
f 4550 4195 4551
f 4647 4550 4551
f 4627 4550 4647
f 4633 4627 4647
f 4628 4627 4633
f 4616 4628 4633
f 4629 4628 4616
f 4597 4629 4616
f 4630 4629 4597
f 4585 4630 4597
f 4631 4630 4585
f 4584 4631 4585
f 4514 4631 4584
f 4696 4484 4557
f 4485 4484 4696
f 4697 4485 4696
f 4486 4485 4697
f 4698 4486 4697
f 4487 4486 4698
f 4699 4487 4698
f 4488 4487 4699
f 4700 4488 4699
f 4489 4488 4700
f 4701 4489 4700
f 4490 4489 4701
f 4702 4490 4701
f 4491 4490 4702
f 4703 4491 4702
f 4492 4491 4703
f 4552 4492 4703
f 4493 4492 4552
f 4533 4493 4552
f 4494 4493 4533
f 4685 4494 4533
f 4495 4494 4685
f 4687 4495 4685
f 4496 4495 4687
f 4688 4496 4687
f 4497 4496 4688
f 4689 4497 4688
f 4498 4497 4689
f 4690 4498 4689
f 4499 4498 4690
f 4691 4499 4690
f 4500 4499 4691
f 4692 4500 4691
f 4501 4500 4692
f 4693 4501 4692
f 4502 4501 4693
f 4694 4502 4693
f 4503 4502 4694
f 4554 4503 4694
f 4504 4503 4554
f 4553 4504 4554
f 4505 4504 4553
f 4557 4505 4553
f 4484 4505 4557
f 4704 4705 4706
f 4707 4706 4708
f 4709 4710 4711
f 4676 4708 4555
f 4712 4708 4676
f 4576 4712 4676
f 4713 4712 4576
f 4575 4713 4576
f 4655 4713 4575
f 4714 4713 4655
f 4607 4714 4655
f 4715 4714 4607
f 4532 4715 4607
f 4531 4715 4532
f 4716 4715 4531
f 4570 4716 4531
f 4570 4717 4716
f 4718 4717 4570
f 4569 4718 4570
f 4571 4718 4569
f 4719 4711 4720
f 4721 4711 4719
f 4721 4709 4711
f 4722 4709 4721
f 4723 4722 4721
f 4724 4722 4723
f 4725 4722 4724
f 4726 4725 4724
f 4727 4725 4726
f 4728 4727 4726
f 4729 4727 4728
f 4704 4727 4729
f 4730 4704 4729
f 4731 4704 4730
f 4705 4704 4731
f 4732 4705 4731
f 4733 4734 4735
f 4712 4707 4708
f 4736 4707 4712
f 4713 4736 4712
f 4737 4736 4713
f 4714 4737 4713
f 4738 4737 4714
f 4715 4738 4714
f 4735 4738 4715
f 4716 4735 4715
f 4733 4735 4716
f 4717 4733 4716
f 4707 4704 4706
f 4727 4704 4707
f 4736 4727 4707
f 4725 4727 4736
f 4737 4725 4736
f 4722 4725 4737
f 4738 4722 4737
f 4709 4722 4738
f 4735 4709 4738
f 4710 4709 4735
f 4734 4710 4735
f 4739 4740 4741
f 4742 4739 4741
f 4739 4742 4743
f 4739 4743 4744
f 4739 4744 4745
f 4739 4745 4746
f 4739 4746 4747
f 4739 4747 4748
f 4739 4748 4749
f 4739 4749 4750
f 4739 4750 4751
f 4739 4751 4752
f 4739 4752 4753
f 4739 4753 4754
f 4739 4754 4755
f 4739 4755 4756
f 4739 4756 4757
f 4739 4757 4758
f 4739 4758 4759
f 4739 4759 4760
f 4739 4760 4761
f 4739 4761 4740
f 4762 4763 4764
f 4765 4766 4767
f 4768 4769 4770
f 4770 4769 4771
f 4770 4771 4772
f 4773 4774 4770
f 4770 4774 4775
f 4770 4775 4776
f 4777 4778 4770
f 4779 4780 4770
f 4770 4780 4781
f 4770 4781 4777
f 4782 4783 4770
f 4770 4783 4784
f 4770 4784 4785
f 4786 4787 4788
f 4726 4763 4762
f 4789 4153 4790
f 4163 4767 4766
f 4791 4792 4793
f 4794 4795 4796
f 4797 4795 4798
f 4799 4795 4794
f 4800 4801 4802
f 4803 4801 4800
f 4804 4805 4806
f 4807 4805 4804
f 4808 4809 4810
f 4166 4165 4811
f 4812 4811 4813
f 4166 4811 4812
f 4814 4166 4812
f 4815 4166 4814
f 4816 4815 4814
f 4810 4815 4816
f 4767 4158 4157
f 4162 4158 4767
f 4163 4162 4767
f 4817 4159 4155
f 4151 4153 4818
f 4819 4153 4789
f 4820 4821 4822
f 4823 4820 4822
f 4824 4820 4823
f 4825 4824 4823
f 4826 4731 4730
f 4732 4731 4826
f 4827 4729 4728
f 4730 4729 4827
f 4723 4721 4828
f 4829 4720 4830
f 4831 4720 4829
f 4832 4833 4834
f 4830 4833 4832
f 4835 4836 4837
f 4838 4836 4835
f 4839 4835 4840
f 4838 4835 4839
f 4834 4838 4839
f 4841 4838 4834
f 4833 4841 4834
f 4842 4843 4844
f 4784 4840 4785
f 4839 4840 4784
f 4783 4839 4784
f 4834 4839 4783
f 4782 4834 4783
f 4832 4834 4782
f 4777 4808 4778
f 4845 4808 4777
f 4781 4845 4777
f 4846 4845 4781
f 4780 4846 4781
f 4847 4846 4780
f 4779 4847 4780
f 4848 4847 4779
f 4775 4813 4776
f 4812 4813 4775
f 4774 4812 4775
f 4814 4812 4774
f 4773 4814 4774
f 4816 4814 4773
f 4771 4829 4772
f 4831 4829 4771
f 4769 4831 4771
f 4849 4831 4769
f 4768 4849 4769
f 4850 4849 4768
f 4851 4850 4768
f 4852 4850 4851
f 4786 4837 4787
f 4835 4837 4786
f 4853 4835 4786
f 4840 4835 4853
f 4854 4840 4853
f 4785 4840 4854
f 4855 4785 4854
f 4770 4785 4855
f 4808 4806 4809
f 4804 4806 4808
f 4845 4804 4808
f 4856 4804 4845
f 4846 4856 4845
f 4857 4856 4846
f 4847 4857 4846
f 4858 4857 4847
f 4848 4858 4847
f 4859 4858 4848
f 4766 4164 4163
f 4165 4164 4766
f 4765 4165 4766
f 4811 4165 4765
f 4860 4811 4765
f 4813 4811 4860
f 4861 4813 4860
f 4776 4813 4861
f 4862 4776 4861
f 4770 4776 4862
f 4816 4808 4810
f 4778 4808 4816
f 4773 4778 4816
f 4770 4778 4773
f 4863 4852 4864
f 4850 4852 4863
f 4865 4850 4863
f 4849 4850 4865
f 4866 4849 4865
f 4831 4849 4866
f 4867 4831 4866
f 4720 4831 4867
f 4719 4720 4867
f 4855 4868 4770
f 4869 4868 4855
f 4854 4869 4855
f 4870 4869 4854
f 4853 4870 4854
f 4871 4870 4853
f 4786 4871 4853
f 4872 4871 4786
f 4788 4872 4786
f 4873 4872 4788
f 4874 4873 4788
f 4832 4829 4830
f 4772 4829 4832
f 4782 4772 4832
f 4770 4772 4782
f 4807 4875 4876
f 4877 4875 4807
f 4804 4877 4807
f 4878 4877 4804
f 4856 4878 4804
f 4879 4878 4856
f 4857 4879 4856
f 4880 4879 4857
f 4858 4880 4857
f 4881 4880 4858
f 4859 4881 4858
f 4882 4881 4859
f 4883 4864 4884
f 4863 4864 4883
f 4885 4863 4883
f 4865 4863 4885
f 4886 4865 4885
f 4866 4865 4886
f 4887 4866 4886
f 4867 4866 4887
f 4828 4867 4887
f 4719 4867 4828
f 4721 4719 4828
f 4888 4882 4889
f 4881 4882 4888
f 4890 4881 4888
f 4880 4881 4890
f 4891 4880 4890
f 4879 4880 4891
f 4892 4879 4891
f 4878 4879 4892
f 4893 4878 4892
f 4877 4878 4893
f 4894 4877 4893
f 4875 4877 4894
f 4791 4875 4894
f 4876 4875 4791
f 4793 4876 4791
f 4817 4157 4159
f 4767 4157 4817
f 4895 4767 4817
f 4765 4767 4895
f 4896 4765 4895
f 4860 4765 4896
f 4897 4860 4896
f 4861 4860 4897
f 4898 4861 4897
f 4862 4861 4898
f 4899 4862 4898
f 4770 4862 4899
f 4900 4884 4901
f 4883 4884 4900
f 4902 4883 4900
f 4885 4883 4902
f 4903 4885 4902
f 4886 4885 4903
f 4904 4886 4903
f 4887 4886 4904
f 4905 4887 4904
f 4828 4887 4905
f 4764 4828 4905
f 4723 4828 4764
f 4763 4723 4764
f 4724 4723 4763
f 4726 4724 4763
f 4906 4889 4907
f 4888 4889 4906
f 4908 4888 4906
f 4890 4888 4908
f 4909 4890 4908
f 4891 4890 4909
f 4910 4891 4909
f 4892 4891 4910
f 4911 4892 4910
f 4893 4892 4911
f 4912 4893 4911
f 4894 4893 4912
f 4913 4894 4912
f 4791 4894 4913
f 4800 4791 4913
f 4792 4791 4800
f 4802 4792 4800
f 4914 4901 4915
f 4900 4901 4914
f 4916 4900 4914
f 4902 4900 4916
f 4917 4902 4916
f 4903 4902 4917
f 4918 4903 4917
f 4904 4903 4918
f 4919 4904 4918
f 4905 4904 4919
f 4920 4905 4919
f 4764 4905 4920
f 4921 4764 4920
f 4762 4764 4921
f 4728 4762 4921
f 4726 4762 4728
f 4842 4922 4923
f 4907 4922 4842
f 4844 4907 4842
f 4906 4907 4844
f 4924 4906 4844
f 4908 4906 4924
f 4925 4908 4924
f 4909 4908 4925
f 4926 4909 4925
f 4910 4909 4926
f 4927 4910 4926
f 4911 4910 4927
f 4928 4911 4927
f 4912 4911 4928
f 4929 4912 4928
f 4913 4912 4929
f 4799 4913 4929
f 4800 4913 4799
f 4794 4800 4799
f 4803 4800 4794
f 4796 4803 4794
f 4921 4827 4728
f 4930 4827 4921
f 4920 4930 4921
f 4931 4930 4920
f 4919 4931 4920
f 4932 4931 4919
f 4918 4932 4919
f 4933 4932 4918
f 4917 4933 4918
f 4934 4933 4917
f 4916 4934 4917
f 4935 4934 4916
f 4914 4935 4916
f 4936 4935 4914
f 4915 4936 4914
f 4799 4798 4795
f 4937 4798 4799
f 4929 4937 4799
f 4938 4937 4929
f 4928 4938 4929
f 4939 4938 4928
f 4927 4939 4928
f 4940 4939 4927
f 4926 4940 4927
f 4941 4940 4926
f 4925 4941 4926
f 4942 4941 4925
f 4924 4942 4925
f 4943 4942 4924
f 4844 4943 4924
f 4944 4943 4844
f 4843 4944 4844
f 4827 4826 4730
f 4945 4826 4827
f 4930 4945 4827
f 4946 4945 4930
f 4931 4946 4930
f 4947 4946 4931
f 4932 4947 4931
f 4948 4947 4932
f 4933 4948 4932
f 4949 4948 4933
f 4934 4949 4933
f 4950 4949 4934
f 4935 4950 4934
f 4951 4950 4935
f 4936 4951 4935
f 4768 4770 4851
f 4952 4789 4790
f 4953 4789 4952
f 4954 4953 4952
f 4955 4953 4954
f 4797 4955 4954
f 4956 4955 4797
f 4798 4956 4797
f 4957 4956 4798
f 4937 4957 4798
f 4958 4957 4937
f 4938 4958 4937
f 4959 4958 4938
f 4939 4959 4938
f 4960 4959 4939
f 4940 4960 4939
f 4961 4960 4940
f 4941 4961 4940
f 4962 4961 4941
f 4942 4962 4941
f 4821 4962 4942
f 4943 4821 4942
f 4822 4821 4943
f 4944 4822 4943
f 4922 4874 4923
f 4873 4874 4922
f 4907 4873 4922
f 4872 4873 4907
f 4889 4872 4907
f 4871 4872 4889
f 4882 4871 4889
f 4870 4871 4882
f 4859 4870 4882
f 4869 4870 4859
f 4848 4869 4859
f 4868 4869 4848
f 4779 4868 4848
f 4770 4868 4779
f 4963 4824 4825
f 4964 4824 4963
f 4732 4964 4963
f 4965 4964 4732
f 4826 4965 4732
f 4966 4965 4826
f 4945 4966 4826
f 4967 4966 4945
f 4946 4967 4945
f 4968 4967 4946
f 4947 4968 4946
f 4969 4968 4947
f 4948 4969 4947
f 4970 4969 4948
f 4949 4970 4948
f 4971 4970 4949
f 4950 4971 4949
f 4819 4971 4950
f 4951 4819 4950
f 4153 4819 4951
f 4936 4153 4951
f 4818 4153 4936
f 4915 4818 4936
f 4818 4155 4151
f 4817 4155 4818
f 4915 4817 4818
f 4895 4817 4915
f 4901 4895 4915
f 4896 4895 4901
f 4884 4896 4901
f 4897 4896 4884
f 4864 4897 4884
f 4898 4897 4864
f 4852 4898 4864
f 4899 4898 4852
f 4851 4899 4852
f 4770 4899 4851
f 4964 4740 4824
f 4741 4740 4964
f 4965 4741 4964
f 4742 4741 4965
f 4966 4742 4965
f 4743 4742 4966
f 4967 4743 4966
f 4744 4743 4967
f 4968 4744 4967
f 4745 4744 4968
f 4969 4745 4968
f 4746 4745 4969
f 4970 4746 4969
f 4747 4746 4970
f 4971 4747 4970
f 4748 4747 4971
f 4819 4748 4971
f 4749 4748 4819
f 4789 4749 4819
f 4750 4749 4789
f 4953 4750 4789
f 4751 4750 4953
f 4955 4751 4953
f 4752 4751 4955
f 4956 4752 4955
f 4753 4752 4956
f 4957 4753 4956
f 4754 4753 4957
f 4958 4754 4957
f 4755 4754 4958
f 4959 4755 4958
f 4756 4755 4959
f 4960 4756 4959
f 4757 4756 4960
f 4961 4757 4960
f 4758 4757 4961
f 4962 4758 4961
f 4759 4758 4962
f 4821 4759 4962
f 4760 4759 4821
f 4820 4760 4821
f 4761 4760 4820
f 4824 4761 4820
f 4740 4761 4824
f 4972 4973 4974
f 4975 4972 4974
f 4972 4975 4976
f 4972 4976 4977
f 4972 4977 4978
f 4972 4978 4979
f 4972 4979 4980
f 4972 4980 4981
f 4972 4981 4982
f 4972 4982 4983
f 4972 4983 4984
f 4972 4984 4985
f 4972 4985 4986
f 4972 4986 4987
f 4972 4987 4988
f 4972 4988 4989
f 4972 4989 4990
f 4972 4990 4991
f 4972 4991 4992
f 4972 4992 4993
f 4972 4993 4994
f 4972 4994 4973
f 4995 4996 4997
f 4998 4999 5000
f 5001 5002 5003
f 5003 5002 5004
f 5003 5004 5005
f 5006 5007 5003
f 5003 5007 5008
f 5003 5008 5009
f 5010 5011 5003
f 5012 5013 5003
f 5003 5013 5014
f 5003 5014 5010
f 5015 5016 5003
f 5003 5016 5017
f 5003 5017 5018
f 5019 5020 5021
f 5022 4996 4995
f 5023 5024 5025
f 5026 5000 4999
f 5027 5028 5029
f 5030 5031 5032
f 5033 5031 5034
f 5035 5031 5030
f 5036 5037 5038
f 5039 5037 5036
f 5040 5041 5042
f 5043 5041 5040
f 5044 5045 5046
f 5047 5048 5049
f 5050 5049 5051
f 5047 5049 5050
f 5052 5047 5050
f 5053 5047 5052
f 5054 5053 5052
f 5046 5053 5054
f 5000 5055 5056
f 5057 5055 5000
f 5026 5057 5000
f 5058 5059 5060
f 5061 5024 5062
f 5063 5024 5023
f 5064 5065 5066
f 5067 5064 5066
f 5068 5064 5067
f 5069 5068 5067
f 5070 5071 5072
f 5073 5071 5070
f 5074 5075 5076
f 5072 5075 5074
f 5077 5078 5079
f 5080 5081 5082
f 5083 5081 5080
f 5084 5085 5086
f 5082 5085 5084
f 5087 5088 5089
f 5090 5088 5087
f 5091 5087 5092
f 5090 5087 5091
f 5086 5090 5091
f 5093 5090 5086
f 5085 5093 5086
f 5094 5095 5096
f 5017 5092 5018
f 5091 5092 5017
f 5016 5091 5017
f 5086 5091 5016
f 5015 5086 5016
f 5084 5086 5015
f 5010 5044 5011
f 5097 5044 5010
f 5014 5097 5010
f 5098 5097 5014
f 5013 5098 5014
f 5099 5098 5013
f 5012 5099 5013
f 5100 5099 5012
f 5008 5051 5009
f 5050 5051 5008
f 5007 5050 5008
f 5052 5050 5007
f 5006 5052 5007
f 5054 5052 5006
f 5004 5080 5005
f 5083 5080 5004
f 5002 5083 5004
f 5101 5083 5002
f 5001 5101 5002
f 5102 5101 5001
f 5103 5102 5001
f 5104 5102 5103
f 5019 5089 5020
f 5087 5089 5019
f 5105 5087 5019
f 5092 5087 5105
f 5106 5092 5105
f 5018 5092 5106
f 5107 5018 5106
f 5003 5018 5107
f 5044 5042 5045
f 5040 5042 5044
f 5097 5040 5044
f 5108 5040 5097
f 5098 5108 5097
f 5109 5108 5098
f 5099 5109 5098
f 5110 5109 5099
f 5100 5110 5099
f 5111 5110 5100
f 4999 5112 5026
f 5048 5112 4999
f 4998 5048 4999
f 5049 5048 4998
f 5113 5049 4998
f 5051 5049 5113
f 5114 5051 5113
f 5009 5051 5114
f 5115 5009 5114
f 5003 5009 5115
f 5054 5044 5046
f 5011 5044 5054
f 5006 5011 5054
f 5003 5011 5006
f 5116 5104 5117
f 5102 5104 5116
f 5118 5102 5116
f 5101 5102 5118
f 5119 5101 5118
f 5083 5101 5119
f 5120 5083 5119
f 5081 5083 5120
f 5121 5081 5120
f 5107 5122 5003
f 5123 5122 5107
f 5106 5123 5107
f 5124 5123 5106
f 5105 5124 5106
f 5125 5124 5105
f 5019 5125 5105
f 5126 5125 5019
f 5021 5126 5019
f 5127 5126 5021
f 5128 5127 5021
f 5084 5080 5082
f 5005 5080 5084
f 5015 5005 5084
f 5003 5005 5015
f 5043 5129 5130
f 5131 5129 5043
f 5040 5131 5043
f 5132 5131 5040
f 5108 5132 5040
f 5133 5132 5108
f 5109 5133 5108
f 5134 5133 5109
f 5110 5134 5109
f 5135 5134 5110
f 5111 5135 5110
f 5136 5135 5111
f 5137 5117 5138
f 5116 5117 5137
f 5139 5116 5137
f 5118 5116 5139
f 5140 5118 5139
f 5119 5118 5140
f 5141 5119 5140
f 5120 5119 5141
f 5079 5120 5141
f 5121 5120 5079
f 5078 5121 5079
f 5142 5136 5143
f 5135 5136 5142
f 5144 5135 5142
f 5134 5135 5144
f 5145 5134 5144
f 5133 5134 5145
f 5146 5133 5145
f 5132 5133 5146
f 5147 5132 5146
f 5131 5132 5147
f 5148 5131 5147
f 5129 5131 5148
f 5027 5129 5148
f 5130 5129 5027
f 5029 5130 5027
f 5058 5056 5059
f 5000 5056 5058
f 5149 5000 5058
f 4998 5000 5149
f 5150 4998 5149
f 5113 4998 5150
f 5151 5113 5150
f 5114 5113 5151
f 5152 5114 5151
f 5115 5114 5152
f 5153 5115 5152
f 5003 5115 5153
f 5154 5138 5155
f 5137 5138 5154
f 5156 5137 5154
f 5139 5137 5156
f 5157 5139 5156
f 5140 5139 5157
f 5158 5140 5157
f 5141 5140 5158
f 5159 5141 5158
f 5079 5141 5159
f 4997 5079 5159
f 5077 5079 4997
f 4996 5077 4997
f 5160 5077 4996
f 5022 5160 4996
f 5161 5143 5162
f 5142 5143 5161
f 5163 5142 5161
f 5144 5142 5163
f 5164 5144 5163
f 5145 5144 5164
f 5165 5145 5164
f 5146 5145 5165
f 5166 5146 5165
f 5147 5146 5166
f 5167 5147 5166
f 5148 5147 5167
f 5168 5148 5167
f 5027 5148 5168
f 5036 5027 5168
f 5028 5027 5036
f 5038 5028 5036
f 5169 5155 5170
f 5154 5155 5169
f 5171 5154 5169
f 5156 5154 5171
f 5172 5156 5171
f 5157 5156 5172
f 5173 5157 5172
f 5158 5157 5173
f 5174 5158 5173
f 5159 5158 5174
f 5175 5159 5174
f 4997 5159 5175
f 5176 4997 5175
f 4995 4997 5176
f 5076 4995 5176
f 5022 4995 5076
f 5094 5177 5178
f 5162 5177 5094
f 5096 5162 5094
f 5161 5162 5096
f 5179 5161 5096
f 5163 5161 5179
f 5180 5163 5179
f 5164 5163 5180
f 5181 5164 5180
f 5165 5164 5181
f 5182 5165 5181
f 5166 5165 5182
f 5183 5166 5182
f 5167 5166 5183
f 5184 5167 5183
f 5168 5167 5184
f 5035 5168 5184
f 5036 5168 5035
f 5030 5036 5035
f 5039 5036 5030
f 5032 5039 5030
f 5176 5074 5076
f 5185 5074 5176
f 5175 5185 5176
f 5186 5185 5175
f 5174 5186 5175
f 5187 5186 5174
f 5173 5187 5174
f 5188 5187 5173
f 5172 5188 5173
f 5189 5188 5172
f 5171 5189 5172
f 5190 5189 5171
f 5169 5190 5171
f 5191 5190 5169
f 5170 5191 5169
f 5035 5034 5031
f 5192 5034 5035
f 5184 5192 5035
f 5193 5192 5184
f 5183 5193 5184
f 5194 5193 5183
f 5182 5194 5183
f 5195 5194 5182
f 5181 5195 5182
f 5196 5195 5181
f 5180 5196 5181
f 5197 5196 5180
f 5179 5197 5180
f 5198 5197 5179
f 5096 5198 5179
f 5199 5198 5096
f 5095 5199 5096
f 5074 5070 5072
f 5200 5070 5074
f 5185 5200 5074
f 5201 5200 5185
f 5186 5201 5185
f 5202 5201 5186
f 5187 5202 5186
f 5203 5202 5187
f 5188 5203 5187
f 5204 5203 5188
f 5189 5204 5188
f 5205 5204 5189
f 5190 5205 5189
f 5206 5205 5190
f 5191 5206 5190
f 5001 5003 5103
f 5207 5023 5025
f 5208 5023 5207
f 5209 5208 5207
f 5210 5208 5209
f 5033 5210 5209
f 5211 5210 5033
f 5034 5211 5033
f 5212 5211 5034
f 5192 5212 5034
f 5213 5212 5192
f 5193 5213 5192
f 5214 5213 5193
f 5194 5214 5193
f 5215 5214 5194
f 5195 5215 5194
f 5216 5215 5195
f 5196 5216 5195
f 5217 5216 5196
f 5197 5217 5196
f 5065 5217 5197
f 5198 5065 5197
f 5066 5065 5198
f 5199 5066 5198
f 5177 5128 5178
f 5127 5128 5177
f 5162 5127 5177
f 5126 5127 5162
f 5143 5126 5162
f 5125 5126 5143
f 5136 5125 5143
f 5124 5125 5136
f 5111 5124 5136
f 5123 5124 5111
f 5100 5123 5111
f 5122 5123 5100
f 5012 5122 5100
f 5003 5122 5012
f 5218 5068 5069
f 5219 5068 5218
f 5073 5219 5218
f 5220 5219 5073
f 5070 5220 5073
f 5221 5220 5070
f 5200 5221 5070
f 5222 5221 5200
f 5201 5222 5200
f 5223 5222 5201
f 5202 5223 5201
f 5224 5223 5202
f 5203 5224 5202
f 5225 5224 5203
f 5204 5225 5203
f 5226 5225 5204
f 5205 5226 5204
f 5063 5226 5205
f 5206 5063 5205
f 5024 5063 5206
f 5191 5024 5206
f 5062 5024 5191
f 5170 5062 5191
f 5062 5060 5061
f 5058 5060 5062
f 5170 5058 5062
f 5149 5058 5170
f 5155 5149 5170
f 5150 5149 5155
f 5138 5150 5155
f 5151 5150 5138
f 5117 5151 5138
f 5152 5151 5117
f 5104 5152 5117
f 5153 5152 5104
f 5103 5153 5104
f 5003 5153 5103
f 5219 4973 5068
f 4974 4973 5219
f 5220 4974 5219
f 4975 4974 5220
f 5221 4975 5220
f 4976 4975 5221
f 5222 4976 5221
f 4977 4976 5222
f 5223 4977 5222
f 4978 4977 5223
f 5224 4978 5223
f 4979 4978 5224
f 5225 4979 5224
f 4980 4979 5225
f 5226 4980 5225
f 4981 4980 5226
f 5063 4981 5226
f 4982 4981 5063
f 5023 4982 5063
f 4983 4982 5023
f 5208 4983 5023
f 4984 4983 5208
f 5210 4984 5208
f 4985 4984 5210
f 5211 4985 5210
f 4986 4985 5211
f 5212 4986 5211
f 4987 4986 5212
f 5213 4987 5212
f 4988 4987 5213
f 5214 4988 5213
f 4989 4988 5214
f 5215 4989 5214
f 4990 4989 5215
f 5216 4990 5215
f 4991 4990 5216
f 5217 4991 5216
f 4992 4991 5217
f 5065 4992 5217
f 4993 4992 5065
f 5064 4993 5065
f 4994 4993 5064
f 5068 4994 5064
f 4973 4994 5068
f 5227 5228 5229
f 5230 5231 5232
f 5233 5232 5234
f 5199 5234 5066
f 5235 5234 5199
f 5095 5235 5199
f 5236 5235 5095
f 5094 5236 5095
f 5178 5236 5094
f 5237 5236 5178
f 5128 5237 5178
f 5238 5237 5128
f 5021 5238 5128
f 5020 5238 5021
f 5239 5238 5020
f 5089 5239 5020
f 5240 5241 5239
f 5088 5239 5089
f 5240 5239 5088
f 5090 5240 5088
f 5242 5243 5244
f 5245 5243 5242
f 5246 5245 5242
f 5247 5245 5246
f 5248 5247 5246
f 5249 5247 5248
f 5250 5247 5249
f 5251 5250 5249
f 5252 5250 5251
f 5253 5252 5251
f 5254 5252 5253
f 5230 5252 5254
f 5255 5230 5254
f 5256 5230 5255
f 5231 5230 5256
f 5257 5231 5256
f 5235 5233 5234
f 5258 5233 5235
f 5236 5258 5235
f 5259 5258 5236
f 5237 5259 5236
f 5260 5259 5237
f 5238 5260 5237
f 5227 5260 5238
f 5239 5227 5238
f 5228 5227 5239
f 5241 5228 5239
f 5233 5230 5232
f 5252 5230 5233
f 5258 5252 5233
f 5250 5252 5258
f 5259 5250 5258
f 5247 5250 5259
f 5260 5247 5259
f 5245 5247 5260
f 5227 5245 5260
f 5243 5245 5227
f 5229 5243 5227
f 5261 5262 5263
f 5264 5263 5265
f 5266 5265 5267
f 5268 5265 5266
f 5269 5268 5266
f 5270 5268 5269
f 5271 5270 5269
f 5272 5270 5271
f 5273 5270 5272
f 5274 5273 5272
f 5275 5273 5274
f 5276 5275 5274
f 5277 5275 5276
f 5278 5275 5277
f 5279 5278 5277
f 5280 5281 5278
f 5282 5278 5279
f 5280 5278 5282
f 5283 5280 5282
f 5284 5285 5286
f 5287 5285 5284
f 5288 5287 5284
f 5289 5287 5288
f 5290 5287 5289
f 5291 5290 5289
f 5292 5290 5291
f 5293 5292 5291
f 5294 5292 5293
f 5261 5292 5294
f 5295 5261 5294
f 5296 5261 5295
f 5262 5261 5296
f 5297 5262 5296
f 5268 5264 5265
f 5298 5264 5268
f 5270 5298 5268
f 5299 5298 5270
f 5273 5299 5270
f 5300 5299 5273
f 5275 5300 5273
f 5301 5300 5275
f 5278 5301 5275
f 5302 5301 5278
f 5281 5302 5278
f 5303 5285 5304
f 5286 5285 5303
f 5305 5286 5303
f 5264 5261 5263
f 5292 5261 5264
f 5298 5292 5264
f 5290 5292 5298
f 5299 5290 5298
f 5287 5290 5299
f 5300 5287 5299
f 5285 5287 5300
f 5301 5285 5300
f 5304 5285 5301
f 5302 5304 5301
f 5306 5307 5308
f 5309 5306 5308
f 5306 5309 5310
f 5306 5310 5311
f 5306 5311 5312
f 5306 5312 5313
f 5306 5313 5314
f 5306 5314 5315
f 5306 5315 5316
f 5306 5316 5317
f 5306 5317 5318
f 5306 5318 5319
f 5306 5319 5320
f 5306 5320 5321
f 5306 5321 5322
f 5306 5322 5323
f 5306 5323 5324
f 5306 5324 5325
f 5306 5325 5326
f 5306 5326 5327
f 5306 5327 5328
f 5306 5328 5307
f 5329 5330 5331
f 5332 5333 5334
f 5335 5336 5337
f 5338 5339 5340
f 5340 5339 5341
f 5340 5341 5342
f 5343 5344 5340
f 5340 5344 5345
f 5340 5345 5346
f 5347 5348 5340
f 5349 5350 5340
f 5340 5350 5351
f 5340 5351 5347
f 5352 5353 5340
f 5354 5355 5340
f 5340 5355 5356
f 5340 5356 5352
f 5251 5330 5329
f 5357 5358 5359
f 5360 5334 5333
f 5361 5362 5363
f 5364 5365 5366
f 5367 5365 5368
f 5369 5365 5364
f 5370 5371 5372
f 5373 5371 5370
f 5374 5375 5376
f 5377 5375 5374
f 5378 5379 5380
f 5381 5382 5383
f 5384 5383 5385
f 5381 5383 5384
f 5386 5381 5384
f 5387 5381 5386
f 5388 5387 5386
f 5380 5387 5388
f 5334 5389 5390
f 5391 5389 5334
f 5360 5391 5334
f 5392 5393 5394
f 5395 5358 5396
f 5397 5358 5357
f 5398 5399 5267
f 5400 5398 5267
f 5401 5398 5400
f 5402 5401 5400
f 5403 5256 5255
f 5257 5256 5403
f 5404 5254 5253
f 5255 5254 5404
f 5248 5246 5405
f 5406 5244 5407
f 5408 5244 5406
f 5337 5277 5276
f 5279 5277 5337
f 5336 5279 5337
f 5282 5279 5336
f 5283 5282 5336
f 5271 5269 5409
f 5352 5410 5353
f 5411 5410 5352
f 5356 5411 5352
f 5412 5411 5356
f 5355 5412 5356
f 5413 5412 5355
f 5354 5413 5355
f 5414 5413 5354
f 5347 5378 5348
f 5415 5378 5347
f 5351 5415 5347
f 5416 5415 5351
f 5350 5416 5351
f 5417 5416 5350
f 5349 5417 5350
f 5418 5417 5349
f 5345 5385 5346
f 5384 5385 5345
f 5344 5384 5345
f 5386 5384 5344
f 5343 5386 5344
f 5388 5386 5343
f 5341 5406 5342
f 5408 5406 5341
f 5339 5408 5341
f 5419 5408 5339
f 5338 5419 5339
f 5420 5419 5338
f 5421 5420 5338
f 5422 5420 5421
f 5411 5335 5410
f 5336 5335 5411
f 5412 5336 5411
f 5283 5336 5412
f 5413 5283 5412
f 5423 5283 5413
f 5414 5423 5413
f 5407 5423 5414
f 5378 5376 5379
f 5374 5376 5378
f 5415 5374 5378
f 5424 5374 5415
f 5416 5424 5415
f 5425 5424 5416
f 5417 5425 5416
f 5426 5425 5417
f 5418 5426 5417
f 5427 5426 5418
f 5333 5428 5360
f 5382 5428 5333
f 5332 5382 5333
f 5383 5382 5332
f 5429 5383 5332
f 5385 5383 5429
f 5430 5385 5429
f 5346 5385 5430
f 5431 5346 5430
f 5340 5346 5431
f 5388 5378 5380
f 5348 5378 5388
f 5343 5348 5388
f 5340 5348 5343
f 5432 5422 5433
f 5420 5422 5432
f 5434 5420 5432
f 5419 5420 5434
f 5435 5419 5434
f 5408 5419 5435
f 5436 5408 5435
f 5244 5408 5436
f 5242 5244 5436
f 5353 5437 5340
f 5438 5437 5353
f 5410 5438 5353
f 5439 5438 5410
f 5335 5439 5410
f 5440 5439 5335
f 5337 5440 5335
f 5441 5440 5337
f 5276 5441 5337
f 5442 5441 5276
f 5274 5442 5276
f 5414 5406 5407
f 5342 5406 5414
f 5354 5342 5414
f 5340 5342 5354
f 5377 5443 5444
f 5445 5443 5377
f 5374 5445 5377
f 5446 5445 5374
f 5424 5446 5374
f 5447 5446 5424
f 5425 5447 5424
f 5448 5447 5425
f 5426 5448 5425
f 5449 5448 5426
f 5427 5449 5426
f 5450 5449 5427
f 5451 5433 5452
f 5432 5433 5451
f 5453 5432 5451
f 5434 5432 5453
f 5454 5434 5453
f 5435 5434 5454
f 5455 5435 5454
f 5436 5435 5455
f 5405 5436 5455
f 5242 5436 5405
f 5246 5242 5405
f 5456 5450 5457
f 5449 5450 5456
f 5458 5449 5456
f 5448 5449 5458
f 5459 5448 5458
f 5447 5448 5459
f 5460 5447 5459
f 5446 5447 5460
f 5461 5446 5460
f 5445 5446 5461
f 5462 5445 5461
f 5443 5445 5462
f 5361 5443 5462
f 5444 5443 5361
f 5363 5444 5361
f 5392 5390 5393
f 5334 5390 5392
f 5463 5334 5392
f 5332 5334 5463
f 5464 5332 5463
f 5429 5332 5464
f 5465 5429 5464
f 5430 5429 5465
f 5466 5430 5465
f 5431 5430 5466
f 5467 5431 5466
f 5340 5431 5467
f 5468 5452 5469
f 5451 5452 5468
f 5470 5451 5468
f 5453 5451 5470
f 5471 5453 5470
f 5454 5453 5471
f 5472 5454 5471
f 5455 5454 5472
f 5473 5455 5472
f 5405 5455 5473
f 5331 5405 5473
f 5248 5405 5331
f 5330 5248 5331
f 5249 5248 5330
f 5251 5249 5330
f 5474 5457 5475
f 5456 5457 5474
f 5476 5456 5474
f 5458 5456 5476
f 5477 5458 5476
f 5459 5458 5477
f 5478 5459 5477
f 5460 5459 5478
f 5479 5460 5478
f 5461 5460 5479
f 5480 5461 5479
f 5462 5461 5480
f 5481 5462 5480
f 5361 5462 5481
f 5370 5361 5481
f 5362 5361 5370
f 5372 5362 5370
f 5482 5469 5483
f 5468 5469 5482
f 5484 5468 5482
f 5470 5468 5484
f 5485 5470 5484
f 5471 5470 5485
f 5486 5471 5485
f 5472 5471 5486
f 5487 5472 5486
f 5473 5472 5487
f 5488 5473 5487
f 5331 5473 5488
f 5489 5331 5488
f 5329 5331 5489
f 5253 5329 5489
f 5251 5329 5253
f 5271 5490 5272
f 5475 5490 5271
f 5409 5475 5271
f 5474 5475 5409
f 5491 5474 5409
f 5476 5474 5491
f 5492 5476 5491
f 5477 5476 5492
f 5493 5477 5492
f 5478 5477 5493
f 5494 5478 5493
f 5479 5478 5494
f 5495 5479 5494
f 5480 5479 5495
f 5496 5480 5495
f 5481 5480 5496
f 5369 5481 5496
f 5370 5481 5369
f 5364 5370 5369
f 5373 5370 5364
f 5366 5373 5364
f 5489 5404 5253
f 5497 5404 5489
f 5488 5497 5489
f 5498 5497 5488
f 5487 5498 5488
f 5499 5498 5487
f 5486 5499 5487
f 5500 5499 5486
f 5485 5500 5486
f 5501 5500 5485
f 5484 5501 5485
f 5502 5501 5484
f 5482 5502 5484
f 5503 5502 5482
f 5483 5503 5482
f 5369 5368 5365
f 5504 5368 5369
f 5496 5504 5369
f 5505 5504 5496
f 5495 5505 5496
f 5506 5505 5495
f 5494 5506 5495
f 5507 5506 5494
f 5493 5507 5494
f 5508 5507 5493
f 5492 5508 5493
f 5509 5508 5492
f 5491 5509 5492
f 5510 5509 5491
f 5409 5510 5491
f 5266 5510 5409
f 5269 5266 5409
f 5404 5403 5255
f 5511 5403 5404
f 5497 5511 5404
f 5512 5511 5497
f 5498 5512 5497
f 5513 5512 5498
f 5499 5513 5498
f 5514 5513 5499
f 5500 5514 5499
f 5515 5514 5500
f 5501 5515 5500
f 5516 5515 5501
f 5502 5516 5501
f 5517 5516 5502
f 5503 5517 5502
f 5338 5340 5421
f 5518 5357 5359
f 5519 5357 5518
f 5520 5519 5518
f 5521 5519 5520
f 5367 5521 5520
f 5522 5521 5367
f 5368 5522 5367
f 5523 5522 5368
f 5504 5523 5368
f 5524 5523 5504
f 5505 5524 5504
f 5525 5524 5505
f 5506 5525 5505
f 5526 5525 5506
f 5507 5526 5506
f 5527 5526 5507
f 5508 5527 5507
f 5528 5527 5508
f 5509 5528 5508
f 5399 5528 5509
f 5510 5399 5509
f 5267 5399 5510
f 5266 5267 5510
f 5490 5274 5272
f 5442 5274 5490
f 5475 5442 5490
f 5441 5442 5475
f 5457 5441 5475
f 5440 5441 5457
f 5450 5440 5457
f 5439 5440 5450
f 5427 5439 5450
f 5438 5439 5427
f 5418 5438 5427
f 5437 5438 5418
f 5349 5437 5418
f 5340 5437 5349
f 5529 5401 5402
f 5530 5401 5529
f 5257 5530 5529
f 5531 5530 5257
f 5403 5531 5257
f 5532 5531 5403
f 5511 5532 5403
f 5533 5532 5511
f 5512 5533 5511
f 5534 5533 5512
f 5513 5534 5512
f 5535 5534 5513
f 5514 5535 5513
f 5536 5535 5514
f 5515 5536 5514
f 5537 5536 5515
f 5516 5537 5515
f 5397 5537 5516
f 5517 5397 5516
f 5358 5397 5517
f 5503 5358 5517
f 5396 5358 5503
f 5483 5396 5503
f 5396 5394 5395
f 5392 5394 5396
f 5483 5392 5396
f 5463 5392 5483
f 5469 5463 5483
f 5464 5463 5469
f 5452 5464 5469
f 5465 5464 5452
f 5433 5465 5452
f 5466 5465 5433
f 5422 5466 5433
f 5467 5466 5422
f 5421 5467 5422
f 5340 5467 5421
f 5530 5307 5401
f 5308 5307 5530
f 5531 5308 5530
f 5309 5308 5531
f 5532 5309 5531
f 5310 5309 5532
f 5533 5310 5532
f 5311 5310 5533
f 5534 5311 5533
f 5312 5311 5534
f 5535 5312 5534
f 5313 5312 5535
f 5536 5313 5535
f 5314 5313 5536
f 5537 5314 5536
f 5315 5314 5537
f 5397 5315 5537
f 5316 5315 5397
f 5357 5316 5397
f 5317 5316 5357
f 5519 5317 5357
f 5318 5317 5519
f 5521 5318 5519
f 5319 5318 5521
f 5522 5319 5521
f 5320 5319 5522
f 5523 5320 5522
f 5321 5320 5523
f 5524 5321 5523
f 5322 5321 5524
f 5525 5322 5524
f 5323 5322 5525
f 5526 5323 5525
f 5324 5323 5526
f 5527 5324 5526
f 5325 5324 5527
f 5528 5325 5527
f 5326 5325 5528
f 5399 5326 5528
f 5327 5326 5399
f 5398 5327 5399
f 5328 5327 5398
f 5401 5328 5398
f 5307 5328 5401
f 5538 5539 5540
f 5541 5444 5542
f 5377 5444 5541
f 5543 5375 5544
f 5376 5375 5543
f 5542 5362 5372
f 5363 5362 5542
f 5444 5363 5542
f 5372 5545 5542
f 5546 5545 5372
f 5371 5546 5372
f 5373 5546 5371
f 5547 5546 5373
f 5366 5547 5373
f 5365 5547 5366
f 5548 5547 5365
f 5367 5548 5365
f 5549 5550 5551
f 5552 5550 5549
f 5553 5552 5549
f 5554 5552 5553
f 5554 5555 5556
f 5557 5555 5554
f 5553 5557 5554
f 5556 5558 5554
f 5559 5558 5556
f 5560 5559 5556
f 5561 5559 5560
f 5538 5559 5561
f 5562 5538 5561
f 5563 5538 5562
f 5539 5538 5563
f 5564 5539 5563
f 5544 5541 5540
f 5377 5541 5544
f 5375 5377 5544
f 5541 5538 5540
f 5559 5538 5541
f 5542 5559 5541
f 5558 5559 5542
f 5545 5558 5542
f 5554 5558 5545
f 5546 5554 5545
f 5552 5554 5546
f 5547 5552 5546
f 5550 5552 5547
f 5548 5550 5547
f 5565 5566 5567
f 5568 5567 5569
f 5570 5571 5572
f 5573 5569 5574
f 5575 5569 5573
f 5576 5575 5573
f 5577 5575 5576
f 5578 5577 5576
f 5579 5577 5578
f 5580 5577 5579
f 5581 5580 5579
f 5582 5580 5581
f 5583 5582 5581
f 5584 5582 5583
f 5585 5582 5584
f 5586 5585 5584
f 5587 5585 5586
f 5588 5585 5587
f 5589 5588 5587
f 5590 5572 5591
f 5570 5572 5590
f 5592 5570 5590
f 5593 5570 5592
f 5594 5593 5592
f 5595 5593 5594
f 5596 5593 5595
f 5597 5596 5595
f 5598 5596 5597
f 5599 5598 5597
f 5600 5598 5599
f 5565 5598 5600
f 5601 5565 5600
f 5602 5565 5601
f 5566 5565 5602
f 5603 5566 5602
f 5604 5605 5606
f 5575 5568 5569
f 5607 5568 5575
f 5577 5607 5575
f 5608 5607 5577
f 5580 5608 5577
f 5609 5608 5580
f 5582 5609 5580
f 5606 5609 5582
f 5585 5606 5582
f 5604 5606 5585
f 5588 5604 5585
f 5568 5565 5567
f 5598 5565 5568
f 5607 5598 5568
f 5596 5598 5607
f 5608 5596 5607
f 5593 5596 5608
f 5609 5593 5608
f 5570 5593 5609
f 5606 5570 5609
f 5571 5570 5606
f 5605 5571 5606
f 5610 5611 5612
f 5613 5610 5612
f 5610 5613 5614
f 5610 5614 5615
f 5610 5615 5616
f 5610 5616 5617
f 5610 5617 5618
f 5610 5618 5619
f 5610 5619 5620
f 5610 5620 5621
f 5610 5621 5622
f 5610 5622 5623
f 5610 5623 5624
f 5610 5624 5625
f 5610 5625 5626
f 5610 5626 5627
f 5610 5627 5628
f 5610 5628 5629
f 5610 5629 5630
f 5610 5630 5631
f 5610 5631 5632
f 5610 5632 5611
f 5633 5634 5635
f 5636 5637 5638
f 5639 5640 5641
f 5641 5640 5642
f 5641 5642 5643
f 5644 5645 5641
f 5641 5645 5646
f 5641 5646 5647
f 5648 5649 5641
f 5650 5651 5641
f 5641 5651 5652
f 5641 5652 5648
f 5653 5654 5641
f 5641 5654 5655
f 5641 5655 5656
f 5657 5584 5583
f 5658 5634 5633
f 5659 5660 5661
f 5662 5638 5637
f 5663 5664 5665
f 5666 5667 5668
f 5669 5667 5670
f 5671 5667 5666
f 5672 5673 5674
f 5675 5673 5672
f 5676 5677 5678
f 5679 5677 5676
f 5680 5681 5682
f 5683 5684 5685
f 5686 5685 5687
f 5683 5685 5686
f 5688 5683 5686
f 5689 5683 5688
f 5690 5689 5688
f 5682 5689 5690
f 5638 5691 5692
f 5693 5691 5638
f 5662 5693 5638
f 5694 5695 5696
f 5697 5660 5698
f 5699 5660 5659
f 5700 5701 5574
f 5702 5700 5574
f 5703 5700 5702
f 5704 5703 5702
f 5705 5706 5707
f 5708 5706 5705
f 5709 5710 5711
f 5707 5710 5709
f 5712 5713 5714
f 5715 5716 5717
f 5718 5719 5720
f 5716 5719 5718
f 5721 5587 5586
f 5589 5587 5721
f 5722 5721 5723
f 5589 5721 5722
f 5720 5589 5722
f 5724 5589 5720
f 5719 5724 5720
f 5578 5576 5725
f 5655 5723 5656
f 5722 5723 5655
f 5654 5722 5655
f 5720 5722 5654
f 5653 5720 5654
f 5718 5720 5653
f 5648 5680 5649
f 5726 5680 5648
f 5652 5726 5648
f 5727 5726 5652
f 5651 5727 5652
f 5728 5727 5651
f 5650 5728 5651
f 5729 5728 5650
f 5646 5687 5647
f 5686 5687 5646
f 5645 5686 5646
f 5688 5686 5645
f 5644 5688 5645
f 5690 5688 5644
f 5642 5730 5643
f 5731 5730 5642
f 5640 5731 5642
f 5732 5731 5640
f 5639 5732 5640
f 5733 5732 5639
f 5734 5733 5639
f 5735 5733 5734
f 5657 5586 5584
f 5721 5586 5657
f 5736 5721 5657
f 5723 5721 5736
f 5737 5723 5736
f 5656 5723 5737
f 5738 5656 5737
f 5641 5656 5738
f 5680 5678 5681
f 5676 5678 5680
f 5726 5676 5680
f 5739 5676 5726
f 5727 5739 5726
f 5740 5739 5727
f 5728 5740 5727
f 5741 5740 5728
f 5729 5741 5728
f 5742 5741 5729
f 5637 5743 5662
f 5684 5743 5637
f 5636 5684 5637
f 5685 5684 5636
f 5744 5685 5636
f 5687 5685 5744
f 5745 5687 5744
f 5647 5687 5745
f 5746 5647 5745
f 5641 5647 5746
f 5690 5680 5682
f 5649 5680 5690
f 5644 5649 5690
f 5641 5649 5644
f 5747 5735 5748
f 5733 5735 5747
f 5749 5733 5747
f 5732 5733 5749
f 5750 5732 5749
f 5731 5732 5750
f 5717 5731 5750
f 5738 5751 5641
f 5752 5751 5738
f 5737 5752 5738
f 5753 5752 5737
f 5736 5753 5737
f 5754 5753 5736
f 5657 5754 5736
f 5755 5754 5657
f 5583 5755 5657
f 5756 5755 5583
f 5581 5756 5583
f 5716 5731 5717
f 5730 5731 5716
f 5718 5730 5716
f 5643 5730 5718
f 5653 5643 5718
f 5641 5643 5653
f 5679 5757 5758
f 5759 5757 5679
f 5676 5759 5679
f 5760 5759 5676
f 5739 5760 5676
f 5761 5760 5739
f 5740 5761 5739
f 5762 5761 5740
f 5741 5762 5740
f 5763 5762 5741
f 5742 5763 5741
f 5764 5763 5742
f 5765 5748 5766
f 5747 5748 5765
f 5767 5747 5765
f 5749 5747 5767
f 5768 5749 5767
f 5750 5749 5768
f 5769 5750 5768
f 5717 5750 5769
f 5714 5717 5769
f 5715 5717 5714
f 5713 5715 5714
f 5770 5764 5771
f 5763 5764 5770
f 5772 5763 5770
f 5762 5763 5772
f 5773 5762 5772
f 5761 5762 5773
f 5774 5761 5773
f 5760 5761 5774
f 5775 5760 5774
f 5759 5760 5775
f 5776 5759 5775
f 5757 5759 5776
f 5663 5757 5776
f 5758 5757 5663
f 5665 5758 5663
f 5694 5692 5695
f 5638 5692 5694
f 5777 5638 5694
f 5636 5638 5777
f 5778 5636 5777
f 5744 5636 5778
f 5779 5744 5778
f 5745 5744 5779
f 5780 5745 5779
f 5746 5745 5780
f 5781 5746 5780
f 5641 5746 5781
f 5782 5766 5783
f 5765 5766 5782
f 5784 5765 5782
f 5767 5765 5784
f 5785 5767 5784
f 5768 5767 5785
f 5786 5768 5785
f 5769 5768 5786
f 5787 5769 5786
f 5714 5769 5787
f 5635 5714 5787
f 5712 5714 5635
f 5634 5712 5635
f 5788 5712 5634
f 5658 5788 5634
f 5789 5771 5790
f 5770 5771 5789
f 5791 5770 5789
f 5772 5770 5791
f 5792 5772 5791
f 5773 5772 5792
f 5793 5773 5792
f 5774 5773 5793
f 5794 5774 5793
f 5775 5774 5794
f 5795 5775 5794
f 5776 5775 5795
f 5796 5776 5795
f 5663 5776 5796
f 5672 5663 5796
f 5664 5663 5672
f 5674 5664 5672
f 5797 5783 5798
f 5782 5783 5797
f 5799 5782 5797
f 5784 5782 5799
f 5800 5784 5799
f 5785 5784 5800
f 5801 5785 5800
f 5786 5785 5801
f 5802 5786 5801
f 5787 5786 5802
f 5803 5787 5802
f 5635 5787 5803
f 5804 5635 5803
f 5633 5635 5804
f 5711 5633 5804
f 5658 5633 5711
f 5578 5805 5579
f 5790 5805 5578
f 5725 5790 5578
f 5789 5790 5725
f 5806 5789 5725
f 5791 5789 5806
f 5807 5791 5806
f 5792 5791 5807
f 5808 5792 5807
f 5793 5792 5808
f 5809 5793 5808
f 5794 5793 5809
f 5810 5794 5809
f 5795 5794 5810
f 5811 5795 5810
f 5796 5795 5811
f 5671 5796 5811
f 5672 5796 5671
f 5666 5672 5671
f 5675 5672 5666
f 5668 5675 5666
f 5804 5709 5711
f 5812 5709 5804
f 5803 5812 5804
f 5813 5812 5803
f 5802 5813 5803
f 5814 5813 5802
f 5801 5814 5802
f 5815 5814 5801
f 5800 5815 5801
f 5816 5815 5800
f 5799 5816 5800
f 5817 5816 5799
f 5797 5817 5799
f 5818 5817 5797
f 5798 5818 5797
f 5671 5670 5667
f 5819 5670 5671
f 5811 5819 5671
f 5820 5819 5811
f 5810 5820 5811
f 5821 5820 5810
f 5809 5821 5810
f 5822 5821 5809
f 5808 5822 5809
f 5823 5822 5808
f 5807 5823 5808
f 5824 5823 5807
f 5806 5824 5807
f 5825 5824 5806
f 5725 5825 5806
f 5573 5825 5725
f 5576 5573 5725
f 5709 5705 5707
f 5826 5705 5709
f 5812 5826 5709
f 5827 5826 5812
f 5813 5827 5812
f 5828 5827 5813
f 5814 5828 5813
f 5829 5828 5814
f 5815 5829 5814
f 5830 5829 5815
f 5816 5830 5815
f 5831 5830 5816
f 5817 5831 5816
f 5832 5831 5817
f 5818 5832 5817
f 5639 5641 5734
f 5833 5659 5661
f 5834 5659 5833
f 5835 5834 5833
f 5836 5834 5835
f 5669 5836 5835
f 5837 5836 5669
f 5670 5837 5669
f 5838 5837 5670
f 5819 5838 5670
f 5839 5838 5819
f 5820 5839 5819
f 5840 5839 5820
f 5821 5840 5820
f 5841 5840 5821
f 5822 5841 5821
f 5842 5841 5822
f 5823 5842 5822
f 5843 5842 5823
f 5824 5843 5823
f 5701 5843 5824
f 5825 5701 5824
f 5574 5701 5825
f 5573 5574 5825
f 5805 5581 5579
f 5756 5581 5805
f 5790 5756 5805
f 5755 5756 5790
f 5771 5755 5790
f 5754 5755 5771
f 5764 5754 5771
f 5753 5754 5764
f 5742 5753 5764
f 5752 5753 5742
f 5729 5752 5742
f 5751 5752 5729
f 5650 5751 5729
f 5641 5751 5650
f 5844 5703 5704
f 5845 5703 5844
f 5708 5845 5844
f 5846 5845 5708
f 5705 5846 5708
f 5847 5846 5705
f 5826 5847 5705
f 5848 5847 5826
f 5827 5848 5826
f 5849 5848 5827
f 5828 5849 5827
f 5850 5849 5828
f 5829 5850 5828
f 5851 5850 5829
f 5830 5851 5829
f 5852 5851 5830
f 5831 5852 5830
f 5699 5852 5831
f 5832 5699 5831
f 5660 5699 5832
f 5818 5660 5832
f 5698 5660 5818
f 5798 5698 5818
f 5698 5696 5697
f 5694 5696 5698
f 5798 5694 5698
f 5777 5694 5798
f 5783 5777 5798
f 5778 5777 5783
f 5766 5778 5783
f 5779 5778 5766
f 5748 5779 5766
f 5780 5779 5748
f 5735 5780 5748
f 5781 5780 5735
f 5734 5781 5735
f 5641 5781 5734
f 5845 5611 5703
f 5612 5611 5845
f 5846 5612 5845
f 5613 5612 5846
f 5847 5613 5846
f 5614 5613 5847
f 5848 5614 5847
f 5615 5614 5848
f 5849 5615 5848
f 5616 5615 5849
f 5850 5616 5849
f 5617 5616 5850
f 5851 5617 5850
f 5618 5617 5851
f 5852 5618 5851
f 5619 5618 5852
f 5699 5619 5852
f 5620 5619 5699
f 5659 5620 5699
f 5621 5620 5659
f 5834 5621 5659
f 5622 5621 5834
f 5836 5622 5834
f 5623 5622 5836
f 5837 5623 5836
f 5624 5623 5837
f 5838 5624 5837
f 5625 5624 5838
f 5839 5625 5838
f 5626 5625 5839
f 5840 5626 5839
f 5627 5626 5840
f 5841 5627 5840
f 5628 5627 5841
f 5842 5628 5841
f 5629 5628 5842
f 5843 5629 5842
f 5630 5629 5843
f 5701 5630 5843
f 5631 5630 5701
f 5700 5631 5701
f 5632 5631 5700
f 5703 5632 5700
f 5611 5632 5703
f 5853 5854 5855
f 5856 5854 5853
f 5857 5856 5853
f 5858 5856 5857
f 5859 5858 5857
f 5860 5858 5859
f 5861 5860 5859
f 5862 5860 5861
f 5863 5862 5861
f 5864 5862 5863
f 5865 5864 5863
f 5866 5864 5865
f 5867 5866 5865
f 5868 5866 5867
f 5869 5868 5867
f 5870 5868 5869
f 5871 5870 5869
f 5872 5870 5871
f 5873 5872 5871
f 5874 5872 5873
f 5875 5874 5873
f 5876 5874 5875
f 5877 5876 5875
f 5878 5876 5877
f 5879 5878 5877
f 5880 5878 5879
f 5881 5880 5879
f 5882 5880 5881
f 5883 5882 5881
f 5884 5882 5883
f 5885 5884 5883
f 5886 5884 5885
f 5887 5886 5885
f 5888 5886 5887
f 5889 5888 5887
f 5890 5888 5889
f 5891 5890 5889
f 5892 5890 5891
f 5893 5892 5891
f 5894 5892 5893
f 5895 5894 5893
f 5896 5894 5895
f 5897 5896 5895
f 5898 5896 5897
f 5899 5898 5897
f 5900 5898 5899
f 5901 5900 5899
f 5902 5900 5901
f 5903 5902 5901
f 5904 5902 5903
f 5905 5904 5903
f 5906 5904 5905
f 5907 5906 5905
f 5908 5906 5907
f 5909 5908 5907
f 5910 5908 5909
f 5911 5910 5909
f 5912 5910 5911
f 5913 5912 5911
f 5914 5912 5913
f 5915 5914 5913
f 5916 5914 5915
f 5917 5916 5915
f 5918 5916 5917
f 5919 5918 5917
f 5920 5918 5919
f 5921 5920 5919
f 5922 5920 5921
f 5855 5922 5921
f 5854 5922 5855
f 5854 5923 5922
f 5924 5923 5854
f 5856 5924 5854
f 5925 5924 5856
f 5858 5925 5856
f 5926 5925 5858
f 5860 5926 5858
f 5927 5926 5860
f 5862 5927 5860
f 5928 5927 5862
f 5864 5928 5862
f 5929 5928 5864
f 5866 5929 5864
f 5930 5929 5866
f 5868 5930 5866
f 5931 5930 5868
f 5870 5931 5868
f 5932 5931 5870
f 5872 5932 5870
f 5933 5932 5872
f 5874 5933 5872
f 5934 5933 5874
f 5876 5934 5874
f 5935 5934 5876
f 5878 5935 5876
f 5936 5935 5878
f 5880 5936 5878
f 5937 5936 5880
f 5882 5937 5880
f 5938 5937 5882
f 5884 5938 5882
f 5939 5938 5884
f 5886 5939 5884
f 5940 5939 5886
f 5888 5940 5886
f 5941 5940 5888
f 5890 5941 5888
f 5942 5941 5890
f 5892 5942 5890
f 5943 5942 5892
f 5894 5943 5892
f 5944 5943 5894
f 5896 5944 5894
f 5945 5944 5896
f 5898 5945 5896
f 5946 5945 5898
f 5900 5946 5898
f 5947 5946 5900
f 5902 5947 5900
f 5948 5947 5902
f 5904 5948 5902
f 5949 5948 5904
f 5906 5949 5904
f 5950 5949 5906
f 5908 5950 5906
f 5951 5950 5908
f 5910 5951 5908
f 5952 5951 5910
f 5912 5952 5910
f 5953 5952 5912
f 5914 5953 5912
f 5954 5953 5914
f 5916 5954 5914
f 5955 5954 5916
f 5918 5955 5916
f 5956 5955 5918
f 5920 5956 5918
f 5957 5956 5920
f 5922 5957 5920
f 5923 5957 5922
f 5923 5958 5957
f 5959 5958 5923
f 5924 5959 5923
f 5960 5959 5924
f 5925 5960 5924
f 5961 5960 5925
f 5926 5961 5925
f 5962 5961 5926
f 5927 5962 5926
f 5963 5962 5927
f 5928 5963 5927
f 5964 5963 5928
f 5929 5964 5928
f 5965 5964 5929
f 5930 5965 5929
f 5966 5965 5930
f 5931 5966 5930
f 5967 5966 5931
f 5932 5967 5931
f 5968 5967 5932
f 5933 5968 5932
f 5969 5968 5933
f 5934 5969 5933
f 5970 5969 5934
f 5935 5970 5934
f 5971 5970 5935
f 5936 5971 5935
f 5972 5971 5936
f 5937 5972 5936
f 5973 5972 5937
f 5938 5973 5937
f 5974 5973 5938
f 5939 5974 5938
f 5975 5974 5939
f 5940 5975 5939
f 5976 5975 5940
f 5941 5976 5940
f 5977 5976 5941
f 5942 5977 5941
f 5978 5977 5942
f 5943 5978 5942
f 5979 5978 5943
f 5944 5979 5943
f 5980 5979 5944
f 5945 5980 5944
f 5981 5980 5945
f 5946 5981 5945
f 5982 5981 5946
f 5947 5982 5946
f 5983 5982 5947
f 5948 5983 5947
f 5984 5983 5948
f 5949 5984 5948
f 5985 5984 5949
f 5950 5985 5949
f 5986 5985 5950
f 5951 5986 5950
f 5987 5986 5951
f 5952 5987 5951
f 5988 5987 5952
f 5953 5988 5952
f 5989 5988 5953
f 5954 5989 5953
f 5990 5989 5954
f 5955 5990 5954
f 5991 5990 5955
f 5956 5991 5955
f 5992 5991 5956
f 5957 5992 5956
f 5958 5992 5957
f 5958 5993 5992
f 5994 5993 5958
f 5959 5994 5958
f 5995 5994 5959
f 5960 5995 5959
f 5996 5995 5960
f 5961 5996 5960
f 5997 5996 5961
f 5962 5997 5961
f 5998 5997 5962
f 5963 5998 5962
f 5999 5998 5963
f 5964 5999 5963
f 6000 5999 5964
f 5965 6000 5964
f 6001 6000 5965
f 5966 6001 5965
f 6002 6001 5966
f 5967 6002 5966
f 6003 6002 5967
f 5968 6003 5967
f 6004 6003 5968
f 5969 6004 5968
f 6005 6004 5969
f 5970 6005 5969
f 6006 6005 5970
f 5971 6006 5970
f 6007 6006 5971
f 5972 6007 5971
f 6008 6007 5972
f 5973 6008 5972
f 6009 6008 5973
f 5974 6009 5973
f 6010 6009 5974
f 5975 6010 5974
f 6011 6010 5975
f 5976 6011 5975
f 6012 6011 5976
f 5977 6012 5976
f 6013 6012 5977
f 5978 6013 5977
f 6014 6013 5978
f 5979 6014 5978
f 6015 6014 5979
f 5980 6015 5979
f 6016 6015 5980
f 5981 6016 5980
f 6017 6016 5981
f 5982 6017 5981
f 6018 6017 5982
f 5983 6018 5982
f 6019 6018 5983
f 5984 6019 5983
f 6020 6019 5984
f 5985 6020 5984
f 6021 6020 5985
f 5986 6021 5985
f 6022 6021 5986
f 5987 6022 5986
f 6023 6022 5987
f 5988 6023 5987
f 6024 6023 5988
f 5989 6024 5988
f 6025 6024 5989
f 5990 6025 5989
f 6026 6025 5990
f 5991 6026 5990
f 6027 6026 5991
f 5992 6027 5991
f 5993 6027 5992
f 6028 5903 6029
f 5905 5903 6028
f 6030 5905 6028
f 5907 5905 6030
f 6031 5907 6030
f 5909 5907 6031
f 6032 5909 6031
f 5911 5909 6032
f 6033 5911 6032
f 5913 5911 6033
f 6034 5913 6033
f 6035 5861 6036
f 5863 5861 6035
f 6037 5863 6035
f 5865 5863 6037
f 6038 5865 6037
f 5867 5865 6038
f 6039 5867 6038
f 5869 5867 6039
f 6040 5869 6039
f 5871 5869 6040
f 6041 5871 6040
f 6034 5915 5913
f 5917 5915 6034
f 6042 5917 6034
f 5919 5917 6042
f 6043 5919 6042
f 5921 5919 6043
f 6044 5921 6043
f 5855 5921 6044
f 6045 5855 6044
f 5853 5855 6045
f 6046 5853 6045
f 5857 5853 6046
f 6036 5857 6046
f 5859 5857 6036
f 5861 5859 6036
f 6041 5873 5871
f 5875 5873 6041
f 6047 5875 6041
f 5877 5875 6047
f 6048 5877 6047
f 5879 5877 6048
f 6049 5879 6048
f 5881 5879 6049
f 6050 5881 6049
f 5883 5881 6050
f 6051 5883 6050
f 5885 5883 6051
f 6052 5885 6051
f 6052 5887 5885
f 5889 5887 6052
f 6053 5889 6052
f 5891 5889 6053
f 6054 5891 6053
f 5893 5891 6054
f 6055 5893 6054
f 5895 5893 6055
f 6056 5895 6055
f 5897 5895 6056
f 6057 5897 6056
f 5899 5897 6057
f 6029 5899 6057
f 5901 5899 6029
f 5903 5901 6029
f 6057 4543 4542
f 6040 6058 6059
f 6039 6058 6040
f 6060 6058 6039
f 6061 6060 6039
f 6047 3423 3416
f 3417 3423 6047
f 6041 3417 6047
f 6050 3693 3313
f 6049 3693 6050
f 6049 3694 3693
f 3701 3694 6049
f 3695 3701 6049
f 3341 6051 3304
f 6052 6051 3341
f 3972 6052 3341
f 3967 6052 3972
f 6055 4269 4178
f 6054 4269 6055
f 6054 4270 4269
f 4277 4270 6054
f 4271 4277 6054
f 4206 6056 4169
f 6057 6056 4206
f 4548 6057 4206
f 4543 6057 4548
f 4133 6057 4542
f 6029 6057 4133
f 4132 6029 4133
f 4809 6030 6028
f 6028 4810 4809
f 4815 4810 6028
f 4166 4815 6028
f 6032 5053 5046
f 5047 5053 6032
f 6031 5047 6032
f 6042 5379 5376
f 6034 5379 6042
f 6034 5380 5379
f 5387 5380 6034
f 5381 5387 6034
f 5564 6043 5539
f 6044 6043 5564
f 6062 6044 5564
f 6063 6044 6062
f 5681 6036 6046
f 6046 5682 5681
f 5689 5682 6046
f 5683 5689 6046
f 6037 6064 6065
f 6066 6064 6037
f 6035 6066 6037
f 6054 6067 4271
f 6068 6067 6054
f 6053 6068 6054
f 3963 6068 6053
f 6052 3963 6053
f 3966 3963 6052
f 3967 3966 6052
f 6056 4170 4169
f 4177 4170 6056
f 6055 4177 6056
f 4175 4177 6055
f 4178 4175 6055
f 6028 4167 4166
f 4130 4167 6028
f 6029 4130 6028
f 4131 4130 6029
f 4132 4131 6029
f 6031 6069 5047
f 6070 6069 6031
f 6030 6070 6031
f 4806 6070 6030
f 4809 4806 6030
f 6034 6071 5381
f 6072 6071 6034
f 6033 6072 6034
f 5042 6072 6033
f 6032 5042 6033
f 5045 5042 6032
f 5046 5045 6032
f 6043 5540 5539
f 5544 5540 6043
f 6042 5544 6043
f 5543 5544 6042
f 5376 5543 6042
f 6046 6073 5683
f 6074 6073 6046
f 6045 6074 6046
f 6075 6074 6045
f 6044 6075 6045
f 6076 6075 6044
f 6063 6076 6044
f 6035 6077 6066
f 6078 6077 6035
f 6036 6078 6035
f 5678 6078 6036
f 5681 5678 6036
f 6039 6079 6061
f 6080 6079 6039
f 6038 6080 6039
f 6081 6080 6038
f 6037 6081 6038
f 6082 6081 6037
f 6065 6082 6037
f 6041 6083 3417
f 6084 6083 6041
f 6040 6084 6041
f 6085 6084 6040
f 6059 6085 6040
f 6049 6086 3695
f 6087 6086 6049
f 6048 6087 6049
f 3412 6087 6048
f 6047 3412 6048
f 3415 3412 6047
f 3416 3415 6047
f 6051 3305 3304
f 3312 3305 6051
f 6050 3312 6051
f 3310 3312 6050
f 3313 3310 6050
f 6088 6089 6090
f 6091 6088 6090
f 6088 6091 6092
f 6088 6092 6093
f 6088 6093 6094
f 6088 6094 6095
f 6088 6095 6096
f 6088 6096 6097
f 6088 6097 6098
f 6088 6098 6099
f 6088 6099 6100
f 6088 6100 6101
f 6088 6101 6102
f 6088 6102 6103
f 6088 6103 6104
f 6088 6104 6105
f 6088 6105 6106
f 6088 6106 6107
f 6088 6107 6108
f 6088 6108 6109
f 6088 6109 6110
f 6088 6110 6089
f 6111 6112 6113
f 6114 6115 6116
f 6117 6118 6119
f 6120 6121 6119
f 6119 6121 6122
f 6119 6122 6117
f 6123 6124 6119
f 6119 6124 6125
f 6119 6125 6126
f 6127 6128 6119
f 6129 6130 6119
f 6119 6130 6131
f 6119 6131 6127
f 6132 6133 6119
f 6119 6133 6134
f 6119 6134 6135
f 6136 6137 6138
f 6139 6140 6085
f 6141 6112 6111
f 6142 6143 6144
f 6145 6146 6147
f 6148 6149 6150
f 6151 6152 6153
f 6154 6155 6156
f 6157 6155 6154
f 6158 6159 6160
f 6161 6159 6158
f 6162 6161 6158
f 6144 6163 6164
f 6165 6166 6167
f 6168 6169 6170
f 6171 6172 6173
f 6174 6172 6171
f 6175 6148 6176
f 6149 6148 6175
f 6173 6149 6175
f 6177 6149 6173
f 6172 6177 6173
f 6178 6059 6058
f 6179 6180 6181
f 6061 6180 6179
f 6182 6179 6183
f 6061 6179 6182
f 6184 6061 6182
f 6060 6061 6184
f 6185 6060 6184
f 6058 6060 6185
f 6116 6186 6187
f 6188 6186 6116
f 6115 6188 6116
f 6189 6190 6191
f 6192 6190 6189
f 6193 6192 6189
f 6194 6195 6196
f 6197 6198 6199
f 6134 6176 6135
f 6175 6176 6134
f 6133 6175 6134
f 6173 6175 6133
f 6132 6173 6133
f 6171 6173 6132
f 6127 6178 6128
f 6200 6178 6127
f 6131 6200 6127
f 6201 6200 6131
f 6130 6201 6131
f 6202 6201 6130
f 6129 6202 6130
f 6203 6202 6129
f 6125 6183 6126
f 6182 6183 6125
f 6124 6182 6125
f 6184 6182 6124
f 6123 6184 6124
f 6185 6184 6123
f 6117 6204 6118
f 6205 6204 6117
f 6122 6205 6117
f 6206 6205 6122
f 6121 6206 6122
f 6207 6206 6121
f 6120 6207 6121
f 6208 6207 6120
f 6145 6150 6146
f 6148 6150 6145
f 6209 6148 6145
f 6176 6148 6209
f 6210 6176 6209
f 6135 6176 6210
f 6211 6135 6210
f 6119 6135 6211
f 6178 6085 6059
f 6139 6085 6178
f 6200 6139 6178
f 6212 6139 6200
f 6201 6212 6200
f 6213 6212 6201
f 6202 6213 6201
f 6214 6213 6202
f 6203 6214 6202
f 6215 6214 6203
f 6115 6216 6188
f 6181 6216 6115
f 6114 6181 6115
f 6179 6181 6114
f 6217 6179 6114
f 6183 6179 6217
f 6218 6183 6217
f 6126 6183 6218
f 6219 6126 6218
f 6119 6126 6219
f 6185 6178 6058
f 6128 6178 6185
f 6123 6128 6185
f 6119 6128 6123
f 6220 6208 6221
f 6207 6208 6220
f 6222 6207 6220
f 6206 6207 6222
f 6223 6206 6222
f 6205 6206 6223
f 6170 6205 6223
f 6211 6224 6119
f 6225 6224 6211
f 6210 6225 6211
f 6226 6225 6210
f 6209 6226 6210
f 6227 6226 6209
f 6145 6227 6209
f 6228 6227 6145
f 6147 6228 6145
f 6229 6228 6147
f 6230 6229 6147
f 6231 6170 6169
f 6205 6170 6231
f 6174 6205 6231
f 6204 6205 6174
f 6171 6204 6174
f 6118 6204 6171
f 6132 6118 6171
f 6119 6118 6132
f 6232 6215 6233
f 6214 6215 6232
f 6234 6214 6232
f 6213 6214 6234
f 6235 6213 6234
f 6212 6213 6235
f 6236 6212 6235
f 6139 6212 6236
f 6237 6139 6236
f 6140 6139 6237
f 6199 6140 6237
f 6238 6140 6199
f 6198 6238 6199
f 6239 6221 6240
f 6220 6221 6239
f 6241 6220 6239
f 6222 6220 6241
f 6242 6222 6241
f 6223 6222 6242
f 6243 6223 6242
f 6170 6223 6243
f 6167 6170 6243
f 6168 6170 6167
f 6166 6168 6167
f 6244 6233 6245
f 6232 6233 6244
f 6246 6232 6244
f 6234 6232 6246
f 6247 6234 6246
f 6235 6234 6247
f 6248 6235 6247
f 6236 6235 6248
f 6249 6236 6248
f 6237 6236 6249
f 6250 6237 6249
f 6199 6237 6250
f 6251 6199 6250
f 6197 6199 6251
f 6252 6197 6251
f 6253 6187 6254
f 6116 6187 6253
f 6255 6116 6253
f 6114 6116 6255
f 6256 6114 6255
f 6217 6114 6256
f 6257 6217 6256
f 6218 6217 6257
f 6258 6218 6257
f 6219 6218 6258
f 6259 6219 6258
f 6119 6219 6259
f 6260 6240 6261
f 6239 6240 6260
f 6262 6239 6260
f 6241 6239 6262
f 6263 6241 6262
f 6242 6241 6263
f 6264 6242 6263
f 6243 6242 6264
f 6265 6243 6264
f 6167 6243 6265
f 6113 6167 6265
f 6165 6167 6113
f 6112 6165 6113
f 6266 6165 6112
f 6141 6266 6112
f 6267 6245 6268
f 6244 6245 6267
f 6269 6244 6267
f 6246 6244 6269
f 6270 6246 6269
f 6247 6246 6270
f 6271 6247 6270
f 6248 6247 6271
f 6272 6248 6271
f 6249 6248 6272
f 6273 6249 6272
f 6250 6249 6273
f 6274 6250 6273
f 6251 6250 6274
f 6196 6251 6274
f 6252 6251 6196
f 6195 6252 6196
f 6275 6261 6276
f 6260 6261 6275
f 6277 6260 6275
f 6262 6260 6277
f 6278 6262 6277
f 6263 6262 6278
f 6279 6263 6278
f 6264 6263 6279
f 6280 6264 6279
f 6265 6264 6280
f 6281 6265 6280
f 6113 6265 6281
f 6282 6113 6281
f 6111 6113 6282
f 6283 6111 6282
f 6141 6111 6283
f 6151 6284 6285
f 6268 6284 6151
f 6153 6268 6151
f 6267 6268 6153
f 6286 6267 6153
f 6269 6267 6286
f 6287 6269 6286
f 6270 6269 6287
f 6288 6270 6287
f 6271 6270 6288
f 6289 6271 6288
f 6272 6271 6289
f 6290 6272 6289
f 6273 6272 6290
f 6291 6273 6290
f 6274 6273 6291
f 6193 6274 6291
f 6196 6274 6193
f 6189 6196 6193
f 6194 6196 6189
f 6191 6194 6189
f 6292 6276 6293
f 6275 6276 6292
f 6294 6275 6292
f 6277 6275 6294
f 6295 6277 6294
f 6278 6277 6295
f 6296 6278 6295
f 6279 6278 6296
f 6297 6279 6296
f 6280 6279 6297
f 6298 6280 6297
f 6281 6280 6298
f 6299 6281 6298
f 6282 6281 6299
f 6164 6282 6299
f 6283 6282 6164
f 6163 6283 6164
f 6193 6300 6192
f 6301 6300 6193
f 6291 6301 6193
f 6302 6301 6291
f 6290 6302 6291
f 6303 6302 6290
f 6289 6303 6290
f 6304 6303 6289
f 6288 6304 6289
f 6305 6304 6288
f 6287 6305 6288
f 6306 6305 6287
f 6286 6306 6287
f 6154 6306 6286
f 6153 6154 6286
f 6157 6154 6153
f 6152 6157 6153
f 6164 6142 6144
f 6307 6142 6164
f 6299 6307 6164
f 6308 6307 6299
f 6298 6308 6299
f 6309 6308 6298
f 6297 6309 6298
f 6310 6309 6297
f 6296 6310 6297
f 6311 6310 6296
f 6295 6311 6296
f 6312 6311 6295
f 6294 6312 6295
f 6136 6312 6294
f 6292 6136 6294
f 6137 6136 6292
f 6293 6137 6292
f 6313 6137 6293
f 6314 6313 6293
f 6315 6316 6317
f 6318 6316 6315
f 6319 6318 6315
f 6320 6318 6319
f 6192 6320 6319
f 6321 6320 6192
f 6300 6321 6192
f 6322 6321 6300
f 6301 6322 6300
f 6323 6322 6301
f 6302 6323 6301
f 6324 6323 6302
f 6303 6324 6302
f 6325 6324 6303
f 6304 6325 6303
f 6326 6325 6304
f 6305 6326 6304
f 6327 6326 6305
f 6306 6327 6305
f 6328 6327 6306
f 6154 6328 6306
f 6159 6328 6154
f 6156 6159 6154
f 6160 6159 6156
f 6284 6230 6285
f 6229 6230 6284
f 6268 6229 6284
f 6228 6229 6268
f 6245 6228 6268
f 6227 6228 6245
f 6233 6227 6245
f 6226 6227 6233
f 6215 6226 6233
f 6225 6226 6215
f 6203 6225 6215
f 6224 6225 6203
f 6129 6224 6203
f 6119 6224 6129
f 6316 6138 6317
f 6136 6138 6316
f 6329 6136 6316
f 6312 6136 6329
f 6330 6312 6329
f 6311 6312 6330
f 6331 6311 6330
f 6310 6311 6331
f 6332 6310 6331
f 6309 6310 6332
f 6333 6309 6332
f 6308 6309 6333
f 6334 6308 6333
f 6307 6308 6334
f 6335 6307 6334
f 6142 6307 6335
f 6336 6142 6335
f 6143 6142 6336
f 6162 6143 6336
f 6337 6143 6162
f 6158 6337 6162
f 6293 6254 6314
f 6253 6254 6293
f 6276 6253 6293
f 6255 6253 6276
f 6261 6255 6276
f 6256 6255 6261
f 6240 6256 6261
f 6257 6256 6240
f 6221 6257 6240
f 6258 6257 6221
f 6208 6258 6221
f 6259 6258 6208
f 6120 6259 6208
f 6119 6259 6120
f 6162 6089 6161
f 6090 6089 6162
f 6336 6090 6162
f 6091 6090 6336
f 6335 6091 6336
f 6092 6091 6335
f 6334 6092 6335
f 6093 6092 6334
f 6333 6093 6334
f 6094 6093 6333
f 6332 6094 6333
f 6095 6094 6332
f 6331 6095 6332
f 6096 6095 6331
f 6330 6096 6331
f 6097 6096 6330
f 6329 6097 6330
f 6098 6097 6329
f 6316 6098 6329
f 6099 6098 6316
f 6318 6099 6316
f 6100 6099 6318
f 6320 6100 6318
f 6101 6100 6320
f 6321 6101 6320
f 6102 6101 6321
f 6322 6102 6321
f 6103 6102 6322
f 6323 6103 6322
f 6104 6103 6323
f 6324 6104 6323
f 6105 6104 6324
f 6325 6105 6324
f 6106 6105 6325
f 6326 6106 6325
f 6107 6106 6326
f 6327 6107 6326
f 6108 6107 6327
f 6328 6108 6327
f 6109 6108 6328
f 6159 6109 6328
f 6110 6109 6159
f 6161 6110 6159
f 6089 6110 6161
f 6338 6339 6340
f 6341 6340 6342
f 6343 6344 6345
f 6345 6231 6169
f 6168 6345 6169
f 6343 6345 6168
f 6166 6343 6168
f 6346 6343 6166
f 6165 6346 6166
f 6347 6346 6165
f 6266 6347 6165
f 6141 6347 6266
f 6348 6347 6141
f 6283 6348 6141
f 6338 6348 6283
f 6163 6338 6283
f 6144 6338 6163
f 6339 6338 6144
f 6143 6339 6144
f 6349 6342 6350
f 6351 6342 6349
f 6352 6351 6349
f 6353 6351 6352
f 6354 6353 6352
f 6355 6353 6354
f 6356 6353 6355
f 6357 6356 6355
f 6358 6356 6357
f 6359 6358 6357
f 6360 6358 6359
f 6361 6358 6360
f 6362 6361 6360
f 6362 6363 6361
f 6364 6363 6362
f 6365 6364 6362
f 6366 6364 6365
f 6367 6368 6369
f 6351 6341 6342
f 6370 6341 6351
f 6353 6370 6351
f 6371 6370 6353
f 6356 6371 6353
f 6372 6371 6356
f 6358 6372 6356
f 6369 6372 6358
f 6361 6369 6358
f 6367 6369 6361
f 6363 6367 6361
f 6341 6338 6340
f 6348 6338 6341
f 6370 6348 6341
f 6347 6348 6370
f 6371 6347 6370
f 6346 6347 6371
f 6372 6346 6371
f 6343 6346 6372
f 6369 6343 6372
f 6344 6343 6369
f 6368 6344 6369
f 6373 6374 6375
f 6376 6373 6375
f 6373 6376 6377
f 6373 6377 6378
f 6373 6378 6379
f 6373 6379 6380
f 6373 6380 6381
f 6373 6381 6382
f 6373 6382 6383
f 6373 6383 6384
f 6373 6384 6385
f 6373 6385 6386
f 6373 6386 6387
f 6373 6387 6388
f 6373 6388 6389
f 6373 6389 6390
f 6373 6390 6391
f 6373 6391 6392
f 6373 6392 6393
f 6373 6393 6394
f 6373 6394 6395
f 6373 6395 6374
f 6396 6397 6398
f 6399 6400 6401
f 6402 6403 6404
f 6404 6403 6405
f 6404 6405 6406
f 6407 6408 6404
f 6404 6408 6409
f 6404 6409 6410
f 6411 6412 6404
f 6413 6414 6404
f 6404 6414 6415
f 6404 6415 6411
f 6416 6417 6404
f 6404 6417 6418
f 6404 6418 6419
f 6420 6360 6359
f 5597 6397 6396
f 6421 6422 6423
f 6424 6401 6400
f 6425 6426 6427
f 6428 6429 6430
f 6431 6429 6432
f 6433 6429 6428
f 6434 6435 6436
f 6437 6435 6434
f 6438 6439 6081
f 6440 6439 6438
f 6441 6082 6065
f 6066 6442 6443
f 6444 6443 6445
f 6066 6443 6444
f 6446 6066 6444
f 6064 6066 6446
f 6447 6064 6446
f 6065 6064 6447
f 6401 6448 6449
f 6450 6448 6401
f 6424 6450 6401
f 6451 6452 6453
f 6454 6422 6455
f 6456 6422 6421
f 6457 6458 6350
f 6459 6457 6350
f 6460 6457 6459
f 6461 6460 6459
f 6462 5602 5601
f 5603 5602 6462
f 6463 5600 5599
f 5601 5600 6463
f 5594 5592 6464
f 6465 5591 6466
f 6467 5591 6465
f 6468 6469 6470
f 6466 6469 6468
f 6471 6365 6362
f 6366 6365 6471
f 6472 6471 6473
f 6366 6471 6472
f 6470 6366 6472
f 6474 6366 6470
f 6469 6474 6470
f 6354 6352 6475
f 6418 6473 6419
f 6472 6473 6418
f 6417 6472 6418
f 6470 6472 6417
f 6416 6470 6417
f 6468 6470 6416
f 6411 6441 6412
f 6476 6441 6411
f 6415 6476 6411
f 6477 6476 6415
f 6414 6477 6415
f 6478 6477 6414
f 6413 6478 6414
f 6479 6478 6413
f 6409 6445 6410
f 6444 6445 6409
f 6408 6444 6409
f 6446 6444 6408
f 6407 6446 6408
f 6447 6446 6407
f 6405 6465 6406
f 6467 6465 6405
f 6403 6467 6405
f 6480 6467 6403
f 6402 6480 6403
f 6481 6480 6402
f 6482 6481 6402
f 6483 6481 6482
f 6420 6362 6360
f 6471 6362 6420
f 6484 6471 6420
f 6473 6471 6484
f 6485 6473 6484
f 6419 6473 6485
f 6486 6419 6485
f 6404 6419 6486
f 6441 6081 6082
f 6438 6081 6441
f 6476 6438 6441
f 6487 6438 6476
f 6477 6487 6476
f 6488 6487 6477
f 6478 6488 6477
f 6489 6488 6478
f 6479 6489 6478
f 6490 6489 6479
f 6400 6491 6424
f 6442 6491 6400
f 6399 6442 6400
f 6443 6442 6399
f 6492 6443 6399
f 6445 6443 6492
f 6493 6445 6492
f 6410 6445 6493
f 6494 6410 6493
f 6404 6410 6494
f 6447 6441 6065
f 6412 6441 6447
f 6407 6412 6447
f 6404 6412 6407
f 6495 6483 6496
f 6481 6483 6495
f 6497 6481 6495
f 6480 6481 6497
f 6498 6480 6497
f 6467 6480 6498
f 6499 6467 6498
f 5591 6467 6499
f 5590 5591 6499
f 6486 6500 6404
f 6501 6500 6486
f 6485 6501 6486
f 6502 6501 6485
f 6484 6502 6485
f 6503 6502 6484
f 6420 6503 6484
f 6504 6503 6420
f 6359 6504 6420
f 6505 6504 6359
f 6357 6505 6359
f 6468 6465 6466
f 6406 6465 6468
f 6416 6406 6468
f 6404 6406 6416
f 6440 6506 6507
f 6508 6506 6440
f 6438 6508 6440
f 6509 6508 6438
f 6487 6509 6438
f 6510 6509 6487
f 6488 6510 6487
f 6511 6510 6488
f 6489 6511 6488
f 6512 6511 6489
f 6490 6512 6489
f 6513 6512 6490
f 6514 6496 6515
f 6495 6496 6514
f 6516 6495 6514
f 6497 6495 6516
f 6517 6497 6516
f 6498 6497 6517
f 6518 6498 6517
f 6499 6498 6518
f 6464 6499 6518
f 5590 6499 6464
f 5592 5590 6464
f 6519 6513 6520
f 6512 6513 6519
f 6521 6512 6519
f 6511 6512 6521
f 6522 6511 6521
f 6510 6511 6522
f 6523 6510 6522
f 6509 6510 6523
f 6524 6509 6523
f 6508 6509 6524
f 6525 6508 6524
f 6506 6508 6525
f 6425 6506 6525
f 6507 6506 6425
f 6427 6507 6425
f 6451 6449 6452
f 6401 6449 6451
f 6526 6401 6451
f 6399 6401 6526
f 6527 6399 6526
f 6492 6399 6527
f 6528 6492 6527
f 6493 6492 6528
f 6529 6493 6528
f 6494 6493 6529
f 6530 6494 6529
f 6404 6494 6530
f 6531 6515 6532
f 6514 6515 6531
f 6533 6514 6531
f 6516 6514 6533
f 6534 6516 6533
f 6517 6516 6534
f 6535 6517 6534
f 6518 6517 6535
f 6536 6518 6535
f 6464 6518 6536
f 6398 6464 6536
f 5594 6464 6398
f 6397 5594 6398
f 5595 5594 6397
f 5597 5595 6397
f 6537 6520 6538
f 6519 6520 6537
f 6539 6519 6537
f 6521 6519 6539
f 6540 6521 6539
f 6522 6521 6540
f 6541 6522 6540
f 6523 6522 6541
f 6542 6523 6541
f 6524 6523 6542
f 6543 6524 6542
f 6525 6524 6543
f 6544 6525 6543
f 6425 6525 6544
f 6434 6425 6544
f 6426 6425 6434
f 6436 6426 6434
f 6545 6532 6546
f 6531 6532 6545
f 6547 6531 6545
f 6533 6531 6547
f 6548 6533 6547
f 6534 6533 6548
f 6549 6534 6548
f 6535 6534 6549
f 6550 6535 6549
f 6536 6535 6550
f 6551 6536 6550
f 6398 6536 6551
f 6552 6398 6551
f 6396 6398 6552
f 5599 6396 6552
f 5597 6396 5599
f 6354 6553 6355
f 6538 6553 6354
f 6475 6538 6354
f 6537 6538 6475
f 6554 6537 6475
f 6539 6537 6554
f 6555 6539 6554
f 6540 6539 6555
f 6556 6540 6555
f 6541 6540 6556
f 6557 6541 6556
f 6542 6541 6557
f 6558 6542 6557
f 6543 6542 6558
f 6559 6543 6558
f 6544 6543 6559
f 6433 6544 6559
f 6434 6544 6433
f 6428 6434 6433
f 6437 6434 6428
f 6430 6437 6428
f 6552 6463 5599
f 6560 6463 6552
f 6551 6560 6552
f 6561 6560 6551
f 6550 6561 6551
f 6562 6561 6550
f 6549 6562 6550
f 6563 6562 6549
f 6548 6563 6549
f 6564 6563 6548
f 6547 6564 6548
f 6565 6564 6547
f 6545 6565 6547
f 6566 6565 6545
f 6546 6566 6545
f 6433 6432 6429
f 6567 6432 6433
f 6559 6567 6433
f 6568 6567 6559
f 6558 6568 6559
f 6569 6568 6558
f 6557 6569 6558
f 6570 6569 6557
f 6556 6570 6557
f 6571 6570 6556
f 6555 6571 6556
f 6572 6571 6555
f 6554 6572 6555
f 6573 6572 6554
f 6475 6573 6554
f 6349 6573 6475
f 6352 6349 6475
f 6463 6462 5601
f 6574 6462 6463
f 6560 6574 6463
f 6575 6574 6560
f 6561 6575 6560
f 6576 6575 6561
f 6562 6576 6561
f 6577 6576 6562
f 6563 6577 6562
f 6578 6577 6563
f 6564 6578 6563
f 6579 6578 6564
f 6565 6579 6564
f 6580 6579 6565
f 6566 6580 6565
f 6402 6404 6482
f 6581 6421 6423
f 6582 6421 6581
f 6583 6582 6581
f 6584 6582 6583
f 6431 6584 6583
f 6585 6584 6431
f 6432 6585 6431
f 6586 6585 6432
f 6567 6586 6432
f 6587 6586 6567
f 6568 6587 6567
f 6588 6587 6568
f 6569 6588 6568
f 6589 6588 6569
f 6570 6589 6569
f 6590 6589 6570
f 6571 6590 6570
f 6591 6590 6571
f 6572 6591 6571
f 6458 6591 6572
f 6573 6458 6572
f 6350 6458 6573
f 6349 6350 6573
f 6553 6357 6355
f 6505 6357 6553
f 6538 6505 6553
f 6504 6505 6538
f 6520 6504 6538
f 6503 6504 6520
f 6513 6503 6520
f 6502 6503 6513
f 6490 6502 6513
f 6501 6502 6490
f 6479 6501 6490
f 6500 6501 6479
f 6413 6500 6479
f 6404 6500 6413
f 6592 6460 6461
f 6593 6460 6592
f 5603 6593 6592
f 6594 6593 5603
f 6462 6594 5603
f 6595 6594 6462
f 6574 6595 6462
f 6596 6595 6574
f 6575 6596 6574
f 6597 6596 6575
f 6576 6597 6575
f 6598 6597 6576
f 6577 6598 6576
f 6599 6598 6577
f 6578 6599 6577
f 6600 6599 6578
f 6579 6600 6578
f 6456 6600 6579
f 6580 6456 6579
f 6422 6456 6580
f 6566 6422 6580
f 6455 6422 6566
f 6546 6455 6566
f 6455 6453 6454
f 6451 6453 6455
f 6546 6451 6455
f 6526 6451 6546
f 6532 6526 6546
f 6527 6526 6532
f 6515 6527 6532
f 6528 6527 6515
f 6496 6528 6515
f 6529 6528 6496
f 6483 6529 6496
f 6530 6529 6483
f 6482 6530 6483
f 6404 6530 6482
f 6593 6374 6460
f 6375 6374 6593
f 6594 6375 6593
f 6376 6375 6594
f 6595 6376 6594
f 6377 6376 6595
f 6596 6377 6595
f 6378 6377 6596
f 6597 6378 6596
f 6379 6378 6597
f 6598 6379 6597
f 6380 6379 6598
f 6599 6380 6598
f 6381 6380 6599
f 6600 6381 6599
f 6382 6381 6600
f 6456 6382 6600
f 6383 6382 6456
f 6421 6383 6456
f 6384 6383 6421
f 6582 6384 6421
f 6385 6384 6582
f 6584 6385 6582
f 6386 6385 6584
f 6585 6386 6584
f 6387 6386 6585
f 6586 6387 6585
f 6388 6387 6586
f 6587 6388 6586
f 6389 6388 6587
f 6588 6389 6587
f 6390 6389 6588
f 6589 6390 6588
f 6391 6390 6589
f 6590 6391 6589
f 6392 6391 6590
f 6591 6392 6590
f 6393 6392 6591
f 6458 6393 6591
f 6394 6393 6458
f 6457 6394 6458
f 6395 6394 6457
f 6460 6395 6457
f 6374 6395 6460
f 6601 6602 6603
f 6604 6602 6601
f 6605 6604 6601
f 6606 6604 6605
f 6607 6606 6605
f 6608 6606 6607
f 6609 6608 6607
f 6610 6608 6609
f 6611 6610 6609
f 6612 6610 6611
f 6613 6612 6611
f 6614 6612 6613
f 6615 6614 6613
f 6616 6614 6615
f 6617 6616 6615
f 6618 6616 6617
f 6619 6618 6617
f 6620 6618 6619
f 6621 6620 6619
f 6622 6620 6621
f 6623 6622 6621
f 6624 6622 6623
f 6625 6624 6623
f 6626 6624 6625
f 6627 6626 6625
f 6628 6626 6627
f 6629 6628 6627
f 6630 6628 6629
f 6631 6630 6629
f 6632 6630 6631
f 6633 6632 6631
f 6634 6632 6633
f 6635 6634 6633
f 6636 6634 6635
f 6637 6636 6635
f 6638 6636 6637
f 6639 6638 6637
f 6640 6638 6639
f 6641 6640 6639
f 6642 6640 6641
f 6643 6642 6641
f 6644 6642 6643
f 6645 6644 6643
f 6646 6644 6645
f 6647 6646 6645
f 6648 6646 6647
f 6649 6648 6647
f 6650 6648 6649
f 6651 6650 6649
f 6652 6650 6651
f 6653 6652 6651
f 6654 6652 6653
f 6655 6654 6653
f 6656 6654 6655
f 6657 6656 6655
f 6658 6656 6657
f 6659 6658 6657
f 6660 6658 6659
f 6661 6660 6659
f 6662 6660 6661
f 6663 6662 6661
f 6664 6662 6663
f 6665 6664 6663
f 6666 6664 6665
f 6667 6666 6665
f 6668 6666 6667
f 6669 6668 6667
f 6670 6668 6669
f 6671 6670 6669
f 6672 6670 6671
f 6673 6672 6671
f 6674 6672 6673
f 6675 6674 6673
f 6676 6674 6675
f 6677 6676 6675
f 6678 6676 6677
f 6679 6678 6677
f 6680 6678 6679
f 6681 6680 6679
f 6682 6680 6681
f 6683 6682 6681
f 6684 6682 6683
f 6685 6684 6683
f 6686 6684 6685
f 6687 6686 6685
f 6688 6686 6687
f 6689 6688 6687
f 6690 6688 6689
f 6691 6690 6689
f 6692 6690 6691
f 6693 6692 6691
f 6694 6692 6693
f 6695 6694 6693
f 6696 6694 6695
f 6697 6696 6695
f 6698 6696 6697
f 6699 6698 6697
f 6700 6698 6699
f 6701 6700 6699
f 6702 6700 6701
f 6703 6702 6701
f 6704 6702 6703
f 6705 6704 6703
f 6706 6704 6705
f 6707 6706 6705
f 6708 6706 6707
f 6603 6708 6707
f 6602 6708 6603
f 6602 6709 6708
f 6710 6709 6602
f 6604 6710 6602
f 6711 6710 6604
f 6606 6711 6604
f 6712 6711 6606
f 6608 6712 6606
f 6713 6712 6608
f 6610 6713 6608
f 6714 6713 6610
f 6612 6714 6610
f 6715 6714 6612
f 6614 6715 6612
f 6716 6715 6614
f 6616 6716 6614
f 6717 6716 6616
f 6618 6717 6616
f 6718 6717 6618
f 6620 6718 6618
f 6719 6718 6620
f 6622 6719 6620
f 6720 6719 6622
f 6624 6720 6622
f 6721 6720 6624
f 6626 6721 6624
f 6722 6721 6626
f 6628 6722 6626
f 6723 6722 6628
f 6630 6723 6628
f 6724 6723 6630
f 6632 6724 6630
f 6725 6724 6632
f 6634 6725 6632
f 6726 6725 6634
f 6636 6726 6634
f 6727 6726 6636
f 6638 6727 6636
f 6728 6727 6638
f 6640 6728 6638
f 6729 6728 6640
f 6642 6729 6640
f 6730 6729 6642
f 6644 6730 6642
f 6731 6730 6644
f 6646 6731 6644
f 6732 6731 6646
f 6648 6732 6646
f 6733 6732 6648
f 6650 6733 6648
f 6734 6733 6650
f 6652 6734 6650
f 6735 6734 6652
f 6654 6735 6652
f 6736 6735 6654
f 6656 6736 6654
f 6737 6736 6656
f 6658 6737 6656
f 6738 6737 6658
f 6660 6738 6658
f 6739 6738 6660
f 6662 6739 6660
f 6740 6739 6662
f 6664 6740 6662
f 6741 6740 6664
f 6666 6741 6664
f 6742 6741 6666
f 6668 6742 6666
f 6743 6742 6668
f 6670 6743 6668
f 6744 6743 6670
f 6672 6744 6670
f 6745 6744 6672
f 6674 6745 6672
f 6746 6745 6674
f 6676 6746 6674
f 6747 6746 6676
f 6678 6747 6676
f 6748 6747 6678
f 6680 6748 6678
f 6749 6748 6680
f 6682 6749 6680
f 6750 6749 6682
f 6684 6750 6682
f 6751 6750 6684
f 6686 6751 6684
f 6752 6751 6686
f 6688 6752 6686
f 6753 6752 6688
f 6690 6753 6688
f 6754 6753 6690
f 6692 6754 6690
f 6755 6754 6692
f 6694 6755 6692
f 6756 6755 6694
f 6696 6756 6694
f 6757 6756 6696
f 6698 6757 6696
f 6758 6757 6698
f 6700 6758 6698
f 6759 6758 6700
f 6702 6759 6700
f 6760 6759 6702
f 6704 6760 6702
f 6761 6760 6704
f 6706 6761 6704
f 6762 6761 6706
f 6708 6762 6706
f 6709 6762 6708
f 6709 6763 6762
f 6764 6763 6709
f 6710 6764 6709
f 6765 6764 6710
f 6711 6765 6710
f 6766 6765 6711
f 6712 6766 6711
f 6767 6766 6712
f 6713 6767 6712
f 6768 6767 6713
f 6714 6768 6713
f 6769 6768 6714
f 6715 6769 6714
f 6770 6769 6715
f 6716 6770 6715
f 6771 6770 6716
f 6717 6771 6716
f 6772 6771 6717
f 6718 6772 6717
f 6773 6772 6718
f 6719 6773 6718
f 6774 6773 6719
f 6720 6774 6719
f 6775 6774 6720
f 6721 6775 6720
f 6776 6775 6721
f 6722 6776 6721
f 6777 6776 6722
f 6723 6777 6722
f 6778 6777 6723
f 6724 6778 6723
f 6779 6778 6724
f 6725 6779 6724
f 6780 6779 6725
f 6726 6780 6725
f 6781 6780 6726
f 6727 6781 6726
f 6782 6781 6727
f 6728 6782 6727
f 6783 6782 6728
f 6729 6783 6728
f 6784 6783 6729
f 6730 6784 6729
f 6785 6784 6730
f 6731 6785 6730
f 6786 6785 6731
f 6732 6786 6731
f 6787 6786 6732
f 6733 6787 6732
f 6788 6787 6733
f 6734 6788 6733
f 6789 6788 6734
f 6735 6789 6734
f 6790 6789 6735
f 6736 6790 6735
f 6791 6790 6736
f 6737 6791 6736
f 6792 6791 6737
f 6738 6792 6737
f 6793 6792 6738
f 6739 6793 6738
f 6794 6793 6739
f 6740 6794 6739
f 6795 6794 6740
f 6741 6795 6740
f 6796 6795 6741
f 6742 6796 6741
f 6797 6796 6742
f 6743 6797 6742
f 6798 6797 6743
f 6744 6798 6743
f 6799 6798 6744
f 6745 6799 6744
f 6800 6799 6745
f 6746 6800 6745
f 6801 6800 6746
f 6747 6801 6746
f 6802 6801 6747
f 6748 6802 6747
f 6803 6802 6748
f 6749 6803 6748
f 6804 6803 6749
f 6750 6804 6749
f 6805 6804 6750
f 6751 6805 6750
f 6806 6805 6751
f 6752 6806 6751
f 6807 6806 6752
f 6753 6807 6752
f 6808 6807 6753
f 6754 6808 6753
f 6809 6808 6754
f 6755 6809 6754
f 6810 6809 6755
f 6756 6810 6755
f 6811 6810 6756
f 6757 6811 6756
f 6812 6811 6757
f 6758 6812 6757
f 6813 6812 6758
f 6759 6813 6758
f 6814 6813 6759
f 6760 6814 6759
f 6815 6814 6760
f 6761 6815 6760
f 6816 6815 6761
f 6762 6816 6761
f 6763 6816 6762
f 6817 6796 6818
f 6795 6796 6817
f 6819 6795 6817
f 6820 6785 6821
f 6784 6785 6820
f 6822 6784 6820
f 6823 6788 6824
f 6787 6788 6823
f 6821 6787 6823
f 6786 6787 6821
f 6785 6786 6821
f 6824 6790 6825
f 6789 6790 6824
f 6788 6789 6824
f 6818 6798 6826
f 6797 6798 6818
f 6796 6797 6818
f 6819 6794 6795
f 6793 6794 6819
f 6827 6793 6819
f 6792 6793 6827
f 6825 6792 6827
f 6791 6792 6825
f 6790 6791 6825
f 6828 6804 6829
f 6803 6804 6828
f 6830 6803 6828
f 6831 6815 6832
f 6814 6815 6831
f 6833 6814 6831
f 6832 6763 6834
f 6816 6763 6832
f 6815 6816 6832
f 6830 6802 6803
f 6801 6802 6830
f 6835 6801 6830
f 6800 6801 6835
f 6826 6800 6835
f 6799 6800 6826
f 6798 6799 6826
f 6833 6813 6814
f 6812 6813 6833
f 6836 6812 6833
f 6811 6812 6836
f 6837 6811 6836
f 6838 6769 6839
f 6768 6769 6838
f 6840 6768 6838
f 6841 6807 6842
f 6806 6807 6841
f 6829 6806 6841
f 6805 6806 6829
f 6804 6805 6829
f 6837 6810 6811
f 6809 6810 6837
f 6842 6809 6837
f 6808 6809 6842
f 6807 6808 6842
f 6840 6767 6768
f 6766 6767 6840
f 6843 6766 6840
f 6765 6766 6843
f 6834 6765 6843
f 6764 6765 6834
f 6763 6764 6834
f 6844 6777 6845
f 6776 6777 6844
f 6846 6776 6844
f 6839 6771 6847
f 6770 6771 6839
f 6769 6770 6839
f 6848 6780 6849
f 6779 6780 6848
f 6845 6779 6848
f 6778 6779 6845
f 6777 6778 6845
f 6822 6783 6784
f 6782 6783 6822
f 6849 6782 6822
f 6781 6782 6849
f 6780 6781 6849
f 6846 6775 6776
f 6774 6775 6846
f 6850 6774 6846
f 6773 6774 6850
f 6847 6773 6850
f 6772 6773 6847
f 6771 6772 6847
f 6849 3610 3460
f 6824 3990 3987
f 6817 4477 4462
f 6842 5240 5090
f 6832 6851 6852
f 6838 5604 5588
f 5589 6838 5588
f 6840 6838 5589
f 5724 6840 5589
f 6840 5716 6843
f 5719 5716 6840
f 5724 5719 6840
f 5305 6832 6852
f 6831 6832 5305
f 5303 6831 5305
f 5283 6833 5280
f 6836 6833 5283
f 5423 6836 5283
f 5407 6836 5423
f 5244 6836 5407
f 6837 6836 5244
f 5243 6837 5244
f 6841 5082 5081
f 5085 5082 6841
f 6842 5085 6841
f 5093 5085 6842
f 5090 5093 6842
f 6830 4720 4711
f 4830 4720 6830
f 6828 4830 6830
f 4833 4830 6828
f 4841 4833 6828
f 6818 4563 4464
f 6826 4563 6818
f 6826 4566 4563
f 4574 4566 6826
f 4571 4574 6826
f 4313 6817 4462
f 6819 6817 4313
f 4316 6819 4313
f 6819 4305 6827
f 4308 4305 6819
f 4316 4308 6819
f 3895 6824 3987
f 6823 6824 3895
f 3893 6823 3895
f 3728 6821 3872
f 6820 6821 3728
f 3745 6820 3728
f 3722 6820 3745
f 3614 6820 3722
f 6822 6820 3614
f 3613 6822 3614
f 6848 3452 3451
f 3455 3452 6848
f 6849 3455 6848
f 3463 3455 6849
f 3460 3463 6849
f 6231 6345 6846
f 6172 6844 6177
f 6846 6844 6172
f 6174 6846 6172
f 6231 6846 6174
f 6839 6466 5591
f 6847 6466 6839
f 6847 6469 6466
f 6474 6469 6847
f 6366 6474 6847
f 6821 3873 3872
f 3892 3873 6821
f 6823 3892 6821
f 3894 3892 6823
f 3893 3894 6823
f 6849 3611 3610
f 3598 3611 6849
f 6822 3598 6849
f 3599 3598 6822
f 3613 3599 6822
f 6844 6149 6177
f 6853 6149 6844
f 6845 6853 6844
f 6854 6853 6845
f 6848 6854 6845
f 6855 6854 6848
f 3451 6855 6848
f 6846 6368 6850
f 6344 6368 6846
f 6345 6344 6846
f 6847 6364 6366
f 6363 6364 6847
f 6850 6363 6847
f 6367 6363 6850
f 6368 6367 6850
f 6838 5605 5604
f 5571 5605 6838
f 6839 5571 6838
f 5572 5571 6839
f 5591 5572 6839
f 6832 6856 6851
f 6857 6856 6832
f 6834 6857 6832
f 6858 6857 6834
f 6843 6858 6834
f 6859 6858 6843
f 5716 6859 6843
f 6833 5281 5280
f 5302 5281 6833
f 6831 5302 6833
f 5304 5302 6831
f 5303 5304 6831
f 6842 5241 5240
f 5228 5241 6842
f 6837 5228 6842
f 5229 5228 6837
f 5243 5229 6837
f 6828 4838 4841
f 6860 4838 6828
f 6829 6860 6828
f 6861 6860 6829
f 6841 6861 6829
f 6862 6861 6841
f 5081 6862 6841
f 4710 6830 4711
f 6835 6830 4710
f 4734 6835 4710
f 6826 4718 4571
f 4717 4718 6826
f 6835 4717 6826
f 4733 4717 6835
f 4734 4733 6835
f 6817 4478 4477
f 4455 4478 6817
f 6818 4455 6817
f 4456 4455 6818
f 4464 4456 6818
f 6824 3998 3990
f 3995 3998 6824
f 6825 3995 6824
f 6863 3995 6825
f 6827 6863 6825
f 6864 6863 6827
f 4305 6864 6827
f 6865 6866 6867
f 6868 6865 6867
f 6865 6868 6869
f 6865 6869 6870
f 6865 6870 6871
f 6865 6871 6872
f 6865 6872 6873
f 6865 6873 6874
f 6865 6874 6875
f 6865 6875 6876
f 6865 6876 6877
f 6865 6877 6878
f 6865 6878 6879
f 6865 6879 6880
f 6865 6880 6881
f 6865 6881 6882
f 6865 6882 6883
f 6865 6883 6884
f 6865 6884 6885
f 6865 6885 6886
f 6865 6886 6887
f 6865 6887 6866
f 6888 6889 6890
f 6891 6892 6893
f 6894 6895 6896
f 6896 6895 6897
f 6896 6897 6898
f 6899 6900 6896
f 6896 6900 6901
f 6896 6901 6902
f 6903 6904 6896
f 6905 6906 6896
f 6896 6906 6907
f 6896 6907 6903
f 6908 6909 6896
f 6896 6909 6910
f 6896 6910 6911
f 6912 6913 6914
f 5291 6889 6888
f 6915 5551 6916
f 5561 6893 6892
f 6917 6918 6919
f 6920 6921 6922
f 6923 6921 6924
f 6925 6921 6920
f 6926 6927 6928
f 6929 6927 6926
f 6930 6931 6075
f 6932 6931 6930
f 6933 6076 6063
f 5564 5563 6934
f 6935 6934 6936
f 5564 6934 6935
f 6937 5564 6935
f 6062 5564 6937
f 6938 6062 6937
f 6063 6062 6938
f 6893 5556 5555
f 5560 5556 6893
f 5561 5560 6893
f 6939 5557 5553
f 5549 5551 6940
f 6941 5551 6915
f 6942 6943 6944
f 6945 6942 6944
f 6946 6942 6945
f 6947 6946 6945
f 6948 5296 5295
f 5297 5296 6948
f 6949 5294 5293
f 5295 5294 6949
f 5288 5284 6950
f 6951 5305 6852
f 6952 5305 6951
f 6953 6851 6954
f 6852 6851 6953
f 6955 6956 6957
f 6857 6956 6955
f 6958 6955 6959
f 6857 6955 6958
f 6954 6857 6958
f 6856 6857 6954
f 6851 6856 6954
f 6960 6961 6962
f 6910 6959 6911
f 6958 6959 6910
f 6909 6958 6910
f 6954 6958 6909
f 6908 6954 6909
f 6953 6954 6908
f 6903 6933 6904
f 6963 6933 6903
f 6907 6963 6903
f 6964 6963 6907
f 6906 6964 6907
f 6965 6964 6906
f 6905 6965 6906
f 6966 6965 6905
f 6901 6936 6902
f 6935 6936 6901
f 6900 6935 6901
f 6937 6935 6900
f 6899 6937 6900
f 6938 6937 6899
f 6897 6951 6898
f 6952 6951 6897
f 6895 6952 6897
f 6967 6952 6895
f 6894 6967 6895
f 6968 6967 6894
f 6969 6968 6894
f 6970 6968 6969
f 6912 6957 6913
f 6955 6957 6912
f 6971 6955 6912
f 6959 6955 6971
f 6972 6959 6971
f 6911 6959 6972
f 6973 6911 6972
f 6896 6911 6973
f 6933 6075 6076
f 6930 6075 6933
f 6963 6930 6933
f 6974 6930 6963
f 6964 6974 6963
f 6975 6974 6964
f 6965 6975 6964
f 6976 6975 6965
f 6966 6976 6965
f 6977 6976 6966
f 6892 5562 5561
f 5563 5562 6892
f 6891 5563 6892
f 6934 5563 6891
f 6978 6934 6891
f 6936 6934 6978
f 6979 6936 6978
f 6902 6936 6979
f 6980 6902 6979
f 6896 6902 6980
f 6938 6933 6063
f 6904 6933 6938
f 6899 6904 6938
f 6896 6904 6899
f 6981 6970 6982
f 6968 6970 6981
f 6983 6968 6981
f 6967 6968 6983
f 6984 6967 6983
f 6952 6967 6984
f 6985 6952 6984
f 5305 6952 6985
f 5286 5305 6985
f 6973 6986 6896
f 6987 6986 6973
f 6972 6987 6973
f 6988 6987 6972
f 6971 6988 6972
f 6989 6988 6971
f 6912 6989 6971
f 6990 6989 6912
f 6914 6990 6912
f 6991 6990 6914
f 6992 6991 6914
f 6953 6951 6852
f 6898 6951 6953
f 6908 6898 6953
f 6896 6898 6908
f 6932 6993 6994
f 6995 6993 6932
f 6930 6995 6932
f 6996 6995 6930
f 6974 6996 6930
f 6997 6996 6974
f 6975 6997 6974
f 6998 6997 6975
f 6976 6998 6975
f 6999 6998 6976
f 6977 6999 6976
f 7000 6999 6977
f 7001 6982 7002
f 6981 6982 7001
f 7003 6981 7001
f 6983 6981 7003
f 7004 6983 7003
f 6984 6983 7004
f 7005 6984 7004
f 6985 6984 7005
f 6950 6985 7005
f 5286 6985 6950
f 5284 5286 6950
f 7006 7000 7007
f 6999 7000 7006
f 7008 6999 7006
f 6998 6999 7008
f 7009 6998 7008
f 6997 6998 7009
f 7010 6997 7009
f 6996 6997 7010
f 7011 6996 7010
f 6995 6996 7011
f 7012 6995 7011
f 6993 6995 7012
f 6917 6993 7012
f 6994 6993 6917
f 6919 6994 6917
f 6939 5555 5557
f 6893 5555 6939
f 7013 6893 6939
f 6891 6893 7013
f 7014 6891 7013
f 6978 6891 7014
f 7015 6978 7014
f 6979 6978 7015
f 7016 6979 7015
f 6980 6979 7016
f 7017 6980 7016
f 6896 6980 7017
f 7018 7002 7019
f 7001 7002 7018
f 7020 7001 7018
f 7003 7001 7020
f 7021 7003 7020
f 7004 7003 7021
f 7022 7004 7021
f 7005 7004 7022
f 7023 7005 7022
f 6950 7005 7023
f 6890 6950 7023
f 5288 6950 6890
f 6889 5288 6890
f 5289 5288 6889
f 5291 5289 6889
f 7024 7007 7025
f 7006 7007 7024
f 7026 7006 7024
f 7008 7006 7026
f 7027 7008 7026
f 7009 7008 7027
f 7028 7009 7027
f 7010 7009 7028
f 7029 7010 7028
f 7011 7010 7029
f 7030 7011 7029
f 7012 7011 7030
f 7031 7012 7030
f 6917 7012 7031
f 6926 6917 7031
f 6918 6917 6926
f 6928 6918 6926
f 7032 7019 7033
f 7018 7019 7032
f 7034 7018 7032
f 7020 7018 7034
f 7035 7020 7034
f 7021 7020 7035
f 7036 7021 7035
f 7022 7021 7036
f 7037 7022 7036
f 7023 7022 7037
f 7038 7023 7037
f 6890 7023 7038
f 7039 6890 7038
f 6888 6890 7039
f 5293 6888 7039
f 5291 6888 5293
f 6960 7040 7041
f 7025 7040 6960
f 6962 7025 6960
f 7024 7025 6962
f 7042 7024 6962
f 7026 7024 7042
f 7043 7026 7042
f 7027 7026 7043
f 7044 7027 7043
f 7028 7027 7044
f 7045 7028 7044
f 7029 7028 7045
f 7046 7029 7045
f 7030 7029 7046
f 7047 7030 7046
f 7031 7030 7047
f 6925 7031 7047
f 6926 7031 6925
f 6920 6926 6925
f 6929 6926 6920
f 6922 6929 6920
f 7039 6949 5293
f 7048 6949 7039
f 7038 7048 7039
f 7049 7048 7038
f 7037 7049 7038
f 7050 7049 7037
f 7036 7050 7037
f 7051 7050 7036
f 7035 7051 7036
f 7052 7051 7035
f 7034 7052 7035
f 7053 7052 7034
f 7032 7053 7034
f 7054 7053 7032
f 7033 7054 7032
f 6925 6924 6921
f 7055 6924 6925
f 7047 7055 6925
f 7056 7055 7047
f 7046 7056 7047
f 7057 7056 7046
f 7045 7057 7046
f 7058 7057 7045
f 7044 7058 7045
f 7059 7058 7044
f 7043 7059 7044
f 7060 7059 7043
f 7042 7060 7043
f 7061 7060 7042
f 6962 7061 7042
f 7062 7061 6962
f 6961 7062 6962
f 6949 6948 5295
f 7063 6948 6949
f 7048 7063 6949
f 7064 7063 7048
f 7049 7064 7048
f 7065 7064 7049
f 7050 7065 7049
f 7066 7065 7050
f 7051 7066 7050
f 7067 7066 7051
f 7052 7067 7051
f 7068 7067 7052
f 7053 7068 7052
f 7069 7068 7053
f 7054 7069 7053
f 6894 6896 6969
f 7070 6915 6916
f 7071 6915 7070
f 7072 7071 7070
f 7073 7071 7072
f 6923 7073 7072
f 7074 7073 6923
f 6924 7074 6923
f 7075 7074 6924
f 7055 7075 6924
f 7076 7075 7055
f 7056 7076 7055
f 7077 7076 7056
f 7057 7077 7056
f 7078 7077 7057
f 7058 7078 7057
f 7079 7078 7058
f 7059 7079 7058
f 7080 7079 7059
f 7060 7080 7059
f 6943 7080 7060
f 7061 6943 7060
f 6944 6943 7061
f 7062 6944 7061
f 7040 6992 7041
f 6991 6992 7040
f 7025 6991 7040
f 6990 6991 7025
f 7007 6990 7025
f 6989 6990 7007
f 7000 6989 7007
f 6988 6989 7000
f 6977 6988 7000
f 6987 6988 6977
f 6966 6987 6977
f 6986 6987 6966
f 6905 6986 6966
f 6896 6986 6905
f 7081 6946 6947
f 7082 6946 7081
f 5297 7082 7081
f 7083 7082 5297
f 6948 7083 5297
f 7084 7083 6948
f 7063 7084 6948
f 7085 7084 7063
f 7064 7085 7063
f 7086 7085 7064
f 7065 7086 7064
f 7087 7086 7065
f 7066 7087 7065
f 7088 7087 7066
f 7067 7088 7066
f 7089 7088 7067
f 7068 7089 7067
f 6941 7089 7068
f 7069 6941 7068
f 5551 6941 7069
f 7054 5551 7069
f 6940 5551 7054
f 7033 6940 7054
f 6940 5553 5549
f 6939 5553 6940
f 7033 6939 6940
f 7013 6939 7033
f 7019 7013 7033
f 7014 7013 7019
f 7002 7014 7019
f 7015 7014 7002
f 6982 7015 7002
f 7016 7015 6982
f 6970 7016 6982
f 7017 7016 6970
f 6969 7017 6970
f 6896 7017 6969
f 7082 6866 6946
f 6867 6866 7082
f 7083 6867 7082
f 6868 6867 7083
f 7084 6868 7083
f 6869 6868 7084
f 7085 6869 7084
f 6870 6869 7085
f 7086 6870 7085
f 6871 6870 7086
f 7087 6871 7086
f 6872 6871 7087
f 7088 6872 7087
f 6873 6872 7088
f 7089 6873 7088
f 6874 6873 7089
f 6941 6874 7089
f 6875 6874 6941
f 6915 6875 6941
f 6876 6875 6915
f 7071 6876 6915
f 6877 6876 7071
f 7073 6877 7071
f 6878 6877 7073
f 7074 6878 7073
f 6879 6878 7074
f 7075 6879 7074
f 6880 6879 7075
f 7076 6880 7075
f 6881 6880 7076
f 7077 6881 7076
f 6882 6881 7077
f 7078 6882 7077
f 6883 6882 7078
f 7079 6883 7078
f 6884 6883 7079
f 7080 6884 7079
f 6885 6884 7080
f 6943 6885 7080
f 6886 6885 6943
f 6942 6886 6943
f 6887 6886 6942
f 6946 6887 6942
f 6866 6887 6946
f 7090 7091 7092
f 7091 7093 7092
f 7094 7093 7091
f 7095 7094 7091
f 7095 7096 7094
f 7097 7096 7095
f 7098 7097 7095
f 7098 7099 7097
f 7100 7099 7098
f 7101 7100 7098
f 7101 7102 7100
f 7103 7102 7101
f 7104 7103 7101
f 7104 7105 7103
f 7106 7105 7104
f 7107 7106 7104
f 7107 7108 7106
f 7109 7108 7107
f 7110 7109 7107
f 7110 7111 7109
f 7112 7111 7110
f 7113 7112 7110
f 7113 7114 7112
f 7115 7114 7113
f 7116 7115 7113
f 7116 7117 7115
f 7118 7117 7116
f 7119 7118 7116
f 7119 7120 7118
f 7121 7120 7119
f 7122 7121 7119
f 7122 7123 7121
f 7124 7123 7122
f 7125 7124 7122
f 7125 7126 7124
f 7127 7126 7125
f 7128 7127 7125
f 7128 7129 7127
f 7130 7129 7128
f 7131 7130 7128
f 7131 7132 7130
f 7133 7132 7131
f 7134 7133 7131
f 7134 7135 7133
f 7136 7135 7134
f 7137 7136 7134
f 7137 7138 7136
f 7139 7138 7137
f 7140 7139 7137
f 7140 7141 7139
f 7142 7141 7140
f 7143 7142 7140
f 7143 7144 7142
f 7145 7144 7143
f 7146 7145 7143
f 7146 7147 7145
f 7148 7147 7146
f 7149 7148 7146
f 7149 7150 7148
f 7151 7150 7149
f 7152 7151 7149
f 7152 7153 7151
f 7154 7153 7152
f 7155 7154 7152
f 7155 7156 7154
f 7157 7156 7155
f 7158 7157 7155
f 7158 7159 7157
f 7160 7159 7158
f 7161 7160 7158
f 7161 7162 7160
f 7163 7162 7161
f 7164 7163 7161
f 7164 7165 7163
f 7166 7165 7164
f 7167 7166 7164
f 7167 7168 7166
f 7169 7168 7167
f 7170 7169 7167
f 7170 7171 7169
f 7172 7171 7170
f 7173 7172 7170
f 7173 7174 7172
f 7175 7174 7173
f 7176 7175 7173
f 7176 7177 7175
f 7178 7177 7176
f 7179 7178 7176
f 7179 7180 7178
f 7181 7180 7179
f 7182 7181 7179
f 7182 7183 7181
f 7184 7183 7182
f 7185 7184 7182
f 7185 7186 7184
f 7187 7186 7185
f 7188 7187 7185
f 7188 7189 7187
f 7190 7189 7188
f 7191 7190 7188
f 7191 7192 7190
f 7193 7192 7191
f 7194 7193 7191
f 7194 7195 7193
f 7196 7195 7194
f 7197 7196 7194
f 7197 7198 7196
f 7199 7198 7197
f 7200 7199 7197
f 7200 7201 7199
f 7202 7201 7200
f 7090 7202 7200
f 7203 7202 7090
f 7092 7203 7090
f 7204 7205 7206
f 7207 7205 7204
f 7208 7207 7204
f 7209 7207 7208
f 7210 7209 7208
f 7211 7209 7210
f 7212 7211 7210
f 7213 7211 7212
f 7214 7213 7212
f 7215 7213 7214
f 7216 7215 7214
f 7217 7215 7216
f 7218 7217 7216
f 7219 7217 7218
f 7220 7219 7218
f 7221 7219 7220
f 7222 7221 7220
f 7223 7221 7222
f 7224 7223 7222
f 7225 7223 7224
f 7226 7225 7224
f 7227 7225 7226
f 7228 7227 7226
f 7229 7227 7228
f 7230 7229 7228
f 7231 7229 7230
f 7232 7231 7230
f 7233 7231 7232
f 7234 7233 7232
f 7235 7233 7234
f 7236 7235 7234
f 7237 7235 7236
f 7238 7237 7236
f 7239 7237 7238
f 7240 7239 7238
f 7241 7239 7240
f 7242 7241 7240
f 7243 7241 7242
f 7244 7243 7242
f 7245 7243 7244
f 7246 7245 7244
f 7247 7245 7246
f 7248 7247 7246
f 7249 7247 7248
f 7250 7249 7248
f 7251 7249 7250
f 7252 7251 7250
f 7253 7251 7252
f 7254 7253 7252
f 7255 7253 7254
f 7256 7255 7254
f 7257 7255 7256
f 7258 7257 7256
f 7259 7257 7258
f 7260 7259 7258
f 7261 7259 7260
f 7262 7261 7260
f 7263 7261 7262
f 7264 7263 7262
f 7265 7263 7264
f 7266 7265 7264
f 7267 7265 7266
f 7268 7267 7266
f 7269 7267 7268
f 7270 7269 7268
f 7271 7269 7270
f 7272 7271 7270
f 7273 7271 7272
f 7274 7273 7272
f 7275 7273 7274
f 7276 7275 7274
f 7277 7275 7276
f 7278 7277 7276
f 7279 7277 7278
f 7280 7279 7278
f 7281 7279 7280
f 7282 7281 7280
f 7283 7281 7282
f 7284 7283 7282
f 7285 7283 7284
f 7286 7285 7284
f 7287 7285 7286
f 7288 7287 7286
f 7289 7287 7288
f 7290 7289 7288
f 7291 7289 7290
f 7292 7291 7290
f 7293 7291 7292
f 7294 7293 7292
f 7295 7293 7294
f 7296 7295 7294
f 7297 7295 7296
f 7298 7297 7296
f 7299 7297 7298
f 7300 7299 7298
f 7301 7299 7300
f 7302 7301 7300
f 7303 7301 7302
f 7304 7303 7302
f 7305 7303 7304
f 7306 7305 7304
f 7307 7305 7306
f 7308 7307 7306
f 7309 7307 7308
f 7310 7309 7308
f 7311 7309 7310
f 7312 7311 7310
f 7313 7311 7312
f 7314 7313 7312
f 7315 7313 7314
f 7316 7315 7314
f 7317 7315 7316
f 7318 7317 7316
f 7319 7317 7318
f 7320 7319 7318
f 7321 7319 7320
f 7322 7321 7320
f 7323 7321 7322
f 7324 7323 7322
f 7325 7323 7324
f 7326 7325 7324
f 7327 7325 7326
f 7328 7327 7326
f 7329 7327 7328
f 7330 7329 7328
f 7331 7329 7330
f 7332 7331 7330
f 7333 7331 7332
f 7334 7333 7332
f 7335 7333 7334
f 7336 7335 7334
f 7337 7335 7336
f 7338 7337 7336
f 7339 7337 7338
f 7340 7339 7338
f 7341 7339 7340
f 7342 7341 7340
f 7343 7341 7342
f 7344 7343 7342
f 7345 7343 7344
f 7346 7345 7344
f 7347 7345 7346
f 7348 7347 7346
f 7349 7347 7348
f 7350 7349 7348
f 7351 7349 7350
f 7352 7351 7350
f 7353 7351 7352
f 7354 7353 7352
f 7355 7353 7354
f 7206 7355 7354
f 7205 7355 7206
f 7205 7356 7355
f 7357 7356 7205
f 7207 7357 7205
f 7358 7357 7207
f 7209 7358 7207
f 7359 7358 7209
f 7211 7359 7209
f 7360 7359 7211
f 7213 7360 7211
f 7361 7360 7213
f 7215 7361 7213
f 7362 7361 7215
f 7217 7362 7215
f 7363 7362 7217
f 7219 7363 7217
f 7364 7363 7219
f 7221 7364 7219
f 7365 7364 7221
f 7223 7365 7221
f 7366 7365 7223
f 7225 7366 7223
f 7367 7366 7225
f 7227 7367 7225
f 7368 7367 7227
f 7229 7368 7227
f 7369 7368 7229
f 7231 7369 7229
f 7370 7369 7231
f 7233 7370 7231
f 7371 7370 7233
f 7235 7371 7233
f 7372 7371 7235
f 7237 7372 7235
f 7373 7372 7237
f 7239 7373 7237
f 7374 7373 7239
f 7241 7374 7239
f 7375 7374 7241
f 7243 7375 7241
f 7376 7375 7243
f 7245 7376 7243
f 7377 7376 7245
f 7247 7377 7245
f 7378 7377 7247
f 7249 7378 7247
f 7379 7378 7249
f 7251 7379 7249
f 7380 7379 7251
f 7253 7380 7251
f 7381 7380 7253
f 7255 7381 7253
f 7382 7381 7255
f 7257 7382 7255
f 7383 7382 7257
f 7259 7383 7257
f 7384 7383 7259
f 7261 7384 7259
f 7385 7384 7261
f 7263 7385 7261
f 7386 7385 7263
f 7265 7386 7263
f 7387 7386 7265
f 7267 7387 7265
f 7388 7387 7267
f 7269 7388 7267
f 7389 7388 7269
f 7271 7389 7269
f 7390 7389 7271
f 7273 7390 7271
f 7391 7390 7273
f 7275 7391 7273
f 7392 7391 7275
f 7277 7392 7275
f 7393 7392 7277
f 7279 7393 7277
f 7394 7393 7279
f 7281 7394 7279
f 7395 7394 7281
f 7283 7395 7281
f 7396 7395 7283
f 7285 7396 7283
f 7397 7396 7285
f 7287 7397 7285
f 7398 7397 7287
f 7289 7398 7287
f 7399 7398 7289
f 7291 7399 7289
f 7400 7399 7291
f 7293 7400 7291
f 7401 7400 7293
f 7295 7401 7293
f 7402 7401 7295
f 7297 7402 7295
f 7403 7402 7297
f 7299 7403 7297
f 7404 7403 7299
f 7301 7404 7299
f 7405 7404 7301
f 7303 7405 7301
f 7406 7405 7303
f 7305 7406 7303
f 7407 7406 7305
f 7307 7407 7305
f 7408 7407 7307
f 7309 7408 7307
f 7409 7408 7309
f 7311 7409 7309
f 7410 7409 7311
f 7313 7410 7311
f 7411 7410 7313
f 7315 7411 7313
f 7412 7411 7315
f 7317 7412 7315
f 7413 7412 7317
f 7319 7413 7317
f 7414 7413 7319
f 7321 7414 7319
f 7415 7414 7321
f 7323 7415 7321
f 7416 7415 7323
f 7325 7416 7323
f 7417 7416 7325
f 7327 7417 7325
f 7418 7417 7327
f 7329 7418 7327
f 7419 7418 7329
f 7331 7419 7329
f 7420 7419 7331
f 7333 7420 7331
f 7421 7420 7333
f 7335 7421 7333
f 7422 7421 7335
f 7337 7422 7335
f 7423 7422 7337
f 7339 7423 7337
f 7424 7423 7339
f 7341 7424 7339
f 7425 7424 7341
f 7343 7425 7341
f 7426 7425 7343
f 7345 7426 7343
f 7427 7426 7345
f 7347 7427 7345
f 7428 7427 7347
f 7349 7428 7347
f 7429 7428 7349
f 7351 7429 7349
f 7430 7429 7351
f 7353 7430 7351
f 7431 7430 7353
f 7355 7431 7353
f 7356 7431 7355
f 7356 7202 7431
f 7201 7202 7356
f 7357 7201 7356
f 7199 7201 7357
f 7358 7199 7357
f 7198 7199 7358
f 7359 7198 7358
f 7196 7198 7359
f 7360 7196 7359
f 7195 7196 7360
f 7361 7195 7360
f 7193 7195 7361
f 7362 7193 7361
f 7192 7193 7362
f 7363 7192 7362
f 7190 7192 7363
f 7364 7190 7363
f 7189 7190 7364
f 7365 7189 7364
f 7187 7189 7365
f 7366 7187 7365
f 7186 7187 7366
f 7367 7186 7366
f 7184 7186 7367
f 7368 7184 7367
f 7183 7184 7368
f 7369 7183 7368
f 7181 7183 7369
f 7370 7181 7369
f 7180 7181 7370
f 7371 7180 7370
f 7178 7180 7371
f 7372 7178 7371
f 7177 7178 7372
f 7373 7177 7372
f 7175 7177 7373
f 7374 7175 7373
f 7174 7175 7374
f 7375 7174 7374
f 7172 7174 7375
f 7376 7172 7375
f 7171 7172 7376
f 7377 7171 7376
f 7169 7171 7377
f 7378 7169 7377
f 7168 7169 7378
f 7379 7168 7378
f 7166 7168 7379
f 7380 7166 7379
f 7165 7166 7380
f 7381 7165 7380
f 7163 7165 7381
f 7382 7163 7381
f 7162 7163 7382
f 7383 7162 7382
f 7160 7162 7383
f 7384 7160 7383
f 7159 7160 7384
f 7385 7159 7384
f 7157 7159 7385
f 7386 7157 7385
f 7156 7157 7386
f 7387 7156 7386
f 7154 7156 7387
f 7388 7154 7387
f 7153 7154 7388
f 7389 7153 7388
f 7151 7153 7389
f 7390 7151 7389
f 7150 7151 7390
f 7391 7150 7390
f 7148 7150 7391
f 7392 7148 7391
f 7147 7148 7392
f 7393 7147 7392
f 7145 7147 7393
f 7394 7145 7393
f 7144 7145 7394
f 7395 7144 7394
f 7142 7144 7395
f 7396 7142 7395
f 7141 7142 7396
f 7397 7141 7396
f 7139 7141 7397
f 7398 7139 7397
f 7138 7139 7398
f 7399 7138 7398
f 7136 7138 7399
f 7400 7136 7399
f 7135 7136 7400
f 7401 7135 7400
f 7133 7135 7401
f 7402 7133 7401
f 7132 7133 7402
f 7403 7132 7402
f 7130 7132 7403
f 7404 7130 7403
f 7129 7130 7404
f 7405 7129 7404
f 7127 7129 7405
f 7406 7127 7405
f 7126 7127 7406
f 7407 7126 7406
f 7124 7126 7407
f 7408 7124 7407
f 7123 7124 7408
f 7409 7123 7408
f 7121 7123 7409
f 7410 7121 7409
f 7120 7121 7410
f 7411 7120 7410
f 7118 7120 7411
f 7412 7118 7411
f 7117 7118 7412
f 7413 7117 7412
f 7115 7117 7413
f 7414 7115 7413
f 7114 7115 7414
f 7415 7114 7414
f 7112 7114 7415
f 7416 7112 7415
f 7111 7112 7416
f 7417 7111 7416
f 7109 7111 7417
f 7418 7109 7417
f 7108 7109 7418
f 7419 7108 7418
f 7106 7108 7419
f 7420 7106 7419
f 7105 7106 7420
f 7421 7105 7420
f 7103 7105 7421
f 7422 7103 7421
f 7102 7103 7422
f 7423 7102 7422
f 7100 7102 7423
f 7424 7100 7423
f 7099 7100 7424
f 7425 7099 7424
f 7097 7099 7425
f 7426 7097 7425
f 7096 7097 7426
f 7427 7096 7426
f 7094 7096 7427
f 7428 7094 7427
f 7093 7094 7428
f 7429 7093 7428
f 7092 7093 7429
f 7430 7092 7429
f 7203 7092 7430
f 7431 7203 7430
f 7202 7203 7431
f 7310 7432 7433
f 7302 7434 7435
f 7290 7288 7436
f 7314 7437 7316
f 7433 7437 7314
f 7312 7433 7314
f 7310 7433 7312
f 7435 7304 7302
f 7306 7304 7435
f 7432 7306 7435
f 7308 7306 7432
f 7310 7308 7432
f 7438 7290 7436
f 7222 7220 7439
f 7340 7440 7441
f 7438 7292 7290
f 7294 7292 7438
f 7442 7294 7438
f 7286 7436 7288
f 7443 7436 7286
f 7284 7443 7286
f 7282 7443 7284
f 7444 7443 7282
f 7280 7444 7282
f 7252 7250 7445
f 7230 7446 7447
f 7448 7222 7439
f 7437 7318 7316
f 7320 7318 7437
f 7449 7320 7437
f 7442 7296 7294
f 7298 7296 7442
f 7434 7298 7442
f 7300 7298 7434
f 7302 7300 7434
f 7272 7450 7451
f 7452 7252 7445
f 7248 7445 7250
f 7453 7445 7248
f 7246 7453 7248
f 7244 7453 7246
f 7454 7453 7244
f 7242 7454 7244
f 7448 7224 7222
f 7226 7224 7448
f 7446 7226 7448
f 7228 7226 7446
f 7230 7228 7446
f 7348 7455 7456
f 7440 7336 7457
f 7338 7336 7440
f 7340 7338 7440
f 7457 7332 7458
f 7334 7332 7457
f 7336 7334 7457
f 7451 7274 7272
f 7276 7274 7451
f 7444 7276 7451
f 7278 7276 7444
f 7280 7278 7444
f 7264 7459 7460
f 7452 7254 7252
f 7256 7254 7452
f 7461 7256 7452
f 7454 7238 7462
f 7240 7238 7454
f 7242 7240 7454
f 7447 7232 7230
f 7234 7232 7447
f 7462 7234 7447
f 7236 7234 7462
f 7238 7236 7462
f 7218 7439 7220
f 7463 7439 7218
f 7216 7463 7218
f 7214 7463 7216
f 7464 7463 7214
f 7212 7464 7214
f 7210 7464 7212
f 7465 7464 7210
f 7208 7465 7210
f 7204 7465 7208
f 7466 7465 7204
f 7206 7466 7204
f 7456 7350 7348
f 7352 7350 7456
f 7466 7352 7456
f 7354 7352 7466
f 7206 7354 7466
f 7441 7342 7340
f 7344 7342 7441
f 7455 7344 7441
f 7346 7344 7455
f 7348 7346 7455
f 7458 7328 7467
f 7330 7328 7458
f 7332 7330 7458
f 7449 7322 7320
f 7324 7322 7449
f 7467 7324 7449
f 7326 7324 7467
f 7328 7326 7467
f 7460 7266 7264
f 7268 7266 7460
f 7450 7268 7460
f 7270 7268 7450
f 7272 7270 7450
f 7461 7258 7256
f 7260 7258 7461
f 7459 7260 7461
f 7262 7260 7459
f 7264 7262 7459
f 7468 7466 7469
f 7465 7466 7468
f 7470 7465 7468
f 7464 7465 7470
f 7471 7464 7470
f 7463 7464 7471
f 7472 7463 7471
f 7439 7463 7472
f 7473 7439 7472
f 7448 7439 7473
f 7474 7448 7473
f 7446 7448 7474
f 7475 7446 7474
f 7447 7446 7475
f 7476 7447 7475
f 7462 7447 7476
f 7477 7462 7476
f 7454 7462 7477
f 7478 7454 7477
f 7453 7454 7478
f 7479 7453 7478
f 7445 7453 7479
f 7480 7445 7479
f 7452 7445 7480
f 7481 7452 7480
f 7461 7452 7481
f 7482 7461 7481
f 7459 7461 7482
f 7483 7459 7482
f 7460 7459 7483
f 7484 7460 7483
f 7450 7460 7484
f 7485 7450 7484
f 7451 7450 7485
f 7486 7451 7485
f 7444 7451 7486
f 7487 7444 7486
f 7443 7444 7487
f 7488 7443 7487
f 7436 7443 7488
f 7489 7436 7488
f 7438 7436 7489
f 7490 7438 7489
f 7442 7438 7490
f 7491 7442 7490
f 7434 7442 7491
f 7492 7434 7491
f 7435 7434 7492
f 7493 7435 7492
f 7432 7435 7493
f 7494 7432 7493
f 7433 7432 7494
f 7495 7433 7494
f 7437 7433 7495
f 7496 7437 7495
f 7449 7437 7496
f 7497 7449 7496
f 7467 7449 7497
f 7498 7467 7497
f 7458 7467 7498
f 7499 7458 7498
f 7457 7458 7499
f 7500 7457 7499
f 7440 7457 7500
f 7501 7440 7500
f 7441 7440 7501
f 7502 7441 7501
f 7455 7441 7502
f 7503 7455 7502
f 7456 7455 7503
f 7469 7456 7503
f 7466 7456 7469
f 7494 7119 7495
f 7122 7119 7494
f 7493 7122 7494
f 7125 7122 7493
f 7492 7125 7493
f 7128 7125 7492
f 7491 7128 7492
f 7131 7128 7491
f 7490 7131 7491
f 7134 7131 7490
f 7489 7134 7490
f 7137 7134 7489
f 7488 7137 7489
f 7140 7137 7488
f 7487 7140 7488
f 7143 7140 7487
f 7486 7143 7487
f 7146 7143 7486
f 7485 7146 7486
f 7149 7146 7485
f 7484 7149 7485
f 7152 7149 7484
f 7483 7152 7484
f 7155 7152 7483
f 7482 7155 7483
f 7158 7155 7482
f 7481 7158 7482
f 7161 7158 7481
f 7480 7161 7481
f 7164 7161 7480
f 7479 7164 7480
f 7167 7164 7479
f 7478 7167 7479
f 7170 7167 7478
f 7477 7170 7478
f 7477 7173 7170
f 7176 7173 7477
f 7476 7176 7477
f 7179 7176 7476
f 7475 7179 7476
f 7182 7179 7475
f 7474 7182 7475
f 7185 7182 7474
f 7473 7185 7474
f 7188 7185 7473
f 7472 7188 7473
f 7191 7188 7472
f 7471 7191 7472
f 7194 7191 7471
f 7470 7194 7471
f 7197 7194 7470
f 7468 7197 7470
f 7200 7197 7468
f 7469 7200 7468
f 7090 7200 7469
f 7503 7090 7469
f 7091 7090 7503
f 7502 7091 7503
f 7095 7091 7502
f 7501 7095 7502
f 7098 7095 7501
f 7500 7098 7501
f 7101 7098 7500
f 7499 7101 7500
f 7104 7101 7499
f 7498 7104 7499
f 7107 7104 7498
f 7497 7107 7498
f 7110 7107 7497
f 7496 7110 7497
f 7113 7110 7496
f 7495 7113 7496
f 7116 7113 7495
f 7119 7116 7495
f 7504 7505 7506
f 7466 7505 7504
f 7507 7466 7504
f 7504 7508 7509
f 7510 7508 7504
f 7506 7510 7504
f 7504 7511 7512
f 7513 7511 7504
f 7509 7513 7504
f 7504 7514 7515
f 7516 7514 7504
f 7512 7516 7504
f 7504 7435 7517
f 7518 7435 7504
f 7515 7518 7504
f 7504 7519 7520
f 7521 7519 7504
f 7517 7521 7504
f 7504 7522 7523
f 7524 7522 7504
f 7520 7524 7504
f 7504 7525 7526
f 7527 7525 7504
f 7523 7527 7504
f 7504 7528 7452
f 7529 7528 7504
f 7526 7529 7504
f 7504 7530 7531
f 7532 7530 7504
f 7452 7532 7504
f 7504 7533 7534
f 7535 7533 7504
f 7531 7535 7504
f 7504 7536 7537
f 7538 7536 7504
f 7534 7538 7504
f 7504 7539 7507
f 7540 7539 7504
f 7537 7540 7504
f 7507 7541 7466
f 7542 7541 7507
f 7539 7542 7507
f 7543 7542 7539
f 7540 7543 7539
f 7544 7543 7540
f 7537 7544 7540
f 7545 7544 7537
f 7536 7545 7537
f 7546 7545 7536
f 7538 7546 7536
f 7547 7546 7538
f 7534 7547 7538
f 7548 7547 7534
f 7533 7548 7534
f 7549 7548 7533
f 7535 7549 7533
f 7550 7549 7535
f 7531 7550 7535
f 7551 7550 7531
f 7530 7551 7531
f 7552 7551 7530
f 7532 7552 7530
f 7553 7552 7532
f 7452 7553 7532
f 7554 7553 7452
f 7528 7554 7452
f 7555 7554 7528
f 7529 7555 7528
f 7556 7555 7529
f 7526 7556 7529
f 7557 7556 7526
f 7525 7557 7526
f 7558 7557 7525
f 7527 7558 7525
f 7559 7558 7527
f 7523 7559 7527
f 7560 7559 7523
f 7522 7560 7523
f 7561 7560 7522
f 7524 7561 7522
f 7562 7561 7524
f 7520 7562 7524
f 7563 7562 7520
f 7519 7563 7520
f 7564 7563 7519
f 7521 7564 7519
f 7565 7564 7521
f 7517 7565 7521
f 7566 7565 7517
f 7435 7566 7517
f 7567 7566 7435
f 7518 7567 7435
f 7568 7567 7518
f 7515 7568 7518
f 7569 7568 7515
f 7514 7569 7515
f 7570 7569 7514
f 7516 7570 7514
f 7571 7570 7516
f 7512 7571 7516
f 7572 7571 7512
f 7511 7572 7512
f 7573 7572 7511
f 7513 7573 7511
f 7574 7573 7513
f 7509 7574 7513
f 7575 7574 7509
f 7508 7575 7509
f 7576 7575 7508
f 7510 7576 7508
f 7577 7576 7510
f 7506 7577 7510
f 7578 7577 7506
f 7505 7578 7506
f 7579 7578 7505
f 7466 7579 7505
f 7541 7579 7466

