# https://github.com/mikedh/trimesh

o left_hand_mid_swing_link.STL
v 0.00000000 -0.00475000 -0.00507942
v 0.00000000 -0.00430000 -0.00520000
v 0.00000000 -0.00515000 -0.00515000
v 0.00000000 0.00507942 -0.00475000
v 0.00000000 0.00520000 -0.00430000
v 0.00000000 0.00515000 -0.00515000
v 0.00000000 0.00450000 0.00685377
v 0.00000000 0.00515000 0.00685377
v 0.00000000 0.00515000 0.00530648
v 0.00000000 0.00205000 -0.00515000
v 0.00000000 0.00205000 -0.00744623
v 0.00000000 -0.00205000 -0.00744623
v 0.00000000 -0.00385000 0.00507942
v 0.00000000 -0.00430000 0.00520000
v 0.00000000 -0.00205000 0.00515000
v 0.00000000 0.00131998 -0.00492622
v 0.00000000 0.00255000 -0.00441673
v 0.00000000 0.00205000 0.00515000
v 0.00000000 0.00000000 0.00510000
v 0.00000000 -0.00131998 0.00492622
v 0.00000000 -0.00255000 0.00441673
v 0.00000000 0.00385000 0.00507942
v 0.00000000 0.00352058 0.00475000
v 0.00000000 0.00255000 0.00441673
v 0.00000000 0.00131998 0.00492622
v 0.00000000 0.00441673 0.00255000
v 0.00000000 0.00475000 0.00352058
v 0.00000000 0.00492622 0.00131998
v 0.00000000 0.00515000 -0.00000000
v 0.00000000 0.00510000 -0.00000000
v 0.00000000 0.00340000 0.00430000
v 0.00000000 0.00352058 0.00385000
v 0.00000000 0.00360624 0.00360624
v 0.00000000 0.00385000 0.00352058
v 0.00000000 0.00430000 0.00340000
v 0.00000000 0.00507942 -0.00385000
v 0.00000000 0.00475000 -0.00352058
v 0.00000000 0.00385000 -0.00352058
v 0.00000000 0.00352058 -0.00385000
v 0.00000000 0.00340000 -0.00430000
v 0.00000000 0.00352058 -0.00475000
v 0.00000000 0.00385000 -0.00507942
v 0.00000000 0.00430000 -0.00520000
v 0.00000000 0.00492622 -0.00131998
v 0.00000000 0.00441673 -0.00255000
v 0.00000000 0.00430000 -0.00340000
v 0.00000000 0.00360624 -0.00360624
v 0.00000000 -0.00255000 -0.00441673
v 0.00000000 -0.00131998 -0.00492622
v 0.00000000 -0.00205000 -0.00515000
v 0.00000000 -0.00000000 -0.00510000
v 0.00000000 -0.00520000 -0.00430000
v 0.00000000 -0.00515000 -0.00000000
v 0.00000000 -0.00507942 -0.00385000
v 0.00000000 -0.00475000 -0.00352058
v 0.00000000 -0.00385000 -0.00507942
v 0.00000000 -0.00352058 -0.00475000
v 0.00000000 -0.00340000 -0.00430000
v 0.00000000 -0.00352058 -0.00385000
v 0.00000000 -0.00360624 -0.00360624
v 0.00000000 -0.00385000 -0.00352058
v 0.00000000 -0.00441673 -0.00255000
v 0.00000000 -0.00430000 -0.00340000
v 0.00000000 -0.00492622 -0.00131998
v 0.00000000 -0.00510000 -0.00000000
v 0.00000000 -0.00475000 0.00352058
v 0.00000000 -0.00507942 0.00385000
v 0.00000000 -0.00520000 0.00430000
v 0.00000000 -0.00492622 0.00131998
v 0.00000000 -0.00441673 0.00255000
v 0.00000000 -0.00430000 0.00340000
v 0.00000000 -0.00385000 0.00352058
v 0.00000000 -0.00360624 0.00360624
v 0.00000000 -0.00352058 0.00385000
v 0.00000000 -0.00340000 0.00430000
v 0.00000000 -0.00352058 0.00475000
v 0.00000000 -0.00245270 0.00873959
v 0.00000000 -0.00187868 0.00885377
v 0.00000000 -0.00035000 0.00671917
v 0.00000000 0.00245271 0.00873959
v 0.00000000 0.00060622 0.00646295
v 0.00000000 0.00187868 0.00885377
v 0.00000000 0.00035000 0.00671917
v 0.00000000 0.00000000 0.00681295
v 0.00000000 -0.00060622 0.00646295
v 0.00000000 -0.00070000 0.00611295
v 0.00000000 -0.00205000 0.00530648
v 0.00000000 -0.00060622 0.00576295
v 0.00000000 0.00205000 0.00530648
v 0.00000000 0.00060622 0.00576295
v 0.00000000 0.00070000 0.00611295
v 0.00000000 -0.00035000 0.00550673
v 0.00000000 0.00000000 0.00541295
v 0.00000000 0.00035000 0.00550673
v 0.00000000 -0.00515000 0.00530648
v 0.00000000 -0.00515000 0.00685377
v 0.00000000 -0.00450000 0.00685377
v 0.00000000 -0.00293934 0.00841443
v 0.00000000 -0.00730000 -0.00761659
v 0.00000000 -0.00730000 -0.00515000
v 0.00000000 -0.00627872 -0.00847822
v 0.00000000 -0.00508321 -0.00924464
v 0.00000000 -0.00379560 -0.00984357
v 0.00000000 -0.00292304 -0.00744623
v 0.00000000 0.00379560 -0.00984357
v 0.00000000 0.00292304 -0.00744623
v 0.00000000 0.00508321 -0.00924465
v 0.00000000 0.00627872 -0.00847822
v 0.00000000 0.00293934 0.00841443
v 0.00000000 -0.00507942 0.00475000
v 0.00000000 -0.00515000 0.00515000
v 0.00000000 -0.00475000 0.00507942
v 0.00000000 0.00515000 0.00515000
v 0.00000000 0.00430000 0.00520000
v 0.00000000 0.00520000 0.00430000
v 0.00000000 0.00507942 0.00475000
v 0.00000000 0.00475000 0.00507942
v 0.00000000 0.00730000 0.00515000
v 0.00000000 0.00730000 -0.00000000
v 0.00000000 0.00730000 -0.00515000
v 0.00000000 0.00730000 -0.00761659
v 0.00000000 0.00475000 -0.00507942
v 0.00000000 -0.00730000 0.00515000
v 0.00000000 -0.00730000 0.00000000
v 0.00000000 -0.00507942 -0.00475000
v 0.00000000 0.00507942 0.00385000
v 0.00000000 0.00730000 0.00530648
v 0.00000000 0.00730000 0.00685377
v 0.00000000 -0.00730000 0.00530648
v 0.00000000 -0.00730000 0.00685377
v -0.00295734 -0.00730000 0.01085377
v -0.00295734 -0.00366332 0.01085377
v -0.00310482 -0.00384452 0.01085377
v -0.00595734 -0.00420000 0.01085377
v -0.00595734 -0.00730000 0.01085377
v -0.00395734 -0.00420000 0.01085377
v -0.00349551 -0.00410757 0.01085377
v -0.00295734 0.00366333 0.01085377
v -0.00295734 0.00730000 0.01085377
v -0.00310482 0.00384452 0.01085377
v -0.00349551 0.00410757 0.01085377
v -0.00595734 0.00730000 0.01085377
v -0.00595734 0.00420000 0.01085377
v -0.00395734 0.00420000 0.01085377
v -0.01789250 0.00450000 0.00805377
v -0.01789250 0.00450000 0.00965377
v -0.01774567 0.00542705 0.00965377
v -0.01774567 0.00542705 0.00805377
v -0.01731955 0.00626336 0.00965377
v -0.01731955 0.00626336 0.00805377
v -0.01665586 0.00692705 0.00965377
v -0.01665586 0.00692705 0.00805377
v -0.01581955 0.00735317 0.00965377
v -0.01581955 0.00735317 0.00805377
v -0.01489250 0.00750000 0.00965377
v -0.01489250 0.00750000 0.00805377
v -0.00764430 0.00100000 0.01193597
v -0.00726194 0.00100000 0.01168991
v -0.00876004 0.00100000 0.01150381
v -0.01389076 0.00100000 0.00885377
v -0.00985096 0.00100000 0.01011281
v -0.00395734 0.00100000 0.00885377
v -0.00925058 0.00100000 0.01035408
v -0.00885127 0.00100000 0.01086322
v -0.01075142 0.00100000 0.01235346
v -0.01115072 0.00100000 0.01184431
v -0.01200758 0.00100000 0.01247787
v -0.01291542 0.00100000 0.01078707
v -0.01346510 0.00100000 0.01065377
v -0.01389076 0.00100000 0.01065377
v -0.00395734 0.00100000 0.01051426
v -0.00681548 0.00100000 0.01160377
v -0.00227181 0.00100000 0.01160377
v -0.01227741 0.00100000 0.01168234
v -0.01124196 0.00100000 0.01120373
v -0.01248786 0.00100000 0.01115734
v -0.01100069 0.00100000 0.01060335
v -0.01049154 0.00100000 0.01020405
v -0.01147009 0.00100000 0.01312345
v -0.01073662 0.00100000 0.01353296
v -0.01015104 0.00100000 0.01259473
v -0.00990502 0.00100000 0.01365177
v -0.00951045 0.00100000 0.01250349
v -0.00908622 0.00100000 0.01346402
v -0.00900131 0.00100000 0.01210419
v -0.00838945 0.00100000 0.01299478
v -0.00790766 0.00100000 0.01230663
v -0.00395734 -0.00100000 0.01051426
v -0.00227181 -0.00100000 0.01160377
v -0.00681548 -0.00100000 0.01160377
v -0.00726194 -0.00100000 0.01168991
v -0.00876004 -0.00100000 0.01150381
v -0.00885127 -0.00100000 0.01086322
v -0.00395734 -0.00100000 0.00885377
v -0.00925058 -0.00100000 0.01035408
v -0.00985096 -0.00100000 0.01011281
v -0.01389076 -0.00100000 0.00885377
v -0.01049154 -0.00100000 0.01020405
v -0.01100069 -0.00100000 0.01060335
v -0.01015104 -0.00100000 0.01259473
v -0.01073662 -0.00100000 0.01353296
v -0.01075142 -0.00100000 0.01235346
v -0.01147009 -0.00100000 0.01312345
v -0.01115072 -0.00100000 0.01184431
v -0.01200758 -0.00100000 0.01247787
v -0.01124196 -0.00100000 0.01120373
v -0.00764430 -0.00100000 0.01193597
v -0.00790766 -0.00100000 0.01230663
v -0.00900131 -0.00100000 0.01210419
v -0.00838945 -0.00100000 0.01299478
v -0.00951045 -0.00100000 0.01250349
v -0.00908622 -0.00100000 0.01346402
v -0.00990502 -0.00100000 0.01365177
v -0.01227741 -0.00100000 0.01168234
v -0.01248786 -0.00100000 0.01115734
v -0.01291542 -0.00100000 0.01078707
v -0.01346510 -0.00100000 0.01065377
v -0.01389076 -0.00100000 0.01065377
v -0.00309131 -0.00350000 0.00785377
v -0.00100000 -0.00350000 0.00785377
v -0.00345734 -0.00386603 0.00785377
v -0.00100000 -0.00730000 0.00785377
v -0.00395734 -0.00400000 0.00785377
v -0.01769250 -0.00350000 0.00785377
v -0.01475679 -0.00350000 0.00785377
v -0.01769250 -0.00450000 0.00785377
v -0.01459787 -0.00370711 0.00785377
v -0.01755546 -0.00536525 0.00785377
v -0.01423688 -0.00393819 0.00785377
v -0.01653830 -0.00676525 0.00785377
v -0.01715775 -0.00614580 0.00785377
v -0.01389076 -0.00400000 0.00785377
v -0.01489250 -0.00730000 0.00785377
v -0.01575775 -0.00716296 0.00785377
v -0.00196240 -0.00700000 0.01180377
v -0.00196240 -0.00080000 0.01180377
v -0.00345734 -0.00113397 0.01083745
v -0.00309131 -0.00150000 0.01107405
v -0.00299141 -0.00174118 0.01113862
v -0.00295734 -0.00200000 0.01116065
v -0.00242651 -0.00730000 0.01150377
v -0.00295734 -0.00730000 0.01116065
v 0.00200000 -0.00750000 -0.00770146
v 0.00230000 -0.00720000 -0.00798264
v 0.00250000 -0.00700000 -0.00789319
v 0.00250000 -0.00700000 -0.00450000
v 0.00250000 -0.00700000 0.00000000
v 0.00200000 -0.00750000 0.00850401
v 0.00250000 -0.00700000 0.00840377
v 0.00239976 -0.00710024 0.00850401
v 0.00250000 -0.00700000 0.00630648
v 0.00250000 -0.00700000 0.00430648
v 0.00050000 -0.00100000 0.01152093
v 0.00050000 -0.00094142 0.01160377
v 0.00050000 -0.00691716 0.01160377
v 0.00050000 -0.00100000 0.01040377
v 0.00050000 -0.00730000 0.01122093
v 0.00050000 -0.00730000 0.01040377
v -0.01449076 0.00096077 0.01085377
v -0.01492999 0.00140000 0.01085377
v -0.01769250 -0.00300000 0.01085377
v -0.01769250 0.00300000 0.01085377
v -0.01509076 0.00200000 0.01085377
v -0.01509076 0.00300000 0.01085377
v -0.01346510 -0.00080000 0.01085377
v -0.01346510 0.00080000 0.01085377
v -0.01389076 -0.00080000 0.01085377
v -0.01389076 0.00080000 0.01085377
v -0.01449076 -0.00096077 0.01085377
v -0.01492999 -0.00140000 0.01085377
v -0.01509076 -0.00200000 0.01085377
v -0.01509076 -0.00300000 0.01085377
v 0.00080000 -0.00100000 0.01010377
v 0.00112195 -0.00100000 0.00781295
v 0.00230000 -0.00100000 0.00781295
v 0.00230000 -0.00100000 0.00860377
v 0.00594856 -0.00100000 0.01247877
v 0.00534542 -0.00100000 0.01189446
v 0.00621582 -0.00100000 0.01174448
v 0.00543952 -0.00100000 0.01152781
v 0.00621582 -0.00100000 0.01096306
v 0.00543551 -0.00100000 0.01114931
v 0.00594856 -0.00100000 0.01022877
v 0.00230000 -0.00100000 0.00910377
v 0.00310517 -0.00100000 0.01021281
v 0.00284036 -0.00100000 0.01048329
v 0.00533368 -0.00100000 0.01078474
v 0.00514096 -0.00100000 0.01045894
v 0.00544627 -0.00100000 0.00963017
v 0.00487048 -0.00100000 0.01019413
v 0.00476955 -0.00100000 0.00923946
v 0.00454069 -0.00100000 0.01000835
v 0.00400000 -0.00100000 0.00910377
v 0.00265458 -0.00100000 0.01081308
v 0.00417404 -0.00100000 0.00991425
v 0.00379554 -0.00100000 0.00991826
v 0.00343097 -0.00100000 0.01002009
v 0.00256048 -0.00100000 0.01117973
v 0.00256449 -0.00100000 0.01155823
v 0.00190919 -0.00100000 0.01293011
v 0.00266632 -0.00100000 0.01192280
v 0.00285904 -0.00100000 0.01224859
v 0.00238553 -0.00100000 0.01329563
v 0.00312952 -0.00100000 0.01251341
v 0.00294025 -0.00100000 0.01352540
v 0.00345931 -0.00100000 0.01269919
v 0.00353553 -0.00100000 0.01360377
v 0.00382596 -0.00100000 0.01279329
v 0.00400000 -0.00100000 0.01360377
v 0.00420446 -0.00100000 0.01278928
v 0.00476955 -0.00100000 0.01346808
v 0.00456903 -0.00100000 0.01268745
v 0.00544627 -0.00100000 0.01307737
v 0.00489483 -0.00100000 0.01249473
v 0.00515964 -0.00100000 0.01222425
v 0.00256048 0.00100000 0.01117973
v 0.00265458 0.00100000 0.01081308
v 0.00230000 0.00100000 0.00910377
v 0.00284036 0.00100000 0.01048329
v 0.00310517 0.00100000 0.01021281
v 0.00343097 0.00100000 0.01002009
v 0.00400000 0.00100000 0.00910377
v 0.00379554 0.00100000 0.00991826
v 0.00417404 0.00100000 0.00991425
v 0.00476955 0.00100000 0.00923946
v 0.00454069 0.00100000 0.01000835
v 0.00544627 0.00100000 0.00963017
v 0.00487048 0.00100000 0.01019413
v 0.00594856 0.00100000 0.01022877
v 0.00190919 0.00100000 0.01293011
v 0.00266632 0.00100000 0.01192280
v 0.00050000 0.00100000 0.01152093
v 0.00256449 0.00100000 0.01155823
v 0.00050000 0.00100000 0.01040377
v 0.00080000 0.00100000 0.01010377
v 0.00112195 0.00100000 0.00781295
v 0.00230000 0.00100000 0.00860377
v 0.00230000 0.00100000 0.00781295
v 0.00514096 0.00100000 0.01045894
v 0.00533368 0.00100000 0.01078474
v 0.00621582 0.00100000 0.01096306
v 0.00543551 0.00100000 0.01114931
v 0.00621582 0.00100000 0.01174448
v 0.00543952 0.00100000 0.01152781
v 0.00594856 0.00100000 0.01247877
v 0.00534542 0.00100000 0.01189446
v 0.00515964 0.00100000 0.01222425
v 0.00544627 0.00100000 0.01307737
v 0.00489483 0.00100000 0.01249473
v 0.00476955 0.00100000 0.01346808
v 0.00456903 0.00100000 0.01268745
v 0.00400000 0.00100000 0.01360377
v 0.00420446 0.00100000 0.01278928
v 0.00353553 0.00100000 0.01360377
v 0.00382596 0.00100000 0.01279329
v 0.00294025 0.00100000 0.01352540
v 0.00345931 0.00100000 0.01269919
v 0.00238553 0.00100000 0.01329563
v 0.00312952 0.00100000 0.01251341
v 0.00285904 0.00100000 0.01224859
v -0.01389076 0.00400000 0.00965377
v -0.01389076 0.00400000 0.00785377
v -0.00687449 0.00400000 0.00965377
v -0.00395734 0.00400000 0.00785377
v -0.00587449 0.00400000 0.01065377
v -0.00395734 0.00400000 0.01065377
v 0.00353553 0.00080000 0.01380377
v 0.00353553 -0.00080000 0.01380377
v 0.00400000 0.00080000 0.01380377
v 0.00400000 -0.00080000 0.01380377
v 0.00250000 0.00700000 0.00630648
v 0.00250000 0.00700000 0.00840377
v 0.00250000 0.00450000 0.00840377
v 0.00250000 0.00580000 -0.00430000
v 0.00250000 0.00574889 -0.00468823
v 0.00250000 0.00700000 -0.00450000
v 0.00250000 0.00060622 0.00576295
v 0.00250000 0.00175000 0.00430648
v 0.00250000 0.00070000 0.00611295
v 0.00250000 0.00175000 0.00630648
v 0.00250000 0.00060622 0.00646295
v 0.00250000 0.00035000 0.00550673
v 0.00250000 0.00000000 0.00541295
v 0.00250000 -0.00175000 0.00430648
v 0.00250000 -0.00035000 0.00550673
v 0.00250000 -0.00060622 0.00576295
v 0.00250000 -0.00175000 0.00630648
v 0.00250000 0.00000000 0.00681295
v 0.00250000 0.00035000 0.00671917
v 0.00250000 -0.00089378 0.00746295
v 0.00250000 -0.00070000 0.00611295
v 0.00250000 -0.00060622 0.00646295
v 0.00250000 -0.00115000 0.00720673
v 0.00250000 0.00150000 0.00711295
v 0.00250000 0.00115000 0.00720673
v 0.00250000 0.00089378 0.00746295
v 0.00250000 0.00080000 0.00781295
v 0.00250000 -0.00035000 0.00671917
v 0.00250000 0.00080000 0.00890377
v 0.00250000 -0.00080000 0.00890377
v 0.00250000 0.00080000 0.00840377
v 0.00250000 -0.00080000 0.00840377
v 0.00250000 -0.00080000 0.00781295
v 0.00250000 0.00310208 0.00078555
v 0.00250000 0.00318907 0.00026425
v 0.00250000 0.00391177 0.00285111
v 0.00250000 0.00450000 0.00000000
v 0.00250000 0.00468823 0.00285111
v 0.00250000 0.00430000 0.00280000
v 0.00250000 0.00196548 0.00252525
v 0.00250000 0.00235432 0.00216730
v 0.00250000 0.00323934 0.00323934
v 0.00250000 0.00300096 0.00355000
v 0.00250000 0.00285111 0.00391177
v 0.00250000 0.00355000 0.00300096
v 0.00250000 0.00267893 0.00175023
v 0.00250000 0.00293047 0.00128542
v 0.00250000 0.00700000 0.00430648
v 0.00250000 0.00580000 0.00430000
v 0.00250000 0.00574889 0.00391177
v 0.00250000 0.00505000 0.00300096
v 0.00250000 0.00700000 0.00000000
v 0.00250000 0.00536066 0.00323934
v 0.00250000 0.00559904 0.00355000
v 0.00250000 0.00505000 0.00559904
v 0.00250000 0.00536066 0.00536066
v 0.00250000 0.00559904 0.00505000
v 0.00250000 0.00574889 0.00468823
v 0.00250000 0.00280000 0.00430000
v 0.00250000 0.00285111 0.00468823
v 0.00250000 0.00300096 0.00505000
v 0.00250000 0.00323934 0.00536066
v 0.00250000 0.00355000 0.00559904
v 0.00250000 0.00391177 0.00574889
v 0.00250000 0.00450000 0.00630648
v 0.00250000 0.00430000 0.00580000
v 0.00250000 0.00468823 0.00574889
v 0.00250000 -0.00280000 0.00430000
v 0.00250000 -0.00285111 0.00391177
v 0.00250000 -0.00300096 0.00355000
v 0.00250000 -0.00196548 0.00252525
v 0.00250000 -0.00235432 0.00216730
v 0.00250000 -0.00323934 0.00323934
v 0.00250000 -0.00267893 0.00175023
v 0.00250000 -0.00355000 0.00300096
v 0.00250000 -0.00293047 0.00128543
v 0.00250000 -0.00391177 0.00285111
v 0.00250000 -0.00310208 0.00078555
v 0.00250000 -0.00355000 0.00559904
v 0.00250000 -0.00323934 0.00536066
v 0.00250000 -0.00300096 0.00505000
v 0.00250000 -0.00285111 0.00468823
v 0.00250000 -0.00505000 0.00559904
v 0.00250000 -0.00468823 0.00574889
v 0.00250000 -0.00450000 0.00630648
v 0.00250000 -0.00430000 0.00580000
v 0.00250000 -0.00391177 0.00574889
v 0.00250000 -0.00580000 0.00430000
v 0.00250000 -0.00574889 0.00468823
v 0.00250000 -0.00559904 0.00505000
v 0.00250000 -0.00536066 0.00536066
v 0.00250000 -0.00430000 0.00280000
v 0.00250000 -0.00450000 0.00000000
v 0.00250000 -0.00468823 0.00285111
v 0.00250000 -0.00505000 0.00300096
v 0.00250000 -0.00536066 0.00323934
v 0.00250000 -0.00559904 0.00355000
v 0.00250000 -0.00574889 0.00391177
v 0.00250000 -0.00285111 -0.00468823
v 0.00250000 -0.00300096 -0.00505000
v 0.00250000 -0.00175000 -0.00744623
v 0.00250000 -0.00323934 -0.00536066
v 0.00250000 -0.00292304 -0.00744623
v 0.00250000 -0.00318907 0.00026425
v 0.00250000 -0.00318907 -0.00026425
v 0.00250000 -0.00430000 -0.00280000
v 0.00250000 -0.00391177 -0.00285111
v 0.00250000 -0.00310208 -0.00078555
v 0.00250000 -0.00293047 -0.00128543
v 0.00250000 -0.00196548 -0.00252525
v 0.00250000 -0.00285111 -0.00391177
v 0.00250000 -0.00175000 -0.00450000
v 0.00250000 -0.00280000 -0.00430000
v 0.00250000 -0.00267893 -0.00175023
v 0.00250000 -0.00355000 -0.00300096
v 0.00250000 -0.00235432 -0.00216730
v 0.00250000 -0.00323934 -0.00323934
v 0.00250000 -0.00300096 -0.00355000
v 0.00250000 -0.00559904 -0.00355000
v 0.00250000 -0.00536066 -0.00323934
v 0.00250000 -0.00505000 -0.00300096
v 0.00250000 -0.00468823 -0.00285111
v 0.00250000 -0.00574889 -0.00391177
v 0.00250000 -0.00580000 -0.00430000
v 0.00250000 -0.00559904 -0.00505000
v 0.00250000 -0.00574889 -0.00468823
v 0.00250000 -0.00355000 -0.00559904
v 0.00250000 -0.00391177 -0.00574889
v 0.00250000 -0.00379560 -0.00984357
v 0.00250000 -0.00430000 -0.00580000
v 0.00250000 -0.00508321 -0.00924464
v 0.00250000 -0.00468823 -0.00574889
v 0.00250000 -0.00627872 -0.00847822
v 0.00250000 -0.00505000 -0.00559904
v 0.00250000 -0.00536066 -0.00536066
v 0.00250000 0.00292304 -0.00744623
v 0.00250000 0.00355000 -0.00559904
v 0.00250000 0.00175000 -0.00744623
v 0.00250000 0.00323934 -0.00536066
v 0.00250000 0.00300096 -0.00505000
v 0.00250000 0.00700000 -0.00789319
v 0.00250000 0.00559904 -0.00505000
v 0.00250000 0.00536066 -0.00536066
v 0.00250000 0.00627872 -0.00847822
v 0.00250000 0.00505000 -0.00559904
v 0.00250000 0.00508321 -0.00924465
v 0.00250000 0.00468823 -0.00574889
v 0.00250000 0.00379560 -0.00984357
v 0.00250000 0.00430000 -0.00580000
v 0.00250000 0.00391177 -0.00574889
v 0.00250000 0.00505000 -0.00300096
v 0.00250000 0.00536066 -0.00323934
v 0.00250000 0.00559904 -0.00355000
v 0.00250000 0.00574889 -0.00391177
v 0.00250000 0.00175000 -0.00450000
v 0.00250000 0.00285111 -0.00468823
v 0.00250000 0.00280000 -0.00430000
v 0.00250000 0.00318907 -0.00026425
v 0.00250000 0.00391177 -0.00285111
v 0.00250000 0.00293047 -0.00128543
v 0.00250000 0.00355000 -0.00300096
v 0.00250000 0.00267893 -0.00175023
v 0.00250000 0.00323934 -0.00323934
v 0.00250000 0.00235432 -0.00216730
v 0.00250000 0.00300096 -0.00355000
v 0.00250000 0.00196548 -0.00252525
v 0.00250000 0.00285111 -0.00391177
v 0.00250000 0.00468823 -0.00285111
v 0.00250000 0.00430000 -0.00280000
v 0.00250000 0.00310208 -0.00078555
v 0.00250000 0.00152303 -0.00281432
v 0.00250000 -0.00052670 -0.00315636
v 0.00250000 -0.00103904 -0.00302662
v 0.00250000 -0.00152303 -0.00281432
v 0.00250000 0.00103904 -0.00302662
v 0.00250000 0.00052670 -0.00315636
v 0.00250000 -0.00000000 -0.00320000
v 0.00250000 0.00152303 0.00281432
v 0.00250000 0.00103904 0.00302662
v 0.00250000 -0.00152303 0.00281432
v 0.00250000 -0.00103904 0.00302662
v 0.00250000 -0.00052670 0.00315636
v 0.00250000 0.00000000 0.00320000
v 0.00250000 0.00052670 0.00315636
v 0.00250000 -0.00150000 0.00711295
v 0.00250000 -0.00175000 0.00711295
v 0.00250000 -0.00370000 0.00711295
v 0.00250000 -0.00405000 0.00720673
v 0.00250000 -0.00440000 0.00840377
v 0.00250000 -0.00450000 0.00840377
v 0.00250000 -0.00440000 0.00781295
v 0.00250000 -0.00430622 0.00746295
v 0.00250000 0.00440000 0.00781295
v 0.00250000 0.00430622 0.00746295
v 0.00250000 0.00405000 0.00720673
v 0.00250000 0.00370000 0.00711295
v 0.00250000 0.00175000 0.00711295
v 0.00250000 0.00440000 0.00840377
v 0.00190000 -0.00343067 0.00453294
v 0.00190000 -0.00352058 0.00475000
v 0.00190000 -0.00366360 0.00493640
v 0.00190000 -0.00385000 0.00507942
v 0.00190000 -0.00406706 0.00516933
v 0.00190000 -0.00430000 0.00520000
v 0.00190000 -0.00453294 0.00516933
v 0.00190000 -0.00475000 0.00507942
v 0.00190000 -0.00493640 0.00493640
v 0.00190000 -0.00507942 0.00475000
v 0.00190000 -0.00516933 0.00453294
v 0.00190000 -0.00520000 0.00430000
v 0.00190000 -0.00516933 0.00406706
v 0.00190000 -0.00507942 0.00385000
v 0.00190000 -0.00493640 0.00366360
v 0.00190000 -0.00475000 0.00352058
v 0.00190000 -0.00453294 0.00343067
v 0.00190000 -0.00430000 0.00340000
v 0.00190000 -0.00406706 0.00343067
v 0.00190000 -0.00385000 0.00352058
v 0.00190000 -0.00366360 0.00366360
v 0.00190000 -0.00352058 0.00385000
v 0.00190000 -0.00343067 0.00406706
v 0.00190000 -0.00340000 0.00430000
v 0.00190000 0.00453294 0.00343067
v 0.00190000 0.00475000 0.00352058
v 0.00190000 0.00493640 0.00366360
v 0.00190000 0.00507942 0.00385000
v 0.00190000 0.00516933 0.00406706
v 0.00190000 0.00520000 0.00430000
v 0.00190000 0.00516933 0.00453294
v 0.00190000 0.00507942 0.00475000
v 0.00190000 0.00493640 0.00493640
v 0.00190000 0.00475000 0.00507942
v 0.00190000 0.00453294 0.00516933
v 0.00190000 0.00430000 0.00520000
v 0.00190000 0.00406706 0.00516933
v 0.00190000 0.00385000 0.00507942
v 0.00190000 0.00366360 0.00493640
v 0.00190000 0.00352058 0.00475000
v 0.00190000 0.00343067 0.00453294
v 0.00190000 0.00340000 0.00430000
v 0.00190000 0.00343067 0.00406706
v 0.00190000 0.00352058 0.00385000
v 0.00190000 0.00366360 0.00366360
v 0.00190000 0.00385000 0.00352058
v 0.00190000 0.00406706 0.00343067
v 0.00190000 0.00430000 0.00340000
v 0.00190000 0.00343067 -0.00453294
v 0.00190000 0.00352058 -0.00475000
v 0.00190000 0.00366360 -0.00493640
v 0.00190000 0.00385000 -0.00507942
v 0.00190000 0.00406706 -0.00516933
v 0.00190000 0.00430000 -0.00520000
v 0.00190000 0.00453294 -0.00516933
v 0.00190000 0.00475000 -0.00507942
v 0.00190000 0.00493640 -0.00493640
v 0.00190000 0.00507942 -0.00475000
v 0.00190000 0.00516933 -0.00453294
v 0.00190000 0.00520000 -0.00430000
v 0.00190000 0.00516933 -0.00406706
v 0.00190000 0.00507942 -0.00385000
v 0.00190000 0.00493640 -0.00366360
v 0.00190000 0.00475000 -0.00352058
v 0.00190000 0.00453294 -0.00343067
v 0.00190000 0.00430000 -0.00340000
v 0.00190000 0.00406706 -0.00343067
v 0.00190000 0.00385000 -0.00352058
v 0.00190000 0.00366360 -0.00366360
v 0.00190000 0.00352058 -0.00385000
v 0.00190000 0.00343067 -0.00406706
v 0.00190000 0.00340000 -0.00430000
v -0.00100000 0.00730000 0.00785377
v -0.00100000 0.00350000 0.00785377
v -0.00309131 0.00350000 0.00785377
v -0.01459787 0.00370711 0.00785377
v -0.01653830 0.00676525 0.00785377
v -0.01423688 0.00393819 0.00785377
v -0.01575775 0.00716296 0.00785377
v -0.01489250 0.00730000 0.00785377
v -0.00345734 0.00386603 0.00785377
v -0.01475679 0.00350000 0.00785377
v -0.01769250 0.00350000 0.00785377
v -0.01769250 0.00450000 0.00785377
v -0.01755546 0.00536525 0.00785377
v -0.01715775 0.00614580 0.00785377
v -0.00091716 -0.00750000 0.00805377
v 0.00020000 -0.00750000 0.00693661
v -0.00275734 -0.00750000 0.01065377
v -0.00236750 -0.00750000 0.01130377
v -0.00275734 -0.00750000 0.01105178
v 0.00020000 -0.00750000 -0.00770146
v -0.01489250 -0.00750000 0.00965377
v -0.01489250 -0.00750000 0.00805377
v -0.00687449 -0.00750000 0.00965377
v -0.00587449 -0.00750000 0.01065377
v 0.00200000 -0.00750000 0.00862093
v 0.00030000 -0.00750000 0.01032093
v 0.00030000 -0.00750000 0.01130377
v -0.00687449 0.00750000 0.00965377
v -0.00587449 0.00750000 0.01065377
v -0.00275734 0.00750000 0.01065377
v 0.00030000 0.00750000 0.01130377
v 0.00030000 0.00750000 0.01032093
v -0.00236750 0.00750000 0.01130377
v -0.00275734 0.00750000 0.01105178
v 0.00200000 0.00750000 -0.00770146
v 0.00020000 0.00750000 -0.00770146
v 0.00200000 0.00750000 0.00850401
v 0.00020000 0.00750000 0.00693661
v 0.00200000 0.00750000 0.00862093
v -0.00091716 0.00750000 0.00805377
v 0.00020000 -0.00243290 -0.00764623
v 0.00020000 0.00243290 -0.00764623
v 0.00230000 -0.00243290 -0.00764623
v 0.00230000 0.00243290 -0.00764623
v 0.00190000 -0.00453294 -0.00343067
v 0.00190000 -0.00475000 -0.00352058
v 0.00190000 -0.00493640 -0.00366360
v 0.00190000 -0.00507942 -0.00385000
v 0.00190000 -0.00516933 -0.00406706
v 0.00190000 -0.00520000 -0.00430000
v 0.00190000 -0.00516933 -0.00453294
v 0.00190000 -0.00507942 -0.00475000
v 0.00190000 -0.00493640 -0.00493640
v 0.00190000 -0.00475000 -0.00507942
v 0.00190000 -0.00453294 -0.00516933
v 0.00190000 -0.00430000 -0.00520000
v 0.00190000 -0.00406706 -0.00516933
v 0.00190000 -0.00385000 -0.00507942
v 0.00190000 -0.00366360 -0.00493640
v 0.00190000 -0.00352058 -0.00475000
v 0.00190000 -0.00343067 -0.00453294
v 0.00190000 -0.00340000 -0.00430000
v 0.00190000 -0.00343067 -0.00406706
v 0.00190000 -0.00352058 -0.00385000
v 0.00190000 -0.00366360 -0.00366360
v 0.00190000 -0.00385000 -0.00352058
v 0.00190000 -0.00406706 -0.00343067
v 0.00190000 -0.00430000 -0.00340000
v 0.00230000 0.00049378 0.00295908
v -0.00070000 0.00092705 0.00285317
v 0.00230000 0.00097410 0.00283745
v -0.00070000 0.00097410 0.00283745
v 0.00230000 0.00142784 0.00263842
v -0.00070000 0.00176336 0.00242705
v 0.00230000 0.00184264 0.00236742
v -0.00070000 0.00184264 0.00236742
v 0.00230000 0.00220717 0.00203184
v -0.00070000 0.00242705 0.00176336
v 0.00230000 0.00251150 0.00164084
v -0.00070000 0.00251150 0.00164084
v 0.00230000 0.00274732 0.00120509
v -0.00070000 0.00285317 0.00092705
v 0.00230000 0.00290820 0.00073646
v -0.00070000 0.00290820 0.00073646
v 0.00230000 0.00298975 0.00024774
v -0.00070000 0.00300000 -0.00000000
v 0.00230000 0.00298975 -0.00024774
v -0.00070000 0.00298975 -0.00024774
v 0.00230000 0.00290820 -0.00073646
v -0.00070000 0.00285317 -0.00092705
v 0.00230000 0.00274732 -0.00120509
v -0.00070000 0.00274732 -0.00120509
v 0.00230000 0.00251150 -0.00164084
v -0.00070000 0.00242705 -0.00176336
v 0.00230000 0.00220717 -0.00203184
v -0.00070000 0.00220717 -0.00203184
v 0.00230000 0.00184264 -0.00236742
v -0.00070000 0.00176336 -0.00242705
v 0.00230000 0.00142784 -0.00263842
v -0.00070000 0.00142784 -0.00263842
v 0.00230000 0.00097410 -0.00283745
v -0.00070000 0.00092705 -0.00285317
v 0.00230000 0.00049378 -0.00295908
v -0.00070000 0.00049378 -0.00295908
v 0.00230000 -0.00000000 -0.00300000
v -0.00070000 -0.00000000 -0.00300000
v 0.00230000 -0.00049378 -0.00295908
v -0.00070000 -0.00049378 -0.00295908
v 0.00230000 -0.00097410 -0.00283745
v -0.00070000 -0.00092705 -0.00285317
v 0.00230000 -0.00142784 -0.00263842
v -0.00070000 -0.00142784 -0.00263842
v 0.00230000 -0.00184264 -0.00236742
v -0.00070000 -0.00176336 -0.00242705
v 0.00230000 -0.00220717 -0.00203184
v -0.00070000 -0.00220717 -0.00203184
v 0.00230000 -0.00251150 -0.00164084
v -0.00070000 -0.00242705 -0.00176336
v 0.00230000 -0.00274732 -0.00120509
v -0.00070000 -0.00274732 -0.00120509
v 0.00230000 -0.00290820 -0.00073646
v -0.00070000 -0.00285317 -0.00092705
v 0.00230000 -0.00298975 -0.00024774
v -0.00070000 -0.00298975 -0.00024774
v 0.00230000 -0.00298975 0.00024774
v -0.00070000 -0.00300000 -0.00000000
v 0.00230000 -0.00290820 0.00073646
v -0.00070000 -0.00290820 0.00073646
v 0.00230000 -0.00274732 0.00120509
v -0.00070000 -0.00285317 0.00092705
v 0.00230000 -0.00251150 0.00164084
v -0.00070000 -0.00251150 0.00164084
v 0.00230000 -0.00220717 0.00203184
v -0.00070000 -0.00242705 0.00176336
v 0.00230000 -0.00184264 0.00236742
v -0.00070000 -0.00184264 0.00236742
v 0.00230000 -0.00142784 0.00263842
v -0.00070000 -0.00176336 0.00242705
v 0.00230000 -0.00097410 0.00283745
v -0.00070000 -0.00097410 0.00283745
v 0.00230000 -0.00049378 0.00295908
v -0.00070000 -0.00092705 0.00285317
v 0.00230000 0.00000000 0.00300000
v -0.00070000 0.00000000 0.00300000
v 0.00020000 0.00000000 0.00661295
v 0.00230000 0.00000000 0.00661295
v 0.00020000 -0.00025000 0.00654596
v 0.00230000 -0.00025000 0.00654596
v 0.00020000 -0.00043301 0.00636295
v 0.00230000 -0.00043301 0.00636295
v 0.00020000 -0.00050000 0.00611295
v 0.00230000 -0.00050000 0.00611295
v 0.00020000 -0.00043301 0.00586295
v 0.00230000 -0.00043301 0.00586295
v 0.00020000 -0.00025000 0.00567994
v 0.00230000 -0.00025000 0.00567994
v 0.00020000 0.00000000 0.00561295
v 0.00230000 0.00000000 0.00561295
v 0.00020000 0.00025000 0.00567994
v 0.00230000 0.00025000 0.00567994
v 0.00020000 0.00043301 0.00586295
v 0.00230000 0.00043301 0.00586295
v 0.00020000 0.00050000 0.00611295
v 0.00230000 0.00050000 0.00611295
v 0.00020000 0.00043301 0.00636295
v 0.00230000 0.00043301 0.00636295
v 0.00020000 0.00025000 0.00654596
v 0.00230000 0.00025000 0.00654596
v 0.00247321 -0.00051024 -0.00305772
v 0.00247321 -0.00100657 -0.00293203
v 0.00247321 -0.00147544 -0.00272637
v 0.00247321 -0.00190406 -0.00244634
v 0.00247321 -0.00228074 -0.00209957
v 0.00247321 -0.00259522 -0.00169554
v 0.00247321 -0.00283890 -0.00124526
v 0.00247321 -0.00300514 -0.00076101
v 0.00247321 -0.00308941 -0.00025600
v 0.00247321 -0.00308941 0.00025600
v 0.00247321 -0.00300514 0.00076100
v 0.00247321 -0.00283890 0.00124526
v 0.00247321 -0.00259522 0.00169554
v 0.00247321 -0.00228074 0.00209957
v 0.00247321 -0.00190406 0.00244634
v 0.00247321 -0.00147544 0.00272637
v 0.00247321 -0.00100657 0.00293203
v 0.00247321 -0.00051024 0.00305772
v 0.00247321 0.00000000 0.00310000
v 0.00247321 0.00051024 0.00305772
v 0.00247321 0.00100657 0.00293203
v 0.00247321 0.00147544 0.00272637
v 0.00247321 0.00190406 0.00244634
v 0.00247321 0.00228074 0.00209957
v 0.00247321 0.00259522 0.00169554
v 0.00247321 0.00283890 0.00124526
v 0.00247321 0.00300514 0.00076100
v 0.00247321 0.00308941 0.00025600
v 0.00247321 0.00308941 -0.00025600
v 0.00247321 0.00300514 -0.00076101
v 0.00247321 0.00283890 -0.00124526
v 0.00247321 0.00259522 -0.00169554
v 0.00247321 0.00228074 -0.00209957
v 0.00247321 0.00190406 -0.00244634
v 0.00247321 0.00147544 -0.00272637
v 0.00247321 0.00100657 -0.00293203
v 0.00247321 0.00051024 -0.00305772
v 0.00247321 -0.00000000 -0.00310000
v 0.00240000 -0.00049819 -0.00298551
v 0.00240000 -0.00098280 -0.00286279
v 0.00240000 -0.00144060 -0.00266199
v 0.00240000 -0.00185910 -0.00238857
v 0.00240000 -0.00222689 -0.00204999
v 0.00240000 -0.00253393 -0.00165550
v 0.00240000 -0.00277186 -0.00121585
v 0.00240000 -0.00293418 -0.00074303
v 0.00240000 -0.00301646 -0.00024995
v 0.00240000 -0.00301646 0.00024995
v 0.00240000 -0.00293418 0.00074303
v 0.00240000 -0.00277186 0.00121585
v 0.00240000 -0.00253393 0.00165550
v 0.00240000 -0.00222689 0.00204999
v 0.00240000 -0.00185910 0.00238857
v 0.00240000 -0.00144060 0.00266199
v 0.00240000 -0.00098280 0.00286280
v 0.00240000 -0.00049819 0.00298551
v 0.00240000 0.00000000 0.00302680
v 0.00240000 0.00049819 0.00298551
v 0.00240000 0.00098280 0.00286280
v 0.00240000 0.00144060 0.00266199
v 0.00240000 0.00185910 0.00238857
v 0.00240000 0.00222689 0.00204999
v 0.00240000 0.00253393 0.00165550
v 0.00240000 0.00277186 0.00121585
v 0.00240000 0.00293418 0.00074303
v 0.00240000 0.00301646 0.00024995
v 0.00240000 0.00301646 -0.00024995
v 0.00240000 0.00293418 -0.00074303
v 0.00240000 0.00277186 -0.00121585
v 0.00240000 0.00253393 -0.00165550
v 0.00240000 0.00222689 -0.00204999
v 0.00240000 0.00185910 -0.00238857
v 0.00240000 0.00144060 -0.00266199
v 0.00240000 0.00098280 -0.00286279
v 0.00240000 0.00049819 -0.00298551
v 0.00240000 -0.00000000 -0.00302679
v 0.00239976 0.00710024 0.00850401
v 0.00230000 0.00720000 -0.00798264
v 0.00400000 -0.00080000 0.00890377
v 0.00400000 0.00080000 0.00890377
v 0.00483795 0.00080000 0.00905152
v 0.00483795 -0.00080000 0.00905152
v 0.00557483 0.00080000 0.00947696
v 0.00557483 -0.00080000 0.00947696
v 0.00612176 0.00080000 0.01012877
v 0.00612176 -0.00080000 0.01012877
v 0.00641278 0.00080000 0.01092833
v 0.00641278 -0.00080000 0.01092833
v 0.00641278 0.00080000 0.01177921
v 0.00641278 -0.00080000 0.01177921
v 0.00612176 0.00080000 0.01257877
v 0.00612176 -0.00080000 0.01257877
v 0.00557483 0.00080000 0.01323058
v 0.00557483 -0.00080000 0.01323058
v 0.00483795 0.00080000 0.01365602
v 0.00483795 -0.00080000 0.01365602
v 0.00276249 -0.00080000 0.01153003
v 0.00276249 0.00080000 0.01153003
v 0.00285028 -0.00080000 0.01184431
v 0.00285028 0.00080000 0.01184431
v 0.00301641 -0.00080000 0.01212517
v 0.00301641 0.00080000 0.01212517
v 0.00324958 -0.00080000 0.01235346
v 0.00324958 0.00080000 0.01235346
v 0.00353389 -0.00080000 0.01251362
v 0.00353389 0.00080000 0.01251362
v 0.00384996 -0.00080000 0.01259473
v 0.00384996 0.00080000 0.01259473
v 0.00417626 -0.00080000 0.01259128
v 0.00417626 0.00080000 0.01259128
v 0.00449055 -0.00080000 0.01250349
v 0.00449055 0.00080000 0.01250349
v 0.00477140 -0.00080000 0.01233735
v 0.00477140 0.00080000 0.01233735
v 0.00499969 -0.00080000 0.01210419
v 0.00499969 0.00080000 0.01210419
v 0.00515985 -0.00080000 0.01181988
v 0.00515985 0.00080000 0.01181988
v 0.00524096 -0.00080000 0.01150381
v 0.00524096 0.00080000 0.01150381
v 0.00523751 -0.00080000 0.01117751
v 0.00523751 0.00080000 0.01117751
v 0.00514972 -0.00080000 0.01086322
v 0.00514972 0.00080000 0.01086322
v 0.00498359 -0.00080000 0.01058237
v 0.00498359 0.00080000 0.01058237
v 0.00475042 -0.00080000 0.01035408
v 0.00475042 0.00080000 0.01035408
v 0.00446611 -0.00080000 0.01019392
v 0.00446611 0.00080000 0.01019392
v 0.00415004 -0.00080000 0.01011281
v 0.00415004 0.00080000 0.01011281
v 0.00382374 -0.00080000 0.01011626
v 0.00382374 0.00080000 0.01011626
v 0.00350945 -0.00080000 0.01020405
v 0.00350945 0.00080000 0.01020405
v 0.00322860 -0.00080000 0.01037018
v 0.00322860 0.00080000 0.01037018
v 0.00300031 -0.00080000 0.01060335
v 0.00300031 0.00080000 0.01060335
v 0.00284015 -0.00080000 0.01088766
v 0.00284015 0.00080000 0.01088766
v 0.00275904 -0.00080000 0.01120373
v 0.00275904 0.00080000 0.01120373
v -0.01489076 -0.00300000 0.00835377
v -0.01489076 -0.00293934 0.00841443
v -0.01489076 -0.00300000 0.01057093
v -0.01489076 -0.00245270 0.00873959
v -0.01489076 -0.00293379 0.01065377
v -0.01489076 -0.00200000 0.00884886
v -0.01489076 -0.00200000 0.01065377
v -0.00587449 -0.00400000 0.01065377
v -0.00395734 -0.00400000 0.01065377
v -0.00687449 -0.00400000 0.00965377
v -0.01389076 -0.00400000 0.00965377
v -0.01489076 0.00300000 0.00835377
v -0.01489076 0.00300000 0.01057093
v -0.01489076 0.00293934 0.00841443
v -0.01489076 0.00245271 0.00873959
v -0.01489076 0.00200000 0.00884886
v -0.01489076 0.00293379 0.01065377
v -0.01489076 0.00200000 0.01065377
v 0.00050000 0.00691716 0.01160377
v 0.00050000 0.00094142 0.01160377
v 0.00050000 0.00730000 0.01122093
v 0.00050000 0.00730000 0.01040377
v 0.00030000 0.00700000 0.01180377
v -0.00196240 0.00700000 0.01180377
v 0.00030000 0.00065858 0.01180377
v 0.00030000 -0.00065858 0.01180377
v 0.00050000 0.00080000 0.01180377
v 0.00050000 -0.00080000 0.01180377
v -0.00681548 -0.00080000 0.01180377
v -0.00681548 0.00080000 0.01180377
v -0.00196240 0.00080000 0.01180377
v 0.00030000 -0.00700000 0.01180377
v -0.01789250 -0.00450000 0.00805377
v -0.01789250 -0.00450000 0.00965377
v -0.01789250 -0.00358284 0.00805377
v -0.01789250 -0.00391716 0.00965377
v -0.01789250 -0.00258284 0.00905377
v -0.01789250 -0.00291716 0.01065377
v -0.01789250 0.00258284 0.00905377
v -0.01789250 0.00291716 0.01065377
v -0.01789250 0.00358284 0.00805377
v -0.01789250 0.00391716 0.00965377
v -0.01774567 -0.00542705 0.00805377
v -0.01774567 -0.00542705 0.00965377
v -0.01731955 -0.00626336 0.00805377
v -0.01731955 -0.00626336 0.00965377
v -0.01665586 -0.00692705 0.00805377
v -0.01665586 -0.00692705 0.00965377
v -0.01581955 -0.00735317 0.00805377
v -0.01581955 -0.00735317 0.00965377
v -0.00295734 0.00730000 0.01116065
v -0.00295734 0.00200000 0.01116065
v -0.00295734 0.00340596 0.01073303
v -0.00295734 0.00300000 0.01065377
v -0.00295734 0.00200000 0.00884886
v -0.00295734 0.00245271 0.00873959
v -0.00295734 0.00293934 0.00841443
v -0.00295734 0.00300000 0.00835377
v -0.00295734 -0.00300000 0.01065377
v -0.00295734 -0.00200000 0.00884886
v -0.00295734 -0.00245270 0.00873959
v -0.00295734 -0.00293934 0.00841443
v -0.00295734 -0.00300000 0.00835377
v -0.00295734 -0.00340596 0.01073303
v -0.00345734 0.00113398 0.01083745
v -0.00299141 0.00174118 0.01113862
v -0.00309131 0.00150000 0.01107405
v -0.00242651 0.00730000 0.01150377
v 0.00220000 -0.00730000 0.00870377
v 0.00220000 0.00730000 0.00870377
v 0.00176777 0.00080000 0.01307154
v 0.00176777 -0.00080000 0.01307154
v 0.00228553 -0.00080000 0.01346883
v 0.00228553 0.00080000 0.01346883
v 0.00288849 -0.00080000 0.01371858
v 0.00288849 0.00080000 0.01371858
v 0.00020000 0.00639775 -0.00863894
v 0.00230000 0.00639775 -0.00863894
v 0.00230000 0.00517958 -0.00941990
v 0.00020000 0.00517958 -0.00941990
v 0.00230000 0.00386756 -0.01003018
v 0.00020000 0.00386756 -0.01003018
v 0.00020000 0.00290274 -0.00797522
v 0.00020000 0.00360766 -0.00991198
v 0.00230000 0.00290274 -0.00797522
v 0.00230000 0.00360766 -0.00991198
v 0.00020000 -0.00639775 -0.00863894
v 0.00230000 -0.00639775 -0.00863894
v 0.00020000 -0.00517958 -0.00941990
v 0.00230000 -0.00517958 -0.00941990
v 0.00020000 -0.00386756 -0.01003018
v 0.00230000 -0.00386756 -0.01003018
v 0.00230000 -0.00290274 -0.00797522
v 0.00230000 -0.00360766 -0.00991198
v 0.00020000 -0.00290274 -0.00797522
v 0.00020000 -0.00360766 -0.00991198
v 0.00029042 0.00271968 -0.00773665
v 0.00024219 0.00279435 -0.00780076
v 0.00021033 0.00285845 -0.00788374
v 0.00029042 -0.00271969 -0.00773665
v 0.00024219 -0.00263391 -0.00768842
v 0.00021033 -0.00253401 -0.00765656
v 0.00024089 0.00263094 -0.00768712
v 0.00021033 0.00253401 -0.00765656
v 0.00220958 0.00271968 -0.00773665
v 0.00225911 0.00279658 -0.00780311
v 0.00228967 0.00285845 -0.00788374
v 0.00024089 -0.00279658 -0.00780311
v 0.00021033 -0.00285846 -0.00788374
v 0.00225781 0.00263391 -0.00768842
v 0.00228967 0.00253401 -0.00765656
v 0.00220958 -0.00271969 -0.00773665
v 0.00225911 -0.00263094 -0.00768712
v 0.00228967 -0.00253401 -0.00765656
v 0.00225781 -0.00279435 -0.00780076
v 0.00228967 -0.00285846 -0.00788374
v -0.00772563 -0.00080000 0.01238948
v -0.00772563 0.00080000 0.01238948
v -0.00824932 0.00080000 0.01313748
v -0.00824932 -0.00080000 0.01313748
v -0.00900667 0.00080000 0.01364752
v -0.00900667 -0.00080000 0.01364752
v -0.00989667 0.00080000 0.01385159
v -0.00989667 -0.00080000 0.01385159
v -0.01080058 0.00080000 0.01372245
v -0.01080058 -0.00080000 0.01372245
v -0.01159783 0.00080000 0.01327734
v -0.01159783 -0.00080000 0.01327734
v -0.01218207 0.00080000 0.01257562
v -0.01218207 -0.00080000 0.01257562
v -0.01247536 0.00080000 0.01171091
v -0.01247536 -0.00080000 0.01171091
v -0.00296472 -0.00187868 0.00885377
v -0.00309131 -0.00150000 0.00885377
v -0.00345734 -0.00113397 0.00885377
v -0.00309131 0.00150000 0.00885377
v -0.00296472 0.00187868 0.00885377
v -0.01769250 0.00187868 0.00885377
v -0.01488338 0.00187868 0.00885377
v -0.01769250 -0.00187868 0.00885377
v -0.01475679 0.00150000 0.00885377
v -0.01439076 0.00113397 0.00885377
v -0.00345734 0.00113397 0.00885377
v -0.01439076 -0.00113397 0.00885377
v -0.01475679 -0.00150000 0.00885377
v -0.01488338 -0.00187868 0.00885377
v -0.01489250 -0.00730000 0.00985377
v -0.00695734 -0.00730000 0.00985377
v -0.01472912 -0.00400000 0.00985377
v -0.00695734 -0.00420000 0.00985377
v -0.01389076 -0.00420000 0.00985377
v -0.01430610 -0.00412583 0.00985377
v -0.01472578 -0.00386182 0.00985377
v -0.01769250 -0.00400000 0.00985377
v -0.01769250 -0.00450000 0.00985377
v -0.01755546 -0.00536525 0.00985377
v -0.01715775 -0.00614580 0.00985377
v -0.01653830 -0.00676525 0.00985377
v -0.01575775 -0.00716296 0.00985377
v -0.01389076 0.00420000 0.00985377
v -0.00695734 0.00420000 0.00985377
v -0.00695734 0.00730000 0.00985377
v -0.01769250 0.00450000 0.00985377
v -0.01769250 0.00400000 0.00985377
v -0.01472912 0.00400000 0.00985377
v -0.01755546 0.00536525 0.00985377
v -0.01472578 0.00386183 0.00985377
v -0.01430610 0.00412583 0.00985377
v -0.01489250 0.00730000 0.00985377
v -0.01575775 0.00716296 0.00985377
v -0.01653830 0.00676525 0.00985377
v -0.01715775 0.00614580 0.00985377
v -0.00299141 -0.00325882 0.00809495
v -0.00299141 0.00325882 0.00809495
v -0.01482895 0.00334612 0.00800765
v -0.01769250 0.00293934 0.00841443
v -0.01482895 -0.00334612 0.00800765
v -0.01769250 -0.00293934 0.00841443
v -0.01508326 -0.00300750 0.01084627
v -0.01508053 -0.00329777 0.01055599
v -0.01500557 -0.00358547 0.01026830
v -0.01486220 -0.00384592 0.01000785
v -0.01486220 0.00384592 0.01000785
v -0.01508326 0.00300750 0.01084627
v -0.01508053 0.00329778 0.01055599
v -0.01500557 0.00358547 0.01026830
v 0.00080000 0.00440000 0.01010377
v 0.00080000 -0.00440000 0.01010377
v -0.00718753 -0.00080000 0.01187555
v -0.00718753 0.00080000 0.01187555
v -0.00750616 -0.00080000 0.01208061
v -0.00750616 0.00080000 0.01208061
v -0.01265074 -0.00080000 0.01127341
v -0.01265074 0.00080000 0.01127341
v -0.01300704 -0.00080000 0.01096485
v -0.01300704 0.00080000 0.01096485
v -0.01439076 0.00113398 0.01065377
v -0.01475679 0.00150000 0.01065377
v -0.01439076 -0.00113397 0.01065377
v -0.01475679 -0.00150000 0.01065377
v -0.01423688 -0.00393819 0.00965377
v -0.01488223 -0.00313029 0.01041457
v -0.01481977 -0.00337004 0.01012687
v -0.01470029 -0.00358708 0.00986643
v -0.01453563 -0.00376430 0.00965377
v -0.00357248 -0.00392297 0.01065377
v -0.00303078 -0.00337614 0.01065377
v -0.00309131 -0.00350000 0.01065377
v -0.00324691 -0.00370377 0.01065377
v -0.00345734 -0.00386603 0.01065377
v -0.01453563 0.00376430 0.00965377
v -0.01470029 0.00358708 0.00986643
v -0.01481977 0.00337004 0.01012687
v -0.01488223 0.00313030 0.01041457
v -0.01423688 0.00393819 0.00965377
v -0.00303078 0.00337614 0.01065377
v -0.00357248 0.00392298 0.01065377
v -0.00309131 0.00350000 0.01065377
v -0.00324691 0.00370377 0.01065377
v -0.00345734 0.00386603 0.01065377
v -0.01766368 -0.00271203 0.00860097
v -0.01757832 -0.00245270 0.00873959
v -0.01766368 -0.00217131 0.00882495
v -0.01757832 0.00245271 0.00873959
v -0.01766368 0.00217132 0.00882495
v -0.01766368 0.00271204 0.00860097
v -0.00100000 0.00266976 -0.00193969
v -0.00100000 0.00339411 -0.00339411
v -0.00100000 0.00193969 -0.00266976
v -0.00100000 0.00240000 -0.00415692
v -0.00100000 0.00101976 -0.00313849
v -0.00100000 0.00124233 -0.00463644
v -0.00100000 -0.00000000 -0.00330000
v -0.00100000 -0.00000000 -0.00480000
v -0.00100000 -0.00101976 -0.00313849
v -0.00100000 -0.00124233 -0.00463644
v -0.00100000 -0.00193969 -0.00266976
v -0.00100000 0.00193969 0.00266976
v -0.00100000 0.00339411 0.00339411
v -0.00100000 0.00266976 0.00193969
v -0.00100000 0.00415692 0.00240000
v -0.00100000 0.00313849 0.00101976
v -0.00100000 0.00463644 0.00124233
v -0.00100000 0.00330000 -0.00000000
v -0.00100000 0.00480000 -0.00000000
v -0.00100000 0.00313849 -0.00101976
v -0.00100000 0.00463644 -0.00124233
v -0.00100000 0.00415692 -0.00240000
v -0.00100000 -0.00266976 0.00193969
v -0.00100000 -0.00339411 0.00339411
v -0.00100000 -0.00193969 0.00266976
v -0.00100000 -0.00240000 0.00415692
v -0.00100000 -0.00101976 0.00313849
v -0.00100000 -0.00124233 0.00463644
v -0.00100000 0.00000000 0.00330000
v -0.00100000 0.00000000 0.00480000
v -0.00100000 0.00101976 0.00313849
v -0.00100000 0.00124233 0.00463644
v -0.00100000 0.00240000 0.00415692
v -0.00100000 -0.00240000 -0.00415692
v -0.00100000 -0.00339411 -0.00339411
v -0.00100000 -0.00266976 -0.00193969
v -0.00100000 -0.00415692 -0.00240000
v -0.00100000 -0.00313849 -0.00101976
v -0.00100000 -0.00463644 -0.00124233
v -0.00100000 -0.00330000 -0.00000000
v -0.00100000 -0.00480000 -0.00000000
v -0.00100000 -0.00313849 0.00101976
v -0.00100000 -0.00463644 0.00124233
v -0.00100000 -0.00415692 0.00240000
v -0.00070000 -0.00131998 0.00492622
v -0.00070000 -0.00255000 0.00441673
v -0.00070000 -0.00360624 0.00360624
v -0.00070000 -0.00441673 0.00255000
v -0.00070000 -0.00492622 0.00131998
v -0.00070000 -0.00510000 -0.00000000
v -0.00070000 -0.00492622 -0.00131998
v -0.00070000 -0.00441673 -0.00255000
v -0.00070000 -0.00360624 -0.00360624
v -0.00070000 -0.00255000 -0.00441673
v -0.00070000 -0.00131998 -0.00492622
v -0.00070000 -0.00000000 -0.00510000
v -0.00070000 0.00131998 -0.00492622
v -0.00070000 0.00255000 -0.00441673
v -0.00070000 0.00360624 -0.00360624
v -0.00070000 0.00441673 -0.00255000
v -0.00070000 0.00492622 -0.00131998
v -0.00070000 0.00510000 -0.00000000
v -0.00070000 0.00492622 0.00131998
v -0.00070000 0.00441673 0.00255000
v -0.00070000 0.00360624 0.00360624
v -0.00070000 0.00255000 0.00441673
v -0.00070000 0.00131998 0.00492622
v -0.00070000 0.00000000 0.00510000
v 0.00230000 -0.00420000 0.00832093
v 0.00230000 -0.00420000 0.00781295
v 0.00084625 -0.00420000 0.00977468
v 0.00112195 -0.00420000 0.00781295
v 0.00115709 -0.00413301 0.00756295
v 0.00118281 -0.00395000 0.00737994
v 0.00118983 -0.00382941 0.00732999
v 0.00119222 -0.00370000 0.00731295
v 0.00118281 -0.00125000 0.00737994
v 0.00115709 -0.00106699 0.00756295
v 0.00118983 -0.00137059 0.00732999
v 0.00119222 -0.00150000 0.00731295
v 0.00230000 -0.00150000 0.00731295
v 0.00230000 -0.00370000 0.00731295
v 0.00084625 0.00420000 0.00977467
v 0.00112195 0.00420000 0.00781295
v 0.00230000 0.00420000 0.00832093
v 0.00230000 0.00420000 0.00781295
v 0.00115709 0.00106699 0.00756295
v 0.00118281 0.00125000 0.00737994
v 0.00118281 0.00395000 0.00737994
v 0.00115709 0.00413301 0.00756295
v 0.00118983 0.00382941 0.00732999
v 0.00119222 0.00370000 0.00731295
v 0.00119222 0.00150000 0.00731295
v 0.00118983 0.00137059 0.00732999
v 0.00230000 0.00370000 0.00731295
v 0.00230000 0.00150000 0.00731295
v 0.00230000 0.00395000 0.00737994
v 0.00230000 0.00413301 0.00756295
v 0.00230000 0.00106699 0.00756295
v 0.00230000 0.00125000 0.00737994
v 0.00230000 -0.00125000 0.00737994
v 0.00230000 -0.00106699 0.00756295
v 0.00230000 -0.00413301 0.00756295
v 0.00230000 -0.00395000 0.00737994
v -0.01000003 0.00300000 0.01275377
v -0.01049387 0.00300000 0.01004340
v -0.01053283 0.00300000 0.01005872
v -0.01101359 0.00300000 0.01038700
v -0.01119247 0.00300000 0.01061865
v -0.01004189 0.00300000 0.01275317
v -0.01139701 0.00300000 0.01145938
v -0.01134455 0.00300000 0.01174732
v -0.01123336 0.00300000 0.01201806
v -0.01106832 0.00300000 0.01225976
v -0.01085663 0.00300000 0.01246187
v -0.01060754 0.00300000 0.01261555
v -0.01033195 0.00300000 0.01271409
v -0.01079046 0.00300000 0.01019759
v -0.01131927 0.00300000 0.01088244
v -0.01138846 0.00300000 0.01116682
v -0.01057082 0.00290000 0.00996622
v -0.01051207 0.00290000 0.00994352
v -0.01051207 0.00250000 0.00994352
v -0.00943118 0.00290000 0.01274132
v -0.00948993 0.00290000 0.01276402
v -0.00948993 0.00250000 0.01276402
v -0.00998183 0.00250000 0.01285365
v -0.01004481 0.00210000 0.01285313
v -0.00973212 0.00250000 0.01282947
v -0.00973212 0.00210000 0.01282947
v -0.00943118 0.00210000 0.01274132
v -0.00915514 0.00210000 0.01259253
v -0.00915514 0.00290000 0.01259253
v -0.00891607 0.00210000 0.01238960
v -0.00891607 0.00290000 0.01238960
v -0.00872442 0.00210000 0.01214139
v -0.00872442 0.00290000 0.01214139
v -0.00858856 0.00210000 0.01185877
v -0.00858856 0.00290000 0.01185877
v -0.00851443 0.00210000 0.01155407
v -0.00851443 0.00290000 0.01155407
v -0.00850527 0.00210000 0.01124062
v -0.00850527 0.00290000 0.01124062
v -0.00856148 0.00210000 0.01093211
v -0.00856148 0.00290000 0.01093211
v -0.00868061 0.00210000 0.01064203
v -0.00868061 0.00290000 0.01064203
v -0.00885744 0.00210000 0.01038306
v -0.00885744 0.00290000 0.01038306
v -0.00908425 0.00210000 0.01016651
v -0.00908425 0.00290000 0.01016651
v -0.00935113 0.00210000 0.01000186
v -0.00935113 0.00290000 0.01000186
v -0.00964641 0.00210000 0.00989628
v -0.00964641 0.00290000 0.00989628
v -0.00995718 0.00210000 0.00985441
v -0.00995718 0.00290000 0.00985441
v -0.01002016 0.00290000 0.00985389
v -0.01002016 0.00250000 0.00985389
v -0.01026988 0.00250000 0.00987806
v -0.01026988 0.00210000 0.00987806
v -0.01057082 0.00210000 0.00996622
v -0.01084685 0.00210000 0.01011501
v -0.01084685 0.00290000 0.01011501
v -0.01108592 0.00210000 0.01031794
v -0.01108592 0.00290000 0.01031794
v -0.01127758 0.00210000 0.01056615
v -0.01127758 0.00290000 0.01056615
v -0.01141344 0.00210000 0.01084877
v -0.01141344 0.00290000 0.01084877
v -0.01148757 0.00210000 0.01115347
v -0.01148757 0.00290000 0.01115347
v -0.01149672 0.00210000 0.01146692
v -0.01149672 0.00290000 0.01146692
v -0.01144051 0.00210000 0.01177543
v -0.01144051 0.00290000 0.01177543
v -0.01132139 0.00210000 0.01206551
v -0.01132139 0.00290000 0.01206551
v -0.01114456 0.00210000 0.01232448
v -0.01114456 0.00290000 0.01232448
v -0.01091775 0.00210000 0.01254102
v -0.01091775 0.00290000 0.01254102
v -0.01065087 0.00210000 0.01270568
v -0.01065087 0.00290000 0.01270568
v -0.01035559 0.00210000 0.01281125
v -0.01035559 0.00290000 0.01281125
v -0.01004481 0.00290000 0.01285313
v -0.00998183 0.00290000 0.01285365
v -0.00914839 0.00200000 0.01043968
v -0.00893368 0.00200000 0.01044778
v -0.00896057 0.00200000 0.01066095
v -0.00876863 0.00200000 0.01068948
v -0.00882884 0.00200000 0.01091956
v -0.00865745 0.00200000 0.01096022
v -0.00876030 0.00200000 0.01120159
v -0.00860499 0.00200000 0.01124816
v -0.00875864 0.00200000 0.01149181
v -0.00861354 0.00200000 0.01154072
v -0.00882397 0.00200000 0.01177460
v -0.00868272 0.00200000 0.01182510
v -0.00895274 0.00200000 0.01203470
v -0.00880953 0.00200000 0.01208888
v -0.00913803 0.00200000 0.01225809
v -0.00898840 0.00200000 0.01232054
v -0.00936985 0.00200000 0.01243273
v -0.00921153 0.00200000 0.01250995
v -0.00963568 0.00200000 0.01254920
v -0.00946917 0.00200000 0.01264882
v -0.00977693 0.00200000 0.01258352
v -0.00975004 0.00200000 0.01273109
v -0.00992121 0.00200000 0.01260122
v -0.01004189 0.00200000 0.01275317
v -0.01021105 0.00200000 0.01258599
v -0.01033195 0.00200000 0.01271409
v -0.01048956 0.00200000 0.01250434
v -0.01060754 0.00200000 0.01261555
v -0.01074173 0.00200000 0.01236066
v -0.01085663 0.00200000 0.01246187
v -0.01095396 0.00200000 0.01216269
v -0.01106832 0.00200000 0.01225976
v -0.01111483 0.00200000 0.01192112
v -0.01123336 0.00200000 0.01201806
v -0.01121564 0.00200000 0.01164896
v -0.01134455 0.00200000 0.01174732
v -0.01125098 0.00200000 0.01136089
v -0.01139701 0.00200000 0.01145938
v -0.01121893 0.00200000 0.01107243
v -0.01138846 0.00200000 0.01116682
v -0.01112121 0.00200000 0.01079914
v -0.01131927 0.00200000 0.01088244
v -0.01119247 0.00200000 0.01061865
v -0.01096311 0.00200000 0.01055575
v -0.01101359 0.00200000 0.01038700
v -0.01075314 0.00200000 0.01035538
v -0.01079046 0.00200000 0.01019759
v -0.01050262 0.00200000 0.01020884
v -0.01053283 0.00200000 0.01005872
v -0.01022506 0.00200000 0.01012401
v -0.01025195 0.00200000 0.00997644
v -0.00993542 0.00200000 0.01010549
v -0.00996011 0.00200000 0.00995437
v -0.00964932 0.00200000 0.01015426
v -0.00967005 0.00200000 0.00999345
v -0.00938217 0.00200000 0.01026770
v -0.00939445 0.00200000 0.01009198
v -0.00914537 0.00200000 0.01024566
v -0.00921153 0.00300000 0.01250995
v -0.00996011 0.00300000 0.00995437
v -0.00946917 0.00300000 0.01264882
v -0.01000197 0.00300000 0.00995377
v -0.00950813 0.00300000 0.01266414
v -0.00898840 0.00300000 0.01232054
v -0.00880953 0.00300000 0.01208888
v -0.00868272 0.00300000 0.01182510
v -0.00861354 0.00300000 0.01154072
v -0.00860499 0.00300000 0.01124816
v -0.00967005 0.00300000 0.00999345
v -0.00893368 0.00300000 0.01044778
v -0.00876863 0.00300000 0.01068948
v -0.00865745 0.00300000 0.01096022
v -0.00914537 0.00300000 0.01024566
v -0.00939445 0.00300000 0.01009198
v -0.00992121 -0.00100000 0.01260122
v -0.00977693 -0.00100000 0.01258352
v -0.00963568 -0.00100000 0.01254920
v -0.00936985 -0.00100000 0.01243273
v -0.00913803 -0.00100000 0.01225809
v -0.00895274 -0.00100000 0.01203470
v -0.00882397 -0.00100000 0.01177460
v -0.00875864 -0.00100000 0.01149181
v -0.00876030 -0.00100000 0.01120159
v -0.00882884 -0.00100000 0.01091956
v -0.00896057 -0.00100000 0.01066095
v -0.00914839 -0.00100000 0.01043968
v -0.00938217 -0.00100000 0.01026770
v -0.00964932 -0.00100000 0.01015426
v -0.00993542 -0.00100000 0.01010549
v -0.01022506 -0.00100000 0.01012402
v -0.01050262 -0.00100000 0.01020884
v -0.01075314 -0.00100000 0.01035538
v -0.01096311 -0.00100000 0.01055575
v -0.01112121 -0.00100000 0.01079914
v -0.01121893 -0.00100000 0.01107243
v -0.01125098 -0.00100000 0.01136089
v -0.01121564 -0.00100000 0.01164896
v -0.01111483 -0.00100000 0.01192112
v -0.01095396 -0.00100000 0.01216269
v -0.01074173 -0.00100000 0.01236066
v -0.01048956 -0.00100000 0.01250434
v -0.01021105 -0.00100000 0.01258599
v -0.00985760 -0.00100000 0.01214081
v -0.00964167 -0.00100000 0.01206853
v -0.00920156 -0.00100000 0.01132383
v -0.00922551 -0.00100000 0.01155028
v -0.00931228 -0.00100000 0.01176080
v -0.00945485 -0.00100000 0.01193834
v -0.00969613 -0.00100000 0.01061414
v -0.00950010 -0.00100000 0.01072999
v -0.00934465 -0.00100000 0.01089638
v -0.00924237 -0.00100000 0.01109982
v -0.01068971 -0.00100000 0.01094674
v -0.01054714 -0.00100000 0.01076920
v -0.01036033 -0.00100000 0.01063901
v -0.01014440 -0.00100000 0.01056673
v -0.00991686 -0.00100000 0.01055821
v -0.01065735 -0.00100000 0.01181116
v -0.01075962 -0.00100000 0.01160772
v -0.01080044 -0.00100000 0.01138370
v -0.01077649 -0.00100000 0.01115726
v -0.01008514 -0.00100000 0.01214933
v -0.01030587 -0.00100000 0.01209340
v -0.01050190 -0.00100000 0.01197755
v -0.01036033 -0.00281050 0.01063901
v -0.01054714 -0.00281050 0.01076920
v -0.01068971 -0.00281050 0.01094674
v -0.01077649 -0.00281050 0.01115726
v -0.01080044 -0.00281050 0.01138370
v -0.01075962 -0.00281050 0.01160772
v -0.01065735 -0.00281050 0.01181116
v -0.01050190 -0.00281050 0.01197755
v -0.01030587 -0.00281050 0.01209340
v -0.01008514 -0.00281050 0.01214933
v -0.00985760 -0.00281050 0.01214081
v -0.00964167 -0.00281050 0.01206853
v -0.00945485 -0.00281050 0.01193834
v -0.00931228 -0.00281050 0.01176080
v -0.00922551 -0.00281050 0.01155028
v -0.00920156 -0.00281050 0.01132383
v -0.00924237 -0.00281050 0.01109982
v -0.00934465 -0.00281050 0.01089638
v -0.00950010 -0.00281050 0.01072999
v -0.00969613 -0.00281050 0.01061414
v -0.00991686 -0.00281050 0.01055821
v -0.01014440 -0.00281050 0.01056673
v -0.01027521 -0.00300000 0.01080832
v -0.01041777 -0.00300000 0.01090767
v -0.01052657 -0.00300000 0.01104316
v -0.01059279 -0.00300000 0.01120381
v -0.01061107 -0.00300000 0.01137661
v -0.01057992 -0.00300000 0.01154756
v -0.01050187 -0.00300000 0.01170282
v -0.01038325 -0.00300000 0.01182979
v -0.01023365 -0.00300000 0.01191820
v -0.01006521 -0.00300000 0.01196088
v -0.00989156 -0.00300000 0.01195438
v -0.00972679 -0.00300000 0.01189922
v -0.00958422 -0.00300000 0.01179987
v -0.00947542 -0.00300000 0.01166438
v -0.00940920 -0.00300000 0.01150373
v -0.00939093 -0.00300000 0.01133093
v -0.00942207 -0.00300000 0.01115997
v -0.00950012 -0.00300000 0.01100472
v -0.00961875 -0.00300000 0.01087775
v -0.00976834 -0.00300000 0.01078934
v -0.00993679 -0.00300000 0.01074666
v -0.01011043 -0.00300000 0.01075316
v -0.01000100 -0.00300000 0.01135377
v 0.00376475 0.00420000 0.01273386
v 0.00400097 0.00420000 0.01275377
v 0.00343818 0.00420000 0.01007144
v 0.00350713 0.00420000 0.01004340
v 0.00345282 0.00420000 0.01264241
v 0.00315760 0.00420000 0.01023557
v 0.00292243 0.00420000 0.01045999
v 0.00274536 0.00420000 0.01073258
v 0.00263592 0.00420000 0.01103867
v 0.00260002 0.00420000 0.01136174
v 0.00263960 0.00420000 0.01168438
v 0.00275251 0.00420000 0.01198920
v 0.00293268 0.00420000 0.01225976
v 0.00317039 0.00420000 0.01248148
v 0.00339805 0.00410000 0.00997985
v 0.00348893 0.00410000 0.00994352
v 0.00348893 0.00370000 0.00994352
v 0.00409574 0.00370000 0.01285071
v 0.00401917 0.00370000 0.01285365
v 0.00374794 0.00330000 0.01283244
v 0.00409574 0.00330000 0.01285071
v 0.00426888 0.00330000 0.01282947
v 0.00443838 0.00370000 0.01278828
v 0.00443838 0.00330000 0.01278828
v 0.00451107 0.00370000 0.01276402
v 0.00475738 0.00330000 0.01264852
v 0.00451107 0.00410000 0.01276402
v 0.00475738 0.00410000 0.01264852
v 0.00503556 0.00330000 0.01243895
v 0.00503556 0.00410000 0.01243895
v 0.00525790 0.00330000 0.01217088
v 0.00525790 0.00410000 0.01217088
v 0.00541244 0.00330000 0.01185877
v 0.00541244 0.00410000 0.01185877
v 0.00549083 0.00330000 0.01151942
v 0.00549083 0.00410000 0.01151942
v 0.00548884 0.00330000 0.01117115
v 0.00548884 0.00410000 0.01117115
v 0.00540660 0.00330000 0.01083272
v 0.00540660 0.00410000 0.01083272
v 0.00524852 0.00330000 0.01052238
v 0.00524852 0.00410000 0.01052238
v 0.00502313 0.00330000 0.01025687
v 0.00502313 0.00410000 0.01025687
v 0.00474259 0.00330000 0.01005048
v 0.00474259 0.00410000 0.01005048
v 0.00442202 0.00330000 0.00991436
v 0.00442202 0.00410000 0.00991436
v 0.00407869 0.00330000 0.00985583
v 0.00407869 0.00410000 0.00985583
v 0.00398083 0.00410000 0.00985389
v 0.00398083 0.00370000 0.00985389
v 0.00373112 0.00370000 0.00987806
v 0.00373112 0.00330000 0.00987806
v 0.00339805 0.00330000 0.00997985
v 0.00309743 0.00330000 0.01015570
v 0.00309743 0.00410000 0.01015570
v 0.00284546 0.00330000 0.01039615
v 0.00284546 0.00410000 0.01039615
v 0.00265574 0.00330000 0.01068821
v 0.00265574 0.00410000 0.01068821
v 0.00253849 0.00330000 0.01101616
v 0.00253849 0.00410000 0.01101616
v 0.00250002 0.00330000 0.01136231
v 0.00250002 0.00410000 0.01136231
v 0.00254243 0.00330000 0.01170800
v 0.00254243 0.00410000 0.01170800
v 0.00266341 0.00330000 0.01203459
v 0.00266341 0.00410000 0.01203459
v 0.00285644 0.00330000 0.01232448
v 0.00285644 0.00410000 0.01232448
v 0.00311113 0.00330000 0.01256203
v 0.00311113 0.00410000 0.01256203
v 0.00341373 0.00330000 0.01273445
v 0.00341373 0.00410000 0.01273445
v 0.00374794 0.00410000 0.01283244
v 0.00401917 0.00410000 0.01285365
v 0.00495297 0.00320000 0.01054485
v 0.00516528 0.00320000 0.01057781
v 0.00512986 0.00320000 0.01081906
v 0.00531282 0.00320000 0.01086746
v 0.00522975 0.00320000 0.01112970
v 0.00538959 0.00320000 0.01118333
v 0.00524584 0.00320000 0.01145562
v 0.00539144 0.00320000 0.01150838
v 0.00517703 0.00320000 0.01177460
v 0.00531827 0.00320000 0.01182510
v 0.00502801 0.00320000 0.01206490
v 0.00517404 0.00320000 0.01211641
v 0.00480892 0.00320000 0.01230673
v 0.00496652 0.00320000 0.01236661
v 0.00453471 0.00320000 0.01248363
v 0.00470689 0.00320000 0.01256220
v 0.00422407 0.00320000 0.01258352
v 0.00440915 0.00320000 0.01269265
v 0.00282297 0.00320000 0.01093294
v 0.00274536 0.00320000 0.01073258
v 0.00297199 0.00320000 0.01064264
v 0.00292243 0.00320000 0.01045999
v 0.00319108 0.00320000 0.01040080
v 0.00315760 0.00320000 0.01023557
v 0.00346529 0.00320000 0.01022391
v 0.00343818 0.00320000 0.01007144
v 0.00377593 0.00320000 0.01012401
v 0.00374905 0.00320000 0.00997644
v 0.00410185 0.00320000 0.01010793
v 0.00407344 0.00320000 0.00995570
v 0.00442083 0.00320000 0.01017674
v 0.00439388 0.00320000 0.01001032
v 0.00471113 0.00320000 0.01032576
v 0.00469309 0.00320000 0.01013737
v 0.00495493 0.00320000 0.01032999
v 0.00425095 0.00320000 0.01273109
v 0.00408936 0.00320000 0.01275091
v 0.00389815 0.00320000 0.01259961
v 0.00376475 0.00320000 0.01273386
v 0.00357917 0.00320000 0.01253080
v 0.00345282 0.00320000 0.01264241
v 0.00328887 0.00320000 0.01238177
v 0.00317039 0.00320000 0.01248148
v 0.00304703 0.00320000 0.01216269
v 0.00293268 0.00320000 0.01225976
v 0.00287014 0.00320000 0.01188848
v 0.00275251 0.00320000 0.01198920
v 0.00277025 0.00320000 0.01157783
v 0.00263960 0.00320000 0.01168438
v 0.00275416 0.00320000 0.01125192
v 0.00260002 0.00320000 0.01136174
v 0.00263592 0.00320000 0.01103867
v 0.00399903 0.00420000 0.00995377
v 0.00449287 0.00420000 0.01266414
v 0.00407344 0.00420000 0.00995570
v 0.00470689 0.00420000 0.01256220
v 0.00439388 0.00420000 0.01001032
v 0.00496652 0.00420000 0.01236661
v 0.00517404 0.00420000 0.01211641
v 0.00495493 0.00420000 0.01032999
v 0.00469309 0.00420000 0.01013737
v 0.00539144 0.00420000 0.01150838
v 0.00538959 0.00420000 0.01118333
v 0.00531282 0.00420000 0.01086746
v 0.00531827 0.00420000 0.01182510
v 0.00516528 0.00420000 0.01057781
v 0.00346529 -0.00180000 0.01022391
v 0.00319108 -0.00180000 0.01040080
v 0.00297199 -0.00180000 0.01064264
v 0.00282297 -0.00180000 0.01093294
v 0.00275416 -0.00180000 0.01125192
v 0.00277025 -0.00180000 0.01157783
v 0.00287014 -0.00180000 0.01188848
v 0.00304703 -0.00180000 0.01216269
v 0.00328887 -0.00180000 0.01238177
v 0.00357917 -0.00180000 0.01253080
v 0.00389815 -0.00180000 0.01259961
v 0.00422407 -0.00180000 0.01258352
v 0.00453471 -0.00180000 0.01248363
v 0.00480892 -0.00180000 0.01230673
v 0.00502801 -0.00180000 0.01206490
v 0.00517703 -0.00180000 0.01177460
v 0.00524584 -0.00180000 0.01145562
v 0.00522975 -0.00180000 0.01112970
v 0.00512986 -0.00180000 0.01081906
v 0.00495297 -0.00180000 0.01054485
v 0.00471113 -0.00180000 0.01032576
v 0.00442083 -0.00180000 0.01017674
v 0.00410185 -0.00180000 0.01010793
v 0.00377593 -0.00180000 0.01012402
v 0.00434660 -0.00180000 0.01063275
v 0.00455244 -0.00180000 0.01077514
v 0.00470421 -0.00180000 0.01097418
v 0.00478704 -0.00180000 0.01121037
v 0.00479284 -0.00180000 0.01146060
v 0.00472102 -0.00180000 0.01170037
v 0.00327898 -0.00180000 0.01100717
v 0.00342137 -0.00180000 0.01080133
v 0.00362041 -0.00180000 0.01064956
v 0.00385660 -0.00180000 0.01056673
v 0.00410683 -0.00180000 0.01056093
v 0.00365340 -0.00180000 0.01207479
v 0.00344756 -0.00180000 0.01193240
v 0.00329579 -0.00180000 0.01173336
v 0.00321296 -0.00180000 0.01149717
v 0.00320716 -0.00180000 0.01124694
v 0.00457863 -0.00180000 0.01190621
v 0.00437959 -0.00180000 0.01205798
v 0.00414340 -0.00180000 0.01214081
v 0.00389317 -0.00180000 0.01214661
v 0.00362041 -0.00361050 0.01064956
v 0.00342137 -0.00361050 0.01080133
v 0.00327898 -0.00361050 0.01100717
v 0.00320716 -0.00361050 0.01124694
v 0.00321296 -0.00361050 0.01149717
v 0.00329579 -0.00361050 0.01173336
v 0.00344756 -0.00361050 0.01193240
v 0.00365340 -0.00361050 0.01207479
v 0.00389317 -0.00361050 0.01214661
v 0.00414340 -0.00361050 0.01214081
v 0.00437959 -0.00361050 0.01205798
v 0.00457863 -0.00361050 0.01190621
v 0.00472102 -0.00361050 0.01170037
v 0.00479284 -0.00361050 0.01146060
v 0.00478704 -0.00361050 0.01121037
v 0.00470421 -0.00361050 0.01097418
v 0.00455244 -0.00361050 0.01077514
v 0.00434660 -0.00361050 0.01063275
v 0.00410683 -0.00361050 0.01056093
v 0.00385660 -0.00361050 0.01056673
v 0.00371032 -0.00380000 0.01081637
v 0.00355844 -0.00380000 0.01093219
v 0.00344977 -0.00380000 0.01108927
v 0.00339497 -0.00380000 0.01127225
v 0.00339939 -0.00380000 0.01146320
v 0.00346260 -0.00380000 0.01164345
v 0.00357842 -0.00380000 0.01179533
v 0.00373550 -0.00380000 0.01190400
v 0.00391848 -0.00380000 0.01195880
v 0.00410943 -0.00380000 0.01195438
v 0.00428968 -0.00380000 0.01189117
v 0.00444156 -0.00380000 0.01177535
v 0.00455023 -0.00380000 0.01161827
v 0.00460503 -0.00380000 0.01143529
v 0.00460061 -0.00380000 0.01124434
v 0.00453740 -0.00380000 0.01106409
v 0.00442158 -0.00380000 0.01091221
v 0.00426450 -0.00380000 0.01080354
v 0.00408152 -0.00380000 0.01074874
v 0.00389057 -0.00380000 0.01075316
v 0.00400000 -0.00380000 0.01135377
f 1 2 3
f 4 5 6
f 7 8 9
f 10 11 12
f 13 14 15
f 16 17 10
f 18 19 15
f 15 19 20
f 15 20 21
f 22 23 18
f 23 24 18
f 18 24 25
f 18 25 19
f 26 27 28
f 28 27 29
f 28 29 30
f 23 31 24
f 24 31 32
f 24 32 33
f 33 32 34
f 33 34 26
f 26 34 35
f 26 35 27
f 5 36 29
f 29 36 37
f 38 39 10
f 10 39 40
f 40 41 10
f 10 41 42
f 10 42 43
f 30 29 44
f 44 29 37
f 44 37 45
f 45 37 46
f 45 46 38
f 10 17 38
f 38 17 47
f 38 47 45
f 48 49 50
f 50 49 51
f 52 53 54
f 54 53 55
f 2 56 50
f 50 56 57
f 50 57 48
f 57 58 48
f 48 58 59
f 48 59 60
f 60 59 61
f 60 61 62
f 61 63 62
f 62 63 55
f 62 55 64
f 64 55 53
f 64 53 65
f 66 53 67
f 67 53 68
f 65 53 69
f 69 53 66
f 69 66 70
f 66 71 70
f 70 71 72
f 70 72 73
f 73 72 74
f 73 74 21
f 21 74 75
f 21 75 15
f 15 75 76
f 15 76 13
f 77 78 79
f 80 81 82
f 82 81 83
f 82 83 78
f 78 83 84
f 78 84 79
f 85 86 87
f 87 86 88
f 89 90 91
f 88 92 87
f 87 92 93
f 87 93 89
f 89 93 94
f 89 94 90
f 95 96 87
f 87 96 97
f 79 85 77
f 77 85 87
f 77 87 98
f 98 87 97
f 99 100 101
f 101 100 3
f 101 3 102
f 102 3 2
f 103 102 104
f 104 102 2
f 104 2 12
f 12 2 50
f 12 50 10
f 10 50 51
f 10 51 16
f 105 106 107
f 107 106 6
f 107 6 108
f 109 89 80
f 80 89 91
f 80 91 81
f 110 111 112
f 112 111 14
f 113 114 9
f 9 114 89
f 9 89 7
f 7 89 109
f 115 116 113
f 113 116 117
f 113 117 114
f 118 119 29
f 29 119 5
f 5 119 120
f 5 120 6
f 6 120 121
f 6 121 108
f 11 10 106
f 106 10 43
f 106 43 6
f 6 43 122
f 6 122 4
f 123 68 124
f 124 68 53
f 124 53 100
f 100 53 52
f 100 52 3
f 3 52 125
f 3 125 1
f 27 126 29
f 29 126 115
f 29 115 118
f 118 115 113
f 118 113 127
f 127 113 9
f 127 9 128
f 128 9 8
f 111 95 14
f 14 95 87
f 14 87 15
f 15 87 89
f 15 89 18
f 18 89 114
f 18 114 22
f 110 68 111
f 111 68 123
f 111 123 95
f 95 123 129
f 95 129 96
f 96 129 130
f 131 132 133
f 134 135 136
f 136 135 131
f 136 131 137
f 137 131 133
f 138 139 140
f 140 139 141
f 142 143 139
f 139 143 144
f 139 144 141
f 145 146 147
f 145 147 148
f 148 147 149
f 148 149 150
f 150 149 151
f 150 151 152
f 152 151 153
f 152 153 154
f 154 153 155
f 154 155 156
f 157 158 159
f 160 161 162
f 162 161 163
f 162 163 164
f 165 166 167
f 168 160 169
f 169 160 170
f 164 159 162
f 162 159 158
f 162 158 171
f 171 158 172
f 171 172 173
f 167 166 174
f 174 166 175
f 174 175 176
f 176 175 168
f 168 175 177
f 168 177 160
f 160 177 178
f 160 178 161
f 167 179 165
f 165 179 180
f 165 180 181
f 181 180 182
f 181 182 183
f 183 182 184
f 183 184 185
f 185 184 186
f 185 186 159
f 159 186 187
f 159 187 157
f 188 189 190
f 191 192 190
f 190 192 193
f 190 193 188
f 188 193 194
f 193 195 194
f 194 195 196
f 194 196 197
f 197 196 198
f 197 198 199
f 200 201 202
f 202 201 203
f 202 203 204
f 204 203 205
f 204 205 206
f 191 207 192
f 192 207 208
f 192 208 209
f 209 208 210
f 209 210 211
f 211 210 212
f 211 212 200
f 200 212 213
f 200 213 201
f 205 214 206
f 206 214 215
f 206 215 199
f 199 215 216
f 199 216 197
f 197 216 217
f 197 217 218
f 219 220 221
f 221 220 222
f 221 222 223
f 224 225 226
f 226 225 227
f 226 227 228
f 229 230 227
f 227 230 231
f 227 231 228
f 223 222 232
f 232 222 233
f 232 233 229
f 229 233 234
f 229 234 230
f 235 236 189
f 189 188 237
f 237 238 189
f 189 238 239
f 189 239 240
f 235 189 241
f 241 189 240
f 241 240 242
f 243 244 245
f 245 246 243
f 243 246 247
f 243 247 248
f 249 250 251
f 251 250 248
f 251 248 252
f 252 248 247
f 253 254 255
f 253 255 256
f 256 255 257
f 256 257 258
f 259 260 261
f 261 260 262
f 262 260 263
f 262 263 264
f 265 266 267
f 267 266 268
f 267 268 269
f 269 268 259
f 269 259 270
f 270 259 261
f 270 261 271
f 271 261 272
f 253 256 273
f 274 275 276
f 277 278 279
f 279 278 280
f 279 280 281
f 281 280 282
f 281 282 283
f 284 285 286
f 282 287 283
f 283 287 288
f 283 288 289
f 289 288 290
f 289 290 291
f 291 290 292
f 291 292 293
f 274 276 273
f 273 276 284
f 273 284 253
f 253 284 286
f 253 286 294
f 292 295 293
f 293 295 296
f 293 296 284
f 284 296 297
f 284 297 285
f 294 298 253
f 253 298 299
f 253 299 300
f 299 301 300
f 300 301 302
f 300 302 303
f 303 302 304
f 303 304 305
f 305 304 306
f 305 306 307
f 307 306 308
f 307 308 309
f 309 308 310
f 309 310 311
f 311 310 312
f 311 312 313
f 313 312 314
f 313 314 277
f 277 314 315
f 277 315 278
f 316 317 318
f 318 317 319
f 319 320 318
f 318 320 321
f 318 321 322
f 321 323 322
f 322 323 324
f 322 324 325
f 325 324 326
f 325 326 327
f 327 326 328
f 327 328 329
f 330 331 332
f 332 331 333
f 332 333 334
f 334 333 316
f 334 316 335
f 335 316 318
f 335 318 336
f 336 318 337
f 336 337 338
f 328 339 329
f 329 339 340
f 329 340 341
f 341 340 342
f 341 342 343
f 343 342 344
f 343 344 345
f 344 346 345
f 345 346 347
f 345 347 348
f 348 347 349
f 348 349 350
f 350 349 351
f 350 351 352
f 352 351 353
f 352 353 354
f 354 353 355
f 354 355 356
f 356 355 357
f 356 357 358
f 358 357 359
f 358 359 330
f 330 359 360
f 330 360 331
f 361 362 363
f 363 362 364
f 363 364 365
f 365 364 366
f 367 368 369
f 369 368 370
f 371 372 373
f 374 375 376
f 377 378 379
f 379 378 380
f 379 380 381
f 377 382 378
f 378 382 383
f 378 383 384
f 383 385 384
f 384 385 386
f 384 386 387
f 388 389 390
f 386 391 387
f 387 391 392
f 387 392 393
f 380 394 381
f 381 394 395
f 381 395 389
f 389 395 396
f 389 396 390
f 390 396 397
f 393 392 390
f 390 392 398
f 390 398 388
f 399 400 401
f 401 400 402
f 401 402 397
f 397 402 403
f 397 403 390
f 404 405 406
f 407 408 409
f 410 411 412
f 413 414 378
f 412 411 415
f 415 411 416
f 415 416 406
f 406 416 417
f 406 417 404
f 418 419 420
f 408 407 421
f 421 407 422
f 421 422 423
f 418 420 422
f 422 420 424
f 422 424 423
f 425 426 371
f 371 426 427
f 371 427 418
f 418 427 428
f 418 428 419
f 414 429 378
f 378 429 430
f 378 430 380
f 380 430 431
f 380 431 432
f 432 433 380
f 380 433 434
f 380 434 435
f 435 434 436
f 435 436 437
f 384 438 439
f 439 440 441
f 441 440 442
f 442 440 443
f 442 443 444
f 444 443 445
f 444 445 446
f 446 445 447
f 446 447 448
f 449 450 387
f 387 450 451
f 387 451 384
f 384 451 452
f 384 452 438
f 453 454 455
f 455 454 456
f 455 456 387
f 387 456 457
f 387 457 449
f 252 458 459
f 252 459 251
f 251 459 460
f 251 460 461
f 447 462 463
f 463 462 464
f 463 464 247
f 247 464 465
f 465 466 247
f 247 466 467
f 247 467 252
f 252 467 468
f 252 468 458
f 469 470 471
f 471 470 472
f 471 472 473
f 448 447 474
f 474 447 463
f 474 463 475
f 463 476 475
f 475 476 477
f 475 477 478
f 478 477 479
f 480 481 482
f 482 481 483
f 482 483 469
f 479 477 484
f 484 477 485
f 484 485 486
f 486 485 487
f 486 487 480
f 480 487 488
f 480 488 481
f 489 490 247
f 247 490 491
f 247 491 463
f 463 491 492
f 463 492 476
f 489 247 493
f 493 247 246
f 493 246 494
f 245 495 246
f 246 495 496
f 246 496 494
f 472 497 473
f 473 497 498
f 473 498 499
f 499 498 500
f 499 500 501
f 501 500 502
f 501 502 503
f 503 502 504
f 503 504 245
f 245 504 505
f 245 505 495
f 506 507 508
f 508 507 509
f 508 509 510
f 376 375 511
f 375 512 511
f 511 512 513
f 511 513 514
f 514 513 515
f 514 515 516
f 516 515 517
f 516 517 518
f 518 517 519
f 518 519 506
f 506 519 520
f 506 520 507
f 521 522 422
f 422 522 523
f 422 523 376
f 376 523 524
f 376 524 374
f 525 526 527
f 528 407 405
f 405 407 409
f 405 409 406
f 529 530 531
f 531 530 532
f 531 532 533
f 533 532 534
f 533 534 535
f 535 534 536
f 535 536 537
f 521 422 538
f 538 422 407
f 538 407 539
f 539 407 528
f 539 528 529
f 529 528 540
f 529 540 530
f 541 525 536
f 536 525 527
f 536 527 537
f 542 543 482
f 482 543 544
f 482 544 480
f 541 545 525
f 525 545 546
f 525 546 482
f 482 546 547
f 482 547 542
f 412 413 410
f 410 413 378
f 410 378 548
f 548 378 549
f 439 441 384
f 384 441 550
f 384 550 551
f 551 552 384
f 384 552 553
f 384 553 378
f 378 553 554
f 378 554 549
f 393 555 387
f 387 555 556
f 387 556 455
f 455 556 557
f 455 557 558
f 559 560 561
f 561 560 455
f 561 455 562
f 562 455 558
f 563 564 435
f 564 565 435
f 435 565 566
f 435 566 380
f 380 566 567
f 380 567 394
f 568 563 373
f 373 563 435
f 373 435 371
f 371 435 437
f 371 437 425
f 469 471 482
f 482 471 508
f 482 508 525
f 525 508 510
f 525 510 526
f 560 249 455
f 455 249 251
f 455 251 453
f 453 251 461
f 569 76 75
f 569 570 76
f 76 570 571
f 76 571 13
f 571 572 13
f 13 572 573
f 13 573 14
f 573 574 14
f 14 574 575
f 14 575 112
f 575 576 112
f 112 576 577
f 112 577 110
f 577 578 110
f 110 578 579
f 110 579 68
f 579 580 68
f 68 580 581
f 68 581 67
f 581 582 67
f 67 582 583
f 67 583 66
f 583 584 66
f 66 584 585
f 66 585 71
f 585 586 71
f 71 586 587
f 71 587 72
f 587 588 72
f 72 588 589
f 72 589 74
f 589 590 74
f 74 590 591
f 74 591 75
f 75 591 592
f 75 592 569
f 27 35 593
f 593 594 27
f 27 594 595
f 27 595 126
f 595 596 126
f 126 596 597
f 126 597 115
f 597 598 115
f 115 598 599
f 115 599 116
f 599 600 116
f 116 600 601
f 116 601 117
f 601 602 117
f 117 602 603
f 117 603 114
f 603 604 114
f 114 604 605
f 114 605 22
f 605 606 22
f 22 606 607
f 22 607 23
f 607 608 23
f 23 608 609
f 23 609 31
f 609 610 31
f 31 610 611
f 31 611 32
f 611 612 32
f 32 612 613
f 32 613 34
f 613 614 34
f 34 614 615
f 34 615 35
f 35 615 616
f 35 616 593
f 617 41 40
f 617 618 41
f 41 618 619
f 41 619 42
f 619 620 42
f 42 620 621
f 42 621 43
f 621 622 43
f 43 622 623
f 43 623 122
f 623 624 122
f 122 624 625
f 122 625 4
f 625 626 4
f 4 626 627
f 4 627 5
f 627 628 5
f 5 628 629
f 5 629 36
f 629 630 36
f 36 630 631
f 36 631 37
f 631 632 37
f 37 632 633
f 37 633 46
f 633 634 46
f 46 634 635
f 46 635 38
f 635 636 38
f 38 636 637
f 38 637 39
f 637 638 39
f 39 638 639
f 39 639 40
f 40 639 640
f 40 640 617
f 641 642 643
f 644 645 646
f 646 645 647
f 646 647 362
f 362 647 648
f 362 648 364
f 364 648 641
f 364 641 649
f 649 641 643
f 650 651 644
f 644 651 652
f 652 653 644
f 644 653 654
f 644 654 645
f 655 656 657
f 658 659 657
f 660 243 656
f 656 243 248
f 661 662 663
f 663 662 655
f 663 655 664
f 664 655 657
f 248 665 656
f 656 665 666
f 656 666 657
f 657 666 667
f 657 667 658
f 668 669 670
f 671 672 673
f 673 672 670
f 673 670 674
f 675 676 677
f 677 676 678
f 679 677 672
f 672 677 678
f 672 678 670
f 670 678 680
f 670 680 668
f 668 680 156
f 668 156 155
f 681 682 683
f 683 682 684
f 685 55 63
f 685 686 55
f 55 686 687
f 55 687 54
f 687 688 54
f 54 688 689
f 54 689 52
f 689 690 52
f 52 690 691
f 52 691 125
f 691 692 125
f 125 692 693
f 125 693 1
f 693 694 1
f 1 694 695
f 1 695 2
f 695 696 2
f 2 696 697
f 2 697 56
f 697 698 56
f 56 698 699
f 56 699 57
f 699 700 57
f 57 700 701
f 57 701 58
f 701 702 58
f 58 702 703
f 58 703 59
f 703 704 59
f 59 704 705
f 59 705 61
f 705 706 61
f 61 706 707
f 61 707 63
f 63 707 708
f 63 708 685
f 709 710 711
f 711 710 712
f 711 712 713
f 713 712 714
f 713 714 715
f 715 714 716
f 715 716 717
f 717 716 718
f 717 718 719
f 719 718 720
f 719 720 721
f 721 720 722
f 721 722 723
f 723 722 724
f 723 724 725
f 725 724 726
f 725 726 727
f 727 726 728
f 727 728 729
f 729 728 730
f 729 730 731
f 731 730 732
f 731 732 733
f 733 732 734
f 733 734 735
f 735 734 736
f 735 736 737
f 737 736 738
f 737 738 739
f 739 738 740
f 739 740 741
f 741 740 742
f 741 742 743
f 743 742 744
f 743 744 745
f 745 744 746
f 745 746 747
f 747 746 748
f 747 748 749
f 749 748 750
f 749 750 751
f 751 750 752
f 751 752 753
f 753 752 754
f 753 754 755
f 755 754 756
f 755 756 757
f 757 756 758
f 757 758 759
f 759 758 760
f 759 760 761
f 761 760 762
f 761 762 763
f 763 762 764
f 763 764 765
f 765 764 766
f 765 766 767
f 767 766 768
f 767 768 769
f 769 768 770
f 769 770 771
f 771 770 772
f 771 772 773
f 773 772 774
f 773 774 775
f 775 774 776
f 775 776 777
f 777 776 778
f 777 778 779
f 779 778 780
f 779 780 781
f 781 780 782
f 781 782 783
f 783 782 784
f 783 784 709
f 709 784 710
f 785 786 787
f 787 786 788
f 787 788 789
f 789 788 790
f 789 790 791
f 791 790 792
f 791 792 793
f 793 792 794
f 793 794 795
f 795 794 796
f 795 796 797
f 797 796 798
f 797 798 799
f 799 798 800
f 799 800 801
f 801 800 802
f 801 802 803
f 803 802 804
f 803 804 805
f 805 804 806
f 805 806 807
f 807 806 808
f 807 808 785
f 785 808 786
f 788 398 790
f 790 398 392
f 790 392 792
f 792 392 391
f 792 391 794
f 794 391 386
f 794 386 796
f 796 386 385
f 796 385 798
f 798 385 383
f 798 383 800
f 800 383 382
f 800 382 802
f 802 382 377
f 802 377 804
f 804 377 379
f 804 379 806
f 806 379 381
f 806 381 808
f 808 381 389
f 808 389 786
f 786 389 388
f 786 388 788
f 788 388 398
f 795 92 793
f 793 92 88
f 793 88 791
f 791 88 86
f 791 86 789
f 789 86 85
f 789 85 787
f 787 85 79
f 787 79 785
f 785 79 84
f 785 84 807
f 807 84 83
f 807 83 805
f 805 83 81
f 805 81 803
f 803 81 91
f 803 91 801
f 801 91 90
f 801 90 799
f 799 90 94
f 799 94 797
f 797 94 93
f 797 93 795
f 795 93 92
f 635 529 636
f 636 529 531
f 636 531 637
f 637 531 533
f 637 533 638
f 638 533 535
f 638 535 639
f 639 535 537
f 639 537 640
f 640 537 527
f 640 527 617
f 617 527 526
f 617 526 618
f 618 526 510
f 618 510 619
f 619 510 509
f 619 509 620
f 620 509 507
f 620 507 621
f 621 507 520
f 621 520 622
f 622 520 519
f 622 519 623
f 623 519 517
f 623 517 624
f 624 517 515
f 624 515 625
f 625 515 513
f 625 513 626
f 626 513 512
f 626 512 627
f 627 512 375
f 627 375 628
f 628 375 374
f 628 374 629
f 629 374 524
f 629 524 630
f 630 524 523
f 630 523 631
f 631 523 522
f 631 522 632
f 632 522 521
f 632 521 633
f 633 521 538
f 633 538 634
f 634 538 539
f 634 539 635
f 635 539 529
f 685 492 686
f 686 492 491
f 686 491 687
f 687 491 490
f 687 490 688
f 688 490 489
f 688 489 689
f 689 489 493
f 689 493 690
f 690 493 494
f 690 494 691
f 691 494 496
f 691 496 692
f 692 496 495
f 692 495 693
f 693 495 505
f 693 505 694
f 694 505 504
f 694 504 695
f 695 504 502
f 695 502 696
f 696 502 500
f 696 500 697
f 697 500 498
f 697 498 698
f 698 498 497
f 698 497 699
f 699 497 472
f 699 472 700
f 700 472 470
f 700 470 701
f 701 470 469
f 701 469 702
f 702 469 483
f 702 483 703
f 703 483 481
f 703 481 704
f 704 481 488
f 704 488 705
f 705 488 487
f 705 487 706
f 706 487 485
f 706 485 707
f 707 485 477
f 707 477 708
f 708 477 476
f 708 476 685
f 685 476 492
f 575 454 576
f 576 454 453
f 576 453 577
f 577 453 461
f 577 461 578
f 578 461 460
f 578 460 579
f 579 460 459
f 579 459 580
f 580 459 458
f 580 458 581
f 581 458 468
f 581 468 582
f 582 468 467
f 582 467 583
f 583 467 466
f 583 466 584
f 584 466 465
f 584 465 585
f 585 465 464
f 585 464 586
f 586 464 462
f 586 462 587
f 587 462 447
f 587 447 588
f 588 447 445
f 588 445 589
f 589 445 443
f 589 443 590
f 590 443 440
f 590 440 591
f 591 440 439
f 591 439 592
f 592 439 438
f 592 438 569
f 569 438 452
f 569 452 570
f 570 452 451
f 570 451 571
f 571 451 450
f 571 450 572
f 572 450 449
f 572 449 573
f 573 449 457
f 573 457 574
f 574 457 456
f 574 456 575
f 575 456 454
f 605 434 606
f 606 434 433
f 606 433 607
f 607 433 432
f 607 432 608
f 608 432 431
f 608 431 609
f 609 431 430
f 609 430 610
f 610 430 429
f 610 429 611
f 611 429 414
f 611 414 612
f 612 414 413
f 612 413 613
f 613 413 412
f 613 412 614
f 614 412 415
f 614 415 615
f 615 415 406
f 615 406 616
f 616 406 409
f 616 409 593
f 593 409 408
f 593 408 594
f 594 408 421
f 594 421 595
f 595 421 423
f 595 423 596
f 596 423 424
f 596 424 597
f 597 424 420
f 597 420 598
f 598 420 419
f 598 419 599
f 599 419 428
f 599 428 600
f 600 428 427
f 600 427 601
f 601 427 426
f 601 426 602
f 602 426 425
f 602 425 603
f 603 425 437
f 603 437 604
f 604 437 436
f 604 436 605
f 605 436 434
f 547 809 542
f 542 809 810
f 542 810 543
f 543 810 811
f 543 811 544
f 544 811 812
f 544 812 480
f 480 812 813
f 480 813 486
f 486 813 814
f 486 814 484
f 484 814 815
f 484 815 479
f 479 815 816
f 479 816 478
f 478 816 817
f 478 817 475
f 475 817 818
f 475 818 474
f 474 818 819
f 474 819 448
f 448 819 820
f 448 820 446
f 446 820 821
f 446 821 444
f 444 821 822
f 444 822 442
f 442 822 823
f 442 823 441
f 441 823 824
f 441 824 550
f 550 824 825
f 550 825 551
f 551 825 826
f 551 826 552
f 552 826 827
f 552 827 553
f 553 827 828
f 553 828 554
f 554 828 829
f 554 829 549
f 549 829 830
f 549 830 548
f 548 830 831
f 548 831 410
f 410 831 832
f 410 832 411
f 411 832 833
f 411 833 416
f 416 833 834
f 416 834 417
f 417 834 835
f 417 835 404
f 404 835 836
f 404 836 405
f 405 836 837
f 405 837 528
f 528 837 838
f 528 838 540
f 540 838 839
f 540 839 530
f 530 839 840
f 530 840 532
f 532 840 841
f 532 841 534
f 534 841 842
f 534 842 536
f 536 842 843
f 536 843 541
f 541 843 844
f 541 844 545
f 545 844 845
f 545 845 546
f 546 845 846
f 546 846 547
f 547 846 809
f 846 847 809
f 809 847 848
f 809 848 810
f 810 848 849
f 810 849 811
f 811 849 850
f 811 850 812
f 812 850 851
f 812 851 813
f 813 851 852
f 813 852 814
f 814 852 853
f 814 853 815
f 815 853 854
f 815 854 816
f 816 854 855
f 816 855 817
f 817 855 856
f 817 856 818
f 818 856 857
f 818 857 819
f 819 857 858
f 819 858 820
f 820 858 859
f 820 859 821
f 821 859 860
f 821 860 822
f 822 860 861
f 822 861 823
f 823 861 862
f 823 862 824
f 824 862 863
f 824 863 825
f 825 863 864
f 825 864 826
f 826 864 865
f 826 865 827
f 827 865 866
f 827 866 828
f 828 866 867
f 828 867 829
f 829 867 868
f 829 868 830
f 830 868 869
f 830 869 831
f 831 869 870
f 831 870 832
f 832 870 871
f 832 871 833
f 833 871 872
f 833 872 834
f 834 872 873
f 834 873 835
f 835 873 874
f 835 874 836
f 836 874 875
f 836 875 837
f 837 875 876
f 837 876 838
f 838 876 877
f 838 877 839
f 839 877 878
f 839 878 840
f 840 878 879
f 840 879 841
f 841 879 880
f 841 880 842
f 842 880 881
f 842 881 843
f 843 881 882
f 843 882 844
f 844 882 883
f 844 883 845
f 845 883 884
f 845 884 846
f 846 884 847
f 884 747 847
f 847 747 749
f 847 749 848
f 848 749 751
f 848 751 849
f 849 751 753
f 849 753 850
f 850 753 755
f 850 755 851
f 851 755 757
f 851 757 852
f 852 757 759
f 852 759 853
f 853 759 761
f 853 761 854
f 854 761 763
f 854 763 855
f 855 763 765
f 855 765 856
f 856 765 767
f 856 767 857
f 857 767 769
f 857 769 858
f 858 769 771
f 858 771 859
f 859 771 773
f 859 773 860
f 860 773 775
f 860 775 861
f 861 775 777
f 861 777 862
f 862 777 779
f 862 779 863
f 863 779 781
f 863 781 864
f 864 781 783
f 864 783 865
f 865 783 709
f 865 709 866
f 866 709 711
f 866 711 867
f 867 711 713
f 867 713 868
f 868 713 715
f 868 715 869
f 869 715 717
f 869 717 870
f 870 717 719
f 870 719 871
f 871 719 721
f 871 721 872
f 872 721 723
f 872 723 873
f 873 723 725
f 873 725 874
f 874 725 727
f 874 727 875
f 875 727 729
f 875 729 876
f 876 729 731
f 876 731 877
f 877 731 733
f 877 733 878
f 878 733 735
f 878 735 879
f 879 735 737
f 879 737 880
f 880 737 739
f 880 739 881
f 881 739 741
f 881 741 882
f 882 741 743
f 882 743 883
f 883 743 745
f 883 745 884
f 884 745 747
f 885 372 677
f 677 372 371
f 371 418 677
f 677 418 422
f 677 422 675
f 675 422 376
f 675 376 886
f 886 376 511
f 887 888 889
f 887 889 890
f 890 889 891
f 890 891 892
f 892 891 893
f 892 893 894
f 894 893 895
f 894 895 896
f 896 895 897
f 896 897 898
f 898 897 899
f 898 899 900
f 900 899 901
f 900 901 902
f 902 901 903
f 902 903 904
f 904 903 369
f 904 369 370
f 905 906 907
f 907 906 908
f 907 908 909
f 909 908 910
f 909 910 911
f 911 910 912
f 911 912 913
f 913 912 914
f 913 914 915
f 915 914 916
f 915 916 917
f 917 916 918
f 917 918 919
f 919 918 920
f 919 920 921
f 921 920 922
f 921 922 923
f 923 922 924
f 923 924 925
f 925 924 926
f 925 926 927
f 927 926 928
f 927 928 929
f 929 928 930
f 929 930 931
f 931 930 932
f 931 932 933
f 933 932 934
f 933 934 935
f 935 934 936
f 935 936 937
f 937 936 938
f 937 938 939
f 939 938 940
f 939 940 941
f 941 940 942
f 941 942 943
f 943 942 944
f 943 944 945
f 945 944 946
f 945 946 947
f 947 946 948
f 947 948 949
f 949 948 950
f 949 950 951
f 951 950 952
f 951 952 905
f 905 952 906
f 164 193 159
f 159 193 192
f 159 192 185
f 185 192 209
f 185 209 183
f 183 209 211
f 183 211 181
f 181 211 200
f 181 200 165
f 165 200 202
f 165 202 166
f 166 202 204
f 166 204 175
f 175 204 206
f 175 206 177
f 177 206 199
f 177 199 178
f 178 199 198
f 178 198 161
f 161 198 196
f 161 196 163
f 163 196 195
f 163 195 164
f 164 195 193
f 953 954 955
f 955 954 956
f 955 956 957
f 957 956 958
f 957 958 959
f 960 961 962
f 962 961 223
f 962 223 963
f 963 223 232
f 964 965 966
f 966 965 967
f 967 965 968
f 968 965 969
f 968 969 970
f 888 887 399
f 399 887 400
f 971 972 332
f 971 332 973
f 973 332 334
f 973 334 974
f 975 976 977
f 977 976 978
f 977 978 979
f 979 978 980
f 981 236 982
f 982 236 983
f 235 984 236
f 236 984 978
f 236 978 983
f 983 978 976
f 985 986 987
f 987 986 988
f 987 988 989
f 989 988 990
f 989 990 991
f 991 990 992
f 991 992 993
f 993 992 994
f 993 994 145
f 145 994 146
f 986 985 995
f 986 995 996
f 996 995 997
f 996 997 998
f 998 997 999
f 998 999 1000
f 1000 999 1001
f 1000 1001 1002
f 1002 1001 662
f 1002 662 661
f 1003 139 138
f 1003 138 1004
f 1004 138 1005
f 1004 1005 1006
f 1007 1004 1008
f 1008 1004 1006
f 1008 1006 1009
f 1009 1006 1010
f 1011 240 1012
f 1012 1013 1011
f 1011 1013 1014
f 1011 1014 1015
f 131 242 132
f 132 242 240
f 132 240 1016
f 1016 240 1011
f 173 983 976
f 1017 171 173
f 1004 1018 173
f 173 1018 1019
f 173 1019 1017
f 173 976 1004
f 1004 976 1020
f 1004 1020 1003
f 665 248 1021
f 1021 248 250
f 241 658 235
f 235 658 667
f 235 667 984
f 1022 885 679
f 679 885 677
f 975 671 976
f 976 671 673
f 976 673 1020
f 979 980 1023
f 1023 980 1024
f 1023 1024 1025
f 1023 1025 1026
f 1026 1025 1027
f 1026 1027 1028
f 1028 1027 368
f 1028 368 367
f 676 675 1029
f 1029 675 886
f 886 1030 1029
f 1029 1030 1031
f 1029 1031 1032
f 1032 1031 1033
f 1032 1033 1034
f 1035 1036 1037
f 1037 1036 1038
f 243 660 244
f 244 660 1039
f 244 1039 1040
f 1040 1039 1041
f 1040 1041 1042
f 1042 1041 1043
f 1042 1043 1044
f 1045 1046 1047
f 1047 1046 1048
f 108 121 676
f 676 1029 108
f 108 1029 1032
f 108 1032 107
f 107 1032 1034
f 107 1034 105
f 105 1034 1036
f 1030 886 511
f 511 514 1030
f 1030 514 516
f 1030 516 1031
f 1031 516 518
f 1031 518 1033
f 1033 1038 1034
f 1034 1038 1036
f 1049 106 1050
f 1050 106 1051
f 105 1036 106
f 106 1036 1035
f 106 1035 1051
f 1033 518 1038
f 1052 104 1053
f 1053 104 1054
f 1049 1055 106
f 106 1055 1056
f 106 1056 682
f 1054 104 681
f 681 104 12
f 681 12 682
f 682 12 11
f 682 11 106
f 506 1057 1058
f 1038 518 1037
f 1037 518 506
f 1037 506 1059
f 1059 506 1058
f 104 1052 1060
f 1048 103 1047
f 1047 103 104
f 1047 104 1061
f 1061 104 1060
f 1039 660 99
f 99 101 1039
f 1039 101 102
f 1039 102 1041
f 1041 102 103
f 1041 103 1043
f 1057 506 1062
f 1062 506 1063
f 1064 1065 473
f 473 1065 1066
f 473 1066 683
f 1063 506 684
f 684 506 508
f 684 508 683
f 683 508 471
f 683 471 473
f 103 1048 1043
f 1064 473 1067
f 1067 473 1068
f 499 1046 473
f 473 1046 1045
f 473 1045 1068
f 1046 1044 1048
f 1048 1044 1043
f 1046 499 1044
f 503 245 244
f 244 1040 503
f 503 1040 1042
f 503 1042 501
f 501 1042 1044
f 501 1044 499
f 1065 1064 1052
f 1052 1064 1060
f 1064 1067 1060
f 1060 1067 1068
f 1060 1068 1061
f 1061 1068 1045
f 1061 1045 1047
f 1052 1053 1065
f 1065 1053 1054
f 1065 1054 1066
f 1066 1054 681
f 1066 681 683
f 1055 1049 1057
f 1057 1049 1058
f 1057 1062 1055
f 1055 1062 1063
f 1055 1063 1056
f 1056 1063 684
f 1056 684 682
f 1049 1050 1058
f 1058 1050 1051
f 1058 1051 1059
f 1059 1051 1035
f 1059 1035 1037
f 1069 1070 1071
f 1069 1071 1072
f 1072 1071 1073
f 1072 1073 1074
f 1074 1073 1075
f 1074 1075 1076
f 1076 1075 1077
f 1076 1077 1078
f 1078 1077 1079
f 1078 1079 1080
f 1080 1079 1081
f 1080 1081 1082
f 1082 1081 1083
f 1082 1083 1084
f 78 1085 82
f 82 1085 1086
f 82 1086 1087
f 1088 1089 82
f 1090 1091 1092
f 1092 1091 1093
f 1092 1093 1094
f 1088 82 1095
f 1095 82 1087
f 1095 1087 162
f 162 1087 194
f 162 194 160
f 160 194 197
f 160 197 1094
f 1094 197 1096
f 1094 1096 1092
f 1092 1096 1097
f 1092 1097 1098
f 1099 1100 1101
f 1102 1103 1100
f 1100 1103 1104
f 1100 1104 1101
f 1101 1104 1105
f 1106 1107 1101
f 1101 1107 1108
f 1101 1108 1109
f 1109 1110 1101
f 1101 1110 1111
f 1101 1111 1099
f 1112 1113 1114
f 1115 1116 1117
f 1115 1117 1118
f 1117 1119 1120
f 1112 1114 1120
f 1120 1114 1117
f 1117 1114 1121
f 1117 1121 1122
f 1122 1123 1117
f 1117 1123 1124
f 1117 1124 1118
f 98 97 220
f 220 219 1125
f 220 1125 98
f 98 1125 1015
f 98 1015 1014
f 642 7 109
f 1126 643 642
f 1126 642 1010
f 1010 642 109
f 1010 109 1009
f 651 650 1127
f 651 1127 1128
f 1128 1127 964
f 1128 964 966
f 1129 225 224
f 1129 224 953
f 953 224 1130
f 953 1130 954
f 1131 272 1132
f 1132 272 261
f 1132 261 1133
f 1133 261 1106
f 1133 1106 1134
f 1134 1106 1101
f 1135 1117 1116
f 264 1136 262
f 262 1136 1137
f 262 1137 1116
f 1116 1137 1138
f 1116 1138 1135
f 1102 1100 134
f 134 1100 135
f 143 142 1113
f 1113 142 1114
f 974 334 1139
f 1139 334 335
f 1139 568 373
f 1022 974 885
f 885 974 1139
f 885 1139 372
f 372 1139 373
f 560 559 1140
f 273 256 1140
f 1140 256 258
f 249 560 250
f 250 560 1140
f 250 1140 1021
f 1021 1140 258
f 981 982 1141
f 1141 982 1142
f 1141 1142 1143
f 1143 1142 1144
f 1143 1144 1069
f 1069 1144 1070
f 1084 1083 1145
f 1145 1083 1146
f 1145 1146 1147
f 1147 1146 1148
f 1147 1148 265
f 265 1148 266
f 130 222 96
f 96 222 220
f 96 220 97
f 641 128 642
f 642 128 8
f 642 8 7
f 1012 240 1085
f 1085 240 239
f 1085 239 1086
f 239 238 1086
f 1086 238 237
f 1086 237 1087
f 1087 237 188
f 1087 188 194
f 1004 1007 1089
f 1004 1089 1018
f 1018 1089 1088
f 1018 1088 1019
f 1019 1088 1095
f 1019 1095 1017
f 1017 1095 162
f 1017 162 171
f 170 160 1149
f 1149 160 1094
f 1149 1094 1150
f 1150 1094 1093
f 1150 1093 970
f 970 1093 1091
f 970 1091 968
f 197 218 1096
f 1096 218 1151
f 1096 1151 1097
f 1097 1151 1152
f 1097 1152 1098
f 1098 1152 959
f 1098 959 958
f 1153 963 232
f 953 955 1154
f 953 1154 1129
f 1154 1155 1129
f 1129 1155 1156
f 1129 1156 225
f 225 1156 1157
f 225 1157 227
f 227 1157 1153
f 227 1153 229
f 229 1153 232
f 961 1158 223
f 223 1158 221
f 1011 1015 1159
f 1159 1015 1125
f 1159 1125 1160
f 1160 1125 219
f 1160 219 1161
f 1161 219 221
f 1161 221 1162
f 1162 221 1158
f 646 362 361
f 1127 650 1163
f 1163 1164 1127
f 1127 1164 1165
f 1127 1165 964
f 964 1165 1166
f 964 1166 965
f 361 1167 646
f 646 1167 1163
f 646 1163 644
f 644 1163 650
f 1010 1006 1126
f 1126 1006 1168
f 1126 1168 643
f 366 364 1169
f 1169 364 649
f 1168 1170 643
f 643 1170 1171
f 643 1171 649
f 649 1171 1172
f 649 1172 1169
f 318 322 399
f 399 322 888
f 352 369 903
f 352 903 350
f 350 903 901
f 350 901 348
f 348 901 899
f 348 899 345
f 345 899 897
f 345 897 343
f 343 897 895
f 343 895 341
f 341 895 893
f 341 893 329
f 329 893 891
f 329 891 327
f 327 891 889
f 327 889 325
f 325 889 888
f 325 888 322
f 354 367 352
f 352 367 369
f 330 1023 1026
f 330 1026 358
f 358 1026 1028
f 358 1028 356
f 356 1028 367
f 356 367 354
f 972 977 979
f 979 1023 972
f 972 1023 330
f 972 330 332
f 400 887 284
f 284 887 293
f 293 887 890
f 293 890 291
f 291 890 892
f 291 892 289
f 289 892 894
f 289 894 283
f 283 894 896
f 283 896 281
f 281 896 898
f 281 898 279
f 279 898 900
f 279 900 277
f 277 900 902
f 277 902 313
f 313 902 904
f 313 904 311
f 311 904 370
f 311 370 309
f 368 307 370
f 370 307 309
f 307 368 1027
f 307 1027 305
f 305 1027 1025
f 305 1025 303
f 303 1025 1024
f 303 1024 300
f 980 978 254
f 1024 980 300
f 300 980 254
f 300 254 253
f 276 402 284
f 284 402 400
f 318 399 337
f 337 399 401
f 984 255 978
f 978 255 254
f 667 257 984
f 984 257 255
f 666 258 667
f 667 258 257
f 258 666 1021
f 1021 666 665
f 971 975 972
f 972 975 977
f 973 671 971
f 971 671 975
f 974 672 973
f 973 672 671
f 1022 679 974
f 974 679 672
f 674 1003 673
f 673 1003 1020
f 670 139 674
f 674 139 1003
f 669 142 670
f 670 142 139
f 668 1114 669
f 669 1114 142
f 155 1121 668
f 668 1121 1114
f 1121 155 153
f 1121 153 1122
f 1122 153 151
f 1122 151 1123
f 1123 151 149
f 1123 149 1124
f 1124 149 147
f 1124 147 1118
f 1118 147 146
f 1118 146 1115
f 994 1116 146
f 146 1116 1115
f 992 262 994
f 994 262 1116
f 990 261 992
f 992 261 262
f 988 1106 990
f 990 1106 261
f 986 1107 988
f 988 1107 1106
f 1107 986 996
f 1107 996 1108
f 1108 996 998
f 1108 998 1109
f 1109 998 1000
f 1109 1000 1110
f 1110 1000 1002
f 1110 1002 1111
f 1111 1002 661
f 1111 661 1099
f 663 1100 661
f 661 1100 1099
f 664 135 663
f 663 135 1100
f 657 131 664
f 664 131 135
f 659 242 657
f 657 242 131
f 242 659 241
f 241 659 658
f 172 982 173
f 173 982 983
f 982 172 1142
f 1142 172 158
f 1142 158 1144
f 1144 158 157
f 1144 157 1070
f 1070 157 187
f 174 1083 1081
f 174 1081 167
f 167 1081 1079
f 167 1079 179
f 179 1079 1077
f 179 1077 180
f 180 1077 1075
f 180 1075 182
f 182 1075 1073
f 182 1073 184
f 184 1073 1071
f 184 1071 186
f 186 1071 1070
f 186 1070 187
f 1083 174 1146
f 1146 174 176
f 1146 176 1148
f 1148 176 168
f 1148 168 266
f 266 168 169
f 170 268 169
f 169 268 266
f 970 263 1150
f 1150 263 260
f 1150 260 1149
f 1149 260 259
f 1149 259 170
f 170 259 268
f 264 263 1136
f 1136 263 970
f 1136 970 969
f 1119 1117 1135
f 1137 1136 969
f 1119 1135 1163
f 969 965 1137
f 1137 965 1166
f 1137 1166 1138
f 1138 1166 1165
f 1138 1165 1135
f 1135 1165 1164
f 1135 1164 1163
f 361 1112 1167
f 1167 1112 1120
f 1167 1120 1163
f 1163 1120 1119
f 363 1113 361
f 361 1113 1112
f 365 143 363
f 363 143 1113
f 366 144 365
f 365 144 143
f 141 144 366
f 366 1169 141
f 141 1169 1172
f 141 1172 140
f 140 1172 1171
f 140 1171 138
f 138 1171 1170
f 138 1170 1005
f 1005 1170 1168
f 1005 1168 1006
f 981 190 236
f 236 190 189
f 1069 208 1143
f 1143 208 207
f 1143 207 1141
f 1141 207 191
f 1141 191 981
f 981 191 190
f 208 1069 1072
f 208 1072 210
f 210 1072 1074
f 210 1074 212
f 212 1074 1076
f 212 1076 213
f 213 1076 1078
f 213 1078 201
f 201 1078 1080
f 201 1080 203
f 203 1080 1082
f 203 1082 205
f 205 1082 1084
f 205 1084 214
f 265 217 1147
f 1147 217 216
f 1147 216 1145
f 1145 216 215
f 1145 215 1084
f 1084 215 214
f 267 218 265
f 265 218 217
f 218 267 1151
f 1151 267 269
f 1151 269 1152
f 1152 269 270
f 1152 270 959
f 959 270 271
f 271 272 959
f 959 272 1131
f 959 1131 957
f 1105 1157 1156
f 957 1131 955
f 955 1131 1132
f 1101 1105 1134
f 1134 1105 1156
f 1134 1156 1133
f 1133 1156 1155
f 1133 1155 1132
f 1132 1155 1154
f 1132 1154 955
f 1103 963 1104
f 1104 963 1153
f 1104 1153 1105
f 1105 1153 1157
f 1102 962 1103
f 1103 962 963
f 134 960 1102
f 1102 960 962
f 136 961 134
f 134 961 960
f 1011 1159 1016
f 1016 1159 132
f 132 1159 1160
f 132 1160 133
f 133 1160 1161
f 133 1161 137
f 961 136 1158
f 1158 136 137
f 1158 137 1162
f 1162 137 1161
f 910 360 912
f 912 360 359
f 912 359 914
f 914 359 357
f 914 357 916
f 916 357 355
f 916 355 918
f 918 355 353
f 918 353 920
f 920 353 351
f 920 351 922
f 922 351 349
f 922 349 924
f 924 349 347
f 924 347 926
f 926 347 346
f 926 346 928
f 928 346 344
f 928 344 930
f 930 344 342
f 930 342 932
f 932 342 340
f 932 340 934
f 934 340 339
f 934 339 936
f 936 339 328
f 936 328 938
f 938 328 326
f 938 326 940
f 940 326 324
f 940 324 942
f 942 324 323
f 942 323 944
f 944 323 321
f 944 321 946
f 946 321 320
f 946 320 948
f 948 320 319
f 948 319 950
f 950 319 317
f 950 317 952
f 952 317 316
f 952 316 906
f 906 316 333
f 906 333 908
f 908 333 331
f 908 331 910
f 910 331 360
f 929 282 927
f 927 282 280
f 927 280 925
f 925 280 278
f 925 278 923
f 923 278 315
f 923 315 921
f 921 315 314
f 921 314 919
f 919 314 312
f 919 312 917
f 917 312 310
f 917 310 915
f 915 310 308
f 915 308 913
f 913 308 306
f 913 306 911
f 911 306 304
f 911 304 909
f 909 304 302
f 909 302 907
f 907 302 301
f 907 301 905
f 905 301 299
f 905 299 951
f 951 299 298
f 951 298 949
f 949 298 294
f 949 294 947
f 947 294 286
f 947 286 945
f 945 286 285
f 945 285 943
f 943 285 297
f 943 297 941
f 941 297 296
f 941 296 939
f 939 296 295
f 939 295 937
f 937 295 292
f 937 292 935
f 935 292 290
f 935 290 933
f 933 290 288
f 933 288 931
f 931 288 287
f 931 287 929
f 929 287 282
f 656 130 129
f 129 123 656
f 656 123 124
f 656 124 660
f 660 124 100
f 660 100 99
f 655 222 656
f 656 222 130
f 662 233 655
f 655 233 222
f 233 662 1001
f 233 1001 234
f 234 1001 999
f 234 999 230
f 230 999 997
f 230 997 231
f 231 997 995
f 231 995 228
f 228 995 985
f 228 985 226
f 987 224 985
f 985 224 226
f 224 987 1130
f 1130 987 989
f 1130 989 1173
f 1173 989 1174
f 1175 1174 989
f 1176 1177 991
f 991 1177 1090
f 991 1090 989
f 989 1090 1092
f 989 1092 1175
f 1178 1176 991
f 993 651 991
f 991 651 1128
f 991 1128 1178
f 145 652 993
f 993 652 651
f 652 145 148
f 652 148 653
f 653 148 150
f 653 150 654
f 654 150 152
f 654 152 645
f 645 152 154
f 645 154 647
f 647 154 156
f 647 156 648
f 680 641 156
f 156 641 648
f 678 128 680
f 680 128 641
f 127 128 678
f 121 120 676
f 676 120 119
f 676 119 678
f 678 119 118
f 678 118 127
f 1179 1180 1181
f 1181 1180 1182
f 1181 1182 1183
f 1183 1182 1184
f 1183 1184 1185
f 1185 1184 1186
f 1185 1186 1187
f 1187 1186 1188
f 1187 1188 1189
f 1190 1191 1192
f 1192 1191 1193
f 1192 1193 1194
f 1194 1193 1195
f 1194 1195 1196
f 1196 1195 1197
f 1196 1197 1198
f 1198 1197 1199
f 1198 1199 1179
f 1179 1199 1200
f 1179 1200 1180
f 1201 1202 1203
f 1203 1202 1204
f 1203 1204 1205
f 1205 1204 1206
f 1205 1206 1207
f 1207 1206 1208
f 1207 1208 1209
f 1209 1208 1210
f 1209 1210 1190
f 1190 1210 1211
f 1190 1211 1191
f 1188 1212 1189
f 1189 1212 1213
f 1189 1213 1214
f 1214 1213 1215
f 1214 1215 1216
f 1216 1215 1217
f 1216 1217 1218
f 1218 1217 1219
f 1218 1219 1220
f 1220 1219 1221
f 1220 1221 1201
f 1201 1221 1222
f 1201 1222 1202
f 19 1223 20
f 20 1223 1224
f 20 1224 21
f 21 1224 1225
f 21 1225 73
f 73 1225 1226
f 73 1226 70
f 70 1226 1227
f 70 1227 69
f 69 1227 1228
f 69 1228 65
f 65 1228 1229
f 65 1229 64
f 64 1229 1230
f 64 1230 62
f 62 1230 1231
f 62 1231 60
f 60 1231 1232
f 60 1232 48
f 48 1232 1233
f 48 1233 49
f 49 1233 1234
f 49 1234 51
f 51 1234 1235
f 51 1235 16
f 16 1235 1236
f 16 1236 17
f 17 1236 1237
f 17 1237 47
f 47 1237 1238
f 47 1238 45
f 45 1238 1239
f 45 1239 44
f 44 1239 1240
f 44 1240 30
f 30 1240 1241
f 30 1241 28
f 28 1241 1242
f 28 1242 26
f 26 1242 1243
f 26 1243 33
f 33 1243 1244
f 33 1244 24
f 24 1244 1245
f 24 1245 25
f 25 1245 1246
f 25 1246 19
f 19 1246 1223
f 1181 1183 742
f 742 740 1181
f 1181 740 738
f 1181 738 1179
f 738 736 1179
f 1179 736 734
f 1179 734 1198
f 734 732 1198
f 1198 732 730
f 1198 730 1196
f 730 728 1196
f 1196 728 726
f 1196 726 1194
f 726 724 1194
f 1194 724 722
f 1194 722 1192
f 722 720 1192
f 1192 720 718
f 1192 718 1190
f 718 716 1190
f 1190 716 714
f 1190 714 1209
f 714 712 1209
f 1209 712 710
f 1209 710 1207
f 1207 710 784
f 1207 784 1205
f 784 782 1205
f 1205 782 780
f 1205 780 1203
f 780 778 1203
f 1203 778 776
f 1203 776 1201
f 776 774 1201
f 1201 774 772
f 1201 772 1220
f 772 770 1220
f 1220 770 768
f 1220 768 1218
f 768 766 1218
f 1218 766 764
f 1218 764 1216
f 764 762 1216
f 1216 762 760
f 1216 760 1214
f 760 758 1214
f 1214 758 756
f 1214 756 1189
f 756 754 1189
f 1189 754 752
f 1189 752 1187
f 752 750 1187
f 1187 750 748
f 1187 748 1185
f 1185 748 746
f 1185 746 1183
f 1183 746 744
f 1183 744 742
f 1246 1206 1223
f 1223 1206 1204
f 1223 1204 1224
f 1224 1204 1202
f 1224 1202 1225
f 1225 1202 1222
f 1225 1222 1226
f 1226 1222 1221
f 1226 1221 1227
f 1227 1221 1219
f 1227 1219 1228
f 1228 1219 1217
f 1228 1217 1229
f 1229 1217 1215
f 1229 1215 1230
f 1230 1215 1213
f 1230 1213 1231
f 1231 1213 1212
f 1231 1212 1232
f 1232 1212 1188
f 1232 1188 1233
f 1233 1188 1186
f 1233 1186 1234
f 1234 1186 1184
f 1234 1184 1235
f 1235 1184 1182
f 1235 1182 1236
f 1236 1182 1180
f 1236 1180 1237
f 1237 1180 1200
f 1237 1200 1238
f 1238 1200 1199
f 1238 1199 1239
f 1239 1199 1197
f 1239 1197 1240
f 1240 1197 1195
f 1240 1195 1241
f 1241 1195 1193
f 1241 1193 1242
f 1242 1193 1191
f 1242 1191 1243
f 1243 1191 1211
f 1243 1211 1244
f 1244 1211 1210
f 1244 1210 1245
f 1245 1210 1208
f 1245 1208 1246
f 1246 1208 1206
f 1247 1248 1249
f 1249 1248 1250
f 273 1140 1249
f 1251 1252 1250
f 1250 1252 1253
f 1250 1253 1254
f 1255 1256 1257
f 1257 1256 274
f 1257 274 1258
f 1258 274 273
f 1258 273 1254
f 1254 273 1249
f 1254 1249 1250
f 1259 1258 1260
f 1260 1258 1254
f 1261 1262 1263
f 1263 1262 1264
f 336 1265 1266
f 1267 1268 1269
f 1269 1268 1262
f 1269 1262 1270
f 1270 1262 1261
f 1270 1261 1271
f 1266 1272 336
f 336 1272 1271
f 336 1271 335
f 335 1271 1261
f 335 1261 1139
f 1273 1270 1274
f 1274 1270 1271
f 1270 1273 1269
f 1269 1273 1275
f 1269 1275 1267
f 1267 1275 1276
f 1267 1276 1268
f 1268 1276 1264
f 1268 1264 1262
f 336 338 1277
f 336 1277 1265
f 1265 1277 1278
f 1265 1278 1266
f 1274 1271 1278
f 1278 1271 1272
f 1278 1272 1266
f 1258 1259 1257
f 1257 1259 1279
f 1257 1279 1255
f 1255 1279 1280
f 1255 1280 1256
f 1256 1280 275
f 1256 275 274
f 1250 1248 1281
f 1250 1281 1251
f 1251 1281 1282
f 1251 1282 1252
f 1260 1254 1282
f 1282 1254 1253
f 1282 1253 1252
f 275 403 276
f 276 403 402
f 1259 555 1279
f 1279 555 393
f 1279 393 1280
f 1280 393 390
f 1280 390 275
f 275 390 403
f 1260 557 1259
f 1259 557 556
f 1259 556 555
f 1248 561 1281
f 1281 561 562
f 1281 562 1282
f 1282 562 558
f 1282 558 1260
f 1260 558 557
f 559 561 1247
f 1247 561 1248
f 397 338 401
f 401 338 337
f 338 397 1277
f 1277 397 396
f 1277 396 1278
f 1278 396 395
f 1278 395 1274
f 1274 395 394
f 566 1273 567
f 567 1273 1274
f 567 1274 394
f 1273 566 1275
f 1275 566 565
f 1275 565 1276
f 1276 565 564
f 1276 564 1264
f 1264 564 563
f 1263 1264 568
f 568 1264 563
f 1263 568 1261
f 1261 568 1139
f 1249 1140 1247
f 1247 1140 559
f 1009 109 1008
f 1008 109 80
f 1008 80 1007
f 1007 80 82
f 1007 82 1089
f 98 1014 77
f 77 1014 1013
f 77 1013 78
f 78 1013 1012
f 78 1012 1085
f 1091 1090 968
f 968 1090 1177
f 968 1177 967
f 1128 966 1178
f 1178 966 967
f 1178 967 1176
f 1176 967 1177
f 1092 1098 958
f 1092 958 1175
f 1175 958 956
f 1175 956 1174
f 1174 956 1173
f 1173 956 954
f 1173 954 1130
f 1283 1284 1285
f 1286 1287 1288
f 1289 1290 1288
f 1288 1290 1291
f 1288 1291 1292
f 1292 1293 1288
f 1288 1293 1294
f 1288 1294 1295
f 1283 1285 1288
f 1288 1285 1296
f 1288 1296 1286
f 1287 1297 1288
f 1288 1297 1298
f 1288 1298 1289
f 1299 1300 1301
f 1302 1303 1304
f 1305 1306 1307
f 1307 1306 1308
f 1307 1308 1304
f 1304 1308 1309
f 1304 1309 1302
f 1302 1309 1310
f 1302 1310 1311
f 1311 1310 1312
f 1311 1312 1313
f 1313 1312 1314
f 1313 1314 1315
f 1315 1314 1316
f 1315 1316 1317
f 1317 1316 1318
f 1317 1318 1319
f 1319 1318 1320
f 1319 1320 1321
f 1321 1320 1322
f 1321 1322 1323
f 1323 1322 1324
f 1323 1324 1325
f 1325 1324 1326
f 1325 1326 1327
f 1327 1326 1328
f 1327 1328 1329
f 1329 1328 1330
f 1329 1330 1331
f 1331 1330 1332
f 1331 1332 1333
f 1333 1332 1334
f 1333 1334 1335
f 1336 1335 1337
f 1337 1335 1334
f 1337 1334 1338
f 1338 1334 1339
f 1338 1339 1301
f 1301 1339 1340
f 1301 1340 1299
f 1299 1340 1341
f 1299 1341 1342
f 1342 1341 1343
f 1342 1343 1344
f 1344 1343 1345
f 1344 1345 1346
f 1346 1345 1347
f 1346 1347 1348
f 1348 1347 1349
f 1348 1349 1350
f 1350 1349 1351
f 1350 1351 1352
f 1352 1351 1353
f 1352 1353 1354
f 1354 1353 1355
f 1354 1355 1356
f 1356 1355 1357
f 1356 1357 1358
f 1358 1357 1359
f 1358 1359 1360
f 1360 1359 1361
f 1360 1361 1362
f 1362 1361 1363
f 1362 1363 1364
f 1364 1363 1306
f 1364 1306 1365
f 1365 1306 1305
f 1365 1305 1366
f 1367 1368 1369
f 1369 1368 1370
f 1369 1370 1371
f 1371 1370 1372
f 1371 1372 1373
f 1373 1372 1374
f 1373 1374 1375
f 1375 1374 1376
f 1375 1376 1377
f 1377 1376 1378
f 1377 1378 1379
f 1379 1378 1380
f 1379 1380 1381
f 1381 1380 1382
f 1381 1382 1383
f 1383 1382 1384
f 1383 1384 1385
f 1385 1384 1386
f 1385 1386 1387
f 1387 1386 1388
f 1387 1388 1389
f 1389 1388 1390
f 1389 1390 1391
f 1391 1390 1392
f 1391 1392 1393
f 1393 1392 1394
f 1393 1394 1395
f 1395 1394 1396
f 1395 1396 1397
f 1397 1396 1398
f 1397 1398 1399
f 1399 1398 1400
f 1399 1400 1401
f 1401 1400 1402
f 1401 1402 1403
f 1403 1402 1404
f 1403 1404 1405
f 1405 1404 1406
f 1405 1406 1407
f 1406 1408 1407
f 1407 1408 1409
f 1407 1409 1410
f 1410 1409 1411
f 1410 1411 1412
f 1412 1411 1413
f 1412 1413 1414
f 1414 1413 1415
f 1414 1415 1416
f 1416 1415 1417
f 1416 1417 1418
f 1418 1417 1419
f 1418 1419 1420
f 1420 1419 1421
f 1420 1421 1422
f 1422 1421 1423
f 1422 1423 1367
f 1367 1423 1424
f 1367 1424 1368
f 1425 1426 1427
f 1427 1426 1428
f 1427 1428 1429
f 1425 1430 1426
f 1426 1430 1431
f 1426 1431 1432
f 1432 1433 1426
f 1426 1433 1434
f 1426 1434 1435
f 1436 1434 1437
f 1437 1434 1438
f 1436 1439 1434
f 1434 1439 1440
f 1434 1440 1435
f 1441 1442 1387
f 1387 1442 1385
f 1442 1443 1385
f 1385 1443 1444
f 1385 1444 1383
f 1383 1444 1445
f 1383 1445 1381
f 1381 1445 1446
f 1381 1446 1379
f 1379 1446 1447
f 1379 1447 1377
f 1377 1447 1448
f 1377 1448 1375
f 1375 1448 1449
f 1375 1449 1373
f 1373 1449 1450
f 1373 1450 1371
f 1371 1450 1451
f 1371 1451 1369
f 1369 1451 1452
f 1369 1452 1367
f 1367 1452 1453
f 1367 1453 1422
f 1422 1453 1454
f 1422 1454 1420
f 1420 1454 1455
f 1420 1455 1418
f 1418 1455 1456
f 1418 1456 1416
f 1416 1456 1457
f 1416 1457 1414
f 1414 1457 1458
f 1414 1458 1412
f 1412 1458 1459
f 1412 1459 1410
f 1410 1459 1460
f 1410 1460 1407
f 1407 1460 1461
f 1407 1461 1405
f 1405 1461 1462
f 1405 1462 1403
f 1403 1462 1463
f 1403 1463 1401
f 1401 1463 1464
f 1401 1464 1399
f 1399 1464 1465
f 1399 1465 1397
f 1397 1465 1466
f 1397 1466 1395
f 1395 1466 1467
f 1395 1467 1393
f 1393 1467 1468
f 1393 1468 1391
f 1391 1468 1441
f 1391 1441 1389
f 1389 1441 1387
f 1443 1469 1470
f 1471 1448 1472
f 1472 1448 1447
f 1472 1447 1473
f 1473 1447 1446
f 1473 1446 1474
f 1474 1446 1445
f 1474 1445 1470
f 1470 1445 1444
f 1470 1444 1443
f 1475 1453 1476
f 1476 1453 1452
f 1476 1452 1477
f 1477 1452 1451
f 1477 1451 1478
f 1478 1451 1450
f 1478 1450 1471
f 1471 1450 1449
f 1471 1449 1448
f 1479 1459 1480
f 1480 1459 1458
f 1480 1458 1481
f 1481 1458 1457
f 1481 1457 1482
f 1482 1457 1456
f 1482 1456 1483
f 1483 1456 1455
f 1483 1455 1475
f 1475 1455 1454
f 1475 1454 1453
f 1484 1464 1485
f 1485 1464 1463
f 1485 1463 1486
f 1486 1463 1462
f 1486 1462 1487
f 1487 1462 1461
f 1487 1461 1479
f 1479 1461 1460
f 1479 1460 1459
f 1443 1442 1469
f 1469 1442 1441
f 1469 1441 1488
f 1488 1441 1468
f 1488 1468 1489
f 1489 1468 1467
f 1489 1467 1490
f 1490 1467 1466
f 1490 1466 1484
f 1484 1466 1465
f 1484 1465 1464
f 1482 1491 1481
f 1481 1491 1492
f 1481 1492 1480
f 1480 1492 1493
f 1480 1493 1479
f 1479 1493 1494
f 1479 1494 1487
f 1487 1494 1495
f 1487 1495 1486
f 1486 1495 1496
f 1486 1496 1485
f 1485 1496 1497
f 1485 1497 1484
f 1484 1497 1498
f 1484 1498 1490
f 1490 1498 1499
f 1490 1499 1489
f 1489 1499 1500
f 1489 1500 1488
f 1488 1500 1501
f 1488 1501 1469
f 1469 1501 1502
f 1469 1502 1470
f 1470 1502 1503
f 1470 1503 1474
f 1474 1503 1504
f 1474 1504 1473
f 1473 1504 1505
f 1473 1505 1472
f 1472 1505 1506
f 1472 1506 1471
f 1471 1506 1507
f 1471 1507 1478
f 1478 1507 1508
f 1478 1508 1477
f 1477 1508 1509
f 1477 1509 1476
f 1476 1509 1510
f 1476 1510 1475
f 1475 1510 1511
f 1475 1511 1483
f 1483 1511 1512
f 1483 1512 1482
f 1482 1512 1491
f 1512 1513 1491
f 1491 1513 1514
f 1491 1514 1492
f 1492 1514 1515
f 1492 1515 1493
f 1493 1515 1516
f 1493 1516 1494
f 1494 1516 1517
f 1494 1517 1495
f 1495 1517 1518
f 1495 1518 1496
f 1496 1518 1519
f 1496 1519 1497
f 1497 1519 1520
f 1497 1520 1498
f 1498 1520 1521
f 1498 1521 1499
f 1499 1521 1522
f 1499 1522 1500
f 1500 1522 1523
f 1500 1523 1501
f 1501 1523 1524
f 1501 1524 1502
f 1502 1524 1525
f 1502 1525 1503
f 1503 1525 1526
f 1503 1526 1504
f 1504 1526 1527
f 1504 1527 1505
f 1505 1527 1528
f 1505 1528 1506
f 1506 1528 1529
f 1506 1529 1507
f 1507 1529 1530
f 1507 1530 1508
f 1508 1530 1531
f 1508 1531 1509
f 1509 1531 1532
f 1509 1532 1510
f 1510 1532 1533
f 1510 1533 1511
f 1511 1533 1534
f 1511 1534 1512
f 1512 1534 1513
f 1534 1533 1535
f 1515 1514 1535
f 1535 1514 1513
f 1535 1513 1534
f 1518 1517 1535
f 1535 1517 1516
f 1535 1516 1515
f 1521 1520 1535
f 1535 1520 1519
f 1535 1519 1518
f 1524 1523 1535
f 1535 1523 1522
f 1535 1522 1521
f 1527 1526 1535
f 1535 1526 1525
f 1535 1525 1524
f 1530 1529 1535
f 1535 1529 1528
f 1535 1528 1527
f 1533 1532 1535
f 1535 1532 1531
f 1535 1531 1530
f 1301 1305 1338
f 1338 1305 1307
f 1338 1307 1337
f 1337 1307 1304
f 1336 1337 1428
f 1428 1337 1304
f 1428 1304 1429
f 1429 1304 1303
f 1366 1305 1283
f 1283 1305 1301
f 1283 1301 1284
f 1284 1301 1300
f 1427 1429 1303
f 1335 1336 1428
f 1428 1426 1335
f 1335 1426 1435
f 1335 1435 1333
f 1333 1435 1440
f 1333 1440 1331
f 1331 1440 1439
f 1331 1439 1329
f 1329 1439 1436
f 1329 1436 1327
f 1327 1436 1437
f 1327 1437 1325
f 1325 1437 1438
f 1325 1438 1323
f 1323 1438 1434
f 1323 1434 1321
f 1321 1434 1433
f 1321 1433 1319
f 1319 1433 1432
f 1319 1432 1317
f 1317 1432 1431
f 1317 1431 1315
f 1315 1431 1430
f 1315 1430 1313
f 1313 1430 1425
f 1313 1425 1311
f 1311 1425 1427
f 1311 1427 1302
f 1302 1427 1303
f 1285 1284 1300
f 1365 1366 1283
f 1283 1288 1365
f 1365 1288 1295
f 1365 1295 1364
f 1364 1295 1294
f 1364 1294 1362
f 1362 1294 1293
f 1362 1293 1360
f 1360 1293 1292
f 1360 1292 1358
f 1358 1292 1291
f 1358 1291 1356
f 1356 1291 1290
f 1356 1290 1354
f 1354 1290 1289
f 1354 1289 1352
f 1352 1289 1298
f 1352 1298 1350
f 1350 1298 1297
f 1350 1297 1348
f 1348 1297 1287
f 1348 1287 1346
f 1346 1287 1286
f 1346 1286 1344
f 1344 1286 1296
f 1344 1296 1342
f 1342 1296 1285
f 1342 1285 1299
f 1299 1285 1300
f 1339 1415 1340
f 1340 1415 1413
f 1340 1413 1341
f 1341 1413 1411
f 1341 1411 1343
f 1343 1411 1409
f 1343 1409 1345
f 1345 1409 1408
f 1345 1408 1347
f 1347 1408 1406
f 1347 1406 1349
f 1349 1406 1404
f 1349 1404 1351
f 1351 1404 1402
f 1351 1402 1353
f 1353 1402 1400
f 1353 1400 1355
f 1355 1400 1398
f 1355 1398 1357
f 1357 1398 1396
f 1357 1396 1359
f 1359 1396 1394
f 1359 1394 1361
f 1361 1394 1392
f 1361 1392 1363
f 1363 1392 1390
f 1363 1390 1306
f 1306 1390 1388
f 1306 1388 1308
f 1308 1388 1386
f 1308 1386 1309
f 1309 1386 1384
f 1309 1384 1310
f 1310 1384 1382
f 1310 1382 1312
f 1312 1382 1380
f 1312 1380 1314
f 1314 1380 1378
f 1314 1378 1316
f 1316 1378 1376
f 1316 1376 1318
f 1318 1376 1374
f 1318 1374 1320
f 1320 1374 1372
f 1320 1372 1322
f 1322 1372 1370
f 1322 1370 1324
f 1324 1370 1368
f 1324 1368 1326
f 1326 1368 1424
f 1326 1424 1328
f 1328 1424 1423
f 1328 1423 1330
f 1330 1423 1421
f 1330 1421 1332
f 1332 1421 1419
f 1332 1419 1334
f 1334 1419 1417
f 1334 1417 1339
f 1339 1417 1415
f 1536 1537 1538
f 1538 1537 1539
f 1536 1538 1540
f 1540 1538 1541
f 1540 1541 1542
f 1542 1543 1544
f 1544 1545 1542
f 1542 1545 1546
f 1542 1546 1547
f 1547 1548 1542
f 1542 1548 1549
f 1542 1549 1540
f 1550 1551 1552
f 1553 1554 1555
f 1555 1556 1553
f 1553 1556 1557
f 1553 1557 1558
f 1558 1557 1559
f 1558 1559 1560
f 1560 1559 1561
f 1560 1561 1562
f 1562 1561 1563
f 1563 1561 1564
f 1563 1564 1565
f 1565 1564 1566
f 1565 1566 1567
f 1567 1566 1568
f 1567 1568 1569
f 1569 1568 1570
f 1569 1570 1571
f 1571 1570 1572
f 1571 1572 1573
f 1573 1572 1574
f 1573 1574 1575
f 1575 1574 1576
f 1575 1576 1577
f 1577 1576 1578
f 1577 1578 1579
f 1579 1578 1580
f 1579 1580 1581
f 1581 1580 1582
f 1581 1582 1583
f 1583 1582 1584
f 1583 1584 1585
f 1586 1585 1587
f 1587 1585 1584
f 1587 1584 1588
f 1588 1584 1589
f 1588 1589 1552
f 1552 1589 1590
f 1552 1590 1550
f 1550 1590 1591
f 1550 1591 1592
f 1592 1591 1593
f 1592 1593 1594
f 1594 1593 1595
f 1594 1595 1596
f 1596 1595 1597
f 1596 1597 1598
f 1598 1597 1599
f 1598 1599 1600
f 1600 1599 1601
f 1600 1601 1602
f 1602 1601 1603
f 1602 1603 1604
f 1604 1603 1605
f 1604 1605 1606
f 1606 1605 1607
f 1606 1607 1608
f 1608 1607 1609
f 1608 1609 1610
f 1610 1609 1555
f 1610 1555 1611
f 1611 1555 1554
f 1611 1554 1612
f 1613 1614 1615
f 1615 1614 1616
f 1615 1616 1617
f 1617 1616 1618
f 1617 1618 1619
f 1619 1618 1620
f 1619 1620 1621
f 1621 1620 1622
f 1621 1622 1623
f 1623 1622 1624
f 1623 1624 1625
f 1625 1624 1626
f 1625 1626 1627
f 1627 1626 1628
f 1627 1628 1629
f 1629 1628 1630
f 1631 1632 1633
f 1633 1632 1634
f 1633 1634 1635
f 1635 1634 1636
f 1635 1636 1637
f 1637 1636 1638
f 1637 1638 1639
f 1639 1638 1640
f 1639 1640 1641
f 1641 1640 1642
f 1641 1642 1643
f 1643 1642 1644
f 1643 1644 1645
f 1645 1644 1646
f 1645 1646 1613
f 1613 1646 1647
f 1613 1647 1614
f 1630 1648 1629
f 1629 1648 1649
f 1629 1649 1650
f 1650 1649 1651
f 1650 1651 1652
f 1652 1651 1653
f 1652 1653 1654
f 1654 1653 1655
f 1654 1655 1656
f 1656 1655 1657
f 1656 1657 1658
f 1658 1657 1659
f 1658 1659 1660
f 1660 1659 1661
f 1660 1661 1662
f 1662 1661 1663
f 1662 1663 1631
f 1631 1663 1664
f 1631 1664 1632
f 1665 1666 1667
f 1667 1666 1668
f 1667 1668 1669
f 1670 1671 1672
f 1670 1672 1668
f 1668 1672 1673
f 1668 1673 1669
f 1674 1675 1676
f 1671 1677 1672
f 1672 1677 1674
f 1672 1674 1678
f 1678 1674 1676
f 1639 1679 1637
f 1637 1679 1680
f 1637 1680 1635
f 1635 1680 1681
f 1635 1681 1633
f 1633 1681 1682
f 1633 1682 1631
f 1631 1682 1683
f 1631 1683 1662
f 1662 1683 1684
f 1662 1684 1660
f 1660 1684 1685
f 1660 1685 1658
f 1658 1685 1686
f 1658 1686 1656
f 1656 1686 1687
f 1656 1687 1654
f 1654 1687 1688
f 1654 1688 1652
f 1652 1688 1689
f 1652 1689 1650
f 1650 1689 1690
f 1650 1690 1629
f 1629 1690 1691
f 1629 1691 1627
f 1627 1691 1692
f 1627 1692 1625
f 1625 1692 1693
f 1625 1693 1623
f 1623 1693 1694
f 1623 1694 1621
f 1621 1694 1695
f 1621 1695 1619
f 1619 1695 1696
f 1619 1696 1617
f 1617 1696 1697
f 1617 1697 1615
f 1615 1697 1698
f 1615 1698 1613
f 1613 1698 1699
f 1613 1699 1645
f 1645 1699 1700
f 1645 1700 1643
f 1643 1700 1701
f 1643 1701 1641
f 1641 1701 1702
f 1641 1702 1639
f 1639 1702 1679
f 1703 1699 1704
f 1704 1699 1698
f 1704 1698 1705
f 1705 1698 1697
f 1705 1697 1706
f 1706 1697 1696
f 1706 1696 1707
f 1707 1696 1695
f 1707 1695 1708
f 1709 1681 1710
f 1710 1681 1680
f 1710 1680 1711
f 1711 1680 1679
f 1711 1679 1712
f 1712 1679 1702
f 1712 1702 1713
f 1713 1702 1701
f 1713 1701 1703
f 1703 1701 1700
f 1703 1700 1699
f 1714 1687 1715
f 1715 1687 1686
f 1715 1686 1716
f 1716 1686 1685
f 1716 1685 1717
f 1717 1685 1684
f 1717 1684 1718
f 1718 1684 1683
f 1718 1683 1709
f 1709 1683 1682
f 1709 1682 1681
f 1695 1694 1708
f 1708 1694 1693
f 1708 1693 1719
f 1719 1693 1692
f 1719 1692 1720
f 1720 1692 1691
f 1720 1691 1721
f 1721 1691 1690
f 1721 1690 1722
f 1722 1690 1689
f 1722 1689 1714
f 1714 1689 1688
f 1714 1688 1687
f 1712 1723 1711
f 1711 1723 1724
f 1711 1724 1710
f 1710 1724 1725
f 1710 1725 1709
f 1709 1725 1726
f 1709 1726 1718
f 1718 1726 1727
f 1718 1727 1717
f 1717 1727 1728
f 1717 1728 1716
f 1716 1728 1729
f 1716 1729 1715
f 1715 1729 1730
f 1715 1730 1714
f 1714 1730 1731
f 1714 1731 1722
f 1722 1731 1732
f 1722 1732 1721
f 1721 1732 1733
f 1721 1733 1720
f 1720 1733 1734
f 1720 1734 1719
f 1719 1734 1735
f 1719 1735 1708
f 1708 1735 1736
f 1708 1736 1707
f 1707 1736 1737
f 1707 1737 1706
f 1706 1737 1738
f 1706 1738 1705
f 1705 1738 1739
f 1705 1739 1704
f 1704 1739 1740
f 1704 1740 1703
f 1703 1740 1741
f 1703 1741 1713
f 1713 1741 1742
f 1713 1742 1712
f 1712 1742 1723
f 1742 1743 1723
f 1723 1743 1744
f 1723 1744 1724
f 1724 1744 1745
f 1724 1745 1725
f 1725 1745 1746
f 1725 1746 1726
f 1726 1746 1747
f 1726 1747 1727
f 1727 1747 1748
f 1727 1748 1728
f 1728 1748 1749
f 1728 1749 1729
f 1729 1749 1750
f 1729 1750 1730
f 1730 1750 1751
f 1730 1751 1731
f 1731 1751 1752
f 1731 1752 1732
f 1732 1752 1753
f 1732 1753 1733
f 1733 1753 1754
f 1733 1754 1734
f 1734 1754 1755
f 1734 1755 1735
f 1735 1755 1756
f 1735 1756 1736
f 1736 1756 1757
f 1736 1757 1737
f 1737 1757 1758
f 1737 1758 1738
f 1738 1758 1759
f 1738 1759 1739
f 1739 1759 1760
f 1739 1760 1740
f 1740 1760 1761
f 1740 1761 1741
f 1741 1761 1762
f 1741 1762 1742
f 1742 1762 1743
f 1762 1761 1763
f 1762 1763 1743
f 1746 1745 1763
f 1763 1745 1744
f 1763 1744 1743
f 1749 1748 1763
f 1763 1748 1747
f 1763 1747 1746
f 1752 1751 1763
f 1763 1751 1750
f 1763 1750 1749
f 1755 1754 1763
f 1763 1754 1753
f 1763 1753 1752
f 1758 1757 1763
f 1763 1757 1756
f 1763 1756 1755
f 1761 1760 1763
f 1763 1760 1759
f 1763 1759 1758
f 1588 1552 1554
f 1560 1587 1558
f 1558 1587 1588
f 1558 1588 1553
f 1553 1588 1554
f 1586 1587 1665
f 1665 1587 1560
f 1665 1560 1666
f 1666 1560 1562
f 1612 1554 1537
f 1537 1554 1552
f 1537 1552 1539
f 1539 1552 1551
f 1668 1666 1562
f 1585 1586 1665
f 1665 1667 1585
f 1585 1667 1669
f 1585 1669 1583
f 1583 1669 1673
f 1583 1673 1581
f 1581 1673 1672
f 1581 1672 1579
f 1579 1672 1678
f 1579 1678 1577
f 1577 1678 1676
f 1577 1676 1575
f 1575 1676 1675
f 1575 1675 1573
f 1573 1675 1674
f 1573 1674 1571
f 1571 1674 1677
f 1571 1677 1569
f 1569 1677 1671
f 1569 1671 1567
f 1567 1671 1670
f 1567 1670 1565
f 1565 1670 1668
f 1565 1668 1563
f 1563 1668 1562
f 1538 1539 1551
f 1611 1612 1537
f 1537 1536 1611
f 1611 1536 1540
f 1611 1540 1610
f 1610 1540 1549
f 1610 1549 1608
f 1608 1549 1548
f 1608 1548 1606
f 1606 1548 1547
f 1606 1547 1604
f 1604 1547 1546
f 1604 1546 1602
f 1602 1546 1545
f 1602 1545 1600
f 1600 1545 1544
f 1600 1544 1598
f 1598 1544 1543
f 1598 1543 1596
f 1596 1543 1542
f 1596 1542 1594
f 1594 1542 1541
f 1594 1541 1592
f 1592 1541 1538
f 1592 1538 1550
f 1550 1538 1551
f 1649 1648 1557
f 1557 1648 1559
f 1648 1630 1559
f 1559 1630 1628
f 1559 1628 1561
f 1561 1628 1626
f 1561 1626 1564
f 1564 1626 1624
f 1564 1624 1566
f 1566 1624 1622
f 1566 1622 1568
f 1568 1622 1620
f 1568 1620 1570
f 1570 1620 1618
f 1570 1618 1572
f 1572 1618 1616
f 1572 1616 1574
f 1574 1616 1614
f 1574 1614 1576
f 1576 1614 1647
f 1576 1647 1578
f 1578 1647 1646
f 1578 1646 1580
f 1580 1646 1644
f 1580 1644 1582
f 1582 1644 1642
f 1582 1642 1584
f 1584 1642 1640
f 1584 1640 1589
f 1589 1640 1638
f 1589 1638 1590
f 1590 1638 1636
f 1590 1636 1591
f 1591 1636 1634
f 1591 1634 1593
f 1593 1634 1632
f 1593 1632 1595
f 1595 1632 1664
f 1595 1664 1597
f 1597 1664 1663
f 1597 1663 1599
f 1599 1663 1661
f 1599 1661 1601
f 1601 1661 1659
f 1601 1659 1603
f 1603 1659 1657
f 1603 1657 1605
f 1605 1657 1655
f 1605 1655 1607
f 1607 1655 1653
f 1607 1653 1609
f 1609 1653 1651
f 1609 1651 1555
f 1555 1651 1649
f 1555 1649 1556
f 1556 1649 1557

