# https://github.com/mikedh/trimesh

o left_hand_mid_PIP_link.STL
v -0.00542077 0.00618421 0.00250000
v -0.00542077 0.00618421 0.00350000
v -0.00702329 0.00763974 0.00250000
v -0.00702329 0.00763974 0.00350000
v -0.00891629 0.00869005 0.00250000
v -0.00891629 0.00869005 0.00350000
v -0.01099937 0.00927945 0.00250000
v -0.01099937 0.00927945 0.00350000
v -0.01316205 0.00937666 0.00250000
v -0.01316205 0.00937666 0.00350000
v -0.01528961 0.00897653 0.00250000
v -0.01528961 0.00897653 0.00350000
v -0.01726921 0.00810028 0.00250000
v -0.01726921 0.00810028 0.00350000
v -0.01899586 0.00679440 0.00250000
v -0.01899586 0.00679440 0.00350000
v -0.02037796 0.00512814 0.00250000
v -0.02037796 0.00512814 0.00350000
v -0.02134221 0.00318988 0.00250000
v -0.02134221 0.00318988 0.00350000
v -0.02168477 0.00200000 0.00250000
v -0.02183747 0.00108243 0.00350000
v -0.02168477 0.00200000 0.00050000
v -0.02183747 0.00108243 0.00050000
v -0.02168477 -0.00200000 0.00050000
v -0.02183747 -0.00108243 0.00050000
v -0.02168477 -0.00200000 0.00250000
v -0.02183747 -0.00108243 0.00350000
v -0.02134221 -0.00318988 0.00250000
v -0.02134221 -0.00318988 0.00350000
v -0.02037796 -0.00512814 0.00250000
v -0.02037796 -0.00512814 0.00350000
v -0.01899586 -0.00679440 0.00250000
v -0.01899586 -0.00679440 0.00350000
v -0.01726921 -0.00810028 0.00250000
v -0.01726921 -0.00810028 0.00350000
v -0.01528961 -0.00897653 0.00250000
v -0.01528961 -0.00897653 0.00350000
v -0.01316205 -0.00937666 0.00250000
v -0.01316205 -0.00937666 0.00350000
v -0.01099937 -0.00927945 0.00250000
v -0.01099937 -0.00927945 0.00350000
v -0.00891629 -0.00869005 0.00250000
v -0.00891629 -0.00869005 0.00350000
v -0.00702329 -0.00763974 0.00250000
v -0.00702329 -0.00763974 0.00350000
v -0.00542077 -0.00618421 0.00250000
v -0.00542077 -0.00618421 0.00350000
v -0.02187113 0.00073612 0.00157500
v -0.02189039 0.00042500 0.00126388
v -0.02189039 -0.00042500 0.00126388
v -0.02187113 -0.00073612 0.00157500
v -0.02189742 0.00022027 0.00117903
v -0.02190000 -0.00000000 0.00115000
v -0.02189742 -0.00022009 0.00117899
v -0.02186408 -0.00082102 0.00177993
v -0.02186149 -0.00085000 0.00200000
v -0.02186408 -0.00082098 0.00222022
v -0.02187113 -0.00073612 0.00242500
v -0.02189039 0.00042500 0.00273612
v -0.02187113 0.00073612 0.00242500
v -0.02189742 0.00022023 0.00282097
v -0.02189039 -0.00042500 0.00273612
v -0.02189954 -0.00009268 0.00284493
v -0.02190000 -0.00000000 0.00285000
v -0.02186407 0.00082109 0.00221981
v -0.02186149 0.00085000 0.00200000
v -0.02186407 0.00082108 0.00178017
v -0.00391455 -0.00550000 0.00250000
v -0.00391455 -0.00550000 0.04500000
v -0.00250000 -0.00550000 0.03900000
v -0.00250000 -0.00550000 0.04500000
v -0.00250000 -0.00550000 0.00250000
v -0.00250000 -0.00550000 0.00850000
v -0.00110000 -0.00550000 0.00850000
v -0.00110000 -0.00550000 0.03900000
v -0.00391455 0.00550000 0.04500000
v -0.00391455 0.00550000 0.00250000
v -0.00250000 0.00550000 0.00850000
v -0.00250000 0.00550000 0.00250000
v -0.00250000 0.00550000 0.04500000
v -0.00250000 0.00550000 0.03900000
v -0.00110000 0.00550000 0.03900000
v -0.00110000 0.00550000 0.00850000
v 0.00150000 0.00800000 0.00850000
v 0.00150000 0.00800000 0.03900000
v 0.00150000 -0.00800000 0.00850000
v 0.00150000 -0.00800000 0.03900000
v 0.00090000 -0.00350000 0.00850000
v 0.00090000 -0.00350000 0.03900000
v 0.00090000 0.00350000 0.00850000
v 0.00090000 0.00350000 0.03900000
v -0.00033463 0.00534776 0.03900000
v -0.00033463 0.00534776 0.00850000
v 0.00031421 0.00491421 0.03900000
v 0.00031421 0.00491421 0.00850000
v 0.00074776 0.00426537 0.03900000
v 0.00074776 0.00426537 0.00850000
v 0.00074776 -0.00426537 0.03900000
v 0.00074776 -0.00426537 0.00850000
v 0.00031421 -0.00491421 0.03900000
v 0.00031421 -0.00491421 0.00850000
v -0.00033463 -0.00534776 0.03900000
v -0.00033463 -0.00534776 0.00850000
v -0.01250000 -0.01000000 0.04500000
v -0.01250000 -0.01000000 0.00250000
v -0.00450000 -0.01000000 0.00850000
v -0.00450000 -0.01000000 0.00250000
v -0.00450000 -0.01000000 0.04500000
v -0.00450000 -0.01000000 0.03900000
v -0.00050000 -0.01000000 0.03900000
v -0.00050000 -0.01000000 0.00850000
v -0.00050000 -0.00650000 0.03900000
v -0.00050000 -0.00650000 0.00850000
v 0.00012500 -0.00666747 0.03900000
v 0.00012500 -0.00666747 0.00850000
v 0.00058253 -0.00712500 0.03900000
v 0.00058253 -0.00712500 0.00850000
v 0.00075000 -0.00775000 0.03900000
v 0.00075000 -0.00775000 0.00850000
v 0.00058253 -0.00837500 0.03900000
v 0.00058253 -0.00837500 0.00850000
v 0.00012500 -0.00883253 0.03900000
v 0.00012500 -0.00883253 0.00850000
v -0.00050000 -0.00900000 0.03900000
v -0.00050000 -0.00900000 0.00850000
v -0.00112500 -0.00883253 0.03900000
v -0.00112500 -0.00883253 0.00850000
v -0.00158253 -0.00837500 0.03900000
v -0.00158253 -0.00837500 0.00850000
v -0.00175000 -0.00775000 0.03900000
v -0.00175000 -0.00775000 0.00850000
v -0.00158253 -0.00712500 0.03900000
v -0.00158253 -0.00712500 0.00850000
v -0.00112500 -0.00666747 0.03900000
v -0.00112500 -0.00666747 0.00850000
v 0.00026537 -0.00984776 0.00850000
v 0.00026537 -0.00984776 0.03900000
v 0.00091421 -0.00941421 0.00850000
v 0.00091421 -0.00941421 0.03900000
v 0.00134776 -0.00876537 0.00850000
v 0.00134776 -0.00876537 0.03900000
v -0.01250000 0.01000000 0.00250000
v -0.01250000 0.01000000 0.04500000
v -0.00450000 0.01000000 0.03900000
v -0.00450000 0.01000000 0.04500000
v -0.00450000 0.01000000 0.00250000
v -0.00450000 0.01000000 0.00850000
v -0.00050000 0.01000000 0.00850000
v -0.00050000 0.01000000 0.03900000
v -0.00050000 0.00900000 0.03900000
v -0.00050000 0.00900000 0.00850000
v 0.00012500 0.00883253 0.03900000
v 0.00012500 0.00883253 0.00850000
v 0.00058253 0.00837500 0.03900000
v 0.00058253 0.00837500 0.00850000
v 0.00075000 0.00775000 0.03900000
v 0.00075000 0.00775000 0.00850000
v 0.00058253 0.00712500 0.03900000
v 0.00058253 0.00712500 0.00850000
v 0.00012500 0.00666747 0.03900000
v 0.00012500 0.00666747 0.00850000
v -0.00050000 0.00650000 0.03900000
v -0.00050000 0.00650000 0.00850000
v -0.00112500 0.00666747 0.03900000
v -0.00112500 0.00666747 0.00850000
v -0.00158253 0.00712500 0.03900000
v -0.00158253 0.00712500 0.00850000
v -0.00175000 0.00775000 0.03900000
v -0.00175000 0.00775000 0.00850000
v -0.00158253 0.00837500 0.03900000
v -0.00158253 0.00837500 0.00850000
v -0.00112500 0.00883253 0.03900000
v -0.00112500 0.00883253 0.00850000
v 0.00026537 0.00984776 0.03900000
v 0.00026537 0.00984776 0.00850000
v 0.00091421 0.00941421 0.03900000
v 0.00091421 0.00941421 0.00850000
v 0.00134776 0.00876537 0.03900000
v 0.00134776 0.00876537 0.00850000
v -0.00373463 0.00984776 0.00250000
v -0.00418750 0.00829127 0.00250000
v -0.00308579 0.00941421 0.00250000
v -0.00395873 0.00806250 0.00250000
v -0.00265224 0.00876537 0.00250000
v -0.00387500 0.00775000 0.00250000
v -0.00250000 0.00800000 0.00250000
v -0.00395873 0.00743750 0.00250000
v -0.00418750 0.00720873 0.00250000
v -0.00450000 0.00712500 0.00250000
v -0.00474172 0.00567907 0.00250000
v -0.00481250 0.00720873 0.00250000
v -0.00504127 0.00743750 0.00250000
v -0.00512500 0.00775000 0.00250000
v -0.00504127 0.00806250 0.00250000
v -0.00481250 0.00829127 0.00250000
v -0.00450000 0.00837500 0.00250000
v -0.01472521 0.00974928 0.00250000
v -0.01683884 0.00900969 0.00250000
v -0.01873490 0.00781832 0.00250000
v -0.02031831 0.00623490 0.00250000
v -0.02150969 0.00433884 0.00250000
v -0.02224928 0.00222521 0.00250000
v -0.02229796 0.00200000 0.00250000
v -0.00395873 -0.00806250 0.00250000
v -0.00387500 -0.00775000 0.00250000
v -0.00250000 -0.00800000 0.00250000
v -0.00395873 -0.00743750 0.00250000
v -0.00418750 -0.00720873 0.00250000
v -0.00450000 -0.00712500 0.00250000
v -0.00265224 -0.00876537 0.00250000
v -0.00308579 -0.00941421 0.00250000
v -0.00418750 -0.00829127 0.00250000
v -0.00373463 -0.00984776 0.00250000
v -0.00450000 -0.00837500 0.00250000
v -0.00481250 -0.00829127 0.00250000
v -0.00504127 -0.00806250 0.00250000
v -0.01472521 -0.00974928 0.00250000
v -0.01683884 -0.00900969 0.00250000
v -0.01873490 -0.00781832 0.00250000
v -0.02031831 -0.00623490 0.00250000
v -0.02150969 -0.00433884 0.00250000
v -0.02224928 -0.00222521 0.00250000
v -0.02229796 -0.00200000 0.00250000
v -0.00512500 -0.00775000 0.00250000
v -0.00504127 -0.00743750 0.00250000
v -0.00481250 -0.00720873 0.00250000
v -0.00474172 -0.00567907 0.00250000
v -0.02247287 -0.00073612 0.00242500
v -0.02246624 -0.00082098 0.00222021
v -0.02246381 -0.00085000 0.00200000
v -0.02229796 -0.00200000 0.00050000
v -0.02246624 -0.00082102 0.00177994
v -0.02247287 -0.00073612 0.00157500
v -0.02249096 -0.00042500 0.00126388
v -0.02250000 -0.00000000 0.00050000
v -0.02249758 -0.00022009 0.00117899
v -0.02224928 -0.00222521 0.04500000
v -0.02249957 -0.00009229 0.00284497
v -0.02249096 -0.00042500 0.00273612
v -0.02249096 -0.00042500 0.04623612
v -0.02229796 -0.00200000 0.04700000
v -0.02249757 -0.00022022 0.04632097
v -0.02250000 -0.00000000 0.04700000
v -0.02250000 -0.00000000 0.04635000
v -0.02247287 -0.00073612 0.04592500
v -0.02246623 -0.00082109 0.04571980
v -0.02229796 -0.00200000 0.04500000
v -0.02246381 -0.00085000 0.04550000
v -0.02246623 -0.00082108 0.04528017
v -0.02247287 -0.00073612 0.04507500
v -0.02249096 -0.00042500 0.04476388
v -0.02249756 -0.00022085 0.04467919
v -0.02249096 0.00042500 0.04476388
v -0.02247287 0.00073612 0.04507500
v -0.02229796 0.00200000 0.04500000
v -0.02246624 0.00082097 0.04527975
v -0.02246381 0.00085000 0.04550000
v -0.02229796 0.00200000 0.04700000
v -0.02246624 0.00082101 0.04572009
v -0.02247287 0.00073612 0.04592500
v -0.02249096 0.00042500 0.04623612
v -0.02249758 0.00022007 0.04632102
v -0.02250000 -0.00000000 0.00285000
v -0.02250000 -0.00000000 0.04465000
v -0.02249757 0.00022023 0.00282098
v -0.02249758 0.00021982 0.04467892
v -0.02246623 0.00082109 0.00221981
v -0.02247287 0.00073612 0.00242500
v -0.02249096 0.00042500 0.00126388
v -0.02229796 0.00200000 0.00050000
v -0.02249757 0.00022026 0.00117903
v -0.02250000 -0.00000000 0.00115000
v -0.02247287 0.00073612 0.00157500
v -0.02246623 0.00082108 0.00178017
v -0.02246381 0.00085000 0.00200000
v -0.02249096 0.00042500 0.00273612
v -0.02224928 0.00222521 0.04500000
v -0.02150969 0.00433884 0.04500000
v -0.02031831 0.00623490 0.04500000
v -0.01873490 0.00781832 0.04500000
v -0.01683884 0.00900969 0.04500000
v -0.01472521 0.00974928 0.04500000
v -0.02150969 -0.00433884 0.04500000
v -0.02031831 -0.00623490 0.04500000
v -0.01873490 -0.00781832 0.04500000
v -0.01683884 -0.00900969 0.04500000
v -0.01472521 -0.00974928 0.04500000
v -0.00542077 -0.00618421 0.04500000
v -0.00542077 -0.00618421 0.04400000
v -0.00702329 -0.00763974 0.04500000
v -0.00702329 -0.00763974 0.04400000
v -0.00891629 -0.00869005 0.04500000
v -0.00891629 -0.00869005 0.04400000
v -0.01099937 -0.00927945 0.04500000
v -0.01099937 -0.00927945 0.04400000
v -0.01316205 -0.00937666 0.04500000
v -0.01316205 -0.00937666 0.04400000
v -0.01528961 -0.00897653 0.04500000
v -0.01528961 -0.00897653 0.04400000
v -0.01726921 -0.00810028 0.04500000
v -0.01726921 -0.00810028 0.04400000
v -0.01899586 -0.00679440 0.04500000
v -0.01899586 -0.00679440 0.04400000
v -0.02037796 -0.00512814 0.04500000
v -0.02037796 -0.00512814 0.04400000
v -0.02134221 -0.00318988 0.04500000
v -0.02134221 -0.00318988 0.04400000
v -0.02168477 -0.00200000 0.04500000
v -0.02183747 -0.00108243 0.04400000
v -0.02168477 -0.00200000 0.04700000
v -0.02183747 -0.00108243 0.04700000
v -0.00542077 0.00618421 0.04400000
v -0.00542077 0.00618421 0.04500000
v -0.00702329 0.00763974 0.04400000
v -0.00702329 0.00763974 0.04500000
v -0.00891629 0.00869005 0.04400000
v -0.00891629 0.00869005 0.04500000
v -0.01099937 0.00927945 0.04400000
v -0.01099937 0.00927945 0.04500000
v -0.01316205 0.00937666 0.04400000
v -0.01316205 0.00937666 0.04500000
v -0.01528961 0.00897653 0.04400000
v -0.01528961 0.00897653 0.04500000
v -0.01726921 0.00810028 0.04400000
v -0.01726921 0.00810028 0.04500000
v -0.01899586 0.00679440 0.04400000
v -0.01899586 0.00679440 0.04500000
v -0.02037796 0.00512814 0.04400000
v -0.02037796 0.00512814 0.04500000
v -0.02134221 0.00318988 0.04400000
v -0.02134221 0.00318988 0.04500000
v -0.02183747 0.00108243 0.04400000
v -0.02168477 0.00200000 0.04500000
v -0.02183747 0.00108243 0.04700000
v -0.02168477 0.00200000 0.04700000
v -0.02189039 -0.00042500 0.04476388
v -0.02187113 -0.00073612 0.04507500
v -0.02189740 -0.00022086 0.04467919
v -0.02187113 0.00073612 0.04507500
v -0.02189039 0.00042500 0.04476388
v -0.02189743 0.00021982 0.04467892
v -0.02190000 -0.00000000 0.04465000
v -0.02186407 -0.00082108 0.04528017
v -0.02186149 -0.00085000 0.04550000
v -0.02186407 -0.00082109 0.04571981
v -0.02187113 -0.00073612 0.04592500
v -0.02189039 -0.00042500 0.04623612
v -0.02189039 0.00042500 0.04623612
v -0.02187113 0.00073612 0.04592500
v -0.02189742 -0.00022023 0.04632097
v -0.02190000 -0.00000000 0.04635000
v -0.02189742 0.00022008 0.04632101
v -0.02186408 0.00082101 0.04572009
v -0.02186149 0.00085000 0.04550000
v -0.02186408 0.00082097 0.04527974
v -0.00474172 0.00567907 0.04400000
v -0.00429255 0.00553605 0.04400000
v -0.00429255 0.00553605 0.00350000
v -0.00474172 0.00567907 0.04500000
v -0.00474172 0.00567907 0.00350000
v -0.00474172 -0.00567907 0.00350000
v -0.00474172 -0.00567907 0.04500000
v -0.00474172 -0.00567907 0.04400000
v -0.00429255 -0.00553605 0.04400000
v -0.00429255 -0.00553605 0.00350000
v -0.00450000 -0.00712500 0.04500000
v -0.00418750 -0.00720873 0.04500000
v -0.00395873 -0.00743750 0.04500000
v -0.00387500 -0.00775000 0.04500000
v -0.00395873 -0.00806250 0.04500000
v -0.00418750 -0.00829127 0.04500000
v -0.00450000 -0.00837500 0.04500000
v -0.00481250 -0.00829127 0.04500000
v -0.00504127 -0.00806250 0.04500000
v -0.00512500 -0.00775000 0.04500000
v -0.00504127 -0.00743750 0.04500000
v -0.00481250 -0.00720873 0.04500000
v -0.00450000 0.00837500 0.04500000
v -0.00418750 0.00829127 0.04500000
v -0.00395873 0.00806250 0.04500000
v -0.00387500 0.00775000 0.04500000
v -0.00395873 0.00743750 0.04500000
v -0.00418750 0.00720873 0.04500000
v -0.00450000 0.00712500 0.04500000
v -0.00481250 0.00720873 0.04500000
v -0.00504127 0.00743750 0.04500000
v -0.00512500 0.00775000 0.04500000
v -0.00504127 0.00806250 0.04500000
v -0.00481250 0.00829127 0.04500000
v -0.00373463 -0.00984776 0.04500000
v -0.00308579 -0.00941421 0.04500000
v -0.00265224 -0.00876537 0.04500000
v -0.00250000 -0.00800000 0.04500000
v -0.00373463 0.00984776 0.04500000
v -0.00308579 0.00941421 0.04500000
v -0.00250000 0.00800000 0.04500000
v -0.00265224 0.00876537 0.04500000
v -0.00250000 -0.00800000 0.03900000
v -0.00373463 0.00984776 0.03900000
v -0.00308579 0.00941421 0.03900000
v -0.00265224 0.00876537 0.03900000
v -0.00250000 0.00800000 0.03900000
v -0.00265224 -0.00876537 0.03900000
v -0.00373463 -0.00984776 0.03900000
v -0.00308579 -0.00941421 0.03900000
v -0.00373463 -0.00984776 0.00850000
v -0.00250000 0.00800000 0.00850000
v -0.00265224 0.00876537 0.00850000
v -0.00373463 0.00984776 0.00850000
v -0.00308579 0.00941421 0.00850000
v -0.00308579 -0.00941421 0.00850000
v -0.00265224 -0.00876537 0.00850000
v -0.00250000 -0.00800000 0.00850000
v -0.00336466 -0.00381518 0.00350000
v -0.00336466 -0.00381518 0.04400000
v -0.00279305 -0.00194553 0.00350000
v -0.00279305 -0.00194553 0.04400000
v -0.00260000 -0.00000000 0.00350000
v -0.00260000 -0.00000000 0.04400000
v -0.00279305 0.00194553 0.00350000
v -0.00279305 0.00194553 0.04400000
v -0.00336466 0.00381518 0.00350000
v -0.00336466 0.00381518 0.04400000
v -0.01505991 -0.00531572 0.04400000
v -0.01337935 -0.00583410 0.04400000
v -0.01337935 -0.00583410 0.00350000
v -0.01250000 -0.00590000 0.04400000
v -0.01162065 -0.00583410 0.00350000
v -0.01162065 -0.00583410 0.04400000
v -0.00994009 -0.00531572 0.00350000
v -0.00994009 -0.00531572 0.04400000
v -0.00848698 -0.00432501 0.00350000
v -0.00848698 -0.00432501 0.04400000
v -0.00739045 -0.00295000 0.00350000
v -0.00739045 -0.00295000 0.04400000
v -0.00674793 -0.00131287 0.00350000
v -0.00674793 -0.00131287 0.04400000
v -0.00661650 0.00044091 0.00350000
v -0.00661650 0.00044091 0.04400000
v -0.00700784 0.00215551 0.00350000
v -0.00700784 0.00215551 0.04400000
v -0.00788719 0.00367859 0.00350000
v -0.00788719 0.00367859 0.04400000
v -0.00917641 0.00487481 0.00350000
v -0.00917641 0.00487481 0.04400000
v -0.01076094 0.00563788 0.00350000
v -0.01076094 0.00563788 0.04400000
v -0.01250000 0.00590000 0.00350000
v -0.01250000 0.00590000 0.04400000
v -0.01423906 0.00563788 0.00350000
v -0.01423906 0.00563788 0.04400000
v -0.01582359 0.00487481 0.00350000
v -0.01582359 0.00487481 0.04400000
v -0.01711281 0.00367859 0.00350000
v -0.01711281 0.00367859 0.04400000
v -0.01799215 0.00215551 0.00350000
v -0.01799215 0.00215551 0.04400000
v -0.01838350 0.00044091 0.00350000
v -0.01838350 0.00044091 0.04400000
v -0.01825207 -0.00131287 0.00350000
v -0.01825207 -0.00131287 0.04400000
v -0.01760955 -0.00295000 0.00350000
v -0.01760955 -0.00295000 0.04400000
v -0.01651302 -0.00432501 0.00350000
v -0.01651302 -0.00432501 0.04400000
v -0.01505991 -0.00531572 0.00350000
v -0.01250000 -0.01000000 0.04680000
v -0.01419086 -0.00985601 0.04680000
v -0.01419086 -0.00985601 0.04500000
v -0.01583304 -0.00942820 0.04680000
v -0.01583304 -0.00942820 0.04500000
v -0.01737922 -0.00872887 0.04680000
v -0.01737922 -0.00872887 0.04500000
v -0.01878490 -0.00777817 0.04680000
v -0.01878490 -0.00777817 0.04500000
v -0.02000959 -0.00660349 0.04680000
v -0.02000959 -0.00660349 0.04500000
v -0.02101802 -0.00523863 0.04680000
v -0.02101802 -0.00523863 0.04500000
v -0.02178115 -0.00372292 0.04680000
v -0.02178115 -0.00372292 0.04500000
v -0.02227701 -0.00210000 0.04680000
v -0.02227701 -0.00210000 0.04500000
v -0.01049992 0.00100000 0.04925144
v -0.01073471 0.00100000 0.04870114
v -0.01168843 0.00100000 0.04921074
v -0.00255013 0.00100000 0.04520579
v -0.00255013 0.00100000 0.04500000
v -0.00333485 0.00100000 0.04500000
v -0.01839076 0.00100000 0.04520000
v -0.01839076 0.00100000 0.04680000
v -0.00745734 0.00100000 0.04520000
v -0.01180100 0.00100000 0.04680000
v -0.00745734 0.00100000 0.04680000
v -0.00124600 0.00100000 0.04740006
v -0.01180100 0.00100000 0.04850000
v -0.01068687 0.00100000 0.04810477
v -0.00333485 0.00100000 0.04680000
v -0.00353485 0.00100000 0.04700000
v -0.00696744 0.00100000 0.04700000
v -0.00950100 0.00100000 0.05080000
v -0.00945003 0.00100000 0.04974896
v -0.01003629 0.00100000 0.04962958
v -0.01136174 0.00100000 0.04985191
v -0.01085290 0.00100000 0.05036074
v -0.01021174 0.00100000 0.05068743
v -0.01036736 0.00100000 0.04759894
v -0.00984938 0.00100000 0.04729953
v -0.00925159 0.00100000 0.04727513
v -0.00024941 0.00100000 0.04872487
v 0.00001189 0.00100000 0.04979997
v 0.00034839 0.00100000 0.04870047
v 0.00079711 0.00100000 0.04965746
v 0.00086637 0.00100000 0.04840106
v -0.00079006 0.00100000 0.04846866
v -0.00146815 0.00100000 0.04927047
v -0.00077477 0.00100000 0.04966558
v -0.00719351 0.00100000 0.04775000
v -0.00835127 0.00100000 0.04800946
v -0.00719351 0.00100000 0.04850000
v -0.00825500 0.00100000 0.04859995
v -0.00730608 0.00100000 0.04921074
v -0.00844417 0.00100000 0.04916754
v -0.00949351 0.00100000 0.05080000
v -0.00878277 0.00100000 0.05068743
v -0.00887545 0.00100000 0.04958221
v -0.00814160 0.00100000 0.05036074
v -0.00763277 0.00100000 0.04985191
v -0.00228637 0.00100000 0.04775000
v -0.00198477 0.00100000 0.04866219
v -0.00226243 0.00100000 0.04791400
v -0.00114972 0.00100000 0.04799055
v -0.00716866 0.00100000 0.04687735
v -0.00871094 0.00100000 0.04753134
v 0.00148637 0.00100000 0.04925519
v 0.00199668 0.00100000 0.04864161
v 0.00118587 0.00100000 0.04789523
v 0.00226659 0.00100000 0.04789060
v 0.00123371 0.00100000 0.04729886
v 0.00226362 0.00100000 0.04709255
v 0.00114972 0.00100000 0.04700945
v 0.00198812 0.00100000 0.04634356
v 0.00099892 0.00100000 0.04674856
v 0.00147326 0.00100000 0.04573379
v 0.00053529 0.00100000 0.04637042
v 0.00078103 0.00100000 0.04533667
v -0.00005097 0.00100000 0.04625104
v -0.00000523 0.00100000 0.04520001
v -0.00062555 0.00100000 0.04641779
v -0.00105683 0.00100000 0.04683246
v -0.00333485 -0.00100000 0.04680000
v -0.00333485 -0.00100000 0.04500000
v -0.00255013 -0.00100000 0.04500000
v -0.01839076 -0.00100000 0.04680000
v -0.01839076 -0.00100000 0.04520000
v -0.01180100 -0.00100000 0.04680000
v -0.00745734 -0.00100000 0.04520000
v 0.00053529 -0.00100000 0.04637042
v -0.00005097 -0.00100000 0.04625104
v -0.00000523 -0.00100000 0.04520001
v 0.00034839 -0.00100000 0.04870047
v 0.00079711 -0.00100000 0.04965746
v 0.00001189 -0.00100000 0.04979997
v -0.00255013 -0.00100000 0.04520579
v -0.00228637 -0.00100000 0.04775000
v -0.00062555 -0.00100000 0.04641779
v -0.00105683 -0.00100000 0.04683246
v -0.00124600 -0.00100000 0.04740006
v -0.00226243 -0.00100000 0.04791400
v -0.00114972 -0.00100000 0.04799055
v -0.00024941 -0.00100000 0.04872487
v -0.00077477 -0.00100000 0.04966558
v -0.00079006 -0.00100000 0.04846866
v -0.00146815 -0.00100000 0.04927047
v -0.00198477 -0.00100000 0.04866219
v -0.00871094 -0.00100000 0.04753134
v -0.00835127 -0.00100000 0.04800946
v -0.00745734 -0.00100000 0.04680000
v -0.00825500 -0.00100000 0.04859995
v -0.00719351 -0.00100000 0.04775000
v -0.00725436 -0.00100000 0.04683963
v -0.00696744 -0.00100000 0.04700000
v -0.00353485 -0.00100000 0.04700000
v 0.00198812 -0.00100000 0.04634356
v 0.00099892 -0.00100000 0.04674856
v 0.00147326 -0.00100000 0.04573379
v 0.00078103 -0.00100000 0.04533667
v 0.00148637 -0.00100000 0.04925519
v 0.00086637 -0.00100000 0.04840106
v 0.00199668 -0.00100000 0.04864161
v 0.00118587 -0.00100000 0.04789523
v 0.00226659 -0.00100000 0.04789060
v -0.00925159 -0.00100000 0.04727513
v -0.00984938 -0.00100000 0.04729953
v -0.01036736 -0.00100000 0.04759894
v -0.01068687 -0.00100000 0.04810477
v 0.00226362 -0.00100000 0.04709255
v 0.00123371 -0.00100000 0.04729886
v 0.00114972 -0.00100000 0.04700945
v -0.01003629 -0.00100000 0.04962958
v -0.00945003 -0.00100000 0.04974896
v -0.00950100 -0.00100000 0.05080000
v -0.00887545 -0.00100000 0.04958221
v -0.00878277 -0.00100000 0.05068743
v -0.00949351 -0.00100000 0.05080000
v -0.00719351 -0.00100000 0.04850000
v -0.00730608 -0.00100000 0.04921074
v -0.00844417 -0.00100000 0.04916754
v -0.00763277 -0.00100000 0.04985191
v -0.00814160 -0.00100000 0.05036074
v -0.01021174 -0.00100000 0.05068743
v -0.01085290 -0.00100000 0.05036074
v -0.01049992 -0.00100000 0.04925144
v -0.01136174 -0.00100000 0.04985191
v -0.01073471 -0.00100000 0.04870114
v -0.01168843 -0.00100000 0.04921074
v -0.01180100 -0.00100000 0.04850000
v -0.02207236 0.00210000 0.04700000
v -0.02166242 0.00210000 0.04700000
v -0.02159553 0.00364846 0.04700000
v -0.01250000 0.00980000 0.04700000
v -0.01415705 0.00965889 0.04700000
v -0.01250000 -0.00980000 0.04700000
v -0.02166242 -0.00210000 0.04700000
v -0.02207236 -0.00210000 0.04700000
v -0.02159553 -0.00364846 0.04700000
v -0.02084766 -0.00513386 0.04700000
v -0.01415705 -0.00965889 0.04700000
v -0.01865920 0.00762261 0.04700000
v -0.02084766 0.00513386 0.04700000
v -0.01985940 0.00647142 0.04700000
v -0.01576637 0.00923963 0.04700000
v -0.01728164 0.00855429 0.04700000
v -0.01985940 -0.00647142 0.04700000
v -0.01865920 -0.00762261 0.04700000
v -0.00675734 0.00350000 0.04700000
v -0.00675734 0.00150000 0.04700000
v -0.00685112 0.00115000 0.04700000
v -0.01728164 -0.00855429 0.04700000
v -0.01576637 -0.00923963 0.04700000
v -0.00696470 -0.00100270 0.04700000
v -0.00681125 -0.00123060 0.04700000
v -0.00353485 -0.00384513 0.04700000
v -0.01909076 -0.00350000 0.04700000
v -0.02187350 -0.00070529 0.04700000
v -0.01909076 -0.00150000 0.04700000
v -0.02187350 0.00070529 0.04700000
v -0.01899698 -0.00115000 0.04700000
v -0.01874076 -0.00089378 0.04700000
v -0.00696236 -0.00399497 0.04700000
v -0.00497882 -0.00596304 0.04700000
v -0.00681062 -0.00376788 0.04700000
v -0.00450000 -0.00590000 0.04700000
v -0.00628696 -0.00727118 0.04700000
v -0.00718946 -0.00414672 0.04700000
v -0.00635000 -0.00775000 0.04700000
v -0.00628696 -0.00822882 0.04700000
v -0.00685112 0.00385000 0.04700000
v -0.00402118 0.00596304 0.04700000
v -0.00450000 0.00590000 0.04700000
v -0.00297511 0.00670252 0.04700000
v -0.00319185 0.00644185 0.04700000
v -0.00349899 0.00419246 0.04700000
v -0.00357500 0.00614785 0.04700000
v -0.00542500 -0.00935215 0.04700000
v -0.00580815 -0.00905815 0.04700000
v -0.00610215 -0.00867500 0.04700000
v -0.01839076 -0.00080000 0.04700000
v -0.01200100 -0.00080000 0.04700000
v -0.01200100 0.00080000 0.04700000
v -0.00353485 0.00384513 0.04700000
v -0.00675734 -0.00150000 0.04700000
v -0.00319185 -0.00644185 0.04700000
v -0.00675734 -0.00350000 0.04700000
v -0.00357500 -0.00614785 0.04700000
v -0.00402118 -0.00596304 0.04700000
v -0.00349899 -0.00419246 0.04700000
v -0.00297511 -0.00670252 0.04700000
v -0.00610215 -0.00682500 0.04700000
v -0.00580815 -0.00644185 0.04700000
v -0.00542500 -0.00614785 0.04700000
v -0.00497882 -0.00953696 0.04700000
v -0.00450000 -0.00980000 0.04700000
v -0.00450000 -0.00960000 0.04700000
v -0.00745734 -0.00420000 0.04700000
v -0.01839076 -0.00420000 0.04700000
v -0.01874076 -0.00410622 0.04700000
v -0.01899698 -0.00385000 0.04700000
v -0.01909076 0.00150000 0.04700000
v -0.01909076 0.00350000 0.04700000
v -0.01899698 0.00385000 0.04700000
v -0.01874076 0.00410622 0.04700000
v -0.01839076 0.00420000 0.04700000
v -0.00745734 0.00420000 0.04700000
v -0.00402118 -0.00953696 0.04700000
v -0.00389853 -0.00969653 0.04700000
v -0.00357500 -0.00935215 0.04700000
v -0.00336620 -0.00939803 0.04700000
v -0.00319185 -0.00905815 0.04700000
v -0.00296422 -0.00893881 0.04700000
v -0.00289785 -0.00867500 0.04700000
v -0.00273879 -0.00837167 0.04700000
v -0.00271925 -0.00825142 0.04700000
v -0.01839076 0.00080000 0.04700000
v -0.01865864 0.00085328 0.04700000
v -0.01888574 0.00100503 0.04700000
v -0.01903748 0.00123212 0.04700000
v -0.00628696 0.00727118 0.04700000
v -0.00635000 0.00775000 0.04700000
v -0.00628696 0.00822882 0.04700000
v -0.00610215 0.00867500 0.04700000
v -0.00580815 0.00905815 0.04700000
v -0.00497882 0.00596304 0.04700000
v -0.00542500 0.00614785 0.04700000
v -0.00710734 0.00410622 0.04700000
v -0.00580815 0.00644185 0.04700000
v -0.00610215 0.00682500 0.04700000
v -0.00271925 0.00825142 0.04700000
v -0.00273879 0.00837167 0.04700000
v -0.00289785 0.00867500 0.04700000
v -0.00296422 0.00893881 0.04700000
v -0.00319185 0.00905815 0.04700000
v -0.00336620 0.00939803 0.04700000
v -0.00542500 0.00935215 0.04700000
v -0.00497882 0.00953696 0.04700000
v -0.00450000 0.00980000 0.04700000
v -0.00450000 0.00960000 0.04700000
v -0.00389853 0.00969653 0.04700000
v -0.00402118 0.00953696 0.04700000
v -0.00357500 0.00935215 0.04700000
v -0.00745734 0.00400000 0.04520000
v -0.00745734 0.00400000 0.04680000
v -0.01839076 0.00400000 0.04520000
v -0.01839076 0.00400000 0.04680000
v -0.00699351 0.00080000 0.04795000
v -0.00699351 -0.00080000 0.04795000
v -0.00245917 0.00080000 0.04795000
v -0.00245917 -0.00080000 0.04795000
v -0.01878490 0.00777817 0.04500000
v -0.01737922 0.00872887 0.04500000
v -0.02166242 0.00210000 0.04500000
v -0.02153789 0.00150000 0.04500000
v -0.02180907 0.00130429 0.04500000
v -0.02227701 0.00210000 0.04500000
v -0.02178115 0.00372292 0.04500000
v -0.01583304 0.00942820 0.04500000
v -0.01419086 0.00985601 0.04500000
v -0.02166242 -0.00210000 0.04500000
v -0.02101802 0.00523863 0.04500000
v -0.02000959 0.00660349 0.04500000
v -0.01899698 0.00385000 0.04500000
v -0.01977902 0.00133264 0.04500000
v -0.01994638 0.00150000 0.04500000
v -0.02181448 -0.00126506 0.04500000
v -0.02157955 -0.00150000 0.04500000
v -0.00675734 -0.00150000 0.04500000
v -0.00685112 -0.00115000 0.04500000
v -0.01890000 0.00037500 0.04500000
v -0.01989049 0.00037500 0.04500000
v -0.01909076 0.00150000 0.04500000
v -0.01909076 0.00350000 0.04500000
v -0.01839076 0.00420000 0.04500000
v -0.01874076 0.00410622 0.04500000
v -0.00540000 0.00775000 0.04500000
v -0.01903748 0.00123212 0.04500000
v -0.01888574 0.00100503 0.04500000
v -0.01887572 0.00030291 0.04500000
v -0.01865864 0.00085328 0.04500000
v -0.01882489 -0.00000000 0.04500000
v -0.01839076 0.00080000 0.04500000
v -0.00745734 0.00080000 0.04500000
v -0.00405000 0.00697058 0.04500000
v -0.00372058 0.00730000 0.04500000
v -0.00330321 0.00415160 0.04500000
v -0.00675734 -0.00350000 0.04500000
v -0.00333485 -0.00384513 0.04500000
v -0.00685112 -0.00385000 0.04500000
v -0.00405000 -0.00852942 0.04500000
v -0.00372058 -0.00820000 0.04500000
v -0.00279357 -0.00904313 0.04500000
v -0.01839076 -0.00080000 0.04500000
v -0.00745734 -0.00080000 0.04500000
v -0.00710734 -0.00089378 0.04500000
v -0.01909076 -0.00350000 0.04500000
v -0.01991559 -0.00150000 0.04500000
v -0.01909076 -0.00150000 0.04500000
v -0.01978476 -0.00130087 0.04500000
v -0.01899698 -0.00115000 0.04500000
v -0.01989049 -0.00037500 0.04500000
v -0.01874076 -0.00089378 0.04500000
v -0.01890000 -0.00037500 0.04500000
v -0.01887572 -0.00030291 0.04500000
v -0.00745734 0.00420000 0.04500000
v -0.00254242 0.00779678 0.04500000
v -0.00360000 0.00775000 0.04500000
v -0.00254310 0.00841296 0.04500000
v -0.00372058 0.00820000 0.04500000
v -0.00279357 0.00904313 0.04500000
v -0.00330321 -0.00415160 0.04500000
v -0.00254242 -0.00779678 0.04500000
v -0.00405000 -0.00697058 0.04500000
v -0.00710734 0.00089378 0.04500000
v -0.00685112 0.00115000 0.04500000
v -0.00675734 0.00150000 0.04500000
v -0.00675734 0.00350000 0.04500000
v -0.01899698 -0.00385000 0.04500000
v -0.01874076 -0.00410622 0.04500000
v -0.01839076 -0.00420000 0.04500000
v -0.00324022 0.00955337 0.04500000
v -0.00405000 0.00852942 0.04500000
v -0.00383170 0.00988504 0.04500000
v -0.00450000 0.00865000 0.04500000
v -0.00495000 0.00852942 0.04500000
v -0.00527942 0.00820000 0.04500000
v -0.00254310 -0.00841296 0.04500000
v -0.00360000 -0.00775000 0.04500000
v -0.00372058 -0.00730000 0.04500000
v -0.00527942 -0.00820000 0.04500000
v -0.00540000 -0.00775000 0.04500000
v -0.00745734 -0.00420000 0.04500000
v -0.00527942 -0.00730000 0.04500000
v -0.00710734 -0.00410622 0.04500000
v -0.00495000 -0.00697058 0.04500000
v -0.00450000 -0.00685000 0.04500000
v -0.00324022 -0.00955337 0.04500000
v -0.00383170 -0.00988504 0.04500000
v -0.00450000 -0.00865000 0.04500000
v -0.00495000 -0.00852942 0.04500000
v -0.00710734 0.00410622 0.04500000
v -0.00527942 0.00730000 0.04500000
v -0.00685112 0.00385000 0.04500000
v -0.00495000 0.00697058 0.04500000
v -0.00450000 0.00685000 0.04500000
v -0.00333485 0.00384513 0.04500000
v -0.01889076 -0.00150000 0.04520000
v -0.01889076 -0.00150000 0.04680000
v -0.01889076 -0.00350000 0.04520000
v -0.01889076 -0.00350000 0.04680000
v -0.01839076 -0.00400000 0.04520000
v -0.01839076 -0.00400000 0.04680000
v -0.00745734 -0.00400000 0.04520000
v -0.00745734 -0.00400000 0.04680000
v -0.01889076 0.00350000 0.04520000
v -0.01889076 0.00350000 0.04680000
v -0.01889076 0.00150000 0.04520000
v -0.01889076 0.00150000 0.04680000
v -0.00695734 0.00150000 0.04520000
v -0.00695734 0.00150000 0.04680000
v -0.00695734 0.00350000 0.04520000
v -0.00695734 0.00350000 0.04680000
v -0.00695734 -0.00350000 0.04520000
v -0.00695734 -0.00350000 0.04680000
v -0.00695734 -0.00150000 0.04520000
v -0.00695734 -0.00150000 0.04680000
v -0.02227701 0.00210000 0.04680000
v -0.02178115 0.00372292 0.04680000
v -0.02101802 0.00523863 0.04680000
v -0.02000959 0.00660349 0.04680000
v -0.01878490 0.00777817 0.04680000
v -0.01737922 0.00872887 0.04680000
v -0.01583304 0.00942820 0.04680000
v -0.01419086 0.00985601 0.04680000
v -0.01250000 0.01000000 0.04680000
v -0.00000569 0.00080000 0.04500001
v -0.00000569 -0.00080000 0.04500001
v -0.00255013 0.00080000 0.04500580
v -0.00255013 -0.00080000 0.04500580
v -0.00215736 -0.00080000 0.04876325
v -0.00215736 0.00080000 0.04876325
v -0.00159581 -0.00080000 0.04942442
v -0.00159581 0.00080000 0.04942442
v -0.00084214 -0.00080000 0.04985389
v -0.00084214 0.00080000 0.04985389
v 0.00001292 -0.00080000 0.04999997
v 0.00001292 0.00080000 0.04999997
v 0.00086643 -0.00080000 0.04984506
v 0.00086643 0.00080000 0.04984506
v 0.00161562 -0.00080000 0.04940782
v 0.00161562 0.00080000 0.04940782
v 0.00217030 -0.00080000 0.04874089
v 0.00217030 0.00080000 0.04874089
v 0.00246369 -0.00080000 0.04792456
v 0.00246369 0.00080000 0.04792456
v 0.00246046 -0.00080000 0.04705711
v 0.00246046 0.00080000 0.04705711
v 0.00216100 -0.00080000 0.04624300
v 0.00216100 0.00080000 0.04624300
v 0.00160137 -0.00080000 0.04558021
v 0.00160137 0.00080000 0.04558021
v 0.00084895 -0.00080000 0.04514856
v 0.00084895 0.00080000 0.04514856
v -0.01200100 -0.00080000 0.04850000
v -0.01200100 0.00080000 0.04850000
v -0.01187864 -0.00080000 0.04927254
v -0.01187864 0.00080000 0.04927254
v -0.01152354 -0.00080000 0.04996946
v -0.01152354 0.00080000 0.04996946
v -0.01097046 -0.00080000 0.05052254
v -0.01097046 0.00080000 0.05052254
v -0.01027354 -0.00080000 0.05087765
v -0.01027354 0.00080000 0.05087765
v -0.00950100 -0.00080000 0.05100000
v -0.00950100 0.00080000 0.05100000
v -0.00949351 -0.00080000 0.05100000
v -0.00949351 0.00080000 0.05100000
v -0.00699351 -0.00080000 0.04850000
v -0.00699351 0.00080000 0.04850000
v -0.00872097 -0.00080000 0.05087765
v -0.00872097 0.00080000 0.05087765
v -0.00802405 -0.00080000 0.05052254
v -0.00802405 0.00080000 0.05052254
v -0.00747097 -0.00080000 0.04996946
v -0.00747097 0.00080000 0.04996946
v -0.00711587 -0.00080000 0.04927254
v -0.00711587 0.00080000 0.04927254
v -0.02180907 0.00130429 0.04420000
v -0.02187350 0.00070529 0.04420000
v -0.02187350 0.00070529 0.04518241
v -0.02186853 -0.00076853 0.04550000
v -0.02187350 -0.00070529 0.04518241
v -0.02181448 -0.00126506 0.04420000
v -0.02187350 -0.00070529 0.04581760
v -0.02189774 0.00020585 0.04472927
v -0.02189166 0.00039583 0.04481440
v -0.02188185 0.00058380 0.04497993
v -0.02187350 -0.00070529 0.04420000
v -0.02187595 -0.00067199 0.04511203
v -0.02188369 -0.00055358 0.04494528
v -0.02189166 -0.00039583 0.04481440
v -0.02189774 -0.00020590 0.04472928
v -0.02190000 -0.00000000 0.04470000
v -0.02186853 0.00076853 0.04550000
v -0.02187350 0.00070529 0.04581760
v -0.02187595 0.00067199 0.04588798
v -0.02188370 0.00055334 0.04605498
v -0.02189166 0.00039583 0.04618560
v -0.02189774 0.00020619 0.04627063
v -0.02190000 -0.00000000 0.04630000
v -0.02189774 -0.00020595 0.04627070
v -0.02189166 -0.00039583 0.04618560
v -0.02188369 -0.00055351 0.04605480
v -0.02153789 0.00150000 0.04420000
v -0.01994638 0.00150000 0.04420000
v -0.01989340 -0.00031250 0.04495873
v -0.01978476 -0.00130087 0.04420000
v -0.01989823 -0.00016162 0.04489626
v -0.01989998 0.00001614 0.04420000
v -0.01977902 0.00133264 0.04420000
v -0.01989340 0.00031250 0.04495873
v -0.01989998 0.00001614 0.04487521
v -0.02157955 -0.00150000 0.04420000
v -0.01991559 -0.00150000 0.04420000
v -0.02160769 0.00130000 0.04400000
v -0.01998799 0.00130000 0.04400000
v -0.02167407 0.00069029 0.04400000
v -0.02009998 0.00001658 0.04400000
v -0.02167407 -0.00069029 0.04400000
v -0.01998799 -0.00130000 0.04400000
v -0.02160769 -0.00130000 0.04400000
v -0.02172500 -0.00054127 0.04581250
v -0.02172500 -0.00062500 0.04550000
v -0.02172500 0.00031250 0.04495873
v -0.02172500 0.00054127 0.04518750
v -0.02172500 0.00062500 0.04550000
v -0.02172500 0.00054127 0.04581250
v -0.02172500 0.00031250 0.04604127
v -0.02172500 -0.00000000 0.04612500
v -0.02172500 -0.00031250 0.04604127
v -0.02172500 -0.00054127 0.04518750
v -0.02172500 -0.00031250 0.04495873
v -0.02172500 -0.00000000 0.04487500
v -0.01852446 -0.00000000 0.04550000
v -0.01890000 -0.00054127 0.04581250
v -0.01890000 -0.00031250 0.04604127
v -0.01890000 -0.00062500 0.04550000
v -0.01890000 -0.00054127 0.04518750
v -0.01890000 0.00031250 0.04604127
v -0.01890000 0.00054127 0.04581250
v -0.01890000 -0.00000000 0.04612500
v -0.01890000 0.00062500 0.04550000
v -0.01890000 0.00054127 0.04518750
v -0.00330321 0.00415160 0.04680000
v -0.00254242 0.00779678 0.04680000
v -0.00450000 0.01000000 0.04680000
v -0.00383170 0.00988504 0.04680000
v -0.00324022 0.00955337 0.04680000
v -0.00279357 0.00904313 0.04680000
v -0.00254310 0.00841296 0.04680000
v -0.00450000 -0.01000000 0.04680000
v -0.00254310 -0.00841296 0.04680000
v -0.00279357 -0.00904313 0.04680000
v -0.00324022 -0.00955337 0.04680000
v -0.00383170 -0.00988504 0.04680000
v -0.00254242 -0.00779678 0.04680000
v -0.00330321 -0.00415160 0.04680000
v -0.00333485 -0.00384513 0.04680000
v -0.00333485 0.00384513 0.04680000
v -0.00536933 -0.00798294 0.04605000
v -0.00527942 -0.00820000 0.04605000
v -0.00513640 -0.00838640 0.04605000
v -0.00495000 -0.00852942 0.04605000
v -0.00473294 -0.00861933 0.04605000
v -0.00450000 -0.00865000 0.04605000
v -0.00426706 -0.00861933 0.04605000
v -0.00405000 -0.00852942 0.04605000
v -0.00386360 -0.00838640 0.04605000
v -0.00372058 -0.00820000 0.04605000
v -0.00363067 -0.00798294 0.04605000
v -0.00360000 -0.00775000 0.04605000
v -0.00363067 -0.00751706 0.04605000
v -0.00372058 -0.00730000 0.04605000
v -0.00386360 -0.00711360 0.04605000
v -0.00405000 -0.00697058 0.04605000
v -0.00426706 -0.00688067 0.04605000
v -0.00450000 -0.00685000 0.04605000
v -0.00473294 -0.00688067 0.04605000
v -0.00495000 -0.00697058 0.04605000
v -0.00513640 -0.00711360 0.04605000
v -0.00527942 -0.00730000 0.04605000
v -0.00536933 -0.00751706 0.04605000
v -0.00540000 -0.00775000 0.04605000
v -0.00269542 -0.00782871 0.04695630
v -0.00278088 -0.00728936 0.04692976
v -0.00536933 0.00751706 0.04605000
v -0.00527942 0.00730000 0.04605000
v -0.00513640 0.00711360 0.04605000
v -0.00495000 0.00697058 0.04605000
v -0.00473294 0.00688067 0.04605000
v -0.00450000 0.00685000 0.04605000
v -0.00426706 0.00688067 0.04605000
v -0.00405000 0.00697058 0.04605000
v -0.00386360 0.00711360 0.04605000
v -0.00372058 0.00730000 0.04605000
v -0.00363067 0.00751706 0.04605000
v -0.00360000 0.00775000 0.04605000
v -0.00363067 0.00798294 0.04605000
v -0.00372058 0.00820000 0.04605000
v -0.00386360 0.00838640 0.04605000
v -0.00405000 0.00852942 0.04605000
v -0.00426706 0.00861933 0.04605000
v -0.00450000 0.00865000 0.04605000
v -0.00473294 0.00861933 0.04605000
v -0.00495000 0.00852942 0.04605000
v -0.00513640 0.00838640 0.04605000
v -0.00527942 0.00820000 0.04605000
v -0.00536933 0.00798294 0.04605000
v -0.00540000 0.00775000 0.04605000
v -0.00278088 0.00728936 0.04692976
v -0.00269542 0.00782871 0.04695630
v -0.00702432 0.00125000 0.04680000
v -0.00702432 0.00125000 0.04520000
v -0.00720734 0.00106699 0.04680000
v -0.00720734 0.00106699 0.04520000
v -0.00699585 -0.00130757 0.04680000
v -0.00702432 -0.00125000 0.04520000
v -0.00702432 -0.00125000 0.04680000
v -0.00710545 -0.00114478 0.04680000
v -0.00720734 -0.00106699 0.04520000
v -0.00726927 -0.00103672 0.04680000
v -0.00720734 -0.00106699 0.04680000
v -0.00726600 -0.00396194 0.04680000
v -0.00720734 -0.00393301 0.04520000
v -0.00720734 -0.00393301 0.04680000
v -0.00710378 -0.00385355 0.04680000
v -0.00702432 -0.00375000 0.04520000
v -0.00699540 -0.00369134 0.04680000
v -0.00702432 -0.00375000 0.04680000
v -0.00720734 0.00393301 0.04680000
v -0.00720734 0.00393301 0.04520000
v -0.00702432 0.00375000 0.04680000
v -0.00702432 0.00375000 0.04520000
v -0.01882378 0.00375000 0.04680000
v -0.01882378 0.00375000 0.04520000
v -0.01864076 0.00393301 0.04680000
v -0.01864076 0.00393301 0.04520000
v -0.01858211 0.00103806 0.04680000
v -0.01858211 0.00103806 0.04520000
v -0.01874432 0.00114645 0.04680000
v -0.01874432 0.00114645 0.04520000
v -0.01885270 0.00130866 0.04680000
v -0.01885270 0.00130866 0.04520000
v -0.01864076 -0.00393301 0.04680000
v -0.01864076 -0.00393301 0.04520000
v -0.01882378 -0.00375000 0.04680000
v -0.01882378 -0.00375000 0.04520000
v -0.01864076 -0.00106699 0.04520000
v -0.01864076 -0.00106699 0.04680000
v -0.01882378 -0.00125000 0.04520000
v -0.01882378 -0.00125000 0.04680000
v -0.02168733 -0.00139222 0.04409222
v -0.01985633 -0.00140980 0.04410980
v -0.02168729 0.00139217 0.04409218
v -0.01985625 0.00140987 0.04410987
v -0.01085110 0.00200000 -0.00024098
v -0.01085110 0.00110000 -0.00024098
v -0.01041293 0.00200000 -0.00010303
v -0.01041293 0.00110000 -0.00010303
v -0.01005418 0.00200000 0.00018389
v -0.01005418 0.00110000 0.00018389
v -0.00982330 0.00200000 0.00058103
v -0.00982330 0.00110000 0.00058103
v -0.00975148 0.00200000 0.00103476
v -0.00975148 0.00110000 0.00103476
v -0.00984841 0.00200000 0.00148379
v -0.00984841 0.00110000 0.00148379
v -0.01010101 0.00200000 0.00186748
v -0.01010101 0.00110000 0.00186748
v -0.01047515 0.00200000 0.00213401
v -0.01047515 0.00110000 0.00213401
v -0.01092032 0.00200000 0.00224739
v -0.01092032 0.00110000 0.00224739
v -0.01115090 0.00200000 0.00224098
v -0.01115090 0.00110000 0.00224098
v -0.01137638 0.00200000 0.00219231
v -0.01137638 0.00110000 0.00219231
v -0.01178174 0.00200000 0.00197619
v -0.01178174 0.00110000 0.00197619
v -0.01208166 0.00200000 0.00162823
v -0.01208166 0.00110000 0.00162823
v -0.01223563 0.00200000 0.00119543
v -0.01223563 0.00110000 0.00119543
v -0.01222285 0.00200000 0.00073624
v -0.01222285 0.00110000 0.00073624
v -0.01204506 0.00200000 0.00031266
v -0.01204506 0.00110000 0.00031266
v -0.01172626 0.00200000 -0.00001808
v -0.01172626 0.00110000 -0.00001808
v -0.01130951 0.00200000 -0.00021133
v -0.01130951 0.00110000 -0.00021133
v -0.01462220 0.00100000 0.01013164
v -0.01462220 0.00270000 0.01013164
v -0.01392337 0.00110000 0.00434628
v -0.01348296 0.00270000 0.00070020
v -0.01348296 0.00110000 0.00070020
v -0.01462220 -0.00100000 0.01013164
v -0.01498196 -0.00100000 0.01311000
v -0.01498196 0.00100000 0.01311000
v -0.01462220 -0.00270000 0.01013164
v -0.01392337 -0.00110000 0.00434628
v -0.01348296 -0.00270000 0.00070020
v -0.01348296 -0.00110000 0.00070020
v -0.01001804 0.00100000 0.01370960
v -0.01001804 -0.00100000 0.01370960
v -0.00965828 0.00100000 0.01073124
v -0.00965828 -0.00100000 0.01073124
v -0.00851904 -0.00270000 0.00129980
v -0.00851904 -0.00110000 0.00129980
v -0.00895946 -0.00110000 0.00494587
v -0.00851904 0.00110000 0.00129980
v -0.00851904 0.00270000 0.00129980
v -0.00895946 0.00110000 0.00494587
v -0.00965828 0.00270000 0.01073124
v -0.00965828 -0.00270000 0.01073124
v -0.01233554 0.00300000 0.00021164
v -0.01200725 0.00300000 -0.00017896
v -0.01235886 0.00300000 -0.00073096
v -0.00995612 0.00300000 0.01069527
v -0.01020252 0.00300000 0.00232851
v -0.01067715 0.00300000 0.00251579
v -0.01186458 0.00300000 -0.00102342
v -0.01156992 0.00300000 -0.00044181
v -0.01131146 0.00300000 -0.00117799
v -0.01107094 0.00300000 -0.00054842
v -0.01073717 0.00300000 -0.00118413
v -0.01056438 0.00300000 -0.00048723
v -0.01018087 0.00300000 -0.00104142
v -0.01167646 0.00300000 0.00239509
v -0.01209284 0.00300000 0.00210017
v -0.01432436 0.00300000 0.01016762
v -0.01239091 0.00300000 0.00168604
v -0.01318512 0.00300000 0.00073618
v -0.01118688 0.00300000 0.00253881
v -0.01276059 0.00300000 -0.00032054
v -0.01304242 0.00300000 0.00017987
v -0.01251921 0.00300000 0.00068768
v -0.01253836 0.00300000 0.00119757
v -0.00968046 0.00300000 -0.00075959
v -0.01010513 0.00300000 -0.00026488
v -0.00927004 0.00300000 -0.00035786
v -0.00974297 0.00300000 0.00009454
v -0.00897758 0.00300000 0.00013642
v -0.00951713 0.00300000 0.00055209
v -0.00882301 0.00300000 0.00068954
v -0.00945209 0.00300000 0.00105817
v -0.00881687 0.00300000 0.00126382
v -0.00955490 0.00300000 0.00155795
v -0.00981442 0.00300000 0.00199726
v -0.01036115 -0.00300000 0.00148019
v -0.00881687 -0.00300000 0.00126382
v -0.01050723 -0.00300000 0.00162944
v -0.00995612 -0.00300000 0.01069527
v -0.01068697 -0.00300000 0.00173579
v -0.01432436 -0.00300000 0.01016762
v -0.01163044 -0.00300000 0.00149377
v -0.01148120 -0.00300000 0.00163985
v -0.01173679 -0.00300000 0.00131403
v -0.01318512 -0.00300000 0.00073618
v -0.01179299 -0.00300000 0.00111289
v -0.01129923 -0.00300000 0.00174233
v -0.01109693 -0.00300000 0.00179423
v -0.01088811 -0.00300000 0.00179199
v -0.01025866 -0.00300000 0.00129823
v -0.01020677 -0.00300000 0.00109593
v -0.00882301 -0.00300000 0.00068954
v -0.01020900 -0.00300000 0.00088711
v -0.00897758 -0.00300000 0.00013642
v -0.01026521 -0.00300000 0.00068597
v -0.00927004 -0.00300000 -0.00035786
v -0.01037156 -0.00300000 0.00050623
v -0.00968046 -0.00300000 -0.00075959
v -0.01052080 -0.00300000 0.00036015
v -0.01018087 -0.00300000 -0.00104142
v -0.01070277 -0.00300000 0.00025767
v -0.01073717 -0.00300000 -0.00118413
v -0.01090506 -0.00300000 0.00020577
v -0.01131146 -0.00300000 -0.00117799
v -0.01111389 -0.00300000 0.00020800
v -0.01186458 -0.00300000 -0.00102342
v -0.01131503 -0.00300000 0.00026421
v -0.01235886 -0.00300000 -0.00073096
v -0.01149477 -0.00300000 0.00037056
v -0.01276059 -0.00300000 -0.00032054
v -0.01164085 -0.00300000 0.00051980
v -0.01304242 -0.00300000 0.00017987
v -0.01174333 -0.00300000 0.00070177
v -0.01179523 -0.00300000 0.00090406
v -0.01290124 0.00110000 0.00338937
v -0.01247163 0.00110000 0.00344126
v -0.01290124 -0.00110000 0.00338937
v -0.01247163 -0.00110000 0.00344126
v -0.00972434 -0.00110000 0.00377311
v -0.01015395 -0.00110000 0.00372121
v -0.00972434 0.00110000 0.00377311
v -0.01015395 0.00110000 0.00372121
v -0.01332079 -0.00110000 0.00006804
v -0.01332079 -0.00270000 0.00006804
v -0.01300054 -0.00110000 -0.00050061
v -0.01300054 -0.00270000 -0.00050061
v -0.01254402 -0.00110000 -0.00096700
v -0.01254402 -0.00270000 -0.00096700
v -0.01198234 -0.00110000 -0.00129934
v -0.01198234 -0.00270000 -0.00129934
v -0.01135379 -0.00110000 -0.00147498
v -0.01135379 -0.00270000 -0.00147498
v -0.01070120 -0.00110000 -0.00148196
v -0.01070120 -0.00270000 -0.00148196
v -0.01006904 -0.00110000 -0.00131979
v -0.01006904 -0.00270000 -0.00131979
v -0.00950038 -0.00110000 -0.00099954
v -0.00950038 -0.00270000 -0.00099954
v -0.00903400 -0.00110000 -0.00054302
v -0.00903400 -0.00270000 -0.00054302
v -0.00870166 -0.00110000 0.00001866
v -0.00870166 -0.00270000 0.00001866
v -0.00852602 -0.00110000 0.00064721
v -0.00852602 -0.00270000 0.00064721
v -0.01322526 0.00100000 0.01239172
v -0.01280852 0.00100000 0.01219846
v -0.01235010 0.00100000 0.01216882
v -0.01191193 0.00100000 0.01230676
v -0.01197416 0.00100000 0.01454381
v -0.01241932 0.00100000 0.01465719
v -0.01214721 0.00100000 0.01588478
v -0.01279980 0.00100000 0.01589175
v -0.01287538 0.00100000 0.01460210
v -0.01343196 0.00100000 0.01572959
v -0.01400061 0.00100000 0.01540933
v -0.01328074 0.00100000 0.01438598
v -0.01446700 0.00100000 0.01495282
v -0.01358066 0.00100000 0.01403803
v -0.01479934 0.00100000 0.01439114
v -0.01497498 0.00100000 0.01376258
v -0.01373463 0.00100000 0.01360523
v -0.01372185 0.00100000 0.01314603
v -0.01354406 0.00100000 0.01272245
v -0.01155318 0.00100000 0.01259369
v -0.01132230 0.00100000 0.01299082
v -0.01125048 0.00100000 0.01344455
v -0.01018021 0.00100000 0.01434176
v -0.01134742 0.00100000 0.01389358
v -0.01050046 0.00100000 0.01491041
v -0.01160001 0.00100000 0.01427727
v -0.01095698 0.00100000 0.01537680
v -0.01151866 0.00100000 0.01570913
v -0.01018021 -0.00100000 0.01434176
v -0.01050046 -0.00100000 0.01491041
v -0.01095698 -0.00100000 0.01537680
v -0.01151866 -0.00100000 0.01570913
v -0.01214721 -0.00100000 0.01588478
v -0.01279980 -0.00100000 0.01589175
v -0.01343196 -0.00100000 0.01572959
v -0.01400061 -0.00100000 0.01540933
v -0.01446700 -0.00100000 0.01495282
v -0.01479934 -0.00100000 0.01439114
v -0.01497498 -0.00100000 0.01376258
v -0.01332079 0.00270000 0.00006804
v -0.01332079 0.00110000 0.00006804
v -0.01300054 0.00270000 -0.00050061
v -0.01300054 0.00110000 -0.00050061
v -0.01254402 0.00270000 -0.00096700
v -0.01254402 0.00110000 -0.00096700
v -0.01198234 0.00270000 -0.00129934
v -0.01198234 0.00110000 -0.00129934
v -0.01135379 0.00270000 -0.00147498
v -0.01135379 0.00110000 -0.00147498
v -0.01070120 0.00270000 -0.00148196
v -0.01070120 0.00110000 -0.00148196
v -0.01006904 0.00270000 -0.00131979
v -0.01006904 0.00110000 -0.00131979
v -0.00950038 0.00270000 -0.00099954
v -0.00950038 0.00110000 -0.00099954
v -0.00903400 0.00270000 -0.00054302
v -0.00903400 0.00110000 -0.00054302
v -0.00870166 0.00270000 0.00001866
v -0.00870166 0.00110000 0.00001866
v -0.00852602 0.00270000 0.00064721
v -0.00852602 0.00110000 0.00064721
v -0.01132230 -0.00100000 0.01299082
v -0.01155318 -0.00100000 0.01259369
v -0.01280852 -0.00100000 0.01219846
v -0.01235010 -0.00100000 0.01216882
v -0.01191193 -0.00100000 0.01230676
v -0.01241932 -0.00100000 0.01465719
v -0.01287538 -0.00100000 0.01460210
v -0.01328074 -0.00100000 0.01438598
v -0.01125048 -0.00100000 0.01344455
v -0.01134742 -0.00100000 0.01389358
v -0.01160001 -0.00100000 0.01427727
v -0.01358066 -0.00100000 0.01403803
v -0.01373463 -0.00100000 0.01360523
v -0.01372185 -0.00100000 0.01314603
v -0.01354406 -0.00100000 0.01272245
v -0.01322526 -0.00100000 0.01239172
v -0.01197416 -0.00100000 0.01454381
v -0.01062584 -0.00110000 0.00050012
v -0.01092605 -0.00110000 0.00037951
v -0.01042616 -0.00110000 0.00075466
v -0.01038051 -0.00110000 0.00107495
v -0.01050111 -0.00110000 0.00137515
v -0.01075566 -0.00110000 0.00157484
v -0.01150088 -0.00110000 0.00062485
v -0.01124633 -0.00110000 0.00042517
v -0.01162149 -0.00110000 0.00092505
v -0.01157583 -0.00110000 0.00124534
v -0.01137615 -0.00110000 0.00149988
v -0.01192775 -0.00110000 0.00369511
v -0.01107595 -0.00110000 0.00162049
v -0.01134277 -0.00110000 0.00382943
v -0.01074263 -0.00110000 0.00383827
v -0.01074263 0.00110000 0.00383827
v -0.01134277 0.00110000 0.00382943
v -0.01192775 0.00110000 0.00369511
v -0.01076801 -0.00282500 0.00042005
v -0.01062584 -0.00282500 0.00050012
v -0.01050925 -0.00282500 0.00061424
v -0.01042616 -0.00282500 0.00075466
v -0.01038225 -0.00282500 0.00091180
v -0.01038051 -0.00282500 0.00107495
v -0.01042105 -0.00282500 0.00123299
v -0.01050111 -0.00282500 0.00137515
v -0.01061524 -0.00282500 0.00149175
v -0.01075566 -0.00282500 0.00157484
v -0.01091280 -0.00282500 0.00161875
v -0.01107595 -0.00282500 0.00162049
v -0.01123399 -0.00282500 0.00157995
v -0.01137615 -0.00282500 0.00149988
v -0.01149275 -0.00282500 0.00138576
v -0.01157583 -0.00282500 0.00124534
v -0.01161974 -0.00282500 0.00108820
v -0.01162149 -0.00282500 0.00092505
v -0.01158095 -0.00282500 0.00076701
v -0.01150088 -0.00282500 0.00062485
v -0.01138675 -0.00282500 0.00050825
v -0.01124633 -0.00282500 0.00042517
v -0.01108920 -0.00282500 0.00038125
v -0.01092605 -0.00282500 0.00037951
v -0.01010513 0.00200000 -0.00026488
v -0.01056438 0.00200000 -0.00048723
v -0.01107094 0.00200000 -0.00054842
v -0.01156992 0.00200000 -0.00044181
v -0.01200725 0.00200000 -0.00017896
v -0.01233554 0.00200000 0.00021164
v -0.01251921 0.00200000 0.00068768
v -0.01253836 0.00200000 0.00119757
v -0.01239091 0.00200000 0.00168604
v -0.01209284 0.00200000 0.00210017
v -0.01167646 0.00200000 0.00239509
v -0.01118688 0.00200000 0.00253881
v -0.01067715 0.00200000 0.00251579
v -0.01020252 0.00200000 0.00232851
v -0.00981442 0.00200000 0.00199726
v -0.00955490 0.00200000 0.00155795
v -0.00945209 0.00200000 0.00105817
v -0.00951713 0.00200000 0.00055209
v -0.00974297 0.00200000 0.00009454
v -0.01375000 0.00130000 0.01340979
v -0.01375000 0.00250000 0.01340979
v -0.01358253 0.00130000 0.01403479
v -0.01358253 0.00250000 0.01403479
v -0.01312500 0.00130000 0.01449232
v -0.01312500 0.00250000 0.01449232
v -0.01250000 0.00130000 0.01465979
v -0.01250000 0.00250000 0.01465979
v -0.01187500 0.00130000 0.01449232
v -0.01187500 0.00250000 0.01449232
v -0.01141747 0.00130000 0.01403479
v -0.01141747 0.00250000 0.01403479
v -0.01125000 0.00130000 0.01340979
v -0.01125000 0.00250000 0.01340979
v -0.01141747 0.00130000 0.01278479
v -0.01141747 0.00250000 0.01278479
v -0.01187500 0.00130000 0.01232726
v -0.01187500 0.00250000 0.01232726
v -0.01250000 0.00130000 0.01215979
v -0.01250000 0.00250000 0.01215979
v -0.01312500 0.00130000 0.01232726
v -0.01312500 0.00250000 0.01232726
v -0.01358253 0.00130000 0.01278479
v -0.01358253 0.00250000 0.01278479
v -0.01500000 -0.00130000 0.01370980
v -0.01500000 -0.00350000 0.01370980
v -0.01500000 -0.00130000 0.01620980
v -0.01500000 -0.00350000 0.01620980
v -0.01000000 -0.00350000 0.01620980
v -0.01000000 -0.00350000 0.01370980
v -0.01000000 -0.00130000 0.01620980
v -0.01000000 -0.00130000 0.01370980
v -0.01787634 -0.00203898 0.01620980
v -0.01500000 0.00130000 0.01620980
v -0.01820808 -0.00069309 0.01620980
v -0.01820808 0.00069309 0.01620980
v -0.01631295 0.00430394 0.01620980
v -0.01500000 0.00350000 0.01620980
v -0.01723216 0.00326637 0.01620980
v -0.01787634 0.00203898 0.01620980
v -0.00712366 0.00203898 0.01620980
v -0.00679192 0.00069309 0.01620980
v -0.00679192 -0.00069309 0.01620980
v -0.00868704 -0.00430394 0.01620980
v -0.00776784 -0.00326637 0.01620980
v -0.00712366 -0.00203898 0.01620980
v -0.01000000 0.00130000 0.01620980
v -0.01517216 0.00509137 0.01620980
v -0.01387607 0.00558292 0.01620980
v -0.01000000 0.00350000 0.01620980
v -0.01250000 0.00575000 0.01620980
v -0.01112393 0.00558292 0.01620980
v -0.00982784 -0.00509137 0.01620980
v -0.01112393 -0.00558292 0.01620980
v -0.01250000 -0.00575000 0.01620980
v -0.01387607 -0.00558292 0.01620980
v -0.01517216 -0.00509137 0.01620980
v -0.01631295 -0.00430394 0.01620980
v -0.01723216 -0.00326637 0.01620980
v -0.00982784 0.00509137 0.01620980
v -0.00868704 0.00430394 0.01620980
v -0.00776784 0.00326637 0.01620980
v -0.01387607 -0.00558292 0.04370979
v -0.01517216 -0.00509137 0.04370979
v -0.01631295 -0.00430394 0.04370979
v -0.01723216 -0.00326637 0.04370979
v -0.01787634 -0.00203898 0.04370979
v -0.01820808 -0.00069309 0.04370979
v -0.01820808 0.00069309 0.04370979
v -0.01787634 0.00203898 0.04370979
v -0.01723216 0.00326637 0.04370979
v -0.01631295 0.00430394 0.04370979
v -0.01517216 0.00509137 0.04370979
v -0.01387607 0.00558292 0.04370979
v -0.01250000 0.00575000 0.04370979
v -0.01112393 0.00558292 0.04370979
v -0.00982784 0.00509137 0.04370979
v -0.00868704 0.00430394 0.04370979
v -0.00776784 0.00326637 0.04370979
v -0.00712366 0.00203898 0.04370979
v -0.00679192 0.00069309 0.04370979
v -0.00679192 -0.00069309 0.04370979
v -0.00712366 -0.00203898 0.04370979
v -0.00776784 -0.00326637 0.04370979
v -0.00868704 -0.00430394 0.04370979
v -0.00982784 -0.00509137 0.04370979
v -0.01112393 -0.00558292 0.04370979
v -0.01250000 -0.00575000 0.04370979
v -0.01250000 -0.00000000 0.04370979
v -0.01000000 0.00130000 0.01370980
v -0.01000000 0.00350000 0.01370980
v -0.01330000 -0.00350000 0.01340979
v -0.01319282 -0.00350000 0.01380979
v -0.01290000 -0.00350000 0.01410261
v -0.01250000 -0.00350000 0.01420979
v -0.01180718 -0.00350000 0.01300979
v -0.01012236 -0.00350000 0.01293725
v -0.01170000 -0.00350000 0.01340979
v -0.01180718 -0.00350000 0.01380979
v -0.01210000 -0.00350000 0.01410261
v -0.01210000 -0.00350000 0.01271697
v -0.01103054 -0.00350000 0.01168725
v -0.01047746 -0.00350000 0.01224033
v -0.01487764 -0.00350000 0.01293725
v -0.01319282 -0.00350000 0.01300979
v -0.01452254 -0.00350000 0.01224033
v -0.01396946 -0.00350000 0.01168725
v -0.01290000 -0.00350000 0.01271697
v -0.01327254 -0.00350000 0.01133215
v -0.01250000 -0.00350000 0.01260979
v -0.01250000 -0.00350000 0.01120979
v -0.01172746 -0.00350000 0.01133215
v -0.01500000 0.00350000 0.01370980
v -0.01500000 0.00130000 0.01370980
v -0.01095000 0.00350000 0.01340979
v -0.01110350 0.00350000 0.01408231
v -0.01215509 0.00350000 0.01189866
v -0.01250000 0.00350000 0.01120979
v -0.01284491 0.00350000 0.01189866
v -0.01327254 0.00350000 0.01133215
v -0.01346641 0.00350000 0.01219796
v -0.01396946 0.00350000 0.01168725
v -0.01389650 0.00350000 0.01273727
v -0.01153359 0.00350000 0.01462163
v -0.01215509 0.00350000 0.01492093
v -0.01284491 0.00350000 0.01492093
v -0.01012236 0.00350000 0.01293725
v -0.01110350 0.00350000 0.01273727
v -0.01047746 0.00350000 0.01224033
v -0.01153359 0.00350000 0.01219796
v -0.01103054 0.00350000 0.01168725
v -0.01172746 0.00350000 0.01133215
v -0.01346641 0.00350000 0.01462163
v -0.01389650 0.00350000 0.01408231
v -0.01405000 0.00350000 0.01340979
v -0.01487764 0.00350000 0.01293725
v -0.01452254 0.00350000 0.01224033
v -0.01012236 0.00130000 0.01293725
v -0.01047746 0.00130000 0.01224033
v -0.01396946 0.00130000 0.01168725
v -0.01327254 0.00130000 0.01133215
v -0.01250000 0.00130000 0.01120979
v -0.01172746 0.00130000 0.01133215
v -0.01103054 0.00130000 0.01168725
v -0.01487764 0.00130000 0.01293725
v -0.01452254 0.00130000 0.01224033
v -0.01396946 -0.00130000 0.01168725
v -0.01304127 -0.00130000 0.01309729
v -0.01281250 -0.00130000 0.01286853
v -0.01187500 -0.00130000 0.01340979
v -0.01195873 -0.00130000 0.01372229
v -0.01218750 -0.00130000 0.01395106
v -0.01250000 -0.00130000 0.01403479
v -0.01452254 -0.00130000 0.01224033
v -0.01487764 -0.00130000 0.01293725
v -0.01312500 -0.00130000 0.01340979
v -0.01304127 -0.00130000 0.01372229
v -0.01281250 -0.00130000 0.01395106
v -0.01195873 -0.00130000 0.01309729
v -0.01103054 -0.00130000 0.01168725
v -0.01218750 -0.00130000 0.01286853
v -0.01172746 -0.00130000 0.01133215
v -0.01250000 -0.00130000 0.01278479
v -0.01250000 -0.00130000 0.01120979
v -0.01327254 -0.00130000 0.01133215
v -0.01012236 -0.00130000 0.01293725
v -0.01047746 -0.00130000 0.01224033
v -0.01187500 -0.00332500 0.01340979
v -0.01195873 -0.00332500 0.01372229
v -0.01218750 -0.00332500 0.01395106
v -0.01250000 -0.00332500 0.01403479
v -0.01281250 -0.00332500 0.01395106
v -0.01304127 -0.00332500 0.01372229
v -0.01312500 -0.00332500 0.01340979
v -0.01304127 -0.00332500 0.01309729
v -0.01281250 -0.00332500 0.01286853
v -0.01250000 -0.00332500 0.01278479
v -0.01218750 -0.00332500 0.01286853
v -0.01195873 -0.00332500 0.01309729
v -0.01284491 0.00250000 0.01189866
v -0.01346641 0.00250000 0.01219796
v -0.01389650 0.00250000 0.01273727
v -0.01405000 0.00250000 0.01340979
v -0.01389650 0.00250000 0.01408231
v -0.01346641 0.00250000 0.01462163
v -0.01284491 0.00250000 0.01492093
v -0.01215509 0.00250000 0.01492093
v -0.01153359 0.00250000 0.01462163
v -0.01110350 0.00250000 0.01408231
v -0.01095000 0.00250000 0.01340979
v -0.01110350 0.00250000 0.01273727
v -0.01153359 0.00250000 0.01219796
v -0.01215509 0.00250000 0.01189866
v -0.00054718 0.00420000 0.04878864
v -0.00023525 0.00420000 0.04888009
v -0.00056183 0.00420000 0.04621768
v 0.00000098 0.00420000 0.04890000
v -0.00049288 0.00420000 0.04618963
v -0.00084241 0.00420000 0.04638181
v -0.00107757 0.00420000 0.04660622
v -0.00125465 0.00420000 0.04687882
v -0.00136408 0.00420000 0.04718491
v -0.00139998 0.00420000 0.04750798
v -0.00136040 0.00420000 0.04783062
v -0.00124749 0.00420000 0.04813544
v -0.00106732 0.00420000 0.04840600
v -0.00082961 0.00420000 0.04862772
v -0.00060196 0.00410000 0.04612608
v -0.00051107 0.00410000 0.04608975
v -0.00051107 0.00370000 0.04608975
v 0.00009575 0.00370000 0.04899694
v 0.00001917 0.00370000 0.04899988
v -0.00025205 0.00330000 0.04897867
v 0.00009575 0.00330000 0.04899694
v 0.00026889 0.00330000 0.04897571
v 0.00043839 0.00370000 0.04893451
v 0.00043839 0.00330000 0.04893451
v 0.00051107 0.00370000 0.04891025
v 0.00075739 0.00330000 0.04879475
v 0.00051107 0.00410000 0.04891025
v 0.00075739 0.00410000 0.04879475
v 0.00103556 0.00330000 0.04858518
v 0.00103556 0.00410000 0.04858518
v 0.00125791 0.00330000 0.04831711
v 0.00125791 0.00410000 0.04831711
v 0.00141244 0.00330000 0.04800499
v 0.00141244 0.00410000 0.04800499
v 0.00149083 0.00330000 0.04766565
v 0.00149083 0.00410000 0.04766565
v 0.00148884 0.00330000 0.04731738
v 0.00148884 0.00410000 0.04731738
v 0.00140659 0.00330000 0.04697895
v 0.00140659 0.00410000 0.04697895
v 0.00124851 0.00330000 0.04666861
v 0.00124851 0.00410000 0.04666861
v 0.00102313 0.00330000 0.04640310
v 0.00102313 0.00410000 0.04640310
v 0.00074259 0.00330000 0.04619671
v 0.00074259 0.00410000 0.04619671
v 0.00042201 0.00330000 0.04606059
v 0.00042201 0.00410000 0.04606059
v 0.00007868 0.00330000 0.04600207
v 0.00007868 0.00410000 0.04600207
v -0.00001917 0.00410000 0.04600012
v -0.00001917 0.00370000 0.04600012
v -0.00026889 0.00370000 0.04602430
v -0.00026889 0.00330000 0.04602430
v -0.00060196 0.00330000 0.04612608
v -0.00090258 0.00330000 0.04630194
v -0.00090258 0.00410000 0.04630194
v -0.00115454 0.00330000 0.04654238
v -0.00115454 0.00410000 0.04654238
v -0.00134426 0.00330000 0.04683445
v -0.00134426 0.00410000 0.04683445
v -0.00146151 0.00330000 0.04716240
v -0.00146151 0.00410000 0.04716240
v -0.00149998 0.00330000 0.04750855
v -0.00149998 0.00410000 0.04750855
v -0.00145757 0.00330000 0.04785424
v -0.00145757 0.00410000 0.04785424
v -0.00133659 0.00330000 0.04818083
v -0.00133659 0.00410000 0.04818083
v -0.00114355 0.00330000 0.04847071
v -0.00114355 0.00410000 0.04847071
v -0.00088887 0.00330000 0.04870827
v -0.00088887 0.00410000 0.04870827
v -0.00058626 0.00330000 0.04888069
v -0.00058626 0.00410000 0.04888069
v -0.00025205 0.00410000 0.04897867
v 0.00001917 0.00410000 0.04899988
v 0.00022407 0.00320000 0.04872975
v 0.00025096 0.00320000 0.04887732
v 0.00008937 0.00320000 0.04889715
v -0.00010185 0.00320000 0.04874585
v -0.00023525 0.00320000 0.04888009
v -0.00042083 0.00320000 0.04867703
v -0.00054718 0.00320000 0.04878864
v -0.00071112 0.00320000 0.04852801
v -0.00082961 0.00320000 0.04862772
v -0.00095296 0.00320000 0.04830893
v -0.00106732 0.00320000 0.04840600
v -0.00112986 0.00320000 0.04803472
v -0.00124749 0.00320000 0.04813544
v -0.00122975 0.00320000 0.04772407
v -0.00136040 0.00320000 0.04783062
v -0.00124584 0.00320000 0.04739815
v -0.00139998 0.00320000 0.04750798
v -0.00117703 0.00320000 0.04707918
v 0.00095296 0.00320000 0.04669107
v 0.00116528 0.00320000 0.04672404
v 0.00112986 0.00320000 0.04696528
v 0.00131282 0.00320000 0.04701369
v 0.00122975 0.00320000 0.04727593
v 0.00138958 0.00320000 0.04732955
v 0.00124584 0.00320000 0.04760185
v 0.00139144 0.00320000 0.04765461
v 0.00117703 0.00320000 0.04792082
v 0.00131828 0.00320000 0.04797132
v 0.00102801 0.00320000 0.04821113
v 0.00117405 0.00320000 0.04826263
v 0.00080893 0.00320000 0.04845297
v 0.00096652 0.00320000 0.04851283
v 0.00053472 0.00320000 0.04862986
v 0.00070690 0.00320000 0.04870843
v 0.00040916 0.00320000 0.04883888
v -0.00136408 0.00320000 0.04718491
v -0.00125465 0.00320000 0.04687882
v -0.00102801 0.00320000 0.04678888
v -0.00107757 0.00320000 0.04660622
v -0.00080893 0.00320000 0.04654704
v -0.00084241 0.00320000 0.04638181
v -0.00053472 0.00320000 0.04637014
v -0.00056183 0.00320000 0.04621768
v -0.00022407 0.00320000 0.04627025
v -0.00025096 0.00320000 0.04612268
v 0.00010185 0.00320000 0.04625416
v 0.00007344 0.00320000 0.04610193
v 0.00042083 0.00320000 0.04632297
v 0.00039388 0.00320000 0.04615655
v 0.00071112 0.00320000 0.04647199
v 0.00069308 0.00320000 0.04628360
v 0.00095492 0.00320000 0.04647622
v 0.00095492 0.00420000 0.04647622
v 0.00069308 0.00420000 0.04628360
v 0.00070690 0.00420000 0.04870843
v -0.00000098 0.00420000 0.04610000
v 0.00049288 0.00420000 0.04881037
v 0.00007344 0.00420000 0.04610193
v 0.00039388 0.00420000 0.04615655
v 0.00139144 0.00420000 0.04765461
v 0.00096652 0.00420000 0.04851283
v 0.00131828 0.00420000 0.04797132
v 0.00117405 0.00420000 0.04826263
v 0.00138958 0.00420000 0.04732955
v 0.00131282 0.00420000 0.04701369
v 0.00116528 0.00420000 0.04672404
v -0.00053472 -0.00180000 0.04637014
v -0.00080893 -0.00180000 0.04654704
v -0.00102801 -0.00180000 0.04678888
v -0.00117703 -0.00180000 0.04707918
v -0.00124584 -0.00180000 0.04739815
v -0.00122975 -0.00180000 0.04772407
v -0.00112986 -0.00180000 0.04803472
v -0.00095296 -0.00180000 0.04830893
v -0.00071112 -0.00180000 0.04852801
v -0.00042083 -0.00180000 0.04867703
v -0.00010185 -0.00180000 0.04874585
v 0.00022407 -0.00180000 0.04872975
v 0.00053472 -0.00180000 0.04862986
v 0.00080893 -0.00180000 0.04845297
v 0.00102801 -0.00180000 0.04821113
v 0.00117703 -0.00180000 0.04792082
v 0.00124584 -0.00180000 0.04760185
v 0.00122975 -0.00180000 0.04727593
v 0.00112986 -0.00180000 0.04696528
v 0.00095296 -0.00180000 0.04669107
v 0.00071112 -0.00180000 0.04647199
v 0.00042083 -0.00180000 0.04632297
v 0.00010185 -0.00180000 0.04625416
v -0.00022407 -0.00180000 0.04627025
v -0.00072102 -0.00180000 0.04715341
v -0.00057863 -0.00180000 0.04694756
v -0.00037960 -0.00180000 0.04679579
v -0.00014341 -0.00180000 0.04671296
v 0.00010682 -0.00180000 0.04670717
v 0.00034659 -0.00180000 0.04677898
v 0.00055244 -0.00180000 0.04692137
v 0.00070421 -0.00180000 0.04712041
v 0.00078704 -0.00180000 0.04735660
v 0.00079284 -0.00180000 0.04760683
v 0.00072102 -0.00180000 0.04784659
v -0.00034659 -0.00180000 0.04822102
v -0.00055244 -0.00180000 0.04807863
v -0.00070421 -0.00180000 0.04787960
v -0.00078704 -0.00180000 0.04764341
v -0.00079284 -0.00180000 0.04739318
v 0.00057863 -0.00180000 0.04805244
v 0.00037960 -0.00180000 0.04820421
v 0.00014341 -0.00180000 0.04828704
v -0.00010682 -0.00180000 0.04829284
v -0.00037960 -0.00361050 0.04679579
v -0.00057863 -0.00361050 0.04694756
v -0.00072102 -0.00361050 0.04715341
v -0.00079284 -0.00361050 0.04739318
v -0.00078704 -0.00361050 0.04764341
v -0.00070421 -0.00361050 0.04787960
v -0.00055244 -0.00361050 0.04807863
v -0.00034659 -0.00361050 0.04822102
v -0.00010682 -0.00361050 0.04829284
v 0.00014341 -0.00361050 0.04828704
v 0.00037960 -0.00361050 0.04820421
v 0.00057863 -0.00361050 0.04805244
v 0.00072102 -0.00361050 0.04784659
v 0.00079284 -0.00361050 0.04760683
v 0.00078704 -0.00361050 0.04735660
v 0.00070421 -0.00361050 0.04712041
v 0.00055244 -0.00361050 0.04692137
v 0.00034659 -0.00361050 0.04677898
v 0.00010682 -0.00361050 0.04670717
v -0.00014341 -0.00361050 0.04671296
v -0.00028968 -0.00380000 0.04696260
v -0.00044157 -0.00380000 0.04707842
v -0.00055023 -0.00380000 0.04723550
v -0.00060503 -0.00380000 0.04741848
v -0.00060061 -0.00380000 0.04760943
v -0.00053740 -0.00380000 0.04778968
v -0.00042158 -0.00380000 0.04794157
v -0.00026449 -0.00380000 0.04805023
v -0.00008152 -0.00380000 0.04810503
v 0.00010944 -0.00380000 0.04810061
v 0.00028968 -0.00380000 0.04803739
v 0.00044157 -0.00380000 0.04792158
v 0.00055023 -0.00380000 0.04776450
v 0.00060503 -0.00380000 0.04758152
v 0.00060061 -0.00380000 0.04739057
v 0.00053740 -0.00380000 0.04721032
v 0.00042158 -0.00380000 0.04705843
v 0.00026449 -0.00380000 0.04694977
v 0.00008152 -0.00380000 0.04689497
v -0.00010944 -0.00380000 0.04689939
v 0.00000000 -0.00380000 0.04750000
v -0.01144990 0.00350000 0.01248390
v -0.01315777 0.00350000 0.01464565
v -0.01140943 0.00350000 0.01253193
v -0.01310168 0.00350000 0.01467391
v -0.01280530 0.00350000 0.01477610
v -0.01249362 0.00350000 0.01480978
v -0.01218225 0.00350000 0.01477326
v -0.01188682 0.00350000 0.01466837
v -0.01162213 0.00350000 0.01450036
v -0.01140147 0.00350000 0.01427768
v -0.01124143 0.00350000 0.01279661
v -0.01123589 0.00350000 0.01401147
v -0.01113370 0.00350000 0.01371509
v -0.01110001 0.00350000 0.01340341
v -0.01113654 0.00350000 0.01309205
v -0.01314466 0.00340000 0.01476420
v -0.01322071 0.00340000 0.01472531
v -0.01322071 0.00300000 0.01472531
v -0.01185534 0.00340000 0.01205539
v -0.01177929 0.00340000 0.01209428
v -0.01177929 0.00300000 0.01209428
v -0.01138696 0.00300000 0.01240424
v -0.01133153 0.00260000 0.01246922
v -0.01157012 0.00300000 0.01223279
v -0.01157012 0.00260000 0.01223279
v -0.01185534 0.00260000 0.01205539
v -0.01217289 0.00260000 0.01194589
v -0.01217289 0.00340000 0.01194589
v -0.01250684 0.00260000 0.01190981
v -0.01250684 0.00340000 0.01190981
v -0.01284045 0.00260000 0.01194894
v -0.01284045 0.00340000 0.01194894
v -0.01315698 0.00260000 0.01206132
v -0.01315698 0.00340000 0.01206132
v -0.01344057 0.00260000 0.01224133
v -0.01344057 0.00340000 0.01224133
v -0.01367700 0.00260000 0.01247992
v -0.01367700 0.00340000 0.01247992
v -0.01385441 0.00260000 0.01276514
v -0.01385441 0.00340000 0.01276514
v -0.01396390 0.00260000 0.01308268
v -0.01396390 0.00340000 0.01308268
v -0.01399998 0.00260000 0.01341663
v -0.01399998 0.00340000 0.01341663
v -0.01396086 0.00260000 0.01375024
v -0.01396086 0.00340000 0.01375024
v -0.01384847 0.00260000 0.01406678
v -0.01384847 0.00340000 0.01406678
v -0.01366847 0.00260000 0.01435037
v -0.01366847 0.00340000 0.01435037
v -0.01361304 0.00340000 0.01441535
v -0.01361304 0.00300000 0.01441535
v -0.01342988 0.00300000 0.01458679
v -0.01342988 0.00260000 0.01458679
v -0.01314466 0.00260000 0.01476420
v -0.01282711 0.00260000 0.01487369
v -0.01282711 0.00340000 0.01487369
v -0.01249316 0.00260000 0.01490978
v -0.01249316 0.00340000 0.01490978
v -0.01215956 0.00260000 0.01487065
v -0.01215956 0.00340000 0.01487065
v -0.01184302 0.00260000 0.01475827
v -0.01184302 0.00340000 0.01475827
v -0.01155943 0.00260000 0.01457827
v -0.01155943 0.00340000 0.01457827
v -0.01132300 0.00260000 0.01433967
v -0.01132300 0.00340000 0.01433967
v -0.01114559 0.00260000 0.01405445
v -0.01114559 0.00340000 0.01405445
v -0.01103610 0.00260000 0.01373690
v -0.01103610 0.00340000 0.01373690
v -0.01100002 0.00260000 0.01340295
v -0.01100002 0.00340000 0.01340295
v -0.01103915 0.00260000 0.01306935
v -0.01103915 0.00340000 0.01306935
v -0.01115153 0.00260000 0.01275282
v -0.01115153 0.00340000 0.01275282
v -0.01133153 0.00340000 0.01246922
v -0.01138696 0.00340000 0.01240424
v -0.01338028 0.00250000 0.01252232
v -0.01337787 0.00250000 0.01231922
v -0.01314231 0.00250000 0.01233745
v -0.01311318 0.00250000 0.01215122
v -0.01286702 0.00250000 0.01221489
v -0.01281775 0.00250000 0.01204633
v -0.01257039 0.00250000 0.01216178
v -0.01250638 0.00250000 0.01200981
v -0.01226968 0.00250000 0.01218120
v -0.01219470 0.00250000 0.01204349
v -0.01198235 0.00250000 0.01227201
v -0.01189832 0.00250000 0.01214568
v -0.01172510 0.00250000 0.01242896
v -0.01163211 0.00250000 0.01231126
v -0.01151289 0.00250000 0.01264291
v -0.01140943 0.00250000 0.01253193
v -0.01135805 0.00250000 0.01290142
v -0.01124143 0.00250000 0.01279661
v -0.01126957 0.00250000 0.01318949
v -0.01113654 0.00250000 0.01309205
v -0.01125260 0.00250000 0.01349035
v -0.01110001 0.00250000 0.01340341
v -0.01130812 0.00250000 0.01378653
v -0.01113370 0.00250000 0.01371509
v -0.01143292 0.00250000 0.01406082
v -0.01123589 0.00250000 0.01401147
v -0.01161972 0.00250000 0.01429727
v -0.01140147 0.00250000 0.01427768
v -0.01162213 0.00250000 0.01450036
v -0.01185769 0.00250000 0.01448215
v -0.01188682 0.00250000 0.01466837
v -0.01213298 0.00250000 0.01460470
v -0.01218225 0.00250000 0.01477326
v -0.01242961 0.00250000 0.01465781
v -0.01249362 0.00250000 0.01480978
v -0.01273032 0.00250000 0.01463839
v -0.01280530 0.00250000 0.01477610
v -0.01301765 0.00250000 0.01454757
v -0.01310168 0.00250000 0.01467391
v -0.01327490 0.00250000 0.01439062
v -0.01336789 0.00250000 0.01450833
v -0.01348711 0.00250000 0.01417668
v -0.01359057 0.00250000 0.01428766
v -0.01364195 0.00250000 0.01391817
v -0.01375857 0.00250000 0.01402298
v -0.01373043 0.00250000 0.01363011
v -0.01386346 0.00250000 0.01372754
v -0.01374740 0.00250000 0.01332924
v -0.01389999 0.00250000 0.01341618
v -0.01369188 0.00250000 0.01303306
v -0.01386631 0.00250000 0.01310449
v -0.01356709 0.00250000 0.01275877
v -0.01376411 0.00250000 0.01280811
v -0.01359853 0.00250000 0.01254191
v -0.01355010 0.00350000 0.01433569
v -0.01184223 0.00350000 0.01217394
v -0.01359057 0.00350000 0.01428766
v -0.01189832 0.00350000 0.01214568
v -0.01375857 0.00350000 0.01402298
v -0.01386346 0.00350000 0.01372754
v -0.01219470 0.00350000 0.01204349
v -0.01311318 0.00350000 0.01215122
v -0.01250638 0.00350000 0.01200981
v -0.01281775 0.00350000 0.01204633
v -0.01337787 0.00350000 0.01231922
v -0.01359853 0.00350000 0.01254191
v -0.01376411 0.00350000 0.01280811
v -0.01386631 0.00350000 0.01310449
v -0.01389999 0.00350000 0.01341618
v -0.01301765 -0.00150000 0.01454757
v -0.01273032 -0.00150000 0.01463839
v -0.01242961 -0.00150000 0.01465781
v -0.01213298 -0.00150000 0.01460470
v -0.01185769 -0.00150000 0.01448215
v -0.01161972 -0.00150000 0.01429727
v -0.01143292 -0.00150000 0.01406082
v -0.01130812 -0.00150000 0.01378653
v -0.01125260 -0.00150000 0.01349035
v -0.01126957 -0.00150000 0.01318949
v -0.01135805 -0.00150000 0.01290142
v -0.01151289 -0.00150000 0.01264291
v -0.01172510 -0.00150000 0.01242896
v -0.01198235 -0.00150000 0.01227201
v -0.01226968 -0.00150000 0.01218120
v -0.01257039 -0.00150000 0.01216178
v -0.01286702 -0.00150000 0.01221489
v -0.01314231 -0.00150000 0.01233745
v -0.01338028 -0.00150000 0.01252232
v -0.01356709 -0.00150000 0.01275877
v -0.01369188 -0.00150000 0.01303306
v -0.01374740 -0.00150000 0.01332924
v -0.01373043 -0.00150000 0.01363011
v -0.01364195 -0.00150000 0.01391817
v -0.01348711 -0.00150000 0.01417668
v -0.01327490 -0.00150000 0.01439062
v -0.01170840 -0.00150000 0.01352542
v -0.01177765 -0.00150000 0.01375361
v -0.01191108 -0.00150000 0.01395126
v -0.01209685 -0.00150000 0.01410078
v -0.01231843 -0.00150000 0.01418891
v -0.01255615 -0.00150000 0.01420782
v -0.01278888 -0.00150000 0.01415582
v -0.01299594 -0.00150000 0.01403753
v -0.01315893 -0.00150000 0.01386346
v -0.01326338 -0.00150000 0.01364908
v -0.01300164 -0.00150000 0.01278661
v -0.01279567 -0.00150000 0.01266643
v -0.01256342 -0.00150000 0.01261231
v -0.01232554 -0.00150000 0.01262905
v -0.01210316 -0.00150000 0.01271516
v -0.01200407 -0.00150000 0.01278206
v -0.01191605 -0.00150000 0.01286299
v -0.01178082 -0.00150000 0.01305941
v -0.01170949 -0.00150000 0.01328695
v -0.01329999 -0.00150000 0.01341344
v -0.01326553 -0.00150000 0.01317748
v -0.01316304 -0.00150000 0.01296215
v -0.01191605 -0.00331050 0.01286299
v -0.01178082 -0.00331050 0.01305941
v -0.01170949 -0.00331050 0.01328695
v -0.01170840 -0.00331050 0.01352542
v -0.01177765 -0.00331050 0.01375361
v -0.01191108 -0.00331050 0.01395126
v -0.01209685 -0.00331050 0.01410078
v -0.01231843 -0.00331050 0.01418891
v -0.01255615 -0.00331050 0.01420782
v -0.01278888 -0.00331050 0.01415582
v -0.01299594 -0.00331050 0.01403753
v -0.01315893 -0.00331050 0.01386346
v -0.01326338 -0.00331050 0.01364908
v -0.01329999 -0.00331050 0.01341344
v -0.01326553 -0.00331050 0.01317748
v -0.01316304 -0.00331050 0.01296215
v -0.01300164 -0.00331050 0.01278661
v -0.01279567 -0.00331050 0.01266643
v -0.01256342 -0.00331050 0.01261231
v -0.01232554 -0.00331050 0.01262905
v -0.01210316 -0.00331050 0.01271516
v -0.01272045 -0.00350000 0.01397911
v -0.01254285 -0.00350000 0.01401879
v -0.01236144 -0.00350000 0.01400436
v -0.01219234 -0.00350000 0.01393711
v -0.01205058 -0.00350000 0.01382299
v -0.01194876 -0.00350000 0.01367217
v -0.01189591 -0.00350000 0.01349803
v -0.01189674 -0.00350000 0.01331605
v -0.01195117 -0.00350000 0.01314241
v -0.01205437 -0.00350000 0.01299252
v -0.01219716 -0.00350000 0.01287970
v -0.01236687 -0.00350000 0.01281398
v -0.01254840 -0.00350000 0.01280121
v -0.01272563 -0.00350000 0.01284252
v -0.01288281 -0.00350000 0.01293423
v -0.01300598 -0.00350000 0.01306819
v -0.01308419 -0.00350000 0.01323251
v -0.01311049 -0.00350000 0.01341258
v -0.01308255 -0.00350000 0.01359240
v -0.01300285 -0.00350000 0.01375600
v -0.01287846 -0.00350000 0.01388883
v -0.01250000 -0.00350000 0.01340979
v -0.01100003 0.00300000 0.00240000
v -0.01149387 0.00300000 -0.00031037
v -0.01104189 0.00300000 0.00239940
v -0.01153283 0.00300000 -0.00029505
v -0.01133195 0.00300000 0.00236032
v -0.01160754 0.00300000 0.00226179
v -0.01179046 0.00300000 -0.00015618
v -0.01201359 0.00300000 0.00003323
v -0.01234455 0.00300000 0.00139355
v -0.01223336 0.00300000 0.00166429
v -0.01206832 0.00300000 0.00190600
v -0.01219247 0.00300000 0.00026489
v -0.01231927 0.00300000 0.00052867
v -0.01238846 0.00300000 0.00081305
v -0.01239701 0.00300000 0.00110561
v -0.01185663 0.00300000 0.00210810
v -0.01157082 0.00290000 -0.00038755
v -0.01151207 0.00290000 -0.00041025
v -0.01151207 0.00250000 -0.00041025
v -0.01043118 0.00290000 0.00238755
v -0.01048993 0.00290000 0.00241025
v -0.01048993 0.00250000 0.00241025
v -0.01098183 0.00250000 0.00249988
v -0.01104481 0.00210000 0.00249936
v -0.01073212 0.00250000 0.00247570
v -0.01073212 0.00210000 0.00247570
v -0.01043118 0.00210000 0.00238755
v -0.01015514 0.00210000 0.00223876
v -0.01015514 0.00290000 0.00223876
v -0.00991607 0.00210000 0.00203583
v -0.00991607 0.00290000 0.00203583
v -0.00972442 0.00210000 0.00178762
v -0.00972442 0.00290000 0.00178762
v -0.00958856 0.00210000 0.00150500
v -0.00958856 0.00290000 0.00150500
v -0.00951443 0.00210000 0.00120030
v -0.00951443 0.00290000 0.00120030
v -0.00950527 0.00210000 0.00088685
v -0.00950527 0.00290000 0.00088685
v -0.00956148 0.00210000 0.00057834
v -0.00956148 0.00290000 0.00057834
v -0.00968061 0.00210000 0.00028826
v -0.00968061 0.00290000 0.00028826
v -0.00985744 0.00210000 0.00002929
v -0.00985744 0.00290000 0.00002929
v -0.01008425 0.00210000 -0.00018726
v -0.01008425 0.00290000 -0.00018726
v -0.01035113 0.00210000 -0.00035191
v -0.01035113 0.00290000 -0.00035191
v -0.01064641 0.00210000 -0.00045749
v -0.01064641 0.00290000 -0.00045749
v -0.01095719 0.00210000 -0.00049936
v -0.01095719 0.00290000 -0.00049936
v -0.01102017 0.00290000 -0.00049988
v -0.01102017 0.00250000 -0.00049988
v -0.01126988 0.00250000 -0.00047571
v -0.01126988 0.00210000 -0.00047571
v -0.01157082 0.00210000 -0.00038755
v -0.01184685 0.00210000 -0.00023876
v -0.01184685 0.00290000 -0.00023876
v -0.01208592 0.00210000 -0.00003583
v -0.01208592 0.00290000 -0.00003583
v -0.01227758 0.00210000 0.00021238
v -0.01227758 0.00290000 0.00021238
v -0.01241344 0.00210000 0.00049500
v -0.01241344 0.00290000 0.00049500
v -0.01248757 0.00210000 0.00079970
v -0.01248757 0.00290000 0.00079970
v -0.01249672 0.00210000 0.00111315
v -0.01249672 0.00290000 0.00111315
v -0.01244051 0.00210000 0.00142166
v -0.01244051 0.00290000 0.00142166
v -0.01232139 0.00210000 0.00171174
v -0.01232139 0.00290000 0.00171174
v -0.01214456 0.00210000 0.00197071
v -0.01214456 0.00290000 0.00197071
v -0.01191775 0.00210000 0.00218725
v -0.01191775 0.00290000 0.00218725
v -0.01165087 0.00210000 0.00235191
v -0.01165087 0.00290000 0.00235191
v -0.01135559 0.00210000 0.00245749
v -0.01135559 0.00290000 0.00245749
v -0.01104481 0.00290000 0.00249936
v -0.01098183 0.00290000 0.00249988
v -0.00996057 0.00200000 0.00030718
v -0.00976863 0.00200000 0.00033571
v -0.00982884 0.00200000 0.00056579
v -0.00965745 0.00200000 0.00060645
v -0.00976030 0.00200000 0.00084782
v -0.00960499 0.00200000 0.00089439
v -0.00975864 0.00200000 0.00113805
v -0.00961354 0.00200000 0.00118695
v -0.00982397 0.00200000 0.00142083
v -0.00968272 0.00200000 0.00147133
v -0.00995275 0.00200000 0.00168093
v -0.00980953 0.00200000 0.00173512
v -0.01013803 0.00200000 0.00190432
v -0.00998840 0.00200000 0.00196677
v -0.01036985 0.00200000 0.00207896
v -0.01021153 0.00200000 0.00215617
v -0.01063568 0.00200000 0.00219543
v -0.01046917 0.00200000 0.00229505
v -0.01077693 0.00200000 0.00222975
v -0.01075005 0.00200000 0.00237732
v -0.01092121 0.00200000 0.00224745
v -0.01104189 0.00200000 0.00239940
v -0.01121105 0.00200000 0.00223223
v -0.01133195 0.00200000 0.00236032
v -0.01148956 0.00200000 0.00215057
v -0.01160754 0.00200000 0.00226179
v -0.01174173 0.00200000 0.00200689
v -0.01185663 0.00200000 0.00210810
v -0.01195396 0.00200000 0.00180892
v -0.01206832 0.00200000 0.00190600
v -0.01211483 0.00200000 0.00156735
v -0.01223336 0.00200000 0.00166429
v -0.01221564 0.00200000 0.00129519
v -0.01234455 0.00200000 0.00139355
v -0.01225098 0.00200000 0.00100712
v -0.01239701 0.00200000 0.00110561
v -0.01221893 0.00200000 0.00071866
v -0.01238846 0.00200000 0.00081305
v -0.01231927 0.00200000 0.00052867
v -0.01212122 0.00200000 0.00044537
v -0.01219247 0.00200000 0.00026489
v -0.01196311 0.00200000 0.00020198
v -0.01201359 0.00200000 0.00003323
v -0.01175314 0.00200000 0.00000161
v -0.01179046 0.00200000 -0.00015618
v -0.01150263 0.00200000 -0.00014493
v -0.01153283 0.00200000 -0.00029505
v -0.01122506 0.00200000 -0.00022975
v -0.01125195 0.00200000 -0.00037732
v -0.01093542 0.00200000 -0.00024828
v -0.01096011 0.00200000 -0.00039940
v -0.01064932 0.00200000 -0.00019951
v -0.01067005 0.00200000 -0.00036032
v -0.01038217 0.00200000 -0.00008607
v -0.01039445 0.00200000 -0.00026178
v -0.01014839 0.00200000 0.00008592
v -0.01014537 0.00200000 -0.00010811
v -0.00993368 0.00200000 0.00009401
v -0.01100197 0.00300000 -0.00040000
v -0.01050813 0.00300000 0.00231037
v -0.01096011 0.00300000 -0.00039940
v -0.01046917 0.00300000 0.00229505
v -0.01021153 0.00300000 0.00215617
v -0.01039445 0.00300000 -0.00026178
v -0.01067005 0.00300000 -0.00036032
v -0.00998840 0.00300000 0.00196677
v -0.00980953 0.00300000 0.00173512
v -0.00968272 0.00300000 0.00147133
v -0.00961354 0.00300000 0.00118695
v -0.00960499 0.00300000 0.00089439
v -0.00965745 0.00300000 0.00060645
v -0.00976863 0.00300000 0.00033571
v -0.00993368 0.00300000 0.00009401
v -0.01014537 0.00300000 -0.00010811
v -0.01092121 -0.00100000 0.00224745
v -0.01077693 -0.00100000 0.00222975
v -0.01063568 -0.00100000 0.00219543
v -0.01036985 -0.00100000 0.00207896
v -0.01013803 -0.00100000 0.00190432
v -0.00995275 -0.00100000 0.00168093
v -0.00982397 -0.00100000 0.00142083
v -0.00975864 -0.00100000 0.00113805
v -0.00976030 -0.00100000 0.00084782
v -0.00982884 -0.00100000 0.00056579
v -0.00996057 -0.00100000 0.00030718
v -0.01014839 -0.00100000 0.00008592
v -0.01038217 -0.00100000 -0.00008607
v -0.01064932 -0.00100000 -0.00019951
v -0.01093542 -0.00100000 -0.00024828
v -0.01122506 -0.00100000 -0.00022975
v -0.01150263 -0.00100000 -0.00014493
v -0.01175314 -0.00100000 0.00000161
v -0.01196311 -0.00100000 0.00020198
v -0.01212122 -0.00100000 0.00044537
v -0.01221893 -0.00100000 0.00071866
v -0.01225098 -0.00100000 0.00100712
v -0.01221564 -0.00100000 0.00129519
v -0.01211483 -0.00100000 0.00156735
v -0.01195396 -0.00100000 0.00180892
v -0.01174173 -0.00100000 0.00200689
v -0.01148956 -0.00100000 0.00215057
v -0.01121105 -0.00100000 0.00223223
v -0.01165735 -0.00100000 0.00145739
v -0.01175962 -0.00100000 0.00125395
v -0.01180044 -0.00100000 0.00102993
v -0.01177649 -0.00100000 0.00080349
v -0.01168971 -0.00100000 0.00059297
v -0.01085760 -0.00100000 0.00178704
v -0.01108514 -0.00100000 0.00179556
v -0.01130587 -0.00100000 0.00173963
v -0.01150190 -0.00100000 0.00162378
v -0.01154714 -0.00100000 0.00041542
v -0.01136033 -0.00100000 0.00028524
v -0.01114440 -0.00100000 0.00021296
v -0.01091686 -0.00100000 0.00020444
v -0.01069613 -0.00100000 0.00026037
v -0.01064167 -0.00100000 0.00171476
v -0.01020156 -0.00100000 0.00097006
v -0.01022551 -0.00100000 0.00119651
v -0.01031228 -0.00100000 0.00140703
v -0.01045485 -0.00100000 0.00158457
v -0.01050010 -0.00100000 0.00037622
v -0.01034465 -0.00100000 0.00054261
v -0.01024238 -0.00100000 0.00074605
v -0.01136033 -0.00281050 0.00028524
v -0.01154714 -0.00281050 0.00041542
v -0.01168971 -0.00281050 0.00059297
v -0.01177649 -0.00281050 0.00080349
v -0.01180044 -0.00281050 0.00102993
v -0.01175962 -0.00281050 0.00125395
v -0.01165735 -0.00281050 0.00145739
v -0.01150190 -0.00281050 0.00162378
v -0.01130587 -0.00281050 0.00173963
v -0.01108514 -0.00281050 0.00179556
v -0.01085760 -0.00281050 0.00178704
v -0.01064167 -0.00281050 0.00171476
v -0.01045485 -0.00281050 0.00158457
v -0.01031228 -0.00281050 0.00140703
v -0.01022551 -0.00281050 0.00119651
v -0.01020156 -0.00281050 0.00097006
v -0.01024238 -0.00281050 0.00074605
v -0.01034465 -0.00281050 0.00054261
v -0.01050010 -0.00281050 0.00037622
v -0.01069613 -0.00281050 0.00026037
v -0.01091686 -0.00281050 0.00020444
v -0.01114440 -0.00281050 0.00021296
v -0.01127521 -0.00300000 0.00045455
v -0.01141778 -0.00300000 0.00055390
v -0.01152657 -0.00300000 0.00068939
v -0.01159280 -0.00300000 0.00085004
v -0.01161107 -0.00300000 0.00102284
v -0.01157992 -0.00300000 0.00119379
v -0.01150187 -0.00300000 0.00134905
v -0.01138325 -0.00300000 0.00147602
v -0.01123365 -0.00300000 0.00156443
v -0.01106521 -0.00300000 0.00160712
v -0.01089157 -0.00300000 0.00160061
v -0.01072679 -0.00300000 0.00154545
v -0.01058422 -0.00300000 0.00144610
v -0.01047542 -0.00300000 0.00131061
v -0.01040920 -0.00300000 0.00114996
v -0.01039093 -0.00300000 0.00097716
v -0.01042207 -0.00300000 0.00080620
v -0.01050012 -0.00300000 0.00065095
v -0.01061875 -0.00300000 0.00052398
v -0.01076834 -0.00300000 0.00043557
v -0.01093679 -0.00300000 0.00039289
v -0.01111043 -0.00300000 0.00039939
v -0.01100100 -0.00300000 0.00100000
v -0.00945786 0.00300000 0.04989934
v -0.00941604 0.00300000 0.04989742
v -0.01007159 0.00300000 0.04722156
v -0.01010957 0.00300000 0.04723919
v -0.01035840 0.00300000 0.04739327
v -0.01056977 0.00300000 0.04759572
v -0.01073443 0.00300000 0.04783769
v -0.01084518 0.00300000 0.04810861
v -0.00974974 0.00300000 0.04987773
v -0.01003075 0.00300000 0.04979590
v -0.01088816 0.00300000 0.04868917
v -0.01081852 0.00300000 0.04897344
v -0.01028861 0.00300000 0.04965744
v -0.01069129 0.00300000 0.04923703
v -0.01051204 0.00300000 0.04946840
v -0.01089718 0.00300000 0.04839663
v -0.01015303 0.00290000 0.04714913
v -0.01009575 0.00290000 0.04712295
v -0.01009575 0.00250000 0.04712295
v -0.00884896 0.00290000 0.04985087
v -0.00890625 0.00290000 0.04987705
v -0.00890625 0.00250000 0.04987705
v -0.00939188 0.00250000 0.04999603
v -0.00945478 0.00210000 0.04999929
v -0.00914407 0.00250000 0.04995692
v -0.00914407 0.00210000 0.04995692
v -0.00884896 0.00210000 0.04985087
v -0.00858235 0.00210000 0.04968578
v -0.00858235 0.00290000 0.04968578
v -0.00835589 0.00210000 0.04946887
v -0.00835589 0.00290000 0.04946887
v -0.00817947 0.00210000 0.04920962
v -0.00817947 0.00290000 0.04920962
v -0.00806081 0.00210000 0.04891935
v -0.00806081 0.00290000 0.04891935
v -0.00800509 0.00210000 0.04861075
v -0.00800509 0.00290000 0.04861075
v -0.00801476 0.00210000 0.04829732
v -0.00801476 0.00290000 0.04829732
v -0.00808937 0.00210000 0.04799274
v -0.00808937 0.00290000 0.04799274
v -0.00822568 0.00210000 0.04771033
v -0.00822568 0.00290000 0.04771033
v -0.00841773 0.00210000 0.04746243
v -0.00841773 0.00290000 0.04746243
v -0.00865713 0.00210000 0.04725989
v -0.00865713 0.00290000 0.04725989
v -0.00893340 0.00210000 0.04711153
v -0.00893340 0.00290000 0.04711153
v -0.00923449 0.00210000 0.04702387
v -0.00923449 0.00290000 0.04702387
v -0.00954721 0.00210000 0.04700071
v -0.00954721 0.00290000 0.04700071
v -0.00961011 0.00290000 0.04700398
v -0.00961011 0.00250000 0.04700398
v -0.00985792 0.00250000 0.04704309
v -0.00985792 0.00210000 0.04704309
v -0.01015303 0.00210000 0.04714913
v -0.01041965 0.00210000 0.04731422
v -0.01041965 0.00290000 0.04731422
v -0.01064611 0.00210000 0.04753113
v -0.01064611 0.00290000 0.04753113
v -0.01082253 0.00210000 0.04779038
v -0.01082253 0.00290000 0.04779038
v -0.01094119 0.00210000 0.04808065
v -0.01094119 0.00290000 0.04808065
v -0.01099690 0.00210000 0.04838925
v -0.01099690 0.00290000 0.04838925
v -0.01098724 0.00210000 0.04870268
v -0.01098724 0.00290000 0.04870268
v -0.01091263 0.00210000 0.04900726
v -0.01091263 0.00290000 0.04900726
v -0.01077631 0.00210000 0.04928967
v -0.01077631 0.00290000 0.04928967
v -0.01058426 0.00210000 0.04953756
v -0.01058426 0.00290000 0.04953756
v -0.01034487 0.00210000 0.04974011
v -0.01034487 0.00290000 0.04974011
v -0.01006859 0.00210000 0.04988847
v -0.01006859 0.00290000 0.04988847
v -0.00976751 0.00210000 0.04997613
v -0.00976751 0.00290000 0.04997613
v -0.00945478 0.00290000 0.04999929
v -0.00939188 0.00290000 0.04999603
v -0.01065247 0.00200000 0.04801358
v -0.01073443 0.00200000 0.04783769
v -0.01050926 0.00200000 0.04776113
v -0.01056977 0.00200000 0.04759572
v -0.01031168 0.00200000 0.04754853
v -0.01035840 0.00200000 0.04739327
v -0.01007041 0.00200000 0.04738723
v -0.01010957 0.00200000 0.04723919
v -0.00979844 0.00200000 0.04728591
v -0.00983413 0.00200000 0.04714021
v -0.00951043 0.00200000 0.04725004
v -0.00954413 0.00200000 0.04710066
v -0.00922191 0.00200000 0.04728156
v -0.00925225 0.00200000 0.04712228
v -0.00894844 0.00200000 0.04737876
v -0.00897124 0.00200000 0.04720410
v -0.00870476 0.00200000 0.04753641
v -0.00871339 0.00200000 0.04734256
v -0.00848995 0.00200000 0.04753160
v -0.00850400 0.00200000 0.04774601
v -0.00831071 0.00200000 0.04776298
v -0.00835700 0.00200000 0.04799625
v -0.00818348 0.00200000 0.04802656
v -0.00827166 0.00200000 0.04827366
v -0.00811384 0.00200000 0.04831083
v -0.00825260 0.00200000 0.04856326
v -0.00810482 0.00200000 0.04860337
v -0.00830084 0.00200000 0.04884946
v -0.00815682 0.00200000 0.04889140
v -0.00841378 0.00200000 0.04911681
v -0.00826757 0.00200000 0.04916231
v -0.00858534 0.00200000 0.04935092
v -0.00843223 0.00200000 0.04940429
v -0.00880625 0.00200000 0.04953915
v -0.00864359 0.00200000 0.04960673
v -0.00906462 0.00200000 0.04967136
v -0.00889243 0.00200000 0.04976081
v -0.00920356 0.00200000 0.04971410
v -0.00916787 0.00200000 0.04985979
v -0.00934652 0.00200000 0.04974042
v -0.00945786 0.00200000 0.04989934
v -0.00963674 0.00200000 0.04974261
v -0.00974974 0.00200000 0.04987773
v -0.00991965 0.00200000 0.04967781
v -0.01003075 0.00200000 0.04979590
v -0.01017999 0.00200000 0.04954951
v -0.01028861 0.00200000 0.04965744
v -0.01040372 0.00200000 0.04936464
v -0.01051204 0.00200000 0.04946840
v -0.01057878 0.00200000 0.04913315
v -0.01069129 0.00200000 0.04923703
v -0.01069575 0.00200000 0.04886753
v -0.01081852 0.00200000 0.04897344
v -0.01074830 0.00200000 0.04858209
v -0.01088816 0.00200000 0.04868917
v -0.01073361 0.00200000 0.04829223
v -0.01089718 0.00200000 0.04839663
v -0.01084518 0.00200000 0.04810861
v -0.00958596 0.00300000 0.04710258
v -0.00893040 0.00300000 0.04977845
v -0.00954413 0.00300000 0.04710066
v -0.00889243 0.00300000 0.04976081
v -0.00925225 0.00300000 0.04712228
v -0.00897124 0.00300000 0.04720410
v -0.00871339 0.00300000 0.04734256
v -0.00864359 0.00300000 0.04960673
v -0.00843223 0.00300000 0.04940429
v -0.00826757 0.00300000 0.04916231
v -0.00815682 0.00300000 0.04889140
v -0.00848995 0.00300000 0.04753160
v -0.00831071 0.00300000 0.04776298
v -0.00810482 0.00300000 0.04860337
v -0.00811384 0.00300000 0.04831083
v -0.00818348 0.00300000 0.04802656
v -0.00934652 -0.00100000 0.04974042
v -0.00920356 -0.00100000 0.04971410
v -0.00906462 -0.00100000 0.04967136
v -0.00880625 -0.00100000 0.04953915
v -0.00858534 -0.00100000 0.04935092
v -0.00841378 -0.00100000 0.04911681
v -0.00830084 -0.00100000 0.04884946
v -0.00825260 -0.00100000 0.04856326
v -0.00827166 -0.00100000 0.04827366
v -0.00835700 -0.00100000 0.04799625
v -0.00850400 -0.00100000 0.04774601
v -0.00870476 -0.00100000 0.04753641
v -0.00894844 -0.00100000 0.04737876
v -0.00922191 -0.00100000 0.04728156
v -0.00951043 -0.00100000 0.04725004
v -0.00979844 -0.00100000 0.04728591
v -0.01007041 -0.00100000 0.04738723
v -0.01031168 -0.00100000 0.04754853
v -0.01050926 -0.00100000 0.04776113
v -0.01065247 -0.00100000 0.04801358
v -0.01073361 -0.00100000 0.04829223
v -0.01074830 -0.00100000 0.04858209
v -0.01069575 -0.00100000 0.04886753
v -0.01057878 -0.00100000 0.04913315
v -0.01040372 -0.00100000 0.04936464
v -0.01017999 -0.00100000 0.04954951
v -0.00991965 -0.00100000 0.04967781
v -0.00963674 -0.00100000 0.04974261
v -0.00931064 -0.00100000 0.04927702
v -0.00953726 -0.00100000 0.04929918
v -0.00976095 -0.00100000 0.04925659
v -0.00996357 -0.00100000 0.04915271
v -0.01012872 -0.00100000 0.04899594
v -0.00909944 -0.00100000 0.04919191
v -0.00870479 -0.00100000 0.04842216
v -0.00871512 -0.00100000 0.04864963
v -0.00878911 -0.00100000 0.04886498
v -0.00892077 -0.00100000 0.04905076
v -0.00924105 -0.00100000 0.04774341
v -0.00903842 -0.00100000 0.04784729
v -0.00887327 -0.00100000 0.04800405
v -0.00875898 -0.00100000 0.04820099
v -0.01021289 -0.00100000 0.04813503
v -0.01008123 -0.00100000 0.04794925
v -0.00990256 -0.00100000 0.04780808
v -0.00969136 -0.00100000 0.04772298
v -0.00946474 -0.00100000 0.04770082
v -0.01024302 -0.00100000 0.04879901
v -0.01029720 -0.00100000 0.04857785
v -0.01028688 -0.00100000 0.04835037
v -0.00990256 -0.00281050 0.04780808
v -0.01008123 -0.00281050 0.04794925
v -0.01021289 -0.00281050 0.04813503
v -0.01028688 -0.00281050 0.04835037
v -0.01029720 -0.00281050 0.04857785
v -0.01024302 -0.00281050 0.04879901
v -0.01012872 -0.00281050 0.04899594
v -0.00996357 -0.00281050 0.04915271
v -0.00976095 -0.00281050 0.04925659
v -0.00953726 -0.00281050 0.04929918
v -0.00931064 -0.00281050 0.04927702
v -0.00909944 -0.00281050 0.04919191
v -0.00892077 -0.00281050 0.04905076
v -0.00878911 -0.00281050 0.04886498
v -0.00871512 -0.00281050 0.04864963
v -0.00870479 -0.00281050 0.04842216
v -0.00875898 -0.00281050 0.04820099
v -0.00887327 -0.00281050 0.04800405
v -0.00903842 -0.00281050 0.04784729
v -0.00924105 -0.00281050 0.04774341
v -0.00946474 -0.00281050 0.04770082
v -0.00969136 -0.00281050 0.04772298
v -0.00980744 -0.00300000 0.04797198
v -0.00994379 -0.00300000 0.04807971
v -0.01004426 -0.00300000 0.04822148
v -0.01010073 -0.00300000 0.04838581
v -0.01010860 -0.00300000 0.04855940
v -0.01006725 -0.00300000 0.04872818
v -0.00998003 -0.00300000 0.04887847
v -0.00985400 -0.00300000 0.04899810
v -0.00969937 -0.00300000 0.04907737
v -0.00952867 -0.00300000 0.04910988
v -0.00935573 -0.00300000 0.04909296
v -0.00919456 -0.00300000 0.04902802
v -0.00905821 -0.00300000 0.04892030
v -0.00895774 -0.00300000 0.04877853
v -0.00890127 -0.00300000 0.04861419
v -0.00889340 -0.00300000 0.04844060
v -0.00893474 -0.00300000 0.04827182
v -0.00902197 -0.00300000 0.04812153
v -0.00914800 -0.00300000 0.04800191
v -0.00930263 -0.00300000 0.04792263
v -0.00947333 -0.00300000 0.04789013
v -0.00964627 -0.00300000 0.04790704
v -0.00950100 -0.00300000 0.04850000
v -0.02250000 0.00073898 0.04519356
v -0.02250000 0.00077156 0.04528860
v -0.02018950 0.00077156 0.04528860
v -0.02250000 0.00079990 0.04548712
v -0.02018950 0.00079990 0.04548712
v -0.02250000 0.00077797 0.04568645
v -0.02018950 0.00077797 0.04568645
v -0.02250000 0.00070716 0.04587407
v -0.02018950 0.00070716 0.04587407
v -0.02250000 0.00059192 0.04603817
v -0.02018950 0.00059192 0.04603817
v -0.02250000 0.00043948 0.04616848
v -0.02018950 0.00043948 0.04616848
v -0.02250000 0.00025943 0.04625677
v -0.02018950 0.00025943 0.04625677
v -0.02250000 0.00006308 0.04629751
v -0.02018950 0.00006308 0.04629751
v -0.02250000 -0.00013723 0.04628814
v -0.02018950 -0.00013723 0.04628814
v -0.02250000 -0.00032892 0.04622925
v -0.02018950 -0.00032892 0.04622925
v -0.02250000 -0.00049995 0.04612454
v -0.02018950 -0.00049995 0.04612454
v -0.02250000 -0.00063956 0.04598059
v -0.02018950 -0.00063956 0.04598059
v -0.02250000 -0.00073898 0.04580644
v -0.02018950 -0.00073898 0.04580644
v -0.02250000 -0.00079197 0.04561304
v -0.02018950 -0.00079197 0.04561304
v -0.02250000 -0.00079520 0.04541253
v -0.02018950 -0.00079520 0.04541253
v -0.02250000 -0.00074847 0.04521751
v -0.02018950 -0.00074847 0.04521751
v -0.02250000 -0.00065470 0.04504026
v -0.02018950 -0.00065470 0.04504026
v -0.02250000 -0.00051980 0.04489188
v -0.02018950 -0.00051980 0.04489188
v -0.02250000 -0.00035224 0.04478171
v -0.02018950 -0.00035224 0.04478171
v -0.02250000 -0.00016254 0.04471669
v -0.02018950 -0.00016254 0.04471669
v -0.02250000 0.00003737 0.04470088
v -0.02018950 0.00003737 0.04470088
v -0.02250000 0.00023493 0.04473528
v -0.02018950 0.00023493 0.04473528
v -0.02250000 0.00041773 0.04481772
v -0.02018950 0.00041773 0.04481772
v -0.02250000 0.00057428 0.04494304
v -0.02018950 0.00057428 0.04494304
v -0.02250000 0.00069475 0.04510336
v -0.02018950 0.00069475 0.04510336
v -0.02320000 -0.00132851 0.04619647
v -0.02320000 -0.00138559 0.04607458
v -0.02250000 -0.00138559 0.04607458
v -0.02250000 -0.00143152 0.04594806
v -0.02320000 -0.00143152 0.04594806
v -0.02320000 -0.00148852 0.04568525
v -0.02250000 -0.00148852 0.04568525
v -0.02320000 -0.00149767 0.04541649
v -0.02250000 -0.00149767 0.04541649
v -0.02320000 -0.00145869 0.04515041
v -0.02250000 -0.00145869 0.04515041
v -0.02320000 -0.00137283 0.04489557
v -0.02250000 -0.00137283 0.04489557
v -0.02320000 -0.00124284 0.04466015
v -0.02250000 -0.00124284 0.04466015
v -0.02320000 -0.00107291 0.04445174
v -0.02250000 -0.00107291 0.04445174
v -0.02320000 -0.00086849 0.04427700
v -0.02250000 -0.00086849 0.04427700
v -0.02320000 -0.00063616 0.04414158
v -0.02250000 -0.00063616 0.04414158
v -0.02320000 -0.00038338 0.04404982
v -0.02250000 -0.00038338 0.04404982
v -0.02320000 -0.00011828 0.04400467
v -0.02250000 -0.00011828 0.04400467
v -0.02320000 0.00015062 0.04400758
v -0.02250000 0.00015062 0.04400758
v -0.02320000 0.00041468 0.04405846
v -0.02250000 0.00041468 0.04405846
v -0.02320000 0.00066542 0.04415567
v -0.02250000 0.00066542 0.04415567
v -0.02320000 0.00089476 0.04429609
v -0.02250000 0.00089476 0.04429609
v -0.02320000 0.00109535 0.04447521
v -0.02250000 0.00109535 0.04447521
v -0.02320000 0.00126073 0.04468726
v -0.02250000 0.00126073 0.04468726
v -0.02320000 0.00138559 0.04492543
v -0.02250000 0.00138559 0.04492543
v -0.02320000 0.00146592 0.04518207
v -0.02250000 0.00146592 0.04518207
v -0.02320000 0.00149913 0.04544893
v -0.02250000 0.00149913 0.04544893
v -0.02320000 0.00148416 0.04571743
v -0.02250000 0.00148416 0.04571743
v -0.02320000 0.00142148 0.04597894
v -0.02250000 0.00142148 0.04597894
v -0.02320000 0.00131312 0.04622506
v -0.02250000 0.00131312 0.04622506
v -0.02320000 0.00116256 0.04644787
v -0.02250000 0.00116256 0.04644787
v -0.02320000 0.00097462 0.04664022
v -0.02250000 0.00097462 0.04664022
v -0.02320000 0.00075537 0.04679593
v -0.02250000 0.00075537 0.04679593
v -0.02320000 0.00051183 0.04690997
v -0.02250000 0.00051183 0.04690997
v -0.02320000 0.00025184 0.04697870
v -0.02250000 0.00025184 0.04697870
v -0.02320000 -0.00001624 0.04699992
v -0.02250000 -0.00001624 0.04699992
v -0.02320000 -0.00028379 0.04697291
v -0.02250000 -0.00028379 0.04697291
v -0.02320000 -0.00054223 0.04689857
v -0.02250000 -0.00054223 0.04689857
v -0.02320000 -0.00078324 0.04677927
v -0.02250000 -0.00078324 0.04677927
v -0.02320000 -0.00099908 0.04661886
v -0.02250000 -0.00099908 0.04661886
v -0.02320000 -0.00118280 0.04642249
v -0.02250000 -0.00118280 0.04642249
v -0.02250000 -0.00132851 0.04619647
v -0.02320000 0.00052977 0.04477485
v -0.02320000 0.00048934 0.04476516
v -0.02320000 0.00044845 0.04477275
v -0.02320000 0.00018180 0.04488333
v -0.02320000 -0.00086576 0.04532709
v -0.02320000 -0.00039172 0.04470880
v -0.02320000 -0.00036311 0.04467863
v -0.02320000 -0.00032470 0.04466270
v -0.02320000 -0.00028313 0.04466377
v -0.02320000 -0.00024559 0.04468166
v -0.02320000 -0.00001650 0.04485730
v -0.02320000 -0.00088747 0.04536255
v -0.02320000 -0.00089289 0.04540378
v -0.02320000 -0.00088106 0.04544365
v -0.02320000 0.00004512 0.04488935
v -0.02320000 0.00011399 0.04489839
v -0.02320000 -0.00083150 0.04530352
v -0.02320000 -0.00056484 0.04519294
v -0.02320000 -0.00050628 0.04515560
v -0.02320000 0.00056277 0.04480015
v -0.02320000 0.00058263 0.04483669
v -0.02320000 0.00058591 0.04487814
v -0.02320000 0.00054834 0.04516436
v -0.02320000 0.00086576 0.04567292
v -0.02320000 0.00088747 0.04563745
v -0.02320000 0.00089289 0.04559622
v -0.02320000 0.00088106 0.04555636
v -0.02320000 0.00085404 0.04552475
v -0.02320000 0.00062495 0.04534911
v -0.02320000 0.00083150 0.04569648
v -0.02320000 0.00056484 0.04580706
v -0.02320000 0.00050628 0.04584440
v -0.02320000 0.00001650 0.04614270
v -0.02320000 -0.00004512 0.04611065
v -0.02320000 -0.00011399 0.04610161
v -0.02320000 -0.00085404 0.04547525
v -0.02320000 -0.00062495 0.04565090
v -0.02320000 -0.00040559 0.04474801
v -0.02320000 -0.00044316 0.04503422
v -0.02320000 -0.00046402 0.04510048
v -0.02320000 0.00024559 0.04631834
v -0.02320000 0.00028313 0.04633623
v -0.02320000 0.00032470 0.04633730
v -0.02320000 0.00036311 0.04632138
v -0.02320000 0.00039172 0.04629120
v -0.02320000 0.00040559 0.04625200
v -0.02320000 0.00044316 0.04596578
v -0.02320000 0.00046402 0.04589953
v -0.02320000 -0.00018180 0.04611667
v -0.02320000 -0.00044845 0.04622725
v -0.02320000 -0.00048934 0.04623485
v -0.02320000 -0.00052977 0.04622515
v -0.02320000 -0.00056277 0.04619985
v -0.02320000 -0.00058263 0.04616331
v -0.02320000 -0.00058591 0.04612187
v -0.02320000 -0.00054834 0.04583564
v -0.02320000 0.00055140 0.04523375
v -0.02320000 0.00057800 0.04529791
v -0.02320000 -0.00055140 0.04576625
v -0.02320000 -0.00057800 0.04570209
v -0.02260000 0.00062495 0.04534911
v -0.02260000 0.00057800 0.04529791
v -0.02260000 0.00055140 0.04523375
v -0.02260000 0.00054834 0.04516436
v -0.02260000 0.00085404 0.04552475
v -0.02260000 0.00083150 0.04569648
v -0.02260000 0.00086576 0.04567292
v -0.02260000 0.00088747 0.04563745
v -0.02260000 0.00089289 0.04559622
v -0.02260000 0.00088106 0.04555636
v -0.02260000 0.00056484 0.04580706
v -0.02260000 0.00044316 0.04596578
v -0.02260000 0.00046402 0.04589953
v -0.02260000 0.00050628 0.04584440
v -0.02260000 0.00040559 0.04625200
v -0.02260000 0.00024559 0.04631834
v -0.02260000 0.00028313 0.04633623
v -0.02260000 0.00032470 0.04633730
v -0.02260000 0.00036311 0.04632138
v -0.02260000 0.00039172 0.04629120
v -0.02260000 0.00001650 0.04614270
v -0.02260000 -0.00018180 0.04611667
v -0.02260000 -0.00011399 0.04610161
v -0.02260000 -0.00004512 0.04611065
v -0.02260000 -0.00044845 0.04622725
v -0.02260000 -0.00058591 0.04612187
v -0.02260000 -0.00058263 0.04616331
v -0.02260000 -0.00056277 0.04619985
v -0.02260000 -0.00052977 0.04622515
v -0.02260000 -0.00048934 0.04623485
v -0.02260000 -0.00054834 0.04583564
v -0.02260000 -0.00062495 0.04565090
v -0.02260000 -0.00057800 0.04570209
v -0.02260000 -0.00055140 0.04576625
v -0.02260000 -0.00085404 0.04547525
v -0.02260000 -0.00083150 0.04530352
v -0.02260000 -0.00086576 0.04532709
v -0.02260000 -0.00088747 0.04536255
v -0.02260000 -0.00089289 0.04540378
v -0.02260000 -0.00088106 0.04544365
v -0.02260000 -0.00056484 0.04519294
v -0.02260000 -0.00044316 0.04503422
v -0.02260000 -0.00046402 0.04510048
v -0.02260000 -0.00050628 0.04515560
v -0.02260000 -0.00040559 0.04474801
v -0.02260000 -0.00024559 0.04468166
v -0.02260000 -0.00028313 0.04466377
v -0.02260000 -0.00032470 0.04466270
v -0.02260000 -0.00036311 0.04467863
v -0.02260000 -0.00039172 0.04470880
v -0.02260000 -0.00001650 0.04485730
v -0.02260000 0.00018180 0.04488333
v -0.02260000 0.00011399 0.04489839
v -0.02260000 0.00004512 0.04488935
v -0.02260000 0.00044845 0.04477275
v -0.02260000 0.00058591 0.04487814
v -0.02260000 0.00058263 0.04483669
v -0.02260000 0.00056277 0.04480015
v -0.02260000 0.00052977 0.04477485
v -0.02260000 0.00048934 0.04476516
v -0.02000000 -0.00048806 0.04586675
v -0.02000000 -0.00038152 0.04597660
v -0.02000000 -0.00025101 0.04605651
v -0.02000000 -0.00010472 0.04610145
v -0.02000000 0.00004814 0.04610860
v -0.02000000 0.00019798 0.04607750
v -0.02000000 0.00033538 0.04601013
v -0.02000000 0.00045171 0.04591069
v -0.02000000 0.00053965 0.04578546
v -0.02000000 0.00059369 0.04564229
v -0.02000000 0.00061042 0.04549017
v -0.02000000 0.00058880 0.04533868
v -0.02000000 0.00053018 0.04519732
v -0.02000000 0.00043825 0.04507497
v -0.02000000 0.00031878 0.04497934
v -0.02000000 0.00017928 0.04491642
v -0.02000000 0.00002852 0.04489017
v -0.02000000 -0.00012404 0.04490224
v -0.02000000 -0.00026880 0.04495186
v -0.02000000 -0.00039667 0.04503593
v -0.02000000 -0.00049962 0.04514915
v -0.02000000 -0.00057117 0.04528443
v -0.02000000 -0.00060684 0.04543325
v -0.02000000 -0.00060438 0.04558626
v -0.02000000 -0.00056394 0.04573385
v -0.02000000 -0.00000000 0.04550000
v -0.02250000 0.00073898 0.00169356
v -0.02250000 0.00077156 0.00178860
v -0.02018950 0.00077156 0.00178860
v -0.02250000 0.00079990 0.00198712
v -0.02018950 0.00079990 0.00198712
v -0.02250000 0.00077797 0.00218645
v -0.02018950 0.00077797 0.00218645
v -0.02250000 0.00070716 0.00237406
v -0.02018950 0.00070716 0.00237406
v -0.02250000 0.00059192 0.00253818
v -0.02018950 0.00059192 0.00253818
v -0.02250000 0.00043948 0.00266847
v -0.02018950 0.00043948 0.00266847
v -0.02250000 0.00025943 0.00275677
v -0.02018950 0.00025943 0.00275677
v -0.02250000 0.00006308 0.00279751
v -0.02018950 0.00006308 0.00279751
v -0.02250000 -0.00013723 0.00278814
v -0.02018950 -0.00013723 0.00278814
v -0.02250000 -0.00032892 0.00272925
v -0.02018950 -0.00032892 0.00272925
v -0.02250000 -0.00049995 0.00262454
v -0.02018950 -0.00049995 0.00262454
v -0.02250000 -0.00063956 0.00248059
v -0.02018950 -0.00063956 0.00248059
v -0.02250000 -0.00073898 0.00230644
v -0.02018950 -0.00073898 0.00230644
v -0.02250000 -0.00079197 0.00211304
v -0.02018950 -0.00079197 0.00211304
v -0.02250000 -0.00079520 0.00191253
v -0.02018950 -0.00079520 0.00191253
v -0.02250000 -0.00074847 0.00171751
v -0.02018950 -0.00074847 0.00171751
v -0.02250000 -0.00065470 0.00154025
v -0.02018950 -0.00065470 0.00154025
v -0.02250000 -0.00051980 0.00139188
v -0.02018950 -0.00051980 0.00139188
v -0.02250000 -0.00035224 0.00128172
v -0.02018950 -0.00035224 0.00128172
v -0.02250000 -0.00016254 0.00121669
v -0.02018950 -0.00016254 0.00121669
v -0.02250000 0.00003737 0.00120087
v -0.02018950 0.00003737 0.00120087
v -0.02250000 0.00023493 0.00123527
v -0.02018950 0.00023493 0.00123527
v -0.02250000 0.00041773 0.00131772
v -0.02018950 0.00041773 0.00131772
v -0.02250000 0.00057428 0.00144304
v -0.02018950 0.00057428 0.00144304
v -0.02250000 0.00069475 0.00160336
v -0.02018950 0.00069475 0.00160336
v -0.02320000 -0.00132851 0.00269646
v -0.02320000 -0.00138559 0.00257457
v -0.02250000 -0.00138559 0.00257457
v -0.02250000 -0.00143152 0.00244806
v -0.02320000 -0.00143152 0.00244806
v -0.02320000 -0.00148852 0.00218525
v -0.02250000 -0.00148852 0.00218525
v -0.02320000 -0.00149767 0.00191649
v -0.02250000 -0.00149767 0.00191649
v -0.02320000 -0.00145869 0.00165041
v -0.02250000 -0.00145869 0.00165041
v -0.02320000 -0.00137283 0.00139557
v -0.02250000 -0.00137283 0.00139557
v -0.02320000 -0.00124284 0.00116015
v -0.02250000 -0.00124284 0.00116015
v -0.02320000 -0.00107291 0.00095173
v -0.02250000 -0.00107291 0.00095173
v -0.02320000 -0.00086849 0.00077700
v -0.02250000 -0.00086849 0.00077700
v -0.02320000 -0.00063616 0.00064158
v -0.02250000 -0.00063616 0.00064158
v -0.02320000 -0.00038338 0.00054982
v -0.02250000 -0.00038338 0.00054982
v -0.02320000 -0.00011828 0.00050467
v -0.02250000 -0.00011828 0.00050467
v -0.02320000 0.00015062 0.00050758
v -0.02250000 0.00015062 0.00050758
v -0.02320000 0.00041468 0.00055846
v -0.02250000 0.00041468 0.00055846
v -0.02320000 0.00066542 0.00065567
v -0.02250000 0.00066542 0.00065567
v -0.02320000 0.00089476 0.00079609
v -0.02250000 0.00089476 0.00079609
v -0.02320000 0.00109535 0.00097520
v -0.02250000 0.00109535 0.00097520
v -0.02320000 0.00126073 0.00118725
v -0.02250000 0.00126073 0.00118725
v -0.02320000 0.00138559 0.00142543
v -0.02250000 0.00138559 0.00142543
v -0.02320000 0.00146592 0.00168207
v -0.02250000 0.00146592 0.00168207
v -0.02320000 0.00149913 0.00194893
v -0.02250000 0.00149913 0.00194893
v -0.02320000 0.00148416 0.00221743
v -0.02250000 0.00148416 0.00221743
v -0.02320000 0.00142148 0.00247894
v -0.02250000 0.00142148 0.00247894
v -0.02320000 0.00131312 0.00272506
v -0.02250000 0.00131312 0.00272506
v -0.02320000 0.00116256 0.00294787
v -0.02250000 0.00116256 0.00294787
v -0.02320000 0.00097462 0.00314023
v -0.02250000 0.00097462 0.00314023
v -0.02320000 0.00075537 0.00329592
v -0.02250000 0.00075537 0.00329592
v -0.02320000 0.00051183 0.00340997
v -0.02250000 0.00051183 0.00340997
v -0.02320000 0.00025184 0.00347871
v -0.02250000 0.00025184 0.00347871
v -0.02320000 -0.00001624 0.00349991
v -0.02250000 -0.00001624 0.00349991
v -0.02320000 -0.00028379 0.00347291
v -0.02250000 -0.00028379 0.00347291
v -0.02320000 -0.00054223 0.00339857
v -0.02250000 -0.00054223 0.00339857
v -0.02320000 -0.00078324 0.00327927
v -0.02250000 -0.00078324 0.00327927
v -0.02320000 -0.00099908 0.00311886
v -0.02250000 -0.00099908 0.00311886
v -0.02320000 -0.00118280 0.00292249
v -0.02250000 -0.00118280 0.00292249
v -0.02250000 -0.00132851 0.00269646
v -0.02320000 -0.00062495 0.00215090
v -0.02320000 -0.00085404 0.00197525
v -0.02320000 -0.00028313 0.00116377
v -0.02320000 -0.00088106 0.00194364
v -0.02320000 0.00052977 0.00127485
v -0.02320000 0.00056277 0.00130015
v -0.02320000 0.00062495 0.00184910
v -0.02320000 0.00085404 0.00202475
v -0.02320000 -0.00032470 0.00116270
v -0.02320000 -0.00036311 0.00117863
v -0.02320000 -0.00039172 0.00120880
v -0.02320000 0.00088106 0.00205636
v -0.02320000 0.00089289 0.00209622
v -0.02320000 0.00088747 0.00213745
v -0.02320000 0.00086576 0.00217291
v -0.02320000 -0.00089289 0.00190378
v -0.02320000 -0.00088747 0.00186255
v -0.02320000 -0.00086576 0.00182709
v -0.02320000 -0.00083150 0.00180352
v -0.02320000 -0.00056484 0.00169294
v -0.02320000 -0.00040559 0.00124800
v -0.02320000 -0.00044316 0.00153422
v -0.02320000 -0.00024559 0.00118166
v -0.02320000 -0.00001650 0.00135730
v -0.02320000 0.00004512 0.00138935
v -0.02320000 0.00058263 0.00133669
v -0.02320000 0.00058591 0.00137814
v -0.02320000 0.00054834 0.00166436
v -0.02320000 0.00044316 0.00246578
v -0.02320000 0.00040559 0.00275199
v -0.02320000 0.00048934 0.00126516
v -0.02320000 0.00044845 0.00127275
v -0.02320000 0.00018180 0.00138333
v -0.02320000 0.00011399 0.00139839
v -0.02320000 0.00039172 0.00279120
v -0.02320000 0.00036311 0.00282137
v -0.02320000 0.00032470 0.00283730
v -0.02320000 0.00028313 0.00283623
v -0.02320000 0.00024559 0.00281834
v -0.02320000 0.00001650 0.00264270
v -0.02320000 -0.00004512 0.00261065
v -0.02320000 -0.00054834 0.00233564
v -0.02320000 -0.00055140 0.00226625
v -0.02320000 -0.00057800 0.00220209
v -0.02320000 0.00083150 0.00219648
v -0.02320000 0.00056484 0.00230706
v -0.02320000 -0.00058591 0.00262186
v -0.02320000 -0.00058263 0.00266331
v -0.02320000 -0.00056277 0.00269985
v -0.02320000 -0.00052977 0.00272515
v -0.02320000 -0.00048934 0.00273484
v -0.02320000 -0.00044845 0.00272725
v -0.02320000 -0.00018180 0.00261667
v -0.02320000 -0.00011399 0.00260161
v -0.02320000 -0.00050628 0.00165560
v -0.02320000 -0.00046402 0.00160048
v -0.02320000 0.00055140 0.00173375
v -0.02320000 0.00057800 0.00179791
v -0.02320000 0.00050628 0.00234440
v -0.02320000 0.00046402 0.00239952
v -0.02260000 0.00062495 0.00184910
v -0.02260000 0.00057800 0.00179791
v -0.02260000 0.00055140 0.00173375
v -0.02260000 0.00054834 0.00166436
v -0.02260000 0.00085404 0.00202475
v -0.02260000 0.00083150 0.00219648
v -0.02260000 0.00086576 0.00217291
v -0.02260000 0.00088747 0.00213745
v -0.02260000 0.00089289 0.00209622
v -0.02260000 0.00088106 0.00205636
v -0.02260000 0.00056484 0.00230706
v -0.02260000 0.00044316 0.00246578
v -0.02260000 0.00046402 0.00239952
v -0.02260000 0.00050628 0.00234440
v -0.02260000 0.00040559 0.00275199
v -0.02260000 0.00024559 0.00281834
v -0.02260000 0.00028313 0.00283623
v -0.02260000 0.00032470 0.00283730
v -0.02260000 0.00036311 0.00282137
v -0.02260000 0.00039172 0.00279120
v -0.02260000 0.00001650 0.00264270
v -0.02260000 -0.00018180 0.00261667
v -0.02260000 -0.00011399 0.00260161
v -0.02260000 -0.00004512 0.00261065
v -0.02260000 -0.00044845 0.00272725
v -0.02260000 -0.00058591 0.00262186
v -0.02260000 -0.00058263 0.00266331
v -0.02260000 -0.00056277 0.00269985
v -0.02260000 -0.00052977 0.00272515
v -0.02260000 -0.00048934 0.00273484
v -0.02260000 -0.00054834 0.00233564
v -0.02260000 -0.00062495 0.00215090
v -0.02260000 -0.00057800 0.00220209
v -0.02260000 -0.00055140 0.00226625
v -0.02260000 -0.00085404 0.00197525
v -0.02260000 -0.00083150 0.00180352
v -0.02260000 -0.00086576 0.00182709
v -0.02260000 -0.00088747 0.00186255
v -0.02260000 -0.00089289 0.00190378
v -0.02260000 -0.00088106 0.00194364
v -0.02260000 -0.00056484 0.00169294
v -0.02260000 -0.00044316 0.00153422
v -0.02260000 -0.00046402 0.00160048
v -0.02260000 -0.00050628 0.00165560
v -0.02260000 -0.00040559 0.00124800
v -0.02260000 -0.00024559 0.00118166
v -0.02260000 -0.00028313 0.00116377
v -0.02260000 -0.00032470 0.00116270
v -0.02260000 -0.00036311 0.00117863
v -0.02260000 -0.00039172 0.00120880
v -0.02260000 -0.00001650 0.00135730
v -0.02260000 0.00018180 0.00138333
v -0.02260000 0.00011399 0.00139839
v -0.02260000 0.00004512 0.00138935
v -0.02260000 0.00044845 0.00127275
v -0.02260000 0.00058591 0.00137814
v -0.02260000 0.00058263 0.00133669
v -0.02260000 0.00056277 0.00130015
v -0.02260000 0.00052977 0.00127485
v -0.02260000 0.00048934 0.00126516
v -0.02000000 -0.00048806 0.00236675
v -0.02000000 -0.00038152 0.00247660
v -0.02000000 -0.00025101 0.00255651
v -0.02000000 -0.00010472 0.00260145
v -0.02000000 0.00004814 0.00260860
v -0.02000000 0.00019798 0.00257751
v -0.02000000 0.00033538 0.00251013
v -0.02000000 0.00045171 0.00241069
v -0.02000000 0.00053965 0.00228546
v -0.02000000 0.00059369 0.00214228
v -0.02000000 0.00061042 0.00199017
v -0.02000000 0.00058880 0.00183867
v -0.02000000 0.00053018 0.00169731
v -0.02000000 0.00043825 0.00157497
v -0.02000000 0.00031878 0.00147934
v -0.02000000 0.00017928 0.00141642
v -0.02000000 0.00002852 0.00139017
v -0.02000000 -0.00012404 0.00140223
v -0.02000000 -0.00026880 0.00145186
v -0.02000000 -0.00039667 0.00153593
v -0.02000000 -0.00049962 0.00164916
v -0.02000000 -0.00057117 0.00178443
v -0.02000000 -0.00060684 0.00193325
v -0.02000000 -0.00060438 0.00208626
v -0.02000000 -0.00056394 0.00223385
v -0.02000000 -0.00000000 0.00200000
v -0.00464734 0.00620702 0.04670000
v -0.00450000 0.00620000 0.04670000
v -0.00450000 0.00620000 0.04685000
v -0.00435266 0.00620702 0.04685000
v -0.00435266 0.00620702 0.04670000
v -0.00406331 0.00626279 0.04670000
v -0.00406331 0.00626279 0.04685000
v -0.00378975 0.00637231 0.04670000
v -0.00378975 0.00637231 0.04685000
v -0.00354185 0.00653162 0.04670000
v -0.00354185 0.00653162 0.04685000
v -0.00332859 0.00673497 0.04670000
v -0.00332859 0.00673497 0.04685000
v -0.00315766 0.00697500 0.04670000
v -0.00315766 0.00697500 0.04685000
v -0.00303525 0.00724304 0.04670000
v -0.00303525 0.00724304 0.04685000
v -0.00296578 0.00752941 0.04670000
v -0.00296578 0.00752941 0.04685000
v -0.00295176 0.00782375 0.04670000
v -0.00295176 0.00782375 0.04685000
v -0.00299369 0.00811543 0.04670000
v -0.00299369 0.00811543 0.04685000
v -0.00309007 0.00839389 0.04670000
v -0.00309007 0.00839389 0.04685000
v -0.00323741 0.00864909 0.04670000
v -0.00323741 0.00864909 0.04685000
v -0.00343038 0.00887179 0.04670000
v -0.00343038 0.00887179 0.04685000
v -0.00366201 0.00905394 0.04670000
v -0.00366201 0.00905394 0.04685000
v -0.00392392 0.00918897 0.04670000
v -0.00392392 0.00918897 0.04685000
v -0.00420666 0.00927199 0.04670000
v -0.00420666 0.00927199 0.04685000
v -0.00450000 0.00930000 0.04670000
v -0.00450000 0.00930000 0.04685000
v -0.00479334 0.00927199 0.04670000
v -0.00479334 0.00927199 0.04685000
v -0.00507608 0.00918897 0.04670000
v -0.00507608 0.00918897 0.04685000
v -0.00533799 0.00905394 0.04670000
v -0.00533799 0.00905394 0.04685000
v -0.00556962 0.00887179 0.04670000
v -0.00556962 0.00887179 0.04685000
v -0.00576259 0.00864909 0.04670000
v -0.00576259 0.00864909 0.04685000
v -0.00590993 0.00839389 0.04670000
v -0.00590993 0.00839389 0.04685000
v -0.00600631 0.00811543 0.04670000
v -0.00600631 0.00811543 0.04685000
v -0.00604824 0.00782375 0.04670000
v -0.00604824 0.00782375 0.04685000
v -0.00603422 0.00752941 0.04670000
v -0.00603422 0.00752941 0.04685000
v -0.00596475 0.00724304 0.04670000
v -0.00596475 0.00724304 0.04685000
v -0.00584234 0.00697500 0.04670000
v -0.00584234 0.00697500 0.04685000
v -0.00567141 0.00673497 0.04670000
v -0.00567141 0.00673497 0.04685000
v -0.00545815 0.00653162 0.04670000
v -0.00545815 0.00653162 0.04685000
v -0.00521025 0.00637231 0.04670000
v -0.00521025 0.00637231 0.04685000
v -0.00493669 0.00626279 0.04670000
v -0.00493669 0.00626279 0.04685000
v -0.00464734 0.00620702 0.04685000
v -0.00503870 0.00857381 0.04695000
v -0.00494409 0.00862843 0.04695000
v -0.00503891 0.00909613 0.04695000
v -0.00494409 0.00687157 0.04695000
v -0.00503870 0.00692619 0.04695000
v -0.00539633 0.00661022 0.04695000
v -0.00559584 0.00680045 0.04695000
v -0.00510291 0.00701457 0.04695000
v -0.00575574 0.00702500 0.04695000
v -0.00594836 0.00781899 0.04695000
v -0.00547958 0.00781799 0.04695000
v -0.00590913 0.00809185 0.04695000
v -0.00545333 0.00788136 0.04695000
v -0.00581897 0.00835235 0.04695000
v -0.00389709 0.00848543 0.04695000
v -0.00331886 0.00859108 0.04695000
v -0.00349939 0.00879941 0.04695000
v -0.00305164 0.00781899 0.04695000
v -0.00309087 0.00809185 0.04695000
v -0.00354667 0.00788136 0.04695000
v -0.00515698 0.00740690 0.04695000
v -0.00535717 0.00752248 0.04695000
v -0.00541158 0.00756423 0.04695000
v -0.00587025 0.00727575 0.04695000
v -0.00545333 0.00761864 0.04695000
v -0.00593524 0.00754364 0.04695000
v -0.00547958 0.00768200 0.04695000
v -0.00548853 0.00775000 0.04695000
v -0.00477441 0.00917380 0.04695000
v -0.00483545 0.00863985 0.04695000
v -0.00450000 0.00920000 0.04695000
v -0.00473155 0.00860609 0.04695000
v -0.00453136 0.00849051 0.04695000
v -0.00358842 0.00793577 0.04695000
v -0.00318103 0.00835235 0.04695000
v -0.00364283 0.00797752 0.04695000
v -0.00383557 0.00646119 0.04695000
v -0.00360367 0.00661022 0.04695000
v -0.00395133 0.00693566 0.04695000
v -0.00541158 0.00793577 0.04695000
v -0.00535717 0.00797752 0.04695000
v -0.00515698 0.00809310 0.04695000
v -0.00396130 0.00857381 0.04695000
v -0.00371607 0.00896982 0.04695000
v -0.00405591 0.00862843 0.04695000
v -0.00396109 0.00909613 0.04695000
v -0.00416455 0.00863985 0.04695000
v -0.00422559 0.00917380 0.04695000
v -0.00426845 0.00860609 0.04695000
v -0.00446864 0.00849051 0.04695000
v -0.00450000 0.00848211 0.04695000
v -0.00513402 0.00738395 0.04695000
v -0.00512562 0.00735259 0.04695000
v -0.00512562 0.00712143 0.04695000
v -0.00528393 0.00896982 0.04695000
v -0.00550061 0.00879941 0.04695000
v -0.00510291 0.00848543 0.04695000
v -0.00568113 0.00859108 0.04695000
v -0.00512562 0.00837857 0.04695000
v -0.00512562 0.00814741 0.04695000
v -0.00513402 0.00811605 0.04695000
v -0.00387438 0.00837857 0.04695000
v -0.00387438 0.00814741 0.04695000
v -0.00352042 0.00781799 0.04695000
v -0.00351147 0.00775000 0.04695000
v -0.00306476 0.00754364 0.04695000
v -0.00352042 0.00768200 0.04695000
v -0.00312975 0.00727575 0.04695000
v -0.00354667 0.00761864 0.04695000
v -0.00324426 0.00702500 0.04695000
v -0.00390958 0.00699007 0.04695000
v -0.00340416 0.00680045 0.04695000
v -0.00388333 0.00705343 0.04695000
v -0.00387438 0.00712143 0.04695000
v -0.00386598 0.00811605 0.04695000
v -0.00384302 0.00809310 0.04695000
v -0.00400574 0.00689391 0.04695000
v -0.00406910 0.00686767 0.04695000
v -0.00409149 0.00635874 0.04695000
v -0.00413709 0.00685871 0.04695000
v -0.00436217 0.00630657 0.04695000
v -0.00420509 0.00686767 0.04695000
v -0.00450000 0.00630000 0.04695000
v -0.00426845 0.00689391 0.04695000
v -0.00446864 0.00700949 0.04695000
v -0.00358842 0.00756423 0.04695000
v -0.00364283 0.00752248 0.04695000
v -0.00384302 0.00740690 0.04695000
v -0.00516443 0.00646119 0.04695000
v -0.00490851 0.00635874 0.04695000
v -0.00483545 0.00686015 0.04695000
v -0.00463783 0.00630657 0.04695000
v -0.00473155 0.00689391 0.04695000
v -0.00453136 0.00700949 0.04695000
v -0.00450000 0.00701789 0.04695000
v -0.00386598 0.00738395 0.04695000
v -0.00387438 0.00735259 0.04695000
v -0.00393431 0.00831569 0.04595000
v -0.00394794 0.00832899 0.04595000
v -0.00406749 0.00842300 0.04595000
v -0.00410000 0.00844282 0.04595000
v -0.00420267 0.00849269 0.04595000
v -0.00429294 0.00852274 0.04595000
v -0.00384834 0.00821405 0.04595000
v -0.00380718 0.00815000 0.04595000
v -0.00377229 0.00808233 0.04595000
v -0.00372726 0.00795706 0.04595000
v -0.00372255 0.00793861 0.04595000
v -0.00370091 0.00778807 0.04595000
v -0.00393431 0.00718431 0.04595000
v -0.00389540 0.00722611 0.04595000
v -0.00380718 0.00735000 0.04595000
v -0.00374400 0.00748835 0.04595000
v -0.00372726 0.00754294 0.04595000
v -0.00370814 0.00763615 0.04595000
v -0.00370000 0.00775000 0.04595000
v -0.00400547 0.00712116 0.04595000
v -0.00410000 0.00705718 0.04595000
v -0.00413342 0.00703893 0.04595000
v -0.00427461 0.00698241 0.04595000
v -0.00490000 0.00705718 0.04595000
v -0.00486658 0.00703893 0.04595000
v -0.00472539 0.00698241 0.04595000
v -0.00470706 0.00697726 0.04595000
v -0.00457604 0.00695362 0.04595000
v -0.00450000 0.00695000 0.04595000
v -0.00442395 0.00695362 0.04595000
v -0.00429294 0.00697726 0.04595000
v -0.00499453 0.00712116 0.04595000
v -0.00506569 0.00718431 0.04595000
v -0.00510460 0.00722611 0.04595000
v -0.00519282 0.00735000 0.04595000
v -0.00525600 0.00748835 0.04595000
v -0.00527274 0.00795706 0.04595000
v -0.00527745 0.00793861 0.04595000
v -0.00529909 0.00778807 0.04595000
v -0.00530000 0.00775000 0.04595000
v -0.00529186 0.00763615 0.04595000
v -0.00527274 0.00754294 0.04595000
v -0.00522771 0.00808233 0.04595000
v -0.00519282 0.00815000 0.04595000
v -0.00515166 0.00821405 0.04595000
v -0.00506569 0.00831569 0.04595000
v -0.00505206 0.00832899 0.04595000
v -0.00493251 0.00842300 0.04595000
v -0.00434860 0.00853554 0.04595000
v -0.00450000 0.00855000 0.04595000
v -0.00465140 0.00853554 0.04595000
v -0.00470706 0.00852274 0.04595000
v -0.00479733 0.00849269 0.04595000
v -0.00490000 0.00844282 0.04595000
v -0.00429294 0.00852274 0.04313950
v -0.00450000 0.00855000 0.04313950
v -0.00410000 0.00844282 0.04313950
v -0.00393431 0.00831569 0.04313950
v -0.00380718 0.00815000 0.04313950
v -0.00372726 0.00795706 0.04313950
v -0.00370000 0.00775000 0.04313950
v -0.00372726 0.00754294 0.04313950
v -0.00380718 0.00735000 0.04313950
v -0.00393431 0.00718431 0.04313950
v -0.00410000 0.00705718 0.04313950
v -0.00429294 0.00697726 0.04313950
v -0.00450000 0.00695000 0.04313950
v -0.00470706 0.00697726 0.04313950
v -0.00490000 0.00705718 0.04313950
v -0.00506569 0.00718431 0.04313950
v -0.00519282 0.00735000 0.04313950
v -0.00527274 0.00754294 0.04313950
v -0.00530000 0.00775000 0.04313950
v -0.00527274 0.00795706 0.04313950
v -0.00519282 0.00815000 0.04313950
v -0.00506569 0.00831569 0.04313950
v -0.00490000 0.00844282 0.04313950
v -0.00470706 0.00852274 0.04313950
v -0.00465801 0.00833970 0.04295000
v -0.00480525 0.00827871 0.04295000
v -0.00493169 0.00818169 0.04295000
v -0.00502871 0.00805525 0.04295000
v -0.00508970 0.00790801 0.04295000
v -0.00511050 0.00775000 0.04295000
v -0.00508970 0.00759199 0.04295000
v -0.00502871 0.00744475 0.04295000
v -0.00493169 0.00731831 0.04295000
v -0.00480525 0.00722129 0.04295000
v -0.00465801 0.00716030 0.04295000
v -0.00450000 0.00713950 0.04295000
v -0.00434199 0.00716030 0.04295000
v -0.00419475 0.00722129 0.04295000
v -0.00406831 0.00731831 0.04295000
v -0.00397129 0.00744475 0.04295000
v -0.00391030 0.00759199 0.04295000
v -0.00388950 0.00775000 0.04295000
v -0.00391030 0.00790801 0.04295000
v -0.00397129 0.00805525 0.04295000
v -0.00406831 0.00818169 0.04295000
v -0.00419475 0.00827871 0.04295000
v -0.00434199 0.00833970 0.04295000
v -0.00450000 0.00836050 0.04295000
v -0.00450000 0.00775000 0.04295000
v -0.00458136 0.00709610 0.04625000
v -0.00458136 0.00709610 0.04685000
v -0.00450000 0.00711789 0.04685000
v -0.00450000 0.00711789 0.04625000
v -0.00441864 0.00709610 0.04685000
v -0.00441864 0.00709610 0.04625000
v -0.00478155 0.00698051 0.04685000
v -0.00478155 0.00698051 0.04625000
v -0.00502562 0.00712143 0.04625000
v -0.00502562 0.00712143 0.04685000
v -0.00501155 0.00705525 0.04625000
v -0.00501155 0.00705525 0.04685000
v -0.00497178 0.00700051 0.04625000
v -0.00497178 0.00700051 0.04685000
v -0.00491319 0.00696668 0.04625000
v -0.00491319 0.00696668 0.04685000
v -0.00484590 0.00695961 0.04625000
v -0.00484590 0.00695961 0.04685000
v -0.00502562 0.00735259 0.04685000
v -0.00502562 0.00735259 0.04625000
v -0.00510698 0.00749350 0.04625000
v -0.00510698 0.00749350 0.04685000
v -0.00504742 0.00743395 0.04685000
v -0.00504742 0.00743395 0.04625000
v -0.00530717 0.00760909 0.04685000
v -0.00530717 0.00760909 0.04625000
v -0.00530717 0.00789091 0.04625000
v -0.00530717 0.00789091 0.04685000
v -0.00534087 0.00786506 0.04685000
v -0.00536673 0.00783136 0.04625000
v -0.00536673 0.00783136 0.04685000
v -0.00538298 0.00779211 0.04685000
v -0.00538853 0.00775000 0.04625000
v -0.00538853 0.00775000 0.04685000
v -0.00538298 0.00770789 0.04685000
v -0.00536673 0.00766864 0.04625000
v -0.00534087 0.00763494 0.04685000
v -0.00536673 0.00766864 0.04685000
v -0.00510698 0.00800650 0.04685000
v -0.00510698 0.00800650 0.04625000
v -0.00502562 0.00814741 0.04625000
v -0.00502562 0.00814741 0.04685000
v -0.00504742 0.00806605 0.04685000
v -0.00504742 0.00806605 0.04625000
v -0.00502562 0.00837857 0.04685000
v -0.00502562 0.00837857 0.04625000
v -0.00478155 0.00851949 0.04625000
v -0.00478155 0.00851949 0.04685000
v -0.00484590 0.00854039 0.04625000
v -0.00484590 0.00854039 0.04685000
v -0.00491319 0.00853332 0.04625000
v -0.00491319 0.00853332 0.04685000
v -0.00497178 0.00849949 0.04625000
v -0.00497178 0.00849949 0.04685000
v -0.00501155 0.00844475 0.04625000
v -0.00501155 0.00844475 0.04685000
v -0.00458136 0.00840390 0.04685000
v -0.00458136 0.00840390 0.04625000
v -0.00441864 0.00840390 0.04625000
v -0.00441864 0.00840390 0.04685000
v -0.00450000 0.00838211 0.04685000
v -0.00450000 0.00838211 0.04625000
v -0.00421845 0.00851949 0.04685000
v -0.00421845 0.00851949 0.04625000
v -0.00397438 0.00837857 0.04625000
v -0.00397438 0.00837857 0.04685000
v -0.00398845 0.00844475 0.04625000
v -0.00398845 0.00844475 0.04685000
v -0.00402822 0.00849949 0.04625000
v -0.00402822 0.00849949 0.04685000
v -0.00408681 0.00853332 0.04625000
v -0.00408681 0.00853332 0.04685000
v -0.00415410 0.00854039 0.04625000
v -0.00415410 0.00854039 0.04685000
v -0.00397438 0.00814741 0.04685000
v -0.00397438 0.00814741 0.04625000
v -0.00389302 0.00800650 0.04625000
v -0.00389302 0.00800650 0.04685000
v -0.00395258 0.00806605 0.04685000
v -0.00395258 0.00806605 0.04625000
v -0.00369283 0.00789091 0.04685000
v -0.00369283 0.00789091 0.04625000
v -0.00369283 0.00760909 0.04685000
v -0.00365913 0.00763494 0.04685000
v -0.00369283 0.00760909 0.04625000
v -0.00363327 0.00766864 0.04625000
v -0.00363327 0.00766864 0.04685000
v -0.00361702 0.00770789 0.04685000
v -0.00361147 0.00775000 0.04625000
v -0.00361147 0.00775000 0.04685000
v -0.00361702 0.00779211 0.04685000
v -0.00363327 0.00783136 0.04625000
v -0.00365913 0.00786506 0.04685000
v -0.00363327 0.00783136 0.04685000
v -0.00389302 0.00749350 0.04685000
v -0.00389302 0.00749350 0.04625000
v -0.00397438 0.00735259 0.04625000
v -0.00397438 0.00735259 0.04685000
v -0.00395258 0.00743395 0.04685000
v -0.00395258 0.00743395 0.04625000
v -0.00397438 0.00712143 0.04685000
v -0.00397438 0.00712143 0.04625000
v -0.00421845 0.00698051 0.04685000
v -0.00417921 0.00696426 0.04685000
v -0.00421845 0.00698051 0.04625000
v -0.00413709 0.00695871 0.04625000
v -0.00413709 0.00695871 0.04685000
v -0.00409498 0.00696426 0.04685000
v -0.00405574 0.00698051 0.04625000
v -0.00405574 0.00698051 0.04685000
v -0.00402204 0.00700637 0.04685000
v -0.00399618 0.00704007 0.04625000
v -0.00397992 0.00707931 0.04685000
v -0.00399618 0.00704007 0.04685000
v -0.00466373 -0.00620867 0.04670000
v -0.00480950 -0.00623121 0.04670000
v -0.00480950 -0.00623121 0.04685000
v -0.00495247 -0.00626751 0.04685000
v -0.00495247 -0.00626751 0.04670000
v -0.00522486 -0.00637993 0.04670000
v -0.00522486 -0.00637993 0.04685000
v -0.00547104 -0.00654187 0.04670000
v -0.00547104 -0.00654187 0.04685000
v -0.00568214 -0.00674748 0.04670000
v -0.00568214 -0.00674748 0.04685000
v -0.00585050 -0.00698931 0.04670000
v -0.00585050 -0.00698931 0.04685000
v -0.00597006 -0.00725864 0.04670000
v -0.00597006 -0.00725864 0.04685000
v -0.00603648 -0.00754573 0.04670000
v -0.00603648 -0.00754573 0.04685000
v -0.00604737 -0.00784021 0.04670000
v -0.00604737 -0.00784021 0.04685000
v -0.00600234 -0.00813142 0.04670000
v -0.00600234 -0.00813142 0.04685000
v -0.00590300 -0.00840885 0.04670000
v -0.00590300 -0.00840885 0.04685000
v -0.00575296 -0.00866246 0.04670000
v -0.00575296 -0.00866246 0.04685000
v -0.00555764 -0.00888310 0.04670000
v -0.00555764 -0.00888310 0.04685000
v -0.00532408 -0.00906278 0.04670000
v -0.00532408 -0.00906278 0.04685000
v -0.00506075 -0.00919501 0.04670000
v -0.00506075 -0.00919501 0.04685000
v -0.00477714 -0.00927502 0.04670000
v -0.00477714 -0.00927502 0.04685000
v -0.00448352 -0.00929991 0.04670000
v -0.00448352 -0.00929991 0.04685000
v -0.00419050 -0.00926878 0.04670000
v -0.00419050 -0.00926878 0.04685000
v -0.00390866 -0.00918277 0.04670000
v -0.00390866 -0.00918277 0.04685000
v -0.00364819 -0.00904496 0.04670000
v -0.00364819 -0.00904496 0.04685000
v -0.00341851 -0.00886035 0.04670000
v -0.00341851 -0.00886035 0.04685000
v -0.00322792 -0.00863561 0.04670000
v -0.00322792 -0.00863561 0.04685000
v -0.00308330 -0.00837887 0.04670000
v -0.00308330 -0.00837887 0.04685000
v -0.00298989 -0.00809939 0.04670000
v -0.00298989 -0.00809939 0.04685000
v -0.00295106 -0.00780729 0.04670000
v -0.00295106 -0.00780729 0.04685000
v -0.00296821 -0.00751311 0.04670000
v -0.00296821 -0.00751311 0.04685000
v -0.00304072 -0.00722750 0.04670000
v -0.00304072 -0.00722750 0.04685000
v -0.00316598 -0.00696077 0.04670000
v -0.00316598 -0.00696077 0.04685000
v -0.00333944 -0.00672257 0.04670000
v -0.00333944 -0.00672257 0.04685000
v -0.00355486 -0.00652150 0.04670000
v -0.00355486 -0.00652150 0.04685000
v -0.00380444 -0.00636483 0.04670000
v -0.00380444 -0.00636483 0.04685000
v -0.00407915 -0.00625823 0.04670000
v -0.00407915 -0.00625823 0.04685000
v -0.00436907 -0.00620554 0.04670000
v -0.00436907 -0.00620554 0.04685000
v -0.00466373 -0.00620867 0.04685000
v -0.00424026 -0.00680059 0.04695000
v -0.00413665 -0.00683522 0.04695000
v -0.00384931 -0.00645420 0.04695000
v -0.00380766 -0.00844965 0.04695000
v -0.00388945 -0.00852206 0.04695000
v -0.00370315 -0.00896141 0.04695000
v -0.00507524 -0.00821737 0.04695000
v -0.00529448 -0.00814409 0.04695000
v -0.00567213 -0.00860359 0.04695000
v -0.00535613 -0.00811405 0.04695000
v -0.00581249 -0.00836634 0.04695000
v -0.00540790 -0.00806907 0.04695000
v -0.00590541 -0.00810681 0.04695000
v -0.00543032 -0.00775000 0.04695000
v -0.00587522 -0.00729035 0.04695000
v -0.00546036 -0.00781165 0.04695000
v -0.00593735 -0.00755891 0.04695000
v -0.00547342 -0.00787898 0.04695000
v -0.00594754 -0.00783439 0.04695000
v -0.00546862 -0.00794739 0.04695000
v -0.00544627 -0.00801223 0.04695000
v -0.00538534 -0.00769823 0.04695000
v -0.00521226 -0.00754500 0.04695000
v -0.00519435 -0.00751792 0.04695000
v -0.00361584 -0.00660076 0.04695000
v -0.00405608 -0.00690899 0.04695000
v -0.00341432 -0.00678886 0.04695000
v -0.00504816 -0.00823528 0.04695000
v -0.00503367 -0.00826433 0.04695000
v -0.00498751 -0.00849084 0.04695000
v -0.00494392 -0.00859101 0.04695000
v -0.00519237 -0.00748552 0.04695000
v -0.00523853 -0.00725901 0.04695000
v -0.00576337 -0.00703839 0.04695000
v -0.00523762 -0.00714977 0.04695000
v -0.00560587 -0.00681216 0.04695000
v -0.00519235 -0.00705035 0.04695000
v -0.00540840 -0.00661982 0.04695000
v -0.00511055 -0.00697794 0.04695000
v -0.00517809 -0.00646832 0.04695000
v -0.00500637 -0.00694505 0.04695000
v -0.00492328 -0.00636316 0.04695000
v -0.00478953 -0.00632920 0.04695000
v -0.00489783 -0.00695739 0.04695000
v -0.00467859 -0.00703067 0.04695000
v -0.00394681 -0.00909033 0.04695000
v -0.00399363 -0.00855494 0.04695000
v -0.00421046 -0.00917080 0.04695000
v -0.00410217 -0.00854261 0.04695000
v -0.00432141 -0.00846933 0.04695000
v -0.00410630 -0.00635447 0.04695000
v -0.00437752 -0.00630518 0.04695000
v -0.00434899 -0.00681109 0.04695000
v -0.00465317 -0.00630811 0.04695000
v -0.00444406 -0.00686492 0.04695000
v -0.00461714 -0.00701814 0.04695000
v -0.00464619 -0.00703264 0.04695000
v -0.00348829 -0.00878872 0.04695000
v -0.00330999 -0.00857848 0.04695000
v -0.00376238 -0.00835023 0.04695000
v -0.00317470 -0.00833830 0.04695000
v -0.00376147 -0.00824099 0.04695000
v -0.00380763 -0.00801448 0.04695000
v -0.00548940 -0.00880999 0.04695000
v -0.00527092 -0.00897808 0.04695000
v -0.00486335 -0.00866478 0.04695000
v -0.00502457 -0.00910179 0.04695000
v -0.00475974 -0.00869941 0.04695000
v -0.00475926 -0.00917663 0.04695000
v -0.00465101 -0.00868891 0.04695000
v -0.00448459 -0.00919992 0.04695000
v -0.00455594 -0.00863509 0.04695000
v -0.00438286 -0.00848186 0.04695000
v -0.00435381 -0.00846736 0.04695000
v -0.00401249 -0.00700916 0.04695000
v -0.00396633 -0.00723567 0.04695000
v -0.00395184 -0.00726472 0.04695000
v -0.00308732 -0.00807685 0.04695000
v -0.00354971 -0.00771394 0.04695000
v -0.00305099 -0.00780359 0.04695000
v -0.00352610 -0.00760728 0.04695000
v -0.00306703 -0.00752840 0.04695000
v -0.00354791 -0.00750024 0.04695000
v -0.00313487 -0.00726121 0.04695000
v -0.00361138 -0.00741132 0.04695000
v -0.00325204 -0.00701169 0.04695000
v -0.00370552 -0.00735591 0.04695000
v -0.00392476 -0.00728263 0.04695000
v -0.00380565 -0.00798208 0.04695000
v -0.00378774 -0.00795500 0.04695000
v -0.00361466 -0.00780177 0.04695000
v -0.00494134 -0.00841725 0.04595000
v -0.00492533 -0.00842756 0.04595000
v -0.00478942 -0.00849581 0.04595000
v -0.00475360 -0.00850874 0.04595000
v -0.00464304 -0.00853711 0.04595000
v -0.00454859 -0.00854852 0.04595000
v -0.00504588 -0.00833482 0.04595000
v -0.00509900 -0.00828029 0.04595000
v -0.00514669 -0.00822095 0.04595000
v -0.00521583 -0.00810719 0.04595000
v -0.00522413 -0.00809005 0.04595000
v -0.00527540 -0.00794686 0.04595000
v -0.00516725 -0.00730866 0.04595000
v -0.00519703 -0.00735739 0.04595000
v -0.00525874 -0.00749640 0.04595000
v -0.00529302 -0.00764457 0.04595000
v -0.00529852 -0.00770142 0.04595000
v -0.00529864 -0.00779656 0.04595000
v -0.00528389 -0.00790974 0.04595000
v -0.00511013 -0.00723257 0.04595000
v -0.00503029 -0.00715100 0.04595000
v -0.00500118 -0.00712645 0.04595000
v -0.00487412 -0.00704287 0.04595000
v -0.00424640 -0.00699126 0.04595000
v -0.00428279 -0.00698005 0.04595000
v -0.00443243 -0.00695286 0.04595000
v -0.00445142 -0.00695148 0.04595000
v -0.00458451 -0.00695448 0.04595000
v -0.00465974 -0.00696611 0.04595000
v -0.00473353 -0.00698485 0.04595000
v -0.00485719 -0.00703417 0.04595000
v -0.00414100 -0.00703507 0.04595000
v -0.00405866 -0.00708275 0.04595000
v -0.00401219 -0.00711594 0.04595000
v -0.00390100 -0.00721971 0.04595000
v -0.00381147 -0.00734266 0.04595000
v -0.00370148 -0.00779859 0.04595000
v -0.00370055 -0.00777957 0.04595000
v -0.00370940 -0.00762774 0.04595000
v -0.00371611 -0.00759026 0.04595000
v -0.00374682 -0.00748032 0.04595000
v -0.00378417 -0.00739281 0.04595000
v -0.00372059 -0.00793033 0.04595000
v -0.00374126 -0.00800360 0.04595000
v -0.00376880 -0.00807458 0.04595000
v -0.00383275 -0.00819134 0.04595000
v -0.00384344 -0.00820709 0.04595000
v -0.00394181 -0.00832309 0.04595000
v -0.00449149 -0.00854995 0.04595000
v -0.00434026 -0.00853389 0.04595000
v -0.00419479 -0.00848949 0.04595000
v -0.00414281 -0.00846583 0.04595000
v -0.00406036 -0.00841837 0.04595000
v -0.00396971 -0.00834900 0.04595000
v -0.00454859 -0.00854852 0.04313950
v -0.00434026 -0.00853389 0.04313950
v -0.00475360 -0.00850874 0.04313950
v -0.00494134 -0.00841725 0.04313950
v -0.00509900 -0.00828029 0.04313950
v -0.00521583 -0.00810719 0.04313950
v -0.00528389 -0.00790974 0.04313950
v -0.00529852 -0.00770142 0.04313950
v -0.00525874 -0.00749640 0.04313950
v -0.00516725 -0.00730866 0.04313950
v -0.00503029 -0.00715100 0.04313950
v -0.00485719 -0.00703417 0.04313950
v -0.00465974 -0.00696611 0.04313950
v -0.00445142 -0.00695148 0.04313950
v -0.00424640 -0.00699126 0.04313950
v -0.00405866 -0.00708275 0.04313950
v -0.00390100 -0.00721971 0.04313950
v -0.00378417 -0.00739281 0.04313950
v -0.00371611 -0.00759026 0.04313950
v -0.00370148 -0.00779859 0.04313950
v -0.00374126 -0.00800360 0.04313950
v -0.00383275 -0.00819134 0.04313950
v -0.00396971 -0.00834900 0.04313950
v -0.00414281 -0.00846583 0.04313950
v -0.00422742 -0.00829627 0.04295000
v -0.00409533 -0.00820711 0.04295000
v -0.00399081 -0.00808680 0.04295000
v -0.00392099 -0.00794353 0.04295000
v -0.00389063 -0.00778708 0.04295000
v -0.00390179 -0.00762810 0.04295000
v -0.00395373 -0.00747742 0.04295000
v -0.00404289 -0.00734533 0.04295000
v -0.00416320 -0.00724081 0.04295000
v -0.00430647 -0.00717099 0.04295000
v -0.00446292 -0.00714063 0.04295000
v -0.00462190 -0.00715179 0.04295000
v -0.00477258 -0.00720373 0.04295000
v -0.00490467 -0.00729289 0.04295000
v -0.00500919 -0.00741320 0.04295000
v -0.00507901 -0.00755647 0.04295000
v -0.00510937 -0.00771292 0.04295000
v -0.00509821 -0.00787190 0.04295000
v -0.00504627 -0.00802258 0.04295000
v -0.00495711 -0.00815467 0.04295000
v -0.00483680 -0.00825919 0.04295000
v -0.00469353 -0.00832901 0.04295000
v -0.00453708 -0.00835937 0.04295000
v -0.00437810 -0.00834821 0.04295000
v -0.00450000 -0.00775000 0.04295000
v -0.00455085 -0.00709302 0.04625000
v -0.00455085 -0.00709302 0.04685000
v -0.00462622 -0.00713062 0.04685000
v -0.00462622 -0.00713062 0.04625000
v -0.00471029 -0.00712551 0.04685000
v -0.00471029 -0.00712551 0.04625000
v -0.00437777 -0.00693979 0.04685000
v -0.00437777 -0.00693979 0.04625000
v -0.00411048 -0.00702913 0.04625000
v -0.00411048 -0.00702913 0.04685000
v -0.00413748 -0.00696709 0.04625000
v -0.00413748 -0.00696709 0.04685000
v -0.00418738 -0.00692140 0.04625000
v -0.00418738 -0.00692140 0.04685000
v -0.00425155 -0.00689995 0.04625000
v -0.00425155 -0.00689995 0.04685000
v -0.00431889 -0.00690645 0.04625000
v -0.00431889 -0.00690645 0.04685000
v -0.00406432 -0.00725564 0.04685000
v -0.00406432 -0.00725564 0.04625000
v -0.00395646 -0.00737747 0.04625000
v -0.00395646 -0.00737747 0.04685000
v -0.00402671 -0.00733100 0.04685000
v -0.00402671 -0.00733100 0.04625000
v -0.00373722 -0.00745075 0.04685000
v -0.00373722 -0.00745075 0.04625000
v -0.00368095 -0.00772690 0.04625000
v -0.00368095 -0.00772690 0.04685000
v -0.00364072 -0.00767250 0.04625000
v -0.00364072 -0.00767250 0.04685000
v -0.00362610 -0.00760644 0.04625000
v -0.00362610 -0.00760644 0.04685000
v -0.00363961 -0.00754014 0.04625000
v -0.00363961 -0.00754014 0.04685000
v -0.00367891 -0.00748507 0.04625000
v -0.00367891 -0.00748507 0.04685000
v -0.00385403 -0.00788013 0.04685000
v -0.00385403 -0.00788013 0.04625000
v -0.00390561 -0.00803445 0.04625000
v -0.00390561 -0.00803445 0.04685000
v -0.00390050 -0.00795038 0.04685000
v -0.00390050 -0.00795038 0.04625000
v -0.00385945 -0.00826096 0.04685000
v -0.00385945 -0.00826096 0.04625000
v -0.00407047 -0.00844777 0.04625000
v -0.00407047 -0.00844777 0.04685000
v -0.00400324 -0.00845541 0.04625000
v -0.00400324 -0.00845541 0.04685000
v -0.00393872 -0.00843504 0.04625000
v -0.00393872 -0.00843504 0.04685000
v -0.00388806 -0.00839019 0.04625000
v -0.00388806 -0.00839019 0.04685000
v -0.00386002 -0.00832862 0.04625000
v -0.00386002 -0.00832862 0.04685000
v -0.00428971 -0.00837449 0.04685000
v -0.00428971 -0.00837449 0.04625000
v -0.00444915 -0.00840698 0.04625000
v -0.00444915 -0.00840698 0.04685000
v -0.00437378 -0.00836938 0.04685000
v -0.00437378 -0.00836938 0.04625000
v -0.00462223 -0.00856021 0.04685000
v -0.00462223 -0.00856021 0.04625000
v -0.00488952 -0.00847087 0.04625000
v -0.00488952 -0.00847087 0.04685000
v -0.00486252 -0.00853291 0.04625000
v -0.00486252 -0.00853291 0.04685000
v -0.00481262 -0.00857860 0.04625000
v -0.00481262 -0.00857860 0.04685000
v -0.00474845 -0.00860005 0.04625000
v -0.00474845 -0.00860005 0.04685000
v -0.00468111 -0.00859355 0.04625000
v -0.00468111 -0.00859355 0.04685000
v -0.00493568 -0.00824436 0.04685000
v -0.00493568 -0.00824436 0.04625000
v -0.00504354 -0.00812253 0.04625000
v -0.00504354 -0.00812253 0.04685000
v -0.00497329 -0.00816900 0.04685000
v -0.00497329 -0.00816900 0.04625000
v -0.00526278 -0.00804925 0.04685000
v -0.00526278 -0.00804925 0.04625000
v -0.00531905 -0.00777310 0.04625000
v -0.00531905 -0.00777310 0.04685000
v -0.00534691 -0.00780517 0.04685000
v -0.00536552 -0.00784335 0.04625000
v -0.00536552 -0.00784335 0.04685000
v -0.00537361 -0.00788505 0.04685000
v -0.00537063 -0.00792742 0.04625000
v -0.00537063 -0.00792742 0.04685000
v -0.00535679 -0.00796758 0.04685000
v -0.00533303 -0.00800279 0.04625000
v -0.00530096 -0.00803064 0.04685000
v -0.00533303 -0.00800279 0.04685000
v -0.00514597 -0.00761987 0.04685000
v -0.00514597 -0.00761987 0.04625000
v -0.00509439 -0.00746555 0.04625000
v -0.00509439 -0.00746555 0.04685000
v -0.00509950 -0.00754962 0.04685000
v -0.00509950 -0.00754962 0.04625000
v -0.00514055 -0.00723904 0.04685000
v -0.00514055 -0.00723904 0.04625000
v -0.00492953 -0.00705223 0.04625000
v -0.00492953 -0.00705223 0.04685000
v -0.00499676 -0.00704459 0.04625000
v -0.00499676 -0.00704459 0.04685000
v -0.00506128 -0.00706496 0.04625000
v -0.00506128 -0.00706496 0.04685000
v -0.00511194 -0.00710981 0.04625000
v -0.00511194 -0.00710981 0.04685000
v -0.00513998 -0.00717138 0.04625000
v -0.00513998 -0.00717138 0.04685000
v -0.00464734 -0.00929298 0.00065000
v -0.00450000 -0.00930000 0.00065000
v -0.00450000 -0.00930000 0.00080000
v -0.00435266 -0.00929298 0.00080000
v -0.00464734 -0.00929298 0.00080000
v -0.00493669 -0.00923721 0.00080000
v -0.00493669 -0.00923721 0.00065000
v -0.00521025 -0.00912770 0.00080000
v -0.00521025 -0.00912770 0.00065000
v -0.00545815 -0.00896838 0.00080000
v -0.00545815 -0.00896838 0.00065000
v -0.00567141 -0.00876503 0.00080000
v -0.00567141 -0.00876503 0.00065000
v -0.00584234 -0.00852500 0.00080000
v -0.00584234 -0.00852500 0.00065000
v -0.00596475 -0.00825696 0.00080000
v -0.00596475 -0.00825696 0.00065000
v -0.00603422 -0.00797059 0.00080000
v -0.00603422 -0.00797059 0.00065000
v -0.00604824 -0.00767625 0.00080000
v -0.00604824 -0.00767625 0.00065000
v -0.00600631 -0.00738457 0.00080000
v -0.00600631 -0.00738457 0.00065000
v -0.00590993 -0.00710611 0.00080000
v -0.00590993 -0.00710611 0.00065000
v -0.00576259 -0.00685091 0.00080000
v -0.00576259 -0.00685091 0.00065000
v -0.00556962 -0.00662821 0.00080000
v -0.00556962 -0.00662821 0.00065000
v -0.00533799 -0.00644606 0.00080000
v -0.00533799 -0.00644606 0.00065000
v -0.00507608 -0.00631103 0.00080000
v -0.00507608 -0.00631103 0.00065000
v -0.00479334 -0.00622801 0.00080000
v -0.00479334 -0.00622801 0.00065000
v -0.00450000 -0.00620000 0.00080000
v -0.00450000 -0.00620000 0.00065000
v -0.00420666 -0.00622801 0.00080000
v -0.00420666 -0.00622801 0.00065000
v -0.00392392 -0.00631103 0.00080000
v -0.00392392 -0.00631103 0.00065000
v -0.00366201 -0.00644606 0.00080000
v -0.00366201 -0.00644606 0.00065000
v -0.00343038 -0.00662821 0.00080000
v -0.00343038 -0.00662821 0.00065000
v -0.00323741 -0.00685091 0.00080000
v -0.00323741 -0.00685091 0.00065000
v -0.00309007 -0.00710611 0.00080000
v -0.00309007 -0.00710611 0.00065000
v -0.00299369 -0.00738457 0.00080000
v -0.00299369 -0.00738457 0.00065000
v -0.00295176 -0.00767625 0.00080000
v -0.00295176 -0.00767625 0.00065000
v -0.00296578 -0.00797059 0.00080000
v -0.00296578 -0.00797059 0.00065000
v -0.00303525 -0.00825696 0.00080000
v -0.00303525 -0.00825696 0.00065000
v -0.00315766 -0.00852500 0.00080000
v -0.00315766 -0.00852500 0.00065000
v -0.00332859 -0.00876503 0.00080000
v -0.00332859 -0.00876503 0.00065000
v -0.00354185 -0.00896838 0.00080000
v -0.00354185 -0.00896838 0.00065000
v -0.00378975 -0.00912770 0.00080000
v -0.00378975 -0.00912770 0.00065000
v -0.00406331 -0.00923721 0.00080000
v -0.00406331 -0.00923721 0.00065000
v -0.00435266 -0.00929298 0.00065000
v -0.00405591 -0.00862843 0.00055000
v -0.00396130 -0.00857381 0.00055000
v -0.00360367 -0.00888978 0.00055000
v -0.00340416 -0.00869955 0.00055000
v -0.00389709 -0.00848543 0.00055000
v -0.00324426 -0.00847500 0.00055000
v -0.00384302 -0.00809310 0.00055000
v -0.00364283 -0.00797752 0.00055000
v -0.00358842 -0.00793577 0.00055000
v -0.00312975 -0.00822425 0.00055000
v -0.00354667 -0.00788136 0.00055000
v -0.00306476 -0.00795636 0.00055000
v -0.00352042 -0.00781799 0.00055000
v -0.00305164 -0.00768101 0.00055000
v -0.00386598 -0.00811605 0.00055000
v -0.00387438 -0.00814741 0.00055000
v -0.00387438 -0.00837857 0.00055000
v -0.00351147 -0.00775000 0.00055000
v -0.00352042 -0.00768200 0.00055000
v -0.00309087 -0.00740815 0.00055000
v -0.00354667 -0.00761864 0.00055000
v -0.00318103 -0.00714765 0.00055000
v -0.00358842 -0.00756423 0.00055000
v -0.00331886 -0.00690892 0.00055000
v -0.00510291 -0.00701457 0.00055000
v -0.00512562 -0.00712143 0.00055000
v -0.00581897 -0.00714765 0.00055000
v -0.00515698 -0.00740690 0.00055000
v -0.00535717 -0.00752248 0.00055000
v -0.00541158 -0.00756423 0.00055000
v -0.00590913 -0.00740815 0.00055000
v -0.00545333 -0.00761864 0.00055000
v -0.00594836 -0.00768101 0.00055000
v -0.00512562 -0.00814741 0.00055000
v -0.00512562 -0.00837857 0.00055000
v -0.00575574 -0.00847500 0.00055000
v -0.00511667 -0.00844657 0.00055000
v -0.00559584 -0.00869955 0.00055000
v -0.00509042 -0.00850993 0.00055000
v -0.00539633 -0.00888978 0.00055000
v -0.00504867 -0.00856434 0.00055000
v -0.00516443 -0.00903881 0.00055000
v -0.00499426 -0.00860609 0.00055000
v -0.00493090 -0.00863233 0.00055000
v -0.00490851 -0.00914126 0.00055000
v -0.00486291 -0.00864129 0.00055000
v -0.00463783 -0.00919343 0.00055000
v -0.00479491 -0.00863233 0.00055000
v -0.00450000 -0.00920000 0.00055000
v -0.00473155 -0.00860609 0.00055000
v -0.00453136 -0.00849051 0.00055000
v -0.00387438 -0.00735259 0.00055000
v -0.00387438 -0.00712143 0.00055000
v -0.00388333 -0.00705343 0.00055000
v -0.00349939 -0.00670059 0.00055000
v -0.00390958 -0.00699007 0.00055000
v -0.00371607 -0.00653018 0.00055000
v -0.00395133 -0.00693566 0.00055000
v -0.00400574 -0.00689391 0.00055000
v -0.00396109 -0.00640387 0.00055000
v -0.00406910 -0.00686767 0.00055000
v -0.00422559 -0.00632620 0.00055000
v -0.00413709 -0.00685871 0.00055000
v -0.00450000 -0.00630000 0.00055000
v -0.00541158 -0.00793577 0.00055000
v -0.00545333 -0.00788136 0.00055000
v -0.00587025 -0.00822425 0.00055000
v -0.00547958 -0.00781799 0.00055000
v -0.00593524 -0.00795636 0.00055000
v -0.00548853 -0.00775000 0.00055000
v -0.00547958 -0.00768200 0.00055000
v -0.00383557 -0.00903881 0.00055000
v -0.00409149 -0.00914126 0.00055000
v -0.00416455 -0.00863985 0.00055000
v -0.00436217 -0.00919343 0.00055000
v -0.00426845 -0.00860609 0.00055000
v -0.00446864 -0.00849051 0.00055000
v -0.00450000 -0.00848211 0.00055000
v -0.00420509 -0.00686767 0.00055000
v -0.00426845 -0.00689391 0.00055000
v -0.00446864 -0.00700949 0.00055000
v -0.00513402 -0.00811605 0.00055000
v -0.00515698 -0.00809310 0.00055000
v -0.00535717 -0.00797752 0.00055000
v -0.00386598 -0.00738395 0.00055000
v -0.00384302 -0.00740690 0.00055000
v -0.00364283 -0.00752248 0.00055000
v -0.00568113 -0.00690892 0.00055000
v -0.00550061 -0.00670059 0.00055000
v -0.00503870 -0.00692619 0.00055000
v -0.00528393 -0.00653018 0.00055000
v -0.00494409 -0.00687157 0.00055000
v -0.00503891 -0.00640387 0.00055000
v -0.00483545 -0.00686015 0.00055000
v -0.00477441 -0.00632620 0.00055000
v -0.00473155 -0.00689391 0.00055000
v -0.00453136 -0.00700949 0.00055000
v -0.00450000 -0.00701789 0.00055000
v -0.00514029 -0.00739290 0.00055000
v -0.00512940 -0.00737404 0.00055000
v -0.00512562 -0.00735259 0.00055000
v -0.00380718 -0.00735000 0.00155000
v -0.00377229 -0.00741767 0.00155000
v -0.00470706 -0.00697726 0.00155000
v -0.00479733 -0.00700731 0.00155000
v -0.00490000 -0.00705718 0.00155000
v -0.00493251 -0.00707700 0.00155000
v -0.00505206 -0.00717101 0.00155000
v -0.00519282 -0.00735000 0.00155000
v -0.00515166 -0.00728595 0.00155000
v -0.00506569 -0.00718431 0.00155000
v -0.00530000 -0.00775000 0.00155000
v -0.00529909 -0.00771193 0.00155000
v -0.00527745 -0.00756139 0.00155000
v -0.00527274 -0.00754294 0.00155000
v -0.00522771 -0.00741767 0.00155000
v -0.00529186 -0.00786385 0.00155000
v -0.00527274 -0.00795706 0.00155000
v -0.00525600 -0.00801165 0.00155000
v -0.00519282 -0.00815000 0.00155000
v -0.00510460 -0.00827389 0.00155000
v -0.00470706 -0.00852274 0.00155000
v -0.00472539 -0.00851759 0.00155000
v -0.00486658 -0.00846107 0.00155000
v -0.00490000 -0.00844282 0.00155000
v -0.00499453 -0.00837884 0.00155000
v -0.00506569 -0.00831569 0.00155000
v -0.00457604 -0.00854638 0.00155000
v -0.00450000 -0.00855000 0.00155000
v -0.00442395 -0.00854638 0.00155000
v -0.00429294 -0.00852274 0.00155000
v -0.00427461 -0.00851759 0.00155000
v -0.00413342 -0.00846107 0.00155000
v -0.00372726 -0.00795706 0.00155000
v -0.00374400 -0.00801165 0.00155000
v -0.00380718 -0.00815000 0.00155000
v -0.00389540 -0.00827389 0.00155000
v -0.00393431 -0.00831569 0.00155000
v -0.00400547 -0.00837884 0.00155000
v -0.00410000 -0.00844282 0.00155000
v -0.00370814 -0.00786385 0.00155000
v -0.00370000 -0.00775000 0.00155000
v -0.00370091 -0.00771193 0.00155000
v -0.00372255 -0.00756139 0.00155000
v -0.00372726 -0.00754294 0.00155000
v -0.00384834 -0.00728595 0.00155000
v -0.00393431 -0.00718431 0.00155000
v -0.00394794 -0.00717101 0.00155000
v -0.00406749 -0.00707700 0.00155000
v -0.00465140 -0.00696446 0.00155000
v -0.00450000 -0.00695000 0.00155000
v -0.00434860 -0.00696446 0.00155000
v -0.00429294 -0.00697726 0.00155000
v -0.00420267 -0.00700731 0.00155000
v -0.00410000 -0.00705718 0.00155000
v -0.00470706 -0.00697726 0.00436050
v -0.00450000 -0.00695000 0.00436050
v -0.00490000 -0.00705718 0.00436050
v -0.00506569 -0.00718431 0.00436050
v -0.00519282 -0.00735000 0.00436050
v -0.00527274 -0.00754294 0.00436050
v -0.00530000 -0.00775000 0.00436050
v -0.00527274 -0.00795706 0.00436050
v -0.00519282 -0.00815000 0.00436050
v -0.00506569 -0.00831569 0.00436050
v -0.00490000 -0.00844282 0.00436050
v -0.00470706 -0.00852274 0.00436050
v -0.00450000 -0.00855000 0.00436050
v -0.00429294 -0.00852274 0.00436050
v -0.00410000 -0.00844282 0.00436050
v -0.00393431 -0.00831569 0.00436050
v -0.00380718 -0.00815000 0.00436050
v -0.00372726 -0.00795706 0.00436050
v -0.00370000 -0.00775000 0.00436050
v -0.00372726 -0.00754294 0.00436050
v -0.00380718 -0.00735000 0.00436050
v -0.00393431 -0.00718431 0.00436050
v -0.00410000 -0.00705718 0.00436050
v -0.00429294 -0.00697726 0.00436050
v -0.00434199 -0.00716030 0.00455000
v -0.00419475 -0.00722129 0.00455000
v -0.00406831 -0.00731831 0.00455000
v -0.00397129 -0.00744475 0.00455000
v -0.00391030 -0.00759199 0.00455000
v -0.00388950 -0.00775000 0.00455000
v -0.00391030 -0.00790801 0.00455000
v -0.00397129 -0.00805525 0.00455000
v -0.00406831 -0.00818169 0.00455000
v -0.00419475 -0.00827871 0.00455000
v -0.00434199 -0.00833970 0.00455000
v -0.00450000 -0.00836050 0.00455000
v -0.00465801 -0.00833970 0.00455000
v -0.00480525 -0.00827871 0.00455000
v -0.00493169 -0.00818169 0.00455000
v -0.00502871 -0.00805525 0.00455000
v -0.00508970 -0.00790801 0.00455000
v -0.00511050 -0.00775000 0.00455000
v -0.00508970 -0.00759199 0.00455000
v -0.00502871 -0.00744475 0.00455000
v -0.00493169 -0.00731831 0.00455000
v -0.00480525 -0.00722129 0.00455000
v -0.00465801 -0.00716030 0.00455000
v -0.00450000 -0.00713950 0.00455000
v -0.00450000 -0.00775000 0.00455000
v -0.00441864 -0.00840390 0.00125000
v -0.00441864 -0.00840390 0.00065000
v -0.00450000 -0.00838211 0.00065000
v -0.00450000 -0.00838211 0.00125000
v -0.00458136 -0.00840390 0.00065000
v -0.00458136 -0.00840390 0.00125000
v -0.00421845 -0.00851949 0.00065000
v -0.00421845 -0.00851949 0.00125000
v -0.00397438 -0.00837857 0.00125000
v -0.00397438 -0.00837857 0.00065000
v -0.00398845 -0.00844475 0.00125000
v -0.00398845 -0.00844475 0.00065000
v -0.00402822 -0.00849949 0.00125000
v -0.00402822 -0.00849949 0.00065000
v -0.00408681 -0.00853332 0.00125000
v -0.00408681 -0.00853332 0.00065000
v -0.00415410 -0.00854039 0.00125000
v -0.00415410 -0.00854039 0.00065000
v -0.00397438 -0.00814741 0.00065000
v -0.00397438 -0.00814741 0.00125000
v -0.00389302 -0.00800650 0.00125000
v -0.00389302 -0.00800650 0.00065000
v -0.00395258 -0.00806605 0.00065000
v -0.00395258 -0.00806605 0.00125000
v -0.00369283 -0.00789091 0.00065000
v -0.00369283 -0.00789091 0.00125000
v -0.00369283 -0.00760909 0.00065000
v -0.00365913 -0.00763494 0.00065000
v -0.00369283 -0.00760909 0.00125000
v -0.00363327 -0.00766864 0.00125000
v -0.00363327 -0.00766864 0.00065000
v -0.00361702 -0.00770789 0.00065000
v -0.00361147 -0.00775000 0.00125000
v -0.00361147 -0.00775000 0.00065000
v -0.00361702 -0.00779211 0.00065000
v -0.00363327 -0.00783136 0.00125000
v -0.00365913 -0.00786506 0.00065000
v -0.00363327 -0.00783136 0.00065000
v -0.00389302 -0.00749350 0.00065000
v -0.00389302 -0.00749350 0.00125000
v -0.00397438 -0.00735259 0.00125000
v -0.00397438 -0.00735259 0.00065000
v -0.00395258 -0.00743395 0.00065000
v -0.00395258 -0.00743395 0.00125000
v -0.00397438 -0.00712143 0.00065000
v -0.00397438 -0.00712143 0.00125000
v -0.00421845 -0.00698051 0.00125000
v -0.00421845 -0.00698051 0.00065000
v -0.00417921 -0.00696426 0.00065000
v -0.00413709 -0.00695871 0.00125000
v -0.00413709 -0.00695871 0.00065000
v -0.00409498 -0.00696426 0.00065000
v -0.00405574 -0.00698051 0.00125000
v -0.00405574 -0.00698051 0.00065000
v -0.00402204 -0.00700637 0.00065000
v -0.00399618 -0.00704007 0.00125000
v -0.00397992 -0.00707931 0.00065000
v -0.00399618 -0.00704007 0.00065000
v -0.00441864 -0.00709610 0.00065000
v -0.00441864 -0.00709610 0.00125000
v -0.00458136 -0.00709610 0.00125000
v -0.00458136 -0.00709610 0.00065000
v -0.00450000 -0.00711789 0.00065000
v -0.00450000 -0.00711789 0.00125000
v -0.00478155 -0.00698051 0.00065000
v -0.00478155 -0.00698051 0.00125000
v -0.00502562 -0.00712143 0.00125000
v -0.00502562 -0.00712143 0.00065000
v -0.00501155 -0.00705525 0.00125000
v -0.00501155 -0.00705525 0.00065000
v -0.00497178 -0.00700051 0.00125000
v -0.00497178 -0.00700051 0.00065000
v -0.00491319 -0.00696668 0.00125000
v -0.00491319 -0.00696668 0.00065000
v -0.00484590 -0.00695961 0.00125000
v -0.00484590 -0.00695961 0.00065000
v -0.00502562 -0.00735259 0.00065000
v -0.00502562 -0.00735259 0.00125000
v -0.00510698 -0.00749350 0.00125000
v -0.00510698 -0.00749350 0.00065000
v -0.00506369 -0.00745718 0.00065000
v -0.00506369 -0.00745718 0.00125000
v -0.00503543 -0.00740824 0.00065000
v -0.00503543 -0.00740824 0.00125000
v -0.00530717 -0.00760909 0.00065000
v -0.00530717 -0.00760909 0.00125000
v -0.00530717 -0.00789091 0.00125000
v -0.00530717 -0.00789091 0.00065000
v -0.00534087 -0.00786506 0.00065000
v -0.00536673 -0.00783136 0.00125000
v -0.00536673 -0.00783136 0.00065000
v -0.00538298 -0.00779211 0.00065000
v -0.00538853 -0.00775000 0.00125000
v -0.00538853 -0.00775000 0.00065000
v -0.00538298 -0.00770789 0.00065000
v -0.00536673 -0.00766864 0.00125000
v -0.00534087 -0.00763494 0.00065000
v -0.00536673 -0.00766864 0.00065000
v -0.00510698 -0.00800650 0.00065000
v -0.00510698 -0.00800650 0.00125000
v -0.00502562 -0.00814741 0.00125000
v -0.00502562 -0.00814741 0.00065000
v -0.00504742 -0.00806605 0.00065000
v -0.00504742 -0.00806605 0.00125000
v -0.00502562 -0.00837857 0.00065000
v -0.00502562 -0.00837857 0.00125000
v -0.00478155 -0.00851949 0.00125000
v -0.00478155 -0.00851949 0.00065000
v -0.00482079 -0.00853574 0.00065000
v -0.00486291 -0.00854129 0.00125000
v -0.00486291 -0.00854129 0.00065000
v -0.00490502 -0.00853574 0.00065000
v -0.00494426 -0.00851949 0.00125000
v -0.00494426 -0.00851949 0.00065000
v -0.00497796 -0.00849363 0.00065000
v -0.00500382 -0.00845993 0.00125000
v -0.00502008 -0.00842069 0.00065000
v -0.00500382 -0.00845993 0.00065000
v -0.00435266 0.00620702 0.00080000
v -0.00450000 0.00620000 0.00080000
v -0.00450000 0.00620000 0.00065000
v -0.00464734 0.00620702 0.00065000
v -0.00464734 0.00620702 0.00080000
v -0.00493669 0.00626279 0.00080000
v -0.00493669 0.00626279 0.00065000
v -0.00521025 0.00637231 0.00080000
v -0.00521025 0.00637231 0.00065000
v -0.00545815 0.00653162 0.00080000
v -0.00545815 0.00653162 0.00065000
v -0.00567141 0.00673497 0.00080000
v -0.00567141 0.00673497 0.00065000
v -0.00584234 0.00697500 0.00080000
v -0.00584234 0.00697500 0.00065000
v -0.00596475 0.00724304 0.00080000
v -0.00596475 0.00724304 0.00065000
v -0.00603422 0.00752941 0.00080000
v -0.00603422 0.00752941 0.00065000
v -0.00604824 0.00782375 0.00080000
v -0.00604824 0.00782375 0.00065000
v -0.00600631 0.00811543 0.00080000
v -0.00600631 0.00811543 0.00065000
v -0.00590993 0.00839389 0.00080000
v -0.00590993 0.00839389 0.00065000
v -0.00576259 0.00864909 0.00080000
v -0.00576259 0.00864909 0.00065000
v -0.00556962 0.00887179 0.00080000
v -0.00556962 0.00887179 0.00065000
v -0.00533799 0.00905394 0.00080000
v -0.00533799 0.00905394 0.00065000
v -0.00507608 0.00918897 0.00080000
v -0.00507608 0.00918897 0.00065000
v -0.00479334 0.00927199 0.00080000
v -0.00479334 0.00927199 0.00065000
v -0.00450000 0.00930000 0.00080000
v -0.00450000 0.00930000 0.00065000
v -0.00420666 0.00927199 0.00080000
v -0.00420666 0.00927199 0.00065000
v -0.00392392 0.00918897 0.00080000
v -0.00392392 0.00918897 0.00065000
v -0.00366201 0.00905394 0.00080000
v -0.00366201 0.00905394 0.00065000
v -0.00343038 0.00887179 0.00080000
v -0.00343038 0.00887179 0.00065000
v -0.00323741 0.00864909 0.00080000
v -0.00323741 0.00864909 0.00065000
v -0.00309007 0.00839389 0.00080000
v -0.00309007 0.00839389 0.00065000
v -0.00299369 0.00811543 0.00080000
v -0.00299369 0.00811543 0.00065000
v -0.00295176 0.00782375 0.00080000
v -0.00295176 0.00782375 0.00065000
v -0.00296578 0.00752941 0.00080000
v -0.00296578 0.00752941 0.00065000
v -0.00303525 0.00724304 0.00080000
v -0.00303525 0.00724304 0.00065000
v -0.00315766 0.00697500 0.00080000
v -0.00315766 0.00697500 0.00065000
v -0.00332859 0.00673497 0.00080000
v -0.00332859 0.00673497 0.00065000
v -0.00354185 0.00653162 0.00080000
v -0.00354185 0.00653162 0.00065000
v -0.00378975 0.00637231 0.00080000
v -0.00378975 0.00637231 0.00065000
v -0.00406331 0.00626279 0.00080000
v -0.00406331 0.00626279 0.00065000
v -0.00435266 0.00620702 0.00065000
v -0.00512562 0.00712143 0.00055000
v -0.00511667 0.00705343 0.00055000
v -0.00575574 0.00702500 0.00055000
v -0.00305164 0.00781899 0.00055000
v -0.00306476 0.00754364 0.00055000
v -0.00352042 0.00768200 0.00055000
v -0.00450000 0.00920000 0.00055000
v -0.00422559 0.00917380 0.00055000
v -0.00413709 0.00864129 0.00055000
v -0.00548279 0.00780462 0.00055000
v -0.00548279 0.00769538 0.00055000
v -0.00593524 0.00754364 0.00055000
v -0.00587025 0.00727575 0.00055000
v -0.00543835 0.00759558 0.00055000
v -0.00535717 0.00752248 0.00055000
v -0.00515698 0.00740690 0.00055000
v -0.00559584 0.00680045 0.00055000
v -0.00509042 0.00699007 0.00055000
v -0.00539633 0.00661022 0.00055000
v -0.00504867 0.00693566 0.00055000
v -0.00516443 0.00646119 0.00055000
v -0.00406910 0.00863233 0.00055000
v -0.00396109 0.00909613 0.00055000
v -0.00400574 0.00860609 0.00055000
v -0.00371607 0.00896982 0.00055000
v -0.00395133 0.00856434 0.00055000
v -0.00568113 0.00859108 0.00055000
v -0.00512562 0.00837857 0.00055000
v -0.00512562 0.00814741 0.00055000
v -0.00354667 0.00761864 0.00055000
v -0.00312975 0.00727575 0.00055000
v -0.00358842 0.00756423 0.00055000
v -0.00324426 0.00702500 0.00055000
v -0.00364283 0.00752248 0.00055000
v -0.00594836 0.00781899 0.00055000
v -0.00590913 0.00809185 0.00055000
v -0.00543835 0.00790442 0.00055000
v -0.00581897 0.00835235 0.00055000
v -0.00535717 0.00797752 0.00055000
v -0.00515698 0.00809310 0.00055000
v -0.00513402 0.00811605 0.00055000
v -0.00513402 0.00738395 0.00055000
v -0.00512562 0.00735259 0.00055000
v -0.00499426 0.00689391 0.00055000
v -0.00493090 0.00686767 0.00055000
v -0.00490851 0.00635874 0.00055000
v -0.00486291 0.00685871 0.00055000
v -0.00463783 0.00630657 0.00055000
v -0.00479491 0.00686767 0.00055000
v -0.00450000 0.00630000 0.00055000
v -0.00383557 0.00646119 0.00055000
v -0.00400574 0.00689391 0.00055000
v -0.00360367 0.00661022 0.00055000
v -0.00395133 0.00693566 0.00055000
v -0.00340416 0.00680045 0.00055000
v -0.00390958 0.00699007 0.00055000
v -0.00388333 0.00705343 0.00055000
v -0.00387438 0.00712143 0.00055000
v -0.00387438 0.00735259 0.00055000
v -0.00390958 0.00850993 0.00055000
v -0.00349939 0.00879941 0.00055000
v -0.00388333 0.00844657 0.00055000
v -0.00331886 0.00859108 0.00055000
v -0.00387438 0.00837857 0.00055000
v -0.00420509 0.00863233 0.00055000
v -0.00426845 0.00860609 0.00055000
v -0.00446864 0.00849051 0.00055000
v -0.00386598 0.00738395 0.00055000
v -0.00384302 0.00740690 0.00055000
v -0.00351147 0.00775000 0.00055000
v -0.00352042 0.00781799 0.00055000
v -0.00309087 0.00809185 0.00055000
v -0.00354667 0.00788136 0.00055000
v -0.00318103 0.00835235 0.00055000
v -0.00358842 0.00793577 0.00055000
v -0.00364283 0.00797752 0.00055000
v -0.00384302 0.00809310 0.00055000
v -0.00510291 0.00848543 0.00055000
v -0.00550061 0.00879941 0.00055000
v -0.00503870 0.00857381 0.00055000
v -0.00528393 0.00896982 0.00055000
v -0.00494409 0.00862843 0.00055000
v -0.00503891 0.00909613 0.00055000
v -0.00483545 0.00863985 0.00055000
v -0.00477441 0.00917380 0.00055000
v -0.00473155 0.00860609 0.00055000
v -0.00453136 0.00849051 0.00055000
v -0.00450000 0.00848211 0.00055000
v -0.00473155 0.00689391 0.00055000
v -0.00453136 0.00700949 0.00055000
v -0.00450000 0.00701789 0.00055000
v -0.00446864 0.00700949 0.00055000
v -0.00426845 0.00689391 0.00055000
v -0.00436217 0.00630657 0.00055000
v -0.00420509 0.00686767 0.00055000
v -0.00409149 0.00635874 0.00055000
v -0.00413709 0.00685871 0.00055000
v -0.00406910 0.00686767 0.00055000
v -0.00386598 0.00811605 0.00055000
v -0.00387438 0.00814741 0.00055000
v -0.00380718 0.00815000 0.00155000
v -0.00377229 0.00808233 0.00155000
v -0.00470706 0.00852274 0.00155000
v -0.00479733 0.00849269 0.00155000
v -0.00490000 0.00844282 0.00155000
v -0.00493251 0.00842300 0.00155000
v -0.00505206 0.00832899 0.00155000
v -0.00515166 0.00821405 0.00155000
v -0.00506569 0.00831569 0.00155000
v -0.00530000 0.00775000 0.00155000
v -0.00529909 0.00778807 0.00155000
v -0.00527745 0.00793861 0.00155000
v -0.00527274 0.00795706 0.00155000
v -0.00522771 0.00808233 0.00155000
v -0.00519282 0.00815000 0.00155000
v -0.00529186 0.00763615 0.00155000
v -0.00527274 0.00754294 0.00155000
v -0.00525600 0.00748835 0.00155000
v -0.00519282 0.00735000 0.00155000
v -0.00510460 0.00722611 0.00155000
v -0.00470706 0.00697726 0.00155000
v -0.00472539 0.00698241 0.00155000
v -0.00486658 0.00703893 0.00155000
v -0.00490000 0.00705718 0.00155000
v -0.00499453 0.00712116 0.00155000
v -0.00506569 0.00718431 0.00155000
v -0.00457604 0.00695362 0.00155000
v -0.00450000 0.00695000 0.00155000
v -0.00442395 0.00695362 0.00155000
v -0.00429294 0.00697726 0.00155000
v -0.00427461 0.00698241 0.00155000
v -0.00413342 0.00703893 0.00155000
v -0.00372726 0.00754294 0.00155000
v -0.00374400 0.00748835 0.00155000
v -0.00380718 0.00735000 0.00155000
v -0.00389540 0.00722611 0.00155000
v -0.00393431 0.00718431 0.00155000
v -0.00400547 0.00712116 0.00155000
v -0.00410000 0.00705718 0.00155000
v -0.00370814 0.00763615 0.00155000
v -0.00370000 0.00775000 0.00155000
v -0.00370091 0.00778807 0.00155000
v -0.00372255 0.00793861 0.00155000
v -0.00372726 0.00795706 0.00155000
v -0.00384834 0.00821405 0.00155000
v -0.00393431 0.00831569 0.00155000
v -0.00394794 0.00832899 0.00155000
v -0.00406749 0.00842300 0.00155000
v -0.00465140 0.00853554 0.00155000
v -0.00450000 0.00855000 0.00155000
v -0.00434860 0.00853554 0.00155000
v -0.00429294 0.00852274 0.00155000
v -0.00420267 0.00849269 0.00155000
v -0.00410000 0.00844282 0.00155000
v -0.00470706 0.00852274 0.00436050
v -0.00450000 0.00855000 0.00436050
v -0.00490000 0.00844282 0.00436050
v -0.00506569 0.00831569 0.00436050
v -0.00519282 0.00815000 0.00436050
v -0.00527274 0.00795706 0.00436050
v -0.00530000 0.00775000 0.00436050
v -0.00527274 0.00754294 0.00436050
v -0.00519282 0.00735000 0.00436050
v -0.00506569 0.00718431 0.00436050
v -0.00490000 0.00705718 0.00436050
v -0.00470706 0.00697726 0.00436050
v -0.00450000 0.00695000 0.00436050
v -0.00429294 0.00697726 0.00436050
v -0.00410000 0.00705718 0.00436050
v -0.00393431 0.00718431 0.00436050
v -0.00380718 0.00735000 0.00436050
v -0.00372726 0.00754294 0.00436050
v -0.00370000 0.00775000 0.00436050
v -0.00372726 0.00795706 0.00436050
v -0.00380718 0.00815000 0.00436050
v -0.00393431 0.00831569 0.00436050
v -0.00410000 0.00844282 0.00436050
v -0.00429294 0.00852274 0.00436050
v -0.00434199 0.00833970 0.00455000
v -0.00419475 0.00827871 0.00455000
v -0.00406831 0.00818169 0.00455000
v -0.00397129 0.00805525 0.00455000
v -0.00391030 0.00790801 0.00455000
v -0.00388950 0.00775000 0.00455000
v -0.00391030 0.00759199 0.00455000
v -0.00397129 0.00744475 0.00455000
v -0.00406831 0.00731831 0.00455000
v -0.00419475 0.00722129 0.00455000
v -0.00434199 0.00716030 0.00455000
v -0.00450000 0.00713950 0.00455000
v -0.00465801 0.00716030 0.00455000
v -0.00480525 0.00722129 0.00455000
v -0.00493169 0.00731831 0.00455000
v -0.00502871 0.00744475 0.00455000
v -0.00508970 0.00759199 0.00455000
v -0.00511050 0.00775000 0.00455000
v -0.00508970 0.00790801 0.00455000
v -0.00502871 0.00805525 0.00455000
v -0.00493169 0.00818169 0.00455000
v -0.00480525 0.00827871 0.00455000
v -0.00465801 0.00833970 0.00455000
v -0.00450000 0.00836050 0.00455000
v -0.00450000 0.00775000 0.00455000
v -0.00441864 0.00709610 0.00125000
v -0.00441864 0.00709610 0.00065000
v -0.00450000 0.00711789 0.00065000
v -0.00450000 0.00711789 0.00125000
v -0.00458136 0.00709610 0.00065000
v -0.00458136 0.00709610 0.00125000
v -0.00421845 0.00698051 0.00065000
v -0.00421845 0.00698051 0.00125000
v -0.00397438 0.00712143 0.00065000
v -0.00397992 0.00707931 0.00065000
v -0.00397438 0.00712143 0.00125000
v -0.00399618 0.00704007 0.00125000
v -0.00399618 0.00704007 0.00065000
v -0.00402204 0.00700637 0.00065000
v -0.00405574 0.00698051 0.00125000
v -0.00405574 0.00698051 0.00065000
v -0.00409498 0.00696426 0.00065000
v -0.00413709 0.00695871 0.00125000
v -0.00417921 0.00696426 0.00065000
v -0.00413709 0.00695871 0.00065000
v -0.00397438 0.00735259 0.00065000
v -0.00397438 0.00735259 0.00125000
v -0.00389302 0.00749350 0.00125000
v -0.00389302 0.00749350 0.00065000
v -0.00395258 0.00743395 0.00065000
v -0.00395258 0.00743395 0.00125000
v -0.00369283 0.00760909 0.00065000
v -0.00369283 0.00760909 0.00125000
v -0.00369283 0.00789091 0.00125000
v -0.00369283 0.00789091 0.00065000
v -0.00365913 0.00786506 0.00065000
v -0.00363327 0.00783136 0.00125000
v -0.00363327 0.00783136 0.00065000
v -0.00361702 0.00779211 0.00065000
v -0.00361147 0.00775000 0.00125000
v -0.00361147 0.00775000 0.00065000
v -0.00361702 0.00770789 0.00065000
v -0.00363327 0.00766864 0.00125000
v -0.00365913 0.00763494 0.00065000
v -0.00363327 0.00766864 0.00065000
v -0.00389302 0.00800650 0.00065000
v -0.00389302 0.00800650 0.00125000
v -0.00397438 0.00814741 0.00125000
v -0.00397438 0.00814741 0.00065000
v -0.00395258 0.00806605 0.00065000
v -0.00395258 0.00806605 0.00125000
v -0.00397438 0.00837857 0.00065000
v -0.00397438 0.00837857 0.00125000
v -0.00421845 0.00851949 0.00125000
v -0.00421845 0.00851949 0.00065000
v -0.00417921 0.00853574 0.00065000
v -0.00413709 0.00854129 0.00125000
v -0.00413709 0.00854129 0.00065000
v -0.00409498 0.00853574 0.00065000
v -0.00405574 0.00851949 0.00125000
v -0.00405574 0.00851949 0.00065000
v -0.00402204 0.00849363 0.00065000
v -0.00399618 0.00845993 0.00125000
v -0.00397992 0.00842069 0.00065000
v -0.00399618 0.00845993 0.00065000
v -0.00441864 0.00840390 0.00065000
v -0.00441864 0.00840390 0.00125000
v -0.00458136 0.00840390 0.00125000
v -0.00458136 0.00840390 0.00065000
v -0.00450000 0.00838211 0.00065000
v -0.00450000 0.00838211 0.00125000
v -0.00478155 0.00851949 0.00065000
v -0.00478155 0.00851949 0.00125000
v -0.00502562 0.00837857 0.00125000
v -0.00502562 0.00837857 0.00065000
v -0.00501155 0.00844475 0.00125000
v -0.00501155 0.00844475 0.00065000
v -0.00497178 0.00849949 0.00125000
v -0.00497178 0.00849949 0.00065000
v -0.00491319 0.00853332 0.00125000
v -0.00491319 0.00853332 0.00065000
v -0.00484590 0.00854039 0.00125000
v -0.00484590 0.00854039 0.00065000
v -0.00502562 0.00814741 0.00065000
v -0.00502562 0.00814741 0.00125000
v -0.00510698 0.00800650 0.00125000
v -0.00510698 0.00800650 0.00065000
v -0.00504742 0.00806605 0.00065000
v -0.00504742 0.00806605 0.00125000
v -0.00530717 0.00789091 0.00065000
v -0.00530717 0.00789091 0.00125000
v -0.00530717 0.00760909 0.00125000
v -0.00530717 0.00760909 0.00065000
v -0.00535745 0.00765436 0.00125000
v -0.00535745 0.00765436 0.00065000
v -0.00538497 0.00771617 0.00125000
v -0.00538497 0.00771617 0.00065000
v -0.00538497 0.00778383 0.00125000
v -0.00538497 0.00778383 0.00065000
v -0.00535745 0.00784564 0.00125000
v -0.00535745 0.00784564 0.00065000
v -0.00510698 0.00749350 0.00065000
v -0.00510698 0.00749350 0.00125000
v -0.00502562 0.00735259 0.00125000
v -0.00502562 0.00735259 0.00065000
v -0.00504742 0.00743395 0.00065000
v -0.00504742 0.00743395 0.00125000
v -0.00502562 0.00712143 0.00065000
v -0.00502562 0.00712143 0.00125000
v -0.00478155 0.00698051 0.00065000
v -0.00482079 0.00696426 0.00065000
v -0.00478155 0.00698051 0.00125000
v -0.00486291 0.00695871 0.00125000
v -0.00486291 0.00695871 0.00065000
v -0.00490502 0.00696426 0.00065000
v -0.00494426 0.00698051 0.00125000
v -0.00494426 0.00698051 0.00065000
v -0.00497796 0.00700637 0.00065000
v -0.00500382 0.00704007 0.00125000
v -0.00502008 0.00707931 0.00065000
v -0.00500382 0.00704007 0.00065000
v 0.00008400 0.00360000 -0.00249859
v 0.00008400 0.00130000 -0.00249859
v -0.00070835 0.00130000 -0.00239755
v -0.00070835 0.00360000 -0.00239755
v -0.00142839 0.00130000 -0.00205176
v -0.00142839 0.00360000 -0.00205176
v -0.00200261 0.00130000 -0.00149652
v -0.00200261 0.00360000 -0.00149652
v -0.00237240 0.00130000 -0.00078850
v -0.00237240 0.00360000 -0.00078850
v -0.00250000 0.00130000 -0.00000000
v -0.00250000 0.00360000 -0.00000000
v -0.00125000 0.00320000 -0.00000000
v -0.00125000 0.00110000 -0.00000000
v -0.00110682 0.00320000 -0.00058090
v -0.00110682 0.00110000 -0.00058090
v -0.00071008 0.00320000 -0.00102873
v -0.00071008 0.00110000 -0.00102873
v -0.00015067 0.00320000 -0.00124089
v -0.00015067 0.00110000 -0.00124089
v 0.00044326 0.00320000 -0.00116877
v 0.00044326 0.00110000 -0.00116877
v 0.00093564 0.00320000 -0.00082890
v 0.00093564 0.00110000 -0.00082890
v 0.00121368 0.00320000 -0.00029915
v 0.00121368 0.00110000 -0.00029915
v 0.00125000 0.00320000 -0.00000000
v 0.00125000 0.00110000 -0.00000000
v 0.00121368 0.00320000 0.00029914
v 0.00121368 0.00110000 0.00029914
v 0.00093564 0.00320000 0.00082890
v 0.00093564 0.00110000 0.00082890
v 0.00044326 0.00320000 0.00116877
v 0.00044326 0.00110000 0.00116877
v -0.00015067 0.00320000 0.00124089
v -0.00015067 0.00110000 0.00124089
v -0.00071008 0.00320000 0.00102873
v -0.00071008 0.00110000 0.00102873
v -0.00110682 0.00320000 0.00058090
v -0.00110682 0.00110000 0.00058090
v 0.00093564 -0.00130000 -0.00082890
v 0.00071008 -0.00180000 -0.00102873
v 0.00110682 -0.00130000 -0.00058090
v 0.00110682 -0.00180000 -0.00058090
v 0.00121368 -0.00130000 -0.00029915
v 0.00125000 -0.00180000 -0.00000000
v 0.00125000 -0.00130000 -0.00000000
v 0.00071008 -0.00130000 -0.00102873
v 0.00044326 -0.00130000 -0.00116877
v 0.00015067 -0.00180000 -0.00124089
v 0.00015067 -0.00130000 -0.00124089
v -0.00015067 -0.00130000 -0.00124089
v -0.00044326 -0.00180000 -0.00116877
v -0.00044326 -0.00130000 -0.00116877
v -0.00071008 -0.00130000 -0.00102873
v -0.00093564 -0.00180000 -0.00082890
v -0.00093564 -0.00130000 -0.00082890
v -0.00110682 -0.00130000 -0.00058090
v -0.00121368 -0.00180000 -0.00029915
v -0.00121368 -0.00130000 -0.00029915
v -0.00125000 -0.00180000 -0.00000000
v -0.00125000 -0.00130000 -0.00000000
v -0.00121368 -0.00180000 0.00029914
v -0.00121368 -0.00130000 0.00029914
v -0.00110682 -0.00130000 0.00058090
v -0.00093564 -0.00180000 0.00082890
v -0.00093564 -0.00130000 0.00082890
v -0.00044326 -0.00180000 0.00116877
v -0.00071008 -0.00130000 0.00102873
v -0.00044326 -0.00130000 0.00116877
v 0.00015067 -0.00180000 0.00124089
v -0.00015067 -0.00130000 0.00124089
v 0.00015067 -0.00130000 0.00124089
v 0.00044326 -0.00130000 0.00116877
v 0.00071008 -0.00180000 0.00102873
v 0.00071008 -0.00130000 0.00102873
v 0.00093564 -0.00130000 0.00082890
v 0.00110682 -0.00180000 0.00058090
v 0.00110682 -0.00130000 0.00058090
v 0.00121368 -0.00130000 0.00029914
v -0.01250000 -0.01000000 0.00070000
v -0.01250000 -0.01000000 0.00230000
v -0.01419716 -0.00985493 0.00230000
v -0.01419716 -0.00985493 0.00070000
v -0.01584508 -0.00942393 0.00230000
v -0.01584508 -0.00942393 0.00070000
v -0.01739595 -0.00871950 0.00230000
v -0.01739595 -0.00871950 0.00070000
v -0.01880476 -0.00776209 0.00230000
v -0.01880476 -0.00776209 0.00070000
v -0.02003065 -0.00657946 0.00230000
v -0.02003065 -0.00657946 0.00070000
v -0.02103804 -0.00520594 0.00230000
v -0.02103804 -0.00520594 0.00070000
v -0.02179771 -0.00368138 0.00230000
v -0.02179771 -0.00368138 0.00070000
v -0.02228762 -0.00205000 0.00230000
v -0.02228762 -0.00205000 0.00070000
v -0.02228762 0.00205000 0.00070000
v -0.02228762 0.00205000 0.00230000
v -0.02179771 0.00368138 0.00230000
v -0.02179771 0.00368138 0.00070000
v -0.02103804 0.00520594 0.00230000
v -0.02103804 0.00520594 0.00070000
v -0.02003065 0.00657946 0.00230000
v -0.02003065 0.00657946 0.00070000
v -0.01880476 0.00776209 0.00230000
v -0.01880476 0.00776209 0.00070000
v -0.01739595 0.00871950 0.00230000
v -0.01739595 0.00871950 0.00070000
v -0.01584508 0.00942393 0.00230000
v -0.01584508 0.00942393 0.00070000
v -0.01419716 0.00985493 0.00230000
v -0.01419716 0.00985493 0.00070000
v -0.01250000 0.01000000 0.00230000
v -0.01250000 0.01000000 0.00070000
v -0.00250000 0.00386487 0.00230000
v -0.00199476 0.00380000 0.00230000
v -0.00250000 0.00386487 0.00070000
v -0.00199476 0.00380000 0.00050000
v -0.00270000 0.00392847 0.00050000
v -0.01895578 0.00179244 0.00250000
v -0.01872414 0.00247993 0.00250000
v -0.01974638 0.00150000 0.00250000
v -0.02177955 0.00150000 0.00250000
v -0.02167374 0.00205000 0.00250000
v -0.01841953 0.00313834 0.00250000
v -0.00270000 0.00371610 0.00250000
v -0.00409991 0.00070000 0.00250000
v -0.00390921 0.00094853 0.00250000
v -0.00405000 0.00852942 0.00250000
v -0.00372058 0.00820000 0.00250000
v -0.00283702 0.00868883 0.00250000
v -0.01989049 0.00037500 0.00250000
v -0.01918950 0.00037500 0.00250000
v -0.01911174 0.00108394 0.00250000
v -0.01918950 -0.00037500 0.00250000
v -0.01989049 -0.00037500 0.00250000
v -0.01911174 -0.00108394 0.00250000
v -0.01974638 -0.00150000 0.00250000
v -0.01895578 -0.00179244 0.00250000
v -0.01872414 -0.00247993 0.00250000
v -0.02167374 -0.00205000 0.00250000
v -0.01595421 -0.00574094 0.00250000
v -0.01655467 -0.00533382 0.00250000
v -0.01710759 -0.00486417 0.00250000
v -0.01760649 -0.00433749 0.00250000
v -0.01804551 -0.00375995 0.00250000
v -0.02177955 -0.00150000 0.00250000
v -0.01841953 -0.00313834 0.00250000
v -0.00580983 -0.00036273 0.00250000
v -0.00588826 -0.00108394 0.00250000
v -0.00450000 -0.00685000 0.00250000
v -0.00604422 -0.00179244 0.00250000
v -0.01867866 -0.00760685 0.00250000
v -0.01394030 -0.00654336 0.00250000
v -0.01463932 -0.00634928 0.00250000
v -0.00527942 -0.00730000 0.00250000
v -0.00495000 -0.00697058 0.00250000
v -0.00739351 -0.00433749 0.00250000
v -0.01729803 -0.00854511 0.00250000
v -0.00540000 -0.00775000 0.00250000
v -0.01577818 -0.00923545 0.00250000
v -0.01416322 -0.00965783 0.00250000
v -0.01250000 -0.00980000 0.00250000
v -0.00527942 -0.00820000 0.00250000
v -0.00366068 0.00113923 0.00250000
v -0.00337127 0.00125911 0.00250000
v -0.00199476 0.00360000 0.00250000
v -0.00306068 0.00130000 0.00250000
v 0.00000000 0.00360000 0.00250000
v 0.00000000 0.00130000 0.00250000
v -0.01416322 0.00965783 0.00250000
v -0.01577818 0.00923545 0.00250000
v -0.00540000 0.00775000 0.00250000
v -0.01729803 0.00854511 0.00250000
v -0.01867866 0.00760685 0.00250000
v -0.00270000 0.00800000 0.00250000
v -0.00360000 0.00775000 0.00250000
v -0.01105970 0.00654336 0.00250000
v -0.01036068 0.00634928 0.00250000
v -0.00789241 -0.00486417 0.00250000
v -0.00844533 -0.00533382 0.00250000
v -0.00904579 -0.00574094 0.00250000
v -0.00627586 -0.00247993 0.00250000
v -0.00658047 -0.00313834 0.00250000
v -0.00695448 -0.00375995 0.00250000
v -0.00627586 0.00247993 0.00250000
v -0.00604422 0.00179244 0.00250000
v -0.00270000 -0.00371610 0.00250000
v -0.00588826 0.00108394 0.00250000
v -0.01250000 0.00980000 0.00250000
v -0.00527942 0.00820000 0.00250000
v -0.00450000 0.00980000 0.00250000
v -0.00495000 0.00852942 0.00250000
v -0.00450000 0.00865000 0.00250000
v -0.00381117 0.00966298 0.00250000
v -0.00322721 0.00927279 0.00250000
v -0.00968674 -0.00608076 0.00250000
v -0.01036068 -0.00634928 0.00250000
v -0.01105970 -0.00654336 0.00250000
v -0.01177560 -0.00666072 0.00250000
v -0.01250000 -0.00670000 0.00250000
v -0.01322440 -0.00666072 0.00250000
v -0.00495000 -0.00852942 0.00250000
v -0.00450000 -0.00980000 0.00250000
v -0.00450000 -0.00865000 0.00250000
v -0.00381117 -0.00966298 0.00250000
v -0.00405000 -0.00852942 0.00250000
v -0.00322721 -0.00927279 0.00250000
v -0.00372058 -0.00820000 0.00250000
v -0.00283702 -0.00868883 0.00250000
v -0.00360000 -0.00775000 0.00250000
v -0.00270000 -0.00800000 0.00250000
v -0.00372058 -0.00730000 0.00250000
v -0.00405000 -0.00697058 0.00250000
v -0.00580983 0.00036273 0.00250000
v -0.00372058 0.00730000 0.00250000
v -0.00405000 0.00697058 0.00250000
v -0.00450000 0.00685000 0.00250000
v -0.00421980 0.00041058 0.00250000
v -0.00426068 0.00010000 0.00250000
v -0.00390921 -0.00094853 0.00250000
v -0.00416934 -0.00055922 0.00250000
v -0.00658047 0.00313834 0.00250000
v -0.00426068 -0.00010000 0.00250000
v -0.00527942 0.00730000 0.00250000
v -0.00789241 0.00486417 0.00250000
v -0.00495000 0.00697058 0.00250000
v -0.00739351 0.00433749 0.00250000
v -0.02208319 0.00205000 0.00250000
v -0.02161176 0.00360775 0.00250000
v -0.02086728 0.00510182 0.00250000
v -0.01804551 0.00375995 0.00250000
v -0.01988003 0.00644787 0.00250000
v -0.01760649 0.00433749 0.00250000
v -0.00968674 0.00608076 0.00250000
v -0.00904579 0.00574094 0.00250000
v -0.00844533 0.00533382 0.00250000
v -0.02208319 -0.00205000 0.00250000
v -0.02161176 -0.00360775 0.00250000
v -0.02086728 -0.00510182 0.00250000
v -0.00695448 0.00375995 0.00250000
v -0.01531326 -0.00608076 0.00250000
v -0.01988003 -0.00644787 0.00250000
v 0.00000000 -0.00360000 0.00250000
v 0.00000000 -0.00130000 0.00250000
v -0.00199476 -0.00360000 0.00250000
v -0.00306068 -0.00130000 0.00250000
v -0.00351990 -0.00120866 0.00250000
v -0.01710759 0.00486417 0.00250000
v -0.01655467 0.00533382 0.00250000
v -0.01595421 0.00574094 0.00250000
v -0.01531326 0.00608076 0.00250000
v -0.01463932 0.00634928 0.00250000
v -0.01394030 0.00654336 0.00250000
v -0.01322440 0.00666072 0.00250000
v -0.01250000 0.00670000 0.00250000
v -0.01177560 0.00666072 0.00250000
v -0.01416322 -0.00965783 0.00050000
v -0.01577818 -0.00923545 0.00050000
v -0.01729803 -0.00854511 0.00050000
v -0.02208319 -0.00205000 0.00050000
v -0.02167374 -0.00205000 0.00050000
v -0.02161176 -0.00360775 0.00050000
v -0.01250000 -0.00980000 0.00050000
v -0.02086728 -0.00510182 0.00050000
v -0.01988003 -0.00644787 0.00050000
v -0.02208319 0.00205000 0.00050000
v -0.02161176 0.00360775 0.00050000
v -0.01250000 0.00980000 0.00050000
v -0.01867866 -0.00760685 0.00050000
v -0.00271304 0.00727118 0.00050000
v -0.00270000 0.00732280 0.00050000
v -0.00230000 0.00380000 0.00050000
v -0.02086728 0.00510182 0.00050000
v -0.01988003 0.00644787 0.00050000
v -0.01867866 0.00760685 0.00050000
v -0.01729803 0.00854511 0.00050000
v -0.01577818 0.00923545 0.00050000
v -0.01416322 0.00965783 0.00050000
v -0.00542500 0.00935215 0.00050000
v -0.00580815 0.00905815 0.00050000
v -0.00199476 -0.00380000 0.00050000
v -0.00270000 -0.00392847 0.00050000
v -0.00230000 -0.00380000 0.00050000
v -0.00250000 -0.00360000 0.00050000
v -0.00319185 -0.00644185 0.00050000
v -0.00357500 -0.00614785 0.00050000
v -0.00497882 0.00953696 0.00050000
v -0.00450000 0.00980000 0.00050000
v -0.00450000 0.00960000 0.00050000
v -0.00497882 -0.00596304 0.00050000
v -0.00542500 -0.00614785 0.00050000
v -0.00695448 -0.00375995 0.00050000
v -0.00580815 -0.00905815 0.00050000
v -0.00542500 -0.00935215 0.00050000
v -0.00497882 -0.00953696 0.00050000
v -0.00450000 -0.00980000 0.00050000
v -0.00450000 -0.00960000 0.00050000
v -0.00381117 -0.00966298 0.00050000
v -0.00402118 0.00953696 0.00050000
v -0.00381117 0.00966298 0.00050000
v -0.00357500 0.00935215 0.00050000
v -0.00322721 0.00927279 0.00050000
v -0.00319185 0.00905815 0.00050000
v -0.00250000 -0.00130000 0.00050000
v -0.00306068 -0.00130000 0.00050000
v -0.00351990 -0.00120866 0.00050000
v -0.00390921 -0.00094853 0.00050000
v -0.00270000 -0.00732280 0.00050000
v -0.00271304 -0.00727118 0.00050000
v -0.00289785 -0.00682500 0.00050000
v -0.00402118 -0.00596304 0.00050000
v -0.00450000 -0.00590000 0.00050000
v -0.00627586 -0.00247993 0.00050000
v -0.00658047 -0.00313834 0.00050000
v -0.00289785 0.00867500 0.00050000
v -0.00283702 0.00868883 0.00050000
v -0.00271607 0.00824000 0.00050000
v -0.00402118 0.00596304 0.00050000
v -0.00357500 0.00614785 0.00050000
v -0.00402118 -0.00953696 0.00050000
v -0.00357500 -0.00935215 0.00050000
v -0.00322721 -0.00927279 0.00050000
v -0.00319185 -0.00905815 0.00050000
v -0.00283702 -0.00868883 0.00050000
v -0.00289785 -0.00867500 0.00050000
v -0.00271607 -0.00824000 0.00050000
v -0.00319185 0.00644185 0.00050000
v -0.00289785 0.00682500 0.00050000
v -0.02180907 -0.00130429 0.00050000
v -0.02153789 -0.00150000 0.00050000
v -0.01902993 -0.00150000 0.00050000
v -0.01872414 -0.00247993 0.00050000
v -0.02181448 0.00126506 0.00050000
v -0.02167374 0.00205000 0.00050000
v -0.02157955 0.00150000 0.00050000
v -0.01872414 0.00247993 0.00050000
v -0.01902993 0.00150000 0.00050000
v -0.01105970 0.00654336 0.00050000
v -0.01177560 0.00666072 0.00050000
v -0.00635000 0.00775000 0.00050000
v -0.00904579 0.00574094 0.00050000
v -0.00968674 0.00608076 0.00050000
v -0.00628696 0.00727118 0.00050000
v -0.00250000 0.00360000 0.00050000
v -0.00250000 0.00130000 0.00050000
v -0.00306068 0.00130000 0.00050000
v -0.00390921 0.00094853 0.00050000
v -0.00588826 0.00108394 0.00050000
v -0.00366068 0.00113923 0.00050000
v -0.00337127 0.00125911 0.00050000
v -0.00604422 -0.00179244 0.00050000
v -0.00416934 -0.00055922 0.00050000
v -0.00588826 -0.00108394 0.00050000
v -0.00426068 -0.00010000 0.00050000
v -0.00580983 -0.00036273 0.00050000
v -0.00426068 0.00010000 0.00050000
v -0.00580983 0.00036273 0.00050000
v -0.00421980 0.00041058 0.00050000
v -0.00409991 0.00070000 0.00050000
v -0.00628696 -0.00727118 0.00050000
v -0.01322440 -0.00666072 0.00050000
v -0.01250000 -0.00670000 0.00050000
v -0.01177560 -0.00666072 0.00050000
v -0.01105970 -0.00654336 0.00050000
v -0.01036068 -0.00634928 0.00050000
v -0.00968674 -0.00608076 0.00050000
v -0.00904579 -0.00574094 0.00050000
v -0.00610215 -0.00682500 0.00050000
v -0.00844533 -0.00533382 0.00050000
v -0.00580815 -0.00644185 0.00050000
v -0.00789241 -0.00486417 0.00050000
v -0.00739351 -0.00433749 0.00050000
v -0.01036068 0.00634928 0.00050000
v -0.01710759 0.00486417 0.00050000
v -0.01760649 0.00433749 0.00050000
v -0.01841953 -0.00313834 0.00050000
v -0.01804551 -0.00375995 0.00050000
v -0.01760649 -0.00433749 0.00050000
v -0.01804551 0.00375995 0.00050000
v -0.01841953 0.00313834 0.00050000
v -0.00844533 0.00533382 0.00050000
v -0.00610215 0.00682500 0.00050000
v -0.00789241 0.00486417 0.00050000
v -0.00580815 0.00644185 0.00050000
v -0.00739351 0.00433749 0.00050000
v -0.00542500 0.00614785 0.00050000
v -0.00695448 0.00375995 0.00050000
v -0.00658047 0.00313834 0.00050000
v -0.00497882 0.00596304 0.00050000
v -0.00627586 0.00247993 0.00050000
v -0.00450000 0.00590000 0.00050000
v -0.00604422 0.00179244 0.00050000
v -0.01710759 -0.00486417 0.00050000
v -0.01655467 -0.00533382 0.00050000
v -0.01595421 -0.00574094 0.00050000
v -0.01531326 -0.00608076 0.00050000
v -0.01463932 -0.00634928 0.00050000
v -0.01394030 -0.00654336 0.00050000
v -0.00610215 0.00867500 0.00050000
v -0.00628696 0.00822882 0.00050000
v -0.01655467 0.00533382 0.00050000
v -0.00635000 -0.00775000 0.00050000
v -0.00628696 -0.00822882 0.00050000
v -0.00610215 -0.00867500 0.00050000
v -0.01250000 0.00670000 0.00050000
v -0.01322440 0.00666072 0.00050000
v -0.01394030 0.00654336 0.00050000
v -0.01463932 0.00634928 0.00050000
v -0.01531326 0.00608076 0.00050000
v -0.01595421 0.00574094 0.00050000
v 0.00230000 0.00380000 -0.00277766
v 0.00119629 0.00380000 -0.00297227
v 0.00230000 0.00380000 -0.00000000
v 0.00091205 0.00380000 -0.00259867
v -0.00145623 0.00380000 0.00105802
v -0.00164438 0.00380000 0.00073213
v -0.00176067 0.00380000 0.00037424
v -0.00180000 0.00380000 -0.00000000
v 0.00052340 0.00380000 -0.00236872
v 0.00090000 0.00380000 -0.00155884
v -0.00120444 0.00380000 0.00133766
v -0.00090000 0.00380000 0.00155885
v -0.00218260 0.00380000 -0.00072542
v -0.00230000 0.00380000 -0.00000000
v 0.00218743 0.00380000 0.00071074
v 0.00164438 0.00380000 0.00073213
v 0.00186074 0.00380000 0.00135191
v 0.00145623 0.00380000 0.00105802
v 0.00135191 0.00380000 0.00186074
v 0.00000000 0.00380000 0.00230000
v -0.00018815 0.00380000 0.00179014
v -0.00055623 0.00380000 0.00171190
v -0.00131412 0.00380000 -0.00188762
v -0.00090000 0.00380000 -0.00155884
v -0.00065168 0.00380000 -0.00220575
v -0.00055623 0.00380000 -0.00171190
v 0.00007728 0.00380000 -0.00229870
v -0.00018815 0.00380000 -0.00179014
v 0.00018815 0.00380000 -0.00179014
v 0.00055623 0.00380000 -0.00171190
v 0.00164438 0.00380000 -0.00073212
v 0.00145623 0.00380000 -0.00105801
v 0.00120444 0.00380000 -0.00133766
v -0.00176067 0.00380000 -0.00037424
v -0.00164438 0.00380000 -0.00073212
v -0.00184240 0.00380000 -0.00137679
v -0.00145623 0.00380000 -0.00105801
v -0.00120444 0.00380000 -0.00133766
v 0.00176067 0.00380000 -0.00037424
v 0.00180000 0.00380000 -0.00000000
v 0.00176067 0.00380000 0.00037424
v 0.00120444 0.00380000 0.00133766
v 0.00090000 0.00380000 0.00155885
v 0.00071074 0.00380000 0.00218743
v 0.00055623 0.00380000 0.00171190
v 0.00018815 0.00380000 0.00179014
v -0.00306068 0.00110000 0.00230000
v -0.00306068 0.00110000 0.00070000
v 0.00000000 0.00110000 0.00230000
v -0.00230000 0.00110000 0.00070000
v 0.00230000 0.00110000 -0.00000000
v 0.00230000 0.00110000 -0.00277766
v 0.00119629 0.00110000 -0.00297227
v 0.00091205 0.00110000 -0.00259867
v 0.00218743 0.00110000 0.00071074
v -0.00230000 0.00110000 -0.00000000
v -0.00218260 0.00110000 -0.00072542
v -0.00184240 0.00110000 -0.00137679
v -0.00131412 0.00110000 -0.00188762
v -0.00065168 0.00110000 -0.00220575
v 0.00007728 0.00110000 -0.00229870
v 0.00052340 0.00110000 -0.00236872
v 0.00071074 0.00110000 0.00218743
v 0.00135191 0.00110000 0.00186074
v 0.00186074 0.00110000 0.00135191
v 0.00007728 -0.00380000 -0.00229870
v 0.00052340 -0.00380000 -0.00236872
v 0.00091205 -0.00380000 -0.00259867
v 0.00000000 -0.00380000 -0.00082500
v 0.00041250 -0.00380000 -0.00071447
v 0.00119629 -0.00380000 -0.00297227
v 0.00071447 -0.00380000 -0.00041250
v 0.00230000 -0.00380000 -0.00277766
v 0.00082500 -0.00380000 -0.00000000
v 0.00230000 -0.00380000 -0.00000000
v 0.00218743 -0.00380000 0.00071074
v 0.00071447 -0.00380000 0.00041250
v 0.00186074 -0.00380000 0.00135191
v 0.00041250 -0.00380000 0.00071447
v -0.00230000 -0.00380000 -0.00000000
v -0.00229057 -0.00380000 -0.00020803
v -0.00212436 -0.00380000 -0.00088153
v -0.00041250 -0.00380000 -0.00071447
v -0.00071447 -0.00380000 -0.00041250
v -0.00082500 -0.00380000 -0.00000000
v -0.00199476 -0.00380000 0.00230000
v -0.00071447 -0.00380000 0.00041250
v -0.00041250 -0.00380000 0.00071447
v 0.00000000 -0.00380000 0.00230000
v 0.00000000 -0.00380000 0.00082500
v 0.00071074 -0.00380000 0.00218743
v 0.00135191 -0.00380000 0.00186074
v -0.00176490 -0.00380000 -0.00147484
v -0.00124488 -0.00380000 -0.00193398
v -0.00061162 -0.00380000 -0.00221719
v 0.00230000 -0.00110000 -0.00000000
v 0.00230000 -0.00110000 -0.00277766
v 0.00119629 -0.00110000 -0.00297227
v -0.00017478 -0.00110000 0.00143943
v -0.00051418 -0.00110000 0.00135577
v 0.00000000 -0.00110000 0.00230000
v -0.00082369 -0.00110000 0.00119333
v -0.00219089 -0.00110000 0.00070000
v -0.00306068 -0.00110000 0.00230000
v -0.00306068 -0.00110000 0.00070000
v 0.00108534 -0.00110000 -0.00096153
v 0.00128391 -0.00110000 -0.00067385
v 0.00186074 -0.00110000 0.00135191
v 0.00108534 -0.00110000 0.00096153
v 0.00135191 -0.00110000 0.00186074
v 0.00082369 -0.00110000 0.00119333
v 0.00071074 -0.00110000 0.00218743
v 0.00051418 -0.00110000 0.00135577
v 0.00017478 -0.00110000 0.00143943
v -0.00108534 -0.00110000 0.00096153
v -0.00128391 -0.00110000 0.00067385
v -0.00224841 -0.00110000 0.00048439
v -0.00140787 -0.00110000 0.00034701
v -0.00229057 -0.00110000 -0.00020803
v -0.00061162 -0.00110000 -0.00221719
v -0.00017478 -0.00110000 -0.00143943
v 0.00007728 -0.00110000 -0.00229870
v 0.00017478 -0.00110000 -0.00143943
v 0.00052340 -0.00110000 -0.00236872
v 0.00051418 -0.00110000 -0.00135577
v 0.00082369 -0.00110000 -0.00119333
v -0.00145000 -0.00110000 -0.00000000
v -0.00140787 -0.00110000 -0.00034701
v -0.00212436 -0.00110000 -0.00088153
v -0.00128391 -0.00110000 -0.00067385
v -0.00176490 -0.00110000 -0.00147484
v -0.00108534 -0.00110000 -0.00096153
v -0.00124488 -0.00110000 -0.00193398
v -0.00082369 -0.00110000 -0.00119333
v -0.00051418 -0.00110000 -0.00135577
v 0.00091205 -0.00110000 -0.00259867
v 0.00140787 -0.00110000 -0.00034701
v 0.00145000 -0.00110000 -0.00000000
v 0.00218743 -0.00110000 0.00071074
v 0.00140787 -0.00110000 0.00034701
v 0.00128391 -0.00110000 0.00067385
v -0.00250000 -0.00180000 -0.00000000
v -0.00244949 -0.00130000 0.00050000
v -0.00248975 -0.00130000 -0.00022612
v -0.00250000 -0.00360000 -0.00000000
v -0.00248975 -0.00360000 -0.00022612
v -0.00230909 -0.00130000 -0.00095819
v -0.00230909 -0.00360000 -0.00095819
v -0.00191837 -0.00130000 -0.00160308
v -0.00191837 -0.00360000 -0.00160308
v -0.00135313 -0.00130000 -0.00210215
v -0.00135313 -0.00360000 -0.00210215
v -0.00066481 -0.00130000 -0.00240998
v -0.00066481 -0.00360000 -0.00240998
v 0.00008400 -0.00130000 -0.00249859
v 0.00008400 -0.00360000 -0.00249859
v -0.00250000 -0.00386487 0.00230000
v -0.00250000 -0.00386487 0.00070000
v -0.00406068 0.00010000 0.00070000
v -0.00406068 0.00010000 0.00230000
v -0.00406068 -0.00010000 0.00070000
v -0.00406068 -0.00010000 0.00230000
v -0.00331950 0.00106593 0.00070000
v -0.00331950 0.00106593 0.00230000
v -0.00356068 0.00096603 0.00070000
v -0.00356068 0.00096603 0.00230000
v -0.00376779 0.00080711 0.00070000
v -0.00376779 0.00080711 0.00230000
v -0.00392671 0.00060000 0.00070000
v -0.00392671 0.00060000 0.00230000
v -0.00402661 0.00035882 0.00070000
v -0.00402661 0.00035882 0.00230000
v -0.00344337 -0.00102388 0.00230000
v -0.00344337 -0.00102388 0.00070000
v -0.00356068 -0.00096603 0.00230000
v -0.00356068 -0.00096603 0.00070000
v -0.00376779 -0.00080711 0.00230000
v -0.00376779 -0.00080711 0.00070000
v -0.00392671 -0.00060000 0.00230000
v -0.00392671 -0.00060000 0.00070000
v -0.00398456 -0.00048268 0.00230000
v -0.00398456 -0.00048268 0.00070000
v 0.00077254 0.00130000 0.00237764
v 0.00077254 0.00360000 0.00237764
v 0.00146946 0.00130000 0.00202254
v 0.00146946 0.00360000 0.00202254
v 0.00202254 0.00130000 0.00146946
v 0.00202254 0.00360000 0.00146946
v 0.00237764 0.00130000 0.00077254
v 0.00237764 0.00360000 0.00077254
v 0.00250000 0.00130000 -0.00000000
v 0.00250000 0.00360000 -0.00000000
v 0.00077254 -0.00360000 0.00237764
v 0.00077254 -0.00130000 0.00237764
v 0.00146946 -0.00360000 0.00202254
v 0.00146946 -0.00130000 0.00202254
v 0.00202254 -0.00360000 0.00146946
v 0.00202254 -0.00130000 0.00146946
v 0.00237764 -0.00360000 0.00077254
v 0.00237764 -0.00130000 0.00077254
v 0.00250000 -0.00360000 -0.00000000
v 0.00250000 -0.00130000 -0.00000000
v -0.02189166 0.00039583 0.00268560
v -0.02189774 0.00020598 0.00277069
v -0.02187477 0.00068825 0.00350000
v -0.02187477 -0.00068825 0.00350000
v -0.02190000 -0.00000000 0.00280000
v -0.02189774 -0.00020606 0.00277067
v -0.02189166 -0.00039583 0.00268560
v -0.02186853 0.00076853 0.00200000
v -0.02187018 0.00074820 0.00218266
v -0.02187595 0.00067199 0.00238797
v -0.02177955 0.00150000 0.00330000
v -0.02180967 0.00130000 0.00350000
v -0.02188369 0.00055358 0.00255472
v -0.02181448 0.00126506 -0.00030000
v -0.02187477 0.00068825 -0.00030000
v -0.02187477 0.00068825 0.00164422
v -0.02187017 0.00074829 0.00181772
v -0.02189166 -0.00039583 0.00131440
v -0.02189774 -0.00020589 0.00122928
v -0.02187477 -0.00068825 -0.00030000
v -0.02190000 -0.00000000 0.00120000
v -0.02189774 0.00020589 0.00122928
v -0.02189166 0.00039583 0.00131440
v -0.02188369 0.00055344 0.00144513
v -0.02180907 -0.00130429 -0.00030000
v -0.02187595 -0.00067199 0.00161203
v -0.02188369 -0.00055346 0.00144515
v -0.02187017 -0.00074822 0.00181743
v -0.02186853 -0.00076853 0.00200000
v -0.02188364 -0.00055431 0.00255392
v -0.02187477 -0.00068825 0.00235578
v -0.02180967 -0.00130000 0.00350000
v -0.02177955 -0.00150000 0.00330000
v -0.02187018 -0.00074820 0.00218268
v -0.01974638 -0.00150000 0.00330000
v -0.01990000 -0.00000000 0.00350000
v -0.01990000 -0.00000000 0.00262500
v -0.01989824 0.00016157 0.00260375
v -0.01978491 0.00130000 0.00350000
v -0.01974638 0.00150000 0.00330000
v -0.01989340 0.00031251 0.00254126
v -0.01978491 -0.00130000 0.00350000
v -0.01989340 -0.00031250 0.00254127
v -0.01989823 -0.00016162 0.00260374
v -0.00450000 0.01000000 0.00230000
v -0.00450000 0.01000000 0.00070000
v -0.00250000 0.00800000 0.00230000
v -0.00250000 0.00800000 0.00070000
v -0.00450000 -0.01000000 0.00230000
v -0.00450000 -0.01000000 0.00070000
v -0.00250000 -0.00800000 0.00230000
v -0.00250000 -0.00800000 0.00070000
v -0.00426706 -0.00688067 0.00145000
v -0.00405000 -0.00697058 0.00145000
v -0.00386360 -0.00711360 0.00145000
v -0.00372058 -0.00730000 0.00145000
v -0.00363067 -0.00751706 0.00145000
v -0.00360000 -0.00775000 0.00145000
v -0.00363067 -0.00798294 0.00145000
v -0.00372058 -0.00820000 0.00145000
v -0.00386360 -0.00838640 0.00145000
v -0.00405000 -0.00852942 0.00145000
v -0.00426706 -0.00861933 0.00145000
v -0.00450000 -0.00865000 0.00145000
v -0.00473294 -0.00861933 0.00145000
v -0.00495000 -0.00852942 0.00145000
v -0.00513640 -0.00838640 0.00145000
v -0.00527942 -0.00820000 0.00145000
v -0.00536933 -0.00798294 0.00145000
v -0.00540000 -0.00775000 0.00145000
v -0.00536933 -0.00751706 0.00145000
v -0.00527942 -0.00730000 0.00145000
v -0.00513640 -0.00711360 0.00145000
v -0.00495000 -0.00697058 0.00145000
v -0.00473294 -0.00688067 0.00145000
v -0.00450000 -0.00685000 0.00145000
v -0.00267500 -0.00775000 0.00052500
v -0.00268356 -0.00800000 0.00051644
v -0.00426706 0.00861933 0.00145000
v -0.00405000 0.00852942 0.00145000
v -0.00386360 0.00838640 0.00145000
v -0.00372058 0.00820000 0.00145000
v -0.00363067 0.00798294 0.00145000
v -0.00360000 0.00775000 0.00145000
v -0.00363067 0.00751706 0.00145000
v -0.00372058 0.00730000 0.00145000
v -0.00386360 0.00711360 0.00145000
v -0.00405000 0.00697058 0.00145000
v -0.00426706 0.00688067 0.00145000
v -0.00450000 0.00685000 0.00145000
v -0.00473294 0.00688067 0.00145000
v -0.00495000 0.00697058 0.00145000
v -0.00513640 0.00711360 0.00145000
v -0.00527942 0.00730000 0.00145000
v -0.00536933 0.00751706 0.00145000
v -0.00540000 0.00775000 0.00145000
v -0.00536933 0.00798294 0.00145000
v -0.00527942 0.00820000 0.00145000
v -0.00513640 0.00838640 0.00145000
v -0.00495000 0.00852942 0.00145000
v -0.00473294 0.00861933 0.00145000
v -0.00450000 0.00865000 0.00145000
v -0.00268356 0.00800000 0.00051644
v -0.00267500 0.00775000 0.00052500
v -0.00373463 -0.00984776 0.00070000
v -0.00373463 -0.00984776 0.00230000
v -0.00308579 -0.00941421 0.00070000
v -0.00308579 -0.00941421 0.00230000
v -0.00265224 -0.00876537 0.00070000
v -0.00265224 -0.00876537 0.00230000
v -0.00265224 0.00876537 0.00070000
v -0.00265224 0.00876537 0.00230000
v -0.00308579 0.00941421 0.00070000
v -0.00308579 0.00941421 0.00230000
v -0.00373463 0.00984776 0.00070000
v -0.00373463 0.00984776 0.00230000
v -0.02172500 -0.00062500 0.00200000
v -0.02172500 -0.00054127 0.00231250
v -0.01897683 -0.00054829 0.00230000
v -0.02172500 -0.00031250 0.00254127
v -0.02172500 -0.00000000 0.00262500
v -0.02172500 0.00031250 0.00254127
v -0.01897683 0.00054829 0.00230000
v -0.02172500 0.00054127 0.00231250
v -0.02172500 0.00062500 0.00200000
v -0.01896988 0.00062500 0.00200000
v -0.01897190 0.00060373 0.00183832
v -0.02172500 0.00054127 0.00168750
v -0.01897742 0.00054127 0.00168750
v -0.02172500 0.00031250 0.00145873
v -0.01899248 0.00031250 0.00145873
v -0.01898496 0.00044184 0.00155796
v -0.02172500 -0.00031250 0.00145873
v -0.01899798 -0.00016188 0.00139633
v -0.02172500 -0.00000000 0.00137500
v -0.01900000 -0.00000000 0.00137500
v -0.01899798 0.00016196 0.00139635
v -0.02172500 -0.00054127 0.00168750
v -0.01899047 -0.00035190 0.00148348
v -0.01899248 -0.00031250 0.00145873
v -0.01896988 -0.00062500 0.00200000
v -0.01897190 -0.00060370 0.00183822
v -0.01897742 -0.00054127 0.00168750
v -0.00080000 -0.00180000 -0.00000000
v -0.00069282 -0.00180000 0.00040000
v -0.00040000 -0.00180000 0.00069282
v 0.00000000 -0.00180000 0.00080000
v 0.00040000 -0.00180000 0.00069282
v 0.00069282 -0.00180000 0.00040000
v 0.00080000 -0.00180000 -0.00000000
v 0.00069282 -0.00180000 -0.00040000
v 0.00040000 -0.00180000 -0.00069282
v 0.00000000 -0.00180000 -0.00080000
v -0.00040000 -0.00180000 -0.00069282
v -0.00069282 -0.00180000 -0.00040000
v 0.00062500 -0.00360000 -0.00000000
v 0.00062500 -0.00197500 -0.00000000
v 0.00054127 -0.00360000 -0.00031250
v 0.00054127 -0.00197500 -0.00031250
v 0.00031250 -0.00360000 -0.00054127
v 0.00031250 -0.00197500 -0.00054127
v 0.00000000 -0.00360000 -0.00062500
v 0.00000000 -0.00197500 -0.00062500
v -0.00031250 -0.00360000 -0.00054127
v -0.00031250 -0.00197500 -0.00054127
v -0.00054127 -0.00360000 -0.00031250
v -0.00054127 -0.00197500 -0.00031250
v -0.00062500 -0.00360000 -0.00000000
v -0.00062500 -0.00197500 -0.00000000
v -0.00054127 -0.00360000 0.00031250
v -0.00054127 -0.00197500 0.00031250
v -0.00031250 -0.00360000 0.00054127
v -0.00031250 -0.00197500 0.00054127
v 0.00000000 -0.00360000 0.00062500
v 0.00000000 -0.00197500 0.00062500
v 0.00031250 -0.00360000 0.00054127
v 0.00031250 -0.00197500 0.00054127
v 0.00054127 -0.00360000 0.00031250
v 0.00054127 -0.00197500 0.00031250
v 0.00146167 0.00320000 -0.00065078
v 0.00146167 0.00360000 -0.00065078
v 0.00129443 0.00360000 -0.00094046
v 0.00107061 0.00320000 -0.00118903
v 0.00107061 0.00360000 -0.00118903
v 0.00080000 0.00360000 -0.00138564
v 0.00049443 0.00320000 -0.00152169
v 0.00049443 0.00360000 -0.00152169
v 0.00016725 0.00360000 -0.00159124
v -0.00016725 0.00320000 -0.00159124
v -0.00016725 0.00360000 -0.00159124
v -0.00049443 0.00360000 -0.00152169
v -0.00080000 0.00320000 -0.00138564
v -0.00080000 0.00360000 -0.00138564
v -0.00107061 0.00360000 -0.00118903
v -0.00129443 0.00320000 -0.00094046
v -0.00129443 0.00360000 -0.00094046
v -0.00146167 0.00360000 -0.00065078
v -0.00156504 0.00320000 -0.00033266
v -0.00156504 0.00360000 -0.00033266
v -0.00156504 0.00320000 0.00033266
v -0.00160000 0.00360000 -0.00000000
v -0.00156504 0.00360000 0.00033266
v -0.00129443 0.00320000 0.00094046
v -0.00146167 0.00360000 0.00065078
v -0.00129443 0.00360000 0.00094046
v -0.00080000 0.00320000 0.00138564
v -0.00107061 0.00360000 0.00118903
v -0.00080000 0.00360000 0.00138564
v -0.00016725 0.00320000 0.00159123
v -0.00049443 0.00360000 0.00152169
v -0.00016725 0.00360000 0.00159123
v 0.00049443 0.00320000 0.00152169
v 0.00016725 0.00360000 0.00159123
v 0.00049443 0.00360000 0.00152169
v 0.00107061 0.00320000 0.00118903
v 0.00080000 0.00360000 0.00138564
v 0.00107061 0.00360000 0.00118903
v 0.00146167 0.00320000 0.00065078
v 0.00129443 0.00360000 0.00094046
v 0.00146167 0.00360000 0.00065078
v 0.00156504 0.00360000 0.00033266
v 0.00160000 0.00320000 -0.00000000
v 0.00160000 0.00360000 -0.00000000
v 0.00156504 0.00360000 -0.00033266
v -0.01891437 -0.00105158 0.00230000
v -0.01876307 -0.00173893 0.00230000
v -0.01886110 -0.00133655 -0.00030000
v -0.01899047 -0.00035190 -0.00030000
v -0.01886110 -0.00133655 0.00070000
v -0.01876307 -0.00173893 0.00070000
v -0.01891437 0.00105158 0.00230000
v -0.01891437 0.00105158 -0.00030000
v -0.01899047 0.00035190 -0.00030000
v -0.01886835 0.00130157 -0.00030000
v -0.01886835 0.00130157 0.00070000
v -0.01853835 0.00240590 0.00070000
v -0.01876307 0.00173893 0.00230000
v -0.01853835 -0.00240590 0.00070000
v -0.01853835 -0.00240590 0.00230000
v -0.01824283 -0.00304465 0.00070000
v -0.01824283 -0.00304465 0.00230000
v -0.01787998 -0.00364772 0.00070000
v -0.01787998 -0.00364772 0.00230000
v -0.01745405 -0.00420801 0.00070000
v -0.01745405 -0.00420801 0.00230000
v -0.01697005 -0.00471897 0.00070000
v -0.01697005 -0.00471897 0.00230000
v -0.01643363 -0.00517460 0.00070000
v -0.01643363 -0.00517460 0.00230000
v -0.01585110 -0.00556957 0.00070000
v -0.01585110 -0.00556957 0.00230000
v -0.01522928 -0.00589924 0.00070000
v -0.01522928 -0.00589924 0.00230000
v -0.01457546 -0.00615975 0.00070000
v -0.01457546 -0.00615975 0.00230000
v -0.01389731 -0.00634803 0.00070000
v -0.01389731 -0.00634803 0.00230000
v -0.01320277 -0.00646190 0.00070000
v -0.01320277 -0.00646190 0.00230000
v -0.01250000 -0.00650000 0.00070000
v -0.01250000 -0.00650000 0.00230000
v -0.01179723 -0.00646190 0.00070000
v -0.01179723 -0.00646190 0.00230000
v -0.01110269 -0.00634803 0.00070000
v -0.01110269 -0.00634803 0.00230000
v -0.01042454 -0.00615975 0.00070000
v -0.01042454 -0.00615975 0.00230000
v -0.00977072 -0.00589924 0.00070000
v -0.00977072 -0.00589924 0.00230000
v -0.00914890 -0.00556957 0.00070000
v -0.00914890 -0.00556957 0.00230000
v -0.00856637 -0.00517460 0.00070000
v -0.00856637 -0.00517460 0.00230000
v -0.00802995 -0.00471897 0.00070000
v -0.00802995 -0.00471897 0.00230000
v -0.00754595 -0.00420801 0.00070000
v -0.00754595 -0.00420801 0.00230000
v -0.00712002 -0.00364772 0.00070000
v -0.00712002 -0.00364772 0.00230000
v -0.00675717 -0.00304465 0.00070000
v -0.00675717 -0.00304465 0.00230000
v -0.00646165 -0.00240590 0.00070000
v -0.00646165 -0.00240590 0.00230000
v -0.00623692 -0.00173893 0.00070000
v -0.00623692 -0.00173893 0.00230000
v -0.00608563 -0.00105158 0.00070000
v -0.00608563 -0.00105158 0.00230000
v -0.00600953 -0.00035190 0.00070000
v -0.00600953 -0.00035190 0.00230000
v -0.00600953 0.00035190 0.00070000
v -0.00600953 0.00035190 0.00230000
v -0.00608563 0.00105158 0.00070000
v -0.00608563 0.00105158 0.00230000
v -0.00623692 0.00173893 0.00070000
v -0.00623692 0.00173893 0.00230000
v -0.00646165 0.00240590 0.00070000
v -0.00646165 0.00240590 0.00230000
v -0.00675717 0.00304465 0.00070000
v -0.00675717 0.00304465 0.00230000
v -0.00712002 0.00364772 0.00070000
v -0.00712002 0.00364772 0.00230000
v -0.00754595 0.00420801 0.00070000
v -0.00754595 0.00420801 0.00230000
v -0.00802995 0.00471897 0.00070000
v -0.00802995 0.00471897 0.00230000
v -0.00856637 0.00517460 0.00070000
v -0.00856637 0.00517460 0.00230000
v -0.00914890 0.00556957 0.00070000
v -0.00914890 0.00556957 0.00230000
v -0.00977072 0.00589924 0.00070000
v -0.00977072 0.00589924 0.00230000
v -0.01042454 0.00615975 0.00070000
v -0.01042454 0.00615975 0.00230000
v -0.01110269 0.00634803 0.00070000
v -0.01110269 0.00634803 0.00230000
v -0.01179723 0.00646190 0.00070000
v -0.01179723 0.00646190 0.00230000
v -0.01250000 0.00650000 0.00070000
v -0.01250000 0.00650000 0.00230000
v -0.01320277 0.00646190 0.00070000
v -0.01320277 0.00646190 0.00230000
v -0.01389731 0.00634803 0.00070000
v -0.01389731 0.00634803 0.00230000
v -0.01457546 0.00615975 0.00070000
v -0.01457546 0.00615975 0.00230000
v -0.01522928 0.00589924 0.00070000
v -0.01522928 0.00589924 0.00230000
v -0.01585110 0.00556957 0.00070000
v -0.01585110 0.00556957 0.00230000
v -0.01643363 0.00517460 0.00070000
v -0.01643363 0.00517460 0.00230000
v -0.01697005 0.00471897 0.00070000
v -0.01697005 0.00471897 0.00230000
v -0.01745405 0.00420801 0.00070000
v -0.01745405 0.00420801 0.00230000
v -0.01787998 0.00364772 0.00070000
v -0.01787998 0.00364772 0.00230000
v -0.01824283 0.00304465 0.00070000
v -0.01824283 0.00304465 0.00230000
v -0.01853835 0.00240590 0.00230000
v -0.01899070 0.00150000 0.00053823
v -0.01902455 -0.00150000 0.00050524
v -0.02153789 -0.00150000 -0.00030000
v -0.01902455 -0.00150000 -0.00030000
v -0.02157955 0.00150000 -0.00030000
v -0.01899070 0.00150000 -0.00030000
v -0.01907267 -0.00130000 -0.00050000
v -0.02160769 -0.00130000 -0.00050000
v -0.01919017 -0.00036273 -0.00050000
v -0.02167531 -0.00067361 -0.00050000
v -0.01919017 0.00036273 -0.00050000
v -0.02167531 0.00067361 -0.00050000
v -0.01907267 0.00130000 -0.00050000
v -0.02160769 0.00130000 -0.00050000
v 0.00230304 -0.00360000 -0.00298021
v 0.00129245 -0.00360000 -0.00315840
v 0.00230304 -0.00130000 -0.00298021
v 0.00129245 -0.00130000 -0.00315840
v 0.00250000 -0.00360000 -0.00269892
v 0.00250000 -0.00130000 -0.00269892
v 0.00230304 0.00130000 -0.00298021
v 0.00129245 0.00130000 -0.00315840
v 0.00230304 0.00360000 -0.00298021
v 0.00129245 0.00360000 -0.00315840
v 0.00250000 0.00130000 -0.00269892
v 0.00250000 0.00360000 -0.00269892
v 0.00100976 0.00360000 -0.00304632
v 0.00100976 0.00130000 -0.00304632
v 0.00077964 0.00360000 -0.00274856
v 0.00077964 0.00130000 -0.00274856
v 0.00045576 0.00360000 -0.00255694
v 0.00045576 0.00130000 -0.00255694
v 0.00045576 -0.00360000 -0.00255694
v 0.00045576 -0.00130000 -0.00255694
v 0.00077964 -0.00360000 -0.00274856
v 0.00077964 -0.00130000 -0.00274856
v 0.00100976 -0.00360000 -0.00304632
v 0.00100976 -0.00130000 -0.00304632
v 0.00113118 0.00120903 -0.00309446
v 0.00113118 -0.00369097 -0.00309446
v 0.00113118 -0.00120903 -0.00309446
v 0.00113118 0.00369097 -0.00309446
f 1 2 3
f 3 2 4
f 3 4 5
f 5 4 6
f 5 6 7
f 7 6 8
f 7 8 9
f 9 8 10
f 9 10 11
f 11 10 12
f 11 12 13
f 13 12 14
f 13 14 15
f 15 14 16
f 15 16 17
f 17 16 18
f 17 18 19
f 19 18 20
f 19 20 21
f 21 20 22
f 21 22 23
f 23 22 24
f 25 26 27
f 27 26 28
f 27 28 29
f 29 28 30
f 29 30 31
f 31 30 32
f 31 32 33
f 33 32 34
f 33 34 35
f 35 34 36
f 35 36 37
f 37 36 38
f 37 38 39
f 39 38 40
f 39 40 41
f 41 40 42
f 41 42 43
f 43 42 44
f 43 44 45
f 45 44 46
f 45 46 47
f 47 46 48
f 49 50 24
f 51 52 26
f 50 53 24
f 24 53 54
f 24 54 26
f 26 54 55
f 26 55 51
f 52 56 26
f 26 56 57
f 26 57 28
f 28 57 58
f 28 58 59
f 60 61 22
f 60 22 62
f 59 63 28
f 28 63 64
f 28 64 22
f 22 64 65
f 22 65 62
f 61 66 22
f 22 66 67
f 22 67 24
f 24 67 68
f 24 68 49
f 69 70 71
f 71 70 72
f 73 69 74
f 74 69 71
f 74 71 75
f 75 71 76
f 77 78 79
f 79 78 80
f 81 77 82
f 82 77 79
f 82 79 83
f 83 79 84
f 85 86 87
f 87 86 88
f 89 90 91
f 91 90 92
f 83 84 93
f 93 84 94
f 93 94 95
f 95 94 96
f 95 96 97
f 97 96 98
f 97 98 92
f 92 98 91
f 90 89 99
f 99 89 100
f 99 100 101
f 101 100 102
f 101 102 103
f 103 102 104
f 103 104 76
f 76 104 75
f 105 106 107
f 107 106 108
f 109 105 110
f 110 105 107
f 110 107 111
f 111 107 112
f 113 114 115
f 115 114 116
f 115 116 117
f 117 116 118
f 117 118 119
f 119 118 120
f 119 120 121
f 121 120 122
f 121 122 123
f 123 122 124
f 123 124 125
f 125 124 126
f 125 126 127
f 127 126 128
f 127 128 129
f 129 128 130
f 129 130 131
f 131 130 132
f 131 132 133
f 133 132 134
f 133 134 135
f 135 134 136
f 135 136 113
f 113 136 114
f 111 112 137
f 111 137 138
f 138 137 139
f 138 139 140
f 140 139 141
f 140 141 142
f 142 141 87
f 142 87 88
f 143 144 145
f 145 144 146
f 147 143 148
f 148 143 145
f 148 145 149
f 149 145 150
f 151 152 153
f 153 152 154
f 153 154 155
f 155 154 156
f 155 156 157
f 157 156 158
f 157 158 159
f 159 158 160
f 159 160 161
f 161 160 162
f 161 162 163
f 163 162 164
f 163 164 165
f 165 164 166
f 165 166 167
f 167 166 168
f 167 168 169
f 169 168 170
f 169 170 171
f 171 170 172
f 171 172 173
f 173 172 174
f 173 174 151
f 151 174 152
f 149 150 175
f 149 175 176
f 176 175 177
f 176 177 178
f 178 177 179
f 178 179 180
f 180 179 86
f 180 86 85
f 147 181 182
f 182 181 183
f 182 183 184
f 184 183 185
f 184 185 186
f 186 185 187
f 186 187 188
f 188 187 80
f 188 80 189
f 189 80 78
f 189 78 190
f 190 78 191
f 190 191 192
f 192 191 1
f 192 1 193
f 193 1 3
f 193 3 194
f 194 3 5
f 194 5 195
f 195 5 143
f 195 143 196
f 196 143 147
f 196 147 197
f 197 147 182
f 5 7 143
f 143 7 9
f 143 9 198
f 198 9 11
f 198 11 199
f 199 11 13
f 199 13 200
f 200 13 15
f 200 15 201
f 201 15 17
f 201 17 202
f 202 17 19
f 202 19 203
f 203 19 21
f 203 21 204
f 205 206 207
f 207 206 73
f 206 208 73
f 73 208 209
f 73 209 69
f 69 209 210
f 207 211 205
f 205 211 212
f 205 212 213
f 213 212 214
f 213 214 215
f 215 214 108
f 215 108 216
f 216 108 217
f 106 39 41
f 39 106 37
f 37 106 218
f 37 218 35
f 35 218 219
f 35 219 33
f 33 219 220
f 33 220 31
f 31 220 221
f 31 221 29
f 29 221 222
f 29 222 27
f 27 222 223
f 27 223 224
f 108 106 217
f 217 106 41
f 217 41 225
f 225 41 43
f 225 43 226
f 226 43 45
f 226 45 227
f 227 45 47
f 227 47 210
f 210 47 228
f 210 228 69
f 229 230 224
f 224 230 231
f 224 231 232
f 232 231 233
f 233 234 232
f 232 234 235
f 232 235 236
f 236 235 237
f 238 239 224
f 224 239 240
f 224 240 229
f 241 242 243
f 243 242 244
f 243 244 245
f 241 246 242
f 242 246 247
f 242 247 248
f 248 247 249
f 248 249 250
f 250 251 248
f 248 251 252
f 248 252 253
f 254 255 256
f 255 257 256
f 256 257 258
f 256 258 259
f 259 258 260
f 260 261 259
f 259 261 262
f 259 262 244
f 244 262 263
f 244 263 245
f 238 248 239
f 239 248 253
f 239 253 264
f 264 253 265
f 264 265 266
f 254 256 267
f 267 256 203
f 267 203 204
f 268 269 204
f 270 271 272
f 272 271 236
f 272 236 273
f 273 236 237
f 270 274 271
f 271 274 275
f 271 275 204
f 204 275 276
f 204 276 268
f 265 267 266
f 266 267 204
f 266 204 277
f 277 204 269
f 256 278 203
f 203 278 279
f 203 279 202
f 202 279 280
f 202 280 201
f 201 280 281
f 201 281 200
f 200 281 282
f 200 282 199
f 199 282 283
f 199 283 198
f 198 283 144
f 198 144 143
f 224 223 238
f 238 223 222
f 238 222 284
f 284 222 221
f 284 221 285
f 285 221 220
f 285 220 286
f 286 220 219
f 286 219 287
f 287 219 218
f 287 218 288
f 288 218 106
f 288 106 105
f 289 290 291
f 291 290 292
f 291 292 293
f 293 292 294
f 293 294 295
f 295 294 296
f 295 296 297
f 297 296 298
f 297 298 299
f 299 298 300
f 299 300 301
f 301 300 302
f 301 302 303
f 303 302 304
f 303 304 305
f 305 304 306
f 305 306 307
f 307 306 308
f 307 308 309
f 309 308 310
f 309 310 311
f 311 310 312
f 313 314 315
f 315 314 316
f 315 316 317
f 317 316 318
f 317 318 319
f 319 318 320
f 319 320 321
f 321 320 322
f 321 322 323
f 323 322 324
f 323 324 325
f 325 324 326
f 325 326 327
f 327 326 328
f 327 328 329
f 329 328 330
f 329 330 331
f 331 330 332
f 331 332 333
f 333 332 334
f 333 334 335
f 335 334 336
f 337 338 310
f 337 310 339
f 340 341 333
f 333 341 342
f 333 342 310
f 310 342 343
f 310 343 339
f 338 344 310
f 310 344 345
f 310 345 312
f 345 346 312
f 312 346 347
f 312 347 348
f 349 350 335
f 348 351 312
f 312 351 352
f 312 352 335
f 335 352 353
f 335 353 349
f 350 354 335
f 335 354 355
f 335 355 333
f 333 355 356
f 333 356 340
f 357 358 77
f 77 358 78
f 78 358 359
f 78 359 191
f 77 360 357
f 357 360 314
f 357 314 313
f 359 361 191
f 191 361 2
f 191 2 1
f 47 48 362
f 289 363 290
f 290 363 364
f 364 363 365
f 365 363 70
f 365 70 366
f 366 70 69
f 366 69 362
f 362 69 228
f 362 228 47
f 367 210 368
f 368 210 209
f 368 209 369
f 369 209 208
f 369 208 370
f 370 208 206
f 370 206 371
f 371 206 205
f 371 205 372
f 372 205 213
f 372 213 373
f 373 213 215
f 373 215 374
f 374 215 216
f 374 216 375
f 375 216 217
f 375 217 376
f 376 217 225
f 376 225 377
f 377 225 226
f 377 226 378
f 378 226 227
f 378 227 367
f 367 227 210
f 379 197 380
f 380 197 182
f 380 182 381
f 381 182 184
f 381 184 382
f 382 184 186
f 382 186 383
f 383 186 188
f 383 188 384
f 384 188 189
f 384 189 385
f 385 189 190
f 385 190 386
f 386 190 192
f 386 192 387
f 387 192 193
f 387 193 388
f 388 193 194
f 388 194 389
f 389 194 195
f 389 195 390
f 390 195 196
f 390 196 379
f 379 196 197
f 26 25 232
f 271 23 24
f 26 232 24
f 24 232 236
f 24 236 271
f 109 391 372
f 372 391 392
f 372 392 371
f 371 392 393
f 371 393 370
f 370 393 394
f 370 394 369
f 369 394 72
f 369 72 368
f 368 72 70
f 368 70 367
f 367 70 363
f 367 363 378
f 378 363 289
f 378 289 377
f 377 289 291
f 377 291 376
f 376 291 293
f 376 293 375
f 375 293 105
f 375 105 374
f 374 105 109
f 374 109 373
f 373 109 372
f 293 295 105
f 105 295 297
f 105 297 288
f 288 297 299
f 288 299 287
f 287 299 301
f 287 301 286
f 286 301 303
f 286 303 285
f 285 303 305
f 285 305 284
f 284 305 307
f 284 307 238
f 238 307 309
f 238 309 248
f 385 77 384
f 384 77 81
f 384 81 383
f 144 322 320
f 389 390 146
f 146 390 379
f 146 379 395
f 395 379 380
f 395 380 396
f 396 380 381
f 383 81 382
f 382 81 397
f 382 397 381
f 381 397 398
f 381 398 396
f 322 144 324
f 324 144 283
f 324 283 326
f 326 283 282
f 326 282 328
f 328 282 281
f 328 281 330
f 330 281 280
f 330 280 332
f 332 280 279
f 332 279 334
f 334 279 278
f 334 278 256
f 146 144 389
f 389 144 320
f 389 320 388
f 388 320 318
f 388 318 387
f 387 318 316
f 387 316 386
f 386 316 314
f 386 314 385
f 385 314 360
f 385 360 77
f 336 259 335
f 335 259 244
f 335 244 312
f 312 244 242
f 312 242 311
f 334 256 336
f 336 256 259
f 311 242 309
f 309 242 248
f 341 340 254
f 254 340 255
f 255 340 257
f 257 340 356
f 257 356 258
f 258 356 355
f 258 355 260
f 260 355 354
f 260 354 261
f 354 350 261
f 261 350 349
f 261 349 262
f 262 349 263
f 263 349 353
f 263 353 245
f 245 353 352
f 245 352 243
f 243 352 351
f 243 351 241
f 351 348 241
f 241 348 347
f 241 347 246
f 246 347 247
f 247 347 346
f 247 346 249
f 249 346 345
f 249 345 250
f 250 345 344
f 250 344 251
f 251 344 338
f 251 338 337
f 341 254 342
f 342 254 267
f 342 267 343
f 343 267 265
f 343 265 339
f 339 265 253
f 339 253 337
f 337 253 252
f 337 252 251
f 399 131 71
f 71 131 133
f 71 133 76
f 76 133 135
f 76 135 103
f 103 135 101
f 101 135 113
f 101 113 99
f 151 400 173
f 173 400 401
f 173 401 171
f 171 401 402
f 171 402 169
f 169 402 403
f 169 403 167
f 167 403 82
f 167 82 165
f 145 400 150
f 150 400 151
f 150 151 175
f 175 151 153
f 175 153 177
f 177 153 155
f 177 155 179
f 82 83 165
f 165 83 93
f 165 93 163
f 163 93 161
f 123 125 111
f 111 125 127
f 113 115 99
f 99 115 117
f 99 117 90
f 90 117 119
f 404 127 399
f 399 127 129
f 399 129 131
f 110 111 405
f 405 111 127
f 405 127 406
f 406 127 404
f 179 155 86
f 86 155 157
f 86 157 159
f 93 95 161
f 161 95 97
f 161 97 159
f 159 97 92
f 159 92 86
f 86 92 90
f 86 90 88
f 88 90 119
f 88 119 142
f 142 119 121
f 142 121 140
f 140 121 123
f 140 123 138
f 138 123 111
f 399 71 394
f 394 71 72
f 397 81 403
f 403 81 82
f 25 27 232
f 232 27 224
f 21 23 204
f 204 23 271
f 63 59 240
f 240 59 229
f 229 59 230
f 230 59 58
f 230 58 231
f 231 58 57
f 231 57 233
f 233 57 56
f 233 56 234
f 56 52 234
f 234 52 51
f 234 51 235
f 235 51 237
f 237 51 55
f 237 55 273
f 273 55 54
f 273 54 272
f 272 54 53
f 272 53 270
f 53 50 270
f 270 50 49
f 270 49 274
f 274 49 275
f 275 49 68
f 275 68 276
f 276 68 67
f 276 67 268
f 268 67 66
f 268 66 269
f 269 66 61
f 269 61 60
f 63 240 64
f 64 240 239
f 64 239 65
f 65 239 264
f 65 264 62
f 62 264 266
f 62 266 60
f 60 266 277
f 60 277 269
f 114 136 104
f 126 124 137
f 112 107 407
f 137 124 139
f 139 124 122
f 139 122 141
f 154 152 149
f 149 152 174
f 408 170 79
f 79 170 168
f 79 168 166
f 141 122 87
f 87 122 120
f 87 120 118
f 114 104 116
f 409 174 408
f 408 174 172
f 408 172 170
f 148 149 410
f 410 149 174
f 410 174 411
f 411 174 409
f 89 91 85
f 137 112 126
f 126 112 407
f 126 407 128
f 128 407 412
f 128 412 130
f 130 412 413
f 130 413 132
f 132 413 414
f 132 414 134
f 134 414 74
f 134 74 136
f 136 74 75
f 136 75 104
f 149 176 154
f 154 176 178
f 154 178 156
f 156 178 180
f 156 180 158
f 104 102 116
f 116 102 100
f 116 100 118
f 118 100 89
f 118 89 87
f 87 89 85
f 180 85 158
f 158 85 91
f 158 91 160
f 160 91 98
f 160 98 162
f 162 98 96
f 162 96 164
f 164 96 94
f 164 94 166
f 166 94 84
f 166 84 79
f 408 79 187
f 187 79 80
f 207 73 414
f 414 73 74
f 365 366 415
f 365 415 416
f 416 415 417
f 416 417 418
f 418 417 419
f 418 419 420
f 420 419 421
f 420 421 422
f 422 421 423
f 422 423 424
f 424 423 359
f 424 359 358
f 425 426 427
f 427 426 428
f 427 428 429
f 429 428 430
f 429 430 431
f 431 430 432
f 431 432 433
f 433 432 434
f 433 434 435
f 435 434 436
f 435 436 437
f 437 436 438
f 437 438 439
f 439 438 440
f 439 440 441
f 441 440 442
f 441 442 443
f 443 442 444
f 443 444 445
f 445 444 446
f 445 446 447
f 447 446 448
f 447 448 449
f 449 448 450
f 449 450 451
f 451 450 452
f 451 452 453
f 453 452 454
f 453 454 455
f 455 454 456
f 455 456 457
f 457 456 458
f 457 458 459
f 459 458 460
f 459 460 461
f 461 460 462
f 461 462 463
f 463 462 464
f 463 464 465
f 465 464 466
f 465 466 467
f 467 466 425
f 467 425 427
f 437 439 419
f 419 439 421
f 421 439 441
f 421 441 423
f 419 417 437
f 437 417 415
f 437 415 435
f 435 415 366
f 435 366 433
f 433 366 362
f 433 362 431
f 443 361 441
f 441 361 359
f 441 359 423
f 463 30 461
f 461 30 28
f 461 28 459
f 459 28 22
f 459 22 457
f 457 22 20
f 457 20 455
f 427 38 467
f 467 38 36
f 467 36 465
f 465 36 34
f 465 34 463
f 463 34 32
f 463 32 30
f 431 362 429
f 429 362 48
f 429 48 46
f 449 8 447
f 447 8 6
f 447 6 445
f 445 6 4
f 445 4 443
f 443 4 2
f 443 2 361
f 20 18 455
f 455 18 16
f 455 16 453
f 453 16 14
f 453 14 451
f 451 14 12
f 451 12 449
f 449 12 10
f 449 10 8
f 46 44 429
f 429 44 42
f 429 42 427
f 427 42 40
f 427 40 38
f 364 442 440
f 424 358 357
f 422 442 420
f 420 442 418
f 364 365 442
f 442 365 416
f 442 416 418
f 454 327 456
f 456 327 329
f 456 329 458
f 458 329 331
f 458 331 460
f 460 331 333
f 460 333 462
f 440 438 364
f 364 438 436
f 364 436 290
f 290 436 434
f 290 434 292
f 292 434 432
f 292 432 294
f 333 310 462
f 462 310 308
f 462 308 464
f 464 308 306
f 464 306 466
f 466 306 304
f 466 304 425
f 298 426 300
f 300 426 425
f 300 425 302
f 302 425 304
f 448 319 450
f 450 319 321
f 450 321 452
f 452 321 323
f 452 323 454
f 454 323 325
f 454 325 327
f 294 432 296
f 296 432 430
f 296 430 298
f 298 430 428
f 298 428 426
f 422 424 442
f 442 424 357
f 442 357 444
f 444 357 313
f 444 313 446
f 446 313 315
f 446 315 448
f 448 315 317
f 448 317 319
f 207 414 413
f 207 413 211
f 211 413 412
f 211 412 212
f 212 412 407
f 212 407 214
f 214 407 107
f 214 107 108
f 408 187 185
f 408 185 409
f 409 185 183
f 409 183 411
f 411 183 181
f 411 181 410
f 410 181 147
f 410 147 148
f 397 403 402
f 397 402 398
f 398 402 401
f 398 401 396
f 396 401 400
f 396 400 395
f 395 400 145
f 395 145 146
f 399 394 393
f 399 393 404
f 404 393 392
f 404 392 406
f 406 392 391
f 406 391 405
f 405 391 109
f 405 109 110
f 105 468 469
f 105 469 470
f 470 469 471
f 470 471 472
f 472 471 473
f 472 473 474
f 474 473 475
f 474 475 476
f 476 475 477
f 476 477 478
f 478 477 479
f 478 479 480
f 480 479 481
f 480 481 482
f 482 481 483
f 482 483 484
f 485 486 487
f 488 489 490
f 491 492 493
f 493 492 494
f 493 494 495
f 488 490 496
f 487 486 497
f 497 486 498
f 497 498 494
f 490 499 496
f 496 499 500
f 496 500 501
f 502 503 504
f 487 505 485
f 485 505 506
f 485 506 504
f 504 506 507
f 504 507 502
f 498 508 494
f 494 508 509
f 494 509 510
f 511 512 513
f 513 512 514
f 513 514 515
f 516 517 511
f 511 517 518
f 511 518 512
f 519 520 521
f 521 520 522
f 521 522 523
f 523 522 524
f 502 525 503
f 503 525 526
f 503 526 527
f 527 526 528
f 527 528 524
f 524 528 529
f 524 529 523
f 519 530 496
f 531 517 532
f 532 517 516
f 532 516 530
f 530 516 533
f 530 533 496
f 534 495 501
f 501 495 494
f 501 494 496
f 496 494 510
f 496 510 519
f 519 510 535
f 519 535 520
f 514 536 515
f 515 536 537
f 515 537 538
f 538 537 539
f 538 539 540
f 540 539 541
f 540 541 542
f 542 541 543
f 542 543 544
f 544 543 545
f 544 545 546
f 546 545 547
f 546 547 548
f 548 547 549
f 548 549 550
f 550 549 488
f 550 488 551
f 551 488 496
f 552 553 554
f 555 556 557
f 557 556 558
f 559 560 561
f 562 563 564
f 554 565 552
f 552 565 561
f 552 561 566
f 560 567 561
f 561 567 568
f 561 568 566
f 566 568 569
f 566 569 570
f 570 569 571
f 562 564 572
f 572 564 573
f 572 573 574
f 574 573 575
f 574 575 571
f 571 575 576
f 571 576 570
f 577 558 578
f 578 558 579
f 578 579 580
f 580 579 581
f 579 582 581
f 581 582 583
f 581 583 566
f 566 583 584
f 566 584 552
f 585 586 587
f 587 586 559
f 587 559 588
f 588 559 561
f 563 562 589
f 589 562 590
f 589 590 591
f 591 590 592
f 591 592 593
f 577 594 558
f 558 594 595
f 558 595 557
f 557 595 596
f 557 596 597
f 593 592 598
f 598 592 599
f 598 599 585
f 585 599 600
f 585 600 586
f 601 602 603
f 604 605 602
f 602 605 606
f 602 606 603
f 581 607 580
f 580 607 608
f 580 608 609
f 609 608 610
f 609 610 604
f 604 610 611
f 604 611 605
f 603 612 601
f 601 612 613
f 601 613 614
f 614 613 615
f 614 615 616
f 616 615 617
f 616 617 597
f 597 617 618
f 597 618 557
f 619 620 621
f 621 620 622
f 621 622 623
f 624 625 626
f 626 627 624
f 624 627 628
f 624 628 629
f 621 630 631
f 631 630 632
f 623 633 621
f 621 633 634
f 621 634 630
f 628 635 636
f 637 638 500
f 500 638 639
f 500 639 501
f 636 640 628
f 628 640 641
f 628 641 629
f 583 642 584
f 584 642 643
f 584 643 644
f 625 645 646
f 646 645 647
f 646 647 648
f 648 647 649
f 648 649 620
f 620 649 650
f 651 652 653
f 653 652 654
f 655 656 657
f 657 656 658
f 659 660 661
f 662 663 664
f 664 663 665
f 666 667 624
f 624 667 668
f 624 668 658
f 669 670 671
f 500 672 637
f 637 672 664
f 637 664 659
f 659 664 665
f 659 665 660
f 643 673 674
f 674 673 675
f 674 675 676
f 676 675 653
f 676 653 677
f 677 653 654
f 644 643 678
f 678 643 674
f 678 674 679
f 655 680 656
f 656 680 681
f 656 681 651
f 651 681 682
f 651 682 652
f 666 624 683
f 683 624 684
f 683 684 685
f 656 686 658
f 658 686 687
f 658 687 624
f 624 687 688
f 624 688 625
f 625 688 689
f 625 689 645
f 690 691 620
f 691 692 620
f 620 692 693
f 620 693 622
f 622 693 694
f 622 694 695
f 685 684 696
f 696 684 697
f 696 697 698
f 698 697 699
f 698 699 700
f 700 699 701
f 700 701 702
f 702 701 703
f 702 703 704
f 671 705 669
f 669 705 706
f 669 706 650
f 650 706 707
f 650 707 620
f 620 707 708
f 620 708 690
f 709 710 695
f 695 710 711
f 695 711 622
f 622 711 712
f 622 712 713
f 661 714 659
f 659 714 715
f 659 715 716
f 716 715 717
f 716 717 695
f 695 717 718
f 695 718 709
f 719 720 721
f 721 720 722
f 721 722 723
f 723 722 724
f 713 725 622
f 622 725 726
f 622 726 727
f 727 726 728
f 727 728 729
f 729 728 730
f 729 730 724
f 724 730 731
f 724 731 723
f 732 733 734
f 734 733 735
f 736 737 738
f 738 737 739
f 490 489 554
f 740 741 742
f 743 744 742
f 742 745 746
f 741 747 742
f 742 747 748
f 742 748 144
f 484 749 482
f 482 749 105
f 482 105 480
f 472 474 470
f 470 474 476
f 470 476 105
f 105 476 478
f 105 478 480
f 746 750 742
f 742 750 751
f 742 751 740
f 752 753 754
f 749 755 756
f 757 758 553
f 759 760 761
f 761 760 753
f 761 753 762
f 762 753 752
f 763 764 765
f 761 766 759
f 759 766 767
f 759 767 768
f 768 767 769
f 768 769 770
f 770 769 771
f 770 771 553
f 553 771 772
f 773 774 775
f 757 553 776
f 776 553 777
f 776 777 778
f 779 780 781
f 782 770 783
f 783 770 553
f 783 553 784
f 784 553 758
f 749 756 785
f 785 756 786
f 785 786 787
f 787 786 788
f 787 788 789
f 789 788 790
f 789 790 791
f 791 790 792
f 791 792 782
f 782 792 793
f 782 793 770
f 763 765 794
f 775 774 795
f 795 774 796
f 795 796 797
f 797 796 798
f 797 798 799
f 777 800 778
f 778 800 801
f 778 801 802
f 754 743 752
f 752 743 742
f 752 742 764
f 764 742 144
f 764 144 765
f 772 803 553
f 553 803 804
f 553 804 554
f 554 804 805
f 554 805 490
f 490 805 806
f 785 807 749
f 749 807 808
f 749 808 105
f 105 808 809
f 799 798 810
f 810 798 811
f 810 811 812
f 812 811 813
f 812 813 146
f 146 813 814
f 146 814 144
f 144 814 815
f 144 815 765
f 781 780 816
f 816 780 817
f 816 817 801
f 801 817 818
f 801 818 802
f 109 105 819
f 819 105 809
f 819 809 820
f 820 809 821
f 820 821 822
f 822 821 823
f 822 823 824
f 824 823 778
f 824 778 825
f 825 778 802
f 781 826 779
f 779 826 827
f 779 827 828
f 828 827 109
f 828 109 829
f 829 109 819
f 794 765 830
f 830 765 831
f 830 831 832
f 832 831 833
f 832 833 806
f 806 833 834
f 806 834 490
f 773 775 834
f 834 775 835
f 834 835 490
f 571 533 574
f 574 533 516
f 574 516 572
f 572 516 511
f 572 511 562
f 562 511 513
f 562 513 590
f 590 513 515
f 590 515 592
f 592 515 538
f 592 538 599
f 599 538 540
f 599 540 600
f 600 540 542
f 600 542 586
f 586 542 544
f 586 544 559
f 559 544 546
f 559 546 560
f 560 546 548
f 560 548 567
f 567 548 550
f 567 550 568
f 568 550 551
f 568 551 569
f 569 551 496
f 569 496 571
f 571 496 533
f 520 578 522
f 522 578 580
f 522 580 524
f 524 580 609
f 524 609 527
f 527 609 604
f 527 604 503
f 503 604 602
f 503 602 504
f 504 602 601
f 504 601 485
f 485 601 614
f 485 614 486
f 486 614 616
f 486 616 498
f 498 616 597
f 498 597 508
f 508 597 596
f 508 596 509
f 509 596 595
f 509 595 510
f 510 595 594
f 510 594 535
f 535 594 577
f 535 577 520
f 520 577 578
f 836 837 838
f 838 837 839
f 840 841 842
f 842 841 843
f 844 845 846
f 846 845 847
f 848 849 850
f 850 849 851
f 852 853 854
f 854 853 855
f 745 856 857
f 745 857 746
f 746 857 858
f 746 858 750
f 750 858 859
f 750 859 751
f 751 859 860
f 751 860 740
f 740 860 861
f 740 861 741
f 741 861 862
f 741 862 747
f 747 862 863
f 747 863 748
f 748 863 864
f 748 864 144
f 865 866 867
f 867 866 868
f 738 739 869
f 738 869 870
f 870 869 871
f 870 871 872
f 872 871 873
f 872 873 874
f 874 873 875
f 874 875 876
f 876 875 877
f 876 877 878
f 878 877 879
f 878 879 880
f 880 879 881
f 880 881 882
f 882 881 883
f 882 883 884
f 884 883 885
f 884 885 886
f 886 885 887
f 886 887 888
f 888 887 889
f 888 889 890
f 890 889 891
f 890 891 892
f 892 891 866
f 892 866 865
f 488 867 489
f 489 867 868
f 489 868 554
f 554 868 565
f 893 894 670
f 670 894 671
f 894 893 895
f 894 895 896
f 896 895 897
f 896 897 898
f 898 897 899
f 898 899 900
f 900 899 901
f 900 901 902
f 902 901 903
f 902 903 904
f 905 906 903
f 903 906 904
f 737 736 907
f 907 736 908
f 906 905 909
f 906 909 910
f 910 909 911
f 910 911 912
f 912 911 913
f 912 913 914
f 914 913 915
f 914 915 916
f 916 915 907
f 916 907 908
f 620 742 744
f 917 918 919
f 755 920 921
f 755 921 922
f 755 749 920
f 920 749 625
f 920 625 923
f 923 625 646
f 924 925 918
f 918 925 926
f 918 926 919
f 922 921 927
f 927 921 928
f 927 928 929
f 929 930 927
f 927 930 931
f 927 931 918
f 918 931 932
f 918 932 924
f 917 919 744
f 744 919 933
f 744 933 620
f 620 933 934
f 620 934 648
f 648 934 935
f 648 935 936
f 936 937 648
f 648 937 938
f 648 938 646
f 646 938 939
f 646 939 940
f 940 941 646
f 646 941 942
f 646 942 923
f 484 483 749
f 749 483 626
f 749 626 625
f 856 745 619
f 619 745 742
f 619 742 620
f 743 754 943
f 943 754 944
f 790 788 945
f 945 788 946
f 945 946 947
f 947 946 948
f 753 760 949
f 949 760 950
f 949 950 948
f 948 950 951
f 948 951 947
f 952 953 756
f 756 953 786
f 954 955 956
f 956 955 957
f 956 957 958
f 958 957 959
f 958 959 960
f 923 961 962
f 963 964 926
f 926 964 919
f 919 964 965
f 919 965 933
f 933 965 934
f 934 965 966
f 934 966 935
f 935 966 936
f 936 966 967
f 936 967 937
f 937 967 938
f 938 967 968
f 938 968 939
f 939 968 940
f 940 968 969
f 940 969 941
f 961 923 969
f 969 923 942
f 969 942 941
f 970 921 962
f 962 921 920
f 962 920 923
f 971 929 970
f 970 929 928
f 970 928 921
f 972 931 971
f 971 931 930
f 971 930 929
f 926 925 963
f 963 925 924
f 963 924 972
f 972 924 932
f 972 932 931
f 973 974 975
f 976 974 973
f 977 976 973
f 973 978 979
f 980 978 973
f 975 980 973
f 973 981 982
f 793 973 770
f 792 977 973
f 793 792 973
f 759 768 982
f 982 768 973
f 770 973 768
f 979 981 973
f 950 963 972
f 760 759 982
f 963 950 964
f 971 947 972
f 972 947 951
f 972 951 950
f 970 790 971
f 971 790 945
f 971 945 947
f 792 790 977
f 977 790 970
f 977 970 976
f 976 970 962
f 976 962 974
f 974 962 961
f 974 961 975
f 975 961 969
f 975 969 980
f 980 969 968
f 980 968 978
f 978 968 967
f 978 967 979
f 979 967 966
f 979 966 981
f 981 966 965
f 981 965 982
f 982 965 964
f 982 964 760
f 760 964 950
f 983 775 984
f 984 775 795
f 146 985 986
f 146 986 812
f 812 986 987
f 812 987 810
f 810 987 988
f 810 988 799
f 799 988 989
f 799 989 797
f 985 146 864
f 864 146 144
f 468 105 990
f 990 105 109
f 816 991 992
f 816 992 781
f 781 992 993
f 781 993 826
f 826 993 994
f 826 994 827
f 827 994 990
f 827 990 109
f 995 801 996
f 996 801 800
f 997 777 552
f 552 777 553
f 499 490 998
f 998 490 835
f 989 984 797
f 797 984 795
f 775 983 835
f 835 983 998
f 777 997 800
f 800 997 996
f 995 991 801
f 801 991 816
f 999 819 820
f 999 1000 819
f 819 1000 1001
f 819 1001 829
f 1001 1002 829
f 829 1002 1003
f 829 1003 828
f 1003 1004 828
f 828 1004 1005
f 828 1005 779
f 1005 1006 779
f 779 1006 1007
f 779 1007 780
f 1007 1008 780
f 780 1008 1009
f 780 1009 817
f 1009 1010 817
f 817 1010 1011
f 817 1011 818
f 1011 1012 818
f 818 1012 1013
f 818 1013 802
f 1013 1014 802
f 802 1014 1015
f 802 1015 825
f 1015 1016 825
f 825 1016 1017
f 825 1017 824
f 1017 1018 824
f 824 1018 1019
f 824 1019 822
f 1019 1020 822
f 822 1020 1021
f 822 1021 820
f 820 1021 1022
f 820 1022 999
f 1008 704 1009
f 1009 704 1023
f 1009 1023 1010
f 1010 1023 1024
f 1010 1024 1011
f 1011 1024 679
f 1011 679 1012
f 1012 679 1013
f 1013 679 674
f 1013 674 1014
f 1014 674 676
f 1014 676 1015
f 1015 676 677
f 1015 677 1016
f 1016 677 654
f 1016 654 1017
f 1017 654 652
f 1017 652 1018
f 1018 652 682
f 1018 682 1019
f 1019 682 681
f 1019 681 1020
f 1020 681 680
f 1020 680 1021
f 1021 680 655
f 1021 655 1022
f 1022 655 657
f 1022 657 999
f 999 657 658
f 999 658 1000
f 1000 658 668
f 1000 668 1001
f 1001 668 667
f 1001 667 1002
f 1002 667 666
f 1002 666 1003
f 1003 666 683
f 1003 683 1004
f 1004 683 685
f 1004 685 1005
f 1005 685 696
f 1005 696 1006
f 1006 696 698
f 1006 698 1007
f 1007 698 700
f 1007 700 1008
f 1008 700 702
f 1008 702 704
f 1025 831 765
f 1025 1026 831
f 831 1026 1027
f 831 1027 833
f 1027 1028 833
f 833 1028 1029
f 833 1029 834
f 1029 1030 834
f 834 1030 1031
f 834 1031 773
f 1031 1032 773
f 773 1032 1033
f 773 1033 774
f 1033 1034 774
f 774 1034 1035
f 774 1035 796
f 1035 1036 796
f 796 1036 1037
f 796 1037 798
f 1037 1038 798
f 798 1038 1039
f 798 1039 811
f 1039 1040 811
f 811 1040 1041
f 811 1041 813
f 1041 1042 813
f 813 1042 1043
f 813 1043 814
f 1043 1044 814
f 814 1044 1045
f 814 1045 815
f 1045 1046 815
f 815 1046 1047
f 815 1047 765
f 765 1047 1048
f 765 1048 1025
f 1033 662 1034
f 1034 662 1049
f 1034 1049 1035
f 1035 1049 1050
f 1035 1050 1036
f 1036 1050 719
f 1036 719 1037
f 1037 719 1038
f 1038 719 721
f 1038 721 1039
f 1039 721 723
f 1039 723 1040
f 1040 723 731
f 1040 731 1041
f 1041 731 730
f 1041 730 1042
f 1042 730 728
f 1042 728 1043
f 1043 728 726
f 1043 726 1044
f 1044 726 725
f 1044 725 1045
f 1045 725 713
f 1045 713 1046
f 1046 713 712
f 1046 712 1047
f 1047 712 711
f 1047 711 1048
f 1048 711 710
f 1048 710 1025
f 1025 710 709
f 1025 709 1026
f 1026 709 718
f 1026 718 1027
f 1027 718 717
f 1027 717 1028
f 1028 717 715
f 1028 715 1029
f 1029 715 714
f 1029 714 1030
f 1030 714 661
f 1030 661 1031
f 1031 661 660
f 1031 660 1032
f 1032 660 665
f 1032 665 1033
f 1033 665 663
f 1033 663 662
f 627 626 483
f 483 481 627
f 627 481 479
f 627 479 628
f 628 479 477
f 628 477 635
f 635 477 475
f 635 475 636
f 636 475 473
f 636 473 640
f 640 473 471
f 640 471 641
f 641 471 469
f 641 469 629
f 629 469 468
f 629 468 624
f 990 684 468
f 468 684 624
f 684 990 994
f 684 994 697
f 697 994 993
f 697 993 699
f 699 993 992
f 699 992 701
f 701 992 991
f 701 991 703
f 995 1023 991
f 991 1023 704
f 991 704 703
f 678 679 996
f 996 679 1024
f 996 1024 995
f 995 1024 1023
f 997 644 996
f 996 644 678
f 644 997 584
f 584 997 552
f 857 856 619
f 619 621 857
f 857 621 631
f 857 631 858
f 858 631 632
f 858 632 859
f 859 632 630
f 859 630 860
f 860 630 634
f 860 634 861
f 861 634 633
f 861 633 862
f 862 633 623
f 862 623 863
f 863 623 622
f 863 622 864
f 727 985 622
f 622 985 864
f 720 989 988
f 720 988 722
f 722 988 987
f 722 987 724
f 724 987 986
f 724 986 729
f 729 986 985
f 729 985 727
f 1050 984 719
f 719 984 989
f 719 989 720
f 662 664 983
f 662 983 1049
f 1049 983 984
f 1049 984 1050
f 983 664 998
f 998 664 672
f 500 499 672
f 672 499 998
f 849 848 1051
f 1051 848 1052
f 1051 1052 1053
f 1053 1052 1054
f 1053 1054 495
f 495 1054 493
f 855 1055 854
f 854 1055 1056
f 1055 1057 1056
f 1056 1057 1058
f 1056 1058 1059
f 579 558 1060
f 1060 558 1059
f 1060 1059 1061
f 1061 1059 1058
f 843 1062 842
f 842 1062 1063
f 1062 1064 1063
f 1063 1064 1065
f 1063 1065 1066
f 853 852 1067
f 1067 852 1066
f 1067 1066 1068
f 1068 1066 1065
f 733 732 1069
f 1069 732 1070
f 1069 1070 1071
f 1071 1070 1072
f 1071 1072 851
f 851 1072 850
f 845 844 1073
f 1073 844 1074
f 1073 1074 1075
f 1075 1074 1076
f 1075 1076 735
f 735 1076 734
f 492 491 1077
f 1077 491 1078
f 1077 1078 1079
f 1079 1078 1080
f 1079 1080 1081
f 1081 1080 1082
f 1081 1082 847
f 847 1082 846
f 841 840 1083
f 1083 840 1084
f 1083 1084 1085
f 1085 1084 1086
f 1085 1086 839
f 839 1086 838
f 556 555 1087
f 1087 555 1088
f 1087 1088 1089
f 1089 1088 1090
f 1089 1090 836
f 836 1090 837
f 794 732 763
f 763 732 734
f 732 794 1070
f 1070 794 830
f 1070 830 1072
f 1072 830 832
f 1072 832 850
f 850 832 806
f 844 762 1074
f 1074 762 752
f 1074 752 1076
f 1076 752 764
f 1076 764 734
f 734 764 763
f 805 848 806
f 806 848 850
f 846 761 844
f 844 761 762
f 848 805 1052
f 1052 805 804
f 1052 804 1054
f 1054 804 803
f 1054 803 493
f 493 803 772
f 491 771 1078
f 1078 771 769
f 1078 769 1080
f 1080 769 767
f 1080 767 1082
f 1082 767 766
f 1082 766 846
f 846 766 761
f 771 491 772
f 772 491 493
f 783 558 782
f 782 558 556
f 558 783 1059
f 1059 783 784
f 1059 784 1056
f 1056 784 758
f 1056 758 854
f 854 758 757
f 836 787 1089
f 1089 787 789
f 1089 789 1087
f 1087 789 791
f 1087 791 556
f 556 791 782
f 776 852 757
f 757 852 854
f 838 785 836
f 836 785 787
f 852 776 1066
f 1066 776 778
f 1066 778 1063
f 1063 778 823
f 1063 823 842
f 842 823 821
f 840 809 1084
f 1084 809 808
f 1084 808 1086
f 1086 808 807
f 1086 807 838
f 838 807 785
f 809 840 821
f 821 840 842
f 579 1060 582
f 582 1060 583
f 583 1060 1061
f 583 1061 642
f 642 1061 1058
f 642 1058 643
f 855 673 1055
f 1055 673 643
f 1055 643 1057
f 1057 643 1058
f 866 561 868
f 868 561 565
f 853 675 855
f 855 675 673
f 566 570 739
f 739 570 576
f 739 576 869
f 869 576 575
f 869 575 871
f 871 575 573
f 871 573 873
f 873 573 564
f 873 564 875
f 875 564 563
f 875 563 877
f 877 563 589
f 877 589 879
f 879 589 591
f 879 591 881
f 881 591 593
f 881 593 883
f 883 593 598
f 883 598 885
f 885 598 585
f 885 585 887
f 887 585 587
f 887 587 889
f 889 587 588
f 889 588 891
f 891 588 561
f 891 561 866
f 653 675 853
f 853 1067 653
f 653 1067 1068
f 653 1068 651
f 651 1068 1065
f 651 1065 656
f 843 686 1062
f 1062 686 656
f 1062 656 1064
f 1064 656 1065
f 737 581 739
f 739 581 566
f 841 687 843
f 843 687 686
f 907 607 737
f 737 607 581
f 839 645 1085
f 1085 645 689
f 1085 689 1083
f 1083 689 688
f 1083 688 841
f 841 688 687
f 607 907 915
f 607 915 608
f 608 915 913
f 608 913 610
f 610 913 911
f 610 911 611
f 611 911 909
f 611 909 605
f 605 909 905
f 605 905 606
f 837 647 839
f 839 647 645
f 903 603 905
f 905 603 606
f 555 669 1088
f 1088 669 650
f 1088 650 1090
f 1090 650 649
f 1090 649 837
f 837 649 647
f 603 903 901
f 603 901 612
f 612 901 899
f 612 899 613
f 613 899 897
f 613 897 615
f 615 897 895
f 615 895 617
f 617 895 893
f 617 893 618
f 557 670 555
f 555 670 669
f 670 557 893
f 893 557 618
f 534 501 639
f 638 849 639
f 639 849 1051
f 639 1051 534
f 534 1051 1053
f 534 1053 495
f 637 851 638
f 638 851 849
f 549 865 488
f 488 865 867
f 851 637 1071
f 1071 637 659
f 1071 659 1069
f 1069 659 716
f 1069 716 733
f 733 716 695
f 530 738 532
f 532 738 870
f 532 870 531
f 531 870 872
f 531 872 517
f 517 872 874
f 517 874 518
f 518 874 876
f 518 876 512
f 512 876 878
f 512 878 514
f 514 878 880
f 514 880 536
f 536 880 882
f 536 882 537
f 537 882 884
f 537 884 539
f 539 884 886
f 539 886 541
f 541 886 888
f 541 888 543
f 543 888 890
f 543 890 545
f 545 890 892
f 545 892 547
f 547 892 865
f 547 865 549
f 694 735 695
f 695 735 733
f 519 736 530
f 530 736 738
f 735 694 1075
f 1075 694 693
f 1075 693 1073
f 1073 693 692
f 1073 692 845
f 845 692 691
f 521 908 519
f 519 908 736
f 690 847 691
f 691 847 845
f 525 906 910
f 525 910 526
f 526 910 912
f 526 912 528
f 528 912 914
f 528 914 529
f 529 914 916
f 529 916 523
f 523 916 908
f 523 908 521
f 847 690 1081
f 1081 690 708
f 1081 708 1079
f 1079 708 707
f 1079 707 1077
f 1077 707 706
f 1077 706 492
f 492 706 705
f 502 904 525
f 525 904 906
f 671 494 705
f 705 494 492
f 497 894 896
f 497 896 487
f 487 896 898
f 487 898 505
f 505 898 900
f 505 900 506
f 506 900 902
f 506 902 507
f 507 902 904
f 507 904 502
f 894 497 671
f 671 497 494
f 1091 960 952
f 952 960 959
f 952 959 953
f 953 959 1092
f 954 1093 943
f 954 943 955
f 955 943 944
f 955 944 1094
f 917 1093 954
f 917 954 918
f 960 1091 922
f 960 922 958
f 954 956 918
f 918 956 958
f 918 958 927
f 927 958 922
f 1092 959 946
f 946 959 957
f 946 957 948
f 948 957 955
f 948 955 949
f 949 955 1094
f 756 755 952
f 952 755 922
f 952 922 1091
f 744 743 917
f 917 743 943
f 917 943 1093
f 1092 946 953
f 953 946 788
f 953 788 786
f 1094 944 949
f 949 944 754
f 949 754 753
f 1095 1096 1097
f 1097 1096 1098
f 1097 1098 1099
f 1099 1098 1100
f 1099 1100 1101
f 1101 1100 1102
f 1101 1102 1103
f 1103 1102 1104
f 1103 1104 1105
f 1105 1104 1106
f 1105 1106 1107
f 1107 1106 1108
f 1107 1108 1109
f 1109 1108 1110
f 1109 1110 1111
f 1111 1110 1112
f 1111 1112 1113
f 1113 1112 1114
f 1113 1114 1115
f 1115 1114 1116
f 1115 1116 1117
f 1117 1116 1118
f 1117 1118 1119
f 1119 1118 1120
f 1119 1120 1121
f 1121 1120 1122
f 1121 1122 1123
f 1123 1122 1124
f 1123 1124 1125
f 1125 1124 1126
f 1125 1126 1127
f 1127 1126 1128
f 1127 1128 1129
f 1129 1128 1130
f 1129 1130 1095
f 1095 1130 1096
f 1131 1132 1133
f 1133 1132 1134
f 1133 1134 1135
f 1136 1137 1138
f 1138 1131 1136
f 1136 1131 1133
f 1136 1133 1139
f 1139 1133 1140
f 1139 1140 1141
f 1141 1140 1142
f 1143 1144 1145
f 1145 1144 1146
f 1147 1148 1149
f 1150 1151 1152
f 1152 1151 1153
f 1152 1153 1149
f 1149 1153 1145
f 1149 1145 1147
f 1147 1145 1146
f 1147 1146 1154
f 1155 1156 1157
f 1158 1159 1160
f 1157 1156 1161
f 1161 1156 1162
f 1161 1162 1163
f 1163 1162 1164
f 1163 1164 1165
f 1165 1164 1166
f 1165 1166 1167
f 1168 1169 1170
f 1170 1169 1171
f 1170 1171 1172
f 1158 1160 1170
f 1170 1160 1173
f 1170 1173 1168
f 1157 1174 1155
f 1155 1174 1175
f 1155 1175 1176
f 1176 1175 1172
f 1176 1172 1177
f 1177 1172 1171
f 1167 1166 1178
f 1178 1166 1179
f 1178 1179 1180
f 1180 1179 1181
f 1180 1181 1182
f 1182 1181 1183
f 1182 1183 1184
f 1184 1183 1185
f 1184 1185 1186
f 1186 1185 1187
f 1186 1187 1158
f 1158 1187 1188
f 1158 1188 1159
f 1170 1172 1132
f 1132 1172 1134
f 1153 1151 1158
f 1158 1151 1186
f 1189 1190 1191
f 1191 1190 1192
f 1191 1192 1193
f 1194 1195 1196
f 1195 1194 1197
f 1197 1194 1198
f 1197 1198 1199
f 1196 1200 1194
f 1194 1200 1201
f 1194 1201 1192
f 1192 1201 1202
f 1192 1202 1193
f 1189 1203 1190
f 1190 1203 1204
f 1190 1204 1205
f 1205 1204 1206
f 1205 1206 1207
f 1207 1206 1208
f 1207 1208 1209
f 1209 1208 1210
f 1209 1210 1211
f 1211 1210 1212
f 1211 1212 1213
f 1213 1212 1214
f 1213 1214 1215
f 1215 1214 1216
f 1215 1216 1217
f 1217 1216 1218
f 1217 1218 1219
f 1219 1218 1220
f 1219 1220 1221
f 1221 1220 1222
f 1221 1222 1223
f 1223 1222 1224
f 1223 1224 1225
f 1225 1224 1226
f 1225 1226 1198
f 1198 1226 1227
f 1198 1227 1199
f 1192 1190 1154
f 1154 1190 1147
f 1139 1141 1194
f 1194 1141 1198
f 1228 1229 1230
f 1230 1229 1231
f 1232 1233 1234
f 1234 1233 1235
f 1141 1142 1236
f 1141 1236 1237
f 1237 1236 1238
f 1237 1238 1239
f 1239 1238 1240
f 1239 1240 1241
f 1241 1240 1242
f 1241 1242 1243
f 1243 1242 1244
f 1243 1244 1245
f 1245 1244 1246
f 1245 1246 1247
f 1247 1246 1248
f 1247 1248 1249
f 1249 1248 1250
f 1249 1250 1251
f 1251 1250 1252
f 1251 1252 1253
f 1253 1252 1254
f 1253 1254 1255
f 1255 1254 1256
f 1255 1256 1257
f 1257 1256 1148
f 1257 1148 1147
f 1258 1259 1131
f 1131 1259 1145
f 1145 1259 1260
f 1145 1260 1261
f 1262 1263 1264
f 1264 1263 1265
f 1265 1263 1266
f 1265 1266 1267
f 1267 1266 1268
f 1268 1266 1269
f 1268 1269 1270
f 1270 1269 1271
f 1270 1271 1272
f 1272 1271 1273
f 1273 1271 1274
f 1273 1274 1138
f 1138 1274 1275
f 1138 1275 1131
f 1131 1275 1276
f 1131 1276 1258
f 1261 1277 1145
f 1145 1277 1278
f 1145 1278 1143
f 1143 1278 1279
f 1143 1279 1280
f 1280 1279 1281
f 1280 1281 1282
f 1282 1281 1283
f 1282 1283 1284
f 1284 1283 1262
f 1284 1262 1285
f 1285 1262 1264
f 1144 1143 1280
f 1144 1280 1286
f 1286 1280 1282
f 1286 1282 1287
f 1287 1282 1284
f 1287 1284 1288
f 1288 1284 1285
f 1288 1285 1289
f 1289 1285 1264
f 1289 1264 1290
f 1290 1264 1265
f 1290 1265 1291
f 1291 1265 1267
f 1291 1267 1292
f 1292 1267 1268
f 1292 1268 1293
f 1293 1268 1270
f 1293 1270 1294
f 1294 1270 1272
f 1294 1272 1295
f 1295 1272 1273
f 1295 1273 1296
f 1296 1273 1138
f 1296 1138 1137
f 1135 1134 1297
f 1135 1297 1298
f 1298 1297 1299
f 1298 1299 1300
f 1300 1299 1301
f 1300 1301 1302
f 1302 1301 1303
f 1302 1303 1304
f 1304 1303 1305
f 1304 1305 1306
f 1306 1305 1307
f 1306 1307 1308
f 1308 1307 1309
f 1308 1309 1310
f 1310 1309 1311
f 1310 1311 1312
f 1312 1311 1313
f 1312 1313 1314
f 1314 1313 1315
f 1314 1315 1316
f 1316 1315 1317
f 1316 1317 1318
f 1318 1317 1151
f 1318 1151 1150
f 1146 1319 1320
f 1321 1136 1322
f 1322 1136 1146
f 1322 1146 1323
f 1323 1146 1320
f 1324 1291 1325
f 1325 1291 1292
f 1325 1292 1326
f 1319 1146 1327
f 1327 1146 1144
f 1327 1144 1328
f 1328 1144 1286
f 1328 1286 1329
f 1292 1293 1326
f 1326 1293 1294
f 1326 1294 1330
f 1330 1294 1295
f 1330 1295 1331
f 1331 1295 1296
f 1331 1296 1332
f 1332 1296 1137
f 1332 1137 1333
f 1333 1137 1136
f 1333 1136 1334
f 1334 1136 1321
f 1286 1287 1329
f 1329 1287 1288
f 1329 1288 1335
f 1335 1288 1289
f 1335 1289 1324
f 1324 1289 1290
f 1324 1290 1291
f 1260 1322 1261
f 1261 1322 1323
f 1261 1323 1277
f 1277 1323 1320
f 1277 1320 1278
f 1278 1320 1319
f 1278 1319 1279
f 1279 1319 1327
f 1279 1327 1281
f 1281 1327 1328
f 1281 1328 1283
f 1283 1328 1329
f 1283 1329 1262
f 1262 1329 1335
f 1262 1335 1263
f 1263 1335 1324
f 1263 1324 1266
f 1266 1324 1325
f 1266 1325 1269
f 1269 1325 1326
f 1269 1326 1271
f 1271 1326 1330
f 1271 1330 1274
f 1274 1330 1331
f 1274 1331 1275
f 1275 1331 1332
f 1275 1332 1276
f 1276 1332 1333
f 1276 1333 1258
f 1258 1333 1334
f 1258 1334 1259
f 1259 1334 1321
f 1259 1321 1260
f 1260 1321 1322
f 1232 1149 1148
f 1142 1140 1230
f 1250 1248 1336
f 1336 1248 1337
f 1250 1336 1252
f 1252 1336 1338
f 1252 1338 1254
f 1254 1338 1256
f 1256 1338 1339
f 1256 1339 1148
f 1148 1339 1232
f 1232 1339 1340
f 1232 1340 1341
f 1342 1343 1240
f 1248 1246 1337
f 1337 1246 1244
f 1337 1244 1343
f 1343 1244 1242
f 1343 1242 1240
f 1240 1238 1342
f 1342 1238 1236
f 1342 1236 1344
f 1344 1236 1142
f 1344 1142 1345
f 1345 1142 1230
f 1345 1230 1346
f 1230 1231 1346
f 1346 1231 1347
f 1346 1347 1348
f 1347 1349 1348
f 1348 1349 1350
f 1348 1350 1341
f 1341 1350 1233
f 1341 1233 1232
f 1228 1133 1135
f 1150 1152 1234
f 1106 1104 1150
f 1150 1104 1318
f 1318 1104 1102
f 1318 1102 1316
f 1316 1102 1314
f 1314 1102 1100
f 1314 1100 1312
f 1312 1100 1098
f 1312 1098 1310
f 1310 1098 1308
f 1308 1098 1096
f 1308 1096 1306
f 1306 1096 1130
f 1306 1130 1304
f 1304 1130 1128
f 1304 1128 1302
f 1302 1128 1300
f 1300 1128 1126
f 1300 1126 1298
f 1298 1126 1124
f 1298 1124 1135
f 1135 1124 1122
f 1135 1122 1228
f 1228 1122 1120
f 1228 1120 1118
f 1106 1150 1108
f 1108 1150 1234
f 1108 1234 1110
f 1110 1234 1235
f 1110 1235 1112
f 1112 1235 1351
f 1112 1351 1114
f 1114 1351 1352
f 1114 1352 1116
f 1116 1352 1353
f 1116 1353 1118
f 1118 1353 1229
f 1118 1229 1228
f 1235 1233 1351
f 1351 1233 1350
f 1351 1350 1352
f 1352 1350 1349
f 1352 1349 1353
f 1353 1349 1347
f 1353 1347 1229
f 1229 1347 1231
f 1198 1141 1237
f 1198 1237 1225
f 1225 1237 1239
f 1225 1239 1223
f 1223 1239 1241
f 1223 1241 1221
f 1221 1241 1243
f 1221 1243 1219
f 1219 1243 1245
f 1219 1245 1217
f 1217 1245 1247
f 1217 1247 1215
f 1215 1247 1249
f 1215 1249 1213
f 1213 1249 1251
f 1213 1251 1211
f 1211 1251 1253
f 1211 1253 1209
f 1209 1253 1255
f 1209 1255 1207
f 1207 1255 1257
f 1207 1257 1205
f 1205 1257 1147
f 1205 1147 1190
f 1186 1151 1317
f 1186 1317 1184
f 1184 1317 1315
f 1184 1315 1182
f 1182 1315 1313
f 1182 1313 1180
f 1180 1313 1311
f 1180 1311 1178
f 1178 1311 1309
f 1178 1309 1167
f 1167 1309 1307
f 1167 1307 1165
f 1165 1307 1305
f 1165 1305 1163
f 1163 1305 1303
f 1163 1303 1161
f 1161 1303 1301
f 1161 1301 1157
f 1157 1301 1299
f 1157 1299 1174
f 1174 1299 1297
f 1174 1297 1175
f 1175 1297 1134
f 1175 1134 1172
f 1230 1140 1228
f 1228 1140 1133
f 1149 1232 1152
f 1152 1232 1234
f 1154 1146 1192
f 1192 1146 1136
f 1192 1136 1194
f 1194 1136 1139
f 1132 1131 1170
f 1170 1131 1145
f 1170 1145 1158
f 1158 1145 1153
f 1336 1337 1354
f 1354 1355 1336
f 1336 1355 1356
f 1336 1356 1338
f 1356 1357 1338
f 1338 1357 1358
f 1338 1358 1339
f 1358 1359 1339
f 1339 1359 1360
f 1339 1360 1340
f 1360 1361 1340
f 1340 1361 1362
f 1340 1362 1341
f 1362 1363 1341
f 1341 1363 1364
f 1341 1364 1348
f 1364 1365 1348
f 1348 1365 1366
f 1348 1366 1346
f 1366 1367 1346
f 1346 1367 1368
f 1346 1368 1345
f 1368 1369 1345
f 1345 1369 1370
f 1345 1370 1344
f 1370 1371 1344
f 1344 1371 1372
f 1344 1372 1342
f 1372 1373 1342
f 1342 1373 1374
f 1342 1374 1343
f 1374 1375 1343
f 1343 1375 1376
f 1343 1376 1337
f 1337 1376 1377
f 1337 1377 1354
f 1354 1214 1355
f 1355 1214 1212
f 1355 1212 1356
f 1356 1212 1210
f 1356 1210 1357
f 1357 1210 1208
f 1357 1208 1358
f 1358 1208 1206
f 1358 1206 1359
f 1359 1206 1204
f 1359 1204 1360
f 1360 1204 1203
f 1360 1203 1361
f 1361 1203 1189
f 1361 1189 1362
f 1362 1189 1191
f 1362 1191 1363
f 1363 1191 1193
f 1363 1193 1364
f 1364 1193 1202
f 1364 1202 1365
f 1365 1202 1201
f 1365 1201 1366
f 1366 1201 1200
f 1366 1200 1367
f 1367 1200 1196
f 1367 1196 1368
f 1368 1196 1195
f 1368 1195 1369
f 1369 1195 1197
f 1369 1197 1370
f 1370 1197 1199
f 1370 1199 1371
f 1371 1199 1227
f 1371 1227 1372
f 1372 1227 1226
f 1372 1226 1373
f 1373 1226 1224
f 1373 1224 1374
f 1374 1224 1222
f 1374 1222 1375
f 1375 1222 1220
f 1375 1220 1376
f 1376 1220 1218
f 1376 1218 1377
f 1377 1218 1216
f 1377 1216 1354
f 1354 1216 1214
f 1378 1379 1095
f 1095 1379 1380
f 1095 1380 1129
f 1129 1380 1381
f 1129 1381 1127
f 1127 1381 1382
f 1127 1382 1125
f 1125 1382 1383
f 1125 1383 1123
f 1123 1383 1384
f 1123 1384 1121
f 1121 1384 1385
f 1121 1385 1119
f 1119 1385 1386
f 1119 1386 1117
f 1117 1386 1387
f 1117 1387 1115
f 1115 1387 1388
f 1115 1388 1113
f 1113 1388 1389
f 1113 1389 1111
f 1111 1389 1390
f 1111 1390 1109
f 1109 1390 1391
f 1109 1391 1107
f 1107 1391 1392
f 1107 1392 1105
f 1105 1392 1393
f 1105 1393 1103
f 1103 1393 1394
f 1103 1394 1101
f 1101 1394 1395
f 1101 1395 1099
f 1099 1395 1396
f 1099 1396 1097
f 1097 1396 1378
f 1097 1378 1095
f 1389 1173 1390
f 1390 1173 1160
f 1390 1160 1391
f 1391 1160 1159
f 1391 1159 1392
f 1392 1159 1188
f 1392 1188 1393
f 1393 1188 1187
f 1393 1187 1394
f 1394 1187 1185
f 1394 1185 1395
f 1395 1185 1183
f 1395 1183 1396
f 1396 1183 1181
f 1396 1181 1378
f 1378 1181 1179
f 1378 1179 1379
f 1379 1179 1166
f 1379 1166 1380
f 1380 1166 1164
f 1380 1164 1381
f 1381 1164 1162
f 1381 1162 1382
f 1382 1162 1156
f 1382 1156 1383
f 1383 1156 1155
f 1383 1155 1384
f 1384 1155 1176
f 1384 1176 1385
f 1385 1176 1177
f 1385 1177 1386
f 1386 1177 1171
f 1386 1171 1387
f 1387 1171 1169
f 1387 1169 1388
f 1388 1169 1168
f 1388 1168 1389
f 1389 1168 1173
f 1397 1398 1399
f 1399 1398 1400
f 1399 1400 1401
f 1401 1400 1402
f 1401 1402 1403
f 1403 1402 1404
f 1403 1404 1405
f 1405 1404 1406
f 1405 1406 1407
f 1407 1406 1408
f 1407 1408 1409
f 1409 1408 1410
f 1409 1410 1411
f 1411 1410 1412
f 1411 1412 1413
f 1413 1412 1414
f 1413 1414 1415
f 1415 1414 1416
f 1415 1416 1417
f 1417 1416 1418
f 1417 1418 1419
f 1419 1418 1420
f 1419 1420 1397
f 1397 1420 1398
f 1421 1422 1423
f 1423 1422 1424
f 1425 1426 1427
f 1427 1426 1428
f 1423 1429 1430
f 1430 1429 1431
f 1430 1431 1432
f 1433 1434 1435
f 1435 1434 1430
f 1435 1430 1436
f 1436 1430 1432
f 1437 1438 1427
f 1427 1438 1439
f 1440 1425 1441
f 1441 1425 1427
f 1441 1427 1442
f 1442 1427 1439
f 1423 1430 1427
f 1427 1430 1443
f 1427 1443 1437
f 1433 1444 1434
f 1434 1444 1445
f 1434 1445 1446
f 1446 1445 1447
f 1446 1447 1448
f 1440 1449 1425
f 1425 1449 1450
f 1425 1450 1424
f 1424 1450 1451
f 1424 1451 1452
f 1452 1453 1424
f 1424 1453 1454
f 1424 1454 1423
f 1423 1454 1455
f 1423 1455 1429
f 1448 1456 1446
f 1446 1456 1457
f 1446 1457 1443
f 1443 1457 1458
f 1443 1458 1437
f 1451 1459 1452
f 1452 1459 1460
f 1452 1460 1453
f 1453 1460 1461
f 1453 1461 1454
f 1454 1461 1462
f 1454 1462 1455
f 1455 1462 1463
f 1455 1463 1429
f 1429 1463 1464
f 1429 1464 1431
f 1431 1464 1465
f 1431 1465 1432
f 1432 1465 1466
f 1432 1466 1436
f 1436 1466 1467
f 1436 1467 1435
f 1435 1467 1468
f 1435 1468 1433
f 1433 1468 1469
f 1433 1469 1444
f 1444 1469 1470
f 1444 1470 1445
f 1445 1470 1471
f 1445 1471 1447
f 1447 1471 1472
f 1447 1472 1448
f 1448 1472 1473
f 1448 1473 1456
f 1456 1473 1474
f 1456 1474 1457
f 1457 1474 1475
f 1457 1475 1458
f 1458 1475 1476
f 1458 1476 1437
f 1437 1476 1477
f 1437 1477 1438
f 1438 1477 1478
f 1438 1478 1439
f 1439 1478 1479
f 1439 1479 1442
f 1442 1479 1480
f 1442 1480 1441
f 1441 1480 1481
f 1441 1481 1440
f 1440 1481 1482
f 1440 1482 1449
f 1449 1482 1483
f 1449 1483 1450
f 1450 1483 1484
f 1450 1484 1451
f 1451 1484 1459
f 1471 1470 1485
f 1471 1485 1472
f 1475 1474 1485
f 1485 1474 1473
f 1485 1473 1472
f 1478 1477 1485
f 1485 1477 1476
f 1485 1476 1475
f 1481 1480 1485
f 1485 1480 1479
f 1485 1479 1478
f 1484 1483 1485
f 1485 1483 1482
f 1485 1482 1481
f 1461 1460 1485
f 1485 1460 1459
f 1485 1459 1484
f 1464 1463 1485
f 1485 1463 1462
f 1485 1462 1461
f 1467 1466 1485
f 1485 1466 1465
f 1485 1465 1464
f 1470 1469 1485
f 1485 1469 1468
f 1485 1468 1467
f 1486 1487 1443
f 1443 1487 1446
f 1488 1489 1424
f 1489 1490 1424
f 1424 1490 1491
f 1424 1491 1425
f 1492 1493 1494
f 1494 1493 1426
f 1494 1426 1495
f 1495 1426 1425
f 1495 1425 1496
f 1496 1425 1491
f 1497 1498 1492
f 1492 1498 1499
f 1492 1499 1493
f 1424 1422 1488
f 1488 1422 1500
f 1488 1500 1501
f 1500 1502 1501
f 1501 1502 1503
f 1501 1503 1504
f 1504 1503 1505
f 1504 1505 1506
f 1506 1505 1507
f 1506 1507 1497
f 1497 1507 1508
f 1497 1508 1498
f 1434 1509 1430
f 1430 1509 1510
f 1511 1512 1446
f 1513 1514 1515
f 1515 1514 1516
f 1515 1516 1517
f 1517 1516 1518
f 1517 1518 1519
f 1512 1520 1446
f 1446 1520 1521
f 1446 1521 1434
f 1434 1521 1522
f 1446 1487 1511
f 1511 1487 1523
f 1511 1523 1524
f 1524 1523 1525
f 1524 1525 1526
f 1526 1525 1527
f 1526 1527 1513
f 1513 1527 1528
f 1513 1528 1514
f 1522 1529 1434
f 1434 1529 1530
f 1434 1530 1509
f 1509 1530 1531
f 1509 1531 1532
f 1532 1531 1519
f 1532 1519 1533
f 1533 1519 1518
f 1443 1430 1403
f 1403 1405 1443
f 1443 1405 1407
f 1443 1407 1486
f 1486 1407 1409
f 1486 1409 1534
f 1534 1409 1411
f 1534 1411 1535
f 1397 1399 1430
f 1430 1399 1401
f 1430 1401 1403
f 1419 1536 1417
f 1417 1536 1537
f 1417 1537 1415
f 1415 1537 1538
f 1415 1538 1413
f 1413 1538 1539
f 1413 1539 1411
f 1411 1539 1540
f 1411 1540 1535
f 1430 1510 1397
f 1397 1510 1541
f 1397 1541 1419
f 1419 1541 1542
f 1419 1542 1536
f 1543 1544 1545
f 1546 1547 1427
f 1427 1547 1548
f 1427 1548 1423
f 1423 1548 1549
f 1543 1550 1544
f 1544 1550 1551
f 1544 1551 1552
f 1552 1551 1421
f 1552 1421 1553
f 1553 1421 1423
f 1553 1423 1554
f 1554 1423 1549
f 1555 1556 1557
f 1557 1556 1558
f 1557 1558 1559
f 1559 1558 1560
f 1559 1560 1545
f 1545 1560 1561
f 1545 1561 1543
f 1427 1428 1546
f 1546 1428 1562
f 1546 1562 1555
f 1555 1562 1563
f 1555 1563 1556
f 1507 1560 1558
f 1507 1558 1508
f 1508 1558 1556
f 1508 1556 1498
f 1498 1556 1563
f 1498 1563 1499
f 1499 1563 1562
f 1499 1562 1493
f 1493 1562 1428
f 1493 1428 1426
f 1560 1507 1505
f 1560 1505 1561
f 1561 1505 1503
f 1561 1503 1543
f 1543 1503 1502
f 1543 1502 1550
f 1550 1502 1500
f 1550 1500 1551
f 1551 1500 1422
f 1551 1422 1421
f 1538 1514 1528
f 1538 1528 1539
f 1539 1528 1527
f 1539 1527 1540
f 1540 1527 1525
f 1540 1525 1535
f 1535 1525 1523
f 1535 1523 1534
f 1534 1523 1487
f 1534 1487 1486
f 1514 1538 1537
f 1514 1537 1516
f 1516 1537 1536
f 1516 1536 1518
f 1518 1536 1542
f 1518 1542 1533
f 1533 1542 1541
f 1533 1541 1532
f 1532 1541 1510
f 1532 1510 1509
f 1546 1564 1547
f 1547 1564 1565
f 1547 1565 1548
f 1548 1565 1566
f 1548 1566 1549
f 1549 1566 1567
f 1549 1567 1554
f 1554 1567 1568
f 1554 1568 1553
f 1553 1568 1569
f 1553 1569 1552
f 1552 1569 1570
f 1552 1570 1544
f 1544 1570 1571
f 1544 1571 1545
f 1545 1571 1572
f 1545 1572 1559
f 1559 1572 1573
f 1559 1573 1557
f 1557 1573 1574
f 1557 1574 1555
f 1555 1574 1575
f 1555 1575 1546
f 1546 1575 1564
f 1565 1495 1566
f 1566 1495 1496
f 1566 1496 1567
f 1567 1496 1491
f 1567 1491 1568
f 1568 1491 1490
f 1568 1490 1569
f 1569 1490 1489
f 1569 1489 1570
f 1570 1489 1488
f 1570 1488 1571
f 1571 1488 1501
f 1571 1501 1572
f 1572 1501 1504
f 1572 1504 1573
f 1573 1504 1506
f 1573 1506 1574
f 1574 1506 1497
f 1574 1497 1575
f 1575 1497 1492
f 1575 1492 1564
f 1564 1492 1494
f 1564 1494 1565
f 1565 1494 1495
f 1416 1576 1418
f 1418 1576 1577
f 1418 1577 1420
f 1420 1577 1578
f 1420 1578 1398
f 1398 1578 1579
f 1398 1579 1400
f 1400 1579 1580
f 1400 1580 1402
f 1402 1580 1581
f 1402 1581 1404
f 1581 1582 1404
f 1404 1582 1583
f 1404 1583 1406
f 1406 1583 1584
f 1406 1584 1408
f 1408 1584 1585
f 1408 1585 1410
f 1410 1585 1586
f 1410 1586 1412
f 1412 1586 1587
f 1412 1587 1414
f 1414 1587 1588
f 1414 1588 1416
f 1416 1588 1589
f 1416 1589 1576
f 1579 1531 1580
f 1580 1531 1530
f 1580 1530 1581
f 1581 1530 1529
f 1581 1529 1582
f 1582 1529 1522
f 1582 1522 1583
f 1583 1522 1521
f 1583 1521 1584
f 1584 1521 1520
f 1584 1520 1585
f 1585 1520 1512
f 1585 1512 1586
f 1586 1512 1511
f 1586 1511 1587
f 1587 1511 1524
f 1587 1524 1588
f 1588 1524 1526
f 1588 1526 1589
f 1589 1526 1513
f 1589 1513 1576
f 1576 1513 1515
f 1576 1515 1577
f 1577 1515 1517
f 1577 1517 1578
f 1578 1517 1519
f 1578 1519 1579
f 1579 1519 1531
f 1590 1591 1592
f 1592 1591 1593
f 1592 1593 1594
f 1592 1595 1590
f 1590 1595 1596
f 1590 1596 1597
f 1597 1598 1590
f 1590 1598 1599
f 1590 1599 1600
f 1600 1601 1590
f 1590 1601 1602
f 1590 1602 1603
f 1604 1605 1606
f 1607 1608 1609
f 1609 1610 1607
f 1607 1610 1611
f 1607 1611 1612
f 1612 1611 1613
f 1612 1613 1614
f 1614 1613 1615
f 1614 1615 1616
f 1616 1615 1617
f 1617 1615 1618
f 1617 1618 1619
f 1619 1618 1620
f 1619 1620 1621
f 1621 1620 1622
f 1621 1622 1623
f 1623 1622 1624
f 1623 1624 1625
f 1625 1624 1626
f 1625 1626 1627
f 1627 1626 1628
f 1627 1628 1629
f 1629 1628 1630
f 1629 1630 1631
f 1631 1630 1632
f 1631 1632 1633
f 1633 1632 1634
f 1633 1634 1635
f 1635 1634 1636
f 1635 1636 1637
f 1637 1636 1638
f 1637 1638 1639
f 1640 1639 1641
f 1641 1639 1638
f 1641 1638 1642
f 1642 1638 1643
f 1642 1643 1606
f 1606 1643 1644
f 1606 1644 1604
f 1604 1644 1645
f 1604 1645 1646
f 1646 1645 1647
f 1646 1647 1648
f 1648 1647 1649
f 1648 1649 1650
f 1650 1649 1651
f 1650 1651 1652
f 1652 1651 1653
f 1652 1653 1654
f 1654 1653 1655
f 1654 1655 1656
f 1656 1655 1657
f 1656 1657 1658
f 1658 1657 1659
f 1658 1659 1660
f 1660 1659 1661
f 1660 1661 1662
f 1662 1661 1663
f 1662 1663 1664
f 1664 1663 1609
f 1664 1609 1665
f 1665 1609 1608
f 1665 1608 1666
f 1667 1668 1669
f 1667 1669 1670
f 1670 1669 1671
f 1670 1671 1672
f 1672 1671 1673
f 1672 1673 1674
f 1674 1673 1675
f 1674 1675 1676
f 1676 1675 1677
f 1676 1677 1678
f 1678 1677 1679
f 1678 1679 1680
f 1680 1679 1681
f 1680 1681 1682
f 1682 1681 1683
f 1682 1683 1684
f 1685 1686 1687
f 1687 1686 1688
f 1687 1688 1689
f 1689 1688 1690
f 1689 1690 1691
f 1691 1690 1692
f 1691 1692 1693
f 1693 1692 1694
f 1693 1694 1695
f 1695 1694 1696
f 1695 1696 1697
f 1697 1696 1698
f 1697 1698 1699
f 1699 1698 1700
f 1699 1700 1667
f 1667 1700 1701
f 1667 1701 1668
f 1683 1702 1684
f 1684 1702 1703
f 1684 1703 1704
f 1704 1703 1705
f 1704 1705 1706
f 1706 1705 1707
f 1706 1707 1708
f 1708 1707 1709
f 1708 1709 1710
f 1710 1709 1711
f 1710 1711 1712
f 1712 1711 1713
f 1712 1713 1714
f 1714 1713 1715
f 1714 1715 1716
f 1716 1715 1717
f 1716 1717 1685
f 1685 1717 1718
f 1685 1718 1686
f 1719 1720 1721
f 1722 1723 1724
f 1724 1723 1721
f 1724 1721 1725
f 1725 1721 1720
f 1726 1727 1728
f 1728 1727 1729
f 1726 1730 1727
f 1727 1730 1731
f 1727 1731 1721
f 1721 1731 1732
f 1721 1732 1719
f 1710 1733 1708
f 1708 1733 1734
f 1708 1734 1706
f 1706 1734 1735
f 1706 1735 1704
f 1704 1735 1736
f 1704 1736 1684
f 1684 1736 1737
f 1684 1737 1682
f 1682 1737 1738
f 1682 1738 1680
f 1680 1738 1739
f 1680 1739 1678
f 1678 1739 1740
f 1678 1740 1676
f 1676 1740 1741
f 1676 1741 1674
f 1674 1741 1742
f 1674 1742 1672
f 1672 1742 1743
f 1672 1743 1670
f 1670 1743 1744
f 1670 1744 1667
f 1667 1744 1745
f 1667 1745 1699
f 1699 1745 1746
f 1699 1746 1697
f 1697 1746 1747
f 1697 1747 1695
f 1695 1747 1748
f 1695 1748 1693
f 1693 1748 1749
f 1693 1749 1691
f 1691 1749 1750
f 1691 1750 1689
f 1689 1750 1751
f 1689 1751 1687
f 1687 1751 1752
f 1687 1752 1685
f 1685 1752 1753
f 1685 1753 1716
f 1716 1753 1754
f 1716 1754 1714
f 1714 1754 1755
f 1714 1755 1712
f 1712 1755 1756
f 1712 1756 1710
f 1710 1756 1733
f 1757 1735 1758
f 1758 1735 1734
f 1758 1734 1759
f 1759 1734 1733
f 1759 1733 1760
f 1760 1733 1756
f 1760 1756 1761
f 1761 1756 1755
f 1761 1755 1762
f 1755 1754 1762
f 1762 1754 1753
f 1762 1753 1763
f 1763 1753 1752
f 1763 1752 1764
f 1764 1752 1751
f 1764 1751 1765
f 1765 1751 1750
f 1765 1750 1766
f 1766 1750 1749
f 1766 1749 1767
f 1768 1741 1769
f 1769 1741 1740
f 1769 1740 1770
f 1770 1740 1739
f 1770 1739 1771
f 1771 1739 1738
f 1771 1738 1772
f 1772 1738 1737
f 1772 1737 1757
f 1757 1737 1736
f 1757 1736 1735
f 1749 1748 1767
f 1767 1748 1747
f 1767 1747 1773
f 1773 1747 1746
f 1773 1746 1774
f 1774 1746 1745
f 1774 1745 1775
f 1775 1745 1744
f 1775 1744 1776
f 1776 1744 1743
f 1776 1743 1768
f 1768 1743 1742
f 1768 1742 1741
f 1760 1777 1759
f 1759 1777 1778
f 1759 1778 1758
f 1758 1778 1779
f 1758 1779 1757
f 1757 1779 1780
f 1757 1780 1772
f 1772 1780 1781
f 1772 1781 1771
f 1771 1781 1782
f 1771 1782 1770
f 1770 1782 1783
f 1770 1783 1769
f 1769 1783 1784
f 1769 1784 1768
f 1768 1784 1785
f 1768 1785 1776
f 1776 1785 1786
f 1776 1786 1775
f 1775 1786 1787
f 1775 1787 1774
f 1774 1787 1788
f 1774 1788 1773
f 1773 1788 1789
f 1773 1789 1767
f 1767 1789 1790
f 1767 1790 1766
f 1766 1790 1791
f 1766 1791 1765
f 1765 1791 1792
f 1765 1792 1764
f 1764 1792 1793
f 1764 1793 1763
f 1763 1793 1794
f 1763 1794 1762
f 1762 1794 1795
f 1762 1795 1761
f 1761 1795 1796
f 1761 1796 1760
f 1760 1796 1777
f 1796 1797 1777
f 1777 1797 1798
f 1777 1798 1778
f 1778 1798 1799
f 1778 1799 1779
f 1779 1799 1800
f 1779 1800 1780
f 1780 1800 1801
f 1780 1801 1781
f 1781 1801 1802
f 1781 1802 1782
f 1782 1802 1803
f 1782 1803 1783
f 1783 1803 1804
f 1783 1804 1784
f 1784 1804 1805
f 1784 1805 1785
f 1785 1805 1806
f 1785 1806 1786
f 1786 1806 1807
f 1786 1807 1787
f 1787 1807 1808
f 1787 1808 1788
f 1788 1808 1809
f 1788 1809 1789
f 1789 1809 1810
f 1789 1810 1790
f 1790 1810 1811
f 1790 1811 1791
f 1791 1811 1812
f 1791 1812 1792
f 1792 1812 1813
f 1792 1813 1793
f 1793 1813 1814
f 1793 1814 1794
f 1794 1814 1815
f 1794 1815 1795
f 1795 1815 1816
f 1795 1816 1796
f 1796 1816 1797
f 1816 1815 1817
f 1816 1817 1797
f 1800 1799 1817
f 1817 1799 1798
f 1817 1798 1797
f 1803 1802 1817
f 1817 1802 1801
f 1817 1801 1800
f 1806 1805 1817
f 1817 1805 1804
f 1817 1804 1803
f 1809 1808 1817
f 1817 1808 1807
f 1817 1807 1806
f 1812 1811 1817
f 1817 1811 1810
f 1817 1810 1809
f 1815 1814 1817
f 1817 1814 1813
f 1817 1813 1812
f 1614 1641 1612
f 1612 1641 1642
f 1612 1642 1607
f 1607 1642 1606
f 1607 1606 1608
f 1722 1640 1641
f 1722 1641 1723
f 1723 1641 1614
f 1723 1614 1616
f 1593 1666 1608
f 1593 1608 1594
f 1594 1608 1606
f 1594 1606 1605
f 1721 1723 1616
f 1639 1640 1722
f 1722 1724 1639
f 1639 1724 1725
f 1639 1725 1637
f 1637 1725 1720
f 1637 1720 1635
f 1635 1720 1719
f 1635 1719 1633
f 1633 1719 1732
f 1633 1732 1631
f 1631 1732 1731
f 1631 1731 1629
f 1629 1731 1730
f 1629 1730 1627
f 1627 1730 1726
f 1627 1726 1625
f 1625 1726 1728
f 1625 1728 1623
f 1623 1728 1729
f 1623 1729 1621
f 1621 1729 1727
f 1621 1727 1619
f 1619 1727 1721
f 1619 1721 1617
f 1617 1721 1616
f 1592 1594 1605
f 1665 1666 1593
f 1593 1591 1665
f 1665 1591 1590
f 1665 1590 1664
f 1664 1590 1603
f 1664 1603 1662
f 1662 1603 1602
f 1662 1602 1660
f 1660 1602 1601
f 1660 1601 1658
f 1658 1601 1600
f 1658 1600 1656
f 1656 1600 1599
f 1656 1599 1654
f 1654 1599 1598
f 1654 1598 1652
f 1652 1598 1597
f 1652 1597 1650
f 1650 1597 1596
f 1650 1596 1648
f 1648 1596 1595
f 1648 1595 1646
f 1646 1595 1592
f 1646 1592 1604
f 1604 1592 1605
f 1669 1668 1611
f 1611 1668 1613
f 1668 1701 1613
f 1613 1701 1700
f 1613 1700 1615
f 1615 1700 1698
f 1615 1698 1618
f 1618 1698 1696
f 1618 1696 1620
f 1620 1696 1694
f 1620 1694 1622
f 1622 1694 1692
f 1622 1692 1624
f 1624 1692 1690
f 1624 1690 1626
f 1626 1690 1688
f 1626 1688 1628
f 1628 1688 1686
f 1628 1686 1630
f 1630 1686 1718
f 1630 1718 1632
f 1632 1718 1717
f 1632 1717 1634
f 1634 1717 1715
f 1634 1715 1636
f 1636 1715 1713
f 1636 1713 1638
f 1638 1713 1711
f 1638 1711 1643
f 1643 1711 1709
f 1643 1709 1644
f 1644 1709 1707
f 1644 1707 1645
f 1645 1707 1705
f 1645 1705 1647
f 1647 1705 1703
f 1647 1703 1649
f 1649 1703 1702
f 1649 1702 1651
f 1651 1702 1683
f 1651 1683 1653
f 1653 1683 1681
f 1653 1681 1655
f 1655 1681 1679
f 1655 1679 1657
f 1657 1679 1677
f 1657 1677 1659
f 1659 1677 1675
f 1659 1675 1661
f 1661 1675 1673
f 1661 1673 1663
f 1663 1673 1671
f 1663 1671 1609
f 1609 1671 1669
f 1609 1669 1610
f 1610 1669 1611
f 1818 1819 1820
f 1820 1819 1821
f 1820 1821 1822
f 1822 1823 1820
f 1820 1823 1824
f 1820 1824 1825
f 1825 1826 1820
f 1820 1826 1827
f 1820 1827 1828
f 1829 1830 1831
f 1829 1831 1827
f 1827 1831 1832
f 1827 1832 1828
f 1833 1834 1835
f 1836 1837 1838
f 1839 1840 1841
f 1841 1840 1842
f 1841 1842 1838
f 1838 1842 1843
f 1838 1843 1836
f 1836 1843 1844
f 1836 1844 1845
f 1845 1844 1846
f 1845 1846 1847
f 1847 1846 1848
f 1847 1848 1849
f 1849 1848 1850
f 1849 1850 1851
f 1851 1850 1852
f 1851 1852 1853
f 1853 1852 1854
f 1853 1854 1855
f 1855 1854 1856
f 1855 1856 1857
f 1857 1856 1858
f 1857 1858 1859
f 1859 1858 1860
f 1859 1860 1861
f 1861 1860 1862
f 1861 1862 1863
f 1863 1862 1864
f 1863 1864 1865
f 1865 1864 1866
f 1865 1866 1867
f 1868 1867 1869
f 1869 1867 1866
f 1869 1866 1870
f 1870 1866 1871
f 1870 1871 1835
f 1835 1871 1872
f 1835 1872 1833
f 1833 1872 1873
f 1833 1873 1874
f 1874 1873 1875
f 1874 1875 1876
f 1876 1875 1877
f 1876 1877 1878
f 1878 1877 1879
f 1878 1879 1880
f 1880 1879 1881
f 1880 1881 1882
f 1882 1881 1883
f 1882 1883 1884
f 1884 1883 1885
f 1884 1885 1886
f 1886 1885 1887
f 1886 1887 1888
f 1888 1887 1889
f 1888 1889 1890
f 1890 1889 1891
f 1890 1891 1892
f 1892 1891 1893
f 1892 1893 1894
f 1894 1893 1840
f 1894 1840 1895
f 1895 1840 1839
f 1895 1839 1896
f 1897 1898 1899
f 1899 1898 1900
f 1899 1900 1901
f 1901 1900 1902
f 1901 1902 1903
f 1903 1902 1904
f 1903 1904 1905
f 1905 1904 1906
f 1905 1906 1907
f 1907 1906 1908
f 1907 1908 1909
f 1909 1908 1910
f 1909 1910 1911
f 1911 1910 1912
f 1911 1912 1913
f 1913 1912 1914
f 1913 1914 1915
f 1915 1914 1916
f 1915 1916 1917
f 1917 1916 1918
f 1917 1918 1919
f 1919 1918 1920
f 1919 1920 1921
f 1921 1920 1922
f 1921 1922 1923
f 1922 1924 1923
f 1923 1924 1925
f 1923 1925 1926
f 1926 1925 1927
f 1926 1927 1928
f 1928 1927 1929
f 1928 1929 1930
f 1930 1929 1931
f 1930 1931 1932
f 1932 1931 1933
f 1932 1933 1934
f 1934 1933 1935
f 1934 1935 1936
f 1936 1935 1937
f 1936 1937 1938
f 1938 1937 1939
f 1938 1939 1940
f 1940 1939 1941
f 1940 1941 1942
f 1942 1941 1943
f 1942 1943 1944
f 1944 1943 1945
f 1944 1945 1946
f 1946 1945 1947
f 1946 1947 1948
f 1948 1947 1949
f 1948 1949 1897
f 1897 1949 1950
f 1897 1950 1898
f 1951 1952 1953
f 1953 1952 1954
f 1953 1954 1955
f 1955 1954 1956
f 1954 1957 1958
f 1958 1957 1959
f 1958 1959 1960
f 1958 1961 1954
f 1954 1961 1962
f 1954 1962 1963
f 1963 1964 1954
f 1954 1964 1965
f 1954 1965 1956
f 1936 1966 1934
f 1934 1966 1967
f 1934 1967 1932
f 1932 1967 1968
f 1932 1968 1930
f 1930 1968 1969
f 1930 1969 1928
f 1928 1969 1970
f 1928 1970 1926
f 1926 1970 1971
f 1926 1971 1923
f 1923 1971 1972
f 1923 1972 1921
f 1921 1972 1973
f 1921 1973 1919
f 1919 1973 1974
f 1919 1974 1917
f 1917 1974 1975
f 1917 1975 1915
f 1915 1975 1976
f 1915 1976 1913
f 1913 1976 1977
f 1913 1977 1911
f 1911 1977 1978
f 1911 1978 1909
f 1909 1978 1979
f 1909 1979 1907
f 1907 1979 1980
f 1907 1980 1905
f 1905 1980 1981
f 1905 1981 1903
f 1903 1981 1982
f 1903 1982 1901
f 1901 1982 1983
f 1901 1983 1899
f 1899 1983 1984
f 1899 1984 1897
f 1897 1984 1985
f 1897 1985 1948
f 1948 1985 1986
f 1948 1986 1946
f 1946 1986 1987
f 1946 1987 1944
f 1944 1987 1988
f 1944 1988 1942
f 1942 1988 1989
f 1942 1989 1940
f 1940 1989 1990
f 1940 1990 1938
f 1938 1990 1991
f 1938 1991 1936
f 1936 1991 1966
f 1992 1973 1993
f 1993 1973 1972
f 1993 1972 1994
f 1994 1972 1971
f 1994 1971 1995
f 1995 1971 1970
f 1995 1970 1996
f 1970 1969 1996
f 1996 1969 1968
f 1996 1968 1997
f 1997 1968 1967
f 1997 1967 1998
f 1998 1967 1966
f 1998 1966 1999
f 1999 1966 1991
f 1999 1991 2000
f 2000 1991 1990
f 2000 1990 2001
f 2002 1983 2003
f 2003 1983 1982
f 2003 1982 2004
f 2004 1982 1981
f 2004 1981 2005
f 2005 1981 1980
f 2005 1980 2006
f 2006 1980 1979
f 2006 1979 2007
f 2007 1979 1978
f 2007 1978 2008
f 2008 1978 1977
f 2008 1977 2009
f 2009 1977 1976
f 2009 1976 2010
f 2010 1976 1975
f 2010 1975 1992
f 1992 1975 1974
f 1992 1974 1973
f 1990 1989 2001
f 2001 1989 1988
f 2001 1988 2011
f 2011 1988 1987
f 2011 1987 2012
f 2012 1987 1986
f 2012 1986 2013
f 2013 1986 1985
f 2013 1985 2002
f 2002 1985 1984
f 2002 1984 1983
f 2007 2008 2014
f 2014 2008 2009
f 2014 2009 2015
f 2015 2009 2010
f 2015 2010 2016
f 2016 2010 1992
f 2016 1992 2017
f 2017 1992 1993
f 2017 1993 2018
f 2018 1993 1994
f 2018 1994 2019
f 2019 1994 1995
f 2019 1995 2020
f 2020 1995 1996
f 2020 1996 2021
f 2021 1996 1997
f 2021 1997 2022
f 2022 1997 1998
f 2022 1998 2023
f 2023 1998 1999
f 2023 1999 2024
f 2024 1999 2000
f 2024 2000 2025
f 2025 2000 2001
f 2025 2001 2026
f 2026 2001 2011
f 2026 2011 2027
f 2027 2011 2012
f 2027 2012 2028
f 2028 2012 2013
f 2028 2013 2029
f 2029 2013 2002
f 2029 2002 2030
f 2030 2002 2003
f 2030 2003 2031
f 2031 2003 2004
f 2031 2004 2032
f 2032 2004 2005
f 2032 2005 2033
f 2033 2005 2006
f 2033 2006 2034
f 2034 2006 2007
f 2034 2007 2014
f 2024 2035 2023
f 2023 2035 2036
f 2023 2036 2022
f 2022 2036 2037
f 2022 2037 2021
f 2021 2037 2038
f 2021 2038 2020
f 2020 2038 2039
f 2020 2039 2019
f 2019 2039 2040
f 2019 2040 2018
f 2018 2040 2041
f 2018 2041 2017
f 2017 2041 2042
f 2017 2042 2016
f 2016 2042 2043
f 2016 2043 2015
f 2015 2043 2044
f 2015 2044 2014
f 2014 2044 2045
f 2014 2045 2034
f 2034 2045 2046
f 2034 2046 2033
f 2033 2046 2047
f 2033 2047 2032
f 2032 2047 2048
f 2032 2048 2031
f 2031 2048 2049
f 2031 2049 2030
f 2030 2049 2050
f 2030 2050 2029
f 2029 2050 2051
f 2029 2051 2028
f 2028 2051 2052
f 2028 2052 2027
f 2027 2052 2053
f 2027 2053 2026
f 2026 2053 2054
f 2026 2054 2025
f 2025 2054 2055
f 2025 2055 2024
f 2024 2055 2035
f 2036 2035 2056
f 2056 2035 2055
f 2056 2055 2054
f 2039 2038 2056
f 2056 2038 2037
f 2056 2037 2036
f 2042 2041 2056
f 2056 2041 2040
f 2056 2040 2039
f 2045 2044 2056
f 2056 2044 2043
f 2056 2043 2042
f 2048 2047 2056
f 2056 2047 2046
f 2056 2046 2045
f 2051 2050 2056
f 2056 2050 2049
f 2056 2049 2048
f 2054 2053 2056
f 2056 2053 2052
f 2056 2052 2051
f 1838 1869 1841
f 1841 1869 1870
f 1841 1870 1839
f 1839 1870 1835
f 1868 1869 1951
f 1951 1869 1838
f 1951 1838 1952
f 1952 1838 1837
f 1818 1896 1839
f 1818 1839 1819
f 1819 1839 1835
f 1819 1835 1834
f 1954 1952 1837
f 1867 1868 1951
f 1951 1953 1867
f 1867 1953 1955
f 1867 1955 1865
f 1865 1955 1956
f 1865 1956 1863
f 1863 1956 1965
f 1863 1965 1861
f 1861 1965 1964
f 1861 1964 1859
f 1859 1964 1963
f 1859 1963 1857
f 1857 1963 1962
f 1857 1962 1855
f 1855 1962 1961
f 1855 1961 1853
f 1853 1961 1958
f 1853 1958 1851
f 1851 1958 1960
f 1851 1960 1849
f 1849 1960 1959
f 1849 1959 1847
f 1847 1959 1957
f 1847 1957 1845
f 1845 1957 1954
f 1845 1954 1836
f 1836 1954 1837
f 1821 1819 1834
f 1895 1896 1818
f 1818 1820 1895
f 1895 1820 1828
f 1895 1828 1894
f 1894 1828 1832
f 1894 1832 1892
f 1892 1832 1831
f 1892 1831 1890
f 1890 1831 1830
f 1890 1830 1888
f 1888 1830 1829
f 1888 1829 1886
f 1886 1829 1827
f 1886 1827 1884
f 1884 1827 1826
f 1884 1826 1882
f 1882 1826 1825
f 1882 1825 1880
f 1880 1825 1824
f 1880 1824 1878
f 1878 1824 1823
f 1878 1823 1876
f 1876 1823 1822
f 1876 1822 1874
f 1874 1822 1821
f 1874 1821 1833
f 1833 1821 1834
f 1871 1935 1872
f 1872 1935 1933
f 1872 1933 1873
f 1873 1933 1931
f 1873 1931 1875
f 1875 1931 1929
f 1875 1929 1877
f 1877 1929 1927
f 1877 1927 1879
f 1879 1927 1925
f 1879 1925 1881
f 1881 1925 1924
f 1881 1924 1883
f 1883 1924 1922
f 1883 1922 1885
f 1885 1922 1920
f 1885 1920 1887
f 1887 1920 1918
f 1887 1918 1889
f 1889 1918 1916
f 1889 1916 1891
f 1891 1916 1914
f 1891 1914 1893
f 1893 1914 1912
f 1893 1912 1840
f 1840 1912 1910
f 1840 1910 1842
f 1842 1910 1908
f 1842 1908 1843
f 1843 1908 1906
f 1843 1906 1844
f 1844 1906 1904
f 1844 1904 1846
f 1846 1904 1902
f 1846 1902 1848
f 1848 1902 1900
f 1848 1900 1850
f 1850 1900 1898
f 1850 1898 1852
f 1852 1898 1950
f 1852 1950 1854
f 1854 1950 1949
f 1854 1949 1856
f 1856 1949 1947
f 1856 1947 1858
f 1858 1947 1945
f 1858 1945 1860
f 1860 1945 1943
f 1860 1943 1862
f 1862 1943 1941
f 1862 1941 1864
f 1864 1941 1939
f 1864 1939 1866
f 1866 1939 1937
f 1866 1937 1871
f 1871 1937 1935
f 2057 2058 2059
f 2059 2058 2060
f 2059 2060 2061
f 2061 2060 2062
f 2062 2060 2063
f 2062 2063 2064
f 2065 2066 2067
f 2064 2068 2062
f 2062 2068 2069
f 2062 2069 2070
f 2070 2071 2062
f 2062 2071 2065
f 2062 2065 2072
f 2072 2065 2067
f 2073 2074 2075
f 2076 2077 2078
f 2079 2080 2081
f 2081 2080 2082
f 2081 2082 2078
f 2078 2082 2083
f 2078 2083 2076
f 2076 2083 2084
f 2076 2084 2085
f 2085 2084 2086
f 2085 2086 2087
f 2087 2086 2088
f 2087 2088 2089
f 2089 2088 2090
f 2089 2090 2091
f 2091 2090 2092
f 2091 2092 2093
f 2093 2092 2094
f 2093 2094 2095
f 2095 2094 2096
f 2095 2096 2097
f 2097 2096 2098
f 2097 2098 2099
f 2099 2098 2100
f 2099 2100 2101
f 2101 2100 2102
f 2101 2102 2103
f 2103 2102 2104
f 2103 2104 2105
f 2105 2104 2106
f 2105 2106 2107
f 2107 2106 2108
f 2107 2108 2109
f 2110 2109 2111
f 2111 2109 2108
f 2111 2108 2112
f 2112 2108 2113
f 2112 2113 2075
f 2075 2113 2114
f 2075 2114 2073
f 2073 2114 2115
f 2073 2115 2116
f 2116 2115 2117
f 2116 2117 2118
f 2118 2117 2119
f 2118 2119 2120
f 2120 2119 2121
f 2120 2121 2122
f 2122 2121 2123
f 2122 2123 2124
f 2124 2123 2125
f 2124 2125 2126
f 2126 2125 2127
f 2126 2127 2128
f 2128 2127 2129
f 2128 2129 2130
f 2130 2129 2131
f 2130 2131 2132
f 2132 2131 2133
f 2132 2133 2134
f 2134 2133 2135
f 2134 2135 2136
f 2136 2135 2137
f 2136 2137 2138
f 2138 2137 2080
f 2138 2080 2139
f 2139 2080 2079
f 2139 2079 2140
f 2141 2142 2143
f 2143 2142 2144
f 2143 2144 2145
f 2145 2144 2146
f 2145 2146 2147
f 2147 2146 2148
f 2147 2148 2149
f 2149 2148 2150
f 2149 2150 2151
f 2151 2150 2152
f 2151 2152 2153
f 2153 2152 2154
f 2153 2154 2155
f 2155 2154 2156
f 2155 2156 2157
f 2157 2156 2158
f 2157 2158 2159
f 2159 2158 2160
f 2159 2160 2161
f 2161 2160 2162
f 2161 2162 2163
f 2163 2162 2164
f 2163 2164 2165
f 2165 2164 2166
f 2165 2166 2167
f 2167 2166 2168
f 2167 2168 2169
f 2169 2168 2170
f 2169 2170 2171
f 2171 2170 2172
f 2171 2172 2173
f 2173 2172 2174
f 2173 2174 2175
f 2175 2174 2176
f 2175 2176 2177
f 2176 2178 2177
f 2177 2178 2179
f 2177 2179 2180
f 2180 2179 2181
f 2180 2181 2182
f 2182 2181 2183
f 2182 2183 2184
f 2184 2183 2185
f 2184 2185 2186
f 2186 2185 2187
f 2186 2187 2188
f 2188 2187 2189
f 2188 2189 2190
f 2190 2189 2191
f 2190 2191 2192
f 2192 2191 2193
f 2192 2193 2194
f 2194 2193 2195
f 2194 2195 2196
f 2196 2195 2197
f 2196 2197 2141
f 2141 2197 2198
f 2141 2198 2142
f 2199 2200 2201
f 2201 2200 2202
f 2203 2204 2202
f 2202 2204 2205
f 2202 2205 2201
f 2203 2206 2204
f 2204 2206 2207
f 2204 2207 2208
f 2208 2209 2204
f 2204 2209 2210
f 2204 2210 2211
f 2211 2212 2204
f 2204 2212 2213
f 2204 2213 2214
f 2215 2216 2159
f 2159 2216 2157
f 2216 2217 2157
f 2157 2217 2218
f 2157 2218 2155
f 2155 2218 2219
f 2155 2219 2153
f 2153 2219 2220
f 2153 2220 2151
f 2151 2220 2221
f 2151 2221 2149
f 2149 2221 2222
f 2149 2222 2147
f 2147 2222 2223
f 2147 2223 2145
f 2145 2223 2224
f 2145 2224 2143
f 2143 2224 2225
f 2143 2225 2141
f 2141 2225 2226
f 2141 2226 2196
f 2196 2226 2227
f 2196 2227 2194
f 2194 2227 2228
f 2194 2228 2192
f 2192 2228 2229
f 2192 2229 2190
f 2190 2229 2230
f 2190 2230 2188
f 2188 2230 2231
f 2188 2231 2186
f 2186 2231 2232
f 2186 2232 2184
f 2184 2232 2233
f 2184 2233 2182
f 2182 2233 2234
f 2182 2234 2180
f 2180 2234 2235
f 2180 2235 2177
f 2177 2235 2236
f 2177 2236 2175
f 2175 2236 2237
f 2175 2237 2173
f 2173 2237 2238
f 2173 2238 2171
f 2171 2238 2239
f 2171 2239 2169
f 2169 2239 2240
f 2169 2240 2167
f 2167 2240 2241
f 2167 2241 2165
f 2165 2241 2242
f 2165 2242 2163
f 2163 2242 2215
f 2163 2215 2161
f 2161 2215 2159
f 2243 2238 2244
f 2244 2238 2237
f 2244 2237 2245
f 2245 2237 2236
f 2245 2236 2246
f 2246 2236 2235
f 2246 2235 2247
f 2248 2215 2249
f 2249 2215 2242
f 2249 2242 2250
f 2250 2242 2241
f 2250 2241 2251
f 2251 2241 2240
f 2251 2240 2243
f 2243 2240 2239
f 2243 2239 2238
f 2235 2234 2247
f 2247 2234 2233
f 2247 2233 2252
f 2252 2233 2232
f 2252 2232 2253
f 2253 2232 2231
f 2253 2231 2254
f 2254 2231 2230
f 2254 2230 2255
f 2255 2230 2229
f 2255 2229 2256
f 2257 2217 2248
f 2248 2217 2216
f 2248 2216 2215
f 2258 2222 2259
f 2259 2222 2221
f 2259 2221 2260
f 2260 2221 2220
f 2260 2220 2261
f 2261 2220 2219
f 2261 2219 2257
f 2257 2219 2218
f 2257 2218 2217
f 2229 2228 2256
f 2256 2228 2227
f 2256 2227 2262
f 2262 2227 2226
f 2262 2226 2263
f 2263 2226 2225
f 2263 2225 2264
f 2264 2225 2224
f 2264 2224 2258
f 2258 2224 2223
f 2258 2223 2222
f 2254 2265 2253
f 2253 2265 2266
f 2253 2266 2252
f 2252 2266 2267
f 2252 2267 2247
f 2247 2267 2268
f 2247 2268 2246
f 2246 2268 2269
f 2246 2269 2245
f 2245 2269 2270
f 2245 2270 2244
f 2244 2270 2271
f 2244 2271 2243
f 2243 2271 2272
f 2243 2272 2251
f 2251 2272 2273
f 2251 2273 2250
f 2250 2273 2274
f 2250 2274 2249
f 2249 2274 2275
f 2249 2275 2248
f 2248 2275 2276
f 2248 2276 2257
f 2257 2276 2277
f 2257 2277 2261
f 2261 2277 2278
f 2261 2278 2260
f 2260 2278 2279
f 2260 2279 2259
f 2259 2279 2280
f 2259 2280 2258
f 2258 2280 2281
f 2258 2281 2264
f 2264 2281 2282
f 2264 2282 2263
f 2263 2282 2283
f 2263 2283 2262
f 2262 2283 2284
f 2262 2284 2256
f 2256 2284 2285
f 2256 2285 2255
f 2255 2285 2286
f 2255 2286 2254
f 2254 2286 2265
f 2286 2287 2265
f 2265 2287 2288
f 2265 2288 2266
f 2266 2288 2289
f 2266 2289 2267
f 2267 2289 2290
f 2267 2290 2268
f 2268 2290 2291
f 2268 2291 2269
f 2269 2291 2292
f 2269 2292 2270
f 2270 2292 2293
f 2270 2293 2271
f 2271 2293 2294
f 2271 2294 2272
f 2272 2294 2295
f 2272 2295 2273
f 2273 2295 2296
f 2273 2296 2274
f 2274 2296 2297
f 2274 2297 2275
f 2275 2297 2298
f 2275 2298 2276
f 2276 2298 2299
f 2276 2299 2277
f 2277 2299 2300
f 2277 2300 2278
f 2278 2300 2301
f 2278 2301 2279
f 2279 2301 2302
f 2279 2302 2280
f 2280 2302 2303
f 2280 2303 2281
f 2281 2303 2304
f 2281 2304 2282
f 2282 2304 2305
f 2282 2305 2283
f 2283 2305 2306
f 2283 2306 2284
f 2284 2306 2307
f 2284 2307 2285
f 2285 2307 2308
f 2285 2308 2286
f 2286 2308 2287
f 2308 2307 2309
f 2289 2288 2309
f 2309 2288 2287
f 2309 2287 2308
f 2292 2291 2309
f 2309 2291 2290
f 2309 2290 2289
f 2295 2294 2309
f 2309 2294 2293
f 2309 2293 2292
f 2298 2297 2309
f 2309 2297 2296
f 2309 2296 2295
f 2301 2300 2309
f 2309 2300 2299
f 2309 2299 2298
f 2304 2303 2309
f 2309 2303 2302
f 2309 2302 2301
f 2307 2306 2309
f 2309 2306 2305
f 2309 2305 2304
f 2078 2111 2081
f 2081 2111 2112
f 2081 2112 2079
f 2079 2112 2075
f 2199 2110 2111
f 2199 2111 2200
f 2200 2111 2078
f 2200 2078 2077
f 2057 2140 2079
f 2057 2079 2058
f 2058 2079 2075
f 2058 2075 2074
f 2202 2200 2077
f 2109 2110 2199
f 2199 2201 2109
f 2109 2201 2205
f 2109 2205 2107
f 2107 2205 2204
f 2107 2204 2105
f 2105 2204 2214
f 2105 2214 2103
f 2103 2214 2213
f 2103 2213 2101
f 2101 2213 2212
f 2101 2212 2099
f 2099 2212 2211
f 2099 2211 2097
f 2097 2211 2210
f 2097 2210 2095
f 2095 2210 2209
f 2095 2209 2093
f 2093 2209 2208
f 2093 2208 2091
f 2091 2208 2207
f 2091 2207 2089
f 2089 2207 2206
f 2089 2206 2087
f 2087 2206 2203
f 2087 2203 2085
f 2085 2203 2202
f 2085 2202 2076
f 2076 2202 2077
f 2060 2058 2074
f 2139 2140 2057
f 2057 2059 2139
f 2139 2059 2061
f 2139 2061 2138
f 2138 2061 2062
f 2138 2062 2136
f 2136 2062 2072
f 2136 2072 2134
f 2134 2072 2067
f 2134 2067 2132
f 2132 2067 2066
f 2132 2066 2130
f 2130 2066 2065
f 2130 2065 2128
f 2128 2065 2071
f 2128 2071 2126
f 2126 2071 2070
f 2126 2070 2124
f 2124 2070 2069
f 2124 2069 2122
f 2122 2069 2068
f 2122 2068 2120
f 2120 2068 2064
f 2120 2064 2118
f 2118 2064 2063
f 2118 2063 2116
f 2116 2063 2060
f 2116 2060 2073
f 2073 2060 2074
f 2113 2187 2114
f 2114 2187 2185
f 2114 2185 2115
f 2115 2185 2183
f 2115 2183 2117
f 2117 2183 2181
f 2117 2181 2119
f 2119 2181 2179
f 2119 2179 2121
f 2121 2179 2178
f 2121 2178 2123
f 2123 2178 2176
f 2123 2176 2125
f 2125 2176 2174
f 2125 2174 2127
f 2127 2174 2172
f 2127 2172 2129
f 2129 2172 2170
f 2129 2170 2131
f 2131 2170 2168
f 2131 2168 2133
f 2133 2168 2166
f 2133 2166 2135
f 2135 2166 2164
f 2135 2164 2137
f 2137 2164 2162
f 2137 2162 2080
f 2080 2162 2160
f 2080 2160 2082
f 2082 2160 2158
f 2082 2158 2083
f 2083 2158 2156
f 2083 2156 2084
f 2084 2156 2154
f 2084 2154 2086
f 2086 2154 2152
f 2086 2152 2088
f 2088 2152 2150
f 2088 2150 2090
f 2090 2150 2148
f 2090 2148 2092
f 2092 2148 2146
f 2092 2146 2094
f 2094 2146 2144
f 2094 2144 2096
f 2096 2144 2142
f 2096 2142 2098
f 2098 2142 2198
f 2098 2198 2100
f 2100 2198 2197
f 2100 2197 2102
f 2102 2197 2195
f 2102 2195 2104
f 2104 2195 2193
f 2104 2193 2106
f 2106 2193 2191
f 2106 2191 2108
f 2108 2191 2189
f 2108 2189 2113
f 2113 2189 2187
f 2310 2311 2312
f 2312 2313 2310
f 2310 2313 2314
f 2310 2314 2315
f 2315 2316 2310
f 2310 2316 2317
f 2310 2317 2318
f 2318 2317 2319
f 2320 2321 2322
f 2322 2321 2323
f 2322 2323 2324
f 2319 2317 2322
f 2322 2317 2325
f 2322 2325 2320
f 2326 2327 2328
f 2329 2330 2331
f 2332 2333 2334
f 2334 2333 2335
f 2334 2335 2331
f 2331 2335 2336
f 2331 2336 2329
f 2329 2336 2337
f 2329 2337 2338
f 2338 2337 2339
f 2338 2339 2340
f 2340 2339 2341
f 2340 2341 2342
f 2342 2341 2343
f 2342 2343 2344
f 2344 2343 2345
f 2344 2345 2346
f 2346 2345 2347
f 2346 2347 2348
f 2348 2347 2349
f 2348 2349 2350
f 2350 2349 2351
f 2350 2351 2352
f 2352 2351 2353
f 2352 2353 2354
f 2354 2353 2355
f 2354 2355 2356
f 2356 2355 2357
f 2356 2357 2358
f 2358 2357 2359
f 2358 2359 2360
f 2360 2359 2361
f 2360 2361 2362
f 2363 2362 2364
f 2364 2362 2361
f 2364 2361 2365
f 2365 2361 2366
f 2365 2366 2328
f 2328 2366 2367
f 2328 2367 2326
f 2326 2367 2368
f 2326 2368 2369
f 2369 2368 2370
f 2369 2370 2371
f 2371 2370 2372
f 2371 2372 2373
f 2373 2372 2374
f 2373 2374 2375
f 2375 2374 2376
f 2375 2376 2377
f 2377 2376 2378
f 2377 2378 2379
f 2379 2378 2380
f 2379 2380 2381
f 2381 2380 2382
f 2381 2382 2383
f 2383 2382 2384
f 2383 2384 2385
f 2385 2384 2386
f 2385 2386 2387
f 2387 2386 2388
f 2387 2388 2389
f 2389 2388 2390
f 2389 2390 2391
f 2391 2390 2333
f 2391 2333 2392
f 2392 2333 2332
f 2392 2332 2393
f 2394 2395 2396
f 2396 2395 2397
f 2396 2397 2398
f 2398 2397 2399
f 2398 2399 2400
f 2400 2399 2401
f 2400 2401 2402
f 2402 2401 2403
f 2402 2403 2404
f 2404 2403 2405
f 2404 2405 2406
f 2406 2405 2407
f 2406 2407 2408
f 2408 2407 2409
f 2408 2409 2410
f 2409 2411 2410
f 2410 2411 2412
f 2410 2412 2413
f 2413 2412 2414
f 2413 2414 2415
f 2415 2414 2416
f 2415 2416 2417
f 2417 2416 2418
f 2417 2418 2419
f 2419 2418 2420
f 2419 2420 2421
f 2421 2420 2422
f 2421 2422 2423
f 2423 2422 2424
f 2423 2424 2425
f 2425 2424 2426
f 2425 2426 2427
f 2427 2426 2428
f 2427 2428 2429
f 2429 2428 2430
f 2429 2430 2431
f 2431 2430 2432
f 2431 2432 2433
f 2433 2432 2434
f 2433 2434 2435
f 2435 2434 2436
f 2435 2436 2437
f 2437 2436 2438
f 2437 2438 2439
f 2439 2438 2440
f 2439 2440 2441
f 2441 2440 2442
f 2441 2442 2443
f 2443 2442 2444
f 2443 2444 2445
f 2445 2444 2446
f 2445 2446 2447
f 2447 2446 2448
f 2447 2448 2449
f 2449 2448 2450
f 2449 2450 2394
f 2394 2450 2451
f 2394 2451 2395
f 2452 2453 2454
f 2454 2453 2455
f 2454 2455 2456
f 2456 2455 2457
f 2457 2455 2458
f 2458 2455 2459
f 2458 2459 2460
f 2460 2461 2458
f 2458 2461 2462
f 2458 2462 2463
f 2463 2462 2464
f 2465 2466 2462
f 2462 2466 2467
f 2462 2467 2464
f 2468 2469 2431
f 2431 2469 2429
f 2469 2470 2429
f 2429 2470 2471
f 2429 2471 2427
f 2427 2471 2472
f 2427 2472 2425
f 2425 2472 2473
f 2425 2473 2423
f 2423 2473 2474
f 2423 2474 2421
f 2421 2474 2475
f 2421 2475 2419
f 2419 2475 2476
f 2419 2476 2417
f 2417 2476 2477
f 2417 2477 2415
f 2415 2477 2478
f 2415 2478 2413
f 2413 2478 2479
f 2413 2479 2410
f 2410 2479 2480
f 2410 2480 2408
f 2408 2480 2481
f 2408 2481 2406
f 2406 2481 2482
f 2406 2482 2404
f 2404 2482 2483
f 2404 2483 2402
f 2402 2483 2484
f 2402 2484 2400
f 2400 2484 2485
f 2400 2485 2398
f 2398 2485 2486
f 2398 2486 2396
f 2396 2486 2487
f 2396 2487 2394
f 2394 2487 2488
f 2394 2488 2449
f 2449 2488 2489
f 2449 2489 2447
f 2447 2489 2490
f 2447 2490 2445
f 2445 2490 2491
f 2445 2491 2443
f 2443 2491 2492
f 2443 2492 2441
f 2441 2492 2493
f 2441 2493 2439
f 2439 2493 2494
f 2439 2494 2437
f 2437 2494 2495
f 2437 2495 2435
f 2435 2495 2468
f 2435 2468 2433
f 2433 2468 2431
f 2496 2468 2497
f 2497 2468 2495
f 2497 2495 2498
f 2498 2495 2494
f 2498 2494 2499
f 2499 2494 2493
f 2499 2493 2500
f 2501 2470 2496
f 2496 2470 2469
f 2496 2469 2468
f 2502 2475 2503
f 2503 2475 2474
f 2503 2474 2504
f 2504 2474 2473
f 2504 2473 2505
f 2505 2473 2472
f 2505 2472 2501
f 2501 2472 2471
f 2501 2471 2470
f 2506 2480 2507
f 2507 2480 2479
f 2507 2479 2508
f 2508 2479 2478
f 2508 2478 2509
f 2509 2478 2477
f 2509 2477 2502
f 2502 2477 2476
f 2502 2476 2475
f 2510 2486 2511
f 2511 2486 2485
f 2511 2485 2512
f 2512 2485 2484
f 2512 2484 2513
f 2513 2484 2483
f 2513 2483 2514
f 2514 2483 2482
f 2514 2482 2506
f 2506 2482 2481
f 2506 2481 2480
f 2493 2492 2500
f 2500 2492 2491
f 2500 2491 2515
f 2515 2491 2490
f 2515 2490 2516
f 2516 2490 2489
f 2516 2489 2517
f 2517 2489 2488
f 2517 2488 2510
f 2510 2488 2487
f 2510 2487 2486
f 2513 2518 2512
f 2512 2518 2519
f 2512 2519 2511
f 2511 2519 2520
f 2511 2520 2510
f 2510 2520 2521
f 2510 2521 2517
f 2517 2521 2522
f 2517 2522 2516
f 2516 2522 2523
f 2516 2523 2515
f 2515 2523 2524
f 2515 2524 2500
f 2500 2524 2525
f 2500 2525 2499
f 2499 2525 2526
f 2499 2526 2498
f 2498 2526 2527
f 2498 2527 2497
f 2497 2527 2528
f 2497 2528 2496
f 2496 2528 2529
f 2496 2529 2501
f 2501 2529 2530
f 2501 2530 2505
f 2505 2530 2531
f 2505 2531 2504
f 2504 2531 2532
f 2504 2532 2503
f 2503 2532 2533
f 2503 2533 2502
f 2502 2533 2534
f 2502 2534 2509
f 2509 2534 2535
f 2509 2535 2508
f 2508 2535 2536
f 2508 2536 2507
f 2507 2536 2537
f 2507 2537 2506
f 2506 2537 2538
f 2506 2538 2514
f 2514 2538 2539
f 2514 2539 2513
f 2513 2539 2518
f 2539 2540 2518
f 2518 2540 2541
f 2518 2541 2519
f 2519 2541 2542
f 2519 2542 2520
f 2520 2542 2543
f 2520 2543 2521
f 2521 2543 2544
f 2521 2544 2522
f 2522 2544 2545
f 2522 2545 2523
f 2523 2545 2546
f 2523 2546 2524
f 2524 2546 2547
f 2524 2547 2525
f 2525 2547 2548
f 2525 2548 2526
f 2526 2548 2549
f 2526 2549 2527
f 2527 2549 2550
f 2527 2550 2528
f 2528 2550 2551
f 2528 2551 2529
f 2529 2551 2552
f 2529 2552 2530
f 2530 2552 2553
f 2530 2553 2531
f 2531 2553 2554
f 2531 2554 2532
f 2532 2554 2555
f 2532 2555 2533
f 2533 2555 2556
f 2533 2556 2534
f 2534 2556 2557
f 2534 2557 2535
f 2535 2557 2558
f 2535 2558 2536
f 2536 2558 2559
f 2536 2559 2537
f 2537 2559 2560
f 2537 2560 2538
f 2538 2560 2561
f 2538 2561 2539
f 2539 2561 2540
f 2561 2560 2562
f 2542 2541 2562
f 2562 2541 2540
f 2562 2540 2561
f 2545 2544 2562
f 2562 2544 2543
f 2562 2543 2542
f 2548 2547 2562
f 2562 2547 2546
f 2562 2546 2545
f 2551 2550 2562
f 2562 2550 2549
f 2562 2549 2548
f 2554 2553 2562
f 2562 2553 2552
f 2562 2552 2551
f 2557 2556 2562
f 2562 2556 2555
f 2562 2555 2554
f 2560 2559 2562
f 2562 2559 2558
f 2562 2558 2557
f 2328 2332 2365
f 2365 2332 2334
f 2365 2334 2364
f 2364 2334 2331
f 2452 2363 2364
f 2452 2364 2453
f 2453 2364 2331
f 2453 2331 2330
f 2311 2393 2332
f 2311 2332 2312
f 2312 2332 2328
f 2312 2328 2327
f 2455 2453 2330
f 2362 2363 2452
f 2452 2454 2362
f 2362 2454 2456
f 2362 2456 2360
f 2360 2456 2457
f 2360 2457 2358
f 2358 2457 2458
f 2358 2458 2356
f 2356 2458 2463
f 2356 2463 2354
f 2354 2463 2464
f 2354 2464 2352
f 2352 2464 2467
f 2352 2467 2350
f 2350 2467 2466
f 2350 2466 2348
f 2348 2466 2465
f 2348 2465 2346
f 2346 2465 2462
f 2346 2462 2344
f 2344 2462 2461
f 2344 2461 2342
f 2342 2461 2460
f 2342 2460 2340
f 2340 2460 2459
f 2340 2459 2338
f 2338 2459 2455
f 2338 2455 2329
f 2329 2455 2330
f 2313 2312 2327
f 2392 2393 2311
f 2311 2310 2392
f 2392 2310 2318
f 2392 2318 2391
f 2391 2318 2319
f 2391 2319 2389
f 2389 2319 2322
f 2389 2322 2387
f 2387 2322 2324
f 2387 2324 2385
f 2385 2324 2323
f 2385 2323 2383
f 2383 2323 2321
f 2383 2321 2381
f 2381 2321 2320
f 2381 2320 2379
f 2379 2320 2325
f 2379 2325 2377
f 2377 2325 2317
f 2377 2317 2375
f 2375 2317 2316
f 2375 2316 2373
f 2373 2316 2315
f 2373 2315 2371
f 2371 2315 2314
f 2371 2314 2369
f 2369 2314 2313
f 2369 2313 2326
f 2326 2313 2327
f 2366 2401 2367
f 2367 2401 2399
f 2367 2399 2368
f 2368 2399 2397
f 2368 2397 2370
f 2370 2397 2395
f 2370 2395 2372
f 2372 2395 2451
f 2372 2451 2374
f 2374 2451 2450
f 2374 2450 2376
f 2376 2450 2448
f 2376 2448 2378
f 2378 2448 2446
f 2378 2446 2380
f 2380 2446 2444
f 2380 2444 2382
f 2382 2444 2442
f 2382 2442 2384
f 2384 2442 2440
f 2384 2440 2386
f 2386 2440 2438
f 2386 2438 2388
f 2388 2438 2436
f 2388 2436 2390
f 2390 2436 2434
f 2390 2434 2333
f 2333 2434 2432
f 2333 2432 2335
f 2335 2432 2430
f 2335 2430 2336
f 2336 2430 2428
f 2336 2428 2337
f 2337 2428 2426
f 2337 2426 2339
f 2339 2426 2424
f 2339 2424 2341
f 2341 2424 2422
f 2341 2422 2343
f 2343 2422 2420
f 2343 2420 2345
f 2345 2420 2418
f 2345 2418 2347
f 2347 2418 2416
f 2347 2416 2349
f 2349 2416 2414
f 2349 2414 2351
f 2351 2414 2412
f 2351 2412 2353
f 2353 2412 2411
f 2353 2411 2355
f 2355 2411 2409
f 2355 2409 2357
f 2357 2409 2407
f 2357 2407 2359
f 2359 2407 2405
f 2359 2405 2361
f 2361 2405 2403
f 2361 2403 2366
f 2366 2403 2401
f 2563 2564 2565
f 2565 2564 2566
f 2565 2566 2567
f 2567 2566 2568
f 2567 2568 2569
f 2569 2568 2570
f 2569 2570 2571
f 2571 2570 2572
f 2571 2572 2573
f 2573 2572 2574
f 2573 2574 2575
f 2575 2574 2576
f 2575 2576 2577
f 2577 2576 2578
f 2577 2578 2579
f 2579 2578 2580
f 2579 2580 2581
f 2581 2580 2582
f 2581 2582 2583
f 2583 2582 2584
f 2583 2584 2585
f 2585 2584 2586
f 2585 2586 2587
f 2587 2586 2588
f 2587 2588 2589
f 2589 2588 2590
f 2589 2590 2591
f 2591 2590 2592
f 2591 2592 2593
f 2593 2592 2594
f 2593 2594 2595
f 2595 2594 2596
f 2595 2596 2597
f 2597 2596 2598
f 2597 2598 2599
f 2599 2598 2600
f 2599 2600 2601
f 2601 2600 2602
f 2601 2602 2603
f 2603 2602 2604
f 2603 2604 2605
f 2605 2604 2606
f 2605 2606 2607
f 2607 2606 2608
f 2607 2608 2609
f 2609 2608 2610
f 2609 2610 2611
f 2611 2610 2612
f 2611 2612 2613
f 2613 2612 2563
f 2613 2563 2565
f 2614 2615 2616
f 2616 2615 2617
f 2615 2618 2617
f 2617 2618 2619
f 2617 2619 2620
f 2620 2619 2621
f 2620 2621 2622
f 2622 2621 2623
f 2622 2623 2624
f 2624 2623 2625
f 2624 2625 2626
f 2626 2625 2627
f 2626 2627 2628
f 2628 2627 2629
f 2628 2629 2630
f 2630 2629 2631
f 2630 2631 2632
f 2632 2631 2633
f 2632 2633 2634
f 2634 2633 2635
f 2634 2635 2636
f 2636 2635 2637
f 2636 2637 2638
f 2638 2637 2639
f 2638 2639 2640
f 2640 2639 2641
f 2640 2641 2642
f 2642 2641 2643
f 2642 2643 2644
f 2644 2643 2645
f 2644 2645 2646
f 2646 2645 2647
f 2646 2647 2648
f 2648 2647 2649
f 2648 2649 2650
f 2650 2649 2651
f 2650 2651 2652
f 2652 2651 2653
f 2652 2653 2654
f 2654 2653 2655
f 2654 2655 2656
f 2656 2655 2657
f 2656 2657 2658
f 2658 2657 2659
f 2658 2659 2660
f 2660 2659 2661
f 2660 2661 2662
f 2662 2661 2663
f 2662 2663 2664
f 2664 2663 2665
f 2664 2665 2666
f 2666 2665 2667
f 2666 2667 2668
f 2668 2667 2669
f 2668 2669 2670
f 2670 2669 2671
f 2670 2671 2672
f 2672 2671 2673
f 2672 2673 2674
f 2674 2673 2675
f 2674 2675 2676
f 2676 2675 2677
f 2676 2677 2678
f 2678 2677 2679
f 2678 2679 2680
f 2680 2679 2681
f 2680 2681 2682
f 2682 2681 2683
f 2682 2683 2684
f 2684 2683 2614
f 2684 2614 2685
f 2685 2614 2616
f 2686 2645 2643
f 2686 2643 2687
f 2687 2643 2641
f 2687 2641 2688
f 2688 2641 2639
f 2688 2639 2689
f 2627 2625 2690
f 2691 2692 2633
f 2633 2692 2635
f 2635 2692 2693
f 2635 2693 2637
f 2637 2693 2694
f 2637 2694 2639
f 2639 2694 2695
f 2639 2695 2696
f 2690 2625 2697
f 2697 2625 2623
f 2697 2623 2698
f 2698 2623 2621
f 2698 2621 2699
f 2696 2700 2639
f 2639 2700 2701
f 2639 2701 2689
f 2690 2702 2627
f 2627 2702 2703
f 2627 2703 2704
f 2645 2686 2647
f 2647 2686 2705
f 2647 2705 2649
f 2649 2705 2706
f 2649 2706 2651
f 2651 2706 2707
f 2651 2707 2708
f 2663 2661 2709
f 2709 2661 2659
f 2709 2659 2710
f 2710 2659 2657
f 2710 2657 2711
f 2711 2657 2655
f 2711 2655 2712
f 2712 2655 2653
f 2712 2653 2713
f 2713 2653 2651
f 2713 2651 2714
f 2709 2715 2663
f 2663 2715 2716
f 2663 2716 2717
f 2718 2719 2675
f 2675 2719 2720
f 2621 2619 2699
f 2699 2619 2618
f 2699 2618 2721
f 2721 2618 2615
f 2721 2615 2722
f 2633 2631 2691
f 2691 2631 2629
f 2691 2629 2723
f 2723 2629 2627
f 2723 2627 2724
f 2724 2627 2704
f 2724 2704 2725
f 2718 2675 2726
f 2726 2675 2673
f 2726 2673 2727
f 2727 2673 2671
f 2727 2671 2728
f 2728 2671 2669
f 2728 2669 2729
f 2729 2669 2667
f 2729 2667 2730
f 2730 2667 2665
f 2730 2665 2731
f 2731 2665 2663
f 2731 2663 2732
f 2732 2663 2717
f 2732 2717 2733
f 2720 2734 2675
f 2675 2734 2735
f 2675 2735 2677
f 2677 2735 2736
f 2677 2736 2679
f 2679 2736 2737
f 2679 2737 2681
f 2681 2737 2738
f 2681 2738 2683
f 2683 2738 2739
f 2683 2739 2614
f 2614 2739 2740
f 2614 2740 2615
f 2615 2740 2741
f 2708 2742 2651
f 2651 2742 2743
f 2651 2743 2714
f 2741 2744 2615
f 2615 2744 2745
f 2615 2745 2722
f 2578 2674 2580
f 2580 2674 2676
f 2580 2676 2582
f 2602 2638 2604
f 2604 2638 2640
f 2604 2640 2606
f 2572 2666 2574
f 2574 2666 2668
f 2574 2668 2576
f 2576 2668 2670
f 2576 2670 2578
f 2578 2670 2672
f 2578 2672 2674
f 2566 2658 2568
f 2568 2658 2660
f 2568 2660 2570
f 2570 2660 2662
f 2570 2662 2572
f 2572 2662 2664
f 2572 2664 2666
f 2588 2617 2590
f 2590 2617 2620
f 2590 2620 2592
f 2586 2685 2588
f 2588 2685 2616
f 2588 2616 2617
f 2676 2678 2582
f 2582 2678 2680
f 2582 2680 2584
f 2584 2680 2682
f 2584 2682 2586
f 2586 2682 2684
f 2586 2684 2685
f 2620 2622 2592
f 2592 2622 2624
f 2592 2624 2594
f 2594 2624 2626
f 2594 2626 2596
f 2596 2626 2628
f 2596 2628 2598
f 2640 2642 2606
f 2606 2642 2644
f 2606 2644 2608
f 2608 2644 2646
f 2608 2646 2610
f 2610 2646 2648
f 2610 2648 2612
f 2612 2648 2650
f 2612 2650 2563
f 2563 2650 2652
f 2563 2652 2564
f 2564 2652 2654
f 2564 2654 2566
f 2566 2654 2656
f 2566 2656 2658
f 2628 2630 2598
f 2598 2630 2632
f 2598 2632 2600
f 2600 2632 2634
f 2600 2634 2602
f 2602 2634 2636
f 2602 2636 2638
f 2746 2714 2743
f 2746 2743 2747
f 2747 2743 2742
f 2747 2742 2748
f 2748 2742 2708
f 2748 2708 2749
f 2746 2750 2714
f 2714 2750 2713
f 2751 2715 2752
f 2752 2715 2709
f 2752 2709 2753
f 2753 2709 2710
f 2753 2710 2754
f 2754 2710 2711
f 2754 2711 2755
f 2755 2711 2712
f 2755 2712 2750
f 2750 2712 2713
f 2751 2756 2715
f 2715 2756 2716
f 2757 2732 2733
f 2757 2733 2758
f 2758 2733 2717
f 2758 2717 2759
f 2759 2717 2716
f 2759 2716 2756
f 2757 2760 2732
f 2732 2760 2731
f 2761 2726 2762
f 2762 2726 2727
f 2762 2727 2763
f 2763 2727 2728
f 2763 2728 2764
f 2764 2728 2729
f 2764 2729 2765
f 2765 2729 2730
f 2765 2730 2760
f 2760 2730 2731
f 2761 2766 2726
f 2726 2766 2718
f 2767 2734 2720
f 2767 2720 2768
f 2768 2720 2719
f 2768 2719 2769
f 2769 2719 2718
f 2769 2718 2766
f 2767 2770 2734
f 2734 2770 2735
f 2771 2740 2772
f 2772 2740 2739
f 2772 2739 2773
f 2773 2739 2738
f 2773 2738 2774
f 2774 2738 2737
f 2774 2737 2775
f 2775 2737 2736
f 2775 2736 2770
f 2770 2736 2735
f 2771 2776 2740
f 2740 2776 2741
f 2777 2722 2745
f 2777 2745 2778
f 2778 2745 2744
f 2778 2744 2779
f 2779 2744 2741
f 2779 2741 2776
f 2777 2780 2722
f 2722 2780 2721
f 2781 2702 2782
f 2782 2702 2690
f 2782 2690 2783
f 2783 2690 2697
f 2783 2697 2784
f 2784 2697 2698
f 2784 2698 2785
f 2785 2698 2699
f 2785 2699 2780
f 2780 2699 2721
f 2781 2786 2702
f 2702 2786 2703
f 2787 2724 2725
f 2787 2725 2788
f 2788 2725 2704
f 2788 2704 2789
f 2789 2704 2703
f 2789 2703 2786
f 2787 2790 2724
f 2724 2790 2723
f 2791 2695 2792
f 2792 2695 2694
f 2792 2694 2793
f 2793 2694 2693
f 2793 2693 2794
f 2794 2693 2692
f 2794 2692 2795
f 2795 2692 2691
f 2795 2691 2790
f 2790 2691 2723
f 2791 2796 2695
f 2695 2796 2696
f 2797 2689 2701
f 2797 2701 2798
f 2798 2701 2700
f 2798 2700 2799
f 2799 2700 2696
f 2799 2696 2796
f 2797 2800 2689
f 2689 2800 2688
f 2801 2707 2802
f 2802 2707 2706
f 2802 2706 2803
f 2803 2706 2705
f 2803 2705 2804
f 2804 2705 2686
f 2804 2686 2805
f 2805 2686 2687
f 2805 2687 2800
f 2800 2687 2688
f 2801 2749 2707
f 2707 2749 2708
f 2788 2789 2760
f 2788 2760 2787
f 2758 2799 2757
f 2757 2799 2760
f 2790 2787 2791
f 2777 2778 2789
f 2761 2760 2766
f 2766 2760 2789
f 2766 2789 2769
f 2746 2747 2759
f 2759 2747 2758
f 2760 2799 2787
f 2787 2799 2796
f 2787 2796 2791
f 2764 2765 2763
f 2763 2765 2760
f 2763 2760 2762
f 2762 2760 2761
f 2789 2778 2769
f 2769 2778 2779
f 2769 2779 2768
f 2768 2779 2776
f 2768 2776 2767
f 2767 2776 2771
f 2767 2771 2770
f 2758 2747 2799
f 2799 2747 2748
f 2799 2748 2798
f 2798 2748 2749
f 2798 2749 2797
f 2797 2749 2801
f 2797 2801 2800
f 2789 2786 2777
f 2777 2786 2781
f 2777 2781 2780
f 2780 2781 2785
f 2794 2795 2793
f 2793 2795 2790
f 2793 2790 2792
f 2792 2790 2791
f 2759 2756 2746
f 2746 2756 2751
f 2746 2751 2750
f 2750 2751 2755
f 2774 2775 2773
f 2773 2775 2770
f 2773 2770 2772
f 2772 2770 2771
f 2804 2805 2803
f 2803 2805 2800
f 2803 2800 2802
f 2802 2800 2801
f 2782 2783 2781
f 2781 2783 2784
f 2781 2784 2785
f 2752 2753 2751
f 2751 2753 2754
f 2751 2754 2755
f 2589 2806 2587
f 2587 2806 2807
f 2587 2807 2585
f 2585 2807 2808
f 2585 2808 2583
f 2583 2808 2809
f 2583 2809 2581
f 2581 2809 2810
f 2581 2810 2579
f 2579 2810 2811
f 2579 2811 2577
f 2577 2811 2812
f 2577 2812 2575
f 2575 2812 2813
f 2575 2813 2573
f 2573 2813 2814
f 2573 2814 2571
f 2571 2814 2815
f 2571 2815 2569
f 2569 2815 2816
f 2569 2816 2567
f 2567 2816 2817
f 2567 2817 2565
f 2565 2817 2818
f 2565 2818 2613
f 2613 2818 2819
f 2613 2819 2611
f 2611 2819 2820
f 2611 2820 2609
f 2609 2820 2821
f 2609 2821 2607
f 2607 2821 2822
f 2607 2822 2605
f 2605 2822 2823
f 2605 2823 2603
f 2603 2823 2824
f 2603 2824 2601
f 2601 2824 2825
f 2601 2825 2599
f 2599 2825 2826
f 2599 2826 2597
f 2597 2826 2827
f 2597 2827 2595
f 2595 2827 2828
f 2595 2828 2593
f 2593 2828 2829
f 2593 2829 2591
f 2591 2829 2830
f 2591 2830 2589
f 2589 2830 2806
f 2830 2829 2831
f 2808 2807 2831
f 2831 2807 2806
f 2831 2806 2830
f 2811 2810 2831
f 2831 2810 2809
f 2831 2809 2808
f 2814 2813 2831
f 2831 2813 2812
f 2831 2812 2811
f 2817 2816 2831
f 2831 2816 2815
f 2831 2815 2814
f 2820 2819 2831
f 2831 2819 2818
f 2831 2818 2817
f 2823 2822 2831
f 2831 2822 2821
f 2831 2821 2820
f 2826 2825 2831
f 2831 2825 2824
f 2831 2824 2823
f 2829 2828 2831
f 2831 2828 2827
f 2831 2827 2826
f 2832 2833 2834
f 2834 2833 2835
f 2834 2835 2836
f 2836 2835 2837
f 2836 2837 2838
f 2838 2837 2839
f 2838 2839 2840
f 2840 2839 2841
f 2840 2841 2842
f 2842 2841 2843
f 2842 2843 2844
f 2844 2843 2845
f 2844 2845 2846
f 2846 2845 2847
f 2846 2847 2848
f 2848 2847 2849
f 2848 2849 2850
f 2850 2849 2851
f 2850 2851 2852
f 2852 2851 2853
f 2852 2853 2854
f 2854 2853 2855
f 2854 2855 2856
f 2856 2855 2857
f 2856 2857 2858
f 2858 2857 2859
f 2858 2859 2860
f 2860 2859 2861
f 2860 2861 2862
f 2862 2861 2863
f 2862 2863 2864
f 2864 2863 2865
f 2864 2865 2866
f 2866 2865 2867
f 2866 2867 2868
f 2868 2867 2869
f 2868 2869 2870
f 2870 2869 2871
f 2870 2871 2872
f 2872 2871 2873
f 2872 2873 2874
f 2874 2873 2875
f 2874 2875 2876
f 2876 2875 2877
f 2876 2877 2878
f 2878 2877 2879
f 2878 2879 2880
f 2880 2879 2881
f 2880 2881 2882
f 2882 2881 2832
f 2882 2832 2834
f 2883 2884 2885
f 2885 2884 2886
f 2884 2887 2886
f 2886 2887 2888
f 2886 2888 2889
f 2889 2888 2890
f 2889 2890 2891
f 2891 2890 2892
f 2891 2892 2893
f 2893 2892 2894
f 2893 2894 2895
f 2895 2894 2896
f 2895 2896 2897
f 2897 2896 2898
f 2897 2898 2899
f 2899 2898 2900
f 2899 2900 2901
f 2901 2900 2902
f 2901 2902 2903
f 2903 2902 2904
f 2903 2904 2905
f 2905 2904 2906
f 2905 2906 2907
f 2907 2906 2908
f 2907 2908 2909
f 2909 2908 2910
f 2909 2910 2911
f 2911 2910 2912
f 2911 2912 2913
f 2913 2912 2914
f 2913 2914 2915
f 2915 2914 2916
f 2915 2916 2917
f 2917 2916 2918
f 2917 2918 2919
f 2919 2918 2920
f 2919 2920 2921
f 2921 2920 2922
f 2921 2922 2923
f 2923 2922 2924
f 2923 2924 2925
f 2925 2924 2926
f 2925 2926 2927
f 2927 2926 2928
f 2927 2928 2929
f 2929 2928 2930
f 2929 2930 2931
f 2931 2930 2932
f 2931 2932 2933
f 2933 2932 2934
f 2933 2934 2935
f 2935 2934 2936
f 2935 2936 2937
f 2937 2936 2938
f 2937 2938 2939
f 2939 2938 2940
f 2939 2940 2941
f 2941 2940 2942
f 2941 2942 2943
f 2943 2942 2944
f 2943 2944 2945
f 2945 2944 2946
f 2945 2946 2947
f 2947 2946 2948
f 2947 2948 2949
f 2949 2948 2950
f 2949 2950 2951
f 2951 2950 2952
f 2951 2952 2953
f 2953 2952 2883
f 2953 2883 2954
f 2954 2883 2885
f 2955 2956 2884
f 2908 2906 2957
f 2884 2956 2887
f 2887 2956 2958
f 2887 2958 2888
f 2959 2960 2916
f 2961 2962 2920
f 2957 2906 2963
f 2963 2906 2904
f 2963 2904 2964
f 2964 2904 2902
f 2964 2902 2965
f 2920 2962 2922
f 2922 2962 2966
f 2922 2966 2924
f 2924 2966 2967
f 2924 2967 2926
f 2926 2967 2968
f 2926 2968 2928
f 2928 2968 2969
f 2928 2969 2930
f 2888 2958 2890
f 2890 2958 2970
f 2890 2970 2892
f 2892 2970 2971
f 2892 2971 2894
f 2894 2971 2972
f 2894 2972 2896
f 2896 2972 2973
f 2896 2973 2974
f 2902 2900 2965
f 2965 2900 2898
f 2965 2898 2975
f 2975 2898 2896
f 2975 2896 2976
f 2957 2977 2908
f 2908 2977 2978
f 2908 2978 2979
f 2916 2960 2918
f 2918 2960 2980
f 2918 2980 2920
f 2920 2980 2981
f 2920 2981 2982
f 2983 2984 2932
f 2916 2914 2959
f 2959 2914 2912
f 2959 2912 2985
f 2985 2912 2910
f 2985 2910 2986
f 2986 2910 2908
f 2986 2908 2987
f 2987 2908 2979
f 2987 2979 2988
f 2932 2984 2934
f 2934 2984 2989
f 2934 2989 2936
f 2936 2989 2990
f 2936 2990 2938
f 2938 2990 2991
f 2938 2991 2940
f 2940 2991 2992
f 2940 2992 2942
f 2942 2992 2993
f 2942 2993 2944
f 2944 2993 2994
f 2944 2994 2995
f 2996 2997 2884
f 2884 2997 2998
f 2884 2998 2955
f 2930 2969 2932
f 2932 2969 2999
f 2932 2999 3000
f 2996 2884 3001
f 3001 2884 2883
f 3001 2883 3002
f 3002 2883 2952
f 3002 2952 3003
f 3003 2952 2950
f 3003 2950 3004
f 3004 2950 2948
f 3004 2948 3005
f 3005 2948 2946
f 3005 2946 3006
f 3006 2946 2944
f 3006 2944 3007
f 3007 2944 2995
f 3007 2995 3008
f 2974 3009 2896
f 2896 3009 3010
f 2896 3010 2976
f 2982 3011 2920
f 2920 3011 3012
f 2920 3012 2961
f 3000 3013 2932
f 2932 3013 3014
f 2932 3014 2983
f 2871 2907 2873
f 2873 2907 2909
f 2873 2909 2875
f 2841 2935 2843
f 2843 2935 2937
f 2843 2937 2845
f 2845 2937 2939
f 2845 2939 2847
f 2861 2893 2863
f 2863 2893 2895
f 2863 2895 2865
f 2851 2949 2853
f 2853 2949 2951
f 2853 2951 2855
f 2939 2941 2847
f 2847 2941 2943
f 2847 2943 2849
f 2849 2943 2945
f 2849 2945 2851
f 2851 2945 2947
f 2851 2947 2949
f 2837 2929 2839
f 2839 2929 2931
f 2839 2931 2841
f 2841 2931 2933
f 2841 2933 2935
f 2895 2897 2865
f 2865 2897 2899
f 2865 2899 2867
f 2867 2899 2901
f 2867 2901 2869
f 2869 2901 2903
f 2869 2903 2871
f 2871 2903 2905
f 2871 2905 2907
f 2951 2953 2855
f 2855 2953 2954
f 2855 2954 2857
f 2954 2885 2857
f 2857 2885 2886
f 2857 2886 2859
f 2859 2886 2889
f 2859 2889 2861
f 2861 2889 2891
f 2861 2891 2893
f 2909 2911 2875
f 2875 2911 2913
f 2875 2913 2877
f 2877 2913 2915
f 2877 2915 2879
f 2879 2915 2917
f 2879 2917 2881
f 2881 2917 2919
f 2881 2919 2832
f 2832 2919 2921
f 2832 2921 2833
f 2833 2921 2923
f 2833 2923 2835
f 2835 2923 2925
f 2835 2925 2837
f 2837 2925 2927
f 2837 2927 2929
f 3015 2961 3012
f 3015 3012 3016
f 3016 3012 3011
f 3016 3011 3017
f 3017 3011 2982
f 3017 2982 3018
f 3015 3019 2961
f 2961 3019 2962
f 3020 2999 3021
f 3021 2999 2969
f 3021 2969 3022
f 3022 2969 2968
f 3022 2968 3023
f 3023 2968 2967
f 3023 2967 3024
f 3024 2967 2966
f 3024 2966 3019
f 3019 2966 2962
f 3020 3025 2999
f 2999 3025 3000
f 3026 2983 3014
f 3026 3014 3027
f 3027 3014 3013
f 3027 3013 3028
f 3028 3013 3000
f 3028 3000 3025
f 3026 3029 2983
f 2983 3029 2984
f 3030 2993 3031
f 3031 2993 2992
f 3031 2992 3032
f 3032 2992 2991
f 3032 2991 3033
f 3033 2991 2990
f 3033 2990 3034
f 3034 2990 2989
f 3034 2989 3029
f 3029 2989 2984
f 3030 3035 2993
f 2993 3035 2994
f 3036 3007 3008
f 3036 3008 3037
f 3037 3008 2995
f 3037 2995 3038
f 3038 2995 2994
f 3038 2994 3035
f 3036 3039 3007
f 3007 3039 3006
f 3040 3001 3041
f 3041 3001 3002
f 3041 3002 3042
f 3042 3002 3003
f 3042 3003 3043
f 3043 3003 3004
f 3043 3004 3044
f 3044 3004 3005
f 3044 3005 3039
f 3039 3005 3006
f 3040 3045 3001
f 3001 3045 2996
f 3046 2955 2998
f 3046 2998 3047
f 3047 2998 2997
f 3047 2997 3048
f 3048 2997 2996
f 3048 2996 3045
f 3046 3049 2955
f 2955 3049 2956
f 3050 2973 3051
f 3051 2973 2972
f 3051 2972 3052
f 3052 2972 2971
f 3052 2971 3053
f 3053 2971 2970
f 3053 2970 3054
f 3054 2970 2958
f 3054 2958 3049
f 3049 2958 2956
f 3050 3055 2973
f 2973 3055 2974
f 3056 2976 3010
f 3056 3010 3057
f 3057 3010 3009
f 3057 3009 3058
f 3058 3009 2974
f 3058 2974 3055
f 3056 3059 2976
f 2976 3059 2975
f 3060 2977 3061
f 3061 2977 2957
f 3061 2957 3062
f 3062 2957 2963
f 3062 2963 3063
f 3063 2963 2964
f 3063 2964 3064
f 3064 2964 2965
f 3064 2965 3059
f 3059 2965 2975
f 3060 3065 2977
f 2977 3065 2978
f 3066 2987 2988
f 3066 2988 3067
f 3067 2988 2979
f 3067 2979 3068
f 3068 2979 2978
f 3068 2978 3065
f 3066 3069 2987
f 2987 3069 2986
f 3070 2981 3071
f 3071 2981 2980
f 3071 2980 3072
f 3072 2980 2960
f 3072 2960 3073
f 3073 2960 2959
f 3073 2959 3074
f 3074 2959 2985
f 3074 2985 3069
f 3069 2985 2986
f 3070 3018 2981
f 2981 3018 2982
f 3029 3026 3067
f 3067 3026 3027
f 3067 3027 3028
f 3067 3017 3018
f 3019 3015 3020
f 3059 3056 3037
f 3037 3056 3057
f 3037 3057 3058
f 3037 3048 3045
f 3038 3067 3037
f 3037 3067 3068
f 3067 3018 3066
f 3066 3018 3070
f 3066 3070 3069
f 3031 3032 3030
f 3030 3032 3033
f 3038 3035 3067
f 3067 3035 3030
f 3067 3030 3029
f 3029 3030 3033
f 3029 3033 3034
f 3017 3067 3016
f 3016 3067 3028
f 3016 3028 3015
f 3015 3028 3025
f 3015 3025 3020
f 3037 3045 3036
f 3036 3045 3040
f 3036 3040 3039
f 3061 3062 3060
f 3060 3062 3063
f 3068 3065 3037
f 3037 3065 3060
f 3037 3060 3059
f 3059 3060 3063
f 3059 3063 3064
f 3048 3037 3047
f 3047 3037 3058
f 3047 3058 3046
f 3046 3058 3055
f 3046 3055 3050
f 3073 3074 3072
f 3072 3074 3069
f 3072 3069 3071
f 3071 3069 3070
f 3020 3021 3022
f 3043 3044 3042
f 3042 3044 3039
f 3042 3039 3041
f 3041 3039 3040
f 3019 3020 3024
f 3024 3020 3022
f 3024 3022 3023
f 3052 3053 3051
f 3051 3053 3054
f 3051 3054 3050
f 3050 3054 3049
f 3050 3049 3046
f 2858 3075 2856
f 2856 3075 3076
f 2856 3076 2854
f 2854 3076 3077
f 2854 3077 2852
f 2852 3077 3078
f 2852 3078 2850
f 2850 3078 3079
f 2850 3079 2848
f 2848 3079 3080
f 2848 3080 2846
f 2846 3080 3081
f 2846 3081 2844
f 2844 3081 3082
f 2844 3082 2842
f 2842 3082 3083
f 2842 3083 2840
f 2840 3083 3084
f 2840 3084 2838
f 2838 3084 3085
f 2838 3085 2836
f 2836 3085 3086
f 2836 3086 2834
f 2834 3086 3087
f 2834 3087 2882
f 2882 3087 3088
f 2882 3088 2880
f 2880 3088 3089
f 2880 3089 2878
f 2878 3089 3090
f 2878 3090 2876
f 2876 3090 3091
f 2876 3091 2874
f 2874 3091 3092
f 2874 3092 2872
f 2872 3092 3093
f 2872 3093 2870
f 2870 3093 3094
f 2870 3094 2868
f 2868 3094 3095
f 2868 3095 2866
f 2866 3095 3096
f 2866 3096 2864
f 2864 3096 3097
f 2864 3097 2862
f 2862 3097 3098
f 2862 3098 2860
f 2860 3098 3099
f 2860 3099 2858
f 2858 3099 3075
f 3099 3098 3100
f 3077 3076 3100
f 3100 3076 3075
f 3100 3075 3099
f 3080 3079 3100
f 3100 3079 3078
f 3100 3078 3077
f 3083 3082 3100
f 3100 3082 3081
f 3100 3081 3080
f 3086 3085 3100
f 3100 3085 3084
f 3100 3084 3083
f 3089 3088 3100
f 3100 3088 3087
f 3100 3087 3086
f 3092 3091 3100
f 3100 3091 3090
f 3100 3090 3089
f 3095 3094 3100
f 3100 3094 3093
f 3100 3093 3092
f 3098 3097 3100
f 3100 3097 3096
f 3100 3096 3095
f 3101 3102 3103
f 3103 3102 3104
f 3102 3105 3104
f 3104 3105 3106
f 3104 3106 3107
f 3107 3106 3108
f 3107 3108 3109
f 3109 3108 3110
f 3109 3110 3111
f 3111 3110 3112
f 3111 3112 3113
f 3113 3112 3114
f 3113 3114 3115
f 3115 3114 3116
f 3115 3116 3117
f 3117 3116 3118
f 3117 3118 3119
f 3119 3118 3120
f 3119 3120 3121
f 3121 3120 3122
f 3121 3122 3123
f 3123 3122 3124
f 3123 3124 3125
f 3125 3124 3126
f 3125 3126 3127
f 3127 3126 3128
f 3127 3128 3129
f 3129 3128 3130
f 3129 3130 3131
f 3131 3130 3132
f 3131 3132 3133
f 3133 3132 3134
f 3133 3134 3135
f 3135 3134 3136
f 3135 3136 3137
f 3137 3136 3138
f 3137 3138 3139
f 3139 3138 3140
f 3139 3140 3141
f 3141 3140 3142
f 3141 3142 3143
f 3143 3142 3144
f 3143 3144 3145
f 3145 3144 3146
f 3145 3146 3147
f 3147 3146 3148
f 3147 3148 3149
f 3149 3148 3150
f 3149 3150 3151
f 3151 3150 3152
f 3151 3152 3153
f 3153 3152 3154
f 3153 3154 3155
f 3155 3154 3156
f 3155 3156 3157
f 3157 3156 3158
f 3157 3158 3159
f 3159 3158 3160
f 3159 3160 3161
f 3161 3160 3162
f 3161 3162 3163
f 3163 3162 3164
f 3163 3164 3165
f 3165 3164 3166
f 3165 3166 3167
f 3167 3166 3101
f 3167 3101 3168
f 3168 3101 3103
f 3169 3170 3171
f 3172 3173 3174
f 3174 3173 3175
f 3175 3173 3176
f 3175 3176 3177
f 3178 3179 3180
f 3180 3179 3181
f 3180 3181 3182
f 3183 3184 3185
f 3186 3187 3188
f 3189 3190 3177
f 3177 3190 3191
f 3177 3191 3192
f 3192 3191 3193
f 3192 3193 3194
f 3194 3193 3195
f 3194 3195 3178
f 3178 3195 3196
f 3178 3196 3179
f 3171 3170 3197
f 3197 3170 3198
f 3197 3198 3199
f 3199 3198 3200
f 3199 3200 3201
f 3188 3187 3202
f 3202 3187 3203
f 3202 3203 3204
f 3205 3206 3207
f 3181 3208 3182
f 3182 3208 3209
f 3182 3209 3210
f 3183 3185 3211
f 3211 3185 3212
f 3211 3212 3213
f 3213 3212 3214
f 3213 3214 3215
f 3215 3214 3216
f 3215 3216 3217
f 3217 3216 3199
f 3217 3199 3218
f 3218 3199 3201
f 3218 3201 3219
f 3220 3189 3221
f 3221 3189 3177
f 3221 3177 3222
f 3222 3177 3176
f 3171 3223 3169
f 3169 3223 3224
f 3169 3224 3225
f 3225 3224 3226
f 3225 3226 3227
f 3227 3226 3182
f 3227 3182 3228
f 3228 3182 3210
f 3228 3210 3229
f 3184 3183 3203
f 3203 3183 3230
f 3203 3230 3231
f 3188 3232 3186
f 3186 3232 3233
f 3186 3233 3234
f 3234 3233 3235
f 3234 3235 3236
f 3236 3235 3237
f 3236 3237 3238
f 3207 3206 3239
f 3239 3206 3240
f 3239 3240 3241
f 3241 3240 3238
f 3241 3238 3242
f 3231 3243 3203
f 3203 3243 3244
f 3203 3244 3204
f 3207 3245 3205
f 3205 3245 3246
f 3205 3246 3247
f 3247 3246 3248
f 3247 3248 3249
f 3249 3248 3250
f 3249 3250 3251
f 3251 3250 3252
f 3251 3252 3253
f 3237 3254 3238
f 3238 3254 3255
f 3238 3255 3256
f 3174 3257 3172
f 3172 3257 3258
f 3172 3258 3259
f 3259 3258 3260
f 3259 3260 3261
f 3261 3260 3251
f 3261 3251 3262
f 3262 3251 3253
f 3262 3253 3263
f 3256 3264 3238
f 3238 3264 3265
f 3238 3265 3242
f 3266 3267 3128
f 3128 3267 3268
f 3128 3268 3130
f 3130 3268 3269
f 3130 3269 3132
f 3132 3269 3270
f 3132 3270 3134
f 3134 3270 3271
f 3266 3128 3272
f 3272 3128 3126
f 3272 3126 3273
f 3273 3126 3124
f 3273 3124 3274
f 3274 3124 3275
f 3275 3124 3122
f 3275 3122 3276
f 3276 3122 3120
f 3276 3120 3277
f 3278 3279 3112
f 3112 3279 3280
f 3112 3280 3114
f 3114 3280 3281
f 3114 3281 3116
f 3116 3281 3282
f 3116 3282 3118
f 3118 3282 3283
f 3118 3283 3120
f 3120 3283 3284
f 3120 3284 3277
f 3278 3112 3285
f 3285 3112 3110
f 3285 3110 3286
f 3286 3110 3108
f 3286 3108 3287
f 3287 3108 3106
f 3287 3106 3288
f 3289 3290 3164
f 3164 3290 3291
f 3164 3291 3166
f 3166 3291 3292
f 3166 3292 3101
f 3101 3292 3293
f 3101 3293 3102
f 3102 3293 3294
f 3102 3294 3105
f 3105 3294 3295
f 3105 3295 3106
f 3106 3295 3296
f 3106 3296 3288
f 3289 3164 3297
f 3297 3164 3162
f 3297 3162 3298
f 3298 3162 3160
f 3298 3160 3299
f 3299 3160 3158
f 3299 3158 3300
f 3300 3158 3156
f 3300 3156 3301
f 3302 3303 3150
f 3150 3303 3304
f 3150 3304 3152
f 3152 3304 3305
f 3152 3305 3154
f 3154 3305 3306
f 3154 3306 3156
f 3156 3306 3307
f 3156 3307 3301
f 3302 3150 3308
f 3308 3150 3148
f 3308 3148 3309
f 3309 3148 3146
f 3309 3146 3310
f 3310 3146 3311
f 3311 3146 3144
f 3311 3144 3312
f 3312 3144 3142
f 3312 3142 3313
f 3271 3314 3134
f 3134 3314 3315
f 3134 3315 3136
f 3136 3315 3316
f 3136 3316 3138
f 3138 3316 3317
f 3138 3317 3140
f 3140 3317 3318
f 3140 3318 3142
f 3142 3318 3319
f 3142 3319 3313
f 3314 3320 3321
f 3269 3322 3270
f 3270 3322 3320
f 3270 3320 3271
f 3271 3320 3314
f 3269 3268 3322
f 3322 3268 3267
f 3322 3267 3323
f 3267 3266 3323
f 3323 3266 3272
f 3323 3272 3324
f 3275 3325 3274
f 3274 3325 3324
f 3274 3324 3273
f 3273 3324 3272
f 3275 3276 3325
f 3325 3276 3277
f 3325 3277 3326
f 3277 3284 3326
f 3326 3284 3283
f 3326 3283 3327
f 3283 3282 3327
f 3327 3282 3281
f 3327 3281 3328
f 3281 3280 3328
f 3328 3280 3279
f 3328 3279 3329
f 3286 3330 3285
f 3285 3330 3329
f 3285 3329 3278
f 3278 3329 3279
f 3286 3287 3330
f 3330 3287 3288
f 3330 3288 3331
f 3288 3296 3331
f 3331 3296 3295
f 3331 3295 3332
f 3292 3333 3293
f 3293 3333 3332
f 3293 3332 3294
f 3294 3332 3295
f 3292 3291 3333
f 3333 3291 3290
f 3333 3290 3334
f 3290 3289 3334
f 3334 3289 3297
f 3334 3297 3335
f 3297 3298 3335
f 3335 3298 3299
f 3335 3299 3336
f 3299 3300 3336
f 3336 3300 3301
f 3336 3301 3337
f 3305 3338 3306
f 3306 3338 3337
f 3306 3337 3307
f 3307 3337 3301
f 3305 3304 3338
f 3338 3304 3303
f 3338 3303 3339
f 3303 3302 3339
f 3339 3302 3308
f 3339 3308 3340
f 3311 3341 3310
f 3310 3341 3340
f 3310 3340 3309
f 3309 3340 3308
f 3311 3312 3341
f 3341 3312 3313
f 3341 3313 3342
f 3313 3319 3342
f 3342 3319 3318
f 3342 3318 3343
f 3318 3317 3343
f 3343 3317 3316
f 3343 3316 3321
f 3321 3316 3315
f 3321 3315 3314
f 3321 3344 3343
f 3343 3344 3345
f 3343 3345 3342
f 3342 3345 3346
f 3342 3346 3341
f 3341 3346 3347
f 3341 3347 3340
f 3340 3347 3348
f 3340 3348 3339
f 3339 3348 3349
f 3339 3349 3338
f 3338 3349 3350
f 3338 3350 3337
f 3337 3350 3351
f 3337 3351 3336
f 3336 3351 3352
f 3336 3352 3335
f 3335 3352 3353
f 3335 3353 3334
f 3334 3353 3354
f 3334 3354 3333
f 3333 3354 3355
f 3333 3355 3332
f 3332 3355 3356
f 3332 3356 3331
f 3331 3356 3357
f 3331 3357 3330
f 3330 3357 3358
f 3330 3358 3329
f 3329 3358 3359
f 3329 3359 3328
f 3328 3359 3360
f 3328 3360 3327
f 3327 3360 3361
f 3327 3361 3326
f 3326 3361 3362
f 3326 3362 3325
f 3325 3362 3363
f 3325 3363 3324
f 3324 3363 3364
f 3324 3364 3323
f 3323 3364 3365
f 3323 3365 3322
f 3322 3365 3366
f 3322 3366 3320
f 3320 3366 3367
f 3320 3367 3321
f 3321 3367 3344
f 3345 3344 3368
f 3368 3344 3367
f 3368 3367 3366
f 3348 3347 3368
f 3368 3347 3346
f 3368 3346 3345
f 3351 3350 3368
f 3368 3350 3349
f 3368 3349 3348
f 3354 3353 3368
f 3368 3353 3352
f 3368 3352 3351
f 3357 3356 3368
f 3368 3356 3355
f 3368 3355 3354
f 3360 3359 3368
f 3368 3359 3358
f 3368 3358 3357
f 3363 3362 3368
f 3368 3362 3361
f 3368 3361 3360
f 3366 3365 3368
f 3368 3365 3364
f 3368 3364 3363
f 3369 3370 3371
f 3369 3371 3372
f 3372 3371 3373
f 3372 3373 3374
f 3370 3369 3375
f 3375 3369 3376
f 3377 3378 3379
f 3379 3378 3380
f 3379 3380 3381
f 3381 3380 3382
f 3381 3382 3383
f 3383 3382 3384
f 3383 3384 3385
f 3385 3384 3386
f 3385 3386 3376
f 3376 3386 3375
f 3378 3377 3387
f 3387 3377 3388
f 3389 3390 3391
f 3389 3391 3392
f 3392 3391 3387
f 3392 3387 3388
f 3390 3389 3393
f 3393 3389 3394
f 3395 3396 3397
f 3395 3397 3398
f 3397 3399 3398
f 3398 3399 3400
f 3398 3400 3401
f 3400 3402 3401
f 3401 3402 3403
f 3401 3403 3404
f 3393 3394 3405
f 3405 3394 3404
f 3405 3404 3406
f 3406 3404 3403
f 3396 3395 3407
f 3407 3395 3408
f 3409 3410 3411
f 3409 3411 3412
f 3412 3411 3407
f 3412 3407 3408
f 3410 3409 3413
f 3413 3409 3414
f 3415 3416 3417
f 3417 3416 3418
f 3417 3418 3419
f 3419 3418 3420
f 3419 3420 3421
f 3421 3420 3422
f 3421 3422 3423
f 3423 3422 3424
f 3423 3424 3414
f 3414 3424 3413
f 3416 3415 3425
f 3425 3415 3426
f 3427 3428 3429
f 3427 3429 3430
f 3430 3429 3425
f 3430 3425 3426
f 3428 3427 3431
f 3431 3427 3432
f 3433 3434 3435
f 3435 3434 3436
f 3435 3436 3437
f 3437 3436 3438
f 3437 3438 3439
f 3439 3438 3440
f 3439 3440 3441
f 3441 3440 3442
f 3441 3442 3432
f 3432 3442 3431
f 3434 3433 3443
f 3443 3433 3444
f 3445 3446 3447
f 3445 3447 3448
f 3448 3447 3443
f 3448 3443 3444
f 3446 3445 3449
f 3449 3445 3450
f 3451 3452 3453
f 3453 3452 3454
f 3452 3455 3454
f 3454 3455 3456
f 3454 3456 3457
f 3456 3458 3457
f 3457 3458 3459
f 3457 3459 3460
f 3449 3450 3461
f 3461 3450 3460
f 3461 3460 3462
f 3462 3460 3459
f 3451 3453 3463
f 3463 3453 3464
f 3465 3466 3467
f 3465 3467 3468
f 3468 3467 3463
f 3468 3463 3464
f 3466 3465 3469
f 3469 3465 3470
f 3471 3472 3473
f 3473 3472 3474
f 3472 3475 3474
f 3474 3475 3476
f 3474 3476 3477
f 3476 3478 3477
f 3477 3478 3479
f 3477 3479 3480
f 3469 3470 3481
f 3481 3470 3480
f 3481 3480 3482
f 3482 3480 3479
f 3471 3473 3373
f 3373 3473 3374
f 3369 3372 3448
f 3392 3448 3444
f 3470 3465 3473
f 3412 3408 3392
f 3448 3392 3369
f 3369 3392 3388
f 3369 3388 3377
f 3439 3441 3432
f 3450 3445 3464
f 3464 3445 3448
f 3464 3448 3468
f 3468 3448 3372
f 3468 3372 3465
f 3465 3372 3374
f 3465 3374 3473
f 3433 3435 3437
f 3395 3394 3408
f 3408 3394 3389
f 3408 3389 3392
f 3437 3439 3433
f 3433 3439 3432
f 3433 3432 3444
f 3444 3432 3427
f 3444 3427 3392
f 3392 3427 3430
f 3392 3430 3412
f 3412 3430 3409
f 3381 3383 3379
f 3379 3383 3385
f 3379 3385 3377
f 3377 3385 3376
f 3377 3376 3369
f 3474 3477 3473
f 3473 3477 3480
f 3473 3480 3470
f 3457 3460 3454
f 3454 3460 3450
f 3454 3450 3453
f 3453 3450 3464
f 3417 3419 3415
f 3415 3419 3421
f 3430 3426 3409
f 3409 3426 3415
f 3409 3415 3414
f 3414 3415 3421
f 3414 3421 3423
f 3395 3398 3394
f 3394 3398 3401
f 3394 3401 3404
f 3103 3260 3168
f 3168 3260 3258
f 3168 3258 3167
f 3167 3258 3257
f 3167 3257 3165
f 3165 3257 3174
f 3165 3174 3163
f 3163 3174 3175
f 3163 3175 3161
f 3161 3175 3177
f 3161 3177 3159
f 3159 3177 3192
f 3159 3192 3157
f 3157 3192 3194
f 3157 3194 3155
f 3155 3194 3178
f 3155 3178 3153
f 3153 3178 3180
f 3153 3180 3151
f 3151 3180 3182
f 3151 3182 3149
f 3149 3182 3226
f 3149 3226 3147
f 3147 3226 3224
f 3147 3224 3145
f 3145 3224 3223
f 3145 3223 3143
f 3143 3223 3171
f 3143 3171 3141
f 3141 3171 3197
f 3141 3197 3139
f 3139 3197 3199
f 3139 3199 3137
f 3137 3199 3216
f 3137 3216 3135
f 3135 3216 3214
f 3135 3214 3133
f 3133 3214 3212
f 3133 3212 3131
f 3131 3212 3185
f 3131 3185 3129
f 3129 3185 3184
f 3129 3184 3127
f 3127 3184 3203
f 3127 3203 3125
f 3125 3203 3187
f 3125 3187 3123
f 3123 3187 3186
f 3123 3186 3121
f 3121 3186 3234
f 3121 3234 3119
f 3119 3234 3236
f 3119 3236 3117
f 3117 3236 3238
f 3117 3238 3115
f 3115 3238 3240
f 3115 3240 3113
f 3113 3240 3206
f 3113 3206 3111
f 3111 3206 3205
f 3111 3205 3109
f 3109 3205 3247
f 3109 3247 3107
f 3107 3247 3249
f 3107 3249 3104
f 3104 3249 3251
f 3104 3251 3103
f 3103 3251 3260
f 3252 3471 3253
f 3253 3471 3373
f 3471 3252 3472
f 3472 3252 3250
f 3472 3250 3475
f 3475 3250 3248
f 3475 3248 3476
f 3476 3248 3246
f 3476 3246 3478
f 3478 3246 3245
f 3478 3245 3479
f 3479 3245 3207
f 3479 3207 3482
f 3482 3207 3239
f 3482 3239 3481
f 3481 3239 3241
f 3481 3241 3469
f 3469 3241 3242
f 3253 3373 3371
f 3253 3371 3263
f 3263 3371 3370
f 3263 3370 3262
f 3265 3466 3242
f 3242 3466 3469
f 3375 3261 3370
f 3370 3261 3262
f 3256 3463 3467
f 3256 3467 3264
f 3264 3467 3466
f 3264 3466 3265
f 3378 3222 3380
f 3380 3222 3176
f 3380 3176 3382
f 3382 3176 3173
f 3382 3173 3384
f 3384 3173 3172
f 3384 3172 3386
f 3386 3172 3259
f 3386 3259 3375
f 3375 3259 3261
f 3255 3451 3256
f 3256 3451 3463
f 3387 3221 3378
f 3378 3221 3222
f 3451 3255 3452
f 3452 3255 3254
f 3452 3254 3455
f 3455 3254 3237
f 3455 3237 3456
f 3456 3237 3235
f 3456 3235 3458
f 3458 3235 3233
f 3458 3233 3459
f 3459 3233 3232
f 3459 3232 3462
f 3462 3232 3188
f 3462 3188 3461
f 3461 3188 3202
f 3461 3202 3449
f 3449 3202 3204
f 3221 3387 3391
f 3221 3391 3220
f 3220 3391 3390
f 3220 3390 3189
f 3244 3446 3204
f 3204 3446 3449
f 3393 3190 3390
f 3390 3190 3189
f 3231 3443 3447
f 3231 3447 3243
f 3243 3447 3446
f 3243 3446 3244
f 3396 3209 3397
f 3397 3209 3208
f 3397 3208 3399
f 3399 3208 3181
f 3399 3181 3400
f 3400 3181 3179
f 3400 3179 3402
f 3402 3179 3196
f 3402 3196 3403
f 3403 3196 3195
f 3403 3195 3406
f 3406 3195 3193
f 3406 3193 3405
f 3405 3193 3191
f 3405 3191 3393
f 3393 3191 3190
f 3230 3434 3231
f 3231 3434 3443
f 3407 3210 3396
f 3396 3210 3209
f 3434 3230 3436
f 3436 3230 3183
f 3436 3183 3438
f 3438 3183 3211
f 3438 3211 3440
f 3440 3211 3213
f 3440 3213 3442
f 3442 3213 3215
f 3442 3215 3431
f 3431 3215 3217
f 3210 3407 3411
f 3210 3411 3229
f 3229 3411 3410
f 3229 3410 3228
f 3218 3428 3217
f 3217 3428 3431
f 3413 3227 3410
f 3410 3227 3228
f 3201 3425 3429
f 3201 3429 3219
f 3219 3429 3428
f 3219 3428 3218
f 3416 3200 3418
f 3418 3200 3198
f 3418 3198 3420
f 3420 3198 3170
f 3420 3170 3422
f 3422 3170 3169
f 3422 3169 3424
f 3424 3169 3225
f 3424 3225 3413
f 3413 3225 3227
f 3200 3416 3201
f 3201 3416 3425
f 3483 3484 3485
f 3485 3484 3486
f 3484 3487 3486
f 3486 3487 3488
f 3486 3488 3489
f 3489 3488 3490
f 3489 3490 3491
f 3491 3490 3492
f 3491 3492 3493
f 3493 3492 3494
f 3493 3494 3495
f 3495 3494 3496
f 3495 3496 3497
f 3497 3496 3498
f 3497 3498 3499
f 3499 3498 3500
f 3499 3500 3501
f 3501 3500 3502
f 3501 3502 3503
f 3503 3502 3504
f 3503 3504 3505
f 3505 3504 3506
f 3505 3506 3507
f 3507 3506 3508
f 3507 3508 3509
f 3509 3508 3510
f 3509 3510 3511
f 3511 3510 3512
f 3511 3512 3513
f 3513 3512 3514
f 3513 3514 3515
f 3515 3514 3516
f 3515 3516 3517
f 3517 3516 3518
f 3517 3518 3519
f 3519 3518 3520
f 3519 3520 3521
f 3521 3520 3522
f 3521 3522 3523
f 3523 3522 3524
f 3523 3524 3525
f 3525 3524 3526
f 3525 3526 3527
f 3527 3526 3528
f 3527 3528 3529
f 3529 3528 3530
f 3529 3530 3531
f 3531 3530 3532
f 3531 3532 3533
f 3533 3532 3534
f 3533 3534 3535
f 3535 3534 3536
f 3535 3536 3537
f 3537 3536 3538
f 3537 3538 3539
f 3539 3538 3540
f 3539 3540 3541
f 3541 3540 3542
f 3541 3542 3543
f 3543 3542 3544
f 3543 3544 3545
f 3545 3544 3546
f 3545 3546 3547
f 3547 3546 3548
f 3547 3548 3549
f 3549 3548 3483
f 3549 3483 3550
f 3550 3483 3485
f 3551 3552 3553
f 3554 3555 3556
f 3557 3558 3559
f 3559 3558 3560
f 3559 3560 3561
f 3561 3560 3562
f 3561 3562 3563
f 3564 3565 3566
f 3566 3565 3567
f 3566 3567 3568
f 3568 3567 3569
f 3568 3569 3570
f 3570 3569 3563
f 3570 3563 3571
f 3571 3563 3562
f 3564 3572 3565
f 3565 3572 3573
f 3565 3573 3574
f 3553 3552 3575
f 3575 3552 3576
f 3575 3576 3577
f 3578 3557 3579
f 3579 3557 3559
f 3579 3559 3580
f 3580 3559 3581
f 3574 3582 3565
f 3565 3582 3583
f 3565 3583 3584
f 3584 3583 3585
f 3584 3585 3586
f 3586 3585 3587
f 3586 3587 3588
f 3588 3587 3589
f 3588 3589 3590
f 3590 3589 3591
f 3590 3591 3592
f 3592 3591 3593
f 3593 3591 3594
f 3593 3594 3595
f 3556 3555 3596
f 3596 3555 3597
f 3596 3597 3598
f 3598 3597 3599
f 3598 3599 3600
f 3553 3601 3551
f 3551 3601 3602
f 3551 3602 3603
f 3603 3602 3604
f 3603 3604 3605
f 3605 3604 3593
f 3605 3593 3606
f 3606 3593 3595
f 3606 3595 3607
f 3556 3608 3554
f 3554 3608 3609
f 3554 3609 3610
f 3610 3609 3611
f 3610 3611 3612
f 3612 3611 3613
f 3559 3614 3581
f 3581 3614 3615
f 3581 3615 3616
f 3616 3615 3617
f 3616 3617 3618
f 3618 3617 3619
f 3618 3619 3620
f 3620 3619 3621
f 3620 3621 3622
f 3622 3621 3598
f 3622 3598 3623
f 3623 3598 3600
f 3623 3600 3624
f 3576 3625 3577
f 3577 3625 3626
f 3577 3626 3627
f 3611 3628 3629
f 3629 3628 3630
f 3629 3630 3631
f 3631 3630 3632
f 3631 3632 3633
f 3633 3632 3634
f 3633 3634 3635
f 3635 3634 3636
f 3635 3636 3637
f 3637 3636 3577
f 3637 3577 3638
f 3638 3577 3627
f 3639 3613 3640
f 3640 3613 3611
f 3640 3611 3641
f 3641 3611 3629
f 3642 3643 3510
f 3510 3643 3644
f 3510 3644 3512
f 3512 3644 3645
f 3512 3645 3514
f 3514 3645 3646
f 3514 3646 3516
f 3516 3646 3647
f 3642 3510 3648
f 3648 3510 3508
f 3648 3508 3649
f 3649 3508 3506
f 3649 3506 3650
f 3650 3506 3651
f 3651 3506 3504
f 3651 3504 3652
f 3652 3504 3502
f 3652 3502 3653
f 3654 3655 3494
f 3494 3655 3656
f 3494 3656 3496
f 3496 3656 3657
f 3496 3657 3498
f 3498 3657 3658
f 3498 3658 3500
f 3500 3658 3659
f 3500 3659 3502
f 3502 3659 3660
f 3502 3660 3653
f 3654 3494 3661
f 3661 3494 3492
f 3661 3492 3662
f 3662 3492 3490
f 3662 3490 3663
f 3663 3490 3488
f 3663 3488 3664
f 3665 3666 3546
f 3546 3666 3667
f 3546 3667 3548
f 3548 3667 3668
f 3548 3668 3483
f 3483 3668 3669
f 3483 3669 3484
f 3484 3669 3670
f 3484 3670 3487
f 3487 3670 3671
f 3487 3671 3488
f 3488 3671 3672
f 3488 3672 3664
f 3665 3546 3673
f 3673 3546 3544
f 3673 3544 3674
f 3674 3544 3542
f 3674 3542 3675
f 3675 3542 3540
f 3675 3540 3676
f 3676 3540 3538
f 3676 3538 3677
f 3678 3679 3532
f 3532 3679 3680
f 3532 3680 3534
f 3534 3680 3681
f 3534 3681 3536
f 3536 3681 3682
f 3536 3682 3538
f 3538 3682 3683
f 3538 3683 3677
f 3678 3532 3684
f 3684 3532 3530
f 3684 3530 3685
f 3685 3530 3528
f 3685 3528 3686
f 3686 3528 3687
f 3687 3528 3526
f 3687 3526 3688
f 3688 3526 3524
f 3688 3524 3689
f 3647 3690 3516
f 3516 3690 3691
f 3516 3691 3518
f 3518 3691 3692
f 3518 3692 3520
f 3520 3692 3693
f 3520 3693 3522
f 3522 3693 3694
f 3522 3694 3524
f 3524 3694 3695
f 3524 3695 3689
f 3690 3696 3697
f 3645 3698 3646
f 3646 3698 3696
f 3646 3696 3647
f 3647 3696 3690
f 3645 3644 3698
f 3698 3644 3643
f 3698 3643 3699
f 3643 3642 3699
f 3699 3642 3648
f 3699 3648 3700
f 3651 3701 3650
f 3650 3701 3700
f 3650 3700 3649
f 3649 3700 3648
f 3651 3652 3701
f 3701 3652 3653
f 3701 3653 3702
f 3653 3660 3702
f 3702 3660 3659
f 3702 3659 3703
f 3659 3658 3703
f 3703 3658 3657
f 3703 3657 3704
f 3657 3656 3704
f 3704 3656 3655
f 3704 3655 3705
f 3662 3706 3661
f 3661 3706 3705
f 3661 3705 3654
f 3654 3705 3655
f 3662 3663 3706
f 3706 3663 3664
f 3706 3664 3707
f 3664 3672 3707
f 3707 3672 3671
f 3707 3671 3708
f 3668 3709 3669
f 3669 3709 3708
f 3669 3708 3670
f 3670 3708 3671
f 3668 3667 3709
f 3709 3667 3666
f 3709 3666 3710
f 3666 3665 3710
f 3710 3665 3673
f 3710 3673 3711
f 3673 3674 3711
f 3711 3674 3675
f 3711 3675 3712
f 3675 3676 3712
f 3712 3676 3677
f 3712 3677 3713
f 3681 3714 3682
f 3682 3714 3713
f 3682 3713 3683
f 3683 3713 3677
f 3681 3680 3714
f 3714 3680 3679
f 3714 3679 3715
f 3679 3678 3715
f 3715 3678 3684
f 3715 3684 3716
f 3687 3717 3686
f 3686 3717 3716
f 3686 3716 3685
f 3685 3716 3684
f 3687 3688 3717
f 3717 3688 3689
f 3717 3689 3718
f 3689 3695 3718
f 3718 3695 3694
f 3718 3694 3719
f 3694 3693 3719
f 3719 3693 3692
f 3719 3692 3697
f 3697 3692 3691
f 3697 3691 3690
f 3697 3720 3719
f 3719 3720 3721
f 3719 3721 3718
f 3718 3721 3722
f 3718 3722 3717
f 3717 3722 3723
f 3717 3723 3716
f 3716 3723 3724
f 3716 3724 3715
f 3715 3724 3725
f 3715 3725 3714
f 3714 3725 3726
f 3714 3726 3713
f 3713 3726 3727
f 3713 3727 3712
f 3712 3727 3728
f 3712 3728 3711
f 3711 3728 3729
f 3711 3729 3710
f 3710 3729 3730
f 3710 3730 3709
f 3709 3730 3731
f 3709 3731 3708
f 3708 3731 3732
f 3708 3732 3707
f 3707 3732 3733
f 3707 3733 3706
f 3706 3733 3734
f 3706 3734 3705
f 3705 3734 3735
f 3705 3735 3704
f 3704 3735 3736
f 3704 3736 3703
f 3703 3736 3737
f 3703 3737 3702
f 3702 3737 3738
f 3702 3738 3701
f 3701 3738 3739
f 3701 3739 3700
f 3700 3739 3740
f 3700 3740 3699
f 3699 3740 3741
f 3699 3741 3698
f 3698 3741 3742
f 3698 3742 3696
f 3696 3742 3743
f 3696 3743 3697
f 3697 3743 3720
f 3721 3720 3744
f 3744 3720 3743
f 3744 3743 3742
f 3724 3723 3744
f 3744 3723 3722
f 3744 3722 3721
f 3727 3726 3744
f 3744 3726 3725
f 3744 3725 3724
f 3730 3729 3744
f 3744 3729 3728
f 3744 3728 3727
f 3733 3732 3744
f 3744 3732 3731
f 3744 3731 3730
f 3736 3735 3744
f 3744 3735 3734
f 3744 3734 3733
f 3739 3738 3744
f 3744 3738 3737
f 3744 3737 3736
f 3742 3741 3744
f 3744 3741 3740
f 3744 3740 3739
f 3745 3746 3747
f 3745 3747 3748
f 3748 3747 3749
f 3748 3749 3750
f 3746 3745 3751
f 3751 3745 3752
f 3753 3754 3755
f 3755 3754 3756
f 3755 3756 3757
f 3757 3756 3758
f 3757 3758 3759
f 3759 3758 3760
f 3759 3760 3761
f 3761 3760 3762
f 3761 3762 3752
f 3752 3762 3751
f 3754 3753 3763
f 3763 3753 3764
f 3765 3766 3767
f 3765 3767 3768
f 3768 3767 3763
f 3768 3763 3764
f 3766 3765 3769
f 3769 3765 3770
f 3771 3772 3773
f 3773 3772 3774
f 3773 3774 3775
f 3775 3774 3776
f 3775 3776 3777
f 3777 3776 3778
f 3777 3778 3779
f 3779 3778 3780
f 3779 3780 3770
f 3770 3780 3769
f 3772 3771 3781
f 3781 3771 3782
f 3783 3784 3785
f 3783 3785 3786
f 3786 3785 3781
f 3786 3781 3782
f 3784 3783 3787
f 3787 3783 3788
f 3789 3790 3791
f 3791 3790 3792
f 3791 3792 3793
f 3793 3792 3794
f 3793 3794 3795
f 3795 3794 3796
f 3795 3796 3797
f 3797 3796 3798
f 3797 3798 3788
f 3788 3798 3787
f 3790 3789 3799
f 3799 3789 3800
f 3801 3802 3803
f 3801 3803 3804
f 3804 3803 3799
f 3804 3799 3800
f 3802 3801 3805
f 3805 3801 3806
f 3807 3808 3809
f 3809 3808 3810
f 3809 3810 3811
f 3811 3810 3812
f 3811 3812 3813
f 3813 3812 3814
f 3813 3814 3815
f 3815 3814 3816
f 3815 3816 3806
f 3806 3816 3805
f 3808 3807 3817
f 3817 3807 3818
f 3819 3820 3821
f 3819 3821 3822
f 3822 3821 3817
f 3822 3817 3818
f 3820 3819 3823
f 3823 3819 3824
f 3825 3826 3827
f 3825 3827 3828
f 3827 3829 3828
f 3828 3829 3830
f 3828 3830 3831
f 3830 3832 3831
f 3831 3832 3833
f 3831 3833 3834
f 3823 3824 3835
f 3835 3824 3834
f 3835 3834 3836
f 3836 3834 3833
f 3826 3825 3837
f 3837 3825 3838
f 3839 3840 3841
f 3839 3841 3842
f 3842 3841 3837
f 3842 3837 3838
f 3840 3839 3843
f 3843 3839 3844
f 3845 3846 3847
f 3847 3846 3848
f 3847 3848 3849
f 3849 3848 3850
f 3849 3850 3851
f 3851 3850 3852
f 3851 3852 3853
f 3853 3852 3854
f 3853 3854 3844
f 3844 3854 3843
f 3846 3845 3749
f 3749 3845 3750
f 3745 3748 3804
f 3804 3748 3822
f 3804 3822 3818
f 3768 3786 3782
f 3838 3822 3842
f 3842 3822 3748
f 3842 3748 3839
f 3839 3748 3750
f 3839 3750 3844
f 3759 3761 3752
f 3851 3853 3844
f 3831 3834 3824
f 3807 3806 3818
f 3818 3806 3801
f 3818 3801 3804
f 3804 3800 3783
f 3783 3800 3789
f 3783 3789 3788
f 3777 3779 3770
f 3753 3755 3757
f 3813 3815 3811
f 3811 3815 3806
f 3811 3806 3809
f 3809 3806 3807
f 3771 3773 3775
f 3757 3759 3753
f 3753 3759 3752
f 3753 3752 3764
f 3764 3752 3745
f 3764 3745 3768
f 3768 3745 3804
f 3768 3804 3786
f 3786 3804 3783
f 3828 3831 3825
f 3825 3831 3824
f 3825 3824 3838
f 3838 3824 3819
f 3838 3819 3822
f 3795 3797 3793
f 3793 3797 3788
f 3793 3788 3791
f 3791 3788 3789
f 3775 3777 3771
f 3771 3777 3770
f 3771 3770 3782
f 3782 3770 3765
f 3782 3765 3768
f 3849 3851 3847
f 3847 3851 3844
f 3847 3844 3845
f 3845 3844 3750
f 3485 3604 3550
f 3550 3604 3602
f 3550 3602 3549
f 3549 3602 3601
f 3549 3601 3547
f 3547 3601 3553
f 3547 3553 3545
f 3545 3553 3575
f 3545 3575 3543
f 3543 3575 3577
f 3543 3577 3541
f 3541 3577 3636
f 3541 3636 3539
f 3539 3636 3634
f 3539 3634 3537
f 3537 3634 3632
f 3537 3632 3535
f 3535 3632 3630
f 3535 3630 3533
f 3533 3630 3628
f 3533 3628 3531
f 3531 3628 3611
f 3531 3611 3529
f 3529 3611 3609
f 3529 3609 3527
f 3527 3609 3608
f 3527 3608 3525
f 3525 3608 3556
f 3525 3556 3523
f 3523 3556 3596
f 3523 3596 3521
f 3521 3596 3598
f 3521 3598 3519
f 3519 3598 3621
f 3519 3621 3517
f 3517 3621 3619
f 3517 3619 3515
f 3515 3619 3617
f 3515 3617 3513
f 3513 3617 3615
f 3513 3615 3511
f 3511 3615 3614
f 3511 3614 3509
f 3509 3614 3559
f 3509 3559 3507
f 3507 3559 3561
f 3507 3561 3505
f 3505 3561 3563
f 3505 3563 3503
f 3503 3563 3569
f 3503 3569 3501
f 3501 3569 3567
f 3501 3567 3499
f 3499 3567 3565
f 3499 3565 3497
f 3497 3565 3584
f 3497 3584 3495
f 3495 3584 3586
f 3495 3586 3493
f 3493 3586 3588
f 3493 3588 3491
f 3491 3588 3590
f 3491 3590 3489
f 3489 3590 3592
f 3489 3592 3486
f 3486 3592 3593
f 3486 3593 3485
f 3485 3593 3604
f 3594 3846 3595
f 3595 3846 3749
f 3846 3594 3848
f 3848 3594 3591
f 3848 3591 3850
f 3850 3591 3589
f 3850 3589 3852
f 3852 3589 3587
f 3852 3587 3854
f 3854 3587 3585
f 3854 3585 3843
f 3843 3585 3583
f 3595 3749 3747
f 3595 3747 3607
f 3607 3747 3746
f 3607 3746 3606
f 3582 3840 3583
f 3583 3840 3843
f 3751 3605 3746
f 3746 3605 3606
f 3573 3837 3841
f 3573 3841 3574
f 3574 3841 3840
f 3574 3840 3582
f 3754 3625 3756
f 3756 3625 3576
f 3756 3576 3758
f 3758 3576 3552
f 3758 3552 3760
f 3760 3552 3551
f 3760 3551 3762
f 3762 3551 3603
f 3762 3603 3751
f 3751 3603 3605
f 3572 3826 3573
f 3573 3826 3837
f 3763 3626 3754
f 3754 3626 3625
f 3826 3572 3827
f 3827 3572 3564
f 3827 3564 3829
f 3829 3564 3566
f 3829 3566 3830
f 3830 3566 3568
f 3830 3568 3832
f 3832 3568 3570
f 3832 3570 3833
f 3833 3570 3571
f 3833 3571 3836
f 3836 3571 3562
f 3836 3562 3835
f 3835 3562 3560
f 3835 3560 3823
f 3823 3560 3558
f 3626 3763 3767
f 3626 3767 3627
f 3627 3767 3766
f 3627 3766 3638
f 3557 3820 3558
f 3558 3820 3823
f 3769 3637 3766
f 3766 3637 3638
f 3579 3817 3821
f 3579 3821 3578
f 3578 3821 3820
f 3578 3820 3557
f 3772 3641 3774
f 3774 3641 3629
f 3774 3629 3776
f 3776 3629 3631
f 3776 3631 3778
f 3778 3631 3633
f 3778 3633 3780
f 3780 3633 3635
f 3780 3635 3769
f 3769 3635 3637
f 3580 3808 3579
f 3579 3808 3817
f 3781 3640 3772
f 3772 3640 3641
f 3808 3580 3810
f 3810 3580 3581
f 3810 3581 3812
f 3812 3581 3616
f 3812 3616 3814
f 3814 3616 3618
f 3814 3618 3816
f 3816 3618 3620
f 3816 3620 3805
f 3805 3620 3622
f 3640 3781 3785
f 3640 3785 3639
f 3639 3785 3784
f 3639 3784 3613
f 3623 3802 3622
f 3622 3802 3805
f 3787 3612 3784
f 3784 3612 3613
f 3600 3799 3803
f 3600 3803 3624
f 3624 3803 3802
f 3624 3802 3623
f 3790 3599 3792
f 3792 3599 3597
f 3792 3597 3794
f 3794 3597 3555
f 3794 3555 3796
f 3796 3555 3554
f 3796 3554 3798
f 3798 3554 3610
f 3798 3610 3787
f 3787 3610 3612
f 3599 3790 3600
f 3600 3790 3799
f 3855 3856 3857
f 3857 3856 3858
f 3857 3859 3855
f 3855 3859 3860
f 3855 3860 3861
f 3861 3860 3862
f 3861 3862 3863
f 3863 3862 3864
f 3863 3864 3865
f 3865 3864 3866
f 3865 3866 3867
f 3867 3866 3868
f 3867 3868 3869
f 3869 3868 3870
f 3869 3870 3871
f 3871 3870 3872
f 3871 3872 3873
f 3873 3872 3874
f 3873 3874 3875
f 3875 3874 3876
f 3875 3876 3877
f 3877 3876 3878
f 3877 3878 3879
f 3879 3878 3880
f 3879 3880 3881
f 3881 3880 3882
f 3881 3882 3883
f 3883 3882 3884
f 3883 3884 3885
f 3885 3884 3886
f 3885 3886 3887
f 3887 3886 3888
f 3887 3888 3889
f 3889 3888 3890
f 3889 3890 3891
f 3891 3890 3892
f 3891 3892 3893
f 3893 3892 3894
f 3893 3894 3895
f 3895 3894 3896
f 3895 3896 3897
f 3897 3896 3898
f 3897 3898 3899
f 3899 3898 3900
f 3899 3900 3901
f 3901 3900 3902
f 3901 3902 3903
f 3903 3902 3904
f 3903 3904 3905
f 3905 3904 3906
f 3905 3906 3907
f 3907 3906 3908
f 3907 3908 3909
f 3909 3908 3910
f 3909 3910 3911
f 3911 3910 3912
f 3911 3912 3913
f 3913 3912 3914
f 3913 3914 3915
f 3915 3914 3916
f 3915 3916 3917
f 3917 3916 3918
f 3917 3918 3919
f 3919 3918 3920
f 3919 3920 3921
f 3921 3920 3858
f 3921 3858 3922
f 3922 3858 3856
f 3923 3924 3925
f 3925 3924 3926
f 3926 3924 3927
f 3926 3927 3928
f 3929 3930 3928
f 3928 3930 3931
f 3928 3931 3932
f 3932 3931 3933
f 3932 3933 3934
f 3934 3933 3935
f 3934 3935 3936
f 3937 3929 3938
f 3938 3929 3928
f 3938 3928 3939
f 3939 3928 3927
f 3935 3940 3936
f 3936 3940 3941
f 3936 3941 3942
f 3942 3941 3943
f 3942 3943 3944
f 3944 3943 3945
f 3944 3945 3946
f 3947 3948 3949
f 3950 3951 3949
f 3949 3951 3952
f 3949 3952 3953
f 3953 3952 3954
f 3953 3954 3955
f 3956 3957 3958
f 3958 3957 3959
f 3958 3959 3960
f 3960 3959 3961
f 3960 3961 3962
f 3962 3961 3963
f 3962 3963 3964
f 3963 3965 3964
f 3964 3965 3966
f 3964 3966 3967
f 3967 3966 3968
f 3967 3968 3969
f 3969 3968 3970
f 3969 3970 3971
f 3971 3970 3972
f 3971 3972 3973
f 3974 3975 3946
f 3946 3975 3976
f 3946 3976 3977
f 3977 3976 3978
f 3977 3978 3979
f 3978 3980 3979
f 3979 3980 3981
f 3979 3981 3982
f 3982 3981 3983
f 3982 3983 3984
f 3984 3983 3985
f 3984 3985 3986
f 3987 3958 3988
f 3988 3958 3989
f 3988 3989 3990
f 3990 3989 3991
f 3990 3991 3992
f 3992 3991 3955
f 3992 3955 3993
f 3993 3955 3954
f 3925 3994 3923
f 3923 3994 3995
f 3923 3995 3996
f 3996 3995 3997
f 3996 3997 3998
f 3998 3997 3971
f 3998 3971 3999
f 3999 3971 3973
f 3999 3973 4000
f 3985 4001 3986
f 3986 4001 4002
f 3986 4002 4003
f 4004 3956 4005
f 4005 3956 3958
f 4005 3958 4006
f 4006 3958 3987
f 4007 3974 4008
f 4008 3974 3946
f 4008 3946 4009
f 4009 3946 3945
f 3949 4010 3947
f 3947 4010 4011
f 3947 4011 4012
f 4012 4011 4013
f 4012 4013 4014
f 4014 4013 4015
f 4014 4015 4016
f 4016 4015 4017
f 4016 4017 4018
f 4018 4017 3986
f 4018 3986 4019
f 4019 3986 4003
f 4019 4003 4020
f 4021 3950 4022
f 4022 3950 3949
f 4022 3949 4023
f 4023 3949 3948
f 4024 4025 3902
f 4026 3888 4027
f 4027 3888 3886
f 4027 3886 4028
f 4028 3886 3884
f 4028 3884 4029
f 4029 3884 3882
f 4029 3882 4030
f 3878 4031 3880
f 3880 4031 4032
f 3880 4032 3882
f 3882 4032 4033
f 3882 4033 4030
f 4034 4035 3874
f 3874 4035 4036
f 3874 4036 3876
f 3876 4036 4037
f 3876 4037 3878
f 3878 4037 4038
f 3878 4038 4031
f 4034 3874 4039
f 4039 3874 3872
f 4039 3872 4040
f 4040 3872 3870
f 4040 3870 4041
f 4041 3870 3868
f 4041 3868 4042
f 4042 3868 3866
f 4042 3866 4043
f 4044 4045 3860
f 3860 4045 4046
f 3860 4046 3862
f 3862 4046 4047
f 3862 4047 3864
f 3864 4047 4048
f 3864 4048 3866
f 3866 4048 4049
f 3866 4049 4043
f 4044 3860 4050
f 4050 3860 3859
f 4050 3859 4051
f 4051 3859 3857
f 4051 3857 4052
f 4052 3857 3858
f 4052 3858 4053
f 4053 3858 3920
f 4053 3920 4054
f 4054 3920 3918
f 4054 3918 4055
f 4056 4057 3910
f 3910 4057 4058
f 3910 4058 3912
f 3912 4058 4059
f 3912 4059 3914
f 3914 4059 4060
f 3914 4060 3916
f 3916 4060 4061
f 3916 4061 3918
f 3918 4061 4062
f 3918 4062 4055
f 4056 3910 4063
f 4063 3910 3908
f 4063 3908 4064
f 4064 3908 3906
f 4064 3906 4065
f 4065 3906 3904
f 4065 3904 4066
f 3902 4025 3904
f 3904 4025 4067
f 3904 4067 4066
f 4024 3902 4068
f 4068 3902 3900
f 4068 3900 4069
f 4069 3900 3898
f 4069 3898 4070
f 4070 3898 3896
f 4070 3896 4071
f 4026 4072 3888
f 3888 4072 4073
f 3888 4073 3890
f 3890 4073 4074
f 3890 4074 3892
f 3892 4074 4075
f 3892 4075 3894
f 3894 4075 4076
f 3894 4076 3896
f 3896 4076 4077
f 3896 4077 4071
f 4072 4078 4079
f 4028 4080 4027
f 4027 4080 4078
f 4027 4078 4026
f 4026 4078 4072
f 4028 4029 4080
f 4080 4029 4030
f 4080 4030 4081
f 4030 4033 4081
f 4081 4033 4032
f 4081 4032 4082
f 4037 4083 4038
f 4038 4083 4082
f 4038 4082 4031
f 4031 4082 4032
f 4037 4036 4083
f 4083 4036 4035
f 4083 4035 4084
f 4035 4034 4084
f 4084 4034 4039
f 4084 4039 4085
f 4039 4040 4085
f 4085 4040 4041
f 4085 4041 4086
f 4041 4042 4086
f 4086 4042 4043
f 4086 4043 4087
f 4047 4088 4048
f 4048 4088 4087
f 4048 4087 4049
f 4049 4087 4043
f 4047 4046 4088
f 4088 4046 4045
f 4088 4045 4089
f 4045 4044 4089
f 4089 4044 4050
f 4089 4050 4090
f 4053 4091 4052
f 4052 4091 4090
f 4052 4090 4051
f 4051 4090 4050
f 4053 4054 4091
f 4091 4054 4055
f 4091 4055 4092
f 4055 4062 4092
f 4092 4062 4061
f 4092 4061 4093
f 4061 4060 4093
f 4093 4060 4059
f 4093 4059 4094
f 4059 4058 4094
f 4094 4058 4057
f 4094 4057 4095
f 4064 4096 4063
f 4063 4096 4095
f 4063 4095 4056
f 4056 4095 4057
f 4064 4065 4096
f 4096 4065 4066
f 4096 4066 4097
f 4066 4067 4097
f 4097 4067 4025
f 4097 4025 4098
f 4069 4099 4068
f 4068 4099 4098
f 4068 4098 4024
f 4024 4098 4025
f 4069 4070 4099
f 4099 4070 4071
f 4099 4071 4100
f 4071 4077 4100
f 4100 4077 4076
f 4100 4076 4101
f 4076 4075 4101
f 4101 4075 4074
f 4101 4074 4079
f 4079 4074 4073
f 4079 4073 4072
f 4079 4102 4101
f 4101 4102 4103
f 4101 4103 4100
f 4100 4103 4104
f 4100 4104 4099
f 4099 4104 4105
f 4099 4105 4098
f 4098 4105 4106
f 4098 4106 4097
f 4097 4106 4107
f 4097 4107 4096
f 4096 4107 4108
f 4096 4108 4095
f 4095 4108 4109
f 4095 4109 4094
f 4094 4109 4110
f 4094 4110 4093
f 4093 4110 4111
f 4093 4111 4092
f 4092 4111 4112
f 4092 4112 4091
f 4091 4112 4113
f 4091 4113 4090
f 4090 4113 4114
f 4090 4114 4089
f 4089 4114 4115
f 4089 4115 4088
f 4088 4115 4116
f 4088 4116 4087
f 4087 4116 4117
f 4087 4117 4086
f 4086 4117 4118
f 4086 4118 4085
f 4085 4118 4119
f 4085 4119 4084
f 4084 4119 4120
f 4084 4120 4083
f 4083 4120 4121
f 4083 4121 4082
f 4082 4121 4122
f 4082 4122 4081
f 4081 4122 4123
f 4081 4123 4080
f 4080 4123 4124
f 4080 4124 4078
f 4078 4124 4125
f 4078 4125 4079
f 4079 4125 4102
f 4103 4102 4126
f 4126 4102 4125
f 4126 4125 4124
f 4106 4105 4126
f 4126 4105 4104
f 4126 4104 4103
f 4109 4108 4126
f 4126 4108 4107
f 4126 4107 4106
f 4112 4111 4126
f 4126 4111 4110
f 4126 4110 4109
f 4115 4114 4126
f 4126 4114 4113
f 4126 4113 4112
f 4118 4117 4126
f 4126 4117 4116
f 4126 4116 4115
f 4121 4120 4126
f 4126 4120 4119
f 4126 4119 4118
f 4124 4123 4126
f 4126 4123 4122
f 4126 4122 4121
f 4127 4128 4129
f 4127 4129 4130
f 4130 4129 4131
f 4130 4131 4132
f 4128 4127 4133
f 4133 4127 4134
f 4135 4136 4137
f 4137 4136 4138
f 4137 4138 4139
f 4139 4138 4140
f 4139 4140 4141
f 4141 4140 4142
f 4141 4142 4143
f 4143 4142 4144
f 4143 4144 4134
f 4134 4144 4133
f 4136 4135 4145
f 4145 4135 4146
f 4147 4148 4149
f 4147 4149 4150
f 4150 4149 4145
f 4150 4145 4146
f 4148 4147 4151
f 4151 4147 4152
f 4153 4154 4155
f 4155 4154 4156
f 4154 4157 4156
f 4156 4157 4158
f 4156 4158 4159
f 4158 4160 4159
f 4159 4160 4161
f 4159 4161 4162
f 4151 4152 4163
f 4163 4152 4162
f 4163 4162 4164
f 4164 4162 4161
f 4153 4155 4165
f 4165 4155 4166
f 4167 4168 4169
f 4167 4169 4170
f 4170 4169 4165
f 4170 4165 4166
f 4168 4167 4171
f 4171 4167 4172
f 4173 4174 4175
f 4173 4175 4176
f 4175 4177 4176
f 4176 4177 4178
f 4176 4178 4179
f 4178 4180 4179
f 4179 4180 4181
f 4179 4181 4182
f 4171 4172 4183
f 4183 4172 4182
f 4183 4182 4184
f 4184 4182 4181
f 4174 4173 4185
f 4185 4173 4186
f 4187 4188 4189
f 4187 4189 4190
f 4190 4189 4185
f 4190 4185 4186
f 4188 4187 4191
f 4191 4187 4192
f 4193 4194 4195
f 4195 4194 4196
f 4195 4196 4197
f 4197 4196 4198
f 4197 4198 4199
f 4199 4198 4200
f 4199 4200 4201
f 4201 4200 4202
f 4201 4202 4192
f 4192 4202 4191
f 4194 4193 4203
f 4203 4193 4204
f 4205 4206 4207
f 4205 4207 4208
f 4208 4207 4209
f 4208 4209 4210
f 4210 4209 4203
f 4210 4203 4204
f 4206 4205 4211
f 4211 4205 4212
f 4213 4214 4215
f 4213 4215 4216
f 4215 4217 4216
f 4216 4217 4218
f 4216 4218 4219
f 4218 4220 4219
f 4219 4220 4221
f 4219 4221 4222
f 4211 4212 4223
f 4223 4212 4222
f 4223 4222 4224
f 4224 4222 4221
f 4214 4213 4225
f 4225 4213 4226
f 4227 4228 4229
f 4227 4229 4230
f 4230 4229 4225
f 4230 4225 4226
f 4228 4227 4231
f 4231 4227 4232
f 4233 4234 4235
f 4233 4235 4236
f 4235 4237 4236
f 4236 4237 4238
f 4236 4238 4239
f 4238 4240 4239
f 4239 4240 4241
f 4239 4241 4242
f 4231 4232 4243
f 4243 4232 4242
f 4243 4242 4244
f 4244 4242 4241
f 4234 4233 4131
f 4131 4233 4132
f 4150 4170 4166
f 4230 4190 4227
f 4227 4190 4130
f 4205 4208 4226
f 4190 4186 4167
f 4167 4186 4173
f 4167 4173 4172
f 4205 4226 4212
f 4155 4152 4166
f 4166 4152 4147
f 4166 4147 4150
f 4137 4139 4135
f 4135 4139 4141
f 4167 4170 4190
f 4190 4170 4150
f 4190 4150 4130
f 4130 4150 4146
f 4130 4146 4127
f 4127 4146 4135
f 4127 4135 4134
f 4134 4135 4141
f 4134 4141 4143
f 4239 4242 4236
f 4236 4242 4232
f 4236 4232 4233
f 4233 4232 4227
f 4233 4227 4132
f 4132 4227 4130
f 4176 4179 4173
f 4173 4179 4182
f 4173 4182 4172
f 4155 4156 4152
f 4152 4156 4159
f 4152 4159 4162
f 4219 4222 4216
f 4216 4222 4212
f 4216 4212 4213
f 4213 4212 4226
f 4197 4199 4195
f 4195 4199 4201
f 4195 4201 4193
f 4193 4201 4192
f 4193 4192 4204
f 4204 4192 4187
f 4204 4187 4210
f 4210 4187 4190
f 4210 4190 4208
f 4208 4190 4230
f 4208 4230 4226
f 3856 3997 3922
f 3922 3997 3995
f 3922 3995 3921
f 3921 3995 3994
f 3921 3994 3919
f 3919 3994 3925
f 3919 3925 3917
f 3917 3925 3926
f 3917 3926 3915
f 3915 3926 3928
f 3915 3928 3913
f 3913 3928 3932
f 3913 3932 3911
f 3911 3932 3934
f 3911 3934 3909
f 3909 3934 3936
f 3909 3936 3907
f 3907 3936 3942
f 3907 3942 3905
f 3905 3942 3944
f 3905 3944 3903
f 3903 3944 3946
f 3903 3946 3901
f 3901 3946 3977
f 3901 3977 3899
f 3899 3977 3979
f 3899 3979 3897
f 3897 3979 3982
f 3897 3982 3895
f 3895 3982 3984
f 3895 3984 3893
f 3893 3984 3986
f 3893 3986 3891
f 3891 3986 4017
f 3891 4017 3889
f 3889 4017 4015
f 3889 4015 3887
f 3887 4015 4013
f 3887 4013 3885
f 3885 4013 4011
f 3885 4011 3883
f 3883 4011 4010
f 3883 4010 3881
f 3881 4010 3949
f 3881 3949 3879
f 3879 3949 3953
f 3879 3953 3877
f 3877 3953 3955
f 3877 3955 3875
f 3875 3955 3991
f 3875 3991 3873
f 3873 3991 3989
f 3873 3989 3871
f 3871 3989 3958
f 3871 3958 3869
f 3869 3958 3960
f 3869 3960 3867
f 3867 3960 3962
f 3867 3962 3865
f 3865 3962 3964
f 3865 3964 3863
f 3863 3964 3967
f 3863 3967 3861
f 3861 3967 3969
f 3861 3969 3855
f 3855 3969 3971
f 3855 3971 3856
f 3856 3971 3997
f 3972 4234 3973
f 3973 4234 4131
f 4234 3972 4235
f 4235 3972 3970
f 4235 3970 4237
f 4237 3970 3968
f 4237 3968 4238
f 4238 3968 3966
f 4238 3966 4240
f 4240 3966 3965
f 4240 3965 4241
f 4241 3965 3963
f 4241 3963 4244
f 4244 3963 3961
f 4244 3961 4243
f 4243 3961 3959
f 4243 3959 4231
f 4231 3959 3957
f 3973 4131 4129
f 3973 4129 4000
f 4000 4129 4128
f 4000 4128 3999
f 3956 4228 3957
f 3957 4228 4231
f 4133 3998 4128
f 4128 3998 3999
f 4005 4225 4229
f 4005 4229 4004
f 4004 4229 4228
f 4004 4228 3956
f 4136 3939 4138
f 4138 3939 3927
f 4138 3927 4140
f 4140 3927 3924
f 4140 3924 4142
f 4142 3924 3923
f 4142 3923 4144
f 4144 3923 3996
f 4144 3996 4133
f 4133 3996 3998
f 4006 4214 4005
f 4005 4214 4225
f 4145 3938 4136
f 4136 3938 3939
f 4214 4006 4215
f 4215 4006 3987
f 4215 3987 4217
f 4217 3987 3988
f 4217 3988 4218
f 4218 3988 3990
f 4218 3990 4220
f 4220 3990 3992
f 4220 3992 4221
f 4221 3992 3993
f 4221 3993 4224
f 4224 3993 3954
f 4224 3954 4223
f 4223 3954 3952
f 4223 3952 4211
f 4211 3952 3951
f 3938 4145 4149
f 3938 4149 3937
f 3937 4149 4148
f 3937 4148 3929
f 3950 4206 3951
f 3951 4206 4211
f 4151 3930 4148
f 4148 3930 3929
f 4023 4203 4209
f 4023 4209 4022
f 4022 4209 4207
f 4022 4207 4021
f 4021 4207 4206
f 4021 4206 3950
f 4153 4009 4154
f 4154 4009 3945
f 4154 3945 4157
f 4157 3945 3943
f 4157 3943 4158
f 4158 3943 3941
f 4158 3941 4160
f 4160 3941 3940
f 4160 3940 4161
f 4161 3940 3935
f 4161 3935 4164
f 4164 3935 3933
f 4164 3933 4163
f 4163 3933 3931
f 4163 3931 4151
f 4151 3931 3930
f 3948 4194 4023
f 4023 4194 4203
f 4165 4008 4153
f 4153 4008 4009
f 4194 3948 4196
f 4196 3948 3947
f 4196 3947 4198
f 4198 3947 4012
f 4198 4012 4200
f 4200 4012 4014
f 4200 4014 4202
f 4202 4014 4016
f 4202 4016 4191
f 4191 4016 4018
f 4008 4165 4169
f 4008 4169 4007
f 4007 4169 4168
f 4007 4168 3974
f 4019 4188 4018
f 4018 4188 4191
f 4171 3975 4168
f 4168 3975 3974
f 4003 4185 4189
f 4003 4189 4020
f 4020 4189 4188
f 4020 4188 4019
f 4174 4002 4175
f 4175 4002 4001
f 4175 4001 4177
f 4177 4001 3985
f 4177 3985 4178
f 4178 3985 3983
f 4178 3983 4180
f 4180 3983 3981
f 4180 3981 4181
f 4181 3981 3980
f 4181 3980 4184
f 4184 3980 3978
f 4184 3978 4183
f 4183 3978 3976
f 4183 3976 4171
f 4171 3976 3975
f 4002 4174 4003
f 4003 4174 4185
f 4245 4246 4247
f 4247 4246 4248
f 4246 4249 4248
f 4248 4249 4250
f 4248 4250 4251
f 4251 4250 4252
f 4251 4252 4253
f 4253 4252 4254
f 4253 4254 4255
f 4255 4254 4256
f 4255 4256 4257
f 4257 4256 4258
f 4257 4258 4259
f 4259 4258 4260
f 4259 4260 4261
f 4261 4260 4262
f 4261 4262 4263
f 4263 4262 4264
f 4263 4264 4265
f 4265 4264 4266
f 4265 4266 4267
f 4267 4266 4268
f 4267 4268 4269
f 4269 4268 4270
f 4269 4270 4271
f 4271 4270 4272
f 4271 4272 4273
f 4273 4272 4274
f 4273 4274 4275
f 4275 4274 4276
f 4275 4276 4277
f 4277 4276 4278
f 4277 4278 4279
f 4279 4278 4280
f 4279 4280 4281
f 4281 4280 4282
f 4281 4282 4283
f 4283 4282 4284
f 4283 4284 4285
f 4285 4284 4286
f 4285 4286 4287
f 4287 4286 4288
f 4287 4288 4289
f 4289 4288 4290
f 4289 4290 4291
f 4291 4290 4292
f 4291 4292 4293
f 4293 4292 4294
f 4293 4294 4295
f 4295 4294 4296
f 4295 4296 4297
f 4297 4296 4298
f 4297 4298 4299
f 4299 4298 4300
f 4299 4300 4301
f 4301 4300 4302
f 4301 4302 4303
f 4303 4302 4304
f 4303 4304 4305
f 4305 4304 4306
f 4305 4306 4307
f 4307 4306 4308
f 4307 4308 4309
f 4309 4308 4310
f 4309 4310 4311
f 4311 4310 4245
f 4311 4245 4312
f 4312 4245 4247
f 4313 4314 4315
f 4316 4317 4318
f 4319 4320 4321
f 4322 4323 4324
f 4324 4323 4325
f 4325 4323 4326
f 4325 4326 4315
f 4315 4326 4327
f 4315 4327 4328
f 4315 4314 4329
f 4329 4314 4330
f 4329 4330 4331
f 4331 4330 4332
f 4331 4332 4333
f 4321 4320 4334
f 4334 4320 4335
f 4334 4335 4336
f 4336 4335 4337
f 4336 4337 4338
f 4339 4340 4341
f 4318 4317 4342
f 4342 4317 4343
f 4342 4343 4344
f 4344 4343 4345
f 4344 4345 4346
f 4324 4347 4322
f 4322 4347 4348
f 4322 4348 4349
f 4349 4348 4350
f 4349 4350 4351
f 4351 4350 4339
f 4351 4339 4352
f 4352 4339 4341
f 4352 4341 4353
f 4328 4354 4315
f 4315 4354 4355
f 4315 4355 4313
f 4332 4356 4333
f 4333 4356 4357
f 4333 4357 4358
f 4358 4357 4359
f 4358 4359 4360
f 4360 4359 4361
f 4360 4361 4362
f 4363 4364 4365
f 4365 4364 4366
f 4365 4366 4367
f 4367 4366 4368
f 4367 4368 4345
f 4368 4369 4345
f 4345 4369 4370
f 4345 4370 4371
f 4338 4337 4372
f 4372 4337 4373
f 4372 4373 4374
f 4374 4373 4375
f 4374 4375 4376
f 4321 4377 4319
f 4319 4377 4378
f 4319 4378 4379
f 4371 4380 4345
f 4345 4380 4381
f 4345 4381 4346
f 4318 4382 4316
f 4316 4382 4383
f 4316 4383 4384
f 4384 4383 4385
f 4384 4385 4386
f 4386 4385 4387
f 4386 4387 4375
f 4375 4387 4388
f 4375 4388 4389
f 4340 4339 4390
f 4390 4339 4391
f 4390 4391 4392
f 4392 4391 4393
f 4392 4393 4394
f 4394 4393 4395
f 4394 4395 4396
f 4396 4395 4397
f 4396 4397 4398
f 4398 4397 4319
f 4398 4319 4399
f 4399 4319 4379
f 4399 4379 4400
f 4361 4401 4362
f 4362 4401 4402
f 4362 4402 4403
f 4403 4404 4362
f 4362 4404 4405
f 4362 4405 4406
f 4406 4405 4407
f 4406 4407 4408
f 4408 4407 4409
f 4408 4409 4363
f 4363 4409 4410
f 4363 4410 4364
f 4389 4411 4375
f 4375 4411 4412
f 4375 4412 4376
f 4413 4414 4292
f 4415 4278 4416
f 4416 4278 4276
f 4416 4276 4417
f 4417 4276 4274
f 4417 4274 4418
f 4418 4274 4272
f 4418 4272 4419
f 4270 4420 4272
f 4272 4420 4421
f 4272 4421 4419
f 4422 4423 4264
f 4264 4423 4424
f 4264 4424 4266
f 4266 4424 4425
f 4266 4425 4268
f 4268 4425 4426
f 4268 4426 4270
f 4270 4426 4427
f 4270 4427 4420
f 4422 4264 4428
f 4428 4264 4262
f 4428 4262 4429
f 4429 4262 4260
f 4429 4260 4430
f 4430 4260 4258
f 4430 4258 4431
f 4431 4258 4256
f 4431 4256 4432
f 4433 4434 4250
f 4250 4434 4435
f 4250 4435 4252
f 4252 4435 4436
f 4252 4436 4254
f 4254 4436 4437
f 4254 4437 4256
f 4256 4437 4438
f 4256 4438 4432
f 4433 4250 4439
f 4439 4250 4249
f 4439 4249 4440
f 4440 4249 4246
f 4440 4246 4441
f 4441 4246 4245
f 4441 4245 4442
f 4442 4245 4310
f 4442 4310 4443
f 4443 4310 4308
f 4443 4308 4444
f 4445 4446 4300
f 4300 4446 4447
f 4300 4447 4302
f 4302 4447 4448
f 4302 4448 4304
f 4304 4448 4449
f 4304 4449 4306
f 4306 4449 4450
f 4306 4450 4308
f 4308 4450 4451
f 4308 4451 4444
f 4445 4300 4452
f 4452 4300 4298
f 4452 4298 4453
f 4453 4298 4296
f 4453 4296 4454
f 4454 4296 4294
f 4454 4294 4455
f 4292 4414 4294
f 4294 4414 4456
f 4294 4456 4455
f 4413 4292 4457
f 4457 4292 4290
f 4457 4290 4458
f 4458 4290 4288
f 4458 4288 4459
f 4459 4288 4286
f 4459 4286 4460
f 4415 4461 4278
f 4278 4461 4462
f 4278 4462 4280
f 4280 4462 4463
f 4280 4463 4282
f 4282 4463 4464
f 4282 4464 4284
f 4284 4464 4465
f 4284 4465 4286
f 4286 4465 4466
f 4286 4466 4460
f 4461 4467 4468
f 4417 4469 4416
f 4416 4469 4467
f 4416 4467 4415
f 4415 4467 4461
f 4417 4418 4469
f 4469 4418 4419
f 4469 4419 4470
f 4419 4421 4470
f 4470 4421 4420
f 4470 4420 4471
f 4425 4472 4426
f 4426 4472 4471
f 4426 4471 4427
f 4427 4471 4420
f 4425 4424 4472
f 4472 4424 4423
f 4472 4423 4473
f 4423 4422 4473
f 4473 4422 4428
f 4473 4428 4474
f 4428 4429 4474
f 4474 4429 4430
f 4474 4430 4475
f 4430 4431 4475
f 4475 4431 4432
f 4475 4432 4476
f 4436 4477 4437
f 4437 4477 4476
f 4437 4476 4438
f 4438 4476 4432
f 4436 4435 4477
f 4477 4435 4434
f 4477 4434 4478
f 4434 4433 4478
f 4478 4433 4439
f 4478 4439 4479
f 4442 4480 4441
f 4441 4480 4479
f 4441 4479 4440
f 4440 4479 4439
f 4442 4443 4480
f 4480 4443 4444
f 4480 4444 4481
f 4444 4451 4481
f 4481 4451 4450
f 4481 4450 4482
f 4450 4449 4482
f 4482 4449 4448
f 4482 4448 4483
f 4448 4447 4483
f 4483 4447 4446
f 4483 4446 4484
f 4453 4485 4452
f 4452 4485 4484
f 4452 4484 4445
f 4445 4484 4446
f 4453 4454 4485
f 4485 4454 4455
f 4485 4455 4486
f 4455 4456 4486
f 4486 4456 4414
f 4486 4414 4487
f 4458 4488 4457
f 4457 4488 4487
f 4457 4487 4413
f 4413 4487 4414
f 4458 4459 4488
f 4488 4459 4460
f 4488 4460 4489
f 4460 4466 4489
f 4489 4466 4465
f 4489 4465 4490
f 4465 4464 4490
f 4490 4464 4463
f 4490 4463 4468
f 4468 4463 4462
f 4468 4462 4461
f 4468 4491 4490
f 4490 4491 4492
f 4490 4492 4489
f 4489 4492 4493
f 4489 4493 4488
f 4488 4493 4494
f 4488 4494 4487
f 4487 4494 4495
f 4487 4495 4486
f 4486 4495 4496
f 4486 4496 4485
f 4485 4496 4497
f 4485 4497 4484
f 4484 4497 4498
f 4484 4498 4483
f 4483 4498 4499
f 4483 4499 4482
f 4482 4499 4500
f 4482 4500 4481
f 4481 4500 4501
f 4481 4501 4480
f 4480 4501 4502
f 4480 4502 4479
f 4479 4502 4503
f 4479 4503 4478
f 4478 4503 4504
f 4478 4504 4477
f 4477 4504 4505
f 4477 4505 4476
f 4476 4505 4506
f 4476 4506 4475
f 4475 4506 4507
f 4475 4507 4474
f 4474 4507 4508
f 4474 4508 4473
f 4473 4508 4509
f 4473 4509 4472
f 4472 4509 4510
f 4472 4510 4471
f 4471 4510 4511
f 4471 4511 4470
f 4470 4511 4512
f 4470 4512 4469
f 4469 4512 4513
f 4469 4513 4467
f 4467 4513 4514
f 4467 4514 4468
f 4468 4514 4491
f 4492 4491 4515
f 4515 4491 4514
f 4515 4514 4513
f 4495 4494 4515
f 4515 4494 4493
f 4515 4493 4492
f 4498 4497 4515
f 4515 4497 4496
f 4515 4496 4495
f 4501 4500 4515
f 4515 4500 4499
f 4515 4499 4498
f 4504 4503 4515
f 4515 4503 4502
f 4515 4502 4501
f 4507 4506 4515
f 4515 4506 4505
f 4515 4505 4504
f 4510 4509 4515
f 4515 4509 4508
f 4515 4508 4507
f 4513 4512 4515
f 4515 4512 4511
f 4515 4511 4510
f 4516 4517 4518
f 4516 4518 4519
f 4519 4518 4520
f 4519 4520 4521
f 4517 4516 4522
f 4522 4516 4523
f 4524 4525 4526
f 4526 4525 4527
f 4525 4528 4527
f 4527 4528 4529
f 4527 4529 4530
f 4529 4531 4530
f 4530 4531 4532
f 4530 4532 4533
f 4522 4523 4534
f 4534 4523 4533
f 4534 4533 4535
f 4535 4533 4532
f 4524 4526 4536
f 4536 4526 4537
f 4538 4539 4540
f 4538 4540 4541
f 4541 4540 4536
f 4541 4536 4537
f 4539 4538 4542
f 4542 4538 4543
f 4544 4545 4546
f 4544 4546 4547
f 4546 4548 4547
f 4547 4548 4549
f 4547 4549 4550
f 4549 4551 4550
f 4550 4551 4552
f 4550 4552 4553
f 4542 4543 4554
f 4554 4543 4553
f 4554 4553 4555
f 4555 4553 4552
f 4545 4544 4556
f 4556 4544 4557
f 4558 4559 4560
f 4558 4560 4561
f 4561 4560 4556
f 4561 4556 4557
f 4559 4558 4562
f 4562 4558 4563
f 4564 4565 4566
f 4564 4566 4567
f 4566 4568 4567
f 4567 4568 4569
f 4567 4569 4570
f 4569 4571 4570
f 4570 4571 4572
f 4570 4572 4573
f 4562 4563 4574
f 4574 4563 4573
f 4574 4573 4575
f 4575 4573 4572
f 4565 4564 4576
f 4576 4564 4577
f 4578 4579 4580
f 4578 4580 4581
f 4581 4580 4576
f 4581 4576 4577
f 4579 4578 4582
f 4582 4578 4583
f 4584 4585 4586
f 4586 4585 4587
f 4586 4587 4588
f 4588 4587 4589
f 4588 4589 4590
f 4590 4589 4591
f 4590 4591 4592
f 4592 4591 4593
f 4592 4593 4583
f 4583 4593 4582
f 4585 4584 4594
f 4594 4584 4595
f 4596 4597 4598
f 4596 4598 4599
f 4599 4598 4594
f 4599 4594 4595
f 4597 4596 4600
f 4600 4596 4601
f 4602 4603 4604
f 4604 4603 4605
f 4604 4605 4606
f 4606 4605 4607
f 4606 4607 4608
f 4608 4607 4609
f 4608 4609 4610
f 4610 4609 4611
f 4610 4611 4601
f 4601 4611 4600
f 4603 4602 4612
f 4612 4602 4613
f 4614 4615 4616
f 4614 4616 4617
f 4617 4616 4612
f 4617 4612 4613
f 4615 4614 4618
f 4618 4614 4619
f 4620 4621 4622
f 4622 4621 4623
f 4621 4624 4623
f 4623 4624 4625
f 4623 4625 4626
f 4625 4627 4626
f 4626 4627 4628
f 4626 4628 4629
f 4618 4619 4630
f 4630 4619 4629
f 4630 4629 4631
f 4631 4629 4628
f 4620 4622 4520
f 4520 4622 4521
f 4516 4519 4561
f 4561 4519 4558
f 4614 4617 4519
f 4563 4558 4577
f 4599 4595 4581
f 4523 4516 4526
f 4577 4558 4581
f 4581 4558 4519
f 4581 4519 4599
f 4599 4519 4617
f 4599 4617 4613
f 4590 4592 4583
f 4602 4601 4613
f 4613 4601 4596
f 4613 4596 4599
f 4584 4586 4588
f 4622 4623 4626
f 4588 4590 4584
f 4584 4590 4583
f 4584 4583 4595
f 4595 4583 4578
f 4595 4578 4581
f 4570 4573 4567
f 4567 4573 4563
f 4567 4563 4564
f 4564 4563 4577
f 4544 4547 4550
f 4519 4521 4614
f 4614 4521 4622
f 4614 4622 4619
f 4619 4622 4626
f 4619 4626 4629
f 4550 4553 4544
f 4544 4553 4543
f 4544 4543 4557
f 4557 4543 4538
f 4557 4538 4561
f 4561 4538 4541
f 4561 4541 4516
f 4516 4541 4537
f 4516 4537 4526
f 4527 4530 4526
f 4526 4530 4533
f 4526 4533 4523
f 4608 4610 4606
f 4606 4610 4601
f 4606 4601 4604
f 4604 4601 4602
f 4247 4406 4312
f 4312 4406 4408
f 4312 4408 4311
f 4311 4408 4363
f 4311 4363 4309
f 4309 4363 4365
f 4309 4365 4307
f 4307 4365 4367
f 4307 4367 4305
f 4305 4367 4345
f 4305 4345 4303
f 4303 4345 4343
f 4303 4343 4301
f 4301 4343 4317
f 4301 4317 4299
f 4299 4317 4316
f 4299 4316 4297
f 4297 4316 4384
f 4297 4384 4295
f 4295 4384 4386
f 4295 4386 4293
f 4293 4386 4375
f 4293 4375 4291
f 4291 4375 4373
f 4291 4373 4289
f 4289 4373 4337
f 4289 4337 4287
f 4287 4337 4335
f 4287 4335 4285
f 4285 4335 4320
f 4285 4320 4283
f 4283 4320 4319
f 4283 4319 4281
f 4281 4319 4397
f 4281 4397 4279
f 4279 4397 4395
f 4279 4395 4277
f 4277 4395 4393
f 4277 4393 4275
f 4275 4393 4391
f 4275 4391 4273
f 4273 4391 4339
f 4273 4339 4271
f 4271 4339 4350
f 4271 4350 4269
f 4269 4350 4348
f 4269 4348 4267
f 4267 4348 4347
f 4267 4347 4265
f 4265 4347 4324
f 4265 4324 4263
f 4263 4324 4325
f 4263 4325 4261
f 4261 4325 4315
f 4261 4315 4259
f 4259 4315 4329
f 4259 4329 4257
f 4257 4329 4331
f 4257 4331 4255
f 4255 4331 4333
f 4255 4333 4253
f 4253 4333 4358
f 4253 4358 4251
f 4251 4358 4360
f 4251 4360 4248
f 4248 4360 4362
f 4248 4362 4247
f 4247 4362 4406
f 4401 4620 4402
f 4402 4620 4520
f 4620 4401 4621
f 4621 4401 4361
f 4621 4361 4624
f 4624 4361 4359
f 4624 4359 4625
f 4625 4359 4357
f 4625 4357 4627
f 4627 4357 4356
f 4627 4356 4628
f 4628 4356 4332
f 4628 4332 4631
f 4631 4332 4330
f 4631 4330 4630
f 4630 4330 4314
f 4630 4314 4618
f 4618 4314 4313
f 4402 4520 4518
f 4402 4518 4403
f 4403 4518 4517
f 4403 4517 4404
f 4355 4615 4313
f 4313 4615 4618
f 4522 4405 4517
f 4517 4405 4404
f 4328 4612 4616
f 4328 4616 4354
f 4354 4616 4615
f 4354 4615 4355
f 4524 4370 4525
f 4525 4370 4369
f 4525 4369 4528
f 4528 4369 4368
f 4528 4368 4529
f 4529 4368 4366
f 4529 4366 4531
f 4531 4366 4364
f 4531 4364 4532
f 4532 4364 4410
f 4532 4410 4535
f 4535 4410 4409
f 4535 4409 4534
f 4534 4409 4407
f 4534 4407 4522
f 4522 4407 4405
f 4327 4603 4328
f 4328 4603 4612
f 4536 4371 4524
f 4524 4371 4370
f 4603 4327 4605
f 4605 4327 4326
f 4605 4326 4607
f 4607 4326 4323
f 4607 4323 4609
f 4609 4323 4322
f 4609 4322 4611
f 4611 4322 4349
f 4611 4349 4600
f 4600 4349 4351
f 4371 4536 4540
f 4371 4540 4380
f 4380 4540 4539
f 4380 4539 4381
f 4352 4597 4351
f 4351 4597 4600
f 4542 4346 4539
f 4539 4346 4381
f 4341 4594 4598
f 4341 4598 4353
f 4353 4598 4597
f 4353 4597 4352
f 4545 4388 4546
f 4546 4388 4387
f 4546 4387 4548
f 4548 4387 4385
f 4548 4385 4549
f 4549 4385 4383
f 4549 4383 4551
f 4551 4383 4382
f 4551 4382 4552
f 4552 4382 4318
f 4552 4318 4555
f 4555 4318 4342
f 4555 4342 4554
f 4554 4342 4344
f 4554 4344 4542
f 4542 4344 4346
f 4340 4585 4341
f 4341 4585 4594
f 4556 4389 4545
f 4545 4389 4388
f 4585 4340 4587
f 4587 4340 4390
f 4587 4390 4589
f 4589 4390 4392
f 4589 4392 4591
f 4591 4392 4394
f 4591 4394 4593
f 4593 4394 4396
f 4593 4396 4582
f 4582 4396 4398
f 4389 4556 4560
f 4389 4560 4411
f 4411 4560 4559
f 4411 4559 4412
f 4399 4579 4398
f 4398 4579 4582
f 4562 4376 4559
f 4559 4376 4412
f 4379 4576 4580
f 4379 4580 4400
f 4400 4580 4579
f 4400 4579 4399
f 4565 4378 4566
f 4566 4378 4377
f 4566 4377 4568
f 4568 4377 4321
f 4568 4321 4569
f 4569 4321 4334
f 4569 4334 4571
f 4571 4334 4336
f 4571 4336 4572
f 4572 4336 4338
f 4572 4338 4575
f 4575 4338 4372
f 4575 4372 4574
f 4574 4372 4374
f 4574 4374 4562
f 4562 4374 4376
f 4378 4565 4379
f 4379 4565 4576
f 4632 4633 4634
f 4632 4634 4635
f 4635 4634 4636
f 4635 4636 4637
f 4637 4636 4638
f 4637 4638 4639
f 4639 4638 4640
f 4639 4640 4641
f 4641 4640 4642
f 4641 4642 4643
f 4644 4645 4646
f 4646 4645 4647
f 4646 4647 4648
f 4648 4647 4649
f 4648 4649 4650
f 4650 4649 4651
f 4650 4651 4652
f 4652 4651 4653
f 4652 4653 4654
f 4654 4653 4655
f 4654 4655 4656
f 4656 4655 4657
f 4656 4657 4658
f 4658 4657 4659
f 4658 4659 4660
f 4660 4659 4661
f 4660 4661 4662
f 4662 4661 4663
f 4662 4663 4664
f 4664 4663 4665
f 4664 4665 4666
f 4666 4665 4667
f 4666 4667 4668
f 4668 4667 4669
f 4668 4669 4670
f 4670 4669 4671
f 4670 4671 4644
f 4644 4671 4645
f 4672 4673 4674
f 4674 4673 4675
f 4674 4675 4676
f 4676 4675 4677
f 4676 4677 4678
f 4672 4679 4673
f 4673 4679 4680
f 4673 4680 4681
f 4680 4682 4681
f 4681 4682 4683
f 4681 4683 4684
f 4683 4685 4684
f 4684 4685 4686
f 4684 4686 4687
f 4686 4688 4687
f 4687 4688 4689
f 4687 4689 4690
f 4690 4689 4691
f 4690 4691 4692
f 4692 4691 4693
f 4692 4693 4694
f 4693 4695 4694
f 4694 4695 4696
f 4694 4696 4697
f 4697 4696 4698
f 4697 4698 4699
f 4698 4700 4699
f 4699 4700 4701
f 4699 4701 4702
f 4702 4701 4703
f 4703 4704 4702
f 4702 4704 4705
f 4702 4705 4706
f 4705 4707 4706
f 4706 4707 4708
f 4706 4708 4709
f 4709 4708 4710
f 4709 4710 4677
f 4677 4710 4711
f 4677 4711 4678
f 4712 4713 4714
f 4712 4714 4715
f 4715 4714 4716
f 4715 4716 4717
f 4717 4716 4718
f 4717 4718 4719
f 4719 4718 4720
f 4719 4720 4721
f 4721 4720 4722
f 4721 4722 4723
f 4723 4722 4724
f 4723 4724 4725
f 4725 4724 4726
f 4725 4726 4727
f 4727 4726 4728
f 4727 4728 4729
f 4730 4731 4732
f 4730 4732 4733
f 4733 4732 4734
f 4733 4734 4735
f 4735 4734 4736
f 4735 4736 4737
f 4737 4736 4738
f 4737 4738 4739
f 4739 4738 4740
f 4739 4740 4741
f 4741 4740 4742
f 4741 4742 4743
f 4743 4742 4744
f 4743 4744 4745
f 4745 4744 4746
f 4745 4746 4747
f 4748 4749 4750
f 4750 4749 4751
f 4750 4751 4752
f 4753 4754 4755
f 4756 4755 4757
f 4757 4755 4754
f 4757 4754 4758
f 4759 4760 4761
f 4762 4763 4764
f 4765 4766 4755
f 4755 4766 4767
f 4755 4767 4753
f 4768 4769 4770
f 4770 4769 4771
f 4770 4771 4772
f 4772 4771 4773
f 4774 4775 4776
f 4776 4777 4774
f 4774 4777 4778
f 4774 4778 4779
f 4771 4780 4773
f 4773 4780 4774
f 4773 4774 4781
f 4781 4774 4779
f 4782 4783 4784
f 4784 4783 4785
f 4786 4787 4788
f 4789 4790 4791
f 4786 4792 4793
f 4793 4792 4794
f 4794 4795 4793
f 4793 4795 4796
f 4793 4796 4797
f 4761 4798 4759
f 4759 4798 4799
f 4759 4799 4800
f 4800 4799 4801
f 4800 4801 4802
f 4802 4801 4803
f 4804 4805 4806
f 4806 4805 4807
f 4806 4807 4808
f 4764 4763 4809
f 4809 4763 4810
f 4809 4810 4759
f 4811 4812 4806
f 4791 4813 4789
f 4789 4813 4814
f 4789 4814 4793
f 4793 4814 4815
f 4785 4816 4784
f 4784 4816 4817
f 4784 4817 4790
f 4790 4817 4818
f 4790 4818 4791
f 4819 4820 4821
f 4821 4820 4822
f 4804 4806 4823
f 4823 4806 4824
f 4823 4824 4825
f 4824 4826 4825
f 4825 4826 4827
f 4825 4827 4828
f 4828 4827 4762
f 4828 4762 4829
f 4829 4762 4764
f 4815 4830 4793
f 4793 4830 4831
f 4793 4831 4832
f 4832 4833 4793
f 4793 4833 4834
f 4793 4834 4786
f 4786 4834 4835
f 4786 4835 4787
f 4797 4796 4836
f 4836 4796 4837
f 4836 4837 4838
f 4838 4837 4839
f 4838 4839 4840
f 4840 4839 4841
f 4840 4841 4842
f 4842 4841 4843
f 4842 4843 4844
f 4844 4843 4845
f 4844 4845 4846
f 4846 4845 4821
f 4846 4821 4847
f 4847 4821 4822
f 4847 4822 4784
f 4784 4822 4848
f 4784 4848 4782
f 4810 4849 4759
f 4759 4849 4850
f 4759 4850 4760
f 4760 4850 4851
f 4760 4851 4852
f 4852 4851 4853
f 4821 4854 4855
f 4819 4821 4856
f 4856 4821 4855
f 4856 4855 4857
f 4858 4859 4860
f 4860 4859 4861
f 4862 4757 4863
f 4863 4757 4758
f 4863 4758 4864
f 4864 4758 4865
f 4864 4865 4866
f 4866 4865 4867
f 4866 4867 4808
f 4812 4868 4806
f 4806 4868 4869
f 4806 4869 4858
f 4858 4869 4870
f 4858 4870 4859
f 4774 4871 4775
f 4775 4871 4872
f 4775 4872 4873
f 4861 4874 4860
f 4860 4874 4856
f 4860 4856 4851
f 4851 4856 4857
f 4851 4857 4853
f 4788 4875 4786
f 4786 4875 4775
f 4786 4775 4876
f 4876 4775 4873
f 4877 4878 4879
f 4879 4878 4880
f 4879 4880 4821
f 4821 4880 4881
f 4821 4881 4854
f 4867 4882 4808
f 4808 4882 4883
f 4808 4883 4884
f 4884 4885 4808
f 4808 4885 4886
f 4808 4886 4887
f 4887 4888 4808
f 4808 4888 4889
f 4808 4889 4806
f 4806 4889 4890
f 4806 4890 4811
f 4891 4892 4893
f 4894 4895 4896
f 4896 4895 4897
f 4896 4897 4898
f 4898 4897 4899
f 4900 4901 4902
f 4891 4893 4897
f 4897 4893 4903
f 4897 4903 4899
f 4904 4905 4752
f 4752 4751 4906
f 4901 4907 4902
f 4902 4907 4908
f 4902 4908 4909
f 4909 4910 4902
f 4902 4910 4911
f 4902 4911 4912
f 4913 4914 4902
f 4915 4916 4917
f 4917 4916 4918
f 4919 4920 4916
f 4913 4902 4921
f 4921 4902 4922
f 4921 4922 4923
f 4924 4925 4926
f 4927 4928 4897
f 4897 4928 4929
f 4897 4929 4930
f 4930 4929 4931
f 4930 4931 4932
f 4923 4922 4933
f 4933 4922 4934
f 4933 4934 4935
f 4935 4934 4936
f 4935 4936 4937
f 4938 4918 4939
f 4939 4918 4916
f 4939 4916 4940
f 4940 4916 4941
f 4942 4943 4916
f 4916 4943 4944
f 4916 4944 4919
f 4945 4946 4947
f 4947 4946 4924
f 4947 4924 4948
f 4948 4924 4926
f 4937 4936 4949
f 4949 4936 4950
f 4949 4950 4951
f 4952 4953 4752
f 4931 4954 4932
f 4932 4954 4955
f 4932 4955 4956
f 4956 4955 4957
f 4956 4957 4958
f 4958 4957 4959
f 4958 4959 4960
f 4953 4961 4752
f 4752 4961 4962
f 4752 4962 4904
f 4963 4964 4895
f 4895 4964 4965
f 4895 4965 4966
f 4967 4968 4969
f 4969 4968 4970
f 4969 4970 4971
f 4972 4973 4974
f 4975 4976 4977
f 4906 4978 4752
f 4752 4978 4979
f 4752 4979 4980
f 4981 4982 4983
f 4983 4982 4752
f 4983 4752 4984
f 4984 4752 4980
f 4920 4945 4916
f 4916 4945 4947
f 4916 4947 4941
f 4941 4947 4985
f 4941 4985 4986
f 4986 4985 4987
f 4986 4987 4988
f 4988 4987 4989
f 4988 4989 4990
f 4990 4989 4991
f 4990 4991 4992
f 4992 4991 4982
f 4992 4982 4993
f 4993 4982 4981
f 4994 4995 4996
f 4996 4997 4994
f 4994 4997 4998
f 4994 4998 4999
f 4999 5000 4994
f 4994 5000 5001
f 4994 5001 5002
f 5002 5001 5003
f 5002 5003 5004
f 5004 5003 5005
f 5004 5005 4925
f 4925 5005 5006
f 4925 5006 4926
f 4977 4976 4974
f 4974 4976 5007
f 4974 5007 4972
f 4968 5008 5009
f 4966 5010 4895
f 4895 5010 5011
f 4895 5011 5012
f 5009 5013 4968
f 4968 5013 5014
f 4968 5014 4970
f 4975 4977 5015
f 5015 4977 5016
f 5015 5016 5017
f 5017 5016 5018
f 5017 5018 5019
f 5019 5018 5020
f 5019 5020 5021
f 5021 5020 5022
f 5022 5020 5023
f 5022 5023 5024
f 4952 4752 5025
f 5025 4752 4982
f 5025 4982 5023
f 5023 4982 5026
f 5023 5026 5024
f 5012 5027 4895
f 4895 5027 5028
f 4895 5028 4897
f 4897 5028 5029
f 4897 5029 5030
f 5030 5031 4897
f 4897 5031 5032
f 4897 5032 4995
f 4914 5033 4902
f 4902 5033 5034
f 4902 5034 4974
f 4900 4902 4968
f 4968 4902 5035
f 4968 5035 5008
f 4994 5036 4995
f 4995 5036 5037
f 4995 5037 4897
f 4897 5037 5038
f 4897 5038 4927
f 4973 5039 4974
f 4974 5039 5040
f 4974 5040 4902
f 4902 5040 5041
f 4902 5041 5042
f 5042 5043 4902
f 4902 5043 5044
f 4902 5044 5035
f 5045 5046 5047
f 5047 5046 5048
f 5049 5050 4751
f 4751 5050 5051
f 4751 5051 5052
f 5048 5053 5054
f 5049 4751 5055
f 5055 4751 4749
f 5055 4749 5056
f 5057 5058 5052
f 5052 5058 4906
f 5052 4906 4751
f 5059 5060 5061
f 5061 5060 5062
f 5061 5062 5063
f 5064 5065 4749
f 4749 5065 5066
f 4749 5066 5056
f 5067 5068 5069
f 5069 5068 5070
f 5069 5070 5071
f 5070 5072 5071
f 5071 5072 5073
f 5071 5073 5053
f 5053 5073 5074
f 5053 5074 5054
f 5075 5047 5076
f 5076 5047 5048
f 5076 5048 5077
f 5077 5048 5054
f 5052 5078 5057
f 5057 5078 5079
f 5057 5079 5080
f 5080 5079 5081
f 5080 5081 5067
f 5067 5081 5082
f 5067 5082 5068
f 5075 5083 5047
f 5047 5083 5084
f 5047 5084 5059
f 5059 5084 5085
f 5059 5085 5060
f 5062 5086 5063
f 5063 5086 5087
f 5063 5087 5088
f 5088 5087 5089
f 5088 5089 5064
f 5064 5089 5090
f 5064 5090 5065
f 5091 5092 5093
f 5093 5092 5094
f 5095 4659 4657
f 5095 4657 5096
f 5096 4657 4655
f 5096 4655 5097
f 5097 4655 4653
f 5097 4653 5098
f 4659 5095 4661
f 4661 5095 5099
f 4661 5099 4663
f 5094 5100 4645
f 4645 5100 5101
f 4645 5101 4647
f 4647 5101 5102
f 4647 5102 4649
f 5102 5103 4649
f 4649 5103 5104
f 4649 5104 4651
f 4651 5104 5105
f 4651 5105 4653
f 4653 5105 5106
f 4653 5106 5098
f 4645 4671 5094
f 5094 4671 4669
f 5094 4669 5093
f 5093 4669 4667
f 5093 4667 5107
f 5107 4667 4665
f 5107 4665 5108
f 5108 4665 4663
f 5108 4663 5109
f 5109 4663 5099
f 4979 4978 4642
f 4642 4978 4643
f 4917 5110 4915
f 4915 5110 5111
f 4915 5111 5112
f 5113 5112 5114
f 5114 5112 5115
f 5114 5115 5116
f 5116 5115 5117
f 5116 5117 5118
f 5117 5119 5118
f 5118 5119 5120
f 5118 5120 5121
f 5121 5120 5122
f 5121 5122 5123
f 4917 5124 5110
f 5110 5124 5125
f 5110 5125 5126
f 5113 5127 5112
f 5112 5127 5128
f 5112 5128 4915
f 4915 5128 5129
f 4915 5129 5130
f 5129 5131 5130
f 5130 5131 5132
f 5130 5132 5133
f 5133 5132 5134
f 5133 5134 5135
f 5135 5134 5123
f 5135 5123 5136
f 5136 5123 5122
f 5126 5137 5110
f 5110 5137 5138
f 5110 5138 5139
f 5140 5141 5142
f 5143 5144 5145
f 5144 5146 5145
f 5145 5146 5147
f 5145 5147 5148
f 5148 5147 5149
f 5150 5151 5140
f 5152 5153 5154
f 5154 5153 5155
f 5154 5155 5156
f 5156 5155 5157
f 5156 5157 5145
f 5145 5157 5158
f 5145 5158 5143
f 5146 5159 5147
f 5147 5159 5160
f 5147 5160 5161
f 5161 5160 5162
f 5161 5162 5163
f 5164 5165 5166
f 5166 5165 5167
f 5166 5167 5168
f 5168 5167 5169
f 5168 5169 5170
f 5162 5171 5163
f 5163 5171 5172
f 5163 5172 5173
f 5173 5172 5174
f 5173 5174 5175
f 5175 5174 5176
f 5175 5176 5177
f 5177 5176 5178
f 5177 5178 5164
f 5164 5178 5179
f 5164 5179 5165
f 5170 5150 5168
f 5168 5150 5140
f 5168 5140 5180
f 5180 5140 5142
f 5151 5181 5140
f 5140 5181 5182
f 5140 5182 5183
f 5183 5182 5184
f 5183 5184 5152
f 5152 5184 5185
f 5152 5185 5153
f 5186 5187 5188
f 5186 5188 5189
f 5189 5188 5190
f 5190 5188 5191
f 5190 5191 5192
f 5192 5191 5193
f 5192 5193 5194
f 5194 5193 5195
f 5194 5195 5196
f 5196 5195 5197
f 5196 5197 5198
f 5198 5197 5199
f 5198 5199 5200
f 4918 4938 5189
f 5189 4938 5186
f 5130 5201 4915
f 4915 5201 5202
f 4915 5202 4916
f 5203 5204 5205
f 5205 5204 5206
f 5092 5091 5207
f 5207 5091 5208
f 5207 5208 5209
f 5209 5208 5210
f 5209 5210 5211
f 5211 5210 5212
f 5211 5212 5213
f 5213 5212 5214
f 5213 5214 5215
f 5215 5214 5216
f 5215 5216 5203
f 5203 5216 5204
f 5148 5149 5217
f 5217 5149 5218
f 5217 5218 5219
f 5219 5218 5220
f 5219 5220 5221
f 5221 5220 5222
f 5221 5222 5223
f 5223 5222 5224
f 5223 5224 5225
f 5225 5224 5226
f 5225 5226 5206
f 5206 5226 5205
f 4802 4803 5227
f 4802 5227 5228
f 5228 5227 5229
f 5228 5229 5230
f 5230 5229 5231
f 5230 5231 5232
f 5232 5231 5233
f 5232 5233 5234
f 5234 5233 5235
f 5234 5235 5236
f 4878 4877 5237
f 4878 5237 5238
f 5238 5237 5239
f 5238 5239 5240
f 5240 5239 5241
f 5240 5241 5242
f 5242 5241 5243
f 5242 5243 5244
f 5244 5243 5245
f 5244 5245 5246
f 5247 5248 5249
f 5249 5248 5250
f 5248 5251 5250
f 5250 5251 5252
f 5250 5252 5253
f 5254 5255 4756
f 4756 5255 5256
f 5257 4756 5258
f 5258 4756 5256
f 5258 5256 5249
f 5249 5256 5259
f 5249 5259 5247
f 4757 4968 4756
f 4756 4968 4967
f 5260 5261 4967
f 4967 5261 5262
f 4967 5262 4756
f 4756 5262 5263
f 4756 5263 5254
f 5264 5265 5266
f 5266 5265 5261
f 5261 5265 5267
f 5261 5267 5268
f 5268 5269 5261
f 5261 5269 5270
f 5261 5270 5262
f 5271 5272 5266
f 5266 5272 5273
f 5266 5273 5264
f 4895 4774 4780
f 4895 4780 4963
f 5271 4963 5272
f 5272 4963 4780
f 5272 4780 5274
f 5274 4780 5275
f 5253 5276 5250
f 5250 5276 5277
f 5250 5277 5278
f 5278 5277 5279
f 5279 5277 4780
f 4780 5277 5280
f 4780 5280 5275
f 5279 4780 5281
f 5281 4780 4771
f 5282 5283 5284
f 5282 5284 5285
f 4755 5286 4765
f 4765 5286 5285
f 4765 5285 5287
f 5287 5285 5284
f 5288 5281 4771
f 4771 4769 5288
f 5288 4769 5289
f 5288 5289 5282
f 5282 5289 5290
f 5282 5290 5283
f 5286 4755 5257
f 5257 4755 4756
f 5282 5285 5258
f 5278 5288 5250
f 5250 5288 5282
f 5250 5282 5249
f 5249 5282 5258
f 4729 4728 4894
f 4894 4728 4871
f 4894 4871 4895
f 4895 4871 4774
f 4968 4757 4862
f 4731 4730 4862
f 4862 4730 4900
f 4862 4900 4968
f 5291 5292 4746
f 4746 5292 4747
f 4748 4750 5293
f 5293 4750 5294
f 4713 4712 5295
f 5295 4712 5296
f 5297 5298 5201
f 5201 5298 5202
f 4847 4784 5299
f 5299 5300 4847
f 4847 5300 5301
f 4847 5301 4846
f 5301 5302 4846
f 4846 5302 5303
f 4846 5303 4844
f 5303 5304 4844
f 4844 5304 5305
f 4844 5305 4842
f 5305 5306 4842
f 4842 5306 5307
f 4842 5307 4840
f 5307 5308 4840
f 4840 5308 5309
f 4840 5309 4838
f 5309 5310 4838
f 4838 5310 5311
f 4838 5311 4836
f 5311 5312 4836
f 4836 5312 5313
f 4836 5313 4797
f 5313 5314 4797
f 4797 5314 5315
f 4797 5315 4793
f 5315 5316 4793
f 4793 5316 5317
f 4793 5317 4789
f 5317 5318 4789
f 4789 5318 5319
f 4789 5319 4790
f 5319 5320 4790
f 4790 5320 5321
f 4790 5321 4784
f 4784 5321 5322
f 4784 5322 5299
f 5304 5303 4942
f 4942 5323 5304
f 5304 5323 5324
f 5304 5324 5305
f 5305 5324 4960
f 5305 4960 5306
f 5306 4960 4959
f 5306 4959 5307
f 5307 4959 4957
f 5307 4957 5308
f 5308 4957 4955
f 5308 4955 5309
f 5309 4955 4954
f 5309 4954 5310
f 5310 4954 4931
f 5310 4931 5311
f 5311 4931 4929
f 5311 4929 5312
f 5312 4929 4928
f 5312 4928 5313
f 5313 4928 4927
f 5313 4927 5314
f 5314 4927 5038
f 5314 5038 5315
f 5315 5038 5037
f 5315 5037 5316
f 5316 5037 5036
f 5316 5036 5317
f 5317 5036 4994
f 5317 4994 5318
f 5318 4994 5002
f 5318 5002 5319
f 5319 5002 5004
f 5319 5004 5320
f 5320 5004 4925
f 5320 4925 5321
f 5321 4925 4924
f 5321 4924 5322
f 5322 4924 4946
f 5322 4946 5299
f 5299 4946 4945
f 5299 4945 5300
f 5300 4945 4920
f 5300 4920 5301
f 5301 4920 4919
f 5301 4919 5302
f 5302 4919 4944
f 5302 4944 5303
f 5303 4944 4943
f 5303 4943 4942
f 4762 4827 5325
f 5325 5326 4762
f 4762 5326 5327
f 4762 5327 4763
f 5327 5328 4763
f 4763 5328 5329
f 4763 5329 4810
f 5329 5330 4810
f 4810 5330 5331
f 4810 5331 4849
f 5331 5332 4849
f 4849 5332 5333
f 4849 5333 4850
f 5333 5334 4850
f 4850 5334 5335
f 4850 5335 4851
f 5335 5336 4851
f 4851 5336 5337
f 4851 5337 4860
f 5337 5338 4860
f 4860 5338 5339
f 4860 5339 4858
f 5339 5340 4858
f 4858 5340 5341
f 4858 5341 4806
f 5341 5342 4806
f 4806 5342 5343
f 4806 5343 4824
f 5343 5344 4824
f 4824 5344 5345
f 4824 5345 4826
f 5345 5346 4826
f 4826 5346 5347
f 4826 5347 4827
f 4827 5347 5348
f 4827 5348 5325
f 5328 4951 5329
f 5329 4951 5349
f 5329 5349 5330
f 5349 5350 5330
f 5330 5350 4905
f 5330 4905 5331
f 5331 4905 4904
f 5331 4904 5332
f 5332 4904 4962
f 5332 4962 5333
f 5333 4962 4961
f 5333 4961 5334
f 5334 4961 4953
f 5334 4953 5335
f 5335 4953 4952
f 5335 4952 5336
f 5336 4952 5025
f 5336 5025 5337
f 5337 5025 5023
f 5337 5023 5338
f 5338 5023 5020
f 5338 5020 5339
f 5339 5020 5018
f 5339 5018 5340
f 5340 5018 5016
f 5340 5016 5341
f 5341 5016 4977
f 5341 4977 5342
f 5342 4977 4974
f 5342 4974 5343
f 5343 4974 5034
f 5343 5034 5344
f 5344 5034 5033
f 5344 5033 5345
f 5345 5033 4914
f 5345 4914 5346
f 5346 4914 4913
f 5346 4913 5347
f 5347 4913 4921
f 5347 4921 5348
f 5348 4921 4923
f 5348 4923 5325
f 5325 4923 4933
f 5325 4933 5326
f 5326 4933 4935
f 5326 4935 5327
f 5327 4935 4937
f 5327 4937 5328
f 5328 4937 4949
f 5328 4949 4951
f 5295 5296 5351
f 5295 5351 5352
f 5352 5351 5353
f 5352 5353 5354
f 5354 5353 5355
f 5354 5355 5356
f 5356 5355 5298
f 5356 5298 5297
f 5293 5294 5357
f 5293 5357 5358
f 5358 5357 5359
f 5358 5359 5360
f 5360 5359 5361
f 5360 5361 5362
f 5362 5361 5292
f 5362 5292 5291
f 5363 5364 5365
f 4768 5365 4769
f 4769 5365 5364
f 4769 5364 5289
f 5289 5364 5366
f 5289 5366 5290
f 5290 5366 5283
f 5283 5366 5367
f 5283 5367 5284
f 5284 5367 5368
f 5284 5368 5287
f 5369 4766 4765
f 5287 5368 4765
f 4765 5368 5370
f 4765 5370 5369
f 5369 5370 5371
f 5369 5371 5372
f 5372 5371 5373
f 5373 5371 5374
f 5373 5374 5375
f 5376 5377 5374
f 5374 5377 5378
f 5374 5378 5375
f 5379 5380 5381
f 5381 5380 5382
f 5381 5382 5376
f 5376 5382 5383
f 5376 5383 5377
f 5384 5385 5379
f 5379 5385 5386
f 5379 5386 5380
f 5365 5387 5363
f 5363 5387 5388
f 5363 5388 5384
f 5384 5388 5389
f 5384 5389 5385
f 5276 5366 5364
f 5274 5275 5363
f 5363 5275 5280
f 5363 5280 5364
f 5364 5280 5277
f 5364 5277 5276
f 5274 5363 5272
f 5272 5363 5384
f 5272 5384 5273
f 5273 5384 5379
f 5273 5379 5264
f 5264 5379 5265
f 5265 5379 5381
f 5265 5381 5267
f 5267 5381 5268
f 5268 5381 5376
f 5268 5376 5269
f 5269 5376 5270
f 5270 5376 5374
f 5270 5374 5262
f 5262 5374 5263
f 5263 5374 5371
f 5263 5371 5254
f 5368 5259 5370
f 5370 5259 5256
f 5370 5256 5371
f 5371 5256 5255
f 5371 5255 5254
f 5367 5248 5368
f 5368 5248 5247
f 5368 5247 5259
f 5276 5253 5366
f 5366 5253 5252
f 5366 5252 5367
f 5367 5252 5251
f 5367 5251 5248
f 4690 4692 5390
f 5390 4692 4694
f 5390 4694 5391
f 5391 4694 4697
f 5391 4697 5392
f 5392 4697 4699
f 5392 4699 5393
f 5393 4699 4702
f 5393 4702 5394
f 5394 4702 4706
f 5394 4706 5395
f 5395 4706 4709
f 5395 4709 5396
f 5396 4709 4677
f 5396 4677 5397
f 5397 4677 4675
f 5397 4675 5398
f 5398 4675 4673
f 5398 4673 5399
f 5399 4673 4681
f 5399 4681 5400
f 5400 4681 4684
f 5400 4684 5401
f 5401 4684 4687
f 5401 4687 5390
f 5390 4687 4690
f 5402 5403 5404
f 5404 5403 5405
f 5404 5405 5406
f 5406 5405 5407
f 5406 5407 5408
f 5408 5407 5409
f 5408 5409 5410
f 5410 5409 5411
f 5410 5411 5412
f 5412 5411 5413
f 5412 5413 5414
f 5414 5413 5415
f 5414 5415 5416
f 5416 5415 5417
f 5416 5417 5418
f 5418 5417 5419
f 5418 5419 5420
f 5420 5419 5421
f 5420 5421 5422
f 5422 5421 5423
f 5422 5423 5424
f 5424 5423 5425
f 5424 5425 5402
f 5402 5425 5403
f 5405 5397 5407
f 5407 5397 5398
f 5407 5398 5409
f 5409 5398 5399
f 5409 5399 5411
f 5411 5399 5400
f 5411 5400 5413
f 5413 5400 5401
f 5413 5401 5415
f 5415 5401 5390
f 5415 5390 5417
f 5417 5390 5391
f 5417 5391 5419
f 5419 5391 5392
f 5419 5392 5421
f 5421 5392 5393
f 5421 5393 5423
f 5423 5393 5394
f 5423 5394 5425
f 5425 5394 5395
f 5425 5395 5403
f 5403 5395 5396
f 5403 5396 5405
f 5405 5396 5397
f 5426 5427 5428
f 5426 5428 5429
f 5428 5430 5429
f 5429 5430 5431
f 5429 5431 5432
f 5431 5433 5432
f 5432 5433 5434
f 5432 5434 5435
f 5434 5436 5435
f 5435 5436 5437
f 5435 5437 5438
f 5437 5439 5438
f 5438 5439 5440
f 5438 5440 5441
f 5440 5442 5441
f 5441 5442 5443
f 5441 5443 5444
f 5444 5443 5445
f 5444 5445 5446
f 5445 5447 5446
f 5446 5447 5448
f 5446 5448 5449
f 5448 5450 5449
f 5449 5450 5451
f 5449 5451 5452
f 5451 5453 5452
f 5452 5453 5454
f 5452 5454 5455
f 5454 5456 5455
f 5455 5456 5457
f 5455 5457 5458
f 5457 5459 5458
f 5458 5459 5460
f 5458 5460 5461
f 5460 5462 5461
f 5461 5462 5463
f 5461 5463 5464
f 5464 5463 5465
f 5465 5466 5464
f 5464 5466 5467
f 5464 5467 5468
f 5468 5467 5469
f 5468 5469 5426
f 5426 5469 5470
f 5426 5470 5427
f 5441 5444 4644
f 4644 5444 5446
f 4644 5446 4670
f 4670 5446 5449
f 4670 5449 4668
f 4668 5449 5452
f 4668 5452 4666
f 4666 5452 5455
f 4666 5455 4664
f 4664 5455 5458
f 4664 5458 4662
f 4662 5458 5461
f 4662 5461 4660
f 4660 5461 5464
f 4660 5464 4658
f 4658 5464 5468
f 4658 5468 4656
f 4656 5468 5426
f 4656 5426 4654
f 4654 5426 5429
f 4654 5429 4652
f 4652 5429 5432
f 4652 5432 4650
f 4650 5432 5435
f 4650 5435 4648
f 4648 5435 5438
f 4648 5438 4646
f 4646 5438 5441
f 4646 5441 4644
f 5365 5471 5387
f 5387 5471 5472
f 5387 5472 5388
f 5473 5474 5475
f 5475 5474 5389
f 5475 5389 5476
f 5369 5372 5477
f 5477 5372 5373
f 5375 5378 5478
f 5478 5378 5377
f 5478 5377 5479
f 5479 5377 5383
f 5479 5383 5474
f 5474 5383 5382
f 5474 5382 5380
f 5380 5386 5474
f 5474 5386 5385
f 5474 5385 5389
f 5478 5480 5481
f 5482 5483 5481
f 5481 5483 5477
f 5481 5477 5478
f 5478 5477 5373
f 5478 5373 5375
f 5389 5388 5476
f 5476 5388 5472
f 5476 5472 5484
f 5484 5472 5485
f 5484 5485 5486
f 5486 5485 5487
f 5486 5487 5488
f 5488 5487 5489
f 5488 5489 5490
f 5490 5489 5491
f 5490 5491 5492
f 5492 5491 5493
f 5492 5493 5494
f 5494 5493 5495
f 5494 5495 5496
f 5496 5495 5497
f 5496 5497 5498
f 5498 5497 5499
f 5498 5499 5500
f 5500 5499 5501
f 5500 5501 5502
f 5502 5501 5503
f 5502 5503 5504
f 5504 5503 5505
f 5504 5505 5506
f 5506 5505 5507
f 5506 5507 5508
f 5508 5507 5509
f 5508 5509 5510
f 5510 5509 5511
f 5510 5511 5512
f 5512 5511 5513
f 5512 5513 5514
f 5514 5513 5515
f 5514 5515 5516
f 5516 5515 5517
f 5516 5517 5518
f 5518 5517 5519
f 5518 5519 5520
f 5520 5519 5521
f 5520 5521 5522
f 5522 5521 5523
f 5522 5523 5524
f 5524 5523 5525
f 5524 5525 5526
f 5526 5525 5527
f 5526 5527 5528
f 5528 5527 5529
f 5528 5529 5530
f 5530 5529 5531
f 5530 5531 5532
f 5532 5531 5533
f 5532 5533 5534
f 5534 5533 5535
f 5534 5535 5536
f 5536 5535 5537
f 5536 5537 5538
f 5538 5537 5539
f 5538 5539 5540
f 5540 5539 5541
f 5540 5541 5542
f 5542 5541 5543
f 5542 5543 5544
f 5544 5543 5545
f 5544 5545 5546
f 5546 5545 5547
f 5546 5547 5548
f 5548 5547 5549
f 5548 5549 5550
f 5550 5549 5551
f 5550 5551 5552
f 5552 5551 5553
f 5552 5553 5554
f 5554 5553 5555
f 5554 5555 5556
f 5556 5555 5557
f 5556 5557 5558
f 5558 5557 5559
f 5558 5559 5560
f 5560 5559 5561
f 5560 5561 5562
f 5562 5561 5563
f 5562 5563 5564
f 5564 5563 5565
f 5564 5565 5566
f 5566 5565 5567
f 5566 5567 5568
f 5568 5567 5569
f 5568 5569 5570
f 5570 5569 5571
f 5570 5571 5572
f 5572 5571 5573
f 5572 5573 5574
f 5574 5573 5575
f 5574 5575 5576
f 5576 5575 5577
f 5576 5577 5578
f 5578 5577 5579
f 5578 5579 5580
f 5580 5579 5581
f 5580 5581 5582
f 5582 5581 5583
f 5582 5583 5584
f 5584 5583 5585
f 5584 5585 5482
f 5482 5585 5586
f 5482 5586 5483
f 4727 4729 4894
f 4894 4896 4727
f 4727 4896 4898
f 4727 4898 4725
f 4725 4898 4899
f 4725 4899 4723
f 4723 4899 4903
f 4723 4903 4721
f 4721 4903 4893
f 4721 4893 4719
f 4719 4893 4892
f 4719 4892 4717
f 4717 4892 4891
f 4717 4891 4715
f 4715 4891 4897
f 4715 4897 4712
f 4930 5296 4897
f 4897 5296 4712
f 4960 5324 5298
f 4960 5298 4958
f 5298 5355 4958
f 4958 5355 5353
f 4958 5353 4956
f 4956 5353 5351
f 4956 5351 4932
f 4932 5351 5296
f 4932 5296 4930
f 4916 5202 4942
f 4942 5202 5298
f 4942 5298 5323
f 5323 5298 5324
f 4901 4900 4730
f 4730 4733 4901
f 4901 4733 4735
f 4901 4735 4907
f 4907 4735 4737
f 4907 4737 4908
f 4908 4737 4739
f 4908 4739 4909
f 4909 4739 4741
f 4909 4741 4910
f 4910 4741 4743
f 4910 4743 4911
f 4911 4743 4745
f 4911 4745 4912
f 4912 4745 4747
f 4912 4747 4902
f 5292 4922 4747
f 4747 4922 4902
f 5294 5349 4951
f 5294 4951 5357
f 4951 4950 5357
f 5357 4950 4936
f 5357 4936 5359
f 5359 4936 4934
f 5359 4934 5361
f 5361 4934 4922
f 5361 4922 5292
f 5350 5349 5294
f 4750 4752 5294
f 5294 4752 4905
f 5294 4905 5350
f 5412 5128 5410
f 5410 5128 5127
f 5410 5127 5408
f 5408 5127 5113
f 5408 5113 5406
f 5406 5113 5114
f 5406 5114 5404
f 5404 5114 5116
f 5404 5116 5402
f 5402 5116 5118
f 5402 5118 5424
f 5424 5118 5121
f 5424 5121 5422
f 5422 5121 5123
f 5422 5123 5420
f 5420 5123 5134
f 5420 5134 5418
f 5418 5134 5132
f 5418 5132 5416
f 5416 5132 5131
f 5416 5131 5414
f 5414 5131 5129
f 5414 5129 5412
f 5412 5129 5128
f 4676 5181 4674
f 4674 5181 5151
f 4674 5151 4672
f 4672 5151 5150
f 4672 5150 4679
f 4679 5150 5170
f 4679 5170 4680
f 4680 5170 5169
f 4680 5169 4682
f 4682 5169 5167
f 4682 5167 4683
f 4683 5167 5165
f 4683 5165 4685
f 4685 5165 5179
f 4685 5179 4686
f 4686 5179 5178
f 4686 5178 4688
f 4688 5178 5176
f 4688 5176 4689
f 4689 5176 5174
f 4689 5174 4691
f 4691 5174 5172
f 4691 5172 4693
f 4693 5172 5171
f 4693 5171 4695
f 4695 5171 5162
f 4695 5162 4696
f 4696 5162 5160
f 4696 5160 4698
f 4698 5160 5159
f 4698 5159 4700
f 4700 5159 5146
f 4700 5146 4701
f 4701 5146 5144
f 4701 5144 4703
f 4703 5144 5143
f 4703 5143 4704
f 4704 5143 5158
f 4704 5158 4705
f 4705 5158 5157
f 4705 5157 4707
f 4707 5157 5155
f 4707 5155 4708
f 4708 5155 5153
f 4708 5153 4710
f 4710 5153 5185
f 4710 5185 4711
f 4711 5185 5184
f 4711 5184 4678
f 4678 5184 5182
f 4678 5182 4676
f 4676 5182 5181
f 5470 5083 5427
f 5427 5083 5075
f 5427 5075 5428
f 5428 5075 5076
f 5428 5076 5430
f 5430 5076 5077
f 5430 5077 5431
f 5431 5077 5054
f 5431 5054 5433
f 5433 5054 5074
f 5433 5074 5434
f 5434 5074 5073
f 5434 5073 5436
f 5436 5073 5072
f 5436 5072 5437
f 5437 5072 5070
f 5437 5070 5439
f 5439 5070 5068
f 5439 5068 5440
f 5440 5068 5082
f 5440 5082 5442
f 5442 5082 5081
f 5442 5081 5443
f 5443 5081 5079
f 5443 5079 5445
f 5445 5079 5078
f 5445 5078 5447
f 5447 5078 5052
f 5447 5052 5448
f 5448 5052 5051
f 5448 5051 5450
f 5450 5051 5050
f 5450 5050 5451
f 5451 5050 5049
f 5451 5049 5453
f 5453 5049 5055
f 5453 5055 5454
f 5454 5055 5056
f 5454 5056 5456
f 5456 5056 5066
f 5456 5066 5457
f 5457 5066 5065
f 5457 5065 5459
f 5459 5065 5090
f 5459 5090 5460
f 5460 5090 5089
f 5460 5089 5462
f 5462 5089 5087
f 5462 5087 5463
f 5463 5087 5086
f 5463 5086 5465
f 5465 5086 5062
f 5465 5062 5466
f 5466 5062 5060
f 5466 5060 5467
f 5467 5060 5085
f 5467 5085 5469
f 5469 5085 5084
f 5469 5084 5470
f 5470 5084 5083
f 5145 4878 5238
f 5145 5238 5156
f 5156 5238 5240
f 5156 5240 5154
f 5154 5240 5242
f 5154 5242 5152
f 5152 5242 5244
f 5152 5244 5183
f 5183 5244 5246
f 5183 5246 5140
f 5148 4880 5145
f 5145 4880 4878
f 4881 4880 5148
f 5148 5217 4881
f 4881 5217 5219
f 4881 5219 4854
f 4854 5219 5221
f 4854 5221 4855
f 5206 4857 5225
f 5225 4857 4855
f 5225 4855 5223
f 5223 4855 5221
f 5204 4853 5206
f 5206 4853 4857
f 5091 4801 5208
f 5208 4801 4799
f 5208 4799 5210
f 5210 4799 4798
f 5210 4798 5212
f 5212 4798 4761
f 5212 4761 5214
f 5214 4761 4760
f 5214 4760 5216
f 5216 4760 4852
f 5216 4852 5204
f 5204 4852 4853
f 5093 4803 5091
f 5091 4803 4801
f 5095 5235 5233
f 5095 5233 5099
f 5099 5233 5231
f 5099 5231 5109
f 5109 5231 5229
f 5109 5229 5108
f 5108 5229 5227
f 5108 5227 5107
f 5107 5227 4803
f 5107 4803 5093
f 5119 5245 5243
f 5119 5243 5120
f 5120 5243 5241
f 5120 5241 5122
f 5122 5241 5239
f 5122 5239 5136
f 5136 5239 5237
f 5136 5237 5135
f 5135 5237 4877
f 5135 4877 5133
f 4879 5130 4877
f 4877 5130 5133
f 5130 4879 5201
f 5201 4879 4821
f 5064 4802 5228
f 5064 5228 5088
f 5088 5228 5230
f 5088 5230 5063
f 5063 5230 5232
f 5063 5232 5061
f 5061 5232 5234
f 5061 5234 5059
f 5059 5234 5236
f 5059 5236 5047
f 4749 4800 5064
f 5064 4800 4802
f 4800 4749 4759
f 4759 4749 4748
f 5094 5092 4979
f 4979 5092 4980
f 5203 4990 5215
f 5215 4990 4992
f 5215 4992 5213
f 5213 4992 4993
f 5213 4993 5211
f 5211 4993 4981
f 5211 4981 5209
f 5209 4981 4983
f 5209 4983 5207
f 5207 4983 4984
f 5207 4984 5092
f 5092 4984 4980
f 5205 4988 5203
f 5203 4988 4990
f 4986 4988 5205
f 5205 5226 4986
f 4986 5226 5224
f 4986 5224 4941
f 4941 5224 5222
f 4941 5222 4940
f 5149 4939 5218
f 5218 4939 4940
f 5218 4940 5220
f 5220 4940 5222
f 5187 5186 4938
f 4939 5149 4938
f 4938 5149 5147
f 4938 5147 5187
f 4872 4871 4728
f 4728 4726 4872
f 4872 4726 4724
f 4872 4724 4873
f 4873 4724 4722
f 4873 4722 4876
f 4876 4722 4720
f 4876 4720 4786
f 4786 4720 4718
f 4786 4718 4792
f 4792 4718 4716
f 4792 4716 4794
f 4794 4716 4714
f 4794 4714 4795
f 4795 4714 4713
f 4795 4713 4796
f 5295 4837 4713
f 4713 4837 4796
f 4837 5295 5352
f 4837 5352 4839
f 4839 5352 5354
f 4839 5354 4841
f 4841 5354 5356
f 4841 5356 4843
f 4843 5356 5297
f 4843 5297 4845
f 5201 4821 5297
f 5297 4821 4845
f 4732 4731 4862
f 4862 4863 4732
f 4732 4863 4864
f 4732 4864 4734
f 4734 4864 4866
f 4734 4866 4736
f 4736 4866 4808
f 4736 4808 4738
f 4738 4808 4807
f 4738 4807 4740
f 4740 4807 4805
f 4740 4805 4742
f 4742 4805 4804
f 4742 4804 4744
f 4744 4804 4823
f 4744 4823 4746
f 4825 5291 4823
f 4823 5291 4746
f 4809 5293 5358
f 4809 5358 4764
f 4764 5358 5360
f 4764 5360 4829
f 4829 5360 5362
f 4829 5362 4828
f 4828 5362 5291
f 4828 5291 4825
f 4759 4748 4809
f 4809 4748 5293
f 5365 4768 5471
f 5471 4768 4770
f 5471 4770 5472
f 5472 4770 4772
f 5472 4772 5485
f 5485 4772 4773
f 5485 4773 5487
f 5487 4773 4781
f 5487 4781 5489
f 5489 4781 4779
f 5489 4779 5491
f 5491 4779 4778
f 5491 4778 5493
f 5493 4778 4777
f 5493 4777 5495
f 5495 4777 4776
f 5495 4776 5497
f 5497 4776 4775
f 5497 4775 5499
f 5499 4775 4875
f 5499 4875 5501
f 5501 4875 4788
f 5501 4788 5503
f 5503 4788 4787
f 5503 4787 5505
f 5505 4787 4835
f 5505 4835 5507
f 5507 4835 4834
f 5507 4834 5509
f 5509 4834 4833
f 5509 4833 5511
f 5511 4833 4832
f 5511 4832 5513
f 5513 4832 4831
f 5513 4831 5515
f 5515 4831 4830
f 5515 4830 5517
f 5517 4830 4815
f 5517 4815 5519
f 5519 4815 4814
f 5519 4814 5521
f 5521 4814 4813
f 5521 4813 5523
f 5523 4813 4791
f 5523 4791 5525
f 5525 4791 4818
f 5525 4818 5527
f 5527 4818 4817
f 5527 4817 5529
f 5529 4817 4816
f 5529 4816 5531
f 5531 4816 4785
f 5531 4785 5533
f 5533 4785 4783
f 5533 4783 5535
f 5535 4783 4782
f 5535 4782 5537
f 5537 4782 4848
f 5537 4848 5539
f 5539 4848 4822
f 5539 4822 5541
f 5541 4822 4820
f 5541 4820 5543
f 5543 4820 4819
f 5543 4819 5545
f 5545 4819 4856
f 5545 4856 5547
f 5547 4856 4874
f 5547 4874 5549
f 5549 4874 4861
f 5549 4861 5551
f 5551 4861 4859
f 5551 4859 5553
f 5553 4859 4870
f 5553 4870 5555
f 5555 4870 4869
f 5555 4869 5557
f 5557 4869 4868
f 5557 4868 5559
f 5559 4868 4812
f 5559 4812 5561
f 5561 4812 4811
f 5561 4811 5563
f 5563 4811 4890
f 5563 4890 5565
f 5565 4890 4889
f 5565 4889 5567
f 5567 4889 4888
f 5567 4888 5569
f 5569 4888 4887
f 5569 4887 5571
f 5571 4887 4886
f 5571 4886 5573
f 5573 4886 4885
f 5573 4885 5575
f 5575 4885 4884
f 5575 4884 5577
f 5577 4884 4883
f 5577 4883 5579
f 5579 4883 4882
f 5579 4882 5581
f 5581 4882 4867
f 5581 4867 5583
f 5583 4867 4865
f 5583 4865 5585
f 5585 4865 4758
f 5585 4758 5586
f 5586 4758 4754
f 5586 4754 5483
f 5483 4754 4753
f 5483 4753 5477
f 5477 4753 4767
f 5477 4767 5369
f 5369 4767 4766
f 5587 4971 4970
f 4966 4965 5588
f 5481 5587 5482
f 5482 5587 4970
f 5482 4970 5584
f 5584 4970 5014
f 5584 5014 5582
f 5582 5014 5013
f 5582 5013 5580
f 5580 5013 5009
f 5580 5009 5578
f 5578 5009 5008
f 5578 5008 5576
f 5576 5008 5035
f 5576 5035 5574
f 5574 5035 5044
f 5574 5044 5572
f 5572 5044 5043
f 5572 5043 5570
f 5570 5043 5042
f 5570 5042 5568
f 5568 5042 5041
f 5568 5041 5566
f 5566 5041 5040
f 5566 5040 5564
f 5564 5040 5039
f 5564 5039 5562
f 5562 5039 4973
f 5562 4973 5560
f 5560 4973 4972
f 5560 4972 5558
f 5558 4972 5007
f 5558 5007 5556
f 5556 5007 4976
f 5556 4976 5554
f 5554 4976 4975
f 5554 4975 5552
f 5552 4975 5015
f 5552 5015 5550
f 5550 5015 5017
f 5550 5017 5548
f 5548 5017 5019
f 5548 5019 5546
f 5546 5019 5021
f 5546 5021 5544
f 5544 5021 5022
f 5544 5022 5542
f 5542 5022 5024
f 5542 5024 5540
f 5540 5024 5026
f 5540 5026 5538
f 5538 5026 4982
f 5538 4982 5536
f 5536 4982 4991
f 5536 4991 5534
f 5534 4991 4989
f 5534 4989 5532
f 5532 4989 4987
f 5532 4987 5530
f 5530 4987 4985
f 5530 4985 5528
f 5528 4985 4947
f 5528 4947 5526
f 5526 4947 4948
f 5526 4948 5524
f 5524 4948 4926
f 5524 4926 5522
f 5522 4926 5006
f 5522 5006 5520
f 5520 5006 5005
f 5520 5005 5518
f 5518 5005 5003
f 5518 5003 5516
f 5516 5003 5001
f 5516 5001 5514
f 5514 5001 5000
f 5514 5000 5512
f 5512 5000 4999
f 5512 4999 5510
f 5510 4999 4998
f 5510 4998 5508
f 5508 4998 4997
f 5508 4997 5506
f 5506 4997 4996
f 5506 4996 5504
f 5504 4996 4995
f 5504 4995 5502
f 5502 4995 5032
f 5502 5032 5500
f 5500 5032 5031
f 5500 5031 5498
f 5498 5031 5030
f 5498 5030 5496
f 5496 5030 5029
f 5496 5029 5494
f 5494 5029 5028
f 5494 5028 5492
f 5492 5028 5027
f 5492 5027 5490
f 5490 5027 5012
f 5490 5012 5488
f 5488 5012 5011
f 5488 5011 5486
f 5486 5011 5010
f 5486 5010 5484
f 5484 5010 4966
f 5484 4966 5476
f 5476 4966 5588
f 5476 5588 5475
f 5257 5258 5286
f 5286 5258 5285
f 5281 5288 5279
f 5279 5288 5278
f 4964 5589 4965
f 4965 5589 5590
f 4965 5590 5588
f 5591 4969 5592
f 5592 4969 4971
f 5592 4971 5587
f 5593 5594 5595
f 5595 5594 5596
f 5595 5596 5597
f 5597 5596 5598
f 5597 5598 5599
f 5599 5598 5600
f 5475 5588 5473
f 5473 5588 5590
f 5473 5590 5593
f 5271 5589 4963
f 4963 5589 4964
f 5589 5594 5590
f 5590 5594 5593
f 5473 5593 5474
f 5474 5593 5595
f 5474 5595 5479
f 5479 5595 5597
f 5479 5597 5478
f 5478 5597 5599
f 5478 5599 5480
f 5480 5592 5481
f 5481 5592 5587
f 5589 5271 5594
f 5480 5599 5592
f 5261 5260 5600
f 5596 5594 5271
f 5600 5598 5261
f 5261 5598 5596
f 5261 5596 5266
f 5266 5596 5271
f 5600 5591 5599
f 5599 5591 5592
f 5600 5260 5591
f 5591 5260 4969
f 4969 5260 4967
f 5601 5602 5603
f 5603 5602 5604
f 5605 5606 5245
f 5245 5606 5246
f 5607 5608 5609
f 5609 5608 5610
f 5611 5612 5235
f 5235 5612 5236
f 5613 5614 5615
f 5615 5614 5616
f 5615 5616 5617
f 5617 5616 5618
f 5617 5618 4632
f 4632 5618 4633
f 5200 5199 5619
f 5619 5199 5620
f 5619 5620 5621
f 5621 5620 5622
f 5621 5622 5623
f 5623 5622 5624
f 5625 5097 5614
f 5614 5097 5098
f 5105 4633 5106
f 5106 4633 5618
f 5106 5618 5098
f 5098 5618 5616
f 5098 5616 5614
f 5100 4642 4640
f 5100 4640 5101
f 5101 4640 4638
f 5101 4638 5102
f 5102 4638 4636
f 5102 4636 5103
f 5103 4636 4634
f 5103 4634 5104
f 5104 4634 4633
f 5104 4633 5105
f 5094 4979 5100
f 5100 4979 4642
f 5626 5115 5623
f 5623 5115 5112
f 5110 5200 5111
f 5111 5200 5619
f 5111 5619 5112
f 5112 5619 5621
f 5112 5621 5623
f 5124 5189 5190
f 5124 5190 5125
f 5125 5190 5192
f 5125 5192 5126
f 5126 5192 5194
f 5126 5194 5137
f 5137 5194 5196
f 5137 5196 5138
f 5138 5196 5198
f 5138 5198 5139
f 5139 5198 5200
f 5139 5200 5110
f 5189 5124 4918
f 4918 5124 4917
f 5147 5161 5187
f 5187 5161 5163
f 5187 5163 5188
f 5188 5163 5173
f 5188 5173 5191
f 5191 5173 5175
f 5191 5175 5193
f 5193 5175 5177
f 5193 5177 5195
f 5195 5177 5164
f 5195 5164 5197
f 5197 5164 5166
f 5197 5166 5199
f 5199 5166 5620
f 5620 5166 5168
f 5620 5168 5622
f 5622 5168 5180
f 5622 5180 5624
f 5624 5180 5142
f 5624 5142 5627
f 4632 5071 5617
f 5617 5071 5053
f 5617 5053 5615
f 5615 5053 5048
f 5615 5048 5613
f 5613 5048 5046
f 5613 5046 5628
f 5071 4632 4635
f 5071 4635 5069
f 5069 4635 4637
f 5069 4637 5067
f 5067 4637 4639
f 5067 4639 5080
f 5080 4639 4641
f 5080 4641 5057
f 5057 4641 4643
f 5057 4643 5058
f 4978 4906 4643
f 4643 4906 5058
f 5628 5610 5613
f 5613 5610 5608
f 5613 5608 5614
f 5614 5608 5625
f 5612 5045 5236
f 5236 5045 5047
f 5628 5046 5610
f 5610 5046 5045
f 5610 5045 5609
f 5607 5096 5608
f 5608 5096 5097
f 5608 5097 5625
f 5096 5611 5095
f 5095 5611 5235
f 5045 5612 5609
f 5096 5607 5611
f 5611 5607 5612
f 5612 5607 5609
f 5627 5604 5624
f 5624 5604 5602
f 5624 5602 5623
f 5623 5602 5626
f 5606 5141 5246
f 5246 5141 5140
f 5627 5142 5604
f 5604 5142 5141
f 5604 5141 5603
f 5601 5117 5602
f 5602 5117 5115
f 5602 5115 5626
f 5117 5605 5119
f 5119 5605 5245
f 5141 5606 5603
f 5117 5601 5605
f 5605 5601 5606
f 5606 5601 5603

